ISO-10303-21;
HEADER;
/* Generated by software containing ST-Developer
 * from STEP Tools, Inc. (www.steptools.com) 
 */

FILE_DESCRIPTION(
/* description */ (''),
/* implementation_level */ '2;1');

FILE_NAME(
/* name */ 'A1 Left.step',
/* time_stamp */ '2026-07-02T23:19:24-07:00',
/* author */ (''),
/* organization */ (''),
/* preprocessor_version */ 'ST-DEVELOPER v20.1',
/* originating_system */ 'Autodesk Translation Framework v15.8.0.0',
/* authorisation */ '');

FILE_SCHEMA (('AUTOMOTIVE_DESIGN { 1 0 10303 214 3 1 1 }'));
ENDSEC;

DATA;
#10=MECHANICAL_DESIGN_GEOMETRIC_PRESENTATION_REPRESENTATION('',(#13),#1794);
#11=SHAPE_REPRESENTATION_RELATIONSHIP('SRR','None',#1801,#12);
#12=ADVANCED_BREP_SHAPE_REPRESENTATION('',(#14),#1793);
#13=STYLED_ITEM('',(#1811),#14);
#14=MANIFOLD_SOLID_BREP('Aileron1',#243);
#15=FACE_BOUND('',#57,.T.);
#16=FACE_BOUND('',#59,.T.);
#17=FACE_BOUND('',#60,.T.);
#18=FACE_BOUND('',#64,.T.);
#19=(
BOUNDED_CURVE()
B_SPLINE_CURVE(2,(#359,#360,#361),.UNSPECIFIED.,.F.,.F.)
B_SPLINE_CURVE_WITH_KNOTS((3,3),(0.,0.980982935056433),.UNSPECIFIED.)
CURVE()
GEOMETRIC_REPRESENTATION_ITEM()
RATIONAL_B_SPLINE_CURVE((1.,3.,1.))
REPRESENTATION_ITEM('')
);
#20=(
BOUNDED_CURVE()
B_SPLINE_CURVE(2,(#364,#365,#366),.UNSPECIFIED.,.F.,.F.)
B_SPLINE_CURVE_WITH_KNOTS((3,3),(0.,0.980982935056433),.UNSPECIFIED.)
CURVE()
GEOMETRIC_REPRESENTATION_ITEM()
RATIONAL_B_SPLINE_CURVE((1.,3.,1.))
REPRESENTATION_ITEM('')
);
#21=(
BOUNDED_SURFACE()
B_SPLINE_SURFACE(2,1,((#352,#353),(#354,#355),(#356,#357)),
 .UNSPECIFIED.,.F.,.F.,.F.)
B_SPLINE_SURFACE_WITH_KNOTS((3,3),(2,2),(0.,0.980982935056433),(0.,0.0500000000000007),
 .UNSPECIFIED.)
GEOMETRIC_REPRESENTATION_ITEM()
RATIONAL_B_SPLINE_SURFACE(((1.,1.),(3.,3.),(1.,1.)))
REPRESENTATION_ITEM('')
SURFACE()
);
#22=(
BOUNDED_SURFACE()
B_SPLINE_SURFACE(5,1,((#1131,#1132),(#1133,#1134),(#1135,#1136),(#1137,
#1138),(#1139,#1140),(#1141,#1142),(#1143,#1144),(#1145,#1146),(#1147,#1148),
(#1149,#1150),(#1151,#1152),(#1153,#1154),(#1155,#1156),(#1157,#1158),(#1159,
#1160),(#1161,#1162),(#1163,#1164),(#1165,#1166),(#1167,#1168),(#1169,#1170),
(#1171,#1172),(#1173,#1174),(#1175,#1176),(#1177,#1178),(#1179,#1180),(#1181,
#1182),(#1183,#1184),(#1185,#1186),(#1187,#1188),(#1189,#1190),(#1191,#1192),
(#1193,#1194),(#1195,#1196),(#1197,#1198),(#1199,#1200),(#1201,#1202),(#1203,
#1204),(#1205,#1206),(#1207,#1208),(#1209,#1210),(#1211,#1212),(#1213,#1214),
(#1215,#1216),(#1217,#1218),(#1219,#1220),(#1221,#1222),(#1223,#1224),(#1225,
#1226),(#1227,#1228),(#1229,#1230),(#1231,#1232),(#1233,#1234),(#1235,#1236),
(#1237,#1238),(#1239,#1240),(#1241,#1242),(#1243,#1244),(#1245,#1246),(#1247,
#1248),(#1249,#1250),(#1251,#1252),(#1253,#1254),(#1255,#1256),(#1257,#1258),
(#1259,#1260),(#1261,#1262),(#1263,#1264),(#1265,#1266),(#1267,#1268),(#1269,
#1270),(#1271,#1272),(#1273,#1274),(#1275,#1276),(#1277,#1278),(#1279,#1280),
(#1281,#1282),(#1283,#1284),(#1285,#1286),(#1287,#1288),(#1289,#1290),(#1291,
#1292),(#1293,#1294),(#1295,#1296),(#1297,#1298),(#1299,#1300),(#1301,#1302),
(#1303,#1304),(#1305,#1306),(#1307,#1308),(#1309,#1310),(#1311,#1312),(#1313,
#1314),(#1315,#1316),(#1317,#1318),(#1319,#1320),(#1321,#1322),(#1323,#1324),
(#1325,#1326),(#1327,#1328),(#1329,#1330),(#1331,#1332),(#1333,#1334),(#1335,
#1336),(#1337,#1338),(#1339,#1340),(#1341,#1342),(#1343,#1344),(#1345,#1346),
(#1347,#1348),(#1349,#1350),(#1351,#1352),(#1353,#1354),(#1355,#1356),(#1357,
#1358),(#1359,#1360),(#1361,#1362),(#1363,#1364),(#1365,#1366),(#1367,#1368),
(#1369,#1370),(#1371,#1372),(#1373,#1374),(#1375,#1376),(#1377,#1378),(#1379,
#1380),(#1381,#1382),(#1383,#1384),(#1385,#1386),(#1387,#1388),(#1389,#1390),
(#1391,#1392),(#1393,#1394),(#1395,#1396),(#1397,#1398),(#1399,#1400),(#1401,
#1402),(#1403,#1404),(#1405,#1406),(#1407,#1408),(#1409,#1410),(#1411,#1412),
(#1413,#1414),(#1415,#1416),(#1417,#1418),(#1419,#1420),(#1421,#1422),(#1423,
#1424),(#1425,#1426),(#1427,#1428),(#1429,#1430),(#1431,#1432),(#1433,#1434),
(#1435,#1436),(#1437,#1438),(#1439,#1440),(#1441,#1442),(#1443,#1444),(#1445,
#1446),(#1447,#1448),(#1449,#1450),(#1451,#1452),(#1453,#1454),(#1455,#1456),
(#1457,#1458),(#1459,#1460)),.UNSPECIFIED.,.F.,.F.,.F.)
B_SPLINE_SURFACE_WITH_KNOTS((6,1,1,1,1,1,1,1,1,1,1,1,1,1,1,1,1,1,1,1,1,
1,1,1,1,1,1,1,1,1,1,1,1,1,1,1,1,1,1,1,1,1,1,1,1,1,1,1,1,1,1,1,1,1,1,1,1,
1,1,1,1,1,1,1,1,1,1,1,1,1,1,1,1,1,1,1,1,1,1,1,1,1,1,1,1,1,1,1,1,1,1,1,1,
1,1,1,1,1,1,1,1,1,1,1,1,1,1,1,1,1,1,1,1,1,1,1,1,1,1,1,1,1,1,1,1,1,1,1,1,
1,1,1,1,1,1,1,1,1,1,1,1,1,1,1,1,1,1,1,1,1,1,1,1,1,1,1,1,1,1,1,6),(2,2),
(-1.,-0.993749999999997,-0.987499999999997,-0.981249999999998,-0.974999999999998,
-0.968749999999998,-0.962499999999998,-0.956249999999998,-0.949999999999998,
-0.943749999999998,-0.937499999999998,-0.931249999999998,-0.924999999999998,
-0.918749999999998,-0.912499999999998,-0.906249999999998,-0.899999999999998,
-0.893749999999998,-0.887499999999998,-0.881249999999998,-0.874999999999998,
-0.868749999999998,-0.862499999999998,-0.856249999999998,-0.849999999999998,
-0.843749999999998,-0.837499999999998,-0.831249999999998,-0.824999999999998,
-0.818749999999998,-0.812499999999998,-0.806249999999998,-0.799999999999998,
-0.793749999999998,-0.787499999999998,-0.781249999999998,-0.774999999999998,
-0.768749999999998,-0.762499999999998,-0.756249999999998,-0.749999999999998,
-0.743749999999998,-0.737499999999998,-0.731249999999998,-0.724999999999998,
-0.718749999999998,-0.712499999999998,-0.706249999999998,-0.699999999999999,
-0.693749999999999,-0.687499999999999,-0.681249999999999,-0.674999999999999,
-0.668749999999999,-0.662499999999999,-0.656249999999999,-0.649999999999999,
-0.643749999999999,-0.637499999999999,-0.631249999999999,-0.624999999999999,
-0.618749999999999,-0.612499999999999,-0.606249999999999,-0.599999999999999,
-0.593749999999999,-0.587499999999999,-0.581249999999999,-0.574999999999999,
-0.568749999999999,-0.562499999999999,-0.556249999999999,-0.549999999999999,
-0.543749999999999,-0.537499999999999,-0.531249999999999,-0.524999999999999,
-0.518749999999999,-0.512499999999999,-0.506249999999999,-0.499999999999999,
-0.493749999999999,-0.487499999999999,-0.481249999999999,-0.474999999999999,
-0.468749999999999,-0.462499999999999,-0.456249999999999,-0.449999999999999,
-0.443749999999999,-0.437499999999999,-0.431249999999999,-0.424999999999999,
-0.41875,-0.4125,-0.40625,-0.4,-0.39375,-0.3875,-0.38125,-0.375,-0.36875,
-0.3625,-0.35625,-0.35,-0.34375,-0.3375,-0.33125,-0.325,-0.31875,-0.3125,
-0.30625,-0.3,-0.29375,-0.2875,-0.28125,-0.275,-0.26875,-0.2625,-0.25625,
-0.25,-0.24375,-0.2375,-0.23125,-0.225,-0.21875,-0.2125,-0.20625,-0.2,-0.19375,
-0.1875,-0.18125,-0.175,-0.16875,-0.1625,-0.15625,-0.15,-0.14375,-0.1375,
-0.13125,-0.125,-0.11875,-0.1125,-0.10625,-0.1,-0.09375,-0.0875,-0.08125,
-0.075,-0.06875,-0.0625,-0.05625,-0.05,-0.04375,-0.0375,-0.03125,-0.025,
-0.01875,-0.0125,-0.00625,0.),(0.,25.),.UNSPECIFIED.)
GEOMETRIC_REPRESENTATION_ITEM()
RATIONAL_B_SPLINE_SURFACE(((1.,1.),(1.,1.),(1.,1.),(1.,1.),(1.,1.),(1.,
1.),(1.,1.),(1.,1.),(1.,1.),(1.,1.),(1.,1.),(1.,1.),(1.,1.),(1.,1.),(1.,
1.),(1.,1.),(1.,1.),(1.,1.),(1.,1.),(1.,1.),(1.,1.),(1.,1.),(1.,1.),(1.,
1.),(1.,1.),(1.,1.),(1.,1.),(1.,1.),(1.,1.),(1.,1.),(1.,1.),(1.,1.),(1.,
1.),(1.,1.),(1.,1.),(1.,1.),(1.,1.),(1.,1.),(1.,1.),(1.,1.),(1.,1.),(1.,
1.),(1.,1.),(1.,1.),(1.,1.),(1.,1.),(1.,1.),(1.,1.),(1.,1.),(1.,1.),(1.,
1.),(1.,1.),(1.,1.),(1.,1.),(1.,1.),(1.,1.),(1.,1.),(1.,1.),(1.,1.),(1.,
1.),(1.,1.),(1.,1.),(1.,1.),(1.,1.),(1.,1.),(1.,1.),(1.,1.),(1.,1.),(1.,
1.),(1.,1.),(1.,1.),(1.,1.),(1.,1.),(1.,1.),(1.,1.),(1.,1.),(1.,1.),(1.,
1.),(1.,1.),(1.,1.),(1.,1.),(1.,1.),(1.,1.),(1.,1.),(1.,1.),(1.,1.),(1.,
1.),(1.,1.),(1.,1.),(1.,1.),(1.,1.),(1.,1.),(1.,1.),(1.,1.),(1.,1.),(1.,
1.),(1.,1.),(1.,1.),(1.,1.),(1.,1.),(1.,1.),(1.,1.),(1.,1.),(1.,1.),(1.,
1.),(1.,1.),(1.,1.),(1.,1.),(1.,1.),(1.,1.),(1.,1.),(1.,1.),(1.,1.),(1.,
1.),(1.,1.),(1.,1.),(1.,1.),(1.,1.),(1.,1.),(1.,1.),(1.,1.),(1.,1.),(1.,
1.),(1.,1.),(1.,1.),(1.,1.),(1.,1.),(1.,1.),(1.,1.),(1.,1.),(1.,1.),(1.,
1.),(1.,1.),(1.,1.),(1.,1.),(1.,1.),(1.,1.),(1.,1.),(1.,1.),(1.,1.),(1.,
1.),(1.,1.),(1.,1.),(1.,1.),(1.,1.),(1.,1.),(1.,1.),(1.,1.),(1.,1.),(1.,
1.),(1.,1.),(1.,1.),(1.,1.),(1.,1.),(1.,1.),(1.,1.),(1.,1.),(1.,1.),(1.,
1.),(1.,1.),(1.,1.),(1.,1.),(1.,1.),(1.,1.),(1.,1.)))
REPRESENTATION_ITEM('')
SURFACE()
);
#23=(
BOUNDED_SURFACE()
B_SPLINE_SURFACE(5,1,((#1462,#1463),(#1464,#1465),(#1466,#1467),(#1468,
#1469),(#1470,#1471),(#1472,#1473),(#1474,#1475),(#1476,#1477),(#1478,#1479),
(#1480,#1481),(#1482,#1483),(#1484,#1485),(#1486,#1487),(#1488,#1489),(#1490,
#1491),(#1492,#1493),(#1494,#1495),(#1496,#1497),(#1498,#1499),(#1500,#1501),
(#1502,#1503),(#1504,#1505),(#1506,#1507),(#1508,#1509),(#1510,#1511),(#1512,
#1513),(#1514,#1515),(#1516,#1517),(#1518,#1519),(#1520,#1521),(#1522,#1523),
(#1524,#1525),(#1526,#1527),(#1528,#1529),(#1530,#1531),(#1532,#1533),(#1534,
#1535),(#1536,#1537),(#1538,#1539),(#1540,#1541),(#1542,#1543),(#1544,#1545),
(#1546,#1547),(#1548,#1549),(#1550,#1551),(#1552,#1553),(#1554,#1555),(#1556,
#1557),(#1558,#1559),(#1560,#1561),(#1562,#1563),(#1564,#1565),(#1566,#1567),
(#1568,#1569),(#1570,#1571),(#1572,#1573),(#1574,#1575),(#1576,#1577),(#1578,
#1579),(#1580,#1581),(#1582,#1583),(#1584,#1585),(#1586,#1587),(#1588,#1589),
(#1590,#1591),(#1592,#1593),(#1594,#1595),(#1596,#1597),(#1598,#1599),(#1600,
#1601),(#1602,#1603),(#1604,#1605),(#1606,#1607),(#1608,#1609),(#1610,#1611),
(#1612,#1613),(#1614,#1615),(#1616,#1617),(#1618,#1619),(#1620,#1621),(#1622,
#1623),(#1624,#1625),(#1626,#1627),(#1628,#1629),(#1630,#1631),(#1632,#1633),
(#1634,#1635),(#1636,#1637),(#1638,#1639),(#1640,#1641),(#1642,#1643),(#1644,
#1645),(#1646,#1647),(#1648,#1649),(#1650,#1651),(#1652,#1653),(#1654,#1655),
(#1656,#1657),(#1658,#1659),(#1660,#1661),(#1662,#1663),(#1664,#1665),(#1666,
#1667),(#1668,#1669),(#1670,#1671),(#1672,#1673),(#1674,#1675),(#1676,#1677),
(#1678,#1679),(#1680,#1681),(#1682,#1683),(#1684,#1685),(#1686,#1687),(#1688,
#1689),(#1690,#1691),(#1692,#1693),(#1694,#1695),(#1696,#1697),(#1698,#1699),
(#1700,#1701),(#1702,#1703),(#1704,#1705),(#1706,#1707),(#1708,#1709),(#1710,
#1711),(#1712,#1713),(#1714,#1715),(#1716,#1717),(#1718,#1719),(#1720,#1721),
(#1722,#1723),(#1724,#1725),(#1726,#1727),(#1728,#1729),(#1730,#1731),(#1732,
#1733),(#1734,#1735),(#1736,#1737),(#1738,#1739),(#1740,#1741),(#1742,#1743),
(#1744,#1745),(#1746,#1747),(#1748,#1749),(#1750,#1751),(#1752,#1753),(#1754,
#1755),(#1756,#1757),(#1758,#1759),(#1760,#1761),(#1762,#1763),(#1764,#1765),
(#1766,#1767),(#1768,#1769),(#1770,#1771),(#1772,#1773),(#1774,#1775),(#1776,
#1777),(#1778,#1779),(#1780,#1781)),.UNSPECIFIED.,.F.,.F.,.F.)
B_SPLINE_SURFACE_WITH_KNOTS((6,1,1,1,1,1,1,1,1,1,1,1,1,1,1,1,1,1,1,1,1,
1,1,1,1,1,1,1,1,1,1,1,1,1,1,1,1,1,1,1,1,1,1,1,1,1,1,1,1,1,1,1,1,1,1,1,1,
1,1,1,1,1,1,1,1,1,1,1,1,1,1,1,1,1,1,1,1,1,1,1,1,1,1,1,1,1,1,1,1,1,1,1,1,
1,1,1,1,1,1,1,1,1,1,1,1,1,1,1,1,1,1,1,1,1,1,1,1,1,1,1,1,1,1,1,1,1,1,1,1,
1,1,1,1,1,1,1,1,1,1,1,1,1,1,1,1,1,1,1,1,1,1,1,1,1,1,6),(2,2),(0.,0.00645161290322581,
0.0129032258064516,0.0193548387096774,0.0258064516129032,0.032258064516129,
0.0387096774193548,0.0451612903225806,0.0516129032258065,0.0580645161290323,
0.0645161290322581,0.0709677419354839,0.0774193548387097,0.0838709677419355,
0.0903225806451613,0.0967741935483871,0.103225806451613,0.109677419354839,
0.116129032258065,0.12258064516129,0.129032258064516,0.135483870967742,
0.141935483870968,0.148387096774194,0.154838709677419,0.161290322580645,
0.167741935483871,0.174193548387097,0.180645161290323,0.187096774193548,
0.193548387096774,0.2,0.206451612903226,0.212903225806451,0.219354838709677,
0.225806451612903,0.232258064516129,0.238709677419355,0.24516129032258,
0.251612903225806,0.258064516129032,0.264516129032258,0.270967741935484,
0.27741935483871,0.283870967741935,0.290322580645161,0.296774193548387,
0.303225806451613,0.309677419354839,0.316129032258064,0.32258064516129,
0.329032258064516,0.335483870967742,0.341935483870968,0.348387096774194,
0.354838709677419,0.361290322580645,0.367741935483871,0.374193548387097,
0.380645161290323,0.387096774193549,0.393548387096774,0.4,0.406451612903226,
0.412903225806452,0.419354838709678,0.425806451612903,0.432258064516129,
0.438709677419355,0.445161290322581,0.451612903225807,0.458064516129033,
0.464516129032258,0.470967741935484,0.47741935483871,0.483870967741936,
0.490322580645162,0.496774193548388,0.503225806451613,0.509677419354839,
0.516129032258065,0.522580645161291,0.529032258064517,0.535483870967742,
0.541935483870968,0.548387096774194,0.55483870967742,0.561290322580646,
0.567741935483872,0.574193548387097,0.580645161290323,0.587096774193549,
0.593548387096775,0.600000000000001,0.606451612903226,0.612903225806452,
0.619354838709678,0.625806451612904,0.63225806451613,0.638709677419356,
0.645161290322581,0.651612903225807,0.658064516129033,0.664516129032259,
0.670967741935485,0.677419354838711,0.683870967741936,0.690322580645162,
0.696774193548388,0.703225806451614,0.70967741935484,0.716129032258065,
0.722580645161291,0.729032258064517,0.735483870967743,0.741935483870969,
0.748387096774195,0.75483870967742,0.761290322580646,0.767741935483872,
0.774193548387098,0.780645161290324,0.78709677419355,0.793548387096775,
0.800000000000001,0.806451612903227,0.812903225806453,0.819354838709679,
0.825806451612904,0.83225806451613,0.838709677419356,0.845161290322582,
0.851612903225808,0.858064516129034,0.864516129032259,0.870967741935485,
0.877419354838711,0.883870967741937,0.890322580645163,0.896774193548388,
0.903225806451614,0.90967741935484,0.916129032258066,0.922580645161292,
0.929032258064518,0.935483870967743,0.941935483870969,0.948387096774195,
0.954838709677421,0.961290322580647,0.967741935483873,0.974193548387098,
0.980645161290324,0.98709677419355,0.993548387096776,1.),(0.,25.),
 .UNSPECIFIED.)
GEOMETRIC_REPRESENTATION_ITEM()
RATIONAL_B_SPLINE_SURFACE(((1.,1.),(1.,1.),(1.,1.),(1.,1.),(1.,1.),(1.,
1.),(1.,1.),(1.,1.),(1.,1.),(1.,1.),(1.,1.),(1.,1.),(1.,1.),(1.,1.),(1.,
1.),(1.,1.),(1.,1.),(1.,1.),(1.,1.),(1.,1.),(1.,1.),(1.,1.),(1.,1.),(1.,
1.),(1.,1.),(1.,1.),(1.,1.),(1.,1.),(1.,1.),(1.,1.),(1.,1.),(1.,1.),(1.,
1.),(1.,1.),(1.,1.),(1.,1.),(1.,1.),(1.,1.),(1.,1.),(1.,1.),(1.,1.),(1.,
1.),(1.,1.),(1.,1.),(1.,1.),(1.,1.),(1.,1.),(1.,1.),(1.,1.),(1.,1.),(1.,
1.),(1.,1.),(1.,1.),(1.,1.),(1.,1.),(1.,1.),(1.,1.),(1.,1.),(1.,1.),(1.,
1.),(1.,1.),(1.,1.),(1.,1.),(1.,1.),(1.,1.),(1.,1.),(1.,1.),(1.,1.),(1.,
1.),(1.,1.),(1.,1.),(1.,1.),(1.,1.),(1.,1.),(1.,1.),(1.,1.),(1.,1.),(1.,
1.),(1.,1.),(1.,1.),(1.,1.),(1.,1.),(1.,1.),(1.,1.),(1.,1.),(1.,1.),(1.,
1.),(1.,1.),(1.,1.),(1.,1.),(1.,1.),(1.,1.),(1.,1.),(1.,1.),(1.,1.),(1.,
1.),(1.,1.),(1.,1.),(1.,1.),(1.,1.),(1.,1.),(1.,1.),(1.,1.),(1.,1.),(1.,
1.),(1.,1.),(1.,1.),(1.,1.),(1.,1.),(1.,1.),(1.,1.),(1.,1.),(1.,1.),(1.,
1.),(1.,1.),(1.,1.),(1.,1.),(1.,1.),(1.,1.),(1.,1.),(1.,1.),(1.,1.),(1.,
1.),(1.,1.),(1.,1.),(1.,1.),(1.,1.),(1.,1.),(1.,1.),(1.,1.),(1.,1.),(1.,
1.),(1.,1.),(1.,1.),(1.,1.),(1.,1.),(1.,1.),(1.,1.),(1.,1.),(1.,1.),(1.,
1.),(1.,1.),(1.,1.),(1.,1.),(1.,1.),(1.,1.),(1.,1.),(1.,1.),(1.,1.),(1.,
1.),(1.,1.),(1.,1.),(1.,1.),(1.,1.),(1.,1.),(1.,1.),(1.,1.),(1.,1.),(1.,
1.),(1.,1.)))
REPRESENTATION_ITEM('')
SURFACE()
);
#24=B_SPLINE_CURVE_WITH_KNOTS('',3,(#342,#343,#344,#345),.UNSPECIFIED.,
 .F.,.F.,(4,4),(-0.050000000000006,0.),.UNSPECIFIED.);
#25=B_SPLINE_CURVE_WITH_KNOTS('',3,(#368,#369,#370,#371,#372,#373),
 .UNSPECIFIED.,.F.,.F.,(4,2,4),(-1.01082195250112,-0.516121658381679,-0.0533119694402169),
 .UNSPECIFIED.);
#26=B_SPLINE_CURVE_WITH_KNOTS('',3,(#376,#377,#378,#379,#380,#381,#382,
#383,#384,#385,#386,#387,#388,#389,#390,#391,#392,#393,#394,#395,#396,#397,
#398,#399,#400),.UNSPECIFIED.,.F.,.F.,(4,3,3,3,3,3,3,3,4),(-2.4791634823807,
-2.4259102236642,-2.37768944101778,-2.33250424749775,-2.28992407212189,
-2.25011249442474,-2.21072309065876,-2.17086464473948,-2.13347669659733),
 .UNSPECIFIED.);
#27=B_SPLINE_CURVE_WITH_KNOTS('',3,(#402,#403,#404,#405,#406,#407,#408,
#409,#410,#411,#412,#413,#414,#415,#416,#417,#418,#419,#420,#421,#422,#423,
#424,#425,#426,#427,#428,#429,#430,#431,#432,#433,#434,#435,#436,#437,#438,
#439,#440,#441,#442,#443,#444,#445,#446,#447,#448,#449,#450,#451,#452,#453,
#454,#455,#456,#457,#458,#459,#460,#461,#462,#463,#464,#465,#466,#467,#468,
#469,#470,#471),.UNSPECIFIED.,.F.,.F.,(4,3,3,3,3,3,3,3,3,3,3,3,3,3,3,3,
3,3,3,3,3,3,3,4),(-1.13076359150256,-1.09399847704075,-1.05637699694301,
-1.0176151860406,-0.977970019121886,-0.937435111214889,-0.895618747791324,
-0.852179658291678,-0.80691497560255,-0.75942710001341,-0.706627216819069,
-0.647460135875003,-0.573054312066697,-0.507123358654723,-0.451914615162482,
-0.402300869813785,-0.355342269461034,-0.308955517840578,-0.26091722342178,
-0.210361444173179,-0.15526474748782,-0.0957515885108439,-0.021018015211622,
0.),.UNSPECIFIED.);
#28=B_SPLINE_CURVE_WITH_KNOTS('',3,(#473,#474,#475,#476,#477,#478,#479,
#480,#481,#482,#483,#484,#485,#486,#487,#488,#489,#490,#491,#492,#493,#494,
#495,#496,#497,#498,#499,#500,#501,#502,#503,#504,#505,#506,#507,#508,#509,
#510,#511,#512,#513,#514,#515,#516,#517,#518,#519,#520,#521,#522,#523,#524,
#525,#526,#527,#528,#529,#530,#531,#532,#533,#534,#535,#536,#537,#538,#539,
#540,#541,#542,#543,#544,#545,#546,#547,#548,#549,#550,#551,#552,#553,#554,
#555,#556,#557,#558,#559,#560,#561,#562,#563,#564,#565,#566,#567,#568,#569,
#570,#571,#572,#573,#574,#575,#576,#577,#578,#579,#580,#581,#582,#583,#584,
#585,#586,#587,#588,#589,#590,#591,#592,#593,#594,#595,#596,#597,#598,#599,
#600,#601,#602,#603,#604,#605,#606,#607,#608,#609,#610,#611,#612,#613,#614,
#615,#616,#617,#618,#619,#620,#621,#622,#623,#624,#625,#626,#627,#628,#629,
#630,#631,#632,#633,#634,#635,#636,#637,#638,#639,#640,#641,#642,#643,#644,
#645,#646,#647,#648,#649,#650,#651,#652,#653,#654,#655,#656,#657,#658,#659,
#660,#661,#662,#663,#664,#665,#666,#667,#668,#669,#670,#671,#672,#673,#674,
#675,#676,#677,#678,#679,#680,#681,#682,#683,#684,#685,#686,#687,#688,#689,
#690,#691,#692,#693,#694,#695,#696,#697,#698,#699,#700,#701,#702,#703,#704,
#705,#706,#707,#708,#709,#710),.UNSPECIFIED.,.F.,.F.,(4,3,3,3,3,3,3,3,3,
3,3,3,3,3,3,3,3,3,3,3,3,3,3,3,3,3,3,3,3,3,3,3,3,3,3,3,3,3,3,3,3,3,3,3,3,
3,3,3,3,3,3,3,3,3,3,3,3,3,3,3,3,3,3,3,3,3,3,3,3,3,3,3,3,3,3,3,3,3,3,4),
(-4.59943751767179,-4.51838901169827,-4.44778918339049,-4.3842398823154,
-4.32563066510194,-4.26897551824788,-4.21360558070372,-4.15620756299155,
-4.09138404371504,-4.00470754143018,-3.93058365630644,-3.86916828667665,
-3.80871253219733,-3.7542265665732,-3.70162198435608,-3.64878624869028,
-3.59019782080522,-3.52576025157136,-3.45168544777629,-3.36128271492003,
-3.29299265977604,-3.23255314286896,-3.17550761285018,-3.11611980916613,
-3.05085544984232,-2.97340509129285,-2.88687990775881,-2.81975750541889,
-2.75993530817625,-2.70487043766088,-2.65227711969164,-2.59808853331022,
-2.54060887282931,-2.47677017045367,-2.3955513230843,-2.32470941239406,
-2.26409164803146,-2.20983451585488,-2.15957506645379,-2.1107089621768,
-2.06081471280352,-2.00962203310707,-1.95501757732094,-1.89264755948304,
-1.80566805170281,-1.74204827877615,-1.68628136155081,-1.63358506900235,
-1.58253553559602,-1.53308130010865,-1.48771113401581,-1.4406296964894,
-1.3912479406165,-1.3384185443159,-1.27935967122191,-1.20459533656735,-1.12930812803189,
-1.07222995328407,-1.02101344098684,-0.973172842125772,-0.927313965671108,
-0.882912726751056,-0.839542974479266,-0.795161103342372,-0.748943783457568,
-0.699040812494617,-0.645979496460454,-0.588093793798844,-0.518188743978963,
-0.442790540156312,-0.383918954837135,-0.330600716473918,-0.280503435125393,
-0.232676481997481,-0.186658219638952,-0.139993664729214,-0.0976746961350072,
-0.0559979712553732,-0.0132960770162115,0.),.UNSPECIFIED.);
#29=B_SPLINE_CURVE_WITH_KNOTS('',3,(#727,#728,#729,#730,#731,#732),
 .UNSPECIFIED.,.F.,.F.,(4,2,4),(-17.03,-12.5,-10.45),.UNSPECIFIED.);
#30=B_SPLINE_CURVE_WITH_KNOTS('',3,(#737,#738,#739,#740,#741,#742,#743,
#744,#745,#746,#747,#748,#749,#750,#751,#752,#753,#754,#755,#756,#757,#758,
#759,#760,#761,#762,#763,#764,#765,#766,#767,#768,#769,#770,#771,#772,#773,
#774,#775,#776,#777,#778,#779,#780,#781,#782,#783,#784,#785,#786,#787,#788,
#789,#790,#791,#792,#793,#794,#795,#796,#797,#798,#799,#800,#801,#802,#803,
#804,#805,#806,#807,#808,#809,#810,#811,#812,#813,#814,#815,#816,#817,#818,
#819,#820,#821,#822,#823,#824,#825,#826,#827,#828,#829,#830,#831,#832,#833,
#834,#835,#836,#837,#838,#839,#840,#841,#842,#843,#844,#845,#846,#847,#848,
#849,#850,#851,#852,#853,#854,#855,#856,#857,#858,#859,#860,#861,#862,#863,
#864,#865,#866,#867,#868,#869,#870,#871,#872,#873,#874,#875,#876,#877,#878,
#879,#880,#881,#882,#883,#884,#885,#886,#887,#888,#889,#890,#891,#892,#893,
#894,#895,#896,#897,#898,#899,#900,#901,#902,#903,#904,#905,#906,#907,#908,
#909,#910,#911,#912,#913,#914,#915,#916,#917,#918,#919,#920,#921,#922,#923,
#924,#925,#926,#927,#928,#929,#930,#931,#932,#933,#934,#935,#936,#937,#938,
#939,#940,#941,#942,#943,#944,#945,#946,#947,#948,#949,#950,#951,#952,#953,
#954,#955,#956,#957,#958,#959,#960,#961,#962,#963,#964,#965,#966,#967,#968,
#969,#970,#971),.UNSPECIFIED.,.F.,.F.,(4,3,3,3,3,3,3,3,3,3,3,3,3,3,3,3,
3,3,3,3,3,3,3,3,3,3,3,3,3,3,3,3,3,3,3,3,3,3,3,3,3,3,3,3,3,3,3,3,3,3,3,3,
3,3,3,3,3,3,3,3,3,3,3,3,3,3,3,3,3,3,3,3,3,3,3,3,3,3,4),(-1.19541906198973,
-1.18438039366518,-1.17351547652151,-1.16239683320272,-1.15088627566934,
-1.13890231953252,-1.12639571746547,-1.11321677645202,-1.09904557135605,
-1.08301228164128,-1.05264648716673,-1.03619888580475,-1.02216181436769,
-1.0091126919132,-0.996797847339005,-0.985062243849886,-0.973747645856566,
-0.962331447463891,-0.950564886564659,-0.93836650482442,-0.925476519263742,
-0.911481623770345,-0.895279907890015,-0.870140752452588,-0.855082429325273,
-0.841635941353327,-0.828485379769682,-0.81619551077741,-0.804397120871245,
-0.791828415857632,-0.778960214478192,-0.765283434943656,-0.750442826446623,
-0.733526813789025,-0.710604100858118,-0.693713237656564,-0.679357793931929,
-0.666016955126275,-0.653044257287129,-0.640331893447392,-0.627285227683828,
-0.613300764744192,-0.597893201892881,-0.58052148208494,-0.559671424725809,
-0.542181692703127,-0.527015673004408,-0.512826567345747,-0.499215283456204,
-0.485041320460081,-0.469108114039401,-0.451323040763273,-0.429663125544995,
-0.409140403091569,-0.392402859177083,-0.377186642028452,-0.362326370207634,
-0.346445820485965,-0.328727750592037,-0.305447255046211,-0.286356801605823,
-0.269540261546053,-0.254373600830447,-0.240314675266071,-0.226772541181707,
-0.212585448111486,-0.197693760483668,-0.181332095256765,-0.161475945094415,
-0.140447574643238,-0.122891627812833,-0.107530174336229,-0.0930963298366682,
-0.0784082472317814,-0.0633491207653282,-0.0467389964801218,-0.0286101369770013,
-0.00628178540575762,0.),.UNSPECIFIED.);
#31=B_SPLINE_CURVE_WITH_KNOTS('',3,(#972,#973,#974,#975,#976,#977,#978,
#979,#980,#981,#982,#983,#984,#985,#986,#987,#988,#989,#990,#991,#992,#993,
#994,#995,#996,#997,#998,#999,#1000,#1001,#1002,#1003,#1004,#1005,#1006,
#1007,#1008,#1009,#1010,#1011,#1012,#1013,#1014,#1015,#1016,#1017,#1018,
#1019,#1020,#1021,#1022,#1023,#1024,#1025,#1026,#1027,#1028,#1029,#1030,
#1031,#1032,#1033,#1034,#1035,#1036,#1037,#1038,#1039,#1040,#1041,#1042,
#1043,#1044,#1045,#1046,#1047,#1048,#1049,#1050,#1051,#1052,#1053,#1054,
#1055,#1056,#1057,#1058,#1059,#1060,#1061,#1062,#1063,#1064,#1065,#1066,
#1067,#1068,#1069,#1070,#1071,#1072,#1073,#1074,#1075,#1076,#1077,#1078,
#1079,#1080,#1081,#1082,#1083,#1084,#1085,#1086,#1087,#1088,#1089,#1090,
#1091,#1092,#1093,#1094,#1095,#1096,#1097,#1098,#1099,#1100,#1101,#1102,
#1103,#1104,#1105,#1106,#1107,#1108,#1109,#1110,#1111,#1112,#1113,#1114,
#1115,#1116,#1117,#1118,#1119,#1120,#1121,#1122,#1123,#1124,#1125,#1126,
#1127,#1128),.UNSPECIFIED.,.F.,.F.,(4,3,3,3,3,3,3,3,3,3,3,3,3,3,3,3,3,3,
3,3,3,3,3,3,3,3,3,3,3,3,3,3,3,3,3,3,3,3,3,3,3,3,3,3,3,3,3,3,3,3,3,3,4),
(-5.70786423444307,-5.52949347711672,-5.37280590844164,-5.23361567400987,
-5.10302955549034,-4.98007489457478,-4.86228714835812,-4.74323822692604,
-4.6199253355903,-4.4854147517993,-4.3310882308497,-4.12789963492189,-3.97975955117508,
-3.84821937846207,-3.72600716699085,-3.60956944302239,-3.49677039792794,
-3.38749632299269,-3.28163706289917,-3.17908590468357,-3.07973947016221,
-2.98349761171964,-2.88977819288463,-2.79531300258744,-2.69846014217026,
-2.59194640671979,-2.46055114826854,-2.31943730053135,-2.21360205221912,
-2.11798993984017,-2.02921964707719,-1.94562311323485,-1.86510103728229,
-1.78511083819372,-1.70534659818353,-1.62374471898093,-1.53770377406039,
-1.44159728818162,-1.33721819560435,-1.2187405807103,-1.06639800812151,
-0.95655357298456,-0.858973769412118,-0.769578019566991,-0.685531672966005,
-0.599840213845254,-0.518921304907354,-0.436814370327364,-0.351170420618304,
-0.257989123998785,-0.159743351647269,-0.0491305196400314,0.),
 .UNSPECIFIED.);
#32=B_SPLINE_CURVE_WITH_KNOTS('',3,(#1782,#1783,#1784,#1785,#1786,#1787),
 .UNSPECIFIED.,.F.,.F.,(4,2,4),(-13.6,-12.5,-7.02),.UNSPECIFIED.);
#33=PLANE('',#260);
#34=PLANE('',#264);
#35=PLANE('',#265);
#36=PLANE('',#270);
#37=PLANE('',#271);
#38=PLANE('',#273);
#39=FACE_OUTER_BOUND('',#52,.T.);
#40=FACE_OUTER_BOUND('',#53,.T.);
#41=FACE_OUTER_BOUND('',#54,.T.);
#42=FACE_OUTER_BOUND('',#55,.T.);
#43=FACE_OUTER_BOUND('',#56,.T.);
#44=FACE_OUTER_BOUND('',#58,.T.);
#45=FACE_OUTER_BOUND('',#61,.T.);
#46=FACE_OUTER_BOUND('',#62,.T.);
#47=FACE_OUTER_BOUND('',#63,.T.);
#48=FACE_OUTER_BOUND('',#65,.T.);
#49=FACE_OUTER_BOUND('',#66,.T.);
#50=FACE_OUTER_BOUND('',#67,.T.);
#51=FACE_OUTER_BOUND('',#68,.T.);
#52=EDGE_LOOP('',(#160,#161,#162,#163));
#53=EDGE_LOOP('',(#164,#165,#166,#167));
#54=EDGE_LOOP('',(#168,#169,#170,#171));
#55=EDGE_LOOP('',(#172,#173,#174,#175));
#56=EDGE_LOOP('',(#176,#177,#178,#179));
#57=EDGE_LOOP('',(#180));
#58=EDGE_LOOP('',(#181,#182,#183,#184,#185,#186,#187,#188,#189));
#59=EDGE_LOOP('',(#190));
#60=EDGE_LOOP('',(#191));
#61=EDGE_LOOP('',(#192,#193,#194,#195));
#62=EDGE_LOOP('',(#196,#197,#198,#199));
#63=EDGE_LOOP('',(#200,#201,#202,#203,#204));
#64=EDGE_LOOP('',(#205));
#65=EDGE_LOOP('',(#206,#207,#208,#209,#210,#211,#212,#213));
#66=EDGE_LOOP('',(#214,#215,#216,#217));
#67=EDGE_LOOP('',(#218,#219,#220,#221));
#68=EDGE_LOOP('',(#222,#223,#224,#225));
#69=LINE('',#332,#83);
#70=LINE('',#337,#84);
#71=LINE('',#339,#85);
#72=LINE('',#341,#86);
#73=LINE('',#350,#87);
#74=LINE('',#363,#88);
#75=LINE('',#712,#89);
#76=LINE('',#715,#90);
#77=LINE('',#720,#91);
#78=LINE('',#723,#92);
#79=LINE('',#726,#93);
#80=LINE('',#735,#94);
#81=LINE('',#1461,#95);
#82=LINE('',#1790,#96);
#83=VECTOR('',#281,1.00000000000001);
#84=VECTOR('',#286,10.);
#85=VECTOR('',#287,10.);
#86=VECTOR('',#288,10.);
#87=VECTOR('',#293,10.);
#88=VECTOR('',#296,10.);
#89=VECTOR('',#301,10.);
#90=VECTOR('',#304,10.);
#91=VECTOR('',#309,10.);
#92=VECTOR('',#312,10.);
#93=VECTOR('',#315,10.);
#94=VECTOR('',#318,10.);
#95=VECTOR('',#321,10.);
#96=VECTOR('',#326,1.02499999999999);
#97=CIRCLE('',#258,1.00000000000001);
#98=CIRCLE('',#259,1.00000000000001);
#99=CIRCLE('',#262,2.5);
#100=CIRCLE('',#263,2.5);
#101=CIRCLE('',#266,3.00000000000001);
#102=CIRCLE('',#267,1.02499999999999);
#103=CIRCLE('',#269,3.00000000000001);
#104=CIRCLE('',#272,1.02499999999999);
#105=VERTEX_POINT('',#329);
#106=VERTEX_POINT('',#331);
#107=VERTEX_POINT('',#335);
#108=VERTEX_POINT('',#336);
#109=VERTEX_POINT('',#338);
#110=VERTEX_POINT('',#340);
#111=VERTEX_POINT('',#347);
#112=VERTEX_POINT('',#349);
#113=VERTEX_POINT('',#358);
#114=VERTEX_POINT('',#362);
#115=VERTEX_POINT('',#375);
#116=VERTEX_POINT('',#401);
#117=VERTEX_POINT('',#472);
#118=VERTEX_POINT('',#711);
#119=VERTEX_POINT('',#713);
#120=VERTEX_POINT('',#716);
#121=VERTEX_POINT('',#719);
#122=VERTEX_POINT('',#721);
#123=VERTEX_POINT('',#725);
#124=VERTEX_POINT('',#734);
#125=VERTEX_POINT('',#736);
#126=VERTEX_POINT('',#1129);
#127=EDGE_CURVE('',#105,#105,#97,.T.);
#128=EDGE_CURVE('',#105,#106,#69,.T.);
#129=EDGE_CURVE('',#106,#106,#98,.T.);
#130=EDGE_CURVE('',#107,#108,#70,.T.);
#131=EDGE_CURVE('',#108,#109,#71,.T.);
#132=EDGE_CURVE('',#109,#110,#72,.T.);
#133=EDGE_CURVE('',#110,#107,#24,.T.);
#134=EDGE_CURVE('',#111,#108,#99,.T.);
#135=EDGE_CURVE('',#111,#112,#73,.T.);
#136=EDGE_CURVE('',#112,#109,#100,.T.);
#137=EDGE_CURVE('',#113,#111,#19,.T.);
#138=EDGE_CURVE('',#113,#114,#74,.T.);
#139=EDGE_CURVE('',#114,#112,#20,.T.);
#140=EDGE_CURVE('',#114,#110,#25,.T.);
#141=EDGE_CURVE('',#115,#113,#26,.T.);
#142=EDGE_CURVE('',#107,#116,#27,.T.);
#143=EDGE_CURVE('',#116,#117,#28,.T.);
#144=EDGE_CURVE('',#117,#118,#75,.T.);
#145=EDGE_CURVE('',#118,#119,#101,.T.);
#146=EDGE_CURVE('',#119,#115,#76,.T.);
#147=EDGE_CURVE('',#120,#120,#102,.T.);
#148=EDGE_CURVE('',#121,#118,#77,.T.);
#149=EDGE_CURVE('',#122,#121,#103,.T.);
#150=EDGE_CURVE('',#122,#119,#78,.T.);
#151=EDGE_CURVE('',#123,#122,#79,.T.);
#152=EDGE_CURVE('',#123,#115,#29,.T.);
#153=EDGE_CURVE('',#121,#124,#80,.T.);
#154=EDGE_CURVE('',#124,#125,#30,.T.);
#155=EDGE_CURVE('',#125,#123,#31,.T.);
#156=EDGE_CURVE('',#126,#126,#104,.T.);
#157=EDGE_CURVE('',#125,#116,#81,.T.);
#158=EDGE_CURVE('',#117,#124,#32,.T.);
#159=EDGE_CURVE('',#126,#120,#82,.T.);
#160=ORIENTED_EDGE('',*,*,#127,.T.);
#161=ORIENTED_EDGE('',*,*,#128,.T.);
#162=ORIENTED_EDGE('',*,*,#129,.F.);
#163=ORIENTED_EDGE('',*,*,#128,.F.);
#164=ORIENTED_EDGE('',*,*,#130,.T.);
#165=ORIENTED_EDGE('',*,*,#131,.T.);
#166=ORIENTED_EDGE('',*,*,#132,.T.);
#167=ORIENTED_EDGE('',*,*,#133,.T.);
#168=ORIENTED_EDGE('',*,*,#134,.F.);
#169=ORIENTED_EDGE('',*,*,#135,.T.);
#170=ORIENTED_EDGE('',*,*,#136,.T.);
#171=ORIENTED_EDGE('',*,*,#131,.F.);
#172=ORIENTED_EDGE('',*,*,#137,.F.);
#173=ORIENTED_EDGE('',*,*,#138,.T.);
#174=ORIENTED_EDGE('',*,*,#139,.T.);
#175=ORIENTED_EDGE('',*,*,#135,.F.);
#176=ORIENTED_EDGE('',*,*,#140,.T.);
#177=ORIENTED_EDGE('',*,*,#132,.F.);
#178=ORIENTED_EDGE('',*,*,#136,.F.);
#179=ORIENTED_EDGE('',*,*,#139,.F.);
#180=ORIENTED_EDGE('',*,*,#127,.F.);
#181=ORIENTED_EDGE('',*,*,#141,.T.);
#182=ORIENTED_EDGE('',*,*,#137,.T.);
#183=ORIENTED_EDGE('',*,*,#134,.T.);
#184=ORIENTED_EDGE('',*,*,#130,.F.);
#185=ORIENTED_EDGE('',*,*,#142,.T.);
#186=ORIENTED_EDGE('',*,*,#143,.T.);
#187=ORIENTED_EDGE('',*,*,#144,.T.);
#188=ORIENTED_EDGE('',*,*,#145,.T.);
#189=ORIENTED_EDGE('',*,*,#146,.T.);
#190=ORIENTED_EDGE('',*,*,#129,.T.);
#191=ORIENTED_EDGE('',*,*,#147,.T.);
#192=ORIENTED_EDGE('',*,*,#145,.F.);
#193=ORIENTED_EDGE('',*,*,#148,.F.);
#194=ORIENTED_EDGE('',*,*,#149,.F.);
#195=ORIENTED_EDGE('',*,*,#150,.T.);
#196=ORIENTED_EDGE('',*,*,#146,.F.);
#197=ORIENTED_EDGE('',*,*,#150,.F.);
#198=ORIENTED_EDGE('',*,*,#151,.F.);
#199=ORIENTED_EDGE('',*,*,#152,.T.);
#200=ORIENTED_EDGE('',*,*,#153,.T.);
#201=ORIENTED_EDGE('',*,*,#154,.T.);
#202=ORIENTED_EDGE('',*,*,#155,.T.);
#203=ORIENTED_EDGE('',*,*,#151,.T.);
#204=ORIENTED_EDGE('',*,*,#149,.T.);
#205=ORIENTED_EDGE('',*,*,#156,.T.);
#206=ORIENTED_EDGE('',*,*,#133,.F.);
#207=ORIENTED_EDGE('',*,*,#140,.F.);
#208=ORIENTED_EDGE('',*,*,#138,.F.);
#209=ORIENTED_EDGE('',*,*,#141,.F.);
#210=ORIENTED_EDGE('',*,*,#152,.F.);
#211=ORIENTED_EDGE('',*,*,#155,.F.);
#212=ORIENTED_EDGE('',*,*,#157,.T.);
#213=ORIENTED_EDGE('',*,*,#142,.F.);
#214=ORIENTED_EDGE('',*,*,#143,.F.);
#215=ORIENTED_EDGE('',*,*,#157,.F.);
#216=ORIENTED_EDGE('',*,*,#154,.F.);
#217=ORIENTED_EDGE('',*,*,#158,.F.);
#218=ORIENTED_EDGE('',*,*,#144,.F.);
#219=ORIENTED_EDGE('',*,*,#158,.T.);
#220=ORIENTED_EDGE('',*,*,#153,.F.);
#221=ORIENTED_EDGE('',*,*,#148,.T.);
#222=ORIENTED_EDGE('',*,*,#156,.F.);
#223=ORIENTED_EDGE('',*,*,#159,.T.);
#224=ORIENTED_EDGE('',*,*,#147,.F.);
#225=ORIENTED_EDGE('',*,*,#159,.F.);
#226=CYLINDRICAL_SURFACE('',#257,1.00000000000001);
#227=CYLINDRICAL_SURFACE('',#261,2.5);
#228=CYLINDRICAL_SURFACE('',#268,3.00000000000001);
#229=CYLINDRICAL_SURFACE('',#274,1.02499999999999);
#230=ADVANCED_FACE('',(#39),#226,.F.);
#231=ADVANCED_FACE('',(#40),#33,.F.);
#232=ADVANCED_FACE('',(#41),#227,.T.);
#233=ADVANCED_FACE('',(#42),#21,.F.);
#234=ADVANCED_FACE('',(#43,#15),#34,.F.);
#235=ADVANCED_FACE('',(#44,#16,#17),#35,.T.);
#236=ADVANCED_FACE('',(#45),#228,.T.);
#237=ADVANCED_FACE('',(#46),#36,.T.);
#238=ADVANCED_FACE('',(#47,#18),#37,.F.);
#239=ADVANCED_FACE('',(#48),#22,.F.);
#240=ADVANCED_FACE('',(#49),#23,.F.);
#241=ADVANCED_FACE('',(#50),#38,.T.);
#242=ADVANCED_FACE('',(#51),#229,.F.);
#243=CLOSED_SHELL('',(#230,#231,#232,#233,#234,#235,#236,#237,#238,#239,
#240,#241,#242));
#244=DERIVED_UNIT_ELEMENT(#246,1.);
#245=DERIVED_UNIT_ELEMENT(#1796,-3.);
#246=(
MASS_UNIT()
NAMED_UNIT(*)
SI_UNIT(.KILO.,.GRAM.)
);
#247=DERIVED_UNIT((#244,#245));
#248=MEASURE_REPRESENTATION_ITEM('density measure',
POSITIVE_RATIO_MEASURE(7850.),#247);
#249=PROPERTY_DEFINITION_REPRESENTATION(#254,#251);
#250=PROPERTY_DEFINITION_REPRESENTATION(#255,#252);
#251=REPRESENTATION('material name',(#253),#1793);
#252=REPRESENTATION('density',(#248),#1793);
#253=DESCRIPTIVE_REPRESENTATION_ITEM('Steel','Steel');
#254=PROPERTY_DEFINITION('material property','material name',#1803);
#255=PROPERTY_DEFINITION('material property','density of part',#1803);
#256=AXIS2_PLACEMENT_3D('',#327,#275,#276);
#257=AXIS2_PLACEMENT_3D('',#328,#277,#278);
#258=AXIS2_PLACEMENT_3D('',#330,#279,#280);
#259=AXIS2_PLACEMENT_3D('',#333,#282,#283);
#260=AXIS2_PLACEMENT_3D('',#334,#284,#285);
#261=AXIS2_PLACEMENT_3D('',#346,#289,#290);
#262=AXIS2_PLACEMENT_3D('',#348,#291,#292);
#263=AXIS2_PLACEMENT_3D('',#351,#294,#295);
#264=AXIS2_PLACEMENT_3D('',#367,#297,#298);
#265=AXIS2_PLACEMENT_3D('',#374,#299,#300);
#266=AXIS2_PLACEMENT_3D('',#714,#302,#303);
#267=AXIS2_PLACEMENT_3D('',#717,#305,#306);
#268=AXIS2_PLACEMENT_3D('',#718,#307,#308);
#269=AXIS2_PLACEMENT_3D('',#722,#310,#311);
#270=AXIS2_PLACEMENT_3D('',#724,#313,#314);
#271=AXIS2_PLACEMENT_3D('',#733,#316,#317);
#272=AXIS2_PLACEMENT_3D('',#1130,#319,#320);
#273=AXIS2_PLACEMENT_3D('',#1788,#322,#323);
#274=AXIS2_PLACEMENT_3D('',#1789,#324,#325);
#275=DIRECTION('axis',(0.,0.,1.));
#276=DIRECTION('refdir',(1.,0.,0.));
#277=DIRECTION('center_axis',(-1.,0.,0.));
#278=DIRECTION('ref_axis',(0.,1.,0.));
#279=DIRECTION('center_axis',(1.,0.,0.));
#280=DIRECTION('ref_axis',(0.,1.,0.));
#281=DIRECTION('',(-1.,0.,0.));
#282=DIRECTION('center_axis',(1.,0.,0.));
#283=DIRECTION('ref_axis',(0.,1.,0.));
#284=DIRECTION('center_axis',(0.,-1.,0.));
#285=DIRECTION('ref_axis',(0.,0.,-1.));
#286=DIRECTION('',(0.,0.,1.));
#287=DIRECTION('',(1.,0.,0.));
#288=DIRECTION('',(0.,0.,-1.));
#289=DIRECTION('center_axis',(-1.,0.,0.));
#290=DIRECTION('ref_axis',(0.,1.,0.));
#291=DIRECTION('center_axis',(-1.,0.,0.));
#292=DIRECTION('ref_axis',(0.,1.,0.));
#293=DIRECTION('',(1.,0.,0.));
#294=DIRECTION('center_axis',(-1.,0.,0.));
#295=DIRECTION('ref_axis',(0.,1.,0.));
#296=DIRECTION('',(1.,0.,0.));
#297=DIRECTION('center_axis',(-1.,0.,0.));
#298=DIRECTION('ref_axis',(0.,1.,0.));
#299=DIRECTION('center_axis',(-1.,0.,0.));
#300=DIRECTION('ref_axis',(0.,0.,1.));
#301=DIRECTION('',(0.,-1.,0.));
#302=DIRECTION('center_axis',(-1.,0.,0.));
#303=DIRECTION('ref_axis',(0.,1.,0.));
#304=DIRECTION('',(0.,0.997557394933391,0.0698515841889531));
#305=DIRECTION('center_axis',(1.,0.,0.));
#306=DIRECTION('ref_axis',(0.,1.,0.));
#307=DIRECTION('center_axis',(1.,0.,0.));
#308=DIRECTION('ref_axis',(0.,-0.999389162171922,-0.0349471391290398));
#309=DIRECTION('',(-1.,0.,0.));
#310=DIRECTION('center_axis',(1.,0.,0.));
#311=DIRECTION('ref_axis',(0.,1.,0.));
#312=DIRECTION('',(-1.,0.,0.));
#313=DIRECTION('center_axis',(0.,-0.0698515841889531,0.997557394933391));
#314=DIRECTION('ref_axis',(0.,0.997557394933391,0.0698515841889531));
#315=DIRECTION('',(0.,-0.997557394933391,-0.0698515841889531));
#316=DIRECTION('center_axis',(-1.,0.,0.));
#317=DIRECTION('ref_axis',(0.,1.,0.));
#318=DIRECTION('',(0.,1.,0.));
#319=DIRECTION('center_axis',(-1.,0.,0.));
#320=DIRECTION('ref_axis',(0.,1.,0.));
#321=DIRECTION('',(-1.,0.,0.));
#322=DIRECTION('center_axis',(0.,0.,-1.));
#323=DIRECTION('ref_axis',(0.,-1.,0.));
#324=DIRECTION('center_axis',(1.,0.,0.));
#325=DIRECTION('ref_axis',(0.,1.,0.));
#326=DIRECTION('',(-1.,0.,0.));
#327=CARTESIAN_POINT('',(0.,0.,0.));
#328=CARTESIAN_POINT('Origin',(-136.,116.193651547294,8.45650379917835));
#329=CARTESIAN_POINT('',(-135.5,115.193651547294,8.45650379917835));
#330=CARTESIAN_POINT('Origin',(-135.5,116.193651547294,8.45650379917835));
#331=CARTESIAN_POINT('',(-136.,115.193651547294,8.45650379917835));
#332=CARTESIAN_POINT('',(-136.,115.193651547294,8.45650379917835));
#333=CARTESIAN_POINT('Origin',(-136.,116.193651547294,8.45650379917835));
#334=CARTESIAN_POINT('Origin',(-136.,118.693651547294,8.45650379917835));
#335=CARTESIAN_POINT('',(-136.,118.693651547294,0.172009949458303));
#336=CARTESIAN_POINT('',(-136.,118.693651547294,8.45650379917835));
#337=CARTESIAN_POINT('',(-136.,118.693651547294,0.172009949458303));
#338=CARTESIAN_POINT('',(-135.5,118.693651547294,8.45650379917835));
#339=CARTESIAN_POINT('',(-136.,118.693651547294,8.45650379917835));
#340=CARTESIAN_POINT('',(-135.5,118.693651547294,0.172009949458303));
#341=CARTESIAN_POINT('',(-135.5,118.693651547294,0.172009949458303));
#342=CARTESIAN_POINT('Ctrl Pts',(-135.5,118.693651547294,0.172009949458303));
#343=CARTESIAN_POINT('Ctrl Pts',(-135.666666666667,118.693651547294,0.172009949458303));
#344=CARTESIAN_POINT('Ctrl Pts',(-135.833333333333,118.693651547294,0.172009949458303));
#345=CARTESIAN_POINT('Ctrl Pts',(-136.,118.693651547294,0.172009949458303));
#346=CARTESIAN_POINT('Origin',(-136.,116.193651547294,8.45650379917835));
#347=CARTESIAN_POINT('',(-136.,113.731436056948,8.8895105879232));
#348=CARTESIAN_POINT('Origin',(-136.,116.193651547294,8.45650379917835));
#349=CARTESIAN_POINT('',(-135.5,113.731436056948,8.8895105879232));
#350=CARTESIAN_POINT('',(-136.,113.731436056948,8.8895105879232));
#351=CARTESIAN_POINT('Origin',(-135.5,116.193651547294,8.45650379917835));
#352=CARTESIAN_POINT('Ctrl Pts',(-136.,109.403766074247,0.379559723669692));
#353=CARTESIAN_POINT('Ctrl Pts',(-135.5,109.403766074247,0.379559723669692));
#354=CARTESIAN_POINT('Ctrl Pts',(-136.,112.840146042352,3.82134967827752));
#355=CARTESIAN_POINT('Ctrl Pts',(-135.5,112.840146042352,3.82134967827752));
#356=CARTESIAN_POINT('Ctrl Pts',(-136.,113.731436056948,8.8895105879232));
#357=CARTESIAN_POINT('Ctrl Pts',(-135.5,113.731436056948,8.8895105879232));
#358=CARTESIAN_POINT('',(-136.,109.403766074247,0.379559723669692));
#359=CARTESIAN_POINT('Ctrl Pts',(-136.,109.403766074247,0.379559723669692));
#360=CARTESIAN_POINT('Ctrl Pts',(-136.,112.840146042352,3.82134967827752));
#361=CARTESIAN_POINT('Ctrl Pts',(-136.,113.731436056948,8.8895105879232));
#362=CARTESIAN_POINT('',(-135.5,109.403766074247,0.379559723669692));
#363=CARTESIAN_POINT('',(-136.,109.403766074247,0.379559723669692));
#364=CARTESIAN_POINT('Ctrl Pts',(-135.5,109.403766074247,0.379559723669692));
#365=CARTESIAN_POINT('Ctrl Pts',(-135.5,112.840146042352,3.82134967827752));
#366=CARTESIAN_POINT('Ctrl Pts',(-135.5,113.731436056948,8.8895105879232));
#367=CARTESIAN_POINT('Origin',(-135.5,114.048708810771,5.5594152766225));
#368=CARTESIAN_POINT('Ctrl Pts',(-135.5,109.403766074247,0.379559723669693));
#369=CARTESIAN_POINT('Ctrl Pts',(-135.5,111.092859382651,0.334097249883238));
#370=CARTESIAN_POINT('Ctrl Pts',(-135.5,112.759868037669,0.315935289926995));
#371=CARTESIAN_POINT('Ctrl Pts',(-135.5,116.354264212211,0.238025715926627));
#372=CARTESIAN_POINT('Ctrl Pts',(-135.5,117.280583054335,0.202222737443288));
#373=CARTESIAN_POINT('Ctrl Pts',(-135.5,118.693651547294,0.172009949458303));
#374=CARTESIAN_POINT('Origin',(-136.,65.0054458250176,-3.71040391311339));
#375=CARTESIAN_POINT('',(-136.,106.290445247433,0.502740050199391));
#376=CARTESIAN_POINT('Ctrl Pts',(-136.,106.290445247433,0.50274005019939));
#377=CARTESIAN_POINT('Ctrl Pts',(-136.,106.437448397642,0.49490213834742));
#378=CARTESIAN_POINT('Ctrl Pts',(-136.,106.585767868622,0.487259012798128));
#379=CARTESIAN_POINT('Ctrl Pts',(-136.,106.735802917568,0.479832626570768));
#380=CARTESIAN_POINT('Ctrl Pts',(-136.,106.871659532898,0.473108039855346));
#381=CARTESIAN_POINT('Ctrl Pts',(-136.,107.008923488154,0.466561256081923));
#382=CARTESIAN_POINT('Ctrl Pts',(-136.,107.147850965559,0.460207253476916));
#383=CARTESIAN_POINT('Ctrl Pts',(-136.,107.278032696491,0.454253247308264));
#384=CARTESIAN_POINT('Ctrl Pts',(-136.,107.409675519929,0.448468567153389));
#385=CARTESIAN_POINT('Ctrl Pts',(-136.,107.542945645177,0.442863359489146));
#386=CARTESIAN_POINT('Ctrl Pts',(-136.,107.668532477132,0.437581303426782));
#387=CARTESIAN_POINT('Ctrl Pts',(-136.,107.795564757402,0.43245866456624));
#388=CARTESIAN_POINT('Ctrl Pts',(-136.,107.924135546157,0.427501309863582));
#389=CARTESIAN_POINT('Ctrl Pts',(-136.,108.044346557524,0.422866286400783));
#390=CARTESIAN_POINT('Ctrl Pts',(-136.,108.16590266709,0.418375774421712));
#391=CARTESIAN_POINT('Ctrl Pts',(-136.,108.288834758787,0.414031755317462));
#392=CARTESIAN_POINT('Ctrl Pts',(-136.,108.410463241649,0.409733801496941));
#393=CARTESIAN_POINT('Ctrl Pts',(-136.,108.533439025808,0.4055792804152));
#394=CARTESIAN_POINT('Ctrl Pts',(-136.,108.657741526787,0.401566805325876));
#395=CARTESIAN_POINT('Ctrl Pts',(-136.,108.783524200278,0.397506550382683));
#396=CARTESIAN_POINT('Ctrl Pts',(-136.,108.910665346145,0.393591744469409));
#397=CARTESIAN_POINT('Ctrl Pts',(-136.,109.03908989911,0.38981737093125));
#398=CARTESIAN_POINT('Ctrl Pts',(-136.,109.159554468555,0.38627693981661));
#399=CARTESIAN_POINT('Ctrl Pts',(-136.,109.281147708183,0.382860035277823));
#400=CARTESIAN_POINT('Ctrl Pts',(-136.,109.403766074247,0.379559723669693));
#401=CARTESIAN_POINT('',(-136.,130.,0.));
#402=CARTESIAN_POINT('Ctrl Pts',(-136.,118.693651547294,0.172009949458301));
#403=CARTESIAN_POINT('Ctrl Pts',(-136.,118.810052617548,0.169521180602212));
#404=CARTESIAN_POINT('Ctrl Pts',(-136.,118.926970552317,0.167135545541962));
#405=CARTESIAN_POINT('Ctrl Pts',(-136.,119.044588619188,0.164848971450456));
#406=CARTESIAN_POINT('Ctrl Pts',(-136.,119.164946350332,0.162509136448311));
#407=CARTESIAN_POINT('Ctrl Pts',(-136.,119.286037192992,0.160272972766301));
#408=CARTESIAN_POINT('Ctrl Pts',(-136.,119.408001257708,0.158129720107577));
#409=CARTESIAN_POINT('Ctrl Pts',(-136.,119.533662130197,0.155921504108161));
#410=CARTESIAN_POINT('Ctrl Pts',(-136.,119.660249768239,0.153811820572709));
#411=CARTESIAN_POINT('Ctrl Pts',(-136.,119.787860522449,0.151783455738705));
#412=CARTESIAN_POINT('Ctrl Pts',(-136.,119.918379441289,0.149708865812589));
#413=CARTESIAN_POINT('Ctrl Pts',(-136.,120.049968472758,0.147719237881321));
#414=CARTESIAN_POINT('Ctrl Pts',(-136.,120.182675417711,0.145792161087624));
#415=CARTESIAN_POINT('Ctrl Pts',(-136.,120.318360652769,0.143821835662525));
#416=CARTESIAN_POINT('Ctrl Pts',(-136.,120.455214430877,0.141916787208134));
#417=CARTESIAN_POINT('Ctrl Pts',(-136.,120.593232536146,0.140050581496594));
#418=CARTESIAN_POINT('Ctrl Pts',(-136.,120.735613894509,0.138125378251136));
#419=CARTESIAN_POINT('Ctrl Pts',(-136.,120.879234196496,0.136241373110413));
#420=CARTESIAN_POINT('Ctrl Pts',(-136.,121.024032367181,0.134368878760437));
#421=CARTESIAN_POINT('Ctrl Pts',(-136.,121.174449576637,0.132423720382308));
#422=CARTESIAN_POINT('Ctrl Pts',(-136.,121.326137606125,0.130490800058212));
#423=CARTESIAN_POINT('Ctrl Pts',(-136.,121.478971195793,0.128538646755447));
#424=CARTESIAN_POINT('Ctrl Pts',(-136.,121.638227847354,0.126504451268663));
#425=CARTESIAN_POINT('Ctrl Pts',(-136.,121.798728086989,0.124449085601979));
#426=CARTESIAN_POINT('Ctrl Pts',(-136.,121.960273825331,0.122342472688));
#427=CARTESIAN_POINT('Ctrl Pts',(-136.,122.129753946887,0.12013239264258));
#428=CARTESIAN_POINT('Ctrl Pts',(-136.,122.30038440966,0.117865523261148));
#429=CARTESIAN_POINT('Ctrl Pts',(-136.,122.471880746368,0.115518547489887));
#430=CARTESIAN_POINT('Ctrl Pts',(-136.,122.662560713288,0.112909038324754));
#431=CARTESIAN_POINT('Ctrl Pts',(-136.,122.854310914118,0.110200176060599));
#432=CARTESIAN_POINT('Ctrl Pts',(-136.,123.046676769476,0.107379940004222));
#433=CARTESIAN_POINT('Ctrl Pts',(-136.,123.262240241331,0.104219608485782));
#434=CARTESIAN_POINT('Ctrl Pts',(-136.,123.478575927866,0.100919214211857));
#435=CARTESIAN_POINT('Ctrl Pts',(-136.,123.694976731708,0.0974912912737964));
#436=CARTESIAN_POINT('Ctrl Pts',(-136.,123.967112517786,0.0931804916519781));
#437=CARTESIAN_POINT('Ctrl Pts',(-136.,124.239348368784,0.0886676166897099));
#438=CARTESIAN_POINT('Ctrl Pts',(-136.,124.510202703112,0.0840281180821406));
#439=CARTESIAN_POINT('Ctrl Pts',(-136.,124.750206557433,0.0799170613006361));
#440=CARTESIAN_POINT('Ctrl Pts',(-136.,124.989120811003,0.0757080387335948));
#441=CARTESIAN_POINT('Ctrl Pts',(-136.,125.225929059698,0.0714762140994746));
#442=CARTESIAN_POINT('Ctrl Pts',(-136.,125.424225689467,0.0679326020532569));
#443=CARTESIAN_POINT('Ctrl Pts',(-136.,125.621044776692,0.0643736229140246));
#444=CARTESIAN_POINT('Ctrl Pts',(-136.,125.81582953275,0.0608482455083767));
#445=CARTESIAN_POINT('Ctrl Pts',(-136.,125.9908742933,0.0576801390491806));
#446=CARTESIAN_POINT('Ctrl Pts',(-136.,126.164275616687,0.0545394234320277));
#447=CARTESIAN_POINT('Ctrl Pts',(-136.,126.335673143476,0.0514607633428146));
#448=CARTESIAN_POINT('Ctrl Pts',(-136.,126.497898105639,0.048546861807358));
#449=CARTESIAN_POINT('Ctrl Pts',(-136.,126.658327652664,0.0456886838463017));
#450=CARTESIAN_POINT('Ctrl Pts',(-136.,126.816704638815,0.0429121100866145));
#451=CARTESIAN_POINT('Ctrl Pts',(-136.,126.973152954219,0.0401693486674287));
#452=CARTESIAN_POINT('Ctrl Pts',(-136.,127.12759824536,0.0375062809441328));
#453=CARTESIAN_POINT('Ctrl Pts',(-136.,127.279844220113,0.0349430422590813));
#454=CARTESIAN_POINT('Ctrl Pts',(-136.,127.437510724099,0.032288542637602));
#455=CARTESIAN_POINT('Ctrl Pts',(-136.,127.592818574073,0.0297411130839095));
#456=CARTESIAN_POINT('Ctrl Pts',(-136.,127.745608516901,0.0273170269083182));
#457=CARTESIAN_POINT('Ctrl Pts',(-136.,127.90640553758,0.0247659045786124));
#458=CARTESIAN_POINT('Ctrl Pts',(-136.,128.064414272834,0.0223513340697939));
#459=CARTESIAN_POINT('Ctrl Pts',(-136.,128.219508165769,0.0200862377594786));
#460=CARTESIAN_POINT('Ctrl Pts',(-136.,128.388532584021,0.017617690617541));
#461=CARTESIAN_POINT('Ctrl Pts',(-136.,128.554095091097,0.0153266744807627));
#462=CARTESIAN_POINT('Ctrl Pts',(-136.,128.716096365044,0.0132233922130679));
#463=CARTESIAN_POINT('Ctrl Pts',(-136.,128.891083399675,0.0109515142330576));
#464=CARTESIAN_POINT('Ctrl Pts',(-136.,129.061916124466,0.00889860156678682));
#465=CARTESIAN_POINT('Ctrl Pts',(-136.,129.228535834969,0.00707067485207674));
#466=CARTESIAN_POINT('Ctrl Pts',(-136.,129.437768323413,0.00477525821703909));
#467=CARTESIAN_POINT('Ctrl Pts',(-136.,129.64035837664,0.00283450547524195));
#468=CARTESIAN_POINT('Ctrl Pts',(-136.,129.836279384524,0.00125117734949739));
#469=CARTESIAN_POINT('Ctrl Pts',(-136.,129.891380064743,0.000805883311453114));
#470=CARTESIAN_POINT('Ctrl Pts',(-136.,129.945953608608,0.000388823637291303));
#471=CARTESIAN_POINT('Ctrl Pts',(-136.,130.,0.));
#472=CARTESIAN_POINT('',(-136.,105.289902353694,-5.7));
#473=CARTESIAN_POINT('Ctrl Pts',(-136.,130.,0.));
#474=CARTESIAN_POINT('Ctrl Pts',(-136.,129.943273146517,-0.0304437157388987));
#475=CARTESIAN_POINT('Ctrl Pts',(-136.,129.880802600995,-0.0604651359047871));
#476=CARTESIAN_POINT('Ctrl Pts',(-136.,129.812597341438,-0.0900661329834265));
#477=CARTESIAN_POINT('Ctrl Pts',(-136.,129.753185023387,-0.115851004479688));
#478=CARTESIAN_POINT('Ctrl Pts',(-136.,129.689420021122,-0.141316618455372));
#479=CARTESIAN_POINT('Ctrl Pts',(-136.,129.621342208219,-0.166471123217077));
#480=CARTESIAN_POINT('Ctrl Pts',(-136.,129.560063058787,-0.189113546503537));
#481=CARTESIAN_POINT('Ctrl Pts',(-136.,129.4952887558,-0.211503739735562));
#482=CARTESIAN_POINT('Ctrl Pts',(-136.,129.42709019785,-0.233656123109841));
#483=CARTESIAN_POINT('Ctrl Pts',(-136.,129.364193139521,-0.254086463444268));
#484=CARTESIAN_POINT('Ctrl Pts',(-136.,129.298383131788,-0.274314447728738));
#485=CARTESIAN_POINT('Ctrl Pts',(-136.,129.229760824128,-0.294360607465119));
#486=CARTESIAN_POINT('Ctrl Pts',(-136.,129.163426429936,-0.313738414877017));
#487=CARTESIAN_POINT('Ctrl Pts',(-136.,129.094463966822,-0.332946295772007));
#488=CARTESIAN_POINT('Ctrl Pts',(-136.,129.023012850515,-0.352012694998105));
#489=CARTESIAN_POINT('Ctrl Pts',(-136.,128.953182586768,-0.370646577230564));
#490=CARTESIAN_POINT('Ctrl Pts',(-136.,128.880975176628,-0.389145311319187));
#491=CARTESIAN_POINT('Ctrl Pts',(-136.,128.806569770467,-0.407545272288675));
#492=CARTESIAN_POINT('Ctrl Pts',(-136.,128.729439056399,-0.42661918373724));
#493=CARTESIAN_POINT('Ctrl Pts',(-136.,128.649946420373,-0.44558701345175));
#494=CARTESIAN_POINT('Ctrl Pts',(-136.,128.568348379866,-0.464500333823211));
#495=CARTESIAN_POINT('Ctrl Pts',(-136.,128.476194114569,-0.485860444094448));
#496=CARTESIAN_POINT('Ctrl Pts',(-136.,128.381355135957,-0.507151361319715));
#497=CARTESIAN_POINT('Ctrl Pts',(-136.,128.284266260816,-0.528457921132466));
#498=CARTESIAN_POINT('Ctrl Pts',(-136.,128.154447266076,-0.556947242614914));
#499=CARTESIAN_POINT('Ctrl Pts',(-136.,128.020607527461,-0.585465977415098));
#500=CARTESIAN_POINT('Ctrl Pts',(-136.,127.883881388332,-0.614220774427766));
#501=CARTESIAN_POINT('Ctrl Pts',(-136.,127.766956127586,-0.638811259903503));
#502=CARTESIAN_POINT('Ctrl Pts',(-136.,127.647924339249,-0.66357518444164));
#503=CARTESIAN_POINT('Ctrl Pts',(-136.,127.527499135961,-0.688627817981806));
#504=CARTESIAN_POINT('Ctrl Pts',(-136.,127.427720793793,-0.709385185819452));
#505=CARTESIAN_POINT('Ctrl Pts',(-136.,127.326987111042,-0.730340860513045));
#506=CARTESIAN_POINT('Ctrl Pts',(-136.,127.225677218435,-0.751545740148401));
#507=CARTESIAN_POINT('Ctrl Pts',(-136.,127.1259502929,-0.772419293539454));
#508=CARTESIAN_POINT('Ctrl Pts',(-136.,127.025666475706,-0.793534727503634));
#509=CARTESIAN_POINT('Ctrl Pts',(-136.,126.925139914964,-0.814920882993149));
#510=CARTESIAN_POINT('Ctrl Pts',(-136.,126.834539991432,-0.834195232356079));
#511=CARTESIAN_POINT('Ctrl Pts',(-136.,126.743742766683,-0.853689341954962));
#512=CARTESIAN_POINT('Ctrl Pts',(-136.,126.652931660754,-0.873406882326806));
#513=CARTESIAN_POINT('Ctrl Pts',(-136.,126.565256234003,-0.89244358217655));
#514=CARTESIAN_POINT('Ctrl Pts',(-136.,126.477568049408,-0.911688559354107));
#515=CARTESIAN_POINT('Ctrl Pts',(-136.,126.389985777586,-0.931128714503828));
#516=CARTESIAN_POINT('Ctrl Pts',(-136.,126.30201865442,-0.950654292989623));
#517=CARTESIAN_POINT('Ctrl Pts',(-136.,126.214158467164,-0.970376742915389));
#518=CARTESIAN_POINT('Ctrl Pts',(-136.,126.126474065405,-0.990265431871019));
#519=CARTESIAN_POINT('Ctrl Pts',(-136.,126.029242690004,-1.01231957768581));
#520=CARTESIAN_POINT('Ctrl Pts',(-136.,125.932227480414,-1.03457800021965));
#521=CARTESIAN_POINT('Ctrl Pts',(-136.,125.835458491295,-1.05697895676236));
#522=CARTESIAN_POINT('Ctrl Pts',(-136.,125.729028626881,-1.08161629966832));
#523=CARTESIAN_POINT('Ctrl Pts',(-136.,125.622896020098,-1.10642560194446));
#524=CARTESIAN_POINT('Ctrl Pts',(-136.,125.517031755132,-1.13130651982861));
#525=CARTESIAN_POINT('Ctrl Pts',(-136.,125.395334510039,-1.15990860914426));
#526=CARTESIAN_POINT('Ctrl Pts',(-136.,125.273991174649,-1.18860448016185));
#527=CARTESIAN_POINT('Ctrl Pts',(-136.,125.152880415799,-1.21722926890689));
#528=CARTESIAN_POINT('Ctrl Pts',(-136.,125.005073833568,-1.25216367301472));
#529=CARTESIAN_POINT('Ctrl Pts',(-136.,124.857609777007,-1.28698881751064));
#530=CARTESIAN_POINT('Ctrl Pts',(-136.,124.710191873981,-1.32142134403971));
#531=CARTESIAN_POINT('Ctrl Pts',(-136.,124.598832666038,-1.34743161011381));
#532=CARTESIAN_POINT('Ctrl Pts',(-136.,124.48749697499,-1.37321769421989));
#533=CARTESIAN_POINT('Ctrl Pts',(-136.,124.376068241223,-1.39868408977653));
#534=CARTESIAN_POINT('Ctrl Pts',(-136.,124.277449213544,-1.42122290075806));
#535=CARTESIAN_POINT('Ctrl Pts',(-136.,124.178756552703,-1.44351120881895));
#536=CARTESIAN_POINT('Ctrl Pts',(-136.,124.079938197212,-1.4655081798458));
#537=CARTESIAN_POINT('Ctrl Pts',(-136.,123.986668995984,-1.48626990884776));
#538=CARTESIAN_POINT('Ctrl Pts',(-136.,123.893287263603,-1.5067719323896));
#539=CARTESIAN_POINT('Ctrl Pts',(-136.,123.799785373197,-1.52700597374412));
#540=CARTESIAN_POINT('Ctrl Pts',(-136.,123.702444321064,-1.54807081923335));
#541=CARTESIAN_POINT('Ctrl Pts',(-136.,123.604972815127,-1.56884505685634));
#542=CARTESIAN_POINT('Ctrl Pts',(-136.,123.507412483905,-1.58935305073233));
#543=CARTESIAN_POINT('Ctrl Pts',(-136.,123.400198340299,-1.61189035634569));
#544=CARTESIAN_POINT('Ctrl Pts',(-136.,123.292877522508,-1.63410620079852));
#545=CARTESIAN_POINT('Ctrl Pts',(-136.,123.185560334139,-1.65607297946093));
#546=CARTESIAN_POINT('Ctrl Pts',(-136.,123.058205146656,-1.68214134052671));
#547=CARTESIAN_POINT('Ctrl Pts',(-136.,122.930856627351,-1.70785898340877));
#548=CARTESIAN_POINT('Ctrl Pts',(-136.,122.8037578715,-1.73340134057525));
#549=CARTESIAN_POINT('Ctrl Pts',(-136.,122.661767009445,-1.76193648467416));
#550=CARTESIAN_POINT('Ctrl Pts',(-136.,122.520093765651,-1.79025488832545));
#551=CARTESIAN_POINT('Ctrl Pts',(-136.,122.379083029741,-1.8186467869741));
#552=CARTESIAN_POINT('Ctrl Pts',(-136.,122.269693150825,-1.84067196353486));
#553=CARTESIAN_POINT('Ctrl Pts',(-136.,122.160702975268,-1.86274277254252));
#554=CARTESIAN_POINT('Ctrl Pts',(-136.,122.052237994,-1.88499652143134));
#555=CARTESIAN_POINT('Ctrl Pts',(-136.,121.955569619849,-1.90482996166896));
#556=CARTESIAN_POINT('Ctrl Pts',(-136.,121.859318817042,-1.92480913466172));
#557=CARTESIAN_POINT('Ctrl Pts',(-136.,121.763534636321,-1.94502307338593));
#558=CARTESIAN_POINT('Ctrl Pts',(-136.,121.675367638919,-1.96362950995562));
#559=CARTESIAN_POINT('Ctrl Pts',(-136.,121.587596362778,-1.98243511954284));
#560=CARTESIAN_POINT('Ctrl Pts',(-136.,121.500218046438,-2.00149752404479));
#561=CARTESIAN_POINT('Ctrl Pts',(-136.,121.416761651611,-2.01970432434862));
#562=CARTESIAN_POINT('Ctrl Pts',(-136.,121.333664109965,-2.03814559756782));
#563=CARTESIAN_POINT('Ctrl Pts',(-136.,121.25087853914,-2.05685694524671));
#564=CARTESIAN_POINT('Ctrl Pts',(-136.,121.165581903959,-2.076135848331));
#565=CARTESIAN_POINT('Ctrl Pts',(-136.,121.080616459,-2.09570157384024));
#566=CARTESIAN_POINT('Ctrl Pts',(-136.,120.995876517965,-2.11557370905536));
#567=CARTESIAN_POINT('Ctrl Pts',(-136.,120.905990005599,-2.13665275284432));
#568=CARTESIAN_POINT('Ctrl Pts',(-136.,120.816356837799,-2.15807661252885));
#569=CARTESIAN_POINT('Ctrl Pts',(-136.,120.726794574681,-2.17984616591113));
#570=CARTESIAN_POINT('Ctrl Pts',(-136.,120.627323933911,-2.20402411038044));
#571=CARTESIAN_POINT('Ctrl Pts',(-136.,120.527940080431,-2.22862864711829));
#572=CARTESIAN_POINT('Ctrl Pts',(-136.,120.428332370725,-2.25363154252827));
#573=CARTESIAN_POINT('Ctrl Pts',(-136.,120.301606371128,-2.28544149903627));
#574=CARTESIAN_POINT('Ctrl Pts',(-136.,120.174514495722,-2.31789705890575));
#575=CARTESIAN_POINT('Ctrl Pts',(-136.,120.046352644256,-2.35088437052914));
#576=CARTESIAN_POINT('Ctrl Pts',(-136.,119.934565408539,-2.37965705395948));
#577=CARTESIAN_POINT('Ctrl Pts',(-136.,119.821960169226,-2.40883275003449));
#578=CARTESIAN_POINT('Ctrl Pts',(-136.,119.708090675539,-2.43831048230131));
#579=CARTESIAN_POINT('Ctrl Pts',(-136.,119.610655215806,-2.46353388764264));
#580=CARTESIAN_POINT('Ctrl Pts',(-136.,119.512293352049,-2.48897782926705));
#581=CARTESIAN_POINT('Ctrl Pts',(-136.,119.412766022146,-2.51457132590449));
#582=CARTESIAN_POINT('Ctrl Pts',(-136.,119.32368211167,-2.53747929264525));
#583=CARTESIAN_POINT('Ctrl Pts',(-136.,119.233663998075,-2.56050680260389));
#584=CARTESIAN_POINT('Ctrl Pts',(-136.,119.142582411494,-2.58360147783942));
#585=CARTESIAN_POINT('Ctrl Pts',(-136.,119.058211745215,-2.60499453004973));
#586=CARTESIAN_POINT('Ctrl Pts',(-136.,118.972928174265,-2.62644506370238));
#587=CARTESIAN_POINT('Ctrl Pts',(-136.,118.886673555677,-2.64791290559634));
#588=CARTESIAN_POINT('Ctrl Pts',(-136.,118.802810178013,-2.66878559348076));
#589=CARTESIAN_POINT('Ctrl Pts',(-136.,118.718028464374,-2.68967453587791));
#590=CARTESIAN_POINT('Ctrl Pts',(-136.,118.632325133835,-2.71054612127036));
#591=CARTESIAN_POINT('Ctrl Pts',(-136.,118.544818601254,-2.73185684578573));
#592=CARTESIAN_POINT('Ctrl Pts',(-136.,118.456351388863,-2.753149419325));
#593=CARTESIAN_POINT('Ctrl Pts',(-136.,118.366974592268,-2.77439274621489));
#594=CARTESIAN_POINT('Ctrl Pts',(-136.,118.275271885486,-2.79618890194068));
#595=CARTESIAN_POINT('Ctrl Pts',(-136.,118.182611776071,-2.81793314634811));
#596=CARTESIAN_POINT('Ctrl Pts',(-136.,118.089104286211,-2.83959772715534));
#597=CARTESIAN_POINT('Ctrl Pts',(-136.,117.989364916715,-2.86270616085773));
#598=CARTESIAN_POINT('Ctrl Pts',(-136.,117.888661801428,-2.8857238615795));
#599=CARTESIAN_POINT('Ctrl Pts',(-136.,117.787188292849,-2.908625200593));
#600=CARTESIAN_POINT('Ctrl Pts',(-136.,117.671283748997,-2.93478344907695));
#601=CARTESIAN_POINT('Ctrl Pts',(-136.,117.554374957513,-2.96078963713001));
#602=CARTESIAN_POINT('Ctrl Pts',(-136.,117.436816614979,-2.98661866932962));
#603=CARTESIAN_POINT('Ctrl Pts',(-136.,117.272872990727,-3.02263912571301));
#604=CARTESIAN_POINT('Ctrl Pts',(-136.,117.10766999501,-3.05831296818653));
#605=CARTESIAN_POINT('Ctrl Pts',(-136.,116.942261808092,-3.09361642540427));
#606=CARTESIAN_POINT('Ctrl Pts',(-136.,116.821276629393,-3.11943857580542));
#607=CARTESIAN_POINT('Ctrl Pts',(-136.,116.700184821945,-3.14506362063906));
#608=CARTESIAN_POINT('Ctrl Pts',(-136.,116.579383813368,-3.17050003433534));
#609=CARTESIAN_POINT('Ctrl Pts',(-136.,116.473493780503,-3.19279672468577));
#610=CARTESIAN_POINT('Ctrl Pts',(-136.,116.367828016762,-3.21494870209881));
#611=CARTESIAN_POINT('Ctrl Pts',(-136.,116.262620906161,-3.23697133752842));
#612=CARTESIAN_POINT('Ctrl Pts',(-136.,116.163206684356,-3.2577813678659));
#613=CARTESIAN_POINT('Ctrl Pts',(-136.,116.064202679416,-3.27847598184371));
#614=CARTESIAN_POINT('Ctrl Pts',(-136.,115.965764402181,-3.29907553343303));
#615=CARTESIAN_POINT('Ctrl Pts',(-136.,115.87040232111,-3.31903134903519));
#616=CARTESIAN_POINT('Ctrl Pts',(-136.,115.775571814292,-3.33889798385912));
#617=CARTESIAN_POINT('Ctrl Pts',(-136.,115.681363862386,-3.35870034767627));
#618=CARTESIAN_POINT('Ctrl Pts',(-136.,115.590099908977,-3.37788388762413));
#619=CARTESIAN_POINT('Ctrl Pts',(-136.,115.499420740508,-3.39700713396087));
#620=CARTESIAN_POINT('Ctrl Pts',(-136.,115.409352392718,-3.41609845384434));
#621=CARTESIAN_POINT('Ctrl Pts',(-136.,115.326722141564,-3.43361315901587));
#622=CARTESIAN_POINT('Ctrl Pts',(-136.,115.244605829487,-3.45110105164332));
#623=CARTESIAN_POINT('Ctrl Pts',(-136.,115.162973554341,-3.46858828100205));
#624=CARTESIAN_POINT('Ctrl Pts',(-136.,115.078262273924,-3.48673509348845));
#625=CARTESIAN_POINT('Ctrl Pts',(-136.,114.994072307571,-3.50488121810507));
#626=CARTESIAN_POINT('Ctrl Pts',(-136.,114.91031148419,-3.52306025612378));
#627=CARTESIAN_POINT('Ctrl Pts',(-136.,114.822458250533,-3.54212749078372));
#628=CARTESIAN_POINT('Ctrl Pts',(-136.,114.735076862362,-3.56123099410037));
#629=CARTESIAN_POINT('Ctrl Pts',(-136.,114.647999780103,-3.5804135305442));
#630=CARTESIAN_POINT('Ctrl Pts',(-136.,114.554843317639,-3.60093531641285));
#631=CARTESIAN_POINT('Ctrl Pts',(-136.,114.462034824614,-3.62154764589548));
#632=CARTESIAN_POINT('Ctrl Pts',(-136.,114.369304855642,-3.64230617816384));
#633=CARTESIAN_POINT('Ctrl Pts',(-136.,114.265640459435,-3.66551249147999));
#634=CARTESIAN_POINT('Ctrl Pts',(-136.,114.162073535376,-3.6889017119921));
#635=CARTESIAN_POINT('Ctrl Pts',(-136.,114.058156569661,-3.71255337423069));
#636=CARTESIAN_POINT('Ctrl Pts',(-136.,113.926605078852,-3.74249469715314));
#637=CARTESIAN_POINT('Ctrl Pts',(-136.,113.794490554886,-3.77285739679245));
#638=CARTESIAN_POINT('Ctrl Pts',(-136.,113.660814184701,-3.80379762743006));
#639=CARTESIAN_POINT('Ctrl Pts',(-136.,113.526202931823,-3.83495424250478));
#640=CARTESIAN_POINT('Ctrl Pts',(-136.,113.390000974713,-3.86669733770913));
#641=CARTESIAN_POINT('Ctrl Pts',(-136.,113.251185955,-3.8991684661762));
#642=CARTESIAN_POINT('Ctrl Pts',(-136.,113.145944864156,-3.92378609752363));
#643=CARTESIAN_POINT('Ctrl Pts',(-136.,113.039201027585,-3.94882191024391));
#644=CARTESIAN_POINT('Ctrl Pts',(-136.,112.930545182443,-3.97432629593098));
#645=CARTESIAN_POINT('Ctrl Pts',(-136.,112.833047786048,-3.99721150010834));
#646=CARTESIAN_POINT('Ctrl Pts',(-136.,112.734010385902,-4.02047396439526));
#647=CARTESIAN_POINT('Ctrl Pts',(-136.,112.633179036478,-4.04414100206457));
#648=CARTESIAN_POINT('Ctrl Pts',(-136.,112.538993940225,-4.06624803756118));
#649=CARTESIAN_POINT('Ctrl Pts',(-136.,112.443243227527,-4.08870807749877));
#650=CARTESIAN_POINT('Ctrl Pts',(-136.,112.345764616854,-4.11153498335188));
#651=CARTESIAN_POINT('Ctrl Pts',(-136.,112.252323906031,-4.1334163201303));
#652=CARTESIAN_POINT('Ctrl Pts',(-136.,112.157295239164,-4.15563476732019));
#653=CARTESIAN_POINT('Ctrl Pts',(-136.,112.060582864586,-4.17819435853115));
#654=CARTESIAN_POINT('Ctrl Pts',(-136.,111.966944520559,-4.20003688666824));
#655=CARTESIAN_POINT('Ctrl Pts',(-136.,111.871727625306,-4.22219922315028));
#656=CARTESIAN_POINT('Ctrl Pts',(-136.,111.774893353245,-4.24467710338225));
#657=CARTESIAN_POINT('Ctrl Pts',(-136.,111.680308641356,-4.26663279923593));
#658=CARTESIAN_POINT('Ctrl Pts',(-136.,111.584180639817,-4.28888956039943));
#659=CARTESIAN_POINT('Ctrl Pts',(-136.,111.486522532241,-4.31143557536045));
#660=CARTESIAN_POINT('Ctrl Pts',(-136.,111.386585379757,-4.33450774613005));
#661=CARTESIAN_POINT('Ctrl Pts',(-136.,111.285045979755,-4.35788280475124));
#662=CARTESIAN_POINT('Ctrl Pts',(-136.,111.181973230777,-4.38153960574584));
#663=CARTESIAN_POINT('Ctrl Pts',(-136.,111.074637823573,-4.40617475318355));
#664=CARTESIAN_POINT('Ctrl Pts',(-136.,110.965639862394,-4.43111538417977));
#665=CARTESIAN_POINT('Ctrl Pts',(-136.,110.855112678748,-4.45632911264727));
#666=CARTESIAN_POINT('Ctrl Pts',(-136.,110.735771383106,-4.48355353766191));
#667=CARTESIAN_POINT('Ctrl Pts',(-136.,110.614647331488,-4.51109632867391));
#668=CARTESIAN_POINT('Ctrl Pts',(-136.,110.491969651004,-4.53890747097776));
#669=CARTESIAN_POINT('Ctrl Pts',(-136.,110.361527734443,-4.56847877269747));
#670=CARTESIAN_POINT('Ctrl Pts',(-136.,110.229329680624,-4.59835339204155));
#671=CARTESIAN_POINT('Ctrl Pts',(-136.,110.095713630671,-4.62846199587625));
#672=CARTESIAN_POINT('Ctrl Pts',(-136.,109.949949079082,-4.66130810334954));
#673=CARTESIAN_POINT('Ctrl Pts',(-136.,109.802497504092,-4.69443255843039));
#674=CARTESIAN_POINT('Ctrl Pts',(-136.,109.65386353042,-4.72773619735238));
#675=CARTESIAN_POINT('Ctrl Pts',(-136.,109.474367301529,-4.76795498076483));
#676=CARTESIAN_POINT('Ctrl Pts',(-136.,109.293147697208,-4.80843480342588));
#677=CARTESIAN_POINT('Ctrl Pts',(-136.,109.111175739873,-4.8489910282922));
#678=CARTESIAN_POINT('Ctrl Pts',(-136.,108.914904386594,-4.89273417011997));
#679=CARTESIAN_POINT('Ctrl Pts',(-136.,108.717763326448,-4.93656520466655));
#680=CARTESIAN_POINT('Ctrl Pts',(-136.,108.521002669857,-4.98025252390117));
#681=CARTESIAN_POINT('Ctrl Pts',(-136.,108.367370206553,-5.01436396968225));
#682=CARTESIAN_POINT('Ctrl Pts',(-136.,108.213971371142,-5.048387620676));
#683=CARTESIAN_POINT('Ctrl Pts',(-136.,108.061376802548,-5.08221967637758));
#684=CARTESIAN_POINT('Ctrl Pts',(-136.,107.9231764545,-5.11286035983182));
#685=CARTESIAN_POINT('Ctrl Pts',(-136.,107.78563652564,-5.143343792241));
#686=CARTESIAN_POINT('Ctrl Pts',(-136.,107.649144155916,-5.17360049497475));
#687=CARTESIAN_POINT('Ctrl Pts',(-136.,107.520897295969,-5.20202938902796));
#688=CARTESIAN_POINT('Ctrl Pts',(-136.,107.393575707586,-5.23025805526976));
#689=CARTESIAN_POINT('Ctrl Pts',(-136.,107.267458221679,-5.25823707816305));
#690=CARTESIAN_POINT('Ctrl Pts',(-136.,107.147056177402,-5.28494813673673));
#691=CARTESIAN_POINT('Ctrl Pts',(-136.,107.027751894441,-5.3114316198782));
#692=CARTESIAN_POINT('Ctrl Pts',(-136.,106.909742781921,-5.33765303125374));
#693=CARTESIAN_POINT('Ctrl Pts',(-136.,106.7961964666,-5.36288281716261));
#694=CARTESIAN_POINT('Ctrl Pts',(-136.,106.683849462801,-5.38786994199201));
#695=CARTESIAN_POINT('Ctrl Pts',(-136.,106.572830694202,-5.41259232605474));
#696=CARTESIAN_POINT('Ctrl Pts',(-136.,106.460252748887,-5.43766191776611));
#697=CARTESIAN_POINT('Ctrl Pts',(-136.,106.349041402612,-5.46245914481046));
#698=CARTESIAN_POINT('Ctrl Pts',(-136.,106.239273631581,-5.48697142314562));
#699=CARTESIAN_POINT('Ctrl Pts',(-136.,106.139727865766,-5.5092010220145));
#700=CARTESIAN_POINT('Ctrl Pts',(-136.,106.041368997771,-5.53119633755595));
#701=CARTESIAN_POINT('Ctrl Pts',(-136.,105.944206209436,-5.55295665449921));
#702=CARTESIAN_POINT('Ctrl Pts',(-136.,105.84851798894,-5.5743867311921));
#703=CARTESIAN_POINT('Ctrl Pts',(-136.,105.753990065701,-5.59558884784858));
#704=CARTESIAN_POINT('Ctrl Pts',(-136.,105.660581640097,-5.61657116450843));
#705=CARTESIAN_POINT('Ctrl Pts',(-136.,105.564875542204,-5.6380696068522));
#706=CARTESIAN_POINT('Ctrl Pts',(-136.,105.470344585922,-5.65933732390441));
#707=CARTESIAN_POINT('Ctrl Pts',(-136.,105.376890529046,-5.68039274708753));
#708=CARTESIAN_POINT('Ctrl Pts',(-136.,105.347791765166,-5.68694876838916));
#709=CARTESIAN_POINT('Ctrl Pts',(-136.,105.318797028459,-5.69348427485103));
#710=CARTESIAN_POINT('Ctrl Pts',(-136.,105.289902353694,-5.70000000000001));
#711=CARTESIAN_POINT('',(-136.,103.5,-5.7));
#712=CARTESIAN_POINT('',(-136.,85.147674089356,-5.7));
#713=CARTESIAN_POINT('',(-136.,103.290445247433,0.292672184800177));
#714=CARTESIAN_POINT('Origin',(-136.,103.5,-2.7));
#715=CARTESIAN_POINT('',(-136.,84.1018773580746,-1.05096164739498));
#716=CARTESIAN_POINT('',(-136.,102.475,-2.7));
#717=CARTESIAN_POINT('Origin',(-136.,103.5,-2.7));
#718=CARTESIAN_POINT('Origin',(0.,103.5,-2.7));
#719=CARTESIAN_POINT('',(-70.2,103.5,-5.7));
#720=CARTESIAN_POINT('',(0.,103.5,-5.7));
#721=CARTESIAN_POINT('',(-70.2,103.290445247433,0.292672184800178));
#722=CARTESIAN_POINT('Origin',(-70.2,103.5,-2.7));
#723=CARTESIAN_POINT('',(0.,103.290445247433,0.292672184800177));
#724=CARTESIAN_POINT('Origin',(0.,103.290445247433,0.292672184800177));
#725=CARTESIAN_POINT('',(-70.2,106.290445247433,0.502740050199392));
#726=CARTESIAN_POINT('',(-70.2,84.0991677313198,-1.05115138256445));
#727=CARTESIAN_POINT('Ctrl Pts',(-70.2,106.290445247433,0.502740050199392));
#728=CARTESIAN_POINT('Ctrl Pts',(-85.3,106.290445247433,0.502740050199391));
#729=CARTESIAN_POINT('Ctrl Pts',(-100.4,106.290445247433,0.502740050199391));
#730=CARTESIAN_POINT('Ctrl Pts',(-122.333333333333,106.290445247433,0.502740050199391));
#731=CARTESIAN_POINT('Ctrl Pts',(-129.166666666667,106.290445247433,0.502740050199391));
#732=CARTESIAN_POINT('Ctrl Pts',(-136.,106.290445247433,0.502740050199391));
#733=CARTESIAN_POINT('Origin',(-70.2,65.,-3.71040391311339));
#734=CARTESIAN_POINT('',(-70.2,105.289902353694,-5.7));
#735=CARTESIAN_POINT('',(-70.2,85.1449511768472,-5.7));
#736=CARTESIAN_POINT('',(-70.2,130.,0.));
#737=CARTESIAN_POINT('Ctrl Pts',(-70.2,105.289902353694,-5.70000000000001));
#738=CARTESIAN_POINT('Ctrl Pts',(-70.2,105.382201039955,-5.67918672294487));
#739=CARTESIAN_POINT('Ctrl Pts',(-70.2,105.475524397433,-5.65817095338778));
#740=CARTESIAN_POINT('Ctrl Pts',(-70.2,105.569984949367,-5.63693174444777));
#741=CARTESIAN_POINT('Ctrl Pts',(-70.2,105.662958670466,-5.61602684554643));
#742=CARTESIAN_POINT('Ctrl Pts',(-70.2,105.757034304606,-5.59490544236488));
#743=CARTESIAN_POINT('Ctrl Pts',(-70.2,105.852269767185,-5.57355632376585));
#744=CARTESIAN_POINT('Ctrl Pts',(-70.2,105.94972924393,-5.55170864359173));
#745=CARTESIAN_POINT('Ctrl Pts',(-70.2,106.048403322406,-5.52962249007498));
#746=CARTESIAN_POINT('Ctrl Pts',(-70.2,106.14829866943,-5.50729571403631));
#747=CARTESIAN_POINT('Ctrl Pts',(-70.2,106.251715166054,-5.48418195521165));
#748=CARTESIAN_POINT('Ctrl Pts',(-70.2,106.356440360092,-5.46081033942865));
#749=CARTESIAN_POINT('Ctrl Pts',(-70.2,106.462425120951,-5.43718861716173));
#750=CARTESIAN_POINT('Ctrl Pts',(-70.2,106.572768753015,-5.41259539631193));
#751=CARTESIAN_POINT('Ctrl Pts',(-70.2,106.684477451744,-5.38773110867284));
#752=CARTESIAN_POINT('Ctrl Pts',(-70.2,106.797438737595,-5.3626148243053));
#753=CARTESIAN_POINT('Ctrl Pts',(-70.2,106.915326506457,-5.33640316511684));
#754=CARTESIAN_POINT('Ctrl Pts',(-70.2,107.03457826011,-5.30991708360944));
#755=CARTESIAN_POINT('Ctrl Pts',(-70.2,107.155009172713,-5.28318870445946));
#756=CARTESIAN_POINT('Ctrl Pts',(-70.2,107.281914297292,-5.25502344179945));
#757=CARTESIAN_POINT('Ctrl Pts',(-70.2,107.410128476754,-5.22658916908904));
#758=CARTESIAN_POINT('Ctrl Pts',(-70.2,107.539377448465,-5.19793430553641));
#759=CARTESIAN_POINT('Ctrl Pts',(-70.2,107.678357787226,-5.16712197031259));
#760=CARTESIAN_POINT('Ctrl Pts',(-70.2,107.818534198407,-5.13605462722507));
#761=CARTESIAN_POINT('Ctrl Pts',(-70.2,107.959505501604,-5.10480404140183));
#762=CARTESIAN_POINT('Ctrl Pts',(-70.2,108.119000317346,-5.06944715447041));
#763=CARTESIAN_POINT('Ctrl Pts',(-70.2,108.279511891282,-5.03385578675732));
#764=CARTESIAN_POINT('Ctrl Pts',(-70.2,108.440393182533,-4.99814729862332));
#765=CARTESIAN_POINT('Ctrl Pts',(-70.2,108.745089742743,-4.93051821993994));
#766=CARTESIAN_POINT('Ctrl Pts',(-70.2,109.051105449922,-4.86246828786984));
#767=CARTESIAN_POINT('Ctrl Pts',(-70.2,109.353798011297,-4.7948606047444));
#768=CARTESIAN_POINT('Ctrl Pts',(-70.2,109.517751126007,-4.75824097267824));
#769=CARTESIAN_POINT('Ctrl Pts',(-70.2,109.680726816349,-4.721752055482));
#770=CARTESIAN_POINT('Ctrl Pts',(-70.2,109.842026148184,-4.68552846484046));
#771=CARTESIAN_POINT('Ctrl Pts',(-70.2,109.979685749355,-4.65461373640368));
#772=CARTESIAN_POINT('Ctrl Pts',(-70.2,110.11612409712,-4.62389235245374));
#773=CARTESIAN_POINT('Ctrl Pts',(-70.2,110.250950748173,-4.59344221485417));
#774=CARTESIAN_POINT('Ctrl Pts',(-70.2,110.376288108433,-4.56513520109603));
#775=CARTESIAN_POINT('Ctrl Pts',(-70.2,110.500232320756,-4.53706266754031));
#776=CARTESIAN_POINT('Ctrl Pts',(-70.2,110.622515208159,-4.5092806988714));
#777=CARTESIAN_POINT('Ctrl Pts',(-70.2,110.737917202256,-4.48306202958418));
#778=CARTESIAN_POINT('Ctrl Pts',(-70.2,110.851839319285,-4.45710219650647));
#779=CARTESIAN_POINT('Ctrl Pts',(-70.2,110.964102183477,-4.43144150117711));
#780=CARTESIAN_POINT('Ctrl Pts',(-70.2,111.071084651082,-4.40698778242928));
#781=CARTESIAN_POINT('Ctrl Pts',(-70.2,111.176560047795,-4.38280576641747));
#782=CARTESIAN_POINT('Ctrl Pts',(-70.2,111.280419915758,-4.35892323200416));
#783=CARTESIAN_POINT('Ctrl Pts',(-70.2,111.38055389308,-4.33589746462895));
#784=CARTESIAN_POINT('Ctrl Pts',(-70.2,111.479185962459,-4.31315011485218));
#785=CARTESIAN_POINT('Ctrl Pts',(-70.2,111.576266757262,-4.29069872280076));
#786=CARTESIAN_POINT('Ctrl Pts',(-70.2,111.674219297356,-4.26804572655625));
#787=CARTESIAN_POINT('Ctrl Pts',(-70.2,111.770592513182,-4.24569404859));
#788=CARTESIAN_POINT('Ctrl Pts',(-70.2,111.865389259462,-4.22365336066568));
#789=CARTESIAN_POINT('Ctrl Pts',(-70.2,111.963095312719,-4.20093624523006));
#790=CARTESIAN_POINT('Ctrl Pts',(-70.2,112.059126816541,-4.17854949515314));
#791=CARTESIAN_POINT('Ctrl Pts',(-70.2,112.153541864761,-4.15649487752607));
#792=CARTESIAN_POINT('Ctrl Pts',(-70.2,112.251421849413,-4.13363087781928));
#793=CARTESIAN_POINT('Ctrl Pts',(-70.2,112.347564753948,-4.11112383112626));
#794=CARTESIAN_POINT('Ctrl Pts',(-70.2,112.442090743852,-4.08896643506996));
#795=CARTESIAN_POINT('Ctrl Pts',(-70.2,112.541976013136,-4.06555279535038));
#796=CARTESIAN_POINT('Ctrl Pts',(-70.2,112.640056143561,-4.04252957067111));
#797=CARTESIAN_POINT('Ctrl Pts',(-70.2,112.736530349142,-4.01987796636297));
#798=CARTESIAN_POINT('Ctrl Pts',(-70.2,112.84127417671,-3.99528470102858));
#799=CARTESIAN_POINT('Ctrl Pts',(-70.2,112.9441254694,-3.97112949587794));
#800=CARTESIAN_POINT('Ctrl Pts',(-70.2,113.045398769238,-3.94737662116724));
#801=CARTESIAN_POINT('Ctrl Pts',(-70.2,113.162641604743,-3.91987821450995));
#802=CARTESIAN_POINT('Ctrl Pts',(-70.2,113.277770424399,-3.89291910396693));
#803=CARTESIAN_POINT('Ctrl Pts',(-70.2,113.39133997041,-3.86642793523719));
#804=CARTESIAN_POINT('Ctrl Pts',(-70.2,113.567558495115,-3.82532330080618));
#805=CARTESIAN_POINT('Ctrl Pts',(-70.2,113.740029569088,-3.78534690757122));
#806=CARTESIAN_POINT('Ctrl Pts',(-70.2,113.910942611874,-3.74617742662413));
#807=CARTESIAN_POINT('Ctrl Pts',(-70.2,114.013319313881,-3.72271495580651));
#808=CARTESIAN_POINT('Ctrl Pts',(-70.2,114.115138908864,-3.69954082788017));
#809=CARTESIAN_POINT('Ctrl Pts',(-70.2,114.216847098482,-3.67658036915649));
#810=CARTESIAN_POINT('Ctrl Pts',(-70.2,114.307668495843,-3.65607758611431));
#811=CARTESIAN_POINT('Ctrl Pts',(-70.2,114.39840172086,-3.63574501575872));
#812=CARTESIAN_POINT('Ctrl Pts',(-70.2,114.489327645851,-3.61552944968831));
#813=CARTESIAN_POINT('Ctrl Pts',(-70.2,114.578252499585,-3.59575878190413));
#814=CARTESIAN_POINT('Ctrl Pts',(-70.2,114.667362507153,-3.57609991025623));
#815=CARTESIAN_POINT('Ctrl Pts',(-70.2,114.756872129073,-3.55650495403139));
#816=CARTESIAN_POINT('Ctrl Pts',(-70.2,114.840523425631,-3.53819247031115));
#817=CARTESIAN_POINT('Ctrl Pts',(-70.2,114.924523874442,-3.51993575441979));
#818=CARTESIAN_POINT('Ctrl Pts',(-70.2,115.009000054224,-3.50169852662177));
#819=CARTESIAN_POINT('Ctrl Pts',(-70.2,115.090097981914,-3.48419061628489));
#820=CARTESIAN_POINT('Ctrl Pts',(-70.2,115.171634559537,-3.4667006215076));
#821=CARTESIAN_POINT('Ctrl Pts',(-70.2,115.253672885378,-3.44919982775239));
#822=CARTESIAN_POINT('Ctrl Pts',(-70.2,115.341067481209,-3.43055640979767));
#823=CARTESIAN_POINT('Ctrl Pts',(-70.2,115.429031857411,-3.41190066670243));
#824=CARTESIAN_POINT('Ctrl Pts',(-70.2,115.517577703649,-3.39320292450358));
#825=CARTESIAN_POINT('Ctrl Pts',(-70.2,115.608233485566,-3.37405963872393));
#826=CARTESIAN_POINT('Ctrl Pts',(-70.2,115.699498247468,-3.35487231346557));
#827=CARTESIAN_POINT('Ctrl Pts',(-70.2,115.7913219872,-3.33561475684408));
#828=CARTESIAN_POINT('Ctrl Pts',(-70.2,115.888915505308,-3.31514714458656));
#829=CARTESIAN_POINT('Ctrl Pts',(-70.2,115.987140092235,-3.29460013721449));
#830=CARTESIAN_POINT('Ctrl Pts',(-70.2,116.085872396777,-3.27394924045538));
#831=CARTESIAN_POINT('Ctrl Pts',(-70.2,116.193006351377,-3.25154105049073));
#832=CARTESIAN_POINT('Ctrl Pts',(-70.2,116.300737640606,-3.22901041154032));
#833=CARTESIAN_POINT('Ctrl Pts',(-70.2,116.408842610495,-3.20633550919735));
#834=CARTESIAN_POINT('Ctrl Pts',(-70.2,116.532065660234,-3.18048960570086));
#835=CARTESIAN_POINT('Ctrl Pts',(-70.2,116.655773321025,-3.15445594184185));
#836=CARTESIAN_POINT('Ctrl Pts',(-70.2,116.779561677714,-3.12821792258239));
#837=CARTESIAN_POINT('Ctrl Pts',(-70.2,116.947305993234,-3.09266305539623));
#838=CARTESIAN_POINT('Ctrl Pts',(-70.2,117.115194311309,-3.05673087960834));
#839=CARTESIAN_POINT('Ctrl Pts',(-70.2,117.282127371691,-3.02042877131577));
#840=CARTESIAN_POINT('Ctrl Pts',(-70.2,117.40513390653,-2.99367914761521));
#841=CARTESIAN_POINT('Ctrl Pts',(-70.2,117.527618242248,-2.96672982343636));
#842=CARTESIAN_POINT('Ctrl Pts',(-70.2,117.649158565649,-2.93960273917228));
#843=CARTESIAN_POINT('Ctrl Pts',(-70.2,117.752454960395,-2.91654759232042));
#844=CARTESIAN_POINT('Ctrl Pts',(-70.2,117.855068654929,-2.89336429824228));
#845=CARTESIAN_POINT('Ctrl Pts',(-70.2,117.956777214287,-2.87007556063563));
#846=CARTESIAN_POINT('Ctrl Pts',(-70.2,118.051297280791,-2.8484328096098));
#847=CARTESIAN_POINT('Ctrl Pts',(-70.2,118.145035069855,-2.82669906908532));
#848=CARTESIAN_POINT('Ctrl Pts',(-70.2,118.237855602483,-2.80489930644305));
#849=CARTESIAN_POINT('Ctrl Pts',(-70.2,118.328114748898,-2.78370110910005));
#850=CARTESIAN_POINT('Ctrl Pts',(-70.2,118.41750639275,-2.76244054754778));
#851=CARTESIAN_POINT('Ctrl Pts',(-70.2,118.50595469147,-2.74114627189255));
#852=CARTESIAN_POINT('Ctrl Pts',(-70.2,118.592628024055,-2.72027932631273));
#853=CARTESIAN_POINT('Ctrl Pts',(-70.2,118.678395345236,-2.69938005928231));
#854=CARTESIAN_POINT('Ctrl Pts',(-70.2,118.76323452055,-2.67848011470432));
#855=CARTESIAN_POINT('Ctrl Pts',(-70.2,118.850304744305,-2.6570305562411));
#856=CARTESIAN_POINT('Ctrl Pts',(-70.2,118.936397166073,-2.63558033972737));
#857=CARTESIAN_POINT('Ctrl Pts',(-70.2,119.021544775153,-2.61416800758015));
#858=CARTESIAN_POINT('Ctrl Pts',(-70.2,119.112812812915,-2.59121655233553));
#859=CARTESIAN_POINT('Ctrl Pts',(-70.2,119.202995721328,-2.56830878038417));
#860=CARTESIAN_POINT('Ctrl Pts',(-70.2,119.292196391909,-2.54549531757253));
#861=CARTESIAN_POINT('Ctrl Pts',(-70.2,119.390474384013,-2.52036028996056));
#862=CARTESIAN_POINT('Ctrl Pts',(-70.2,119.487560731869,-2.49534003906509));
#863=CARTESIAN_POINT('Ctrl Pts',(-70.2,119.583657992864,-2.47050233966583));
#864=CARTESIAN_POINT('Ctrl Pts',(-70.2,119.692005737957,-2.44249832898602));
#865=CARTESIAN_POINT('Ctrl Pts',(-70.2,119.799096987855,-2.41472694197218));
#866=CARTESIAN_POINT('Ctrl Pts',(-70.2,119.905287887623,-2.38727823211518));
#867=CARTESIAN_POINT('Ctrl Pts',(-70.2,120.032741379601,-2.35433347009507));
#868=CARTESIAN_POINT('Ctrl Pts',(-70.2,120.158900887761,-2.32185533377733));
#869=CARTESIAN_POINT('Ctrl Pts',(-70.2,120.284443640637,-2.28997041905478));
#870=CARTESIAN_POINT('Ctrl Pts',(-70.2,120.389753140145,-2.26322427613258));
#871=CARTESIAN_POINT('Ctrl Pts',(-70.2,120.494632374863,-2.23689550642064));
#872=CARTESIAN_POINT('Ctrl Pts',(-70.2,120.599466648292,-2.21103121224362));
#873=CARTESIAN_POINT('Ctrl Pts',(-70.2,120.690372481147,-2.18860328742045));
#874=CARTESIAN_POINT('Ctrl Pts',(-70.2,120.781245417622,-2.16652444281235));
#875=CARTESIAN_POINT('Ctrl Pts',(-70.2,120.872299329566,-2.14480415568944));
#876=CARTESIAN_POINT('Ctrl Pts',(-70.2,120.957488034505,-2.12448297353051));
#877=CARTESIAN_POINT('Ctrl Pts',(-70.2,121.042835520234,-2.10447557964645));
#878=CARTESIAN_POINT('Ctrl Pts',(-70.2,121.128473997007,-2.08477124139987));
#879=CARTESIAN_POINT('Ctrl Pts',(-70.2,121.210625025216,-2.06586932128019));
#880=CARTESIAN_POINT('Ctrl Pts',(-70.2,121.293044152742,-2.04724626383734));
#881=CARTESIAN_POINT('Ctrl Pts',(-70.2,121.375802100032,-2.02887541419279));
#882=CARTESIAN_POINT('Ctrl Pts',(-70.2,121.461981191737,-2.00974512896898));
#883=CARTESIAN_POINT('Ctrl Pts',(-70.2,121.54852748357,-1.99088817357616));
#884=CARTESIAN_POINT('Ctrl Pts',(-70.2,121.63546655344,-1.97225591070933));
#885=CARTESIAN_POINT('Ctrl Pts',(-70.2,121.733196323628,-1.95131104931644));
#886=CARTESIAN_POINT('Ctrl Pts',(-70.2,121.831422405876,-1.93064993956168));
#887=CARTESIAN_POINT('Ctrl Pts',(-70.2,121.930115326687,-1.91018310741225));
#888=CARTESIAN_POINT('Ctrl Pts',(-70.2,122.040279017669,-1.88733747923816));
#889=CARTESIAN_POINT('Ctrl Pts',(-70.2,122.151023771591,-1.86473335066208));
#890=CARTESIAN_POINT('Ctrl Pts',(-70.2,122.262236738267,-1.84222854300117));
#891=CARTESIAN_POINT('Ctrl Pts',(-70.2,122.397679724189,-1.81482060273739));
#892=CARTESIAN_POINT('Ctrl Pts',(-70.2,122.533815849127,-1.78755825806804));
#893=CARTESIAN_POINT('Ctrl Pts',(-70.2,122.670352061468,-1.76017741740768));
#894=CARTESIAN_POINT('Ctrl Pts',(-70.2,122.79971982503,-1.73423413056879));
#895=CARTESIAN_POINT('Ctrl Pts',(-70.2,122.92944182693,-1.70818242459574));
#896=CARTESIAN_POINT('Ctrl Pts',(-70.2,123.059251058658,-1.68182149950137));
#897=CARTESIAN_POINT('Ctrl Pts',(-70.2,123.165118480559,-1.66032254182679));
#898=CARTESIAN_POINT('Ctrl Pts',(-70.2,123.271042579573,-1.63861785842669));
#899=CARTESIAN_POINT('Ctrl Pts',(-70.2,123.376901604977,-1.61662483718636));
#900=CARTESIAN_POINT('Ctrl Pts',(-70.2,123.473138778478,-1.59663082918513));
#901=CARTESIAN_POINT('Ctrl Pts',(-70.2,123.569321608561,-1.57639841183947));
#902=CARTESIAN_POINT('Ctrl Pts',(-70.2,123.665391038883,-1.55589079722522));
#903=CARTESIAN_POINT('Ctrl Pts',(-70.2,123.759213165258,-1.53586290694293));
#904=CARTESIAN_POINT('Ctrl Pts',(-70.2,123.85292651261,-1.5155722801528));
#905=CARTESIAN_POINT('Ctrl Pts',(-70.2,123.946517641317,-1.49501309997259));
#906=CARTESIAN_POINT('Ctrl Pts',(-70.2,124.046534558292,-1.47304236572053));
#907=CARTESIAN_POINT('Ctrl Pts',(-70.2,124.146412295575,-1.45076499971557));
#908=CARTESIAN_POINT('Ctrl Pts',(-70.2,124.246186339256,-1.42820949065426));
#909=CARTESIAN_POINT('Ctrl Pts',(-70.2,124.357505122959,-1.40304410954052));
#910=CARTESIAN_POINT('Ctrl Pts',(-70.2,124.468695657684,-1.37753258502245));
#911=CARTESIAN_POINT('Ctrl Pts',(-70.2,124.579860169885,-1.3517564282325));
#912=CARTESIAN_POINT('Ctrl Pts',(-70.2,124.725923761836,-1.31788808326439));
#913=CARTESIAN_POINT('Ctrl Pts',(-70.2,124.871945857192,-1.28356253504627));
#914=CARTESIAN_POINT('Ctrl Pts',(-70.2,125.01821692085,-1.24903989879649));
#915=CARTESIAN_POINT('Ctrl Pts',(-70.2,125.138162002128,-1.22073067407794));
#916=CARTESIAN_POINT('Ctrl Pts',(-70.2,125.25827786066,-1.19229148893585));
#917=CARTESIAN_POINT('Ctrl Pts',(-70.2,125.37870277596,-1.16388306170457));
#918=CARTESIAN_POINT('Ctrl Pts',(-70.2,125.484783567527,-1.13885843585891));
#919=CARTESIAN_POINT('Ctrl Pts',(-70.2,125.591105034908,-1.11385844840261));
#920=CARTESIAN_POINT('Ctrl Pts',(-70.2,125.697720410008,-1.08898951271839));
#921=CARTESIAN_POINT('Ctrl Pts',(-70.2,125.793875696141,-1.06656048103053));
#922=CARTESIAN_POINT('Ctrl Pts',(-70.2,125.890270434527,-1.04423840828493));
#923=CARTESIAN_POINT('Ctrl Pts',(-70.2,125.986900578444,-1.0220915222415));
#924=CARTESIAN_POINT('Ctrl Pts',(-70.2,126.076473097147,-1.00156218963456));
#925=CARTESIAN_POINT('Ctrl Pts',(-70.2,126.166248208297,-0.981183619964681));
#926=CARTESIAN_POINT('Ctrl Pts',(-70.2,126.256178378216,-0.960997147425317));
#927=CARTESIAN_POINT('Ctrl Pts',(-70.2,126.342802808631,-0.941552708619048));
#928=CARTESIAN_POINT('Ctrl Pts',(-70.2,126.429571378501,-0.922286672154535));
#929=CARTESIAN_POINT('Ctrl Pts',(-70.2,126.516393982197,-0.903220384313884));
#930=CARTESIAN_POINT('Ctrl Pts',(-70.2,126.607351607603,-0.883246043607032));
#931=CARTESIAN_POINT('Ctrl Pts',(-70.2,126.698368492188,-0.863490969848557));
#932=CARTESIAN_POINT('Ctrl Pts',(-70.2,126.789285663533,-0.843960581532121));
#933=CARTESIAN_POINT('Ctrl Pts',(-70.2,126.884718188643,-0.823460226694185));
#934=CARTESIAN_POINT('Ctrl Pts',(-70.2,126.980040685233,-0.803207448268142));
#935=CARTESIAN_POINT('Ctrl Pts',(-70.2,127.075011354108,-0.783187476350597));
#936=CARTESIAN_POINT('Ctrl Pts',(-70.2,127.179356699601,-0.761191307309621));
#937=CARTESIAN_POINT('Ctrl Pts',(-70.2,127.283276791025,-0.739476128179487));
#938=CARTESIAN_POINT('Ctrl Pts',(-70.2,127.386386090661,-0.717996990490825));
#939=CARTESIAN_POINT('Ctrl Pts',(-70.2,127.51151722544,-0.69193039046025));
#940=CARTESIAN_POINT('Ctrl Pts',(-70.2,127.635452754338,-0.66621140233764));
#941=CARTESIAN_POINT('Ctrl Pts',(-70.2,127.757426324743,-0.640723519350348));
#942=CARTESIAN_POINT('Ctrl Pts',(-70.2,127.886600681441,-0.613730943191788));
#943=CARTESIAN_POINT('Ctrl Pts',(-70.2,128.01356984986,-0.586996411931178));
#944=CARTESIAN_POINT('Ctrl Pts',(-70.2,128.1374004897,-0.560355996872902));
#945=CARTESIAN_POINT('Ctrl Pts',(-70.2,128.240782924115,-0.53811472471209));
#946=CARTESIAN_POINT('Ctrl Pts',(-70.2,128.34197576336,-0.515938144629858));
#947=CARTESIAN_POINT('Ctrl Pts',(-70.2,128.44046274697,-0.493727875613023));
#948=CARTESIAN_POINT('Ctrl Pts',(-70.2,128.526638857628,-0.474293890223293));
#949=CARTESIAN_POINT('Ctrl Pts',(-70.2,128.610742469749,-0.454833739845791));
#950=CARTESIAN_POINT('Ctrl Pts',(-70.2,128.692467297591,-0.435286543498261));
#951=CARTESIAN_POINT('Ctrl Pts',(-70.2,128.769257131224,-0.416919714284323));
#952=CARTESIAN_POINT('Ctrl Pts',(-70.2,128.843946234671,-0.398475828413424));
#953=CARTESIAN_POINT('Ctrl Pts',(-70.2,128.916327759947,-0.379913031035946));
#954=CARTESIAN_POINT('Ctrl Pts',(-70.2,128.989984215256,-0.361023268071792));
#955=CARTESIAN_POINT('Ctrl Pts',(-70.2,129.061251191933,-0.342010374048105));
#956=CARTESIAN_POINT('Ctrl Pts',(-70.2,129.129965067062,-0.322841033203711));
#957=CARTESIAN_POINT('Ctrl Pts',(-70.2,129.200414761784,-0.303187444929485));
#958=CARTESIAN_POINT('Ctrl Pts',(-70.2,129.268180876423,-0.283369420098827));
#959=CARTESIAN_POINT('Ctrl Pts',(-70.2,129.333141659955,-0.263362098973586));
#960=CARTESIAN_POINT('Ctrl Pts',(-70.2,129.404793006435,-0.241294146277619));
#961=CARTESIAN_POINT('Ctrl Pts',(-70.2,129.473031433337,-0.21899590303912));
#962=CARTESIAN_POINT('Ctrl Pts',(-70.2,129.53776003096,-0.196447635410971));
#963=CARTESIAN_POINT('Ctrl Pts',(-70.2,129.608407043107,-0.171837682538219));
#964=CARTESIAN_POINT('Ctrl Pts',(-70.2,129.67487398388,-0.146930094630336));
#965=CARTESIAN_POINT('Ctrl Pts',(-70.2,129.737102224071,-0.12171293891375));
#966=CARTESIAN_POINT('Ctrl Pts',(-70.2,129.813745436206,-0.0906543100810976));
#967=CARTESIAN_POINT('Ctrl Pts',(-70.2,129.883959696228,-0.0591262653509564));
#968=CARTESIAN_POINT('Ctrl Pts',(-70.2,129.94771861459,-0.0271233413864337));
#969=CARTESIAN_POINT('Ctrl Pts',(-70.2,129.965656340157,-0.0181197434244229));
#970=CARTESIAN_POINT('Ctrl Pts',(-70.2,129.983083468406,-0.00907862938807367));
#971=CARTESIAN_POINT('Ctrl Pts',(-70.2,130.,0.));
#972=CARTESIAN_POINT('Ctrl Pts',(-70.2,130.,0.));
#973=CARTESIAN_POINT('Ctrl Pts',(-70.2,129.820328204447,0.00129260509844096));
#974=CARTESIAN_POINT('Ctrl Pts',(-70.2,129.634828619025,0.00289746321628329));
#975=CARTESIAN_POINT('Ctrl Pts',(-70.2,129.443509831333,0.00481366978150452));
#976=CARTESIAN_POINT('Ctrl Pts',(-70.2,129.275448226759,0.00649693755635852));
#977=CARTESIAN_POINT('Ctrl Pts',(-70.2,129.102894547455,0.00842062604079966));
#978=CARTESIAN_POINT('Ctrl Pts',(-70.2,128.925890138957,0.0105804953602497));
#979=CARTESIAN_POINT('Ctrl Pts',(-70.2,128.768651850542,0.012499171611712));
#980=CARTESIAN_POINT('Ctrl Pts',(-70.2,128.607900825319,0.0146042830007801));
#981=CARTESIAN_POINT('Ctrl Pts',(-70.2,128.443709349356,0.0168884013738075));
#982=CARTESIAN_POINT('Ctrl Pts',(-70.2,128.289667453906,0.0190313257951253));
#983=CARTESIAN_POINT('Ctrl Pts',(-70.2,128.132597002448,0.0213318346278449));
#984=CARTESIAN_POINT('Ctrl Pts',(-70.2,127.972603865918,0.0237790836248844));
#985=CARTESIAN_POINT('Ctrl Pts',(-70.2,127.821960734214,0.0260833152998762));
#986=CARTESIAN_POINT('Ctrl Pts',(-70.2,127.668726274155,0.0285176687714493));
#987=CARTESIAN_POINT('Ctrl Pts',(-70.2,127.513034640215,0.0310684615426144));
#988=CARTESIAN_POINT('Ctrl Pts',(-70.2,127.363885624391,0.0335120625362168));
#989=CARTESIAN_POINT('Ctrl Pts',(-70.2,127.212481284875,0.0360625642586412));
#990=CARTESIAN_POINT('Ctrl Pts',(-70.2,127.058987667378,0.0387029431945694));
#991=CARTESIAN_POINT('Ctrl Pts',(-70.2,126.903850565288,0.0413715931568162));
#992=CARTESIAN_POINT('Ctrl Pts',(-70.2,126.746579247778,0.0441320098072463));
#993=CARTESIAN_POINT('Ctrl Pts',(-70.2,126.587398804628,0.0469612456803304));
#994=CARTESIAN_POINT('Ctrl Pts',(-70.2,126.422517002652,0.0498918161683615));
#995=CARTESIAN_POINT('Ctrl Pts',(-70.2,126.255586950228,0.0528961482670647));
#996=CARTESIAN_POINT('Ctrl Pts',(-70.2,126.08691545242,0.0559439082407733));
#997=CARTESIAN_POINT('Ctrl Pts',(-70.2,125.902927376289,0.0592684266173817));
#998=CARTESIAN_POINT('Ctrl Pts',(-70.2,125.716867777132,0.0626443862710827));
#999=CARTESIAN_POINT('Ctrl Pts',(-70.2,125.529196604954,0.0660291811236277));
#1000=CARTESIAN_POINT('Ctrl Pts',(-70.2,125.31387794178,0.0699126198761725));
#1001=CARTESIAN_POINT('Ctrl Pts',(-70.2,125.096438700673,0.0738071715997724));
#1002=CARTESIAN_POINT('Ctrl Pts',(-70.2,124.877640313784,0.0776505990296415));
#1003=CARTESIAN_POINT('Ctrl Pts',(-70.2,124.589567098956,0.0827109128254834));
#1004=CARTESIAN_POINT('Ctrl Pts',(-70.2,124.299141771491,0.0876799842375904));
#1005=CARTESIAN_POINT('Ctrl Pts',(-70.2,124.008181723788,0.0924449459943347));
#1006=CARTESIAN_POINT('Ctrl Pts',(-70.2,123.796049514119,0.0959189688865705));
#1007=CARTESIAN_POINT('Ctrl Pts',(-70.2,123.583635860573,0.0992849854259241));
#1008=CARTESIAN_POINT('Ctrl Pts',(-70.2,123.371629044378,0.102519354009191));
#1009=CARTESIAN_POINT('Ctrl Pts',(-70.2,123.183378757803,0.105391293806306));
#1010=CARTESIAN_POINT('Ctrl Pts',(-70.2,122.995449986538,0.108159419312727));
#1011=CARTESIAN_POINT('Ctrl Pts',(-70.2,122.808292155079,0.110823921631685));
#1012=CARTESIAN_POINT('Ctrl Pts',(-70.2,122.634406322295,0.113299475024643));
#1013=CARTESIAN_POINT('Ctrl Pts',(-70.2,122.461186476,0.115685718937328));
#1014=CARTESIAN_POINT('Ctrl Pts',(-70.2,122.288954938293,0.117997357922479));
#1015=CARTESIAN_POINT('Ctrl Pts',(-70.2,122.12486128509,0.120199772712519));
#1016=CARTESIAN_POINT('Ctrl Pts',(-70.2,121.961665162432,0.122334625390919));
#1017=CARTESIAN_POINT('Ctrl Pts',(-70.2,121.799602883878,0.124426506015024));
#1018=CARTESIAN_POINT('Ctrl Pts',(-70.2,121.642605051529,0.126453015369625));
#1019=CARTESIAN_POINT('Ctrl Pts',(-70.2,121.486671695182,0.128439492300623));
#1020=CARTESIAN_POINT('Ctrl Pts',(-70.2,121.331970975247,0.13041599327335));
#1021=CARTESIAN_POINT('Ctrl Pts',(-70.2,121.182104652811,0.13233072859068));
#1022=CARTESIAN_POINT('Ctrl Pts',(-70.2,121.033395446225,0.134236317349058));
#1023=CARTESIAN_POINT('Ctrl Pts',(-70.2,120.885946762575,0.136163701619815));
#1024=CARTESIAN_POINT('Ctrl Pts',(-70.2,120.74310585029,0.13803085513211));
#1025=CARTESIAN_POINT('Ctrl Pts',(-70.2,120.601448155497,0.139918619056473));
#1026=CARTESIAN_POINT('Ctrl Pts',(-70.2,120.461016399786,0.141855967551366));
#1027=CARTESIAN_POINT('Ctrl Pts',(-70.2,120.324973136442,0.143732773905793));
#1028=CARTESIAN_POINT('Ctrl Pts',(-70.2,120.190080473218,0.145656235382682));
#1029=CARTESIAN_POINT('Ctrl Pts',(-70.2,120.056325832664,0.147651508055843));
#1030=CARTESIAN_POINT('Ctrl Pts',(-70.2,119.926751024627,0.149584428457968));
#1031=CARTESIAN_POINT('Ctrl Pts',(-70.2,119.79824423545,0.151584835919528));
#1032=CARTESIAN_POINT('Ctrl Pts',(-70.2,119.670744456418,0.153672930478536));
#1033=CARTESIAN_POINT('Ctrl Pts',(-70.2,119.54722904548,0.155695772082575));
#1034=CARTESIAN_POINT('Ctrl Pts',(-70.2,119.424658824201,0.157800995856483));
#1035=CARTESIAN_POINT('Ctrl Pts',(-70.2,119.302930277682,0.160003131713052));
#1036=CARTESIAN_POINT('Ctrl Pts',(-70.2,119.184392161107,0.162147550950306));
#1037=CARTESIAN_POINT('Ctrl Pts',(-70.2,119.066652351784,0.16438394864682));
#1038=CARTESIAN_POINT('Ctrl Pts',(-70.2,118.949566476474,0.16672079395816));
#1039=CARTESIAN_POINT('Ctrl Pts',(-70.2,118.831548891328,0.169076234695789));
#1040=CARTESIAN_POINT('Ctrl Pts',(-70.2,118.714195777653,0.171533787241787));
#1041=CARTESIAN_POINT('Ctrl Pts',(-70.2,118.597305741555,0.174095823806441));
#1042=CARTESIAN_POINT('Ctrl Pts',(-70.2,118.477461232538,0.176722617538603));
#1043=CARTESIAN_POINT('Ctrl Pts',(-70.2,118.358103506138,0.17945929655434));
#1044=CARTESIAN_POINT('Ctrl Pts',(-70.2,118.238959273792,0.18230103536234));
#1045=CARTESIAN_POINT('Ctrl Pts',(-70.2,118.107930647586,0.185426231813027));
#1046=CARTESIAN_POINT('Ctrl Pts',(-70.2,117.977160093967,0.188678559835016));
#1047=CARTESIAN_POINT('Ctrl Pts',(-70.2,117.84621389534,0.192041250874321));
#1048=CARTESIAN_POINT('Ctrl Pts',(-70.2,117.684678769949,0.196189463837959));
#1049=CARTESIAN_POINT('Ctrl Pts',(-70.2,117.522874353975,0.200505663306077));
#1050=CARTESIAN_POINT('Ctrl Pts',(-70.2,117.359898453474,0.20494195773962));
#1051=CARTESIAN_POINT('Ctrl Pts',(-70.2,117.184868116161,0.209706380631215));
#1052=CARTESIAN_POINT('Ctrl Pts',(-70.2,117.008479381239,0.214608784738211));
#1053=CARTESIAN_POINT('Ctrl Pts',(-70.2,116.829603672222,0.219577597508833));
#1054=CARTESIAN_POINT('Ctrl Pts',(-70.2,116.695447064743,0.223304202245565));
#1055=CARTESIAN_POINT('Ctrl Pts',(-70.2,116.559890562251,0.227067833205941));
#1056=CARTESIAN_POINT('Ctrl Pts',(-70.2,116.422493694416,0.230837243969997));
#1057=CARTESIAN_POINT('Ctrl Pts',(-70.2,116.298368651225,0.23424254920925));
#1058=CARTESIAN_POINT('Ctrl Pts',(-70.2,116.172741098533,0.237652473607626));
#1059=CARTESIAN_POINT('Ctrl Pts',(-70.2,116.04532824232,0.241045277146933));
#1060=CARTESIAN_POINT('Ctrl Pts',(-70.2,115.927032806037,0.244195298163914));
#1061=CARTESIAN_POINT('Ctrl Pts',(-70.2,115.807198104149,0.247330504926074));
#1062=CARTESIAN_POINT('Ctrl Pts',(-70.2,115.685641350351,0.250435675475527));
#1063=CARTESIAN_POINT('Ctrl Pts',(-70.2,115.571169233989,0.253359868770875));
#1064=CARTESIAN_POINT('Ctrl Pts',(-70.2,115.455169623365,0.256257381311337));
#1065=CARTESIAN_POINT('Ctrl Pts',(-70.2,115.33753484518,0.259118214824917));
#1066=CARTESIAN_POINT('Ctrl Pts',(-70.2,115.224226360865,0.26187383450052));
#1067=CARTESIAN_POINT('Ctrl Pts',(-70.2,115.109400454797,0.264595387075943));
#1068=CARTESIAN_POINT('Ctrl Pts',(-70.2,114.993008681244,0.267277111999584));
#1069=CARTESIAN_POINT('Ctrl Pts',(-70.2,114.877385716627,0.269941123179192));
#1070=CARTESIAN_POINT('Ctrl Pts',(-70.2,114.760217448826,0.272565820273939));
#1071=CARTESIAN_POINT('Ctrl Pts',(-70.2,114.641507818065,0.275149143710564));
#1072=CARTESIAN_POINT('Ctrl Pts',(-70.2,114.523133522372,0.27772516968588));
#1073=CARTESIAN_POINT('Ctrl Pts',(-70.2,114.403226538241,0.280260047704682));
#1074=CARTESIAN_POINT('Ctrl Pts',(-70.2,114.281842443065,0.282755436482755));
#1075=CARTESIAN_POINT('Ctrl Pts',(-70.2,114.157661854491,0.285308314985777));
#1076=CARTESIAN_POINT('Ctrl Pts',(-70.2,114.031935300098,0.287819858563428));
#1077=CARTESIAN_POINT('Ctrl Pts',(-70.2,113.904777886805,0.290295915715882));
#1078=CARTESIAN_POINT('Ctrl Pts',(-70.2,113.770703229454,0.292906668055854));
#1079=CARTESIAN_POINT('Ctrl Pts',(-70.2,113.635038128387,0.295477991052928));
#1080=CARTESIAN_POINT('Ctrl Pts',(-70.2,113.497975642123,0.298021030978147));
#1081=CARTESIAN_POINT('Ctrl Pts',(-70.2,113.344878835563,0.300861569641314));
#1082=CARTESIAN_POINT('Ctrl Pts',(-70.2,113.190038672366,0.303666825886127));
#1083=CARTESIAN_POINT('Ctrl Pts',(-70.2,113.033792220371,0.306457378784203));
#1084=CARTESIAN_POINT('Ctrl Pts',(-70.2,112.864096463332,0.309488135518536));
#1085=CARTESIAN_POINT('Ctrl Pts',(-70.2,112.692742463953,0.312501581857094));
#1086=CARTESIAN_POINT('Ctrl Pts',(-70.2,112.52023214187,0.315529368464643));
#1087=CARTESIAN_POINT('Ctrl Pts',(-70.2,112.324420787312,0.318966119319752));
#1088=CARTESIAN_POINT('Ctrl Pts',(-70.2,112.127120853811,0.322421415377818));
#1089=CARTESIAN_POINT('Ctrl Pts',(-70.2,111.929140372624,0.325947382456083));
#1090=CARTESIAN_POINT('Ctrl Pts',(-70.2,111.674570293259,0.330481191615277));
#1091=CARTESIAN_POINT('Ctrl Pts',(-70.2,111.418882324719,0.33513230440444));
#1092=CARTESIAN_POINT('Ctrl Pts',(-70.2,111.163849145198,0.34001703786517));
#1093=CARTESIAN_POINT('Ctrl Pts',(-70.2,110.979961115282,0.343539105128908));
#1094=CARTESIAN_POINT('Ctrl Pts',(-70.2,110.796415346328,0.34718279590384));
#1095=CARTESIAN_POINT('Ctrl Pts',(-70.2,110.61384335158,0.350989971898442));
#1096=CARTESIAN_POINT('Ctrl Pts',(-70.2,110.451656351728,0.354372059350171));
#1097=CARTESIAN_POINT('Ctrl Pts',(-70.2,110.290238379266,0.357883208093011));
#1098=CARTESIAN_POINT('Ctrl Pts',(-70.2,110.129989925598,0.361550132015297));
#1099=CARTESIAN_POINT('Ctrl Pts',(-70.2,109.983181568204,0.364909509690353));
#1100=CARTESIAN_POINT('Ctrl Pts',(-70.2,109.83735524785,0.368399665798846));
#1101=CARTESIAN_POINT('Ctrl Pts',(-70.2,109.692774595437,0.372038259344004));
#1102=CARTESIAN_POINT('Ctrl Pts',(-70.2,109.556845587116,0.375459121015463));
#1103=CARTESIAN_POINT('Ctrl Pts',(-70.2,109.422017970795,0.379011213600773));
#1104=CARTESIAN_POINT('Ctrl Pts',(-70.2,109.288464093459,0.382706094486203));
#1105=CARTESIAN_POINT('Ctrl Pts',(-70.2,109.15229604948,0.386473298501068));
#1106=CARTESIAN_POINT('Ctrl Pts',(-70.2,109.017452720378,0.390388977231952));
#1107=CARTESIAN_POINT('Ctrl Pts',(-70.2,108.884057586603,0.394461391721015));
#1108=CARTESIAN_POINT('Ctrl Pts',(-70.2,108.758091839335,0.398306994778533));
#1109=CARTESIAN_POINT('Ctrl Pts',(-70.2,108.633417100193,0.402292334558838));
#1110=CARTESIAN_POINT('Ctrl Pts',(-70.2,108.510085373928,0.406420887603462));
#1111=CARTESIAN_POINT('Ctrl Pts',(-70.2,108.384942930549,0.410610054748624));
#1112=CARTESIAN_POINT('Ctrl Pts',(-70.2,108.261183388958,0.414946679237495));
#1113=CARTESIAN_POINT('Ctrl Pts',(-70.2,108.138806207978,0.419430752901346));
#1114=CARTESIAN_POINT('Ctrl Pts',(-70.2,108.011157244014,0.424107992178675));
#1115=CARTESIAN_POINT('Ctrl Pts',(-70.2,107.885011988627,0.428945625623561));
#1116=CARTESIAN_POINT('Ctrl Pts',(-70.2,107.760311799514,0.4339399086436));
#1117=CARTESIAN_POINT('Ctrl Pts',(-70.2,107.624637004625,0.439373728184538));
#1118=CARTESIAN_POINT('Ctrl Pts',(-70.2,107.490672645752,0.444992951190843));
#1119=CARTESIAN_POINT('Ctrl Pts',(-70.2,107.358279296607,0.450788903820576));
#1120=CARTESIAN_POINT('Ctrl Pts',(-70.2,107.218690266267,0.45689987097041));
#1121=CARTESIAN_POINT('Ctrl Pts',(-70.2,107.08084710446,0.463207238907117));
#1122=CARTESIAN_POINT('Ctrl Pts',(-70.2,106.944525059783,0.46969755160616));
#1123=CARTESIAN_POINT('Ctrl Pts',(-70.2,106.791042960087,0.47700485706135));
#1124=CARTESIAN_POINT('Ctrl Pts',(-70.2,106.639488630033,0.484543976632332));
#1125=CARTESIAN_POINT('Ctrl Pts',(-70.2,106.489471975001,0.492292772390747));
#1126=CARTESIAN_POINT('Ctrl Pts',(-70.2,106.422839595352,0.495734528245714));
#1127=CARTESIAN_POINT('Ctrl Pts',(-70.2,106.35650977164,0.499217622846357));
#1128=CARTESIAN_POINT('Ctrl Pts',(-70.2,106.290445247433,0.502740050199393));
#1129=CARTESIAN_POINT('',(-70.2,102.475,-2.7));
#1130=CARTESIAN_POINT('Origin',(-70.2,103.5,-2.7));
#1131=CARTESIAN_POINT('Ctrl Pts',(0.,130.,0.));
#1132=CARTESIAN_POINT('Ctrl Pts',(-250.,130.,0.));
#1133=CARTESIAN_POINT('Ctrl Pts',(0.,129.878728014518,0.000872461847726082));
#1134=CARTESIAN_POINT('Ctrl Pts',(-250.,129.878728014518,0.000872461847726082));
#1135=CARTESIAN_POINT('Ctrl Pts',(0.,129.631760520356,0.00285432130261172));
#1136=CARTESIAN_POINT('Ctrl Pts',(-250.,129.631760520356,0.00285432130261172));
#1137=CARTESIAN_POINT('Ctrl Pts',(0.,129.248038460525,0.0065379593186583));
#1138=CARTESIAN_POINT('Ctrl Pts',(-250.,129.248038460525,0.0065379593186583));
#1139=CARTESIAN_POINT('Ctrl Pts',(0.,128.709867881344,0.0128709044516372));
#1140=CARTESIAN_POINT('Ctrl Pts',(-250.,128.709867881344,0.0128709044516372));
#1141=CARTESIAN_POINT('Ctrl Pts',(0.,127.993540234265,0.0230927623473763));
#1142=CARTESIAN_POINT('Ctrl Pts',(-250.,127.993540234265,0.0230927623473763));
#1143=CARTESIAN_POINT('Ctrl Pts',(0.,127.235517974636,0.035422554345077));
#1144=CARTESIAN_POINT('Ctrl Pts',(-250.,127.235517974636,0.035422554345077));
#1145=CARTESIAN_POINT('Ctrl Pts',(0.,126.439582426227,0.0494759813961156));
#1146=CARTESIAN_POINT('Ctrl Pts',(-250.,126.439582426227,0.0494759813961156));
#1147=CARTESIAN_POINT('Ctrl Pts',(0.,125.6122153294,0.0645839853853857));
#1148=CARTESIAN_POINT('Ctrl Pts',(-250.,125.6122153294,0.0645839853853857));
#1149=CARTESIAN_POINT('Ctrl Pts',(0.,124.762283897689,0.0798848997425986));
#1150=CARTESIAN_POINT('Ctrl Pts',(-250.,124.762283897689,0.0798848997425986));
#1151=CARTESIAN_POINT('Ctrl Pts',(0.,123.899968713395,0.0945345260191098));
#1152=CARTESIAN_POINT('Ctrl Pts',(-250.,123.899968713395,0.0945345260191098));
#1153=CARTESIAN_POINT('Ctrl Pts',(0.,123.035921967274,0.107891407876439));
#1154=CARTESIAN_POINT('Ctrl Pts',(-250.,123.035921967274,0.107891407876439));
#1155=CARTESIAN_POINT('Ctrl Pts',(0.,122.180322869939,0.119689365131831));
#1156=CARTESIAN_POINT('Ctrl Pts',(-250.,122.180322869939,0.119689365131831));
#1157=CARTESIAN_POINT('Ctrl Pts',(0.,121.341995760198,0.130270921704765));
#1158=CARTESIAN_POINT('Ctrl Pts',(-250.,121.341995760198,0.130270921704765));
#1159=CARTESIAN_POINT('Ctrl Pts',(0.,120.527447032151,0.140610074959203));
#1160=CARTESIAN_POINT('Ctrl Pts',(-250.,120.527447032151,0.140610074959203));
#1161=CARTESIAN_POINT('Ctrl Pts',(0.,119.739885819145,0.151922558235033));
#1162=CARTESIAN_POINT('Ctrl Pts',(-250.,119.739885819145,0.151922558235033));
#1163=CARTESIAN_POINT('Ctrl Pts',(0.,118.978127981961,0.165348251227565));
#1164=CARTESIAN_POINT('Ctrl Pts',(-250.,118.978127981961,0.165348251227565));
#1165=CARTESIAN_POINT('Ctrl Pts',(0.,118.235796333118,0.181639069367227));
#1166=CARTESIAN_POINT('Ctrl Pts',(-250.,118.235796333118,0.181639069367227));
#1167=CARTESIAN_POINT('Ctrl Pts',(0.,117.499792788457,0.200762114365724));
#1168=CARTESIAN_POINT('Ctrl Pts',(-250.,117.499792788457,0.200762114365724));
#1169=CARTESIAN_POINT('Ctrl Pts',(0.,116.751122103834,0.221819889874964));
#1170=CARTESIAN_POINT('Ctrl Pts',(-250.,116.751122103834,0.221819889874964));
#1171=CARTESIAN_POINT('Ctrl Pts',(0.,115.969709574293,0.243532976834158));
#1172=CARTESIAN_POINT('Ctrl Pts',(-250.,115.969709574293,0.243532976834158));
#1173=CARTESIAN_POINT('Ctrl Pts',(0.,115.138542485807,0.264613981225203));
#1174=CARTESIAN_POINT('Ctrl Pts',(-250.,115.138542485807,0.264613981225203));
#1175=CARTESIAN_POINT('Ctrl Pts',(0.,114.247618013152,0.284147093366765));
#1176=CARTESIAN_POINT('Ctrl Pts',(-250.,114.247618013152,0.284147093366765));
#1177=CARTESIAN_POINT('Ctrl Pts',(0.,113.299104561074,0.302057591486149));
#1178=CARTESIAN_POINT('Ctrl Pts',(-250.,113.299104561074,0.302057591486149));
#1179=CARTESIAN_POINT('Ctrl Pts',(0.,112.307754950483,0.319197280215507));
#1180=CARTESIAN_POINT('Ctrl Pts',(-250.,112.307754950483,0.319197280215507));
#1181=CARTESIAN_POINT('Ctrl Pts',(0.,111.295371300684,0.336942493381009));
#1182=CARTESIAN_POINT('Ctrl Pts',(-250.,111.295371300684,0.336942493381009));
#1183=CARTESIAN_POINT('Ctrl Pts',(0.,110.286883059207,0.35692408447027));
#1184=CARTESIAN_POINT('Ctrl Pts',(-250.,110.286883059207,0.35692408447027));
#1185=CARTESIAN_POINT('Ctrl Pts',(0.,109.305589336158,0.380690034459048));
#1186=CARTESIAN_POINT('Ctrl Pts',(-250.,109.305589336158,0.380690034459048));
#1187=CARTESIAN_POINT('Ctrl Pts',(0.,108.369176739707,0.409428748429311));
#1188=CARTESIAN_POINT('Ctrl Pts',(-250.,108.369176739707,0.409428748429311));
#1189=CARTESIAN_POINT('Ctrl Pts',(0.,107.484382483461,0.443588458345129));
#1190=CARTESIAN_POINT('Ctrl Pts',(-250.,107.484382483461,0.443588458345129));
#1191=CARTESIAN_POINT('Ctrl Pts',(0.,106.645874445115,0.482817993670017));
#1192=CARTESIAN_POINT('Ctrl Pts',(-250.,106.645874445115,0.482817993670017));
#1193=CARTESIAN_POINT('Ctrl Pts',(0.,105.84117232653,0.526365240996355));
#1194=CARTESIAN_POINT('Ctrl Pts',(-250.,105.84117232653,0.526365240996355));
#1195=CARTESIAN_POINT('Ctrl Pts',(0.,105.054201915101,0.573374859963202));
#1196=CARTESIAN_POINT('Ctrl Pts',(-250.,105.054201915101,0.573374859963202));
#1197=CARTESIAN_POINT('Ctrl Pts',(0.,104.269223888212,0.623207357262217));
#1198=CARTESIAN_POINT('Ctrl Pts',(-250.,104.269223888212,0.623207357262217));
#1199=CARTESIAN_POINT('Ctrl Pts',(0.,103.475019701241,0.675794717206401));
#1200=CARTESIAN_POINT('Ctrl Pts',(-250.,103.475019701241,0.675794717206401));
#1201=CARTESIAN_POINT('Ctrl Pts',(0.,102.667686555711,0.731840413751897));
#1202=CARTESIAN_POINT('Ctrl Pts',(-250.,102.667686555711,0.731840413751897));
#1203=CARTESIAN_POINT('Ctrl Pts',(0.,101.847703547872,0.792397075112686));
#1204=CARTESIAN_POINT('Ctrl Pts',(-250.,101.847703547872,0.792397075112686));
#1205=CARTESIAN_POINT('Ctrl Pts',(0.,101.017862570882,0.858535781488808));
#1206=CARTESIAN_POINT('Ctrl Pts',(-250.,101.017862570882,0.858535781488808));
#1207=CARTESIAN_POINT('Ctrl Pts',(0.,100.180919970099,0.930989759002437));
#1208=CARTESIAN_POINT('Ctrl Pts',(-250.,100.180919970099,0.930989759002437));
#1209=CARTESIAN_POINT('Ctrl Pts',(0.,99.3372288036659,1.00978483125372));
#1210=CARTESIAN_POINT('Ctrl Pts',(-250.,99.3372288036659,1.00978483125372));
#1211=CARTESIAN_POINT('Ctrl Pts',(0.,98.4827836762551,1.09394573915027));
#1212=CARTESIAN_POINT('Ctrl Pts',(-250.,98.4827836762551,1.09394573915027));
#1213=CARTESIAN_POINT('Ctrl Pts',(0.,97.6113112397963,1.18190414095597));
#1214=CARTESIAN_POINT('Ctrl Pts',(-250.,97.6113112397963,1.18190414095597));
#1215=CARTESIAN_POINT('Ctrl Pts',(0.,96.7159365563477,1.27183340232799));
#1216=CARTESIAN_POINT('Ctrl Pts',(-250.,96.7159365563477,1.27183340232799));
#1217=CARTESIAN_POINT('Ctrl Pts',(0.,95.7911016761113,1.36202735008136));
#1218=CARTESIAN_POINT('Ctrl Pts',(-250.,95.7911016761113,1.36202735008136));
#1219=CARTESIAN_POINT('Ctrl Pts',(0.,94.8341720328973,1.45122375325268));
#1220=CARTESIAN_POINT('Ctrl Pts',(-250.,94.8341720328973,1.45122375325268));
#1221=CARTESIAN_POINT('Ctrl Pts',(0.,93.8476911105971,1.53904320394734));
#1222=CARTESIAN_POINT('Ctrl Pts',(-250.,93.8476911105971,1.53904320394734));
#1223=CARTESIAN_POINT('Ctrl Pts',(0.,92.8390144843266,1.62596091788567));
#1224=CARTESIAN_POINT('Ctrl Pts',(-250.,92.8390144843266,1.62596091788567));
#1225=CARTESIAN_POINT('Ctrl Pts',(0.,91.8181928541736,1.71296690514414));
#1226=CARTESIAN_POINT('Ctrl Pts',(-250.,91.8181928541736,1.71296690514414));
#1227=CARTESIAN_POINT('Ctrl Pts',(0.,90.7964047623191,1.80132314277266));
#1228=CARTESIAN_POINT('Ctrl Pts',(-250.,90.7964047623191,1.80132314277266));
#1229=CARTESIAN_POINT('Ctrl Pts',(0.,89.7841023189625,1.89227186048313));
#1230=CARTESIAN_POINT('Ctrl Pts',(-250.,89.7841023189625,1.89227186048313));
#1231=CARTESIAN_POINT('Ctrl Pts',(0.,88.7894200415702,1.98678549958598));
#1232=CARTESIAN_POINT('Ctrl Pts',(-250.,88.7894200415702,1.98678549958598));
#1233=CARTESIAN_POINT('Ctrl Pts',(0.,87.8161296968025,2.08524842697206));
#1234=CARTESIAN_POINT('Ctrl Pts',(-250.,87.8161296968025,2.08524842697206));
#1235=CARTESIAN_POINT('Ctrl Pts',(0.,86.8629483135403,2.18733901208136));
#1236=CARTESIAN_POINT('Ctrl Pts',(-250.,86.8629483135403,2.18733901208136));
#1237=CARTESIAN_POINT('Ctrl Pts',(0.,85.9253532881963,2.29228140350833));
#1238=CARTESIAN_POINT('Ctrl Pts',(-250.,85.9253532881963,2.29228140350833));
#1239=CARTESIAN_POINT('Ctrl Pts',(0.,84.9968257200027,2.39901342306949));
#1240=CARTESIAN_POINT('Ctrl Pts',(-250.,84.9968257200027,2.39901342306949));
#1241=CARTESIAN_POINT('Ctrl Pts',(0.,84.0703709988877,2.50639436859993));
#1242=CARTESIAN_POINT('Ctrl Pts',(-250.,84.0703709988877,2.50639436859993));
#1243=CARTESIAN_POINT('Ctrl Pts',(0.,83.1398083026057,2.61338100477579));
#1244=CARTESIAN_POINT('Ctrl Pts',(-250.,83.1398083026057,2.61338100477579));
#1245=CARTESIAN_POINT('Ctrl Pts',(0.,82.2014350480679,2.71925333075215));
#1246=CARTESIAN_POINT('Ctrl Pts',(-250.,82.2014350480679,2.71925333075215));
#1247=CARTESIAN_POINT('Ctrl Pts',(0.,81.2545081648488,2.82368511629903));
#1248=CARTESIAN_POINT('Ctrl Pts',(-250.,81.2545081648488,2.82368511629903));
#1249=CARTESIAN_POINT('Ctrl Pts',(0.,80.3002554501066,2.92662239415804));
#1250=CARTESIAN_POINT('Ctrl Pts',(-250.,80.3002554501066,2.92662239415804));
#1251=CARTESIAN_POINT('Ctrl Pts',(0.,79.3412685592352,3.02821135554456));
#1252=CARTESIAN_POINT('Ctrl Pts',(-250.,79.3412685592352,3.02821135554456));
#1253=CARTESIAN_POINT('Ctrl Pts',(0.,78.3807188585986,3.12870423845251));
#1254=CARTESIAN_POINT('Ctrl Pts',(-250.,78.3807188585986,3.12870423845251));
#1255=CARTESIAN_POINT('Ctrl Pts',(0.,77.4217018048934,3.2283793493277));
#1256=CARTESIAN_POINT('Ctrl Pts',(-250.,77.4217018048934,3.2283793493277));
#1257=CARTESIAN_POINT('Ctrl Pts',(0.,76.4663962666289,3.32744345441006));
#1258=CARTESIAN_POINT('Ctrl Pts',(-250.,76.4663962666289,3.32744345441006));
#1259=CARTESIAN_POINT('Ctrl Pts',(0.,75.51582214302,3.42598786821636));
#1260=CARTESIAN_POINT('Ctrl Pts',(-250.,75.51582214302,3.42598786821636));
#1261=CARTESIAN_POINT('Ctrl Pts',(0.,74.5701575124154,3.52399350423904));
#1262=CARTESIAN_POINT('Ctrl Pts',(-250.,74.5701575124154,3.52399350423904));
#1263=CARTESIAN_POINT('Ctrl Pts',(0.,73.6289049786708,3.62132358840626));
#1264=CARTESIAN_POINT('Ctrl Pts',(-250.,73.6289049786708,3.62132358840626));
#1265=CARTESIAN_POINT('Ctrl Pts',(0.,72.6911157836531,3.71771925504641));
#1266=CARTESIAN_POINT('Ctrl Pts',(-250.,72.6911157836531,3.71771925504641));
#1267=CARTESIAN_POINT('Ctrl Pts',(0.,71.7555975599922,3.81279880591874));
#1268=CARTESIAN_POINT('Ctrl Pts',(-250.,71.7555975599922,3.81279880591874));
#1269=CARTESIAN_POINT('Ctrl Pts',(0.,70.8211075706406,3.90604298621879));
#1270=CARTESIAN_POINT('Ctrl Pts',(-250.,70.8211075706406,3.90604298621879));
#1271=CARTESIAN_POINT('Ctrl Pts',(0.,69.8866535449528,3.99684337971006));
#1272=CARTESIAN_POINT('Ctrl Pts',(-250.,69.8866535449528,3.99684337971006));
#1273=CARTESIAN_POINT('Ctrl Pts',(0.,68.9518807720421,4.0845937535073));
#1274=CARTESIAN_POINT('Ctrl Pts',(-250.,68.9518807720421,4.0845937535073));
#1275=CARTESIAN_POINT('Ctrl Pts',(0.,68.0174166091991,4.16876657571805));
#1276=CARTESIAN_POINT('Ctrl Pts',(-250.,68.0174166091991,4.16876657571805));
#1277=CARTESIAN_POINT('Ctrl Pts',(0.,67.0852693259853,4.24899994622014));
#1278=CARTESIAN_POINT('Ctrl Pts',(-250.,67.0852693259853,4.24899994622014));
#1279=CARTESIAN_POINT('Ctrl Pts',(0.,66.1591189532514,4.3251701446717));
#1280=CARTESIAN_POINT('Ctrl Pts',(-250.,66.1591189532514,4.3251701446717));
#1281=CARTESIAN_POINT('Ctrl Pts',(0.,65.2448751471203,4.39749622318893));
#1282=CARTESIAN_POINT('Ctrl Pts',(-250.,65.2448751471203,4.39749622318893));
#1283=CARTESIAN_POINT('Ctrl Pts',(0.,64.349580398383,4.46644942350122));
#1284=CARTESIAN_POINT('Ctrl Pts',(-250.,64.349580398383,4.46644942350122));
#1285=CARTESIAN_POINT('Ctrl Pts',(0.,63.4798946501054,4.53261195228672));
#1286=CARTESIAN_POINT('Ctrl Pts',(-250.,63.4798946501054,4.53261195228672));
#1287=CARTESIAN_POINT('Ctrl Pts',(0.,62.6406568975114,4.59654797632349));
#1288=CARTESIAN_POINT('Ctrl Pts',(-250.,62.6406568975114,4.59654797632349));
#1289=CARTESIAN_POINT('Ctrl Pts',(0.,61.8335576833023,4.65868042893459));
#1290=CARTESIAN_POINT('Ctrl Pts',(-250.,61.8335576833023,4.65868042893459));
#1291=CARTESIAN_POINT('Ctrl Pts',(0.,61.055418373265,4.71913905415668));
#1292=CARTESIAN_POINT('Ctrl Pts',(-250.,61.055418373265,4.71913905415668));
#1293=CARTESIAN_POINT('Ctrl Pts',(0.,60.2977588789512,4.77770592987572));
#1294=CARTESIAN_POINT('Ctrl Pts',(-250.,60.2977588789512,4.77770592987572));
#1295=CARTESIAN_POINT('Ctrl Pts',(0.,59.5493842155108,4.83398952260043));
#1296=CARTESIAN_POINT('Ctrl Pts',(-250.,59.5493842155108,4.83398952260043));
#1297=CARTESIAN_POINT('Ctrl Pts',(0.,58.7984467711429,4.88756029682037));
#1298=CARTESIAN_POINT('Ctrl Pts',(-250.,58.7984467711429,4.88756029682037));
#1299=CARTESIAN_POINT('Ctrl Pts',(0.,58.0345617887986,4.93808714668893));
#1300=CARTESIAN_POINT('Ctrl Pts',(-250.,58.0345617887986,4.93808714668893));
#1301=CARTESIAN_POINT('Ctrl Pts',(0.,57.2512790753849,4.98550876426124));
#1302=CARTESIAN_POINT('Ctrl Pts',(-250.,57.2512790753849,4.98550876426124));
#1303=CARTESIAN_POINT('Ctrl Pts',(0.,56.4468612594876,5.030047617217));
#1304=CARTESIAN_POINT('Ctrl Pts',(-250.,56.4468612594876,5.030047617217));
#1305=CARTESIAN_POINT('Ctrl Pts',(0.,55.6234041723727,5.07207671118904));
#1306=CARTESIAN_POINT('Ctrl Pts',(-250.,55.6234041723727,5.07207671118904));
#1307=CARTESIAN_POINT('Ctrl Pts',(0.,54.786474487305,5.11202382787002));
#1308=CARTESIAN_POINT('Ctrl Pts',(-250.,54.786474487305,5.11202382787002));
#1309=CARTESIAN_POINT('Ctrl Pts',(0.,53.9444175981143,5.15026817668732));
#1310=CARTESIAN_POINT('Ctrl Pts',(-250.,53.9444175981143,5.15026817668732));
#1311=CARTESIAN_POINT('Ctrl Pts',(0.,53.1080957981631,5.18702141434439));
#1312=CARTESIAN_POINT('Ctrl Pts',(-250.,53.1080957981631,5.18702141434439));
#1313=CARTESIAN_POINT('Ctrl Pts',(0.,52.2893777732793,5.22228651759177));
#1314=CARTESIAN_POINT('Ctrl Pts',(-250.,52.2893777732793,5.22228651759177));
#1315=CARTESIAN_POINT('Ctrl Pts',(0.,51.4983648306382,5.25591340717978));
#1316=CARTESIAN_POINT('Ctrl Pts',(-250.,51.4983648306382,5.25591340717978));
#1317=CARTESIAN_POINT('Ctrl Pts',(0.,50.7407295472079,5.28762942464648));
#1318=CARTESIAN_POINT('Ctrl Pts',(-250.,50.7407295472079,5.28762942464648));
#1319=CARTESIAN_POINT('Ctrl Pts',(0.,50.0154657281734,5.31707975663332));
#1320=CARTESIAN_POINT('Ctrl Pts',(-250.,50.0154657281734,5.31707975663332));
#1321=CARTESIAN_POINT('Ctrl Pts',(0.,49.3113436110896,5.34386420948989));
#1322=CARTESIAN_POINT('Ctrl Pts',(-250.,49.3113436110896,5.34386420948989));
#1323=CARTESIAN_POINT('Ctrl Pts',(0.,48.6082510677638,5.36757306133372));
#1324=CARTESIAN_POINT('Ctrl Pts',(-250.,48.6082510677638,5.36757306133372));
#1325=CARTESIAN_POINT('Ctrl Pts',(0.,47.8836674091871,5.38781904900556));
#1326=CARTESIAN_POINT('Ctrl Pts',(-250.,47.8836674091871,5.38781904900556));
#1327=CARTESIAN_POINT('Ctrl Pts',(0.,47.117861324363,5.4042706385021));
#1328=CARTESIAN_POINT('Ctrl Pts',(-250.,47.117861324363,5.4042706385021));
#1329=CARTESIAN_POINT('Ctrl Pts',(0.,46.299397595186,5.41668452492131));
#1330=CARTESIAN_POINT('Ctrl Pts',(-250.,46.299397595186,5.41668452492131));
#1331=CARTESIAN_POINT('Ctrl Pts',(0.,45.4310781328864,5.42493919552231));
#1332=CARTESIAN_POINT('Ctrl Pts',(-250.,45.4310781328864,5.42493919552231));
#1333=CARTESIAN_POINT('Ctrl Pts',(0.,44.5260459654769,5.42905221418541));
#1334=CARTESIAN_POINT('Ctrl Pts',(-250.,44.5260459654769,5.42905221418541));
#1335=CARTESIAN_POINT('Ctrl Pts',(0.,43.6031267396487,5.4291946861865));
#1336=CARTESIAN_POINT('Ctrl Pts',(-250.,43.6031267396487,5.4291946861865));
#1337=CARTESIAN_POINT('Ctrl Pts',(0.,42.6822845311939,5.42570975299192));
#1338=CARTESIAN_POINT('Ctrl Pts',(-250.,42.6822845311939,5.42570975299192));
#1339=CARTESIAN_POINT('Ctrl Pts',(0.,41.7804038490494,5.41912270228961));
#1340=CARTESIAN_POINT('Ctrl Pts',(-250.,41.7804038490494,5.41912270228961));
#1341=CARTESIAN_POINT('Ctrl Pts',(0.,40.9060216823333,5.41017109226225));
#1342=CARTESIAN_POINT('Ctrl Pts',(-250.,40.9060216823333,5.41017109226225));
#1343=CARTESIAN_POINT('Ctrl Pts',(0.,40.0577260274849,5.39976852909331));
#1344=CARTESIAN_POINT('Ctrl Pts',(-250.,40.0577260274849,5.39976852909331));
#1345=CARTESIAN_POINT('Ctrl Pts',(0.,39.2281777121322,5.38886836337369));
#1346=CARTESIAN_POINT('Ctrl Pts',(-250.,39.2281777121322,5.38886836337369));
#1347=CARTESIAN_POINT('Ctrl Pts',(0.,38.4068328459613,5.37834948796725));
#1348=CARTESIAN_POINT('Ctrl Pts',(-250.,38.4068328459613,5.37834948796725));
#1349=CARTESIAN_POINT('Ctrl Pts',(0.,37.5831114445699,5.36889666536585));
#1350=CARTESIAN_POINT('Ctrl Pts',(-250.,37.5831114445699,5.36889666536585));
#1351=CARTESIAN_POINT('Ctrl Pts',(0.,36.7495567418619,5.36087500618704));
#1352=CARTESIAN_POINT('Ctrl Pts',(-250.,36.7495567418619,5.36087500618704));
#1353=CARTESIAN_POINT('Ctrl Pts',(0.,35.9044655374682,5.35423077518612));
#1354=CARTESIAN_POINT('Ctrl Pts',(-250.,35.9044655374682,5.35423077518612));
#1355=CARTESIAN_POINT('Ctrl Pts',(0.,35.0500359422571,5.34859087814714));
#1356=CARTESIAN_POINT('Ctrl Pts',(-250.,35.0500359422571,5.34859087814714));
#1357=CARTESIAN_POINT('Ctrl Pts',(0.,34.1910036249576,5.3433415000972));
#1358=CARTESIAN_POINT('Ctrl Pts',(-250.,34.1910036249576,5.3433415000972));
#1359=CARTESIAN_POINT('Ctrl Pts',(0.,33.3330639818938,5.33771492555942));
#1360=CARTESIAN_POINT('Ctrl Pts',(-250.,33.3330639818938,5.33771492555942));
#1361=CARTESIAN_POINT('Ctrl Pts',(0.,32.4814463322711,5.3308723103712));
#1362=CARTESIAN_POINT('Ctrl Pts',(-250.,32.4814463322711,5.3308723103712));
#1363=CARTESIAN_POINT('Ctrl Pts',(0.,31.639262851883,5.32198958954914));
#1364=CARTESIAN_POINT('Ctrl Pts',(-250.,31.639262851883,5.32198958954914));
#1365=CARTESIAN_POINT('Ctrl Pts',(0.,30.8075374496356,5.31032510599703));
#1366=CARTESIAN_POINT('Ctrl Pts',(-250.,30.8075374496356,5.31032510599703));
#1367=CARTESIAN_POINT('Ctrl Pts',(0.,29.9855230770829,5.2952817194195));
#1368=CARTESIAN_POINT('Ctrl Pts',(-250.,29.9855230770829,5.2952817194195));
#1369=CARTESIAN_POINT('Ctrl Pts',(0.,29.1708938851253,5.27647604586981));
#1370=CARTESIAN_POINT('Ctrl Pts',(-250.,29.1708938851253,5.27647604586981));
#1371=CARTESIAN_POINT('Ctrl Pts',(0.,28.3600445313778,5.25379302629832));
#1372=CARTESIAN_POINT('Ctrl Pts',(-250.,28.3600445313778,5.25379302629832));
#1373=CARTESIAN_POINT('Ctrl Pts',(0.,27.5482047790591,5.22747648110103));
#1374=CARTESIAN_POINT('Ctrl Pts',(-250.,27.5482047790591,5.22747648110103));
#1375=CARTESIAN_POINT('Ctrl Pts',(0.,26.7303376781638,5.19804976499451));
#1376=CARTESIAN_POINT('Ctrl Pts',(-250.,26.7303376781638,5.19804976499451));
#1377=CARTESIAN_POINT('Ctrl Pts',(0.,25.9023440714719,5.16615847923701));
#1378=CARTESIAN_POINT('Ctrl Pts',(-250.,25.9023440714719,5.16615847923701));
#1379=CARTESIAN_POINT('Ctrl Pts',(0.,25.0622740850424,5.13243236605935));
#1380=CARTESIAN_POINT('Ctrl Pts',(-250.,25.0622740850424,5.13243236605935));
#1381=CARTESIAN_POINT('Ctrl Pts',(0.,24.2113069464086,5.09735138842434));
#1382=CARTESIAN_POINT('Ctrl Pts',(-250.,24.2113069464086,5.09735138842434));
#1383=CARTESIAN_POINT('Ctrl Pts',(0.,23.3553945855176,5.0610800696914));
#1384=CARTESIAN_POINT('Ctrl Pts',(-250.,23.3553945855176,5.0610800696914));
#1385=CARTESIAN_POINT('Ctrl Pts',(0.,22.5043518642425,5.02343706089394));
#1386=CARTESIAN_POINT('Ctrl Pts',(-250.,22.5043518642425,5.02343706089394));
#1387=CARTESIAN_POINT('Ctrl Pts',(0.,21.6686932969084,4.98399249308373));
#1388=CARTESIAN_POINT('Ctrl Pts',(-250.,21.6686932969084,4.98399249308373));
#1389=CARTESIAN_POINT('Ctrl Pts',(0.,20.8569446692448,4.94212825899271));
#1390=CARTESIAN_POINT('Ctrl Pts',(-250.,20.8569446692448,4.94212825899271));
#1391=CARTESIAN_POINT('Ctrl Pts',(0.,20.0730882172598,4.89711661535466));
#1392=CARTESIAN_POINT('Ctrl Pts',(-250.,20.0730882172598,4.89711661535466));
#1393=CARTESIAN_POINT('Ctrl Pts',(0.,19.3131623353332,4.84818330460361));
#1394=CARTESIAN_POINT('Ctrl Pts',(-250.,19.3131623353332,4.84818330460361));
#1395=CARTESIAN_POINT('Ctrl Pts',(0.,18.5648196549222,4.79460154818429));
#1396=CARTESIAN_POINT('Ctrl Pts',(-250.,18.5648196549222,4.79460154818429));
#1397=CARTESIAN_POINT('Ctrl Pts',(0.,17.8129398290381,4.73583104313079));
#1398=CARTESIAN_POINT('Ctrl Pts',(-250.,17.8129398290381,4.73583104313079));
#1399=CARTESIAN_POINT('Ctrl Pts',(0.,17.044284160226,4.67166237607009));
#1400=CARTESIAN_POINT('Ctrl Pts',(-250.,17.044284160226,4.67166237607009));
#1401=CARTESIAN_POINT('Ctrl Pts',(0.,16.2518739008494,4.60232847047427));
#1402=CARTESIAN_POINT('Ctrl Pts',(-250.,16.2518739008494,4.60232847047427));
#1403=CARTESIAN_POINT('Ctrl Pts',(0.,15.4411027938489,4.52870580882555));
#1404=CARTESIAN_POINT('Ctrl Pts',(-250.,15.4411027938489,4.52870580882555));
#1405=CARTESIAN_POINT('Ctrl Pts',(0.,14.6283824118657,4.45216299070981));
#1406=CARTESIAN_POINT('Ctrl Pts',(-250.,14.6283824118657,4.45216299070981));
#1407=CARTESIAN_POINT('Ctrl Pts',(0.,13.8337345695458,4.37413034454997));
#1408=CARTESIAN_POINT('Ctrl Pts',(-250.,13.8337345695458,4.37413034454997));
#1409=CARTESIAN_POINT('Ctrl Pts',(0.,13.0747271133147,4.295727392112));
#1410=CARTESIAN_POINT('Ctrl Pts',(-250.,13.0747271133147,4.295727392112));
#1411=CARTESIAN_POINT('Ctrl Pts',(0.,12.3607020274554,4.21741377897682));
#1412=CARTESIAN_POINT('Ctrl Pts',(-250.,12.3607020274554,4.21741377897682));
#1413=CARTESIAN_POINT('Ctrl Pts',(0.,11.684766421589,4.13851200426592));
#1414=CARTESIAN_POINT('Ctrl Pts',(-250.,11.684766421589,4.13851200426592));
#1415=CARTESIAN_POINT('Ctrl Pts',(0.,11.0268149800082,4.05734435664729));
#1416=CARTESIAN_POINT('Ctrl Pts',(-250.,11.0268149800082,4.05734435664729));
#1417=CARTESIAN_POINT('Ctrl Pts',(0.,10.3639492753858,3.97176665523074));
#1418=CARTESIAN_POINT('Ctrl Pts',(-250.,10.3639492753858,3.97176665523074));
#1419=CARTESIAN_POINT('Ctrl Pts',(0.,9.67785917615953,3.87955934600253));
#1420=CARTESIAN_POINT('Ctrl Pts',(-250.,9.67785917615953,3.87955934600253));
#1421=CARTESIAN_POINT('Ctrl Pts',(0.,8.96526704395129,3.77892790657128));
#1422=CARTESIAN_POINT('Ctrl Pts',(-250.,8.96526704395129,3.77892790657128));
#1423=CARTESIAN_POINT('Ctrl Pts',(0.,8.24113485335753,3.66878971812791));
#1424=CARTESIAN_POINT('Ctrl Pts',(-250.,8.24113485335753,3.66878971812791));
#1425=CARTESIAN_POINT('Ctrl Pts',(0.,7.52762670880682,3.54864670627644));
#1426=CARTESIAN_POINT('Ctrl Pts',(-250.,7.52762670880682,3.54864670627644));
#1427=CARTESIAN_POINT('Ctrl Pts',(0.,6.84570901484165,3.41855441047615));
#1428=CARTESIAN_POINT('Ctrl Pts',(-250.,6.84570901484165,3.41855441047615));
#1429=CARTESIAN_POINT('Ctrl Pts',(0.,6.20629004422304,3.27902581335001));
#1430=CARTESIAN_POINT('Ctrl Pts',(-250.,6.20629004422304,3.27902581335001));
#1431=CARTESIAN_POINT('Ctrl Pts',(0.,5.60000307799049,3.13103522188353));
#1432=CARTESIAN_POINT('Ctrl Pts',(-250.,5.60000307799049,3.13103522188353));
#1433=CARTESIAN_POINT('Ctrl Pts',(0.,5.00553177684148,2.97508761188052));
#1434=CARTESIAN_POINT('Ctrl Pts',(-250.,5.00553177684148,2.97508761188052));
#1435=CARTESIAN_POINT('Ctrl Pts',(0.,4.40089970145497,2.81010470065967));
#1436=CARTESIAN_POINT('Ctrl Pts',(-250.,4.40089970145497,2.81010470065967));
#1437=CARTESIAN_POINT('Ctrl Pts',(0.,3.77318857199613,2.63248309018975));
#1438=CARTESIAN_POINT('Ctrl Pts',(-250.,3.77318857199613,2.63248309018975));
#1439=CARTESIAN_POINT('Ctrl Pts',(0.,3.13025699885565,2.43479632496658));
#1440=CARTESIAN_POINT('Ctrl Pts',(-250.,3.13025699885565,2.43479632496658));
#1441=CARTESIAN_POINT('Ctrl Pts',(0.,2.49458278573994,2.20849709535953));
#1442=CARTESIAN_POINT('Ctrl Pts',(-250.,2.49458278573994,2.20849709535953));
#1443=CARTESIAN_POINT('Ctrl Pts',(0.,1.89470238944398,1.94733881246281));
#1444=CARTESIAN_POINT('Ctrl Pts',(-250.,1.89470238944398,1.94733881246281));
#1445=CARTESIAN_POINT('Ctrl Pts',(0.,1.35807117628186,1.65010460110976));
#1446=CARTESIAN_POINT('Ctrl Pts',(-250.,1.35807117628186,1.65010460110976));
#1447=CARTESIAN_POINT('Ctrl Pts',(0.,0.901902358595871,1.32471489463748));
#1448=CARTESIAN_POINT('Ctrl Pts',(-250.,0.901902358595871,1.32471489463748));
#1449=CARTESIAN_POINT('Ctrl Pts',(0.,0.534137351984283,0.984886851441684));
#1450=CARTESIAN_POINT('Ctrl Pts',(-250.,0.534137351984283,0.984886851441684));
#1451=CARTESIAN_POINT('Ctrl Pts',(0.,0.257257234630324,0.64502811049282));
#1452=CARTESIAN_POINT('Ctrl Pts',(-250.,0.257257234630324,0.64502811049282));
#1453=CARTESIAN_POINT('Ctrl Pts',(0.,0.108665737111607,0.380813807648821));
#1454=CARTESIAN_POINT('Ctrl Pts',(-250.,0.108665737111607,0.380813807648821));
#1455=CARTESIAN_POINT('Ctrl Pts',(0.,0.0383479513676969,0.188223319090041));
#1456=CARTESIAN_POINT('Ctrl Pts',(-250.,0.0383479513676969,0.188223319090041));
#1457=CARTESIAN_POINT('Ctrl Pts',(0.,0.00973761543283682,0.0623258647802749));
#1458=CARTESIAN_POINT('Ctrl Pts',(-250.,0.00973761543283682,0.0623258647802749));
#1459=CARTESIAN_POINT('Ctrl Pts',(0.,0.,0.));
#1460=CARTESIAN_POINT('Ctrl Pts',(-250.,0.,0.));
#1461=CARTESIAN_POINT('',(0.,130.,0.));
#1462=CARTESIAN_POINT('Ctrl Pts',(0.,0.,0.));
#1463=CARTESIAN_POINT('Ctrl Pts',(-250.,0.,0.));
#1464=CARTESIAN_POINT('Ctrl Pts',(0.,0.0114960758366543,-0.0565184937104477));
#1465=CARTESIAN_POINT('Ctrl Pts',(-250.,0.0114960758366543,-0.0565184937104477));
#1466=CARTESIAN_POINT('Ctrl Pts',(0.,0.0362294362163354,-0.173931073947259));
#1467=CARTESIAN_POINT('Ctrl Pts',(-250.,0.0362294362163354,-0.173931073947259));
#1468=CARTESIAN_POINT('Ctrl Pts',(0.,0.0785335870995387,-0.363190796303829));
#1469=CARTESIAN_POINT('Ctrl Pts',(-250.,0.0785335870995387,-0.363190796303829));
#1470=CARTESIAN_POINT('Ctrl Pts',(0.,0.145518001067819,-0.641698001680556));
#1471=CARTESIAN_POINT('Ctrl Pts',(-250.,0.145518001067819,-0.641698001680556));
#1472=CARTESIAN_POINT('Ctrl Pts',(0.,0.251915114351456,-1.02876462507049));
#1473=CARTESIAN_POINT('Ctrl Pts',(-250.,0.251915114351456,-1.02876462507049));
#1474=CARTESIAN_POINT('Ctrl Pts',(0.,0.399520076128415,-1.43824984472228));
#1475=CARTESIAN_POINT('Ctrl Pts',(-250.,0.399520076128415,-1.43824984472228));
#1476=CARTESIAN_POINT('Ctrl Pts',(0.,0.611174270560602,-1.84757207236556));
#1477=CARTESIAN_POINT('Ctrl Pts',(-250.,0.611174270560602,-1.84757207236556));
#1478=CARTESIAN_POINT('Ctrl Pts',(0.,0.898840546208775,-2.23875354487875));
#1479=CARTESIAN_POINT('Ctrl Pts',(-250.,0.898840546208775,-2.23875354487875));
#1480=CARTESIAN_POINT('Ctrl Pts',(0.,1.24522722514277,-2.61034205725617));
#1481=CARTESIAN_POINT('Ctrl Pts',(-250.,1.24522722514277,-2.61034205725617));
#1482=CARTESIAN_POINT('Ctrl Pts',(0.,1.61625139789706,-2.97237833022994));
#1483=CARTESIAN_POINT('Ctrl Pts',(-250.,1.61625139789706,-2.97237833022994));
#1484=CARTESIAN_POINT('Ctrl Pts',(0.,1.98122723142426,-3.33649746289853));
#1485=CARTESIAN_POINT('Ctrl Pts',(-250.,1.98122723142426,-3.33649746289853));
#1486=CARTESIAN_POINT('Ctrl Pts',(0.,2.33579466723029,-3.70559796326963));
#1487=CARTESIAN_POINT('Ctrl Pts',(-250.,2.33579466723029,-3.70559796326963));
#1488=CARTESIAN_POINT('Ctrl Pts',(0.,2.70490205111262,-4.07100754931655));
#1489=CARTESIAN_POINT('Ctrl Pts',(-250.,2.70490205111262,-4.07100754931655));
#1490=CARTESIAN_POINT('Ctrl Pts',(0.,3.11685644007895,-4.42099660154985));
#1491=CARTESIAN_POINT('Ctrl Pts',(-250.,3.11685644007895,-4.42099660154985));
#1492=CARTESIAN_POINT('Ctrl Pts',(0.,3.58486137363038,-4.74636963448867));
#1493=CARTESIAN_POINT('Ctrl Pts',(-250.,3.58486137363038,-4.74636963448867));
#1494=CARTESIAN_POINT('Ctrl Pts',(0.,4.08517969743341,-5.04730001707126));
#1495=CARTESIAN_POINT('Ctrl Pts',(-250.,4.08517969743341,-5.04730001707126));
#1496=CARTESIAN_POINT('Ctrl Pts',(0.,4.57958121691029,-5.32890284237812));
#1497=CARTESIAN_POINT('Ctrl Pts',(-250.,4.57958121691029,-5.32890284237812));
#1498=CARTESIAN_POINT('Ctrl Pts',(0.,5.03467080665156,-5.59748543742307));
#1499=CARTESIAN_POINT('Ctrl Pts',(-250.,5.03467080665156,-5.59748543742307));
#1500=CARTESIAN_POINT('Ctrl Pts',(0.,5.44751241644699,-5.8556292430241));
#1501=CARTESIAN_POINT('Ctrl Pts',(-250.,5.44751241644699,-5.8556292430241));
#1502=CARTESIAN_POINT('Ctrl Pts',(0.,5.8520101584946,-6.10070530319118));
#1503=CARTESIAN_POINT('Ctrl Pts',(-250.,5.8520101584946,-6.10070530319118));
#1504=CARTESIAN_POINT('Ctrl Pts',(0.,6.28809150321064,-6.32997195339945));
#1505=CARTESIAN_POINT('Ctrl Pts',(-250.,6.28809150321064,-6.32997195339945));
#1506=CARTESIAN_POINT('Ctrl Pts',(0.,6.7774587255429,-6.5445149171067));
#1507=CARTESIAN_POINT('Ctrl Pts',(-250.,6.7774587255429,-6.5445149171067));
#1508=CARTESIAN_POINT('Ctrl Pts',(0.,7.30031058571709,-6.75298369013302));
#1509=CARTESIAN_POINT('Ctrl Pts',(-250.,7.30031058571709,-6.75298369013302));
#1510=CARTESIAN_POINT('Ctrl Pts',(0.,7.82029125482578,-6.96501411791151));
#1511=CARTESIAN_POINT('Ctrl Pts',(-250.,7.82029125482578,-6.96501411791151));
#1512=CARTESIAN_POINT('Ctrl Pts',(0.,8.30272780090215,-7.18661261621869));
#1513=CARTESIAN_POINT('Ctrl Pts',(-250.,8.30272780090215,-7.18661261621869));
#1514=CARTESIAN_POINT('Ctrl Pts',(0.,8.74059288730771,-7.41252322422604));
#1515=CARTESIAN_POINT('Ctrl Pts',(-250.,8.74059288730771,-7.41252322422604));
#1516=CARTESIAN_POINT('Ctrl Pts',(0.,9.15632366678549,-7.6289109858853));
#1517=CARTESIAN_POINT('Ctrl Pts',(-250.,9.15632366678549,-7.6289109858853));
#1518=CARTESIAN_POINT('Ctrl Pts',(0.,9.58511960555452,-7.82339939388243));
#1519=CARTESIAN_POINT('Ctrl Pts',(-250.,9.58511960555452,-7.82339939388243));
#1520=CARTESIAN_POINT('Ctrl Pts',(0.,10.0621494609563,-7.99477329775864));
#1521=CARTESIAN_POINT('Ctrl Pts',(-250.,10.0621494609563,-7.99477329775864));
#1522=CARTESIAN_POINT('Ctrl Pts',(0.,10.612157515973,-8.15737904009384));
#1523=CARTESIAN_POINT('Ctrl Pts',(-250.,10.612157515973,-8.15737904009384));
#1524=CARTESIAN_POINT('Ctrl Pts',(0.,11.2498221618927,-8.33066803719227));
#1525=CARTESIAN_POINT('Ctrl Pts',(-250.,11.2498221618927,-8.33066803719227));
#1526=CARTESIAN_POINT('Ctrl Pts',(0.,11.9780842342346,-8.53259334050547));
#1527=CARTESIAN_POINT('Ctrl Pts',(-250.,11.9780842342346,-8.53259334050547));
#1528=CARTESIAN_POINT('Ctrl Pts',(0.,12.7864492382632,-8.76984123084636));
#1529=CARTESIAN_POINT('Ctrl Pts',(-250.,12.7864492382632,-8.76984123084636));
#1530=CARTESIAN_POINT('Ctrl Pts',(0.,13.6523680007515,-9.03530104561085));
#1531=CARTESIAN_POINT('Ctrl Pts',(-250.,13.6523680007515,-9.03530104561085));
#1532=CARTESIAN_POINT('Ctrl Pts',(0.,14.5474460485828,-9.31413428816618));
#1533=CARTESIAN_POINT('Ctrl Pts',(-250.,14.5474460485828,-9.31413428816618));
#1534=CARTESIAN_POINT('Ctrl Pts',(0.,15.4423087275896,-9.58765348346179));
#1535=CARTESIAN_POINT('Ctrl Pts',(-250.,15.4423087275896,-9.58765348346179));
#1536=CARTESIAN_POINT('Ctrl Pts',(0.,16.3122316106364,-9.83825195706146));
#1537=CARTESIAN_POINT('Ctrl Pts',(-250.,16.3122316106364,-9.83825195706146));
#1538=CARTESIAN_POINT('Ctrl Pts',(0.,17.1419359134022,-10.0534970142527));
#1539=CARTESIAN_POINT('Ctrl Pts',(-250.,17.1419359134022,-10.0534970142527));
#1540=CARTESIAN_POINT('Ctrl Pts',(0.,17.9320582506705,-10.2315835940742));
#1541=CARTESIAN_POINT('Ctrl Pts',(-250.,17.9320582506705,-10.2315835940742));
#1542=CARTESIAN_POINT('Ctrl Pts',(0.,18.6960789998167,-10.3794815960142));
#1543=CARTESIAN_POINT('Ctrl Pts',(-250.,18.6960789998167,-10.3794815960142));
#1544=CARTESIAN_POINT('Ctrl Pts',(0.,19.4545464199148,-10.5090299799436));
#1545=CARTESIAN_POINT('Ctrl Pts',(-250.,19.4545464199148,-10.5090299799436));
#1546=CARTESIAN_POINT('Ctrl Pts',(0.,20.230014966773,-10.6335865153802));
#1547=CARTESIAN_POINT('Ctrl Pts',(-250.,20.230014966773,-10.6335865153802));
#1548=CARTESIAN_POINT('Ctrl Pts',(0.,21.0421162533546,-10.7647388282935));
#1549=CARTESIAN_POINT('Ctrl Pts',(-250.,21.0421162533546,-10.7647388282935));
#1550=CARTESIAN_POINT('Ctrl Pts',(0.,21.9014934784522,-10.9082544129118));
#1551=CARTESIAN_POINT('Ctrl Pts',(-250.,21.9014934784522,-10.9082544129118));
#1552=CARTESIAN_POINT('Ctrl Pts',(0.,22.8094291798733,-11.0639010181983));
#1553=CARTESIAN_POINT('Ctrl Pts',(-250.,22.8094291798733,-11.0639010181983));
#1554=CARTESIAN_POINT('Ctrl Pts',(0.,23.7608708268081,-11.2275848624073));
#1555=CARTESIAN_POINT('Ctrl Pts',(-250.,23.7608708268081,-11.2275848624073));
#1556=CARTESIAN_POINT('Ctrl Pts',(0.,24.7463785428176,-11.392749583087));
#1557=CARTESIAN_POINT('Ctrl Pts',(-250.,24.7463785428176,-11.392749583087));
#1558=CARTESIAN_POINT('Ctrl Pts',(0.,25.754589670052,-11.5521380209231));
#1559=CARTESIAN_POINT('Ctrl Pts',(-250.,25.754589670052,-11.5521380209231));
#1560=CARTESIAN_POINT('Ctrl Pts',(0.,26.7742940498594,-11.6992646040108));
#1561=CARTESIAN_POINT('Ctrl Pts',(-250.,26.7742940498594,-11.6992646040108));
#1562=CARTESIAN_POINT('Ctrl Pts',(0.,27.7970946189213,-11.8303466174421));
#1563=CARTESIAN_POINT('Ctrl Pts',(-250.,27.7970946189213,-11.8303466174421));
#1564=CARTESIAN_POINT('Ctrl Pts',(0.,28.8179235576486,-11.9445244785299));
#1565=CARTESIAN_POINT('Ctrl Pts',(-250.,28.8179235576486,-11.9445244785299));
#1566=CARTESIAN_POINT('Ctrl Pts',(0.,29.8341446255354,-12.0429492790842));
#1567=CARTESIAN_POINT('Ctrl Pts',(-250.,29.8341446255354,-12.0429492790842));
#1568=CARTESIAN_POINT('Ctrl Pts',(0.,30.8450766712753,-12.1282084856756));
#1569=CARTESIAN_POINT('Ctrl Pts',(-250.,30.8450766712753,-12.1282084856756));
#1570=CARTESIAN_POINT('Ctrl Pts',(0.,31.8513390225899,-12.2036076195603));
#1571=CARTESIAN_POINT('Ctrl Pts',(-250.,31.8513390225899,-12.2036076195603));
#1572=CARTESIAN_POINT('Ctrl Pts',(0.,32.8542852999455,-12.272525545624));
#1573=CARTESIAN_POINT('Ctrl Pts',(-250.,32.8542852999455,-12.272525545624));
#1574=CARTESIAN_POINT('Ctrl Pts',(0.,33.8553717768953,-12.3377105795946));
#1575=CARTESIAN_POINT('Ctrl Pts',(-250.,33.8553717768953,-12.3377105795946));
#1576=CARTESIAN_POINT('Ctrl Pts',(0.,34.8556338274972,-12.4006817462778));
#1577=CARTESIAN_POINT('Ctrl Pts',(-250.,34.8556338274972,-12.4006817462778));
#1578=CARTESIAN_POINT('Ctrl Pts',(0.,35.8560270980414,-12.4620066522603));
#1579=CARTESIAN_POINT('Ctrl Pts',(-250.,35.8560270980414,-12.4620066522603));
#1580=CARTESIAN_POINT('Ctrl Pts',(0.,36.8577055826853,-12.5215095410075));
#1581=CARTESIAN_POINT('Ctrl Pts',(-250.,36.8577055826853,-12.5215095410075));
#1582=CARTESIAN_POINT('Ctrl Pts',(0.,37.8623107721416,-12.5785030992071));
#1583=CARTESIAN_POINT('Ctrl Pts',(-250.,37.8623107721416,-12.5785030992071));
#1584=CARTESIAN_POINT('Ctrl Pts',(0.,38.8722855684663,-12.6320158393496));
#1585=CARTESIAN_POINT('Ctrl Pts',(-250.,38.8722855684663,-12.6320158393496));
#1586=CARTESIAN_POINT('Ctrl Pts',(0.,39.8911090842802,-12.6810076316211));
#1587=CARTESIAN_POINT('Ctrl Pts',(-250.,39.8911090842802,-12.6810076316211));
#1588=CARTESIAN_POINT('Ctrl Pts',(0.,40.9237410637974,-12.7246251601086));
#1589=CARTESIAN_POINT('Ctrl Pts',(-250.,40.9237410637974,-12.7246251601086));
#1590=CARTESIAN_POINT('Ctrl Pts',(0.,41.975994124493,-12.7622443412271));
#1591=CARTESIAN_POINT('Ctrl Pts',(-250.,41.975994124493,-12.7622443412271));
#1592=CARTESIAN_POINT('Ctrl Pts',(0.,43.0534636529006,-12.79342302246));
#1593=CARTESIAN_POINT('Ctrl Pts',(-250.,43.0534636529006,-12.79342302246));
#1594=CARTESIAN_POINT('Ctrl Pts',(0.,44.1605885683196,-12.8178824368164));
#1595=CARTESIAN_POINT('Ctrl Pts',(-250.,44.1605885683196,-12.8178824368164));
#1596=CARTESIAN_POINT('Ctrl Pts',(0.,45.2996829271215,-12.8354772193533));
#1597=CARTESIAN_POINT('Ctrl Pts',(-250.,45.2996829271215,-12.8354772193533));
#1598=CARTESIAN_POINT('Ctrl Pts',(0.,46.4699203661098,-12.8461692458309));
#1599=CARTESIAN_POINT('Ctrl Pts',(-250.,46.4699203661098,-12.8461692458309));
#1600=CARTESIAN_POINT('Ctrl Pts',(0.,47.6664767854689,-12.8500025124133));
#1601=CARTESIAN_POINT('Ctrl Pts',(-250.,47.6664767854689,-12.8500025124133));
#1602=CARTESIAN_POINT('Ctrl Pts',(0.,48.8792458787313,-12.8470707651687));
#1603=CARTESIAN_POINT('Ctrl Pts',(-250.,48.8792458787313,-12.8470707651687));
#1604=CARTESIAN_POINT('Ctrl Pts',(0.,50.0940369945523,-12.8375319228717));
#1605=CARTESIAN_POINT('Ctrl Pts',(-250.,50.0940369945523,-12.8375319228717));
#1606=CARTESIAN_POINT('Ctrl Pts',(0.,51.2945721189438,-12.8216374331876));
#1607=CARTESIAN_POINT('Ctrl Pts',(-250.,51.2945721189438,-12.8216374331876));
#1608=CARTESIAN_POINT('Ctrl Pts',(0.,52.4642325515204,-12.7997577328877));
#1609=CARTESIAN_POINT('Ctrl Pts',(-250.,52.4642325515204,-12.7997577328877));
#1610=CARTESIAN_POINT('Ctrl Pts',(0.,53.5878752418067,-12.7724070357967));
#1611=CARTESIAN_POINT('Ctrl Pts',(-250.,53.5878752418067,-12.7724070357967));
#1612=CARTESIAN_POINT('Ctrl Pts',(0.,54.6536996937823,-12.7402738459368));
#1613=CARTESIAN_POINT('Ctrl Pts',(-250.,54.6536996937823,-12.7402738459368));
#1614=CARTESIAN_POINT('Ctrl Pts',(0.,55.6549067889758,-12.7042364658374));
#1615=CARTESIAN_POINT('Ctrl Pts',(-250.,55.6549067889758,-12.7042364658374));
#1616=CARTESIAN_POINT('Ctrl Pts',(0.,56.5919064141103,-12.6654158336776));
#1617=CARTESIAN_POINT('Ctrl Pts',(-250.,56.5919064141103,-12.6654158336776));
#1618=CARTESIAN_POINT('Ctrl Pts',(0.,57.4726394571005,-12.6251010663222));
#1619=CARTESIAN_POINT('Ctrl Pts',(-250.,57.4726394571005,-12.6251010663222));
#1620=CARTESIAN_POINT('Ctrl Pts',(0.,58.3102104914059,-12.5844923897449));
#1621=CARTESIAN_POINT('Ctrl Pts',(-250.,58.3102104914059,-12.5844923897449));
#1622=CARTESIAN_POINT('Ctrl Pts',(0.,59.1211893314145,-12.544491179014));
#1623=CARTESIAN_POINT('Ctrl Pts',(-250.,59.1211893314145,-12.544491179014));
#1624=CARTESIAN_POINT('Ctrl Pts',(0.,59.9236156927461,-12.5054651193858));
#1625=CARTESIAN_POINT('Ctrl Pts',(-250.,59.9236156927461,-12.5054651193858));
#1626=CARTESIAN_POINT('Ctrl Pts',(0.,60.7351954731119,-12.4670372806766));
#1627=CARTESIAN_POINT('Ctrl Pts',(-250.,60.7351954731119,-12.4670372806766));
#1628=CARTESIAN_POINT('Ctrl Pts',(0.,61.5712442951533,-12.4278290221455));
#1629=CARTESIAN_POINT('Ctrl Pts',(-250.,61.5712442951533,-12.4278290221455));
#1630=CARTESIAN_POINT('Ctrl Pts',(0.,62.4447688129094,-12.3856477173669));
#1631=CARTESIAN_POINT('Ctrl Pts',(-250.,62.4447688129094,-12.3856477173669));
#1632=CARTESIAN_POINT('Ctrl Pts',(0.,63.3668137195555,-12.337731449042));
#1633=CARTESIAN_POINT('Ctrl Pts',(-250.,63.3668137195555,-12.337731449042));
#1634=CARTESIAN_POINT('Ctrl Pts',(0.,64.3467159527681,-12.2809734877319));
#1635=CARTESIAN_POINT('Ctrl Pts',(-250.,64.3467159527681,-12.2809734877319));
#1636=CARTESIAN_POINT('Ctrl Pts',(0.,65.3923946970078,-12.2121549558309));
#1637=CARTESIAN_POINT('Ctrl Pts',(-250.,65.3923946970078,-12.2121549558309));
#1638=CARTESIAN_POINT('Ctrl Pts',(0.,66.5106320145272,-12.1281744253717));
#1639=CARTESIAN_POINT('Ctrl Pts',(-250.,66.5106320145272,-12.1281744253717));
#1640=CARTESIAN_POINT('Ctrl Pts',(0.,67.707339052605,-12.0262774580769));
#1641=CARTESIAN_POINT('Ctrl Pts',(-250.,67.707339052605,-12.0262774580769));
#1642=CARTESIAN_POINT('Ctrl Pts',(0.,68.9867702521188,-11.9042065531791));
#1643=CARTESIAN_POINT('Ctrl Pts',(-250.,68.9867702521188,-11.9042065531791));
#1644=CARTESIAN_POINT('Ctrl Pts',(0.,70.3507598039981,-11.7603528853502));
#1645=CARTESIAN_POINT('Ctrl Pts',(-250.,70.3507598039981,-11.7603528853502));
#1646=CARTESIAN_POINT('Ctrl Pts',(0.,71.7979475960787,-11.5939078281438));
#1647=CARTESIAN_POINT('Ctrl Pts',(-250.,71.7979475960787,-11.5939078281438));
#1648=CARTESIAN_POINT('Ctrl Pts',(0.,73.3230121004622,-11.4050141269698));
#1649=CARTESIAN_POINT('Ctrl Pts',(-250.,73.3230121004622,-11.4050141269698));
#1650=CARTESIAN_POINT('Ctrl Pts',(0.,74.9158913772418,-11.1949190377734));
#1651=CARTESIAN_POINT('Ctrl Pts',(-250.,74.9158913772418,-11.1949190377734));
#1652=CARTESIAN_POINT('Ctrl Pts',(0.,76.5610259485707,-10.9661233466132));
#1653=CARTESIAN_POINT('Ctrl Pts',(-250.,76.5610259485707,-10.9661233466132));
#1654=CARTESIAN_POINT('Ctrl Pts',(0.,78.2365486215687,-10.7225408665513));
#1655=CARTESIAN_POINT('Ctrl Pts',(-250.,78.2365486215687,-10.7225408665513));
#1656=CARTESIAN_POINT('Ctrl Pts',(0.,79.9135947620382,-10.4696341148541));
#1657=CARTESIAN_POINT('Ctrl Pts',(-250.,79.9135947620382,-10.4696341148541));
#1658=CARTESIAN_POINT('Ctrl Pts',(0.,81.5552894125272,-10.2146140962485));
#1659=CARTESIAN_POINT('Ctrl Pts',(-250.,81.5552894125272,-10.2146140962485));
#1660=CARTESIAN_POINT('Ctrl Pts',(0.,83.121039972102,-9.96558835377319));
#1661=CARTESIAN_POINT('Ctrl Pts',(-250.,83.121039972102,-9.96558835377319));
#1662=CARTESIAN_POINT('Ctrl Pts',(0.,84.5712386463806,-9.73062797211985));
#1663=CARTESIAN_POINT('Ctrl Pts',(-250.,84.5712386463806,-9.73062797211985));
#1664=CARTESIAN_POINT('Ctrl Pts',(0.,85.8717768225572,-9.51687155289037));
#1665=CARTESIAN_POINT('Ctrl Pts',(-250.,85.8717768225572,-9.51687155289037));
#1666=CARTESIAN_POINT('Ctrl Pts',(0.,86.9987300485853,-9.32959620643203));
#1667=CARTESIAN_POINT('Ctrl Pts',(-250.,86.9987300485853,-9.32959620643203));
#1668=CARTESIAN_POINT('Ctrl Pts',(0.,87.9427641943334,-9.17134198526134));
#1669=CARTESIAN_POINT('Ctrl Pts',(-250.,87.9427641943334,-9.17134198526134));
#1670=CARTESIAN_POINT('Ctrl Pts',(0.,88.7141491730184,-9.0409202434741));
#1671=CARTESIAN_POINT('Ctrl Pts',(-250.,88.7141491730184,-9.0409202434741));
#1672=CARTESIAN_POINT('Ctrl Pts',(0.,89.346381126477,-8.93268772682928));
#1673=CARTESIAN_POINT('Ctrl Pts',(-250.,89.346381126477,-8.93268772682928));
#1674=CARTESIAN_POINT('Ctrl Pts',(0.,89.903327675346,-8.83514802031092));
#1675=CARTESIAN_POINT('Ctrl Pts',(-250.,89.903327675346,-8.83514802031092));
#1676=CARTESIAN_POINT('Ctrl Pts',(0.,90.4677028719305,-8.733115880241));
#1677=CARTESIAN_POINT('Ctrl Pts',(-250.,90.4677028719305,-8.733115880241));
#1678=CARTESIAN_POINT('Ctrl Pts',(0.,91.121040260695,-8.61150041337362));
#1679=CARTESIAN_POINT('Ctrl Pts',(-250.,91.121040260695,-8.61150041337362));
#1680=CARTESIAN_POINT('Ctrl Pts',(0.,91.9281183327592,-8.45824584297873));
#1681=CARTESIAN_POINT('Ctrl Pts',(-250.,91.9281183327592,-8.45824584297873));
#1682=CARTESIAN_POINT('Ctrl Pts',(0.,92.9154851138884,-8.26838074650951));
#1683=CARTESIAN_POINT('Ctrl Pts',(-250.,92.9154851138884,-8.26838074650951));
#1684=CARTESIAN_POINT('Ctrl Pts',(0.,94.0697090794951,-8.04437227760333));
#1685=CARTESIAN_POINT('Ctrl Pts',(-250.,94.0697090794951,-8.04437227760333));
#1686=CARTESIAN_POINT('Ctrl Pts',(0.,95.3506083094453,-7.79367670069828));
#1687=CARTESIAN_POINT('Ctrl Pts',(-250.,95.3506083094453,-7.79367670069828));
#1688=CARTESIAN_POINT('Ctrl Pts',(0.,96.7001630711561,-7.52709769162043));
#1689=CARTESIAN_POINT('Ctrl Pts',(-250.,96.7001630711561,-7.52709769162043));
#1690=CARTESIAN_POINT('Ctrl Pts',(0.,98.0532522097438,-7.25680362215957));
#1691=CARTESIAN_POINT('Ctrl Pts',(-250.,98.0532522097438,-7.25680362215957));
#1692=CARTESIAN_POINT('Ctrl Pts',(0.,99.347475435923,-6.99451517499472));
#1693=CARTESIAN_POINT('Ctrl Pts',(-250.,99.347475435923,-6.99451517499472));
#1694=CARTESIAN_POINT('Ctrl Pts',(0.,100.533669985997,-6.74956478411734));
#1695=CARTESIAN_POINT('Ctrl Pts',(-250.,100.533669985997,-6.74956478411734));
#1696=CARTESIAN_POINT('Ctrl Pts',(0.,101.585422161676,-6.52714005022515));
#1697=CARTESIAN_POINT('Ctrl Pts',(-250.,101.585422161676,-6.52714005022515));
#1698=CARTESIAN_POINT('Ctrl Pts',(0.,102.510896229322,-6.32610424999564));
#1699=CARTESIAN_POINT('Ctrl Pts',(-250.,102.510896229322,-6.32610424999564));
#1700=CARTESIAN_POINT('Ctrl Pts',(0.,103.343996743062,-6.14058667657471));
#1701=CARTESIAN_POINT('Ctrl Pts',(-250.,103.343996743062,-6.14058667657471));
#1702=CARTESIAN_POINT('Ctrl Pts',(0.,104.132450368721,-5.96213542947629));
#1703=CARTESIAN_POINT('Ctrl Pts',(-250.,104.132450368721,-5.96213542947629));
#1704=CARTESIAN_POINT('Ctrl Pts',(0.,104.926828325906,-5.78169730320749));
#1705=CARTESIAN_POINT('Ctrl Pts',(-250.,104.926828325906,-5.78169730320749));
#1706=CARTESIAN_POINT('Ctrl Pts',(0.,105.769502260702,-5.59161288034884));
#1707=CARTESIAN_POINT('Ctrl Pts',(-250.,105.769502260702,-5.59161288034884));
#1708=CARTESIAN_POINT('Ctrl Pts',(0.,106.682849875047,-5.38774113969204));
#1709=CARTESIAN_POINT('Ctrl Pts',(-250.,106.682849875047,-5.38774113969204));
#1710=CARTESIAN_POINT('Ctrl Pts',(0.,107.660054543085,-5.17113149730848));
#1711=CARTESIAN_POINT('Ctrl Pts',(-250.,107.660054543085,-5.17113149730848));
#1712=CARTESIAN_POINT('Ctrl Pts',(0.,108.675242753022,-4.94631372043885));
#1713=CARTESIAN_POINT('Ctrl Pts',(-250.,108.675242753022,-4.94631372043885));
#1714=CARTESIAN_POINT('Ctrl Pts',(0.,109.691709495432,-4.71992403738968));
#1715=CARTESIAN_POINT('Ctrl Pts',(-250.,109.691709495432,-4.71992403738968));
#1716=CARTESIAN_POINT('Ctrl Pts',(0.,110.670771150602,-4.49921750100471));
#1717=CARTESIAN_POINT('Ctrl Pts',(-250.,110.670771150602,-4.49921750100471));
#1718=CARTESIAN_POINT('Ctrl Pts',(0.,111.58058648144,-4.29059536202974));
#1719=CARTESIAN_POINT('Ctrl Pts',(-250.,111.58058648144,-4.29059536202974));
#1720=CARTESIAN_POINT('Ctrl Pts',(0.,112.404436700915,-4.09820507553076));
#1721=CARTESIAN_POINT('Ctrl Pts',(-250.,112.404436700915,-4.09820507553076));
#1722=CARTESIAN_POINT('Ctrl Pts',(0.,113.150723274552,-3.92229761277655));
#1723=CARTESIAN_POINT('Ctrl Pts',(-250.,113.150723274552,-3.92229761277655));
#1724=CARTESIAN_POINT('Ctrl Pts',(0.,113.845080291137,-3.76011970851658));
#1725=CARTESIAN_POINT('Ctrl Pts',(-250.,113.845080291137,-3.76011970851658));
#1726=CARTESIAN_POINT('Ctrl Pts',(0.,114.519934326707,-3.60716012756163));
#1727=CARTESIAN_POINT('Ctrl Pts',(-250.,114.519934326707,-3.60716012756163));
#1728=CARTESIAN_POINT('Ctrl Pts',(0.,115.205150707876,-3.45825960649154));
#1729=CARTESIAN_POINT('Ctrl Pts',(-250.,115.205150707876,-3.45825960649154));
#1730=CARTESIAN_POINT('Ctrl Pts',(0.,115.917808176677,-3.30880197016305));
#1731=CARTESIAN_POINT('Ctrl Pts',(-250.,115.917808176677,-3.30880197016305));
#1732=CARTESIAN_POINT('Ctrl Pts',(0.,116.653512070995,-3.15580104872447));
#1733=CARTESIAN_POINT('Ctrl Pts',(-250.,116.653512070995,-3.15580104872447));
#1734=CARTESIAN_POINT('Ctrl Pts',(0.,117.395153908042,-2.9978217432729));
#1735=CARTESIAN_POINT('Ctrl Pts',(-250.,117.395153908042,-2.9978217432729));
#1736=CARTESIAN_POINT('Ctrl Pts',(0.,118.120924038391,-2.83499799098454));
#1737=CARTESIAN_POINT('Ctrl Pts',(-250.,118.120924038391,-2.83499799098454));
#1738=CARTESIAN_POINT('Ctrl Pts',(0.,118.811967124599,-2.66895948754854));
#1739=CARTESIAN_POINT('Ctrl Pts',(-250.,118.811967124599,-2.66895948754854));
#1740=CARTESIAN_POINT('Ctrl Pts',(0.,119.461697724017,-2.50292849011894));
#1741=CARTESIAN_POINT('Ctrl Pts',(-250.,119.461697724017,-2.50292849011894));
#1742=CARTESIAN_POINT('Ctrl Pts',(0.,120.079360829768,-2.34130202460448));
#1743=CARTESIAN_POINT('Ctrl Pts',(-250.,120.079360829768,-2.34130202460448));
#1744=CARTESIAN_POINT('Ctrl Pts',(0.,120.681343834001,-2.18811672279937));
#1745=CARTESIAN_POINT('Ctrl Pts',(-250.,120.681343834001,-2.18811672279937));
#1746=CARTESIAN_POINT('Ctrl Pts',(0.,121.285327797087,-2.04582700285888));
#1747=CARTESIAN_POINT('Ctrl Pts',(-250.,121.285327797087,-2.04582700285888));
#1748=CARTESIAN_POINT('Ctrl Pts',(0.,121.90275313405,-1.91378641205499));
#1749=CARTESIAN_POINT('Ctrl Pts',(-250.,121.90275313405,-1.91378641205499));
#1750=CARTESIAN_POINT('Ctrl Pts',(0.,122.53362142159,-1.7873573627958));
#1751=CARTESIAN_POINT('Ctrl Pts',(-250.,122.53362142159,-1.7873573627958));
#1752=CARTESIAN_POINT('Ctrl Pts',(0.,123.17196729752,-1.66037788192442));
#1753=CARTESIAN_POINT('Ctrl Pts',(-250.,123.17196729752,-1.66037788192442));
#1754=CARTESIAN_POINT('Ctrl Pts',(0.,123.810111463693,-1.52723122028626));
#1755=CARTESIAN_POINT('Ctrl Pts',(-250.,123.810111463693,-1.52723122028626));
#1756=CARTESIAN_POINT('Ctrl Pts',(0.,124.443396648775,-1.38507469016358));
#1757=CARTESIAN_POINT('Ctrl Pts',(-250.,124.443396648775,-1.38507469016358));
#1758=CARTESIAN_POINT('Ctrl Pts',(0.,125.074681479573,-1.23598746037565));
#1759=CARTESIAN_POINT('Ctrl Pts',(-250.,125.074681479573,-1.23598746037565));
#1760=CARTESIAN_POINT('Ctrl Pts',(0.,125.70983055605,-1.08486070992983));
#1761=CARTESIAN_POINT('Ctrl Pts',(-250.,125.70983055605,-1.08486070992983));
#1762=CARTESIAN_POINT('Ctrl Pts',(0.,126.35293750759,-0.937191365253819));
#1763=CARTESIAN_POINT('Ctrl Pts',(-250.,126.35293750759,-0.937191365253819));
#1764=CARTESIAN_POINT('Ctrl Pts',(0.,127.002110133114,-0.797082685657949));
#1765=CARTESIAN_POINT('Ctrl Pts',(-250.,127.002110133114,-0.797082685657949));
#1766=CARTESIAN_POINT('Ctrl Pts',(0.,127.643846388927,-0.664726033724785));
#1767=CARTESIAN_POINT('Ctrl Pts',(-250.,127.643846388927,-0.664726033724785));
#1768=CARTESIAN_POINT('Ctrl Pts',(0.,128.256536789996,-0.537226474851561));
#1769=CARTESIAN_POINT('Ctrl Pts',(-250.,128.256536789996,-0.537226474851561));
#1770=CARTESIAN_POINT('Ctrl Pts',(0.,128.816676553762,-0.410393151204256));
#1771=CARTESIAN_POINT('Ctrl Pts',(-250.,128.816676553762,-0.410393151204256));
#1772=CARTESIAN_POINT('Ctrl Pts',(0.,129.303727661386,-0.280094864983792));
#1773=CARTESIAN_POINT('Ctrl Pts',(-250.,129.303727661386,-0.280094864983792));
#1774=CARTESIAN_POINT('Ctrl Pts',(0.,129.62604878301,-0.171273484512513));
#1775=CARTESIAN_POINT('Ctrl Pts',(-250.,129.62604878301,-0.171273484512513));
#1776=CARTESIAN_POINT('Ctrl Pts',(0.,129.828364637852,-0.0867641364328228));
#1777=CARTESIAN_POINT('Ctrl Pts',(-250.,129.828364637852,-0.0867641364328228));
#1778=CARTESIAN_POINT('Ctrl Pts',(0.,129.94570980101,-0.0291360314206113));
#1779=CARTESIAN_POINT('Ctrl Pts',(-250.,129.94570980101,-0.0291360314206113));
#1780=CARTESIAN_POINT('Ctrl Pts',(0.,130.,0.));
#1781=CARTESIAN_POINT('Ctrl Pts',(-250.,130.,0.));
#1782=CARTESIAN_POINT('Ctrl Pts',(-136.,105.289902353694,-5.7));
#1783=CARTESIAN_POINT('Ctrl Pts',(-132.333333333333,105.289902353694,-5.7));
#1784=CARTESIAN_POINT('Ctrl Pts',(-128.666666666667,105.289902353694,-5.7));
#1785=CARTESIAN_POINT('Ctrl Pts',(-106.733333333333,105.289902353694,-5.7));
#1786=CARTESIAN_POINT('Ctrl Pts',(-88.4666666666667,105.289902353694,-5.7));
#1787=CARTESIAN_POINT('Ctrl Pts',(-70.2,105.289902353694,-5.7));
#1788=CARTESIAN_POINT('Origin',(0.,105.289902353694,-5.7));
#1789=CARTESIAN_POINT('Origin',(0.,103.5,-2.7));
#1790=CARTESIAN_POINT('',(0.,102.475,-2.7));
#1791=UNCERTAINTY_MEASURE_WITH_UNIT(LENGTH_MEASURE(0.01),#1795,
'DISTANCE_ACCURACY_VALUE',
'Maximum model space distance between geometric entities at asserted c
onnectivities');
#1792=UNCERTAINTY_MEASURE_WITH_UNIT(LENGTH_MEASURE(0.01),#1795,
'DISTANCE_ACCURACY_VALUE',
'Maximum model space distance between geometric entities at asserted c
onnectivities');
#1793=(
GEOMETRIC_REPRESENTATION_CONTEXT(3)
GLOBAL_UNCERTAINTY_ASSIGNED_CONTEXT((#1791))
GLOBAL_UNIT_ASSIGNED_CONTEXT((#1795,#1797,#1798))
REPRESENTATION_CONTEXT('','3D')
);
#1794=(
GEOMETRIC_REPRESENTATION_CONTEXT(3)
GLOBAL_UNCERTAINTY_ASSIGNED_CONTEXT((#1792))
GLOBAL_UNIT_ASSIGNED_CONTEXT((#1795,#1797,#1798))
REPRESENTATION_CONTEXT('','3D')
);
#1795=(
LENGTH_UNIT()
NAMED_UNIT(*)
SI_UNIT(.MILLI.,.METRE.)
);
#1796=(
LENGTH_UNIT()
NAMED_UNIT(*)
SI_UNIT($,.METRE.)
);
#1797=(
NAMED_UNIT(*)
PLANE_ANGLE_UNIT()
SI_UNIT($,.RADIAN.)
);
#1798=(
NAMED_UNIT(*)
SI_UNIT($,.STERADIAN.)
SOLID_ANGLE_UNIT()
);
#1799=SHAPE_DEFINITION_REPRESENTATION(#1800,#1801);
#1800=PRODUCT_DEFINITION_SHAPE('',$,#1803);
#1801=SHAPE_REPRESENTATION('',(#256),#1793);
#1802=PRODUCT_DEFINITION_CONTEXT('part definition',#1807,'design');
#1803=PRODUCT_DEFINITION('Aileron1(Mirror)','Aileron1(Mirror)',#1804,#1802);
#1804=PRODUCT_DEFINITION_FORMATION('',$,#1809);
#1805=PRODUCT_RELATED_PRODUCT_CATEGORY('Aileron1(Mirror)',
'Aileron1(Mirror)',(#1809));
#1806=APPLICATION_PROTOCOL_DEFINITION('international standard',
'automotive_design',2009,#1807);
#1807=APPLICATION_CONTEXT(
'Core Data for Automotive Mechanical Design Process');
#1808=PRODUCT_CONTEXT('part definition',#1807,'mechanical');
#1809=PRODUCT('Aileron1(Mirror)','Aileron1(Mirror)',$,(#1808));
#1810=PRESENTATION_STYLE_ASSIGNMENT((#1812));
#1811=PRESENTATION_STYLE_ASSIGNMENT((#1813));
#1812=SURFACE_STYLE_USAGE(.BOTH.,#1814);
#1813=SURFACE_STYLE_USAGE(.BOTH.,#1815);
#1814=SURFACE_SIDE_STYLE('',(#1816));
#1815=SURFACE_SIDE_STYLE('',(#1817));
#1816=SURFACE_STYLE_FILL_AREA(#1818);
#1817=SURFACE_STYLE_FILL_AREA(#1819);
#1818=FILL_AREA_STYLE('Steel - Satin',(#1820));
#1819=FILL_AREA_STYLE('ABS (White)',(#1821));
#1820=FILL_AREA_STYLE_COLOUR('Steel - Satin',#1822);
#1821=FILL_AREA_STYLE_COLOUR('ABS (White)',#1823);
#1822=COLOUR_RGB('Steel - Satin',0.627450980392157,0.627450980392157,0.627450980392157);
#1823=COLOUR_RGB('ABS (White)',0.964705882352941,0.964705882352941,0.952941176470588);
ENDSEC;
END-ISO-10303-21;
