ISO-10303-21;
HEADER;
/* Generated by software containing ST-Developer
 * from STEP Tools, Inc. (www.steptools.com) 
 */

FILE_DESCRIPTION(
/* description */ (''),
/* implementation_level */ '2;1');

FILE_NAME(
/* name */ 'A1.step',
/* time_stamp */ '2026-08-30T15:26:55-07:00',
/* author */ (''),
/* organization */ (''),
/* preprocessor_version */ 'ST-DEVELOPER v20.1',
/* originating_system */ 'Autodesk Translation Framework v15.8.0.0',
/* authorisation */ '');

FILE_SCHEMA (('AUTOMOTIVE_DESIGN { 1 0 10303 214 3 1 1 }'));
ENDSEC;

DATA;
#10=MECHANICAL_DESIGN_GEOMETRIC_PRESENTATION_REPRESENTATION('',(#13),#3514);
#11=SHAPE_REPRESENTATION_RELATIONSHIP('SRR','None',#3521,#12);
#12=ADVANCED_BREP_SHAPE_REPRESENTATION('',(#14),#3513);
#13=STYLED_ITEM('',(#3531),#14);
#14=MANIFOLD_SOLID_BREP('A1',#1231);
#15=FACE_BOUND('',#106,.T.);
#16=FACE_BOUND('',#107,.T.);
#17=FACE_BOUND('',#108,.T.);
#18=FACE_BOUND('',#109,.T.);
#19=FACE_BOUND('',#111,.T.);
#20=FACE_BOUND('',#112,.T.);
#21=FACE_BOUND('',#113,.T.);
#22=FACE_BOUND('',#114,.T.);
#23=(
BOUNDED_SURFACE()
B_SPLINE_SURFACE(5,1,((#2055,#2056),(#2057,#2058),(#2059,#2060),(#2061,
#2062),(#2063,#2064),(#2065,#2066),(#2067,#2068),(#2069,#2070),(#2071,#2072),
(#2073,#2074),(#2075,#2076),(#2077,#2078),(#2079,#2080),(#2081,#2082),(#2083,
#2084),(#2085,#2086),(#2087,#2088),(#2089,#2090),(#2091,#2092),(#2093,#2094),
(#2095,#2096),(#2097,#2098),(#2099,#2100),(#2101,#2102),(#2103,#2104),(#2105,
#2106),(#2107,#2108),(#2109,#2110),(#2111,#2112),(#2113,#2114),(#2115,#2116),
(#2117,#2118),(#2119,#2120),(#2121,#2122),(#2123,#2124),(#2125,#2126),(#2127,
#2128),(#2129,#2130),(#2131,#2132),(#2133,#2134),(#2135,#2136),(#2137,#2138),
(#2139,#2140),(#2141,#2142),(#2143,#2144),(#2145,#2146),(#2147,#2148),(#2149,
#2150),(#2151,#2152),(#2153,#2154),(#2155,#2156),(#2157,#2158),(#2159,#2160),
(#2161,#2162),(#2163,#2164),(#2165,#2166),(#2167,#2168),(#2169,#2170),(#2171,
#2172),(#2173,#2174),(#2175,#2176),(#2177,#2178),(#2179,#2180),(#2181,#2182),
(#2183,#2184),(#2185,#2186),(#2187,#2188),(#2189,#2190),(#2191,#2192),(#2193,
#2194),(#2195,#2196),(#2197,#2198),(#2199,#2200),(#2201,#2202),(#2203,#2204),
(#2205,#2206),(#2207,#2208),(#2209,#2210),(#2211,#2212),(#2213,#2214),(#2215,
#2216),(#2217,#2218),(#2219,#2220),(#2221,#2222),(#2223,#2224),(#2225,#2226),
(#2227,#2228),(#2229,#2230),(#2231,#2232),(#2233,#2234),(#2235,#2236),(#2237,
#2238),(#2239,#2240),(#2241,#2242),(#2243,#2244),(#2245,#2246),(#2247,#2248),
(#2249,#2250),(#2251,#2252),(#2253,#2254),(#2255,#2256),(#2257,#2258),(#2259,
#2260),(#2261,#2262),(#2263,#2264),(#2265,#2266),(#2267,#2268),(#2269,#2270),
(#2271,#2272),(#2273,#2274),(#2275,#2276),(#2277,#2278),(#2279,#2280),(#2281,
#2282),(#2283,#2284),(#2285,#2286),(#2287,#2288),(#2289,#2290),(#2291,#2292),
(#2293,#2294),(#2295,#2296),(#2297,#2298),(#2299,#2300),(#2301,#2302),(#2303,
#2304),(#2305,#2306),(#2307,#2308),(#2309,#2310),(#2311,#2312),(#2313,#2314),
(#2315,#2316),(#2317,#2318),(#2319,#2320),(#2321,#2322),(#2323,#2324),(#2325,
#2326),(#2327,#2328),(#2329,#2330),(#2331,#2332),(#2333,#2334),(#2335,#2336),
(#2337,#2338),(#2339,#2340),(#2341,#2342),(#2343,#2344),(#2345,#2346),(#2347,
#2348),(#2349,#2350),(#2351,#2352),(#2353,#2354),(#2355,#2356),(#2357,#2358),
(#2359,#2360),(#2361,#2362),(#2363,#2364),(#2365,#2366),(#2367,#2368),(#2369,
#2370),(#2371,#2372),(#2373,#2374),(#2375,#2376),(#2377,#2378),(#2379,#2380),
(#2381,#2382),(#2383,#2384)),.UNSPECIFIED.,.F.,.F.,.F.)
B_SPLINE_SURFACE_WITH_KNOTS((6,1,1,1,1,1,1,1,1,1,1,1,1,1,1,1,1,1,1,1,1,
1,1,1,1,1,1,1,1,1,1,1,1,1,1,1,1,1,1,1,1,1,1,1,1,1,1,1,1,1,1,1,1,1,1,1,1,
1,1,1,1,1,1,1,1,1,1,1,1,1,1,1,1,1,1,1,1,1,1,1,1,1,1,1,1,1,1,1,1,1,1,1,1,
1,1,1,1,1,1,1,1,1,1,1,1,1,1,1,1,1,1,1,1,1,1,1,1,1,1,1,1,1,1,1,1,1,1,1,1,
1,1,1,1,1,1,1,1,1,1,1,1,1,1,1,1,1,1,1,1,1,1,1,1,1,1,1,1,1,1,1,6),(2,2),
(-1.,-0.993749999999997,-0.987499999999997,-0.981249999999998,-0.974999999999998,
-0.968749999999998,-0.962499999999998,-0.956249999999998,-0.949999999999998,
-0.943749999999998,-0.937499999999998,-0.931249999999998,-0.924999999999998,
-0.918749999999998,-0.912499999999998,-0.906249999999998,-0.899999999999998,
-0.893749999999998,-0.887499999999998,-0.881249999999998,-0.874999999999998,
-0.868749999999998,-0.862499999999998,-0.856249999999998,-0.849999999999998,
-0.843749999999998,-0.837499999999998,-0.831249999999998,-0.824999999999998,
-0.818749999999998,-0.812499999999998,-0.806249999999998,-0.799999999999998,
-0.793749999999998,-0.787499999999998,-0.781249999999998,-0.774999999999998,
-0.768749999999998,-0.762499999999998,-0.756249999999998,-0.749999999999998,
-0.743749999999998,-0.737499999999998,-0.731249999999998,-0.724999999999998,
-0.718749999999998,-0.712499999999998,-0.706249999999998,-0.699999999999999,
-0.693749999999999,-0.687499999999999,-0.681249999999999,-0.674999999999999,
-0.668749999999999,-0.662499999999999,-0.656249999999999,-0.649999999999999,
-0.643749999999999,-0.637499999999999,-0.631249999999999,-0.624999999999999,
-0.618749999999999,-0.612499999999999,-0.606249999999999,-0.599999999999999,
-0.593749999999999,-0.587499999999999,-0.581249999999999,-0.574999999999999,
-0.568749999999999,-0.562499999999999,-0.556249999999999,-0.549999999999999,
-0.543749999999999,-0.537499999999999,-0.531249999999999,-0.524999999999999,
-0.518749999999999,-0.512499999999999,-0.506249999999999,-0.499999999999999,
-0.493749999999999,-0.487499999999999,-0.481249999999999,-0.474999999999999,
-0.468749999999999,-0.462499999999999,-0.456249999999999,-0.449999999999999,
-0.443749999999999,-0.437499999999999,-0.431249999999999,-0.424999999999999,
-0.41875,-0.4125,-0.40625,-0.4,-0.39375,-0.3875,-0.38125,-0.375,-0.36875,
-0.3625,-0.35625,-0.35,-0.34375,-0.3375,-0.33125,-0.325,-0.31875,-0.3125,
-0.30625,-0.3,-0.29375,-0.2875,-0.28125,-0.275,-0.26875,-0.2625,-0.25625,
-0.25,-0.24375,-0.2375,-0.23125,-0.225,-0.21875,-0.2125,-0.20625,-0.2,-0.19375,
-0.1875,-0.18125,-0.175,-0.16875,-0.1625,-0.15625,-0.15,-0.14375,-0.1375,
-0.13125,-0.125,-0.11875,-0.1125,-0.10625,-0.1,-0.09375,-0.0875,-0.08125,
-0.075,-0.06875,-0.0625,-0.05625,-0.05,-0.04375,-0.0375,-0.03125,-0.025,
-0.01875,-0.0125,-0.00625,0.),(0.,25.),.UNSPECIFIED.)
GEOMETRIC_REPRESENTATION_ITEM()
RATIONAL_B_SPLINE_SURFACE(((1.,1.),(1.,1.),(1.,1.),(1.,1.),(1.,1.),(1.,
1.),(1.,1.),(1.,1.),(1.,1.),(1.,1.),(1.,1.),(1.,1.),(1.,1.),(1.,1.),(1.,
1.),(1.,1.),(1.,1.),(1.,1.),(1.,1.),(1.,1.),(1.,1.),(1.,1.),(1.,1.),(1.,
1.),(1.,1.),(1.,1.),(1.,1.),(1.,1.),(1.,1.),(1.,1.),(1.,1.),(1.,1.),(1.,
1.),(1.,1.),(1.,1.),(1.,1.),(1.,1.),(1.,1.),(1.,1.),(1.,1.),(1.,1.),(1.,
1.),(1.,1.),(1.,1.),(1.,1.),(1.,1.),(1.,1.),(1.,1.),(1.,1.),(1.,1.),(1.,
1.),(1.,1.),(1.,1.),(1.,1.),(1.,1.),(1.,1.),(1.,1.),(1.,1.),(1.,1.),(1.,
1.),(1.,1.),(1.,1.),(1.,1.),(1.,1.),(1.,1.),(1.,1.),(1.,1.),(1.,1.),(1.,
1.),(1.,1.),(1.,1.),(1.,1.),(1.,1.),(1.,1.),(1.,1.),(1.,1.),(1.,1.),(1.,
1.),(1.,1.),(1.,1.),(1.,1.),(1.,1.),(1.,1.),(1.,1.),(1.,1.),(1.,1.),(1.,
1.),(1.,1.),(1.,1.),(1.,1.),(1.,1.),(1.,1.),(1.,1.),(1.,1.),(1.,1.),(1.,
1.),(1.,1.),(1.,1.),(1.,1.),(1.,1.),(1.,1.),(1.,1.),(1.,1.),(1.,1.),(1.,
1.),(1.,1.),(1.,1.),(1.,1.),(1.,1.),(1.,1.),(1.,1.),(1.,1.),(1.,1.),(1.,
1.),(1.,1.),(1.,1.),(1.,1.),(1.,1.),(1.,1.),(1.,1.),(1.,1.),(1.,1.),(1.,
1.),(1.,1.),(1.,1.),(1.,1.),(1.,1.),(1.,1.),(1.,1.),(1.,1.),(1.,1.),(1.,
1.),(1.,1.),(1.,1.),(1.,1.),(1.,1.),(1.,1.),(1.,1.),(1.,1.),(1.,1.),(1.,
1.),(1.,1.),(1.,1.),(1.,1.),(1.,1.),(1.,1.),(1.,1.),(1.,1.),(1.,1.),(1.,
1.),(1.,1.),(1.,1.),(1.,1.),(1.,1.),(1.,1.),(1.,1.),(1.,1.),(1.,1.),(1.,
1.),(1.,1.),(1.,1.),(1.,1.),(1.,1.),(1.,1.),(1.,1.)))
REPRESENTATION_ITEM('')
SURFACE()
);
#24=(
BOUNDED_SURFACE()
B_SPLINE_SURFACE(5,1,((#2641,#2642),(#2643,#2644),(#2645,#2646),(#2647,
#2648),(#2649,#2650),(#2651,#2652),(#2653,#2654),(#2655,#2656),(#2657,#2658),
(#2659,#2660),(#2661,#2662),(#2663,#2664),(#2665,#2666),(#2667,#2668),(#2669,
#2670),(#2671,#2672),(#2673,#2674),(#2675,#2676),(#2677,#2678),(#2679,#2680),
(#2681,#2682),(#2683,#2684),(#2685,#2686),(#2687,#2688),(#2689,#2690),(#2691,
#2692),(#2693,#2694),(#2695,#2696),(#2697,#2698),(#2699,#2700),(#2701,#2702),
(#2703,#2704),(#2705,#2706),(#2707,#2708),(#2709,#2710),(#2711,#2712),(#2713,
#2714),(#2715,#2716),(#2717,#2718),(#2719,#2720),(#2721,#2722),(#2723,#2724),
(#2725,#2726),(#2727,#2728),(#2729,#2730),(#2731,#2732),(#2733,#2734),(#2735,
#2736),(#2737,#2738),(#2739,#2740),(#2741,#2742),(#2743,#2744),(#2745,#2746),
(#2747,#2748),(#2749,#2750),(#2751,#2752),(#2753,#2754),(#2755,#2756),(#2757,
#2758),(#2759,#2760),(#2761,#2762),(#2763,#2764),(#2765,#2766),(#2767,#2768),
(#2769,#2770),(#2771,#2772),(#2773,#2774),(#2775,#2776),(#2777,#2778),(#2779,
#2780),(#2781,#2782),(#2783,#2784),(#2785,#2786),(#2787,#2788),(#2789,#2790),
(#2791,#2792),(#2793,#2794),(#2795,#2796),(#2797,#2798),(#2799,#2800),(#2801,
#2802),(#2803,#2804),(#2805,#2806),(#2807,#2808),(#2809,#2810),(#2811,#2812),
(#2813,#2814),(#2815,#2816),(#2817,#2818),(#2819,#2820),(#2821,#2822),(#2823,
#2824),(#2825,#2826),(#2827,#2828),(#2829,#2830),(#2831,#2832),(#2833,#2834),
(#2835,#2836),(#2837,#2838),(#2839,#2840),(#2841,#2842),(#2843,#2844),(#2845,
#2846),(#2847,#2848),(#2849,#2850),(#2851,#2852),(#2853,#2854),(#2855,#2856),
(#2857,#2858),(#2859,#2860),(#2861,#2862),(#2863,#2864),(#2865,#2866),(#2867,
#2868),(#2869,#2870),(#2871,#2872),(#2873,#2874),(#2875,#2876),(#2877,#2878),
(#2879,#2880),(#2881,#2882),(#2883,#2884),(#2885,#2886),(#2887,#2888),(#2889,
#2890),(#2891,#2892),(#2893,#2894),(#2895,#2896),(#2897,#2898),(#2899,#2900),
(#2901,#2902),(#2903,#2904),(#2905,#2906),(#2907,#2908),(#2909,#2910),(#2911,
#2912),(#2913,#2914),(#2915,#2916),(#2917,#2918),(#2919,#2920),(#2921,#2922),
(#2923,#2924),(#2925,#2926),(#2927,#2928),(#2929,#2930),(#2931,#2932),(#2933,
#2934),(#2935,#2936),(#2937,#2938),(#2939,#2940),(#2941,#2942),(#2943,#2944),
(#2945,#2946),(#2947,#2948),(#2949,#2950),(#2951,#2952),(#2953,#2954),(#2955,
#2956),(#2957,#2958),(#2959,#2960)),.UNSPECIFIED.,.F.,.F.,.F.)
B_SPLINE_SURFACE_WITH_KNOTS((6,1,1,1,1,1,1,1,1,1,1,1,1,1,1,1,1,1,1,1,1,
1,1,1,1,1,1,1,1,1,1,1,1,1,1,1,1,1,1,1,1,1,1,1,1,1,1,1,1,1,1,1,1,1,1,1,1,
1,1,1,1,1,1,1,1,1,1,1,1,1,1,1,1,1,1,1,1,1,1,1,1,1,1,1,1,1,1,1,1,1,1,1,1,
1,1,1,1,1,1,1,1,1,1,1,1,1,1,1,1,1,1,1,1,1,1,1,1,1,1,1,1,1,1,1,1,1,1,1,1,
1,1,1,1,1,1,1,1,1,1,1,1,1,1,1,1,1,1,1,1,1,1,1,1,1,1,6),(2,2),(0.,0.00645161290322581,
0.0129032258064516,0.0193548387096774,0.0258064516129032,0.032258064516129,
0.0387096774193548,0.0451612903225806,0.0516129032258065,0.0580645161290323,
0.0645161290322581,0.0709677419354839,0.0774193548387097,0.0838709677419355,
0.0903225806451613,0.0967741935483871,0.103225806451613,0.109677419354839,
0.116129032258065,0.12258064516129,0.129032258064516,0.135483870967742,
0.141935483870968,0.148387096774194,0.154838709677419,0.161290322580645,
0.167741935483871,0.174193548387097,0.180645161290323,0.187096774193548,
0.193548387096774,0.2,0.206451612903226,0.212903225806451,0.219354838709677,
0.225806451612903,0.232258064516129,0.238709677419355,0.24516129032258,
0.251612903225806,0.258064516129032,0.264516129032258,0.270967741935484,
0.27741935483871,0.283870967741935,0.290322580645161,0.296774193548387,
0.303225806451613,0.309677419354839,0.316129032258064,0.32258064516129,
0.329032258064516,0.335483870967742,0.341935483870968,0.348387096774194,
0.354838709677419,0.361290322580645,0.367741935483871,0.374193548387097,
0.380645161290323,0.387096774193549,0.393548387096774,0.4,0.406451612903226,
0.412903225806452,0.419354838709678,0.425806451612903,0.432258064516129,
0.438709677419355,0.445161290322581,0.451612903225807,0.458064516129033,
0.464516129032258,0.470967741935484,0.47741935483871,0.483870967741936,
0.490322580645162,0.496774193548388,0.503225806451613,0.509677419354839,
0.516129032258065,0.522580645161291,0.529032258064517,0.535483870967742,
0.541935483870968,0.548387096774194,0.55483870967742,0.561290322580646,
0.567741935483872,0.574193548387097,0.580645161290323,0.587096774193549,
0.593548387096775,0.600000000000001,0.606451612903226,0.612903225806452,
0.619354838709678,0.625806451612904,0.63225806451613,0.638709677419356,
0.645161290322581,0.651612903225807,0.658064516129033,0.664516129032259,
0.670967741935485,0.677419354838711,0.683870967741936,0.690322580645162,
0.696774193548388,0.703225806451614,0.70967741935484,0.716129032258065,
0.722580645161291,0.729032258064517,0.735483870967743,0.741935483870969,
0.748387096774195,0.75483870967742,0.761290322580646,0.767741935483872,
0.774193548387098,0.780645161290324,0.78709677419355,0.793548387096775,
0.800000000000001,0.806451612903227,0.812903225806453,0.819354838709679,
0.825806451612904,0.83225806451613,0.838709677419356,0.845161290322582,
0.851612903225808,0.858064516129034,0.864516129032259,0.870967741935485,
0.877419354838711,0.883870967741937,0.890322580645163,0.896774193548388,
0.903225806451614,0.90967741935484,0.916129032258066,0.922580645161292,
0.929032258064518,0.935483870967743,0.941935483870969,0.948387096774195,
0.954838709677421,0.961290322580647,0.967741935483873,0.974193548387098,
0.980645161290324,0.98709677419355,0.993548387096776,1.),(0.,25.),
 .UNSPECIFIED.)
GEOMETRIC_REPRESENTATION_ITEM()
RATIONAL_B_SPLINE_SURFACE(((1.,1.),(1.,1.),(1.,1.),(1.,1.),(1.,1.),(1.,
1.),(1.,1.),(1.,1.),(1.,1.),(1.,1.),(1.,1.),(1.,1.),(1.,1.),(1.,1.),(1.,
1.),(1.,1.),(1.,1.),(1.,1.),(1.,1.),(1.,1.),(1.,1.),(1.,1.),(1.,1.),(1.,
1.),(1.,1.),(1.,1.),(1.,1.),(1.,1.),(1.,1.),(1.,1.),(1.,1.),(1.,1.),(1.,
1.),(1.,1.),(1.,1.),(1.,1.),(1.,1.),(1.,1.),(1.,1.),(1.,1.),(1.,1.),(1.,
1.),(1.,1.),(1.,1.),(1.,1.),(1.,1.),(1.,1.),(1.,1.),(1.,1.),(1.,1.),(1.,
1.),(1.,1.),(1.,1.),(1.,1.),(1.,1.),(1.,1.),(1.,1.),(1.,1.),(1.,1.),(1.,
1.),(1.,1.),(1.,1.),(1.,1.),(1.,1.),(1.,1.),(1.,1.),(1.,1.),(1.,1.),(1.,
1.),(1.,1.),(1.,1.),(1.,1.),(1.,1.),(1.,1.),(1.,1.),(1.,1.),(1.,1.),(1.,
1.),(1.,1.),(1.,1.),(1.,1.),(1.,1.),(1.,1.),(1.,1.),(1.,1.),(1.,1.),(1.,
1.),(1.,1.),(1.,1.),(1.,1.),(1.,1.),(1.,1.),(1.,1.),(1.,1.),(1.,1.),(1.,
1.),(1.,1.),(1.,1.),(1.,1.),(1.,1.),(1.,1.),(1.,1.),(1.,1.),(1.,1.),(1.,
1.),(1.,1.),(1.,1.),(1.,1.),(1.,1.),(1.,1.),(1.,1.),(1.,1.),(1.,1.),(1.,
1.),(1.,1.),(1.,1.),(1.,1.),(1.,1.),(1.,1.),(1.,1.),(1.,1.),(1.,1.),(1.,
1.),(1.,1.),(1.,1.),(1.,1.),(1.,1.),(1.,1.),(1.,1.),(1.,1.),(1.,1.),(1.,
1.),(1.,1.),(1.,1.),(1.,1.),(1.,1.),(1.,1.),(1.,1.),(1.,1.),(1.,1.),(1.,
1.),(1.,1.),(1.,1.),(1.,1.),(1.,1.),(1.,1.),(1.,1.),(1.,1.),(1.,1.),(1.,
1.),(1.,1.),(1.,1.),(1.,1.),(1.,1.),(1.,1.),(1.,1.),(1.,1.),(1.,1.),(1.,
1.),(1.,1.)))
REPRESENTATION_ITEM('')
SURFACE()
);
#25=CYLINDRICAL_SURFACE('',#1253,1.02499999999999);
#26=CYLINDRICAL_SURFACE('',#1256,3.00000000000001);
#27=CYLINDRICAL_SURFACE('',#1260,3.00000000000001);
#28=CYLINDRICAL_SURFACE('',#1314,2.5);
#29=CYLINDRICAL_SURFACE('',#1321,1.02499999999999);
#30=CYLINDRICAL_SURFACE('',#1322,1.02499999999999);
#31=FACE_OUTER_BOUND('',#99,.T.);
#32=FACE_OUTER_BOUND('',#100,.T.);
#33=FACE_OUTER_BOUND('',#101,.T.);
#34=FACE_OUTER_BOUND('',#102,.T.);
#35=FACE_OUTER_BOUND('',#103,.T.);
#36=FACE_OUTER_BOUND('',#104,.T.);
#37=FACE_OUTER_BOUND('',#105,.T.);
#38=FACE_OUTER_BOUND('',#110,.T.);
#39=FACE_OUTER_BOUND('',#115,.T.);
#40=FACE_OUTER_BOUND('',#116,.T.);
#41=FACE_OUTER_BOUND('',#117,.T.);
#42=FACE_OUTER_BOUND('',#118,.T.);
#43=FACE_OUTER_BOUND('',#119,.T.);
#44=FACE_OUTER_BOUND('',#120,.T.);
#45=FACE_OUTER_BOUND('',#121,.T.);
#46=FACE_OUTER_BOUND('',#122,.T.);
#47=FACE_OUTER_BOUND('',#123,.T.);
#48=FACE_OUTER_BOUND('',#124,.T.);
#49=FACE_OUTER_BOUND('',#125,.T.);
#50=FACE_OUTER_BOUND('',#126,.T.);
#51=FACE_OUTER_BOUND('',#127,.T.);
#52=FACE_OUTER_BOUND('',#128,.T.);
#53=FACE_OUTER_BOUND('',#129,.T.);
#54=FACE_OUTER_BOUND('',#130,.T.);
#55=FACE_OUTER_BOUND('',#131,.T.);
#56=FACE_OUTER_BOUND('',#132,.T.);
#57=FACE_OUTER_BOUND('',#133,.T.);
#58=FACE_OUTER_BOUND('',#134,.T.);
#59=FACE_OUTER_BOUND('',#135,.T.);
#60=FACE_OUTER_BOUND('',#136,.T.);
#61=FACE_OUTER_BOUND('',#137,.T.);
#62=FACE_OUTER_BOUND('',#138,.T.);
#63=FACE_OUTER_BOUND('',#139,.T.);
#64=FACE_OUTER_BOUND('',#140,.T.);
#65=FACE_OUTER_BOUND('',#141,.T.);
#66=FACE_OUTER_BOUND('',#142,.T.);
#67=FACE_OUTER_BOUND('',#143,.T.);
#68=FACE_OUTER_BOUND('',#144,.T.);
#69=FACE_OUTER_BOUND('',#145,.T.);
#70=FACE_OUTER_BOUND('',#146,.T.);
#71=FACE_OUTER_BOUND('',#147,.T.);
#72=FACE_OUTER_BOUND('',#148,.T.);
#73=FACE_OUTER_BOUND('',#149,.T.);
#74=FACE_OUTER_BOUND('',#150,.T.);
#75=FACE_OUTER_BOUND('',#151,.T.);
#76=FACE_OUTER_BOUND('',#152,.T.);
#77=FACE_OUTER_BOUND('',#153,.T.);
#78=FACE_OUTER_BOUND('',#154,.T.);
#79=FACE_OUTER_BOUND('',#155,.T.);
#80=FACE_OUTER_BOUND('',#156,.T.);
#81=FACE_OUTER_BOUND('',#157,.T.);
#82=FACE_OUTER_BOUND('',#158,.T.);
#83=FACE_OUTER_BOUND('',#159,.T.);
#84=FACE_OUTER_BOUND('',#160,.T.);
#85=FACE_OUTER_BOUND('',#161,.T.);
#86=FACE_OUTER_BOUND('',#162,.T.);
#87=FACE_OUTER_BOUND('',#163,.T.);
#88=FACE_OUTER_BOUND('',#164,.T.);
#89=FACE_OUTER_BOUND('',#165,.T.);
#90=FACE_OUTER_BOUND('',#166,.T.);
#91=FACE_OUTER_BOUND('',#167,.T.);
#92=FACE_OUTER_BOUND('',#168,.T.);
#93=FACE_OUTER_BOUND('',#169,.T.);
#94=FACE_OUTER_BOUND('',#170,.T.);
#95=FACE_OUTER_BOUND('',#171,.T.);
#96=FACE_OUTER_BOUND('',#172,.T.);
#97=FACE_OUTER_BOUND('',#173,.T.);
#98=FACE_OUTER_BOUND('',#174,.T.);
#99=EDGE_LOOP('',(#755,#756,#757,#758,#759,#760,#761,#762,#763,#764,#765,
#766,#767,#768,#769,#770,#771,#772));
#100=EDGE_LOOP('',(#773,#774,#775,#776));
#101=EDGE_LOOP('',(#777,#778,#779,#780));
#102=EDGE_LOOP('',(#781,#782,#783,#784));
#103=EDGE_LOOP('',(#785,#786,#787,#788));
#104=EDGE_LOOP('',(#789,#790,#791,#792));
#105=EDGE_LOOP('',(#793,#794,#795,#796,#797,#798,#799,#800));
#106=EDGE_LOOP('',(#801,#802,#803,#804));
#107=EDGE_LOOP('',(#805,#806,#807,#808));
#108=EDGE_LOOP('',(#809,#810,#811,#812));
#109=EDGE_LOOP('',(#813,#814,#815,#816));
#110=EDGE_LOOP('',(#817,#818,#819,#820,#821,#822,#823,#824));
#111=EDGE_LOOP('',(#825,#826,#827,#828));
#112=EDGE_LOOP('',(#829,#830,#831,#832));
#113=EDGE_LOOP('',(#833,#834,#835,#836));
#114=EDGE_LOOP('',(#837,#838,#839,#840));
#115=EDGE_LOOP('',(#841,#842,#843,#844));
#116=EDGE_LOOP('',(#845,#846,#847,#848));
#117=EDGE_LOOP('',(#849,#850,#851,#852));
#118=EDGE_LOOP('',(#853,#854,#855,#856));
#119=EDGE_LOOP('',(#857,#858,#859,#860));
#120=EDGE_LOOP('',(#861,#862,#863,#864));
#121=EDGE_LOOP('',(#865,#866,#867,#868));
#122=EDGE_LOOP('',(#869,#870,#871,#872));
#123=EDGE_LOOP('',(#873,#874,#875,#876));
#124=EDGE_LOOP('',(#877,#878,#879,#880));
#125=EDGE_LOOP('',(#881,#882,#883,#884));
#126=EDGE_LOOP('',(#885,#886,#887,#888));
#127=EDGE_LOOP('',(#889,#890,#891,#892));
#128=EDGE_LOOP('',(#893,#894,#895,#896));
#129=EDGE_LOOP('',(#897,#898,#899,#900));
#130=EDGE_LOOP('',(#901,#902,#903,#904));
#131=EDGE_LOOP('',(#905,#906,#907,#908));
#132=EDGE_LOOP('',(#909,#910,#911,#912));
#133=EDGE_LOOP('',(#913,#914,#915,#916));
#134=EDGE_LOOP('',(#917,#918,#919,#920));
#135=EDGE_LOOP('',(#921,#922,#923,#924));
#136=EDGE_LOOP('',(#925,#926,#927,#928));
#137=EDGE_LOOP('',(#929,#930,#931,#932));
#138=EDGE_LOOP('',(#933,#934,#935,#936));
#139=EDGE_LOOP('',(#937,#938,#939,#940));
#140=EDGE_LOOP('',(#941,#942,#943,#944));
#141=EDGE_LOOP('',(#945,#946,#947,#948));
#142=EDGE_LOOP('',(#949,#950,#951,#952));
#143=EDGE_LOOP('',(#953,#954,#955,#956));
#144=EDGE_LOOP('',(#957,#958,#959,#960));
#145=EDGE_LOOP('',(#961,#962,#963,#964));
#146=EDGE_LOOP('',(#965,#966,#967,#968));
#147=EDGE_LOOP('',(#969,#970,#971,#972));
#148=EDGE_LOOP('',(#973,#974,#975,#976));
#149=EDGE_LOOP('',(#977,#978,#979,#980));
#150=EDGE_LOOP('',(#981,#982,#983,#984));
#151=EDGE_LOOP('',(#985,#986,#987,#988));
#152=EDGE_LOOP('',(#989,#990,#991,#992));
#153=EDGE_LOOP('',(#993,#994,#995,#996));
#154=EDGE_LOOP('',(#997,#998,#999,#1000));
#155=EDGE_LOOP('',(#1001,#1002,#1003,#1004));
#156=EDGE_LOOP('',(#1005,#1006,#1007,#1008));
#157=EDGE_LOOP('',(#1009,#1010,#1011,#1012));
#158=EDGE_LOOP('',(#1013,#1014,#1015,#1016));
#159=EDGE_LOOP('',(#1017,#1018,#1019,#1020));
#160=EDGE_LOOP('',(#1021,#1022,#1023,#1024));
#161=EDGE_LOOP('',(#1025,#1026,#1027,#1028));
#162=EDGE_LOOP('',(#1029,#1030,#1031,#1032));
#163=EDGE_LOOP('',(#1033,#1034,#1035,#1036));
#164=EDGE_LOOP('',(#1037,#1038,#1039,#1040));
#165=EDGE_LOOP('',(#1041,#1042,#1043,#1044,#1045,#1046,#1047,#1048,#1049,
#1050,#1051,#1052,#1053,#1054,#1055,#1056,#1057,#1058,#1059,#1060,#1061,
#1062,#1063,#1064,#1065,#1066));
#166=EDGE_LOOP('',(#1067,#1068,#1069,#1070));
#167=EDGE_LOOP('',(#1071,#1072,#1073,#1074));
#168=EDGE_LOOP('',(#1075,#1076,#1077,#1078));
#169=EDGE_LOOP('',(#1079,#1080,#1081,#1082));
#170=EDGE_LOOP('',(#1083,#1084,#1085,#1086));
#171=EDGE_LOOP('',(#1087,#1088,#1089,#1090));
#172=EDGE_LOOP('',(#1091,#1092,#1093,#1094));
#173=EDGE_LOOP('',(#1095,#1096,#1097,#1098));
#174=EDGE_LOOP('',(#1099,#1100,#1101,#1102));
#175=B_SPLINE_CURVE_WITH_KNOTS('',3,(#1607,#1608,#1609,#1610,#1611,#1612,
#1613,#1614,#1615,#1616,#1617,#1618,#1619,#1620,#1621,#1622,#1623,#1624,
#1625,#1626,#1627,#1628,#1629,#1630,#1631,#1632,#1633,#1634,#1635,#1636,
#1637,#1638,#1639,#1640,#1641,#1642,#1643,#1644,#1645,#1646,#1647,#1648,
#1649,#1650,#1651,#1652,#1653,#1654,#1655,#1656,#1657,#1658,#1659,#1660,
#1661,#1662,#1663,#1664,#1665,#1666,#1667,#1668,#1669,#1670,#1671,#1672,
#1673,#1674,#1675,#1676,#1677,#1678,#1679,#1680,#1681,#1682,#1683,#1684,
#1685,#1686,#1687,#1688,#1689,#1690,#1691,#1692,#1693,#1694,#1695,#1696,
#1697,#1698,#1699,#1700,#1701,#1702,#1703,#1704,#1705,#1706,#1707,#1708,
#1709,#1710,#1711,#1712,#1713,#1714,#1715,#1716,#1717,#1718,#1719,#1720,
#1721,#1722,#1723,#1724,#1725,#1726,#1727,#1728,#1729,#1730,#1731,#1732,
#1733,#1734,#1735,#1736,#1737,#1738,#1739,#1740,#1741,#1742,#1743,#1744,
#1745,#1746,#1747,#1748,#1749,#1750,#1751,#1752,#1753,#1754,#1755,#1756,
#1757,#1758,#1759,#1760,#1761,#1762,#1763,#1764,#1765,#1766,#1767,#1768,
#1769,#1770,#1771,#1772,#1773,#1774,#1775,#1776,#1777,#1778,#1779,#1780,
#1781,#1782,#1783,#1784,#1785,#1786,#1787,#1788,#1789,#1790,#1791,#1792,
#1793,#1794,#1795,#1796,#1797,#1798,#1799,#1800,#1801,#1802,#1803,#1804,
#1805,#1806,#1807,#1808,#1809,#1810,#1811,#1812,#1813,#1814,#1815,#1816,
#1817,#1818,#1819,#1820,#1821,#1822,#1823,#1824,#1825,#1826,#1827,#1828,
#1829,#1830,#1831,#1832,#1833,#1834,#1835,#1836,#1837,#1838,#1839,#1840,
#1841,#1842,#1843,#1844),.UNSPECIFIED.,.F.,.F.,(4,3,3,3,3,3,3,3,3,3,3,3,
3,3,3,3,3,3,3,3,3,3,3,3,3,3,3,3,3,3,3,3,3,3,3,3,3,3,3,3,3,3,3,3,3,3,3,3,
3,3,3,3,3,3,3,3,3,3,3,3,3,3,3,3,3,3,3,3,3,3,3,3,3,3,3,3,3,3,3,4),(-4.59943751767179,
-4.51838901169827,-4.44778918339049,-4.3842398823154,-4.32563066510194,
-4.26897551824788,-4.21360558070372,-4.15620756299155,-4.09138404371504,
-4.00470754143018,-3.93058365630644,-3.86916828667665,-3.80871253219733,
-3.7542265665732,-3.70162198435608,-3.64878624869028,-3.59019782080522,
-3.52576025157136,-3.45168544777629,-3.36128271492003,-3.29299265977604,
-3.23255314286896,-3.17550761285018,-3.11611980916613,-3.05085544984232,
-2.97340509129285,-2.88687990775881,-2.81975750541889,-2.75993530817625,
-2.70487043766088,-2.65227711969164,-2.59808853331022,-2.54060887282931,
-2.47677017045367,-2.3955513230843,-2.32470941239406,-2.26409164803146,
-2.20983451585488,-2.15957506645379,-2.1107089621768,-2.06081471280352,
-2.00962203310707,-1.95501757732094,-1.89264755948304,-1.80566805170281,
-1.74204827877615,-1.68628136155081,-1.63358506900235,-1.58253553559602,
-1.53308130010865,-1.48771113401581,-1.4406296964894,-1.3912479406165,-1.3384185443159,
-1.27935967122191,-1.20459533656735,-1.12930812803189,-1.07222995328407,
-1.02101344098684,-0.973172842125772,-0.927313965671108,-0.882912726751056,
-0.839542974479266,-0.795161103342372,-0.748943783457568,-0.699040812494617,
-0.645979496460454,-0.588093793798844,-0.518188743978963,-0.442790540156312,
-0.383918954837135,-0.330600716473918,-0.280503435125393,-0.232676481997481,
-0.186658219638952,-0.139993664729214,-0.0976746961350072,-0.0559979712553732,
-0.0132960770162115,0.),.UNSPECIFIED.);
#176=B_SPLINE_CURVE_WITH_KNOTS('',3,(#1846,#1847,#1848,#1849,#1850,#1851,
#1852,#1853,#1854,#1855,#1856,#1857,#1858,#1859,#1860,#1861,#1862,#1863,
#1864,#1865,#1866,#1867,#1868,#1869,#1870,#1871,#1872,#1873,#1874,#1875,
#1876,#1877,#1878,#1879,#1880,#1881,#1882,#1883,#1884,#1885,#1886,#1887,
#1888,#1889,#1890,#1891,#1892,#1893,#1894,#1895,#1896,#1897,#1898,#1899,
#1900,#1901,#1902,#1903,#1904,#1905,#1906,#1907,#1908,#1909,#1910,#1911,
#1912,#1913,#1914,#1915,#1916,#1917,#1918,#1919,#1920,#1921,#1922,#1923,
#1924,#1925,#1926,#1927,#1928,#1929,#1930,#1931,#1932,#1933,#1934,#1935,
#1936,#1937,#1938,#1939,#1940,#1941,#1942,#1943,#1944,#1945,#1946,#1947,
#1948,#1949,#1950,#1951,#1952,#1953,#1954,#1955,#1956,#1957,#1958,#1959,
#1960,#1961,#1962,#1963,#1964,#1965,#1966,#1967,#1968,#1969,#1970,#1971,
#1972,#1973,#1974,#1975,#1976,#1977,#1978,#1979,#1980,#1981,#1982,#1983,
#1984,#1985,#1986,#1987,#1988,#1989,#1990,#1991,#1992,#1993,#1994,#1995,
#1996,#1997,#1998,#1999,#2000,#2001,#2002),.UNSPECIFIED.,.F.,.F.,(4,3,3,
3,3,3,3,3,3,3,3,3,3,3,3,3,3,3,3,3,3,3,3,3,3,3,3,3,3,3,3,3,3,3,3,3,3,3,3,
3,3,3,3,3,3,3,3,3,3,3,3,3,4),(-2.4791634823807,-2.43170946214006,-2.38914935506556,
-2.34954426313436,-2.3123633869905,-2.27623270906878,-2.24066657298958,
-2.20512935170592,-2.16876806393378,-2.13034108930859,-2.08872173547164,
-2.04261666838072,-1.98676854529143,-1.92468202825108,-1.87905478606894,
-1.83774274245392,-1.79948185459421,-1.76354271171577,-1.72882908744582,
-1.69411096284872,-1.65923895248874,-1.62333229302273,-1.58544262275033,
-1.54489199402989,-1.50094525894183,-1.44977318861588,-1.37912124258456,
-1.33399054050706,-1.29230333611621,-1.25143624079564,-1.21064430982209,
-1.16885762180818,-1.12581232720819,-1.08180221003972,-1.03678982022168,
-0.990329019892189,-0.942052833524424,-0.891736751806282,-0.838914393425476,
-0.780077857118099,-0.713913870659663,-0.629922131178086,-0.558102828269288,
-0.497382233313544,-0.442667321107851,-0.390672283340654,-0.339184703060022,
-0.285749128097562,-0.229512608346061,-0.168185475727407,-0.101786879510651,
-0.0180516531232093,0.),.UNSPECIFIED.);
#177=B_SPLINE_CURVE_WITH_KNOTS('',3,(#2048,#2049,#2050,#2051,#2052,#2053),
 .UNSPECIFIED.,.F.,.F.,(4,2,4),(-17.03,-12.5,-10.65),.UNSPECIFIED.);
#178=B_SPLINE_CURVE_WITH_KNOTS('',3,(#2388,#2389,#2390,#2391,#2392,#2393,
#2394,#2395,#2396,#2397,#2398,#2399,#2400,#2401,#2402,#2403,#2404,#2405,
#2406,#2407,#2408,#2409,#2410,#2411,#2412,#2413,#2414,#2415,#2416,#2417,
#2418,#2419,#2420,#2421,#2422,#2423,#2424,#2425,#2426,#2427,#2428,#2429,
#2430,#2431,#2432,#2433,#2434,#2435,#2436,#2437,#2438,#2439,#2440,#2441,
#2442,#2443,#2444,#2445,#2446,#2447,#2448,#2449,#2450,#2451,#2452,#2453,
#2454,#2455,#2456,#2457,#2458,#2459,#2460,#2461,#2462,#2463,#2464,#2465,
#2466,#2467,#2468,#2469,#2470,#2471,#2472,#2473,#2474,#2475,#2476,#2477,
#2478,#2479,#2480,#2481,#2482,#2483,#2484,#2485,#2486,#2487),
 .UNSPECIFIED.,.F.,.F.,(4,3,3,3,3,3,3,3,3,3,3,3,3,3,3,3,3,3,3,3,3,3,3,3,
3,3,3,3,3,3,3,3,3,4),(-5.70786423444307,-5.47214896241096,-5.28640950330699,
-5.11782464994445,-4.95905698664909,-4.80929728248567,-4.66406081349868,
-4.51684797381825,-4.3631811713304,-4.19493183751787,-4.00263718357225,
-3.76362042879752,-3.58332158848401,-3.41815300689012,-3.26330746164585,
-3.11813976297935,-2.98140018723149,-2.84976454231954,-2.72214692111476,
-2.59735601469968,-2.4752847951991,-2.35677822105924,-2.24121837476569,
-2.12534565229021,-2.00779997389132,-1.88294342479793,-1.72842005663993,
-1.54270515580655,-1.40896841610524,-1.29188238282439,-1.18242088993383,
-1.07806495594911,-0.978637712468864,-0.940624282981829),.UNSPECIFIED.);
#179=B_SPLINE_CURVE_WITH_KNOTS('',3,(#2489,#2490,#2491,#2492),
 .UNSPECIFIED.,.F.,.F.,(4,4),(-0.35,-0.0499999999999951),.UNSPECIFIED.);
#180=B_SPLINE_CURVE_WITH_KNOTS('',3,(#2494,#2495,#2496,#2497),
 .UNSPECIFIED.,.F.,.F.,(4,4),(-0.0616635251664292,-0.0513574624952637),
 .UNSPECIFIED.);
#181=B_SPLINE_CURVE_WITH_KNOTS('',3,(#2499,#2500,#2501,#2502),
 .UNSPECIFIED.,.F.,.F.,(4,4),(-0.300000000000001,0.),.UNSPECIFIED.);
#182=B_SPLINE_CURVE_WITH_KNOTS('',3,(#2503,#2504,#2505,#2506,#2507,#2508,
#2509,#2510,#2511,#2512,#2513,#2514,#2515,#2516,#2517,#2518,#2519,#2520,
#2521,#2522,#2523,#2524,#2525,#2526,#2527,#2528,#2529,#2530,#2531,#2532,
#2533,#2534,#2535,#2536,#2537,#2538,#2539,#2540,#2541,#2542,#2543,#2544,
#2545,#2546,#2547,#2548,#2549,#2550,#2551,#2552,#2553,#2554,#2555,#2556,
#2557,#2558,#2559,#2560),.UNSPECIFIED.,.F.,.F.,(4,3,3,3,3,3,3,3,3,3,3,3,
3,3,3,3,3,3,3,4),(-0.927615820092745,-0.886838795823569,-0.845758282411707,
-0.802773336414221,-0.756998884915849,-0.705786131709788,-0.648079800479861,
-0.567069825419878,-0.50708155999103,-0.455462919823045,-0.408542641645661,
-0.364788761379121,-0.32276766127527,-0.281362256560474,-0.239838128481149,
-0.196873279543262,-0.151740119280057,-0.102690479115796,-0.0476671082513942,
0.),.UNSPECIFIED.);
#183=B_SPLINE_CURVE_WITH_KNOTS('',3,(#2563,#2564,#2565,#2566),
 .UNSPECIFIED.,.F.,.F.,(4,4),(-0.350000000000002,-0.0500000000000105),
 .UNSPECIFIED.);
#184=B_SPLINE_CURVE_WITH_KNOTS('',3,(#2568,#2569,#2570,#2571),
 .UNSPECIFIED.,.F.,.F.,(4,4),(-0.0616635251664292,-0.0513574624952637),
 .UNSPECIFIED.);
#185=B_SPLINE_CURVE_WITH_KNOTS('',3,(#2573,#2574,#2575,#2576),
 .UNSPECIFIED.,.F.,.F.,(4,4),(-0.350000000000002,-0.0500000000000105),
 .UNSPECIFIED.);
#186=B_SPLINE_CURVE_WITH_KNOTS('',3,(#2577,#2578,#2579,#2580),
 .UNSPECIFIED.,.F.,.F.,(4,4),(-0.0788679139175268,-0.0684833919049316),
 .UNSPECIFIED.);
#187=B_SPLINE_CURVE_WITH_KNOTS('',3,(#2583,#2584,#2585,#2586),
 .UNSPECIFIED.,.F.,.F.,(4,4),(-0.350000000000002,-0.0500000000000105),
 .UNSPECIFIED.);
#188=B_SPLINE_CURVE_WITH_KNOTS('',3,(#2588,#2589,#2590,#2591),
 .UNSPECIFIED.,.F.,.F.,(4,4),(-0.0616635251664292,-0.0513574624952637),
 .UNSPECIFIED.);
#189=B_SPLINE_CURVE_WITH_KNOTS('',3,(#2593,#2594,#2595,#2596),
 .UNSPECIFIED.,.F.,.F.,(4,4),(-0.350000000000002,-0.0500000000000105),
 .UNSPECIFIED.);
#190=B_SPLINE_CURVE_WITH_KNOTS('',3,(#2597,#2598,#2599,#2600),
 .UNSPECIFIED.,.F.,.F.,(4,4),(-0.0788679139175268,-0.0684833919049316),
 .UNSPECIFIED.);
#191=B_SPLINE_CURVE_WITH_KNOTS('',3,(#2603,#2604,#2605,#2606),
 .UNSPECIFIED.,.F.,.F.,(4,4),(-0.350000000000002,-0.0500000000000105),
 .UNSPECIFIED.);
#192=B_SPLINE_CURVE_WITH_KNOTS('',3,(#2608,#2609,#2610,#2611),
 .UNSPECIFIED.,.F.,.F.,(4,4),(-0.0616635251664292,-0.0513574624952637),
 .UNSPECIFIED.);
#193=B_SPLINE_CURVE_WITH_KNOTS('',3,(#2613,#2614,#2615,#2616),
 .UNSPECIFIED.,.F.,.F.,(4,4),(-0.350000000000002,-0.0500000000000105),
 .UNSPECIFIED.);
#194=B_SPLINE_CURVE_WITH_KNOTS('',3,(#2617,#2618,#2619,#2620),
 .UNSPECIFIED.,.F.,.F.,(4,4),(-0.0788679139175268,-0.0684833919049316),
 .UNSPECIFIED.);
#195=B_SPLINE_CURVE_WITH_KNOTS('',3,(#2623,#2624,#2625,#2626),
 .UNSPECIFIED.,.F.,.F.,(4,4),(-0.350000000000002,-0.0500000000000105),
 .UNSPECIFIED.);
#196=B_SPLINE_CURVE_WITH_KNOTS('',3,(#2628,#2629,#2630,#2631),
 .UNSPECIFIED.,.F.,.F.,(4,4),(-0.0616635251664292,-0.0513574624952637),
 .UNSPECIFIED.);
#197=B_SPLINE_CURVE_WITH_KNOTS('',3,(#2633,#2634,#2635,#2636),
 .UNSPECIFIED.,.F.,.F.,(4,4),(-0.350000000000002,-0.0500000000000105),
 .UNSPECIFIED.);
#198=B_SPLINE_CURVE_WITH_KNOTS('',3,(#2637,#2638,#2639,#2640),
 .UNSPECIFIED.,.F.,.F.,(4,4),(-0.0788679139175268,-0.0684833919049316),
 .UNSPECIFIED.);
#199=B_SPLINE_CURVE_WITH_KNOTS('',3,(#2962,#2963,#2964,#2965,#2966,#2967),
 .UNSPECIFIED.,.F.,.F.,(4,2,4),(-13.4,-12.5,-7.02),.UNSPECIFIED.);
#200=B_SPLINE_CURVE_WITH_KNOTS('',3,(#2969,#2970,#2971,#2972,#2973,#2974,
#2975,#2976,#2977,#2978,#2979,#2980,#2981,#2982,#2983,#2984,#2985,#2986,
#2987,#2988,#2989,#2990,#2991,#2992,#2993,#2994,#2995,#2996,#2997,#2998,
#2999,#3000,#3001,#3002,#3003,#3004,#3005,#3006,#3007,#3008,#3009,#3010,
#3011,#3012,#3013,#3014,#3015,#3016,#3017,#3018,#3019,#3020,#3021,#3022,
#3023,#3024,#3025,#3026,#3027,#3028,#3029,#3030,#3031,#3032,#3033,#3034,
#3035,#3036,#3037,#3038,#3039,#3040,#3041,#3042,#3043,#3044,#3045,#3046,
#3047,#3048,#3049,#3050,#3051,#3052,#3053),.UNSPECIFIED.,.F.,.F.,(4,3,3,
3,3,3,3,3,3,3,3,3,3,3,3,3,3,3,3,3,3,3,3,3,3,3,3,3,4),(-1.19541906198973,
-1.1845520717534,-1.17396893917838,-1.16280617554101,-1.15147997226795,
-1.13969438851325,-1.12739239665377,-1.11441719460037,-1.10043100709806,
-1.08455269466281,-1.05863482606364,-1.04351768085856,-1.0293453572288,
-1.0160588038259,-1.00360266001068,-0.991925025183907,-0.980870102158622,
-0.969698007306249,-0.958198909077897,-0.946297309083304,-0.933773113342278,
-0.920290804618332,-0.904915430958519,-0.882876698914478,-0.866347649881447,
-0.852906933332887,-0.840235786545223,-0.828352129315828,-0.816760502782355),
 .UNSPECIFIED.);
#201=B_SPLINE_CURVE_WITH_KNOTS('',3,(#3055,#3056,#3057,#3058),
 .UNSPECIFIED.,.F.,.F.,(4,4),(-0.35,-0.0499999999999951),.UNSPECIFIED.);
#202=B_SPLINE_CURVE_WITH_KNOTS('',3,(#3060,#3061,#3062,#3063),
 .UNSPECIFIED.,.F.,.F.,(4,4),(-0.0657198776048302,-0.0547087160994218),
 .UNSPECIFIED.);
#203=B_SPLINE_CURVE_WITH_KNOTS('',3,(#3065,#3066,#3067,#3068),
 .UNSPECIFIED.,.F.,.F.,(4,4),(-0.3,0.),.UNSPECIFIED.);
#204=B_SPLINE_CURVE_WITH_KNOTS('',3,(#3069,#3070,#3071,#3072,#3073,#3074,
#3075,#3076,#3077,#3078,#3079,#3080,#3081,#3082,#3083,#3084,#3085,#3086,
#3087,#3088,#3089,#3090,#3091,#3092,#3093,#3094,#3095,#3096,#3097,#3098,
#3099,#3100,#3101,#3102,#3103,#3104,#3105,#3106,#3107,#3108,#3109,#3110,
#3111,#3112,#3113,#3114,#3115,#3116,#3117,#3118,#3119,#3120,#3121,#3122,
#3123,#3124,#3125,#3126,#3127,#3128,#3129,#3130,#3131,#3132,#3133,#3134,
#3135,#3136,#3137,#3138,#3139,#3140,#3141,#3142,#3143,#3144,#3145,#3146,
#3147,#3148,#3149,#3150,#3151,#3152,#3153,#3154,#3155,#3156,#3157,#3158,
#3159,#3160,#3161,#3162,#3163,#3164,#3165,#3166,#3167,#3168,#3169,#3170,
#3171,#3172,#3173,#3174,#3175,#3176,#3177,#3178,#3179,#3180,#3181,#3182,
#3183,#3184,#3185,#3186,#3187,#3188,#3189,#3190,#3191,#3192,#3193,#3194,
#3195,#3196,#3197,#3198,#3199,#3200,#3201,#3202,#3203,#3204,#3205,#3206,
#3207,#3208,#3209,#3210,#3211,#3212,#3213,#3214,#3215,#3216,#3217,#3218,
#3219),.UNSPECIFIED.,.F.,.F.,(4,3,3,3,3,3,3,3,3,3,3,3,3,3,3,3,3,3,3,3,3,
3,3,3,3,3,3,3,3,3,3,3,3,3,3,3,3,3,3,3,3,3,3,3,3,3,3,3,3,3,4),(-0.813011717166284,
-0.80030840908556,-0.787180854506301,-0.773201707055365,-0.757968117643613,
-0.740419796073535,-0.717281677446237,-0.700675476841001,-0.686327542767146,
-0.672879594469852,-0.65977989832768,-0.646910061628496,-0.633596866192469,
-0.619281399156875,-0.603467527402516,-0.58548002255243,-0.565084628101094,
-0.547425733472935,-0.532197943402354,-0.517911513814332,-0.504122430760585,
-0.489671865421894,-0.473377925793112,-0.455104800025254,-0.43252341535768,
-0.412455909842824,-0.395719820631414,-0.380423238494004,-0.365311615588439,
-0.349076638996592,-0.330842895315283,-0.307745276985181,-0.288511197173607,
-0.271641882400925,-0.256398051047992,-0.242233087538397,-0.228504012449523,
-0.214091083528739,-0.198922610403223,-0.182175207597472,-0.161416435695286,
-0.140799158363719,-0.123199263568254,-0.107799355622222,-0.0931736129302507,
-0.0782735485164593,-0.0629798086442673,-0.0460659010278611,-0.0275662284269649,
-0.00470990624302901,0.),.UNSPECIFIED.);
#205=B_SPLINE_CURVE_WITH_KNOTS('',3,(#3222,#3223,#3224,#3225),
 .UNSPECIFIED.,.F.,.F.,(4,4),(-0.350000000000002,-0.0500000000000105),
 .UNSPECIFIED.);
#206=B_SPLINE_CURVE_WITH_KNOTS('',3,(#3227,#3228,#3229,#3230),
 .UNSPECIFIED.,.F.,.F.,(4,4),(-0.0825804487662435,-0.0719568362781193),
 .UNSPECIFIED.);
#207=B_SPLINE_CURVE_WITH_KNOTS('',3,(#3232,#3233,#3234,#3235),
 .UNSPECIFIED.,.F.,.F.,(4,4),(-0.350000000000002,-0.0500000000000105),
 .UNSPECIFIED.);
#208=B_SPLINE_CURVE_WITH_KNOTS('',3,(#3236,#3237,#3238,#3239),
 .UNSPECIFIED.,.F.,.F.,(4,4),(-0.0657198776014767,-0.0547087160970187),
 .UNSPECIFIED.);
#209=B_SPLINE_CURVE_WITH_KNOTS('',3,(#3242,#3243,#3244,#3245),
 .UNSPECIFIED.,.F.,.F.,(4,4),(-0.350000000000002,-0.0500000000000105),
 .UNSPECIFIED.);
#210=B_SPLINE_CURVE_WITH_KNOTS('',3,(#3247,#3248,#3249,#3250),
 .UNSPECIFIED.,.F.,.F.,(4,4),(-0.0825804487662435,-0.0719568362781193),
 .UNSPECIFIED.);
#211=B_SPLINE_CURVE_WITH_KNOTS('',3,(#3252,#3253,#3254,#3255),
 .UNSPECIFIED.,.F.,.F.,(4,4),(-0.350000000000002,-0.0500000000000105),
 .UNSPECIFIED.);
#212=B_SPLINE_CURVE_WITH_KNOTS('',3,(#3256,#3257,#3258,#3259),
 .UNSPECIFIED.,.F.,.F.,(4,4),(-0.0657198776048302,-0.0547087160994218),
 .UNSPECIFIED.);
#213=B_SPLINE_CURVE_WITH_KNOTS('',3,(#3262,#3263,#3264,#3265),
 .UNSPECIFIED.,.F.,.F.,(4,4),(-0.350000000000002,-0.0500000000000105),
 .UNSPECIFIED.);
#214=B_SPLINE_CURVE_WITH_KNOTS('',3,(#3267,#3268,#3269,#3270),
 .UNSPECIFIED.,.F.,.F.,(4,4),(-0.0825804487662435,-0.0719568362781193),
 .UNSPECIFIED.);
#215=B_SPLINE_CURVE_WITH_KNOTS('',3,(#3272,#3273,#3274,#3275),
 .UNSPECIFIED.,.F.,.F.,(4,4),(-0.350000000000002,-0.0500000000000105),
 .UNSPECIFIED.);
#216=B_SPLINE_CURVE_WITH_KNOTS('',3,(#3276,#3277,#3278,#3279),
 .UNSPECIFIED.,.F.,.F.,(4,4),(-0.0657198776048302,-0.0547087160994218),
 .UNSPECIFIED.);
#217=B_SPLINE_CURVE_WITH_KNOTS('',3,(#3282,#3283,#3284,#3285),
 .UNSPECIFIED.,.F.,.F.,(4,4),(-0.350000000000002,-0.0500000000000105),
 .UNSPECIFIED.);
#218=B_SPLINE_CURVE_WITH_KNOTS('',3,(#3287,#3288,#3289,#3290),
 .UNSPECIFIED.,.F.,.F.,(4,4),(-0.0825804487662435,-0.0719568362781193),
 .UNSPECIFIED.);
#219=B_SPLINE_CURVE_WITH_KNOTS('',3,(#3292,#3293,#3294,#3295),
 .UNSPECIFIED.,.F.,.F.,(4,4),(-0.350000000000002,-0.0500000000000105),
 .UNSPECIFIED.);
#220=B_SPLINE_CURVE_WITH_KNOTS('',3,(#3296,#3297,#3298,#3299),
 .UNSPECIFIED.,.F.,.F.,(4,4),(-0.0657198776048302,-0.0547087160994218),
 .UNSPECIFIED.);
#221=CIRCLE('',#1246,3.00000000000001);
#222=CIRCLE('',#1247,3.00000000000001);
#223=CIRCLE('',#1248,1.02499999999999);
#224=CIRCLE('',#1249,1.02499999999999);
#225=CIRCLE('',#1250,2.5);
#226=CIRCLE('',#1251,1.02499999999999);
#227=CIRCLE('',#1254,1.02499999999999);
#228=CIRCLE('',#1257,3.00000000000001);
#229=CIRCLE('',#1261,3.00000000000001);
#230=CIRCLE('',#1311,1.02499999999999);
#231=CIRCLE('',#1312,2.5);
#232=CIRCLE('',#1313,1.02499999999999);
#233=LINE('',#1601,#349);
#234=LINE('',#1605,#350);
#235=LINE('',#2004,#351);
#236=LINE('',#2008,#352);
#237=LINE('',#2012,#353);
#238=LINE('',#2014,#354);
#239=LINE('',#2016,#355);
#240=LINE('',#2020,#356);
#241=LINE('',#2022,#357);
#242=LINE('',#2026,#358);
#243=LINE('',#2030,#359);
#244=LINE('',#2032,#360);
#245=LINE('',#2033,#361);
#246=LINE('',#2036,#362);
#247=LINE('',#2040,#363);
#248=LINE('',#2041,#364);
#249=LINE('',#2044,#365);
#250=LINE('',#2054,#366);
#251=LINE('',#2386,#367);
#252=LINE('',#3302,#368);
#253=LINE('',#3303,#369);
#254=LINE('',#3306,#370);
#255=LINE('',#3310,#371);
#256=LINE('',#3312,#372);
#257=LINE('',#3313,#373);
#258=LINE('',#3316,#374);
#259=LINE('',#3318,#375);
#260=LINE('',#3319,#376);
#261=LINE('',#3321,#377);
#262=LINE('',#3322,#378);
#263=LINE('',#3327,#379);
#264=LINE('',#3329,#380);
#265=LINE('',#3330,#381);
#266=LINE('',#3333,#382);
#267=LINE('',#3335,#383);
#268=LINE('',#3336,#384);
#269=LINE('',#3338,#385);
#270=LINE('',#3339,#386);
#271=LINE('',#3344,#387);
#272=LINE('',#3346,#388);
#273=LINE('',#3347,#389);
#274=LINE('',#3350,#390);
#275=LINE('',#3352,#391);
#276=LINE('',#3353,#392);
#277=LINE('',#3355,#393);
#278=LINE('',#3356,#394);
#279=LINE('',#3361,#395);
#280=LINE('',#3363,#396);
#281=LINE('',#3364,#397);
#282=LINE('',#3367,#398);
#283=LINE('',#3369,#399);
#284=LINE('',#3370,#400);
#285=LINE('',#3372,#401);
#286=LINE('',#3373,#402);
#287=LINE('',#3378,#403);
#288=LINE('',#3380,#404);
#289=LINE('',#3381,#405);
#290=LINE('',#3384,#406);
#291=LINE('',#3386,#407);
#292=LINE('',#3387,#408);
#293=LINE('',#3389,#409);
#294=LINE('',#3390,#410);
#295=LINE('',#3395,#411);
#296=LINE('',#3397,#412);
#297=LINE('',#3398,#413);
#298=LINE('',#3401,#414);
#299=LINE('',#3403,#415);
#300=LINE('',#3404,#416);
#301=LINE('',#3406,#417);
#302=LINE('',#3407,#418);
#303=LINE('',#3412,#419);
#304=LINE('',#3414,#420);
#305=LINE('',#3415,#421);
#306=LINE('',#3418,#422);
#307=LINE('',#3420,#423);
#308=LINE('',#3421,#424);
#309=LINE('',#3423,#425);
#310=LINE('',#3424,#426);
#311=LINE('',#3429,#427);
#312=LINE('',#3431,#428);
#313=LINE('',#3432,#429);
#314=LINE('',#3435,#430);
#315=LINE('',#3437,#431);
#316=LINE('',#3438,#432);
#317=LINE('',#3440,#433);
#318=LINE('',#3441,#434);
#319=LINE('',#3446,#435);
#320=LINE('',#3448,#436);
#321=LINE('',#3449,#437);
#322=LINE('',#3452,#438);
#323=LINE('',#3454,#439);
#324=LINE('',#3455,#440);
#325=LINE('',#3457,#441);
#326=LINE('',#3458,#442);
#327=LINE('',#3462,#443);
#328=LINE('',#3464,#444);
#329=LINE('',#3465,#445);
#330=LINE('',#3468,#446);
#331=LINE('',#3470,#447);
#332=LINE('',#3471,#448);
#333=LINE('',#3473,#449);
#334=LINE('',#3474,#450);
#335=LINE('',#3478,#451);
#336=LINE('',#3482,#452);
#337=LINE('',#3486,#453);
#338=LINE('',#3488,#454);
#339=LINE('',#3492,#455);
#340=LINE('',#3493,#456);
#341=LINE('',#3495,#457);
#342=LINE('',#3496,#458);
#343=LINE('',#3498,#459);
#344=LINE('',#3499,#460);
#345=LINE('',#3501,#461);
#346=LINE('',#3503,#462);
#347=LINE('',#3506,#463);
#348=LINE('',#3508,#464);
#349=VECTOR('',#1327,10.);
#350=VECTOR('',#1330,10.);
#351=VECTOR('',#1331,10.);
#352=VECTOR('',#1334,10.);
#353=VECTOR('',#1337,10.);
#354=VECTOR('',#1338,10.);
#355=VECTOR('',#1339,10.);
#356=VECTOR('',#1342,10.);
#357=VECTOR('',#1343,10.);
#358=VECTOR('',#1346,10.);
#359=VECTOR('',#1351,10.);
#360=VECTOR('',#1352,10.);
#361=VECTOR('',#1353,10.);
#362=VECTOR('',#1356,10.);
#363=VECTOR('',#1361,10.);
#364=VECTOR('',#1362,10.);
#365=VECTOR('',#1365,10.);
#366=VECTOR('',#1370,10.);
#367=VECTOR('',#1371,10.);
#368=VECTOR('',#1374,10.);
#369=VECTOR('',#1375,10.);
#370=VECTOR('',#1378,10.);
#371=VECTOR('',#1383,10.);
#372=VECTOR('',#1384,10.);
#373=VECTOR('',#1385,10.);
#374=VECTOR('',#1388,10.);
#375=VECTOR('',#1389,10.);
#376=VECTOR('',#1390,10.);
#377=VECTOR('',#1393,10.);
#378=VECTOR('',#1394,10.);
#379=VECTOR('',#1401,10.);
#380=VECTOR('',#1402,10.);
#381=VECTOR('',#1403,10.);
#382=VECTOR('',#1406,10.);
#383=VECTOR('',#1407,10.);
#384=VECTOR('',#1408,10.);
#385=VECTOR('',#1411,10.);
#386=VECTOR('',#1412,10.);
#387=VECTOR('',#1419,10.);
#388=VECTOR('',#1420,10.);
#389=VECTOR('',#1421,10.);
#390=VECTOR('',#1424,10.);
#391=VECTOR('',#1425,10.);
#392=VECTOR('',#1426,10.);
#393=VECTOR('',#1429,10.);
#394=VECTOR('',#1430,10.);
#395=VECTOR('',#1437,10.);
#396=VECTOR('',#1438,10.);
#397=VECTOR('',#1439,10.);
#398=VECTOR('',#1442,10.);
#399=VECTOR('',#1443,10.);
#400=VECTOR('',#1444,10.);
#401=VECTOR('',#1447,10.);
#402=VECTOR('',#1448,10.);
#403=VECTOR('',#1455,10.);
#404=VECTOR('',#1456,10.);
#405=VECTOR('',#1457,10.);
#406=VECTOR('',#1460,10.);
#407=VECTOR('',#1461,10.);
#408=VECTOR('',#1462,10.);
#409=VECTOR('',#1465,10.);
#410=VECTOR('',#1466,10.);
#411=VECTOR('',#1473,10.);
#412=VECTOR('',#1474,10.);
#413=VECTOR('',#1475,10.);
#414=VECTOR('',#1478,10.);
#415=VECTOR('',#1479,10.);
#416=VECTOR('',#1480,10.);
#417=VECTOR('',#1483,10.);
#418=VECTOR('',#1484,10.);
#419=VECTOR('',#1491,10.);
#420=VECTOR('',#1492,10.);
#421=VECTOR('',#1493,10.);
#422=VECTOR('',#1496,10.);
#423=VECTOR('',#1497,10.);
#424=VECTOR('',#1498,10.);
#425=VECTOR('',#1501,10.);
#426=VECTOR('',#1502,10.);
#427=VECTOR('',#1509,10.);
#428=VECTOR('',#1510,10.);
#429=VECTOR('',#1511,10.);
#430=VECTOR('',#1514,10.);
#431=VECTOR('',#1515,10.);
#432=VECTOR('',#1516,10.);
#433=VECTOR('',#1519,10.);
#434=VECTOR('',#1520,10.);
#435=VECTOR('',#1527,10.);
#436=VECTOR('',#1528,10.);
#437=VECTOR('',#1529,10.);
#438=VECTOR('',#1532,10.);
#439=VECTOR('',#1533,10.);
#440=VECTOR('',#1534,10.);
#441=VECTOR('',#1537,10.);
#442=VECTOR('',#1538,10.);
#443=VECTOR('',#1543,10.);
#444=VECTOR('',#1544,10.);
#445=VECTOR('',#1545,10.);
#446=VECTOR('',#1548,10.);
#447=VECTOR('',#1549,10.);
#448=VECTOR('',#1550,10.);
#449=VECTOR('',#1553,10.);
#450=VECTOR('',#1554,10.);
#451=VECTOR('',#1559,10.);
#452=VECTOR('',#1562,10.);
#453=VECTOR('',#1565,10.);
#454=VECTOR('',#1566,10.);
#455=VECTOR('',#1569,10.);
#456=VECTOR('',#1570,10.);
#457=VECTOR('',#1573,10.);
#458=VECTOR('',#1574,10.);
#459=VECTOR('',#1577,10.);
#460=VECTOR('',#1578,10.);
#461=VECTOR('',#1581,10.);
#462=VECTOR('',#1584,10.);
#463=VECTOR('',#1589,10.);
#464=VECTOR('',#1592,10.);
#465=VERTEX_POINT('',#1599);
#466=VERTEX_POINT('',#1600);
#467=VERTEX_POINT('',#1602);
#468=VERTEX_POINT('',#1604);
#469=VERTEX_POINT('',#1606);
#470=VERTEX_POINT('',#1845);
#471=VERTEX_POINT('',#2003);
#472=VERTEX_POINT('',#2005);
#473=VERTEX_POINT('',#2007);
#474=VERTEX_POINT('',#2009);
#475=VERTEX_POINT('',#2011);
#476=VERTEX_POINT('',#2013);
#477=VERTEX_POINT('',#2015);
#478=VERTEX_POINT('',#2017);
#479=VERTEX_POINT('',#2019);
#480=VERTEX_POINT('',#2021);
#481=VERTEX_POINT('',#2023);
#482=VERTEX_POINT('',#2025);
#483=VERTEX_POINT('',#2029);
#484=VERTEX_POINT('',#2031);
#485=VERTEX_POINT('',#2035);
#486=VERTEX_POINT('',#2039);
#487=VERTEX_POINT('',#2043);
#488=VERTEX_POINT('',#2047);
#489=VERTEX_POINT('',#2385);
#490=VERTEX_POINT('',#2387);
#491=VERTEX_POINT('',#2488);
#492=VERTEX_POINT('',#2493);
#493=VERTEX_POINT('',#2498);
#494=VERTEX_POINT('',#2561);
#495=VERTEX_POINT('',#2562);
#496=VERTEX_POINT('',#2567);
#497=VERTEX_POINT('',#2572);
#498=VERTEX_POINT('',#2581);
#499=VERTEX_POINT('',#2582);
#500=VERTEX_POINT('',#2587);
#501=VERTEX_POINT('',#2592);
#502=VERTEX_POINT('',#2601);
#503=VERTEX_POINT('',#2602);
#504=VERTEX_POINT('',#2607);
#505=VERTEX_POINT('',#2612);
#506=VERTEX_POINT('',#2621);
#507=VERTEX_POINT('',#2622);
#508=VERTEX_POINT('',#2627);
#509=VERTEX_POINT('',#2632);
#510=VERTEX_POINT('',#2961);
#511=VERTEX_POINT('',#2968);
#512=VERTEX_POINT('',#3054);
#513=VERTEX_POINT('',#3059);
#514=VERTEX_POINT('',#3064);
#515=VERTEX_POINT('',#3220);
#516=VERTEX_POINT('',#3221);
#517=VERTEX_POINT('',#3226);
#518=VERTEX_POINT('',#3231);
#519=VERTEX_POINT('',#3240);
#520=VERTEX_POINT('',#3241);
#521=VERTEX_POINT('',#3246);
#522=VERTEX_POINT('',#3251);
#523=VERTEX_POINT('',#3260);
#524=VERTEX_POINT('',#3261);
#525=VERTEX_POINT('',#3266);
#526=VERTEX_POINT('',#3271);
#527=VERTEX_POINT('',#3280);
#528=VERTEX_POINT('',#3281);
#529=VERTEX_POINT('',#3286);
#530=VERTEX_POINT('',#3291);
#531=VERTEX_POINT('',#3301);
#532=VERTEX_POINT('',#3305);
#533=VERTEX_POINT('',#3309);
#534=VERTEX_POINT('',#3311);
#535=VERTEX_POINT('',#3315);
#536=VERTEX_POINT('',#3317);
#537=VERTEX_POINT('',#3326);
#538=VERTEX_POINT('',#3328);
#539=VERTEX_POINT('',#3332);
#540=VERTEX_POINT('',#3334);
#541=VERTEX_POINT('',#3343);
#542=VERTEX_POINT('',#3345);
#543=VERTEX_POINT('',#3349);
#544=VERTEX_POINT('',#3351);
#545=VERTEX_POINT('',#3360);
#546=VERTEX_POINT('',#3362);
#547=VERTEX_POINT('',#3366);
#548=VERTEX_POINT('',#3368);
#549=VERTEX_POINT('',#3377);
#550=VERTEX_POINT('',#3379);
#551=VERTEX_POINT('',#3383);
#552=VERTEX_POINT('',#3385);
#553=VERTEX_POINT('',#3394);
#554=VERTEX_POINT('',#3396);
#555=VERTEX_POINT('',#3400);
#556=VERTEX_POINT('',#3402);
#557=VERTEX_POINT('',#3411);
#558=VERTEX_POINT('',#3413);
#559=VERTEX_POINT('',#3417);
#560=VERTEX_POINT('',#3419);
#561=VERTEX_POINT('',#3428);
#562=VERTEX_POINT('',#3430);
#563=VERTEX_POINT('',#3434);
#564=VERTEX_POINT('',#3436);
#565=VERTEX_POINT('',#3445);
#566=VERTEX_POINT('',#3447);
#567=VERTEX_POINT('',#3451);
#568=VERTEX_POINT('',#3453);
#569=VERTEX_POINT('',#3461);
#570=VERTEX_POINT('',#3463);
#571=VERTEX_POINT('',#3467);
#572=VERTEX_POINT('',#3469);
#573=VERTEX_POINT('',#3477);
#574=VERTEX_POINT('',#3479);
#575=VERTEX_POINT('',#3481);
#576=VERTEX_POINT('',#3483);
#577=VERTEX_POINT('',#3485);
#578=VERTEX_POINT('',#3487);
#579=VERTEX_POINT('',#3489);
#580=VERTEX_POINT('',#3491);
#581=EDGE_CURVE('',#465,#466,#233,.T.);
#582=EDGE_CURVE('',#467,#465,#221,.T.);
#583=EDGE_CURVE('',#468,#467,#234,.T.);
#584=EDGE_CURVE('',#469,#468,#175,.T.);
#585=EDGE_CURVE('',#470,#469,#176,.T.);
#586=EDGE_CURVE('',#471,#470,#235,.T.);
#587=EDGE_CURVE('',#472,#471,#222,.T.);
#588=EDGE_CURVE('',#473,#472,#236,.T.);
#589=EDGE_CURVE('',#474,#473,#223,.T.);
#590=EDGE_CURVE('',#475,#474,#237,.T.);
#591=EDGE_CURVE('',#476,#475,#238,.T.);
#592=EDGE_CURVE('',#477,#476,#239,.T.);
#593=EDGE_CURVE('',#478,#477,#224,.T.);
#594=EDGE_CURVE('',#479,#478,#240,.T.);
#595=EDGE_CURVE('',#480,#479,#241,.T.);
#596=EDGE_CURVE('',#481,#480,#225,.T.);
#597=EDGE_CURVE('',#482,#481,#242,.T.);
#598=EDGE_CURVE('',#466,#482,#226,.T.);
#599=EDGE_CURVE('',#483,#474,#243,.T.);
#600=EDGE_CURVE('',#484,#483,#244,.T.);
#601=EDGE_CURVE('',#484,#475,#245,.T.);
#602=EDGE_CURVE('',#473,#485,#246,.T.);
#603=EDGE_CURVE('',#485,#483,#227,.T.);
#604=EDGE_CURVE('',#486,#472,#247,.T.);
#605=EDGE_CURVE('',#485,#486,#248,.T.);
#606=EDGE_CURVE('',#487,#471,#249,.T.);
#607=EDGE_CURVE('',#487,#486,#228,.T.);
#608=EDGE_CURVE('',#488,#470,#177,.T.);
#609=EDGE_CURVE('',#488,#487,#250,.T.);
#610=EDGE_CURVE('',#489,#469,#251,.T.);
#611=EDGE_CURVE('',#489,#490,#178,.T.);
#612=EDGE_CURVE('',#490,#491,#179,.T.);
#613=EDGE_CURVE('',#491,#492,#180,.T.);
#614=EDGE_CURVE('',#492,#493,#181,.T.);
#615=EDGE_CURVE('',#493,#488,#182,.T.);
#616=EDGE_CURVE('',#494,#495,#183,.T.);
#617=EDGE_CURVE('',#495,#496,#184,.T.);
#618=EDGE_CURVE('',#496,#497,#185,.T.);
#619=EDGE_CURVE('',#497,#494,#186,.T.);
#620=EDGE_CURVE('',#498,#499,#187,.T.);
#621=EDGE_CURVE('',#499,#500,#188,.T.);
#622=EDGE_CURVE('',#500,#501,#189,.T.);
#623=EDGE_CURVE('',#501,#498,#190,.T.);
#624=EDGE_CURVE('',#502,#503,#191,.T.);
#625=EDGE_CURVE('',#503,#504,#192,.T.);
#626=EDGE_CURVE('',#504,#505,#193,.T.);
#627=EDGE_CURVE('',#505,#502,#194,.T.);
#628=EDGE_CURVE('',#506,#507,#195,.T.);
#629=EDGE_CURVE('',#507,#508,#196,.T.);
#630=EDGE_CURVE('',#508,#509,#197,.T.);
#631=EDGE_CURVE('',#509,#506,#198,.T.);
#632=EDGE_CURVE('',#468,#510,#199,.T.);
#633=EDGE_CURVE('',#510,#511,#200,.T.);
#634=EDGE_CURVE('',#511,#512,#201,.T.);
#635=EDGE_CURVE('',#512,#513,#202,.T.);
#636=EDGE_CURVE('',#513,#514,#203,.T.);
#637=EDGE_CURVE('',#514,#489,#204,.T.);
#638=EDGE_CURVE('',#515,#516,#205,.T.);
#639=EDGE_CURVE('',#516,#517,#206,.T.);
#640=EDGE_CURVE('',#517,#518,#207,.T.);
#641=EDGE_CURVE('',#518,#515,#208,.T.);
#642=EDGE_CURVE('',#519,#520,#209,.T.);
#643=EDGE_CURVE('',#520,#521,#210,.T.);
#644=EDGE_CURVE('',#521,#522,#211,.T.);
#645=EDGE_CURVE('',#522,#519,#212,.T.);
#646=EDGE_CURVE('',#523,#524,#213,.T.);
#647=EDGE_CURVE('',#524,#525,#214,.T.);
#648=EDGE_CURVE('',#525,#526,#215,.T.);
#649=EDGE_CURVE('',#526,#523,#216,.T.);
#650=EDGE_CURVE('',#527,#528,#217,.T.);
#651=EDGE_CURVE('',#528,#529,#218,.T.);
#652=EDGE_CURVE('',#529,#530,#219,.T.);
#653=EDGE_CURVE('',#530,#527,#220,.T.);
#654=EDGE_CURVE('',#531,#467,#252,.T.);
#655=EDGE_CURVE('',#531,#510,#253,.T.);
#656=EDGE_CURVE('',#465,#532,#254,.T.);
#657=EDGE_CURVE('',#532,#531,#229,.T.);
#658=EDGE_CURVE('',#533,#509,#255,.T.);
#659=EDGE_CURVE('',#508,#534,#256,.T.);
#660=EDGE_CURVE('',#533,#534,#257,.T.);
#661=EDGE_CURVE('',#535,#506,#258,.T.);
#662=EDGE_CURVE('',#535,#536,#259,.T.);
#663=EDGE_CURVE('',#536,#507,#260,.T.);
#664=EDGE_CURVE('',#533,#535,#261,.T.);
#665=EDGE_CURVE('',#534,#536,#262,.T.);
#666=EDGE_CURVE('',#529,#537,#263,.T.);
#667=EDGE_CURVE('',#537,#538,#264,.T.);
#668=EDGE_CURVE('',#538,#530,#265,.T.);
#669=EDGE_CURVE('',#537,#539,#266,.T.);
#670=EDGE_CURVE('',#539,#540,#267,.T.);
#671=EDGE_CURVE('',#540,#538,#268,.T.);
#672=EDGE_CURVE('',#528,#539,#269,.T.);
#673=EDGE_CURVE('',#527,#540,#270,.T.);
#674=EDGE_CURVE('',#541,#505,#271,.T.);
#675=EDGE_CURVE('',#504,#542,#272,.T.);
#676=EDGE_CURVE('',#541,#542,#273,.T.);
#677=EDGE_CURVE('',#543,#502,#274,.T.);
#678=EDGE_CURVE('',#543,#544,#275,.T.);
#679=EDGE_CURVE('',#544,#503,#276,.T.);
#680=EDGE_CURVE('',#541,#543,#277,.T.);
#681=EDGE_CURVE('',#542,#544,#278,.T.);
#682=EDGE_CURVE('',#525,#545,#279,.T.);
#683=EDGE_CURVE('',#545,#546,#280,.T.);
#684=EDGE_CURVE('',#546,#526,#281,.T.);
#685=EDGE_CURVE('',#545,#547,#282,.T.);
#686=EDGE_CURVE('',#547,#548,#283,.T.);
#687=EDGE_CURVE('',#548,#546,#284,.T.);
#688=EDGE_CURVE('',#524,#547,#285,.T.);
#689=EDGE_CURVE('',#523,#548,#286,.T.);
#690=EDGE_CURVE('',#549,#501,#287,.T.);
#691=EDGE_CURVE('',#500,#550,#288,.T.);
#692=EDGE_CURVE('',#549,#550,#289,.T.);
#693=EDGE_CURVE('',#551,#498,#290,.T.);
#694=EDGE_CURVE('',#551,#552,#291,.T.);
#695=EDGE_CURVE('',#552,#499,#292,.T.);
#696=EDGE_CURVE('',#549,#551,#293,.T.);
#697=EDGE_CURVE('',#550,#552,#294,.T.);
#698=EDGE_CURVE('',#521,#553,#295,.T.);
#699=EDGE_CURVE('',#553,#554,#296,.T.);
#700=EDGE_CURVE('',#554,#522,#297,.T.);
#701=EDGE_CURVE('',#553,#555,#298,.T.);
#702=EDGE_CURVE('',#555,#556,#299,.T.);
#703=EDGE_CURVE('',#556,#554,#300,.T.);
#704=EDGE_CURVE('',#520,#555,#301,.T.);
#705=EDGE_CURVE('',#519,#556,#302,.T.);
#706=EDGE_CURVE('',#557,#497,#303,.T.);
#707=EDGE_CURVE('',#496,#558,#304,.T.);
#708=EDGE_CURVE('',#557,#558,#305,.T.);
#709=EDGE_CURVE('',#559,#494,#306,.T.);
#710=EDGE_CURVE('',#559,#560,#307,.T.);
#711=EDGE_CURVE('',#560,#495,#308,.T.);
#712=EDGE_CURVE('',#557,#559,#309,.T.);
#713=EDGE_CURVE('',#558,#560,#310,.T.);
#714=EDGE_CURVE('',#517,#561,#311,.T.);
#715=EDGE_CURVE('',#561,#562,#312,.T.);
#716=EDGE_CURVE('',#562,#518,#313,.T.);
#717=EDGE_CURVE('',#561,#563,#314,.T.);
#718=EDGE_CURVE('',#563,#564,#315,.T.);
#719=EDGE_CURVE('',#564,#562,#316,.T.);
#720=EDGE_CURVE('',#516,#563,#317,.T.);
#721=EDGE_CURVE('',#515,#564,#318,.T.);
#722=EDGE_CURVE('',#565,#511,#319,.T.);
#723=EDGE_CURVE('',#565,#566,#320,.T.);
#724=EDGE_CURVE('',#566,#512,#321,.T.);
#725=EDGE_CURVE('',#567,#565,#322,.T.);
#726=EDGE_CURVE('',#567,#568,#323,.T.);
#727=EDGE_CURVE('',#568,#566,#324,.T.);
#728=EDGE_CURVE('',#514,#567,#325,.T.);
#729=EDGE_CURVE('',#513,#568,#326,.T.);
#730=EDGE_CURVE('',#493,#569,#327,.T.);
#731=EDGE_CURVE('',#492,#570,#328,.T.);
#732=EDGE_CURVE('',#569,#570,#329,.T.);
#733=EDGE_CURVE('',#571,#490,#330,.T.);
#734=EDGE_CURVE('',#571,#572,#331,.T.);
#735=EDGE_CURVE('',#572,#491,#332,.T.);
#736=EDGE_CURVE('',#569,#571,#333,.T.);
#737=EDGE_CURVE('',#570,#572,#334,.T.);
#738=EDGE_CURVE('',#532,#573,#335,.T.);
#739=EDGE_CURVE('',#574,#573,#230,.T.);
#740=EDGE_CURVE('',#574,#575,#336,.T.);
#741=EDGE_CURVE('',#575,#576,#231,.T.);
#742=EDGE_CURVE('',#576,#577,#337,.T.);
#743=EDGE_CURVE('',#577,#578,#338,.T.);
#744=EDGE_CURVE('',#579,#578,#232,.T.);
#745=EDGE_CURVE('',#579,#580,#339,.T.);
#746=EDGE_CURVE('',#580,#484,#340,.T.);
#747=EDGE_CURVE('',#576,#480,#341,.T.);
#748=EDGE_CURVE('',#575,#481,#342,.T.);
#749=EDGE_CURVE('',#580,#476,#343,.T.);
#750=EDGE_CURVE('',#477,#579,#344,.T.);
#751=EDGE_CURVE('',#482,#574,#345,.T.);
#752=EDGE_CURVE('',#577,#479,#346,.T.);
#753=EDGE_CURVE('',#578,#478,#347,.T.);
#754=EDGE_CURVE('',#573,#466,#348,.T.);
#755=ORIENTED_EDGE('',*,*,#581,.F.);
#756=ORIENTED_EDGE('',*,*,#582,.F.);
#757=ORIENTED_EDGE('',*,*,#583,.F.);
#758=ORIENTED_EDGE('',*,*,#584,.F.);
#759=ORIENTED_EDGE('',*,*,#585,.F.);
#760=ORIENTED_EDGE('',*,*,#586,.F.);
#761=ORIENTED_EDGE('',*,*,#587,.F.);
#762=ORIENTED_EDGE('',*,*,#588,.F.);
#763=ORIENTED_EDGE('',*,*,#589,.F.);
#764=ORIENTED_EDGE('',*,*,#590,.F.);
#765=ORIENTED_EDGE('',*,*,#591,.F.);
#766=ORIENTED_EDGE('',*,*,#592,.F.);
#767=ORIENTED_EDGE('',*,*,#593,.F.);
#768=ORIENTED_EDGE('',*,*,#594,.F.);
#769=ORIENTED_EDGE('',*,*,#595,.F.);
#770=ORIENTED_EDGE('',*,*,#596,.F.);
#771=ORIENTED_EDGE('',*,*,#597,.F.);
#772=ORIENTED_EDGE('',*,*,#598,.F.);
#773=ORIENTED_EDGE('',*,*,#590,.T.);
#774=ORIENTED_EDGE('',*,*,#599,.F.);
#775=ORIENTED_EDGE('',*,*,#600,.F.);
#776=ORIENTED_EDGE('',*,*,#601,.T.);
#777=ORIENTED_EDGE('',*,*,#589,.T.);
#778=ORIENTED_EDGE('',*,*,#602,.T.);
#779=ORIENTED_EDGE('',*,*,#603,.T.);
#780=ORIENTED_EDGE('',*,*,#599,.T.);
#781=ORIENTED_EDGE('',*,*,#588,.T.);
#782=ORIENTED_EDGE('',*,*,#604,.F.);
#783=ORIENTED_EDGE('',*,*,#605,.F.);
#784=ORIENTED_EDGE('',*,*,#602,.F.);
#785=ORIENTED_EDGE('',*,*,#587,.T.);
#786=ORIENTED_EDGE('',*,*,#606,.F.);
#787=ORIENTED_EDGE('',*,*,#607,.T.);
#788=ORIENTED_EDGE('',*,*,#604,.T.);
#789=ORIENTED_EDGE('',*,*,#586,.T.);
#790=ORIENTED_EDGE('',*,*,#608,.F.);
#791=ORIENTED_EDGE('',*,*,#609,.T.);
#792=ORIENTED_EDGE('',*,*,#606,.T.);
#793=ORIENTED_EDGE('',*,*,#585,.T.);
#794=ORIENTED_EDGE('',*,*,#610,.F.);
#795=ORIENTED_EDGE('',*,*,#611,.T.);
#796=ORIENTED_EDGE('',*,*,#612,.T.);
#797=ORIENTED_EDGE('',*,*,#613,.T.);
#798=ORIENTED_EDGE('',*,*,#614,.T.);
#799=ORIENTED_EDGE('',*,*,#615,.T.);
#800=ORIENTED_EDGE('',*,*,#608,.T.);
#801=ORIENTED_EDGE('',*,*,#616,.T.);
#802=ORIENTED_EDGE('',*,*,#617,.T.);
#803=ORIENTED_EDGE('',*,*,#618,.T.);
#804=ORIENTED_EDGE('',*,*,#619,.T.);
#805=ORIENTED_EDGE('',*,*,#620,.T.);
#806=ORIENTED_EDGE('',*,*,#621,.T.);
#807=ORIENTED_EDGE('',*,*,#622,.T.);
#808=ORIENTED_EDGE('',*,*,#623,.T.);
#809=ORIENTED_EDGE('',*,*,#624,.T.);
#810=ORIENTED_EDGE('',*,*,#625,.T.);
#811=ORIENTED_EDGE('',*,*,#626,.T.);
#812=ORIENTED_EDGE('',*,*,#627,.T.);
#813=ORIENTED_EDGE('',*,*,#628,.T.);
#814=ORIENTED_EDGE('',*,*,#629,.T.);
#815=ORIENTED_EDGE('',*,*,#630,.T.);
#816=ORIENTED_EDGE('',*,*,#631,.T.);
#817=ORIENTED_EDGE('',*,*,#584,.T.);
#818=ORIENTED_EDGE('',*,*,#632,.T.);
#819=ORIENTED_EDGE('',*,*,#633,.T.);
#820=ORIENTED_EDGE('',*,*,#634,.T.);
#821=ORIENTED_EDGE('',*,*,#635,.T.);
#822=ORIENTED_EDGE('',*,*,#636,.T.);
#823=ORIENTED_EDGE('',*,*,#637,.T.);
#824=ORIENTED_EDGE('',*,*,#610,.T.);
#825=ORIENTED_EDGE('',*,*,#638,.T.);
#826=ORIENTED_EDGE('',*,*,#639,.T.);
#827=ORIENTED_EDGE('',*,*,#640,.T.);
#828=ORIENTED_EDGE('',*,*,#641,.T.);
#829=ORIENTED_EDGE('',*,*,#642,.T.);
#830=ORIENTED_EDGE('',*,*,#643,.T.);
#831=ORIENTED_EDGE('',*,*,#644,.T.);
#832=ORIENTED_EDGE('',*,*,#645,.T.);
#833=ORIENTED_EDGE('',*,*,#646,.T.);
#834=ORIENTED_EDGE('',*,*,#647,.T.);
#835=ORIENTED_EDGE('',*,*,#648,.T.);
#836=ORIENTED_EDGE('',*,*,#649,.T.);
#837=ORIENTED_EDGE('',*,*,#650,.T.);
#838=ORIENTED_EDGE('',*,*,#651,.T.);
#839=ORIENTED_EDGE('',*,*,#652,.T.);
#840=ORIENTED_EDGE('',*,*,#653,.T.);
#841=ORIENTED_EDGE('',*,*,#583,.T.);
#842=ORIENTED_EDGE('',*,*,#654,.F.);
#843=ORIENTED_EDGE('',*,*,#655,.T.);
#844=ORIENTED_EDGE('',*,*,#632,.F.);
#845=ORIENTED_EDGE('',*,*,#582,.T.);
#846=ORIENTED_EDGE('',*,*,#656,.T.);
#847=ORIENTED_EDGE('',*,*,#657,.T.);
#848=ORIENTED_EDGE('',*,*,#654,.T.);
#849=ORIENTED_EDGE('',*,*,#658,.T.);
#850=ORIENTED_EDGE('',*,*,#630,.F.);
#851=ORIENTED_EDGE('',*,*,#659,.T.);
#852=ORIENTED_EDGE('',*,*,#660,.F.);
#853=ORIENTED_EDGE('',*,*,#661,.F.);
#854=ORIENTED_EDGE('',*,*,#662,.T.);
#855=ORIENTED_EDGE('',*,*,#663,.T.);
#856=ORIENTED_EDGE('',*,*,#628,.F.);
#857=ORIENTED_EDGE('',*,*,#664,.F.);
#858=ORIENTED_EDGE('',*,*,#660,.T.);
#859=ORIENTED_EDGE('',*,*,#665,.T.);
#860=ORIENTED_EDGE('',*,*,#662,.F.);
#861=ORIENTED_EDGE('',*,*,#664,.T.);
#862=ORIENTED_EDGE('',*,*,#661,.T.);
#863=ORIENTED_EDGE('',*,*,#631,.F.);
#864=ORIENTED_EDGE('',*,*,#658,.F.);
#865=ORIENTED_EDGE('',*,*,#665,.F.);
#866=ORIENTED_EDGE('',*,*,#659,.F.);
#867=ORIENTED_EDGE('',*,*,#629,.F.);
#868=ORIENTED_EDGE('',*,*,#663,.F.);
#869=ORIENTED_EDGE('',*,*,#666,.T.);
#870=ORIENTED_EDGE('',*,*,#667,.T.);
#871=ORIENTED_EDGE('',*,*,#668,.T.);
#872=ORIENTED_EDGE('',*,*,#652,.F.);
#873=ORIENTED_EDGE('',*,*,#669,.T.);
#874=ORIENTED_EDGE('',*,*,#670,.T.);
#875=ORIENTED_EDGE('',*,*,#671,.T.);
#876=ORIENTED_EDGE('',*,*,#667,.F.);
#877=ORIENTED_EDGE('',*,*,#672,.F.);
#878=ORIENTED_EDGE('',*,*,#650,.F.);
#879=ORIENTED_EDGE('',*,*,#673,.T.);
#880=ORIENTED_EDGE('',*,*,#670,.F.);
#881=ORIENTED_EDGE('',*,*,#651,.F.);
#882=ORIENTED_EDGE('',*,*,#672,.T.);
#883=ORIENTED_EDGE('',*,*,#669,.F.);
#884=ORIENTED_EDGE('',*,*,#666,.F.);
#885=ORIENTED_EDGE('',*,*,#653,.F.);
#886=ORIENTED_EDGE('',*,*,#668,.F.);
#887=ORIENTED_EDGE('',*,*,#671,.F.);
#888=ORIENTED_EDGE('',*,*,#673,.F.);
#889=ORIENTED_EDGE('',*,*,#674,.T.);
#890=ORIENTED_EDGE('',*,*,#626,.F.);
#891=ORIENTED_EDGE('',*,*,#675,.T.);
#892=ORIENTED_EDGE('',*,*,#676,.F.);
#893=ORIENTED_EDGE('',*,*,#677,.F.);
#894=ORIENTED_EDGE('',*,*,#678,.T.);
#895=ORIENTED_EDGE('',*,*,#679,.T.);
#896=ORIENTED_EDGE('',*,*,#624,.F.);
#897=ORIENTED_EDGE('',*,*,#680,.F.);
#898=ORIENTED_EDGE('',*,*,#676,.T.);
#899=ORIENTED_EDGE('',*,*,#681,.T.);
#900=ORIENTED_EDGE('',*,*,#678,.F.);
#901=ORIENTED_EDGE('',*,*,#680,.T.);
#902=ORIENTED_EDGE('',*,*,#677,.T.);
#903=ORIENTED_EDGE('',*,*,#627,.F.);
#904=ORIENTED_EDGE('',*,*,#674,.F.);
#905=ORIENTED_EDGE('',*,*,#681,.F.);
#906=ORIENTED_EDGE('',*,*,#675,.F.);
#907=ORIENTED_EDGE('',*,*,#625,.F.);
#908=ORIENTED_EDGE('',*,*,#679,.F.);
#909=ORIENTED_EDGE('',*,*,#682,.T.);
#910=ORIENTED_EDGE('',*,*,#683,.T.);
#911=ORIENTED_EDGE('',*,*,#684,.T.);
#912=ORIENTED_EDGE('',*,*,#648,.F.);
#913=ORIENTED_EDGE('',*,*,#685,.T.);
#914=ORIENTED_EDGE('',*,*,#686,.T.);
#915=ORIENTED_EDGE('',*,*,#687,.T.);
#916=ORIENTED_EDGE('',*,*,#683,.F.);
#917=ORIENTED_EDGE('',*,*,#688,.F.);
#918=ORIENTED_EDGE('',*,*,#646,.F.);
#919=ORIENTED_EDGE('',*,*,#689,.T.);
#920=ORIENTED_EDGE('',*,*,#686,.F.);
#921=ORIENTED_EDGE('',*,*,#647,.F.);
#922=ORIENTED_EDGE('',*,*,#688,.T.);
#923=ORIENTED_EDGE('',*,*,#685,.F.);
#924=ORIENTED_EDGE('',*,*,#682,.F.);
#925=ORIENTED_EDGE('',*,*,#649,.F.);
#926=ORIENTED_EDGE('',*,*,#684,.F.);
#927=ORIENTED_EDGE('',*,*,#687,.F.);
#928=ORIENTED_EDGE('',*,*,#689,.F.);
#929=ORIENTED_EDGE('',*,*,#690,.T.);
#930=ORIENTED_EDGE('',*,*,#622,.F.);
#931=ORIENTED_EDGE('',*,*,#691,.T.);
#932=ORIENTED_EDGE('',*,*,#692,.F.);
#933=ORIENTED_EDGE('',*,*,#693,.F.);
#934=ORIENTED_EDGE('',*,*,#694,.T.);
#935=ORIENTED_EDGE('',*,*,#695,.T.);
#936=ORIENTED_EDGE('',*,*,#620,.F.);
#937=ORIENTED_EDGE('',*,*,#696,.F.);
#938=ORIENTED_EDGE('',*,*,#692,.T.);
#939=ORIENTED_EDGE('',*,*,#697,.T.);
#940=ORIENTED_EDGE('',*,*,#694,.F.);
#941=ORIENTED_EDGE('',*,*,#696,.T.);
#942=ORIENTED_EDGE('',*,*,#693,.T.);
#943=ORIENTED_EDGE('',*,*,#623,.F.);
#944=ORIENTED_EDGE('',*,*,#690,.F.);
#945=ORIENTED_EDGE('',*,*,#697,.F.);
#946=ORIENTED_EDGE('',*,*,#691,.F.);
#947=ORIENTED_EDGE('',*,*,#621,.F.);
#948=ORIENTED_EDGE('',*,*,#695,.F.);
#949=ORIENTED_EDGE('',*,*,#698,.T.);
#950=ORIENTED_EDGE('',*,*,#699,.T.);
#951=ORIENTED_EDGE('',*,*,#700,.T.);
#952=ORIENTED_EDGE('',*,*,#644,.F.);
#953=ORIENTED_EDGE('',*,*,#701,.T.);
#954=ORIENTED_EDGE('',*,*,#702,.T.);
#955=ORIENTED_EDGE('',*,*,#703,.T.);
#956=ORIENTED_EDGE('',*,*,#699,.F.);
#957=ORIENTED_EDGE('',*,*,#704,.F.);
#958=ORIENTED_EDGE('',*,*,#642,.F.);
#959=ORIENTED_EDGE('',*,*,#705,.T.);
#960=ORIENTED_EDGE('',*,*,#702,.F.);
#961=ORIENTED_EDGE('',*,*,#643,.F.);
#962=ORIENTED_EDGE('',*,*,#704,.T.);
#963=ORIENTED_EDGE('',*,*,#701,.F.);
#964=ORIENTED_EDGE('',*,*,#698,.F.);
#965=ORIENTED_EDGE('',*,*,#645,.F.);
#966=ORIENTED_EDGE('',*,*,#700,.F.);
#967=ORIENTED_EDGE('',*,*,#703,.F.);
#968=ORIENTED_EDGE('',*,*,#705,.F.);
#969=ORIENTED_EDGE('',*,*,#706,.T.);
#970=ORIENTED_EDGE('',*,*,#618,.F.);
#971=ORIENTED_EDGE('',*,*,#707,.T.);
#972=ORIENTED_EDGE('',*,*,#708,.F.);
#973=ORIENTED_EDGE('',*,*,#709,.F.);
#974=ORIENTED_EDGE('',*,*,#710,.T.);
#975=ORIENTED_EDGE('',*,*,#711,.T.);
#976=ORIENTED_EDGE('',*,*,#616,.F.);
#977=ORIENTED_EDGE('',*,*,#712,.F.);
#978=ORIENTED_EDGE('',*,*,#708,.T.);
#979=ORIENTED_EDGE('',*,*,#713,.T.);
#980=ORIENTED_EDGE('',*,*,#710,.F.);
#981=ORIENTED_EDGE('',*,*,#712,.T.);
#982=ORIENTED_EDGE('',*,*,#709,.T.);
#983=ORIENTED_EDGE('',*,*,#619,.F.);
#984=ORIENTED_EDGE('',*,*,#706,.F.);
#985=ORIENTED_EDGE('',*,*,#713,.F.);
#986=ORIENTED_EDGE('',*,*,#707,.F.);
#987=ORIENTED_EDGE('',*,*,#617,.F.);
#988=ORIENTED_EDGE('',*,*,#711,.F.);
#989=ORIENTED_EDGE('',*,*,#714,.T.);
#990=ORIENTED_EDGE('',*,*,#715,.T.);
#991=ORIENTED_EDGE('',*,*,#716,.T.);
#992=ORIENTED_EDGE('',*,*,#640,.F.);
#993=ORIENTED_EDGE('',*,*,#717,.T.);
#994=ORIENTED_EDGE('',*,*,#718,.T.);
#995=ORIENTED_EDGE('',*,*,#719,.T.);
#996=ORIENTED_EDGE('',*,*,#715,.F.);
#997=ORIENTED_EDGE('',*,*,#720,.F.);
#998=ORIENTED_EDGE('',*,*,#638,.F.);
#999=ORIENTED_EDGE('',*,*,#721,.T.);
#1000=ORIENTED_EDGE('',*,*,#718,.F.);
#1001=ORIENTED_EDGE('',*,*,#639,.F.);
#1002=ORIENTED_EDGE('',*,*,#720,.T.);
#1003=ORIENTED_EDGE('',*,*,#717,.F.);
#1004=ORIENTED_EDGE('',*,*,#714,.F.);
#1005=ORIENTED_EDGE('',*,*,#641,.F.);
#1006=ORIENTED_EDGE('',*,*,#716,.F.);
#1007=ORIENTED_EDGE('',*,*,#719,.F.);
#1008=ORIENTED_EDGE('',*,*,#721,.F.);
#1009=ORIENTED_EDGE('',*,*,#722,.F.);
#1010=ORIENTED_EDGE('',*,*,#723,.T.);
#1011=ORIENTED_EDGE('',*,*,#724,.T.);
#1012=ORIENTED_EDGE('',*,*,#634,.F.);
#1013=ORIENTED_EDGE('',*,*,#725,.F.);
#1014=ORIENTED_EDGE('',*,*,#726,.T.);
#1015=ORIENTED_EDGE('',*,*,#727,.T.);
#1016=ORIENTED_EDGE('',*,*,#723,.F.);
#1017=ORIENTED_EDGE('',*,*,#728,.F.);
#1018=ORIENTED_EDGE('',*,*,#636,.F.);
#1019=ORIENTED_EDGE('',*,*,#729,.T.);
#1020=ORIENTED_EDGE('',*,*,#726,.F.);
#1021=ORIENTED_EDGE('',*,*,#635,.F.);
#1022=ORIENTED_EDGE('',*,*,#724,.F.);
#1023=ORIENTED_EDGE('',*,*,#727,.F.);
#1024=ORIENTED_EDGE('',*,*,#729,.F.);
#1025=ORIENTED_EDGE('',*,*,#730,.F.);
#1026=ORIENTED_EDGE('',*,*,#614,.F.);
#1027=ORIENTED_EDGE('',*,*,#731,.T.);
#1028=ORIENTED_EDGE('',*,*,#732,.F.);
#1029=ORIENTED_EDGE('',*,*,#733,.F.);
#1030=ORIENTED_EDGE('',*,*,#734,.T.);
#1031=ORIENTED_EDGE('',*,*,#735,.T.);
#1032=ORIENTED_EDGE('',*,*,#612,.F.);
#1033=ORIENTED_EDGE('',*,*,#736,.F.);
#1034=ORIENTED_EDGE('',*,*,#732,.T.);
#1035=ORIENTED_EDGE('',*,*,#737,.T.);
#1036=ORIENTED_EDGE('',*,*,#734,.F.);
#1037=ORIENTED_EDGE('',*,*,#737,.F.);
#1038=ORIENTED_EDGE('',*,*,#731,.F.);
#1039=ORIENTED_EDGE('',*,*,#613,.F.);
#1040=ORIENTED_EDGE('',*,*,#735,.F.);
#1041=ORIENTED_EDGE('',*,*,#728,.T.);
#1042=ORIENTED_EDGE('',*,*,#725,.T.);
#1043=ORIENTED_EDGE('',*,*,#722,.T.);
#1044=ORIENTED_EDGE('',*,*,#633,.F.);
#1045=ORIENTED_EDGE('',*,*,#655,.F.);
#1046=ORIENTED_EDGE('',*,*,#657,.F.);
#1047=ORIENTED_EDGE('',*,*,#738,.T.);
#1048=ORIENTED_EDGE('',*,*,#739,.F.);
#1049=ORIENTED_EDGE('',*,*,#740,.T.);
#1050=ORIENTED_EDGE('',*,*,#741,.T.);
#1051=ORIENTED_EDGE('',*,*,#742,.T.);
#1052=ORIENTED_EDGE('',*,*,#743,.T.);
#1053=ORIENTED_EDGE('',*,*,#744,.F.);
#1054=ORIENTED_EDGE('',*,*,#745,.T.);
#1055=ORIENTED_EDGE('',*,*,#746,.T.);
#1056=ORIENTED_EDGE('',*,*,#600,.T.);
#1057=ORIENTED_EDGE('',*,*,#603,.F.);
#1058=ORIENTED_EDGE('',*,*,#605,.T.);
#1059=ORIENTED_EDGE('',*,*,#607,.F.);
#1060=ORIENTED_EDGE('',*,*,#609,.F.);
#1061=ORIENTED_EDGE('',*,*,#615,.F.);
#1062=ORIENTED_EDGE('',*,*,#730,.T.);
#1063=ORIENTED_EDGE('',*,*,#736,.T.);
#1064=ORIENTED_EDGE('',*,*,#733,.T.);
#1065=ORIENTED_EDGE('',*,*,#611,.F.);
#1066=ORIENTED_EDGE('',*,*,#637,.F.);
#1067=ORIENTED_EDGE('',*,*,#596,.T.);
#1068=ORIENTED_EDGE('',*,*,#747,.F.);
#1069=ORIENTED_EDGE('',*,*,#741,.F.);
#1070=ORIENTED_EDGE('',*,*,#748,.T.);
#1071=ORIENTED_EDGE('',*,*,#592,.T.);
#1072=ORIENTED_EDGE('',*,*,#749,.F.);
#1073=ORIENTED_EDGE('',*,*,#745,.F.);
#1074=ORIENTED_EDGE('',*,*,#750,.F.);
#1075=ORIENTED_EDGE('',*,*,#597,.T.);
#1076=ORIENTED_EDGE('',*,*,#748,.F.);
#1077=ORIENTED_EDGE('',*,*,#740,.F.);
#1078=ORIENTED_EDGE('',*,*,#751,.F.);
#1079=ORIENTED_EDGE('',*,*,#595,.T.);
#1080=ORIENTED_EDGE('',*,*,#752,.F.);
#1081=ORIENTED_EDGE('',*,*,#742,.F.);
#1082=ORIENTED_EDGE('',*,*,#747,.T.);
#1083=ORIENTED_EDGE('',*,*,#591,.T.);
#1084=ORIENTED_EDGE('',*,*,#601,.F.);
#1085=ORIENTED_EDGE('',*,*,#746,.F.);
#1086=ORIENTED_EDGE('',*,*,#749,.T.);
#1087=ORIENTED_EDGE('',*,*,#594,.T.);
#1088=ORIENTED_EDGE('',*,*,#753,.F.);
#1089=ORIENTED_EDGE('',*,*,#743,.F.);
#1090=ORIENTED_EDGE('',*,*,#752,.T.);
#1091=ORIENTED_EDGE('',*,*,#581,.T.);
#1092=ORIENTED_EDGE('',*,*,#754,.F.);
#1093=ORIENTED_EDGE('',*,*,#738,.F.);
#1094=ORIENTED_EDGE('',*,*,#656,.F.);
#1095=ORIENTED_EDGE('',*,*,#593,.T.);
#1096=ORIENTED_EDGE('',*,*,#750,.T.);
#1097=ORIENTED_EDGE('',*,*,#744,.T.);
#1098=ORIENTED_EDGE('',*,*,#753,.T.);
#1099=ORIENTED_EDGE('',*,*,#598,.T.);
#1100=ORIENTED_EDGE('',*,*,#751,.T.);
#1101=ORIENTED_EDGE('',*,*,#739,.T.);
#1102=ORIENTED_EDGE('',*,*,#754,.T.);
#1103=PLANE('',#1245);
#1104=PLANE('',#1252);
#1105=PLANE('',#1255);
#1106=PLANE('',#1258);
#1107=PLANE('',#1259);
#1108=PLANE('',#1262);
#1109=PLANE('',#1263);
#1110=PLANE('',#1264);
#1111=PLANE('',#1265);
#1112=PLANE('',#1266);
#1113=PLANE('',#1267);
#1114=PLANE('',#1268);
#1115=PLANE('',#1269);
#1116=PLANE('',#1270);
#1117=PLANE('',#1271);
#1118=PLANE('',#1272);
#1119=PLANE('',#1273);
#1120=PLANE('',#1274);
#1121=PLANE('',#1275);
#1122=PLANE('',#1276);
#1123=PLANE('',#1277);
#1124=PLANE('',#1278);
#1125=PLANE('',#1279);
#1126=PLANE('',#1280);
#1127=PLANE('',#1281);
#1128=PLANE('',#1282);
#1129=PLANE('',#1283);
#1130=PLANE('',#1284);
#1131=PLANE('',#1285);
#1132=PLANE('',#1286);
#1133=PLANE('',#1287);
#1134=PLANE('',#1288);
#1135=PLANE('',#1289);
#1136=PLANE('',#1290);
#1137=PLANE('',#1291);
#1138=PLANE('',#1292);
#1139=PLANE('',#1293);
#1140=PLANE('',#1294);
#1141=PLANE('',#1295);
#1142=PLANE('',#1296);
#1143=PLANE('',#1297);
#1144=PLANE('',#1298);
#1145=PLANE('',#1299);
#1146=PLANE('',#1300);
#1147=PLANE('',#1301);
#1148=PLANE('',#1302);
#1149=PLANE('',#1303);
#1150=PLANE('',#1304);
#1151=PLANE('',#1305);
#1152=PLANE('',#1306);
#1153=PLANE('',#1307);
#1154=PLANE('',#1308);
#1155=PLANE('',#1309);
#1156=PLANE('',#1310);
#1157=PLANE('',#1315);
#1158=PLANE('',#1316);
#1159=PLANE('',#1317);
#1160=PLANE('',#1318);
#1161=PLANE('',#1319);
#1162=PLANE('',#1320);
#1163=ADVANCED_FACE('',(#31),#1103,.F.);
#1164=ADVANCED_FACE('',(#32),#1104,.F.);
#1165=ADVANCED_FACE('',(#33),#25,.F.);
#1166=ADVANCED_FACE('',(#34),#1105,.F.);
#1167=ADVANCED_FACE('',(#35),#26,.T.);
#1168=ADVANCED_FACE('',(#36),#1106,.F.);
#1169=ADVANCED_FACE('',(#37,#15,#16,#17,#18),#23,.T.);
#1170=ADVANCED_FACE('',(#38,#19,#20,#21,#22),#24,.T.);
#1171=ADVANCED_FACE('',(#39),#1107,.F.);
#1172=ADVANCED_FACE('',(#40),#27,.T.);
#1173=ADVANCED_FACE('',(#41),#1108,.F.);
#1174=ADVANCED_FACE('',(#42),#1109,.F.);
#1175=ADVANCED_FACE('',(#43),#1110,.F.);
#1176=ADVANCED_FACE('',(#44),#1111,.F.);
#1177=ADVANCED_FACE('',(#45),#1112,.T.);
#1178=ADVANCED_FACE('',(#46),#1113,.F.);
#1179=ADVANCED_FACE('',(#47),#1114,.F.);
#1180=ADVANCED_FACE('',(#48),#1115,.F.);
#1181=ADVANCED_FACE('',(#49),#1116,.F.);
#1182=ADVANCED_FACE('',(#50),#1117,.T.);
#1183=ADVANCED_FACE('',(#51),#1118,.F.);
#1184=ADVANCED_FACE('',(#52),#1119,.F.);
#1185=ADVANCED_FACE('',(#53),#1120,.F.);
#1186=ADVANCED_FACE('',(#54),#1121,.F.);
#1187=ADVANCED_FACE('',(#55),#1122,.T.);
#1188=ADVANCED_FACE('',(#56),#1123,.F.);
#1189=ADVANCED_FACE('',(#57),#1124,.F.);
#1190=ADVANCED_FACE('',(#58),#1125,.F.);
#1191=ADVANCED_FACE('',(#59),#1126,.F.);
#1192=ADVANCED_FACE('',(#60),#1127,.T.);
#1193=ADVANCED_FACE('',(#61),#1128,.F.);
#1194=ADVANCED_FACE('',(#62),#1129,.F.);
#1195=ADVANCED_FACE('',(#63),#1130,.F.);
#1196=ADVANCED_FACE('',(#64),#1131,.F.);
#1197=ADVANCED_FACE('',(#65),#1132,.T.);
#1198=ADVANCED_FACE('',(#66),#1133,.F.);
#1199=ADVANCED_FACE('',(#67),#1134,.F.);
#1200=ADVANCED_FACE('',(#68),#1135,.F.);
#1201=ADVANCED_FACE('',(#69),#1136,.F.);
#1202=ADVANCED_FACE('',(#70),#1137,.T.);
#1203=ADVANCED_FACE('',(#71),#1138,.F.);
#1204=ADVANCED_FACE('',(#72),#1139,.F.);
#1205=ADVANCED_FACE('',(#73),#1140,.F.);
#1206=ADVANCED_FACE('',(#74),#1141,.F.);
#1207=ADVANCED_FACE('',(#75),#1142,.T.);
#1208=ADVANCED_FACE('',(#76),#1143,.F.);
#1209=ADVANCED_FACE('',(#77),#1144,.F.);
#1210=ADVANCED_FACE('',(#78),#1145,.F.);
#1211=ADVANCED_FACE('',(#79),#1146,.F.);
#1212=ADVANCED_FACE('',(#80),#1147,.T.);
#1213=ADVANCED_FACE('',(#81),#1148,.F.);
#1214=ADVANCED_FACE('',(#82),#1149,.F.);
#1215=ADVANCED_FACE('',(#83),#1150,.F.);
#1216=ADVANCED_FACE('',(#84),#1151,.T.);
#1217=ADVANCED_FACE('',(#85),#1152,.F.);
#1218=ADVANCED_FACE('',(#86),#1153,.F.);
#1219=ADVANCED_FACE('',(#87),#1154,.F.);
#1220=ADVANCED_FACE('',(#88),#1155,.T.);
#1221=ADVANCED_FACE('',(#89),#1156,.T.);
#1222=ADVANCED_FACE('',(#90),#28,.F.);
#1223=ADVANCED_FACE('',(#91),#1157,.F.);
#1224=ADVANCED_FACE('',(#92),#1158,.F.);
#1225=ADVANCED_FACE('',(#93),#1159,.F.);
#1226=ADVANCED_FACE('',(#94),#1160,.F.);
#1227=ADVANCED_FACE('',(#95),#1161,.F.);
#1228=ADVANCED_FACE('',(#96),#1162,.F.);
#1229=ADVANCED_FACE('',(#97),#29,.F.);
#1230=ADVANCED_FACE('',(#98),#30,.F.);
#1231=CLOSED_SHELL('',(#1163,#1164,#1165,#1166,#1167,#1168,#1169,#1170,
#1171,#1172,#1173,#1174,#1175,#1176,#1177,#1178,#1179,#1180,#1181,#1182,
#1183,#1184,#1185,#1186,#1187,#1188,#1189,#1190,#1191,#1192,#1193,#1194,
#1195,#1196,#1197,#1198,#1199,#1200,#1201,#1202,#1203,#1204,#1205,#1206,
#1207,#1208,#1209,#1210,#1211,#1212,#1213,#1214,#1215,#1216,#1217,#1218,
#1219,#1220,#1221,#1222,#1223,#1224,#1225,#1226,#1227,#1228,#1229,#1230));
#1232=DERIVED_UNIT_ELEMENT(#1234,1.);
#1233=DERIVED_UNIT_ELEMENT(#3516,-3.);
#1234=(
MASS_UNIT()
NAMED_UNIT(*)
SI_UNIT(.KILO.,.GRAM.)
);
#1235=DERIVED_UNIT((#1232,#1233));
#1236=MEASURE_REPRESENTATION_ITEM('density measure',
POSITIVE_RATIO_MEASURE(7850.),#1235);
#1237=PROPERTY_DEFINITION_REPRESENTATION(#1242,#1239);
#1238=PROPERTY_DEFINITION_REPRESENTATION(#1243,#1240);
#1239=REPRESENTATION('material name',(#1241),#3513);
#1240=REPRESENTATION('density',(#1236),#3513);
#1241=DESCRIPTIVE_REPRESENTATION_ITEM('Steel','Steel');
#1242=PROPERTY_DEFINITION('material property','material name',#3523);
#1243=PROPERTY_DEFINITION('material property','density of part',#3523);
#1244=AXIS2_PLACEMENT_3D('',#1597,#1323,#1324);
#1245=AXIS2_PLACEMENT_3D('',#1598,#1325,#1326);
#1246=AXIS2_PLACEMENT_3D('',#1603,#1328,#1329);
#1247=AXIS2_PLACEMENT_3D('',#2006,#1332,#1333);
#1248=AXIS2_PLACEMENT_3D('',#2010,#1335,#1336);
#1249=AXIS2_PLACEMENT_3D('',#2018,#1340,#1341);
#1250=AXIS2_PLACEMENT_3D('',#2024,#1344,#1345);
#1251=AXIS2_PLACEMENT_3D('',#2027,#1347,#1348);
#1252=AXIS2_PLACEMENT_3D('',#2028,#1349,#1350);
#1253=AXIS2_PLACEMENT_3D('',#2034,#1354,#1355);
#1254=AXIS2_PLACEMENT_3D('',#2037,#1357,#1358);
#1255=AXIS2_PLACEMENT_3D('',#2038,#1359,#1360);
#1256=AXIS2_PLACEMENT_3D('',#2042,#1363,#1364);
#1257=AXIS2_PLACEMENT_3D('',#2045,#1366,#1367);
#1258=AXIS2_PLACEMENT_3D('',#2046,#1368,#1369);
#1259=AXIS2_PLACEMENT_3D('',#3300,#1372,#1373);
#1260=AXIS2_PLACEMENT_3D('',#3304,#1376,#1377);
#1261=AXIS2_PLACEMENT_3D('',#3307,#1379,#1380);
#1262=AXIS2_PLACEMENT_3D('',#3308,#1381,#1382);
#1263=AXIS2_PLACEMENT_3D('',#3314,#1386,#1387);
#1264=AXIS2_PLACEMENT_3D('',#3320,#1391,#1392);
#1265=AXIS2_PLACEMENT_3D('',#3323,#1395,#1396);
#1266=AXIS2_PLACEMENT_3D('',#3324,#1397,#1398);
#1267=AXIS2_PLACEMENT_3D('',#3325,#1399,#1400);
#1268=AXIS2_PLACEMENT_3D('',#3331,#1404,#1405);
#1269=AXIS2_PLACEMENT_3D('',#3337,#1409,#1410);
#1270=AXIS2_PLACEMENT_3D('',#3340,#1413,#1414);
#1271=AXIS2_PLACEMENT_3D('',#3341,#1415,#1416);
#1272=AXIS2_PLACEMENT_3D('',#3342,#1417,#1418);
#1273=AXIS2_PLACEMENT_3D('',#3348,#1422,#1423);
#1274=AXIS2_PLACEMENT_3D('',#3354,#1427,#1428);
#1275=AXIS2_PLACEMENT_3D('',#3357,#1431,#1432);
#1276=AXIS2_PLACEMENT_3D('',#3358,#1433,#1434);
#1277=AXIS2_PLACEMENT_3D('',#3359,#1435,#1436);
#1278=AXIS2_PLACEMENT_3D('',#3365,#1440,#1441);
#1279=AXIS2_PLACEMENT_3D('',#3371,#1445,#1446);
#1280=AXIS2_PLACEMENT_3D('',#3374,#1449,#1450);
#1281=AXIS2_PLACEMENT_3D('',#3375,#1451,#1452);
#1282=AXIS2_PLACEMENT_3D('',#3376,#1453,#1454);
#1283=AXIS2_PLACEMENT_3D('',#3382,#1458,#1459);
#1284=AXIS2_PLACEMENT_3D('',#3388,#1463,#1464);
#1285=AXIS2_PLACEMENT_3D('',#3391,#1467,#1468);
#1286=AXIS2_PLACEMENT_3D('',#3392,#1469,#1470);
#1287=AXIS2_PLACEMENT_3D('',#3393,#1471,#1472);
#1288=AXIS2_PLACEMENT_3D('',#3399,#1476,#1477);
#1289=AXIS2_PLACEMENT_3D('',#3405,#1481,#1482);
#1290=AXIS2_PLACEMENT_3D('',#3408,#1485,#1486);
#1291=AXIS2_PLACEMENT_3D('',#3409,#1487,#1488);
#1292=AXIS2_PLACEMENT_3D('',#3410,#1489,#1490);
#1293=AXIS2_PLACEMENT_3D('',#3416,#1494,#1495);
#1294=AXIS2_PLACEMENT_3D('',#3422,#1499,#1500);
#1295=AXIS2_PLACEMENT_3D('',#3425,#1503,#1504);
#1296=AXIS2_PLACEMENT_3D('',#3426,#1505,#1506);
#1297=AXIS2_PLACEMENT_3D('',#3427,#1507,#1508);
#1298=AXIS2_PLACEMENT_3D('',#3433,#1512,#1513);
#1299=AXIS2_PLACEMENT_3D('',#3439,#1517,#1518);
#1300=AXIS2_PLACEMENT_3D('',#3442,#1521,#1522);
#1301=AXIS2_PLACEMENT_3D('',#3443,#1523,#1524);
#1302=AXIS2_PLACEMENT_3D('',#3444,#1525,#1526);
#1303=AXIS2_PLACEMENT_3D('',#3450,#1530,#1531);
#1304=AXIS2_PLACEMENT_3D('',#3456,#1535,#1536);
#1305=AXIS2_PLACEMENT_3D('',#3459,#1539,#1540);
#1306=AXIS2_PLACEMENT_3D('',#3460,#1541,#1542);
#1307=AXIS2_PLACEMENT_3D('',#3466,#1546,#1547);
#1308=AXIS2_PLACEMENT_3D('',#3472,#1551,#1552);
#1309=AXIS2_PLACEMENT_3D('',#3475,#1555,#1556);
#1310=AXIS2_PLACEMENT_3D('',#3476,#1557,#1558);
#1311=AXIS2_PLACEMENT_3D('',#3480,#1560,#1561);
#1312=AXIS2_PLACEMENT_3D('',#3484,#1563,#1564);
#1313=AXIS2_PLACEMENT_3D('',#3490,#1567,#1568);
#1314=AXIS2_PLACEMENT_3D('',#3494,#1571,#1572);
#1315=AXIS2_PLACEMENT_3D('',#3497,#1575,#1576);
#1316=AXIS2_PLACEMENT_3D('',#3500,#1579,#1580);
#1317=AXIS2_PLACEMENT_3D('',#3502,#1582,#1583);
#1318=AXIS2_PLACEMENT_3D('',#3504,#1585,#1586);
#1319=AXIS2_PLACEMENT_3D('',#3505,#1587,#1588);
#1320=AXIS2_PLACEMENT_3D('',#3507,#1590,#1591);
#1321=AXIS2_PLACEMENT_3D('',#3509,#1593,#1594);
#1322=AXIS2_PLACEMENT_3D('',#3510,#1595,#1596);
#1323=DIRECTION('axis',(0.,0.,1.));
#1324=DIRECTION('refdir',(1.,0.,0.));
#1325=DIRECTION('center_axis',(1.,0.,0.));
#1326=DIRECTION('ref_axis',(0.,0.,-1.));
#1327=DIRECTION('',(0.,1.,0.));
#1328=DIRECTION('center_axis',(1.,0.,0.));
#1329=DIRECTION('ref_axis',(0.,1.,0.));
#1330=DIRECTION('',(0.,-1.,0.));
#1331=DIRECTION('',(0.,0.997557394933391,-0.0698515841889531));
#1332=DIRECTION('center_axis',(1.,0.,0.));
#1333=DIRECTION('ref_axis',(0.,1.,0.));
#1334=DIRECTION('',(0.,-1.,0.));
#1335=DIRECTION('center_axis',(-1.,0.,0.));
#1336=DIRECTION('ref_axis',(0.,1.,0.));
#1337=DIRECTION('',(0.,1.1842378929335E-14,1.));
#1338=DIRECTION('',(0.,-0.997557394933391,0.0698515841889548));
#1339=DIRECTION('',(0.,-1.1842378929335E-14,-1.));
#1340=DIRECTION('center_axis',(-1.,0.,0.));
#1341=DIRECTION('ref_axis',(0.,1.,0.));
#1342=DIRECTION('',(0.,-1.1842378929335E-14,-1.));
#1343=DIRECTION('',(0.,1.,0.));
#1344=DIRECTION('center_axis',(-1.,0.,0.));
#1345=DIRECTION('ref_axis',(0.,1.4210854715202E-14,1.));
#1346=DIRECTION('',(0.,1.1842378929335E-14,1.));
#1347=DIRECTION('center_axis',(-1.,0.,0.));
#1348=DIRECTION('ref_axis',(0.,1.,0.));
#1349=DIRECTION('center_axis',(0.,-1.,1.1842378929335E-14));
#1350=DIRECTION('ref_axis',(0.,1.1842378929335E-14,1.));
#1351=DIRECTION('',(-1.,0.,0.));
#1352=DIRECTION('',(0.,1.1842378929335E-14,1.));
#1353=DIRECTION('',(-1.,0.,0.));
#1354=DIRECTION('center_axis',(-1.,0.,0.));
#1355=DIRECTION('ref_axis',(0.,1.,0.));
#1356=DIRECTION('',(1.,0.,0.));
#1357=DIRECTION('center_axis',(1.,0.,0.));
#1358=DIRECTION('ref_axis',(0.,1.,0.));
#1359=DIRECTION('center_axis',(0.,0.,-1.));
#1360=DIRECTION('ref_axis',(0.,-1.,0.));
#1361=DIRECTION('',(-1.,0.,0.));
#1362=DIRECTION('',(0.,-1.,0.));
#1363=DIRECTION('center_axis',(-1.,0.,0.));
#1364=DIRECTION('ref_axis',(0.,1.,0.));
#1365=DIRECTION('',(-1.,0.,0.));
#1366=DIRECTION('center_axis',(-1.,0.,0.));
#1367=DIRECTION('ref_axis',(0.,1.,0.));
#1368=DIRECTION('center_axis',(0.,0.0698515841889531,0.997557394933391));
#1369=DIRECTION('ref_axis',(0.,0.997557394933391,-0.0698515841889531));
#1370=DIRECTION('',(0.,-0.997557394933391,0.0698515841889531));
#1371=DIRECTION('',(-1.,0.,0.));
#1372=DIRECTION('center_axis',(0.,0.,-1.));
#1373=DIRECTION('ref_axis',(0.,-1.,0.));
#1374=DIRECTION('',(-1.,0.,0.));
#1375=DIRECTION('',(0.,1.,0.));
#1376=DIRECTION('center_axis',(-1.,0.,0.));
#1377=DIRECTION('ref_axis',(0.,1.,0.));
#1378=DIRECTION('',(1.,0.,0.));
#1379=DIRECTION('center_axis',(-1.,0.,0.));
#1380=DIRECTION('ref_axis',(0.,1.,0.));
#1381=DIRECTION('center_axis',(0.,-0.993977006888755,0.109588821402882));
#1382=DIRECTION('ref_axis',(0.,0.109588821402882,0.993977006888755));
#1383=DIRECTION('',(0.,-0.109588821402882,-0.993977006888755));
#1384=DIRECTION('',(0.,0.109588821402882,0.993977006888755));
#1385=DIRECTION('',(-1.,0.,0.));
#1386=DIRECTION('center_axis',(0.,0.993977006888752,-0.109588821402907));
#1387=DIRECTION('ref_axis',(0.,-0.109588821402907,-0.993977006888752));
#1388=DIRECTION('',(0.,-0.109588821402907,-0.993977006888752));
#1389=DIRECTION('',(-1.,0.,0.));
#1390=DIRECTION('',(0.,-0.109588821402907,-0.993977006888752));
#1391=DIRECTION('center_axis',(0.,0.0935839037470715,0.995611396559651));
#1392=DIRECTION('ref_axis',(0.,0.995611396559651,-0.0935839037470715));
#1393=DIRECTION('',(0.,0.995611396559651,-0.0935839037470715));
#1394=DIRECTION('',(0.,0.995611396559651,-0.0935839037470715));
#1395=DIRECTION('center_axis',(1.,0.,0.));
#1396=DIRECTION('ref_axis',(0.,1.,0.));
#1397=DIRECTION('center_axis',(1.,0.,0.));
#1398=DIRECTION('ref_axis',(0.,1.,0.));
#1399=DIRECTION('center_axis',(0.,-0.993977006888755,0.109588821402882));
#1400=DIRECTION('ref_axis',(0.,0.109588821402882,0.993977006888755));
#1401=DIRECTION('',(0.,-0.109588821402882,-0.993977006888755));
#1402=DIRECTION('',(-1.,0.,0.));
#1403=DIRECTION('',(0.,0.109588821402882,0.993977006888755));
#1404=DIRECTION('center_axis',(0.,-0.0936510305639912,-0.995605084596449));
#1405=DIRECTION('ref_axis',(0.,-0.995605084596449,0.0936510305639912));
#1406=DIRECTION('',(0.,0.995605084596449,-0.0936510305639912));
#1407=DIRECTION('',(-1.,0.,0.));
#1408=DIRECTION('',(0.,-0.995605084596449,0.0936510305639912));
#1409=DIRECTION('center_axis',(0.,0.993977006888752,-0.109588821402907));
#1410=DIRECTION('ref_axis',(0.,-0.109588821402907,-0.993977006888752));
#1411=DIRECTION('',(0.,-0.109588821402907,-0.993977006888752));
#1412=DIRECTION('',(0.,-0.109588821402907,-0.993977006888752));
#1413=DIRECTION('center_axis',(1.,0.,0.));
#1414=DIRECTION('ref_axis',(0.,1.,0.));
#1415=DIRECTION('center_axis',(1.,0.,0.));
#1416=DIRECTION('ref_axis',(0.,1.,0.));
#1417=DIRECTION('center_axis',(0.,-0.993977006888755,0.109588821402882));
#1418=DIRECTION('ref_axis',(0.,0.109588821402882,0.993977006888755));
#1419=DIRECTION('',(0.,-0.109588821402882,-0.993977006888755));
#1420=DIRECTION('',(0.,0.109588821402882,0.993977006888755));
#1421=DIRECTION('',(-1.,0.,0.));
#1422=DIRECTION('center_axis',(0.,0.993977006888752,-0.109588821402907));
#1423=DIRECTION('ref_axis',(0.,-0.109588821402907,-0.993977006888752));
#1424=DIRECTION('',(0.,-0.109588821402907,-0.993977006888752));
#1425=DIRECTION('',(-1.,0.,0.));
#1426=DIRECTION('',(0.,-0.109588821402907,-0.993977006888752));
#1427=DIRECTION('center_axis',(0.,0.0935839037470715,0.995611396559651));
#1428=DIRECTION('ref_axis',(0.,0.995611396559651,-0.0935839037470715));
#1429=DIRECTION('',(0.,0.995611396559651,-0.0935839037470715));
#1430=DIRECTION('',(0.,0.995611396559651,-0.0935839037470715));
#1431=DIRECTION('center_axis',(1.,0.,0.));
#1432=DIRECTION('ref_axis',(0.,1.,0.));
#1433=DIRECTION('center_axis',(1.,0.,0.));
#1434=DIRECTION('ref_axis',(0.,1.,0.));
#1435=DIRECTION('center_axis',(0.,-0.993977006888755,0.109588821402882));
#1436=DIRECTION('ref_axis',(0.,0.109588821402882,0.993977006888755));
#1437=DIRECTION('',(0.,-0.109588821402882,-0.993977006888755));
#1438=DIRECTION('',(-1.,0.,0.));
#1439=DIRECTION('',(0.,0.109588821402882,0.993977006888755));
#1440=DIRECTION('center_axis',(0.,-0.0936510305639912,-0.995605084596449));
#1441=DIRECTION('ref_axis',(0.,-0.995605084596449,0.0936510305639912));
#1442=DIRECTION('',(0.,0.995605084596449,-0.0936510305639912));
#1443=DIRECTION('',(-1.,0.,0.));
#1444=DIRECTION('',(0.,-0.995605084596449,0.0936510305639912));
#1445=DIRECTION('center_axis',(0.,0.993977006888752,-0.109588821402907));
#1446=DIRECTION('ref_axis',(0.,-0.109588821402907,-0.993977006888752));
#1447=DIRECTION('',(0.,-0.109588821402907,-0.993977006888752));
#1448=DIRECTION('',(0.,-0.109588821402907,-0.993977006888752));
#1449=DIRECTION('center_axis',(1.,0.,0.));
#1450=DIRECTION('ref_axis',(0.,1.,0.));
#1451=DIRECTION('center_axis',(1.,0.,0.));
#1452=DIRECTION('ref_axis',(0.,1.,0.));
#1453=DIRECTION('center_axis',(0.,-0.993977006888755,0.109588821402882));
#1454=DIRECTION('ref_axis',(0.,0.109588821402882,0.993977006888755));
#1455=DIRECTION('',(0.,-0.109588821402882,-0.993977006888755));
#1456=DIRECTION('',(0.,0.109588821402882,0.993977006888755));
#1457=DIRECTION('',(-1.,0.,0.));
#1458=DIRECTION('center_axis',(0.,0.993977006888752,-0.109588821402907));
#1459=DIRECTION('ref_axis',(0.,-0.109588821402907,-0.993977006888752));
#1460=DIRECTION('',(0.,-0.109588821402907,-0.993977006888752));
#1461=DIRECTION('',(-1.,0.,0.));
#1462=DIRECTION('',(0.,-0.109588821402907,-0.993977006888752));
#1463=DIRECTION('center_axis',(0.,0.0935839037470715,0.995611396559651));
#1464=DIRECTION('ref_axis',(0.,0.995611396559651,-0.0935839037470715));
#1465=DIRECTION('',(0.,0.995611396559651,-0.0935839037470715));
#1466=DIRECTION('',(0.,0.995611396559651,-0.0935839037470715));
#1467=DIRECTION('center_axis',(1.,0.,0.));
#1468=DIRECTION('ref_axis',(0.,1.,0.));
#1469=DIRECTION('center_axis',(1.,0.,0.));
#1470=DIRECTION('ref_axis',(0.,1.,0.));
#1471=DIRECTION('center_axis',(0.,-0.993977006888755,0.109588821402882));
#1472=DIRECTION('ref_axis',(0.,0.109588821402882,0.993977006888755));
#1473=DIRECTION('',(0.,-0.109588821402882,-0.993977006888755));
#1474=DIRECTION('',(-1.,0.,0.));
#1475=DIRECTION('',(0.,0.109588821402882,0.993977006888755));
#1476=DIRECTION('center_axis',(0.,-0.0936510305639912,-0.995605084596449));
#1477=DIRECTION('ref_axis',(0.,-0.995605084596449,0.0936510305639912));
#1478=DIRECTION('',(0.,0.995605084596449,-0.0936510305639912));
#1479=DIRECTION('',(-1.,0.,0.));
#1480=DIRECTION('',(0.,-0.995605084596449,0.0936510305639912));
#1481=DIRECTION('center_axis',(0.,0.993977006888752,-0.109588821402907));
#1482=DIRECTION('ref_axis',(0.,-0.109588821402907,-0.993977006888752));
#1483=DIRECTION('',(0.,-0.109588821402907,-0.993977006888752));
#1484=DIRECTION('',(0.,-0.109588821402907,-0.993977006888752));
#1485=DIRECTION('center_axis',(1.,0.,0.));
#1486=DIRECTION('ref_axis',(0.,1.,0.));
#1487=DIRECTION('center_axis',(1.,0.,0.));
#1488=DIRECTION('ref_axis',(0.,1.,0.));
#1489=DIRECTION('center_axis',(0.,-0.993977006888755,0.109588821402882));
#1490=DIRECTION('ref_axis',(0.,0.109588821402882,0.993977006888755));
#1491=DIRECTION('',(0.,-0.109588821402882,-0.993977006888755));
#1492=DIRECTION('',(0.,0.109588821402882,0.993977006888755));
#1493=DIRECTION('',(-1.,0.,0.));
#1494=DIRECTION('center_axis',(0.,0.993977006888752,-0.109588821402907));
#1495=DIRECTION('ref_axis',(0.,-0.109588821402907,-0.993977006888752));
#1496=DIRECTION('',(0.,-0.109588821402907,-0.993977006888752));
#1497=DIRECTION('',(-1.,0.,0.));
#1498=DIRECTION('',(0.,-0.109588821402907,-0.993977006888752));
#1499=DIRECTION('center_axis',(0.,0.0935839037470715,0.995611396559651));
#1500=DIRECTION('ref_axis',(0.,0.995611396559651,-0.0935839037470715));
#1501=DIRECTION('',(0.,0.995611396559651,-0.0935839037470715));
#1502=DIRECTION('',(0.,0.995611396559651,-0.0935839037470715));
#1503=DIRECTION('center_axis',(1.,0.,0.));
#1504=DIRECTION('ref_axis',(0.,1.,0.));
#1505=DIRECTION('center_axis',(1.,0.,0.));
#1506=DIRECTION('ref_axis',(0.,1.,0.));
#1507=DIRECTION('center_axis',(0.,-0.993977006888755,0.109588821402882));
#1508=DIRECTION('ref_axis',(0.,0.109588821402882,0.993977006888755));
#1509=DIRECTION('',(0.,-0.109588821402882,-0.993977006888755));
#1510=DIRECTION('',(-1.,0.,0.));
#1511=DIRECTION('',(0.,0.109588821402882,0.993977006888755));
#1512=DIRECTION('center_axis',(0.,-0.0936510305639912,-0.995605084596449));
#1513=DIRECTION('ref_axis',(0.,-0.995605084596449,0.0936510305639912));
#1514=DIRECTION('',(0.,0.995605084596449,-0.0936510305639912));
#1515=DIRECTION('',(-1.,0.,0.));
#1516=DIRECTION('',(0.,-0.995605084596449,0.0936510305639912));
#1517=DIRECTION('center_axis',(0.,0.993977006888752,-0.109588821402907));
#1518=DIRECTION('ref_axis',(0.,-0.109588821402907,-0.993977006888752));
#1519=DIRECTION('',(0.,-0.109588821402907,-0.993977006888752));
#1520=DIRECTION('',(0.,-0.109588821402907,-0.993977006888752));
#1521=DIRECTION('center_axis',(1.,0.,0.));
#1522=DIRECTION('ref_axis',(0.,1.,0.));
#1523=DIRECTION('center_axis',(1.,0.,0.));
#1524=DIRECTION('ref_axis',(0.,1.,0.));
#1525=DIRECTION('center_axis',(0.,-0.993977006888755,0.109588821402882));
#1526=DIRECTION('ref_axis',(0.,0.109588821402882,0.993977006888755));
#1527=DIRECTION('',(0.,0.109588821402882,0.993977006888755));
#1528=DIRECTION('',(-1.,0.,0.));
#1529=DIRECTION('',(0.,0.109588821402882,0.993977006888755));
#1530=DIRECTION('center_axis',(0.,-0.0936510305639912,-0.995605084596449));
#1531=DIRECTION('ref_axis',(0.,-0.995605084596449,0.0936510305639912));
#1532=DIRECTION('',(0.,-0.995605084596449,0.0936510305639912));
#1533=DIRECTION('',(-1.,0.,0.));
#1534=DIRECTION('',(0.,-0.995605084596449,0.0936510305639912));
#1535=DIRECTION('center_axis',(0.,0.993977006888752,-0.109588821402907));
#1536=DIRECTION('ref_axis',(0.,-0.109588821402907,-0.993977006888752));
#1537=DIRECTION('',(0.,-0.109588821402907,-0.993977006888752));
#1538=DIRECTION('',(0.,-0.109588821402907,-0.993977006888752));
#1539=DIRECTION('center_axis',(1.,0.,0.));
#1540=DIRECTION('ref_axis',(0.,1.,0.));
#1541=DIRECTION('center_axis',(0.,-0.993977006888755,0.109588821402882));
#1542=DIRECTION('ref_axis',(0.,0.109588821402882,0.993977006888755));
#1543=DIRECTION('',(0.,0.109588821402882,0.993977006888755));
#1544=DIRECTION('',(0.,0.109588821402882,0.993977006888755));
#1545=DIRECTION('',(-1.,0.,0.));
#1546=DIRECTION('center_axis',(0.,0.993977006888752,-0.109588821402907));
#1547=DIRECTION('ref_axis',(0.,-0.109588821402907,-0.993977006888752));
#1548=DIRECTION('',(0.,-0.109588821402907,-0.993977006888752));
#1549=DIRECTION('',(-1.,0.,0.));
#1550=DIRECTION('',(0.,-0.109588821402907,-0.993977006888752));
#1551=DIRECTION('center_axis',(0.,0.0935839037470715,0.995611396559651));
#1552=DIRECTION('ref_axis',(0.,0.995611396559651,-0.0935839037470715));
#1553=DIRECTION('',(0.,0.995611396559651,-0.0935839037470715));
#1554=DIRECTION('',(0.,0.995611396559651,-0.0935839037470715));
#1555=DIRECTION('center_axis',(1.,0.,0.));
#1556=DIRECTION('ref_axis',(0.,1.,0.));
#1557=DIRECTION('center_axis',(1.,0.,0.));
#1558=DIRECTION('ref_axis',(0.,1.,0.));
#1559=DIRECTION('',(0.,1.,0.));
#1560=DIRECTION('center_axis',(1.,0.,0.));
#1561=DIRECTION('ref_axis',(0.,1.,0.));
#1562=DIRECTION('',(0.,1.1842378929335E-14,1.));
#1563=DIRECTION('center_axis',(-1.,0.,0.));
#1564=DIRECTION('ref_axis',(0.,1.4210854715202E-14,1.));
#1565=DIRECTION('',(0.,1.,0.));
#1566=DIRECTION('',(0.,-1.1842378929335E-14,-1.));
#1567=DIRECTION('center_axis',(1.,0.,0.));
#1568=DIRECTION('ref_axis',(0.,1.,0.));
#1569=DIRECTION('',(0.,-1.1842378929335E-14,-1.));
#1570=DIRECTION('',(0.,-0.997557394933391,0.0698515841889548));
#1571=DIRECTION('center_axis',(-1.,0.,0.));
#1572=DIRECTION('ref_axis',(0.,1.4210854715202E-14,1.));
#1573=DIRECTION('',(-1.,0.,0.));
#1574=DIRECTION('',(-1.,0.,0.));
#1575=DIRECTION('center_axis',(0.,1.,-1.1842378929335E-14));
#1576=DIRECTION('ref_axis',(0.,-1.1842378929335E-14,-1.));
#1577=DIRECTION('',(-1.,0.,0.));
#1578=DIRECTION('',(1.,0.,0.));
#1579=DIRECTION('center_axis',(0.,-1.,1.1842378929335E-14));
#1580=DIRECTION('ref_axis',(0.,1.1842378929335E-14,1.));
#1581=DIRECTION('',(1.,0.,0.));
#1582=DIRECTION('center_axis',(0.,0.,1.));
#1583=DIRECTION('ref_axis',(0.,1.,0.));
#1584=DIRECTION('',(-1.,0.,0.));
#1585=DIRECTION('center_axis',(0.,-0.0698515841889548,-0.997557394933391));
#1586=DIRECTION('ref_axis',(0.,-0.997557394933391,0.0698515841889548));
#1587=DIRECTION('center_axis',(0.,1.,-1.1842378929335E-14));
#1588=DIRECTION('ref_axis',(0.,-1.1842378929335E-14,-1.));
#1589=DIRECTION('',(-1.,0.,0.));
#1590=DIRECTION('center_axis',(0.,0.,1.));
#1591=DIRECTION('ref_axis',(0.,1.,0.));
#1592=DIRECTION('',(-1.,0.,0.));
#1593=DIRECTION('center_axis',(-1.,0.,0.));
#1594=DIRECTION('ref_axis',(0.,1.,0.));
#1595=DIRECTION('center_axis',(-1.,0.,0.));
#1596=DIRECTION('ref_axis',(0.,1.,0.));
#1597=CARTESIAN_POINT('',(0.,0.,0.));
#1598=CARTESIAN_POINT('Origin',(-134.,115.255049945499,-2.62344500416509));
#1599=CARTESIAN_POINT('',(-134.,100.500416695606,2.75));
#1600=CARTESIAN_POINT('',(-134.,102.476220238528,2.75));
#1601=CARTESIAN_POINT('',(-134.,107.877733320552,2.75));
#1602=CARTESIAN_POINT('',(-134.,103.5,5.7));
#1603=CARTESIAN_POINT('Origin',(-134.,103.5,2.7));
#1604=CARTESIAN_POINT('',(-134.,105.289902353694,5.7));
#1605=CARTESIAN_POINT('',(-134.,110.272476149597,5.7));
#1606=CARTESIAN_POINT('',(-134.,130.,0.));
#1607=CARTESIAN_POINT('Ctrl Pts',(-134.,130.,0.));
#1608=CARTESIAN_POINT('Ctrl Pts',(-134.,129.943273146517,0.0304437157388987));
#1609=CARTESIAN_POINT('Ctrl Pts',(-134.,129.880802600995,0.0604651359047871));
#1610=CARTESIAN_POINT('Ctrl Pts',(-134.,129.812597341438,0.0900661329834265));
#1611=CARTESIAN_POINT('Ctrl Pts',(-134.,129.753185023387,0.115851004479688));
#1612=CARTESIAN_POINT('Ctrl Pts',(-134.,129.689420021122,0.141316618455372));
#1613=CARTESIAN_POINT('Ctrl Pts',(-134.,129.621342208219,0.166471123217077));
#1614=CARTESIAN_POINT('Ctrl Pts',(-134.,129.560063058787,0.189113546503537));
#1615=CARTESIAN_POINT('Ctrl Pts',(-134.,129.4952887558,0.211503739735562));
#1616=CARTESIAN_POINT('Ctrl Pts',(-134.,129.42709019785,0.233656123109841));
#1617=CARTESIAN_POINT('Ctrl Pts',(-134.,129.364193139521,0.254086463444268));
#1618=CARTESIAN_POINT('Ctrl Pts',(-134.,129.298383131788,0.274314447728738));
#1619=CARTESIAN_POINT('Ctrl Pts',(-134.,129.229760824128,0.294360607465119));
#1620=CARTESIAN_POINT('Ctrl Pts',(-134.,129.163426429936,0.313738414877017));
#1621=CARTESIAN_POINT('Ctrl Pts',(-134.,129.094463966822,0.332946295772007));
#1622=CARTESIAN_POINT('Ctrl Pts',(-134.,129.023012850515,0.352012694998105));
#1623=CARTESIAN_POINT('Ctrl Pts',(-134.,128.953182586768,0.370646577230564));
#1624=CARTESIAN_POINT('Ctrl Pts',(-134.,128.880975176628,0.389145311319187));
#1625=CARTESIAN_POINT('Ctrl Pts',(-134.,128.806569770467,0.407545272288675));
#1626=CARTESIAN_POINT('Ctrl Pts',(-134.,128.729439056399,0.42661918373724));
#1627=CARTESIAN_POINT('Ctrl Pts',(-134.,128.649946420373,0.44558701345175));
#1628=CARTESIAN_POINT('Ctrl Pts',(-134.,128.568348379866,0.464500333823211));
#1629=CARTESIAN_POINT('Ctrl Pts',(-134.,128.476194114569,0.485860444094448));
#1630=CARTESIAN_POINT('Ctrl Pts',(-134.,128.381355135957,0.507151361319715));
#1631=CARTESIAN_POINT('Ctrl Pts',(-134.,128.284266260816,0.528457921132466));
#1632=CARTESIAN_POINT('Ctrl Pts',(-134.,128.154447266076,0.556947242614914));
#1633=CARTESIAN_POINT('Ctrl Pts',(-134.,128.020607527461,0.585465977415098));
#1634=CARTESIAN_POINT('Ctrl Pts',(-134.,127.883881388332,0.614220774427766));
#1635=CARTESIAN_POINT('Ctrl Pts',(-134.,127.766956127586,0.638811259903503));
#1636=CARTESIAN_POINT('Ctrl Pts',(-134.,127.647924339249,0.66357518444164));
#1637=CARTESIAN_POINT('Ctrl Pts',(-134.,127.527499135961,0.688627817981806));
#1638=CARTESIAN_POINT('Ctrl Pts',(-134.,127.427720793793,0.709385185819452));
#1639=CARTESIAN_POINT('Ctrl Pts',(-134.,127.326987111042,0.730340860513045));
#1640=CARTESIAN_POINT('Ctrl Pts',(-134.,127.225677218435,0.751545740148401));
#1641=CARTESIAN_POINT('Ctrl Pts',(-134.,127.1259502929,0.772419293539454));
#1642=CARTESIAN_POINT('Ctrl Pts',(-134.,127.025666475706,0.793534727503634));
#1643=CARTESIAN_POINT('Ctrl Pts',(-134.,126.925139914964,0.814920882993149));
#1644=CARTESIAN_POINT('Ctrl Pts',(-134.,126.834539991432,0.834195232356079));
#1645=CARTESIAN_POINT('Ctrl Pts',(-134.,126.743742766683,0.853689341954962));
#1646=CARTESIAN_POINT('Ctrl Pts',(-134.,126.652931660754,0.873406882326806));
#1647=CARTESIAN_POINT('Ctrl Pts',(-134.,126.565256234003,0.89244358217655));
#1648=CARTESIAN_POINT('Ctrl Pts',(-134.,126.477568049408,0.911688559354107));
#1649=CARTESIAN_POINT('Ctrl Pts',(-134.,126.389985777586,0.931128714503828));
#1650=CARTESIAN_POINT('Ctrl Pts',(-134.,126.30201865442,0.950654292989623));
#1651=CARTESIAN_POINT('Ctrl Pts',(-134.,126.214158467164,0.970376742915389));
#1652=CARTESIAN_POINT('Ctrl Pts',(-134.,126.126474065405,0.990265431871019));
#1653=CARTESIAN_POINT('Ctrl Pts',(-134.,126.029242690004,1.01231957768581));
#1654=CARTESIAN_POINT('Ctrl Pts',(-134.,125.932227480414,1.03457800021965));
#1655=CARTESIAN_POINT('Ctrl Pts',(-134.,125.835458491295,1.05697895676236));
#1656=CARTESIAN_POINT('Ctrl Pts',(-134.,125.729028626881,1.08161629966832));
#1657=CARTESIAN_POINT('Ctrl Pts',(-134.,125.622896020098,1.10642560194446));
#1658=CARTESIAN_POINT('Ctrl Pts',(-134.,125.517031755132,1.13130651982861));
#1659=CARTESIAN_POINT('Ctrl Pts',(-134.,125.395334510039,1.15990860914426));
#1660=CARTESIAN_POINT('Ctrl Pts',(-134.,125.273991174649,1.18860448016185));
#1661=CARTESIAN_POINT('Ctrl Pts',(-134.,125.152880415799,1.21722926890689));
#1662=CARTESIAN_POINT('Ctrl Pts',(-134.,125.005073833568,1.25216367301472));
#1663=CARTESIAN_POINT('Ctrl Pts',(-134.,124.857609777007,1.28698881751064));
#1664=CARTESIAN_POINT('Ctrl Pts',(-134.,124.710191873981,1.32142134403971));
#1665=CARTESIAN_POINT('Ctrl Pts',(-134.,124.598832666038,1.34743161011381));
#1666=CARTESIAN_POINT('Ctrl Pts',(-134.,124.48749697499,1.37321769421989));
#1667=CARTESIAN_POINT('Ctrl Pts',(-134.,124.376068241223,1.39868408977653));
#1668=CARTESIAN_POINT('Ctrl Pts',(-134.,124.277449213544,1.42122290075806));
#1669=CARTESIAN_POINT('Ctrl Pts',(-134.,124.178756552703,1.44351120881895));
#1670=CARTESIAN_POINT('Ctrl Pts',(-134.,124.079938197212,1.4655081798458));
#1671=CARTESIAN_POINT('Ctrl Pts',(-134.,123.986668995984,1.48626990884776));
#1672=CARTESIAN_POINT('Ctrl Pts',(-134.,123.893287263603,1.5067719323896));
#1673=CARTESIAN_POINT('Ctrl Pts',(-134.,123.799785373197,1.52700597374412));
#1674=CARTESIAN_POINT('Ctrl Pts',(-134.,123.702444321064,1.54807081923335));
#1675=CARTESIAN_POINT('Ctrl Pts',(-134.,123.604972815127,1.56884505685634));
#1676=CARTESIAN_POINT('Ctrl Pts',(-134.,123.507412483905,1.58935305073233));
#1677=CARTESIAN_POINT('Ctrl Pts',(-134.,123.400198340299,1.61189035634569));
#1678=CARTESIAN_POINT('Ctrl Pts',(-134.,123.292877522508,1.63410620079852));
#1679=CARTESIAN_POINT('Ctrl Pts',(-134.,123.185560334139,1.65607297946093));
#1680=CARTESIAN_POINT('Ctrl Pts',(-134.,123.058205146656,1.68214134052671));
#1681=CARTESIAN_POINT('Ctrl Pts',(-134.,122.930856627351,1.70785898340877));
#1682=CARTESIAN_POINT('Ctrl Pts',(-134.,122.8037578715,1.73340134057525));
#1683=CARTESIAN_POINT('Ctrl Pts',(-134.,122.661767009445,1.76193648467416));
#1684=CARTESIAN_POINT('Ctrl Pts',(-134.,122.520093765651,1.79025488832545));
#1685=CARTESIAN_POINT('Ctrl Pts',(-134.,122.379083029741,1.8186467869741));
#1686=CARTESIAN_POINT('Ctrl Pts',(-134.,122.269693150825,1.84067196353486));
#1687=CARTESIAN_POINT('Ctrl Pts',(-134.,122.160702975268,1.86274277254252));
#1688=CARTESIAN_POINT('Ctrl Pts',(-134.,122.052237994,1.88499652143134));
#1689=CARTESIAN_POINT('Ctrl Pts',(-134.,121.955569619849,1.90482996166896));
#1690=CARTESIAN_POINT('Ctrl Pts',(-134.,121.859318817042,1.92480913466172));
#1691=CARTESIAN_POINT('Ctrl Pts',(-134.,121.763534636321,1.94502307338593));
#1692=CARTESIAN_POINT('Ctrl Pts',(-134.,121.675367638919,1.96362950995562));
#1693=CARTESIAN_POINT('Ctrl Pts',(-134.,121.587596362778,1.98243511954284));
#1694=CARTESIAN_POINT('Ctrl Pts',(-134.,121.500218046438,2.00149752404479));
#1695=CARTESIAN_POINT('Ctrl Pts',(-134.,121.416761651611,2.01970432434862));
#1696=CARTESIAN_POINT('Ctrl Pts',(-134.,121.333664109965,2.03814559756782));
#1697=CARTESIAN_POINT('Ctrl Pts',(-134.,121.25087853914,2.05685694524671));
#1698=CARTESIAN_POINT('Ctrl Pts',(-134.,121.165581903959,2.076135848331));
#1699=CARTESIAN_POINT('Ctrl Pts',(-134.,121.080616459,2.09570157384024));
#1700=CARTESIAN_POINT('Ctrl Pts',(-134.,120.995876517965,2.11557370905536));
#1701=CARTESIAN_POINT('Ctrl Pts',(-134.,120.905990005599,2.13665275284432));
#1702=CARTESIAN_POINT('Ctrl Pts',(-134.,120.816356837799,2.15807661252885));
#1703=CARTESIAN_POINT('Ctrl Pts',(-134.,120.726794574681,2.17984616591113));
#1704=CARTESIAN_POINT('Ctrl Pts',(-134.,120.627323933911,2.20402411038044));
#1705=CARTESIAN_POINT('Ctrl Pts',(-134.,120.527940080431,2.22862864711829));
#1706=CARTESIAN_POINT('Ctrl Pts',(-134.,120.428332370725,2.25363154252827));
#1707=CARTESIAN_POINT('Ctrl Pts',(-134.,120.301606371128,2.28544149903627));
#1708=CARTESIAN_POINT('Ctrl Pts',(-134.,120.174514495722,2.31789705890575));
#1709=CARTESIAN_POINT('Ctrl Pts',(-134.,120.046352644256,2.35088437052914));
#1710=CARTESIAN_POINT('Ctrl Pts',(-134.,119.934565408539,2.37965705395948));
#1711=CARTESIAN_POINT('Ctrl Pts',(-134.,119.821960169226,2.40883275003449));
#1712=CARTESIAN_POINT('Ctrl Pts',(-134.,119.708090675539,2.43831048230131));
#1713=CARTESIAN_POINT('Ctrl Pts',(-134.,119.610655215806,2.46353388764264));
#1714=CARTESIAN_POINT('Ctrl Pts',(-134.,119.512293352049,2.48897782926705));
#1715=CARTESIAN_POINT('Ctrl Pts',(-134.,119.412766022146,2.51457132590449));
#1716=CARTESIAN_POINT('Ctrl Pts',(-134.,119.32368211167,2.53747929264525));
#1717=CARTESIAN_POINT('Ctrl Pts',(-134.,119.233663998075,2.56050680260389));
#1718=CARTESIAN_POINT('Ctrl Pts',(-134.,119.142582411494,2.58360147783942));
#1719=CARTESIAN_POINT('Ctrl Pts',(-134.,119.058211745215,2.60499453004973));
#1720=CARTESIAN_POINT('Ctrl Pts',(-134.,118.972928174265,2.62644506370238));
#1721=CARTESIAN_POINT('Ctrl Pts',(-134.,118.886673555677,2.64791290559634));
#1722=CARTESIAN_POINT('Ctrl Pts',(-134.,118.802810178013,2.66878559348076));
#1723=CARTESIAN_POINT('Ctrl Pts',(-134.,118.718028464374,2.68967453587791));
#1724=CARTESIAN_POINT('Ctrl Pts',(-134.,118.632325133835,2.71054612127036));
#1725=CARTESIAN_POINT('Ctrl Pts',(-134.,118.544818601254,2.73185684578573));
#1726=CARTESIAN_POINT('Ctrl Pts',(-134.,118.456351388863,2.753149419325));
#1727=CARTESIAN_POINT('Ctrl Pts',(-134.,118.366974592268,2.77439274621489));
#1728=CARTESIAN_POINT('Ctrl Pts',(-134.,118.275271885486,2.79618890194068));
#1729=CARTESIAN_POINT('Ctrl Pts',(-134.,118.182611776071,2.81793314634811));
#1730=CARTESIAN_POINT('Ctrl Pts',(-134.,118.089104286211,2.83959772715534));
#1731=CARTESIAN_POINT('Ctrl Pts',(-134.,117.989364916715,2.86270616085773));
#1732=CARTESIAN_POINT('Ctrl Pts',(-134.,117.888661801428,2.8857238615795));
#1733=CARTESIAN_POINT('Ctrl Pts',(-134.,117.787188292849,2.908625200593));
#1734=CARTESIAN_POINT('Ctrl Pts',(-134.,117.671283748997,2.93478344907695));
#1735=CARTESIAN_POINT('Ctrl Pts',(-134.,117.554374957513,2.96078963713001));
#1736=CARTESIAN_POINT('Ctrl Pts',(-134.,117.436816614979,2.98661866932962));
#1737=CARTESIAN_POINT('Ctrl Pts',(-134.,117.272872990727,3.02263912571301));
#1738=CARTESIAN_POINT('Ctrl Pts',(-134.,117.10766999501,3.05831296818653));
#1739=CARTESIAN_POINT('Ctrl Pts',(-134.,116.942261808092,3.09361642540427));
#1740=CARTESIAN_POINT('Ctrl Pts',(-134.,116.821276629393,3.11943857580542));
#1741=CARTESIAN_POINT('Ctrl Pts',(-134.,116.700184821945,3.14506362063906));
#1742=CARTESIAN_POINT('Ctrl Pts',(-134.,116.579383813368,3.17050003433534));
#1743=CARTESIAN_POINT('Ctrl Pts',(-134.,116.473493780503,3.19279672468577));
#1744=CARTESIAN_POINT('Ctrl Pts',(-134.,116.367828016762,3.21494870209881));
#1745=CARTESIAN_POINT('Ctrl Pts',(-134.,116.262620906161,3.23697133752842));
#1746=CARTESIAN_POINT('Ctrl Pts',(-134.,116.163206684356,3.2577813678659));
#1747=CARTESIAN_POINT('Ctrl Pts',(-134.,116.064202679416,3.27847598184371));
#1748=CARTESIAN_POINT('Ctrl Pts',(-134.,115.965764402181,3.29907553343303));
#1749=CARTESIAN_POINT('Ctrl Pts',(-134.,115.87040232111,3.31903134903519));
#1750=CARTESIAN_POINT('Ctrl Pts',(-134.,115.775571814292,3.33889798385912));
#1751=CARTESIAN_POINT('Ctrl Pts',(-134.,115.681363862386,3.35870034767627));
#1752=CARTESIAN_POINT('Ctrl Pts',(-134.,115.590099908977,3.37788388762413));
#1753=CARTESIAN_POINT('Ctrl Pts',(-134.,115.499420740508,3.39700713396087));
#1754=CARTESIAN_POINT('Ctrl Pts',(-134.,115.409352392718,3.41609845384434));
#1755=CARTESIAN_POINT('Ctrl Pts',(-134.,115.326722141564,3.43361315901587));
#1756=CARTESIAN_POINT('Ctrl Pts',(-134.,115.244605829487,3.45110105164332));
#1757=CARTESIAN_POINT('Ctrl Pts',(-134.,115.162973554341,3.46858828100205));
#1758=CARTESIAN_POINT('Ctrl Pts',(-134.,115.078262273924,3.48673509348845));
#1759=CARTESIAN_POINT('Ctrl Pts',(-134.,114.994072307571,3.50488121810507));
#1760=CARTESIAN_POINT('Ctrl Pts',(-134.,114.91031148419,3.52306025612378));
#1761=CARTESIAN_POINT('Ctrl Pts',(-134.,114.822458250533,3.54212749078372));
#1762=CARTESIAN_POINT('Ctrl Pts',(-134.,114.735076862362,3.56123099410037));
#1763=CARTESIAN_POINT('Ctrl Pts',(-134.,114.647999780103,3.5804135305442));
#1764=CARTESIAN_POINT('Ctrl Pts',(-134.,114.554843317639,3.60093531641285));
#1765=CARTESIAN_POINT('Ctrl Pts',(-134.,114.462034824614,3.62154764589548));
#1766=CARTESIAN_POINT('Ctrl Pts',(-134.,114.369304855642,3.64230617816384));
#1767=CARTESIAN_POINT('Ctrl Pts',(-134.,114.265640459435,3.66551249147999));
#1768=CARTESIAN_POINT('Ctrl Pts',(-134.,114.162073535376,3.6889017119921));
#1769=CARTESIAN_POINT('Ctrl Pts',(-134.,114.058156569661,3.71255337423069));
#1770=CARTESIAN_POINT('Ctrl Pts',(-134.,113.926605078852,3.74249469715314));
#1771=CARTESIAN_POINT('Ctrl Pts',(-134.,113.794490554886,3.77285739679245));
#1772=CARTESIAN_POINT('Ctrl Pts',(-134.,113.660814184701,3.80379762743006));
#1773=CARTESIAN_POINT('Ctrl Pts',(-134.,113.526202931823,3.83495424250478));
#1774=CARTESIAN_POINT('Ctrl Pts',(-134.,113.390000974713,3.86669733770913));
#1775=CARTESIAN_POINT('Ctrl Pts',(-134.,113.251185955,3.8991684661762));
#1776=CARTESIAN_POINT('Ctrl Pts',(-134.,113.145944864156,3.92378609752363));
#1777=CARTESIAN_POINT('Ctrl Pts',(-134.,113.039201027585,3.94882191024391));
#1778=CARTESIAN_POINT('Ctrl Pts',(-134.,112.930545182443,3.97432629593098));
#1779=CARTESIAN_POINT('Ctrl Pts',(-134.,112.833047786048,3.99721150010834));
#1780=CARTESIAN_POINT('Ctrl Pts',(-134.,112.734010385902,4.02047396439526));
#1781=CARTESIAN_POINT('Ctrl Pts',(-134.,112.633179036478,4.04414100206457));
#1782=CARTESIAN_POINT('Ctrl Pts',(-134.,112.538993940225,4.06624803756118));
#1783=CARTESIAN_POINT('Ctrl Pts',(-134.,112.443243227527,4.08870807749877));
#1784=CARTESIAN_POINT('Ctrl Pts',(-134.,112.345764616854,4.11153498335188));
#1785=CARTESIAN_POINT('Ctrl Pts',(-134.,112.252323906031,4.1334163201303));
#1786=CARTESIAN_POINT('Ctrl Pts',(-134.,112.157295239164,4.15563476732019));
#1787=CARTESIAN_POINT('Ctrl Pts',(-134.,112.060582864586,4.17819435853115));
#1788=CARTESIAN_POINT('Ctrl Pts',(-134.,111.966944520559,4.20003688666824));
#1789=CARTESIAN_POINT('Ctrl Pts',(-134.,111.871727625306,4.22219922315028));
#1790=CARTESIAN_POINT('Ctrl Pts',(-134.,111.774893353245,4.24467710338225));
#1791=CARTESIAN_POINT('Ctrl Pts',(-134.,111.680308641356,4.26663279923593));
#1792=CARTESIAN_POINT('Ctrl Pts',(-134.,111.584180639817,4.28888956039943));
#1793=CARTESIAN_POINT('Ctrl Pts',(-134.,111.486522532241,4.31143557536045));
#1794=CARTESIAN_POINT('Ctrl Pts',(-134.,111.386585379757,4.33450774613005));
#1795=CARTESIAN_POINT('Ctrl Pts',(-134.,111.285045979755,4.35788280475124));
#1796=CARTESIAN_POINT('Ctrl Pts',(-134.,111.181973230777,4.38153960574584));
#1797=CARTESIAN_POINT('Ctrl Pts',(-134.,111.074637823573,4.40617475318355));
#1798=CARTESIAN_POINT('Ctrl Pts',(-134.,110.965639862394,4.43111538417977));
#1799=CARTESIAN_POINT('Ctrl Pts',(-134.,110.855112678748,4.45632911264727));
#1800=CARTESIAN_POINT('Ctrl Pts',(-134.,110.735771383106,4.48355353766191));
#1801=CARTESIAN_POINT('Ctrl Pts',(-134.,110.614647331488,4.51109632867391));
#1802=CARTESIAN_POINT('Ctrl Pts',(-134.,110.491969651004,4.53890747097776));
#1803=CARTESIAN_POINT('Ctrl Pts',(-134.,110.361527734443,4.56847877269747));
#1804=CARTESIAN_POINT('Ctrl Pts',(-134.,110.229329680624,4.59835339204155));
#1805=CARTESIAN_POINT('Ctrl Pts',(-134.,110.095713630671,4.62846199587625));
#1806=CARTESIAN_POINT('Ctrl Pts',(-134.,109.949949079082,4.66130810334954));
#1807=CARTESIAN_POINT('Ctrl Pts',(-134.,109.802497504092,4.69443255843039));
#1808=CARTESIAN_POINT('Ctrl Pts',(-134.,109.65386353042,4.72773619735238));
#1809=CARTESIAN_POINT('Ctrl Pts',(-134.,109.474367301529,4.76795498076483));
#1810=CARTESIAN_POINT('Ctrl Pts',(-134.,109.293147697208,4.80843480342588));
#1811=CARTESIAN_POINT('Ctrl Pts',(-134.,109.111175739873,4.8489910282922));
#1812=CARTESIAN_POINT('Ctrl Pts',(-134.,108.914904386594,4.89273417011997));
#1813=CARTESIAN_POINT('Ctrl Pts',(-134.,108.717763326448,4.93656520466655));
#1814=CARTESIAN_POINT('Ctrl Pts',(-134.,108.521002669857,4.98025252390117));
#1815=CARTESIAN_POINT('Ctrl Pts',(-134.,108.367370206553,5.01436396968225));
#1816=CARTESIAN_POINT('Ctrl Pts',(-134.,108.213971371142,5.048387620676));
#1817=CARTESIAN_POINT('Ctrl Pts',(-134.,108.061376802548,5.08221967637758));
#1818=CARTESIAN_POINT('Ctrl Pts',(-134.,107.9231764545,5.11286035983182));
#1819=CARTESIAN_POINT('Ctrl Pts',(-134.,107.78563652564,5.143343792241));
#1820=CARTESIAN_POINT('Ctrl Pts',(-134.,107.649144155916,5.17360049497475));
#1821=CARTESIAN_POINT('Ctrl Pts',(-134.,107.520897295969,5.20202938902796));
#1822=CARTESIAN_POINT('Ctrl Pts',(-134.,107.393575707586,5.23025805526976));
#1823=CARTESIAN_POINT('Ctrl Pts',(-134.,107.267458221679,5.25823707816305));
#1824=CARTESIAN_POINT('Ctrl Pts',(-134.,107.147056177402,5.28494813673673));
#1825=CARTESIAN_POINT('Ctrl Pts',(-134.,107.027751894441,5.3114316198782));
#1826=CARTESIAN_POINT('Ctrl Pts',(-134.,106.909742781921,5.33765303125374));
#1827=CARTESIAN_POINT('Ctrl Pts',(-134.,106.7961964666,5.36288281716261));
#1828=CARTESIAN_POINT('Ctrl Pts',(-134.,106.683849462801,5.38786994199201));
#1829=CARTESIAN_POINT('Ctrl Pts',(-134.,106.572830694202,5.41259232605474));
#1830=CARTESIAN_POINT('Ctrl Pts',(-134.,106.460252748887,5.43766191776611));
#1831=CARTESIAN_POINT('Ctrl Pts',(-134.,106.349041402612,5.46245914481046));
#1832=CARTESIAN_POINT('Ctrl Pts',(-134.,106.239273631581,5.48697142314562));
#1833=CARTESIAN_POINT('Ctrl Pts',(-134.,106.139727865766,5.5092010220145));
#1834=CARTESIAN_POINT('Ctrl Pts',(-134.,106.041368997771,5.53119633755595));
#1835=CARTESIAN_POINT('Ctrl Pts',(-134.,105.944206209436,5.55295665449921));
#1836=CARTESIAN_POINT('Ctrl Pts',(-134.,105.84851798894,5.5743867311921));
#1837=CARTESIAN_POINT('Ctrl Pts',(-134.,105.753990065701,5.59558884784858));
#1838=CARTESIAN_POINT('Ctrl Pts',(-134.,105.660581640097,5.61657116450843));
#1839=CARTESIAN_POINT('Ctrl Pts',(-134.,105.564875542204,5.6380696068522));
#1840=CARTESIAN_POINT('Ctrl Pts',(-134.,105.470344585922,5.65933732390441));
#1841=CARTESIAN_POINT('Ctrl Pts',(-134.,105.376890529046,5.68039274708753));
#1842=CARTESIAN_POINT('Ctrl Pts',(-134.,105.347791765166,5.68694876838916));
#1843=CARTESIAN_POINT('Ctrl Pts',(-134.,105.318797028459,5.69348427485103));
#1844=CARTESIAN_POINT('Ctrl Pts',(-134.,105.289902353694,5.70000000000001));
#1845=CARTESIAN_POINT('',(-134.,106.290445247433,-0.502740050199391));
#1846=CARTESIAN_POINT('Ctrl Pts',(-134.,106.290445247433,-0.502740050199393));
#1847=CARTESIAN_POINT('Ctrl Pts',(-134.,106.437357640662,-0.494906977326746));
#1848=CARTESIAN_POINT('Ctrl Pts',(-134.,106.585584725109,-0.487268450218025));
#1849=CARTESIAN_POINT('Ctrl Pts',(-134.,106.735525033075,-0.479846381551947));
#1850=CARTESIAN_POINT('Ctrl Pts',(-134.,106.870002060089,-0.473189747708475));
#1851=CARTESIAN_POINT('Ctrl Pts',(-134.,107.00585776062,-0.466707314712873));
#1852=CARTESIAN_POINT('Ctrl Pts',(-134.,107.143340875767,-0.46041362176121));
#1853=CARTESIAN_POINT('Ctrl Pts',(-134.,107.271278322092,-0.45455690980555));
#1854=CARTESIAN_POINT('Ctrl Pts',(-134.,107.400625377283,-0.448863685072851));
#1855=CARTESIAN_POINT('Ctrl Pts',(-134.,107.53154087679,-0.44334363686667));
#1856=CARTESIAN_POINT('Ctrl Pts',(-134.,107.654443077874,-0.438161469154028));
#1857=CARTESIAN_POINT('Ctrl Pts',(-134.,107.778727888847,-0.433131962441849));
#1858=CARTESIAN_POINT('Ctrl Pts',(-134.,107.904484657029,-0.42826074376862));
#1859=CARTESIAN_POINT('Ctrl Pts',(-134.,108.026689342849,-0.423527115860341));
#1860=CARTESIAN_POINT('Ctrl Pts',(-134.,108.150284478376,-0.418943002810888));
#1861=CARTESIAN_POINT('Ctrl Pts',(-134.,108.275304939702,-0.414510641760119));
#1862=CARTESIAN_POINT('Ctrl Pts',(-134.,108.39837195632,-0.410147536350768));
#1863=CARTESIAN_POINT('Ctrl Pts',(-134.,108.522820457696,-0.405931509192634));
#1864=CARTESIAN_POINT('Ctrl Pts',(-134.,108.648630742634,-0.401861231256631));
#1865=CARTESIAN_POINT('Ctrl Pts',(-134.,108.774338745484,-0.397794262402448));
#1866=CARTESIAN_POINT('Ctrl Pts',(-134.,108.901406176194,-0.393872798375176));
#1867=CARTESIAN_POINT('Ctrl Pts',(-134.,109.029759268776,-0.390091909419613));
#1868=CARTESIAN_POINT('Ctrl Pts',(-134.,109.161088719061,-0.386223346082869));
#1869=CARTESIAN_POINT('Ctrl Pts',(-134.,109.293764205683,-0.382501958926182));
#1870=CARTESIAN_POINT('Ctrl Pts',(-134.,109.427650386832,-0.378918684430596));
#1871=CARTESIAN_POINT('Ctrl Pts',(-134.,109.569142649645,-0.375131843904489));
#1872=CARTESIAN_POINT('Ctrl Pts',(-134.,109.711986856407,-0.371499237061135));
#1873=CARTESIAN_POINT('Ctrl Pts',(-134.,109.855960670752,-0.368005954302945));
#1874=CARTESIAN_POINT('Ctrl Pts',(-134.,110.011895328137,-0.364222461780212));
#1875=CARTESIAN_POINT('Ctrl Pts',(-134.,110.169154611478,-0.360602366499702));
#1876=CARTESIAN_POINT('Ctrl Pts',(-134.,110.327390017531,-0.357122356338754));
#1877=CARTESIAN_POINT('Ctrl Pts',(-134.,110.502679956937,-0.353267272413709));
#1878=CARTESIAN_POINT('Ctrl Pts',(-134.,110.67916709329,-0.349584042987754));
#1879=CARTESIAN_POINT('Ctrl Pts',(-134.,110.856309514005,-0.346036612880125));
#1880=CARTESIAN_POINT('Ctrl Pts',(-134.,111.070886182918,-0.341739529591843));
#1881=CARTESIAN_POINT('Ctrl Pts',(-134.,111.286423121654,-0.33764159676726));
#1882=CARTESIAN_POINT('Ctrl Pts',(-134.,111.501874143472,-0.333673743577383));
#1883=CARTESIAN_POINT('Ctrl Pts',(-134.,111.741391656282,-0.329262669917968));
#1884=CARTESIAN_POINT('Ctrl Pts',(-134.,111.980795241857,-0.325011789322664));
#1885=CARTESIAN_POINT('Ctrl Pts',(-134.,112.218625488224,-0.320825981862298));
#1886=CARTESIAN_POINT('Ctrl Pts',(-134.,112.393406403091,-0.317749841343774));
#1887=CARTESIAN_POINT('Ctrl Pts',(-134.,112.567336475655,-0.314708795830231));
#1888=CARTESIAN_POINT('Ctrl Pts',(-134.,112.73987235199,-0.31166811664101));
#1889=CARTESIAN_POINT('Ctrl Pts',(-134.,112.896090639738,-0.308915009828573));
#1890=CARTESIAN_POINT('Ctrl Pts',(-134.,113.051165496998,-0.306162176577718));
#1891=CARTESIAN_POINT('Ctrl Pts',(-134.,113.204736052774,-0.303387108120165));
#1892=CARTESIAN_POINT('Ctrl Pts',(-134.,113.346964451541,-0.300816996022906));
#1893=CARTESIAN_POINT('Ctrl Pts',(-134.,113.487902240379,-0.298227793035298));
#1894=CARTESIAN_POINT('Ctrl Pts',(-134.,113.627305991467,-0.295604852086553));
#1895=CARTESIAN_POINT('Ctrl Pts',(-134.,113.758250452205,-0.293141076288557));
#1896=CARTESIAN_POINT('Ctrl Pts',(-134.,113.887841076704,-0.2906475098315));
#1897=CARTESIAN_POINT('Ctrl Pts',(-134.,114.015920681122,-0.288115312570592));
#1898=CARTESIAN_POINT('Ctrl Pts',(-134.,114.139632792995,-0.285669462802002));
#1899=CARTESIAN_POINT('Ctrl Pts',(-134.,114.261934829578,-0.283187547032864));
#1900=CARTESIAN_POINT('Ctrl Pts',(-134.,114.382733156344,-0.280665138971941));
#1901=CARTESIAN_POINT('Ctrl Pts',(-134.,114.50354714359,-0.278142403902194));
#1902=CARTESIAN_POINT('Ctrl Pts',(-134.,114.622857011247,-0.275579170171738));
#1903=CARTESIAN_POINT('Ctrl Pts',(-134.,114.740621388185,-0.272974820696402));
#1904=CARTESIAN_POINT('Ctrl Pts',(-134.,114.85890774784,-0.27035892761638));
#1905=CARTESIAN_POINT('Ctrl Pts',(-134.,114.975634893895,-0.267701560415658));
#1906=CARTESIAN_POINT('Ctrl Pts',(-134.,115.090813552836,-0.265005838274025));
#1907=CARTESIAN_POINT('Ctrl Pts',(-134.,115.209409551222,-0.262230134322476));
#1908=CARTESIAN_POINT('Ctrl Pts',(-134.,115.326363829436,-0.259413776853334));
#1909=CARTESIAN_POINT('Ctrl Pts',(-134.,115.441744753257,-0.256564083543543));
#1910=CARTESIAN_POINT('Ctrl Pts',(-134.,115.563497799192,-0.253557010719414));
#1911=CARTESIAN_POINT('Ctrl Pts',(-134.,115.683499215553,-0.2505128596339));
#1912=CARTESIAN_POINT('Ctrl Pts',(-134.,115.801888508476,-0.247444068868219));
#1913=CARTESIAN_POINT('Ctrl Pts',(-134.,115.928592178033,-0.244159759607537));
#1914=CARTESIAN_POINT('Ctrl Pts',(-134.,116.053449782886,-0.240847291327254));
#1915=CARTESIAN_POINT('Ctrl Pts',(-134.,116.176692497851,-0.237525372671547));
#1916=CARTESIAN_POINT('Ctrl Pts',(-134.,116.310256763486,-0.233925244048316));
#1917=CARTESIAN_POINT('Ctrl Pts',(-134.,116.441924814046,-0.230314103560556));
#1918=CARTESIAN_POINT('Ctrl Pts',(-134.,116.572051875202,-0.226718493854548));
#1919=CARTESIAN_POINT('Ctrl Pts',(-134.,116.723573282002,-0.222531725659553));
#1920=CARTESIAN_POINT('Ctrl Pts',(-134.,116.873006144554,-0.218366221738328));
#1921=CARTESIAN_POINT('Ctrl Pts',(-134.,117.020981907608,-0.214265118418539));
#1922=CARTESIAN_POINT('Ctrl Pts',(-134.,117.225288193412,-0.208602831773247));
#1923=CARTESIAN_POINT('Ctrl Pts',(-134.,117.426823566514,-0.203064726597229));
#1924=CARTESIAN_POINT('Ctrl Pts',(-134.,117.62732880139,-0.197753804466961));
#1925=CARTESIAN_POINT('Ctrl Pts',(-134.,117.755406547701,-0.194361319788454));
#1926=CARTESIAN_POINT('Ctrl Pts',(-134.,117.883065723682,-0.191061296970135));
#1927=CARTESIAN_POINT('Ctrl Pts',(-134.,118.010736266299,-0.187873951142739));
#1928=CARTESIAN_POINT('Ctrl Pts',(-134.,118.128665475458,-0.184929801575936));
#1929=CARTESIAN_POINT('Ctrl Pts',(-134.,118.246605332008,-0.182081850456833));
#1930=CARTESIAN_POINT('Ctrl Pts',(-134.,118.364855086249,-0.179339578490517));
#1931=CARTESIAN_POINT('Ctrl Pts',(-134.,118.48077852244,-0.1766512550234));
#1932=CARTESIAN_POINT('Ctrl Pts',(-134.,118.596999970659,-0.174064469148868));
#1933=CARTESIAN_POINT('Ctrl Pts',(-134.,118.71375272711,-0.171581295479887));
#1934=CARTESIAN_POINT('Ctrl Pts',(-134.,118.830290747362,-0.169102688960244));
#1935=CARTESIAN_POINT('Ctrl Pts',(-134.,118.947358311736,-0.166727291643228));
#1936=CARTESIAN_POINT('Ctrl Pts',(-134.,119.065136000115,-0.16445065493054));
#1937=CARTESIAN_POINT('Ctrl Pts',(-134.,119.185785829672,-0.162118499875273));
#1938=CARTESIAN_POINT('Ctrl Pts',(-134.,119.307180794883,-0.159889918099936));
#1939=CARTESIAN_POINT('Ctrl Pts',(-134.,119.429458583412,-0.157753762404275));
#1940=CARTESIAN_POINT('Ctrl Pts',(-134.,119.555419354185,-0.15555326613138));
#1941=CARTESIAN_POINT('Ctrl Pts',(-134.,119.682316729876,-0.15345074969881));
#1942=CARTESIAN_POINT('Ctrl Pts',(-134.,119.810244387522,-0.151428657357839));
#1943=CARTESIAN_POINT('Ctrl Pts',(-134.,119.941039431542,-0.149361241588506));
#1944=CARTESIAN_POINT('Ctrl Pts',(-134.,120.072911304394,-0.14737779085399));
#1945=CARTESIAN_POINT('Ctrl Pts',(-134.,120.20590489154,-0.145455635037095));
#1946=CARTESIAN_POINT('Ctrl Pts',(-134.,120.341927233061,-0.143489704644547));
#1947=CARTESIAN_POINT('Ctrl Pts',(-134.,120.479122851226,-0.141587778406743));
#1948=CARTESIAN_POINT('Ctrl Pts',(-134.,120.617484413002,-0.139723214752457));
#1949=CARTESIAN_POINT('Ctrl Pts',(-134.,120.760298178743,-0.137798653093021));
#1950=CARTESIAN_POINT('Ctrl Pts',(-134.,120.904353959158,-0.135913755754575));
#1951=CARTESIAN_POINT('Ctrl Pts',(-134.,121.049587195889,-0.134038681187776));
#1952=CARTESIAN_POINT('Ctrl Pts',(-134.,121.200495203359,-0.132090340896643));
#1953=CARTESIAN_POINT('Ctrl Pts',(-134.,121.352674236414,-0.130152419184046));
#1954=CARTESIAN_POINT('Ctrl Pts',(-134.,121.505995082267,-0.128193417004043));
#1955=CARTESIAN_POINT('Ctrl Pts',(-134.,121.665794453126,-0.126151637791739));
#1956=CARTESIAN_POINT('Ctrl Pts',(-134.,121.826833883147,-0.124086665056833));
#1957=CARTESIAN_POINT('Ctrl Pts',(-134.,121.98891074138,-0.121968644117189));
#1958=CARTESIAN_POINT('Ctrl Pts',(-134.,122.159060753037,-0.119745123180907));
#1959=CARTESIAN_POINT('Ctrl Pts',(-134.,122.330353730841,-0.117462756503109));
#1960=CARTESIAN_POINT('Ctrl Pts',(-134.,122.502499533303,-0.115098803257602));
#1961=CARTESIAN_POINT('Ctrl Pts',(-134.,122.694245283913,-0.11246569816306));
#1962=CARTESIAN_POINT('Ctrl Pts',(-134.,122.887048916138,-0.109731042899922));
#1963=CARTESIAN_POINT('Ctrl Pts',(-134.,123.08044582616,-0.106883823382621));
#1964=CARTESIAN_POINT('Ctrl Pts',(-134.,123.297928216165,-0.103682013666925));
#1965=CARTESIAN_POINT('Ctrl Pts',(-134.,123.516159954312,-0.100337667108718));
#1966=CARTESIAN_POINT('Ctrl Pts',(-134.,123.734412611722,-0.0968652293764763));
#1967=CARTESIAN_POINT('Ctrl Pts',(-134.,124.011473008526,-0.0924571502841494));
#1968=CARTESIAN_POINT('Ctrl Pts',(-134.,124.288563815701,-0.0878421977877607));
#1969=CARTESIAN_POINT('Ctrl Pts',(-134.,124.564119959599,-0.0831026432126804));
#1970=CARTESIAN_POINT('Ctrl Pts',(-134.,124.799741346762,-0.0790499648447663));
#1971=CARTESIAN_POINT('Ctrl Pts',(-134.,125.034236163006,-0.0749077110578852));
#1972=CARTESIAN_POINT('Ctrl Pts',(-134.,125.266643704263,-0.0707480606285266));
#1973=CARTESIAN_POINT('Ctrl Pts',(-134.,125.46313578377,-0.0672312282638444));
#1974=CARTESIAN_POINT('Ctrl Pts',(-134.,125.658135080546,-0.0637025307305266));
#1975=CARTESIAN_POINT('Ctrl Pts',(-134.,125.851101381531,-0.0602098412802888));
#1976=CARTESIAN_POINT('Ctrl Pts',(-134.,126.024981993615,-0.0570626027400408));
#1977=CARTESIAN_POINT('Ctrl Pts',(-134.,126.197211346163,-0.0539448456172631));
#1978=CARTESIAN_POINT('Ctrl Pts',(-134.,126.367438130921,-0.0508905005505049));
#1979=CARTESIAN_POINT('Ctrl Pts',(-134.,126.529202954178,-0.0479879867622506));
#1980=CARTESIAN_POINT('Ctrl Pts',(-134.,126.689159031699,-0.0451428614653358));
#1981=CARTESIAN_POINT('Ctrl Pts',(-134.,126.847053629852,-0.0423806097935338));
#1982=CARTESIAN_POINT('Ctrl Pts',(-134.,127.00340721949,-0.0396453169499359));
#1983=CARTESIAN_POINT('Ctrl Pts',(-134.,127.157739203122,-0.0369913545480213));
#1984=CARTESIAN_POINT('Ctrl Pts',(-134.,127.309856150485,-0.0344385705993402));
#1985=CARTESIAN_POINT('Ctrl Pts',(-134.,127.467728330526,-0.0317892039499616));
#1986=CARTESIAN_POINT('Ctrl Pts',(-134.,127.623214811503,-0.0292488120875109));
#1987=CARTESIAN_POINT('Ctrl Pts',(-134.,127.776158420778,-0.026833449809762));
#1988=CARTESIAN_POINT('Ctrl Pts',(-134.,127.937118910301,-0.0242914809335015));
#1989=CARTESIAN_POINT('Ctrl Pts',(-134.,128.09526340991,-0.0218879341345682));
#1990=CARTESIAN_POINT('Ctrl Pts',(-134.,128.250467619908,-0.0196355060252407));
#1991=CARTESIAN_POINT('Ctrl Pts',(-134.,128.419721144336,-0.0171791847951023));
#1992=CARTESIAN_POINT('Ctrl Pts',(-134.,128.585478038491,-0.0149025794586241));
#1993=CARTESIAN_POINT('Ctrl Pts',(-134.,128.747641593197,-0.0128156264198837));
#1994=CARTESIAN_POINT('Ctrl Pts',(-134.,128.923215306336,-0.0105560922426652));
#1995=CARTESIAN_POINT('Ctrl Pts',(-134.,129.094577575205,-0.00851879670964861));
#1996=CARTESIAN_POINT('Ctrl Pts',(-134.,129.261672145678,-0.00670950814440355));
#1997=CARTESIAN_POINT('Ctrl Pts',(-134.,129.472394999532,-0.00442781551469144));
#1998=CARTESIAN_POINT('Ctrl Pts',(-134.,129.676331855501,-0.00250860815794212));
#1999=CARTESIAN_POINT('Ctrl Pts',(-134.,129.873458853607,-0.000954367047151788));
#2000=CARTESIAN_POINT('Ctrl Pts',(-134.,129.915955522507,-0.000619303506844379));
#2001=CARTESIAN_POINT('Ctrl Pts',(-134.,129.958135905729,-0.000301181059216843));
#2002=CARTESIAN_POINT('Ctrl Pts',(-134.,130.,0.));
#2003=CARTESIAN_POINT('',(-134.,103.290445247433,-0.292672184800177));
#2004=CARTESIAN_POINT('',(-134.,109.324763733611,-0.715210985976992));
#2005=CARTESIAN_POINT('',(-134.,100.500416695606,2.65));
#2006=CARTESIAN_POINT('Origin',(-134.,103.5,2.7));
#2007=CARTESIAN_POINT('',(-134.,102.476220238528,2.65));
#2008=CARTESIAN_POINT('',(-134.,108.865635092013,2.65));
#2009=CARTESIAN_POINT('',(-134.,103.45,1.67622023852785));
#2010=CARTESIAN_POINT('Origin',(-134.,103.5,2.7));
#2011=CARTESIAN_POINT('',(-134.,103.45,0.197379666102073));
#2012=CARTESIAN_POINT('',(-134.,103.45,-1.21303266903144));
#2013=CARTESIAN_POINT('',(-134.,103.55,0.190377403922098));
#2014=CARTESIAN_POINT('',(-134.,109.472004005942,-0.224296842882515));
#2015=CARTESIAN_POINT('',(-134.,103.55,1.67622023852784));
#2016=CARTESIAN_POINT('',(-134.,103.55,1.28827749791753));
#2017=CARTESIAN_POINT('',(-134.,103.55,3.72377976147215));
#2018=CARTESIAN_POINT('Origin',(-134.,103.5,2.7));
#2019=CARTESIAN_POINT('',(-134.,103.55,5.2));
#2020=CARTESIAN_POINT('',(-134.,103.55,1.28827749791753));
#2021=CARTESIAN_POINT('',(-134.,103.5,5.2));
#2022=CARTESIAN_POINT('',(-134.,109.377524972749,5.2));
#2023=CARTESIAN_POINT('',(-134.,103.45,5.19949994999));
#2024=CARTESIAN_POINT('Origin',(-134.,103.5,2.7));
#2025=CARTESIAN_POINT('',(-134.,103.45,3.72377976147215));
#2026=CARTESIAN_POINT('',(-134.,103.45,-1.21303266903144));
#2027=CARTESIAN_POINT('Origin',(-134.,103.5,2.7));
#2028=CARTESIAN_POINT('Origin',(-70.2,103.45,0.197379666102073));
#2029=CARTESIAN_POINT('',(-70.2,103.45,1.67622023852785));
#2030=CARTESIAN_POINT('',(0.,103.45,1.67622023852785));
#2031=CARTESIAN_POINT('',(-70.2,103.45,0.197379666102073));
#2032=CARTESIAN_POINT('',(-70.2,103.45,1.95389178960751));
#2033=CARTESIAN_POINT('',(-70.2,103.45,0.197379666102073));
#2034=CARTESIAN_POINT('Origin',(0.,103.5,2.7));
#2035=CARTESIAN_POINT('',(-70.2,102.476220238528,2.65));
#2036=CARTESIAN_POINT('',(0.,102.476220238528,2.65));
#2037=CARTESIAN_POINT('Origin',(-70.2,103.5,2.7));
#2038=CARTESIAN_POINT('Origin',(-70.2,102.476220238528,2.65));
#2039=CARTESIAN_POINT('',(-70.2,100.500416695606,2.65));
#2040=CARTESIAN_POINT('',(0.,100.500416695606,2.65));
#2041=CARTESIAN_POINT('',(-70.2,83.7381101192639,2.65));
#2042=CARTESIAN_POINT('Origin',(0.,103.5,2.7));
#2043=CARTESIAN_POINT('',(-70.2,103.290445247433,-0.292672184800178));
#2044=CARTESIAN_POINT('',(0.,103.290445247433,-0.292672184800177));
#2045=CARTESIAN_POINT('Origin',(-70.2,103.5,2.7));
#2046=CARTESIAN_POINT('Origin',(0.,103.290445247433,-0.292672184800177));
#2047=CARTESIAN_POINT('',(-70.2,106.290445247433,-0.502740050199392));
#2048=CARTESIAN_POINT('Ctrl Pts',(-70.2,106.290445247433,-0.502740050199392));
#2049=CARTESIAN_POINT('Ctrl Pts',(-85.3,106.290445247433,-0.502740050199391));
#2050=CARTESIAN_POINT('Ctrl Pts',(-100.4,106.290445247433,-0.502740050199391));
#2051=CARTESIAN_POINT('Ctrl Pts',(-121.666666666667,106.290445247433,-0.502740050199391));
#2052=CARTESIAN_POINT('Ctrl Pts',(-127.833333333333,106.290445247433,-0.502740050199391));
#2053=CARTESIAN_POINT('Ctrl Pts',(-134.,106.290445247433,-0.502740050199391));
#2054=CARTESIAN_POINT('',(-70.2,84.0991677313198,1.05115138256445));
#2055=CARTESIAN_POINT('Ctrl Pts',(0.,130.,0.));
#2056=CARTESIAN_POINT('Ctrl Pts',(-250.,130.,0.));
#2057=CARTESIAN_POINT('Ctrl Pts',(0.,129.878728014518,-0.000872461847726082));
#2058=CARTESIAN_POINT('Ctrl Pts',(-250.,129.878728014518,-0.000872461847726082));
#2059=CARTESIAN_POINT('Ctrl Pts',(0.,129.631760520356,-0.00285432130261172));
#2060=CARTESIAN_POINT('Ctrl Pts',(-250.,129.631760520356,-0.00285432130261172));
#2061=CARTESIAN_POINT('Ctrl Pts',(0.,129.248038460525,-0.0065379593186583));
#2062=CARTESIAN_POINT('Ctrl Pts',(-250.,129.248038460525,-0.0065379593186583));
#2063=CARTESIAN_POINT('Ctrl Pts',(0.,128.709867881344,-0.0128709044516372));
#2064=CARTESIAN_POINT('Ctrl Pts',(-250.,128.709867881344,-0.0128709044516372));
#2065=CARTESIAN_POINT('Ctrl Pts',(0.,127.993540234265,-0.0230927623473763));
#2066=CARTESIAN_POINT('Ctrl Pts',(-250.,127.993540234265,-0.0230927623473763));
#2067=CARTESIAN_POINT('Ctrl Pts',(0.,127.235517974636,-0.035422554345077));
#2068=CARTESIAN_POINT('Ctrl Pts',(-250.,127.235517974636,-0.035422554345077));
#2069=CARTESIAN_POINT('Ctrl Pts',(0.,126.439582426227,-0.0494759813961156));
#2070=CARTESIAN_POINT('Ctrl Pts',(-250.,126.439582426227,-0.0494759813961156));
#2071=CARTESIAN_POINT('Ctrl Pts',(0.,125.6122153294,-0.0645839853853857));
#2072=CARTESIAN_POINT('Ctrl Pts',(-250.,125.6122153294,-0.0645839853853857));
#2073=CARTESIAN_POINT('Ctrl Pts',(0.,124.762283897689,-0.0798848997425986));
#2074=CARTESIAN_POINT('Ctrl Pts',(-250.,124.762283897689,-0.0798848997425986));
#2075=CARTESIAN_POINT('Ctrl Pts',(0.,123.899968713395,-0.0945345260191098));
#2076=CARTESIAN_POINT('Ctrl Pts',(-250.,123.899968713395,-0.0945345260191098));
#2077=CARTESIAN_POINT('Ctrl Pts',(0.,123.035921967274,-0.107891407876439));
#2078=CARTESIAN_POINT('Ctrl Pts',(-250.,123.035921967274,-0.107891407876439));
#2079=CARTESIAN_POINT('Ctrl Pts',(0.,122.180322869939,-0.119689365131831));
#2080=CARTESIAN_POINT('Ctrl Pts',(-250.,122.180322869939,-0.119689365131831));
#2081=CARTESIAN_POINT('Ctrl Pts',(0.,121.341995760198,-0.130270921704765));
#2082=CARTESIAN_POINT('Ctrl Pts',(-250.,121.341995760198,-0.130270921704765));
#2083=CARTESIAN_POINT('Ctrl Pts',(0.,120.527447032151,-0.140610074959203));
#2084=CARTESIAN_POINT('Ctrl Pts',(-250.,120.527447032151,-0.140610074959203));
#2085=CARTESIAN_POINT('Ctrl Pts',(0.,119.739885819145,-0.151922558235033));
#2086=CARTESIAN_POINT('Ctrl Pts',(-250.,119.739885819145,-0.151922558235033));
#2087=CARTESIAN_POINT('Ctrl Pts',(0.,118.978127981961,-0.165348251227565));
#2088=CARTESIAN_POINT('Ctrl Pts',(-250.,118.978127981961,-0.165348251227565));
#2089=CARTESIAN_POINT('Ctrl Pts',(0.,118.235796333118,-0.181639069367227));
#2090=CARTESIAN_POINT('Ctrl Pts',(-250.,118.235796333118,-0.181639069367227));
#2091=CARTESIAN_POINT('Ctrl Pts',(0.,117.499792788457,-0.200762114365724));
#2092=CARTESIAN_POINT('Ctrl Pts',(-250.,117.499792788457,-0.200762114365724));
#2093=CARTESIAN_POINT('Ctrl Pts',(0.,116.751122103834,-0.221819889874964));
#2094=CARTESIAN_POINT('Ctrl Pts',(-250.,116.751122103834,-0.221819889874964));
#2095=CARTESIAN_POINT('Ctrl Pts',(0.,115.969709574293,-0.243532976834158));
#2096=CARTESIAN_POINT('Ctrl Pts',(-250.,115.969709574293,-0.243532976834158));
#2097=CARTESIAN_POINT('Ctrl Pts',(0.,115.138542485807,-0.264613981225203));
#2098=CARTESIAN_POINT('Ctrl Pts',(-250.,115.138542485807,-0.264613981225203));
#2099=CARTESIAN_POINT('Ctrl Pts',(0.,114.247618013152,-0.284147093366765));
#2100=CARTESIAN_POINT('Ctrl Pts',(-250.,114.247618013152,-0.284147093366765));
#2101=CARTESIAN_POINT('Ctrl Pts',(0.,113.299104561074,-0.302057591486149));
#2102=CARTESIAN_POINT('Ctrl Pts',(-250.,113.299104561074,-0.302057591486149));
#2103=CARTESIAN_POINT('Ctrl Pts',(0.,112.307754950483,-0.319197280215507));
#2104=CARTESIAN_POINT('Ctrl Pts',(-250.,112.307754950483,-0.319197280215507));
#2105=CARTESIAN_POINT('Ctrl Pts',(0.,111.295371300684,-0.336942493381009));
#2106=CARTESIAN_POINT('Ctrl Pts',(-250.,111.295371300684,-0.336942493381009));
#2107=CARTESIAN_POINT('Ctrl Pts',(0.,110.286883059207,-0.35692408447027));
#2108=CARTESIAN_POINT('Ctrl Pts',(-250.,110.286883059207,-0.35692408447027));
#2109=CARTESIAN_POINT('Ctrl Pts',(0.,109.305589336158,-0.380690034459048));
#2110=CARTESIAN_POINT('Ctrl Pts',(-250.,109.305589336158,-0.380690034459048));
#2111=CARTESIAN_POINT('Ctrl Pts',(0.,108.369176739707,-0.409428748429311));
#2112=CARTESIAN_POINT('Ctrl Pts',(-250.,108.369176739707,-0.409428748429311));
#2113=CARTESIAN_POINT('Ctrl Pts',(0.,107.484382483461,-0.443588458345129));
#2114=CARTESIAN_POINT('Ctrl Pts',(-250.,107.484382483461,-0.443588458345129));
#2115=CARTESIAN_POINT('Ctrl Pts',(0.,106.645874445115,-0.482817993670017));
#2116=CARTESIAN_POINT('Ctrl Pts',(-250.,106.645874445115,-0.482817993670017));
#2117=CARTESIAN_POINT('Ctrl Pts',(0.,105.84117232653,-0.526365240996355));
#2118=CARTESIAN_POINT('Ctrl Pts',(-250.,105.84117232653,-0.526365240996355));
#2119=CARTESIAN_POINT('Ctrl Pts',(0.,105.054201915101,-0.573374859963202));
#2120=CARTESIAN_POINT('Ctrl Pts',(-250.,105.054201915101,-0.573374859963202));
#2121=CARTESIAN_POINT('Ctrl Pts',(0.,104.269223888212,-0.623207357262217));
#2122=CARTESIAN_POINT('Ctrl Pts',(-250.,104.269223888212,-0.623207357262217));
#2123=CARTESIAN_POINT('Ctrl Pts',(0.,103.475019701241,-0.675794717206401));
#2124=CARTESIAN_POINT('Ctrl Pts',(-250.,103.475019701241,-0.675794717206401));
#2125=CARTESIAN_POINT('Ctrl Pts',(0.,102.667686555711,-0.731840413751897));
#2126=CARTESIAN_POINT('Ctrl Pts',(-250.,102.667686555711,-0.731840413751897));
#2127=CARTESIAN_POINT('Ctrl Pts',(0.,101.847703547872,-0.792397075112686));
#2128=CARTESIAN_POINT('Ctrl Pts',(-250.,101.847703547872,-0.792397075112686));
#2129=CARTESIAN_POINT('Ctrl Pts',(0.,101.017862570882,-0.858535781488808));
#2130=CARTESIAN_POINT('Ctrl Pts',(-250.,101.017862570882,-0.858535781488808));
#2131=CARTESIAN_POINT('Ctrl Pts',(0.,100.180919970099,-0.930989759002437));
#2132=CARTESIAN_POINT('Ctrl Pts',(-250.,100.180919970099,-0.930989759002437));
#2133=CARTESIAN_POINT('Ctrl Pts',(0.,99.3372288036659,-1.00978483125372));
#2134=CARTESIAN_POINT('Ctrl Pts',(-250.,99.3372288036659,-1.00978483125372));
#2135=CARTESIAN_POINT('Ctrl Pts',(0.,98.4827836762551,-1.09394573915027));
#2136=CARTESIAN_POINT('Ctrl Pts',(-250.,98.4827836762551,-1.09394573915027));
#2137=CARTESIAN_POINT('Ctrl Pts',(0.,97.6113112397963,-1.18190414095597));
#2138=CARTESIAN_POINT('Ctrl Pts',(-250.,97.6113112397963,-1.18190414095597));
#2139=CARTESIAN_POINT('Ctrl Pts',(0.,96.7159365563477,-1.27183340232799));
#2140=CARTESIAN_POINT('Ctrl Pts',(-250.,96.7159365563477,-1.27183340232799));
#2141=CARTESIAN_POINT('Ctrl Pts',(0.,95.7911016761113,-1.36202735008136));
#2142=CARTESIAN_POINT('Ctrl Pts',(-250.,95.7911016761113,-1.36202735008136));
#2143=CARTESIAN_POINT('Ctrl Pts',(0.,94.8341720328973,-1.45122375325268));
#2144=CARTESIAN_POINT('Ctrl Pts',(-250.,94.8341720328973,-1.45122375325268));
#2145=CARTESIAN_POINT('Ctrl Pts',(0.,93.8476911105971,-1.53904320394734));
#2146=CARTESIAN_POINT('Ctrl Pts',(-250.,93.8476911105971,-1.53904320394734));
#2147=CARTESIAN_POINT('Ctrl Pts',(0.,92.8390144843266,-1.62596091788567));
#2148=CARTESIAN_POINT('Ctrl Pts',(-250.,92.8390144843266,-1.62596091788567));
#2149=CARTESIAN_POINT('Ctrl Pts',(0.,91.8181928541736,-1.71296690514414));
#2150=CARTESIAN_POINT('Ctrl Pts',(-250.,91.8181928541736,-1.71296690514414));
#2151=CARTESIAN_POINT('Ctrl Pts',(0.,90.7964047623191,-1.80132314277266));
#2152=CARTESIAN_POINT('Ctrl Pts',(-250.,90.7964047623191,-1.80132314277266));
#2153=CARTESIAN_POINT('Ctrl Pts',(0.,89.7841023189625,-1.89227186048313));
#2154=CARTESIAN_POINT('Ctrl Pts',(-250.,89.7841023189625,-1.89227186048313));
#2155=CARTESIAN_POINT('Ctrl Pts',(0.,88.7894200415702,-1.98678549958598));
#2156=CARTESIAN_POINT('Ctrl Pts',(-250.,88.7894200415702,-1.98678549958598));
#2157=CARTESIAN_POINT('Ctrl Pts',(0.,87.8161296968025,-2.08524842697206));
#2158=CARTESIAN_POINT('Ctrl Pts',(-250.,87.8161296968025,-2.08524842697206));
#2159=CARTESIAN_POINT('Ctrl Pts',(0.,86.8629483135403,-2.18733901208136));
#2160=CARTESIAN_POINT('Ctrl Pts',(-250.,86.8629483135403,-2.18733901208136));
#2161=CARTESIAN_POINT('Ctrl Pts',(0.,85.9253532881963,-2.29228140350833));
#2162=CARTESIAN_POINT('Ctrl Pts',(-250.,85.9253532881963,-2.29228140350833));
#2163=CARTESIAN_POINT('Ctrl Pts',(0.,84.9968257200027,-2.39901342306949));
#2164=CARTESIAN_POINT('Ctrl Pts',(-250.,84.9968257200027,-2.39901342306949));
#2165=CARTESIAN_POINT('Ctrl Pts',(0.,84.0703709988877,-2.50639436859993));
#2166=CARTESIAN_POINT('Ctrl Pts',(-250.,84.0703709988877,-2.50639436859993));
#2167=CARTESIAN_POINT('Ctrl Pts',(0.,83.1398083026057,-2.61338100477579));
#2168=CARTESIAN_POINT('Ctrl Pts',(-250.,83.1398083026057,-2.61338100477579));
#2169=CARTESIAN_POINT('Ctrl Pts',(0.,82.2014350480679,-2.71925333075215));
#2170=CARTESIAN_POINT('Ctrl Pts',(-250.,82.2014350480679,-2.71925333075215));
#2171=CARTESIAN_POINT('Ctrl Pts',(0.,81.2545081648488,-2.82368511629903));
#2172=CARTESIAN_POINT('Ctrl Pts',(-250.,81.2545081648488,-2.82368511629903));
#2173=CARTESIAN_POINT('Ctrl Pts',(0.,80.3002554501066,-2.92662239415804));
#2174=CARTESIAN_POINT('Ctrl Pts',(-250.,80.3002554501066,-2.92662239415804));
#2175=CARTESIAN_POINT('Ctrl Pts',(0.,79.3412685592352,-3.02821135554456));
#2176=CARTESIAN_POINT('Ctrl Pts',(-250.,79.3412685592352,-3.02821135554456));
#2177=CARTESIAN_POINT('Ctrl Pts',(0.,78.3807188585986,-3.12870423845251));
#2178=CARTESIAN_POINT('Ctrl Pts',(-250.,78.3807188585986,-3.12870423845251));
#2179=CARTESIAN_POINT('Ctrl Pts',(0.,77.4217018048934,-3.2283793493277));
#2180=CARTESIAN_POINT('Ctrl Pts',(-250.,77.4217018048934,-3.2283793493277));
#2181=CARTESIAN_POINT('Ctrl Pts',(0.,76.4663962666289,-3.32744345441006));
#2182=CARTESIAN_POINT('Ctrl Pts',(-250.,76.4663962666289,-3.32744345441006));
#2183=CARTESIAN_POINT('Ctrl Pts',(0.,75.51582214302,-3.42598786821636));
#2184=CARTESIAN_POINT('Ctrl Pts',(-250.,75.51582214302,-3.42598786821636));
#2185=CARTESIAN_POINT('Ctrl Pts',(0.,74.5701575124154,-3.52399350423904));
#2186=CARTESIAN_POINT('Ctrl Pts',(-250.,74.5701575124154,-3.52399350423904));
#2187=CARTESIAN_POINT('Ctrl Pts',(0.,73.6289049786708,-3.62132358840626));
#2188=CARTESIAN_POINT('Ctrl Pts',(-250.,73.6289049786708,-3.62132358840626));
#2189=CARTESIAN_POINT('Ctrl Pts',(0.,72.6911157836531,-3.71771925504641));
#2190=CARTESIAN_POINT('Ctrl Pts',(-250.,72.6911157836531,-3.71771925504641));
#2191=CARTESIAN_POINT('Ctrl Pts',(0.,71.7555975599922,-3.81279880591874));
#2192=CARTESIAN_POINT('Ctrl Pts',(-250.,71.7555975599922,-3.81279880591874));
#2193=CARTESIAN_POINT('Ctrl Pts',(0.,70.8211075706406,-3.90604298621879));
#2194=CARTESIAN_POINT('Ctrl Pts',(-250.,70.8211075706406,-3.90604298621879));
#2195=CARTESIAN_POINT('Ctrl Pts',(0.,69.8866535449528,-3.99684337971006));
#2196=CARTESIAN_POINT('Ctrl Pts',(-250.,69.8866535449528,-3.99684337971006));
#2197=CARTESIAN_POINT('Ctrl Pts',(0.,68.9518807720421,-4.0845937535073));
#2198=CARTESIAN_POINT('Ctrl Pts',(-250.,68.9518807720421,-4.0845937535073));
#2199=CARTESIAN_POINT('Ctrl Pts',(0.,68.0174166091991,-4.16876657571805));
#2200=CARTESIAN_POINT('Ctrl Pts',(-250.,68.0174166091991,-4.16876657571805));
#2201=CARTESIAN_POINT('Ctrl Pts',(0.,67.0852693259853,-4.24899994622014));
#2202=CARTESIAN_POINT('Ctrl Pts',(-250.,67.0852693259853,-4.24899994622014));
#2203=CARTESIAN_POINT('Ctrl Pts',(0.,66.1591189532514,-4.3251701446717));
#2204=CARTESIAN_POINT('Ctrl Pts',(-250.,66.1591189532514,-4.3251701446717));
#2205=CARTESIAN_POINT('Ctrl Pts',(0.,65.2448751471203,-4.39749622318893));
#2206=CARTESIAN_POINT('Ctrl Pts',(-250.,65.2448751471203,-4.39749622318893));
#2207=CARTESIAN_POINT('Ctrl Pts',(0.,64.349580398383,-4.46644942350122));
#2208=CARTESIAN_POINT('Ctrl Pts',(-250.,64.349580398383,-4.46644942350122));
#2209=CARTESIAN_POINT('Ctrl Pts',(0.,63.4798946501054,-4.53261195228672));
#2210=CARTESIAN_POINT('Ctrl Pts',(-250.,63.4798946501054,-4.53261195228672));
#2211=CARTESIAN_POINT('Ctrl Pts',(0.,62.6406568975114,-4.59654797632349));
#2212=CARTESIAN_POINT('Ctrl Pts',(-250.,62.6406568975114,-4.59654797632349));
#2213=CARTESIAN_POINT('Ctrl Pts',(0.,61.8335576833023,-4.65868042893459));
#2214=CARTESIAN_POINT('Ctrl Pts',(-250.,61.8335576833023,-4.65868042893459));
#2215=CARTESIAN_POINT('Ctrl Pts',(0.,61.055418373265,-4.71913905415668));
#2216=CARTESIAN_POINT('Ctrl Pts',(-250.,61.055418373265,-4.71913905415668));
#2217=CARTESIAN_POINT('Ctrl Pts',(0.,60.2977588789512,-4.77770592987572));
#2218=CARTESIAN_POINT('Ctrl Pts',(-250.,60.2977588789512,-4.77770592987572));
#2219=CARTESIAN_POINT('Ctrl Pts',(0.,59.5493842155108,-4.83398952260043));
#2220=CARTESIAN_POINT('Ctrl Pts',(-250.,59.5493842155108,-4.83398952260043));
#2221=CARTESIAN_POINT('Ctrl Pts',(0.,58.7984467711429,-4.88756029682037));
#2222=CARTESIAN_POINT('Ctrl Pts',(-250.,58.7984467711429,-4.88756029682037));
#2223=CARTESIAN_POINT('Ctrl Pts',(0.,58.0345617887986,-4.93808714668893));
#2224=CARTESIAN_POINT('Ctrl Pts',(-250.,58.0345617887986,-4.93808714668893));
#2225=CARTESIAN_POINT('Ctrl Pts',(0.,57.2512790753849,-4.98550876426124));
#2226=CARTESIAN_POINT('Ctrl Pts',(-250.,57.2512790753849,-4.98550876426124));
#2227=CARTESIAN_POINT('Ctrl Pts',(0.,56.4468612594876,-5.030047617217));
#2228=CARTESIAN_POINT('Ctrl Pts',(-250.,56.4468612594876,-5.030047617217));
#2229=CARTESIAN_POINT('Ctrl Pts',(0.,55.6234041723727,-5.07207671118904));
#2230=CARTESIAN_POINT('Ctrl Pts',(-250.,55.6234041723727,-5.07207671118904));
#2231=CARTESIAN_POINT('Ctrl Pts',(0.,54.786474487305,-5.11202382787002));
#2232=CARTESIAN_POINT('Ctrl Pts',(-250.,54.786474487305,-5.11202382787002));
#2233=CARTESIAN_POINT('Ctrl Pts',(0.,53.9444175981143,-5.15026817668732));
#2234=CARTESIAN_POINT('Ctrl Pts',(-250.,53.9444175981143,-5.15026817668732));
#2235=CARTESIAN_POINT('Ctrl Pts',(0.,53.1080957981631,-5.18702141434439));
#2236=CARTESIAN_POINT('Ctrl Pts',(-250.,53.1080957981631,-5.18702141434439));
#2237=CARTESIAN_POINT('Ctrl Pts',(0.,52.2893777732793,-5.22228651759177));
#2238=CARTESIAN_POINT('Ctrl Pts',(-250.,52.2893777732793,-5.22228651759177));
#2239=CARTESIAN_POINT('Ctrl Pts',(0.,51.4983648306382,-5.25591340717978));
#2240=CARTESIAN_POINT('Ctrl Pts',(-250.,51.4983648306382,-5.25591340717978));
#2241=CARTESIAN_POINT('Ctrl Pts',(0.,50.7407295472079,-5.28762942464648));
#2242=CARTESIAN_POINT('Ctrl Pts',(-250.,50.7407295472079,-5.28762942464648));
#2243=CARTESIAN_POINT('Ctrl Pts',(0.,50.0154657281734,-5.31707975663332));
#2244=CARTESIAN_POINT('Ctrl Pts',(-250.,50.0154657281734,-5.31707975663332));
#2245=CARTESIAN_POINT('Ctrl Pts',(0.,49.3113436110896,-5.34386420948989));
#2246=CARTESIAN_POINT('Ctrl Pts',(-250.,49.3113436110896,-5.34386420948989));
#2247=CARTESIAN_POINT('Ctrl Pts',(0.,48.6082510677638,-5.36757306133372));
#2248=CARTESIAN_POINT('Ctrl Pts',(-250.,48.6082510677638,-5.36757306133372));
#2249=CARTESIAN_POINT('Ctrl Pts',(0.,47.8836674091871,-5.38781904900556));
#2250=CARTESIAN_POINT('Ctrl Pts',(-250.,47.8836674091871,-5.38781904900556));
#2251=CARTESIAN_POINT('Ctrl Pts',(0.,47.117861324363,-5.4042706385021));
#2252=CARTESIAN_POINT('Ctrl Pts',(-250.,47.117861324363,-5.4042706385021));
#2253=CARTESIAN_POINT('Ctrl Pts',(0.,46.299397595186,-5.41668452492131));
#2254=CARTESIAN_POINT('Ctrl Pts',(-250.,46.299397595186,-5.41668452492131));
#2255=CARTESIAN_POINT('Ctrl Pts',(0.,45.4310781328864,-5.42493919552231));
#2256=CARTESIAN_POINT('Ctrl Pts',(-250.,45.4310781328864,-5.42493919552231));
#2257=CARTESIAN_POINT('Ctrl Pts',(0.,44.5260459654769,-5.42905221418541));
#2258=CARTESIAN_POINT('Ctrl Pts',(-250.,44.5260459654769,-5.42905221418541));
#2259=CARTESIAN_POINT('Ctrl Pts',(0.,43.6031267396487,-5.4291946861865));
#2260=CARTESIAN_POINT('Ctrl Pts',(-250.,43.6031267396487,-5.4291946861865));
#2261=CARTESIAN_POINT('Ctrl Pts',(0.,42.6822845311939,-5.42570975299192));
#2262=CARTESIAN_POINT('Ctrl Pts',(-250.,42.6822845311939,-5.42570975299192));
#2263=CARTESIAN_POINT('Ctrl Pts',(0.,41.7804038490494,-5.41912270228961));
#2264=CARTESIAN_POINT('Ctrl Pts',(-250.,41.7804038490494,-5.41912270228961));
#2265=CARTESIAN_POINT('Ctrl Pts',(0.,40.9060216823333,-5.41017109226225));
#2266=CARTESIAN_POINT('Ctrl Pts',(-250.,40.9060216823333,-5.41017109226225));
#2267=CARTESIAN_POINT('Ctrl Pts',(0.,40.0577260274849,-5.39976852909331));
#2268=CARTESIAN_POINT('Ctrl Pts',(-250.,40.0577260274849,-5.39976852909331));
#2269=CARTESIAN_POINT('Ctrl Pts',(0.,39.2281777121322,-5.38886836337369));
#2270=CARTESIAN_POINT('Ctrl Pts',(-250.,39.2281777121322,-5.38886836337369));
#2271=CARTESIAN_POINT('Ctrl Pts',(0.,38.4068328459613,-5.37834948796725));
#2272=CARTESIAN_POINT('Ctrl Pts',(-250.,38.4068328459613,-5.37834948796725));
#2273=CARTESIAN_POINT('Ctrl Pts',(0.,37.5831114445699,-5.36889666536585));
#2274=CARTESIAN_POINT('Ctrl Pts',(-250.,37.5831114445699,-5.36889666536585));
#2275=CARTESIAN_POINT('Ctrl Pts',(0.,36.7495567418619,-5.36087500618704));
#2276=CARTESIAN_POINT('Ctrl Pts',(-250.,36.7495567418619,-5.36087500618704));
#2277=CARTESIAN_POINT('Ctrl Pts',(0.,35.9044655374682,-5.35423077518612));
#2278=CARTESIAN_POINT('Ctrl Pts',(-250.,35.9044655374682,-5.35423077518612));
#2279=CARTESIAN_POINT('Ctrl Pts',(0.,35.0500359422571,-5.34859087814714));
#2280=CARTESIAN_POINT('Ctrl Pts',(-250.,35.0500359422571,-5.34859087814714));
#2281=CARTESIAN_POINT('Ctrl Pts',(0.,34.1910036249576,-5.3433415000972));
#2282=CARTESIAN_POINT('Ctrl Pts',(-250.,34.1910036249576,-5.3433415000972));
#2283=CARTESIAN_POINT('Ctrl Pts',(0.,33.3330639818938,-5.33771492555942));
#2284=CARTESIAN_POINT('Ctrl Pts',(-250.,33.3330639818938,-5.33771492555942));
#2285=CARTESIAN_POINT('Ctrl Pts',(0.,32.4814463322711,-5.3308723103712));
#2286=CARTESIAN_POINT('Ctrl Pts',(-250.,32.4814463322711,-5.3308723103712));
#2287=CARTESIAN_POINT('Ctrl Pts',(0.,31.639262851883,-5.32198958954914));
#2288=CARTESIAN_POINT('Ctrl Pts',(-250.,31.639262851883,-5.32198958954914));
#2289=CARTESIAN_POINT('Ctrl Pts',(0.,30.8075374496356,-5.31032510599703));
#2290=CARTESIAN_POINT('Ctrl Pts',(-250.,30.8075374496356,-5.31032510599703));
#2291=CARTESIAN_POINT('Ctrl Pts',(0.,29.9855230770829,-5.2952817194195));
#2292=CARTESIAN_POINT('Ctrl Pts',(-250.,29.9855230770829,-5.2952817194195));
#2293=CARTESIAN_POINT('Ctrl Pts',(0.,29.1708938851253,-5.27647604586981));
#2294=CARTESIAN_POINT('Ctrl Pts',(-250.,29.1708938851253,-5.27647604586981));
#2295=CARTESIAN_POINT('Ctrl Pts',(0.,28.3600445313778,-5.25379302629832));
#2296=CARTESIAN_POINT('Ctrl Pts',(-250.,28.3600445313778,-5.25379302629832));
#2297=CARTESIAN_POINT('Ctrl Pts',(0.,27.5482047790591,-5.22747648110103));
#2298=CARTESIAN_POINT('Ctrl Pts',(-250.,27.5482047790591,-5.22747648110103));
#2299=CARTESIAN_POINT('Ctrl Pts',(0.,26.7303376781638,-5.19804976499451));
#2300=CARTESIAN_POINT('Ctrl Pts',(-250.,26.7303376781638,-5.19804976499451));
#2301=CARTESIAN_POINT('Ctrl Pts',(0.,25.9023440714719,-5.16615847923701));
#2302=CARTESIAN_POINT('Ctrl Pts',(-250.,25.9023440714719,-5.16615847923701));
#2303=CARTESIAN_POINT('Ctrl Pts',(0.,25.0622740850424,-5.13243236605935));
#2304=CARTESIAN_POINT('Ctrl Pts',(-250.,25.0622740850424,-5.13243236605935));
#2305=CARTESIAN_POINT('Ctrl Pts',(0.,24.2113069464086,-5.09735138842434));
#2306=CARTESIAN_POINT('Ctrl Pts',(-250.,24.2113069464086,-5.09735138842434));
#2307=CARTESIAN_POINT('Ctrl Pts',(0.,23.3553945855176,-5.0610800696914));
#2308=CARTESIAN_POINT('Ctrl Pts',(-250.,23.3553945855176,-5.0610800696914));
#2309=CARTESIAN_POINT('Ctrl Pts',(0.,22.5043518642425,-5.02343706089394));
#2310=CARTESIAN_POINT('Ctrl Pts',(-250.,22.5043518642425,-5.02343706089394));
#2311=CARTESIAN_POINT('Ctrl Pts',(0.,21.6686932969084,-4.98399249308373));
#2312=CARTESIAN_POINT('Ctrl Pts',(-250.,21.6686932969084,-4.98399249308373));
#2313=CARTESIAN_POINT('Ctrl Pts',(0.,20.8569446692448,-4.94212825899271));
#2314=CARTESIAN_POINT('Ctrl Pts',(-250.,20.8569446692448,-4.94212825899271));
#2315=CARTESIAN_POINT('Ctrl Pts',(0.,20.0730882172598,-4.89711661535466));
#2316=CARTESIAN_POINT('Ctrl Pts',(-250.,20.0730882172598,-4.89711661535466));
#2317=CARTESIAN_POINT('Ctrl Pts',(0.,19.3131623353332,-4.84818330460361));
#2318=CARTESIAN_POINT('Ctrl Pts',(-250.,19.3131623353332,-4.84818330460361));
#2319=CARTESIAN_POINT('Ctrl Pts',(0.,18.5648196549222,-4.79460154818429));
#2320=CARTESIAN_POINT('Ctrl Pts',(-250.,18.5648196549222,-4.79460154818429));
#2321=CARTESIAN_POINT('Ctrl Pts',(0.,17.8129398290381,-4.73583104313079));
#2322=CARTESIAN_POINT('Ctrl Pts',(-250.,17.8129398290381,-4.73583104313079));
#2323=CARTESIAN_POINT('Ctrl Pts',(0.,17.044284160226,-4.67166237607009));
#2324=CARTESIAN_POINT('Ctrl Pts',(-250.,17.044284160226,-4.67166237607009));
#2325=CARTESIAN_POINT('Ctrl Pts',(0.,16.2518739008494,-4.60232847047427));
#2326=CARTESIAN_POINT('Ctrl Pts',(-250.,16.2518739008494,-4.60232847047427));
#2327=CARTESIAN_POINT('Ctrl Pts',(0.,15.4411027938489,-4.52870580882555));
#2328=CARTESIAN_POINT('Ctrl Pts',(-250.,15.4411027938489,-4.52870580882555));
#2329=CARTESIAN_POINT('Ctrl Pts',(0.,14.6283824118657,-4.45216299070981));
#2330=CARTESIAN_POINT('Ctrl Pts',(-250.,14.6283824118657,-4.45216299070981));
#2331=CARTESIAN_POINT('Ctrl Pts',(0.,13.8337345695458,-4.37413034454997));
#2332=CARTESIAN_POINT('Ctrl Pts',(-250.,13.8337345695458,-4.37413034454997));
#2333=CARTESIAN_POINT('Ctrl Pts',(0.,13.0747271133147,-4.295727392112));
#2334=CARTESIAN_POINT('Ctrl Pts',(-250.,13.0747271133147,-4.295727392112));
#2335=CARTESIAN_POINT('Ctrl Pts',(0.,12.3607020274554,-4.21741377897682));
#2336=CARTESIAN_POINT('Ctrl Pts',(-250.,12.3607020274554,-4.21741377897682));
#2337=CARTESIAN_POINT('Ctrl Pts',(0.,11.684766421589,-4.13851200426592));
#2338=CARTESIAN_POINT('Ctrl Pts',(-250.,11.684766421589,-4.13851200426592));
#2339=CARTESIAN_POINT('Ctrl Pts',(0.,11.0268149800082,-4.05734435664729));
#2340=CARTESIAN_POINT('Ctrl Pts',(-250.,11.0268149800082,-4.05734435664729));
#2341=CARTESIAN_POINT('Ctrl Pts',(0.,10.3639492753858,-3.97176665523074));
#2342=CARTESIAN_POINT('Ctrl Pts',(-250.,10.3639492753858,-3.97176665523074));
#2343=CARTESIAN_POINT('Ctrl Pts',(0.,9.67785917615953,-3.87955934600253));
#2344=CARTESIAN_POINT('Ctrl Pts',(-250.,9.67785917615953,-3.87955934600253));
#2345=CARTESIAN_POINT('Ctrl Pts',(0.,8.96526704395129,-3.77892790657128));
#2346=CARTESIAN_POINT('Ctrl Pts',(-250.,8.96526704395129,-3.77892790657128));
#2347=CARTESIAN_POINT('Ctrl Pts',(0.,8.24113485335753,-3.66878971812791));
#2348=CARTESIAN_POINT('Ctrl Pts',(-250.,8.24113485335753,-3.66878971812791));
#2349=CARTESIAN_POINT('Ctrl Pts',(0.,7.52762670880682,-3.54864670627644));
#2350=CARTESIAN_POINT('Ctrl Pts',(-250.,7.52762670880682,-3.54864670627644));
#2351=CARTESIAN_POINT('Ctrl Pts',(0.,6.84570901484165,-3.41855441047615));
#2352=CARTESIAN_POINT('Ctrl Pts',(-250.,6.84570901484165,-3.41855441047615));
#2353=CARTESIAN_POINT('Ctrl Pts',(0.,6.20629004422304,-3.27902581335001));
#2354=CARTESIAN_POINT('Ctrl Pts',(-250.,6.20629004422304,-3.27902581335001));
#2355=CARTESIAN_POINT('Ctrl Pts',(0.,5.60000307799049,-3.13103522188353));
#2356=CARTESIAN_POINT('Ctrl Pts',(-250.,5.60000307799049,-3.13103522188353));
#2357=CARTESIAN_POINT('Ctrl Pts',(0.,5.00553177684148,-2.97508761188052));
#2358=CARTESIAN_POINT('Ctrl Pts',(-250.,5.00553177684148,-2.97508761188052));
#2359=CARTESIAN_POINT('Ctrl Pts',(0.,4.40089970145497,-2.81010470065967));
#2360=CARTESIAN_POINT('Ctrl Pts',(-250.,4.40089970145497,-2.81010470065967));
#2361=CARTESIAN_POINT('Ctrl Pts',(0.,3.77318857199613,-2.63248309018975));
#2362=CARTESIAN_POINT('Ctrl Pts',(-250.,3.77318857199613,-2.63248309018975));
#2363=CARTESIAN_POINT('Ctrl Pts',(0.,3.13025699885565,-2.43479632496658));
#2364=CARTESIAN_POINT('Ctrl Pts',(-250.,3.13025699885565,-2.43479632496658));
#2365=CARTESIAN_POINT('Ctrl Pts',(0.,2.49458278573994,-2.20849709535953));
#2366=CARTESIAN_POINT('Ctrl Pts',(-250.,2.49458278573994,-2.20849709535953));
#2367=CARTESIAN_POINT('Ctrl Pts',(0.,1.89470238944398,-1.94733881246281));
#2368=CARTESIAN_POINT('Ctrl Pts',(-250.,1.89470238944398,-1.94733881246281));
#2369=CARTESIAN_POINT('Ctrl Pts',(0.,1.35807117628186,-1.65010460110976));
#2370=CARTESIAN_POINT('Ctrl Pts',(-250.,1.35807117628186,-1.65010460110976));
#2371=CARTESIAN_POINT('Ctrl Pts',(0.,0.901902358595871,-1.32471489463748));
#2372=CARTESIAN_POINT('Ctrl Pts',(-250.,0.901902358595871,-1.32471489463748));
#2373=CARTESIAN_POINT('Ctrl Pts',(0.,0.534137351984283,-0.984886851441684));
#2374=CARTESIAN_POINT('Ctrl Pts',(-250.,0.534137351984283,-0.984886851441684));
#2375=CARTESIAN_POINT('Ctrl Pts',(0.,0.257257234630324,-0.64502811049282));
#2376=CARTESIAN_POINT('Ctrl Pts',(-250.,0.257257234630324,-0.64502811049282));
#2377=CARTESIAN_POINT('Ctrl Pts',(0.,0.108665737111607,-0.380813807648821));
#2378=CARTESIAN_POINT('Ctrl Pts',(-250.,0.108665737111607,-0.380813807648821));
#2379=CARTESIAN_POINT('Ctrl Pts',(0.,0.0383479513676969,-0.188223319090041));
#2380=CARTESIAN_POINT('Ctrl Pts',(-250.,0.0383479513676969,-0.188223319090041));
#2381=CARTESIAN_POINT('Ctrl Pts',(0.,0.00973761543283682,-0.0623258647802749));
#2382=CARTESIAN_POINT('Ctrl Pts',(-250.,0.00973761543283682,-0.0623258647802749));
#2383=CARTESIAN_POINT('Ctrl Pts',(0.,0.,0.));
#2384=CARTESIAN_POINT('Ctrl Pts',(-250.,0.,0.));
#2385=CARTESIAN_POINT('',(-70.2,130.,0.));
#2386=CARTESIAN_POINT('',(0.,130.,0.));
#2387=CARTESIAN_POINT('',(-70.2,114.879353512053,-0.269871853115518));
#2388=CARTESIAN_POINT('Ctrl Pts',(-70.2,130.,0.));
#2389=CARTESIAN_POINT('Ctrl Pts',(-70.2,129.807309685264,-0.00138626367305483));
#2390=CARTESIAN_POINT('Ctrl Pts',(-70.2,129.607915935424,-0.00313172306584263));
#2391=CARTESIAN_POINT('Ctrl Pts',(-70.2,129.401830951376,-0.00523509669903814));
#2392=CARTESIAN_POINT('Ctrl Pts',(-70.2,129.239439634359,-0.00689251786464706));
#2393=CARTESIAN_POINT('Ctrl Pts',(-70.2,129.072892666096,-0.00877226942721716));
#2394=CARTESIAN_POINT('Ctrl Pts',(-70.2,128.902229698724,-0.0108702861405115));
#2395=CARTESIAN_POINT('Ctrl Pts',(-70.2,128.747328895914,-0.0127745333137785));
#2396=CARTESIAN_POINT('Ctrl Pts',(-70.2,128.58903670011,-0.0148586519789671));
#2397=CARTESIAN_POINT('Ctrl Pts',(-70.2,128.427423743437,-0.0171153833693765));
#2398=CARTESIAN_POINT('Ctrl Pts',(-70.2,128.275221982854,-0.0192406986773305));
#2399=CARTESIAN_POINT('Ctrl Pts',(-70.2,128.120074656998,-0.0215191325068944));
#2400=CARTESIAN_POINT('Ctrl Pts',(-70.2,127.962084846251,-0.0239401284067305));
#2401=CARTESIAN_POINT('Ctrl Pts',(-70.2,127.813058861821,-0.0262237648992938));
#2402=CARTESIAN_POINT('Ctrl Pts',(-70.2,127.661503525729,-0.0286342768872178));
#2403=CARTESIAN_POINT('Ctrl Pts',(-70.2,127.507549248928,-0.0311583634518247));
#2404=CARTESIAN_POINT('Ctrl Pts',(-70.2,127.35824489718,-0.033606214308027));
#2405=CARTESIAN_POINT('Ctrl Pts',(-70.2,127.206683912765,-0.0361609337542206));
#2406=CARTESIAN_POINT('Ctrl Pts',(-70.2,127.053033327676,-0.0388053958576992));
#2407=CARTESIAN_POINT('Ctrl Pts',(-70.2,126.897291873017,-0.0414858436708117));
#2408=CARTESIAN_POINT('Ctrl Pts',(-70.2,126.739403586125,-0.0442584482890849));
#2409=CARTESIAN_POINT('Ctrl Pts',(-70.2,126.579596728782,-0.0470999455242146));
#2410=CARTESIAN_POINT('Ctrl Pts',(-70.2,126.412783773901,-0.0500660169304067));
#2411=CARTESIAN_POINT('Ctrl Pts',(-70.2,126.243880364753,-0.0531070787883141));
#2412=CARTESIAN_POINT('Ctrl Pts',(-70.2,126.073205015902,-0.0561916702454804));
#2413=CARTESIAN_POINT('Ctrl Pts',(-70.2,125.886333074288,-0.0595689804344725));
#2414=CARTESIAN_POINT('Ctrl Pts',(-70.2,125.697337509675,-0.0629982246545324));
#2415=CARTESIAN_POINT('Ctrl Pts',(-70.2,125.50670119989,-0.066434804278744));
#2416=CARTESIAN_POINT('Ctrl Pts',(-70.2,125.288820139745,-0.0703625219975594));
#2417=CARTESIAN_POINT('Ctrl Pts',(-70.2,125.068796768579,-0.0742992701109912));
#2418=CARTESIAN_POINT('Ctrl Pts',(-70.2,124.847420589159,-0.0781809639850316));
#2419=CARTESIAN_POINT('Ctrl Pts',(-70.2,124.57225633002,-0.0830057984448831));
#2420=CARTESIAN_POINT('Ctrl Pts',(-70.2,124.295005982395,-0.0877435124031588));
#2421=CARTESIAN_POINT('Ctrl Pts',(-70.2,124.017251278338,-0.0922963491961916));
#2422=CARTESIAN_POINT('Ctrl Pts',(-70.2,123.807731024914,-0.0957307159404567));
#2423=CARTESIAN_POINT('Ctrl Pts',(-70.2,123.597926320985,-0.0990602325777108));
#2424=CARTESIAN_POINT('Ctrl Pts',(-70.2,123.38850109367,-0.102261693670074));
#2425=CARTESIAN_POINT('Ctrl Pts',(-70.2,123.196650343629,-0.105194495604542));
#2426=CARTESIAN_POINT('Ctrl Pts',(-70.2,123.005119027711,-0.108019714793949));
#2427=CARTESIAN_POINT('Ctrl Pts',(-70.2,122.814383555512,-0.110737168231034));
#2428=CARTESIAN_POINT('Ctrl Pts',(-70.2,122.635569050326,-0.113284780828301));
#2429=CARTESIAN_POINT('Ctrl Pts',(-70.2,122.457454673898,-0.115737801399649));
#2430=CARTESIAN_POINT('Ctrl Pts',(-70.2,122.280390709818,-0.118112254868377));
#2431=CARTESIAN_POINT('Ctrl Pts',(-70.2,122.114393243492,-0.12033830499531));
#2432=CARTESIAN_POINT('Ctrl Pts',(-70.2,121.949319318596,-0.122495513081164));
#2433=CARTESIAN_POINT('Ctrl Pts',(-70.2,121.785412567889,-0.124609603338761));
#2434=CARTESIAN_POINT('Ctrl Pts',(-70.2,121.631021888973,-0.126600954083947));
#2435=CARTESIAN_POINT('Ctrl Pts',(-70.2,121.477666950136,-0.128554367688383));
#2436=CARTESIAN_POINT('Ctrl Pts',(-70.2,121.325506811667,-0.130498584971001));
#2437=CARTESIAN_POINT('Ctrl Pts',(-70.2,121.179026190766,-0.132370232549593));
#2438=CARTESIAN_POINT('Ctrl Pts',(-70.2,121.033653072431,-0.1342335550143));
#2439=CARTESIAN_POINT('Ctrl Pts',(-70.2,120.889483927573,-0.136117472699919));
#2440=CARTESIAN_POINT('Ctrl Pts',(-70.2,120.749715376812,-0.137943886007235));
#2441=CARTESIAN_POINT('Ctrl Pts',(-70.2,120.611078642749,-0.139789796037675));
#2442=CARTESIAN_POINT('Ctrl Pts',(-70.2,120.473614708453,-0.141682342841826));
#2443=CARTESIAN_POINT('Ctrl Pts',(-70.2,120.339195583585,-0.143532969964424));
#2444=CARTESIAN_POINT('Ctrl Pts',(-70.2,120.20589803368,-0.145428304851552));
#2445=CARTESIAN_POINT('Ctrl Pts',(-70.2,120.073711842035,-0.147392650184749));
#2446=CARTESIAN_POINT('Ctrl Pts',(-70.2,119.944406509788,-0.149314184671773));
#2447=CARTESIAN_POINT('Ctrl Pts',(-70.2,119.816164711014,-0.151301850028625));
#2448=CARTESIAN_POINT('Ctrl Pts',(-70.2,119.688928270748,-0.153375831268378));
#2449=CARTESIAN_POINT('Ctrl Pts',(-70.2,119.565407307303,-0.155389249439828));
#2450=CARTESIAN_POINT('Ctrl Pts',(-70.2,119.442833984371,-0.157484105734825));
#2451=CARTESIAN_POINT('Ctrl Pts',(-70.2,119.32110748024,-0.159675124386674));
#2452=CARTESIAN_POINT('Ctrl Pts',(-70.2,119.202407769197,-0.161811662215665));
#2453=CARTESIAN_POINT('Ctrl Pts',(-70.2,119.084513474109,-0.164039721004238));
#2454=CARTESIAN_POINT('Ctrl Pts',(-70.2,118.967282516001,-0.166368071431209));
#2455=CARTESIAN_POINT('Ctrl Pts',(-70.2,118.849734157207,-0.168702725824611));
#2456=CARTESIAN_POINT('Ctrl Pts',(-70.2,118.732852810851,-0.171138273590407));
#2457=CARTESIAN_POINT('Ctrl Pts',(-70.2,118.616442556115,-0.173677395317356));
#2458=CARTESIAN_POINT('Ctrl Pts',(-70.2,118.498351584633,-0.176253176567294));
#2459=CARTESIAN_POINT('Ctrl Pts',(-70.2,118.380745315178,-0.178935581740237));
#2460=CARTESIAN_POINT('Ctrl Pts',(-70.2,118.263365826314,-0.181720443498834));
#2461=CARTESIAN_POINT('Ctrl Pts',(-70.2,118.13868580308,-0.184678512511806));
#2462=CARTESIAN_POINT('Ctrl Pts',(-70.2,118.014261377209,-0.187752209495502));
#2463=CARTESIAN_POINT('Ctrl Pts',(-70.2,117.889723748213,-0.190927828168745));
#2464=CARTESIAN_POINT('Ctrl Pts',(-70.2,117.735595077874,-0.194857996805778));
#2465=CARTESIAN_POINT('Ctrl Pts',(-70.2,117.581291792514,-0.198944354661074));
#2466=CARTESIAN_POINT('Ctrl Pts',(-70.2,117.426035254916,-0.203146658629176));
#2467=CARTESIAN_POINT('Ctrl Pts',(-70.2,117.23943918969,-0.208197224598653));
#2468=CARTESIAN_POINT('Ctrl Pts',(-70.2,117.051458126831,-0.21341490557966));
#2469=CARTESIAN_POINT('Ctrl Pts',(-70.2,116.860712968554,-0.218713432339997));
#2470=CARTESIAN_POINT('Ctrl Pts',(-70.2,116.723353847302,-0.222528999593716));
#2471=CARTESIAN_POINT('Ctrl Pts',(-70.2,116.584560123137,-0.226386064407672));
#2472=CARTESIAN_POINT('Ctrl Pts',(-70.2,116.443853574631,-0.230250893602319));
#2473=CARTESIAN_POINT('Ctrl Pts',(-70.2,116.320665498879,-0.23363453762355));
#2474=CARTESIAN_POINT('Ctrl Pts',(-70.2,116.196010930149,-0.237024037505116));
#2475=CARTESIAN_POINT('Ctrl Pts',(-70.2,116.069609432492,-0.2403979338117));
#2476=CARTESIAN_POINT('Ctrl Pts',(-70.2,115.951439090143,-0.243552124932777));
#2477=CARTESIAN_POINT('Ctrl Pts',(-70.2,115.831741558152,-0.246692620497797));
#2478=CARTESIAN_POINT('Ctrl Pts',(-70.2,115.710330381848,-0.249803983907278));
#2479=CARTESIAN_POINT('Ctrl Pts',(-70.2,115.594582127692,-0.252770225514149));
#2480=CARTESIAN_POINT('Ctrl Pts',(-70.2,115.47727591213,-0.255709936786914));
#2481=CARTESIAN_POINT('Ctrl Pts',(-70.2,115.35829646344,-0.25861251103213));
#2482=CARTESIAN_POINT('Ctrl Pts',(-70.2,115.244936368212,-0.261377997815477));
#2483=CARTESIAN_POINT('Ctrl Pts',(-70.2,115.130057112038,-0.264109740255184));
#2484=CARTESIAN_POINT('Ctrl Pts',(-70.2,115.013606865644,-0.266801730869683));
#2485=CARTESIAN_POINT('Ctrl Pts',(-70.2,114.969085132213,-0.267830943707353));
#2486=CARTESIAN_POINT('Ctrl Pts',(-70.2,114.924334301781,-0.268854382745458));
#2487=CARTESIAN_POINT('Ctrl Pts',(-70.2,114.879353512053,-0.269871853115379));
#2488=CARTESIAN_POINT('',(-73.2,114.879353512053,-0.269871853115518));
#2489=CARTESIAN_POINT('Ctrl Pts',(-70.2,114.879353512053,-0.269871853115379));
#2490=CARTESIAN_POINT('Ctrl Pts',(-71.2,114.879353512053,-0.269871853115379));
#2491=CARTESIAN_POINT('Ctrl Pts',(-72.2,114.879353512053,-0.269871853115518));
#2492=CARTESIAN_POINT('Ctrl Pts',(-73.2,114.879353512053,-0.269871853115518));
#2493=CARTESIAN_POINT('',(-73.2,114.778498089613,-0.272134592344143));
#2494=CARTESIAN_POINT('Ctrl Pts',(-73.2,114.879353512053,-0.269871853115379));
#2495=CARTESIAN_POINT('Ctrl Pts',(-73.2,114.845738620384,-0.270632225631456));
#2496=CARTESIAN_POINT('Ctrl Pts',(-73.2,114.812127361264,-0.271386282608213));
#2497=CARTESIAN_POINT('Ctrl Pts',(-73.2,114.778498089613,-0.272134592344143));
#2498=CARTESIAN_POINT('',(-70.2,114.778498089613,-0.272134592344143));
#2499=CARTESIAN_POINT('Ctrl Pts',(-73.2,114.778498089613,-0.272134592344143));
#2500=CARTESIAN_POINT('Ctrl Pts',(-72.2,114.778498089613,-0.272134592344143));
#2501=CARTESIAN_POINT('Ctrl Pts',(-71.2,114.778498089613,-0.272134592344144));
#2502=CARTESIAN_POINT('Ctrl Pts',(-70.2,114.778498089613,-0.272134592344144));
#2503=CARTESIAN_POINT('Ctrl Pts',(-70.2,114.778498089613,-0.272134592344143));
#2504=CARTESIAN_POINT('Ctrl Pts',(-70.2,114.661214233749,-0.274744361955616));
#2505=CARTESIAN_POINT('Ctrl Pts',(-70.2,114.542387489924,-0.27731327727804));
#2506=CARTESIAN_POINT('Ctrl Pts',(-70.2,114.422053460839,-0.27984154949219));
#2507=CARTESIAN_POINT('Ctrl Pts',(-70.2,114.300823827623,-0.282388638752961));
#2508=CARTESIAN_POINT('Ctrl Pts',(-70.2,114.178064309713,-0.284894465896485));
#2509=CARTESIAN_POINT('Ctrl Pts',(-70.2,114.053864762562,-0.287363132780729));
#2510=CARTESIAN_POINT('Ctrl Pts',(-70.2,113.923907505852,-0.289946243455153));
#2511=CARTESIAN_POINT('Ctrl Pts',(-70.2,113.792373882873,-0.292488687556385));
#2512=CARTESIAN_POINT('Ctrl Pts',(-70.2,113.659424545392,-0.294999417449575));
#2513=CARTESIAN_POINT('Ctrl Pts',(-70.2,113.517847468602,-0.297673081009093));
#2514=CARTESIAN_POINT('Ctrl Pts',(-70.2,113.374665368572,-0.300310808756385));
#2515=CARTESIAN_POINT('Ctrl Pts',(-70.2,113.230131025317,-0.302927761122429));
#2516=CARTESIAN_POINT('Ctrl Pts',(-70.2,113.068425064707,-0.305855624401774));
#2517=CARTESIAN_POINT('Ctrl Pts',(-70.2,112.905026574753,-0.308757485132961));
#2518=CARTESIAN_POINT('Ctrl Pts',(-70.2,112.74035658413,-0.31165958273254));
#2519=CARTESIAN_POINT('Ctrl Pts',(-70.2,112.554807078828,-0.314929655026232));
#2520=CARTESIAN_POINT('Ctrl Pts',(-70.2,112.367643844833,-0.318200061679001));
#2521=CARTESIAN_POINT('Ctrl Pts',(-70.2,112.179544763145,-0.321514162217184));
#2522=CARTESIAN_POINT('Ctrl Pts',(-70.2,111.915485316086,-0.326166601494164));
#2523=CARTESIAN_POINT('Ctrl Pts',(-70.2,111.649585607488,-0.330905347782581));
#2524=CARTESIAN_POINT('Ctrl Pts',(-70.2,111.383843198494,-0.335860830775613));
#2525=CARTESIAN_POINT('Ctrl Pts',(-70.2,111.187059701713,-0.339530389109559));
#2526=CARTESIAN_POINT('Ctrl Pts',(-70.2,110.990366921096,-0.343319153342422));
#2527=CARTESIAN_POINT('Ctrl Pts',(-70.2,110.794555487819,-0.347279390431873));
#2528=CARTESIAN_POINT('Ctrl Pts',(-70.2,110.626063869619,-0.350687091118647));
#2529=CARTESIAN_POINT('Ctrl Pts',(-70.2,110.45822553171,-0.354221813261653));
#2530=CARTESIAN_POINT('Ctrl Pts',(-70.2,110.291503422396,-0.357914376191336));
#2531=CARTESIAN_POINT('Ctrl Pts',(-70.2,110.139956467229,-0.361270839656556));
#2532=CARTESIAN_POINT('Ctrl Pts',(-70.2,109.989332257725,-0.364757755638892));
#2533=CARTESIAN_POINT('Ctrl Pts',(-70.2,109.839935009639,-0.368395478445811));
#2534=CARTESIAN_POINT('Ctrl Pts',(-70.2,109.700619780514,-0.371787710851916));
#2535=CARTESIAN_POINT('Ctrl Pts',(-70.2,109.562371879187,-0.375311112557257));
#2536=CARTESIAN_POINT('Ctrl Pts',(-70.2,109.425392010043,-0.378979142830048));
#2537=CARTESIAN_POINT('Ctrl Pts',(-70.2,109.293836939762,-0.382501908498783));
#2538=CARTESIAN_POINT('Ctrl Pts',(-70.2,109.163451738989,-0.38615809523373));
#2539=CARTESIAN_POINT('Ctrl Pts',(-70.2,109.034365004645,-0.38995631492169));
#2540=CARTESIAN_POINT('Ctrl Pts',(-70.2,108.907169655985,-0.393698882893185));
#2541=CARTESIAN_POINT('Ctrl Pts',(-70.2,108.781235017189,-0.397579351247172));
#2542=CARTESIAN_POINT('Ctrl Pts',(-70.2,108.656633681243,-0.401602571378097));
#2543=CARTESIAN_POINT('Ctrl Pts',(-70.2,108.531675070928,-0.405637327448195));
#2544=CARTESIAN_POINT('Ctrl Pts',(-70.2,108.408057577194,-0.409815663653699));
#2545=CARTESIAN_POINT('Ctrl Pts',(-70.2,108.2858018155,-0.414138969151607));
#2546=CARTESIAN_POINT('Ctrl Pts',(-70.2,108.15930426875,-0.418612276026953));
#2547=CARTESIAN_POINT('Ctrl Pts',(-70.2,108.034264402235,-0.423240765614927));
#2548=CARTESIAN_POINT('Ctrl Pts',(-70.2,107.910647359688,-0.428022201997787));
#2549=CARTESIAN_POINT('Ctrl Pts',(-70.2,107.780791723502,-0.433044943608445));
#2550=CARTESIAN_POINT('Ctrl Pts',(-70.2,107.652505768032,-0.438236419750401));
#2551=CARTESIAN_POINT('Ctrl Pts',(-70.2,107.525691266814,-0.443590444519822));
#2552=CARTESIAN_POINT('Ctrl Pts',(-70.2,107.387872296991,-0.449409070710391));
#2553=CARTESIAN_POINT('Ctrl Pts',(-70.2,107.251790988773,-0.455419639210921));
#2554=CARTESIAN_POINT('Ctrl Pts',(-70.2,107.117259649043,-0.461610718688016));
#2555=CARTESIAN_POINT('Ctrl Pts',(-70.2,106.96634380595,-0.468555806582207));
#2556=CARTESIAN_POINT('Ctrl Pts',(-70.2,106.817378276534,-0.475727989259166));
#2557=CARTESIAN_POINT('Ctrl Pts',(-70.2,106.670025990671,-0.483107679121751));
#2558=CARTESIAN_POINT('Ctrl Pts',(-70.2,106.542373735802,-0.489500753010452));
#2559=CARTESIAN_POINT('Ctrl Pts',(-70.2,106.415930277281,-0.496049441179853));
#2560=CARTESIAN_POINT('Ctrl Pts',(-70.2,106.290445247433,-0.502740050199393));
#2561=CARTESIAN_POINT('',(-85.2,114.879353512053,-0.269871853115518));
#2562=CARTESIAN_POINT('',(-88.2,114.879353512053,-0.269871853115518));
#2563=CARTESIAN_POINT('Ctrl Pts',(-85.2,114.879353512053,-0.269871853115518));
#2564=CARTESIAN_POINT('Ctrl Pts',(-86.2,114.879353512053,-0.269871853115518));
#2565=CARTESIAN_POINT('Ctrl Pts',(-87.2,114.879353512053,-0.269871853115547));
#2566=CARTESIAN_POINT('Ctrl Pts',(-88.2,114.879353512053,-0.269871853115518));
#2567=CARTESIAN_POINT('',(-88.2,114.778498089613,-0.272134592344143));
#2568=CARTESIAN_POINT('Ctrl Pts',(-88.2,114.879353512053,-0.269871853115379));
#2569=CARTESIAN_POINT('Ctrl Pts',(-88.2,114.845738620384,-0.270632225631456));
#2570=CARTESIAN_POINT('Ctrl Pts',(-88.2,114.812127361264,-0.271386282608213));
#2571=CARTESIAN_POINT('Ctrl Pts',(-88.2,114.778498089613,-0.272134592344143));
#2572=CARTESIAN_POINT('',(-85.2,114.778498089613,-0.272134592344143));
#2573=CARTESIAN_POINT('Ctrl Pts',(-88.2,114.778498089613,-0.272134592344143));
#2574=CARTESIAN_POINT('Ctrl Pts',(-87.2,114.778498089613,-0.272134592344143));
#2575=CARTESIAN_POINT('Ctrl Pts',(-86.2,114.778498089613,-0.272134592344143));
#2576=CARTESIAN_POINT('Ctrl Pts',(-85.2,114.778498089613,-0.272134592344143));
#2577=CARTESIAN_POINT('Ctrl Pts',(-85.2,114.778498089613,-0.272134592344143));
#2578=CARTESIAN_POINT('Ctrl Pts',(-85.2,114.812127361246,-0.271386282608622));
#2579=CARTESIAN_POINT('Ctrl Pts',(-85.2,114.845738620391,-0.270632225631294));
#2580=CARTESIAN_POINT('Ctrl Pts',(-85.2,114.879353512053,-0.269871853115379));
#2581=CARTESIAN_POINT('',(-100.2,114.879353512053,-0.269871853115518));
#2582=CARTESIAN_POINT('',(-103.2,114.879353512053,-0.269871853115518));
#2583=CARTESIAN_POINT('Ctrl Pts',(-100.2,114.879353512053,-0.269871853115518));
#2584=CARTESIAN_POINT('Ctrl Pts',(-101.2,114.879353512053,-0.269871853115518));
#2585=CARTESIAN_POINT('Ctrl Pts',(-102.2,114.879353512053,-0.269871853115547));
#2586=CARTESIAN_POINT('Ctrl Pts',(-103.2,114.879353512053,-0.269871853115518));
#2587=CARTESIAN_POINT('',(-103.2,114.778498089613,-0.272134592344143));
#2588=CARTESIAN_POINT('Ctrl Pts',(-103.2,114.879353512053,-0.269871853115379));
#2589=CARTESIAN_POINT('Ctrl Pts',(-103.2,114.845738620384,-0.270632225631456));
#2590=CARTESIAN_POINT('Ctrl Pts',(-103.2,114.812127361264,-0.271386282608213));
#2591=CARTESIAN_POINT('Ctrl Pts',(-103.2,114.778498089613,-0.272134592344143));
#2592=CARTESIAN_POINT('',(-100.2,114.778498089613,-0.272134592344143));
#2593=CARTESIAN_POINT('Ctrl Pts',(-103.2,114.778498089613,-0.272134592344143));
#2594=CARTESIAN_POINT('Ctrl Pts',(-102.2,114.778498089613,-0.272134592344143));
#2595=CARTESIAN_POINT('Ctrl Pts',(-101.2,114.778498089613,-0.272134592344143));
#2596=CARTESIAN_POINT('Ctrl Pts',(-100.2,114.778498089613,-0.272134592344143));
#2597=CARTESIAN_POINT('Ctrl Pts',(-100.2,114.778498089613,-0.272134592344143));
#2598=CARTESIAN_POINT('Ctrl Pts',(-100.2,114.812127361246,-0.271386282608622));
#2599=CARTESIAN_POINT('Ctrl Pts',(-100.2,114.845738620391,-0.270632225631294));
#2600=CARTESIAN_POINT('Ctrl Pts',(-100.2,114.879353512053,-0.269871853115379));
#2601=CARTESIAN_POINT('',(-115.2,114.879353512053,-0.269871853115518));
#2602=CARTESIAN_POINT('',(-118.2,114.879353512053,-0.269871853115518));
#2603=CARTESIAN_POINT('Ctrl Pts',(-115.2,114.879353512053,-0.269871853115518));
#2604=CARTESIAN_POINT('Ctrl Pts',(-116.2,114.879353512053,-0.269871853115518));
#2605=CARTESIAN_POINT('Ctrl Pts',(-117.2,114.879353512053,-0.269871853115547));
#2606=CARTESIAN_POINT('Ctrl Pts',(-118.2,114.879353512053,-0.269871853115518));
#2607=CARTESIAN_POINT('',(-118.2,114.778498089613,-0.272134592344143));
#2608=CARTESIAN_POINT('Ctrl Pts',(-118.2,114.879353512053,-0.269871853115379));
#2609=CARTESIAN_POINT('Ctrl Pts',(-118.2,114.845738620384,-0.270632225631456));
#2610=CARTESIAN_POINT('Ctrl Pts',(-118.2,114.812127361264,-0.271386282608213));
#2611=CARTESIAN_POINT('Ctrl Pts',(-118.2,114.778498089613,-0.272134592344143));
#2612=CARTESIAN_POINT('',(-115.2,114.778498089613,-0.272134592344143));
#2613=CARTESIAN_POINT('Ctrl Pts',(-118.2,114.778498089613,-0.272134592344143));
#2614=CARTESIAN_POINT('Ctrl Pts',(-117.2,114.778498089613,-0.272134592344143));
#2615=CARTESIAN_POINT('Ctrl Pts',(-116.2,114.778498089613,-0.272134592344143));
#2616=CARTESIAN_POINT('Ctrl Pts',(-115.2,114.778498089613,-0.272134592344143));
#2617=CARTESIAN_POINT('Ctrl Pts',(-115.2,114.778498089613,-0.272134592344143));
#2618=CARTESIAN_POINT('Ctrl Pts',(-115.2,114.812127361246,-0.271386282608622));
#2619=CARTESIAN_POINT('Ctrl Pts',(-115.2,114.845738620391,-0.270632225631294));
#2620=CARTESIAN_POINT('Ctrl Pts',(-115.2,114.879353512053,-0.269871853115379));
#2621=CARTESIAN_POINT('',(-130.2,114.879353512053,-0.269871853115518));
#2622=CARTESIAN_POINT('',(-133.2,114.879353512053,-0.269871853115518));
#2623=CARTESIAN_POINT('Ctrl Pts',(-130.2,114.879353512053,-0.269871853115518));
#2624=CARTESIAN_POINT('Ctrl Pts',(-131.2,114.879353512053,-0.269871853115518));
#2625=CARTESIAN_POINT('Ctrl Pts',(-132.2,114.879353512053,-0.269871853115547));
#2626=CARTESIAN_POINT('Ctrl Pts',(-133.2,114.879353512053,-0.269871853115518));
#2627=CARTESIAN_POINT('',(-133.2,114.778498089613,-0.272134592344143));
#2628=CARTESIAN_POINT('Ctrl Pts',(-133.2,114.879353512053,-0.269871853115379));
#2629=CARTESIAN_POINT('Ctrl Pts',(-133.2,114.845738620384,-0.270632225631456));
#2630=CARTESIAN_POINT('Ctrl Pts',(-133.2,114.812127361264,-0.271386282608213));
#2631=CARTESIAN_POINT('Ctrl Pts',(-133.2,114.778498089613,-0.272134592344143));
#2632=CARTESIAN_POINT('',(-130.2,114.778498089613,-0.272134592344143));
#2633=CARTESIAN_POINT('Ctrl Pts',(-133.2,114.778498089613,-0.272134592344143));
#2634=CARTESIAN_POINT('Ctrl Pts',(-132.2,114.778498089613,-0.272134592344143));
#2635=CARTESIAN_POINT('Ctrl Pts',(-131.2,114.778498089613,-0.272134592344143));
#2636=CARTESIAN_POINT('Ctrl Pts',(-130.2,114.778498089613,-0.272134592344143));
#2637=CARTESIAN_POINT('Ctrl Pts',(-130.2,114.778498089613,-0.272134592344143));
#2638=CARTESIAN_POINT('Ctrl Pts',(-130.2,114.812127361246,-0.271386282608622));
#2639=CARTESIAN_POINT('Ctrl Pts',(-130.2,114.845738620391,-0.270632225631294));
#2640=CARTESIAN_POINT('Ctrl Pts',(-130.2,114.879353512053,-0.269871853115379));
#2641=CARTESIAN_POINT('Ctrl Pts',(0.,0.,0.));
#2642=CARTESIAN_POINT('Ctrl Pts',(-250.,0.,0.));
#2643=CARTESIAN_POINT('Ctrl Pts',(0.,0.0114960758366543,0.0565184937104477));
#2644=CARTESIAN_POINT('Ctrl Pts',(-250.,0.0114960758366543,0.0565184937104477));
#2645=CARTESIAN_POINT('Ctrl Pts',(0.,0.0362294362163354,0.173931073947259));
#2646=CARTESIAN_POINT('Ctrl Pts',(-250.,0.0362294362163354,0.173931073947259));
#2647=CARTESIAN_POINT('Ctrl Pts',(0.,0.0785335870995387,0.363190796303829));
#2648=CARTESIAN_POINT('Ctrl Pts',(-250.,0.0785335870995387,0.363190796303829));
#2649=CARTESIAN_POINT('Ctrl Pts',(0.,0.145518001067819,0.641698001680556));
#2650=CARTESIAN_POINT('Ctrl Pts',(-250.,0.145518001067819,0.641698001680556));
#2651=CARTESIAN_POINT('Ctrl Pts',(0.,0.251915114351456,1.02876462507049));
#2652=CARTESIAN_POINT('Ctrl Pts',(-250.,0.251915114351456,1.02876462507049));
#2653=CARTESIAN_POINT('Ctrl Pts',(0.,0.399520076128415,1.43824984472228));
#2654=CARTESIAN_POINT('Ctrl Pts',(-250.,0.399520076128415,1.43824984472228));
#2655=CARTESIAN_POINT('Ctrl Pts',(0.,0.611174270560602,1.84757207236556));
#2656=CARTESIAN_POINT('Ctrl Pts',(-250.,0.611174270560602,1.84757207236556));
#2657=CARTESIAN_POINT('Ctrl Pts',(0.,0.898840546208775,2.23875354487875));
#2658=CARTESIAN_POINT('Ctrl Pts',(-250.,0.898840546208775,2.23875354487875));
#2659=CARTESIAN_POINT('Ctrl Pts',(0.,1.24522722514277,2.61034205725617));
#2660=CARTESIAN_POINT('Ctrl Pts',(-250.,1.24522722514277,2.61034205725617));
#2661=CARTESIAN_POINT('Ctrl Pts',(0.,1.61625139789706,2.97237833022994));
#2662=CARTESIAN_POINT('Ctrl Pts',(-250.,1.61625139789706,2.97237833022994));
#2663=CARTESIAN_POINT('Ctrl Pts',(0.,1.98122723142426,3.33649746289853));
#2664=CARTESIAN_POINT('Ctrl Pts',(-250.,1.98122723142426,3.33649746289853));
#2665=CARTESIAN_POINT('Ctrl Pts',(0.,2.33579466723029,3.70559796326963));
#2666=CARTESIAN_POINT('Ctrl Pts',(-250.,2.33579466723029,3.70559796326963));
#2667=CARTESIAN_POINT('Ctrl Pts',(0.,2.70490205111262,4.07100754931655));
#2668=CARTESIAN_POINT('Ctrl Pts',(-250.,2.70490205111262,4.07100754931655));
#2669=CARTESIAN_POINT('Ctrl Pts',(0.,3.11685644007895,4.42099660154985));
#2670=CARTESIAN_POINT('Ctrl Pts',(-250.,3.11685644007895,4.42099660154985));
#2671=CARTESIAN_POINT('Ctrl Pts',(0.,3.58486137363038,4.74636963448867));
#2672=CARTESIAN_POINT('Ctrl Pts',(-250.,3.58486137363038,4.74636963448867));
#2673=CARTESIAN_POINT('Ctrl Pts',(0.,4.08517969743341,5.04730001707126));
#2674=CARTESIAN_POINT('Ctrl Pts',(-250.,4.08517969743341,5.04730001707126));
#2675=CARTESIAN_POINT('Ctrl Pts',(0.,4.57958121691029,5.32890284237812));
#2676=CARTESIAN_POINT('Ctrl Pts',(-250.,4.57958121691029,5.32890284237812));
#2677=CARTESIAN_POINT('Ctrl Pts',(0.,5.03467080665156,5.59748543742307));
#2678=CARTESIAN_POINT('Ctrl Pts',(-250.,5.03467080665156,5.59748543742307));
#2679=CARTESIAN_POINT('Ctrl Pts',(0.,5.44751241644699,5.8556292430241));
#2680=CARTESIAN_POINT('Ctrl Pts',(-250.,5.44751241644699,5.8556292430241));
#2681=CARTESIAN_POINT('Ctrl Pts',(0.,5.8520101584946,6.10070530319118));
#2682=CARTESIAN_POINT('Ctrl Pts',(-250.,5.8520101584946,6.10070530319118));
#2683=CARTESIAN_POINT('Ctrl Pts',(0.,6.28809150321064,6.32997195339945));
#2684=CARTESIAN_POINT('Ctrl Pts',(-250.,6.28809150321064,6.32997195339945));
#2685=CARTESIAN_POINT('Ctrl Pts',(0.,6.7774587255429,6.5445149171067));
#2686=CARTESIAN_POINT('Ctrl Pts',(-250.,6.7774587255429,6.5445149171067));
#2687=CARTESIAN_POINT('Ctrl Pts',(0.,7.30031058571709,6.75298369013302));
#2688=CARTESIAN_POINT('Ctrl Pts',(-250.,7.30031058571709,6.75298369013302));
#2689=CARTESIAN_POINT('Ctrl Pts',(0.,7.82029125482578,6.96501411791151));
#2690=CARTESIAN_POINT('Ctrl Pts',(-250.,7.82029125482578,6.96501411791151));
#2691=CARTESIAN_POINT('Ctrl Pts',(0.,8.30272780090215,7.18661261621869));
#2692=CARTESIAN_POINT('Ctrl Pts',(-250.,8.30272780090215,7.18661261621869));
#2693=CARTESIAN_POINT('Ctrl Pts',(0.,8.74059288730771,7.41252322422604));
#2694=CARTESIAN_POINT('Ctrl Pts',(-250.,8.74059288730771,7.41252322422604));
#2695=CARTESIAN_POINT('Ctrl Pts',(0.,9.15632366678549,7.6289109858853));
#2696=CARTESIAN_POINT('Ctrl Pts',(-250.,9.15632366678549,7.6289109858853));
#2697=CARTESIAN_POINT('Ctrl Pts',(0.,9.58511960555452,7.82339939388243));
#2698=CARTESIAN_POINT('Ctrl Pts',(-250.,9.58511960555452,7.82339939388243));
#2699=CARTESIAN_POINT('Ctrl Pts',(0.,10.0621494609563,7.99477329775864));
#2700=CARTESIAN_POINT('Ctrl Pts',(-250.,10.0621494609563,7.99477329775864));
#2701=CARTESIAN_POINT('Ctrl Pts',(0.,10.612157515973,8.15737904009384));
#2702=CARTESIAN_POINT('Ctrl Pts',(-250.,10.612157515973,8.15737904009384));
#2703=CARTESIAN_POINT('Ctrl Pts',(0.,11.2498221618927,8.33066803719227));
#2704=CARTESIAN_POINT('Ctrl Pts',(-250.,11.2498221618927,8.33066803719227));
#2705=CARTESIAN_POINT('Ctrl Pts',(0.,11.9780842342346,8.53259334050547));
#2706=CARTESIAN_POINT('Ctrl Pts',(-250.,11.9780842342346,8.53259334050547));
#2707=CARTESIAN_POINT('Ctrl Pts',(0.,12.7864492382632,8.76984123084636));
#2708=CARTESIAN_POINT('Ctrl Pts',(-250.,12.7864492382632,8.76984123084636));
#2709=CARTESIAN_POINT('Ctrl Pts',(0.,13.6523680007515,9.03530104561085));
#2710=CARTESIAN_POINT('Ctrl Pts',(-250.,13.6523680007515,9.03530104561085));
#2711=CARTESIAN_POINT('Ctrl Pts',(0.,14.5474460485828,9.31413428816618));
#2712=CARTESIAN_POINT('Ctrl Pts',(-250.,14.5474460485828,9.31413428816618));
#2713=CARTESIAN_POINT('Ctrl Pts',(0.,15.4423087275896,9.58765348346179));
#2714=CARTESIAN_POINT('Ctrl Pts',(-250.,15.4423087275896,9.58765348346179));
#2715=CARTESIAN_POINT('Ctrl Pts',(0.,16.3122316106364,9.83825195706146));
#2716=CARTESIAN_POINT('Ctrl Pts',(-250.,16.3122316106364,9.83825195706146));
#2717=CARTESIAN_POINT('Ctrl Pts',(0.,17.1419359134022,10.0534970142527));
#2718=CARTESIAN_POINT('Ctrl Pts',(-250.,17.1419359134022,10.0534970142527));
#2719=CARTESIAN_POINT('Ctrl Pts',(0.,17.9320582506705,10.2315835940742));
#2720=CARTESIAN_POINT('Ctrl Pts',(-250.,17.9320582506705,10.2315835940742));
#2721=CARTESIAN_POINT('Ctrl Pts',(0.,18.6960789998167,10.3794815960142));
#2722=CARTESIAN_POINT('Ctrl Pts',(-250.,18.6960789998167,10.3794815960142));
#2723=CARTESIAN_POINT('Ctrl Pts',(0.,19.4545464199148,10.5090299799436));
#2724=CARTESIAN_POINT('Ctrl Pts',(-250.,19.4545464199148,10.5090299799436));
#2725=CARTESIAN_POINT('Ctrl Pts',(0.,20.230014966773,10.6335865153802));
#2726=CARTESIAN_POINT('Ctrl Pts',(-250.,20.230014966773,10.6335865153802));
#2727=CARTESIAN_POINT('Ctrl Pts',(0.,21.0421162533546,10.7647388282935));
#2728=CARTESIAN_POINT('Ctrl Pts',(-250.,21.0421162533546,10.7647388282935));
#2729=CARTESIAN_POINT('Ctrl Pts',(0.,21.9014934784522,10.9082544129118));
#2730=CARTESIAN_POINT('Ctrl Pts',(-250.,21.9014934784522,10.9082544129118));
#2731=CARTESIAN_POINT('Ctrl Pts',(0.,22.8094291798733,11.0639010181983));
#2732=CARTESIAN_POINT('Ctrl Pts',(-250.,22.8094291798733,11.0639010181983));
#2733=CARTESIAN_POINT('Ctrl Pts',(0.,23.7608708268081,11.2275848624073));
#2734=CARTESIAN_POINT('Ctrl Pts',(-250.,23.7608708268081,11.2275848624073));
#2735=CARTESIAN_POINT('Ctrl Pts',(0.,24.7463785428176,11.392749583087));
#2736=CARTESIAN_POINT('Ctrl Pts',(-250.,24.7463785428176,11.392749583087));
#2737=CARTESIAN_POINT('Ctrl Pts',(0.,25.754589670052,11.5521380209231));
#2738=CARTESIAN_POINT('Ctrl Pts',(-250.,25.754589670052,11.5521380209231));
#2739=CARTESIAN_POINT('Ctrl Pts',(0.,26.7742940498594,11.6992646040108));
#2740=CARTESIAN_POINT('Ctrl Pts',(-250.,26.7742940498594,11.6992646040108));
#2741=CARTESIAN_POINT('Ctrl Pts',(0.,27.7970946189213,11.8303466174421));
#2742=CARTESIAN_POINT('Ctrl Pts',(-250.,27.7970946189213,11.8303466174421));
#2743=CARTESIAN_POINT('Ctrl Pts',(0.,28.8179235576486,11.9445244785299));
#2744=CARTESIAN_POINT('Ctrl Pts',(-250.,28.8179235576486,11.9445244785299));
#2745=CARTESIAN_POINT('Ctrl Pts',(0.,29.8341446255354,12.0429492790842));
#2746=CARTESIAN_POINT('Ctrl Pts',(-250.,29.8341446255354,12.0429492790842));
#2747=CARTESIAN_POINT('Ctrl Pts',(0.,30.8450766712753,12.1282084856756));
#2748=CARTESIAN_POINT('Ctrl Pts',(-250.,30.8450766712753,12.1282084856756));
#2749=CARTESIAN_POINT('Ctrl Pts',(0.,31.8513390225899,12.2036076195603));
#2750=CARTESIAN_POINT('Ctrl Pts',(-250.,31.8513390225899,12.2036076195603));
#2751=CARTESIAN_POINT('Ctrl Pts',(0.,32.8542852999455,12.272525545624));
#2752=CARTESIAN_POINT('Ctrl Pts',(-250.,32.8542852999455,12.272525545624));
#2753=CARTESIAN_POINT('Ctrl Pts',(0.,33.8553717768953,12.3377105795946));
#2754=CARTESIAN_POINT('Ctrl Pts',(-250.,33.8553717768953,12.3377105795946));
#2755=CARTESIAN_POINT('Ctrl Pts',(0.,34.8556338274972,12.4006817462778));
#2756=CARTESIAN_POINT('Ctrl Pts',(-250.,34.8556338274972,12.4006817462778));
#2757=CARTESIAN_POINT('Ctrl Pts',(0.,35.8560270980414,12.4620066522603));
#2758=CARTESIAN_POINT('Ctrl Pts',(-250.,35.8560270980414,12.4620066522603));
#2759=CARTESIAN_POINT('Ctrl Pts',(0.,36.8577055826853,12.5215095410075));
#2760=CARTESIAN_POINT('Ctrl Pts',(-250.,36.8577055826853,12.5215095410075));
#2761=CARTESIAN_POINT('Ctrl Pts',(0.,37.8623107721416,12.5785030992071));
#2762=CARTESIAN_POINT('Ctrl Pts',(-250.,37.8623107721416,12.5785030992071));
#2763=CARTESIAN_POINT('Ctrl Pts',(0.,38.8722855684663,12.6320158393496));
#2764=CARTESIAN_POINT('Ctrl Pts',(-250.,38.8722855684663,12.6320158393496));
#2765=CARTESIAN_POINT('Ctrl Pts',(0.,39.8911090842802,12.6810076316211));
#2766=CARTESIAN_POINT('Ctrl Pts',(-250.,39.8911090842802,12.6810076316211));
#2767=CARTESIAN_POINT('Ctrl Pts',(0.,40.9237410637974,12.7246251601086));
#2768=CARTESIAN_POINT('Ctrl Pts',(-250.,40.9237410637974,12.7246251601086));
#2769=CARTESIAN_POINT('Ctrl Pts',(0.,41.975994124493,12.7622443412271));
#2770=CARTESIAN_POINT('Ctrl Pts',(-250.,41.975994124493,12.7622443412271));
#2771=CARTESIAN_POINT('Ctrl Pts',(0.,43.0534636529006,12.79342302246));
#2772=CARTESIAN_POINT('Ctrl Pts',(-250.,43.0534636529006,12.79342302246));
#2773=CARTESIAN_POINT('Ctrl Pts',(0.,44.1605885683196,12.8178824368164));
#2774=CARTESIAN_POINT('Ctrl Pts',(-250.,44.1605885683196,12.8178824368164));
#2775=CARTESIAN_POINT('Ctrl Pts',(0.,45.2996829271215,12.8354772193533));
#2776=CARTESIAN_POINT('Ctrl Pts',(-250.,45.2996829271215,12.8354772193533));
#2777=CARTESIAN_POINT('Ctrl Pts',(0.,46.4699203661098,12.8461692458309));
#2778=CARTESIAN_POINT('Ctrl Pts',(-250.,46.4699203661098,12.8461692458309));
#2779=CARTESIAN_POINT('Ctrl Pts',(0.,47.6664767854689,12.8500025124133));
#2780=CARTESIAN_POINT('Ctrl Pts',(-250.,47.6664767854689,12.8500025124133));
#2781=CARTESIAN_POINT('Ctrl Pts',(0.,48.8792458787313,12.8470707651687));
#2782=CARTESIAN_POINT('Ctrl Pts',(-250.,48.8792458787313,12.8470707651687));
#2783=CARTESIAN_POINT('Ctrl Pts',(0.,50.0940369945523,12.8375319228717));
#2784=CARTESIAN_POINT('Ctrl Pts',(-250.,50.0940369945523,12.8375319228717));
#2785=CARTESIAN_POINT('Ctrl Pts',(0.,51.2945721189438,12.8216374331876));
#2786=CARTESIAN_POINT('Ctrl Pts',(-250.,51.2945721189438,12.8216374331876));
#2787=CARTESIAN_POINT('Ctrl Pts',(0.,52.4642325515204,12.7997577328877));
#2788=CARTESIAN_POINT('Ctrl Pts',(-250.,52.4642325515204,12.7997577328877));
#2789=CARTESIAN_POINT('Ctrl Pts',(0.,53.5878752418067,12.7724070357967));
#2790=CARTESIAN_POINT('Ctrl Pts',(-250.,53.5878752418067,12.7724070357967));
#2791=CARTESIAN_POINT('Ctrl Pts',(0.,54.6536996937823,12.7402738459368));
#2792=CARTESIAN_POINT('Ctrl Pts',(-250.,54.6536996937823,12.7402738459368));
#2793=CARTESIAN_POINT('Ctrl Pts',(0.,55.6549067889758,12.7042364658374));
#2794=CARTESIAN_POINT('Ctrl Pts',(-250.,55.6549067889758,12.7042364658374));
#2795=CARTESIAN_POINT('Ctrl Pts',(0.,56.5919064141103,12.6654158336776));
#2796=CARTESIAN_POINT('Ctrl Pts',(-250.,56.5919064141103,12.6654158336776));
#2797=CARTESIAN_POINT('Ctrl Pts',(0.,57.4726394571005,12.6251010663222));
#2798=CARTESIAN_POINT('Ctrl Pts',(-250.,57.4726394571005,12.6251010663222));
#2799=CARTESIAN_POINT('Ctrl Pts',(0.,58.3102104914059,12.5844923897449));
#2800=CARTESIAN_POINT('Ctrl Pts',(-250.,58.3102104914059,12.5844923897449));
#2801=CARTESIAN_POINT('Ctrl Pts',(0.,59.1211893314145,12.544491179014));
#2802=CARTESIAN_POINT('Ctrl Pts',(-250.,59.1211893314145,12.544491179014));
#2803=CARTESIAN_POINT('Ctrl Pts',(0.,59.9236156927461,12.5054651193858));
#2804=CARTESIAN_POINT('Ctrl Pts',(-250.,59.9236156927461,12.5054651193858));
#2805=CARTESIAN_POINT('Ctrl Pts',(0.,60.7351954731119,12.4670372806766));
#2806=CARTESIAN_POINT('Ctrl Pts',(-250.,60.7351954731119,12.4670372806766));
#2807=CARTESIAN_POINT('Ctrl Pts',(0.,61.5712442951533,12.4278290221455));
#2808=CARTESIAN_POINT('Ctrl Pts',(-250.,61.5712442951533,12.4278290221455));
#2809=CARTESIAN_POINT('Ctrl Pts',(0.,62.4447688129094,12.3856477173669));
#2810=CARTESIAN_POINT('Ctrl Pts',(-250.,62.4447688129094,12.3856477173669));
#2811=CARTESIAN_POINT('Ctrl Pts',(0.,63.3668137195555,12.337731449042));
#2812=CARTESIAN_POINT('Ctrl Pts',(-250.,63.3668137195555,12.337731449042));
#2813=CARTESIAN_POINT('Ctrl Pts',(0.,64.3467159527681,12.2809734877319));
#2814=CARTESIAN_POINT('Ctrl Pts',(-250.,64.3467159527681,12.2809734877319));
#2815=CARTESIAN_POINT('Ctrl Pts',(0.,65.3923946970078,12.2121549558309));
#2816=CARTESIAN_POINT('Ctrl Pts',(-250.,65.3923946970078,12.2121549558309));
#2817=CARTESIAN_POINT('Ctrl Pts',(0.,66.5106320145272,12.1281744253717));
#2818=CARTESIAN_POINT('Ctrl Pts',(-250.,66.5106320145272,12.1281744253717));
#2819=CARTESIAN_POINT('Ctrl Pts',(0.,67.707339052605,12.0262774580769));
#2820=CARTESIAN_POINT('Ctrl Pts',(-250.,67.707339052605,12.0262774580769));
#2821=CARTESIAN_POINT('Ctrl Pts',(0.,68.9867702521188,11.9042065531791));
#2822=CARTESIAN_POINT('Ctrl Pts',(-250.,68.9867702521188,11.9042065531791));
#2823=CARTESIAN_POINT('Ctrl Pts',(0.,70.3507598039981,11.7603528853502));
#2824=CARTESIAN_POINT('Ctrl Pts',(-250.,70.3507598039981,11.7603528853502));
#2825=CARTESIAN_POINT('Ctrl Pts',(0.,71.7979475960787,11.5939078281438));
#2826=CARTESIAN_POINT('Ctrl Pts',(-250.,71.7979475960787,11.5939078281438));
#2827=CARTESIAN_POINT('Ctrl Pts',(0.,73.3230121004622,11.4050141269698));
#2828=CARTESIAN_POINT('Ctrl Pts',(-250.,73.3230121004622,11.4050141269698));
#2829=CARTESIAN_POINT('Ctrl Pts',(0.,74.9158913772418,11.1949190377734));
#2830=CARTESIAN_POINT('Ctrl Pts',(-250.,74.9158913772418,11.1949190377734));
#2831=CARTESIAN_POINT('Ctrl Pts',(0.,76.5610259485707,10.9661233466132));
#2832=CARTESIAN_POINT('Ctrl Pts',(-250.,76.5610259485707,10.9661233466132));
#2833=CARTESIAN_POINT('Ctrl Pts',(0.,78.2365486215687,10.7225408665513));
#2834=CARTESIAN_POINT('Ctrl Pts',(-250.,78.2365486215687,10.7225408665513));
#2835=CARTESIAN_POINT('Ctrl Pts',(0.,79.9135947620382,10.4696341148541));
#2836=CARTESIAN_POINT('Ctrl Pts',(-250.,79.9135947620382,10.4696341148541));
#2837=CARTESIAN_POINT('Ctrl Pts',(0.,81.5552894125272,10.2146140962485));
#2838=CARTESIAN_POINT('Ctrl Pts',(-250.,81.5552894125272,10.2146140962485));
#2839=CARTESIAN_POINT('Ctrl Pts',(0.,83.121039972102,9.96558835377319));
#2840=CARTESIAN_POINT('Ctrl Pts',(-250.,83.121039972102,9.96558835377319));
#2841=CARTESIAN_POINT('Ctrl Pts',(0.,84.5712386463806,9.73062797211985));
#2842=CARTESIAN_POINT('Ctrl Pts',(-250.,84.5712386463806,9.73062797211985));
#2843=CARTESIAN_POINT('Ctrl Pts',(0.,85.8717768225572,9.51687155289037));
#2844=CARTESIAN_POINT('Ctrl Pts',(-250.,85.8717768225572,9.51687155289037));
#2845=CARTESIAN_POINT('Ctrl Pts',(0.,86.9987300485853,9.32959620643203));
#2846=CARTESIAN_POINT('Ctrl Pts',(-250.,86.9987300485853,9.32959620643203));
#2847=CARTESIAN_POINT('Ctrl Pts',(0.,87.9427641943334,9.17134198526134));
#2848=CARTESIAN_POINT('Ctrl Pts',(-250.,87.9427641943334,9.17134198526134));
#2849=CARTESIAN_POINT('Ctrl Pts',(0.,88.7141491730184,9.0409202434741));
#2850=CARTESIAN_POINT('Ctrl Pts',(-250.,88.7141491730184,9.0409202434741));
#2851=CARTESIAN_POINT('Ctrl Pts',(0.,89.346381126477,8.93268772682928));
#2852=CARTESIAN_POINT('Ctrl Pts',(-250.,89.346381126477,8.93268772682928));
#2853=CARTESIAN_POINT('Ctrl Pts',(0.,89.903327675346,8.83514802031092));
#2854=CARTESIAN_POINT('Ctrl Pts',(-250.,89.903327675346,8.83514802031092));
#2855=CARTESIAN_POINT('Ctrl Pts',(0.,90.4677028719305,8.733115880241));
#2856=CARTESIAN_POINT('Ctrl Pts',(-250.,90.4677028719305,8.733115880241));
#2857=CARTESIAN_POINT('Ctrl Pts',(0.,91.121040260695,8.61150041337362));
#2858=CARTESIAN_POINT('Ctrl Pts',(-250.,91.121040260695,8.61150041337362));
#2859=CARTESIAN_POINT('Ctrl Pts',(0.,91.9281183327592,8.45824584297873));
#2860=CARTESIAN_POINT('Ctrl Pts',(-250.,91.9281183327592,8.45824584297873));
#2861=CARTESIAN_POINT('Ctrl Pts',(0.,92.9154851138884,8.26838074650951));
#2862=CARTESIAN_POINT('Ctrl Pts',(-250.,92.9154851138884,8.26838074650951));
#2863=CARTESIAN_POINT('Ctrl Pts',(0.,94.0697090794951,8.04437227760333));
#2864=CARTESIAN_POINT('Ctrl Pts',(-250.,94.0697090794951,8.04437227760333));
#2865=CARTESIAN_POINT('Ctrl Pts',(0.,95.3506083094453,7.79367670069828));
#2866=CARTESIAN_POINT('Ctrl Pts',(-250.,95.3506083094453,7.79367670069828));
#2867=CARTESIAN_POINT('Ctrl Pts',(0.,96.7001630711561,7.52709769162043));
#2868=CARTESIAN_POINT('Ctrl Pts',(-250.,96.7001630711561,7.52709769162043));
#2869=CARTESIAN_POINT('Ctrl Pts',(0.,98.0532522097438,7.25680362215957));
#2870=CARTESIAN_POINT('Ctrl Pts',(-250.,98.0532522097438,7.25680362215957));
#2871=CARTESIAN_POINT('Ctrl Pts',(0.,99.347475435923,6.99451517499472));
#2872=CARTESIAN_POINT('Ctrl Pts',(-250.,99.347475435923,6.99451517499472));
#2873=CARTESIAN_POINT('Ctrl Pts',(0.,100.533669985997,6.74956478411734));
#2874=CARTESIAN_POINT('Ctrl Pts',(-250.,100.533669985997,6.74956478411734));
#2875=CARTESIAN_POINT('Ctrl Pts',(0.,101.585422161676,6.52714005022515));
#2876=CARTESIAN_POINT('Ctrl Pts',(-250.,101.585422161676,6.52714005022515));
#2877=CARTESIAN_POINT('Ctrl Pts',(0.,102.510896229322,6.32610424999564));
#2878=CARTESIAN_POINT('Ctrl Pts',(-250.,102.510896229322,6.32610424999564));
#2879=CARTESIAN_POINT('Ctrl Pts',(0.,103.343996743062,6.14058667657471));
#2880=CARTESIAN_POINT('Ctrl Pts',(-250.,103.343996743062,6.14058667657471));
#2881=CARTESIAN_POINT('Ctrl Pts',(0.,104.132450368721,5.96213542947629));
#2882=CARTESIAN_POINT('Ctrl Pts',(-250.,104.132450368721,5.96213542947629));
#2883=CARTESIAN_POINT('Ctrl Pts',(0.,104.926828325906,5.78169730320749));
#2884=CARTESIAN_POINT('Ctrl Pts',(-250.,104.926828325906,5.78169730320749));
#2885=CARTESIAN_POINT('Ctrl Pts',(0.,105.769502260702,5.59161288034884));
#2886=CARTESIAN_POINT('Ctrl Pts',(-250.,105.769502260702,5.59161288034884));
#2887=CARTESIAN_POINT('Ctrl Pts',(0.,106.682849875047,5.38774113969204));
#2888=CARTESIAN_POINT('Ctrl Pts',(-250.,106.682849875047,5.38774113969204));
#2889=CARTESIAN_POINT('Ctrl Pts',(0.,107.660054543085,5.17113149730848));
#2890=CARTESIAN_POINT('Ctrl Pts',(-250.,107.660054543085,5.17113149730848));
#2891=CARTESIAN_POINT('Ctrl Pts',(0.,108.675242753022,4.94631372043885));
#2892=CARTESIAN_POINT('Ctrl Pts',(-250.,108.675242753022,4.94631372043885));
#2893=CARTESIAN_POINT('Ctrl Pts',(0.,109.691709495432,4.71992403738968));
#2894=CARTESIAN_POINT('Ctrl Pts',(-250.,109.691709495432,4.71992403738968));
#2895=CARTESIAN_POINT('Ctrl Pts',(0.,110.670771150602,4.49921750100471));
#2896=CARTESIAN_POINT('Ctrl Pts',(-250.,110.670771150602,4.49921750100471));
#2897=CARTESIAN_POINT('Ctrl Pts',(0.,111.58058648144,4.29059536202974));
#2898=CARTESIAN_POINT('Ctrl Pts',(-250.,111.58058648144,4.29059536202974));
#2899=CARTESIAN_POINT('Ctrl Pts',(0.,112.404436700915,4.09820507553076));
#2900=CARTESIAN_POINT('Ctrl Pts',(-250.,112.404436700915,4.09820507553076));
#2901=CARTESIAN_POINT('Ctrl Pts',(0.,113.150723274552,3.92229761277655));
#2902=CARTESIAN_POINT('Ctrl Pts',(-250.,113.150723274552,3.92229761277655));
#2903=CARTESIAN_POINT('Ctrl Pts',(0.,113.845080291137,3.76011970851658));
#2904=CARTESIAN_POINT('Ctrl Pts',(-250.,113.845080291137,3.76011970851658));
#2905=CARTESIAN_POINT('Ctrl Pts',(0.,114.519934326707,3.60716012756163));
#2906=CARTESIAN_POINT('Ctrl Pts',(-250.,114.519934326707,3.60716012756163));
#2907=CARTESIAN_POINT('Ctrl Pts',(0.,115.205150707876,3.45825960649154));
#2908=CARTESIAN_POINT('Ctrl Pts',(-250.,115.205150707876,3.45825960649154));
#2909=CARTESIAN_POINT('Ctrl Pts',(0.,115.917808176677,3.30880197016305));
#2910=CARTESIAN_POINT('Ctrl Pts',(-250.,115.917808176677,3.30880197016305));
#2911=CARTESIAN_POINT('Ctrl Pts',(0.,116.653512070995,3.15580104872447));
#2912=CARTESIAN_POINT('Ctrl Pts',(-250.,116.653512070995,3.15580104872447));
#2913=CARTESIAN_POINT('Ctrl Pts',(0.,117.395153908042,2.9978217432729));
#2914=CARTESIAN_POINT('Ctrl Pts',(-250.,117.395153908042,2.9978217432729));
#2915=CARTESIAN_POINT('Ctrl Pts',(0.,118.120924038391,2.83499799098454));
#2916=CARTESIAN_POINT('Ctrl Pts',(-250.,118.120924038391,2.83499799098454));
#2917=CARTESIAN_POINT('Ctrl Pts',(0.,118.811967124599,2.66895948754854));
#2918=CARTESIAN_POINT('Ctrl Pts',(-250.,118.811967124599,2.66895948754854));
#2919=CARTESIAN_POINT('Ctrl Pts',(0.,119.461697724017,2.50292849011894));
#2920=CARTESIAN_POINT('Ctrl Pts',(-250.,119.461697724017,2.50292849011894));
#2921=CARTESIAN_POINT('Ctrl Pts',(0.,120.079360829768,2.34130202460448));
#2922=CARTESIAN_POINT('Ctrl Pts',(-250.,120.079360829768,2.34130202460448));
#2923=CARTESIAN_POINT('Ctrl Pts',(0.,120.681343834001,2.18811672279937));
#2924=CARTESIAN_POINT('Ctrl Pts',(-250.,120.681343834001,2.18811672279937));
#2925=CARTESIAN_POINT('Ctrl Pts',(0.,121.285327797087,2.04582700285888));
#2926=CARTESIAN_POINT('Ctrl Pts',(-250.,121.285327797087,2.04582700285888));
#2927=CARTESIAN_POINT('Ctrl Pts',(0.,121.90275313405,1.91378641205499));
#2928=CARTESIAN_POINT('Ctrl Pts',(-250.,121.90275313405,1.91378641205499));
#2929=CARTESIAN_POINT('Ctrl Pts',(0.,122.53362142159,1.7873573627958));
#2930=CARTESIAN_POINT('Ctrl Pts',(-250.,122.53362142159,1.7873573627958));
#2931=CARTESIAN_POINT('Ctrl Pts',(0.,123.17196729752,1.66037788192442));
#2932=CARTESIAN_POINT('Ctrl Pts',(-250.,123.17196729752,1.66037788192442));
#2933=CARTESIAN_POINT('Ctrl Pts',(0.,123.810111463693,1.52723122028626));
#2934=CARTESIAN_POINT('Ctrl Pts',(-250.,123.810111463693,1.52723122028626));
#2935=CARTESIAN_POINT('Ctrl Pts',(0.,124.443396648775,1.38507469016358));
#2936=CARTESIAN_POINT('Ctrl Pts',(-250.,124.443396648775,1.38507469016358));
#2937=CARTESIAN_POINT('Ctrl Pts',(0.,125.074681479573,1.23598746037565));
#2938=CARTESIAN_POINT('Ctrl Pts',(-250.,125.074681479573,1.23598746037565));
#2939=CARTESIAN_POINT('Ctrl Pts',(0.,125.70983055605,1.08486070992983));
#2940=CARTESIAN_POINT('Ctrl Pts',(-250.,125.70983055605,1.08486070992983));
#2941=CARTESIAN_POINT('Ctrl Pts',(0.,126.35293750759,0.937191365253819));
#2942=CARTESIAN_POINT('Ctrl Pts',(-250.,126.35293750759,0.937191365253819));
#2943=CARTESIAN_POINT('Ctrl Pts',(0.,127.002110133114,0.797082685657949));
#2944=CARTESIAN_POINT('Ctrl Pts',(-250.,127.002110133114,0.797082685657949));
#2945=CARTESIAN_POINT('Ctrl Pts',(0.,127.643846388927,0.664726033724785));
#2946=CARTESIAN_POINT('Ctrl Pts',(-250.,127.643846388927,0.664726033724785));
#2947=CARTESIAN_POINT('Ctrl Pts',(0.,128.256536789996,0.537226474851561));
#2948=CARTESIAN_POINT('Ctrl Pts',(-250.,128.256536789996,0.537226474851561));
#2949=CARTESIAN_POINT('Ctrl Pts',(0.,128.816676553762,0.410393151204256));
#2950=CARTESIAN_POINT('Ctrl Pts',(-250.,128.816676553762,0.410393151204256));
#2951=CARTESIAN_POINT('Ctrl Pts',(0.,129.303727661386,0.280094864983792));
#2952=CARTESIAN_POINT('Ctrl Pts',(-250.,129.303727661386,0.280094864983792));
#2953=CARTESIAN_POINT('Ctrl Pts',(0.,129.62604878301,0.171273484512513));
#2954=CARTESIAN_POINT('Ctrl Pts',(-250.,129.62604878301,0.171273484512513));
#2955=CARTESIAN_POINT('Ctrl Pts',(0.,129.828364637852,0.0867641364328228));
#2956=CARTESIAN_POINT('Ctrl Pts',(-250.,129.828364637852,0.0867641364328228));
#2957=CARTESIAN_POINT('Ctrl Pts',(0.,129.94570980101,0.0291360314206113));
#2958=CARTESIAN_POINT('Ctrl Pts',(-250.,129.94570980101,0.0291360314206113));
#2959=CARTESIAN_POINT('Ctrl Pts',(0.,130.,0.));
#2960=CARTESIAN_POINT('Ctrl Pts',(-250.,130.,0.));
#2961=CARTESIAN_POINT('',(-70.2,105.289902353694,5.7));
#2962=CARTESIAN_POINT('Ctrl Pts',(-134.,105.289902353694,5.7));
#2963=CARTESIAN_POINT('Ctrl Pts',(-131.,105.289902353694,5.7));
#2964=CARTESIAN_POINT('Ctrl Pts',(-128.,105.289902353694,5.7));
#2965=CARTESIAN_POINT('Ctrl Pts',(-106.733333333333,105.289902353694,5.7));
#2966=CARTESIAN_POINT('Ctrl Pts',(-88.4666666666667,105.289902353694,5.7));
#2967=CARTESIAN_POINT('Ctrl Pts',(-70.2,105.289902353694,5.7));
#2968=CARTESIAN_POINT('',(-70.2,115.19027904443,3.46274270374512));
#2969=CARTESIAN_POINT('Ctrl Pts',(-70.2,105.289902353694,5.70000000000001));
#2970=CARTESIAN_POINT('Ctrl Pts',(-70.2,105.383001921425,5.67900612483895));
#2971=CARTESIAN_POINT('Ctrl Pts',(-70.2,105.477144093532,5.65780621477946));
#2972=CARTESIAN_POINT('Ctrl Pts',(-70.2,105.572444125688,5.63637881230374));
#2973=CARTESIAN_POINT('Ctrl Pts',(-70.2,105.665254816852,5.6155111169983));
#2974=CARTESIAN_POINT('Ctrl Pts',(-70.2,105.759163818525,5.59442763061205));
#2975=CARTESIAN_POINT('Ctrl Pts',(-70.2,105.854228304328,5.57311727921342));
#2976=CARTESIAN_POINT('Ctrl Pts',(-70.2,105.954499408162,5.55063977418302));
#2977=CARTESIAN_POINT('Ctrl Pts',(-70.2,106.056056284225,5.52790982444094));
#2978=CARTESIAN_POINT('Ctrl Pts',(-70.2,106.158904976893,5.50492530726599));
#2979=CARTESIAN_POINT('Ctrl Pts',(-70.2,106.263259528989,5.48160426221717));
#2980=CARTESIAN_POINT('Ctrl Pts',(-70.2,106.368943602502,5.45802120670119));
#2981=CARTESIAN_POINT('Ctrl Pts',(-70.2,106.47590475495,5.43418446046044));
#2982=CARTESIAN_POINT('Ctrl Pts',(-70.2,106.587204154253,5.40938091751786));
#2983=CARTESIAN_POINT('Ctrl Pts',(-70.2,106.69988607215,5.38430272597389));
#2984=CARTESIAN_POINT('Ctrl Pts',(-70.2,106.813833005074,5.35896983826512));
#2985=CARTESIAN_POINT('Ctrl Pts',(-70.2,106.932772742843,5.33252694117515));
#2986=CARTESIAN_POINT('Ctrl Pts',(-70.2,107.053090532675,5.30580657410238));
#2987=CARTESIAN_POINT('Ctrl Pts',(-70.2,107.174594435313,5.27884212855018));
#2988=CARTESIAN_POINT('Ctrl Pts',(-70.2,107.302747477927,5.25040208946596));
#2989=CARTESIAN_POINT('Ctrl Pts',(-70.2,107.432219696573,5.22169056805656));
#2990=CARTESIAN_POINT('Ctrl Pts',(-70.2,107.562726517484,5.19275784224083));
#2991=CARTESIAN_POINT('Ctrl Pts',(-70.2,107.703402004469,5.16157077274112));
#2992=CARTESIAN_POINT('Ctrl Pts',(-70.2,107.84527916984,5.13012673804196));
#2993=CARTESIAN_POINT('Ctrl Pts',(-70.2,107.987939809282,5.0985006084206));
#2994=CARTESIAN_POINT('Ctrl Pts',(-70.2,108.149900329609,5.0625959298109));
#2995=CARTESIAN_POINT('Ctrl Pts',(-70.2,108.31286981554,5.02645664496465));
#2996=CARTESIAN_POINT('Ctrl Pts',(-70.2,108.476168661608,4.99020614547147));
#2997=CARTESIAN_POINT('Ctrl Pts',(-70.2,108.742718274614,4.93103514185571));
#2998=CARTESIAN_POINT('Ctrl Pts',(-70.2,109.010139385246,4.87156786122483));
#2999=CARTESIAN_POINT('Ctrl Pts',(-70.2,109.275323792435,4.81238161737647));
#3000=CARTESIAN_POINT('Ctrl Pts',(-70.2,109.429998208438,4.77785998844793));
#3001=CARTESIAN_POINT('Ctrl Pts',(-70.2,109.583909485013,4.74343468817576));
#3002=CARTESIAN_POINT('Ctrl Pts',(-70.2,109.736465210816,4.70921915534112));
#3003=CARTESIAN_POINT('Ctrl Pts',(-70.2,109.879486203756,4.67714209330865));
#3004=CARTESIAN_POINT('Ctrl Pts',(-70.2,110.021314707124,4.64524959993777));
#3005=CARTESIAN_POINT('Ctrl Pts',(-70.2,110.161505821535,4.61362965192509));
#3006=CARTESIAN_POINT('Ctrl Pts',(-70.2,110.292934991296,4.5839859506632));
#3007=CARTESIAN_POINT('Ctrl Pts',(-70.2,110.422924498483,4.55458190004507));
#3008=CARTESIAN_POINT('Ctrl Pts',(-70.2,110.551157898528,4.52548291947199));
#3009=CARTESIAN_POINT('Ctrl Pts',(-70.2,110.671376711071,4.49820262518472));
#3010=CARTESIAN_POINT('Ctrl Pts',(-70.2,110.790051803459,4.47119051523745));
#3011=CARTESIAN_POINT('Ctrl Pts',(-70.2,110.906973313928,4.44449298026564));
#3012=CARTESIAN_POINT('Ctrl Pts',(-70.2,111.016587229993,4.41946404122956));
#3013=CARTESIAN_POINT('Ctrl Pts',(-70.2,111.124659757686,4.39471161657772));
#3014=CARTESIAN_POINT('Ctrl Pts',(-70.2,111.231067180177,4.37026648606737));
#3015=CARTESIAN_POINT('Ctrl Pts',(-70.2,111.331800409329,4.34712489616978));
#3016=CARTESIAN_POINT('Ctrl Pts',(-70.2,111.431041300173,4.32425871952116));
#3017=CARTESIAN_POINT('Ctrl Pts',(-70.2,111.528732120524,4.30168682072281));
#3018=CARTESIAN_POINT('Ctrl Pts',(-70.2,111.627458372048,4.27887568094404));
#3019=CARTESIAN_POINT('Ctrl Pts',(-70.2,111.724601262184,4.25636513941503));
#3020=CARTESIAN_POINT('Ctrl Pts',(-70.2,111.820155127841,4.23416629061933));
#3021=CARTESIAN_POINT('Ctrl Pts',(-70.2,111.918505822299,4.21131768915013));
#3022=CARTESIAN_POINT('Ctrl Pts',(-70.2,112.015173288404,4.18879928602668));
#3023=CARTESIAN_POINT('Ctrl Pts',(-70.2,112.110207706376,4.16661418347793));
#3024=CARTESIAN_POINT('Ctrl Pts',(-70.2,112.20856860442,4.14365253804009));
#3025=CARTESIAN_POINT('Ctrl Pts',(-70.2,112.30518033589,4.12104792819918));
#3026=CARTESIAN_POINT('Ctrl Pts',(-70.2,112.400155152589,4.09879439038826));
#3027=CARTESIAN_POINT('Ctrl Pts',(-70.2,112.500098285894,4.07537672691437));
#3028=CARTESIAN_POINT('Ctrl Pts',(-70.2,112.598229066324,4.05234781948329));
#3029=CARTESIAN_POINT('Ctrl Pts',(-70.2,112.694736601125,4.02969049186014));
#3030=CARTESIAN_POINT('Ctrl Pts',(-70.2,112.798627054874,4.00529985694901));
#3031=CARTESIAN_POINT('Ctrl Pts',(-70.2,112.900636921187,3.98133981861441));
#3032=CARTESIAN_POINT('Ctrl Pts',(-70.2,113.001061610787,3.95777749708549));
#3033=CARTESIAN_POINT('Ctrl Pts',(-70.2,113.115587035096,3.93090676557966));
#3034=CARTESIAN_POINT('Ctrl Pts',(-70.2,113.228051692115,3.9045533295078));
#3035=CARTESIAN_POINT('Ctrl Pts',(-70.2,113.338958621153,3.87865351645373));
#3036=CARTESIAN_POINT('Ctrl Pts',(-70.2,113.49793024324,3.84152927788116));
#3037=CARTESIAN_POINT('Ctrl Pts',(-70.2,113.653704898204,3.80533801037954));
#3038=CARTESIAN_POINT('Ctrl Pts',(-70.2,113.807867823123,3.76985241009725));
#3039=CARTESIAN_POINT('Ctrl Pts',(-70.2,113.923490016812,3.74323820988553));
#3040=CARTESIAN_POINT('Ctrl Pts',(-70.2,114.03820995234,3.71701977184398));
#3041=CARTESIAN_POINT('Ctrl Pts',(-70.2,114.152675181464,3.69109175981431));
#3042=CARTESIAN_POINT('Ctrl Pts',(-70.2,114.245753415804,3.67000820808292));
#3043=CARTESIAN_POINT('Ctrl Pts',(-70.2,114.338663658212,3.64911645352451));
#3044=CARTESIAN_POINT('Ctrl Pts',(-70.2,114.431717662082,3.62835913915516));
#3045=CARTESIAN_POINT('Ctrl Pts',(-70.2,114.519443709868,3.60879031807769));
#3046=CARTESIAN_POINT('Ctrl Pts',(-70.2,114.607298137741,3.58934087402664));
#3047=CARTESIAN_POINT('Ctrl Pts',(-70.2,114.695498769694,3.56996418381087));
#3048=CARTESIAN_POINT('Ctrl Pts',(-70.2,114.778217887002,3.55179172092153));
#3049=CARTESIAN_POINT('Ctrl Pts',(-70.2,114.861241691123,3.53368319306054));
#3050=CARTESIAN_POINT('Ctrl Pts',(-70.2,114.944705553694,3.51560254726005));
#3051=CARTESIAN_POINT('Ctrl Pts',(-70.2,115.026118363344,3.49796621784078));
#3052=CARTESIAN_POINT('Ctrl Pts',(-70.2,115.107950221721,3.48035636114869));
#3053=CARTESIAN_POINT('Ctrl Pts',(-70.2,115.19027904443,3.46274270374511));
#3054=CARTESIAN_POINT('',(-73.2,115.19027904443,3.46274270374512));
#3055=CARTESIAN_POINT('Ctrl Pts',(-70.2,115.19027904443,3.46274270374512));
#3056=CARTESIAN_POINT('Ctrl Pts',(-71.2,115.19027904443,3.46274270374512));
#3057=CARTESIAN_POINT('Ctrl Pts',(-72.2,115.19027904443,3.46274270374512));
#3058=CARTESIAN_POINT('Ctrl Pts',(-73.2,115.19027904443,3.46274270374512));
#3059=CARTESIAN_POINT('',(-73.2,115.28857167391,3.44176076123429));
#3060=CARTESIAN_POINT('Ctrl Pts',(-73.2,115.19027904443,3.46274270374512));
#3061=CARTESIAN_POINT('Ctrl Pts',(-73.2,115.222942479265,3.45575459761316));
#3062=CARTESIAN_POINT('Ctrl Pts',(-73.2,115.2556850177,3.44876560553096));
#3063=CARTESIAN_POINT('Ctrl Pts',(-73.2,115.28857167391,3.44176076123429));
#3064=CARTESIAN_POINT('',(-70.2,115.28857167391,3.44176076123429));
#3065=CARTESIAN_POINT('Ctrl Pts',(-73.2,115.28857167391,3.44176076123429));
#3066=CARTESIAN_POINT('Ctrl Pts',(-72.2,115.28857167391,3.44176076123429));
#3067=CARTESIAN_POINT('Ctrl Pts',(-71.2,115.28857167391,3.44176076123428));
#3068=CARTESIAN_POINT('Ctrl Pts',(-70.2,115.28857167391,3.44176076123428));
#3069=CARTESIAN_POINT('Ctrl Pts',(-70.2,115.28857167391,3.44176076123429));
#3070=CARTESIAN_POINT('Ctrl Pts',(-70.2,115.375935211524,3.42315236352145));
#3071=CARTESIAN_POINT('Ctrl Pts',(-70.2,115.463871290045,3.40452746202052));
#3072=CARTESIAN_POINT('Ctrl Pts',(-70.2,115.552383354095,3.38585725571715));
#3073=CARTESIAN_POINT('Ctrl Pts',(-70.2,115.643851414569,3.36656352917789));
#3074=CARTESIAN_POINT('Ctrl Pts',(-70.2,115.735934119708,3.34722139726666));
#3075=CARTESIAN_POINT('Ctrl Pts',(-70.2,115.828572776252,3.32780485501953));
#3076=CARTESIAN_POINT('Ctrl Pts',(-70.2,115.927220961766,3.30712874924361));
#3077=CARTESIAN_POINT('Ctrl Pts',(-70.2,116.026499190591,3.28636820034812));
#3078=CARTESIAN_POINT('Ctrl Pts',(-70.2,116.126273042066,3.26549899590974));
#3079=CARTESIAN_POINT('Ctrl Pts',(-70.2,116.235000265435,3.24275705882954));
#3080=CARTESIAN_POINT('Ctrl Pts',(-70.2,116.344315556493,3.21988595040875));
#3081=CARTESIAN_POINT('Ctrl Pts',(-70.2,116.453978308006,3.19686432435378));
#3082=CARTESIAN_POINT('Ctrl Pts',(-70.2,116.580304230007,3.17034457998105));
#3083=CARTESIAN_POINT('Ctrl Pts',(-70.2,116.707090216109,3.14362471777157));
#3084=CARTESIAN_POINT('Ctrl Pts',(-70.2,116.833894420697,3.11668932239289));
#3085=CARTESIAN_POINT('Ctrl Pts',(-70.2,117.001090509307,3.08117399569592));
#3086=CARTESIAN_POINT('Ctrl Pts',(-70.2,117.168312964471,3.04528208042601));
#3087=CARTESIAN_POINT('Ctrl Pts',(-70.2,117.334471612963,3.00902668588221));
#3088=CARTESIAN_POINT('Ctrl Pts',(-70.2,117.453723480136,2.98300623173405));
#3089=CARTESIAN_POINT('Ctrl Pts',(-70.2,117.572424621846,2.95679969110574));
#3090=CARTESIAN_POINT('Ctrl Pts',(-70.2,117.690194377686,2.93042900261032));
#3091=CARTESIAN_POINT('Ctrl Pts',(-70.2,117.791948700234,2.90764444706936));
#3092=CARTESIAN_POINT('Ctrl Pts',(-70.2,117.893006981801,2.88473756336273));
#3093=CARTESIAN_POINT('Ctrl Pts',(-70.2,117.993161153697,2.8617312139927));
#3094=CARTESIAN_POINT('Ctrl Pts',(-70.2,118.087033074106,2.84016795650593));
#3095=CARTESIAN_POINT('Ctrl Pts',(-70.2,118.180110202006,2.81851738744553));
#3096=CARTESIAN_POINT('Ctrl Pts',(-70.2,118.272265682017,2.79680493167093));
#3097=CARTESIAN_POINT('Ctrl Pts',(-70.2,118.362034675717,2.77565474824818));
#3098=CARTESIAN_POINT('Ctrl Pts',(-70.2,118.450928987098,2.75444590574325));
#3099=CARTESIAN_POINT('Ctrl Pts',(-70.2,118.538879762866,2.73320745718665));
#3100=CARTESIAN_POINT('Ctrl Pts',(-70.2,118.625287272583,2.71234167818683));
#3101=CARTESIAN_POINT('Ctrl Pts',(-70.2,118.710783902043,2.69144737358759));
#3102=CARTESIAN_POINT('Ctrl Pts',(-70.2,118.795354036901,2.67055669466119));
#3103=CARTESIAN_POINT('Ctrl Pts',(-70.2,118.882837566002,2.64894634343147));
#3104=CARTESIAN_POINT('Ctrl Pts',(-70.2,118.969329570406,2.6273399407575));
#3105=CARTESIAN_POINT('Ctrl Pts',(-70.2,119.05487087604,2.60577735967555));
#3106=CARTESIAN_POINT('Ctrl Pts',(-70.2,119.146852079715,2.58259145962893));
#3107=CARTESIAN_POINT('Ctrl Pts',(-70.2,119.237734463122,2.55945639577577));
#3108=CARTESIAN_POINT('Ctrl Pts',(-70.2,119.327631425169,2.5364246390105));
#3109=CARTESIAN_POINT('Ctrl Pts',(-70.2,119.426937932277,2.51098214056752));
#3110=CARTESIAN_POINT('Ctrl Pts',(-70.2,119.525042657943,2.48566602922419));
#3111=CARTESIAN_POINT('Ctrl Pts',(-70.2,119.622163427029,2.46054648942996));
#3112=CARTESIAN_POINT('Ctrl Pts',(-70.2,119.73263354669,2.43197424280376));
#3113=CARTESIAN_POINT('Ctrl Pts',(-70.2,119.841831532994,2.40365696178726));
#3114=CARTESIAN_POINT('Ctrl Pts',(-70.2,119.95014489014,2.37568926438465));
#3115=CARTESIAN_POINT('Ctrl Pts',(-70.2,120.072957568261,2.34397768319671));
#3116=CARTESIAN_POINT('Ctrl Pts',(-70.2,120.194636375031,2.31271699548161));
#3117=CARTESIAN_POINT('Ctrl Pts',(-70.2,120.315793297404,2.28201751385499));
#3118=CARTESIAN_POINT('Ctrl Pts',(-70.2,120.420694299969,2.25543705656219));
#3119=CARTESIAN_POINT('Ctrl Pts',(-70.2,120.525207489038,2.22927738170816));
#3120=CARTESIAN_POINT('Ctrl Pts',(-70.2,120.629710520398,2.20358215060724));
#3121=CARTESIAN_POINT('Ctrl Pts',(-70.2,120.719826592597,2.18142438856953));
#3122=CARTESIAN_POINT('Ctrl Pts',(-70.2,120.809935832419,2.15961177565582));
#3123=CARTESIAN_POINT('Ctrl Pts',(-70.2,120.900241732284,2.1381512496248));
#3124=CARTESIAN_POINT('Ctrl Pts',(-70.2,120.984965048919,2.11801738301363));
#3125=CARTESIAN_POINT('Ctrl Pts',(-70.2,121.069861819098,2.09819335954702));
#3126=CARTESIAN_POINT('Ctrl Pts',(-70.2,121.15505690127,2.07866664712822));
#3127=CARTESIAN_POINT('Ctrl Pts',(-70.2,121.237286128426,2.05981970866465));
#3128=CARTESIAN_POINT('Ctrl Pts',(-70.2,121.319793589788,2.04124973452968));
#3129=CARTESIAN_POINT('Ctrl Pts',(-70.2,121.402644721059,2.02292816717562));
#3130=CARTESIAN_POINT('Ctrl Pts',(-70.2,121.489470341092,2.00372768770029));
#3131=CARTESIAN_POINT('Ctrl Pts',(-70.2,121.576673133521,1.98479984080391));
#3132=CARTESIAN_POINT('Ctrl Pts',(-70.2,121.664273783332,1.96609325319576));
#3133=CARTESIAN_POINT('Ctrl Pts',(-70.2,121.763049136823,1.94500037537378));
#3134=CARTESIAN_POINT('Ctrl Pts',(-70.2,121.862330289973,1.92418860865619));
#3135=CARTESIAN_POINT('Ctrl Pts',(-70.2,121.962080726182,1.90356410706231));
#3136=CARTESIAN_POINT('Ctrl Pts',(-70.2,122.073947610911,1.88043439625507));
#3137=CARTESIAN_POINT('Ctrl Pts',(-70.2,122.186404107207,1.85753960741821));
#3138=CARTESIAN_POINT('Ctrl Pts',(-70.2,122.299325955477,1.83473013114313));
#3139=CARTESIAN_POINT('Ctrl Pts',(-70.2,122.438871412863,1.80654285960694));
#3140=CARTESIAN_POINT('Ctrl Pts',(-70.2,122.579125917514,1.77848381205633));
#3141=CARTESIAN_POINT('Ctrl Pts',(-70.2,122.719763260268,1.75026632415554));
#3142=CARTESIAN_POINT('Ctrl Pts',(-70.2,122.844744110329,1.72519015622339));
#3143=CARTESIAN_POINT('Ctrl Pts',(-70.2,122.970022648309,1.69998726816476));
#3144=CARTESIAN_POINT('Ctrl Pts',(-70.2,123.095360556677,1.67448098924526));
#3145=CARTESIAN_POINT('Ctrl Pts',(-70.2,123.199891058212,1.65320902003454));
#3146=CARTESIAN_POINT('Ctrl Pts',(-70.2,123.304461682088,1.63172595762637));
#3147=CARTESIAN_POINT('Ctrl Pts',(-70.2,123.408958928524,1.6099554644531));
#3148=CARTESIAN_POINT('Ctrl Pts',(-70.2,123.504468141761,1.5900574982801));
#3149=CARTESIAN_POINT('Ctrl Pts',(-70.2,123.599915523368,1.56991931334932));
#3150=CARTESIAN_POINT('Ctrl Pts',(-70.2,123.695247434399,1.54950787877414));
#3151=CARTESIAN_POINT('Ctrl Pts',(-70.2,123.789426635834,1.52934324987267));
#3152=CARTESIAN_POINT('Ctrl Pts',(-70.2,123.88349252974,1.50891166344654));
#3153=CARTESIAN_POINT('Ctrl Pts',(-70.2,123.977436489585,1.4882105399074));
#3154=CARTESIAN_POINT('Ctrl Pts',(-70.2,124.07836396763,1.465970555613));
#3155=CARTESIAN_POINT('Ctrl Pts',(-70.2,124.179151170737,1.44341955202369));
#3156=CARTESIAN_POINT('Ctrl Pts',(-70.2,124.27983952332,1.42059042924621));
#3157=CARTESIAN_POINT('Ctrl Pts',(-70.2,124.392924109694,1.39495070190574));
#3158=CARTESIAN_POINT('Ctrl Pts',(-70.2,124.505884914209,1.36896024858281));
#3159=CARTESIAN_POINT('Ctrl Pts',(-70.2,124.618833677613,1.34270875310459));
#3160=CARTESIAN_POINT('Ctrl Pts',(-70.2,124.761911669361,1.30945463734272));
#3161=CARTESIAN_POINT('Ctrl Pts',(-70.2,124.904974169335,1.27578182673278));
#3162=CARTESIAN_POINT('Ctrl Pts',(-70.2,125.048294870691,1.24193918234487));
#3163=CARTESIAN_POINT('Ctrl Pts',(-70.2,125.167642318949,1.21375739693787));
#3164=CARTESIAN_POINT('Ctrl Pts',(-70.2,125.287171868956,1.18546015874725));
#3165=CARTESIAN_POINT('Ctrl Pts',(-70.2,125.407015941597,1.15720592544126));
#3166=CARTESIAN_POINT('Ctrl Pts',(-70.2,125.512125590971,1.13242545452876));
#3167=CARTESIAN_POINT('Ctrl Pts',(-70.2,125.617477918843,1.10767877902716));
#3168=CARTESIAN_POINT('Ctrl Pts',(-70.2,125.723120442208,1.08306853393607));
#3169=CARTESIAN_POINT('Ctrl Pts',(-70.2,125.818583526013,1.06082966823358));
#3170=CARTESIAN_POINT('Ctrl Pts',(-70.2,125.914283963184,1.03870255691591));
#3171=CARTESIAN_POINT('Ctrl Pts',(-70.2,126.010213683331,1.01675276814246));
#3172=CARTESIAN_POINT('Ctrl Pts',(-70.2,126.099354067655,0.996356455048933));
#3173=CARTESIAN_POINT('Ctrl Pts',(-70.2,126.188692738498,0.976113476497143));
#3174=CARTESIAN_POINT('Ctrl Pts',(-70.2,126.278178809182,0.956063237035367));
#3175=CARTESIAN_POINT('Ctrl Pts',(-70.2,126.364911188196,0.936629989435811));
#3176=CARTESIAN_POINT('Ctrl Pts',(-70.2,126.451782280625,0.917377957804474));
#3177=CARTESIAN_POINT('Ctrl Pts',(-70.2,126.53869748814,0.898327118856645));
#3178=CARTESIAN_POINT('Ctrl Pts',(-70.2,126.629941996597,0.878327345684826));
#3179=CARTESIAN_POINT('Ctrl Pts',(-70.2,126.721235078367,0.85854934642553));
#3180=CARTESIAN_POINT('Ctrl Pts',(-70.2,126.812411875549,0.838997024711612));
#3181=CARTESIAN_POINT('Ctrl Pts',(-70.2,126.908368277286,0.818419745236424));
#3182=CARTESIAN_POINT('Ctrl Pts',(-70.2,127.004195725746,0.798092448605308));
#3183=CARTESIAN_POINT('Ctrl Pts',(-70.2,127.099643681401,0.777998389832022));
#3184=CARTESIAN_POINT('Ctrl Pts',(-70.2,127.205027087305,0.755812683103728));
#3185=CARTESIAN_POINT('Ctrl Pts',(-70.2,127.309947282504,0.733911240808697));
#3186=CARTESIAN_POINT('Ctrl Pts',(-70.2,127.414001654412,0.712245715681086));
#3187=CARTESIAN_POINT('Ctrl Pts',(-70.2,127.542979323184,0.685390823643099));
#3188=CARTESIAN_POINT('Ctrl Pts',(-70.2,127.670625066089,0.658898423616158));
#3189=CARTESIAN_POINT('Ctrl Pts',(-70.2,127.796091337349,0.632637521570858));
#3190=CARTESIAN_POINT('Ctrl Pts',(-70.2,127.920702413694,0.606555617352426));
#3191=CARTESIAN_POINT('Ctrl Pts',(-70.2,128.043159041887,0.58070076256855));
#3192=CARTESIAN_POINT('Ctrl Pts',(-70.2,128.162615773747,0.554923099580702));
#3193=CARTESIAN_POINT('Ctrl Pts',(-70.2,128.26458975797,0.532918052582355));
#3194=CARTESIAN_POINT('Ctrl Pts',(-70.2,128.364375780249,0.510968445156223));
#3195=CARTESIAN_POINT('Ctrl Pts',(-70.2,128.46147652139,0.488979093428947));
#3196=CARTESIAN_POINT('Ctrl Pts',(-70.2,128.546439669887,0.469738410667581));
#3197=CARTESIAN_POINT('Ctrl Pts',(-70.2,128.629346161612,0.450466957320857));
#3198=CARTESIAN_POINT('Ctrl Pts',(-70.2,128.709902624834,0.431106295848493));
#3199=CARTESIAN_POINT('Ctrl Pts',(-70.2,128.786409452497,0.412718909765831));
#3200=CARTESIAN_POINT('Ctrl Pts',(-70.2,128.86079602039,0.39425085830929));
#3201=CARTESIAN_POINT('Ctrl Pts',(-70.2,128.93285916192,0.375661006171279));
#3202=CARTESIAN_POINT('Ctrl Pts',(-70.2,129.006273926099,0.356722481124529));
#3203=CARTESIAN_POINT('Ctrl Pts',(-70.2,129.07727741752,0.337657555437516));
#3204=CARTESIAN_POINT('Ctrl Pts',(-70.2,129.145709215884,0.318433553306361));
#3205=CARTESIAN_POINT('Ctrl Pts',(-70.2,129.215949054727,0.298701632709815));
#3206=CARTESIAN_POINT('Ctrl Pts',(-70.2,129.283479650358,0.278802132359888));
#3207=CARTESIAN_POINT('Ctrl Pts',(-70.2,129.348182248054,0.258710805589863));
#3208=CARTESIAN_POINT('Ctrl Pts',(-70.2,129.419739222943,0.236491070736316));
#3209=CARTESIAN_POINT('Ctrl Pts',(-70.2,129.487837355347,0.21403672937846));
#3210=CARTESIAN_POINT('Ctrl Pts',(-70.2,129.552382574735,0.191328630221899));
#3211=CARTESIAN_POINT('Ctrl Pts',(-70.2,129.622979237181,0.16649153111314));
#3212=CARTESIAN_POINT('Ctrl Pts',(-70.2,129.689326530252,0.141351071743768));
#3213=CARTESIAN_POINT('Ctrl Pts',(-70.2,129.75136851775,0.11589586216581));
#3214=CARTESIAN_POINT('Ctrl Pts',(-70.2,129.828021315115,0.0844459828125258));
#3215=CARTESIAN_POINT('Ctrl Pts',(-70.2,129.898103322594,0.0525158545612957));
#3216=CARTESIAN_POINT('Ctrl Pts',(-70.2,129.961591336856,0.0201006650459169));
#3217=CARTESIAN_POINT('Ctrl Pts',(-70.2,129.974674045103,0.0134210031896121));
#3218=CARTESIAN_POINT('Ctrl Pts',(-70.2,129.987476930823,0.00672078098473568));
#3219=CARTESIAN_POINT('Ctrl Pts',(-70.2,130.,7.52176099183544E-15));
#3220=CARTESIAN_POINT('',(-88.2,115.28857167391,3.44176076123429));
#3221=CARTESIAN_POINT('',(-85.2,115.28857167391,3.44176076123429));
#3222=CARTESIAN_POINT('Ctrl Pts',(-88.2,115.28857167391,3.44176076123429));
#3223=CARTESIAN_POINT('Ctrl Pts',(-87.2,115.28857167391,3.44176076123429));
#3224=CARTESIAN_POINT('Ctrl Pts',(-86.2,115.28857167391,3.44176076123429));
#3225=CARTESIAN_POINT('Ctrl Pts',(-85.2,115.28857167391,3.44176076123429));
#3226=CARTESIAN_POINT('',(-85.2,115.19027904443,3.46274270374512));
#3227=CARTESIAN_POINT('Ctrl Pts',(-85.2,115.28857167391,3.44176076123429));
#3228=CARTESIAN_POINT('Ctrl Pts',(-85.2,115.255685016437,3.44876560579999));
#3229=CARTESIAN_POINT('Ctrl Pts',(-85.2,115.222942479635,3.45575459753403));
#3230=CARTESIAN_POINT('Ctrl Pts',(-85.2,115.19027904443,3.46274270374512));
#3231=CARTESIAN_POINT('',(-88.2,115.19027904443,3.46274270374512));
#3232=CARTESIAN_POINT('Ctrl Pts',(-85.2,115.19027904443,3.46274270374512));
#3233=CARTESIAN_POINT('Ctrl Pts',(-86.2,115.19027904443,3.46274270374512));
#3234=CARTESIAN_POINT('Ctrl Pts',(-87.2,115.19027904443,3.46274270374512));
#3235=CARTESIAN_POINT('Ctrl Pts',(-88.2,115.19027904443,3.46274270374512));
#3236=CARTESIAN_POINT('Ctrl Pts',(-88.2,115.19027904443,3.46274270374512));
#3237=CARTESIAN_POINT('Ctrl Pts',(-88.2,115.222942479265,3.45575459761313));
#3238=CARTESIAN_POINT('Ctrl Pts',(-88.2,115.2556850177,3.44876560553093));
#3239=CARTESIAN_POINT('Ctrl Pts',(-88.2,115.28857167391,3.44176076123429));
#3240=CARTESIAN_POINT('',(-103.2,115.28857167391,3.44176076123429));
#3241=CARTESIAN_POINT('',(-100.2,115.28857167391,3.44176076123429));
#3242=CARTESIAN_POINT('Ctrl Pts',(-103.2,115.28857167391,3.44176076123429));
#3243=CARTESIAN_POINT('Ctrl Pts',(-102.2,115.28857167391,3.44176076123429));
#3244=CARTESIAN_POINT('Ctrl Pts',(-101.2,115.28857167391,3.44176076123429));
#3245=CARTESIAN_POINT('Ctrl Pts',(-100.2,115.28857167391,3.44176076123429));
#3246=CARTESIAN_POINT('',(-100.2,115.19027904443,3.46274270374512));
#3247=CARTESIAN_POINT('Ctrl Pts',(-100.2,115.28857167391,3.44176076123429));
#3248=CARTESIAN_POINT('Ctrl Pts',(-100.2,115.255685016437,3.44876560579999));
#3249=CARTESIAN_POINT('Ctrl Pts',(-100.2,115.222942479635,3.45575459753403));
#3250=CARTESIAN_POINT('Ctrl Pts',(-100.2,115.19027904443,3.46274270374512));
#3251=CARTESIAN_POINT('',(-103.2,115.19027904443,3.46274270374512));
#3252=CARTESIAN_POINT('Ctrl Pts',(-100.2,115.19027904443,3.46274270374512));
#3253=CARTESIAN_POINT('Ctrl Pts',(-101.2,115.19027904443,3.46274270374512));
#3254=CARTESIAN_POINT('Ctrl Pts',(-102.2,115.19027904443,3.46274270374512));
#3255=CARTESIAN_POINT('Ctrl Pts',(-103.2,115.19027904443,3.46274270374512));
#3256=CARTESIAN_POINT('Ctrl Pts',(-103.2,115.19027904443,3.46274270374512));
#3257=CARTESIAN_POINT('Ctrl Pts',(-103.2,115.222942479265,3.45575459761316));
#3258=CARTESIAN_POINT('Ctrl Pts',(-103.2,115.2556850177,3.44876560553096));
#3259=CARTESIAN_POINT('Ctrl Pts',(-103.2,115.28857167391,3.44176076123429));
#3260=CARTESIAN_POINT('',(-118.2,115.28857167391,3.44176076123429));
#3261=CARTESIAN_POINT('',(-115.2,115.28857167391,3.44176076123429));
#3262=CARTESIAN_POINT('Ctrl Pts',(-118.2,115.28857167391,3.44176076123429));
#3263=CARTESIAN_POINT('Ctrl Pts',(-117.2,115.28857167391,3.44176076123429));
#3264=CARTESIAN_POINT('Ctrl Pts',(-116.2,115.28857167391,3.44176076123429));
#3265=CARTESIAN_POINT('Ctrl Pts',(-115.2,115.28857167391,3.44176076123429));
#3266=CARTESIAN_POINT('',(-115.2,115.19027904443,3.46274270374512));
#3267=CARTESIAN_POINT('Ctrl Pts',(-115.2,115.28857167391,3.44176076123429));
#3268=CARTESIAN_POINT('Ctrl Pts',(-115.2,115.255685016437,3.44876560579999));
#3269=CARTESIAN_POINT('Ctrl Pts',(-115.2,115.222942479635,3.45575459753403));
#3270=CARTESIAN_POINT('Ctrl Pts',(-115.2,115.19027904443,3.46274270374512));
#3271=CARTESIAN_POINT('',(-118.2,115.19027904443,3.46274270374512));
#3272=CARTESIAN_POINT('Ctrl Pts',(-115.2,115.19027904443,3.46274270374512));
#3273=CARTESIAN_POINT('Ctrl Pts',(-116.2,115.19027904443,3.46274270374512));
#3274=CARTESIAN_POINT('Ctrl Pts',(-117.2,115.19027904443,3.46274270374512));
#3275=CARTESIAN_POINT('Ctrl Pts',(-118.2,115.19027904443,3.46274270374512));
#3276=CARTESIAN_POINT('Ctrl Pts',(-118.2,115.19027904443,3.46274270374512));
#3277=CARTESIAN_POINT('Ctrl Pts',(-118.2,115.222942479265,3.45575459761316));
#3278=CARTESIAN_POINT('Ctrl Pts',(-118.2,115.2556850177,3.44876560553096));
#3279=CARTESIAN_POINT('Ctrl Pts',(-118.2,115.28857167391,3.44176076123429));
#3280=CARTESIAN_POINT('',(-133.2,115.28857167391,3.44176076123429));
#3281=CARTESIAN_POINT('',(-130.2,115.28857167391,3.44176076123429));
#3282=CARTESIAN_POINT('Ctrl Pts',(-133.2,115.28857167391,3.44176076123429));
#3283=CARTESIAN_POINT('Ctrl Pts',(-132.2,115.28857167391,3.44176076123429));
#3284=CARTESIAN_POINT('Ctrl Pts',(-131.2,115.28857167391,3.44176076123429));
#3285=CARTESIAN_POINT('Ctrl Pts',(-130.2,115.28857167391,3.44176076123429));
#3286=CARTESIAN_POINT('',(-130.2,115.19027904443,3.46274270374512));
#3287=CARTESIAN_POINT('Ctrl Pts',(-130.2,115.28857167391,3.44176076123429));
#3288=CARTESIAN_POINT('Ctrl Pts',(-130.2,115.255685016437,3.44876560579999));
#3289=CARTESIAN_POINT('Ctrl Pts',(-130.2,115.222942479635,3.45575459753403));
#3290=CARTESIAN_POINT('Ctrl Pts',(-130.2,115.19027904443,3.46274270374512));
#3291=CARTESIAN_POINT('',(-133.2,115.19027904443,3.46274270374512));
#3292=CARTESIAN_POINT('Ctrl Pts',(-130.2,115.19027904443,3.46274270374512));
#3293=CARTESIAN_POINT('Ctrl Pts',(-131.2,115.19027904443,3.46274270374512));
#3294=CARTESIAN_POINT('Ctrl Pts',(-132.2,115.19027904443,3.46274270374512));
#3295=CARTESIAN_POINT('Ctrl Pts',(-133.2,115.19027904443,3.46274270374512));
#3296=CARTESIAN_POINT('Ctrl Pts',(-133.2,115.19027904443,3.46274270374512));
#3297=CARTESIAN_POINT('Ctrl Pts',(-133.2,115.222942479265,3.45575459761316));
#3298=CARTESIAN_POINT('Ctrl Pts',(-133.2,115.2556850177,3.44876560553096));
#3299=CARTESIAN_POINT('Ctrl Pts',(-133.2,115.28857167391,3.44176076123429));
#3300=CARTESIAN_POINT('Origin',(0.,105.289902353694,5.7));
#3301=CARTESIAN_POINT('',(-70.2,103.5,5.7));
#3302=CARTESIAN_POINT('',(0.,103.5,5.7));
#3303=CARTESIAN_POINT('',(-70.2,85.1449511768472,5.7));
#3304=CARTESIAN_POINT('Origin',(0.,103.5,2.7));
#3305=CARTESIAN_POINT('',(-70.2,100.500416695606,2.75));
#3306=CARTESIAN_POINT('',(0.,100.500416695606,2.75));
#3307=CARTESIAN_POINT('Origin',(-70.2,103.5,2.7));
#3308=CARTESIAN_POINT('Origin',(-130.2,114.778498089613,-0.272134592344143));
#3309=CARTESIAN_POINT('',(-130.2,114.951507665341,1.29707235818468));
#3310=CARTESIAN_POINT('',(-130.2,115.19027904443,3.46274270374512));
#3311=CARTESIAN_POINT('',(-133.2,114.951507665341,1.29707235818468));
#3312=CARTESIAN_POINT('',(-133.2,115.19027904443,3.46274270374512));
#3313=CARTESIAN_POINT('',(-130.2,114.951507665341,1.29707235818468));
#3314=CARTESIAN_POINT('Origin',(-130.2,115.051081691301,1.28771275654359));
#3315=CARTESIAN_POINT('',(-130.2,115.051081691301,1.28771275654359));
#3316=CARTESIAN_POINT('',(-130.2,115.28857167391,3.44176076123429));
#3317=CARTESIAN_POINT('',(-133.2,115.051081691301,1.28771275654359));
#3318=CARTESIAN_POINT('',(-130.2,115.051081691301,1.28771275654359));
#3319=CARTESIAN_POINT('',(-133.2,115.28857167391,3.44176076123429));
#3320=CARTESIAN_POINT('Origin',(-130.2,114.951507665341,1.29707235818468));
#3321=CARTESIAN_POINT('',(-130.2,114.948395651875,1.29736487629937));
#3322=CARTESIAN_POINT('',(-133.2,114.948395651875,1.29736487629937));
#3323=CARTESIAN_POINT('Origin',(-130.2,114.911406160571,0.50908518195384));
#3324=CARTESIAN_POINT('Origin',(-133.2,114.911406160571,0.50908518195384));
#3325=CARTESIAN_POINT('Origin',(-130.2,115.017269433032,1.89353542969027));
#3326=CARTESIAN_POINT('',(-130.2,115.017269433032,1.89353542969027));
#3327=CARTESIAN_POINT('',(-130.2,115.19027904443,3.46274270374512));
#3328=CARTESIAN_POINT('',(-133.2,115.017269433032,1.89353542969027));
#3329=CARTESIAN_POINT('',(-130.2,115.017269433032,1.89353542969027));
#3330=CARTESIAN_POINT('',(-133.2,115.19027904443,3.46274270374512));
#3331=CARTESIAN_POINT('Origin',(-130.2,115.116842719921,1.88416912463808));
#3332=CARTESIAN_POINT('',(-130.2,115.116842719921,1.88416912463808));
#3333=CARTESIAN_POINT('',(-130.2,115.012463738146,1.89398747466838));
#3334=CARTESIAN_POINT('',(-133.2,115.116842719921,1.88416912463808));
#3335=CARTESIAN_POINT('',(-130.2,115.116842719921,1.88416912463808));
#3336=CARTESIAN_POINT('',(-133.2,115.012463738146,1.89398747466838));
#3337=CARTESIAN_POINT('Origin',(-130.2,115.28857167391,3.44176076123429));
#3338=CARTESIAN_POINT('',(-130.2,115.28857167391,3.44176076123429));
#3339=CARTESIAN_POINT('',(-133.2,115.28857167391,3.44176076123429));
#3340=CARTESIAN_POINT('Origin',(-130.2,115.157336453679,2.67787271431586));
#3341=CARTESIAN_POINT('Origin',(-133.2,115.157336453679,2.67787271431586));
#3342=CARTESIAN_POINT('Origin',(-115.2,114.778498089613,-0.272134592344143));
#3343=CARTESIAN_POINT('',(-115.2,114.951507665341,1.29707235818468));
#3344=CARTESIAN_POINT('',(-115.2,115.19027904443,3.46274270374512));
#3345=CARTESIAN_POINT('',(-118.2,114.951507665341,1.29707235818468));
#3346=CARTESIAN_POINT('',(-118.2,115.19027904443,3.46274270374512));
#3347=CARTESIAN_POINT('',(-115.2,114.951507665341,1.29707235818468));
#3348=CARTESIAN_POINT('Origin',(-115.2,115.051081691301,1.28771275654359));
#3349=CARTESIAN_POINT('',(-115.2,115.051081691301,1.28771275654359));
#3350=CARTESIAN_POINT('',(-115.2,115.28857167391,3.44176076123429));
#3351=CARTESIAN_POINT('',(-118.2,115.051081691301,1.28771275654359));
#3352=CARTESIAN_POINT('',(-115.2,115.051081691301,1.28771275654359));
#3353=CARTESIAN_POINT('',(-118.2,115.28857167391,3.44176076123429));
#3354=CARTESIAN_POINT('Origin',(-115.2,114.951507665341,1.29707235818468));
#3355=CARTESIAN_POINT('',(-115.2,114.948395651875,1.29736487629937));
#3356=CARTESIAN_POINT('',(-118.2,114.948395651875,1.29736487629937));
#3357=CARTESIAN_POINT('Origin',(-115.2,114.911406160571,0.50908518195384));
#3358=CARTESIAN_POINT('Origin',(-118.2,114.911406160571,0.50908518195384));
#3359=CARTESIAN_POINT('Origin',(-115.2,115.017269433032,1.89353542969027));
#3360=CARTESIAN_POINT('',(-115.2,115.017269433032,1.89353542969027));
#3361=CARTESIAN_POINT('',(-115.2,115.19027904443,3.46274270374512));
#3362=CARTESIAN_POINT('',(-118.2,115.017269433032,1.89353542969027));
#3363=CARTESIAN_POINT('',(-115.2,115.017269433032,1.89353542969027));
#3364=CARTESIAN_POINT('',(-118.2,115.19027904443,3.46274270374512));
#3365=CARTESIAN_POINT('Origin',(-115.2,115.116842719921,1.88416912463808));
#3366=CARTESIAN_POINT('',(-115.2,115.116842719921,1.88416912463808));
#3367=CARTESIAN_POINT('',(-115.2,115.012463738146,1.89398747466838));
#3368=CARTESIAN_POINT('',(-118.2,115.116842719921,1.88416912463808));
#3369=CARTESIAN_POINT('',(-115.2,115.116842719921,1.88416912463808));
#3370=CARTESIAN_POINT('',(-118.2,115.012463738146,1.89398747466838));
#3371=CARTESIAN_POINT('Origin',(-115.2,115.28857167391,3.44176076123429));
#3372=CARTESIAN_POINT('',(-115.2,115.28857167391,3.44176076123429));
#3373=CARTESIAN_POINT('',(-118.2,115.28857167391,3.44176076123429));
#3374=CARTESIAN_POINT('Origin',(-115.2,115.157336453679,2.67787271431586));
#3375=CARTESIAN_POINT('Origin',(-118.2,115.157336453679,2.67787271431586));
#3376=CARTESIAN_POINT('Origin',(-100.2,114.778498089613,-0.272134592344143));
#3377=CARTESIAN_POINT('',(-100.2,114.951507665341,1.29707235818468));
#3378=CARTESIAN_POINT('',(-100.2,115.19027904443,3.46274270374512));
#3379=CARTESIAN_POINT('',(-103.2,114.951507665341,1.29707235818468));
#3380=CARTESIAN_POINT('',(-103.2,115.19027904443,3.46274270374512));
#3381=CARTESIAN_POINT('',(-100.2,114.951507665341,1.29707235818468));
#3382=CARTESIAN_POINT('Origin',(-100.2,115.051081691301,1.28771275654359));
#3383=CARTESIAN_POINT('',(-100.2,115.051081691301,1.28771275654359));
#3384=CARTESIAN_POINT('',(-100.2,115.28857167391,3.44176076123429));
#3385=CARTESIAN_POINT('',(-103.2,115.051081691301,1.28771275654359));
#3386=CARTESIAN_POINT('',(-100.2,115.051081691301,1.28771275654359));
#3387=CARTESIAN_POINT('',(-103.2,115.28857167391,3.44176076123429));
#3388=CARTESIAN_POINT('Origin',(-100.2,114.951507665341,1.29707235818468));
#3389=CARTESIAN_POINT('',(-100.2,114.948395651875,1.29736487629937));
#3390=CARTESIAN_POINT('',(-103.2,114.948395651875,1.29736487629937));
#3391=CARTESIAN_POINT('Origin',(-100.2,114.911406160571,0.50908518195384));
#3392=CARTESIAN_POINT('Origin',(-103.2,114.911406160571,0.50908518195384));
#3393=CARTESIAN_POINT('Origin',(-100.2,115.017269433032,1.89353542969027));
#3394=CARTESIAN_POINT('',(-100.2,115.017269433032,1.89353542969027));
#3395=CARTESIAN_POINT('',(-100.2,115.19027904443,3.46274270374512));
#3396=CARTESIAN_POINT('',(-103.2,115.017269433032,1.89353542969027));
#3397=CARTESIAN_POINT('',(-100.2,115.017269433032,1.89353542969027));
#3398=CARTESIAN_POINT('',(-103.2,115.19027904443,3.46274270374512));
#3399=CARTESIAN_POINT('Origin',(-100.2,115.116842719921,1.88416912463808));
#3400=CARTESIAN_POINT('',(-100.2,115.116842719921,1.88416912463808));
#3401=CARTESIAN_POINT('',(-100.2,115.012463738146,1.89398747466838));
#3402=CARTESIAN_POINT('',(-103.2,115.116842719921,1.88416912463808));
#3403=CARTESIAN_POINT('',(-100.2,115.116842719921,1.88416912463808));
#3404=CARTESIAN_POINT('',(-103.2,115.012463738146,1.89398747466838));
#3405=CARTESIAN_POINT('Origin',(-100.2,115.28857167391,3.44176076123429));
#3406=CARTESIAN_POINT('',(-100.2,115.28857167391,3.44176076123429));
#3407=CARTESIAN_POINT('',(-103.2,115.28857167391,3.44176076123429));
#3408=CARTESIAN_POINT('Origin',(-100.2,115.157336453679,2.67787271431586));
#3409=CARTESIAN_POINT('Origin',(-103.2,115.157336453679,2.67787271431586));
#3410=CARTESIAN_POINT('Origin',(-85.2,114.778498089613,-0.272134592344143));
#3411=CARTESIAN_POINT('',(-85.2,114.951507665341,1.29707235818468));
#3412=CARTESIAN_POINT('',(-85.2,115.19027904443,3.46274270374512));
#3413=CARTESIAN_POINT('',(-88.2,114.951507665341,1.29707235818468));
#3414=CARTESIAN_POINT('',(-88.2,115.19027904443,3.46274270374512));
#3415=CARTESIAN_POINT('',(-85.2,114.951507665341,1.29707235818468));
#3416=CARTESIAN_POINT('Origin',(-85.2,115.051081691301,1.28771275654359));
#3417=CARTESIAN_POINT('',(-85.2,115.051081691301,1.28771275654359));
#3418=CARTESIAN_POINT('',(-85.2,115.28857167391,3.44176076123429));
#3419=CARTESIAN_POINT('',(-88.2,115.051081691301,1.28771275654359));
#3420=CARTESIAN_POINT('',(-85.2,115.051081691301,1.28771275654359));
#3421=CARTESIAN_POINT('',(-88.2,115.28857167391,3.44176076123429));
#3422=CARTESIAN_POINT('Origin',(-85.2,114.951507665341,1.29707235818468));
#3423=CARTESIAN_POINT('',(-85.2,114.948395651875,1.29736487629937));
#3424=CARTESIAN_POINT('',(-88.2,114.948395651875,1.29736487629937));
#3425=CARTESIAN_POINT('Origin',(-85.2,114.911406160571,0.50908518195384));
#3426=CARTESIAN_POINT('Origin',(-88.2,114.911406160571,0.50908518195384));
#3427=CARTESIAN_POINT('Origin',(-85.2,115.017269433032,1.89353542969027));
#3428=CARTESIAN_POINT('',(-85.2,115.017269433032,1.89353542969027));
#3429=CARTESIAN_POINT('',(-85.2,115.19027904443,3.46274270374512));
#3430=CARTESIAN_POINT('',(-88.2,115.017269433032,1.89353542969027));
#3431=CARTESIAN_POINT('',(-85.2,115.017269433032,1.89353542969027));
#3432=CARTESIAN_POINT('',(-88.2,115.19027904443,3.46274270374512));
#3433=CARTESIAN_POINT('Origin',(-85.2,115.116842719921,1.88416912463808));
#3434=CARTESIAN_POINT('',(-85.2,115.116842719921,1.88416912463808));
#3435=CARTESIAN_POINT('',(-85.2,115.012463738146,1.89398747466838));
#3436=CARTESIAN_POINT('',(-88.2,115.116842719921,1.88416912463808));
#3437=CARTESIAN_POINT('',(-85.2,115.116842719921,1.88416912463808));
#3438=CARTESIAN_POINT('',(-88.2,115.012463738146,1.89398747466838));
#3439=CARTESIAN_POINT('Origin',(-85.2,115.28857167391,3.44176076123429));
#3440=CARTESIAN_POINT('',(-85.2,115.28857167391,3.44176076123429));
#3441=CARTESIAN_POINT('',(-88.2,115.28857167391,3.44176076123429));
#3442=CARTESIAN_POINT('Origin',(-85.2,115.157336453679,2.67787271431586));
#3443=CARTESIAN_POINT('Origin',(-88.2,115.157336453679,2.67787271431586));
#3444=CARTESIAN_POINT('Origin',(-70.2,115.017269433032,1.89353542969027));
#3445=CARTESIAN_POINT('',(-70.2,115.017269433032,1.89353542969027));
#3446=CARTESIAN_POINT('',(-70.2,114.815877611563,0.066899853607244));
#3447=CARTESIAN_POINT('',(-73.2,115.017269433032,1.89353542969027));
#3448=CARTESIAN_POINT('',(-70.2,115.017269433032,1.89353542969027));
#3449=CARTESIAN_POINT('',(-73.2,115.19027904443,3.46274270374512));
#3450=CARTESIAN_POINT('Origin',(-70.2,115.116842719921,1.88416912463808));
#3451=CARTESIAN_POINT('',(-70.2,115.116842719921,1.88416912463808));
#3452=CARTESIAN_POINT('',(-70.2,90.1930580770392,4.22861086511692));
#3453=CARTESIAN_POINT('',(-73.2,115.116842719921,1.88416912463808));
#3454=CARTESIAN_POINT('',(-70.2,115.116842719921,1.88416912463808));
#3455=CARTESIAN_POINT('',(-73.2,115.012463738146,1.89398747466838));
#3456=CARTESIAN_POINT('Origin',(-70.2,115.28857167391,3.44176076123429));
#3457=CARTESIAN_POINT('',(-70.2,115.001227582346,0.835533078308506));
#3458=CARTESIAN_POINT('',(-73.2,115.28857167391,3.44176076123429));
#3459=CARTESIAN_POINT('Origin',(-73.2,115.157336453679,2.67787271431586));
#3460=CARTESIAN_POINT('Origin',(-70.2,114.778498089613,-0.272134592344143));
#3461=CARTESIAN_POINT('',(-70.2,114.951507665341,1.29707235818468));
#3462=CARTESIAN_POINT('',(-70.2,114.696491939854,-1.01593515740996));
#3463=CARTESIAN_POINT('',(-73.2,114.951507665341,1.29707235818468));
#3464=CARTESIAN_POINT('',(-73.2,115.19027904443,3.46274270374512));
#3465=CARTESIAN_POINT('',(-70.2,114.951507665341,1.29707235818468));
#3466=CARTESIAN_POINT('Origin',(-70.2,115.051081691301,1.28771275654359));
#3467=CARTESIAN_POINT('',(-70.2,115.051081691301,1.28771275654359));
#3468=CARTESIAN_POINT('',(-70.2,114.882482591042,-0.241490924036845));
#3469=CARTESIAN_POINT('',(-73.2,115.051081691301,1.28771275654359));
#3470=CARTESIAN_POINT('',(-70.2,115.051081691301,1.28771275654359));
#3471=CARTESIAN_POINT('',(-73.2,115.28857167391,3.44176076123429));
#3472=CARTESIAN_POINT('Origin',(-70.2,114.951507665341,1.29707235818468));
#3473=CARTESIAN_POINT('',(-70.2,90.0820612488845,3.63471120776289));
#3474=CARTESIAN_POINT('',(-73.2,114.948395651875,1.29736487629937));
#3475=CARTESIAN_POINT('Origin',(-73.2,114.911406160571,0.50908518195384));
#3476=CARTESIAN_POINT('Origin',(-70.2,65.,3.71040391311339));
#3477=CARTESIAN_POINT('',(-70.2,102.476220238528,2.75));
#3478=CARTESIAN_POINT('',(-70.2,82.7502083478029,2.75));
#3479=CARTESIAN_POINT('',(-70.2,103.45,3.72377976147215));
#3480=CARTESIAN_POINT('Origin',(-70.2,103.5,2.7));
#3481=CARTESIAN_POINT('',(-70.2,103.45,5.19949994999));
#3482=CARTESIAN_POINT('',(-70.2,103.45,1.95389178960751));
#3483=CARTESIAN_POINT('',(-70.2,103.5,5.2));
#3484=CARTESIAN_POINT('Origin',(-70.2,103.5,2.7));
#3485=CARTESIAN_POINT('',(-70.2,103.55,5.2));
#3486=CARTESIAN_POINT('',(-70.2,84.25,5.2));
#3487=CARTESIAN_POINT('',(-70.2,103.55,3.72377976147215));
#3488=CARTESIAN_POINT('',(-70.2,103.55,4.45520195655647));
#3489=CARTESIAN_POINT('',(-70.2,103.55,1.67622023852784));
#3490=CARTESIAN_POINT('Origin',(-70.2,103.5,2.7));
#3491=CARTESIAN_POINT('',(-70.2,103.55,0.190377403922098));
#3492=CARTESIAN_POINT('',(-70.2,103.55,4.45520195655647));
#3493=CARTESIAN_POINT('',(-70.2,84.2464080036505,1.54206552565897));
#3494=CARTESIAN_POINT('Origin',(-70.2,103.5,2.7));
#3495=CARTESIAN_POINT('',(-70.2,103.5,5.2));
#3496=CARTESIAN_POINT('',(-70.2,103.45,5.19949994999));
#3497=CARTESIAN_POINT('Origin',(-70.2,103.55,5.2));
#3498=CARTESIAN_POINT('',(-70.2,103.55,0.190377403922098));
#3499=CARTESIAN_POINT('',(0.,103.55,1.67622023852784));
#3500=CARTESIAN_POINT('Origin',(-70.2,103.45,0.197379666102073));
#3501=CARTESIAN_POINT('',(0.,103.45,3.72377976147215));
#3502=CARTESIAN_POINT('Origin',(-70.2,103.5,5.2));
#3503=CARTESIAN_POINT('',(-70.2,103.55,5.2));
#3504=CARTESIAN_POINT('Origin',(-70.2,103.55,0.190377403922098));
#3505=CARTESIAN_POINT('Origin',(-70.2,103.55,5.2));
#3506=CARTESIAN_POINT('',(0.,103.55,3.72377976147215));
#3507=CARTESIAN_POINT('Origin',(-70.2,100.500416695606,2.75));
#3508=CARTESIAN_POINT('',(0.,102.476220238528,2.75));
#3509=CARTESIAN_POINT('Origin',(0.,103.5,2.7));
#3510=CARTESIAN_POINT('Origin',(0.,103.5,2.7));
#3511=UNCERTAINTY_MEASURE_WITH_UNIT(LENGTH_MEASURE(0.01),#3515,
'DISTANCE_ACCURACY_VALUE',
'Maximum model space distance between geometric entities at asserted c
onnectivities');
#3512=UNCERTAINTY_MEASURE_WITH_UNIT(LENGTH_MEASURE(0.01),#3515,
'DISTANCE_ACCURACY_VALUE',
'Maximum model space distance between geometric entities at asserted c
onnectivities');
#3513=(
GEOMETRIC_REPRESENTATION_CONTEXT(3)
GLOBAL_UNCERTAINTY_ASSIGNED_CONTEXT((#3511))
GLOBAL_UNIT_ASSIGNED_CONTEXT((#3515,#3517,#3518))
REPRESENTATION_CONTEXT('','3D')
);
#3514=(
GEOMETRIC_REPRESENTATION_CONTEXT(3)
GLOBAL_UNCERTAINTY_ASSIGNED_CONTEXT((#3512))
GLOBAL_UNIT_ASSIGNED_CONTEXT((#3515,#3517,#3518))
REPRESENTATION_CONTEXT('','3D')
);
#3515=(
LENGTH_UNIT()
NAMED_UNIT(*)
SI_UNIT(.MILLI.,.METRE.)
);
#3516=(
LENGTH_UNIT()
NAMED_UNIT(*)
SI_UNIT($,.METRE.)
);
#3517=(
NAMED_UNIT(*)
PLANE_ANGLE_UNIT()
SI_UNIT($,.RADIAN.)
);
#3518=(
NAMED_UNIT(*)
SI_UNIT($,.STERADIAN.)
SOLID_ANGLE_UNIT()
);
#3519=SHAPE_DEFINITION_REPRESENTATION(#3520,#3521);
#3520=PRODUCT_DEFINITION_SHAPE('',$,#3523);
#3521=SHAPE_REPRESENTATION('',(#1244),#3513);
#3522=PRODUCT_DEFINITION_CONTEXT('part definition',#3527,'design');
#3523=PRODUCT_DEFINITION('Aileron1','Aileron1',#3524,#3522);
#3524=PRODUCT_DEFINITION_FORMATION('',$,#3529);
#3525=PRODUCT_RELATED_PRODUCT_CATEGORY('Aileron1','Aileron1',(#3529));
#3526=APPLICATION_PROTOCOL_DEFINITION('international standard',
'automotive_design',2009,#3527);
#3527=APPLICATION_CONTEXT(
'Core Data for Automotive Mechanical Design Process');
#3528=PRODUCT_CONTEXT('part definition',#3527,'mechanical');
#3529=PRODUCT('Aileron1','Aileron1',$,(#3528));
#3530=PRESENTATION_STYLE_ASSIGNMENT((#3532));
#3531=PRESENTATION_STYLE_ASSIGNMENT((#3533));
#3532=SURFACE_STYLE_USAGE(.BOTH.,#3534);
#3533=SURFACE_STYLE_USAGE(.BOTH.,#3535);
#3534=SURFACE_SIDE_STYLE('',(#3536));
#3535=SURFACE_SIDE_STYLE('',(#3537));
#3536=SURFACE_STYLE_FILL_AREA(#3538);
#3537=SURFACE_STYLE_FILL_AREA(#3539);
#3538=FILL_AREA_STYLE('Steel - Satin',(#3540));
#3539=FILL_AREA_STYLE('PLA (White)',(#3541));
#3540=FILL_AREA_STYLE_COLOUR('Steel - Satin',#3542);
#3541=FILL_AREA_STYLE_COLOUR('PLA (White)',#3543);
#3542=COLOUR_RGB('Steel - Satin',0.627450980392157,0.627450980392157,0.627450980392157);
#3543=COLOUR_RGB('PLA (White)',0.996078431372549,0.886274509803922,0.282352941176471);
ENDSEC;
END-ISO-10303-21;
