ISO-10303-21;
HEADER;
/* Generated by software containing ST-Developer
 * from STEP Tools, Inc. (www.steptools.com) 
 */

FILE_DESCRIPTION(
/* description */ (''),
/* implementation_level */ '2;1');

FILE_NAME(
/* name */ 'A2 Right.step',
/* time_stamp */ '2026-07-02T23:16:08-07:00',
/* author */ (''),
/* organization */ (''),
/* preprocessor_version */ 'ST-DEVELOPER v20.1',
/* originating_system */ 'Autodesk Translation Framework v15.8.0.0',
/* authorisation */ '');

FILE_SCHEMA (('AUTOMOTIVE_DESIGN { 1 0 10303 214 3 1 1 }'));
ENDSEC;

DATA;
#10=MECHANICAL_DESIGN_GEOMETRIC_PRESENTATION_REPRESENTATION('',(#13),#1793);
#11=SHAPE_REPRESENTATION_RELATIONSHIP('SRR','None',#1800,#12);
#12=ADVANCED_BREP_SHAPE_REPRESENTATION('',(#14),#1792);
#13=STYLED_ITEM('',(#1810),#14);
#14=MANIFOLD_SOLID_BREP('Aileron2',#243);
#15=FACE_BOUND('',#57,.T.);
#16=FACE_BOUND('',#59,.T.);
#17=FACE_BOUND('',#67,.T.);
#18=FACE_BOUND('',#68,.T.);
#19=B_SPLINE_CURVE_WITH_KNOTS('',3,(#363,#364,#365,#366),.UNSPECIFIED.,
 .F.,.F.,(4,4),(-0.100000000000003,-0.0500000000000043),.UNSPECIFIED.);
#20=B_SPLINE_CURVE_WITH_KNOTS('',3,(#368,#369,#370,#371,#372,#373),
 .UNSPECIFIED.,.F.,.F.,(4,2,4),(-1.03616216531273,-0.560036008839091,-0.0511016557485288),
 .UNSPECIFIED.);
#21=B_SPLINE_CURVE_WITH_KNOTS('',3,(#379,#380,#381,#382,#383,#384,#385,
#386,#387,#388,#389,#390,#391,#392,#393,#394,#395,#396,#397,#398,#399,#400,
#401,#402,#403,#404,#405,#406,#407,#408,#409,#410,#411,#412,#413,#414,#415,
#416,#417,#418,#419,#420,#421,#422,#423,#424,#425,#426,#427,#428,#429,#430,
#431,#432,#433,#434,#435,#436,#437,#438,#439,#440,#441,#442,#443,#444,#445,
#446,#447,#448,#449,#450,#451,#452,#453,#454,#455,#456,#457,#458,#459,#460,
#461,#462,#463,#464,#465,#466,#467,#468,#469,#470,#471,#472,#473,#474,#475,
#476,#477,#478,#479,#480,#481,#482,#483,#484,#485,#486,#487,#488,#489,#490,
#491,#492,#493,#494,#495,#496,#497,#498,#499,#500,#501,#502,#503,#504,#505,
#506,#507,#508,#509,#510,#511,#512,#513,#514,#515,#516,#517,#518,#519,#520,
#521,#522,#523,#524,#525,#526,#527,#528,#529,#530,#531,#532,#533,#534,#535,
#536,#537,#538,#539,#540,#541,#542,#543,#544,#545,#546,#547,#548,#549,#550,
#551,#552,#553,#554,#555,#556,#557,#558,#559,#560,#561,#562,#563,#564,#565,
#566,#567,#568,#569,#570,#571,#572,#573,#574,#575,#576,#577,#578,#579,#580,
#581,#582,#583,#584,#585,#586,#587,#588,#589,#590,#591,#592,#593,#594,#595,
#596,#597,#598,#599,#600,#601,#602,#603,#604,#605,#606,#607,#608,#609,#610,
#611,#612,#613,#614,#615,#616),.UNSPECIFIED.,.F.,.F.,(4,3,3,3,3,3,3,3,3,
3,3,3,3,3,3,3,3,3,3,3,3,3,3,3,3,3,3,3,3,3,3,3,3,3,3,3,3,3,3,3,3,3,3,3,3,
3,3,3,3,3,3,3,3,3,3,3,3,3,3,3,3,3,3,3,3,3,3,3,3,3,3,3,3,3,3,3,3,3,3,4),
(-1.54110288834065,-1.5150223229275,-1.4923040332043,-1.47185452974025,
-1.45299469383104,-1.43476365741931,-1.41694618798294,-1.3984761034632,
-1.37761656984813,-1.34972497381589,-1.32587267929893,-1.30610985275743,
-1.28665582038065,-1.26912280390502,-1.25219519702239,-1.23519320736653,
-1.21634006124671,-1.19560472233718,-1.17176822168066,-1.14267756344501,
-1.12070253467856,-1.10125372738349,-1.0828970697337,-1.06378669280419,
-1.04278530145157,-1.01786258241848,-0.990019679185022,-0.968420388934287,
-0.949170228680218,-0.9314509266377,-0.914526944472772,-0.897089621541397,
-0.878593265228683,-0.858050635439235,-0.831915255938411,-0.809119066624953,
-0.789612901154472,-0.772153520899888,-0.755980553341834,-0.740255949738402,
-0.724200499747168,-0.707727228396111,-0.690156083019991,-0.670086060623941,
-0.642096960578033,-0.621624780006051,-0.603679566641372,-0.586722448328923,
-0.570295239963738,-0.554381381859965,-0.539781734767438,-0.524631418343899,
-0.50874088342545,-0.491740933711296,-0.472736403221086,-0.448678018712769,
-0.424451378833409,-0.406084216449714,-0.389603276015902,-0.374208669378635,
-0.359451760379711,-0.345163903963747,-0.331207969212186,-0.316926345147129,
-0.302054092784105,-0.285995836276099,-0.268921257206238,-0.250294240747135,
-0.227799523507707,-0.203537166500838,-0.184592903266784,-0.167435649266347,
-0.151314865699316,-0.135924650116925,-0.121116452393554,-0.106100284455918,
-0.0924824809519536,-0.0790713447888233,-0.0653303197989972,-0.0610517806430104),
 .UNSPECIFIED.);
#22=B_SPLINE_CURVE_WITH_KNOTS('',3,(#618,#619,#620,#621,#622,#623,#624,
#625,#626,#627,#628,#629,#630,#631,#632,#633,#634,#635,#636,#637,#638,#639,
#640,#641,#642,#643,#644,#645,#646,#647,#648,#649,#650,#651,#652,#653,#654,
#655,#656,#657,#658,#659,#660,#661,#662,#663,#664,#665,#666,#667,#668,#669,
#670,#671,#672,#673,#674,#675,#676,#677,#678,#679,#680,#681,#682,#683,#684,
#685,#686,#687,#688,#689,#690,#691,#692,#693,#694,#695,#696,#697,#698,#699,
#700,#701,#702,#703,#704,#705,#706,#707,#708,#709,#710,#711,#712,#713,#714,
#715,#716,#717,#718,#719,#720,#721,#722,#723,#724,#725,#726,#727,#728,#729,
#730,#731,#732,#733,#734,#735,#736,#737,#738,#739,#740,#741,#742,#743,#744,
#745,#746,#747,#748,#749,#750,#751,#752,#753,#754,#755,#756,#757,#758,#759,
#760,#761,#762,#763,#764,#765,#766,#767,#768,#769,#770,#771,#772,#773,#774),
 .UNSPECIFIED.,.F.,.F.,(4,3,3,3,3,3,3,3,3,3,3,3,3,3,3,3,3,3,3,3,3,3,3,3,
3,3,3,3,3,3,3,3,3,3,3,3,3,3,3,3,3,3,3,3,3,3,3,3,3,3,3,3,4),(-1.86843605390571,
-1.83267205409267,-1.80059638055147,-1.7707477714507,-1.7427261867522,-1.7154960900842,
-1.68869146367663,-1.66190862907379,-1.63450473194368,-1.60554401783891,
-1.57417734847567,-1.5394299950911,-1.49733973058687,-1.45054786400603,
-1.41616062615769,-1.38502556294,-1.35619002109707,-1.32910427593437,-1.30294215003638,
-1.27677663244053,-1.25049513793974,-1.2234338740907,-1.19487810255305,
-1.16431688412258,-1.13119617027155,-1.09263004027213,-1.03938278805143,
-1.00536977055626,-0.973951965226376,-0.943152239892411,-0.912409162608038,
-0.88091638086403,-0.848475042907343,-0.815306560780825,-0.781382710011804,
-0.746367256191954,-0.709983626070062,-0.672062616890258,-0.632252737649273,
-0.587910238050149,-0.538045362801722,-0.474744497250104,-0.420617459693108,
-0.374855028277885,-0.333618814781633,-0.294432450558824,-0.255628534637814,
-0.215356501135096,-0.172973519215255,-0.126753967143846,-0.0767122768793833,
-0.0136047339211695,0.),.UNSPECIFIED.);
#23=B_SPLINE_CURVE_WITH_KNOTS('',3,(#789,#790,#791,#792),.UNSPECIFIED.,
 .F.,.F.,(4,4),(-10.45,-0.0699999999999239),.UNSPECIFIED.);
#24=B_SPLINE_CURVE_WITH_KNOTS('',3,(#1127,#1128,#1129,#1130,#1131,#1132,
#1133,#1134,#1135,#1136,#1137,#1138,#1139,#1140,#1141,#1142,#1143,#1144,
#1145,#1146,#1147,#1148,#1149,#1150,#1151),.UNSPECIFIED.,.F.,.F.,(4,3,3,
3,3,3,3,3,4),(-2.4791634823807,-2.42591022366405,-2.37768944101785,-2.33250424749732,
-2.28992407212385,-2.25011249442687,-2.21072309066047,-2.17086464474122,
-2.13347669659733),.UNSPECIFIED.);
#25=B_SPLINE_CURVE_WITH_KNOTS('',3,(#1154,#1155,#1156,#1157,#1158,#1159,
#1160,#1161,#1162,#1163,#1164,#1165,#1166,#1167,#1168,#1169,#1170,#1171,
#1172,#1173,#1174,#1175,#1176,#1177,#1178,#1179,#1180,#1181,#1182,#1183,
#1184,#1185,#1186,#1187,#1188,#1189,#1190,#1191,#1192,#1193,#1194,#1195,
#1196,#1197,#1198,#1199,#1200,#1201,#1202,#1203,#1204,#1205,#1206,#1207,
#1208,#1209,#1210,#1211,#1212,#1213,#1214,#1215,#1216,#1217,#1218,#1219,
#1220,#1221,#1222,#1223),.UNSPECIFIED.,.F.,.F.,(4,3,3,3,3,3,3,3,3,3,3,3,
3,3,3,3,3,3,3,3,3,3,3,4),(-1.13076359150256,-1.09399847704075,-1.05637699694301,
-1.0176151860406,-0.977970019121886,-0.937435111214889,-0.895618747791324,
-0.852179658291678,-0.80691497560255,-0.75942710001341,-0.706627216819069,
-0.647460135875003,-0.573054312066697,-0.507123358654723,-0.451914615162482,
-0.402300869813785,-0.355342269461034,-0.308955517840578,-0.26091722342178,
-0.210361444173179,-0.15526474748782,-0.0957515885108439,-0.021018015211622,
0.),.UNSPECIFIED.);
#26=B_SPLINE_CURVE_WITH_KNOTS('',3,(#1545,#1546,#1547,#1548,#1549,#1550,
#1551,#1552,#1553,#1554,#1555,#1556,#1557,#1558,#1559,#1560,#1561,#1562,
#1563,#1564,#1565,#1566,#1567,#1568,#1569,#1570,#1571,#1572,#1573,#1574,
#1575,#1576,#1577,#1578,#1579,#1580,#1581,#1582,#1583,#1584,#1585,#1586,
#1587,#1588,#1589,#1590,#1591,#1592,#1593,#1594,#1595,#1596,#1597,#1598,
#1599,#1600,#1601,#1602,#1603,#1604,#1605,#1606,#1607,#1608,#1609,#1610,
#1611,#1612,#1613,#1614,#1615,#1616,#1617,#1618,#1619,#1620,#1621,#1622,
#1623,#1624,#1625,#1626,#1627,#1628,#1629,#1630,#1631,#1632,#1633,#1634,
#1635,#1636,#1637,#1638,#1639,#1640,#1641,#1642,#1643,#1644,#1645,#1646,
#1647,#1648,#1649,#1650,#1651,#1652,#1653,#1654,#1655,#1656,#1657,#1658,
#1659,#1660,#1661,#1662,#1663,#1664,#1665,#1666,#1667,#1668,#1669,#1670,
#1671,#1672,#1673,#1674,#1675,#1676,#1677,#1678,#1679,#1680,#1681,#1682,
#1683,#1684,#1685,#1686,#1687,#1688,#1689,#1690,#1691,#1692,#1693,#1694,
#1695,#1696,#1697,#1698,#1699,#1700,#1701,#1702,#1703,#1704,#1705,#1706,
#1707,#1708,#1709,#1710,#1711,#1712,#1713,#1714,#1715,#1716,#1717,#1718,
#1719,#1720,#1721,#1722,#1723,#1724,#1725,#1726,#1727,#1728,#1729,#1730,
#1731,#1732,#1733,#1734,#1735,#1736,#1737,#1738,#1739,#1740,#1741,#1742,
#1743,#1744,#1745,#1746,#1747,#1748,#1749,#1750,#1751,#1752,#1753,#1754,
#1755,#1756,#1757,#1758,#1759,#1760,#1761,#1762,#1763,#1764,#1765,#1766,
#1767,#1768,#1769,#1770,#1771,#1772,#1773,#1774,#1775,#1776,#1777,#1778,
#1779,#1780,#1781,#1782),.UNSPECIFIED.,.F.,.F.,(4,3,3,3,3,3,3,3,3,3,3,3,
3,3,3,3,3,3,3,3,3,3,3,3,3,3,3,3,3,3,3,3,3,3,3,3,3,3,3,3,3,3,3,3,3,3,3,3,
3,3,3,3,3,3,3,3,3,3,3,3,3,3,3,3,3,3,3,3,3,3,3,3,3,3,3,3,3,3,3,4),(-4.59943751767179,
-4.51838901169827,-4.44778918339049,-4.3842398823154,-4.32563066510194,
-4.26897551824788,-4.21360558070372,-4.15620756299155,-4.09138404371504,
-4.00470754143018,-3.93058365630644,-3.86916828667665,-3.80871253219733,
-3.7542265665732,-3.70162198435608,-3.64878624869028,-3.59019782080522,
-3.52576025157136,-3.45168544777629,-3.36128271492003,-3.29299265977604,
-3.23255314286896,-3.17550761285018,-3.11611980916613,-3.05085544984232,
-2.97340509129285,-2.88687990775881,-2.81975750541889,-2.75993530817625,
-2.70487043766088,-2.65227711969164,-2.59808853331022,-2.54060887282931,
-2.47677017045367,-2.3955513230843,-2.32470941239406,-2.26409164803146,
-2.20983451585488,-2.15957506645379,-2.1107089621768,-2.06081471280352,
-2.00962203310707,-1.95501757732094,-1.89264755948304,-1.80566805170281,
-1.74204827877615,-1.68628136155081,-1.63358506900235,-1.58253553559602,
-1.53308130010865,-1.48771113401581,-1.4406296964894,-1.3912479406165,-1.3384185443159,
-1.27935967122191,-1.20459533656735,-1.12930812803189,-1.07222995328407,
-1.02101344098684,-0.973172842125772,-0.927313965671108,-0.882912726751056,
-0.839542974479266,-0.795161103342372,-0.748943783457568,-0.699040812494617,
-0.645979496460454,-0.588093793798844,-0.518188743978963,-0.442790540156312,
-0.383918954837135,-0.330600716473918,-0.280503435125393,-0.232676481997481,
-0.186658219638952,-0.139993664729214,-0.0976746961350072,-0.0559979712553732,
-0.0132960770162115,0.),.UNSPECIFIED.);
#27=B_SPLINE_CURVE_WITH_KNOTS('',3,(#1783,#1784,#1785,#1786),
 .UNSPECIFIED.,.F.,.F.,(4,4),(-23.98,-13.6),.UNSPECIFIED.);
#28=PLANE('',#263);
#29=PLANE('',#264);
#30=PLANE('',#265);
#31=PLANE('',#270);
#32=PLANE('',#273);
#33=PLANE('',#274);
#34=(
BOUNDED_CURVE()
B_SPLINE_CURVE(2,(#342,#343,#344),.UNSPECIFIED.,.F.,.F.)
B_SPLINE_CURVE_WITH_KNOTS((3,3),(0.,0.980982935056433),.UNSPECIFIED.)
CURVE()
GEOMETRIC_REPRESENTATION_ITEM()
RATIONAL_B_SPLINE_CURVE((1.,3.,1.))
REPRESENTATION_ITEM('')
);
#35=(
BOUNDED_CURVE()
B_SPLINE_CURVE(2,(#348,#349,#350),.UNSPECIFIED.,.F.,.F.)
B_SPLINE_CURVE_WITH_KNOTS((3,3),(-0.980982935056433,0.),.UNSPECIFIED.)
CURVE()
GEOMETRIC_REPRESENTATION_ITEM()
RATIONAL_B_SPLINE_CURVE((1.,3.,1.))
REPRESENTATION_ITEM('')
);
#36=(
BOUNDED_SURFACE()
B_SPLINE_SURFACE(2,1,((#334,#335),(#336,#337),(#338,#339)),
 .UNSPECIFIED.,.F.,.F.,.F.)
B_SPLINE_SURFACE_WITH_KNOTS((3,3),(2,2),(-0.980982935056433,0.),(0.,0.0500000000000007),
 .UNSPECIFIED.)
GEOMETRIC_REPRESENTATION_ITEM()
RATIONAL_B_SPLINE_SURFACE(((1.,1.),(3.,3.),(1.,1.)))
REPRESENTATION_ITEM('')
SURFACE()
);
#37=(
BOUNDED_SURFACE()
B_SPLINE_SURFACE(5,1,((#797,#798),(#799,#800),(#801,#802),(#803,#804),(#805,
#806),(#807,#808),(#809,#810),(#811,#812),(#813,#814),(#815,#816),(#817,
#818),(#819,#820),(#821,#822),(#823,#824),(#825,#826),(#827,#828),(#829,
#830),(#831,#832),(#833,#834),(#835,#836),(#837,#838),(#839,#840),(#841,
#842),(#843,#844),(#845,#846),(#847,#848),(#849,#850),(#851,#852),(#853,
#854),(#855,#856),(#857,#858),(#859,#860),(#861,#862),(#863,#864),(#865,
#866),(#867,#868),(#869,#870),(#871,#872),(#873,#874),(#875,#876),(#877,
#878),(#879,#880),(#881,#882),(#883,#884),(#885,#886),(#887,#888),(#889,
#890),(#891,#892),(#893,#894),(#895,#896),(#897,#898),(#899,#900),(#901,
#902),(#903,#904),(#905,#906),(#907,#908),(#909,#910),(#911,#912),(#913,
#914),(#915,#916),(#917,#918),(#919,#920),(#921,#922),(#923,#924),(#925,
#926),(#927,#928),(#929,#930),(#931,#932),(#933,#934),(#935,#936),(#937,
#938),(#939,#940),(#941,#942),(#943,#944),(#945,#946),(#947,#948),(#949,
#950),(#951,#952),(#953,#954),(#955,#956),(#957,#958),(#959,#960),(#961,
#962),(#963,#964),(#965,#966),(#967,#968),(#969,#970),(#971,#972),(#973,
#974),(#975,#976),(#977,#978),(#979,#980),(#981,#982),(#983,#984),(#985,
#986),(#987,#988),(#989,#990),(#991,#992),(#993,#994),(#995,#996),(#997,
#998),(#999,#1000),(#1001,#1002),(#1003,#1004),(#1005,#1006),(#1007,#1008),
(#1009,#1010),(#1011,#1012),(#1013,#1014),(#1015,#1016),(#1017,#1018),(#1019,
#1020),(#1021,#1022),(#1023,#1024),(#1025,#1026),(#1027,#1028),(#1029,#1030),
(#1031,#1032),(#1033,#1034),(#1035,#1036),(#1037,#1038),(#1039,#1040),(#1041,
#1042),(#1043,#1044),(#1045,#1046),(#1047,#1048),(#1049,#1050),(#1051,#1052),
(#1053,#1054),(#1055,#1056),(#1057,#1058),(#1059,#1060),(#1061,#1062),(#1063,
#1064),(#1065,#1066),(#1067,#1068),(#1069,#1070),(#1071,#1072),(#1073,#1074),
(#1075,#1076),(#1077,#1078),(#1079,#1080),(#1081,#1082),(#1083,#1084),(#1085,
#1086),(#1087,#1088),(#1089,#1090),(#1091,#1092),(#1093,#1094),(#1095,#1096),
(#1097,#1098),(#1099,#1100),(#1101,#1102),(#1103,#1104),(#1105,#1106),(#1107,
#1108),(#1109,#1110),(#1111,#1112),(#1113,#1114),(#1115,#1116),(#1117,#1118),
(#1119,#1120),(#1121,#1122),(#1123,#1124),(#1125,#1126)),.UNSPECIFIED.,
 .F.,.F.,.F.)
B_SPLINE_SURFACE_WITH_KNOTS((6,1,1,1,1,1,1,1,1,1,1,1,1,1,1,1,1,1,1,1,1,
1,1,1,1,1,1,1,1,1,1,1,1,1,1,1,1,1,1,1,1,1,1,1,1,1,1,1,1,1,1,1,1,1,1,1,1,
1,1,1,1,1,1,1,1,1,1,1,1,1,1,1,1,1,1,1,1,1,1,1,1,1,1,1,1,1,1,1,1,1,1,1,1,
1,1,1,1,1,1,1,1,1,1,1,1,1,1,1,1,1,1,1,1,1,1,1,1,1,1,1,1,1,1,1,1,1,1,1,1,
1,1,1,1,1,1,1,1,1,1,1,1,1,1,1,1,1,1,1,1,1,1,1,1,1,1,1,1,1,1,1,6),(2,2),
(-1.,-0.993749999999997,-0.987499999999997,-0.981249999999998,-0.974999999999998,
-0.968749999999998,-0.962499999999998,-0.956249999999998,-0.949999999999998,
-0.943749999999998,-0.937499999999998,-0.931249999999998,-0.924999999999998,
-0.918749999999998,-0.912499999999998,-0.906249999999998,-0.899999999999998,
-0.893749999999998,-0.887499999999998,-0.881249999999998,-0.874999999999998,
-0.868749999999998,-0.862499999999998,-0.856249999999998,-0.849999999999998,
-0.843749999999998,-0.837499999999998,-0.831249999999998,-0.824999999999998,
-0.818749999999998,-0.812499999999998,-0.806249999999998,-0.799999999999998,
-0.793749999999998,-0.787499999999998,-0.781249999999998,-0.774999999999998,
-0.768749999999998,-0.762499999999998,-0.756249999999998,-0.749999999999998,
-0.743749999999998,-0.737499999999998,-0.731249999999998,-0.724999999999998,
-0.718749999999998,-0.712499999999998,-0.706249999999998,-0.699999999999999,
-0.693749999999999,-0.687499999999999,-0.681249999999999,-0.674999999999999,
-0.668749999999999,-0.662499999999999,-0.656249999999999,-0.649999999999999,
-0.643749999999999,-0.637499999999999,-0.631249999999999,-0.624999999999999,
-0.618749999999999,-0.612499999999999,-0.606249999999999,-0.599999999999999,
-0.593749999999999,-0.587499999999999,-0.581249999999999,-0.574999999999999,
-0.568749999999999,-0.562499999999999,-0.556249999999999,-0.549999999999999,
-0.543749999999999,-0.537499999999999,-0.531249999999999,-0.524999999999999,
-0.518749999999999,-0.512499999999999,-0.506249999999999,-0.499999999999999,
-0.493749999999999,-0.487499999999999,-0.481249999999999,-0.474999999999999,
-0.468749999999999,-0.462499999999999,-0.456249999999999,-0.449999999999999,
-0.443749999999999,-0.437499999999999,-0.431249999999999,-0.424999999999999,
-0.41875,-0.4125,-0.40625,-0.4,-0.39375,-0.3875,-0.38125,-0.375,-0.36875,
-0.3625,-0.35625,-0.35,-0.34375,-0.3375,-0.33125,-0.325,-0.31875,-0.3125,
-0.30625,-0.3,-0.29375,-0.2875,-0.28125,-0.275,-0.26875,-0.2625,-0.25625,
-0.25,-0.24375,-0.2375,-0.23125,-0.225,-0.21875,-0.2125,-0.20625,-0.2,-0.19375,
-0.1875,-0.18125,-0.175,-0.16875,-0.1625,-0.15625,-0.15,-0.14375,-0.1375,
-0.13125,-0.125,-0.11875,-0.1125,-0.10625,-0.1,-0.09375,-0.0875,-0.08125,
-0.075,-0.06875,-0.0625,-0.05625,-0.05,-0.04375,-0.0375,-0.03125,-0.025,
-0.01875,-0.0125,-0.00625,0.),(0.,25.),.UNSPECIFIED.)
GEOMETRIC_REPRESENTATION_ITEM()
RATIONAL_B_SPLINE_SURFACE(((1.,1.),(1.,1.),(1.,1.),(1.,1.),(1.,1.),(1.,
1.),(1.,1.),(1.,1.),(1.,1.),(1.,1.),(1.,1.),(1.,1.),(1.,1.),(1.,1.),(1.,
1.),(1.,1.),(1.,1.),(1.,1.),(1.,1.),(1.,1.),(1.,1.),(1.,1.),(1.,1.),(1.,
1.),(1.,1.),(1.,1.),(1.,1.),(1.,1.),(1.,1.),(1.,1.),(1.,1.),(1.,1.),(1.,
1.),(1.,1.),(1.,1.),(1.,1.),(1.,1.),(1.,1.),(1.,1.),(1.,1.),(1.,1.),(1.,
1.),(1.,1.),(1.,1.),(1.,1.),(1.,1.),(1.,1.),(1.,1.),(1.,1.),(1.,1.),(1.,
1.),(1.,1.),(1.,1.),(1.,1.),(1.,1.),(1.,1.),(1.,1.),(1.,1.),(1.,1.),(1.,
1.),(1.,1.),(1.,1.),(1.,1.),(1.,1.),(1.,1.),(1.,1.),(1.,1.),(1.,1.),(1.,
1.),(1.,1.),(1.,1.),(1.,1.),(1.,1.),(1.,1.),(1.,1.),(1.,1.),(1.,1.),(1.,
1.),(1.,1.),(1.,1.),(1.,1.),(1.,1.),(1.,1.),(1.,1.),(1.,1.),(1.,1.),(1.,
1.),(1.,1.),(1.,1.),(1.,1.),(1.,1.),(1.,1.),(1.,1.),(1.,1.),(1.,1.),(1.,
1.),(1.,1.),(1.,1.),(1.,1.),(1.,1.),(1.,1.),(1.,1.),(1.,1.),(1.,1.),(1.,
1.),(1.,1.),(1.,1.),(1.,1.),(1.,1.),(1.,1.),(1.,1.),(1.,1.),(1.,1.),(1.,
1.),(1.,1.),(1.,1.),(1.,1.),(1.,1.),(1.,1.),(1.,1.),(1.,1.),(1.,1.),(1.,
1.),(1.,1.),(1.,1.),(1.,1.),(1.,1.),(1.,1.),(1.,1.),(1.,1.),(1.,1.),(1.,
1.),(1.,1.),(1.,1.),(1.,1.),(1.,1.),(1.,1.),(1.,1.),(1.,1.),(1.,1.),(1.,
1.),(1.,1.),(1.,1.),(1.,1.),(1.,1.),(1.,1.),(1.,1.),(1.,1.),(1.,1.),(1.,
1.),(1.,1.),(1.,1.),(1.,1.),(1.,1.),(1.,1.),(1.,1.),(1.,1.),(1.,1.),(1.,
1.),(1.,1.),(1.,1.),(1.,1.),(1.,1.),(1.,1.),(1.,1.)))
REPRESENTATION_ITEM('')
SURFACE()
);
#38=(
BOUNDED_SURFACE()
B_SPLINE_SURFACE(5,1,((#1224,#1225),(#1226,#1227),(#1228,#1229),(#1230,
#1231),(#1232,#1233),(#1234,#1235),(#1236,#1237),(#1238,#1239),(#1240,#1241),
(#1242,#1243),(#1244,#1245),(#1246,#1247),(#1248,#1249),(#1250,#1251),(#1252,
#1253),(#1254,#1255),(#1256,#1257),(#1258,#1259),(#1260,#1261),(#1262,#1263),
(#1264,#1265),(#1266,#1267),(#1268,#1269),(#1270,#1271),(#1272,#1273),(#1274,
#1275),(#1276,#1277),(#1278,#1279),(#1280,#1281),(#1282,#1283),(#1284,#1285),
(#1286,#1287),(#1288,#1289),(#1290,#1291),(#1292,#1293),(#1294,#1295),(#1296,
#1297),(#1298,#1299),(#1300,#1301),(#1302,#1303),(#1304,#1305),(#1306,#1307),
(#1308,#1309),(#1310,#1311),(#1312,#1313),(#1314,#1315),(#1316,#1317),(#1318,
#1319),(#1320,#1321),(#1322,#1323),(#1324,#1325),(#1326,#1327),(#1328,#1329),
(#1330,#1331),(#1332,#1333),(#1334,#1335),(#1336,#1337),(#1338,#1339),(#1340,
#1341),(#1342,#1343),(#1344,#1345),(#1346,#1347),(#1348,#1349),(#1350,#1351),
(#1352,#1353),(#1354,#1355),(#1356,#1357),(#1358,#1359),(#1360,#1361),(#1362,
#1363),(#1364,#1365),(#1366,#1367),(#1368,#1369),(#1370,#1371),(#1372,#1373),
(#1374,#1375),(#1376,#1377),(#1378,#1379),(#1380,#1381),(#1382,#1383),(#1384,
#1385),(#1386,#1387),(#1388,#1389),(#1390,#1391),(#1392,#1393),(#1394,#1395),
(#1396,#1397),(#1398,#1399),(#1400,#1401),(#1402,#1403),(#1404,#1405),(#1406,
#1407),(#1408,#1409),(#1410,#1411),(#1412,#1413),(#1414,#1415),(#1416,#1417),
(#1418,#1419),(#1420,#1421),(#1422,#1423),(#1424,#1425),(#1426,#1427),(#1428,
#1429),(#1430,#1431),(#1432,#1433),(#1434,#1435),(#1436,#1437),(#1438,#1439),
(#1440,#1441),(#1442,#1443),(#1444,#1445),(#1446,#1447),(#1448,#1449),(#1450,
#1451),(#1452,#1453),(#1454,#1455),(#1456,#1457),(#1458,#1459),(#1460,#1461),
(#1462,#1463),(#1464,#1465),(#1466,#1467),(#1468,#1469),(#1470,#1471),(#1472,
#1473),(#1474,#1475),(#1476,#1477),(#1478,#1479),(#1480,#1481),(#1482,#1483),
(#1484,#1485),(#1486,#1487),(#1488,#1489),(#1490,#1491),(#1492,#1493),(#1494,
#1495),(#1496,#1497),(#1498,#1499),(#1500,#1501),(#1502,#1503),(#1504,#1505),
(#1506,#1507),(#1508,#1509),(#1510,#1511),(#1512,#1513),(#1514,#1515),(#1516,
#1517),(#1518,#1519),(#1520,#1521),(#1522,#1523),(#1524,#1525),(#1526,#1527),
(#1528,#1529),(#1530,#1531),(#1532,#1533),(#1534,#1535),(#1536,#1537),(#1538,
#1539),(#1540,#1541),(#1542,#1543)),.UNSPECIFIED.,.F.,.F.,.F.)
B_SPLINE_SURFACE_WITH_KNOTS((6,1,1,1,1,1,1,1,1,1,1,1,1,1,1,1,1,1,1,1,1,
1,1,1,1,1,1,1,1,1,1,1,1,1,1,1,1,1,1,1,1,1,1,1,1,1,1,1,1,1,1,1,1,1,1,1,1,
1,1,1,1,1,1,1,1,1,1,1,1,1,1,1,1,1,1,1,1,1,1,1,1,1,1,1,1,1,1,1,1,1,1,1,1,
1,1,1,1,1,1,1,1,1,1,1,1,1,1,1,1,1,1,1,1,1,1,1,1,1,1,1,1,1,1,1,1,1,1,1,1,
1,1,1,1,1,1,1,1,1,1,1,1,1,1,1,1,1,1,1,1,1,1,1,1,1,1,6),(2,2),(0.,0.00645161290322581,
0.0129032258064516,0.0193548387096774,0.0258064516129032,0.032258064516129,
0.0387096774193548,0.0451612903225806,0.0516129032258065,0.0580645161290323,
0.0645161290322581,0.0709677419354839,0.0774193548387097,0.0838709677419355,
0.0903225806451613,0.0967741935483871,0.103225806451613,0.109677419354839,
0.116129032258065,0.12258064516129,0.129032258064516,0.135483870967742,
0.141935483870968,0.148387096774194,0.154838709677419,0.161290322580645,
0.167741935483871,0.174193548387097,0.180645161290323,0.187096774193548,
0.193548387096774,0.2,0.206451612903226,0.212903225806451,0.219354838709677,
0.225806451612903,0.232258064516129,0.238709677419355,0.24516129032258,
0.251612903225806,0.258064516129032,0.264516129032258,0.270967741935484,
0.27741935483871,0.283870967741935,0.290322580645161,0.296774193548387,
0.303225806451613,0.309677419354839,0.316129032258064,0.32258064516129,
0.329032258064516,0.335483870967742,0.341935483870968,0.348387096774194,
0.354838709677419,0.361290322580645,0.367741935483871,0.374193548387097,
0.380645161290323,0.387096774193549,0.393548387096774,0.4,0.406451612903226,
0.412903225806452,0.419354838709678,0.425806451612903,0.432258064516129,
0.438709677419355,0.445161290322581,0.451612903225807,0.458064516129033,
0.464516129032258,0.470967741935484,0.47741935483871,0.483870967741936,
0.490322580645162,0.496774193548388,0.503225806451613,0.509677419354839,
0.516129032258065,0.522580645161291,0.529032258064517,0.535483870967742,
0.541935483870968,0.548387096774194,0.55483870967742,0.561290322580646,
0.567741935483872,0.574193548387097,0.580645161290323,0.587096774193549,
0.593548387096775,0.600000000000001,0.606451612903226,0.612903225806452,
0.619354838709678,0.625806451612904,0.63225806451613,0.638709677419356,
0.645161290322581,0.651612903225807,0.658064516129033,0.664516129032259,
0.670967741935485,0.677419354838711,0.683870967741936,0.690322580645162,
0.696774193548388,0.703225806451614,0.70967741935484,0.716129032258065,
0.722580645161291,0.729032258064517,0.735483870967743,0.741935483870969,
0.748387096774195,0.75483870967742,0.761290322580646,0.767741935483872,
0.774193548387098,0.780645161290324,0.78709677419355,0.793548387096775,
0.800000000000001,0.806451612903227,0.812903225806453,0.819354838709679,
0.825806451612904,0.83225806451613,0.838709677419356,0.845161290322582,
0.851612903225808,0.858064516129034,0.864516129032259,0.870967741935485,
0.877419354838711,0.883870967741937,0.890322580645163,0.896774193548388,
0.903225806451614,0.90967741935484,0.916129032258066,0.922580645161292,
0.929032258064518,0.935483870967743,0.941935483870969,0.948387096774195,
0.954838709677421,0.961290322580647,0.967741935483873,0.974193548387098,
0.980645161290324,0.98709677419355,0.993548387096776,1.),(0.,25.),
 .UNSPECIFIED.)
GEOMETRIC_REPRESENTATION_ITEM()
RATIONAL_B_SPLINE_SURFACE(((1.,1.),(1.,1.),(1.,1.),(1.,1.),(1.,1.),(1.,
1.),(1.,1.),(1.,1.),(1.,1.),(1.,1.),(1.,1.),(1.,1.),(1.,1.),(1.,1.),(1.,
1.),(1.,1.),(1.,1.),(1.,1.),(1.,1.),(1.,1.),(1.,1.),(1.,1.),(1.,1.),(1.,
1.),(1.,1.),(1.,1.),(1.,1.),(1.,1.),(1.,1.),(1.,1.),(1.,1.),(1.,1.),(1.,
1.),(1.,1.),(1.,1.),(1.,1.),(1.,1.),(1.,1.),(1.,1.),(1.,1.),(1.,1.),(1.,
1.),(1.,1.),(1.,1.),(1.,1.),(1.,1.),(1.,1.),(1.,1.),(1.,1.),(1.,1.),(1.,
1.),(1.,1.),(1.,1.),(1.,1.),(1.,1.),(1.,1.),(1.,1.),(1.,1.),(1.,1.),(1.,
1.),(1.,1.),(1.,1.),(1.,1.),(1.,1.),(1.,1.),(1.,1.),(1.,1.),(1.,1.),(1.,
1.),(1.,1.),(1.,1.),(1.,1.),(1.,1.),(1.,1.),(1.,1.),(1.,1.),(1.,1.),(1.,
1.),(1.,1.),(1.,1.),(1.,1.),(1.,1.),(1.,1.),(1.,1.),(1.,1.),(1.,1.),(1.,
1.),(1.,1.),(1.,1.),(1.,1.),(1.,1.),(1.,1.),(1.,1.),(1.,1.),(1.,1.),(1.,
1.),(1.,1.),(1.,1.),(1.,1.),(1.,1.),(1.,1.),(1.,1.),(1.,1.),(1.,1.),(1.,
1.),(1.,1.),(1.,1.),(1.,1.),(1.,1.),(1.,1.),(1.,1.),(1.,1.),(1.,1.),(1.,
1.),(1.,1.),(1.,1.),(1.,1.),(1.,1.),(1.,1.),(1.,1.),(1.,1.),(1.,1.),(1.,
1.),(1.,1.),(1.,1.),(1.,1.),(1.,1.),(1.,1.),(1.,1.),(1.,1.),(1.,1.),(1.,
1.),(1.,1.),(1.,1.),(1.,1.),(1.,1.),(1.,1.),(1.,1.),(1.,1.),(1.,1.),(1.,
1.),(1.,1.),(1.,1.),(1.,1.),(1.,1.),(1.,1.),(1.,1.),(1.,1.),(1.,1.),(1.,
1.),(1.,1.),(1.,1.),(1.,1.),(1.,1.),(1.,1.),(1.,1.),(1.,1.),(1.,1.),(1.,
1.),(1.,1.)))
REPRESENTATION_ITEM('')
SURFACE()
);
#39=FACE_OUTER_BOUND('',#52,.T.);
#40=FACE_OUTER_BOUND('',#53,.T.);
#41=FACE_OUTER_BOUND('',#54,.T.);
#42=FACE_OUTER_BOUND('',#55,.T.);
#43=FACE_OUTER_BOUND('',#56,.T.);
#44=FACE_OUTER_BOUND('',#58,.T.);
#45=FACE_OUTER_BOUND('',#60,.T.);
#46=FACE_OUTER_BOUND('',#61,.T.);
#47=FACE_OUTER_BOUND('',#62,.T.);
#48=FACE_OUTER_BOUND('',#63,.T.);
#49=FACE_OUTER_BOUND('',#64,.T.);
#50=FACE_OUTER_BOUND('',#65,.T.);
#51=FACE_OUTER_BOUND('',#66,.T.);
#52=EDGE_LOOP('',(#160,#161,#162,#163));
#53=EDGE_LOOP('',(#164,#165,#166,#167));
#54=EDGE_LOOP('',(#168,#169,#170,#171));
#55=EDGE_LOOP('',(#172,#173,#174,#175));
#56=EDGE_LOOP('',(#176,#177,#178,#179));
#57=EDGE_LOOP('',(#180));
#58=EDGE_LOOP('',(#181,#182,#183,#184,#185));
#59=EDGE_LOOP('',(#186));
#60=EDGE_LOOP('',(#187,#188,#189,#190));
#61=EDGE_LOOP('',(#191,#192,#193,#194));
#62=EDGE_LOOP('',(#195,#196,#197,#198));
#63=EDGE_LOOP('',(#199,#200,#201,#202,#203,#204,#205,#206));
#64=EDGE_LOOP('',(#207,#208,#209,#210));
#65=EDGE_LOOP('',(#211,#212,#213,#214));
#66=EDGE_LOOP('',(#215,#216,#217,#218,#219,#220,#221,#222,#223));
#67=EDGE_LOOP('',(#224));
#68=EDGE_LOOP('',(#225));
#69=LINE('',#332,#83);
#70=LINE('',#346,#84);
#71=LINE('',#351,#85);
#72=LINE('',#357,#86);
#73=LINE('',#360,#87);
#74=LINE('',#362,#88);
#75=LINE('',#377,#89);
#76=LINE('',#776,#90);
#77=LINE('',#784,#91);
#78=LINE('',#785,#92);
#79=LINE('',#788,#93);
#80=LINE('',#796,#94);
#81=LINE('',#1153,#95);
#82=LINE('',#1788,#96);
#83=VECTOR('',#281,1.00000000000001);
#84=VECTOR('',#284,10.);
#85=VECTOR('',#285,10.);
#86=VECTOR('',#292,10.);
#87=VECTOR('',#295,10.);
#88=VECTOR('',#296,10.);
#89=VECTOR('',#301,10.);
#90=VECTOR('',#302,10.);
#91=VECTOR('',#311,10.);
#92=VECTOR('',#312,10.);
#93=VECTOR('',#315,10.);
#94=VECTOR('',#320,1.02499999999999);
#95=VECTOR('',#321,10.);
#96=VECTOR('',#324,10.);
#97=CIRCLE('',#258,1.00000000000001);
#98=CIRCLE('',#259,1.00000000000001);
#99=CIRCLE('',#261,2.5);
#100=CIRCLE('',#262,2.5);
#101=CIRCLE('',#266,3.00000000000001);
#102=CIRCLE('',#267,1.02499999999999);
#103=CIRCLE('',#269,3.00000000000001);
#104=CIRCLE('',#272,1.02499999999999);
#105=VERTEX_POINT('',#329);
#106=VERTEX_POINT('',#331);
#107=VERTEX_POINT('',#340);
#108=VERTEX_POINT('',#341);
#109=VERTEX_POINT('',#345);
#110=VERTEX_POINT('',#347);
#111=VERTEX_POINT('',#353);
#112=VERTEX_POINT('',#355);
#113=VERTEX_POINT('',#359);
#114=VERTEX_POINT('',#361);
#115=VERTEX_POINT('',#375);
#116=VERTEX_POINT('',#376);
#117=VERTEX_POINT('',#378);
#118=VERTEX_POINT('',#617);
#119=VERTEX_POINT('',#775);
#120=VERTEX_POINT('',#778);
#121=VERTEX_POINT('',#781);
#122=VERTEX_POINT('',#782);
#123=VERTEX_POINT('',#787);
#124=VERTEX_POINT('',#794);
#125=VERTEX_POINT('',#1152);
#126=VERTEX_POINT('',#1544);
#127=EDGE_CURVE('',#105,#105,#97,.T.);
#128=EDGE_CURVE('',#105,#106,#69,.T.);
#129=EDGE_CURVE('',#106,#106,#98,.T.);
#130=EDGE_CURVE('',#107,#108,#34,.T.);
#131=EDGE_CURVE('',#109,#107,#70,.T.);
#132=EDGE_CURVE('',#110,#109,#35,.T.);
#133=EDGE_CURVE('',#108,#110,#71,.T.);
#134=EDGE_CURVE('',#108,#111,#99,.T.);
#135=EDGE_CURVE('',#112,#110,#100,.T.);
#136=EDGE_CURVE('',#111,#112,#72,.T.);
#137=EDGE_CURVE('',#113,#111,#73,.T.);
#138=EDGE_CURVE('',#114,#112,#74,.T.);
#139=EDGE_CURVE('',#113,#114,#19,.T.);
#140=EDGE_CURVE('',#114,#109,#20,.T.);
#141=EDGE_CURVE('',#115,#116,#75,.T.);
#142=EDGE_CURVE('',#117,#115,#21,.T.);
#143=EDGE_CURVE('',#118,#117,#22,.T.);
#144=EDGE_CURVE('',#119,#118,#76,.T.);
#145=EDGE_CURVE('',#116,#119,#101,.T.);
#146=EDGE_CURVE('',#120,#120,#102,.T.);
#147=EDGE_CURVE('',#121,#122,#103,.T.);
#148=EDGE_CURVE('',#121,#116,#77,.T.);
#149=EDGE_CURVE('',#122,#119,#78,.T.);
#150=EDGE_CURVE('',#122,#123,#79,.T.);
#151=EDGE_CURVE('',#123,#118,#23,.T.);
#152=EDGE_CURVE('',#124,#124,#104,.T.);
#153=EDGE_CURVE('',#124,#120,#80,.T.);
#154=EDGE_CURVE('',#123,#107,#24,.T.);
#155=EDGE_CURVE('',#125,#117,#81,.T.);
#156=EDGE_CURVE('',#113,#125,#25,.T.);
#157=EDGE_CURVE('',#125,#126,#26,.T.);
#158=EDGE_CURVE('',#115,#126,#27,.T.);
#159=EDGE_CURVE('',#126,#121,#82,.T.);
#160=ORIENTED_EDGE('',*,*,#127,.F.);
#161=ORIENTED_EDGE('',*,*,#128,.T.);
#162=ORIENTED_EDGE('',*,*,#129,.F.);
#163=ORIENTED_EDGE('',*,*,#128,.F.);
#164=ORIENTED_EDGE('',*,*,#130,.F.);
#165=ORIENTED_EDGE('',*,*,#131,.F.);
#166=ORIENTED_EDGE('',*,*,#132,.F.);
#167=ORIENTED_EDGE('',*,*,#133,.F.);
#168=ORIENTED_EDGE('',*,*,#134,.F.);
#169=ORIENTED_EDGE('',*,*,#133,.T.);
#170=ORIENTED_EDGE('',*,*,#135,.F.);
#171=ORIENTED_EDGE('',*,*,#136,.F.);
#172=ORIENTED_EDGE('',*,*,#137,.T.);
#173=ORIENTED_EDGE('',*,*,#136,.T.);
#174=ORIENTED_EDGE('',*,*,#138,.F.);
#175=ORIENTED_EDGE('',*,*,#139,.F.);
#176=ORIENTED_EDGE('',*,*,#140,.F.);
#177=ORIENTED_EDGE('',*,*,#138,.T.);
#178=ORIENTED_EDGE('',*,*,#135,.T.);
#179=ORIENTED_EDGE('',*,*,#132,.T.);
#180=ORIENTED_EDGE('',*,*,#127,.T.);
#181=ORIENTED_EDGE('',*,*,#141,.F.);
#182=ORIENTED_EDGE('',*,*,#142,.F.);
#183=ORIENTED_EDGE('',*,*,#143,.F.);
#184=ORIENTED_EDGE('',*,*,#144,.F.);
#185=ORIENTED_EDGE('',*,*,#145,.F.);
#186=ORIENTED_EDGE('',*,*,#146,.F.);
#187=ORIENTED_EDGE('',*,*,#147,.F.);
#188=ORIENTED_EDGE('',*,*,#148,.T.);
#189=ORIENTED_EDGE('',*,*,#145,.T.);
#190=ORIENTED_EDGE('',*,*,#149,.F.);
#191=ORIENTED_EDGE('',*,*,#150,.F.);
#192=ORIENTED_EDGE('',*,*,#149,.T.);
#193=ORIENTED_EDGE('',*,*,#144,.T.);
#194=ORIENTED_EDGE('',*,*,#151,.F.);
#195=ORIENTED_EDGE('',*,*,#152,.F.);
#196=ORIENTED_EDGE('',*,*,#153,.T.);
#197=ORIENTED_EDGE('',*,*,#146,.T.);
#198=ORIENTED_EDGE('',*,*,#153,.F.);
#199=ORIENTED_EDGE('',*,*,#131,.T.);
#200=ORIENTED_EDGE('',*,*,#154,.F.);
#201=ORIENTED_EDGE('',*,*,#151,.T.);
#202=ORIENTED_EDGE('',*,*,#143,.T.);
#203=ORIENTED_EDGE('',*,*,#155,.F.);
#204=ORIENTED_EDGE('',*,*,#156,.F.);
#205=ORIENTED_EDGE('',*,*,#139,.T.);
#206=ORIENTED_EDGE('',*,*,#140,.T.);
#207=ORIENTED_EDGE('',*,*,#157,.F.);
#208=ORIENTED_EDGE('',*,*,#155,.T.);
#209=ORIENTED_EDGE('',*,*,#142,.T.);
#210=ORIENTED_EDGE('',*,*,#158,.T.);
#211=ORIENTED_EDGE('',*,*,#159,.F.);
#212=ORIENTED_EDGE('',*,*,#158,.F.);
#213=ORIENTED_EDGE('',*,*,#141,.T.);
#214=ORIENTED_EDGE('',*,*,#148,.F.);
#215=ORIENTED_EDGE('',*,*,#154,.T.);
#216=ORIENTED_EDGE('',*,*,#130,.T.);
#217=ORIENTED_EDGE('',*,*,#134,.T.);
#218=ORIENTED_EDGE('',*,*,#137,.F.);
#219=ORIENTED_EDGE('',*,*,#156,.T.);
#220=ORIENTED_EDGE('',*,*,#157,.T.);
#221=ORIENTED_EDGE('',*,*,#159,.T.);
#222=ORIENTED_EDGE('',*,*,#147,.T.);
#223=ORIENTED_EDGE('',*,*,#150,.T.);
#224=ORIENTED_EDGE('',*,*,#129,.T.);
#225=ORIENTED_EDGE('',*,*,#152,.T.);
#226=CYLINDRICAL_SURFACE('',#257,1.00000000000001);
#227=CYLINDRICAL_SURFACE('',#260,2.5);
#228=CYLINDRICAL_SURFACE('',#268,3.00000000000001);
#229=CYLINDRICAL_SURFACE('',#271,1.02499999999999);
#230=ADVANCED_FACE('',(#39),#226,.F.);
#231=ADVANCED_FACE('',(#40),#36,.T.);
#232=ADVANCED_FACE('',(#41),#227,.T.);
#233=ADVANCED_FACE('',(#42),#28,.T.);
#234=ADVANCED_FACE('',(#43,#15),#29,.F.);
#235=ADVANCED_FACE('',(#44,#16),#30,.F.);
#236=ADVANCED_FACE('',(#45),#228,.T.);
#237=ADVANCED_FACE('',(#46),#31,.F.);
#238=ADVANCED_FACE('',(#47),#229,.F.);
#239=ADVANCED_FACE('',(#48),#37,.T.);
#240=ADVANCED_FACE('',(#49),#38,.T.);
#241=ADVANCED_FACE('',(#50),#32,.F.);
#242=ADVANCED_FACE('',(#51,#17,#18),#33,.T.);
#243=CLOSED_SHELL('',(#230,#231,#232,#233,#234,#235,#236,#237,#238,#239,
#240,#241,#242));
#244=DERIVED_UNIT_ELEMENT(#246,1.);
#245=DERIVED_UNIT_ELEMENT(#1795,-3.);
#246=(
MASS_UNIT()
NAMED_UNIT(*)
SI_UNIT(.KILO.,.GRAM.)
);
#247=DERIVED_UNIT((#244,#245));
#248=MEASURE_REPRESENTATION_ITEM('density measure',
POSITIVE_RATIO_MEASURE(7850.),#247);
#249=PROPERTY_DEFINITION_REPRESENTATION(#254,#251);
#250=PROPERTY_DEFINITION_REPRESENTATION(#255,#252);
#251=REPRESENTATION('material name',(#253),#1792);
#252=REPRESENTATION('density',(#248),#1792);
#253=DESCRIPTIVE_REPRESENTATION_ITEM('Steel','Steel');
#254=PROPERTY_DEFINITION('material property','material name',#1802);
#255=PROPERTY_DEFINITION('material property','density of part',#1802);
#256=AXIS2_PLACEMENT_3D('',#327,#275,#276);
#257=AXIS2_PLACEMENT_3D('',#328,#277,#278);
#258=AXIS2_PLACEMENT_3D('',#330,#279,#280);
#259=AXIS2_PLACEMENT_3D('',#333,#282,#283);
#260=AXIS2_PLACEMENT_3D('',#352,#286,#287);
#261=AXIS2_PLACEMENT_3D('',#354,#288,#289);
#262=AXIS2_PLACEMENT_3D('',#356,#290,#291);
#263=AXIS2_PLACEMENT_3D('',#358,#293,#294);
#264=AXIS2_PLACEMENT_3D('',#367,#297,#298);
#265=AXIS2_PLACEMENT_3D('',#374,#299,#300);
#266=AXIS2_PLACEMENT_3D('',#777,#303,#304);
#267=AXIS2_PLACEMENT_3D('',#779,#305,#306);
#268=AXIS2_PLACEMENT_3D('',#780,#307,#308);
#269=AXIS2_PLACEMENT_3D('',#783,#309,#310);
#270=AXIS2_PLACEMENT_3D('',#786,#313,#314);
#271=AXIS2_PLACEMENT_3D('',#793,#316,#317);
#272=AXIS2_PLACEMENT_3D('',#795,#318,#319);
#273=AXIS2_PLACEMENT_3D('',#1787,#322,#323);
#274=AXIS2_PLACEMENT_3D('',#1789,#325,#326);
#275=DIRECTION('axis',(0.,0.,1.));
#276=DIRECTION('refdir',(1.,0.,0.));
#277=DIRECTION('center_axis',(-1.,0.,0.));
#278=DIRECTION('ref_axis',(0.,1.,0.));
#279=DIRECTION('center_axis',(1.,0.,0.));
#280=DIRECTION('ref_axis',(0.,1.,0.));
#281=DIRECTION('',(1.,0.,0.));
#282=DIRECTION('center_axis',(-1.,0.,0.));
#283=DIRECTION('ref_axis',(0.,1.,0.));
#284=DIRECTION('',(1.,0.,0.));
#285=DIRECTION('',(-1.,0.,0.));
#286=DIRECTION('center_axis',(-1.,0.,0.));
#287=DIRECTION('ref_axis',(0.,1.,0.));
#288=DIRECTION('center_axis',(1.,0.,0.));
#289=DIRECTION('ref_axis',(0.,1.,0.));
#290=DIRECTION('center_axis',(-1.,0.,0.));
#291=DIRECTION('ref_axis',(0.,1.,0.));
#292=DIRECTION('',(-1.,0.,0.));
#293=DIRECTION('center_axis',(0.,1.,0.));
#294=DIRECTION('ref_axis',(0.,0.,-1.));
#295=DIRECTION('',(0.,0.,-1.));
#296=DIRECTION('',(0.,0.,-1.));
#297=DIRECTION('center_axis',(1.,0.,0.));
#298=DIRECTION('ref_axis',(0.,1.,0.));
#299=DIRECTION('center_axis',(1.,0.,0.));
#300=DIRECTION('ref_axis',(0.,1.,0.));
#301=DIRECTION('',(0.,-1.,0.));
#302=DIRECTION('',(0.,0.997557394933391,-0.0698515841889531));
#303=DIRECTION('center_axis',(1.,0.,0.));
#304=DIRECTION('ref_axis',(0.,1.,0.));
#305=DIRECTION('center_axis',(-1.,0.,0.));
#306=DIRECTION('ref_axis',(0.,1.,0.));
#307=DIRECTION('center_axis',(-1.,0.,0.));
#308=DIRECTION('ref_axis',(0.,-0.999389162171922,0.0349471391290398));
#309=DIRECTION('center_axis',(1.,0.,0.));
#310=DIRECTION('ref_axis',(0.,1.,0.));
#311=DIRECTION('',(-1.,0.,0.));
#312=DIRECTION('',(-1.,0.,0.));
#313=DIRECTION('center_axis',(0.,0.0698515841889531,0.997557394933391));
#314=DIRECTION('ref_axis',(0.,0.997557394933391,-0.0698515841889531));
#315=DIRECTION('',(0.,0.997557394933391,-0.0698515841889531));
#316=DIRECTION('center_axis',(-1.,0.,0.));
#317=DIRECTION('ref_axis',(0.,1.,0.));
#318=DIRECTION('center_axis',(-1.,0.,0.));
#319=DIRECTION('ref_axis',(0.,1.,0.));
#320=DIRECTION('',(-1.,0.,0.));
#321=DIRECTION('',(-1.,0.,0.));
#322=DIRECTION('center_axis',(0.,0.,-1.));
#323=DIRECTION('ref_axis',(0.,-1.,0.));
#324=DIRECTION('',(0.,-1.,0.));
#325=DIRECTION('center_axis',(1.,0.,0.));
#326=DIRECTION('ref_axis',(0.,0.,-1.));
#327=CARTESIAN_POINT('',(0.,0.,0.));
#328=CARTESIAN_POINT('Origin',(-136.,116.193651547294,-8.45650379917835));
#329=CARTESIAN_POINT('',(-136.5,115.193651547294,-8.45650379917835));
#330=CARTESIAN_POINT('Origin',(-136.5,116.193651547294,-8.45650379917835));
#331=CARTESIAN_POINT('',(-136.,115.193651547294,-8.45650379917835));
#332=CARTESIAN_POINT('',(-136.,115.193651547294,-8.45650379917835));
#333=CARTESIAN_POINT('Origin',(-136.,116.193651547294,-8.45650379917835));
#334=CARTESIAN_POINT('Ctrl Pts',(-136.,113.731436056948,-8.8895105879232));
#335=CARTESIAN_POINT('Ctrl Pts',(-136.5,113.731436056948,-8.8895105879232));
#336=CARTESIAN_POINT('Ctrl Pts',(-136.,112.840146042352,-3.82134967827752));
#337=CARTESIAN_POINT('Ctrl Pts',(-136.5,112.840146042352,-3.82134967827752));
#338=CARTESIAN_POINT('Ctrl Pts',(-136.,109.403766074247,-0.379559723669692));
#339=CARTESIAN_POINT('Ctrl Pts',(-136.5,109.403766074247,-0.379559723669692));
#340=CARTESIAN_POINT('',(-136.,109.403766074247,-0.379559723669692));
#341=CARTESIAN_POINT('',(-136.,113.731436056948,-8.8895105879232));
#342=CARTESIAN_POINT('Ctrl Pts',(-136.,109.403766074247,-0.379559723669692));
#343=CARTESIAN_POINT('Ctrl Pts',(-136.,112.840146042352,-3.82134967827752));
#344=CARTESIAN_POINT('Ctrl Pts',(-136.,113.731436056948,-8.8895105879232));
#345=CARTESIAN_POINT('',(-136.5,109.403766074247,-0.379559723669692));
#346=CARTESIAN_POINT('',(-136.,109.403766074247,-0.379559723669692));
#347=CARTESIAN_POINT('',(-136.5,113.731436056948,-8.8895105879232));
#348=CARTESIAN_POINT('Ctrl Pts',(-136.5,113.731436056948,-8.8895105879232));
#349=CARTESIAN_POINT('Ctrl Pts',(-136.5,112.840146042352,-3.82134967827752));
#350=CARTESIAN_POINT('Ctrl Pts',(-136.5,109.403766074247,-0.379559723669692));
#351=CARTESIAN_POINT('',(-136.,113.731436056948,-8.8895105879232));
#352=CARTESIAN_POINT('Origin',(-136.,116.193651547294,-8.45650379917835));
#353=CARTESIAN_POINT('',(-136.,118.693651547294,-8.45650379917835));
#354=CARTESIAN_POINT('Origin',(-136.,116.193651547294,-8.45650379917835));
#355=CARTESIAN_POINT('',(-136.5,118.693651547294,-8.45650379917835));
#356=CARTESIAN_POINT('Origin',(-136.5,116.193651547294,-8.45650379917835));
#357=CARTESIAN_POINT('',(-136.,118.693651547294,-8.45650379917835));
#358=CARTESIAN_POINT('Origin',(-136.,118.693651547294,-0.172009949458303));
#359=CARTESIAN_POINT('',(-136.,118.693651547294,-0.172009949458303));
#360=CARTESIAN_POINT('',(-136.,118.693651547294,-0.172009949458303));
#361=CARTESIAN_POINT('',(-136.5,118.693651547294,-0.172009949458303));
#362=CARTESIAN_POINT('',(-136.5,118.693651547294,-0.172009949458303));
#363=CARTESIAN_POINT('Ctrl Pts',(-136.,118.693651547294,-0.172009949458303));
#364=CARTESIAN_POINT('Ctrl Pts',(-136.166666666667,118.693651547294,-0.172009949458303));
#365=CARTESIAN_POINT('Ctrl Pts',(-136.333333333333,118.693651547294,-0.172009949458303));
#366=CARTESIAN_POINT('Ctrl Pts',(-136.5,118.693651547294,-0.172009949458303));
#367=CARTESIAN_POINT('Origin',(-136.5,114.048708810771,-5.5594152766225));
#368=CARTESIAN_POINT('Ctrl Pts',(-136.5,118.693651547294,-0.172009949458302));
#369=CARTESIAN_POINT('Ctrl Pts',(-136.5,117.280583054335,-0.202222737443296));
#370=CARTESIAN_POINT('Ctrl Pts',(-136.5,116.354264212211,-0.238025715926627));
#371=CARTESIAN_POINT('Ctrl Pts',(-136.5,112.759868037669,-0.315935289926995));
#372=CARTESIAN_POINT('Ctrl Pts',(-136.5,111.092859382651,-0.334097249883243));
#373=CARTESIAN_POINT('Ctrl Pts',(-136.5,109.403766074247,-0.379559723669692));
#374=CARTESIAN_POINT('Origin',(-239.8,65.,3.71040391311339));
#375=CARTESIAN_POINT('',(-239.8,105.289902353694,5.7));
#376=CARTESIAN_POINT('',(-239.8,103.5,5.7));
#377=CARTESIAN_POINT('',(-239.8,85.1449511768472,5.7));
#378=CARTESIAN_POINT('',(-239.8,130.,0.));
#379=CARTESIAN_POINT('Ctrl Pts',(-239.8,130.,0.));
#380=CARTESIAN_POINT('Ctrl Pts',(-239.8,129.943273146517,0.0304437157389006));
#381=CARTESIAN_POINT('Ctrl Pts',(-239.8,129.880802600995,0.0604651359047902));
#382=CARTESIAN_POINT('Ctrl Pts',(-239.8,129.812597341438,0.0900661329834314));
#383=CARTESIAN_POINT('Ctrl Pts',(-239.8,129.753185023387,0.115851004479693));
#384=CARTESIAN_POINT('Ctrl Pts',(-239.8,129.689420021122,0.141316618455379));
#385=CARTESIAN_POINT('Ctrl Pts',(-239.8,129.621342208219,0.166471123217084));
#386=CARTESIAN_POINT('Ctrl Pts',(-239.8,129.560063058786,0.189113546503721));
#387=CARTESIAN_POINT('Ctrl Pts',(-239.8,129.495288755799,0.211503739735918));
#388=CARTESIAN_POINT('Ctrl Pts',(-239.8,129.427090197848,0.233656123110367));
#389=CARTESIAN_POINT('Ctrl Pts',(-239.8,129.364193139519,0.254086463444758));
#390=CARTESIAN_POINT('Ctrl Pts',(-239.8,129.298383131786,0.274314447729195));
#391=CARTESIAN_POINT('Ctrl Pts',(-239.8,129.229760824127,0.294360607465541));
#392=CARTESIAN_POINT('Ctrl Pts',(-239.8,129.163426429935,0.313738414877443));
#393=CARTESIAN_POINT('Ctrl Pts',(-239.8,129.09446396682,0.332946295772436));
#394=CARTESIAN_POINT('Ctrl Pts',(-239.8,129.023012850513,0.352012694998539));
#395=CARTESIAN_POINT('Ctrl Pts',(-239.8,128.953182586766,0.370646577231044));
#396=CARTESIAN_POINT('Ctrl Pts',(-239.8,128.880975176626,0.389145311319711));
#397=CARTESIAN_POINT('Ctrl Pts',(-239.8,128.806569770465,0.407545272289245));
#398=CARTESIAN_POINT('Ctrl Pts',(-239.8,128.729439056397,0.426619183737835));
#399=CARTESIAN_POINT('Ctrl Pts',(-239.8,128.649946420371,0.445587013452371));
#400=CARTESIAN_POINT('Ctrl Pts',(-239.8,128.568348379863,0.464500333823858));
#401=CARTESIAN_POINT('Ctrl Pts',(-239.8,128.476194114566,0.485860444095143));
#402=CARTESIAN_POINT('Ctrl Pts',(-239.8,128.381355135953,0.507151361320457));
#403=CARTESIAN_POINT('Ctrl Pts',(-239.8,128.284266260812,0.528457921133258));
#404=CARTESIAN_POINT('Ctrl Pts',(-239.8,128.154447266072,0.556947242615795));
#405=CARTESIAN_POINT('Ctrl Pts',(-239.8,128.020607527457,0.585465977416071));
#406=CARTESIAN_POINT('Ctrl Pts',(-239.8,127.883881388327,0.614220774428835));
#407=CARTESIAN_POINT('Ctrl Pts',(-239.8,127.766956127581,0.638811259904487));
#408=CARTESIAN_POINT('Ctrl Pts',(-239.8,127.647924339245,0.663575184442542));
#409=CARTESIAN_POINT('Ctrl Pts',(-239.8,127.527499135957,0.688627817982622));
#410=CARTESIAN_POINT('Ctrl Pts',(-239.8,127.427720793789,0.70938518582027));
#411=CARTESIAN_POINT('Ctrl Pts',(-239.8,127.326987111038,0.730340860513864));
#412=CARTESIAN_POINT('Ctrl Pts',(-239.8,127.225677218431,0.751545740149221));
#413=CARTESIAN_POINT('Ctrl Pts',(-239.8,127.125950292896,0.772419293540277));
#414=CARTESIAN_POINT('Ctrl Pts',(-239.8,127.025666475702,0.79353472750446));
#415=CARTESIAN_POINT('Ctrl Pts',(-239.8,126.92513991496,0.814920882993978));
#416=CARTESIAN_POINT('Ctrl Pts',(-239.8,126.834539991428,0.834195232356905));
#417=CARTESIAN_POINT('Ctrl Pts',(-239.8,126.743742766679,0.853689341955784));
#418=CARTESIAN_POINT('Ctrl Pts',(-239.8,126.65293166075,0.873406882327625));
#419=CARTESIAN_POINT('Ctrl Pts',(-239.8,126.565256233999,0.892443582177363));
#420=CARTESIAN_POINT('Ctrl Pts',(-239.8,126.477568049404,0.911688559354912));
#421=CARTESIAN_POINT('Ctrl Pts',(-239.8,126.389985777582,0.931128714504627));
#422=CARTESIAN_POINT('Ctrl Pts',(-239.8,126.302018654416,0.950654292990443));
#423=CARTESIAN_POINT('Ctrl Pts',(-239.8,126.21415846716,0.970376742916228));
#424=CARTESIAN_POINT('Ctrl Pts',(-239.8,126.126474065401,0.990265431871879));
#425=CARTESIAN_POINT('Ctrl Pts',(-239.8,126.02924269,1.0123195776867));
#426=CARTESIAN_POINT('Ctrl Pts',(-239.8,125.93222748041,1.03457800022057));
#427=CARTESIAN_POINT('Ctrl Pts',(-239.8,125.835458491291,1.05697895676331));
#428=CARTESIAN_POINT('Ctrl Pts',(-239.8,125.729028626877,1.08161629966932));
#429=CARTESIAN_POINT('Ctrl Pts',(-239.8,125.622896020093,1.10642560194552));
#430=CARTESIAN_POINT('Ctrl Pts',(-239.8,125.517031755127,1.13130651982972));
#431=CARTESIAN_POINT('Ctrl Pts',(-239.8,125.395334510034,1.15990860914543));
#432=CARTESIAN_POINT('Ctrl Pts',(-239.8,125.273991174644,1.1886044801631));
#433=CARTESIAN_POINT('Ctrl Pts',(-239.8,125.152880415794,1.2172292689082));
#434=CARTESIAN_POINT('Ctrl Pts',(-239.8,125.005073833563,1.25216367301603));
#435=CARTESIAN_POINT('Ctrl Pts',(-239.8,124.857609777002,1.28698881751195));
#436=CARTESIAN_POINT('Ctrl Pts',(-239.8,124.710191873976,1.32142134404101));
#437=CARTESIAN_POINT('Ctrl Pts',(-239.8,124.598832666032,1.34743161011504));
#438=CARTESIAN_POINT('Ctrl Pts',(-239.8,124.487496974985,1.37321769422104));
#439=CARTESIAN_POINT('Ctrl Pts',(-239.8,124.376068241218,1.3986840897776));
#440=CARTESIAN_POINT('Ctrl Pts',(-239.8,124.277449213539,1.42122290075909));
#441=CARTESIAN_POINT('Ctrl Pts',(-239.8,124.178756552699,1.44351120881996));
#442=CARTESIAN_POINT('Ctrl Pts',(-239.8,124.079938197208,1.46550817984677));
#443=CARTESIAN_POINT('Ctrl Pts',(-239.8,123.986668995979,1.48626990884872));
#444=CARTESIAN_POINT('Ctrl Pts',(-239.8,123.893287263599,1.50677193239054));
#445=CARTESIAN_POINT('Ctrl Pts',(-239.8,123.799785373193,1.52700597374505));
#446=CARTESIAN_POINT('Ctrl Pts',(-239.8,123.702444321059,1.54807081923431));
#447=CARTESIAN_POINT('Ctrl Pts',(-239.8,123.604972815123,1.56884505685732));
#448=CARTESIAN_POINT('Ctrl Pts',(-239.8,123.5074124839,1.58935305073334));
#449=CARTESIAN_POINT('Ctrl Pts',(-239.8,123.400198340294,1.61189035634672));
#450=CARTESIAN_POINT('Ctrl Pts',(-239.8,123.292877522503,1.63410620079958));
#451=CARTESIAN_POINT('Ctrl Pts',(-239.8,123.185560334134,1.65607297946201));
#452=CARTESIAN_POINT('Ctrl Pts',(-239.8,123.05820514665,1.6821413405279));
#453=CARTESIAN_POINT('Ctrl Pts',(-239.8,122.930856627344,1.70785898341006));
#454=CARTESIAN_POINT('Ctrl Pts',(-239.8,122.803757871493,1.73340134057664));
#455=CARTESIAN_POINT('Ctrl Pts',(-239.8,122.661767009439,1.76193648467545));
#456=CARTESIAN_POINT('Ctrl Pts',(-239.8,122.520093765645,1.79025488832663));
#457=CARTESIAN_POINT('Ctrl Pts',(-239.8,122.379083029736,1.81864678697519));
#458=CARTESIAN_POINT('Ctrl Pts',(-239.8,122.26969315082,1.8406719635359));
#459=CARTESIAN_POINT('Ctrl Pts',(-239.8,122.160702975263,1.86274277254352));
#460=CARTESIAN_POINT('Ctrl Pts',(-239.8,122.052237993995,1.88499652143229));
#461=CARTESIAN_POINT('Ctrl Pts',(-239.8,121.955569619845,1.9048299616699));
#462=CARTESIAN_POINT('Ctrl Pts',(-239.8,121.859318817038,1.92480913466263));
#463=CARTESIAN_POINT('Ctrl Pts',(-239.8,121.763534636316,1.94502307338682));
#464=CARTESIAN_POINT('Ctrl Pts',(-239.8,121.675367638915,1.96362950995647));
#465=CARTESIAN_POINT('Ctrl Pts',(-239.8,121.587596362774,1.98243511954366));
#466=CARTESIAN_POINT('Ctrl Pts',(-239.8,121.500218046435,2.00149752404558));
#467=CARTESIAN_POINT('Ctrl Pts',(-239.8,121.416761651608,2.01970432434939));
#468=CARTESIAN_POINT('Ctrl Pts',(-239.8,121.333664109962,2.03814559756858));
#469=CARTESIAN_POINT('Ctrl Pts',(-239.8,121.250878539137,2.05685694524745));
#470=CARTESIAN_POINT('Ctrl Pts',(-239.8,121.165581903955,2.07613584833173));
#471=CARTESIAN_POINT('Ctrl Pts',(-239.8,121.080616458997,2.09570157384097));
#472=CARTESIAN_POINT('Ctrl Pts',(-239.8,120.995876517961,2.11557370905608));
#473=CARTESIAN_POINT('Ctrl Pts',(-239.8,120.905990005595,2.13665275284506));
#474=CARTESIAN_POINT('Ctrl Pts',(-239.8,120.816356837796,2.15807661252962));
#475=CARTESIAN_POINT('Ctrl Pts',(-239.8,120.726794574678,2.17984616591193));
#476=CARTESIAN_POINT('Ctrl Pts',(-239.8,120.627323933908,2.20402411038129));
#477=CARTESIAN_POINT('Ctrl Pts',(-239.8,120.527940080428,2.2286286471192));
#478=CARTESIAN_POINT('Ctrl Pts',(-239.8,120.428332370721,2.25363154252924));
#479=CARTESIAN_POINT('Ctrl Pts',(-239.8,120.301606371125,2.28544149903717));
#480=CARTESIAN_POINT('Ctrl Pts',(-239.8,120.174514495719,2.31789705890659));
#481=CARTESIAN_POINT('Ctrl Pts',(-239.8,120.046352644253,2.35088437052991));
#482=CARTESIAN_POINT('Ctrl Pts',(-239.8,119.934565408536,2.37965705396019));
#483=CARTESIAN_POINT('Ctrl Pts',(-239.8,119.821960169224,2.40883275003513));
#484=CARTESIAN_POINT('Ctrl Pts',(-239.8,119.708090675536,2.43831048230189));
#485=CARTESIAN_POINT('Ctrl Pts',(-239.8,119.610655215804,2.46353388764318));
#486=CARTESIAN_POINT('Ctrl Pts',(-239.8,119.512293352047,2.48897782926754));
#487=CARTESIAN_POINT('Ctrl Pts',(-239.8,119.412766022144,2.51457132590492));
#488=CARTESIAN_POINT('Ctrl Pts',(-239.8,119.323682111668,2.53747929264563));
#489=CARTESIAN_POINT('Ctrl Pts',(-239.8,119.233663998073,2.56050680260422));
#490=CARTESIAN_POINT('Ctrl Pts',(-239.8,119.142582411493,2.5836014778397));
#491=CARTESIAN_POINT('Ctrl Pts',(-239.8,119.058211745214,2.60499453005008));
#492=CARTESIAN_POINT('Ctrl Pts',(-239.8,118.972928174264,2.62644506370279));
#493=CARTESIAN_POINT('Ctrl Pts',(-239.8,118.886673555675,2.64791290559682));
#494=CARTESIAN_POINT('Ctrl Pts',(-239.8,118.80281017801,2.66878559348127));
#495=CARTESIAN_POINT('Ctrl Pts',(-239.8,118.718028464372,2.68967453587846));
#496=CARTESIAN_POINT('Ctrl Pts',(-239.8,118.632325133833,2.71054612127094));
#497=CARTESIAN_POINT('Ctrl Pts',(-239.8,118.544818601252,2.73185684578634));
#498=CARTESIAN_POINT('Ctrl Pts',(-239.8,118.456351388861,2.75314941932564));
#499=CARTESIAN_POINT('Ctrl Pts',(-239.8,118.366974592265,2.77439274621557));
#500=CARTESIAN_POINT('Ctrl Pts',(-239.8,118.275271885483,2.79618890194138));
#501=CARTESIAN_POINT('Ctrl Pts',(-239.8,118.182611776068,2.81793314634885));
#502=CARTESIAN_POINT('Ctrl Pts',(-239.8,118.089104286208,2.8395977271561));
#503=CARTESIAN_POINT('Ctrl Pts',(-239.8,117.989364916712,2.86270616085847));
#504=CARTESIAN_POINT('Ctrl Pts',(-239.8,117.888661801425,2.88572386158021));
#505=CARTESIAN_POINT('Ctrl Pts',(-239.8,117.787188292846,2.90862520059368));
#506=CARTESIAN_POINT('Ctrl Pts',(-239.8,117.671283748993,2.93478344907785));
#507=CARTESIAN_POINT('Ctrl Pts',(-239.8,117.554374957508,2.96078963713112));
#508=CARTESIAN_POINT('Ctrl Pts',(-239.8,117.436816614973,2.98661866933094));
#509=CARTESIAN_POINT('Ctrl Pts',(-239.8,117.272872990721,3.0226391257143));
#510=CARTESIAN_POINT('Ctrl Pts',(-239.8,117.107669995004,3.05831296818778));
#511=CARTESIAN_POINT('Ctrl Pts',(-239.8,116.942261808086,3.09361642540549));
#512=CARTESIAN_POINT('Ctrl Pts',(-239.8,116.821276629388,3.11943857580656));
#513=CARTESIAN_POINT('Ctrl Pts',(-239.8,116.70018482194,3.14506362064013));
#514=CARTESIAN_POINT('Ctrl Pts',(-239.8,116.579383813363,3.17050003433634));
#515=CARTESIAN_POINT('Ctrl Pts',(-239.8,116.473493780498,3.19279672468673));
#516=CARTESIAN_POINT('Ctrl Pts',(-239.8,116.367828016757,3.21494870209974));
#517=CARTESIAN_POINT('Ctrl Pts',(-239.8,116.262620906156,3.23697133752931));
#518=CARTESIAN_POINT('Ctrl Pts',(-239.8,116.163206684352,3.25778136786678));
#519=CARTESIAN_POINT('Ctrl Pts',(-239.8,116.064202679411,3.27847598184458));
#520=CARTESIAN_POINT('Ctrl Pts',(-239.8,115.965764402177,3.29907553343389));
#521=CARTESIAN_POINT('Ctrl Pts',(-239.8,115.870402321106,3.31903134903604));
#522=CARTESIAN_POINT('Ctrl Pts',(-239.8,115.775571814288,3.33889798385996));
#523=CARTESIAN_POINT('Ctrl Pts',(-239.8,115.681363862382,3.3587003476771));
#524=CARTESIAN_POINT('Ctrl Pts',(-239.8,115.590099908973,3.37788388762495));
#525=CARTESIAN_POINT('Ctrl Pts',(-239.8,115.499420740504,3.39700713396167));
#526=CARTESIAN_POINT('Ctrl Pts',(-239.8,115.409352392714,3.41609845384514));
#527=CARTESIAN_POINT('Ctrl Pts',(-239.8,115.32672214156,3.43361315901667));
#528=CARTESIAN_POINT('Ctrl Pts',(-239.8,115.244605829483,3.45110105164412));
#529=CARTESIAN_POINT('Ctrl Pts',(-239.8,115.162973554337,3.46858828100286));
#530=CARTESIAN_POINT('Ctrl Pts',(-239.8,115.07826227392,3.48673509348927));
#531=CARTESIAN_POINT('Ctrl Pts',(-239.8,114.994072307567,3.50488121810591));
#532=CARTESIAN_POINT('Ctrl Pts',(-239.8,114.910311484186,3.52306025612462));
#533=CARTESIAN_POINT('Ctrl Pts',(-239.8,114.822458250529,3.54212749078458));
#534=CARTESIAN_POINT('Ctrl Pts',(-239.8,114.735076862358,3.56123099410125));
#535=CARTESIAN_POINT('Ctrl Pts',(-239.8,114.647999780099,3.58041353054509));
#536=CARTESIAN_POINT('Ctrl Pts',(-239.8,114.554843317635,3.60093531641378));
#537=CARTESIAN_POINT('Ctrl Pts',(-239.8,114.46203482461,3.62154764589644));
#538=CARTESIAN_POINT('Ctrl Pts',(-239.8,114.369304855638,3.64230617816484));
#539=CARTESIAN_POINT('Ctrl Pts',(-239.8,114.26564045943,3.66551249148106));
#540=CARTESIAN_POINT('Ctrl Pts',(-239.8,114.162073535371,3.68890171199325));
#541=CARTESIAN_POINT('Ctrl Pts',(-239.8,114.058156569656,3.71255337423193));
#542=CARTESIAN_POINT('Ctrl Pts',(-239.8,113.926605078846,3.74249469715448));
#543=CARTESIAN_POINT('Ctrl Pts',(-239.8,113.79449055488,3.77285739679391));
#544=CARTESIAN_POINT('Ctrl Pts',(-239.8,113.660814184694,3.80379762743164));
#545=CARTESIAN_POINT('Ctrl Pts',(-239.8,113.526202931817,3.83495424250635));
#546=CARTESIAN_POINT('Ctrl Pts',(-239.8,113.390000974707,3.86669733771069));
#547=CARTESIAN_POINT('Ctrl Pts',(-239.8,113.251185954993,3.89916846617775));
#548=CARTESIAN_POINT('Ctrl Pts',(-239.8,113.145944864149,3.92378609752515));
#549=CARTESIAN_POINT('Ctrl Pts',(-239.8,113.039201027579,3.94882191024541));
#550=CARTESIAN_POINT('Ctrl Pts',(-239.8,112.930545182437,3.97432629593246));
#551=CARTESIAN_POINT('Ctrl Pts',(-239.8,112.833047786041,3.99721150010979));
#552=CARTESIAN_POINT('Ctrl Pts',(-239.8,112.734010385896,4.02047396439669));
#553=CARTESIAN_POINT('Ctrl Pts',(-239.8,112.633179036472,4.04414100206598));
#554=CARTESIAN_POINT('Ctrl Pts',(-239.8,112.538993940219,4.0662480375626));
#555=CARTESIAN_POINT('Ctrl Pts',(-239.8,112.443243227521,4.0887080775002));
#556=CARTESIAN_POINT('Ctrl Pts',(-239.8,112.345764616848,4.11153498335334));
#557=CARTESIAN_POINT('Ctrl Pts',(-239.8,112.252323906024,4.13341632013178));
#558=CARTESIAN_POINT('Ctrl Pts',(-239.8,112.157295239158,4.15563476732169));
#559=CARTESIAN_POINT('Ctrl Pts',(-239.8,112.06058286458,4.17819435853267));
#560=CARTESIAN_POINT('Ctrl Pts',(-239.8,111.966944520552,4.20003688666975));
#561=CARTESIAN_POINT('Ctrl Pts',(-239.8,111.8717276253,4.22219922315178));
#562=CARTESIAN_POINT('Ctrl Pts',(-239.8,111.774893353238,4.24467710338374));
#563=CARTESIAN_POINT('Ctrl Pts',(-239.8,111.68030864135,4.26663279923746));
#564=CARTESIAN_POINT('Ctrl Pts',(-239.8,111.584180639811,4.288889560401));
#565=CARTESIAN_POINT('Ctrl Pts',(-239.8,111.486522532234,4.31143557536206));
#566=CARTESIAN_POINT('Ctrl Pts',(-239.8,111.38658537975,4.33450774613177));
#567=CARTESIAN_POINT('Ctrl Pts',(-239.8,111.285045979747,4.35788280475305));
#568=CARTESIAN_POINT('Ctrl Pts',(-239.8,111.181973230768,4.38153960574776));
#569=CARTESIAN_POINT('Ctrl Pts',(-239.8,111.074637823564,4.40617475318565));
#570=CARTESIAN_POINT('Ctrl Pts',(-239.8,110.965639862384,4.43111538418206));
#571=CARTESIAN_POINT('Ctrl Pts',(-239.8,110.855112678737,4.45632911264974));
#572=CARTESIAN_POINT('Ctrl Pts',(-239.8,110.735771383095,4.48355353766447));
#573=CARTESIAN_POINT('Ctrl Pts',(-239.8,110.614647331476,4.51109632867657));
#574=CARTESIAN_POINT('Ctrl Pts',(-239.8,110.491969650992,4.5389074709805));
#575=CARTESIAN_POINT('Ctrl Pts',(-239.8,110.361527734431,4.56847877270028));
#576=CARTESIAN_POINT('Ctrl Pts',(-239.8,110.229329680611,4.59835339204442));
#577=CARTESIAN_POINT('Ctrl Pts',(-239.8,110.095713630658,4.62846199587918));
#578=CARTESIAN_POINT('Ctrl Pts',(-239.8,109.949949079069,4.66130810335253));
#579=CARTESIAN_POINT('Ctrl Pts',(-239.8,109.802497504079,4.69443255843344));
#580=CARTESIAN_POINT('Ctrl Pts',(-239.8,109.653863530406,4.72773619735548));
#581=CARTESIAN_POINT('Ctrl Pts',(-239.8,109.474367301513,4.76795498076829));
#582=CARTESIAN_POINT('Ctrl Pts',(-239.8,109.293147697191,4.80843480342969));
#583=CARTESIAN_POINT('Ctrl Pts',(-239.8,109.111175739854,4.84899102829636));
#584=CARTESIAN_POINT('Ctrl Pts',(-239.8,108.914904386578,4.89273417012352));
#585=CARTESIAN_POINT('Ctrl Pts',(-239.8,108.717763326435,4.93656520466946));
#586=CARTESIAN_POINT('Ctrl Pts',(-239.8,108.521002669847,4.98025252390346));
#587=CARTESIAN_POINT('Ctrl Pts',(-239.8,108.367370206543,5.01436396968445));
#588=CARTESIAN_POINT('Ctrl Pts',(-239.8,108.213971371133,5.04838762067812));
#589=CARTESIAN_POINT('Ctrl Pts',(-239.8,108.061376802539,5.08221967637961));
#590=CARTESIAN_POINT('Ctrl Pts',(-239.8,107.923176454491,5.11286035983379));
#591=CARTESIAN_POINT('Ctrl Pts',(-239.8,107.785636525632,5.14334379224291));
#592=CARTESIAN_POINT('Ctrl Pts',(-239.8,107.649144155908,5.17360049497661));
#593=CARTESIAN_POINT('Ctrl Pts',(-239.8,107.520897295961,5.20202938902978));
#594=CARTESIAN_POINT('Ctrl Pts',(-239.8,107.393575707578,5.23025805527156));
#595=CARTESIAN_POINT('Ctrl Pts',(-239.8,107.267458221671,5.25823707816481));
#596=CARTESIAN_POINT('Ctrl Pts',(-239.8,107.147056177394,5.28494813673845));
#597=CARTESIAN_POINT('Ctrl Pts',(-239.8,107.027751894434,5.31143161987989));
#598=CARTESIAN_POINT('Ctrl Pts',(-239.8,106.909742781913,5.3376530312554));
#599=CARTESIAN_POINT('Ctrl Pts',(-239.8,106.796196466593,5.36288281716422));
#600=CARTESIAN_POINT('Ctrl Pts',(-239.8,106.683849462794,5.38786994199358));
#601=CARTESIAN_POINT('Ctrl Pts',(-239.8,106.572830694195,5.41259232605627));
#602=CARTESIAN_POINT('Ctrl Pts',(-239.8,106.460252748881,5.4376619177675));
#603=CARTESIAN_POINT('Ctrl Pts',(-239.8,106.349041402606,5.46245914481171));
#604=CARTESIAN_POINT('Ctrl Pts',(-239.8,106.239273631576,5.48697142314674));
#605=CARTESIAN_POINT('Ctrl Pts',(-239.8,106.139727865761,5.50920102201559));
#606=CARTESIAN_POINT('Ctrl Pts',(-239.8,106.041368997766,5.53119633755701));
#607=CARTESIAN_POINT('Ctrl Pts',(-239.8,105.944206209431,5.55295665450025));
#608=CARTESIAN_POINT('Ctrl Pts',(-239.8,105.848517988936,5.57438673119313));
#609=CARTESIAN_POINT('Ctrl Pts',(-239.8,105.753990065696,5.59558884784959));
#610=CARTESIAN_POINT('Ctrl Pts',(-239.8,105.660581640092,5.61657116450944));
#611=CARTESIAN_POINT('Ctrl Pts',(-239.8,105.564875542199,5.6380696068532));
#612=CARTESIAN_POINT('Ctrl Pts',(-239.8,105.470344585918,5.65933732390541));
#613=CARTESIAN_POINT('Ctrl Pts',(-239.8,105.376890529042,5.68039274708853));
#614=CARTESIAN_POINT('Ctrl Pts',(-239.8,105.347791765163,5.68694876838982));
#615=CARTESIAN_POINT('Ctrl Pts',(-239.8,105.318797028457,5.69348427485136));
#616=CARTESIAN_POINT('Ctrl Pts',(-239.8,105.289902353694,5.7));
#617=CARTESIAN_POINT('',(-239.8,106.290445247433,-0.502740050199392));
#618=CARTESIAN_POINT('Ctrl Pts',(-239.8,106.290445247433,-0.502740050199392));
#619=CARTESIAN_POINT('Ctrl Pts',(-239.8,106.437357640662,-0.494906977326746));
#620=CARTESIAN_POINT('Ctrl Pts',(-239.8,106.585584725109,-0.487268450218026));
#621=CARTESIAN_POINT('Ctrl Pts',(-239.8,106.735525033075,-0.479846381551948));
#622=CARTESIAN_POINT('Ctrl Pts',(-239.8,106.870002060089,-0.473189747708475));
#623=CARTESIAN_POINT('Ctrl Pts',(-239.8,107.00585776062,-0.466707314712874));
#624=CARTESIAN_POINT('Ctrl Pts',(-239.8,107.143340875767,-0.46041362176121));
#625=CARTESIAN_POINT('Ctrl Pts',(-239.8,107.271278322092,-0.454556909805552));
#626=CARTESIAN_POINT('Ctrl Pts',(-239.8,107.400625377283,-0.448863685072853));
#627=CARTESIAN_POINT('Ctrl Pts',(-239.8,107.53154087679,-0.443343636866673));
#628=CARTESIAN_POINT('Ctrl Pts',(-239.8,107.654443077874,-0.438161469154033));
#629=CARTESIAN_POINT('Ctrl Pts',(-239.8,107.778727888847,-0.433131962441856));
#630=CARTESIAN_POINT('Ctrl Pts',(-239.8,107.904484657029,-0.428260743768628));
#631=CARTESIAN_POINT('Ctrl Pts',(-239.8,108.026689342849,-0.423527115860349));
#632=CARTESIAN_POINT('Ctrl Pts',(-239.8,108.150284478375,-0.418943002810896));
#633=CARTESIAN_POINT('Ctrl Pts',(-239.8,108.275304939702,-0.414510641760126));
#634=CARTESIAN_POINT('Ctrl Pts',(-239.8,108.39837195632,-0.410147536350775));
#635=CARTESIAN_POINT('Ctrl Pts',(-239.8,108.522820457696,-0.405931509192641));
#636=CARTESIAN_POINT('Ctrl Pts',(-239.8,108.648630742634,-0.401861231256639));
#637=CARTESIAN_POINT('Ctrl Pts',(-239.8,108.774338745484,-0.397794262402456));
#638=CARTESIAN_POINT('Ctrl Pts',(-239.8,108.901406176193,-0.393872798375183));
#639=CARTESIAN_POINT('Ctrl Pts',(-239.8,109.029759268776,-0.390091909419621));
#640=CARTESIAN_POINT('Ctrl Pts',(-239.8,109.161088719061,-0.386223346082878));
#641=CARTESIAN_POINT('Ctrl Pts',(-239.8,109.293764205682,-0.38250195892619));
#642=CARTESIAN_POINT('Ctrl Pts',(-239.8,109.427650386831,-0.378918684430605));
#643=CARTESIAN_POINT('Ctrl Pts',(-239.8,109.569142649644,-0.375131843904498));
#644=CARTESIAN_POINT('Ctrl Pts',(-239.8,109.711986856406,-0.371499237061144));
#645=CARTESIAN_POINT('Ctrl Pts',(-239.8,109.855960670752,-0.368005954302954));
#646=CARTESIAN_POINT('Ctrl Pts',(-239.8,110.011895328137,-0.364222461780219));
#647=CARTESIAN_POINT('Ctrl Pts',(-239.8,110.169154611478,-0.360602366499708));
#648=CARTESIAN_POINT('Ctrl Pts',(-239.8,110.327390017531,-0.357122356338758));
#649=CARTESIAN_POINT('Ctrl Pts',(-239.8,110.502679956937,-0.353267272413714));
#650=CARTESIAN_POINT('Ctrl Pts',(-239.8,110.67916709329,-0.349584042987758));
#651=CARTESIAN_POINT('Ctrl Pts',(-239.8,110.856309514004,-0.34603661288013));
#652=CARTESIAN_POINT('Ctrl Pts',(-239.8,111.070886182917,-0.341739529591863));
#653=CARTESIAN_POINT('Ctrl Pts',(-239.8,111.286423121652,-0.337641596767294));
#654=CARTESIAN_POINT('Ctrl Pts',(-239.8,111.501874143469,-0.33367374357743));
#655=CARTESIAN_POINT('Ctrl Pts',(-239.8,111.741391656279,-0.329262669918013));
#656=CARTESIAN_POINT('Ctrl Pts',(-239.8,111.980795241854,-0.325011789322708));
#657=CARTESIAN_POINT('Ctrl Pts',(-239.8,112.218625488222,-0.320825981862341));
#658=CARTESIAN_POINT('Ctrl Pts',(-239.8,112.393406403089,-0.317749841343811));
#659=CARTESIAN_POINT('Ctrl Pts',(-239.8,112.567336475653,-0.314708795830262));
#660=CARTESIAN_POINT('Ctrl Pts',(-239.8,112.739872351989,-0.311668116641036));
#661=CARTESIAN_POINT('Ctrl Pts',(-239.8,112.896090639736,-0.308915009828596));
#662=CARTESIAN_POINT('Ctrl Pts',(-239.8,113.051165496997,-0.306162176577737));
#663=CARTESIAN_POINT('Ctrl Pts',(-239.8,113.204736052774,-0.303387108120181));
#664=CARTESIAN_POINT('Ctrl Pts',(-239.8,113.34696445154,-0.300816996022917));
#665=CARTESIAN_POINT('Ctrl Pts',(-239.8,113.487902240379,-0.298227793035304));
#666=CARTESIAN_POINT('Ctrl Pts',(-239.8,113.627305991467,-0.295604852086556));
#667=CARTESIAN_POINT('Ctrl Pts',(-239.8,113.758250452205,-0.293141076288563));
#668=CARTESIAN_POINT('Ctrl Pts',(-239.8,113.887841076704,-0.290647509831511));
#669=CARTESIAN_POINT('Ctrl Pts',(-239.8,114.015920681121,-0.288115312570607));
#670=CARTESIAN_POINT('Ctrl Pts',(-239.8,114.139632792994,-0.285669462802016));
#671=CARTESIAN_POINT('Ctrl Pts',(-239.8,114.261934829577,-0.283187547032877));
#672=CARTESIAN_POINT('Ctrl Pts',(-239.8,114.382733156344,-0.280665138971953));
#673=CARTESIAN_POINT('Ctrl Pts',(-239.8,114.503547143589,-0.278142403902205));
#674=CARTESIAN_POINT('Ctrl Pts',(-239.8,114.622857011246,-0.275579170171749));
#675=CARTESIAN_POINT('Ctrl Pts',(-239.8,114.740621388185,-0.272974820696414));
#676=CARTESIAN_POINT('Ctrl Pts',(-239.8,114.85890774784,-0.270358927616391));
#677=CARTESIAN_POINT('Ctrl Pts',(-239.8,114.975634893895,-0.26770156041567));
#678=CARTESIAN_POINT('Ctrl Pts',(-239.8,115.090813552836,-0.265005838274037));
#679=CARTESIAN_POINT('Ctrl Pts',(-239.8,115.209409551221,-0.262230134322489));
#680=CARTESIAN_POINT('Ctrl Pts',(-239.8,115.326363829435,-0.259413776853347));
#681=CARTESIAN_POINT('Ctrl Pts',(-239.8,115.441744753257,-0.256564083543556));
#682=CARTESIAN_POINT('Ctrl Pts',(-239.8,115.563497799191,-0.253557010719436));
#683=CARTESIAN_POINT('Ctrl Pts',(-239.8,115.683499215552,-0.250512859633931));
#684=CARTESIAN_POINT('Ctrl Pts',(-239.8,115.801888508475,-0.247444068868258));
#685=CARTESIAN_POINT('Ctrl Pts',(-239.8,115.928592178032,-0.244159759607574));
#686=CARTESIAN_POINT('Ctrl Pts',(-239.8,116.053449782885,-0.240847291327289));
#687=CARTESIAN_POINT('Ctrl Pts',(-239.8,116.17669249785,-0.23752537267158));
#688=CARTESIAN_POINT('Ctrl Pts',(-239.8,116.310256763485,-0.233925244048354));
#689=CARTESIAN_POINT('Ctrl Pts',(-239.8,116.441924814044,-0.230314103560599));
#690=CARTESIAN_POINT('Ctrl Pts',(-239.8,116.5720518752,-0.226718493854596));
#691=CARTESIAN_POINT('Ctrl Pts',(-239.8,116.723573282002,-0.222531725659543));
#692=CARTESIAN_POINT('Ctrl Pts',(-239.8,116.873006144556,-0.218366221738261));
#693=CARTESIAN_POINT('Ctrl Pts',(-239.8,117.020981907612,-0.214265118418417));
#694=CARTESIAN_POINT('Ctrl Pts',(-239.8,117.225288193415,-0.208602831773163));
#695=CARTESIAN_POINT('Ctrl Pts',(-239.8,117.426823566516,-0.203064726597181));
#696=CARTESIAN_POINT('Ctrl Pts',(-239.8,117.62732880139,-0.197753804466948));
#697=CARTESIAN_POINT('Ctrl Pts',(-239.8,117.755406547701,-0.194361319788445));
#698=CARTESIAN_POINT('Ctrl Pts',(-239.8,117.883065723682,-0.191061296970129));
#699=CARTESIAN_POINT('Ctrl Pts',(-239.8,118.010736266299,-0.187873951142736));
#700=CARTESIAN_POINT('Ctrl Pts',(-239.8,118.128665475458,-0.184929801575933));
#701=CARTESIAN_POINT('Ctrl Pts',(-239.8,118.246605332008,-0.18208185045683));
#702=CARTESIAN_POINT('Ctrl Pts',(-239.8,118.364855086249,-0.179339578490514));
#703=CARTESIAN_POINT('Ctrl Pts',(-239.8,118.48077852244,-0.176651255023399));
#704=CARTESIAN_POINT('Ctrl Pts',(-239.8,118.596999970659,-0.174064469148868));
#705=CARTESIAN_POINT('Ctrl Pts',(-239.8,118.71375272711,-0.171581295479888));
#706=CARTESIAN_POINT('Ctrl Pts',(-239.8,118.830290747362,-0.169102688960245));
#707=CARTESIAN_POINT('Ctrl Pts',(-239.8,118.947358311736,-0.166727291643229));
#708=CARTESIAN_POINT('Ctrl Pts',(-239.8,119.065136000115,-0.164450654930541));
#709=CARTESIAN_POINT('Ctrl Pts',(-239.8,119.185785829672,-0.162118499875278));
#710=CARTESIAN_POINT('Ctrl Pts',(-239.8,119.307180794882,-0.159889918099946));
#711=CARTESIAN_POINT('Ctrl Pts',(-239.8,119.429458583411,-0.157753762404289));
#712=CARTESIAN_POINT('Ctrl Pts',(-239.8,119.555419354185,-0.155553266131389));
#713=CARTESIAN_POINT('Ctrl Pts',(-239.8,119.682316729875,-0.153450749698815));
#714=CARTESIAN_POINT('Ctrl Pts',(-239.8,119.810244387522,-0.151428657357839));
#715=CARTESIAN_POINT('Ctrl Pts',(-239.8,119.941039431542,-0.149361241588509));
#716=CARTESIAN_POINT('Ctrl Pts',(-239.8,120.072911304393,-0.147377790853996));
#717=CARTESIAN_POINT('Ctrl Pts',(-239.8,120.205904891539,-0.145455635037104));
#718=CARTESIAN_POINT('Ctrl Pts',(-239.8,120.341927233061,-0.143489704644561));
#719=CARTESIAN_POINT('Ctrl Pts',(-239.8,120.479122851225,-0.14158777840676));
#720=CARTESIAN_POINT('Ctrl Pts',(-239.8,120.617484413,-0.139723214752479));
#721=CARTESIAN_POINT('Ctrl Pts',(-239.8,120.760298178742,-0.137798653093037));
#722=CARTESIAN_POINT('Ctrl Pts',(-239.8,120.904353959157,-0.135913755754586));
#723=CARTESIAN_POINT('Ctrl Pts',(-239.8,121.049587195888,-0.134038681187782));
#724=CARTESIAN_POINT('Ctrl Pts',(-239.8,121.200495203359,-0.132090340896648));
#725=CARTESIAN_POINT('Ctrl Pts',(-239.8,121.352674236414,-0.13015241918405));
#726=CARTESIAN_POINT('Ctrl Pts',(-239.8,121.505995082267,-0.128193417004047));
#727=CARTESIAN_POINT('Ctrl Pts',(-239.8,121.665794453126,-0.12615163779174));
#728=CARTESIAN_POINT('Ctrl Pts',(-239.8,121.826833883147,-0.12408666505683));
#729=CARTESIAN_POINT('Ctrl Pts',(-239.8,121.988910741381,-0.121968644117182));
#730=CARTESIAN_POINT('Ctrl Pts',(-239.8,122.15906075304,-0.119745123180873));
#731=CARTESIAN_POINT('Ctrl Pts',(-239.8,122.330353730846,-0.117462756503047));
#732=CARTESIAN_POINT('Ctrl Pts',(-239.8,122.50249953331,-0.115098803257509));
#733=CARTESIAN_POINT('Ctrl Pts',(-239.8,122.69424528392,-0.112465698162965));
#734=CARTESIAN_POINT('Ctrl Pts',(-239.8,122.887048916145,-0.109731042899825));
#735=CARTESIAN_POINT('Ctrl Pts',(-239.8,123.080445826167,-0.106883823382521));
#736=CARTESIAN_POINT('Ctrl Pts',(-239.8,123.297928216172,-0.103682013666814));
#737=CARTESIAN_POINT('Ctrl Pts',(-239.8,123.516159954319,-0.100337667108595));
#738=CARTESIAN_POINT('Ctrl Pts',(-239.8,123.73441261173,-0.096865229376342));
#739=CARTESIAN_POINT('Ctrl Pts',(-239.8,124.011473008537,-0.0924571502839822));
#740=CARTESIAN_POINT('Ctrl Pts',(-239.8,124.288563815714,-0.0878421977875588));
#741=CARTESIAN_POINT('Ctrl Pts',(-239.8,124.564119959612,-0.0831026432124435));
#742=CARTESIAN_POINT('Ctrl Pts',(-239.8,124.799741346775,-0.0790499648445386));
#743=CARTESIAN_POINT('Ctrl Pts',(-239.8,125.034236163019,-0.0749077110576686));
#744=CARTESIAN_POINT('Ctrl Pts',(-239.8,125.266643704274,-0.0707480606283224));
#745=CARTESIAN_POINT('Ctrl Pts',(-239.8,125.46313578378,-0.0672312282636505));
#746=CARTESIAN_POINT('Ctrl Pts',(-239.8,125.658135080556,-0.0637025307303435));
#747=CARTESIAN_POINT('Ctrl Pts',(-239.8,125.85110138154,-0.0602098412801176));
#748=CARTESIAN_POINT('Ctrl Pts',(-239.8,126.024981993625,-0.0570626027398658));
#749=CARTESIAN_POINT('Ctrl Pts',(-239.8,126.197211346173,-0.0539448456170851));
#750=CARTESIAN_POINT('Ctrl Pts',(-239.8,126.367438130931,-0.0508905005503247));
#751=CARTESIAN_POINT('Ctrl Pts',(-239.8,126.529202954188,-0.0479879867620716));
#752=CARTESIAN_POINT('Ctrl Pts',(-239.8,126.689159031709,-0.0451428614651587));
#753=CARTESIAN_POINT('Ctrl Pts',(-239.8,126.847053629862,-0.0423806097933591));
#754=CARTESIAN_POINT('Ctrl Pts',(-239.8,127.0034072195,-0.0396453169497634));
#755=CARTESIAN_POINT('Ctrl Pts',(-239.8,127.157739203132,-0.0369913545478518));
#756=CARTESIAN_POINT('Ctrl Pts',(-239.8,127.309856150495,-0.034438570599174));
#757=CARTESIAN_POINT('Ctrl Pts',(-239.8,127.467728330536,-0.031789203949797));
#758=CARTESIAN_POINT('Ctrl Pts',(-239.8,127.623214811513,-0.0292488120873484));
#759=CARTESIAN_POINT('Ctrl Pts',(-239.8,127.776158420788,-0.0268334498096022));
#760=CARTESIAN_POINT('Ctrl Pts',(-239.8,127.937118910311,-0.024291480933343));
#761=CARTESIAN_POINT('Ctrl Pts',(-239.8,128.095263409921,-0.0218879341344121));
#762=CARTESIAN_POINT('Ctrl Pts',(-239.8,128.250467619919,-0.0196355060250874));
#763=CARTESIAN_POINT('Ctrl Pts',(-239.8,128.419721144347,-0.0171791847949548));
#764=CARTESIAN_POINT('Ctrl Pts',(-239.8,128.585478038501,-0.0149025794584826));
#765=CARTESIAN_POINT('Ctrl Pts',(-239.8,128.747641593208,-0.0128156264197489));
#766=CARTESIAN_POINT('Ctrl Pts',(-239.8,128.923215306347,-0.0105560922425365));
#767=CARTESIAN_POINT('Ctrl Pts',(-239.8,129.094577575216,-0.00851879670952688));
#768=CARTESIAN_POINT('Ctrl Pts',(-239.8,129.261672145689,-0.00670950814428927));
#769=CARTESIAN_POINT('Ctrl Pts',(-239.8,129.472394999543,-0.00442781551458163));
#770=CARTESIAN_POINT('Ctrl Pts',(-239.8,129.676331855512,-0.00250860815783935));
#771=CARTESIAN_POINT('Ctrl Pts',(-239.8,129.873458853619,-0.000954367047058425));
#772=CARTESIAN_POINT('Ctrl Pts',(-239.8,129.915955522515,-0.000619303506785302));
#773=CARTESIAN_POINT('Ctrl Pts',(-239.8,129.958135905733,-0.000301181059188853));
#774=CARTESIAN_POINT('Ctrl Pts',(-239.8,130.,0.));
#775=CARTESIAN_POINT('',(-239.8,103.290445247433,-0.292672184800178));
#776=CARTESIAN_POINT('',(-239.8,84.0991677313198,1.05115138256445));
#777=CARTESIAN_POINT('Origin',(-239.8,103.5,2.7));
#778=CARTESIAN_POINT('',(-239.8,102.475,2.7));
#779=CARTESIAN_POINT('Origin',(-239.8,103.5,2.7));
#780=CARTESIAN_POINT('Origin',(0.,103.5,2.7));
#781=CARTESIAN_POINT('',(-136.,103.5,5.7));
#782=CARTESIAN_POINT('',(-136.,103.290445247433,-0.292672184800177));
#783=CARTESIAN_POINT('Origin',(-136.,103.5,2.7));
#784=CARTESIAN_POINT('',(0.,103.5,5.7));
#785=CARTESIAN_POINT('',(0.,103.290445247433,-0.292672184800177));
#786=CARTESIAN_POINT('Origin',(0.,103.290445247433,-0.292672184800177));
#787=CARTESIAN_POINT('',(-136.,106.290445247433,-0.502740050199391));
#788=CARTESIAN_POINT('',(-136.,84.1018773580746,1.05096164739498));
#789=CARTESIAN_POINT('Ctrl Pts',(-136.,106.290445247433,-0.502740050199391));
#790=CARTESIAN_POINT('Ctrl Pts',(-170.6,106.290445247433,-0.502740050199391));
#791=CARTESIAN_POINT('Ctrl Pts',(-205.200000000001,106.290445247433,-0.502740050199392));
#792=CARTESIAN_POINT('Ctrl Pts',(-239.800000000001,106.290445247433,-0.502740050199392));
#793=CARTESIAN_POINT('Origin',(0.,103.5,2.7));
#794=CARTESIAN_POINT('',(-136.,102.475,2.7));
#795=CARTESIAN_POINT('Origin',(-136.,103.5,2.7));
#796=CARTESIAN_POINT('',(0.,102.475,2.7));
#797=CARTESIAN_POINT('Ctrl Pts',(0.,130.,0.));
#798=CARTESIAN_POINT('Ctrl Pts',(-250.,130.,0.));
#799=CARTESIAN_POINT('Ctrl Pts',(0.,129.878728014518,-0.000872461847726082));
#800=CARTESIAN_POINT('Ctrl Pts',(-250.,129.878728014518,-0.000872461847726082));
#801=CARTESIAN_POINT('Ctrl Pts',(0.,129.631760520356,-0.00285432130261172));
#802=CARTESIAN_POINT('Ctrl Pts',(-250.,129.631760520356,-0.00285432130261172));
#803=CARTESIAN_POINT('Ctrl Pts',(0.,129.248038460525,-0.0065379593186583));
#804=CARTESIAN_POINT('Ctrl Pts',(-250.,129.248038460525,-0.0065379593186583));
#805=CARTESIAN_POINT('Ctrl Pts',(0.,128.709867881344,-0.0128709044516372));
#806=CARTESIAN_POINT('Ctrl Pts',(-250.,128.709867881344,-0.0128709044516372));
#807=CARTESIAN_POINT('Ctrl Pts',(0.,127.993540234265,-0.0230927623473763));
#808=CARTESIAN_POINT('Ctrl Pts',(-250.,127.993540234265,-0.0230927623473763));
#809=CARTESIAN_POINT('Ctrl Pts',(0.,127.235517974636,-0.035422554345077));
#810=CARTESIAN_POINT('Ctrl Pts',(-250.,127.235517974636,-0.035422554345077));
#811=CARTESIAN_POINT('Ctrl Pts',(0.,126.439582426227,-0.0494759813961156));
#812=CARTESIAN_POINT('Ctrl Pts',(-250.,126.439582426227,-0.0494759813961156));
#813=CARTESIAN_POINT('Ctrl Pts',(0.,125.6122153294,-0.0645839853853857));
#814=CARTESIAN_POINT('Ctrl Pts',(-250.,125.6122153294,-0.0645839853853857));
#815=CARTESIAN_POINT('Ctrl Pts',(0.,124.762283897689,-0.0798848997425986));
#816=CARTESIAN_POINT('Ctrl Pts',(-250.,124.762283897689,-0.0798848997425986));
#817=CARTESIAN_POINT('Ctrl Pts',(0.,123.899968713395,-0.0945345260191098));
#818=CARTESIAN_POINT('Ctrl Pts',(-250.,123.899968713395,-0.0945345260191098));
#819=CARTESIAN_POINT('Ctrl Pts',(0.,123.035921967274,-0.107891407876439));
#820=CARTESIAN_POINT('Ctrl Pts',(-250.,123.035921967274,-0.107891407876439));
#821=CARTESIAN_POINT('Ctrl Pts',(0.,122.180322869939,-0.119689365131831));
#822=CARTESIAN_POINT('Ctrl Pts',(-250.,122.180322869939,-0.119689365131831));
#823=CARTESIAN_POINT('Ctrl Pts',(0.,121.341995760198,-0.130270921704765));
#824=CARTESIAN_POINT('Ctrl Pts',(-250.,121.341995760198,-0.130270921704765));
#825=CARTESIAN_POINT('Ctrl Pts',(0.,120.527447032151,-0.140610074959203));
#826=CARTESIAN_POINT('Ctrl Pts',(-250.,120.527447032151,-0.140610074959203));
#827=CARTESIAN_POINT('Ctrl Pts',(0.,119.739885819145,-0.151922558235033));
#828=CARTESIAN_POINT('Ctrl Pts',(-250.,119.739885819145,-0.151922558235033));
#829=CARTESIAN_POINT('Ctrl Pts',(0.,118.978127981961,-0.165348251227565));
#830=CARTESIAN_POINT('Ctrl Pts',(-250.,118.978127981961,-0.165348251227565));
#831=CARTESIAN_POINT('Ctrl Pts',(0.,118.235796333118,-0.181639069367227));
#832=CARTESIAN_POINT('Ctrl Pts',(-250.,118.235796333118,-0.181639069367227));
#833=CARTESIAN_POINT('Ctrl Pts',(0.,117.499792788457,-0.200762114365724));
#834=CARTESIAN_POINT('Ctrl Pts',(-250.,117.499792788457,-0.200762114365724));
#835=CARTESIAN_POINT('Ctrl Pts',(0.,116.751122103834,-0.221819889874964));
#836=CARTESIAN_POINT('Ctrl Pts',(-250.,116.751122103834,-0.221819889874964));
#837=CARTESIAN_POINT('Ctrl Pts',(0.,115.969709574293,-0.243532976834158));
#838=CARTESIAN_POINT('Ctrl Pts',(-250.,115.969709574293,-0.243532976834158));
#839=CARTESIAN_POINT('Ctrl Pts',(0.,115.138542485807,-0.264613981225203));
#840=CARTESIAN_POINT('Ctrl Pts',(-250.,115.138542485807,-0.264613981225203));
#841=CARTESIAN_POINT('Ctrl Pts',(0.,114.247618013152,-0.284147093366765));
#842=CARTESIAN_POINT('Ctrl Pts',(-250.,114.247618013152,-0.284147093366765));
#843=CARTESIAN_POINT('Ctrl Pts',(0.,113.299104561074,-0.302057591486149));
#844=CARTESIAN_POINT('Ctrl Pts',(-250.,113.299104561074,-0.302057591486149));
#845=CARTESIAN_POINT('Ctrl Pts',(0.,112.307754950483,-0.319197280215507));
#846=CARTESIAN_POINT('Ctrl Pts',(-250.,112.307754950483,-0.319197280215507));
#847=CARTESIAN_POINT('Ctrl Pts',(0.,111.295371300684,-0.336942493381009));
#848=CARTESIAN_POINT('Ctrl Pts',(-250.,111.295371300684,-0.336942493381009));
#849=CARTESIAN_POINT('Ctrl Pts',(0.,110.286883059207,-0.35692408447027));
#850=CARTESIAN_POINT('Ctrl Pts',(-250.,110.286883059207,-0.35692408447027));
#851=CARTESIAN_POINT('Ctrl Pts',(0.,109.305589336158,-0.380690034459048));
#852=CARTESIAN_POINT('Ctrl Pts',(-250.,109.305589336158,-0.380690034459048));
#853=CARTESIAN_POINT('Ctrl Pts',(0.,108.369176739707,-0.409428748429311));
#854=CARTESIAN_POINT('Ctrl Pts',(-250.,108.369176739707,-0.409428748429311));
#855=CARTESIAN_POINT('Ctrl Pts',(0.,107.484382483461,-0.443588458345129));
#856=CARTESIAN_POINT('Ctrl Pts',(-250.,107.484382483461,-0.443588458345129));
#857=CARTESIAN_POINT('Ctrl Pts',(0.,106.645874445115,-0.482817993670017));
#858=CARTESIAN_POINT('Ctrl Pts',(-250.,106.645874445115,-0.482817993670017));
#859=CARTESIAN_POINT('Ctrl Pts',(0.,105.84117232653,-0.526365240996355));
#860=CARTESIAN_POINT('Ctrl Pts',(-250.,105.84117232653,-0.526365240996355));
#861=CARTESIAN_POINT('Ctrl Pts',(0.,105.054201915101,-0.573374859963202));
#862=CARTESIAN_POINT('Ctrl Pts',(-250.,105.054201915101,-0.573374859963202));
#863=CARTESIAN_POINT('Ctrl Pts',(0.,104.269223888212,-0.623207357262217));
#864=CARTESIAN_POINT('Ctrl Pts',(-250.,104.269223888212,-0.623207357262217));
#865=CARTESIAN_POINT('Ctrl Pts',(0.,103.475019701241,-0.675794717206401));
#866=CARTESIAN_POINT('Ctrl Pts',(-250.,103.475019701241,-0.675794717206401));
#867=CARTESIAN_POINT('Ctrl Pts',(0.,102.667686555711,-0.731840413751897));
#868=CARTESIAN_POINT('Ctrl Pts',(-250.,102.667686555711,-0.731840413751897));
#869=CARTESIAN_POINT('Ctrl Pts',(0.,101.847703547872,-0.792397075112686));
#870=CARTESIAN_POINT('Ctrl Pts',(-250.,101.847703547872,-0.792397075112686));
#871=CARTESIAN_POINT('Ctrl Pts',(0.,101.017862570882,-0.858535781488808));
#872=CARTESIAN_POINT('Ctrl Pts',(-250.,101.017862570882,-0.858535781488808));
#873=CARTESIAN_POINT('Ctrl Pts',(0.,100.180919970099,-0.930989759002437));
#874=CARTESIAN_POINT('Ctrl Pts',(-250.,100.180919970099,-0.930989759002437));
#875=CARTESIAN_POINT('Ctrl Pts',(0.,99.3372288036659,-1.00978483125372));
#876=CARTESIAN_POINT('Ctrl Pts',(-250.,99.3372288036659,-1.00978483125372));
#877=CARTESIAN_POINT('Ctrl Pts',(0.,98.4827836762551,-1.09394573915027));
#878=CARTESIAN_POINT('Ctrl Pts',(-250.,98.4827836762551,-1.09394573915027));
#879=CARTESIAN_POINT('Ctrl Pts',(0.,97.6113112397963,-1.18190414095597));
#880=CARTESIAN_POINT('Ctrl Pts',(-250.,97.6113112397963,-1.18190414095597));
#881=CARTESIAN_POINT('Ctrl Pts',(0.,96.7159365563477,-1.27183340232799));
#882=CARTESIAN_POINT('Ctrl Pts',(-250.,96.7159365563477,-1.27183340232799));
#883=CARTESIAN_POINT('Ctrl Pts',(0.,95.7911016761113,-1.36202735008136));
#884=CARTESIAN_POINT('Ctrl Pts',(-250.,95.7911016761113,-1.36202735008136));
#885=CARTESIAN_POINT('Ctrl Pts',(0.,94.8341720328973,-1.45122375325268));
#886=CARTESIAN_POINT('Ctrl Pts',(-250.,94.8341720328973,-1.45122375325268));
#887=CARTESIAN_POINT('Ctrl Pts',(0.,93.8476911105971,-1.53904320394734));
#888=CARTESIAN_POINT('Ctrl Pts',(-250.,93.8476911105971,-1.53904320394734));
#889=CARTESIAN_POINT('Ctrl Pts',(0.,92.8390144843266,-1.62596091788567));
#890=CARTESIAN_POINT('Ctrl Pts',(-250.,92.8390144843266,-1.62596091788567));
#891=CARTESIAN_POINT('Ctrl Pts',(0.,91.8181928541736,-1.71296690514414));
#892=CARTESIAN_POINT('Ctrl Pts',(-250.,91.8181928541736,-1.71296690514414));
#893=CARTESIAN_POINT('Ctrl Pts',(0.,90.7964047623191,-1.80132314277266));
#894=CARTESIAN_POINT('Ctrl Pts',(-250.,90.7964047623191,-1.80132314277266));
#895=CARTESIAN_POINT('Ctrl Pts',(0.,89.7841023189625,-1.89227186048313));
#896=CARTESIAN_POINT('Ctrl Pts',(-250.,89.7841023189625,-1.89227186048313));
#897=CARTESIAN_POINT('Ctrl Pts',(0.,88.7894200415702,-1.98678549958598));
#898=CARTESIAN_POINT('Ctrl Pts',(-250.,88.7894200415702,-1.98678549958598));
#899=CARTESIAN_POINT('Ctrl Pts',(0.,87.8161296968025,-2.08524842697206));
#900=CARTESIAN_POINT('Ctrl Pts',(-250.,87.8161296968025,-2.08524842697206));
#901=CARTESIAN_POINT('Ctrl Pts',(0.,86.8629483135403,-2.18733901208136));
#902=CARTESIAN_POINT('Ctrl Pts',(-250.,86.8629483135403,-2.18733901208136));
#903=CARTESIAN_POINT('Ctrl Pts',(0.,85.9253532881963,-2.29228140350833));
#904=CARTESIAN_POINT('Ctrl Pts',(-250.,85.9253532881963,-2.29228140350833));
#905=CARTESIAN_POINT('Ctrl Pts',(0.,84.9968257200027,-2.39901342306949));
#906=CARTESIAN_POINT('Ctrl Pts',(-250.,84.9968257200027,-2.39901342306949));
#907=CARTESIAN_POINT('Ctrl Pts',(0.,84.0703709988877,-2.50639436859993));
#908=CARTESIAN_POINT('Ctrl Pts',(-250.,84.0703709988877,-2.50639436859993));
#909=CARTESIAN_POINT('Ctrl Pts',(0.,83.1398083026057,-2.61338100477579));
#910=CARTESIAN_POINT('Ctrl Pts',(-250.,83.1398083026057,-2.61338100477579));
#911=CARTESIAN_POINT('Ctrl Pts',(0.,82.2014350480679,-2.71925333075215));
#912=CARTESIAN_POINT('Ctrl Pts',(-250.,82.2014350480679,-2.71925333075215));
#913=CARTESIAN_POINT('Ctrl Pts',(0.,81.2545081648488,-2.82368511629903));
#914=CARTESIAN_POINT('Ctrl Pts',(-250.,81.2545081648488,-2.82368511629903));
#915=CARTESIAN_POINT('Ctrl Pts',(0.,80.3002554501066,-2.92662239415804));
#916=CARTESIAN_POINT('Ctrl Pts',(-250.,80.3002554501066,-2.92662239415804));
#917=CARTESIAN_POINT('Ctrl Pts',(0.,79.3412685592352,-3.02821135554456));
#918=CARTESIAN_POINT('Ctrl Pts',(-250.,79.3412685592352,-3.02821135554456));
#919=CARTESIAN_POINT('Ctrl Pts',(0.,78.3807188585986,-3.12870423845251));
#920=CARTESIAN_POINT('Ctrl Pts',(-250.,78.3807188585986,-3.12870423845251));
#921=CARTESIAN_POINT('Ctrl Pts',(0.,77.4217018048934,-3.2283793493277));
#922=CARTESIAN_POINT('Ctrl Pts',(-250.,77.4217018048934,-3.2283793493277));
#923=CARTESIAN_POINT('Ctrl Pts',(0.,76.4663962666289,-3.32744345441006));
#924=CARTESIAN_POINT('Ctrl Pts',(-250.,76.4663962666289,-3.32744345441006));
#925=CARTESIAN_POINT('Ctrl Pts',(0.,75.51582214302,-3.42598786821636));
#926=CARTESIAN_POINT('Ctrl Pts',(-250.,75.51582214302,-3.42598786821636));
#927=CARTESIAN_POINT('Ctrl Pts',(0.,74.5701575124154,-3.52399350423904));
#928=CARTESIAN_POINT('Ctrl Pts',(-250.,74.5701575124154,-3.52399350423904));
#929=CARTESIAN_POINT('Ctrl Pts',(0.,73.6289049786708,-3.62132358840626));
#930=CARTESIAN_POINT('Ctrl Pts',(-250.,73.6289049786708,-3.62132358840626));
#931=CARTESIAN_POINT('Ctrl Pts',(0.,72.6911157836531,-3.71771925504641));
#932=CARTESIAN_POINT('Ctrl Pts',(-250.,72.6911157836531,-3.71771925504641));
#933=CARTESIAN_POINT('Ctrl Pts',(0.,71.7555975599922,-3.81279880591874));
#934=CARTESIAN_POINT('Ctrl Pts',(-250.,71.7555975599922,-3.81279880591874));
#935=CARTESIAN_POINT('Ctrl Pts',(0.,70.8211075706406,-3.90604298621879));
#936=CARTESIAN_POINT('Ctrl Pts',(-250.,70.8211075706406,-3.90604298621879));
#937=CARTESIAN_POINT('Ctrl Pts',(0.,69.8866535449528,-3.99684337971006));
#938=CARTESIAN_POINT('Ctrl Pts',(-250.,69.8866535449528,-3.99684337971006));
#939=CARTESIAN_POINT('Ctrl Pts',(0.,68.9518807720421,-4.0845937535073));
#940=CARTESIAN_POINT('Ctrl Pts',(-250.,68.9518807720421,-4.0845937535073));
#941=CARTESIAN_POINT('Ctrl Pts',(0.,68.0174166091991,-4.16876657571805));
#942=CARTESIAN_POINT('Ctrl Pts',(-250.,68.0174166091991,-4.16876657571805));
#943=CARTESIAN_POINT('Ctrl Pts',(0.,67.0852693259853,-4.24899994622014));
#944=CARTESIAN_POINT('Ctrl Pts',(-250.,67.0852693259853,-4.24899994622014));
#945=CARTESIAN_POINT('Ctrl Pts',(0.,66.1591189532514,-4.3251701446717));
#946=CARTESIAN_POINT('Ctrl Pts',(-250.,66.1591189532514,-4.3251701446717));
#947=CARTESIAN_POINT('Ctrl Pts',(0.,65.2448751471203,-4.39749622318893));
#948=CARTESIAN_POINT('Ctrl Pts',(-250.,65.2448751471203,-4.39749622318893));
#949=CARTESIAN_POINT('Ctrl Pts',(0.,64.349580398383,-4.46644942350122));
#950=CARTESIAN_POINT('Ctrl Pts',(-250.,64.349580398383,-4.46644942350122));
#951=CARTESIAN_POINT('Ctrl Pts',(0.,63.4798946501054,-4.53261195228672));
#952=CARTESIAN_POINT('Ctrl Pts',(-250.,63.4798946501054,-4.53261195228672));
#953=CARTESIAN_POINT('Ctrl Pts',(0.,62.6406568975114,-4.59654797632349));
#954=CARTESIAN_POINT('Ctrl Pts',(-250.,62.6406568975114,-4.59654797632349));
#955=CARTESIAN_POINT('Ctrl Pts',(0.,61.8335576833023,-4.65868042893459));
#956=CARTESIAN_POINT('Ctrl Pts',(-250.,61.8335576833023,-4.65868042893459));
#957=CARTESIAN_POINT('Ctrl Pts',(0.,61.055418373265,-4.71913905415668));
#958=CARTESIAN_POINT('Ctrl Pts',(-250.,61.055418373265,-4.71913905415668));
#959=CARTESIAN_POINT('Ctrl Pts',(0.,60.2977588789512,-4.77770592987572));
#960=CARTESIAN_POINT('Ctrl Pts',(-250.,60.2977588789512,-4.77770592987572));
#961=CARTESIAN_POINT('Ctrl Pts',(0.,59.5493842155108,-4.83398952260043));
#962=CARTESIAN_POINT('Ctrl Pts',(-250.,59.5493842155108,-4.83398952260043));
#963=CARTESIAN_POINT('Ctrl Pts',(0.,58.7984467711429,-4.88756029682037));
#964=CARTESIAN_POINT('Ctrl Pts',(-250.,58.7984467711429,-4.88756029682037));
#965=CARTESIAN_POINT('Ctrl Pts',(0.,58.0345617887986,-4.93808714668893));
#966=CARTESIAN_POINT('Ctrl Pts',(-250.,58.0345617887986,-4.93808714668893));
#967=CARTESIAN_POINT('Ctrl Pts',(0.,57.2512790753849,-4.98550876426124));
#968=CARTESIAN_POINT('Ctrl Pts',(-250.,57.2512790753849,-4.98550876426124));
#969=CARTESIAN_POINT('Ctrl Pts',(0.,56.4468612594876,-5.030047617217));
#970=CARTESIAN_POINT('Ctrl Pts',(-250.,56.4468612594876,-5.030047617217));
#971=CARTESIAN_POINT('Ctrl Pts',(0.,55.6234041723727,-5.07207671118904));
#972=CARTESIAN_POINT('Ctrl Pts',(-250.,55.6234041723727,-5.07207671118904));
#973=CARTESIAN_POINT('Ctrl Pts',(0.,54.786474487305,-5.11202382787002));
#974=CARTESIAN_POINT('Ctrl Pts',(-250.,54.786474487305,-5.11202382787002));
#975=CARTESIAN_POINT('Ctrl Pts',(0.,53.9444175981143,-5.15026817668732));
#976=CARTESIAN_POINT('Ctrl Pts',(-250.,53.9444175981143,-5.15026817668732));
#977=CARTESIAN_POINT('Ctrl Pts',(0.,53.1080957981631,-5.18702141434439));
#978=CARTESIAN_POINT('Ctrl Pts',(-250.,53.1080957981631,-5.18702141434439));
#979=CARTESIAN_POINT('Ctrl Pts',(0.,52.2893777732793,-5.22228651759177));
#980=CARTESIAN_POINT('Ctrl Pts',(-250.,52.2893777732793,-5.22228651759177));
#981=CARTESIAN_POINT('Ctrl Pts',(0.,51.4983648306382,-5.25591340717978));
#982=CARTESIAN_POINT('Ctrl Pts',(-250.,51.4983648306382,-5.25591340717978));
#983=CARTESIAN_POINT('Ctrl Pts',(0.,50.7407295472079,-5.28762942464648));
#984=CARTESIAN_POINT('Ctrl Pts',(-250.,50.7407295472079,-5.28762942464648));
#985=CARTESIAN_POINT('Ctrl Pts',(0.,50.0154657281734,-5.31707975663332));
#986=CARTESIAN_POINT('Ctrl Pts',(-250.,50.0154657281734,-5.31707975663332));
#987=CARTESIAN_POINT('Ctrl Pts',(0.,49.3113436110896,-5.34386420948989));
#988=CARTESIAN_POINT('Ctrl Pts',(-250.,49.3113436110896,-5.34386420948989));
#989=CARTESIAN_POINT('Ctrl Pts',(0.,48.6082510677638,-5.36757306133372));
#990=CARTESIAN_POINT('Ctrl Pts',(-250.,48.6082510677638,-5.36757306133372));
#991=CARTESIAN_POINT('Ctrl Pts',(0.,47.8836674091871,-5.38781904900556));
#992=CARTESIAN_POINT('Ctrl Pts',(-250.,47.8836674091871,-5.38781904900556));
#993=CARTESIAN_POINT('Ctrl Pts',(0.,47.117861324363,-5.4042706385021));
#994=CARTESIAN_POINT('Ctrl Pts',(-250.,47.117861324363,-5.4042706385021));
#995=CARTESIAN_POINT('Ctrl Pts',(0.,46.299397595186,-5.41668452492131));
#996=CARTESIAN_POINT('Ctrl Pts',(-250.,46.299397595186,-5.41668452492131));
#997=CARTESIAN_POINT('Ctrl Pts',(0.,45.4310781328864,-5.42493919552231));
#998=CARTESIAN_POINT('Ctrl Pts',(-250.,45.4310781328864,-5.42493919552231));
#999=CARTESIAN_POINT('Ctrl Pts',(0.,44.5260459654769,-5.42905221418541));
#1000=CARTESIAN_POINT('Ctrl Pts',(-250.,44.5260459654769,-5.42905221418541));
#1001=CARTESIAN_POINT('Ctrl Pts',(0.,43.6031267396487,-5.4291946861865));
#1002=CARTESIAN_POINT('Ctrl Pts',(-250.,43.6031267396487,-5.4291946861865));
#1003=CARTESIAN_POINT('Ctrl Pts',(0.,42.6822845311939,-5.42570975299192));
#1004=CARTESIAN_POINT('Ctrl Pts',(-250.,42.6822845311939,-5.42570975299192));
#1005=CARTESIAN_POINT('Ctrl Pts',(0.,41.7804038490494,-5.41912270228961));
#1006=CARTESIAN_POINT('Ctrl Pts',(-250.,41.7804038490494,-5.41912270228961));
#1007=CARTESIAN_POINT('Ctrl Pts',(0.,40.9060216823333,-5.41017109226225));
#1008=CARTESIAN_POINT('Ctrl Pts',(-250.,40.9060216823333,-5.41017109226225));
#1009=CARTESIAN_POINT('Ctrl Pts',(0.,40.0577260274849,-5.39976852909331));
#1010=CARTESIAN_POINT('Ctrl Pts',(-250.,40.0577260274849,-5.39976852909331));
#1011=CARTESIAN_POINT('Ctrl Pts',(0.,39.2281777121322,-5.38886836337369));
#1012=CARTESIAN_POINT('Ctrl Pts',(-250.,39.2281777121322,-5.38886836337369));
#1013=CARTESIAN_POINT('Ctrl Pts',(0.,38.4068328459613,-5.37834948796725));
#1014=CARTESIAN_POINT('Ctrl Pts',(-250.,38.4068328459613,-5.37834948796725));
#1015=CARTESIAN_POINT('Ctrl Pts',(0.,37.5831114445699,-5.36889666536585));
#1016=CARTESIAN_POINT('Ctrl Pts',(-250.,37.5831114445699,-5.36889666536585));
#1017=CARTESIAN_POINT('Ctrl Pts',(0.,36.7495567418619,-5.36087500618704));
#1018=CARTESIAN_POINT('Ctrl Pts',(-250.,36.7495567418619,-5.36087500618704));
#1019=CARTESIAN_POINT('Ctrl Pts',(0.,35.9044655374682,-5.35423077518612));
#1020=CARTESIAN_POINT('Ctrl Pts',(-250.,35.9044655374682,-5.35423077518612));
#1021=CARTESIAN_POINT('Ctrl Pts',(0.,35.0500359422571,-5.34859087814714));
#1022=CARTESIAN_POINT('Ctrl Pts',(-250.,35.0500359422571,-5.34859087814714));
#1023=CARTESIAN_POINT('Ctrl Pts',(0.,34.1910036249576,-5.3433415000972));
#1024=CARTESIAN_POINT('Ctrl Pts',(-250.,34.1910036249576,-5.3433415000972));
#1025=CARTESIAN_POINT('Ctrl Pts',(0.,33.3330639818938,-5.33771492555942));
#1026=CARTESIAN_POINT('Ctrl Pts',(-250.,33.3330639818938,-5.33771492555942));
#1027=CARTESIAN_POINT('Ctrl Pts',(0.,32.4814463322711,-5.3308723103712));
#1028=CARTESIAN_POINT('Ctrl Pts',(-250.,32.4814463322711,-5.3308723103712));
#1029=CARTESIAN_POINT('Ctrl Pts',(0.,31.639262851883,-5.32198958954914));
#1030=CARTESIAN_POINT('Ctrl Pts',(-250.,31.639262851883,-5.32198958954914));
#1031=CARTESIAN_POINT('Ctrl Pts',(0.,30.8075374496356,-5.31032510599703));
#1032=CARTESIAN_POINT('Ctrl Pts',(-250.,30.8075374496356,-5.31032510599703));
#1033=CARTESIAN_POINT('Ctrl Pts',(0.,29.9855230770829,-5.2952817194195));
#1034=CARTESIAN_POINT('Ctrl Pts',(-250.,29.9855230770829,-5.2952817194195));
#1035=CARTESIAN_POINT('Ctrl Pts',(0.,29.1708938851253,-5.27647604586981));
#1036=CARTESIAN_POINT('Ctrl Pts',(-250.,29.1708938851253,-5.27647604586981));
#1037=CARTESIAN_POINT('Ctrl Pts',(0.,28.3600445313778,-5.25379302629832));
#1038=CARTESIAN_POINT('Ctrl Pts',(-250.,28.3600445313778,-5.25379302629832));
#1039=CARTESIAN_POINT('Ctrl Pts',(0.,27.5482047790591,-5.22747648110103));
#1040=CARTESIAN_POINT('Ctrl Pts',(-250.,27.5482047790591,-5.22747648110103));
#1041=CARTESIAN_POINT('Ctrl Pts',(0.,26.7303376781638,-5.19804976499451));
#1042=CARTESIAN_POINT('Ctrl Pts',(-250.,26.7303376781638,-5.19804976499451));
#1043=CARTESIAN_POINT('Ctrl Pts',(0.,25.9023440714719,-5.16615847923701));
#1044=CARTESIAN_POINT('Ctrl Pts',(-250.,25.9023440714719,-5.16615847923701));
#1045=CARTESIAN_POINT('Ctrl Pts',(0.,25.0622740850424,-5.13243236605935));
#1046=CARTESIAN_POINT('Ctrl Pts',(-250.,25.0622740850424,-5.13243236605935));
#1047=CARTESIAN_POINT('Ctrl Pts',(0.,24.2113069464086,-5.09735138842434));
#1048=CARTESIAN_POINT('Ctrl Pts',(-250.,24.2113069464086,-5.09735138842434));
#1049=CARTESIAN_POINT('Ctrl Pts',(0.,23.3553945855176,-5.0610800696914));
#1050=CARTESIAN_POINT('Ctrl Pts',(-250.,23.3553945855176,-5.0610800696914));
#1051=CARTESIAN_POINT('Ctrl Pts',(0.,22.5043518642425,-5.02343706089394));
#1052=CARTESIAN_POINT('Ctrl Pts',(-250.,22.5043518642425,-5.02343706089394));
#1053=CARTESIAN_POINT('Ctrl Pts',(0.,21.6686932969084,-4.98399249308373));
#1054=CARTESIAN_POINT('Ctrl Pts',(-250.,21.6686932969084,-4.98399249308373));
#1055=CARTESIAN_POINT('Ctrl Pts',(0.,20.8569446692448,-4.94212825899271));
#1056=CARTESIAN_POINT('Ctrl Pts',(-250.,20.8569446692448,-4.94212825899271));
#1057=CARTESIAN_POINT('Ctrl Pts',(0.,20.0730882172598,-4.89711661535466));
#1058=CARTESIAN_POINT('Ctrl Pts',(-250.,20.0730882172598,-4.89711661535466));
#1059=CARTESIAN_POINT('Ctrl Pts',(0.,19.3131623353332,-4.84818330460361));
#1060=CARTESIAN_POINT('Ctrl Pts',(-250.,19.3131623353332,-4.84818330460361));
#1061=CARTESIAN_POINT('Ctrl Pts',(0.,18.5648196549222,-4.79460154818429));
#1062=CARTESIAN_POINT('Ctrl Pts',(-250.,18.5648196549222,-4.79460154818429));
#1063=CARTESIAN_POINT('Ctrl Pts',(0.,17.8129398290381,-4.73583104313079));
#1064=CARTESIAN_POINT('Ctrl Pts',(-250.,17.8129398290381,-4.73583104313079));
#1065=CARTESIAN_POINT('Ctrl Pts',(0.,17.044284160226,-4.67166237607009));
#1066=CARTESIAN_POINT('Ctrl Pts',(-250.,17.044284160226,-4.67166237607009));
#1067=CARTESIAN_POINT('Ctrl Pts',(0.,16.2518739008494,-4.60232847047427));
#1068=CARTESIAN_POINT('Ctrl Pts',(-250.,16.2518739008494,-4.60232847047427));
#1069=CARTESIAN_POINT('Ctrl Pts',(0.,15.4411027938489,-4.52870580882555));
#1070=CARTESIAN_POINT('Ctrl Pts',(-250.,15.4411027938489,-4.52870580882555));
#1071=CARTESIAN_POINT('Ctrl Pts',(0.,14.6283824118657,-4.45216299070981));
#1072=CARTESIAN_POINT('Ctrl Pts',(-250.,14.6283824118657,-4.45216299070981));
#1073=CARTESIAN_POINT('Ctrl Pts',(0.,13.8337345695458,-4.37413034454997));
#1074=CARTESIAN_POINT('Ctrl Pts',(-250.,13.8337345695458,-4.37413034454997));
#1075=CARTESIAN_POINT('Ctrl Pts',(0.,13.0747271133147,-4.295727392112));
#1076=CARTESIAN_POINT('Ctrl Pts',(-250.,13.0747271133147,-4.295727392112));
#1077=CARTESIAN_POINT('Ctrl Pts',(0.,12.3607020274554,-4.21741377897682));
#1078=CARTESIAN_POINT('Ctrl Pts',(-250.,12.3607020274554,-4.21741377897682));
#1079=CARTESIAN_POINT('Ctrl Pts',(0.,11.684766421589,-4.13851200426592));
#1080=CARTESIAN_POINT('Ctrl Pts',(-250.,11.684766421589,-4.13851200426592));
#1081=CARTESIAN_POINT('Ctrl Pts',(0.,11.0268149800082,-4.05734435664729));
#1082=CARTESIAN_POINT('Ctrl Pts',(-250.,11.0268149800082,-4.05734435664729));
#1083=CARTESIAN_POINT('Ctrl Pts',(0.,10.3639492753858,-3.97176665523074));
#1084=CARTESIAN_POINT('Ctrl Pts',(-250.,10.3639492753858,-3.97176665523074));
#1085=CARTESIAN_POINT('Ctrl Pts',(0.,9.67785917615953,-3.87955934600253));
#1086=CARTESIAN_POINT('Ctrl Pts',(-250.,9.67785917615953,-3.87955934600253));
#1087=CARTESIAN_POINT('Ctrl Pts',(0.,8.96526704395129,-3.77892790657128));
#1088=CARTESIAN_POINT('Ctrl Pts',(-250.,8.96526704395129,-3.77892790657128));
#1089=CARTESIAN_POINT('Ctrl Pts',(0.,8.24113485335753,-3.66878971812791));
#1090=CARTESIAN_POINT('Ctrl Pts',(-250.,8.24113485335753,-3.66878971812791));
#1091=CARTESIAN_POINT('Ctrl Pts',(0.,7.52762670880682,-3.54864670627644));
#1092=CARTESIAN_POINT('Ctrl Pts',(-250.,7.52762670880682,-3.54864670627644));
#1093=CARTESIAN_POINT('Ctrl Pts',(0.,6.84570901484165,-3.41855441047615));
#1094=CARTESIAN_POINT('Ctrl Pts',(-250.,6.84570901484165,-3.41855441047615));
#1095=CARTESIAN_POINT('Ctrl Pts',(0.,6.20629004422304,-3.27902581335001));
#1096=CARTESIAN_POINT('Ctrl Pts',(-250.,6.20629004422304,-3.27902581335001));
#1097=CARTESIAN_POINT('Ctrl Pts',(0.,5.60000307799049,-3.13103522188353));
#1098=CARTESIAN_POINT('Ctrl Pts',(-250.,5.60000307799049,-3.13103522188353));
#1099=CARTESIAN_POINT('Ctrl Pts',(0.,5.00553177684148,-2.97508761188052));
#1100=CARTESIAN_POINT('Ctrl Pts',(-250.,5.00553177684148,-2.97508761188052));
#1101=CARTESIAN_POINT('Ctrl Pts',(0.,4.40089970145497,-2.81010470065967));
#1102=CARTESIAN_POINT('Ctrl Pts',(-250.,4.40089970145497,-2.81010470065967));
#1103=CARTESIAN_POINT('Ctrl Pts',(0.,3.77318857199613,-2.63248309018975));
#1104=CARTESIAN_POINT('Ctrl Pts',(-250.,3.77318857199613,-2.63248309018975));
#1105=CARTESIAN_POINT('Ctrl Pts',(0.,3.13025699885565,-2.43479632496658));
#1106=CARTESIAN_POINT('Ctrl Pts',(-250.,3.13025699885565,-2.43479632496658));
#1107=CARTESIAN_POINT('Ctrl Pts',(0.,2.49458278573994,-2.20849709535953));
#1108=CARTESIAN_POINT('Ctrl Pts',(-250.,2.49458278573994,-2.20849709535953));
#1109=CARTESIAN_POINT('Ctrl Pts',(0.,1.89470238944398,-1.94733881246281));
#1110=CARTESIAN_POINT('Ctrl Pts',(-250.,1.89470238944398,-1.94733881246281));
#1111=CARTESIAN_POINT('Ctrl Pts',(0.,1.35807117628186,-1.65010460110976));
#1112=CARTESIAN_POINT('Ctrl Pts',(-250.,1.35807117628186,-1.65010460110976));
#1113=CARTESIAN_POINT('Ctrl Pts',(0.,0.901902358595871,-1.32471489463748));
#1114=CARTESIAN_POINT('Ctrl Pts',(-250.,0.901902358595871,-1.32471489463748));
#1115=CARTESIAN_POINT('Ctrl Pts',(0.,0.534137351984283,-0.984886851441684));
#1116=CARTESIAN_POINT('Ctrl Pts',(-250.,0.534137351984283,-0.984886851441684));
#1117=CARTESIAN_POINT('Ctrl Pts',(0.,0.257257234630324,-0.64502811049282));
#1118=CARTESIAN_POINT('Ctrl Pts',(-250.,0.257257234630324,-0.64502811049282));
#1119=CARTESIAN_POINT('Ctrl Pts',(0.,0.108665737111607,-0.380813807648821));
#1120=CARTESIAN_POINT('Ctrl Pts',(-250.,0.108665737111607,-0.380813807648821));
#1121=CARTESIAN_POINT('Ctrl Pts',(0.,0.0383479513676969,-0.188223319090041));
#1122=CARTESIAN_POINT('Ctrl Pts',(-250.,0.0383479513676969,-0.188223319090041));
#1123=CARTESIAN_POINT('Ctrl Pts',(0.,0.00973761543283682,-0.0623258647802749));
#1124=CARTESIAN_POINT('Ctrl Pts',(-250.,0.00973761543283682,-0.0623258647802749));
#1125=CARTESIAN_POINT('Ctrl Pts',(0.,0.,0.));
#1126=CARTESIAN_POINT('Ctrl Pts',(-250.,0.,0.));
#1127=CARTESIAN_POINT('Ctrl Pts',(-136.,106.290445247433,-0.50274005019939));
#1128=CARTESIAN_POINT('Ctrl Pts',(-136.,106.437448397642,-0.494902138347398));
#1129=CARTESIAN_POINT('Ctrl Pts',(-136.,106.585767868623,-0.487259012798084));
#1130=CARTESIAN_POINT('Ctrl Pts',(-136.,106.735802917569,-0.479832626570705));
#1131=CARTESIAN_POINT('Ctrl Pts',(-136.,106.871659532899,-0.473108039855315));
#1132=CARTESIAN_POINT('Ctrl Pts',(-136.,107.008923488154,-0.466561256081922));
#1133=CARTESIAN_POINT('Ctrl Pts',(-136.,107.147850965559,-0.460207253476942));
#1134=CARTESIAN_POINT('Ctrl Pts',(-136.,107.278032696492,-0.454253247308224));
#1135=CARTESIAN_POINT('Ctrl Pts',(-136.,107.409675519931,-0.448468567153285));
#1136=CARTESIAN_POINT('Ctrl Pts',(-136.,107.542945645181,-0.442863359488984));
#1137=CARTESIAN_POINT('Ctrl Pts',(-136.,107.668532477129,-0.43758130342692));
#1138=CARTESIAN_POINT('Ctrl Pts',(-136.,107.795564757392,-0.432458664566659));
#1139=CARTESIAN_POINT('Ctrl Pts',(-136.,107.92413554614,-0.427501309864265));
#1140=CARTESIAN_POINT('Ctrl Pts',(-136.,108.044346557506,-0.422866286401471));
#1141=CARTESIAN_POINT('Ctrl Pts',(-136.,108.165902667071,-0.418375774422405));
#1142=CARTESIAN_POINT('Ctrl Pts',(-136.,108.288834758768,-0.414031755318158));
#1143=CARTESIAN_POINT('Ctrl Pts',(-136.,108.410463241631,-0.409733801497576));
#1144=CARTESIAN_POINT('Ctrl Pts',(-136.,108.533439025791,-0.405579280415776));
#1145=CARTESIAN_POINT('Ctrl Pts',(-136.,108.657741526771,-0.401566805326398));
#1146=CARTESIAN_POINT('Ctrl Pts',(-136.,108.783524200261,-0.397506550383195));
#1147=CARTESIAN_POINT('Ctrl Pts',(-136.,108.910665346129,-0.39359174446991));
#1148=CARTESIAN_POINT('Ctrl Pts',(-136.,109.039089899093,-0.389817370931741));
#1149=CARTESIAN_POINT('Ctrl Pts',(-136.,109.159554468544,-0.386276939816926));
#1150=CARTESIAN_POINT('Ctrl Pts',(-136.,109.281147708177,-0.382860035277975));
#1151=CARTESIAN_POINT('Ctrl Pts',(-136.,109.403766074247,-0.379559723669692));
#1152=CARTESIAN_POINT('',(-136.,130.,0.));
#1153=CARTESIAN_POINT('',(0.,130.,0.));
#1154=CARTESIAN_POINT('Ctrl Pts',(-136.,118.693651547294,-0.172009949458301));
#1155=CARTESIAN_POINT('Ctrl Pts',(-136.,118.810052617548,-0.169521180602212));
#1156=CARTESIAN_POINT('Ctrl Pts',(-136.,118.926970552317,-0.167135545541962));
#1157=CARTESIAN_POINT('Ctrl Pts',(-136.,119.044588619188,-0.164848971450456));
#1158=CARTESIAN_POINT('Ctrl Pts',(-136.,119.164946350332,-0.162509136448311));
#1159=CARTESIAN_POINT('Ctrl Pts',(-136.,119.286037192992,-0.160272972766301));
#1160=CARTESIAN_POINT('Ctrl Pts',(-136.,119.408001257708,-0.158129720107577));
#1161=CARTESIAN_POINT('Ctrl Pts',(-136.,119.533662130197,-0.155921504108161));
#1162=CARTESIAN_POINT('Ctrl Pts',(-136.,119.660249768239,-0.153811820572709));
#1163=CARTESIAN_POINT('Ctrl Pts',(-136.,119.787860522449,-0.151783455738705));
#1164=CARTESIAN_POINT('Ctrl Pts',(-136.,119.918379441289,-0.149708865812589));
#1165=CARTESIAN_POINT('Ctrl Pts',(-136.,120.049968472758,-0.147719237881321));
#1166=CARTESIAN_POINT('Ctrl Pts',(-136.,120.182675417711,-0.145792161087624));
#1167=CARTESIAN_POINT('Ctrl Pts',(-136.,120.318360652769,-0.143821835662525));
#1168=CARTESIAN_POINT('Ctrl Pts',(-136.,120.455214430877,-0.141916787208134));
#1169=CARTESIAN_POINT('Ctrl Pts',(-136.,120.593232536146,-0.140050581496594));
#1170=CARTESIAN_POINT('Ctrl Pts',(-136.,120.735613894509,-0.138125378251136));
#1171=CARTESIAN_POINT('Ctrl Pts',(-136.,120.879234196496,-0.136241373110413));
#1172=CARTESIAN_POINT('Ctrl Pts',(-136.,121.024032367181,-0.134368878760437));
#1173=CARTESIAN_POINT('Ctrl Pts',(-136.,121.174449576637,-0.132423720382308));
#1174=CARTESIAN_POINT('Ctrl Pts',(-136.,121.326137606125,-0.130490800058212));
#1175=CARTESIAN_POINT('Ctrl Pts',(-136.,121.478971195793,-0.128538646755447));
#1176=CARTESIAN_POINT('Ctrl Pts',(-136.,121.638227847354,-0.126504451268663));
#1177=CARTESIAN_POINT('Ctrl Pts',(-136.,121.798728086989,-0.124449085601979));
#1178=CARTESIAN_POINT('Ctrl Pts',(-136.,121.960273825331,-0.122342472688));
#1179=CARTESIAN_POINT('Ctrl Pts',(-136.,122.129753946887,-0.12013239264258));
#1180=CARTESIAN_POINT('Ctrl Pts',(-136.,122.30038440966,-0.117865523261148));
#1181=CARTESIAN_POINT('Ctrl Pts',(-136.,122.471880746368,-0.115518547489887));
#1182=CARTESIAN_POINT('Ctrl Pts',(-136.,122.662560713288,-0.112909038324754));
#1183=CARTESIAN_POINT('Ctrl Pts',(-136.,122.854310914118,-0.110200176060599));
#1184=CARTESIAN_POINT('Ctrl Pts',(-136.,123.046676769476,-0.107379940004222));
#1185=CARTESIAN_POINT('Ctrl Pts',(-136.,123.262240241331,-0.104219608485782));
#1186=CARTESIAN_POINT('Ctrl Pts',(-136.,123.478575927866,-0.100919214211857));
#1187=CARTESIAN_POINT('Ctrl Pts',(-136.,123.694976731708,-0.0974912912737964));
#1188=CARTESIAN_POINT('Ctrl Pts',(-136.,123.967112517786,-0.0931804916519781));
#1189=CARTESIAN_POINT('Ctrl Pts',(-136.,124.239348368784,-0.0886676166897099));
#1190=CARTESIAN_POINT('Ctrl Pts',(-136.,124.510202703112,-0.0840281180821406));
#1191=CARTESIAN_POINT('Ctrl Pts',(-136.,124.750206557433,-0.0799170613006361));
#1192=CARTESIAN_POINT('Ctrl Pts',(-136.,124.989120811003,-0.0757080387335948));
#1193=CARTESIAN_POINT('Ctrl Pts',(-136.,125.225929059698,-0.0714762140994746));
#1194=CARTESIAN_POINT('Ctrl Pts',(-136.,125.424225689467,-0.0679326020532569));
#1195=CARTESIAN_POINT('Ctrl Pts',(-136.,125.621044776692,-0.0643736229140246));
#1196=CARTESIAN_POINT('Ctrl Pts',(-136.,125.81582953275,-0.0608482455083767));
#1197=CARTESIAN_POINT('Ctrl Pts',(-136.,125.9908742933,-0.0576801390491806));
#1198=CARTESIAN_POINT('Ctrl Pts',(-136.,126.164275616687,-0.0545394234320277));
#1199=CARTESIAN_POINT('Ctrl Pts',(-136.,126.335673143476,-0.0514607633428146));
#1200=CARTESIAN_POINT('Ctrl Pts',(-136.,126.497898105639,-0.048546861807358));
#1201=CARTESIAN_POINT('Ctrl Pts',(-136.,126.658327652664,-0.0456886838463017));
#1202=CARTESIAN_POINT('Ctrl Pts',(-136.,126.816704638815,-0.0429121100866145));
#1203=CARTESIAN_POINT('Ctrl Pts',(-136.,126.973152954219,-0.0401693486674287));
#1204=CARTESIAN_POINT('Ctrl Pts',(-136.,127.12759824536,-0.0375062809441328));
#1205=CARTESIAN_POINT('Ctrl Pts',(-136.,127.279844220113,-0.0349430422590813));
#1206=CARTESIAN_POINT('Ctrl Pts',(-136.,127.437510724099,-0.032288542637602));
#1207=CARTESIAN_POINT('Ctrl Pts',(-136.,127.592818574073,-0.0297411130839095));
#1208=CARTESIAN_POINT('Ctrl Pts',(-136.,127.745608516901,-0.0273170269083182));
#1209=CARTESIAN_POINT('Ctrl Pts',(-136.,127.90640553758,-0.0247659045786124));
#1210=CARTESIAN_POINT('Ctrl Pts',(-136.,128.064414272834,-0.0223513340697939));
#1211=CARTESIAN_POINT('Ctrl Pts',(-136.,128.219508165769,-0.0200862377594786));
#1212=CARTESIAN_POINT('Ctrl Pts',(-136.,128.388532584021,-0.017617690617541));
#1213=CARTESIAN_POINT('Ctrl Pts',(-136.,128.554095091097,-0.0153266744807627));
#1214=CARTESIAN_POINT('Ctrl Pts',(-136.,128.716096365044,-0.0132233922130679));
#1215=CARTESIAN_POINT('Ctrl Pts',(-136.,128.891083399675,-0.0109515142330576));
#1216=CARTESIAN_POINT('Ctrl Pts',(-136.,129.061916124466,-0.00889860156678682));
#1217=CARTESIAN_POINT('Ctrl Pts',(-136.,129.228535834969,-0.00707067485207674));
#1218=CARTESIAN_POINT('Ctrl Pts',(-136.,129.437768323413,-0.00477525821703909));
#1219=CARTESIAN_POINT('Ctrl Pts',(-136.,129.64035837664,-0.00283450547524195));
#1220=CARTESIAN_POINT('Ctrl Pts',(-136.,129.836279384524,-0.00125117734949739));
#1221=CARTESIAN_POINT('Ctrl Pts',(-136.,129.891380064743,-0.000805883311453114));
#1222=CARTESIAN_POINT('Ctrl Pts',(-136.,129.945953608608,-0.000388823637291303));
#1223=CARTESIAN_POINT('Ctrl Pts',(-136.,130.,0.));
#1224=CARTESIAN_POINT('Ctrl Pts',(0.,0.,0.));
#1225=CARTESIAN_POINT('Ctrl Pts',(-250.,0.,0.));
#1226=CARTESIAN_POINT('Ctrl Pts',(0.,0.0114960758366543,0.0565184937104477));
#1227=CARTESIAN_POINT('Ctrl Pts',(-250.,0.0114960758366543,0.0565184937104477));
#1228=CARTESIAN_POINT('Ctrl Pts',(0.,0.0362294362163354,0.173931073947259));
#1229=CARTESIAN_POINT('Ctrl Pts',(-250.,0.0362294362163354,0.173931073947259));
#1230=CARTESIAN_POINT('Ctrl Pts',(0.,0.0785335870995387,0.363190796303829));
#1231=CARTESIAN_POINT('Ctrl Pts',(-250.,0.0785335870995387,0.363190796303829));
#1232=CARTESIAN_POINT('Ctrl Pts',(0.,0.145518001067819,0.641698001680556));
#1233=CARTESIAN_POINT('Ctrl Pts',(-250.,0.145518001067819,0.641698001680556));
#1234=CARTESIAN_POINT('Ctrl Pts',(0.,0.251915114351456,1.02876462507049));
#1235=CARTESIAN_POINT('Ctrl Pts',(-250.,0.251915114351456,1.02876462507049));
#1236=CARTESIAN_POINT('Ctrl Pts',(0.,0.399520076128415,1.43824984472228));
#1237=CARTESIAN_POINT('Ctrl Pts',(-250.,0.399520076128415,1.43824984472228));
#1238=CARTESIAN_POINT('Ctrl Pts',(0.,0.611174270560602,1.84757207236556));
#1239=CARTESIAN_POINT('Ctrl Pts',(-250.,0.611174270560602,1.84757207236556));
#1240=CARTESIAN_POINT('Ctrl Pts',(0.,0.898840546208775,2.23875354487875));
#1241=CARTESIAN_POINT('Ctrl Pts',(-250.,0.898840546208775,2.23875354487875));
#1242=CARTESIAN_POINT('Ctrl Pts',(0.,1.24522722514277,2.61034205725617));
#1243=CARTESIAN_POINT('Ctrl Pts',(-250.,1.24522722514277,2.61034205725617));
#1244=CARTESIAN_POINT('Ctrl Pts',(0.,1.61625139789706,2.97237833022994));
#1245=CARTESIAN_POINT('Ctrl Pts',(-250.,1.61625139789706,2.97237833022994));
#1246=CARTESIAN_POINT('Ctrl Pts',(0.,1.98122723142426,3.33649746289853));
#1247=CARTESIAN_POINT('Ctrl Pts',(-250.,1.98122723142426,3.33649746289853));
#1248=CARTESIAN_POINT('Ctrl Pts',(0.,2.33579466723029,3.70559796326963));
#1249=CARTESIAN_POINT('Ctrl Pts',(-250.,2.33579466723029,3.70559796326963));
#1250=CARTESIAN_POINT('Ctrl Pts',(0.,2.70490205111262,4.07100754931655));
#1251=CARTESIAN_POINT('Ctrl Pts',(-250.,2.70490205111262,4.07100754931655));
#1252=CARTESIAN_POINT('Ctrl Pts',(0.,3.11685644007895,4.42099660154985));
#1253=CARTESIAN_POINT('Ctrl Pts',(-250.,3.11685644007895,4.42099660154985));
#1254=CARTESIAN_POINT('Ctrl Pts',(0.,3.58486137363038,4.74636963448867));
#1255=CARTESIAN_POINT('Ctrl Pts',(-250.,3.58486137363038,4.74636963448867));
#1256=CARTESIAN_POINT('Ctrl Pts',(0.,4.08517969743341,5.04730001707126));
#1257=CARTESIAN_POINT('Ctrl Pts',(-250.,4.08517969743341,5.04730001707126));
#1258=CARTESIAN_POINT('Ctrl Pts',(0.,4.57958121691029,5.32890284237812));
#1259=CARTESIAN_POINT('Ctrl Pts',(-250.,4.57958121691029,5.32890284237812));
#1260=CARTESIAN_POINT('Ctrl Pts',(0.,5.03467080665156,5.59748543742307));
#1261=CARTESIAN_POINT('Ctrl Pts',(-250.,5.03467080665156,5.59748543742307));
#1262=CARTESIAN_POINT('Ctrl Pts',(0.,5.44751241644699,5.8556292430241));
#1263=CARTESIAN_POINT('Ctrl Pts',(-250.,5.44751241644699,5.8556292430241));
#1264=CARTESIAN_POINT('Ctrl Pts',(0.,5.8520101584946,6.10070530319118));
#1265=CARTESIAN_POINT('Ctrl Pts',(-250.,5.8520101584946,6.10070530319118));
#1266=CARTESIAN_POINT('Ctrl Pts',(0.,6.28809150321064,6.32997195339945));
#1267=CARTESIAN_POINT('Ctrl Pts',(-250.,6.28809150321064,6.32997195339945));
#1268=CARTESIAN_POINT('Ctrl Pts',(0.,6.7774587255429,6.5445149171067));
#1269=CARTESIAN_POINT('Ctrl Pts',(-250.,6.7774587255429,6.5445149171067));
#1270=CARTESIAN_POINT('Ctrl Pts',(0.,7.30031058571709,6.75298369013302));
#1271=CARTESIAN_POINT('Ctrl Pts',(-250.,7.30031058571709,6.75298369013302));
#1272=CARTESIAN_POINT('Ctrl Pts',(0.,7.82029125482578,6.96501411791151));
#1273=CARTESIAN_POINT('Ctrl Pts',(-250.,7.82029125482578,6.96501411791151));
#1274=CARTESIAN_POINT('Ctrl Pts',(0.,8.30272780090215,7.18661261621869));
#1275=CARTESIAN_POINT('Ctrl Pts',(-250.,8.30272780090215,7.18661261621869));
#1276=CARTESIAN_POINT('Ctrl Pts',(0.,8.74059288730771,7.41252322422604));
#1277=CARTESIAN_POINT('Ctrl Pts',(-250.,8.74059288730771,7.41252322422604));
#1278=CARTESIAN_POINT('Ctrl Pts',(0.,9.15632366678549,7.6289109858853));
#1279=CARTESIAN_POINT('Ctrl Pts',(-250.,9.15632366678549,7.6289109858853));
#1280=CARTESIAN_POINT('Ctrl Pts',(0.,9.58511960555452,7.82339939388243));
#1281=CARTESIAN_POINT('Ctrl Pts',(-250.,9.58511960555452,7.82339939388243));
#1282=CARTESIAN_POINT('Ctrl Pts',(0.,10.0621494609563,7.99477329775864));
#1283=CARTESIAN_POINT('Ctrl Pts',(-250.,10.0621494609563,7.99477329775864));
#1284=CARTESIAN_POINT('Ctrl Pts',(0.,10.612157515973,8.15737904009384));
#1285=CARTESIAN_POINT('Ctrl Pts',(-250.,10.612157515973,8.15737904009384));
#1286=CARTESIAN_POINT('Ctrl Pts',(0.,11.2498221618927,8.33066803719227));
#1287=CARTESIAN_POINT('Ctrl Pts',(-250.,11.2498221618927,8.33066803719227));
#1288=CARTESIAN_POINT('Ctrl Pts',(0.,11.9780842342346,8.53259334050547));
#1289=CARTESIAN_POINT('Ctrl Pts',(-250.,11.9780842342346,8.53259334050547));
#1290=CARTESIAN_POINT('Ctrl Pts',(0.,12.7864492382632,8.76984123084636));
#1291=CARTESIAN_POINT('Ctrl Pts',(-250.,12.7864492382632,8.76984123084636));
#1292=CARTESIAN_POINT('Ctrl Pts',(0.,13.6523680007515,9.03530104561085));
#1293=CARTESIAN_POINT('Ctrl Pts',(-250.,13.6523680007515,9.03530104561085));
#1294=CARTESIAN_POINT('Ctrl Pts',(0.,14.5474460485828,9.31413428816618));
#1295=CARTESIAN_POINT('Ctrl Pts',(-250.,14.5474460485828,9.31413428816618));
#1296=CARTESIAN_POINT('Ctrl Pts',(0.,15.4423087275896,9.58765348346179));
#1297=CARTESIAN_POINT('Ctrl Pts',(-250.,15.4423087275896,9.58765348346179));
#1298=CARTESIAN_POINT('Ctrl Pts',(0.,16.3122316106364,9.83825195706146));
#1299=CARTESIAN_POINT('Ctrl Pts',(-250.,16.3122316106364,9.83825195706146));
#1300=CARTESIAN_POINT('Ctrl Pts',(0.,17.1419359134022,10.0534970142527));
#1301=CARTESIAN_POINT('Ctrl Pts',(-250.,17.1419359134022,10.0534970142527));
#1302=CARTESIAN_POINT('Ctrl Pts',(0.,17.9320582506705,10.2315835940742));
#1303=CARTESIAN_POINT('Ctrl Pts',(-250.,17.9320582506705,10.2315835940742));
#1304=CARTESIAN_POINT('Ctrl Pts',(0.,18.6960789998167,10.3794815960142));
#1305=CARTESIAN_POINT('Ctrl Pts',(-250.,18.6960789998167,10.3794815960142));
#1306=CARTESIAN_POINT('Ctrl Pts',(0.,19.4545464199148,10.5090299799436));
#1307=CARTESIAN_POINT('Ctrl Pts',(-250.,19.4545464199148,10.5090299799436));
#1308=CARTESIAN_POINT('Ctrl Pts',(0.,20.230014966773,10.6335865153802));
#1309=CARTESIAN_POINT('Ctrl Pts',(-250.,20.230014966773,10.6335865153802));
#1310=CARTESIAN_POINT('Ctrl Pts',(0.,21.0421162533546,10.7647388282935));
#1311=CARTESIAN_POINT('Ctrl Pts',(-250.,21.0421162533546,10.7647388282935));
#1312=CARTESIAN_POINT('Ctrl Pts',(0.,21.9014934784522,10.9082544129118));
#1313=CARTESIAN_POINT('Ctrl Pts',(-250.,21.9014934784522,10.9082544129118));
#1314=CARTESIAN_POINT('Ctrl Pts',(0.,22.8094291798733,11.0639010181983));
#1315=CARTESIAN_POINT('Ctrl Pts',(-250.,22.8094291798733,11.0639010181983));
#1316=CARTESIAN_POINT('Ctrl Pts',(0.,23.7608708268081,11.2275848624073));
#1317=CARTESIAN_POINT('Ctrl Pts',(-250.,23.7608708268081,11.2275848624073));
#1318=CARTESIAN_POINT('Ctrl Pts',(0.,24.7463785428176,11.392749583087));
#1319=CARTESIAN_POINT('Ctrl Pts',(-250.,24.7463785428176,11.392749583087));
#1320=CARTESIAN_POINT('Ctrl Pts',(0.,25.754589670052,11.5521380209231));
#1321=CARTESIAN_POINT('Ctrl Pts',(-250.,25.754589670052,11.5521380209231));
#1322=CARTESIAN_POINT('Ctrl Pts',(0.,26.7742940498594,11.6992646040108));
#1323=CARTESIAN_POINT('Ctrl Pts',(-250.,26.7742940498594,11.6992646040108));
#1324=CARTESIAN_POINT('Ctrl Pts',(0.,27.7970946189213,11.8303466174421));
#1325=CARTESIAN_POINT('Ctrl Pts',(-250.,27.7970946189213,11.8303466174421));
#1326=CARTESIAN_POINT('Ctrl Pts',(0.,28.8179235576486,11.9445244785299));
#1327=CARTESIAN_POINT('Ctrl Pts',(-250.,28.8179235576486,11.9445244785299));
#1328=CARTESIAN_POINT('Ctrl Pts',(0.,29.8341446255354,12.0429492790842));
#1329=CARTESIAN_POINT('Ctrl Pts',(-250.,29.8341446255354,12.0429492790842));
#1330=CARTESIAN_POINT('Ctrl Pts',(0.,30.8450766712753,12.1282084856756));
#1331=CARTESIAN_POINT('Ctrl Pts',(-250.,30.8450766712753,12.1282084856756));
#1332=CARTESIAN_POINT('Ctrl Pts',(0.,31.8513390225899,12.2036076195603));
#1333=CARTESIAN_POINT('Ctrl Pts',(-250.,31.8513390225899,12.2036076195603));
#1334=CARTESIAN_POINT('Ctrl Pts',(0.,32.8542852999455,12.272525545624));
#1335=CARTESIAN_POINT('Ctrl Pts',(-250.,32.8542852999455,12.272525545624));
#1336=CARTESIAN_POINT('Ctrl Pts',(0.,33.8553717768953,12.3377105795946));
#1337=CARTESIAN_POINT('Ctrl Pts',(-250.,33.8553717768953,12.3377105795946));
#1338=CARTESIAN_POINT('Ctrl Pts',(0.,34.8556338274972,12.4006817462778));
#1339=CARTESIAN_POINT('Ctrl Pts',(-250.,34.8556338274972,12.4006817462778));
#1340=CARTESIAN_POINT('Ctrl Pts',(0.,35.8560270980414,12.4620066522603));
#1341=CARTESIAN_POINT('Ctrl Pts',(-250.,35.8560270980414,12.4620066522603));
#1342=CARTESIAN_POINT('Ctrl Pts',(0.,36.8577055826853,12.5215095410075));
#1343=CARTESIAN_POINT('Ctrl Pts',(-250.,36.8577055826853,12.5215095410075));
#1344=CARTESIAN_POINT('Ctrl Pts',(0.,37.8623107721416,12.5785030992071));
#1345=CARTESIAN_POINT('Ctrl Pts',(-250.,37.8623107721416,12.5785030992071));
#1346=CARTESIAN_POINT('Ctrl Pts',(0.,38.8722855684663,12.6320158393496));
#1347=CARTESIAN_POINT('Ctrl Pts',(-250.,38.8722855684663,12.6320158393496));
#1348=CARTESIAN_POINT('Ctrl Pts',(0.,39.8911090842802,12.6810076316211));
#1349=CARTESIAN_POINT('Ctrl Pts',(-250.,39.8911090842802,12.6810076316211));
#1350=CARTESIAN_POINT('Ctrl Pts',(0.,40.9237410637974,12.7246251601086));
#1351=CARTESIAN_POINT('Ctrl Pts',(-250.,40.9237410637974,12.7246251601086));
#1352=CARTESIAN_POINT('Ctrl Pts',(0.,41.975994124493,12.7622443412271));
#1353=CARTESIAN_POINT('Ctrl Pts',(-250.,41.975994124493,12.7622443412271));
#1354=CARTESIAN_POINT('Ctrl Pts',(0.,43.0534636529006,12.79342302246));
#1355=CARTESIAN_POINT('Ctrl Pts',(-250.,43.0534636529006,12.79342302246));
#1356=CARTESIAN_POINT('Ctrl Pts',(0.,44.1605885683196,12.8178824368164));
#1357=CARTESIAN_POINT('Ctrl Pts',(-250.,44.1605885683196,12.8178824368164));
#1358=CARTESIAN_POINT('Ctrl Pts',(0.,45.2996829271215,12.8354772193533));
#1359=CARTESIAN_POINT('Ctrl Pts',(-250.,45.2996829271215,12.8354772193533));
#1360=CARTESIAN_POINT('Ctrl Pts',(0.,46.4699203661098,12.8461692458309));
#1361=CARTESIAN_POINT('Ctrl Pts',(-250.,46.4699203661098,12.8461692458309));
#1362=CARTESIAN_POINT('Ctrl Pts',(0.,47.6664767854689,12.8500025124133));
#1363=CARTESIAN_POINT('Ctrl Pts',(-250.,47.6664767854689,12.8500025124133));
#1364=CARTESIAN_POINT('Ctrl Pts',(0.,48.8792458787313,12.8470707651687));
#1365=CARTESIAN_POINT('Ctrl Pts',(-250.,48.8792458787313,12.8470707651687));
#1366=CARTESIAN_POINT('Ctrl Pts',(0.,50.0940369945523,12.8375319228717));
#1367=CARTESIAN_POINT('Ctrl Pts',(-250.,50.0940369945523,12.8375319228717));
#1368=CARTESIAN_POINT('Ctrl Pts',(0.,51.2945721189438,12.8216374331876));
#1369=CARTESIAN_POINT('Ctrl Pts',(-250.,51.2945721189438,12.8216374331876));
#1370=CARTESIAN_POINT('Ctrl Pts',(0.,52.4642325515204,12.7997577328877));
#1371=CARTESIAN_POINT('Ctrl Pts',(-250.,52.4642325515204,12.7997577328877));
#1372=CARTESIAN_POINT('Ctrl Pts',(0.,53.5878752418067,12.7724070357967));
#1373=CARTESIAN_POINT('Ctrl Pts',(-250.,53.5878752418067,12.7724070357967));
#1374=CARTESIAN_POINT('Ctrl Pts',(0.,54.6536996937823,12.7402738459368));
#1375=CARTESIAN_POINT('Ctrl Pts',(-250.,54.6536996937823,12.7402738459368));
#1376=CARTESIAN_POINT('Ctrl Pts',(0.,55.6549067889758,12.7042364658374));
#1377=CARTESIAN_POINT('Ctrl Pts',(-250.,55.6549067889758,12.7042364658374));
#1378=CARTESIAN_POINT('Ctrl Pts',(0.,56.5919064141103,12.6654158336776));
#1379=CARTESIAN_POINT('Ctrl Pts',(-250.,56.5919064141103,12.6654158336776));
#1380=CARTESIAN_POINT('Ctrl Pts',(0.,57.4726394571005,12.6251010663222));
#1381=CARTESIAN_POINT('Ctrl Pts',(-250.,57.4726394571005,12.6251010663222));
#1382=CARTESIAN_POINT('Ctrl Pts',(0.,58.3102104914059,12.5844923897449));
#1383=CARTESIAN_POINT('Ctrl Pts',(-250.,58.3102104914059,12.5844923897449));
#1384=CARTESIAN_POINT('Ctrl Pts',(0.,59.1211893314145,12.544491179014));
#1385=CARTESIAN_POINT('Ctrl Pts',(-250.,59.1211893314145,12.544491179014));
#1386=CARTESIAN_POINT('Ctrl Pts',(0.,59.9236156927461,12.5054651193858));
#1387=CARTESIAN_POINT('Ctrl Pts',(-250.,59.9236156927461,12.5054651193858));
#1388=CARTESIAN_POINT('Ctrl Pts',(0.,60.7351954731119,12.4670372806766));
#1389=CARTESIAN_POINT('Ctrl Pts',(-250.,60.7351954731119,12.4670372806766));
#1390=CARTESIAN_POINT('Ctrl Pts',(0.,61.5712442951533,12.4278290221455));
#1391=CARTESIAN_POINT('Ctrl Pts',(-250.,61.5712442951533,12.4278290221455));
#1392=CARTESIAN_POINT('Ctrl Pts',(0.,62.4447688129094,12.3856477173669));
#1393=CARTESIAN_POINT('Ctrl Pts',(-250.,62.4447688129094,12.3856477173669));
#1394=CARTESIAN_POINT('Ctrl Pts',(0.,63.3668137195555,12.337731449042));
#1395=CARTESIAN_POINT('Ctrl Pts',(-250.,63.3668137195555,12.337731449042));
#1396=CARTESIAN_POINT('Ctrl Pts',(0.,64.3467159527681,12.2809734877319));
#1397=CARTESIAN_POINT('Ctrl Pts',(-250.,64.3467159527681,12.2809734877319));
#1398=CARTESIAN_POINT('Ctrl Pts',(0.,65.3923946970078,12.2121549558309));
#1399=CARTESIAN_POINT('Ctrl Pts',(-250.,65.3923946970078,12.2121549558309));
#1400=CARTESIAN_POINT('Ctrl Pts',(0.,66.5106320145272,12.1281744253717));
#1401=CARTESIAN_POINT('Ctrl Pts',(-250.,66.5106320145272,12.1281744253717));
#1402=CARTESIAN_POINT('Ctrl Pts',(0.,67.707339052605,12.0262774580769));
#1403=CARTESIAN_POINT('Ctrl Pts',(-250.,67.707339052605,12.0262774580769));
#1404=CARTESIAN_POINT('Ctrl Pts',(0.,68.9867702521188,11.9042065531791));
#1405=CARTESIAN_POINT('Ctrl Pts',(-250.,68.9867702521188,11.9042065531791));
#1406=CARTESIAN_POINT('Ctrl Pts',(0.,70.3507598039981,11.7603528853502));
#1407=CARTESIAN_POINT('Ctrl Pts',(-250.,70.3507598039981,11.7603528853502));
#1408=CARTESIAN_POINT('Ctrl Pts',(0.,71.7979475960787,11.5939078281438));
#1409=CARTESIAN_POINT('Ctrl Pts',(-250.,71.7979475960787,11.5939078281438));
#1410=CARTESIAN_POINT('Ctrl Pts',(0.,73.3230121004622,11.4050141269698));
#1411=CARTESIAN_POINT('Ctrl Pts',(-250.,73.3230121004622,11.4050141269698));
#1412=CARTESIAN_POINT('Ctrl Pts',(0.,74.9158913772418,11.1949190377734));
#1413=CARTESIAN_POINT('Ctrl Pts',(-250.,74.9158913772418,11.1949190377734));
#1414=CARTESIAN_POINT('Ctrl Pts',(0.,76.5610259485707,10.9661233466132));
#1415=CARTESIAN_POINT('Ctrl Pts',(-250.,76.5610259485707,10.9661233466132));
#1416=CARTESIAN_POINT('Ctrl Pts',(0.,78.2365486215687,10.7225408665513));
#1417=CARTESIAN_POINT('Ctrl Pts',(-250.,78.2365486215687,10.7225408665513));
#1418=CARTESIAN_POINT('Ctrl Pts',(0.,79.9135947620382,10.4696341148541));
#1419=CARTESIAN_POINT('Ctrl Pts',(-250.,79.9135947620382,10.4696341148541));
#1420=CARTESIAN_POINT('Ctrl Pts',(0.,81.5552894125272,10.2146140962485));
#1421=CARTESIAN_POINT('Ctrl Pts',(-250.,81.5552894125272,10.2146140962485));
#1422=CARTESIAN_POINT('Ctrl Pts',(0.,83.121039972102,9.96558835377319));
#1423=CARTESIAN_POINT('Ctrl Pts',(-250.,83.121039972102,9.96558835377319));
#1424=CARTESIAN_POINT('Ctrl Pts',(0.,84.5712386463806,9.73062797211985));
#1425=CARTESIAN_POINT('Ctrl Pts',(-250.,84.5712386463806,9.73062797211985));
#1426=CARTESIAN_POINT('Ctrl Pts',(0.,85.8717768225572,9.51687155289037));
#1427=CARTESIAN_POINT('Ctrl Pts',(-250.,85.8717768225572,9.51687155289037));
#1428=CARTESIAN_POINT('Ctrl Pts',(0.,86.9987300485853,9.32959620643203));
#1429=CARTESIAN_POINT('Ctrl Pts',(-250.,86.9987300485853,9.32959620643203));
#1430=CARTESIAN_POINT('Ctrl Pts',(0.,87.9427641943334,9.17134198526134));
#1431=CARTESIAN_POINT('Ctrl Pts',(-250.,87.9427641943334,9.17134198526134));
#1432=CARTESIAN_POINT('Ctrl Pts',(0.,88.7141491730184,9.0409202434741));
#1433=CARTESIAN_POINT('Ctrl Pts',(-250.,88.7141491730184,9.0409202434741));
#1434=CARTESIAN_POINT('Ctrl Pts',(0.,89.346381126477,8.93268772682928));
#1435=CARTESIAN_POINT('Ctrl Pts',(-250.,89.346381126477,8.93268772682928));
#1436=CARTESIAN_POINT('Ctrl Pts',(0.,89.903327675346,8.83514802031092));
#1437=CARTESIAN_POINT('Ctrl Pts',(-250.,89.903327675346,8.83514802031092));
#1438=CARTESIAN_POINT('Ctrl Pts',(0.,90.4677028719305,8.733115880241));
#1439=CARTESIAN_POINT('Ctrl Pts',(-250.,90.4677028719305,8.733115880241));
#1440=CARTESIAN_POINT('Ctrl Pts',(0.,91.121040260695,8.61150041337362));
#1441=CARTESIAN_POINT('Ctrl Pts',(-250.,91.121040260695,8.61150041337362));
#1442=CARTESIAN_POINT('Ctrl Pts',(0.,91.9281183327592,8.45824584297873));
#1443=CARTESIAN_POINT('Ctrl Pts',(-250.,91.9281183327592,8.45824584297873));
#1444=CARTESIAN_POINT('Ctrl Pts',(0.,92.9154851138884,8.26838074650951));
#1445=CARTESIAN_POINT('Ctrl Pts',(-250.,92.9154851138884,8.26838074650951));
#1446=CARTESIAN_POINT('Ctrl Pts',(0.,94.0697090794951,8.04437227760333));
#1447=CARTESIAN_POINT('Ctrl Pts',(-250.,94.0697090794951,8.04437227760333));
#1448=CARTESIAN_POINT('Ctrl Pts',(0.,95.3506083094453,7.79367670069828));
#1449=CARTESIAN_POINT('Ctrl Pts',(-250.,95.3506083094453,7.79367670069828));
#1450=CARTESIAN_POINT('Ctrl Pts',(0.,96.7001630711561,7.52709769162043));
#1451=CARTESIAN_POINT('Ctrl Pts',(-250.,96.7001630711561,7.52709769162043));
#1452=CARTESIAN_POINT('Ctrl Pts',(0.,98.0532522097438,7.25680362215957));
#1453=CARTESIAN_POINT('Ctrl Pts',(-250.,98.0532522097438,7.25680362215957));
#1454=CARTESIAN_POINT('Ctrl Pts',(0.,99.347475435923,6.99451517499472));
#1455=CARTESIAN_POINT('Ctrl Pts',(-250.,99.347475435923,6.99451517499472));
#1456=CARTESIAN_POINT('Ctrl Pts',(0.,100.533669985997,6.74956478411734));
#1457=CARTESIAN_POINT('Ctrl Pts',(-250.,100.533669985997,6.74956478411734));
#1458=CARTESIAN_POINT('Ctrl Pts',(0.,101.585422161676,6.52714005022515));
#1459=CARTESIAN_POINT('Ctrl Pts',(-250.,101.585422161676,6.52714005022515));
#1460=CARTESIAN_POINT('Ctrl Pts',(0.,102.510896229322,6.32610424999564));
#1461=CARTESIAN_POINT('Ctrl Pts',(-250.,102.510896229322,6.32610424999564));
#1462=CARTESIAN_POINT('Ctrl Pts',(0.,103.343996743062,6.14058667657471));
#1463=CARTESIAN_POINT('Ctrl Pts',(-250.,103.343996743062,6.14058667657471));
#1464=CARTESIAN_POINT('Ctrl Pts',(0.,104.132450368721,5.96213542947629));
#1465=CARTESIAN_POINT('Ctrl Pts',(-250.,104.132450368721,5.96213542947629));
#1466=CARTESIAN_POINT('Ctrl Pts',(0.,104.926828325906,5.78169730320749));
#1467=CARTESIAN_POINT('Ctrl Pts',(-250.,104.926828325906,5.78169730320749));
#1468=CARTESIAN_POINT('Ctrl Pts',(0.,105.769502260702,5.59161288034884));
#1469=CARTESIAN_POINT('Ctrl Pts',(-250.,105.769502260702,5.59161288034884));
#1470=CARTESIAN_POINT('Ctrl Pts',(0.,106.682849875047,5.38774113969204));
#1471=CARTESIAN_POINT('Ctrl Pts',(-250.,106.682849875047,5.38774113969204));
#1472=CARTESIAN_POINT('Ctrl Pts',(0.,107.660054543085,5.17113149730848));
#1473=CARTESIAN_POINT('Ctrl Pts',(-250.,107.660054543085,5.17113149730848));
#1474=CARTESIAN_POINT('Ctrl Pts',(0.,108.675242753022,4.94631372043885));
#1475=CARTESIAN_POINT('Ctrl Pts',(-250.,108.675242753022,4.94631372043885));
#1476=CARTESIAN_POINT('Ctrl Pts',(0.,109.691709495432,4.71992403738968));
#1477=CARTESIAN_POINT('Ctrl Pts',(-250.,109.691709495432,4.71992403738968));
#1478=CARTESIAN_POINT('Ctrl Pts',(0.,110.670771150602,4.49921750100471));
#1479=CARTESIAN_POINT('Ctrl Pts',(-250.,110.670771150602,4.49921750100471));
#1480=CARTESIAN_POINT('Ctrl Pts',(0.,111.58058648144,4.29059536202974));
#1481=CARTESIAN_POINT('Ctrl Pts',(-250.,111.58058648144,4.29059536202974));
#1482=CARTESIAN_POINT('Ctrl Pts',(0.,112.404436700915,4.09820507553076));
#1483=CARTESIAN_POINT('Ctrl Pts',(-250.,112.404436700915,4.09820507553076));
#1484=CARTESIAN_POINT('Ctrl Pts',(0.,113.150723274552,3.92229761277655));
#1485=CARTESIAN_POINT('Ctrl Pts',(-250.,113.150723274552,3.92229761277655));
#1486=CARTESIAN_POINT('Ctrl Pts',(0.,113.845080291137,3.76011970851658));
#1487=CARTESIAN_POINT('Ctrl Pts',(-250.,113.845080291137,3.76011970851658));
#1488=CARTESIAN_POINT('Ctrl Pts',(0.,114.519934326707,3.60716012756163));
#1489=CARTESIAN_POINT('Ctrl Pts',(-250.,114.519934326707,3.60716012756163));
#1490=CARTESIAN_POINT('Ctrl Pts',(0.,115.205150707876,3.45825960649154));
#1491=CARTESIAN_POINT('Ctrl Pts',(-250.,115.205150707876,3.45825960649154));
#1492=CARTESIAN_POINT('Ctrl Pts',(0.,115.917808176677,3.30880197016305));
#1493=CARTESIAN_POINT('Ctrl Pts',(-250.,115.917808176677,3.30880197016305));
#1494=CARTESIAN_POINT('Ctrl Pts',(0.,116.653512070995,3.15580104872447));
#1495=CARTESIAN_POINT('Ctrl Pts',(-250.,116.653512070995,3.15580104872447));
#1496=CARTESIAN_POINT('Ctrl Pts',(0.,117.395153908042,2.9978217432729));
#1497=CARTESIAN_POINT('Ctrl Pts',(-250.,117.395153908042,2.9978217432729));
#1498=CARTESIAN_POINT('Ctrl Pts',(0.,118.120924038391,2.83499799098454));
#1499=CARTESIAN_POINT('Ctrl Pts',(-250.,118.120924038391,2.83499799098454));
#1500=CARTESIAN_POINT('Ctrl Pts',(0.,118.811967124599,2.66895948754854));
#1501=CARTESIAN_POINT('Ctrl Pts',(-250.,118.811967124599,2.66895948754854));
#1502=CARTESIAN_POINT('Ctrl Pts',(0.,119.461697724017,2.50292849011894));
#1503=CARTESIAN_POINT('Ctrl Pts',(-250.,119.461697724017,2.50292849011894));
#1504=CARTESIAN_POINT('Ctrl Pts',(0.,120.079360829768,2.34130202460448));
#1505=CARTESIAN_POINT('Ctrl Pts',(-250.,120.079360829768,2.34130202460448));
#1506=CARTESIAN_POINT('Ctrl Pts',(0.,120.681343834001,2.18811672279937));
#1507=CARTESIAN_POINT('Ctrl Pts',(-250.,120.681343834001,2.18811672279937));
#1508=CARTESIAN_POINT('Ctrl Pts',(0.,121.285327797087,2.04582700285888));
#1509=CARTESIAN_POINT('Ctrl Pts',(-250.,121.285327797087,2.04582700285888));
#1510=CARTESIAN_POINT('Ctrl Pts',(0.,121.90275313405,1.91378641205499));
#1511=CARTESIAN_POINT('Ctrl Pts',(-250.,121.90275313405,1.91378641205499));
#1512=CARTESIAN_POINT('Ctrl Pts',(0.,122.53362142159,1.7873573627958));
#1513=CARTESIAN_POINT('Ctrl Pts',(-250.,122.53362142159,1.7873573627958));
#1514=CARTESIAN_POINT('Ctrl Pts',(0.,123.17196729752,1.66037788192442));
#1515=CARTESIAN_POINT('Ctrl Pts',(-250.,123.17196729752,1.66037788192442));
#1516=CARTESIAN_POINT('Ctrl Pts',(0.,123.810111463693,1.52723122028626));
#1517=CARTESIAN_POINT('Ctrl Pts',(-250.,123.810111463693,1.52723122028626));
#1518=CARTESIAN_POINT('Ctrl Pts',(0.,124.443396648775,1.38507469016358));
#1519=CARTESIAN_POINT('Ctrl Pts',(-250.,124.443396648775,1.38507469016358));
#1520=CARTESIAN_POINT('Ctrl Pts',(0.,125.074681479573,1.23598746037565));
#1521=CARTESIAN_POINT('Ctrl Pts',(-250.,125.074681479573,1.23598746037565));
#1522=CARTESIAN_POINT('Ctrl Pts',(0.,125.70983055605,1.08486070992983));
#1523=CARTESIAN_POINT('Ctrl Pts',(-250.,125.70983055605,1.08486070992983));
#1524=CARTESIAN_POINT('Ctrl Pts',(0.,126.35293750759,0.937191365253819));
#1525=CARTESIAN_POINT('Ctrl Pts',(-250.,126.35293750759,0.937191365253819));
#1526=CARTESIAN_POINT('Ctrl Pts',(0.,127.002110133114,0.797082685657949));
#1527=CARTESIAN_POINT('Ctrl Pts',(-250.,127.002110133114,0.797082685657949));
#1528=CARTESIAN_POINT('Ctrl Pts',(0.,127.643846388927,0.664726033724785));
#1529=CARTESIAN_POINT('Ctrl Pts',(-250.,127.643846388927,0.664726033724785));
#1530=CARTESIAN_POINT('Ctrl Pts',(0.,128.256536789996,0.537226474851561));
#1531=CARTESIAN_POINT('Ctrl Pts',(-250.,128.256536789996,0.537226474851561));
#1532=CARTESIAN_POINT('Ctrl Pts',(0.,128.816676553762,0.410393151204256));
#1533=CARTESIAN_POINT('Ctrl Pts',(-250.,128.816676553762,0.410393151204256));
#1534=CARTESIAN_POINT('Ctrl Pts',(0.,129.303727661386,0.280094864983792));
#1535=CARTESIAN_POINT('Ctrl Pts',(-250.,129.303727661386,0.280094864983792));
#1536=CARTESIAN_POINT('Ctrl Pts',(0.,129.62604878301,0.171273484512513));
#1537=CARTESIAN_POINT('Ctrl Pts',(-250.,129.62604878301,0.171273484512513));
#1538=CARTESIAN_POINT('Ctrl Pts',(0.,129.828364637852,0.0867641364328228));
#1539=CARTESIAN_POINT('Ctrl Pts',(-250.,129.828364637852,0.0867641364328228));
#1540=CARTESIAN_POINT('Ctrl Pts',(0.,129.94570980101,0.0291360314206113));
#1541=CARTESIAN_POINT('Ctrl Pts',(-250.,129.94570980101,0.0291360314206113));
#1542=CARTESIAN_POINT('Ctrl Pts',(0.,130.,0.));
#1543=CARTESIAN_POINT('Ctrl Pts',(-250.,130.,0.));
#1544=CARTESIAN_POINT('',(-136.,105.289902353694,5.7));
#1545=CARTESIAN_POINT('Ctrl Pts',(-136.,130.,0.));
#1546=CARTESIAN_POINT('Ctrl Pts',(-136.,129.943273146517,0.0304437157388987));
#1547=CARTESIAN_POINT('Ctrl Pts',(-136.,129.880802600995,0.0604651359047871));
#1548=CARTESIAN_POINT('Ctrl Pts',(-136.,129.812597341438,0.0900661329834265));
#1549=CARTESIAN_POINT('Ctrl Pts',(-136.,129.753185023387,0.115851004479688));
#1550=CARTESIAN_POINT('Ctrl Pts',(-136.,129.689420021122,0.141316618455372));
#1551=CARTESIAN_POINT('Ctrl Pts',(-136.,129.621342208219,0.166471123217077));
#1552=CARTESIAN_POINT('Ctrl Pts',(-136.,129.560063058787,0.189113546503537));
#1553=CARTESIAN_POINT('Ctrl Pts',(-136.,129.4952887558,0.211503739735562));
#1554=CARTESIAN_POINT('Ctrl Pts',(-136.,129.42709019785,0.233656123109841));
#1555=CARTESIAN_POINT('Ctrl Pts',(-136.,129.364193139521,0.254086463444268));
#1556=CARTESIAN_POINT('Ctrl Pts',(-136.,129.298383131788,0.274314447728738));
#1557=CARTESIAN_POINT('Ctrl Pts',(-136.,129.229760824128,0.294360607465119));
#1558=CARTESIAN_POINT('Ctrl Pts',(-136.,129.163426429936,0.313738414877017));
#1559=CARTESIAN_POINT('Ctrl Pts',(-136.,129.094463966822,0.332946295772007));
#1560=CARTESIAN_POINT('Ctrl Pts',(-136.,129.023012850515,0.352012694998105));
#1561=CARTESIAN_POINT('Ctrl Pts',(-136.,128.953182586768,0.370646577230564));
#1562=CARTESIAN_POINT('Ctrl Pts',(-136.,128.880975176628,0.389145311319187));
#1563=CARTESIAN_POINT('Ctrl Pts',(-136.,128.806569770467,0.407545272288675));
#1564=CARTESIAN_POINT('Ctrl Pts',(-136.,128.729439056399,0.42661918373724));
#1565=CARTESIAN_POINT('Ctrl Pts',(-136.,128.649946420373,0.44558701345175));
#1566=CARTESIAN_POINT('Ctrl Pts',(-136.,128.568348379866,0.464500333823211));
#1567=CARTESIAN_POINT('Ctrl Pts',(-136.,128.476194114569,0.485860444094448));
#1568=CARTESIAN_POINT('Ctrl Pts',(-136.,128.381355135957,0.507151361319715));
#1569=CARTESIAN_POINT('Ctrl Pts',(-136.,128.284266260816,0.528457921132466));
#1570=CARTESIAN_POINT('Ctrl Pts',(-136.,128.154447266076,0.556947242614914));
#1571=CARTESIAN_POINT('Ctrl Pts',(-136.,128.020607527461,0.585465977415098));
#1572=CARTESIAN_POINT('Ctrl Pts',(-136.,127.883881388332,0.614220774427766));
#1573=CARTESIAN_POINT('Ctrl Pts',(-136.,127.766956127586,0.638811259903503));
#1574=CARTESIAN_POINT('Ctrl Pts',(-136.,127.647924339249,0.66357518444164));
#1575=CARTESIAN_POINT('Ctrl Pts',(-136.,127.527499135961,0.688627817981806));
#1576=CARTESIAN_POINT('Ctrl Pts',(-136.,127.427720793793,0.709385185819452));
#1577=CARTESIAN_POINT('Ctrl Pts',(-136.,127.326987111042,0.730340860513045));
#1578=CARTESIAN_POINT('Ctrl Pts',(-136.,127.225677218435,0.751545740148401));
#1579=CARTESIAN_POINT('Ctrl Pts',(-136.,127.1259502929,0.772419293539454));
#1580=CARTESIAN_POINT('Ctrl Pts',(-136.,127.025666475706,0.793534727503634));
#1581=CARTESIAN_POINT('Ctrl Pts',(-136.,126.925139914964,0.814920882993149));
#1582=CARTESIAN_POINT('Ctrl Pts',(-136.,126.834539991432,0.834195232356079));
#1583=CARTESIAN_POINT('Ctrl Pts',(-136.,126.743742766683,0.853689341954962));
#1584=CARTESIAN_POINT('Ctrl Pts',(-136.,126.652931660754,0.873406882326806));
#1585=CARTESIAN_POINT('Ctrl Pts',(-136.,126.565256234003,0.89244358217655));
#1586=CARTESIAN_POINT('Ctrl Pts',(-136.,126.477568049408,0.911688559354107));
#1587=CARTESIAN_POINT('Ctrl Pts',(-136.,126.389985777586,0.931128714503828));
#1588=CARTESIAN_POINT('Ctrl Pts',(-136.,126.30201865442,0.950654292989623));
#1589=CARTESIAN_POINT('Ctrl Pts',(-136.,126.214158467164,0.970376742915389));
#1590=CARTESIAN_POINT('Ctrl Pts',(-136.,126.126474065405,0.990265431871019));
#1591=CARTESIAN_POINT('Ctrl Pts',(-136.,126.029242690004,1.01231957768581));
#1592=CARTESIAN_POINT('Ctrl Pts',(-136.,125.932227480414,1.03457800021965));
#1593=CARTESIAN_POINT('Ctrl Pts',(-136.,125.835458491295,1.05697895676236));
#1594=CARTESIAN_POINT('Ctrl Pts',(-136.,125.729028626881,1.08161629966832));
#1595=CARTESIAN_POINT('Ctrl Pts',(-136.,125.622896020098,1.10642560194446));
#1596=CARTESIAN_POINT('Ctrl Pts',(-136.,125.517031755132,1.13130651982861));
#1597=CARTESIAN_POINT('Ctrl Pts',(-136.,125.395334510039,1.15990860914426));
#1598=CARTESIAN_POINT('Ctrl Pts',(-136.,125.273991174649,1.18860448016185));
#1599=CARTESIAN_POINT('Ctrl Pts',(-136.,125.152880415799,1.21722926890689));
#1600=CARTESIAN_POINT('Ctrl Pts',(-136.,125.005073833568,1.25216367301472));
#1601=CARTESIAN_POINT('Ctrl Pts',(-136.,124.857609777007,1.28698881751064));
#1602=CARTESIAN_POINT('Ctrl Pts',(-136.,124.710191873981,1.32142134403971));
#1603=CARTESIAN_POINT('Ctrl Pts',(-136.,124.598832666038,1.34743161011381));
#1604=CARTESIAN_POINT('Ctrl Pts',(-136.,124.48749697499,1.37321769421989));
#1605=CARTESIAN_POINT('Ctrl Pts',(-136.,124.376068241223,1.39868408977653));
#1606=CARTESIAN_POINT('Ctrl Pts',(-136.,124.277449213544,1.42122290075806));
#1607=CARTESIAN_POINT('Ctrl Pts',(-136.,124.178756552703,1.44351120881895));
#1608=CARTESIAN_POINT('Ctrl Pts',(-136.,124.079938197212,1.4655081798458));
#1609=CARTESIAN_POINT('Ctrl Pts',(-136.,123.986668995984,1.48626990884776));
#1610=CARTESIAN_POINT('Ctrl Pts',(-136.,123.893287263603,1.5067719323896));
#1611=CARTESIAN_POINT('Ctrl Pts',(-136.,123.799785373197,1.52700597374412));
#1612=CARTESIAN_POINT('Ctrl Pts',(-136.,123.702444321064,1.54807081923335));
#1613=CARTESIAN_POINT('Ctrl Pts',(-136.,123.604972815127,1.56884505685634));
#1614=CARTESIAN_POINT('Ctrl Pts',(-136.,123.507412483905,1.58935305073233));
#1615=CARTESIAN_POINT('Ctrl Pts',(-136.,123.400198340299,1.61189035634569));
#1616=CARTESIAN_POINT('Ctrl Pts',(-136.,123.292877522508,1.63410620079852));
#1617=CARTESIAN_POINT('Ctrl Pts',(-136.,123.185560334139,1.65607297946093));
#1618=CARTESIAN_POINT('Ctrl Pts',(-136.,123.058205146656,1.68214134052671));
#1619=CARTESIAN_POINT('Ctrl Pts',(-136.,122.930856627351,1.70785898340877));
#1620=CARTESIAN_POINT('Ctrl Pts',(-136.,122.8037578715,1.73340134057525));
#1621=CARTESIAN_POINT('Ctrl Pts',(-136.,122.661767009445,1.76193648467416));
#1622=CARTESIAN_POINT('Ctrl Pts',(-136.,122.520093765651,1.79025488832545));
#1623=CARTESIAN_POINT('Ctrl Pts',(-136.,122.379083029741,1.8186467869741));
#1624=CARTESIAN_POINT('Ctrl Pts',(-136.,122.269693150825,1.84067196353486));
#1625=CARTESIAN_POINT('Ctrl Pts',(-136.,122.160702975268,1.86274277254252));
#1626=CARTESIAN_POINT('Ctrl Pts',(-136.,122.052237994,1.88499652143134));
#1627=CARTESIAN_POINT('Ctrl Pts',(-136.,121.955569619849,1.90482996166896));
#1628=CARTESIAN_POINT('Ctrl Pts',(-136.,121.859318817042,1.92480913466172));
#1629=CARTESIAN_POINT('Ctrl Pts',(-136.,121.763534636321,1.94502307338593));
#1630=CARTESIAN_POINT('Ctrl Pts',(-136.,121.675367638919,1.96362950995562));
#1631=CARTESIAN_POINT('Ctrl Pts',(-136.,121.587596362778,1.98243511954284));
#1632=CARTESIAN_POINT('Ctrl Pts',(-136.,121.500218046438,2.00149752404479));
#1633=CARTESIAN_POINT('Ctrl Pts',(-136.,121.416761651611,2.01970432434862));
#1634=CARTESIAN_POINT('Ctrl Pts',(-136.,121.333664109965,2.03814559756782));
#1635=CARTESIAN_POINT('Ctrl Pts',(-136.,121.25087853914,2.05685694524671));
#1636=CARTESIAN_POINT('Ctrl Pts',(-136.,121.165581903959,2.076135848331));
#1637=CARTESIAN_POINT('Ctrl Pts',(-136.,121.080616459,2.09570157384024));
#1638=CARTESIAN_POINT('Ctrl Pts',(-136.,120.995876517965,2.11557370905536));
#1639=CARTESIAN_POINT('Ctrl Pts',(-136.,120.905990005599,2.13665275284432));
#1640=CARTESIAN_POINT('Ctrl Pts',(-136.,120.816356837799,2.15807661252885));
#1641=CARTESIAN_POINT('Ctrl Pts',(-136.,120.726794574681,2.17984616591113));
#1642=CARTESIAN_POINT('Ctrl Pts',(-136.,120.627323933911,2.20402411038044));
#1643=CARTESIAN_POINT('Ctrl Pts',(-136.,120.527940080431,2.22862864711829));
#1644=CARTESIAN_POINT('Ctrl Pts',(-136.,120.428332370725,2.25363154252827));
#1645=CARTESIAN_POINT('Ctrl Pts',(-136.,120.301606371128,2.28544149903627));
#1646=CARTESIAN_POINT('Ctrl Pts',(-136.,120.174514495722,2.31789705890575));
#1647=CARTESIAN_POINT('Ctrl Pts',(-136.,120.046352644256,2.35088437052914));
#1648=CARTESIAN_POINT('Ctrl Pts',(-136.,119.934565408539,2.37965705395948));
#1649=CARTESIAN_POINT('Ctrl Pts',(-136.,119.821960169226,2.40883275003449));
#1650=CARTESIAN_POINT('Ctrl Pts',(-136.,119.708090675539,2.43831048230131));
#1651=CARTESIAN_POINT('Ctrl Pts',(-136.,119.610655215806,2.46353388764264));
#1652=CARTESIAN_POINT('Ctrl Pts',(-136.,119.512293352049,2.48897782926705));
#1653=CARTESIAN_POINT('Ctrl Pts',(-136.,119.412766022146,2.51457132590449));
#1654=CARTESIAN_POINT('Ctrl Pts',(-136.,119.32368211167,2.53747929264525));
#1655=CARTESIAN_POINT('Ctrl Pts',(-136.,119.233663998075,2.56050680260389));
#1656=CARTESIAN_POINT('Ctrl Pts',(-136.,119.142582411494,2.58360147783942));
#1657=CARTESIAN_POINT('Ctrl Pts',(-136.,119.058211745215,2.60499453004973));
#1658=CARTESIAN_POINT('Ctrl Pts',(-136.,118.972928174265,2.62644506370238));
#1659=CARTESIAN_POINT('Ctrl Pts',(-136.,118.886673555677,2.64791290559634));
#1660=CARTESIAN_POINT('Ctrl Pts',(-136.,118.802810178013,2.66878559348076));
#1661=CARTESIAN_POINT('Ctrl Pts',(-136.,118.718028464374,2.68967453587791));
#1662=CARTESIAN_POINT('Ctrl Pts',(-136.,118.632325133835,2.71054612127036));
#1663=CARTESIAN_POINT('Ctrl Pts',(-136.,118.544818601254,2.73185684578573));
#1664=CARTESIAN_POINT('Ctrl Pts',(-136.,118.456351388863,2.753149419325));
#1665=CARTESIAN_POINT('Ctrl Pts',(-136.,118.366974592268,2.77439274621489));
#1666=CARTESIAN_POINT('Ctrl Pts',(-136.,118.275271885486,2.79618890194068));
#1667=CARTESIAN_POINT('Ctrl Pts',(-136.,118.182611776071,2.81793314634811));
#1668=CARTESIAN_POINT('Ctrl Pts',(-136.,118.089104286211,2.83959772715534));
#1669=CARTESIAN_POINT('Ctrl Pts',(-136.,117.989364916715,2.86270616085773));
#1670=CARTESIAN_POINT('Ctrl Pts',(-136.,117.888661801428,2.8857238615795));
#1671=CARTESIAN_POINT('Ctrl Pts',(-136.,117.787188292849,2.908625200593));
#1672=CARTESIAN_POINT('Ctrl Pts',(-136.,117.671283748997,2.93478344907695));
#1673=CARTESIAN_POINT('Ctrl Pts',(-136.,117.554374957513,2.96078963713001));
#1674=CARTESIAN_POINT('Ctrl Pts',(-136.,117.436816614979,2.98661866932962));
#1675=CARTESIAN_POINT('Ctrl Pts',(-136.,117.272872990727,3.02263912571301));
#1676=CARTESIAN_POINT('Ctrl Pts',(-136.,117.10766999501,3.05831296818653));
#1677=CARTESIAN_POINT('Ctrl Pts',(-136.,116.942261808092,3.09361642540427));
#1678=CARTESIAN_POINT('Ctrl Pts',(-136.,116.821276629393,3.11943857580542));
#1679=CARTESIAN_POINT('Ctrl Pts',(-136.,116.700184821945,3.14506362063906));
#1680=CARTESIAN_POINT('Ctrl Pts',(-136.,116.579383813368,3.17050003433534));
#1681=CARTESIAN_POINT('Ctrl Pts',(-136.,116.473493780503,3.19279672468577));
#1682=CARTESIAN_POINT('Ctrl Pts',(-136.,116.367828016762,3.21494870209881));
#1683=CARTESIAN_POINT('Ctrl Pts',(-136.,116.262620906161,3.23697133752842));
#1684=CARTESIAN_POINT('Ctrl Pts',(-136.,116.163206684356,3.2577813678659));
#1685=CARTESIAN_POINT('Ctrl Pts',(-136.,116.064202679416,3.27847598184371));
#1686=CARTESIAN_POINT('Ctrl Pts',(-136.,115.965764402181,3.29907553343303));
#1687=CARTESIAN_POINT('Ctrl Pts',(-136.,115.87040232111,3.31903134903519));
#1688=CARTESIAN_POINT('Ctrl Pts',(-136.,115.775571814292,3.33889798385912));
#1689=CARTESIAN_POINT('Ctrl Pts',(-136.,115.681363862386,3.35870034767627));
#1690=CARTESIAN_POINT('Ctrl Pts',(-136.,115.590099908977,3.37788388762413));
#1691=CARTESIAN_POINT('Ctrl Pts',(-136.,115.499420740508,3.39700713396087));
#1692=CARTESIAN_POINT('Ctrl Pts',(-136.,115.409352392718,3.41609845384434));
#1693=CARTESIAN_POINT('Ctrl Pts',(-136.,115.326722141564,3.43361315901587));
#1694=CARTESIAN_POINT('Ctrl Pts',(-136.,115.244605829487,3.45110105164332));
#1695=CARTESIAN_POINT('Ctrl Pts',(-136.,115.162973554341,3.46858828100205));
#1696=CARTESIAN_POINT('Ctrl Pts',(-136.,115.078262273924,3.48673509348845));
#1697=CARTESIAN_POINT('Ctrl Pts',(-136.,114.994072307571,3.50488121810507));
#1698=CARTESIAN_POINT('Ctrl Pts',(-136.,114.91031148419,3.52306025612378));
#1699=CARTESIAN_POINT('Ctrl Pts',(-136.,114.822458250533,3.54212749078372));
#1700=CARTESIAN_POINT('Ctrl Pts',(-136.,114.735076862362,3.56123099410037));
#1701=CARTESIAN_POINT('Ctrl Pts',(-136.,114.647999780103,3.5804135305442));
#1702=CARTESIAN_POINT('Ctrl Pts',(-136.,114.554843317639,3.60093531641285));
#1703=CARTESIAN_POINT('Ctrl Pts',(-136.,114.462034824614,3.62154764589548));
#1704=CARTESIAN_POINT('Ctrl Pts',(-136.,114.369304855642,3.64230617816384));
#1705=CARTESIAN_POINT('Ctrl Pts',(-136.,114.265640459435,3.66551249147999));
#1706=CARTESIAN_POINT('Ctrl Pts',(-136.,114.162073535376,3.6889017119921));
#1707=CARTESIAN_POINT('Ctrl Pts',(-136.,114.058156569661,3.71255337423069));
#1708=CARTESIAN_POINT('Ctrl Pts',(-136.,113.926605078852,3.74249469715314));
#1709=CARTESIAN_POINT('Ctrl Pts',(-136.,113.794490554886,3.77285739679245));
#1710=CARTESIAN_POINT('Ctrl Pts',(-136.,113.660814184701,3.80379762743006));
#1711=CARTESIAN_POINT('Ctrl Pts',(-136.,113.526202931823,3.83495424250478));
#1712=CARTESIAN_POINT('Ctrl Pts',(-136.,113.390000974713,3.86669733770913));
#1713=CARTESIAN_POINT('Ctrl Pts',(-136.,113.251185955,3.8991684661762));
#1714=CARTESIAN_POINT('Ctrl Pts',(-136.,113.145944864156,3.92378609752363));
#1715=CARTESIAN_POINT('Ctrl Pts',(-136.,113.039201027585,3.94882191024391));
#1716=CARTESIAN_POINT('Ctrl Pts',(-136.,112.930545182443,3.97432629593098));
#1717=CARTESIAN_POINT('Ctrl Pts',(-136.,112.833047786048,3.99721150010834));
#1718=CARTESIAN_POINT('Ctrl Pts',(-136.,112.734010385902,4.02047396439526));
#1719=CARTESIAN_POINT('Ctrl Pts',(-136.,112.633179036478,4.04414100206457));
#1720=CARTESIAN_POINT('Ctrl Pts',(-136.,112.538993940225,4.06624803756118));
#1721=CARTESIAN_POINT('Ctrl Pts',(-136.,112.443243227527,4.08870807749877));
#1722=CARTESIAN_POINT('Ctrl Pts',(-136.,112.345764616854,4.11153498335188));
#1723=CARTESIAN_POINT('Ctrl Pts',(-136.,112.252323906031,4.1334163201303));
#1724=CARTESIAN_POINT('Ctrl Pts',(-136.,112.157295239164,4.15563476732019));
#1725=CARTESIAN_POINT('Ctrl Pts',(-136.,112.060582864586,4.17819435853115));
#1726=CARTESIAN_POINT('Ctrl Pts',(-136.,111.966944520559,4.20003688666824));
#1727=CARTESIAN_POINT('Ctrl Pts',(-136.,111.871727625306,4.22219922315028));
#1728=CARTESIAN_POINT('Ctrl Pts',(-136.,111.774893353245,4.24467710338225));
#1729=CARTESIAN_POINT('Ctrl Pts',(-136.,111.680308641356,4.26663279923593));
#1730=CARTESIAN_POINT('Ctrl Pts',(-136.,111.584180639817,4.28888956039943));
#1731=CARTESIAN_POINT('Ctrl Pts',(-136.,111.486522532241,4.31143557536045));
#1732=CARTESIAN_POINT('Ctrl Pts',(-136.,111.386585379757,4.33450774613005));
#1733=CARTESIAN_POINT('Ctrl Pts',(-136.,111.285045979755,4.35788280475124));
#1734=CARTESIAN_POINT('Ctrl Pts',(-136.,111.181973230777,4.38153960574584));
#1735=CARTESIAN_POINT('Ctrl Pts',(-136.,111.074637823573,4.40617475318355));
#1736=CARTESIAN_POINT('Ctrl Pts',(-136.,110.965639862394,4.43111538417977));
#1737=CARTESIAN_POINT('Ctrl Pts',(-136.,110.855112678748,4.45632911264727));
#1738=CARTESIAN_POINT('Ctrl Pts',(-136.,110.735771383106,4.48355353766191));
#1739=CARTESIAN_POINT('Ctrl Pts',(-136.,110.614647331488,4.51109632867391));
#1740=CARTESIAN_POINT('Ctrl Pts',(-136.,110.491969651004,4.53890747097776));
#1741=CARTESIAN_POINT('Ctrl Pts',(-136.,110.361527734443,4.56847877269747));
#1742=CARTESIAN_POINT('Ctrl Pts',(-136.,110.229329680624,4.59835339204155));
#1743=CARTESIAN_POINT('Ctrl Pts',(-136.,110.095713630671,4.62846199587625));
#1744=CARTESIAN_POINT('Ctrl Pts',(-136.,109.949949079082,4.66130810334954));
#1745=CARTESIAN_POINT('Ctrl Pts',(-136.,109.802497504092,4.69443255843039));
#1746=CARTESIAN_POINT('Ctrl Pts',(-136.,109.65386353042,4.72773619735238));
#1747=CARTESIAN_POINT('Ctrl Pts',(-136.,109.474367301529,4.76795498076483));
#1748=CARTESIAN_POINT('Ctrl Pts',(-136.,109.293147697208,4.80843480342588));
#1749=CARTESIAN_POINT('Ctrl Pts',(-136.,109.111175739873,4.8489910282922));
#1750=CARTESIAN_POINT('Ctrl Pts',(-136.,108.914904386594,4.89273417011997));
#1751=CARTESIAN_POINT('Ctrl Pts',(-136.,108.717763326448,4.93656520466655));
#1752=CARTESIAN_POINT('Ctrl Pts',(-136.,108.521002669857,4.98025252390117));
#1753=CARTESIAN_POINT('Ctrl Pts',(-136.,108.367370206553,5.01436396968225));
#1754=CARTESIAN_POINT('Ctrl Pts',(-136.,108.213971371142,5.048387620676));
#1755=CARTESIAN_POINT('Ctrl Pts',(-136.,108.061376802548,5.08221967637758));
#1756=CARTESIAN_POINT('Ctrl Pts',(-136.,107.9231764545,5.11286035983182));
#1757=CARTESIAN_POINT('Ctrl Pts',(-136.,107.78563652564,5.143343792241));
#1758=CARTESIAN_POINT('Ctrl Pts',(-136.,107.649144155916,5.17360049497475));
#1759=CARTESIAN_POINT('Ctrl Pts',(-136.,107.520897295969,5.20202938902796));
#1760=CARTESIAN_POINT('Ctrl Pts',(-136.,107.393575707586,5.23025805526976));
#1761=CARTESIAN_POINT('Ctrl Pts',(-136.,107.267458221679,5.25823707816305));
#1762=CARTESIAN_POINT('Ctrl Pts',(-136.,107.147056177402,5.28494813673673));
#1763=CARTESIAN_POINT('Ctrl Pts',(-136.,107.027751894441,5.3114316198782));
#1764=CARTESIAN_POINT('Ctrl Pts',(-136.,106.909742781921,5.33765303125374));
#1765=CARTESIAN_POINT('Ctrl Pts',(-136.,106.7961964666,5.36288281716261));
#1766=CARTESIAN_POINT('Ctrl Pts',(-136.,106.683849462801,5.38786994199201));
#1767=CARTESIAN_POINT('Ctrl Pts',(-136.,106.572830694202,5.41259232605474));
#1768=CARTESIAN_POINT('Ctrl Pts',(-136.,106.460252748887,5.43766191776611));
#1769=CARTESIAN_POINT('Ctrl Pts',(-136.,106.349041402612,5.46245914481046));
#1770=CARTESIAN_POINT('Ctrl Pts',(-136.,106.239273631581,5.48697142314562));
#1771=CARTESIAN_POINT('Ctrl Pts',(-136.,106.139727865766,5.5092010220145));
#1772=CARTESIAN_POINT('Ctrl Pts',(-136.,106.041368997771,5.53119633755595));
#1773=CARTESIAN_POINT('Ctrl Pts',(-136.,105.944206209436,5.55295665449921));
#1774=CARTESIAN_POINT('Ctrl Pts',(-136.,105.84851798894,5.5743867311921));
#1775=CARTESIAN_POINT('Ctrl Pts',(-136.,105.753990065701,5.59558884784858));
#1776=CARTESIAN_POINT('Ctrl Pts',(-136.,105.660581640097,5.61657116450843));
#1777=CARTESIAN_POINT('Ctrl Pts',(-136.,105.564875542204,5.6380696068522));
#1778=CARTESIAN_POINT('Ctrl Pts',(-136.,105.470344585922,5.65933732390441));
#1779=CARTESIAN_POINT('Ctrl Pts',(-136.,105.376890529046,5.68039274708753));
#1780=CARTESIAN_POINT('Ctrl Pts',(-136.,105.347791765166,5.68694876838916));
#1781=CARTESIAN_POINT('Ctrl Pts',(-136.,105.318797028459,5.69348427485103));
#1782=CARTESIAN_POINT('Ctrl Pts',(-136.,105.289902353694,5.70000000000001));
#1783=CARTESIAN_POINT('Ctrl Pts',(-239.8,105.289902353694,5.7));
#1784=CARTESIAN_POINT('Ctrl Pts',(-205.2,105.289902353694,5.7));
#1785=CARTESIAN_POINT('Ctrl Pts',(-170.6,105.289902353694,5.7));
#1786=CARTESIAN_POINT('Ctrl Pts',(-136.,105.289902353694,5.7));
#1787=CARTESIAN_POINT('Origin',(0.,105.289902353694,5.7));
#1788=CARTESIAN_POINT('',(-136.,85.147674089356,5.7));
#1789=CARTESIAN_POINT('Origin',(-136.,65.0054458250176,3.71040391311339));
#1790=UNCERTAINTY_MEASURE_WITH_UNIT(LENGTH_MEASURE(0.01),#1794,
'DISTANCE_ACCURACY_VALUE',
'Maximum model space distance between geometric entities at asserted c
onnectivities');
#1791=UNCERTAINTY_MEASURE_WITH_UNIT(LENGTH_MEASURE(0.01),#1794,
'DISTANCE_ACCURACY_VALUE',
'Maximum model space distance between geometric entities at asserted c
onnectivities');
#1792=(
GEOMETRIC_REPRESENTATION_CONTEXT(3)
GLOBAL_UNCERTAINTY_ASSIGNED_CONTEXT((#1790))
GLOBAL_UNIT_ASSIGNED_CONTEXT((#1794,#1796,#1797))
REPRESENTATION_CONTEXT('','3D')
);
#1793=(
GEOMETRIC_REPRESENTATION_CONTEXT(3)
GLOBAL_UNCERTAINTY_ASSIGNED_CONTEXT((#1791))
GLOBAL_UNIT_ASSIGNED_CONTEXT((#1794,#1796,#1797))
REPRESENTATION_CONTEXT('','3D')
);
#1794=(
LENGTH_UNIT()
NAMED_UNIT(*)
SI_UNIT(.MILLI.,.METRE.)
);
#1795=(
LENGTH_UNIT()
NAMED_UNIT(*)
SI_UNIT($,.METRE.)
);
#1796=(
NAMED_UNIT(*)
PLANE_ANGLE_UNIT()
SI_UNIT($,.RADIAN.)
);
#1797=(
NAMED_UNIT(*)
SI_UNIT($,.STERADIAN.)
SOLID_ANGLE_UNIT()
);
#1798=SHAPE_DEFINITION_REPRESENTATION(#1799,#1800);
#1799=PRODUCT_DEFINITION_SHAPE('',$,#1802);
#1800=SHAPE_REPRESENTATION('',(#256),#1792);
#1801=PRODUCT_DEFINITION_CONTEXT('part definition',#1806,'design');
#1802=PRODUCT_DEFINITION('Aileron2','Aileron2',#1803,#1801);
#1803=PRODUCT_DEFINITION_FORMATION('',$,#1808);
#1804=PRODUCT_RELATED_PRODUCT_CATEGORY('Aileron2','Aileron2',(#1808));
#1805=APPLICATION_PROTOCOL_DEFINITION('international standard',
'automotive_design',2009,#1806);
#1806=APPLICATION_CONTEXT(
'Core Data for Automotive Mechanical Design Process');
#1807=PRODUCT_CONTEXT('part definition',#1806,'mechanical');
#1808=PRODUCT('Aileron2','Aileron2',$,(#1807));
#1809=PRESENTATION_STYLE_ASSIGNMENT((#1811));
#1810=PRESENTATION_STYLE_ASSIGNMENT((#1812));
#1811=SURFACE_STYLE_USAGE(.BOTH.,#1813);
#1812=SURFACE_STYLE_USAGE(.BOTH.,#1814);
#1813=SURFACE_SIDE_STYLE('',(#1815));
#1814=SURFACE_SIDE_STYLE('',(#1816));
#1815=SURFACE_STYLE_FILL_AREA(#1817);
#1816=SURFACE_STYLE_FILL_AREA(#1818);
#1817=FILL_AREA_STYLE('Steel - Satin',(#1819));
#1818=FILL_AREA_STYLE('ABS (White)',(#1820));
#1819=FILL_AREA_STYLE_COLOUR('Steel - Satin',#1821);
#1820=FILL_AREA_STYLE_COLOUR('ABS (White)',#1822);
#1821=COLOUR_RGB('Steel - Satin',0.627450980392157,0.627450980392157,0.627450980392157);
#1822=COLOUR_RGB('ABS (White)',0.964705882352941,0.964705882352941,0.952941176470588);
ENDSEC;
END-ISO-10303-21;
