ISO-10303-21;
HEADER;
/* Generated by software containing ST-Developer
 * from STEP Tools, Inc. (www.steptools.com) 
 */

FILE_DESCRIPTION(
/* description */ (''),
/* implementation_level */ '2;1');

FILE_NAME(
/* name */ 'W3.step',
/* time_stamp */ '2026-08-30T15:26:40-07:00',
/* author */ (''),
/* organization */ (''),
/* preprocessor_version */ 'ST-DEVELOPER v20.1',
/* originating_system */ 'Autodesk Translation Framework v15.8.0.0',
/* authorisation */ '');

FILE_SCHEMA (('AUTOMOTIVE_DESIGN { 1 0 10303 214 3 1 1 }'));
ENDSEC;

DATA;
#10=MECHANICAL_DESIGN_GEOMETRIC_PRESENTATION_REPRESENTATION('',(#13),#11042);
#11=SHAPE_REPRESENTATION_RELATIONSHIP('SRR','None',#11049,#12);
#12=ADVANCED_BREP_SHAPE_REPRESENTATION('',(#14),#11041);
#13=STYLED_ITEM('',(#11059),#14);
#14=MANIFOLD_SOLID_BREP('Wing3',#4214);
#15=CYLINDRICAL_SURFACE('',#4262,4.13484411701265);
#16=CYLINDRICAL_SURFACE('',#4271,2.65907830594723);
#17=CYLINDRICAL_SURFACE('',#4280,2.65907830594723);
#18=CYLINDRICAL_SURFACE('',#4284,1.89755438976162);
#19=CYLINDRICAL_SURFACE('',#4287,1.89755438976162);
#20=CYLINDRICAL_SURFACE('',#4358,4.58237131274778);
#21=CYLINDRICAL_SURFACE('',#4359,4.58237131274778);
#22=CYLINDRICAL_SURFACE('',#4361,5.7672588359933);
#23=CYLINDRICAL_SURFACE('',#4362,5.7672588359933);
#24=CYLINDRICAL_SURFACE('',#4369,3.60573017815545);
#25=CYLINDRICAL_SURFACE('',#4370,3.60573017815545);
#26=CYLINDRICAL_SURFACE('',#4371,3.60573017815545);
#27=CYLINDRICAL_SURFACE('',#4372,3.60573017815545);
#28=CYLINDRICAL_SURFACE('',#4400,4.13484411701265);
#29=CYLINDRICAL_SURFACE('',#4409,2.65907830594723);
#30=CYLINDRICAL_SURFACE('',#4418,2.65907830594723);
#31=CYLINDRICAL_SURFACE('',#4422,1.89755438976162);
#32=CYLINDRICAL_SURFACE('',#4425,1.89755438976162);
#33=CYLINDRICAL_SURFACE('',#4436,3.60573017815545);
#34=CYLINDRICAL_SURFACE('',#4439,3.60573017815545);
#35=CYLINDRICAL_SURFACE('',#4442,3.60573017815545);
#36=CYLINDRICAL_SURFACE('',#4448,5.7672588359933);
#37=CYLINDRICAL_SURFACE('',#4453,5.7672588359933);
#38=CYLINDRICAL_SURFACE('',#4457,4.58237131274778);
#39=CYLINDRICAL_SURFACE('',#4460,4.58237131274778);
#40=ELLIPSE('',#4260,3.76050460368266,2.65907830594723);
#41=ELLIPSE('',#4263,5.8475526285779,4.13484411701265);
#42=ELLIPSE('',#4264,5.84755262857789,4.13484411701265);
#43=ELLIPSE('',#4265,5.84755262857789,4.13484411701265);
#44=ELLIPSE('',#4266,5.84755262857789,4.13484411701265);
#45=ELLIPSE('',#4267,5.84755262857789,4.13484411701265);
#46=ELLIPSE('',#4268,5.8475526285779,4.13484411701265);
#47=ELLIPSE('',#4269,5.84755262857789,4.13484411701265);
#48=ELLIPSE('',#4270,5.84755262857789,4.13484411701265);
#49=ELLIPSE('',#4272,3.76050460368265,2.65907830594723);
#50=ELLIPSE('',#4273,3.76050460368266,2.65907830594723);
#51=ELLIPSE('',#4274,3.76050460368265,2.65907830594723);
#52=ELLIPSE('',#4275,3.76050460368265,2.65907830594723);
#53=ELLIPSE('',#4276,3.76050460368265,2.65907830594723);
#54=ELLIPSE('',#4277,3.76050460368265,2.65907830594723);
#55=ELLIPSE('',#4278,3.76050460368265,2.65907830594723);
#56=ELLIPSE('',#4281,3.76050460368265,2.65907830594723);
#57=ELLIPSE('',#4282,3.76050460368265,2.65907830594723);
#58=ELLIPSE('',#4285,2.68354715334149,1.89755438976162);
#59=ELLIPSE('',#4286,2.68354715334148,1.89755438976162);
#60=ELLIPSE('',#4288,2.68354715334149,1.89755438976162);
#61=ELLIPSE('',#4289,2.68354715334149,1.89755438976162);
#62=ELLIPSE('',#4291,6.48045165831732,4.58237131274778);
#63=ELLIPSE('',#4293,6.48045165831732,4.58237131274778);
#64=ELLIPSE('',#4301,6.48045165831732,4.58237131274778);
#65=ELLIPSE('',#4303,8.15613566357779,5.7672588359933);
#66=ELLIPSE('',#4310,8.15613566357779,5.7672588359933);
#67=ELLIPSE('',#4311,6.48045165831732,4.58237131274778);
#68=ELLIPSE('',#4316,8.15613566357781,5.7672588359933);
#69=ELLIPSE('',#4319,8.15613566357779,5.7672588359933);
#70=ELLIPSE('',#4321,5.0992725202054,3.60573017815545);
#71=ELLIPSE('',#4323,5.0992725202054,3.60573017815545);
#72=ELLIPSE('',#4329,5.09927252020539,3.60573017815545);
#73=ELLIPSE('',#4331,8.15613566357781,5.7672588359933);
#74=ELLIPSE('',#4338,8.15613566357781,5.7672588359933);
#75=ELLIPSE('',#4339,6.48045165831733,4.58237131274778);
#76=ELLIPSE('',#4341,6.48045165831732,4.58237131274778);
#77=ELLIPSE('',#4343,6.48045165831733,4.58237131274778);
#78=ELLIPSE('',#4345,8.1561356635778,5.7672588359933);
#79=ELLIPSE('',#4346,6.48045165831732,4.58237131274778);
#80=ELLIPSE('',#4348,6.48045165831732,4.58237131274778);
#81=ELLIPSE('',#4350,8.15613566357779,5.7672588359933);
#82=ELLIPSE('',#4351,6.48045165831732,4.58237131274778);
#83=ELLIPSE('',#4354,8.1561356635778,5.7672588359933);
#84=ELLIPSE('',#4357,8.1561356635778,5.7672588359933);
#85=ELLIPSE('',#4364,5.09927252020539,3.60573017815545);
#86=ELLIPSE('',#4366,5.0992725202054,3.60573017815545);
#87=ELLIPSE('',#4368,5.09927252020541,3.60573017815545);
#88=ELLIPSE('',#4373,5.0992725202054,3.60573017815545);
#89=ELLIPSE('',#4374,5.09927252020539,3.60573017815545);
#90=ELLIPSE('',#4398,3.76050460368265,2.65907830594723);
#91=ELLIPSE('',#4401,5.84755262857789,4.13484411701265);
#92=ELLIPSE('',#4402,5.84755262857789,4.13484411701265);
#93=ELLIPSE('',#4403,5.8475526285779,4.13484411701265);
#94=ELLIPSE('',#4404,5.84755262857789,4.13484411701265);
#95=ELLIPSE('',#4405,5.84755262857789,4.13484411701265);
#96=ELLIPSE('',#4406,5.8475526285779,4.13484411701265);
#97=ELLIPSE('',#4407,5.84755262857789,4.13484411701265);
#98=ELLIPSE('',#4408,5.84755262857789,4.13484411701265);
#99=ELLIPSE('',#4410,3.76050460368265,2.65907830594723);
#100=ELLIPSE('',#4411,3.76050460368266,2.65907830594723);
#101=ELLIPSE('',#4412,3.76050460368265,2.65907830594723);
#102=ELLIPSE('',#4413,3.76050460368265,2.65907830594723);
#103=ELLIPSE('',#4414,3.76050460368265,2.65907830594723);
#104=ELLIPSE('',#4415,3.76050460368266,2.65907830594723);
#105=ELLIPSE('',#4416,3.76050460368265,2.65907830594723);
#106=ELLIPSE('',#4419,3.76050460368265,2.65907830594723);
#107=ELLIPSE('',#4420,3.76050460368265,2.65907830594723);
#108=ELLIPSE('',#4423,2.68354715334149,1.89755438976162);
#109=ELLIPSE('',#4424,2.68354715334149,1.89755438976162);
#110=ELLIPSE('',#4426,2.68354715334148,1.89755438976162);
#111=ELLIPSE('',#4427,2.68354715334149,1.89755438976162);
#112=ELLIPSE('',#4429,6.48045165831732,4.58237131274778);
#113=ELLIPSE('',#4437,5.0992725202054,3.60573017815545);
#114=ELLIPSE('',#4438,5.09927252020541,3.60573017815545);
#115=ELLIPSE('',#4440,5.09927252020539,3.60573017815545);
#116=ELLIPSE('',#4441,5.0992725202054,3.60573017815545);
#117=ELLIPSE('',#4443,5.09927252020539,3.60573017815545);
#118=ELLIPSE('',#4444,5.0992725202054,3.60573017815545);
#119=ELLIPSE('',#4449,8.15613566357781,5.7672588359933);
#120=ELLIPSE('',#4450,8.15613566357779,5.7672588359933);
#121=ELLIPSE('',#4451,8.15613566357779,5.7672588359933);
#122=ELLIPSE('',#4452,8.1561356635778,5.7672588359933);
#123=ELLIPSE('',#4454,8.1561356635778,5.7672588359933);
#124=ELLIPSE('',#4455,8.15613566357781,5.7672588359933);
#125=ELLIPSE('',#4458,6.48045165831732,4.58237131274778);
#126=ELLIPSE('',#4459,6.48045165831732,4.58237131274778);
#127=ELLIPSE('',#4461,6.48045165831732,4.58237131274778);
#128=ELLIPSE('',#4462,6.48045165831732,4.58237131274778);
#129=ELLIPSE('',#4463,6.48045165831733,4.58237131274778);
#130=ELLIPSE('',#4464,6.48045165831732,4.58237131274778);
#131=ELLIPSE('',#4465,6.48045165831732,4.58237131274778);
#132=ELLIPSE('',#4466,6.48045165831733,4.58237131274778);
#133=ELLIPSE('',#4467,6.48045165831732,4.58237131274778);
#134=CIRCLE('',#4231,3.60573017815545);
#135=CIRCLE('',#4232,5.7672588359933);
#136=CIRCLE('',#4233,4.58237131274778);
#137=CIRCLE('',#4234,2.65907830594723);
#138=CIRCLE('',#4235,2.65907830594723);
#139=CIRCLE('',#4236,4.58237131274778);
#140=CIRCLE('',#4237,5.7672588359933);
#141=CIRCLE('',#4238,3.60573017815545);
#142=CIRCLE('',#4279,2.65907830594723);
#143=CIRCLE('',#4417,2.65907830594723);
#144=FACE_BOUND('',#873,.T.);
#145=FACE_BOUND('',#967,.T.);
#146=(
BOUNDED_CURVE()
B_SPLINE_CURVE(5,(#5541,#5542,#5543,#5544,#5545,#5546),.UNSPECIFIED.,.F.,
 .F.)
B_SPLINE_CURVE_WITH_KNOTS((6,6),(-0.00576166980830362,0.),.UNSPECIFIED.)
CURVE()
GEOMETRIC_REPRESENTATION_ITEM()
RATIONAL_B_SPLINE_CURVE((1.,1.,1.,1.,1.,1.))
REPRESENTATION_ITEM('')
);
#147=(
BOUNDED_CURVE()
B_SPLINE_CURVE(5,(#5548,#5549,#5550,#5551,#5552,#5553,#5554),
 .UNSPECIFIED.,.F.,.F.)
B_SPLINE_CURVE_WITH_KNOTS((6,1,6),(-0.00654736447765822,-0.00645161290322581,
0.),.UNSPECIFIED.)
CURVE()
GEOMETRIC_REPRESENTATION_ITEM()
RATIONAL_B_SPLINE_CURVE((1.,1.,1.,1.,1.,1.,1.))
REPRESENTATION_ITEM('')
);
#148=(
BOUNDED_CURVE()
B_SPLINE_CURVE(5,(#5568,#5569,#5570,#5571,#5572,#5573,#5574,#5575,#5576,
#5577,#5578,#5579,#5580,#5581,#5582,#5583,#5584,#5585,#5586,#5587),
 .UNSPECIFIED.,.F.,.F.)
B_SPLINE_CURVE_WITH_KNOTS((6,1,1,1,1,1,1,1,1,1,1,1,1,1,1,6),(-0.110948846107371,
-0.109677419354839,-0.103225806451613,-0.0967741935483871,-0.0903225806451613,
-0.0838709677419355,-0.0774193548387097,-0.0709677419354839,-0.0645161290322581,
-0.0580645161290323,-0.0516129032258065,-0.0451612903225806,-0.0387096774193548,
-0.032258064516129,-0.0258064516129032,-0.0245103887630402),
 .UNSPECIFIED.)
CURVE()
GEOMETRIC_REPRESENTATION_ITEM()
RATIONAL_B_SPLINE_CURVE((1.,1.,1.,1.,1.,1.,1.,1.,1.,1.,1.,1.,1.,1.,1.,1.,
1.,1.,1.,1.))
REPRESENTATION_ITEM('')
);
#149=(
BOUNDED_CURVE()
B_SPLINE_CURVE(5,(#5872,#5873,#5874,#5875,#5876,#5877,#5878,#5879,#5880,
#5881,#5882,#5883),.UNSPECIFIED.,.F.,.F.)
B_SPLINE_CURVE_WITH_KNOTS((6,1,1,1,1,1,1,6),(-0.772260154847544,-0.767741935483872,
-0.761290322580646,-0.75483870967742,-0.748387096774195,-0.741935483870969,
-0.735483870967743,-0.7347954412679),.UNSPECIFIED.)
CURVE()
GEOMETRIC_REPRESENTATION_ITEM()
RATIONAL_B_SPLINE_CURVE((1.,1.,1.,1.,1.,1.,1.,1.,1.,1.,1.,1.))
REPRESENTATION_ITEM('')
);
#150=(
BOUNDED_CURVE()
B_SPLINE_CURVE(5,(#5935,#5936,#5937,#5938,#5939,#5940,#5941,#5942,#5943,
#5944,#5945,#5946,#5947,#5948),.UNSPECIFIED.,.F.,.F.)
B_SPLINE_CURVE_WITH_KNOTS((6,1,1,1,1,1,1,1,1,6),(-1.,-0.993548387096776,
-0.98709677419355,-0.980645161290324,-0.974193548387098,-0.967741935483873,
-0.961290322580647,-0.954838709677421,-0.948387096774195,-0.945032481983484),
 .UNSPECIFIED.)
CURVE()
GEOMETRIC_REPRESENTATION_ITEM()
RATIONAL_B_SPLINE_CURVE((1.,1.,1.,1.,1.,1.,1.,1.,1.,1.,1.,1.,1.,1.))
REPRESENTATION_ITEM('')
);
#151=(
BOUNDED_CURVE()
B_SPLINE_CURVE(5,(#5950,#5951,#5952,#5953,#5954,#5955,#5956,#5957,#5958,
#5959,#5960,#5961),.UNSPECIFIED.,.F.,.F.)
B_SPLINE_CURVE_WITH_KNOTS((6,1,1,1,1,1,1,6),(-1.,-0.993749999999997,-0.987499999999997,
-0.981249999999998,-0.974999999999998,-0.968749999999998,-0.962499999999998,
-0.960817798178394),.UNSPECIFIED.)
CURVE()
GEOMETRIC_REPRESENTATION_ITEM()
RATIONAL_B_SPLINE_CURVE((1.,1.,1.,1.,1.,1.,1.,1.,1.,1.,1.,1.))
REPRESENTATION_ITEM('')
);
#152=(
BOUNDED_CURVE()
B_SPLINE_CURVE(5,(#6023,#6024,#6025,#6026,#6027,#6028,#6029,#6030,#6031,
#6032,#6033,#6034),.UNSPECIFIED.,.F.,.F.)
B_SPLINE_CURVE_WITH_KNOTS((6,1,1,1,1,1,1,6),(-0.816238368987812,-0.812499999999998,
-0.806249999999998,-0.799999999999998,-0.793749999999998,-0.787499999999998,
-0.781249999999998,-0.776497010725974),.UNSPECIFIED.)
CURVE()
GEOMETRIC_REPRESENTATION_ITEM()
RATIONAL_B_SPLINE_CURVE((1.,1.,1.,1.,1.,1.,1.,1.,1.,1.,1.,1.))
REPRESENTATION_ITEM('')
);
#153=(
BOUNDED_CURVE()
B_SPLINE_CURVE(5,(#6322,#6323,#6324,#6325,#6326,#6327,#6328,#6329,#6330,
#6331,#6332,#6333,#6334,#6335,#6336),.UNSPECIFIED.,.F.,.F.)
B_SPLINE_CURVE_WITH_KNOTS((6,1,1,1,1,1,1,1,1,1,6),(-0.0742058705288507,
-0.06875,-0.0625,-0.05625,-0.05,-0.04375,-0.0375,-0.03125,-0.025,-0.01875,
-0.0150105057851168),.UNSPECIFIED.)
CURVE()
GEOMETRIC_REPRESENTATION_ITEM()
RATIONAL_B_SPLINE_CURVE((1.,1.,1.,1.,1.,1.,1.,1.,1.,1.,1.,1.,1.,1.,1.))
REPRESENTATION_ITEM('')
);
#154=(
BOUNDED_CURVE()
B_SPLINE_CURVE(5,(#6431,#6432,#6433,#6434,#6435,#6436,#6437,#6438,#6439,
#6440,#6441,#6442,#6443,#6444,#6445,#6446,#6447,#6448,#6449,#6450,#6451,
#6452,#6453,#6454,#6455,#6456,#6457,#6458,#6459,#6460,#6461,#6462),
 .UNSPECIFIED.,.F.,.F.)
B_SPLINE_CURVE_WITH_KNOTS((6,1,1,1,1,1,1,1,1,1,1,1,1,1,1,1,1,1,1,1,1,1,
1,1,1,1,1,6),(-0.238827451638886,-0.2375,-0.23125,-0.225,-0.21875,-0.2125,
-0.20625,-0.2,-0.19375,-0.1875,-0.18125,-0.175,-0.16875,-0.1625,-0.15625,
-0.15,-0.14375,-0.1375,-0.13125,-0.125,-0.11875,-0.1125,-0.10625,-0.1,-0.09375,
-0.0875,-0.08125,-0.0756738202322302),.UNSPECIFIED.)
CURVE()
GEOMETRIC_REPRESENTATION_ITEM()
RATIONAL_B_SPLINE_CURVE((1.,1.,1.,1.,1.,1.,1.,1.,1.,1.,1.,1.,1.,1.,1.,1.,
1.,1.,1.,1.,1.,1.,1.,1.,1.,1.,1.,1.,1.,1.,1.,1.))
REPRESENTATION_ITEM('')
);
#155=(
BOUNDED_CURVE()
B_SPLINE_CURVE(5,(#6470,#6471,#6472,#6473,#6474,#6475,#6476,#6477,#6478,
#6479,#6480,#6481),.UNSPECIFIED.,.F.,.F.)
B_SPLINE_CURVE_WITH_KNOTS((6,1,1,1,1,1,1,6),(-0.279103886711883,-0.275,
-0.26875,-0.2625,-0.25625,-0.25,-0.24375,-0.239877083985147),
 .UNSPECIFIED.)
CURVE()
GEOMETRIC_REPRESENTATION_ITEM()
RATIONAL_B_SPLINE_CURVE((1.,1.,1.,1.,1.,1.,1.,1.,1.,1.,1.,1.))
REPRESENTATION_ITEM('')
);
#156=(
BOUNDED_CURVE()
B_SPLINE_CURVE(5,(#6489,#6490,#6491,#6492,#6493,#6494,#6495,#6496,#6497,
#6498,#6499,#6500,#6501,#6502,#6503,#6504,#6505,#6506,#6507,#6508,#6509,
#6510,#6511,#6512,#6513,#6514,#6515,#6516,#6517,#6518),.UNSPECIFIED.,.F.,
 .F.)
B_SPLINE_CURVE_WITH_KNOTS((6,1,1,1,1,1,1,1,1,1,1,1,1,1,1,1,1,1,1,1,1,1,
1,1,1,6),(-0.426896155031458,-0.424999999999999,-0.41875,-0.4125,-0.40625,
-0.4,-0.39375,-0.3875,-0.38125,-0.375,-0.36875,-0.3625,-0.35625,-0.35,-0.34375,
-0.3375,-0.33125,-0.325,-0.31875,-0.3125,-0.30625,-0.3,-0.29375,-0.2875,
-0.28125,-0.28017575215247),.UNSPECIFIED.)
CURVE()
GEOMETRIC_REPRESENTATION_ITEM()
RATIONAL_B_SPLINE_CURVE((1.,1.,1.,1.,1.,1.,1.,1.,1.,1.,1.,1.,1.,1.,1.,1.,
1.,1.,1.,1.,1.,1.,1.,1.,1.,1.,1.,1.,1.,1.))
REPRESENTATION_ITEM('')
);
#157=(
BOUNDED_CURVE()
B_SPLINE_CURVE(5,(#6526,#6527,#6528,#6529,#6530,#6531,#6532,#6533,#6534,
#6535,#6536,#6537),.UNSPECIFIED.,.F.,.F.)
B_SPLINE_CURVE_WITH_KNOTS((6,1,1,1,1,1,1,6),(-0.46804595593913,-0.462499999999999,
-0.456249999999999,-0.449999999999999,-0.443749999999999,-0.437499999999999,
-0.431249999999999,-0.428115199015814),.UNSPECIFIED.)
CURVE()
GEOMETRIC_REPRESENTATION_ITEM()
RATIONAL_B_SPLINE_CURVE((1.,1.,1.,1.,1.,1.,1.,1.,1.,1.,1.,1.))
REPRESENTATION_ITEM('')
);
#158=(
BOUNDED_CURVE()
B_SPLINE_CURVE(5,(#6551,#6552,#6553,#6554,#6555,#6556,#6557,#6558,#6559,
#6560,#6561,#6562,#6563,#6564,#6565,#6566,#6567,#6568,#6569,#6570,#6571,
#6572,#6573,#6574,#6575,#6576,#6577,#6578),.UNSPECIFIED.,.F.,.F.)
B_SPLINE_CURVE_WITH_KNOTS((6,1,1,1,1,1,1,1,1,1,1,1,1,1,1,1,1,1,1,1,1,1,
1,6),(-0.610664979650032,-0.606249999999999,-0.599999999999999,-0.593749999999999,
-0.587499999999999,-0.581249999999999,-0.574999999999999,-0.568749999999999,
-0.562499999999999,-0.556249999999999,-0.549999999999999,-0.543749999999999,
-0.537499999999999,-0.531249999999999,-0.524999999999999,-0.518749999999999,
-0.512499999999999,-0.506249999999999,-0.499999999999999,-0.493749999999999,
-0.487499999999999,-0.481249999999999,-0.474999999999999,-0.469110927523998),
 .UNSPECIFIED.)
CURVE()
GEOMETRIC_REPRESENTATION_ITEM()
RATIONAL_B_SPLINE_CURVE((1.,1.,1.,1.,1.,1.,1.,1.,1.,1.,1.,1.,1.,1.,1.,1.,
1.,1.,1.,1.,1.,1.,1.,1.,1.,1.,1.,1.))
REPRESENTATION_ITEM('')
);
#159=(
BOUNDED_CURVE()
B_SPLINE_CURVE(5,(#6586,#6587,#6588,#6589,#6590,#6591,#6592,#6593,#6594,
#6595,#6596,#6597),.UNSPECIFIED.,.F.,.F.)
B_SPLINE_CURVE_WITH_KNOTS((6,1,1,1,1,1,1,6),(-0.645237286776825,-0.643749999999999,
-0.637499999999999,-0.631249999999999,-0.624999999999999,-0.618749999999999,
-0.612499999999999,-0.611598244302926),.UNSPECIFIED.)
CURVE()
GEOMETRIC_REPRESENTATION_ITEM()
RATIONAL_B_SPLINE_CURVE((1.,1.,1.,1.,1.,1.,1.,1.,1.,1.,1.,1.))
REPRESENTATION_ITEM('')
);
#160=(
BOUNDED_CURVE()
B_SPLINE_CURVE(5,(#6608,#6609,#6610,#6611,#6612,#6613,#6614,#6615,#6616,
#6617,#6618,#6619,#6620,#6621,#6622,#6623,#6624,#6625,#6626,#6627,#6628,
#6629,#6630,#6631,#6632,#6633,#6634),.UNSPECIFIED.,.F.,.F.)
B_SPLINE_CURVE_WITH_KNOTS((6,1,1,1,1,1,1,1,1,1,1,1,1,1,1,1,1,1,1,1,1,1,
6),(-0.775443927427375,-0.774999999999998,-0.768749999999998,-0.762499999999998,
-0.756249999999998,-0.749999999999998,-0.743749999999998,-0.737499999999998,
-0.731249999999998,-0.724999999999998,-0.718749999999998,-0.712499999999998,
-0.706249999999998,-0.699999999999999,-0.693749999999999,-0.687499999999999,
-0.681249999999999,-0.674999999999999,-0.668749999999999,-0.662499999999999,
-0.656249999999999,-0.649999999999999,-0.646163019689365),.UNSPECIFIED.)
CURVE()
GEOMETRIC_REPRESENTATION_ITEM()
RATIONAL_B_SPLINE_CURVE((1.,1.,1.,1.,1.,1.,1.,1.,1.,1.,1.,1.,1.,1.,1.,1.,
1.,1.,1.,1.,1.,1.,1.,1.,1.,1.,1.))
REPRESENTATION_ITEM('')
);
#161=(
BOUNDED_CURVE()
B_SPLINE_CURVE(5,(#6653,#6654,#6655,#6656,#6657,#6658,#6659,#6660,#6661,
#6662,#6663,#6664,#6665,#6666,#6667,#6668,#6669,#6670,#6671,#6672,#6673,
#6674,#6675,#6676,#6677,#6678,#6679,#6680,#6681),.UNSPECIFIED.,.F.,.F.)
B_SPLINE_CURVE_WITH_KNOTS((6,1,1,1,1,1,1,1,1,1,1,1,1,1,1,1,1,1,1,1,1,1,
1,1,6),(-0.959771938312498,-0.956249999999998,-0.949999999999998,-0.943749999999998,
-0.937499999999998,-0.931249999999998,-0.924999999999998,-0.918749999999998,
-0.912499999999998,-0.906249999999998,-0.899999999999998,-0.893749999999998,
-0.887499999999998,-0.881249999999998,-0.874999999999998,-0.868749999999998,
-0.862499999999998,-0.856249999999998,-0.849999999999998,-0.843749999999998,
-0.837499999999998,-0.831249999999998,-0.824999999999998,-0.818749999999998,
-0.817353826229574),.UNSPECIFIED.)
CURVE()
GEOMETRIC_REPRESENTATION_ITEM()
RATIONAL_B_SPLINE_CURVE((1.,1.,1.,1.,1.,1.,1.,1.,1.,1.,1.,1.,1.,1.,1.,1.,
1.,1.,1.,1.,1.,1.,1.,1.,1.,1.,1.,1.,1.))
REPRESENTATION_ITEM('')
);
#162=(
BOUNDED_CURVE()
B_SPLINE_CURVE(5,(#6700,#6701,#6702,#6703,#6704,#6705,#6706,#6707,#6708,
#6709,#6710,#6711,#6712,#6713,#6714,#6715,#6716,#6717,#6718,#6719,#6720,
#6721,#6722,#6723,#6724,#6725,#6726,#6727,#6728,#6729,#6730,#6731,#6732),
 .UNSPECIFIED.,.F.,.F.)
B_SPLINE_CURVE_WITH_KNOTS((6,1,1,1,1,1,1,1,1,1,1,1,1,1,1,1,1,1,1,1,1,1,
1,1,1,1,1,1,6),(-0.943596263899444,-0.941935483870969,-0.935483870967743,
-0.929032258064518,-0.922580645161292,-0.916129032258066,-0.90967741935484,
-0.903225806451614,-0.896774193548388,-0.890322580645163,-0.883870967741937,
-0.877419354838711,-0.870967741935485,-0.864516129032259,-0.858064516129034,
-0.851612903225808,-0.845161290322582,-0.838709677419356,-0.83225806451613,
-0.825806451612904,-0.819354838709679,-0.812903225806453,-0.806451612903227,
-0.800000000000001,-0.793548387096775,-0.78709677419355,-0.780645161290324,
-0.774193548387098,-0.773315472330202),.UNSPECIFIED.)
CURVE()
GEOMETRIC_REPRESENTATION_ITEM()
RATIONAL_B_SPLINE_CURVE((1.,1.,1.,1.,1.,1.,1.,1.,1.,1.,1.,1.,1.,1.,1.,1.,
1.,1.,1.,1.,1.,1.,1.,1.,1.,1.,1.,1.,1.,1.,1.,1.,1.))
REPRESENTATION_ITEM('')
);
#163=(
BOUNDED_CURVE()
B_SPLINE_CURVE(5,(#6751,#6752,#6753,#6754,#6755,#6756,#6757,#6758,#6759,
#6760,#6761,#6762,#6763,#6764,#6765,#6766,#6767,#6768,#6769,#6770,#6771,
#6772,#6773,#6774),.UNSPECIFIED.,.F.,.F.)
B_SPLINE_CURVE_WITH_KNOTS((6,1,1,1,1,1,1,1,1,1,1,1,1,1,1,1,1,1,1,6),(-0.733994925839365,
-0.729032258064517,-0.722580645161291,-0.716129032258065,-0.70967741935484,
-0.703225806451614,-0.696774193548388,-0.690322580645162,-0.683870967741936,
-0.677419354838711,-0.670967741935485,-0.664516129032259,-0.658064516129033,
-0.651612903225807,-0.645161290322581,-0.638709677419356,-0.63225806451613,
-0.625806451612904,-0.619354838709678,-0.615893986876702),.UNSPECIFIED.)
CURVE()
GEOMETRIC_REPRESENTATION_ITEM()
RATIONAL_B_SPLINE_CURVE((1.,1.,1.,1.,1.,1.,1.,1.,1.,1.,1.,1.,1.,1.,1.,1.,
1.,1.,1.,1.,1.,1.,1.,1.))
REPRESENTATION_ITEM('')
);
#164=(
BOUNDED_CURVE()
B_SPLINE_CURVE(5,(#6785,#6786,#6787,#6788,#6789,#6790,#6791,#6792,#6793),
 .UNSPECIFIED.,.F.,.F.)
B_SPLINE_CURVE_WITH_KNOTS((6,1,1,1,6),(-0.615336814181021,-0.612903225806452,
-0.606451612903226,-0.600000000000001,-0.595341275674593),.UNSPECIFIED.)
CURVE()
GEOMETRIC_REPRESENTATION_ITEM()
RATIONAL_B_SPLINE_CURVE((1.,1.,1.,1.,1.,1.,1.,1.,1.))
REPRESENTATION_ITEM('')
);
#165=(
BOUNDED_CURVE()
B_SPLINE_CURVE(5,(#6801,#6802,#6803,#6804,#6805,#6806,#6807,#6808,#6809,
#6810,#6811,#6812,#6813,#6814,#6815,#6816,#6817,#6818,#6819,#6820,#6821,
#6822,#6823,#6824),.UNSPECIFIED.,.F.,.F.)
B_SPLINE_CURVE_WITH_KNOTS((6,1,1,1,1,1,1,1,1,1,1,1,1,1,1,1,1,1,1,6),(-0.594781152411354,
-0.593548387096775,-0.587096774193549,-0.580645161290323,-0.574193548387097,
-0.567741935483872,-0.561290322580646,-0.55483870967742,-0.548387096774194,
-0.541935483870968,-0.535483870967742,-0.529032258064517,-0.522580645161291,
-0.516129032258065,-0.509677419354839,-0.503225806451613,-0.496774193548388,
-0.490322580645162,-0.483870967741936,-0.477612724678284),.UNSPECIFIED.)
CURVE()
GEOMETRIC_REPRESENTATION_ITEM()
RATIONAL_B_SPLINE_CURVE((1.,1.,1.,1.,1.,1.,1.,1.,1.,1.,1.,1.,1.,1.,1.,1.,
1.,1.,1.,1.,1.,1.,1.,1.))
REPRESENTATION_ITEM('')
);
#166=(
BOUNDED_CURVE()
B_SPLINE_CURVE(5,(#6835,#6836,#6837,#6838,#6839,#6840,#6841,#6842,#6843,
#6844),.UNSPECIFIED.,.F.,.F.)
B_SPLINE_CURVE_WITH_KNOTS((6,1,1,1,1,6),(-0.476674191161884,-0.470967741935484,
-0.464516129032258,-0.458064516129033,-0.451612903225807,-0.446713787969128),
 .UNSPECIFIED.)
CURVE()
GEOMETRIC_REPRESENTATION_ITEM()
RATIONAL_B_SPLINE_CURVE((1.,1.,1.,1.,1.,1.,1.,1.,1.,1.))
REPRESENTATION_ITEM('')
);
#167=(
BOUNDED_CURVE()
B_SPLINE_CURVE(5,(#6852,#6853,#6854,#6855,#6856,#6857,#6858,#6859,#6860,
#6861,#6862,#6863,#6864,#6865,#6866,#6867,#6868,#6869,#6870,#6871,#6872,
#6873,#6874,#6875,#6876),.UNSPECIFIED.,.F.,.F.)
B_SPLINE_CURVE_WITH_KNOTS((6,1,1,1,1,1,1,1,1,1,1,1,1,1,1,1,1,1,1,1,6),(-0.445955610967977,
-0.445161290322581,-0.438709677419355,-0.432258064516129,-0.425806451612903,
-0.419354838709678,-0.412903225806452,-0.406451612903226,-0.4,-0.393548387096774,
-0.387096774193549,-0.380645161290323,-0.374193548387097,-0.367741935483871,
-0.361290322580645,-0.354838709677419,-0.348387096774194,-0.341935483870968,
-0.335483870967742,-0.329032258064516,-0.327907189129705),.UNSPECIFIED.)
CURVE()
GEOMETRIC_REPRESENTATION_ITEM()
RATIONAL_B_SPLINE_CURVE((1.,1.,1.,1.,1.,1.,1.,1.,1.,1.,1.,1.,1.,1.,1.,1.,
1.,1.,1.,1.,1.,1.,1.,1.,1.))
REPRESENTATION_ITEM('')
);
#168=(
BOUNDED_CURVE()
B_SPLINE_CURVE(5,(#6884,#6885,#6886,#6887,#6888,#6889,#6890,#6891,#6892,
#6893,#6894),.UNSPECIFIED.,.F.,.F.)
B_SPLINE_CURVE_WITH_KNOTS((6,1,1,1,1,1,6),(-0.327003665027773,-0.32258064516129,
-0.316129032258064,-0.309677419354839,-0.303225806451613,-0.296774193548387,
-0.294366412689599),.UNSPECIFIED.)
CURVE()
GEOMETRIC_REPRESENTATION_ITEM()
RATIONAL_B_SPLINE_CURVE((1.,1.,1.,1.,1.,1.,1.,1.,1.,1.,1.))
REPRESENTATION_ITEM('')
);
#169=(
BOUNDED_CURVE()
B_SPLINE_CURVE(5,(#6902,#6903,#6904,#6905,#6906,#6907,#6908,#6909,#6910,
#6911,#6912,#6913,#6914,#6915,#6916,#6917,#6918,#6919,#6920,#6921,#6922,
#6923,#6924,#6925,#6926,#6927,#6928,#6929,#6930,#6931,#6932,#6933,#6934,
#6935),.UNSPECIFIED.,.F.,.F.)
B_SPLINE_CURVE_WITH_KNOTS((6,1,1,1,1,1,1,1,1,1,1,1,1,1,1,1,1,1,1,1,1,1,
1,1,1,1,1,1,1,6),(-0.29346020353796,-0.290322580645161,-0.283870967741935,
-0.27741935483871,-0.270967741935484,-0.264516129032258,-0.258064516129032,
-0.251612903225806,-0.24516129032258,-0.238709677419355,-0.232258064516129,
-0.225806451612903,-0.219354838709677,-0.212903225806451,-0.206451612903226,
-0.2,-0.193548387096774,-0.187096774193548,-0.180645161290323,-0.174193548387097,
-0.167741935483871,-0.161290322580645,-0.154838709677419,-0.148387096774194,
-0.141935483870968,-0.135483870967742,-0.129032258064516,-0.12258064516129,
-0.116129032258065,-0.113164661646827),.UNSPECIFIED.)
CURVE()
GEOMETRIC_REPRESENTATION_ITEM()
RATIONAL_B_SPLINE_CURVE((1.,1.,1.,1.,1.,1.,1.,1.,1.,1.,1.,1.,1.,1.,1.,1.,
1.,1.,1.,1.,1.,1.,1.,1.,1.,1.,1.,1.,1.,1.,1.,1.,1.,1.))
REPRESENTATION_ITEM('')
);
#170=LINE('',#5295,#333);
#171=LINE('',#6371,#334);
#172=LINE('',#6422,#335);
#173=LINE('',#6429,#336);
#174=LINE('',#6464,#337);
#175=LINE('',#6468,#338);
#176=LINE('',#6483,#339);
#177=LINE('',#6487,#340);
#178=LINE('',#6520,#341);
#179=LINE('',#6524,#342);
#180=LINE('',#6539,#343);
#181=LINE('',#6549,#344);
#182=LINE('',#6580,#345);
#183=LINE('',#6584,#346);
#184=LINE('',#6599,#347);
#185=LINE('',#6606,#348);
#186=LINE('',#6636,#349);
#187=LINE('',#6642,#350);
#188=LINE('',#6644,#351);
#189=LINE('',#6651,#352);
#190=LINE('',#6683,#353);
#191=LINE('',#6689,#354);
#192=LINE('',#6691,#355);
#193=LINE('',#6698,#356);
#194=LINE('',#6734,#357);
#195=LINE('',#6740,#358);
#196=LINE('',#6742,#359);
#197=LINE('',#6749,#360);
#198=LINE('',#6776,#361);
#199=LINE('',#6783,#362);
#200=LINE('',#6795,#363);
#201=LINE('',#6799,#364);
#202=LINE('',#6826,#365);
#203=LINE('',#6833,#366);
#204=LINE('',#6846,#367);
#205=LINE('',#6850,#368);
#206=LINE('',#6878,#369);
#207=LINE('',#6882,#370);
#208=LINE('',#6896,#371);
#209=LINE('',#6900,#372);
#210=LINE('',#6937,#373);
#211=LINE('',#6943,#374);
#212=LINE('',#6946,#375);
#213=LINE('',#6952,#376);
#214=LINE('',#6955,#377);
#215=LINE('',#6964,#378);
#216=LINE('',#6977,#379);
#217=LINE('',#7009,#380);
#218=LINE('',#7076,#381);
#219=LINE('',#7078,#382);
#220=LINE('',#7088,#383);
#221=LINE('',#7089,#384);
#222=LINE('',#7097,#385);
#223=LINE('',#7098,#386);
#224=LINE('',#7101,#387);
#225=LINE('',#7103,#388);
#226=LINE('',#7115,#389);
#227=LINE('',#7116,#390);
#228=LINE('',#7119,#391);
#229=LINE('',#7121,#392);
#230=LINE('',#7128,#393);
#231=LINE('',#7130,#394);
#232=LINE('',#7137,#395);
#233=LINE('',#7147,#396);
#234=LINE('',#7154,#397);
#235=LINE('',#7161,#398);
#236=LINE('',#7255,#399);
#237=LINE('',#7317,#400);
#238=LINE('',#7478,#401);
#239=LINE('',#7480,#402);
#240=LINE('',#7505,#403);
#241=LINE('',#7512,#404);
#242=LINE('',#7528,#405);
#243=LINE('',#7534,#406);
#244=LINE('',#7541,#407);
#245=LINE('',#7548,#408);
#246=LINE('',#7554,#409);
#247=LINE('',#7560,#410);
#248=LINE('',#7563,#411);
#249=LINE('',#7967,#412);
#250=LINE('',#7968,#413);
#251=LINE('',#7973,#414);
#252=LINE('',#7975,#415);
#253=LINE('',#7982,#416);
#254=LINE('',#7989,#417);
#255=LINE('',#8014,#418);
#256=LINE('',#8026,#419);
#257=LINE('',#8037,#420);
#258=LINE('',#8044,#421);
#259=LINE('',#8049,#422);
#260=LINE('',#8064,#423);
#261=LINE('',#8079,#424);
#262=LINE('',#8127,#425);
#263=LINE('',#8134,#426);
#264=LINE('',#8146,#427);
#265=LINE('',#8151,#428);
#266=LINE('',#8160,#429);
#267=LINE('',#8167,#430);
#268=LINE('',#8169,#431);
#269=LINE('',#8251,#432);
#270=LINE('',#8271,#433);
#271=LINE('',#8278,#434);
#272=LINE('',#8287,#435);
#273=LINE('',#9001,#436);
#274=LINE('',#9007,#437);
#275=LINE('',#9028,#438);
#276=LINE('',#9040,#439);
#277=LINE('',#9049,#440);
#278=LINE('',#9056,#441);
#279=LINE('',#9123,#442);
#280=LINE('',#9125,#443);
#281=LINE('',#9130,#444);
#282=LINE('',#9136,#445);
#283=LINE('',#9144,#446);
#284=LINE('',#9145,#447);
#285=LINE('',#9148,#448);
#286=LINE('',#9154,#449);
#287=LINE('',#9162,#450);
#288=LINE('',#9163,#451);
#289=LINE('',#9171,#452);
#290=LINE('',#9172,#453);
#291=LINE('',#9175,#454);
#292=LINE('',#9181,#455);
#293=LINE('',#9191,#456);
#294=LINE('',#9194,#457);
#295=LINE('',#9290,#458);
#296=LINE('',#9293,#459);
#297=LINE('',#9387,#460);
#298=LINE('',#9482,#461);
#299=LINE('',#9561,#462);
#300=LINE('',#9562,#463);
#301=LINE('',#9590,#464);
#302=LINE('',#9596,#465);
#303=LINE('',#9599,#466);
#304=LINE('',#9614,#467);
#305=LINE('',#9625,#468);
#306=LINE('',#9639,#469);
#307=LINE('',#9646,#470);
#308=LINE('',#10058,#471);
#309=LINE('',#10069,#472);
#310=LINE('',#10071,#473);
#311=LINE('',#10283,#474);
#312=LINE('',#10304,#475);
#313=LINE('',#10305,#476);
#314=LINE('',#10333,#477);
#315=LINE('',#10335,#478);
#316=LINE('',#10347,#479);
#317=LINE('',#10361,#480);
#318=LINE('',#10363,#481);
#319=LINE('',#10364,#482);
#320=LINE('',#10436,#483);
#321=LINE('',#10442,#484);
#322=LINE('',#10446,#485);
#323=LINE('',#10463,#486);
#324=LINE('',#10470,#487);
#325=LINE('',#10493,#488);
#326=LINE('',#10500,#489);
#327=LINE('',#10518,#490);
#328=LINE('',#10529,#491);
#329=LINE('',#10532,#492);
#330=LINE('',#10535,#493);
#331=LINE('',#10542,#494);
#332=LINE('',#10559,#495);
#333=VECTOR('',#4510,10.);
#334=VECTOR('',#4513,10.);
#335=VECTOR('',#4516,10.);
#336=VECTOR('',#4517,10.);
#337=VECTOR('',#4518,10.);
#338=VECTOR('',#4521,10.);
#339=VECTOR('',#4522,10.);
#340=VECTOR('',#4525,10.);
#341=VECTOR('',#4526,10.);
#342=VECTOR('',#4529,10.);
#343=VECTOR('',#4530,10.);
#344=VECTOR('',#4531,10.);
#345=VECTOR('',#4532,10.);
#346=VECTOR('',#4535,10.);
#347=VECTOR('',#4536,10.);
#348=VECTOR('',#4537,10.);
#349=VECTOR('',#4538,10.);
#350=VECTOR('',#4539,10.);
#351=VECTOR('',#4540,10.);
#352=VECTOR('',#4541,10.);
#353=VECTOR('',#4542,10.);
#354=VECTOR('',#4543,10.);
#355=VECTOR('',#4544,10.);
#356=VECTOR('',#4545,10.);
#357=VECTOR('',#4546,10.);
#358=VECTOR('',#4547,10.);
#359=VECTOR('',#4548,10.);
#360=VECTOR('',#4549,10.);
#361=VECTOR('',#4550,10.);
#362=VECTOR('',#4551,10.);
#363=VECTOR('',#4552,10.);
#364=VECTOR('',#4555,10.);
#365=VECTOR('',#4556,10.);
#366=VECTOR('',#4557,10.);
#367=VECTOR('',#4558,10.);
#368=VECTOR('',#4561,10.);
#369=VECTOR('',#4562,10.);
#370=VECTOR('',#4565,10.);
#371=VECTOR('',#4566,10.);
#372=VECTOR('',#4569,10.);
#373=VECTOR('',#4570,10.);
#374=VECTOR('',#4571,10.);
#375=VECTOR('',#4574,10.);
#376=VECTOR('',#4575,10.);
#377=VECTOR('',#4578,10.);
#378=VECTOR('',#4579,10.);
#379=VECTOR('',#4584,10.);
#380=VECTOR('',#4589,10.);
#381=VECTOR('',#4592,10.);
#382=VECTOR('',#4595,10.);
#383=VECTOR('',#4602,10.);
#384=VECTOR('',#4603,10.);
#385=VECTOR('',#4606,10.);
#386=VECTOR('',#4607,10.);
#387=VECTOR('',#4610,10.);
#388=VECTOR('',#4611,10.);
#389=VECTOR('',#4614,10.);
#390=VECTOR('',#4615,10.);
#391=VECTOR('',#4618,10.);
#392=VECTOR('',#4619,10.);
#393=VECTOR('',#4622,10.);
#394=VECTOR('',#4623,10.);
#395=VECTOR('',#4626,10.);
#396=VECTOR('',#4629,10.);
#397=VECTOR('',#4632,10.);
#398=VECTOR('',#4635,10.);
#399=VECTOR('',#4638,10.);
#400=VECTOR('',#4643,10.);
#401=VECTOR('',#4688,10.);
#402=VECTOR('',#4689,10.);
#403=VECTOR('',#4704,10.);
#404=VECTOR('',#4705,10.);
#405=VECTOR('',#4712,10.);
#406=VECTOR('',#4713,10.);
#407=VECTOR('',#4716,10.);
#408=VECTOR('',#4719,10.);
#409=VECTOR('',#4720,10.);
#410=VECTOR('',#4723,10.);
#411=VECTOR('',#4726,10.);
#412=VECTOR('',#4735,10.);
#413=VECTOR('',#4736,10.);
#414=VECTOR('',#4741,10.);
#415=VECTOR('',#4742,10.);
#416=VECTOR('',#4745,10.);
#417=VECTOR('',#4748,10.);
#418=VECTOR('',#4759,10.);
#419=VECTOR('',#4762,10.);
#420=VECTOR('',#4765,10.);
#421=VECTOR('',#4770,10.);
#422=VECTOR('',#4775,10.);
#423=VECTOR('',#4782,10.);
#424=VECTOR('',#4787,10.);
#425=VECTOR('',#4794,10.);
#426=VECTOR('',#4797,10.);
#427=VECTOR('',#4802,10.);
#428=VECTOR('',#4807,10.);
#429=VECTOR('',#4812,10.);
#430=VECTOR('',#4817,10.);
#431=VECTOR('',#4820,10.);
#432=VECTOR('',#4835,10.);
#433=VECTOR('',#4854,10.);
#434=VECTOR('',#4859,10.);
#435=VECTOR('',#4866,10.);
#436=VECTOR('',#4911,10.);
#437=VECTOR('',#4912,10.);
#438=VECTOR('',#4917,10.);
#439=VECTOR('',#4922,10.);
#440=VECTOR('',#4923,10.);
#441=VECTOR('',#4926,10.);
#442=VECTOR('',#4929,10.);
#443=VECTOR('',#4932,10.);
#444=VECTOR('',#4939,10.);
#445=VECTOR('',#4940,10.);
#446=VECTOR('',#4943,10.);
#447=VECTOR('',#4944,10.);
#448=VECTOR('',#4947,10.);
#449=VECTOR('',#4948,10.);
#450=VECTOR('',#4951,10.);
#451=VECTOR('',#4952,10.);
#452=VECTOR('',#4955,10.);
#453=VECTOR('',#4956,10.);
#454=VECTOR('',#4959,10.);
#455=VECTOR('',#4960,10.);
#456=VECTOR('',#4963,10.);
#457=VECTOR('',#4966,10.);
#458=VECTOR('',#4969,10.);
#459=VECTOR('',#4972,10.);
#460=VECTOR('',#4975,10.);
#461=VECTOR('',#4980,10.);
#462=VECTOR('',#5025,10.);
#463=VECTOR('',#5026,10.);
#464=VECTOR('',#5043,10.);
#465=VECTOR('',#5044,10.);
#466=VECTOR('',#5047,10.);
#467=VECTOR('',#5050,10.);
#468=VECTOR('',#5053,10.);
#469=VECTOR('',#5056,10.);
#470=VECTOR('',#5059,10.);
#471=VECTOR('',#5082,10.);
#472=VECTOR('',#5085,10.);
#473=VECTOR('',#5086,10.);
#474=VECTOR('',#5089,10.);
#475=VECTOR('',#5108,10.);
#476=VECTOR('',#5109,10.);
#477=VECTOR('',#5134,10.);
#478=VECTOR('',#5135,10.);
#479=VECTOR('',#5138,10.);
#480=VECTOR('',#5145,10.);
#481=VECTOR('',#5148,10.);
#482=VECTOR('',#5149,10.);
#483=VECTOR('',#5156,10.);
#484=VECTOR('',#5159,10.);
#485=VECTOR('',#5164,10.);
#486=VECTOR('',#5167,10.);
#487=VECTOR('',#5170,10.);
#488=VECTOR('',#5177,10.);
#489=VECTOR('',#5180,10.);
#490=VECTOR('',#5185,10.);
#491=VECTOR('',#5190,10.);
#492=VECTOR('',#5195,10.);
#493=VECTOR('',#5200,10.);
#494=VECTOR('',#5211,10.);
#495=VECTOR('',#5220,10.);
#496=PLANE('',#4228);
#497=PLANE('',#4229);
#498=PLANE('',#4230);
#499=PLANE('',#4239);
#500=PLANE('',#4240);
#501=PLANE('',#4241);
#502=PLANE('',#4242);
#503=PLANE('',#4243);
#504=PLANE('',#4244);
#505=PLANE('',#4245);
#506=PLANE('',#4246);
#507=PLANE('',#4247);
#508=PLANE('',#4248);
#509=PLANE('',#4249);
#510=PLANE('',#4250);
#511=PLANE('',#4251);
#512=PLANE('',#4252);
#513=PLANE('',#4253);
#514=PLANE('',#4254);
#515=PLANE('',#4255);
#516=PLANE('',#4256);
#517=PLANE('',#4257);
#518=PLANE('',#4258);
#519=PLANE('',#4259);
#520=PLANE('',#4261);
#521=PLANE('',#4283);
#522=PLANE('',#4290);
#523=PLANE('',#4292);
#524=PLANE('',#4294);
#525=PLANE('',#4295);
#526=PLANE('',#4296);
#527=PLANE('',#4297);
#528=PLANE('',#4298);
#529=PLANE('',#4299);
#530=PLANE('',#4300);
#531=PLANE('',#4302);
#532=PLANE('',#4304);
#533=PLANE('',#4305);
#534=PLANE('',#4306);
#535=PLANE('',#4307);
#536=PLANE('',#4308);
#537=PLANE('',#4309);
#538=PLANE('',#4312);
#539=PLANE('',#4313);
#540=PLANE('',#4314);
#541=PLANE('',#4315);
#542=PLANE('',#4317);
#543=PLANE('',#4318);
#544=PLANE('',#4320);
#545=PLANE('',#4322);
#546=PLANE('',#4324);
#547=PLANE('',#4325);
#548=PLANE('',#4326);
#549=PLANE('',#4327);
#550=PLANE('',#4328);
#551=PLANE('',#4330);
#552=PLANE('',#4332);
#553=PLANE('',#4333);
#554=PLANE('',#4334);
#555=PLANE('',#4335);
#556=PLANE('',#4336);
#557=PLANE('',#4337);
#558=PLANE('',#4340);
#559=PLANE('',#4342);
#560=PLANE('',#4344);
#561=PLANE('',#4347);
#562=PLANE('',#4349);
#563=PLANE('',#4352);
#564=PLANE('',#4353);
#565=PLANE('',#4355);
#566=PLANE('',#4356);
#567=PLANE('',#4360);
#568=PLANE('',#4363);
#569=PLANE('',#4365);
#570=PLANE('',#4367);
#571=PLANE('',#4375);
#572=PLANE('',#4376);
#573=PLANE('',#4377);
#574=PLANE('',#4378);
#575=PLANE('',#4379);
#576=PLANE('',#4380);
#577=PLANE('',#4381);
#578=PLANE('',#4382);
#579=PLANE('',#4383);
#580=PLANE('',#4384);
#581=PLANE('',#4385);
#582=PLANE('',#4386);
#583=PLANE('',#4387);
#584=PLANE('',#4388);
#585=PLANE('',#4389);
#586=PLANE('',#4390);
#587=PLANE('',#4391);
#588=PLANE('',#4392);
#589=PLANE('',#4393);
#590=PLANE('',#4394);
#591=PLANE('',#4395);
#592=PLANE('',#4396);
#593=PLANE('',#4397);
#594=PLANE('',#4399);
#595=PLANE('',#4421);
#596=PLANE('',#4428);
#597=PLANE('',#4430);
#598=PLANE('',#4431);
#599=PLANE('',#4432);
#600=PLANE('',#4433);
#601=PLANE('',#4434);
#602=PLANE('',#4435);
#603=PLANE('',#4445);
#604=PLANE('',#4446);
#605=PLANE('',#4447);
#606=PLANE('',#4456);
#607=PLANE('',#4468);
#608=PLANE('',#4469);
#609=PLANE('',#4470);
#610=PLANE('',#4471);
#611=PLANE('',#4472);
#612=PLANE('',#4473);
#613=PLANE('',#4474);
#614=PLANE('',#4475);
#615=PLANE('',#4476);
#616=PLANE('',#4477);
#617=PLANE('',#4478);
#618=PLANE('',#4479);
#619=PLANE('',#4480);
#620=PLANE('',#4481);
#621=PLANE('',#4482);
#622=PLANE('',#4483);
#623=PLANE('',#4484);
#624=PLANE('',#4485);
#625=PLANE('',#4486);
#626=PLANE('',#4487);
#627=PLANE('',#4488);
#628=PLANE('',#4489);
#629=PLANE('',#4490);
#630=PLANE('',#4491);
#631=PLANE('',#4492);
#632=PLANE('',#4493);
#633=PLANE('',#4494);
#634=PLANE('',#4495);
#635=PLANE('',#4496);
#636=PLANE('',#4497);
#637=PLANE('',#4498);
#638=PLANE('',#4499);
#639=PLANE('',#4500);
#640=PLANE('',#4501);
#641=PLANE('',#4502);
#642=PLANE('',#4503);
#643=PLANE('',#4504);
#644=PLANE('',#4505);
#645=FACE_OUTER_BOUND('',#870,.T.);
#646=FACE_OUTER_BOUND('',#871,.T.);
#647=FACE_OUTER_BOUND('',#872,.T.);
#648=FACE_OUTER_BOUND('',#874,.T.);
#649=FACE_OUTER_BOUND('',#875,.T.);
#650=FACE_OUTER_BOUND('',#876,.T.);
#651=FACE_OUTER_BOUND('',#877,.T.);
#652=FACE_OUTER_BOUND('',#878,.T.);
#653=FACE_OUTER_BOUND('',#879,.T.);
#654=FACE_OUTER_BOUND('',#880,.T.);
#655=FACE_OUTER_BOUND('',#881,.T.);
#656=FACE_OUTER_BOUND('',#882,.T.);
#657=FACE_OUTER_BOUND('',#883,.T.);
#658=FACE_OUTER_BOUND('',#884,.T.);
#659=FACE_OUTER_BOUND('',#885,.T.);
#660=FACE_OUTER_BOUND('',#886,.T.);
#661=FACE_OUTER_BOUND('',#887,.T.);
#662=FACE_OUTER_BOUND('',#888,.T.);
#663=FACE_OUTER_BOUND('',#889,.T.);
#664=FACE_OUTER_BOUND('',#890,.T.);
#665=FACE_OUTER_BOUND('',#891,.T.);
#666=FACE_OUTER_BOUND('',#892,.T.);
#667=FACE_OUTER_BOUND('',#893,.T.);
#668=FACE_OUTER_BOUND('',#894,.T.);
#669=FACE_OUTER_BOUND('',#895,.T.);
#670=FACE_OUTER_BOUND('',#896,.T.);
#671=FACE_OUTER_BOUND('',#897,.T.);
#672=FACE_OUTER_BOUND('',#898,.T.);
#673=FACE_OUTER_BOUND('',#899,.T.);
#674=FACE_OUTER_BOUND('',#900,.T.);
#675=FACE_OUTER_BOUND('',#901,.T.);
#676=FACE_OUTER_BOUND('',#902,.T.);
#677=FACE_OUTER_BOUND('',#903,.T.);
#678=FACE_OUTER_BOUND('',#904,.T.);
#679=FACE_OUTER_BOUND('',#905,.T.);
#680=FACE_OUTER_BOUND('',#906,.T.);
#681=FACE_OUTER_BOUND('',#907,.T.);
#682=FACE_OUTER_BOUND('',#908,.T.);
#683=FACE_OUTER_BOUND('',#909,.T.);
#684=FACE_OUTER_BOUND('',#910,.T.);
#685=FACE_OUTER_BOUND('',#911,.T.);
#686=FACE_OUTER_BOUND('',#912,.T.);
#687=FACE_OUTER_BOUND('',#913,.T.);
#688=FACE_OUTER_BOUND('',#914,.T.);
#689=FACE_OUTER_BOUND('',#915,.T.);
#690=FACE_OUTER_BOUND('',#916,.T.);
#691=FACE_OUTER_BOUND('',#917,.T.);
#692=FACE_OUTER_BOUND('',#918,.T.);
#693=FACE_OUTER_BOUND('',#919,.T.);
#694=FACE_OUTER_BOUND('',#920,.T.);
#695=FACE_OUTER_BOUND('',#921,.T.);
#696=FACE_OUTER_BOUND('',#922,.T.);
#697=FACE_OUTER_BOUND('',#923,.T.);
#698=FACE_OUTER_BOUND('',#924,.T.);
#699=FACE_OUTER_BOUND('',#925,.T.);
#700=FACE_OUTER_BOUND('',#926,.T.);
#701=FACE_OUTER_BOUND('',#927,.T.);
#702=FACE_OUTER_BOUND('',#928,.T.);
#703=FACE_OUTER_BOUND('',#929,.T.);
#704=FACE_OUTER_BOUND('',#930,.T.);
#705=FACE_OUTER_BOUND('',#931,.T.);
#706=FACE_OUTER_BOUND('',#932,.T.);
#707=FACE_OUTER_BOUND('',#933,.T.);
#708=FACE_OUTER_BOUND('',#934,.T.);
#709=FACE_OUTER_BOUND('',#935,.T.);
#710=FACE_OUTER_BOUND('',#936,.T.);
#711=FACE_OUTER_BOUND('',#937,.T.);
#712=FACE_OUTER_BOUND('',#938,.T.);
#713=FACE_OUTER_BOUND('',#939,.T.);
#714=FACE_OUTER_BOUND('',#940,.T.);
#715=FACE_OUTER_BOUND('',#941,.T.);
#716=FACE_OUTER_BOUND('',#942,.T.);
#717=FACE_OUTER_BOUND('',#943,.T.);
#718=FACE_OUTER_BOUND('',#944,.T.);
#719=FACE_OUTER_BOUND('',#945,.T.);
#720=FACE_OUTER_BOUND('',#946,.T.);
#721=FACE_OUTER_BOUND('',#947,.T.);
#722=FACE_OUTER_BOUND('',#948,.T.);
#723=FACE_OUTER_BOUND('',#949,.T.);
#724=FACE_OUTER_BOUND('',#950,.T.);
#725=FACE_OUTER_BOUND('',#951,.T.);
#726=FACE_OUTER_BOUND('',#952,.T.);
#727=FACE_OUTER_BOUND('',#953,.T.);
#728=FACE_OUTER_BOUND('',#954,.T.);
#729=FACE_OUTER_BOUND('',#955,.T.);
#730=FACE_OUTER_BOUND('',#956,.T.);
#731=FACE_OUTER_BOUND('',#957,.T.);
#732=FACE_OUTER_BOUND('',#958,.T.);
#733=FACE_OUTER_BOUND('',#959,.T.);
#734=FACE_OUTER_BOUND('',#960,.T.);
#735=FACE_OUTER_BOUND('',#961,.T.);
#736=FACE_OUTER_BOUND('',#962,.T.);
#737=FACE_OUTER_BOUND('',#963,.T.);
#738=FACE_OUTER_BOUND('',#964,.T.);
#739=FACE_OUTER_BOUND('',#965,.T.);
#740=FACE_OUTER_BOUND('',#966,.T.);
#741=FACE_OUTER_BOUND('',#968,.T.);
#742=FACE_OUTER_BOUND('',#969,.T.);
#743=FACE_OUTER_BOUND('',#970,.T.);
#744=FACE_OUTER_BOUND('',#971,.T.);
#745=FACE_OUTER_BOUND('',#972,.T.);
#746=FACE_OUTER_BOUND('',#973,.T.);
#747=FACE_OUTER_BOUND('',#974,.T.);
#748=FACE_OUTER_BOUND('',#975,.T.);
#749=FACE_OUTER_BOUND('',#976,.T.);
#750=FACE_OUTER_BOUND('',#977,.T.);
#751=FACE_OUTER_BOUND('',#978,.T.);
#752=FACE_OUTER_BOUND('',#979,.T.);
#753=FACE_OUTER_BOUND('',#980,.T.);
#754=FACE_OUTER_BOUND('',#981,.T.);
#755=FACE_OUTER_BOUND('',#982,.T.);
#756=FACE_OUTER_BOUND('',#983,.T.);
#757=FACE_OUTER_BOUND('',#984,.T.);
#758=FACE_OUTER_BOUND('',#985,.T.);
#759=FACE_OUTER_BOUND('',#986,.T.);
#760=FACE_OUTER_BOUND('',#987,.T.);
#761=FACE_OUTER_BOUND('',#988,.T.);
#762=FACE_OUTER_BOUND('',#989,.T.);
#763=FACE_OUTER_BOUND('',#990,.T.);
#764=FACE_OUTER_BOUND('',#991,.T.);
#765=FACE_OUTER_BOUND('',#992,.T.);
#766=FACE_OUTER_BOUND('',#993,.T.);
#767=FACE_OUTER_BOUND('',#994,.T.);
#768=FACE_OUTER_BOUND('',#995,.T.);
#769=FACE_OUTER_BOUND('',#996,.T.);
#770=FACE_OUTER_BOUND('',#997,.T.);
#771=FACE_OUTER_BOUND('',#998,.T.);
#772=FACE_OUTER_BOUND('',#999,.T.);
#773=FACE_OUTER_BOUND('',#1000,.T.);
#774=FACE_OUTER_BOUND('',#1001,.T.);
#775=FACE_OUTER_BOUND('',#1002,.T.);
#776=FACE_OUTER_BOUND('',#1003,.T.);
#777=FACE_OUTER_BOUND('',#1004,.T.);
#778=FACE_OUTER_BOUND('',#1005,.T.);
#779=FACE_OUTER_BOUND('',#1006,.T.);
#780=FACE_OUTER_BOUND('',#1007,.T.);
#781=FACE_OUTER_BOUND('',#1008,.T.);
#782=FACE_OUTER_BOUND('',#1009,.T.);
#783=FACE_OUTER_BOUND('',#1010,.T.);
#784=FACE_OUTER_BOUND('',#1011,.T.);
#785=FACE_OUTER_BOUND('',#1012,.T.);
#786=FACE_OUTER_BOUND('',#1013,.T.);
#787=FACE_OUTER_BOUND('',#1014,.T.);
#788=FACE_OUTER_BOUND('',#1015,.T.);
#789=FACE_OUTER_BOUND('',#1016,.T.);
#790=FACE_OUTER_BOUND('',#1017,.T.);
#791=FACE_OUTER_BOUND('',#1018,.T.);
#792=FACE_OUTER_BOUND('',#1019,.T.);
#793=FACE_OUTER_BOUND('',#1020,.T.);
#794=FACE_OUTER_BOUND('',#1021,.T.);
#795=FACE_OUTER_BOUND('',#1022,.T.);
#796=FACE_OUTER_BOUND('',#1023,.T.);
#797=FACE_OUTER_BOUND('',#1024,.T.);
#798=FACE_OUTER_BOUND('',#1025,.T.);
#799=FACE_OUTER_BOUND('',#1026,.T.);
#800=FACE_OUTER_BOUND('',#1027,.T.);
#801=FACE_OUTER_BOUND('',#1028,.T.);
#802=FACE_OUTER_BOUND('',#1029,.T.);
#803=FACE_OUTER_BOUND('',#1030,.T.);
#804=FACE_OUTER_BOUND('',#1031,.T.);
#805=FACE_OUTER_BOUND('',#1032,.T.);
#806=FACE_OUTER_BOUND('',#1033,.T.);
#807=FACE_OUTER_BOUND('',#1034,.T.);
#808=FACE_OUTER_BOUND('',#1035,.T.);
#809=FACE_OUTER_BOUND('',#1036,.T.);
#810=FACE_OUTER_BOUND('',#1037,.T.);
#811=FACE_OUTER_BOUND('',#1038,.T.);
#812=FACE_OUTER_BOUND('',#1039,.T.);
#813=FACE_OUTER_BOUND('',#1040,.T.);
#814=FACE_OUTER_BOUND('',#1041,.T.);
#815=FACE_OUTER_BOUND('',#1042,.T.);
#816=FACE_OUTER_BOUND('',#1043,.T.);
#817=FACE_OUTER_BOUND('',#1044,.T.);
#818=FACE_OUTER_BOUND('',#1045,.T.);
#819=FACE_OUTER_BOUND('',#1046,.T.);
#820=FACE_OUTER_BOUND('',#1047,.T.);
#821=FACE_OUTER_BOUND('',#1048,.T.);
#822=FACE_OUTER_BOUND('',#1049,.T.);
#823=FACE_OUTER_BOUND('',#1050,.T.);
#824=FACE_OUTER_BOUND('',#1051,.T.);
#825=FACE_OUTER_BOUND('',#1052,.T.);
#826=FACE_OUTER_BOUND('',#1053,.T.);
#827=FACE_OUTER_BOUND('',#1054,.T.);
#828=FACE_OUTER_BOUND('',#1055,.T.);
#829=FACE_OUTER_BOUND('',#1056,.T.);
#830=FACE_OUTER_BOUND('',#1057,.T.);
#831=FACE_OUTER_BOUND('',#1058,.T.);
#832=FACE_OUTER_BOUND('',#1059,.T.);
#833=FACE_OUTER_BOUND('',#1060,.T.);
#834=FACE_OUTER_BOUND('',#1061,.T.);
#835=FACE_OUTER_BOUND('',#1062,.T.);
#836=FACE_OUTER_BOUND('',#1063,.T.);
#837=FACE_OUTER_BOUND('',#1064,.T.);
#838=FACE_OUTER_BOUND('',#1065,.T.);
#839=FACE_OUTER_BOUND('',#1066,.T.);
#840=FACE_OUTER_BOUND('',#1067,.T.);
#841=FACE_OUTER_BOUND('',#1068,.T.);
#842=FACE_OUTER_BOUND('',#1069,.T.);
#843=FACE_OUTER_BOUND('',#1070,.T.);
#844=FACE_OUTER_BOUND('',#1071,.T.);
#845=FACE_OUTER_BOUND('',#1072,.T.);
#846=FACE_OUTER_BOUND('',#1073,.T.);
#847=FACE_OUTER_BOUND('',#1074,.T.);
#848=FACE_OUTER_BOUND('',#1075,.T.);
#849=FACE_OUTER_BOUND('',#1076,.T.);
#850=FACE_OUTER_BOUND('',#1077,.T.);
#851=FACE_OUTER_BOUND('',#1078,.T.);
#852=FACE_OUTER_BOUND('',#1079,.T.);
#853=FACE_OUTER_BOUND('',#1080,.T.);
#854=FACE_OUTER_BOUND('',#1081,.T.);
#855=FACE_OUTER_BOUND('',#1082,.T.);
#856=FACE_OUTER_BOUND('',#1083,.T.);
#857=FACE_OUTER_BOUND('',#1084,.T.);
#858=FACE_OUTER_BOUND('',#1085,.T.);
#859=FACE_OUTER_BOUND('',#1086,.T.);
#860=FACE_OUTER_BOUND('',#1087,.T.);
#861=FACE_OUTER_BOUND('',#1088,.T.);
#862=FACE_OUTER_BOUND('',#1089,.T.);
#863=FACE_OUTER_BOUND('',#1090,.T.);
#864=FACE_OUTER_BOUND('',#1091,.T.);
#865=FACE_OUTER_BOUND('',#1092,.T.);
#866=FACE_OUTER_BOUND('',#1093,.T.);
#867=FACE_OUTER_BOUND('',#1094,.T.);
#868=FACE_OUTER_BOUND('',#1095,.T.);
#869=FACE_OUTER_BOUND('',#1096,.T.);
#870=EDGE_LOOP('',(#2596,#2597,#2598));
#871=EDGE_LOOP('',(#2599,#2600,#2601));
#872=EDGE_LOOP('',(#2602,#2603,#2604,#2605,#2606,#2607,#2608,#2609,#2610,
#2611,#2612,#2613,#2614,#2615,#2616,#2617,#2618,#2619,#2620,#2621,#2622,
#2623,#2624,#2625,#2626,#2627,#2628,#2629,#2630,#2631,#2632,#2633,#2634,
#2635,#2636,#2637,#2638,#2639,#2640,#2641,#2642,#2643,#2644,#2645,#2646,
#2647,#2648,#2649,#2650,#2651,#2652,#2653,#2654,#2655,#2656,#2657,#2658,
#2659,#2660,#2661,#2662,#2663,#2664,#2665,#2666,#2667,#2668,#2669,#2670,
#2671,#2672,#2673,#2674,#2675,#2676,#2677,#2678,#2679,#2680,#2681,#2682,
#2683,#2684,#2685,#2686,#2687,#2688,#2689,#2690,#2691,#2692,#2693,#2694,
#2695,#2696,#2697,#2698,#2699,#2700,#2701,#2702,#2703,#2704,#2705,#2706,
#2707,#2708,#2709));
#873=EDGE_LOOP('',(#2710,#2711,#2712,#2713));
#874=EDGE_LOOP('',(#2714,#2715,#2716));
#875=EDGE_LOOP('',(#2717,#2718,#2719));
#876=EDGE_LOOP('',(#2720,#2721,#2722,#2723,#2724,#2725,#2726,#2727,#2728,
#2729,#2730,#2731,#2732,#2733,#2734,#2735,#2736,#2737,#2738,#2739,#2740,
#2741,#2742,#2743,#2744,#2745,#2746,#2747,#2748,#2749,#2750,#2751,#2752,
#2753,#2754,#2755,#2756,#2757,#2758,#2759,#2760,#2761,#2762,#2763,#2764,
#2765,#2766,#2767,#2768,#2769,#2770,#2771,#2772,#2773,#2774,#2775,#2776,
#2777,#2778,#2779,#2780,#2781,#2782,#2783,#2784,#2785,#2786,#2787,#2788,
#2789,#2790,#2791,#2792,#2793,#2794,#2795,#2796,#2797,#2798,#2799,#2800,
#2801,#2802,#2803,#2804,#2805,#2806,#2807));
#877=EDGE_LOOP('',(#2808,#2809,#2810,#2811));
#878=EDGE_LOOP('',(#2812,#2813,#2814,#2815));
#879=EDGE_LOOP('',(#2816,#2817,#2818,#2819));
#880=EDGE_LOOP('',(#2820,#2821,#2822,#2823));
#881=EDGE_LOOP('',(#2824,#2825,#2826,#2827));
#882=EDGE_LOOP('',(#2828,#2829,#2830,#2831));
#883=EDGE_LOOP('',(#2832,#2833,#2834,#2835,#2836,#2837,#2838,#2839,#2840,
#2841,#2842,#2843));
#884=EDGE_LOOP('',(#2844,#2845,#2846,#2847));
#885=EDGE_LOOP('',(#2848,#2849,#2850,#2851));
#886=EDGE_LOOP('',(#2852,#2853,#2854,#2855));
#887=EDGE_LOOP('',(#2856,#2857,#2858,#2859));
#888=EDGE_LOOP('',(#2860,#2861,#2862,#2863));
#889=EDGE_LOOP('',(#2864,#2865,#2866,#2867));
#890=EDGE_LOOP('',(#2868,#2869,#2870,#2871));
#891=EDGE_LOOP('',(#2872,#2873,#2874,#2875));
#892=EDGE_LOOP('',(#2876,#2877,#2878,#2879));
#893=EDGE_LOOP('',(#2880,#2881,#2882,#2883));
#894=EDGE_LOOP('',(#2884,#2885,#2886,#2887));
#895=EDGE_LOOP('',(#2888,#2889,#2890,#2891));
#896=EDGE_LOOP('',(#2892,#2893,#2894,#2895));
#897=EDGE_LOOP('',(#2896,#2897,#2898,#2899));
#898=EDGE_LOOP('',(#2900,#2901,#2902,#2903,#2904,#2905,#2906,#2907,#2908,
#2909,#2910,#2911));
#899=EDGE_LOOP('',(#2912,#2913,#2914,#2915,#2916));
#900=EDGE_LOOP('',(#2917,#2918,#2919,#2920));
#901=EDGE_LOOP('',(#2921,#2922,#2923,#2924));
#902=EDGE_LOOP('',(#2925,#2926,#2927,#2928,#2929,#2930,#2931,#2932,#2933,
#2934,#2935,#2936));
#903=EDGE_LOOP('',(#2937,#2938,#2939,#2940,#2941,#2942,#2943,#2944,#2945,
#2946,#2947,#2948));
#904=EDGE_LOOP('',(#2949,#2950,#2951,#2952,#2953,#2954,#2955,#2956,#2957,
#2958,#2959,#2960));
#905=EDGE_LOOP('',(#2961,#2962,#2963,#2964));
#906=EDGE_LOOP('',(#2965,#2966,#2967,#2968));
#907=EDGE_LOOP('',(#2969,#2970,#2971,#2972));
#908=EDGE_LOOP('',(#2973,#2974,#2975,#2976));
#909=EDGE_LOOP('',(#2977,#2978,#2979,#2980,#2981,#2982));
#910=EDGE_LOOP('',(#2983,#2984,#2985,#2986,#2987,#2988));
#911=EDGE_LOOP('',(#2989,#2990,#2991,#2992,#2993,#2994));
#912=EDGE_LOOP('',(#2995,#2996,#2997,#2998,#2999,#3000));
#913=EDGE_LOOP('',(#3001,#3002,#3003,#3004,#3005));
#914=EDGE_LOOP('',(#3006,#3007,#3008,#3009,#3010,#3011));
#915=EDGE_LOOP('',(#3012,#3013,#3014,#3015,#3016,#3017,#3018));
#916=EDGE_LOOP('',(#3019,#3020,#3021,#3022));
#917=EDGE_LOOP('',(#3023,#3024,#3025,#3026));
#918=EDGE_LOOP('',(#3027,#3028,#3029,#3030,#3031,#3032,#3033,#3034,#3035,
#3036,#3037,#3038));
#919=EDGE_LOOP('',(#3039,#3040,#3041,#3042));
#920=EDGE_LOOP('',(#3043,#3044,#3045,#3046));
#921=EDGE_LOOP('',(#3047,#3048,#3049,#3050));
#922=EDGE_LOOP('',(#3051,#3052,#3053,#3054));
#923=EDGE_LOOP('',(#3055,#3056,#3057,#3058,#3059,#3060,#3061));
#924=EDGE_LOOP('',(#3062,#3063,#3064,#3065,#3066));
#925=EDGE_LOOP('',(#3067,#3068,#3069,#3070,#3071));
#926=EDGE_LOOP('',(#3072,#3073,#3074,#3075,#3076,#3077));
#927=EDGE_LOOP('',(#3078,#3079,#3080,#3081,#3082,#3083));
#928=EDGE_LOOP('',(#3084,#3085,#3086,#3087,#3088));
#929=EDGE_LOOP('',(#3089,#3090,#3091,#3092,#3093,#3094));
#930=EDGE_LOOP('',(#3095,#3096,#3097,#3098,#3099));
#931=EDGE_LOOP('',(#3100,#3101,#3102,#3103,#3104,#3105,#3106));
#932=EDGE_LOOP('',(#3107,#3108,#3109,#3110,#3111,#3112));
#933=EDGE_LOOP('',(#3113,#3114,#3115,#3116));
#934=EDGE_LOOP('',(#3117,#3118,#3119,#3120));
#935=EDGE_LOOP('',(#3121,#3122,#3123,#3124));
#936=EDGE_LOOP('',(#3125,#3126,#3127,#3128));
#937=EDGE_LOOP('',(#3129,#3130,#3131,#3132,#3133));
#938=EDGE_LOOP('',(#3134,#3135,#3136,#3137,#3138,#3139));
#939=EDGE_LOOP('',(#3140,#3141,#3142,#3143,#3144));
#940=EDGE_LOOP('',(#3145,#3146,#3147,#3148));
#941=EDGE_LOOP('',(#3149,#3150,#3151,#3152));
#942=EDGE_LOOP('',(#3153,#3154,#3155));
#943=EDGE_LOOP('',(#3156,#3157,#3158));
#944=EDGE_LOOP('',(#3159,#3160,#3161,#3162));
#945=EDGE_LOOP('',(#3163,#3164,#3165,#3166));
#946=EDGE_LOOP('',(#3167,#3168,#3169,#3170));
#947=EDGE_LOOP('',(#3171,#3172,#3173,#3174));
#948=EDGE_LOOP('',(#3175,#3176,#3177,#3178,#3179,#3180));
#949=EDGE_LOOP('',(#3181,#3182,#3183,#3184));
#950=EDGE_LOOP('',(#3185,#3186,#3187,#3188));
#951=EDGE_LOOP('',(#3189,#3190,#3191,#3192,#3193,#3194,#3195));
#952=EDGE_LOOP('',(#3196,#3197,#3198,#3199,#3200,#3201));
#953=EDGE_LOOP('',(#3202,#3203,#3204,#3205,#3206));
#954=EDGE_LOOP('',(#3207,#3208,#3209,#3210,#3211));
#955=EDGE_LOOP('',(#3212,#3213,#3214,#3215,#3216,#3217,#3218));
#956=EDGE_LOOP('',(#3219,#3220,#3221,#3222,#3223));
#957=EDGE_LOOP('',(#3224,#3225,#3226,#3227,#3228,#3229));
#958=EDGE_LOOP('',(#3230,#3231,#3232,#3233));
#959=EDGE_LOOP('',(#3234,#3235,#3236,#3237));
#960=EDGE_LOOP('',(#3238,#3239,#3240,#3241));
#961=EDGE_LOOP('',(#3242,#3243,#3244,#3245));
#962=EDGE_LOOP('',(#3246,#3247,#3248,#3249,#3250,#3251,#3252,#3253,#3254,
#3255,#3256,#3257));
#963=EDGE_LOOP('',(#3258,#3259,#3260,#3261));
#964=EDGE_LOOP('',(#3262,#3263,#3264,#3265));
#965=EDGE_LOOP('',(#3266,#3267,#3268,#3269));
#966=EDGE_LOOP('',(#3270,#3271,#3272,#3273,#3274,#3275,#3276,#3277,#3278));
#967=EDGE_LOOP('',(#3279,#3280));
#968=EDGE_LOOP('',(#3281,#3282,#3283,#3284,#3285));
#969=EDGE_LOOP('',(#3286,#3287,#3288,#3289,#3290,#3291,#3292,#3293,#3294,
#3295,#3296,#3297));
#970=EDGE_LOOP('',(#3298,#3299,#3300,#3301,#3302,#3303,#3304,#3305,#3306,
#3307,#3308,#3309));
#971=EDGE_LOOP('',(#3310,#3311,#3312,#3313));
#972=EDGE_LOOP('',(#3314,#3315,#3316,#3317,#3318,#3319));
#973=EDGE_LOOP('',(#3320,#3321,#3322,#3323));
#974=EDGE_LOOP('',(#3324,#3325,#3326,#3327));
#975=EDGE_LOOP('',(#3328,#3329,#3330,#3331));
#976=EDGE_LOOP('',(#3332,#3333,#3334,#3335,#3336));
#977=EDGE_LOOP('',(#3337,#3338,#3339,#3340));
#978=EDGE_LOOP('',(#3341,#3342,#3343));
#979=EDGE_LOOP('',(#3344,#3345,#3346,#3347,#3348));
#980=EDGE_LOOP('',(#3349,#3350,#3351));
#981=EDGE_LOOP('',(#3352,#3353,#3354,#3355,#3356));
#982=EDGE_LOOP('',(#3357,#3358,#3359));
#983=EDGE_LOOP('',(#3360,#3361,#3362));
#984=EDGE_LOOP('',(#3363,#3364,#3365));
#985=EDGE_LOOP('',(#3366,#3367,#3368,#3369));
#986=EDGE_LOOP('',(#3370,#3371,#3372));
#987=EDGE_LOOP('',(#3373,#3374,#3375));
#988=EDGE_LOOP('',(#3376,#3377,#3378,#3379));
#989=EDGE_LOOP('',(#3380,#3381,#3382,#3383));
#990=EDGE_LOOP('',(#3384,#3385,#3386,#3387));
#991=EDGE_LOOP('',(#3388,#3389,#3390,#3391));
#992=EDGE_LOOP('',(#3392,#3393,#3394,#3395));
#993=EDGE_LOOP('',(#3396,#3397,#3398,#3399));
#994=EDGE_LOOP('',(#3400,#3401,#3402,#3403));
#995=EDGE_LOOP('',(#3404,#3405,#3406,#3407,#3408,#3409,#3410,#3411,#3412,
#3413,#3414,#3415));
#996=EDGE_LOOP('',(#3416,#3417,#3418,#3419));
#997=EDGE_LOOP('',(#3420,#3421,#3422,#3423));
#998=EDGE_LOOP('',(#3424,#3425,#3426,#3427));
#999=EDGE_LOOP('',(#3428,#3429,#3430,#3431));
#1000=EDGE_LOOP('',(#3432,#3433,#3434,#3435));
#1001=EDGE_LOOP('',(#3436,#3437,#3438,#3439));
#1002=EDGE_LOOP('',(#3440,#3441,#3442,#3443));
#1003=EDGE_LOOP('',(#3444,#3445,#3446,#3447));
#1004=EDGE_LOOP('',(#3448,#3449,#3450,#3451));
#1005=EDGE_LOOP('',(#3452,#3453,#3454,#3455));
#1006=EDGE_LOOP('',(#3456,#3457,#3458,#3459));
#1007=EDGE_LOOP('',(#3460,#3461,#3462,#3463));
#1008=EDGE_LOOP('',(#3464,#3465,#3466,#3467,#3468,#3469,#3470,#3471,#3472,
#3473,#3474,#3475));
#1009=EDGE_LOOP('',(#3476,#3477,#3478,#3479));
#1010=EDGE_LOOP('',(#3480,#3481,#3482,#3483));
#1011=EDGE_LOOP('',(#3484,#3485,#3486,#3487,#3488,#3489,#3490,#3491,#3492,
#3493,#3494,#3495));
#1012=EDGE_LOOP('',(#3496,#3497,#3498,#3499,#3500));
#1013=EDGE_LOOP('',(#3501,#3502,#3503,#3504,#3505,#3506,#3507,#3508,#3509,
#3510,#3511,#3512));
#1014=EDGE_LOOP('',(#3513,#3514,#3515,#3516));
#1015=EDGE_LOOP('',(#3517,#3518,#3519,#3520,#3521,#3522,#3523,#3524,#3525,
#3526,#3527,#3528));
#1016=EDGE_LOOP('',(#3529,#3530,#3531,#3532,#3533,#3534,#3535,#3536,#3537,
#3538,#3539,#3540));
#1017=EDGE_LOOP('',(#3541,#3542,#3543,#3544));
#1018=EDGE_LOOP('',(#3545,#3546,#3547,#3548));
#1019=EDGE_LOOP('',(#3549,#3550,#3551,#3552));
#1020=EDGE_LOOP('',(#3553,#3554,#3555,#3556));
#1021=EDGE_LOOP('',(#3557,#3558,#3559,#3560,#3561,#3562));
#1022=EDGE_LOOP('',(#3563,#3564,#3565,#3566,#3567,#3568));
#1023=EDGE_LOOP('',(#3569,#3570,#3571,#3572,#3573,#3574));
#1024=EDGE_LOOP('',(#3575,#3576,#3577,#3578,#3579,#3580));
#1025=EDGE_LOOP('',(#3581,#3582,#3583,#3584,#3585,#3586));
#1026=EDGE_LOOP('',(#3587,#3588,#3589,#3590,#3591,#3592,#3593));
#1027=EDGE_LOOP('',(#3594,#3595,#3596,#3597,#3598,#3599));
#1028=EDGE_LOOP('',(#3600,#3601,#3602,#3603));
#1029=EDGE_LOOP('',(#3604,#3605,#3606,#3607));
#1030=EDGE_LOOP('',(#3608,#3609,#3610,#3611));
#1031=EDGE_LOOP('',(#3612,#3613,#3614,#3615));
#1032=EDGE_LOOP('',(#3616,#3617,#3618,#3619));
#1033=EDGE_LOOP('',(#3620,#3621,#3622,#3623));
#1034=EDGE_LOOP('',(#3624,#3625,#3626,#3627));
#1035=EDGE_LOOP('',(#3628,#3629,#3630,#3631));
#1036=EDGE_LOOP('',(#3632,#3633,#3634,#3635));
#1037=EDGE_LOOP('',(#3636,#3637,#3638,#3639));
#1038=EDGE_LOOP('',(#3640,#3641,#3642,#3643,#3644));
#1039=EDGE_LOOP('',(#3645,#3646,#3647,#3648,#3649,#3650));
#1040=EDGE_LOOP('',(#3651,#3652,#3653,#3654,#3655,#3656,#3657,#3658,#3659,
#3660,#3661,#3662));
#1041=EDGE_LOOP('',(#3663,#3664,#3665,#3666,#3667,#3668,#3669,#3670,#3671,
#3672,#3673,#3674));
#1042=EDGE_LOOP('',(#3675,#3676,#3677,#3678));
#1043=EDGE_LOOP('',(#3679,#3680,#3681,#3682,#3683));
#1044=EDGE_LOOP('',(#3684,#3685,#3686,#3687,#3688,#3689,#3690));
#1045=EDGE_LOOP('',(#3691,#3692,#3693,#3694));
#1046=EDGE_LOOP('',(#3695,#3696,#3697,#3698));
#1047=EDGE_LOOP('',(#3699,#3700,#3701,#3702));
#1048=EDGE_LOOP('',(#3703,#3704,#3705,#3706,#3707,#3708,#3709,#3710,#3711,
#3712,#3713,#3714));
#1049=EDGE_LOOP('',(#3715,#3716,#3717,#3718,#3719,#3720));
#1050=EDGE_LOOP('',(#3721,#3722,#3723,#3724,#3725));
#1051=EDGE_LOOP('',(#3726,#3727,#3728,#3729));
#1052=EDGE_LOOP('',(#3730,#3731,#3732,#3733));
#1053=EDGE_LOOP('',(#3734,#3735,#3736,#3737));
#1054=EDGE_LOOP('',(#3738,#3739,#3740,#3741,#3742));
#1055=EDGE_LOOP('',(#3743,#3744,#3745,#3746,#3747));
#1056=EDGE_LOOP('',(#3748,#3749,#3750,#3751,#3752));
#1057=EDGE_LOOP('',(#3753,#3754,#3755,#3756,#3757,#3758,#3759,#3760,#3761));
#1058=EDGE_LOOP('',(#3762,#3763,#3764,#3765,#3766));
#1059=EDGE_LOOP('',(#3767,#3768,#3769,#3770,#3771));
#1060=EDGE_LOOP('',(#3772,#3773,#3774,#3775,#3776));
#1061=EDGE_LOOP('',(#3777,#3778,#3779,#3780,#3781));
#1062=EDGE_LOOP('',(#3782,#3783,#3784,#3785,#3786));
#1063=EDGE_LOOP('',(#3787,#3788,#3789,#3790,#3791,#3792));
#1064=EDGE_LOOP('',(#3793,#3794,#3795,#3796,#3797));
#1065=EDGE_LOOP('',(#3798,#3799,#3800,#3801,#3802));
#1066=EDGE_LOOP('',(#3803,#3804,#3805,#3806));
#1067=EDGE_LOOP('',(#3807,#3808,#3809,#3810,#3811));
#1068=EDGE_LOOP('',(#3812,#3813,#3814,#3815,#3816,#3817));
#1069=EDGE_LOOP('',(#3818,#3819,#3820,#3821,#3822));
#1070=EDGE_LOOP('',(#3823,#3824,#3825,#3826));
#1071=EDGE_LOOP('',(#3827,#3828,#3829,#3830));
#1072=EDGE_LOOP('',(#3831,#3832,#3833,#3834,#3835,#3836,#3837));
#1073=EDGE_LOOP('',(#3838,#3839,#3840,#3841,#3842));
#1074=EDGE_LOOP('',(#3843,#3844,#3845,#3846,#3847,#3848));
#1075=EDGE_LOOP('',(#3849,#3850,#3851,#3852));
#1076=EDGE_LOOP('',(#3853,#3854,#3855));
#1077=EDGE_LOOP('',(#3856,#3857,#3858,#3859,#3860));
#1078=EDGE_LOOP('',(#3861,#3862,#3863,#3864));
#1079=EDGE_LOOP('',(#3865,#3866,#3867,#3868));
#1080=EDGE_LOOP('',(#3869,#3870,#3871,#3872,#3873,#3874));
#1081=EDGE_LOOP('',(#3875,#3876,#3877,#3878));
#1082=EDGE_LOOP('',(#3879,#3880,#3881,#3882));
#1083=EDGE_LOOP('',(#3883,#3884,#3885,#3886,#3887,#3888));
#1084=EDGE_LOOP('',(#3889,#3890,#3891));
#1085=EDGE_LOOP('',(#3892,#3893,#3894,#3895));
#1086=EDGE_LOOP('',(#3896,#3897,#3898,#3899));
#1087=EDGE_LOOP('',(#3900,#3901,#3902,#3903));
#1088=EDGE_LOOP('',(#3904,#3905,#3906,#3907,#3908));
#1089=EDGE_LOOP('',(#3909,#3910,#3911,#3912));
#1090=EDGE_LOOP('',(#3913,#3914,#3915));
#1091=EDGE_LOOP('',(#3916,#3917,#3918));
#1092=EDGE_LOOP('',(#3919,#3920,#3921));
#1093=EDGE_LOOP('',(#3922,#3923,#3924,#3925,#3926));
#1094=EDGE_LOOP('',(#3927,#3928,#3929,#3930,#3931));
#1095=EDGE_LOOP('',(#3932,#3933,#3934));
#1096=EDGE_LOOP('',(#3935,#3936,#3937));
#1097=B_SPLINE_CURVE_WITH_KNOTS('',3,(#5274,#5275,#5276,#5277),
 .UNSPECIFIED.,.F.,.F.,(4,4),(-0.0301426384774245,0.),.UNSPECIFIED.);
#1098=B_SPLINE_CURVE_WITH_KNOTS('',3,(#5279,#5280,#5281,#5282),
 .UNSPECIFIED.,.F.,.F.,(4,4),(0.00655642176149849,0.0492361130397929),
 .UNSPECIFIED.);
#1099=B_SPLINE_CURVE_WITH_KNOTS('',3,(#5283,#5284,#5285,#5286),
 .UNSPECIFIED.,.F.,.F.,(4,4),(-0.0040255414629897,-0.00058841814707748),
 .UNSPECIFIED.);
#1100=B_SPLINE_CURVE_WITH_KNOTS('',3,(#5289,#5290,#5291,#5292,#5293,#5294),
 .UNSPECIFIED.,.F.,.F.,(4,2,4),(-0.694951651313586,-0.342514973561227,-0.308798600398528),
 .UNSPECIFIED.);
#1101=B_SPLINE_CURVE_WITH_KNOTS('',3,(#5556,#5557,#5558,#5559),
 .UNSPECIFIED.,.F.,.F.,(4,4),(-0.0325929960398671,0.),.UNSPECIFIED.);
#1102=B_SPLINE_CURVE_WITH_KNOTS('',3,(#5561,#5562,#5563,#5564,#5565,#5566),
 .UNSPECIFIED.,.F.,.F.,(4,2,4),(-0.0995610712729572,-0.0768189862853431,
0.),.UNSPECIFIED.);
#1103=B_SPLINE_CURVE_WITH_KNOTS('',3,(#5589,#5590,#5591,#5592,#5593,#5594,
#5595,#5596,#5597,#5598,#5599,#5600,#5601,#5602),.UNSPECIFIED.,.F.,.F.,
(4,2,2,2,2,2,4),(-1.64742600471364,-1.56442790255277,-1.47452512506027,
-1.2747831488133,-0.853238628909605,-0.516641607280778,-0.0521609077678132),
 .UNSPECIFIED.);
#1104=B_SPLINE_CURVE_WITH_KNOTS('',3,(#5604,#5605,#5606,#5607,#5608,#5609,
#5610,#5611,#5612,#5613),.UNSPECIFIED.,.F.,.F.,(4,2,2,2,4),(-1.303880589606,
-0.423178041173435,-0.193711136817326,-0.103333233542477,-0.0519280186471644),
 .UNSPECIFIED.);
#1105=B_SPLINE_CURVE_WITH_KNOTS('',3,(#5615,#5616,#5617,#5618),
 .UNSPECIFIED.,.F.,.F.,(4,4),(-0.0104610014750832,0.),.UNSPECIFIED.);
#1106=B_SPLINE_CURVE_WITH_KNOTS('',3,(#5620,#5621,#5622,#5623,#5624,#5625,
#5626,#5627,#5628,#5629),.UNSPECIFIED.,.F.,.F.,(4,2,2,2,4),(-3.00898726108162,
-2.92195103355381,-2.63898520020746,-1.66175543358684,-0.0530226727873665),
 .UNSPECIFIED.);
#1107=B_SPLINE_CURVE_WITH_KNOTS('',3,(#5631,#5632,#5633,#5634,#5635,#5636,
#5637,#5638),.UNSPECIFIED.,.F.,.F.,(4,2,2,4),(-2.91328664582272,-1.86938640094541,
-1.20158105171399,-0.0513631877073697),.UNSPECIFIED.);
#1108=B_SPLINE_CURVE_WITH_KNOTS('',3,(#5640,#5641,#5642,#5643),
 .UNSPECIFIED.,.F.,.F.,(4,4),(-0.934809704123892,-0.0534763184580207),
 .UNSPECIFIED.);
#1109=B_SPLINE_CURVE_WITH_KNOTS('',3,(#5645,#5646,#5647,#5648),
 .UNSPECIFIED.,.F.,.F.,(4,4),(-0.496586102850516,-0.482917202670148),
 .UNSPECIFIED.);
#1110=B_SPLINE_CURVE_WITH_KNOTS('',3,(#5650,#5651,#5652,#5653),
 .UNSPECIFIED.,.F.,.F.,(4,4),(-0.929781382820763,-0.0512057031838682),
 .UNSPECIFIED.);
#1111=B_SPLINE_CURVE_WITH_KNOTS('',3,(#5655,#5656,#5657,#5658),
 .UNSPECIFIED.,.F.,.F.,(4,4),(-0.614449700215588,-0.0510187412211956),
 .UNSPECIFIED.);
#1112=B_SPLINE_CURVE_WITH_KNOTS('',3,(#5660,#5661,#5662,#5663),
 .UNSPECIFIED.,.F.,.F.,(4,4),(-0.550829263928184,-0.540375889811934),
 .UNSPECIFIED.);
#1113=B_SPLINE_CURVE_WITH_KNOTS('',3,(#5665,#5666,#5667,#5668),
 .UNSPECIFIED.,.F.,.F.,(4,4),(-0.592971435078237,-0.0506574505344313),
 .UNSPECIFIED.);
#1114=B_SPLINE_CURVE_WITH_KNOTS('',3,(#5670,#5671,#5672,#5673),
 .UNSPECIFIED.,.F.,.F.,(4,4),(-1.81829216532453,-0.0512554113476358),
 .UNSPECIFIED.);
#1115=B_SPLINE_CURVE_WITH_KNOTS('',3,(#5675,#5676,#5677,#5678),
 .UNSPECIFIED.,.F.,.F.,(4,4),(-1.75714937493456,-0.0513467388605272),
 .UNSPECIFIED.);
#1116=B_SPLINE_CURVE_WITH_KNOTS('',3,(#5680,#5681,#5682,#5683),
 .UNSPECIFIED.,.F.,.F.,(4,4),(-1.48468552486256,-0.051643465119749),
 .UNSPECIFIED.);
#1117=B_SPLINE_CURVE_WITH_KNOTS('',3,(#5685,#5686,#5687,#5688),
 .UNSPECIFIED.,.F.,.F.,(4,4),(-0.550120206789512,-0.0515750540525808),
 .UNSPECIFIED.);
#1118=B_SPLINE_CURVE_WITH_KNOTS('',3,(#5690,#5691,#5692,#5693),
 .UNSPECIFIED.,.F.,.F.,(4,4),(-0.0642605836863481,-0.050095839438088),
 .UNSPECIFIED.);
#1119=B_SPLINE_CURVE_WITH_KNOTS('',3,(#5695,#5696,#5697,#5698),
 .UNSPECIFIED.,.F.,.F.,(4,4),(-0.556471341531372,-0.0522602620450483),
 .UNSPECIFIED.);
#1120=B_SPLINE_CURVE_WITH_KNOTS('',3,(#5700,#5701,#5702,#5703,#5704,#5705,
#5706,#5707),.UNSPECIFIED.,.F.,.F.,(4,2,2,4),(-0.678128105766381,-0.26734035550045,
-0.106188754246666,-0.0632099313650475),.UNSPECIFIED.);
#1121=B_SPLINE_CURVE_WITH_KNOTS('',3,(#5709,#5710,#5711,#5712),
 .UNSPECIFIED.,.F.,.F.,(4,4),(-0.0631847675859731,-0.0494007771482893),
 .UNSPECIFIED.);
#1122=B_SPLINE_CURVE_WITH_KNOTS('',3,(#5714,#5715,#5716,#5717,#5718,#5719,
#5720,#5721),.UNSPECIFIED.,.F.,.F.,(4,2,2,4),(-0.788744291539523,-0.742778434178155,
-0.553020125646426,-0.0515835416465093),.UNSPECIFIED.);
#1123=B_SPLINE_CURVE_WITH_KNOTS('',3,(#5723,#5724,#5725,#5726,#5727,#5728,
#5729,#5730),.UNSPECIFIED.,.F.,.F.,(4,2,2,4),(-0.763171027568384,-0.334042510139294,
-0.116869374239436,-0.0777345826016581),.UNSPECIFIED.);
#1124=B_SPLINE_CURVE_WITH_KNOTS('',3,(#5732,#5733,#5734,#5735),
 .UNSPECIFIED.,.F.,.F.,(4,4),(-0.064037305210609,-0.0499281063154519),
 .UNSPECIFIED.);
#1125=B_SPLINE_CURVE_WITH_KNOTS('',3,(#5737,#5738,#5739,#5740,#5741,#5742,
#5743,#5744),.UNSPECIFIED.,.F.,.F.,(4,2,2,4),(-0.803388104248674,-0.767343680626232,
-0.586814672726934,-0.0505095616398678),.UNSPECIFIED.);
#1126=B_SPLINE_CURVE_WITH_KNOTS('',3,(#5746,#5747,#5748,#5749),
 .UNSPECIFIED.,.F.,.F.,(4,4),(-2.00750924428972,-0.0506719496149768),
 .UNSPECIFIED.);
#1127=B_SPLINE_CURVE_WITH_KNOTS('',3,(#5751,#5752,#5753,#5754),
 .UNSPECIFIED.,.F.,.F.,(4,4),(-1.26545602711282,-0.0541294350518308),
 .UNSPECIFIED.);
#1128=B_SPLINE_CURVE_WITH_KNOTS('',3,(#5756,#5757,#5758,#5759,#5760,#5761),
 .UNSPECIFIED.,.F.,.F.,(4,2,4),(-0.441503628972853,-0.122049303591791,-0.055611176518199),
 .UNSPECIFIED.);
#1129=B_SPLINE_CURVE_WITH_KNOTS('',3,(#5763,#5764,#5765,#5766),
 .UNSPECIFIED.,.F.,.F.,(4,4),(-0.0651478767315319,-0.050981492224457),
 .UNSPECIFIED.);
#1130=B_SPLINE_CURVE_WITH_KNOTS('',3,(#5768,#5769,#5770,#5771,#5772,#5773),
 .UNSPECIFIED.,.F.,.F.,(4,2,4),(-0.504793123268081,-0.342392488171987,-0.0504862465849899),
 .UNSPECIFIED.);
#1131=B_SPLINE_CURVE_WITH_KNOTS('',3,(#5775,#5776,#5777,#5778,#5779,#5780,
#5781,#5782,#5783,#5784,#5785,#5786,#5787,#5788,#5789,#5790,#5791,#5792,
#5793),.UNSPECIFIED.,.F.,.F.,(4,3,3,3,3,3,4),(-0.328190360986724,-0.273018720940928,
-0.22086328084505,-0.197746178640141,-0.15644704018217,-0.108139512939409,
-0.0783048935330178),.UNSPECIFIED.);
#1132=B_SPLINE_CURVE_WITH_KNOTS('',3,(#5795,#5796,#5797,#5798),
 .UNSPECIFIED.,.F.,.F.,(4,4),(-0.0657716562436334,-0.0515563341944945),
 .UNSPECIFIED.);
#1133=B_SPLINE_CURVE_WITH_KNOTS('',3,(#5800,#5801,#5802,#5803,#5804,#5805),
 .UNSPECIFIED.,.F.,.F.,(4,2,4),(-0.335397570402087,-0.251118669982559,-0.0531256208363358),
 .UNSPECIFIED.);
#1134=B_SPLINE_CURVE_WITH_KNOTS('',3,(#5807,#5808,#5809,#5810),
 .UNSPECIFIED.,.F.,.F.,(4,4),(-2.75360960122774,-0.0509551058880323),
 .UNSPECIFIED.);
#1135=B_SPLINE_CURVE_WITH_KNOTS('',3,(#5812,#5813,#5814,#5815,#5816,#5817,
#5818,#5819),.UNSPECIFIED.,.F.,.F.,(4,2,2,4),(-0.61115930210707,-0.321652745071066,
-0.120739322022735,-0.078458829369435),.UNSPECIFIED.);
#1136=B_SPLINE_CURVE_WITH_KNOTS('',3,(#5821,#5822,#5823,#5824),
 .UNSPECIFIED.,.F.,.F.,(4,4),(-0.065554210185337,-0.0516303097169754),
 .UNSPECIFIED.);
#1137=B_SPLINE_CURVE_WITH_KNOTS('',3,(#5826,#5827,#5828,#5829,#5830,#5831,
#5832,#5833),.UNSPECIFIED.,.F.,.F.,(4,2,2,4),(-1.36190456381532,-1.28042180516151,
-0.957355070650199,-0.0527143619071171),.UNSPECIFIED.);
#1138=B_SPLINE_CURVE_WITH_KNOTS('',3,(#5835,#5836,#5837,#5838,#5839,#5840,
#5841,#5842),.UNSPECIFIED.,.F.,.F.,(4,2,2,4),(-1.83025998318853,-1.04467403399423,
-0.336616482172582,-0.0500230624909839),.UNSPECIFIED.);
#1139=B_SPLINE_CURVE_WITH_KNOTS('',3,(#5844,#5845,#5846,#5847,#5848,#5849,
#5850,#5851),.UNSPECIFIED.,.F.,.F.,(4,2,2,4),(-0.663026925420429,-0.377592599282459,
-0.145666388009503,-0.0499912886020972),.UNSPECIFIED.);
#1140=B_SPLINE_CURVE_WITH_KNOTS('',3,(#5853,#5854,#5855,#5856),
 .UNSPECIFIED.,.F.,.F.,(4,4),(-0.064396512279456,-0.0503378429465922),
 .UNSPECIFIED.);
#1141=B_SPLINE_CURVE_WITH_KNOTS('',3,(#5858,#5859,#5860,#5861,#5862,#5863,
#5864,#5865),.UNSPECIFIED.,.F.,.F.,(4,2,2,4),(-1.95804537326411,-1.49432609830386,
-0.701926041033759,-0.0518086745940719),.UNSPECIFIED.);
#1142=B_SPLINE_CURVE_WITH_KNOTS('',3,(#5867,#5868,#5869,#5870),
 .UNSPECIFIED.,.F.,.F.,(4,4),(-1.23621415844185,0.),.UNSPECIFIED.);
#1143=B_SPLINE_CURVE_WITH_KNOTS('',3,(#5885,#5886,#5887,#5888,#5889,#5890),
 .UNSPECIFIED.,.F.,.F.,(4,2,4),(-0.444978544694385,-0.0472166966856905,
-0.0422118704625879),.UNSPECIFIED.);
#1144=B_SPLINE_CURVE_WITH_KNOTS('',3,(#5892,#5893,#5894,#5895,#5896,#5897),
 .UNSPECIFIED.,.F.,.F.,(4,2,4),(-0.93243844733851,-0.29779582119735,-0.0498610950569359),
 .UNSPECIFIED.);
#1145=B_SPLINE_CURVE_WITH_KNOTS('',3,(#5899,#5900,#5901,#5902),
 .UNSPECIFIED.,.F.,.F.,(4,4),(-0.064294403764249,-0.0502745908529832),
 .UNSPECIFIED.);
#1146=B_SPLINE_CURVE_WITH_KNOTS('',3,(#5904,#5905,#5906,#5907,#5908,#5909),
 .UNSPECIFIED.,.F.,.F.,(4,2,4),(-1.93207275825488,-0.995792145298044,-0.0504301725696716),
 .UNSPECIFIED.);
#1147=B_SPLINE_CURVE_WITH_KNOTS('',3,(#5911,#5912,#5913,#5914),
 .UNSPECIFIED.,.F.,.F.,(4,4),(-0.387362103511939,-0.0495171343571297),
 .UNSPECIFIED.);
#1148=B_SPLINE_CURVE_WITH_KNOTS('',3,(#5916,#5917,#5918,#5919),
 .UNSPECIFIED.,.F.,.F.,(4,4),(-0.064968006223826,-0.0506883892764506),
 .UNSPECIFIED.);
#1149=B_SPLINE_CURVE_WITH_KNOTS('',3,(#5921,#5922,#5923,#5924),
 .UNSPECIFIED.,.F.,.F.,(4,4),(-0.568122950592789,-0.0516038132023409),
 .UNSPECIFIED.);
#1150=B_SPLINE_CURVE_WITH_KNOTS('',3,(#5926,#5927,#5928,#5929,#5930,#5931,
#5932,#5933),.UNSPECIFIED.,.F.,.F.,(4,2,2,4),(-0.831645378499882,-0.750037886156239,
-0.710206586085485,0.),.UNSPECIFIED.);
#1151=B_SPLINE_CURVE_WITH_KNOTS('',3,(#5963,#5964,#5965,#5966,#5967,#5968,
#5969,#5970,#5971,#5972),.UNSPECIFIED.,.F.,.F.,(4,3,3,4),(-0.648233628531561,
-0.499231564445997,-0.468868295499956,-0.0522253721893046),
 .UNSPECIFIED.);
#1152=B_SPLINE_CURVE_WITH_KNOTS('',3,(#5974,#5975,#5976,#5977),
 .UNSPECIFIED.,.F.,.F.,(4,4),(-0.394474845848264,-0.0474984553622778),
 .UNSPECIFIED.);
#1153=B_SPLINE_CURVE_WITH_KNOTS('',3,(#5979,#5980,#5981,#5982),
 .UNSPECIFIED.,.F.,.F.,(4,4),(-0.0635990795207914,-0.0496321622034759),
 .UNSPECIFIED.);
#1154=B_SPLINE_CURVE_WITH_KNOTS('',3,(#5984,#5985,#5986,#5987),
 .UNSPECIFIED.,.F.,.F.,(4,4),(-0.474049838088733,-0.0491416777470455),
 .UNSPECIFIED.);
#1155=B_SPLINE_CURVE_WITH_KNOTS('',3,(#5989,#5990,#5991,#5992,#5993,#5994,
#5995,#5996,#5997,#5998,#5999,#6000,#6001,#6002,#6003,#6004),
 .UNSPECIFIED.,.F.,.F.,(4,3,3,3,3,4),(-1.30115733980747,-0.675237915168045,
-0.455093422318048,-0.315262154709037,-0.195560286486909,-0.0493184905286173),
 .UNSPECIFIED.);
#1156=B_SPLINE_CURVE_WITH_KNOTS('',3,(#6006,#6007,#6008,#6009),
 .UNSPECIFIED.,.F.,.F.,(4,4),(-0.0629298888510016,-0.0492022019307108),
 .UNSPECIFIED.);
#1157=B_SPLINE_CURVE_WITH_KNOTS('',3,(#6011,#6012,#6013,#6014,#6015,#6016),
 .UNSPECIFIED.,.F.,.F.,(4,2,4),(-1.28270311808358,-0.755718602652294,-0.0480556282494643),
 .UNSPECIFIED.);
#1158=B_SPLINE_CURVE_WITH_KNOTS('',3,(#6018,#6019,#6020,#6021),
 .UNSPECIFIED.,.F.,.F.,(4,4),(-1.83526689091399,0.),.UNSPECIFIED.);
#1159=B_SPLINE_CURVE_WITH_KNOTS('',3,(#6036,#6037,#6038,#6039),
 .UNSPECIFIED.,.F.,.F.,(4,4),(-2.018040458361,-0.0527741466473477),
 .UNSPECIFIED.);
#1160=B_SPLINE_CURVE_WITH_KNOTS('',3,(#6041,#6042,#6043,#6044,#6045,#6046,
#6047,#6048),.UNSPECIFIED.,.F.,.F.,(4,2,2,4),(-0.819523009603476,-0.20120428822635,
-0.0901598096025232,-0.0461078620298916),.UNSPECIFIED.);
#1161=B_SPLINE_CURVE_WITH_KNOTS('',3,(#6050,#6051,#6052,#6053),
 .UNSPECIFIED.,.F.,.F.,(4,4),(-0.0630846212098245,-0.0493081277577553),
 .UNSPECIFIED.);
#1162=B_SPLINE_CURVE_WITH_KNOTS('',3,(#6055,#6056,#6057,#6058),
 .UNSPECIFIED.,.F.,.F.,(4,4),(-2.82496388347357,-0.0512411872817107),
 .UNSPECIFIED.);
#1163=B_SPLINE_CURVE_WITH_KNOTS('',3,(#6060,#6061,#6062,#6063,#6064,#6065,
#6066,#6067,#6068,#6069),.UNSPECIFIED.,.F.,.F.,(4,2,2,2,4),(-1.71134517393473,
-1.19127630956423,-0.629428656561786,-0.23360452693861,-0.0498667999571468),
 .UNSPECIFIED.);
#1164=B_SPLINE_CURVE_WITH_KNOTS('',3,(#6071,#6072,#6073,#6074,#6075,#6076,
#6077,#6078,#6079,#6080),.UNSPECIFIED.,.F.,.F.,(4,2,2,2,4),(-0.744901776108899,
-0.454473503707782,-0.281025007882993,-0.172749517749559,-0.168160549896602),
 .UNSPECIFIED.);
#1165=B_SPLINE_CURVE_WITH_KNOTS('',3,(#6082,#6083,#6084,#6085),
 .UNSPECIFIED.,.F.,.F.,(4,4),(-0.0675219715221555,-0.0521709865011135),
 .UNSPECIFIED.);
#1166=B_SPLINE_CURVE_WITH_KNOTS('',3,(#6087,#6088,#6089,#6090,#6091,#6092,
#6093,#6094),.UNSPECIFIED.,.F.,.F.,(4,2,2,4),(-3.02363952865685,-2.84683727879977,
-1.79637274341983,-0.0516436281473687),.UNSPECIFIED.);
#1167=B_SPLINE_CURVE_WITH_KNOTS('',3,(#6096,#6097,#6098,#6099,#6100,#6101,
#6102),.UNSPECIFIED.,.F.,.F.,(4,3,4),(-1.90406539024362,-0.27032539403762,
-0.0502495998444986),.UNSPECIFIED.);
#1168=B_SPLINE_CURVE_WITH_KNOTS('',3,(#6104,#6105,#6106,#6107,#6108,#6109),
 .UNSPECIFIED.,.F.,.F.,(4,2,4),(-0.302603593568776,-0.111884692936464,-0.0773469201883054),
 .UNSPECIFIED.);
#1169=B_SPLINE_CURVE_WITH_KNOTS('',3,(#6111,#6112,#6113,#6114),
 .UNSPECIFIED.,.F.,.F.,(4,4),(-0.0638181255256621,-0.0498729157064393),
 .UNSPECIFIED.);
#1170=B_SPLINE_CURVE_WITH_KNOTS('',3,(#6116,#6117,#6118,#6119,#6120,#6121),
 .UNSPECIFIED.,.F.,.F.,(4,2,4),(-0.337426559859532,-0.256071309270388,-0.0516674755528589),
 .UNSPECIFIED.);
#1171=B_SPLINE_CURVE_WITH_KNOTS('',3,(#6123,#6124,#6125,#6126,#6127,#6128),
 .UNSPECIFIED.,.F.,.F.,(4,2,4),(-0.401376431413439,-0.0908972390030517,
-0.0536231962756323),.UNSPECIFIED.);
#1172=B_SPLINE_CURVE_WITH_KNOTS('',3,(#6130,#6131,#6132,#6133),
 .UNSPECIFIED.,.F.,.F.,(4,4),(-0.0638102998318081,-0.0498434846972564),
 .UNSPECIFIED.);
#1173=B_SPLINE_CURVE_WITH_KNOTS('',3,(#6135,#6136,#6137,#6138),
 .UNSPECIFIED.,.F.,.F.,(4,4),(-0.49065860223919,-0.048996381190999),
 .UNSPECIFIED.);
#1174=B_SPLINE_CURVE_WITH_KNOTS('',3,(#6140,#6141,#6142,#6143,#6144,#6145),
 .UNSPECIFIED.,.F.,.F.,(4,2,4),(-2.08257212962795,-1.08007201509817,-0.0501513825946058),
 .UNSPECIFIED.);
#1175=B_SPLINE_CURVE_WITH_KNOTS('',3,(#6147,#6148,#6149,#6150),
 .UNSPECIFIED.,.F.,.F.,(4,4),(-1.61396996329643,-0.0504767584766583),
 .UNSPECIFIED.);
#1176=B_SPLINE_CURVE_WITH_KNOTS('',3,(#6152,#6153,#6154,#6155,#6156,#6157),
 .UNSPECIFIED.,.F.,.F.,(4,2,4),(-0.607224113217187,-0.166854398148563,-0.0857366813001049),
 .UNSPECIFIED.);
#1177=B_SPLINE_CURVE_WITH_KNOTS('',3,(#6159,#6160,#6161,#6162),
 .UNSPECIFIED.,.F.,.F.,(4,4),(-0.0640288444268937,-0.0499227412236006),
 .UNSPECIFIED.);
#1178=B_SPLINE_CURVE_WITH_KNOTS('',3,(#6164,#6165,#6166,#6167,#6168,#6169,
#6170,#6171),.UNSPECIFIED.,.F.,.F.,(4,2,2,4),(-0.860466914331595,-0.827126808397145,
-0.59996395520542,-0.0499265298560146),.UNSPECIFIED.);
#1179=B_SPLINE_CURVE_WITH_KNOTS('',3,(#6173,#6174,#6175,#6176,#6177,#6178,
#6179,#6180),.UNSPECIFIED.,.F.,.F.,(4,2,2,4),(-0.690855757307613,-0.264323141300127,
-0.163326445668526,-0.148814038610712),.UNSPECIFIED.);
#1180=B_SPLINE_CURVE_WITH_KNOTS('',3,(#6182,#6183,#6184,#6185),
 .UNSPECIFIED.,.F.,.F.,(4,4),(-0.0634129294153429,-0.0497255106023622),
 .UNSPECIFIED.);
#1181=B_SPLINE_CURVE_WITH_KNOTS('',3,(#6187,#6188,#6189,#6190,#6191,#6192,
#6193,#6194),.UNSPECIFIED.,.F.,.F.,(4,2,2,4),(-0.925172657451364,-0.908109296399802,
-0.732616687767582,-0.0507939932238033),.UNSPECIFIED.);
#1182=B_SPLINE_CURVE_WITH_KNOTS('',3,(#6196,#6197,#6198,#6199),
 .UNSPECIFIED.,.F.,.F.,(4,4),(-0.541813433802307,-0.0500326034332996),
 .UNSPECIFIED.);
#1183=B_SPLINE_CURVE_WITH_KNOTS('',3,(#6201,#6202,#6203,#6204),
 .UNSPECIFIED.,.F.,.F.,(4,4),(-0.0641559529529873,-0.0500156972362124),
 .UNSPECIFIED.);
#1184=B_SPLINE_CURVE_WITH_KNOTS('',3,(#6206,#6207,#6208,#6209),
 .UNSPECIFIED.,.F.,.F.,(4,4),(-0.533150156222232,-0.0503803167808654),
 .UNSPECIFIED.);
#1185=B_SPLINE_CURVE_WITH_KNOTS('',3,(#6211,#6212,#6213,#6214),
 .UNSPECIFIED.,.F.,.F.,(4,4),(-1.61920155857275,-0.0497816809430335),
 .UNSPECIFIED.);
#1186=B_SPLINE_CURVE_WITH_KNOTS('',3,(#6216,#6217,#6218,#6219,#6220,#6221),
 .UNSPECIFIED.,.F.,.F.,(4,2,4),(-1.63005225862684,-0.949093201706681,-0.0505265858015861),
 .UNSPECIFIED.);
#1187=B_SPLINE_CURVE_WITH_KNOTS('',3,(#6223,#6224,#6225,#6226),
 .UNSPECIFIED.,.F.,.F.,(4,4),(-1.68325866675793,-0.0501017903814513),
 .UNSPECIFIED.);
#1188=B_SPLINE_CURVE_WITH_KNOTS('',3,(#6228,#6229,#6230,#6231),
 .UNSPECIFIED.,.F.,.F.,(4,4),(-0.566482767272954,-0.0498035832814352),
 .UNSPECIFIED.);
#1189=B_SPLINE_CURVE_WITH_KNOTS('',3,(#6233,#6234,#6235,#6236),
 .UNSPECIFIED.,.F.,.F.,(4,4),(-4.53949560763754,-4.5116538209502),
 .UNSPECIFIED.);
#1190=B_SPLINE_CURVE_WITH_KNOTS('',3,(#6238,#6239,#6240,#6241),
 .UNSPECIFIED.,.F.,.F.,(4,4),(-0.56573024336998,-0.049664858286878),
 .UNSPECIFIED.);
#1191=B_SPLINE_CURVE_WITH_KNOTS('',3,(#6243,#6244,#6245,#6246,#6247,#6248,
#6249,#6250,#6251,#6252,#6253,#6254,#6255,#6256),.UNSPECIFIED.,.F.,.F.,
(4,2,2,2,2,2,4),(-1.45949613062206,-0.645962533875604,-0.385425094410619,
-0.21006267844863,-0.13413104583002,-0.0884689722203379,-0.0524909505175059),
 .UNSPECIFIED.);
#1192=B_SPLINE_CURVE_WITH_KNOTS('',3,(#6258,#6259,#6260,#6261),
 .UNSPECIFIED.,.F.,.F.,(4,4),(-0.0103058386681926,0.),.UNSPECIFIED.);
#1193=B_SPLINE_CURVE_WITH_KNOTS('',3,(#6263,#6264,#6265,#6266,#6267,#6268,
#6269,#6270,#6271,#6272,#6273,#6274),.UNSPECIFIED.,.F.,.F.,(4,2,2,2,2,4),
(-1.62903682040676,-1.60177999851762,-1.53278132577258,-1.425216900153,
-1.09933383293641,-0.0496849199385528),.UNSPECIFIED.);
#1194=B_SPLINE_CURVE_WITH_KNOTS('',3,(#6276,#6277,#6278,#6279),
 .UNSPECIFIED.,.F.,.F.,(4,4),(-0.783160557903628,-0.0473763363295407),
 .UNSPECIFIED.);
#1195=B_SPLINE_CURVE_WITH_KNOTS('',3,(#6281,#6282,#6283,#6284,#6285,#6286,
#6287,#6288,#6289,#6290,#6291,#6292),.UNSPECIFIED.,.F.,.F.,(4,2,2,2,2,4),
(-1.26820167793043,-0.63180662394263,-0.297328313306174,-0.16629826448563,
-0.0989073822955542,-0.0743673851835403),.UNSPECIFIED.);
#1196=B_SPLINE_CURVE_WITH_KNOTS('',3,(#6294,#6295,#6296,#6297),
 .UNSPECIFIED.,.F.,.F.,(4,4),(-0.010478611489821,0.),.UNSPECIFIED.);
#1197=B_SPLINE_CURVE_WITH_KNOTS('',3,(#6299,#6300,#6301,#6302,#6303,#6304,
#6305,#6306,#6307,#6308),.UNSPECIFIED.,.F.,.F.,(4,2,2,2,4),(-2.20842978909617,
-2.1748609052946,-1.96555891549539,-1.48186921466595,-0.0513443709578466),
 .UNSPECIFIED.);
#1198=B_SPLINE_CURVE_WITH_KNOTS('',3,(#6310,#6311,#6312,#6313,#6314,#6315,
#6316,#6317,#6318,#6319,#6320,#6321),.UNSPECIFIED.,.F.,.F.,(4,2,2,2,2,4),
(-0.74654324129664,-0.693666081187167,-0.614589652105208,-0.466683978981935,
-0.376985607471965,0.),.UNSPECIFIED.);
#1199=B_SPLINE_CURVE_WITH_KNOTS('',3,(#6339,#6340,#6341,#6342),
 .UNSPECIFIED.,.F.,.F.,(4,4),(-0.131901892348661,-0.102641540110131),
 .UNSPECIFIED.);
#1200=B_SPLINE_CURVE_WITH_KNOTS('',3,(#6344,#6345,#6346,#6347,#6348,#6349,
#6350,#6351),.UNSPECIFIED.,.F.,.F.,(4,2,2,4),(-0.408076818824788,-0.26249388887759,
-0.112431849173447,-0.0551161177735715),.UNSPECIFIED.);
#1201=B_SPLINE_CURVE_WITH_KNOTS('',3,(#6353,#6354,#6355,#6356),
 .UNSPECIFIED.,.F.,.F.,(4,4),(-0.0103186429015228,0.),.UNSPECIFIED.);
#1202=B_SPLINE_CURVE_WITH_KNOTS('',3,(#6357,#6358,#6359,#6360,#6361,#6362,
#6363,#6364),.UNSPECIFIED.,.F.,.F.,(4,2,2,4),(-0.445282549815343,-0.426340120302381,
-0.315687486105686,-0.0549153577377865),.UNSPECIFIED.);
#1203=B_SPLINE_CURVE_WITH_KNOTS('',3,(#6367,#6368,#6369,#6370),
 .UNSPECIFIED.,.F.,.F.,(4,4),(0.,0.046453132301935),.UNSPECIFIED.);
#1204=B_SPLINE_CURVE_WITH_KNOTS('',3,(#6416,#6417,#6418,#6419),
 .UNSPECIFIED.,.F.,.F.,(4,4),(0.0011602470146273,0.0047530813496705),
 .UNSPECIFIED.);
#1205=B_SPLINE_CURVE_WITH_KNOTS('',3,(#6424,#6425,#6426,#6427),
 .UNSPECIFIED.,.F.,.F.,(4,4),(0.0598107967007692,0.0612537371178762),
 .UNSPECIFIED.);
#1206=B_SPLINE_CURVE_WITH_KNOTS('',3,(#6541,#6542,#6543,#6544,#6545,#6546,
#6547),.UNSPECIFIED.,.F.,.F.,(4,3,4),(0.442994871556346,0.443373893175881,
0.443904091439077),.UNSPECIFIED.);
#1207=B_SPLINE_CURVE_WITH_KNOTS('',3,(#6601,#6602,#6603,#6604),
 .UNSPECIFIED.,.F.,.F.,(4,4),(0.60298065226932,0.603908081409297),
 .UNSPECIFIED.);
#1208=B_SPLINE_CURVE_WITH_KNOTS('',3,(#6638,#6639,#6640,#6641),
 .UNSPECIFIED.,.F.,.F.,(4,4),(0.738637559710451,0.739667980294138),
 .UNSPECIFIED.);
#1209=B_SPLINE_CURVE_WITH_KNOTS('',3,(#6646,#6647,#6648,#6649),
 .UNSPECIFIED.,.F.,.F.,(4,4),(0.77791352468141,0.778987153461136),
 .UNSPECIFIED.);
#1210=B_SPLINE_CURVE_WITH_KNOTS('',3,(#6685,#6686,#6687,#6688),
 .UNSPECIFIED.,.F.,.F.,(4,4),(0.948169348953851,0.949625055442081),
 .UNSPECIFIED.);
#1211=B_SPLINE_CURVE_WITH_KNOTS('',3,(#6693,#6694,#6695,#6696),
 .UNSPECIFIED.,.F.,.F.,(4,4),(-0.949281672418921,-0.947833848001708),
 .UNSPECIFIED.);
#1212=B_SPLINE_CURVE_WITH_KNOTS('',3,(#6736,#6737,#6738,#6739),
 .UNSPECIFIED.,.F.,.F.,(4,4),(-0.77901609693698,-0.77794233952461),
 .UNSPECIFIED.);
#1213=B_SPLINE_CURVE_WITH_KNOTS('',3,(#6744,#6745,#6746,#6747),
 .UNSPECIFIED.,.F.,.F.,(4,4),(-0.739684082145838,-0.738653168937996),
 .UNSPECIFIED.);
#1214=B_SPLINE_CURVE_WITH_KNOTS('',3,(#6778,#6779,#6780,#6781),
 .UNSPECIFIED.,.F.,.F.,(4,4),(-0.603881577000794,-0.602954210412776),
 .UNSPECIFIED.);
#1215=B_SPLINE_CURVE_WITH_KNOTS('',3,(#6828,#6829,#6830,#6831),
 .UNSPECIFIED.,.F.,.F.,(4,4),(-0.443931678977018,-0.443022819967581),
 .UNSPECIFIED.);
#1216=B_SPLINE_CURVE_WITH_KNOTS('',3,(#6939,#6940,#6941,#6942),
 .UNSPECIFIED.,.F.,.F.,(4,4),(-0.0615504837181935,-0.0601160723244741),
 .UNSPECIFIED.);
#1217=B_SPLINE_CURVE_WITH_KNOTS('',3,(#6948,#6949,#6950,#6951),
 .UNSPECIFIED.,.F.,.F.,(4,4),(0.0507925977078897,1.72114722270864),
 .UNSPECIFIED.);
#1218=B_SPLINE_CURVE_WITH_KNOTS('',3,(#6957,#6958,#6959,#6960,#6961,#6962,
#6963),.UNSPECIFIED.,.F.,.F.,(4,3,4),(0.0500844676054973,0.273611178507736,
0.497137889409974),.UNSPECIFIED.);
#1219=B_SPLINE_CURVE_WITH_KNOTS('',3,(#6966,#6967,#6968,#6969),
 .UNSPECIFIED.,.F.,.F.,(4,4),(0.,1.38406199026853),.UNSPECIFIED.);
#1220=B_SPLINE_CURVE_WITH_KNOTS('',3,(#6972,#6973,#6974,#6975),
 .UNSPECIFIED.,.F.,.F.,(4,4),(0.0513506123462624,1.41592502719552),
 .UNSPECIFIED.);
#1221=B_SPLINE_CURVE_WITH_KNOTS('',3,(#6978,#6979,#6980,#6981,#6982,#6983,
#6984,#6985),.UNSPECIFIED.,.F.,.F.,(4,2,2,4),(-1.36534520671484,-0.972274933874206,
-0.392349357675808,-0.0491121411045429),.UNSPECIFIED.);
#1222=B_SPLINE_CURVE_WITH_KNOTS('',3,(#6987,#6988,#6989,#6990),
 .UNSPECIFIED.,.F.,.F.,(4,4),(0.,1.99446757901214),.UNSPECIFIED.);
#1223=B_SPLINE_CURVE_WITH_KNOTS('',3,(#6991,#6992,#6993,#6994,#6995,#6996,
#6997,#6998,#6999,#7000,#7001,#7002),.UNSPECIFIED.,.F.,.F.,(4,2,2,2,2,4),
(-1.42045980269434,-1.40015001663552,-1.3217913918402,-1.14347588552615,
-0.694208518159593,0.),.UNSPECIFIED.);
#1224=B_SPLINE_CURVE_WITH_KNOTS('',3,(#7005,#7006,#7007,#7008),
 .UNSPECIFIED.,.F.,.F.,(4,4),(0.0513267977610495,1.40766510985905),
 .UNSPECIFIED.);
#1225=B_SPLINE_CURVE_WITH_KNOTS('',3,(#7055,#7056,#7057,#7058),
 .UNSPECIFIED.,.F.,.F.,(4,4),(-0.365425213288951,-0.351299832203848),
 .UNSPECIFIED.);
#1226=B_SPLINE_CURVE_WITH_KNOTS('',3,(#7059,#7060,#7061,#7062,#7063,#7064,
#7065),.UNSPECIFIED.,.F.,.F.,(4,3,4),(0.261215757401515,0.486117996912297,
0.699853612733362),.UNSPECIFIED.);
#1227=B_SPLINE_CURVE_WITH_KNOTS('',3,(#7067,#7068,#7069,#7070),
 .UNSPECIFIED.,.F.,.F.,(4,4),(-0.242130312390106,-0.226731334685664),
 .UNSPECIFIED.);
#1228=B_SPLINE_CURVE_WITH_KNOTS('',3,(#7071,#7072,#7073,#7074),
 .UNSPECIFIED.,.F.,.F.,(4,4),(0.0523340082311492,2.173170479003),
 .UNSPECIFIED.);
#1229=B_SPLINE_CURVE_WITH_KNOTS('',3,(#7084,#7085,#7086,#7087),
 .UNSPECIFIED.,.F.,.F.,(4,4),(-0.126305245337201,-0.112143585962249),
 .UNSPECIFIED.);
#1230=B_SPLINE_CURVE_WITH_KNOTS('',3,(#7093,#7094,#7095,#7096),
 .UNSPECIFIED.,.F.,.F.,(4,4),(-0.19100884455841,-0.176850757321698),
 .UNSPECIFIED.);
#1231=B_SPLINE_CURVE_WITH_KNOTS('',3,(#7104,#7105,#7106,#7107),
 .UNSPECIFIED.,.F.,.F.,(4,4),(-0.0872006184767173,-0.0730572943890966),
 .UNSPECIFIED.);
#1232=B_SPLINE_CURVE_WITH_KNOTS('',3,(#7111,#7112,#7113,#7114),
 .UNSPECIFIED.,.F.,.F.,(4,4),(-0.258223153275006,-0.242790112929497),
 .UNSPECIFIED.);
#1233=B_SPLINE_CURVE_WITH_KNOTS('',3,(#7122,#7123,#7124,#7125),
 .UNSPECIFIED.,.F.,.F.,(4,4),(-0.0218429776050424,-0.00770088136331365),
 .UNSPECIFIED.);
#1234=B_SPLINE_CURVE_WITH_KNOTS('',3,(#7131,#7132,#7133,#7134),
 .UNSPECIFIED.,.F.,.F.,(4,4),(-0.0192387399728533,-0.00532797508043025),
 .UNSPECIFIED.);
#1235=B_SPLINE_CURVE_WITH_KNOTS('',3,(#7138,#7139,#7140,#7141,#7142,#7143,
#7144),.UNSPECIFIED.,.F.,.F.,(4,3,4),(0.149350458921304,0.551178606958486,
0.601157482261779),.UNSPECIFIED.);
#1236=B_SPLINE_CURVE_WITH_KNOTS('',3,(#7148,#7149,#7150,#7151),
 .UNSPECIFIED.,.F.,.F.,(4,4),(0.112536082437767,0.35584072257723),
 .UNSPECIFIED.);
#1237=B_SPLINE_CURVE_WITH_KNOTS('',3,(#7155,#7156,#7157,#7158),
 .UNSPECIFIED.,.F.,.F.,(4,4),(0.0819595828480984,0.74085016050505),
 .UNSPECIFIED.);
#1238=B_SPLINE_CURVE_WITH_KNOTS('',3,(#7162,#7163,#7164,#7165),
 .UNSPECIFIED.,.F.,.F.,(4,4),(0.0618281721158199,2.09330428868646),
 .UNSPECIFIED.);
#1239=B_SPLINE_CURVE_WITH_KNOTS('',3,(#7211,#7212,#7213,#7214),
 .UNSPECIFIED.,.F.,.F.,(4,4),(0.0501491621699067,0.514376702181495),
 .UNSPECIFIED.);
#1240=B_SPLINE_CURVE_WITH_KNOTS('',3,(#7216,#7217,#7218,#7219),
 .UNSPECIFIED.,.F.,.F.,(4,4),(-1.09630186943879,-1.08215973381506),
 .UNSPECIFIED.);
#1241=B_SPLINE_CURVE_WITH_KNOTS('',3,(#7221,#7222,#7223,#7224),
 .UNSPECIFIED.,.F.,.F.,(4,4),(1.40349617934992,1.8722973556409),
 .UNSPECIFIED.);
#1242=B_SPLINE_CURVE_WITH_KNOTS('',3,(#7226,#7227,#7228,#7229),
 .UNSPECIFIED.,.F.,.F.,(4,4),(0.0515585522934076,0.506398635968066),
 .UNSPECIFIED.);
#1243=B_SPLINE_CURVE_WITH_KNOTS('',3,(#7231,#7232,#7233,#7234),
 .UNSPECIFIED.,.F.,.F.,(4,4),(-1.74660525178573,-1.73246311616198),
 .UNSPECIFIED.);
#1244=B_SPLINE_CURVE_WITH_KNOTS('',3,(#7236,#7237,#7238,#7239),
 .UNSPECIFIED.,.F.,.F.,(4,4),(0.949032105092575,1.42483391994191),
 .UNSPECIFIED.);
#1245=B_SPLINE_CURVE_WITH_KNOTS('',3,(#7240,#7241,#7242,#7243),
 .UNSPECIFIED.,.F.,.F.,(4,4),(0.0515219282291254,1.46518981022959),
 .UNSPECIFIED.);
#1246=B_SPLINE_CURVE_WITH_KNOTS('',3,(#7245,#7246,#7247,#7248),
 .UNSPECIFIED.,.F.,.F.,(4,4),(0.,1.44945401017513),.UNSPECIFIED.);
#1247=B_SPLINE_CURVE_WITH_KNOTS('',3,(#7249,#7250,#7251,#7252),
 .UNSPECIFIED.,.F.,.F.,(4,4),(0.051755822119807,1.90019453006411),
 .UNSPECIFIED.);
#1248=B_SPLINE_CURVE_WITH_KNOTS('',3,(#7258,#7259,#7260,#7261),
 .UNSPECIFIED.,.F.,.F.,(4,4),(0.106567357177627,0.991293960553356),
 .UNSPECIFIED.);
#1249=B_SPLINE_CURVE_WITH_KNOTS('',3,(#7307,#7308,#7309,#7310),
 .UNSPECIFIED.,.F.,.F.,(4,4),(-0.0695477932110674,-0.0554056575995326),
 .UNSPECIFIED.);
#1250=B_SPLINE_CURVE_WITH_KNOTS('',3,(#7311,#7312,#7313,#7314),
 .UNSPECIFIED.,.F.,.F.,(4,4),(0.185598239770867,1.12764285066895),
 .UNSPECIFIED.);
#1251=B_SPLINE_CURVE_WITH_KNOTS('',3,(#7318,#7319,#7320,#7321),
 .UNSPECIFIED.,.F.,.F.,(4,4),(0.103833643492758,0.935874861393284),
 .UNSPECIFIED.);
#1252=B_SPLINE_CURVE_WITH_KNOTS('',3,(#7367,#7368,#7369,#7370),
 .UNSPECIFIED.,.F.,.F.,(4,4),(0.0508900532713508,0.566118249297619),
 .UNSPECIFIED.);
#1253=B_SPLINE_CURVE_WITH_KNOTS('',3,(#7372,#7373,#7374,#7375),
 .UNSPECIFIED.,.F.,.F.,(4,4),(-0.881845564611198,-0.866949275895178),
 .UNSPECIFIED.);
#1254=B_SPLINE_CURVE_WITH_KNOTS('',3,(#7377,#7378,#7379,#7380),
 .UNSPECIFIED.,.F.,.F.,(4,4),(1.38220992369762,1.90006066674011),
 .UNSPECIFIED.);
#1255=B_SPLINE_CURVE_WITH_KNOTS('',3,(#7382,#7383,#7384,#7385),
 .UNSPECIFIED.,.F.,.F.,(4,4),(0.0502389724628962,0.581177916266997),
 .UNSPECIFIED.);
#1256=B_SPLINE_CURVE_WITH_KNOTS('',3,(#7387,#7388,#7389,#7390),
 .UNSPECIFIED.,.F.,.F.,(4,4),(-3.11205515218887,-3.09791301656514),
 .UNSPECIFIED.);
#1257=B_SPLINE_CURVE_WITH_KNOTS('',3,(#7392,#7393,#7394,#7395),
 .UNSPECIFIED.,.F.,.F.,(4,4),(1.36956893296069,1.97722120856832),
 .UNSPECIFIED.);
#1258=B_SPLINE_CURVE_WITH_KNOTS('',3,(#7396,#7397,#7398,#7399),
 .UNSPECIFIED.,.F.,.F.,(4,4),(0.0502278911929808,0.805545626428291),
 .UNSPECIFIED.);
#1259=B_SPLINE_CURVE_WITH_KNOTS('',3,(#7400,#7401,#7402,#7403),
 .UNSPECIFIED.,.F.,.F.,(4,4),(0.050200207597398,0.697854961703657),
 .UNSPECIFIED.);
#1260=B_SPLINE_CURVE_WITH_KNOTS('',3,(#7409,#7410,#7411,#7412),
 .UNSPECIFIED.,.F.,.F.,(4,4),(-0.33420967522214,-0.320067539598397),
 .UNSPECIFIED.);
#1261=B_SPLINE_CURVE_WITH_KNOTS('',3,(#7418,#7419,#7420,#7421),
 .UNSPECIFIED.,.F.,.F.,(4,4),(-1.58779069020859,-1.57364855458485),
 .UNSPECIFIED.);
#1262=B_SPLINE_CURVE_WITH_KNOTS('',3,(#7427,#7428,#7429,#7430),
 .UNSPECIFIED.,.F.,.F.,(4,4),(-1.25511643101588,-1.24097429539214),
 .UNSPECIFIED.);
#1263=B_SPLINE_CURVE_WITH_KNOTS('',3,(#7436,#7437,#7438,#7439),
 .UNSPECIFIED.,.F.,.F.,(4,4),(-1.65116747480085,-1.6370253391771),
 .UNSPECIFIED.);
#1264=B_SPLINE_CURVE_WITH_KNOTS('',3,(#7448,#7449,#7450,#7451),
 .UNSPECIFIED.,.F.,.F.,(4,4),(-1.81879798666277,-1.80465585103903),
 .UNSPECIFIED.);
#1265=B_SPLINE_CURVE_WITH_KNOTS('',3,(#7457,#7458,#7459,#7460),
 .UNSPECIFIED.,.F.,.F.,(4,4),(-0.27335932186838,-0.259217187260201),
 .UNSPECIFIED.);
#1266=B_SPLINE_CURVE_WITH_KNOTS('',3,(#7471,#7472,#7473,#7474),
 .UNSPECIFIED.,.F.,.F.,(4,4),(-0.166579163360272,-0.15243702773654),
 .UNSPECIFIED.);
#1267=B_SPLINE_CURVE_WITH_KNOTS('',3,(#7481,#7482,#7483,#7484),
 .UNSPECIFIED.,.F.,.F.,(4,4),(-0.322985039420727,-0.308630948506191),
 .UNSPECIFIED.);
#1268=B_SPLINE_CURVE_WITH_KNOTS('',3,(#7489,#7490,#7491,#7492),
 .UNSPECIFIED.,.F.,.F.,(4,4),(-1.67423361193594,-1.66009147631222),
 .UNSPECIFIED.);
#1269=B_SPLINE_CURVE_WITH_KNOTS('',3,(#7499,#7500,#7501,#7502),
 .UNSPECIFIED.,.F.,.F.,(4,4),(-0.311143538087252,-0.297001402463523),
 .UNSPECIFIED.);
#1270=B_SPLINE_CURVE_WITH_KNOTS('',3,(#7507,#7508,#7509,#7510),
 .UNSPECIFIED.,.F.,.F.,(4,4),(-1.17272634639603,-0.0499047336872409),
 .UNSPECIFIED.);
#1271=B_SPLINE_CURVE_WITH_KNOTS('',3,(#7515,#7516,#7517,#7518),
 .UNSPECIFIED.,.F.,.F.,(4,4),(1.00936687785685,1.79673677975519),
 .UNSPECIFIED.);
#1272=B_SPLINE_CURVE_WITH_KNOTS('',3,(#7521,#7522,#7523,#7524),
 .UNSPECIFIED.,.F.,.F.,(4,4),(0.113987094719857,0.921630602004038),
 .UNSPECIFIED.);
#1273=B_SPLINE_CURVE_WITH_KNOTS('',3,(#7530,#7531,#7532,#7533),
 .UNSPECIFIED.,.F.,.F.,(4,4),(-2.03192879051242,-0.0520325927750106),
 .UNSPECIFIED.);
#1274=B_SPLINE_CURVE_WITH_KNOTS('',3,(#7536,#7537,#7538,#7539),
 .UNSPECIFIED.,.F.,.F.,(4,4),(0.666310091550808,1.6802880372885),
 .UNSPECIFIED.);
#1275=B_SPLINE_CURVE_WITH_KNOTS('',3,(#7542,#7543,#7544,#7545),
 .UNSPECIFIED.,.F.,.F.,(4,4),(-1.20282695163482,-0.051899344089453),
 .UNSPECIFIED.);
#1276=B_SPLINE_CURVE_WITH_KNOTS('',3,(#7550,#7551,#7552,#7553),
 .UNSPECIFIED.,.F.,.F.,(4,4),(-2.39637665366219,-0.0521909524395116),
 .UNSPECIFIED.);
#1277=B_SPLINE_CURVE_WITH_KNOTS('',3,(#7555,#7556,#7557,#7558),
 .UNSPECIFIED.,.F.,.F.,(4,4),(0.279812700880712,1.24805184207402),
 .UNSPECIFIED.);
#1278=B_SPLINE_CURVE_WITH_KNOTS('',3,(#7564,#7565,#7566,#7567,#7568,#7569),
 .UNSPECIFIED.,.F.,.F.,(4,2,4),(-1.24441435179168,-0.289513434509556,-0.0527782352063473),
 .UNSPECIFIED.);
#1279=B_SPLINE_CURVE_WITH_KNOTS('',3,(#7570,#7571,#7572,#7573),
 .UNSPECIFIED.,.F.,.F.,(4,4),(1.01711637645683,1.45420886054471),
 .UNSPECIFIED.);
#1280=B_SPLINE_CURVE_WITH_KNOTS('',3,(#7575,#7576,#7577,#7578,#7579,#7580,
#7581,#7582,#7583,#7584),.UNSPECIFIED.,.F.,.F.,(4,2,2,2,4),(-1.81128726461128,
-1.64467795071038,-1.42015775054387,-0.93912022123189,-0.0502615832040302),
 .UNSPECIFIED.);
#1281=B_SPLINE_CURVE_WITH_KNOTS('',3,(#7585,#7586,#7587,#7588),
 .UNSPECIFIED.,.F.,.F.,(4,4),(0.195526811656682,0.875761982559899),
 .UNSPECIFIED.);
#1282=B_SPLINE_CURVE_WITH_KNOTS('',3,(#7633,#7634,#7635,#7636),
 .UNSPECIFIED.,.F.,.F.,(4,4),(0.,0.426588152719963),.UNSPECIFIED.);
#1283=B_SPLINE_CURVE_WITH_KNOTS('',3,(#7681,#7682,#7683,#7684),
 .UNSPECIFIED.,.F.,.F.,(4,4),(1.02564971237148,1.68453041176423),
 .UNSPECIFIED.);
#1284=B_SPLINE_CURVE_WITH_KNOTS('',3,(#7730,#7731,#7732,#7733),
 .UNSPECIFIED.,.F.,.F.,(4,4),(0.0505220695859306,1.7857858323646),
 .UNSPECIFIED.);
#1285=B_SPLINE_CURVE_WITH_KNOTS('',3,(#7735,#7736,#7737,#7738),
 .UNSPECIFIED.,.F.,.F.,(4,4),(-0.857736034592337,-0.843593898127965),
 .UNSPECIFIED.);
#1286=B_SPLINE_CURVE_WITH_KNOTS('',3,(#7740,#7741,#7742,#7743),
 .UNSPECIFIED.,.F.,.F.,(4,4),(0.10278855032029,1.89052978550307),
 .UNSPECIFIED.);
#1287=B_SPLINE_CURVE_WITH_KNOTS('',3,(#7744,#7745,#7746,#7747),
 .UNSPECIFIED.,.F.,.F.,(4,4),(0.0505069654311729,1.61762391754885),
 .UNSPECIFIED.);
#1288=B_SPLINE_CURVE_WITH_KNOTS('',3,(#7749,#7750,#7751,#7752),
 .UNSPECIFIED.,.F.,.F.,(4,4),(0.27804666236791,1.93235712482377),
 .UNSPECIFIED.);
#1289=B_SPLINE_CURVE_WITH_KNOTS('',3,(#7753,#7754,#7755,#7756),
 .UNSPECIFIED.,.F.,.F.,(4,4),(0.050030916033975,0.303335697785036),
 .UNSPECIFIED.);
#1290=B_SPLINE_CURVE_WITH_KNOTS('',3,(#7757,#7758,#7759,#7760,#7761,#7762,
#7763),.UNSPECIFIED.,.F.,.F.,(4,3,4),(0.0500349650766026,0.454447613986535,
0.491708462472721),.UNSPECIFIED.);
#1291=B_SPLINE_CURVE_WITH_KNOTS('',3,(#7808,#7809,#7810,#7811),
 .UNSPECIFIED.,.F.,.F.,(4,4),(-0.945171087507024,-0.931028951032815),
 .UNSPECIFIED.);
#1292=B_SPLINE_CURVE_WITH_KNOTS('',3,(#7856,#7857,#7858,#7859),
 .UNSPECIFIED.,.F.,.F.,(4,4),(0.986643247125816,1.46220527654634),
 .UNSPECIFIED.);
#1293=B_SPLINE_CURVE_WITH_KNOTS('',3,(#7860,#7861,#7862,#7863,#7864,#7865,
#7866),.UNSPECIFIED.,.F.,.F.,(4,3,4),(0.,0.249178112079571,0.457956949778357),
 .UNSPECIFIED.);
#1294=B_SPLINE_CURVE_WITH_KNOTS('',3,(#7955,#7956,#7957,#7958),
 .UNSPECIFIED.,.F.,.F.,(4,4),(0.288102833191968,1.23491393194261),
 .UNSPECIFIED.);
#1295=B_SPLINE_CURVE_WITH_KNOTS('',3,(#7959,#7960,#7961,#7962),
 .UNSPECIFIED.,.F.,.F.,(4,4),(0.23747216674415,1.19617995261974),
 .UNSPECIFIED.);
#1296=B_SPLINE_CURVE_WITH_KNOTS('',3,(#7976,#7977,#7978,#7979),
 .UNSPECIFIED.,.F.,.F.,(4,4),(1.71612589100784,1.85314689422902),
 .UNSPECIFIED.);
#1297=B_SPLINE_CURVE_WITH_KNOTS('',3,(#7983,#7984,#7985,#7986),
 .UNSPECIFIED.,.F.,.F.,(4,4),(-0.9415157280253,-0.0497444156826287),
 .UNSPECIFIED.);
#1298=B_SPLINE_CURVE_WITH_KNOTS('',3,(#7990,#7991,#7992,#7993),
 .UNSPECIFIED.,.F.,.F.,(4,4),(-1.5264437907389,-0.0507076712577827),
 .UNSPECIFIED.);
#1299=B_SPLINE_CURVE_WITH_KNOTS('',3,(#7995,#7996,#7997,#7998),
 .UNSPECIFIED.,.F.,.F.,(4,4),(-0.733840877770261,0.),.UNSPECIFIED.);
#1300=B_SPLINE_CURVE_WITH_KNOTS('',3,(#8000,#8001,#8002,#8003),
 .UNSPECIFIED.,.F.,.F.,(4,4),(-1.3605401176685,0.),.UNSPECIFIED.);
#1301=B_SPLINE_CURVE_WITH_KNOTS('',3,(#8005,#8006,#8007,#8008),
 .UNSPECIFIED.,.F.,.F.,(4,4),(-1.79916894823909,-0.0521815441974004),
 .UNSPECIFIED.);
#1302=B_SPLINE_CURVE_WITH_KNOTS('',3,(#8016,#8017,#8018,#8019),
 .UNSPECIFIED.,.F.,.F.,(4,4),(0.905406385499897,1.48274927637772),
 .UNSPECIFIED.);
#1303=B_SPLINE_CURVE_WITH_KNOTS('',3,(#8022,#8023,#8024,#8025),
 .UNSPECIFIED.,.F.,.F.,(4,4),(-1.36347825916587,0.),.UNSPECIFIED.);
#1304=B_SPLINE_CURVE_WITH_KNOTS('',3,(#8029,#8030,#8031,#8032,#8033,#8034,
#8035,#8036),.UNSPECIFIED.,.F.,.F.,(4,2,2,4),(-1.44303660345076,-1.19653701675397,
-0.877106661463364,0.),.UNSPECIFIED.);
#1305=B_SPLINE_CURVE_WITH_KNOTS('',3,(#8039,#8040,#8041,#8042),
 .UNSPECIFIED.,.F.,.F.,(4,4),(-1.71438393264929,-0.0513069767256256),
 .UNSPECIFIED.);
#1306=B_SPLINE_CURVE_WITH_KNOTS('',3,(#8050,#8051,#8052,#8053),
 .UNSPECIFIED.,.F.,.F.,(4,4),(-1.78395822607965,-0.0509885359450083),
 .UNSPECIFIED.);
#1307=B_SPLINE_CURVE_WITH_KNOTS('',3,(#8059,#8060,#8061,#8062),
 .UNSPECIFIED.,.F.,.F.,(4,4),(0.0507647748955102,0.201578708006082),
 .UNSPECIFIED.);
#1308=B_SPLINE_CURVE_WITH_KNOTS('',3,(#8065,#8066,#8067,#8068),
 .UNSPECIFIED.,.F.,.F.,(4,4),(-1.71184590291889,-0.0518722915535418),
 .UNSPECIFIED.);
#1309=B_SPLINE_CURVE_WITH_KNOTS('',3,(#8074,#8075,#8076,#8077),
 .UNSPECIFIED.,.F.,.F.,(4,4),(0.0514316705439268,0.465866196434347),
 .UNSPECIFIED.);
#1310=B_SPLINE_CURVE_WITH_KNOTS('',3,(#8080,#8081,#8082,#8083,#8084,#8085),
 .UNSPECIFIED.,.F.,.F.,(4,2,4),(-1.12783161556816,-0.328108792463135,-0.049577327500603),
 .UNSPECIFIED.);
#1311=B_SPLINE_CURVE_WITH_KNOTS('',3,(#8086,#8087,#8088,#8089),
 .UNSPECIFIED.,.F.,.F.,(4,4),(1.37117749218304,1.61927077653798),
 .UNSPECIFIED.);
#1312=B_SPLINE_CURVE_WITH_KNOTS('',3,(#8093,#8094,#8095,#8096,#8097,#8098,
#8099,#8100,#8101,#8102,#8103,#8104,#8105),.UNSPECIFIED.,.F.,.F.,(4,3,3,
3,4),(-2.45394927135474,-1.22697463567737,-0.548914800518408,-0.119499475694651,
0.),.UNSPECIFIED.);
#1313=B_SPLINE_CURVE_WITH_KNOTS('',3,(#8106,#8107,#8108,#8109),
 .UNSPECIFIED.,.F.,.F.,(4,4),(1.05800145060553,1.55730358126751),
 .UNSPECIFIED.);
#1314=B_SPLINE_CURVE_WITH_KNOTS('',3,(#8112,#8113,#8114,#8115),
 .UNSPECIFIED.,.F.,.F.,(4,4),(0.,1.38120429820667),.UNSPECIFIED.);
#1315=B_SPLINE_CURVE_WITH_KNOTS('',3,(#8117,#8118,#8119,#8120,#8121,#8122,
#8123,#8124,#8125,#8126),.UNSPECIFIED.,.F.,.F.,(4,2,2,2,4),(-1.23101452025058,
-0.882019460438144,-0.68279904497661,-0.32668011727007,0.),
 .UNSPECIFIED.);
#1316=B_SPLINE_CURVE_WITH_KNOTS('',3,(#8130,#8131,#8132,#8133),
 .UNSPECIFIED.,.F.,.F.,(4,4),(0.0508384200271394,1.42198465159308),
 .UNSPECIFIED.);
#1317=B_SPLINE_CURVE_WITH_KNOTS('',3,(#8136,#8137,#8138,#8139),
 .UNSPECIFIED.,.F.,.F.,(4,4),(0.0528094019631058,1.55241261347201),
 .UNSPECIFIED.);
#1318=B_SPLINE_CURVE_WITH_KNOTS('',3,(#8142,#8143,#8144,#8145),
 .UNSPECIFIED.,.F.,.F.,(4,4),(0.0508367568251589,1.53157982977655),
 .UNSPECIFIED.);
#1319=B_SPLINE_CURVE_WITH_KNOTS('',3,(#8152,#8153,#8154,#8155),
 .UNSPECIFIED.,.F.,.F.,(4,4),(1.16027440104283,1.39808211366679),
 .UNSPECIFIED.);
#1320=B_SPLINE_CURVE_WITH_KNOTS('',3,(#8161,#8162,#8163,#8164),
 .UNSPECIFIED.,.F.,.F.,(4,4),(1.70636556380814,1.85325970622837),
 .UNSPECIFIED.);
#1321=B_SPLINE_CURVE_WITH_KNOTS('',3,(#8218,#8219,#8220,#8221),
 .UNSPECIFIED.,.F.,.F.,(4,4),(-2.15775586924769,-2.13100911613499),
 .UNSPECIFIED.);
#1322=B_SPLINE_CURVE_WITH_KNOTS('',3,(#8223,#8224,#8225,#8226),
 .UNSPECIFIED.,.F.,.F.,(4,4),(0.0594994466344086,0.587179640529767),
 .UNSPECIFIED.);
#1323=B_SPLINE_CURVE_WITH_KNOTS('',3,(#8227,#8228,#8229,#8230),
 .UNSPECIFIED.,.F.,.F.,(4,4),(-0.612055152188873,-0.597913016565133),
 .UNSPECIFIED.);
#1324=B_SPLINE_CURVE_WITH_KNOTS('',3,(#8232,#8233,#8234,#8235),
 .UNSPECIFIED.,.F.,.F.,(4,4),(0.0503484929113456,0.571151619861051),
 .UNSPECIFIED.);
#1325=B_SPLINE_CURVE_WITH_KNOTS('',3,(#8237,#8238,#8239,#8240),
 .UNSPECIFIED.,.F.,.F.,(4,4),(-1.37332199783413,-1.35917986221038),
 .UNSPECIFIED.);
#1326=B_SPLINE_CURVE_WITH_KNOTS('',3,(#8241,#8242,#8243,#8244),
 .UNSPECIFIED.,.F.,.F.,(4,4),(1.3582508528634,1.96611160059412),
 .UNSPECIFIED.);
#1327=B_SPLINE_CURVE_WITH_KNOTS('',3,(#8256,#8257,#8258,#8259),
 .UNSPECIFIED.,.F.,.F.,(4,4),(-1.78170331406008,-0.0506784168579748),
 .UNSPECIFIED.);
#1328=B_SPLINE_CURVE_WITH_KNOTS('',3,(#8263,#8264,#8265,#8266),
 .UNSPECIFIED.,.F.,.F.,(4,4),(-2.10712172611256,-0.0514271480534568),
 .UNSPECIFIED.);
#1329=B_SPLINE_CURVE_WITH_KNOTS('',3,(#8272,#8273,#8274,#8275),
 .UNSPECIFIED.,.F.,.F.,(4,4),(-1.46191680706657,-0.0508522412077887),
 .UNSPECIFIED.);
#1330=B_SPLINE_CURVE_WITH_KNOTS('',3,(#8282,#8283,#8284,#8285),
 .UNSPECIFIED.,.F.,.F.,(4,4),(0.0509171676405347,0.191490378116588),
 .UNSPECIFIED.);
#1331=B_SPLINE_CURVE_WITH_KNOTS('',3,(#8290,#8291,#8292,#8293),
 .UNSPECIFIED.,.F.,.F.,(4,4),(-0.489582525112436,0.),.UNSPECIFIED.);
#1332=B_SPLINE_CURVE_WITH_KNOTS('',3,(#8298,#8299,#8300,#8301),
 .UNSPECIFIED.,.F.,.F.,(4,4),(-2.34779711598633,-2.33365498036259),
 .UNSPECIFIED.);
#1333=B_SPLINE_CURVE_WITH_KNOTS('',3,(#8303,#8304,#8305,#8306),
 .UNSPECIFIED.,.F.,.F.,(4,4),(-2.13758003403666,-2.12343789841293),
 .UNSPECIFIED.);
#1334=B_SPLINE_CURVE_WITH_KNOTS('',3,(#8310,#8311,#8312,#8313),
 .UNSPECIFIED.,.F.,.F.,(4,4),(0.0512907326973077,0.481679229007515),
 .UNSPECIFIED.);
#1335=B_SPLINE_CURVE_WITH_KNOTS('',3,(#8314,#8315,#8316,#8317),
 .UNSPECIFIED.,.F.,.F.,(4,4),(-1.138599926609,-0.0502675086950504),
 .UNSPECIFIED.);
#1336=B_SPLINE_CURVE_WITH_KNOTS('',3,(#8363,#8364,#8365,#8366),
 .UNSPECIFIED.,.F.,.F.,(4,4),(-1.19412743059258,-1.17998529496885),
 .UNSPECIFIED.);
#1337=B_SPLINE_CURVE_WITH_KNOTS('',3,(#8368,#8369,#8370,#8371),
 .UNSPECIFIED.,.F.,.F.,(4,4),(0.0503274811459333,0.377207555730986),
 .UNSPECIFIED.);
#1338=B_SPLINE_CURVE_WITH_KNOTS('',3,(#8372,#8373,#8374,#8375),
 .UNSPECIFIED.,.F.,.F.,(4,4),(-0.748779690631884,-0.734637555008148),
 .UNSPECIFIED.);
#1339=B_SPLINE_CURVE_WITH_KNOTS('',3,(#8376,#8377,#8378,#8379),
 .UNSPECIFIED.,.F.,.F.,(4,4),(0.0513811873187664,0.368396600841611),
 .UNSPECIFIED.);
#1340=B_SPLINE_CURVE_WITH_KNOTS('',3,(#8425,#8426,#8427,#8428),
 .UNSPECIFIED.,.F.,.F.,(4,4),(-1.29892182994683,-1.2847796943231),
 .UNSPECIFIED.);
#1341=B_SPLINE_CURVE_WITH_KNOTS('',3,(#8429,#8430,#8431,#8432),
 .UNSPECIFIED.,.F.,.F.,(4,4),(1.56181993895817,2.1206803423144),
 .UNSPECIFIED.);
#1342=B_SPLINE_CURVE_WITH_KNOTS('',3,(#8433,#8434,#8435,#8436),
 .UNSPECIFIED.,.F.,.F.,(4,4),(-0.686455320076161,-0.672313184452418),
 .UNSPECIFIED.);
#1343=B_SPLINE_CURVE_WITH_KNOTS('',3,(#8940,#8941,#8942,#8943),
 .UNSPECIFIED.,.F.,.F.,(4,4),(-3.18645532007616,-3.17231318445241),
 .UNSPECIFIED.);
#1344=B_SPLINE_CURVE_WITH_KNOTS('',3,(#8946,#8947,#8948,#8949),
 .UNSPECIFIED.,.F.,.F.,(4,4),(1.57335796701182,1.81646563214557),
 .UNSPECIFIED.);
#1345=B_SPLINE_CURVE_WITH_KNOTS('',3,(#8951,#8952,#8953,#8954),
 .UNSPECIFIED.,.F.,.F.,(4,4),(0.0691046090178221,0.263341090528757),
 .UNSPECIFIED.);
#1346=B_SPLINE_CURVE_WITH_KNOTS('',3,(#9003,#9004,#9005,#9006),
 .UNSPECIFIED.,.F.,.F.,(4,4),(0.0517069753317028,1.72808894505604),
 .UNSPECIFIED.);
#1347=B_SPLINE_CURVE_WITH_KNOTS('',3,(#9009,#9010,#9011,#9012),
 .UNSPECIFIED.,.F.,.F.,(4,4),(0.,1.93069876558163),.UNSPECIFIED.);
#1348=B_SPLINE_CURVE_WITH_KNOTS('',3,(#9015,#9016,#9017,#9018),
 .UNSPECIFIED.,.F.,.F.,(4,4),(0.,1.37402411702403),.UNSPECIFIED.);
#1349=B_SPLINE_CURVE_WITH_KNOTS('',3,(#9020,#9021,#9022,#9023,#9024,#9025,
#9026,#9027),.UNSPECIFIED.,.F.,.F.,(4,2,2,4),(-10.5058197322626,-3.36476163512182,
-0.573537131031137,0.),.UNSPECIFIED.);
#1350=B_SPLINE_CURVE_WITH_KNOTS('',3,(#9030,#9031,#9032,#9033),
 .UNSPECIFIED.,.F.,.F.,(4,4),(0.0515464991334214,1.39883069439909),
 .UNSPECIFIED.);
#1351=B_SPLINE_CURVE_WITH_KNOTS('',3,(#9034,#9035,#9036,#9037),
 .UNSPECIFIED.,.F.,.F.,(4,4),(-1.2718368973659,-0.0507424472949884),
 .UNSPECIFIED.);
#1352=B_SPLINE_CURVE_WITH_KNOTS('',3,(#9042,#9043,#9044,#9045,#9046,#9047,
#9048),.UNSPECIFIED.,.F.,.F.,(4,3,4),(0.0500606332856439,0.272166813749135,
0.487072634157673),.UNSPECIFIED.);
#1353=B_SPLINE_CURVE_WITH_KNOTS('',3,(#9052,#9053,#9054,#9055),
 .UNSPECIFIED.,.F.,.F.,(4,4),(0.0511001547368203,1.42513843585152),
 .UNSPECIFIED.);
#1354=B_SPLINE_CURVE_WITH_KNOTS('',3,(#9102,#9103,#9104,#9105),
 .UNSPECIFIED.,.F.,.F.,(4,4),(-0.126497669042506,-0.112378642153131),
 .UNSPECIFIED.);
#1355=B_SPLINE_CURVE_WITH_KNOTS('',3,(#9106,#9107,#9108,#9109,#9110,#9111,
#9112),.UNSPECIFIED.,.F.,.F.,(4,3,4),(0.252714929754295,0.477007675960203,
0.701300422166112),.UNSPECIFIED.);
#1356=B_SPLINE_CURVE_WITH_KNOTS('',3,(#9114,#9115,#9116,#9117),
 .UNSPECIFIED.,.F.,.F.,(4,4),(-0.279886288583339,-0.265243055559242),
 .UNSPECIFIED.);
#1357=B_SPLINE_CURVE_WITH_KNOTS('',3,(#9118,#9119,#9120,#9121),
 .UNSPECIFIED.,.F.,.F.,(4,4),(0.0615638123840572,2.17702586105244),
 .UNSPECIFIED.);
#1358=B_SPLINE_CURVE_WITH_KNOTS('',3,(#9132,#9133,#9134,#9135),
 .UNSPECIFIED.,.F.,.F.,(4,4),(-0.179006298275534,-0.164843640415015),
 .UNSPECIFIED.);
#1359=B_SPLINE_CURVE_WITH_KNOTS('',3,(#9140,#9141,#9142,#9143),
 .UNSPECIFIED.,.F.,.F.,(4,4),(-0.0951518744874808,-0.0809950582409669),
 .UNSPECIFIED.);
#1360=B_SPLINE_CURVE_WITH_KNOTS('',3,(#9150,#9151,#9152,#9153),
 .UNSPECIFIED.,.F.,.F.,(4,4),(-0.0358750479935464,-0.0217297175637415),
 .UNSPECIFIED.);
#1361=B_SPLINE_CURVE_WITH_KNOTS('',3,(#9158,#9159,#9160,#9161),
 .UNSPECIFIED.,.F.,.F.,(4,4),(-0.264615638724782,-0.249940116426059),
 .UNSPECIFIED.);
#1362=B_SPLINE_CURVE_WITH_KNOTS('',3,(#9167,#9168,#9169,#9170),
 .UNSPECIFIED.,.F.,.F.,(4,4),(-0.136180676999292,-0.122041450803568),
 .UNSPECIFIED.);
#1363=B_SPLINE_CURVE_WITH_KNOTS('',3,(#9177,#9178,#9179,#9180),
 .UNSPECIFIED.,.F.,.F.,(4,4),(-0.102065524707642,-0.0879897641411106),
 .UNSPECIFIED.);
#1364=B_SPLINE_CURVE_WITH_KNOTS('',3,(#9184,#9185,#9186,#9187,#9188,#9189,
#9190),.UNSPECIFIED.,.F.,.F.,(4,3,4),(0.0500307084478727,0.451286855519266,
0.501793591837715),.UNSPECIFIED.);
#1365=B_SPLINE_CURVE_WITH_KNOTS('',3,(#9195,#9196,#9197,#9198),
 .UNSPECIFIED.,.F.,.F.,(4,4),(0.10743862917057,0.360762434913584),
 .UNSPECIFIED.);
#1366=B_SPLINE_CURVE_WITH_KNOTS('',3,(#9244,#9245,#9246,#9247,#9248,#9249,
#9250),.UNSPECIFIED.,.F.,.F.,(4,3,4),(0.143177054472807,0.547058139131039,
0.584887303713057),.UNSPECIFIED.);
#1367=B_SPLINE_CURVE_WITH_KNOTS('',3,(#9251,#9252,#9253,#9254),
 .UNSPECIFIED.,.F.,.F.,(4,4),(0.05003812178902,0.293326357910586),
 .UNSPECIFIED.);
#1368=B_SPLINE_CURVE_WITH_KNOTS('',3,(#9256,#9257,#9258,#9259),
 .UNSPECIFIED.,.F.,.F.,(4,4),(0.0505002755550471,1.62791033009944),
 .UNSPECIFIED.);
#1369=B_SPLINE_CURVE_WITH_KNOTS('',3,(#9261,#9262,#9263,#9264),
 .UNSPECIFIED.,.F.,.F.,(4,4),(-0.333052293054923,-0.318463514317736),
 .UNSPECIFIED.);
#1370=B_SPLINE_CURVE_WITH_KNOTS('',3,(#9266,#9267,#9268,#9269),
 .UNSPECIFIED.,.F.,.F.,(4,4),(0.288350047591298,1.93009959606739),
 .UNSPECIFIED.);
#1371=B_SPLINE_CURVE_WITH_KNOTS('',3,(#9271,#9272,#9273,#9274),
 .UNSPECIFIED.,.F.,.F.,(4,4),(0.0505157136751425,1.80749098727867),
 .UNSPECIFIED.);
#1372=B_SPLINE_CURVE_WITH_KNOTS('',3,(#9276,#9277,#9278,#9279),
 .UNSPECIFIED.,.F.,.F.,(4,4),(-2.2778488880152,-2.26370675075181),
 .UNSPECIFIED.);
#1373=B_SPLINE_CURVE_WITH_KNOTS('',3,(#9280,#9281,#9282,#9283),
 .UNSPECIFIED.,.F.,.F.,(4,4),(0.100676790403386,1.89184250539269),
 .UNSPECIFIED.);
#1374=B_SPLINE_CURVE_WITH_KNOTS('',3,(#9286,#9287,#9288,#9289),
 .UNSPECIFIED.,.F.,.F.,(4,4),(0.0500380078841944,0.707878427183881),
 .UNSPECIFIED.);
#1375=B_SPLINE_CURVE_WITH_KNOTS('',3,(#9294,#9295,#9296,#9297),
 .UNSPECIFIED.,.F.,.F.,(4,4),(0.0522521927622291,2.1007970735081),
 .UNSPECIFIED.);
#1376=B_SPLINE_CURVE_WITH_KNOTS('',3,(#9342,#9343,#9344,#9345),
 .UNSPECIFIED.,.F.,.F.,(4,4),(0.0516587567639016,1.47539869217884),
 .UNSPECIFIED.);
#1377=B_SPLINE_CURVE_WITH_KNOTS('',3,(#9347,#9348,#9349,#9350),
 .UNSPECIFIED.,.F.,.F.,(4,4),(0.,1.43690720121371),.UNSPECIFIED.);
#1378=B_SPLINE_CURVE_WITH_KNOTS('',3,(#9352,#9353,#9354,#9355),
 .UNSPECIFIED.,.F.,.F.,(4,4),(0.051544733166227,0.568431709534607),
 .UNSPECIFIED.);
#1379=B_SPLINE_CURVE_WITH_KNOTS('',3,(#9357,#9358,#9359,#9360),
 .UNSPECIFIED.,.F.,.F.,(4,4),(-0.631530874302626,-0.61738873867909),
 .UNSPECIFIED.);
#1380=B_SPLINE_CURVE_WITH_KNOTS('',3,(#9362,#9363,#9364,#9365),
 .UNSPECIFIED.,.F.,.F.,(4,4),(0.916181327462821,1.43406181482199),
 .UNSPECIFIED.);
#1381=B_SPLINE_CURVE_WITH_KNOTS('',3,(#9367,#9368,#9369,#9370),
 .UNSPECIFIED.,.F.,.F.,(4,4),(0.050116356790149,0.555769208356568),
 .UNSPECIFIED.);
#1382=B_SPLINE_CURVE_WITH_KNOTS('',3,(#9372,#9373,#9374,#9375),
 .UNSPECIFIED.,.F.,.F.,(4,4),(-1.35384627571841,-1.33970414009502),
 .UNSPECIFIED.);
#1383=B_SPLINE_CURVE_WITH_KNOTS('',3,(#9377,#9378,#9379,#9380),
 .UNSPECIFIED.,.F.,.F.,(4,4),(1.33943072631348,1.87166195139709),
 .UNSPECIFIED.);
#1384=B_SPLINE_CURVE_WITH_KNOTS('',3,(#9381,#9382,#9383,#9384),
 .UNSPECIFIED.,.F.,.F.,(4,4),(0.0511699138726192,1.88926190097435),
 .UNSPECIFIED.);
#1385=B_SPLINE_CURVE_WITH_KNOTS('',3,(#9390,#9391,#9392,#9393),
 .UNSPECIFIED.,.F.,.F.,(4,4),(0.101018598018634,1.02922533183747),
 .UNSPECIFIED.);
#1386=B_SPLINE_CURVE_WITH_KNOTS('',3,(#9439,#9440,#9441,#9442),
 .UNSPECIFIED.,.F.,.F.,(4,4),(0.0844879706881612,0.733238890228416),
 .UNSPECIFIED.);
#1387=B_SPLINE_CURVE_WITH_KNOTS('',3,(#9443,#9444,#9445,#9446),
 .UNSPECIFIED.,.F.,.F.,(4,4),(0.0503103242610725,0.797472886661213),
 .UNSPECIFIED.);
#1388=B_SPLINE_CURVE_WITH_KNOTS('',3,(#9448,#9449,#9450,#9451),
 .UNSPECIFIED.,.F.,.F.,(4,4),(0.103749107804565,0.930847944170776),
 .UNSPECIFIED.);
#1389=B_SPLINE_CURVE_WITH_KNOTS('',3,(#9453,#9454,#9455,#9456),
 .UNSPECIFIED.,.F.,.F.,(4,4),(0.0502373558217697,0.584549908803117),
 .UNSPECIFIED.);
#1390=B_SPLINE_CURVE_WITH_KNOTS('',3,(#9458,#9459,#9460,#9461),
 .UNSPECIFIED.,.F.,.F.,(4,4),(-0.0418708137417458,-0.0277286781179979),
 .UNSPECIFIED.);
#1391=B_SPLINE_CURVE_WITH_KNOTS('',3,(#9463,#9464,#9465,#9466),
 .UNSPECIFIED.,.F.,.F.,(4,4),(1.34233650187879,1.97595068999399),
 .UNSPECIFIED.);
#1392=B_SPLINE_CURVE_WITH_KNOTS('',3,(#9468,#9469,#9470,#9471),
 .UNSPECIFIED.,.F.,.F.,(4,4),(0.0508904225783277,0.555683232234318),
 .UNSPECIFIED.);
#1393=B_SPLINE_CURVE_WITH_KNOTS('',3,(#9473,#9474,#9475,#9476),
 .UNSPECIFIED.,.F.,.F.,(4,4),(-0.428999110871813,-0.414347072471603),
 .UNSPECIFIED.);
#1394=B_SPLINE_CURVE_WITH_KNOTS('',3,(#9477,#9478,#9479,#9480),
 .UNSPECIFIED.,.F.,.F.,(4,4),(1.37232287671988,1.90118898463524),
 .UNSPECIFIED.);
#1395=B_SPLINE_CURVE_WITH_KNOTS('',3,(#9486,#9487,#9488,#9489),
 .UNSPECIFIED.,.F.,.F.,(4,4),(-0.835019688052833,-0.820877552429089),
 .UNSPECIFIED.);
#1396=B_SPLINE_CURVE_WITH_KNOTS('',3,(#9495,#9496,#9497,#9498),
 .UNSPECIFIED.,.F.,.F.,(4,4),(-2.07102297574566,-2.05688084012192),
 .UNSPECIFIED.);
#1397=B_SPLINE_CURVE_WITH_KNOTS('',3,(#9504,#9505,#9506,#9507),
 .UNSPECIFIED.,.F.,.F.,(4,4),(-0.771884145478578,-0.757742009854845),
 .UNSPECIFIED.);
#1398=B_SPLINE_CURVE_WITH_KNOTS('',3,(#9513,#9514,#9515,#9516),
 .UNSPECIFIED.,.F.,.F.,(4,4),(-1.1503574619702,-1.13621532634645),
 .UNSPECIFIED.);
#1399=B_SPLINE_CURVE_WITH_KNOTS('',3,(#9526,#9527,#9528,#9529),
 .UNSPECIFIED.,.F.,.F.,(4,4),(-2.32779542561286,-2.31365328994766),
 .UNSPECIFIED.);
#1400=B_SPLINE_CURVE_WITH_KNOTS('',3,(#9533,#9534,#9535,#9536),
 .UNSPECIFIED.,.F.,.F.,(4,4),(-2.15758172329413,-2.14343958767039),
 .UNSPECIFIED.);
#1401=B_SPLINE_CURVE_WITH_KNOTS('',3,(#9542,#9543,#9544,#9545),
 .UNSPECIFIED.,.F.,.F.,(4,4),(-0.579234925611268,-0.565092789987358),
 .UNSPECIFIED.);
#1402=B_SPLINE_CURVE_WITH_KNOTS('',3,(#9555,#9556,#9557,#9558),
 .UNSPECIFIED.,.F.,.F.,(4,4),(-2.26367219561493,-2.24953005999119),
 .UNSPECIFIED.);
#1403=B_SPLINE_CURVE_WITH_KNOTS('',3,(#9567,#9568,#9569,#9570),
 .UNSPECIFIED.,.F.,.F.,(4,4),(-2.06775037149564,-2.05360823587197),
 .UNSPECIFIED.);
#1404=B_SPLINE_CURVE_WITH_KNOTS('',3,(#9576,#9577,#9578,#9579),
 .UNSPECIFIED.,.F.,.F.,(4,4),(-0.775156749724001,-0.761014614100208),
 .UNSPECIFIED.);
#1405=B_SPLINE_CURVE_WITH_KNOTS('',3,(#9583,#9584,#9585,#9586),
 .UNSPECIFIED.,.F.,.F.,(4,4),(0.0916578080478961,0.924061965723321),
 .UNSPECIFIED.);
#1406=B_SPLINE_CURVE_WITH_KNOTS('',3,(#9592,#9593,#9594,#9595),
 .UNSPECIFIED.,.F.,.F.,(4,4),(-2.17095222850618,-0.0511798536963887),
 .UNSPECIFIED.);
#1407=B_SPLINE_CURVE_WITH_KNOTS('',3,(#9600,#9601,#9602,#9603),
 .UNSPECIFIED.,.F.,.F.,(4,4),(-1.51676130300722,-0.0507382092464864),
 .UNSPECIFIED.);
#1408=B_SPLINE_CURVE_WITH_KNOTS('',3,(#9604,#9605,#9606,#9607),
 .UNSPECIFIED.,.F.,.F.,(4,4),(0.265189442788248,1.24774532107797),
 .UNSPECIFIED.);
#1409=B_SPLINE_CURVE_WITH_KNOTS('',3,(#9609,#9610,#9611,#9612),
 .UNSPECIFIED.,.F.,.F.,(4,4),(0.652986248952688,1.70629021695401),
 .UNSPECIFIED.);
#1410=B_SPLINE_CURVE_WITH_KNOTS('',3,(#9615,#9616,#9617,#9618),
 .UNSPECIFIED.,.F.,.F.,(4,4),(-2.22210602931684,-0.0511076451294696),
 .UNSPECIFIED.);
#1411=B_SPLINE_CURVE_WITH_KNOTS('',3,(#9621,#9622,#9623,#9624),
 .UNSPECIFIED.,.F.,.F.,(4,4),(-1.07160025186458,-0.0486281749872191),
 .UNSPECIFIED.);
#1412=B_SPLINE_CURVE_WITH_KNOTS('',3,(#9626,#9627,#9628,#9629),
 .UNSPECIFIED.,.F.,.F.,(4,4),(0.277489706985686,1.28127006707958),
 .UNSPECIFIED.);
#1413=B_SPLINE_CURVE_WITH_KNOTS('',3,(#9632,#9633,#9634,#9635,#9636,#9637,
#9638),.UNSPECIFIED.,.F.,.F.,(4,3,4),(-0.871454307330329,-0.097249765411483,
-0.0456035282094333),.UNSPECIFIED.);
#1414=B_SPLINE_CURVE_WITH_KNOTS('',3,(#9641,#9642,#9643,#9644),
 .UNSPECIFIED.,.F.,.F.,(4,4),(0.964788047134752,1.69737852174013),
 .UNSPECIFIED.);
#1415=B_SPLINE_CURVE_WITH_KNOTS('',3,(#9647,#9648,#9649,#9650,#9651,#9652,
#9653,#9654,#9655,#9656),.UNSPECIFIED.,.F.,.F.,(4,2,2,2,4),(-1.78294940980598,
-1.47660819892834,-1.11588519852553,-0.435350215771552,-0.0498596600844339),
 .UNSPECIFIED.);
#1416=B_SPLINE_CURVE_WITH_KNOTS('',3,(#9658,#9659,#9660,#9661,#9662,#9663,
#9664,#9665,#9666,#9667),.UNSPECIFIED.,.F.,.F.,(4,3,3,4),(2.03368282480938E-9,
0.0289035158220563,0.282969329623166,0.49828454952255),.UNSPECIFIED.);
#1417=B_SPLINE_CURVE_WITH_KNOTS('',3,(#9668,#9669,#9670,#9671),
 .UNSPECIFIED.,.F.,.F.,(4,4),(-1.39652250532818,0.),.UNSPECIFIED.);
#1418=B_SPLINE_CURVE_WITH_KNOTS('',3,(#9716,#9717,#9718,#9719),
 .UNSPECIFIED.,.F.,.F.,(4,4),(0.977219563780455,1.44453624503035),
 .UNSPECIFIED.);
#1419=B_SPLINE_CURVE_WITH_KNOTS('',3,(#9808,#9809,#9810,#9811),
 .UNSPECIFIED.,.F.,.F.,(4,4),(0.161378650694043,0.917300243319564),
 .UNSPECIFIED.);
#1420=B_SPLINE_CURVE_WITH_KNOTS('',3,(#9856,#9857,#9858,#9859),
 .UNSPECIFIED.,.F.,.F.,(4,4),(0.171560434515616,1.11716237938863),
 .UNSPECIFIED.);
#1421=B_SPLINE_CURVE_WITH_KNOTS('',3,(#9904,#9905,#9906,#9907),
 .UNSPECIFIED.,.F.,.F.,(4,4),(0.194054284033698,1.18732299352022),
 .UNSPECIFIED.);
#1422=B_SPLINE_CURVE_WITH_KNOTS('',3,(#9953,#9954,#9955,#9956),
 .UNSPECIFIED.,.F.,.F.,(4,4),(0.986168172705378,1.79898992981313),
 .UNSPECIFIED.);
#1423=B_SPLINE_CURVE_WITH_KNOTS('',3,(#9957,#9958,#9959,#9960),
 .UNSPECIFIED.,.F.,.F.,(4,4),(-2.20752826360824,-2.19338612632351),
 .UNSPECIFIED.);
#1424=B_SPLINE_CURVE_WITH_KNOTS('',3,(#10005,#10006,#10007,#10008),
 .UNSPECIFIED.,.F.,.F.,(4,4),(0.983838613450778,1.45193794187849),
 .UNSPECIFIED.);
#1425=B_SPLINE_CURVE_WITH_KNOTS('',3,(#10009,#10010,#10011,#10012),
 .UNSPECIFIED.,.F.,.F.,(4,4),(0.,0.491398250027577),.UNSPECIFIED.);
#1426=B_SPLINE_CURVE_WITH_KNOTS('',3,(#10016,#10017,#10018,#10019),
 .UNSPECIFIED.,.F.,.F.,(4,4),(-2.01429552813887,-2.00015339251515),
 .UNSPECIFIED.);
#1427=B_SPLINE_CURVE_WITH_KNOTS('',3,(#10023,#10024,#10025,#10026),
 .UNSPECIFIED.,.F.,.F.,(4,4),(-1.91095869459728,-1.89681655897356),
 .UNSPECIFIED.);
#1428=B_SPLINE_CURVE_WITH_KNOTS('',3,(#10032,#10033,#10034,#10035),
 .UNSPECIFIED.,.F.,.F.,(4,4),(-2.53194842662729,-2.51780629100352),
 .UNSPECIFIED.);
#1429=B_SPLINE_CURVE_WITH_KNOTS('',3,(#10040,#10041,#10042,#10043),
 .UNSPECIFIED.,.F.,.F.,(4,4),(-2.47108162188412,-2.4569394862604),
 .UNSPECIFIED.);
#1430=B_SPLINE_CURVE_WITH_KNOTS('',3,(#10047,#10048,#10049,#10050),
 .UNSPECIFIED.,.F.,.F.,(4,4),(-0.0319484266272756,-0.0178062910035317),
 .UNSPECIFIED.);
#1431=B_SPLINE_CURVE_WITH_KNOTS('',3,(#10053,#10054,#10055,#10056),
 .UNSPECIFIED.,.F.,.F.,(4,4),(0.0502605721883846,0.2561233639206),
 .UNSPECIFIED.);
#1432=B_SPLINE_CURVE_WITH_KNOTS('',3,(#10059,#10060,#10061,#10062),
 .UNSPECIFIED.,.F.,.F.,(4,4),(1.13819823362953,1.38896094102321),
 .UNSPECIFIED.);
#1433=B_SPLINE_CURVE_WITH_KNOTS('',3,(#10065,#10066,#10067,#10068),
 .UNSPECIFIED.,.F.,.F.,(4,4),(0.0510602085284998,0.481192768016786),
 .UNSPECIFIED.);
#1434=B_SPLINE_CURVE_WITH_KNOTS('',3,(#10072,#10073,#10074,#10075),
 .UNSPECIFIED.,.F.,.F.,(4,4),(1.37441787502882,1.62146021483746),
 .UNSPECIFIED.);
#1435=B_SPLINE_CURVE_WITH_KNOTS('',3,(#10121,#10122,#10123,#10124),
 .UNSPECIFIED.,.F.,.F.,(4,4),(1.56818912428075,2.12386004833088),
 .UNSPECIFIED.);
#1436=B_SPLINE_CURVE_WITH_KNOTS('',3,(#10125,#10126,#10127,#10128),
 .UNSPECIFIED.,.F.,.F.,(4,4),(0.0504532031678118,0.476268914507389),
 .UNSPECIFIED.);
#1437=B_SPLINE_CURVE_WITH_KNOTS('',3,(#10130,#10131,#10132,#10133),
 .UNSPECIFIED.,.F.,.F.,(4,4),(1.02865574003636,1.54622921846391),
 .UNSPECIFIED.);
#1438=B_SPLINE_CURVE_WITH_KNOTS('',3,(#10134,#10135,#10136,#10137),
 .UNSPECIFIED.,.F.,.F.,(4,4),(0.0514258927094164,1.41013101290386),
 .UNSPECIFIED.);
#1439=B_SPLINE_CURVE_WITH_KNOTS('',3,(#10139,#10140,#10141,#10142),
 .UNSPECIFIED.,.F.,.F.,(4,4),(0.,1.39081359471078),.UNSPECIFIED.);
#1440=B_SPLINE_CURVE_WITH_KNOTS('',3,(#10143,#10144,#10145,#10146),
 .UNSPECIFIED.,.F.,.F.,(4,4),(0.0510226664645176,1.52189118557461),
 .UNSPECIFIED.);
#1441=B_SPLINE_CURVE_WITH_KNOTS('',3,(#10147,#10148,#10149,#10150),
 .UNSPECIFIED.,.F.,.F.,(4,4),(0.0597602665082113,1.55526124491345),
 .UNSPECIFIED.);
#1442=B_SPLINE_CURVE_WITH_KNOTS('',3,(#10196,#10197,#10198,#10199),
 .UNSPECIFIED.,.F.,.F.,(4,4),(0.0509176977985674,0.212031684434237),
 .UNSPECIFIED.);
#1443=B_SPLINE_CURVE_WITH_KNOTS('',3,(#10201,#10202,#10203,#10204),
 .UNSPECIFIED.,.F.,.F.,(4,4),(-0.789228823551212,-0.775086687927476),
 .UNSPECIFIED.);
#1444=B_SPLINE_CURVE_WITH_KNOTS('',3,(#10206,#10207,#10208,#10209),
 .UNSPECIFIED.,.F.,.F.,(4,4),(1.70651172691883,1.85359868951454),
 .UNSPECIFIED.);
#1445=B_SPLINE_CURVE_WITH_KNOTS('',3,(#10211,#10212,#10213,#10214),
 .UNSPECIFIED.,.F.,.F.,(4,4),(0.050769357795139,0.201624086819351),
 .UNSPECIFIED.);
#1446=B_SPLINE_CURVE_WITH_KNOTS('',3,(#10216,#10217,#10218,#10219),
 .UNSPECIFIED.,.F.,.F.,(4,4),(-1.01367829767323,-0.999536162049493),
 .UNSPECIFIED.);
#1447=B_SPLINE_CURVE_WITH_KNOTS('',3,(#10221,#10222,#10223,#10224),
 .UNSPECIFIED.,.F.,.F.,(4,4),(1.69640880879621,1.85337628367296),
 .UNSPECIFIED.);
#1448=B_SPLINE_CURVE_WITH_KNOTS('',3,(#10225,#10226,#10227,#10228),
 .UNSPECIFIED.,.F.,.F.,(4,4),(0.0517612966152277,0.388174588818353),
 .UNSPECIFIED.);
#1449=B_SPLINE_CURVE_WITH_KNOTS('',3,(#10229,#10230,#10231,#10232),
 .UNSPECIFIED.,.F.,.F.,(4,4),(0.0509118684344281,0.375798684919383),
 .UNSPECIFIED.);
#1450=B_SPLINE_CURVE_WITH_KNOTS('',3,(#10277,#10278,#10279,#10280),
 .UNSPECIFIED.,.F.,.F.,(4,4),(1.55273705988277,1.84319390798614),
 .UNSPECIFIED.);
#1451=B_SPLINE_CURVE_WITH_KNOTS('',3,(#10284,#10285,#10286,#10287),
 .UNSPECIFIED.,.F.,.F.,(4,4),(-1.47358387580377,-0.0507531293177245),
 .UNSPECIFIED.);
#1452=B_SPLINE_CURVE_WITH_KNOTS('',3,(#10295,#10296,#10297,#10298),
 .UNSPECIFIED.,.F.,.F.,(4,4),(-0.993135533002938,-0.978099481396853),
 .UNSPECIFIED.);
#1453=B_SPLINE_CURVE_WITH_KNOTS('',3,(#10310,#10311,#10312,#10313),
 .UNSPECIFIED.,.F.,.F.,(4,4),(-2.54187081374172,-2.52772867811799),
 .UNSPECIFIED.);
#1454=B_SPLINE_CURVE_WITH_KNOTS('',3,(#10321,#10322,#10323,#10324),
 .UNSPECIFIED.,.F.,.F.,(4,4),(-1.76103630748276,-1.74689417185903),
 .UNSPECIFIED.);
#1455=B_SPLINE_CURVE_WITH_KNOTS('',3,(#10336,#10337,#10338,#10339),
 .UNSPECIFIED.,.F.,.F.,(4,4),(1.89899154313133,1.89964305841374),
 .UNSPECIFIED.);
#1456=B_SPLINE_CURVE_WITH_KNOTS('',3,(#10342,#10343,#10344,#10345),
 .UNSPECIFIED.,.F.,.F.,(4,4),(0.0508833484541905,0.0515175196750808),
 .UNSPECIFIED.);
#1457=B_SPLINE_CURVE_WITH_KNOTS('',3,(#10348,#10349,#10350,#10351,#10352,
#10353,#10354,#10355,#10356,#10357),.UNSPECIFIED.,.F.,.F.,(4,2,2,2,4),(-1.02441927525956,
-0.902043309689837,-0.775845686058209,-0.392624575499514,-0.0506240426276812),
 .UNSPECIFIED.);
#1458=B_SPLINE_CURVE_WITH_KNOTS('',3,(#10367,#10368,#10369,#10370,#10371,
#10372),.UNSPECIFIED.,.F.,.F.,(4,2,4),(-1.24477036432176,-0.633625956396993,
-0.0505462026411716),.UNSPECIFIED.);
#1459=B_SPLINE_CURVE_WITH_KNOTS('',3,(#10417,#10418,#10419,#10420),
 .UNSPECIFIED.,.F.,.F.,(4,4),(0.0503654831025161,0.594821329688564),
 .UNSPECIFIED.);
#1460=B_SPLINE_CURVE_WITH_KNOTS('',3,(#10422,#10423,#10424,#10425),
 .UNSPECIFIED.,.F.,.F.,(4,4),(1.35390860480679,1.97699363246791),
 .UNSPECIFIED.);
#1461=B_SPLINE_CURVE_WITH_KNOTS('',3,(#10426,#10427,#10428,#10429),
 .UNSPECIFIED.,.F.,.F.,(4,4),(0.0506387273404125,0.590595601199125),
 .UNSPECIFIED.);
#1462=B_SPLINE_CURVE_WITH_KNOTS('',3,(#10430,#10431,#10432,#10433),
 .UNSPECIFIED.,.F.,.F.,(4,4),(0.868814568529602,1.47095727541583),
 .UNSPECIFIED.);
#1463=B_SPLINE_CURVE_WITH_KNOTS('',3,(#10437,#10438,#10439,#10440),
 .UNSPECIFIED.,.F.,.F.,(4,4),(-1.32747793138185,-0.0504309287712112),
 .UNSPECIFIED.);
#1464=B_SPLINE_CURVE_WITH_KNOTS('',3,(#10447,#10448,#10449,#10450,#10451,
#10452),.UNSPECIFIED.,.F.,.F.,(4,2,4),(-0.940086585385909,-0.660460548873926,
-0.0527730038181324),.UNSPECIFIED.);
#1465=B_SPLINE_CURVE_WITH_KNOTS('',3,(#10455,#10456,#10457,#10458,#10459,
#10460,#10461,#10462),.UNSPECIFIED.,.F.,.F.,(4,2,2,4),(-1.30318824552566,
-0.8881284614997,-0.367867916166996,0.),.UNSPECIFIED.);
#1466=B_SPLINE_CURVE_WITH_KNOTS('',3,(#10466,#10467,#10468,#10469),
 .UNSPECIFIED.,.F.,.F.,(4,4),(-1.38479957946207,-0.0503591803364343),
 .UNSPECIFIED.);
#1467=B_SPLINE_CURVE_WITH_KNOTS('',3,(#10472,#10473,#10474,#10475,#10476,
#10477),.UNSPECIFIED.,.F.,.F.,(4,2,4),(-1.98827661235754,-0.874829986119535,
-0.0498875048836301),.UNSPECIFIED.);
#1468=B_SPLINE_CURVE_WITH_KNOTS('',3,(#10479,#10480,#10481,#10482),
 .UNSPECIFIED.,.F.,.F.,(4,4),(-1.43219192101927,0.),.UNSPECIFIED.);
#1469=B_SPLINE_CURVE_WITH_KNOTS('',3,(#10485,#10486,#10487,#10488,#10489,
#10490,#10491,#10492),.UNSPECIFIED.,.F.,.F.,(4,2,2,4),(-1.28334844735844,
-0.952334287807189,-0.640976771839101,0.),.UNSPECIFIED.);
#1470=B_SPLINE_CURVE_WITH_KNOTS('',3,(#10496,#10497,#10498,#10499),
 .UNSPECIFIED.,.F.,.F.,(4,4),(-1.63665101351757,-0.0498356818033211),
 .UNSPECIFIED.);
#1471=B_SPLINE_CURVE_WITH_KNOTS('',3,(#10502,#10503,#10504,#10505,#10506,
#10507,#10508,#10509,#10510,#10511),.UNSPECIFIED.,.F.,.F.,(4,2,2,2,4),(-2.12903415895476,
-1.93476998709918,-1.65719482516869,-1.06484538374145,-0.0516045798328362),
 .UNSPECIFIED.);
#1472=B_SPLINE_CURVE_WITH_KNOTS('',3,(#10514,#10515,#10516,#10517),
 .UNSPECIFIED.,.F.,.F.,(4,4),(-1.33722530138508,0.),.UNSPECIFIED.);
#1473=B_SPLINE_CURVE_WITH_KNOTS('',3,(#10520,#10521,#10522,#10523,#10524,
#10525,#10526,#10527),.UNSPECIFIED.,.F.,.F.,(4,2,2,4),(-1.72316251401481,
-1.1103236133011,-0.22399913815471,-0.04681085475177),.UNSPECIFIED.);
#1474=B_SPLINE_CURVE_WITH_KNOTS('',3,(#10543,#10544,#10545,#10546),
 .UNSPECIFIED.,.F.,.F.,(4,4),(-1.43803826056146,-0.0515498071170495),
 .UNSPECIFIED.);
#1475=B_SPLINE_CURVE_WITH_KNOTS('',3,(#10548,#10549,#10550,#10551),
 .UNSPECIFIED.,.F.,.F.,(4,4),(-1.67548322209279,0.),.UNSPECIFIED.);
#1476=B_SPLINE_CURVE_WITH_KNOTS('',3,(#10554,#10555,#10556,#10557),
 .UNSPECIFIED.,.F.,.F.,(4,4),(-1.30310038449737,0.),.UNSPECIFIED.);
#1477=VERTEX_POINT('',#5272);
#1478=VERTEX_POINT('',#5273);
#1479=VERTEX_POINT('',#5278);
#1480=VERTEX_POINT('',#5288);
#1481=VERTEX_POINT('',#5540);
#1482=VERTEX_POINT('',#5547);
#1483=VERTEX_POINT('',#5555);
#1484=VERTEX_POINT('',#5560);
#1485=VERTEX_POINT('',#5567);
#1486=VERTEX_POINT('',#5588);
#1487=VERTEX_POINT('',#5603);
#1488=VERTEX_POINT('',#5614);
#1489=VERTEX_POINT('',#5619);
#1490=VERTEX_POINT('',#5630);
#1491=VERTEX_POINT('',#5639);
#1492=VERTEX_POINT('',#5644);
#1493=VERTEX_POINT('',#5649);
#1494=VERTEX_POINT('',#5654);
#1495=VERTEX_POINT('',#5659);
#1496=VERTEX_POINT('',#5664);
#1497=VERTEX_POINT('',#5669);
#1498=VERTEX_POINT('',#5674);
#1499=VERTEX_POINT('',#5679);
#1500=VERTEX_POINT('',#5684);
#1501=VERTEX_POINT('',#5689);
#1502=VERTEX_POINT('',#5694);
#1503=VERTEX_POINT('',#5699);
#1504=VERTEX_POINT('',#5708);
#1505=VERTEX_POINT('',#5713);
#1506=VERTEX_POINT('',#5722);
#1507=VERTEX_POINT('',#5731);
#1508=VERTEX_POINT('',#5736);
#1509=VERTEX_POINT('',#5745);
#1510=VERTEX_POINT('',#5750);
#1511=VERTEX_POINT('',#5755);
#1512=VERTEX_POINT('',#5762);
#1513=VERTEX_POINT('',#5767);
#1514=VERTEX_POINT('',#5774);
#1515=VERTEX_POINT('',#5794);
#1516=VERTEX_POINT('',#5799);
#1517=VERTEX_POINT('',#5806);
#1518=VERTEX_POINT('',#5811);
#1519=VERTEX_POINT('',#5820);
#1520=VERTEX_POINT('',#5825);
#1521=VERTEX_POINT('',#5834);
#1522=VERTEX_POINT('',#5843);
#1523=VERTEX_POINT('',#5852);
#1524=VERTEX_POINT('',#5857);
#1525=VERTEX_POINT('',#5866);
#1526=VERTEX_POINT('',#5871);
#1527=VERTEX_POINT('',#5884);
#1528=VERTEX_POINT('',#5891);
#1529=VERTEX_POINT('',#5898);
#1530=VERTEX_POINT('',#5903);
#1531=VERTEX_POINT('',#5910);
#1532=VERTEX_POINT('',#5915);
#1533=VERTEX_POINT('',#5920);
#1534=VERTEX_POINT('',#5925);
#1535=VERTEX_POINT('',#5934);
#1536=VERTEX_POINT('',#5949);
#1537=VERTEX_POINT('',#5962);
#1538=VERTEX_POINT('',#5973);
#1539=VERTEX_POINT('',#5978);
#1540=VERTEX_POINT('',#5983);
#1541=VERTEX_POINT('',#5988);
#1542=VERTEX_POINT('',#6005);
#1543=VERTEX_POINT('',#6010);
#1544=VERTEX_POINT('',#6017);
#1545=VERTEX_POINT('',#6022);
#1546=VERTEX_POINT('',#6035);
#1547=VERTEX_POINT('',#6040);
#1548=VERTEX_POINT('',#6049);
#1549=VERTEX_POINT('',#6054);
#1550=VERTEX_POINT('',#6059);
#1551=VERTEX_POINT('',#6070);
#1552=VERTEX_POINT('',#6081);
#1553=VERTEX_POINT('',#6086);
#1554=VERTEX_POINT('',#6095);
#1555=VERTEX_POINT('',#6103);
#1556=VERTEX_POINT('',#6110);
#1557=VERTEX_POINT('',#6115);
#1558=VERTEX_POINT('',#6122);
#1559=VERTEX_POINT('',#6129);
#1560=VERTEX_POINT('',#6134);
#1561=VERTEX_POINT('',#6139);
#1562=VERTEX_POINT('',#6146);
#1563=VERTEX_POINT('',#6151);
#1564=VERTEX_POINT('',#6158);
#1565=VERTEX_POINT('',#6163);
#1566=VERTEX_POINT('',#6172);
#1567=VERTEX_POINT('',#6181);
#1568=VERTEX_POINT('',#6186);
#1569=VERTEX_POINT('',#6195);
#1570=VERTEX_POINT('',#6200);
#1571=VERTEX_POINT('',#6205);
#1572=VERTEX_POINT('',#6210);
#1573=VERTEX_POINT('',#6215);
#1574=VERTEX_POINT('',#6222);
#1575=VERTEX_POINT('',#6227);
#1576=VERTEX_POINT('',#6232);
#1577=VERTEX_POINT('',#6237);
#1578=VERTEX_POINT('',#6242);
#1579=VERTEX_POINT('',#6257);
#1580=VERTEX_POINT('',#6262);
#1581=VERTEX_POINT('',#6275);
#1582=VERTEX_POINT('',#6280);
#1583=VERTEX_POINT('',#6293);
#1584=VERTEX_POINT('',#6298);
#1585=VERTEX_POINT('',#6309);
#1586=VERTEX_POINT('',#6337);
#1587=VERTEX_POINT('',#6338);
#1588=VERTEX_POINT('',#6343);
#1589=VERTEX_POINT('',#6352);
#1590=VERTEX_POINT('',#6366);
#1591=VERTEX_POINT('',#6421);
#1592=VERTEX_POINT('',#6423);
#1593=VERTEX_POINT('',#6428);
#1594=VERTEX_POINT('',#6430);
#1595=VERTEX_POINT('',#6463);
#1596=VERTEX_POINT('',#6465);
#1597=VERTEX_POINT('',#6467);
#1598=VERTEX_POINT('',#6469);
#1599=VERTEX_POINT('',#6482);
#1600=VERTEX_POINT('',#6484);
#1601=VERTEX_POINT('',#6486);
#1602=VERTEX_POINT('',#6488);
#1603=VERTEX_POINT('',#6519);
#1604=VERTEX_POINT('',#6521);
#1605=VERTEX_POINT('',#6523);
#1606=VERTEX_POINT('',#6525);
#1607=VERTEX_POINT('',#6538);
#1608=VERTEX_POINT('',#6540);
#1609=VERTEX_POINT('',#6548);
#1610=VERTEX_POINT('',#6550);
#1611=VERTEX_POINT('',#6579);
#1612=VERTEX_POINT('',#6581);
#1613=VERTEX_POINT('',#6583);
#1614=VERTEX_POINT('',#6585);
#1615=VERTEX_POINT('',#6598);
#1616=VERTEX_POINT('',#6600);
#1617=VERTEX_POINT('',#6605);
#1618=VERTEX_POINT('',#6607);
#1619=VERTEX_POINT('',#6635);
#1620=VERTEX_POINT('',#6637);
#1621=VERTEX_POINT('',#6643);
#1622=VERTEX_POINT('',#6645);
#1623=VERTEX_POINT('',#6650);
#1624=VERTEX_POINT('',#6652);
#1625=VERTEX_POINT('',#6682);
#1626=VERTEX_POINT('',#6684);
#1627=VERTEX_POINT('',#6690);
#1628=VERTEX_POINT('',#6692);
#1629=VERTEX_POINT('',#6697);
#1630=VERTEX_POINT('',#6699);
#1631=VERTEX_POINT('',#6733);
#1632=VERTEX_POINT('',#6735);
#1633=VERTEX_POINT('',#6741);
#1634=VERTEX_POINT('',#6743);
#1635=VERTEX_POINT('',#6748);
#1636=VERTEX_POINT('',#6750);
#1637=VERTEX_POINT('',#6775);
#1638=VERTEX_POINT('',#6777);
#1639=VERTEX_POINT('',#6782);
#1640=VERTEX_POINT('',#6784);
#1641=VERTEX_POINT('',#6794);
#1642=VERTEX_POINT('',#6796);
#1643=VERTEX_POINT('',#6798);
#1644=VERTEX_POINT('',#6800);
#1645=VERTEX_POINT('',#6825);
#1646=VERTEX_POINT('',#6827);
#1647=VERTEX_POINT('',#6832);
#1648=VERTEX_POINT('',#6834);
#1649=VERTEX_POINT('',#6845);
#1650=VERTEX_POINT('',#6847);
#1651=VERTEX_POINT('',#6849);
#1652=VERTEX_POINT('',#6851);
#1653=VERTEX_POINT('',#6877);
#1654=VERTEX_POINT('',#6879);
#1655=VERTEX_POINT('',#6881);
#1656=VERTEX_POINT('',#6883);
#1657=VERTEX_POINT('',#6895);
#1658=VERTEX_POINT('',#6897);
#1659=VERTEX_POINT('',#6899);
#1660=VERTEX_POINT('',#6901);
#1661=VERTEX_POINT('',#6936);
#1662=VERTEX_POINT('',#6938);
#1663=VERTEX_POINT('',#6945);
#1664=VERTEX_POINT('',#6947);
#1665=VERTEX_POINT('',#6954);
#1666=VERTEX_POINT('',#6956);
#1667=VERTEX_POINT('',#6971);
#1668=VERTEX_POINT('',#6976);
#1669=VERTEX_POINT('',#7004);
#1670=VERTEX_POINT('',#7054);
#1671=VERTEX_POINT('',#7066);
#1672=VERTEX_POINT('',#7082);
#1673=VERTEX_POINT('',#7083);
#1674=VERTEX_POINT('',#7091);
#1675=VERTEX_POINT('',#7092);
#1676=VERTEX_POINT('',#7100);
#1677=VERTEX_POINT('',#7102);
#1678=VERTEX_POINT('',#7109);
#1679=VERTEX_POINT('',#7110);
#1680=VERTEX_POINT('',#7118);
#1681=VERTEX_POINT('',#7120);
#1682=VERTEX_POINT('',#7127);
#1683=VERTEX_POINT('',#7129);
#1684=VERTEX_POINT('',#7136);
#1685=VERTEX_POINT('',#7146);
#1686=VERTEX_POINT('',#7153);
#1687=VERTEX_POINT('',#7160);
#1688=VERTEX_POINT('',#7210);
#1689=VERTEX_POINT('',#7215);
#1690=VERTEX_POINT('',#7220);
#1691=VERTEX_POINT('',#7225);
#1692=VERTEX_POINT('',#7230);
#1693=VERTEX_POINT('',#7235);
#1694=VERTEX_POINT('',#7244);
#1695=VERTEX_POINT('',#7254);
#1696=VERTEX_POINT('',#7256);
#1697=VERTEX_POINT('',#7306);
#1698=VERTEX_POINT('',#7316);
#1699=VERTEX_POINT('',#7366);
#1700=VERTEX_POINT('',#7371);
#1701=VERTEX_POINT('',#7376);
#1702=VERTEX_POINT('',#7381);
#1703=VERTEX_POINT('',#7386);
#1704=VERTEX_POINT('',#7391);
#1705=VERTEX_POINT('',#7405);
#1706=VERTEX_POINT('',#7406);
#1707=VERTEX_POINT('',#7408);
#1708=VERTEX_POINT('',#7413);
#1709=VERTEX_POINT('',#7415);
#1710=VERTEX_POINT('',#7417);
#1711=VERTEX_POINT('',#7422);
#1712=VERTEX_POINT('',#7424);
#1713=VERTEX_POINT('',#7426);
#1714=VERTEX_POINT('',#7431);
#1715=VERTEX_POINT('',#7433);
#1716=VERTEX_POINT('',#7435);
#1717=VERTEX_POINT('',#7442);
#1718=VERTEX_POINT('',#7443);
#1719=VERTEX_POINT('',#7445);
#1720=VERTEX_POINT('',#7447);
#1721=VERTEX_POINT('',#7452);
#1722=VERTEX_POINT('',#7454);
#1723=VERTEX_POINT('',#7456);
#1724=VERTEX_POINT('',#7461);
#1725=VERTEX_POINT('',#7464);
#1726=VERTEX_POINT('',#7468);
#1727=VERTEX_POINT('',#7470);
#1728=VERTEX_POINT('',#7477);
#1729=VERTEX_POINT('',#7479);
#1730=VERTEX_POINT('',#7486);
#1731=VERTEX_POINT('',#7488);
#1732=VERTEX_POINT('',#7495);
#1733=VERTEX_POINT('',#7497);
#1734=VERTEX_POINT('',#7504);
#1735=VERTEX_POINT('',#7506);
#1736=VERTEX_POINT('',#7511);
#1737=VERTEX_POINT('',#7513);
#1738=VERTEX_POINT('',#7520);
#1739=VERTEX_POINT('',#7525);
#1740=VERTEX_POINT('',#7527);
#1741=VERTEX_POINT('',#7529);
#1742=VERTEX_POINT('',#7540);
#1743=VERTEX_POINT('',#7547);
#1744=VERTEX_POINT('',#7549);
#1745=VERTEX_POINT('',#7562);
#1746=VERTEX_POINT('',#7729);
#1747=VERTEX_POINT('',#7734);
#1748=VERTEX_POINT('',#7739);
#1749=VERTEX_POINT('',#7748);
#1750=VERTEX_POINT('',#7965);
#1751=VERTEX_POINT('',#7970);
#1752=VERTEX_POINT('',#7971);
#1753=VERTEX_POINT('',#7974);
#1754=VERTEX_POINT('',#7981);
#1755=VERTEX_POINT('',#7988);
#1756=VERTEX_POINT('',#8010);
#1757=VERTEX_POINT('',#8011);
#1758=VERTEX_POINT('',#8013);
#1759=VERTEX_POINT('',#8015);
#1760=VERTEX_POINT('',#8021);
#1761=VERTEX_POINT('',#8028);
#1762=VERTEX_POINT('',#8046);
#1763=VERTEX_POINT('',#8048);
#1764=VERTEX_POINT('',#8056);
#1765=VERTEX_POINT('',#8058);
#1766=VERTEX_POINT('',#8063);
#1767=VERTEX_POINT('',#8070);
#1768=VERTEX_POINT('',#8071);
#1769=VERTEX_POINT('',#8073);
#1770=VERTEX_POINT('',#8078);
#1771=VERTEX_POINT('',#8091);
#1772=VERTEX_POINT('',#8111);
#1773=VERTEX_POINT('',#8116);
#1774=VERTEX_POINT('',#8129);
#1775=VERTEX_POINT('',#8141);
#1776=VERTEX_POINT('',#8148);
#1777=VERTEX_POINT('',#8150);
#1778=VERTEX_POINT('',#8157);
#1779=VERTEX_POINT('',#8159);
#1780=VERTEX_POINT('',#8216);
#1781=VERTEX_POINT('',#8217);
#1782=VERTEX_POINT('',#8222);
#1783=VERTEX_POINT('',#8231);
#1784=VERTEX_POINT('',#8236);
#1785=VERTEX_POINT('',#8249);
#1786=VERTEX_POINT('',#8268);
#1787=VERTEX_POINT('',#8270);
#1788=VERTEX_POINT('',#8280);
#1789=VERTEX_POINT('',#8308);
#1790=VERTEX_POINT('',#8362);
#1791=VERTEX_POINT('',#8367);
#1792=VERTEX_POINT('',#8424);
#1793=VERTEX_POINT('',#8937);
#1794=VERTEX_POINT('',#8939);
#1795=VERTEX_POINT('',#9000);
#1796=VERTEX_POINT('',#9002);
#1797=VERTEX_POINT('',#9014);
#1798=VERTEX_POINT('',#9019);
#1799=VERTEX_POINT('',#9039);
#1800=VERTEX_POINT('',#9041);
#1801=VERTEX_POINT('',#9051);
#1802=VERTEX_POINT('',#9101);
#1803=VERTEX_POINT('',#9113);
#1804=VERTEX_POINT('',#9129);
#1805=VERTEX_POINT('',#9131);
#1806=VERTEX_POINT('',#9138);
#1807=VERTEX_POINT('',#9139);
#1808=VERTEX_POINT('',#9147);
#1809=VERTEX_POINT('',#9149);
#1810=VERTEX_POINT('',#9156);
#1811=VERTEX_POINT('',#9157);
#1812=VERTEX_POINT('',#9165);
#1813=VERTEX_POINT('',#9166);
#1814=VERTEX_POINT('',#9174);
#1815=VERTEX_POINT('',#9176);
#1816=VERTEX_POINT('',#9183);
#1817=VERTEX_POINT('',#9193);
#1818=VERTEX_POINT('',#9243);
#1819=VERTEX_POINT('',#9255);
#1820=VERTEX_POINT('',#9260);
#1821=VERTEX_POINT('',#9265);
#1822=VERTEX_POINT('',#9270);
#1823=VERTEX_POINT('',#9275);
#1824=VERTEX_POINT('',#9285);
#1825=VERTEX_POINT('',#9292);
#1826=VERTEX_POINT('',#9346);
#1827=VERTEX_POINT('',#9351);
#1828=VERTEX_POINT('',#9356);
#1829=VERTEX_POINT('',#9361);
#1830=VERTEX_POINT('',#9366);
#1831=VERTEX_POINT('',#9371);
#1832=VERTEX_POINT('',#9376);
#1833=VERTEX_POINT('',#9386);
#1834=VERTEX_POINT('',#9388);
#1835=VERTEX_POINT('',#9438);
#1836=VERTEX_POINT('',#9447);
#1837=VERTEX_POINT('',#9452);
#1838=VERTEX_POINT('',#9457);
#1839=VERTEX_POINT('',#9462);
#1840=VERTEX_POINT('',#9467);
#1841=VERTEX_POINT('',#9472);
#1842=VERTEX_POINT('',#9484);
#1843=VERTEX_POINT('',#9485);
#1844=VERTEX_POINT('',#9490);
#1845=VERTEX_POINT('',#9492);
#1846=VERTEX_POINT('',#9494);
#1847=VERTEX_POINT('',#9499);
#1848=VERTEX_POINT('',#9501);
#1849=VERTEX_POINT('',#9503);
#1850=VERTEX_POINT('',#9508);
#1851=VERTEX_POINT('',#9510);
#1852=VERTEX_POINT('',#9512);
#1853=VERTEX_POINT('',#9517);
#1854=VERTEX_POINT('',#9521);
#1855=VERTEX_POINT('',#9522);
#1856=VERTEX_POINT('',#9524);
#1857=VERTEX_POINT('',#9530);
#1858=VERTEX_POINT('',#9532);
#1859=VERTEX_POINT('',#9537);
#1860=VERTEX_POINT('',#9539);
#1861=VERTEX_POINT('',#9541);
#1862=VERTEX_POINT('',#9546);
#1863=VERTEX_POINT('',#9548);
#1864=VERTEX_POINT('',#9552);
#1865=VERTEX_POINT('',#9554);
#1866=VERTEX_POINT('',#9564);
#1867=VERTEX_POINT('',#9566);
#1868=VERTEX_POINT('',#9573);
#1869=VERTEX_POINT('',#9575);
#1870=VERTEX_POINT('',#9582);
#1871=VERTEX_POINT('',#9587);
#1872=VERTEX_POINT('',#9589);
#1873=VERTEX_POINT('',#9591);
#1874=VERTEX_POINT('',#9598);
#1875=VERTEX_POINT('',#9613);
#1876=VERTEX_POINT('',#9620);
#1877=VERTEX_POINT('',#9631);
#1878=VERTEX_POINT('',#9645);
#1879=VERTEX_POINT('',#9952);
#1880=VERTEX_POINT('',#10014);
#1881=VERTEX_POINT('',#10015);
#1882=VERTEX_POINT('',#10020);
#1883=VERTEX_POINT('',#10022);
#1884=VERTEX_POINT('',#10029);
#1885=VERTEX_POINT('',#10031);
#1886=VERTEX_POINT('',#10038);
#1887=VERTEX_POINT('',#10039);
#1888=VERTEX_POINT('',#10044);
#1889=VERTEX_POINT('',#10046);
#1890=VERTEX_POINT('',#10057);
#1891=VERTEX_POINT('',#10064);
#1892=VERTEX_POINT('',#10070);
#1893=VERTEX_POINT('',#10120);
#1894=VERTEX_POINT('',#10129);
#1895=VERTEX_POINT('',#10138);
#1896=VERTEX_POINT('',#10195);
#1897=VERTEX_POINT('',#10200);
#1898=VERTEX_POINT('',#10205);
#1899=VERTEX_POINT('',#10210);
#1900=VERTEX_POINT('',#10215);
#1901=VERTEX_POINT('',#10220);
#1902=VERTEX_POINT('',#10282);
#1903=VERTEX_POINT('',#10289);
#1904=VERTEX_POINT('',#10292);
#1905=VERTEX_POINT('',#10294);
#1906=VERTEX_POINT('',#10307);
#1907=VERTEX_POINT('',#10309);
#1908=VERTEX_POINT('',#10316);
#1909=VERTEX_POINT('',#10318);
#1910=VERTEX_POINT('',#10320);
#1911=VERTEX_POINT('',#10325);
#1912=VERTEX_POINT('',#10328);
#1913=VERTEX_POINT('',#10334);
#1914=VERTEX_POINT('',#10341);
#1915=VERTEX_POINT('',#10346);
#1916=VERTEX_POINT('',#10421);
#1917=VERTEX_POINT('',#10435);
#1918=VERTEX_POINT('',#10445);
#1919=VERTEX_POINT('',#10454);
#1920=VERTEX_POINT('',#10465);
#1921=VERTEX_POINT('',#10484);
#1922=VERTEX_POINT('',#10495);
#1923=VERTEX_POINT('',#10513);
#1924=VERTEX_POINT('',#10541);
#1925=EDGE_CURVE('',#1477,#1478,#1097,.T.);
#1926=EDGE_CURVE('',#1477,#1479,#1098,.T.);
#1927=EDGE_CURVE('',#1479,#1478,#1099,.T.);
#1928=EDGE_CURVE('',#1480,#1477,#1100,.T.);
#1929=EDGE_CURVE('',#1479,#1480,#170,.T.);
#1930=EDGE_CURVE('',#1478,#1481,#146,.T.);
#1931=EDGE_CURVE('',#1482,#1481,#147,.T.);
#1932=EDGE_CURVE('',#1482,#1483,#1101,.T.);
#1933=EDGE_CURVE('',#1483,#1484,#1102,.T.);
#1934=EDGE_CURVE('',#1485,#1484,#148,.T.);
#1935=EDGE_CURVE('',#1485,#1486,#1103,.T.);
#1936=EDGE_CURVE('',#1486,#1487,#1104,.T.);
#1937=EDGE_CURVE('',#1487,#1488,#1105,.T.);
#1938=EDGE_CURVE('',#1488,#1489,#1106,.T.);
#1939=EDGE_CURVE('',#1489,#1490,#1107,.T.);
#1940=EDGE_CURVE('',#1490,#1491,#1108,.T.);
#1941=EDGE_CURVE('',#1492,#1491,#1109,.T.);
#1942=EDGE_CURVE('',#1492,#1493,#1110,.T.);
#1943=EDGE_CURVE('',#1493,#1494,#1111,.T.);
#1944=EDGE_CURVE('',#1495,#1494,#1112,.T.);
#1945=EDGE_CURVE('',#1495,#1496,#1113,.T.);
#1946=EDGE_CURVE('',#1496,#1497,#1114,.T.);
#1947=EDGE_CURVE('',#1497,#1498,#1115,.T.);
#1948=EDGE_CURVE('',#1498,#1499,#1116,.T.);
#1949=EDGE_CURVE('',#1499,#1500,#1117,.T.);
#1950=EDGE_CURVE('',#1500,#1501,#1118,.T.);
#1951=EDGE_CURVE('',#1501,#1502,#1119,.T.);
#1952=EDGE_CURVE('',#1502,#1503,#1120,.T.);
#1953=EDGE_CURVE('',#1503,#1504,#1121,.T.);
#1954=EDGE_CURVE('',#1504,#1505,#1122,.T.);
#1955=EDGE_CURVE('',#1505,#1506,#1123,.T.);
#1956=EDGE_CURVE('',#1506,#1507,#1124,.T.);
#1957=EDGE_CURVE('',#1507,#1508,#1125,.T.);
#1958=EDGE_CURVE('',#1508,#1509,#1126,.T.);
#1959=EDGE_CURVE('',#1509,#1510,#1127,.T.);
#1960=EDGE_CURVE('',#1510,#1511,#1128,.T.);
#1961=EDGE_CURVE('',#1511,#1512,#1129,.T.);
#1962=EDGE_CURVE('',#1512,#1513,#1130,.T.);
#1963=EDGE_CURVE('',#1513,#1514,#1131,.T.);
#1964=EDGE_CURVE('',#1514,#1515,#1132,.T.);
#1965=EDGE_CURVE('',#1515,#1516,#1133,.T.);
#1966=EDGE_CURVE('',#1516,#1517,#1134,.T.);
#1967=EDGE_CURVE('',#1517,#1518,#1135,.T.);
#1968=EDGE_CURVE('',#1518,#1519,#1136,.T.);
#1969=EDGE_CURVE('',#1519,#1520,#1137,.T.);
#1970=EDGE_CURVE('',#1520,#1521,#1138,.T.);
#1971=EDGE_CURVE('',#1521,#1522,#1139,.T.);
#1972=EDGE_CURVE('',#1522,#1523,#1140,.T.);
#1973=EDGE_CURVE('',#1523,#1524,#1141,.T.);
#1974=EDGE_CURVE('',#1524,#1525,#1142,.T.);
#1975=EDGE_CURVE('',#1526,#1525,#149,.T.);
#1976=EDGE_CURVE('',#1526,#1527,#1143,.T.);
#1977=EDGE_CURVE('',#1527,#1528,#1144,.T.);
#1978=EDGE_CURVE('',#1528,#1529,#1145,.T.);
#1979=EDGE_CURVE('',#1529,#1530,#1146,.T.);
#1980=EDGE_CURVE('',#1530,#1531,#1147,.T.);
#1981=EDGE_CURVE('',#1531,#1532,#1148,.T.);
#1982=EDGE_CURVE('',#1532,#1533,#1149,.T.);
#1983=EDGE_CURVE('',#1533,#1534,#1150,.T.);
#1984=EDGE_CURVE('',#1535,#1534,#150,.T.);
#1985=EDGE_CURVE('',#1535,#1536,#151,.T.);
#1986=EDGE_CURVE('',#1536,#1537,#1151,.T.);
#1987=EDGE_CURVE('',#1537,#1538,#1152,.T.);
#1988=EDGE_CURVE('',#1538,#1539,#1153,.T.);
#1989=EDGE_CURVE('',#1539,#1540,#1154,.T.);
#1990=EDGE_CURVE('',#1540,#1541,#1155,.T.);
#1991=EDGE_CURVE('',#1541,#1542,#1156,.T.);
#1992=EDGE_CURVE('',#1542,#1543,#1157,.T.);
#1993=EDGE_CURVE('',#1543,#1544,#1158,.T.);
#1994=EDGE_CURVE('',#1544,#1545,#152,.T.);
#1995=EDGE_CURVE('',#1545,#1546,#1159,.T.);
#1996=EDGE_CURVE('',#1546,#1547,#1160,.T.);
#1997=EDGE_CURVE('',#1547,#1548,#1161,.T.);
#1998=EDGE_CURVE('',#1548,#1549,#1162,.T.);
#1999=EDGE_CURVE('',#1549,#1550,#1163,.T.);
#2000=EDGE_CURVE('',#1550,#1551,#1164,.T.);
#2001=EDGE_CURVE('',#1551,#1552,#1165,.T.);
#2002=EDGE_CURVE('',#1552,#1553,#1166,.T.);
#2003=EDGE_CURVE('',#1553,#1554,#1167,.T.);
#2004=EDGE_CURVE('',#1554,#1555,#1168,.T.);
#2005=EDGE_CURVE('',#1555,#1556,#1169,.T.);
#2006=EDGE_CURVE('',#1556,#1557,#1170,.T.);
#2007=EDGE_CURVE('',#1557,#1558,#1171,.T.);
#2008=EDGE_CURVE('',#1558,#1559,#1172,.T.);
#2009=EDGE_CURVE('',#1559,#1560,#1173,.T.);
#2010=EDGE_CURVE('',#1560,#1561,#1174,.T.);
#2011=EDGE_CURVE('',#1561,#1562,#1175,.T.);
#2012=EDGE_CURVE('',#1562,#1563,#1176,.T.);
#2013=EDGE_CURVE('',#1563,#1564,#1177,.T.);
#2014=EDGE_CURVE('',#1564,#1565,#1178,.T.);
#2015=EDGE_CURVE('',#1565,#1566,#1179,.T.);
#2016=EDGE_CURVE('',#1566,#1567,#1180,.T.);
#2017=EDGE_CURVE('',#1567,#1568,#1181,.T.);
#2018=EDGE_CURVE('',#1568,#1569,#1182,.T.);
#2019=EDGE_CURVE('',#1569,#1570,#1183,.T.);
#2020=EDGE_CURVE('',#1570,#1571,#1184,.T.);
#2021=EDGE_CURVE('',#1571,#1572,#1185,.T.);
#2022=EDGE_CURVE('',#1572,#1573,#1186,.T.);
#2023=EDGE_CURVE('',#1573,#1574,#1187,.T.);
#2024=EDGE_CURVE('',#1574,#1575,#1188,.T.);
#2025=EDGE_CURVE('',#1576,#1575,#1189,.T.);
#2026=EDGE_CURVE('',#1576,#1577,#1190,.T.);
#2027=EDGE_CURVE('',#1577,#1578,#1191,.T.);
#2028=EDGE_CURVE('',#1578,#1579,#1192,.T.);
#2029=EDGE_CURVE('',#1579,#1580,#1193,.T.);
#2030=EDGE_CURVE('',#1580,#1581,#1194,.T.);
#2031=EDGE_CURVE('',#1581,#1582,#1195,.T.);
#2032=EDGE_CURVE('',#1582,#1583,#1196,.T.);
#2033=EDGE_CURVE('',#1583,#1584,#1197,.T.);
#2034=EDGE_CURVE('',#1584,#1585,#1198,.T.);
#2035=EDGE_CURVE('',#1585,#1480,#153,.T.);
#2036=EDGE_CURVE('',#1586,#1587,#1199,.T.);
#2037=EDGE_CURVE('',#1586,#1588,#1200,.T.);
#2038=EDGE_CURVE('',#1588,#1589,#1201,.T.);
#2039=EDGE_CURVE('',#1589,#1587,#1202,.T.);
#2040=EDGE_CURVE('',#1590,#1483,#1203,.T.);
#2041=EDGE_CURVE('',#1484,#1590,#171,.T.);
#2042=EDGE_CURVE('',#1482,#1590,#1204,.T.);
#2043=EDGE_CURVE('',#1585,#1591,#172,.T.);
#2044=EDGE_CURVE('',#1591,#1592,#1205,.T.);
#2045=EDGE_CURVE('',#1592,#1593,#173,.T.);
#2046=EDGE_CURVE('',#1594,#1593,#154,.T.);
#2047=EDGE_CURVE('',#1594,#1595,#174,.T.);
#2048=EDGE_CURVE('',#1595,#1596,#134,.T.);
#2049=EDGE_CURVE('',#1596,#1597,#175,.T.);
#2050=EDGE_CURVE('',#1598,#1597,#155,.T.);
#2051=EDGE_CURVE('',#1598,#1599,#176,.T.);
#2052=EDGE_CURVE('',#1599,#1600,#135,.T.);
#2053=EDGE_CURVE('',#1600,#1601,#177,.T.);
#2054=EDGE_CURVE('',#1602,#1601,#156,.T.);
#2055=EDGE_CURVE('',#1602,#1603,#178,.T.);
#2056=EDGE_CURVE('',#1603,#1604,#136,.T.);
#2057=EDGE_CURVE('',#1604,#1605,#179,.T.);
#2058=EDGE_CURVE('',#1606,#1605,#157,.T.);
#2059=EDGE_CURVE('',#1606,#1607,#180,.T.);
#2060=EDGE_CURVE('',#1607,#1608,#1206,.T.);
#2061=EDGE_CURVE('',#1608,#1609,#181,.T.);
#2062=EDGE_CURVE('',#1610,#1609,#158,.T.);
#2063=EDGE_CURVE('',#1610,#1611,#182,.T.);
#2064=EDGE_CURVE('',#1611,#1612,#137,.T.);
#2065=EDGE_CURVE('',#1612,#1613,#183,.T.);
#2066=EDGE_CURVE('',#1614,#1613,#159,.T.);
#2067=EDGE_CURVE('',#1614,#1615,#184,.T.);
#2068=EDGE_CURVE('',#1615,#1616,#1207,.T.);
#2069=EDGE_CURVE('',#1616,#1617,#185,.T.);
#2070=EDGE_CURVE('',#1618,#1617,#160,.T.);
#2071=EDGE_CURVE('',#1618,#1619,#186,.T.);
#2072=EDGE_CURVE('',#1619,#1620,#1208,.T.);
#2073=EDGE_CURVE('',#1620,#1545,#187,.T.);
#2074=EDGE_CURVE('',#1544,#1621,#188,.T.);
#2075=EDGE_CURVE('',#1621,#1622,#1209,.T.);
#2076=EDGE_CURVE('',#1622,#1623,#189,.T.);
#2077=EDGE_CURVE('',#1624,#1623,#161,.T.);
#2078=EDGE_CURVE('',#1624,#1625,#190,.T.);
#2079=EDGE_CURVE('',#1625,#1626,#1210,.T.);
#2080=EDGE_CURVE('',#1626,#1536,#191,.T.);
#2081=EDGE_CURVE('',#1534,#1627,#192,.T.);
#2082=EDGE_CURVE('',#1627,#1628,#1211,.T.);
#2083=EDGE_CURVE('',#1628,#1629,#193,.T.);
#2084=EDGE_CURVE('',#1629,#1630,#162,.T.);
#2085=EDGE_CURVE('',#1630,#1631,#194,.T.);
#2086=EDGE_CURVE('',#1631,#1632,#1212,.T.);
#2087=EDGE_CURVE('',#1632,#1526,#195,.T.);
#2088=EDGE_CURVE('',#1525,#1633,#196,.T.);
#2089=EDGE_CURVE('',#1633,#1634,#1213,.T.);
#2090=EDGE_CURVE('',#1634,#1635,#197,.T.);
#2091=EDGE_CURVE('',#1635,#1636,#163,.T.);
#2092=EDGE_CURVE('',#1636,#1637,#198,.T.);
#2093=EDGE_CURVE('',#1637,#1638,#1214,.T.);
#2094=EDGE_CURVE('',#1638,#1639,#199,.T.);
#2095=EDGE_CURVE('',#1639,#1640,#164,.T.);
#2096=EDGE_CURVE('',#1640,#1641,#200,.T.);
#2097=EDGE_CURVE('',#1641,#1642,#138,.T.);
#2098=EDGE_CURVE('',#1642,#1643,#201,.T.);
#2099=EDGE_CURVE('',#1643,#1644,#165,.T.);
#2100=EDGE_CURVE('',#1644,#1645,#202,.T.);
#2101=EDGE_CURVE('',#1645,#1646,#1215,.T.);
#2102=EDGE_CURVE('',#1646,#1647,#203,.T.);
#2103=EDGE_CURVE('',#1647,#1648,#166,.T.);
#2104=EDGE_CURVE('',#1648,#1649,#204,.T.);
#2105=EDGE_CURVE('',#1649,#1650,#139,.T.);
#2106=EDGE_CURVE('',#1650,#1651,#205,.T.);
#2107=EDGE_CURVE('',#1651,#1652,#167,.T.);
#2108=EDGE_CURVE('',#1652,#1653,#206,.T.);
#2109=EDGE_CURVE('',#1653,#1654,#140,.T.);
#2110=EDGE_CURVE('',#1654,#1655,#207,.T.);
#2111=EDGE_CURVE('',#1655,#1656,#168,.T.);
#2112=EDGE_CURVE('',#1656,#1657,#208,.T.);
#2113=EDGE_CURVE('',#1657,#1658,#141,.T.);
#2114=EDGE_CURVE('',#1658,#1659,#209,.T.);
#2115=EDGE_CURVE('',#1659,#1660,#169,.T.);
#2116=EDGE_CURVE('',#1660,#1661,#210,.T.);
#2117=EDGE_CURVE('',#1661,#1662,#1216,.T.);
#2118=EDGE_CURVE('',#1662,#1485,#211,.T.);
#2119=EDGE_CURVE('',#1663,#1529,#212,.T.);
#2120=EDGE_CURVE('',#1664,#1663,#1217,.T.);
#2121=EDGE_CURVE('',#1664,#1530,#213,.T.);
#2122=EDGE_CURVE('',#1665,#1532,#214,.T.);
#2123=EDGE_CURVE('',#1666,#1665,#1218,.T.);
#2124=EDGE_CURVE('',#1533,#1666,#215,.T.);
#2125=EDGE_CURVE('',#1627,#1666,#1219,.T.);
#2126=EDGE_CURVE('',#1667,#1628,#1220,.T.);
#2127=EDGE_CURVE('',#1667,#1668,#216,.T.);
#2128=EDGE_CURVE('',#1629,#1668,#1221,.T.);
#2129=EDGE_CURVE('',#1631,#1667,#1222,.T.);
#2130=EDGE_CURVE('',#1668,#1630,#1223,.T.);
#2131=EDGE_CURVE('',#1669,#1632,#1224,.T.);
#2132=EDGE_CURVE('',#1669,#1527,#217,.T.);
#2133=EDGE_CURVE('',#1670,#1665,#1225,.T.);
#2134=EDGE_CURVE('',#1670,#1664,#1226,.T.);
#2135=EDGE_CURVE('',#1671,#1663,#1227,.T.);
#2136=EDGE_CURVE('',#1671,#1669,#1228,.T.);
#2137=EDGE_CURVE('',#1528,#1671,#218,.T.);
#2138=EDGE_CURVE('',#1531,#1670,#219,.T.);
#2139=EDGE_CURVE('',#1672,#1673,#1229,.T.);
#2140=EDGE_CURVE('',#1673,#1512,#220,.T.);
#2141=EDGE_CURVE('',#1511,#1672,#221,.T.);
#2142=EDGE_CURVE('',#1674,#1675,#1230,.T.);
#2143=EDGE_CURVE('',#1675,#1515,#222,.T.);
#2144=EDGE_CURVE('',#1514,#1674,#223,.T.);
#2145=EDGE_CURVE('',#1676,#1504,#224,.T.);
#2146=EDGE_CURVE('',#1503,#1677,#225,.T.);
#2147=EDGE_CURVE('',#1677,#1676,#1231,.T.);
#2148=EDGE_CURVE('',#1678,#1679,#1232,.T.);
#2149=EDGE_CURVE('',#1679,#1523,#226,.T.);
#2150=EDGE_CURVE('',#1522,#1678,#227,.T.);
#2151=EDGE_CURVE('',#1680,#1519,#228,.T.);
#2152=EDGE_CURVE('',#1518,#1681,#229,.T.);
#2153=EDGE_CURVE('',#1681,#1680,#1233,.T.);
#2154=EDGE_CURVE('',#1682,#1507,#230,.T.);
#2155=EDGE_CURVE('',#1506,#1683,#231,.T.);
#2156=EDGE_CURVE('',#1683,#1682,#1234,.T.);
#2157=EDGE_CURVE('',#1510,#1684,#232,.T.);
#2158=EDGE_CURVE('',#1672,#1684,#1235,.T.);
#2159=EDGE_CURVE('',#1685,#1513,#233,.T.);
#2160=EDGE_CURVE('',#1674,#1685,#1236,.T.);
#2161=EDGE_CURVE('',#1502,#1686,#234,.T.);
#2162=EDGE_CURVE('',#1677,#1686,#1237,.T.);
#2163=EDGE_CURVE('',#1687,#1521,#235,.T.);
#2164=EDGE_CURVE('',#1678,#1687,#1238,.T.);
#2165=EDGE_CURVE('',#1687,#1688,#1239,.T.);
#2166=EDGE_CURVE('',#1689,#1688,#1240,.T.);
#2167=EDGE_CURVE('',#1689,#1690,#1241,.T.);
#2168=EDGE_CURVE('',#1690,#1691,#1242,.T.);
#2169=EDGE_CURVE('',#1692,#1691,#1243,.T.);
#2170=EDGE_CURVE('',#1692,#1693,#1244,.T.);
#2171=EDGE_CURVE('',#1693,#1634,#1245,.T.);
#2172=EDGE_CURVE('',#1633,#1694,#1246,.T.);
#2173=EDGE_CURVE('',#1694,#1679,#1247,.T.);
#2174=EDGE_CURVE('',#1695,#1517,#236,.T.);
#2175=EDGE_CURVE('',#1696,#1695,#40,.T.);
#2176=EDGE_CURVE('',#1681,#1696,#1248,.T.);
#2177=EDGE_CURVE('',#1697,#1696,#1249,.T.);
#2178=EDGE_CURVE('',#1697,#1680,#1250,.T.);
#2179=EDGE_CURVE('',#1698,#1505,#237,.T.);
#2180=EDGE_CURVE('',#1683,#1698,#1251,.T.);
#2181=EDGE_CURVE('',#1686,#1699,#1252,.T.);
#2182=EDGE_CURVE('',#1700,#1699,#1253,.T.);
#2183=EDGE_CURVE('',#1700,#1701,#1254,.T.);
#2184=EDGE_CURVE('',#1701,#1702,#1255,.T.);
#2185=EDGE_CURVE('',#1703,#1702,#1256,.T.);
#2186=EDGE_CURVE('',#1703,#1704,#1257,.T.);
#2187=EDGE_CURVE('',#1704,#1682,#1258,.T.);
#2188=EDGE_CURVE('',#1698,#1676,#1259,.T.);
#2189=EDGE_CURVE('',#1705,#1706,#41,.T.);
#2190=EDGE_CURVE('',#1706,#1707,#1260,.T.);
#2191=EDGE_CURVE('',#1707,#1708,#42,.T.);
#2192=EDGE_CURVE('',#1708,#1709,#43,.T.);
#2193=EDGE_CURVE('',#1709,#1710,#1261,.T.);
#2194=EDGE_CURVE('',#1710,#1711,#44,.T.);
#2195=EDGE_CURVE('',#1711,#1712,#45,.T.);
#2196=EDGE_CURVE('',#1712,#1713,#1262,.T.);
#2197=EDGE_CURVE('',#1713,#1714,#46,.T.);
#2198=EDGE_CURVE('',#1714,#1715,#47,.T.);
#2199=EDGE_CURVE('',#1715,#1716,#1263,.T.);
#2200=EDGE_CURVE('',#1716,#1705,#48,.T.);
#2201=EDGE_CURVE('',#1717,#1718,#49,.T.);
#2202=EDGE_CURVE('',#1718,#1719,#50,.T.);
#2203=EDGE_CURVE('',#1719,#1720,#1264,.T.);
#2204=EDGE_CURVE('',#1720,#1721,#51,.T.);
#2205=EDGE_CURVE('',#1721,#1722,#52,.T.);
#2206=EDGE_CURVE('',#1722,#1723,#1265,.T.);
#2207=EDGE_CURVE('',#1723,#1724,#53,.T.);
#2208=EDGE_CURVE('',#1724,#1697,#54,.T.);
#2209=EDGE_CURVE('',#1695,#1725,#55,.T.);
#2210=EDGE_CURVE('',#1717,#1725,#142,.T.);
#2211=EDGE_CURVE('',#1641,#1726,#56,.T.);
#2212=EDGE_CURVE('',#1726,#1727,#1266,.T.);
#2213=EDGE_CURVE('',#1727,#1642,#57,.T.);
#2214=EDGE_CURVE('',#1728,#1717,#238,.T.);
#2215=EDGE_CURVE('',#1725,#1729,#239,.T.);
#2216=EDGE_CURVE('',#1729,#1728,#1267,.T.);
#2217=EDGE_CURVE('',#1688,#1730,#58,.T.);
#2218=EDGE_CURVE('',#1730,#1731,#1268,.T.);
#2219=EDGE_CURVE('',#1731,#1689,#59,.T.);
#2220=EDGE_CURVE('',#1732,#1692,#60,.T.);
#2221=EDGE_CURVE('',#1691,#1733,#61,.T.);
#2222=EDGE_CURVE('',#1733,#1732,#1269,.T.);
#2223=EDGE_CURVE('',#1714,#1734,#240,.T.);
#2224=EDGE_CURVE('',#1735,#1734,#1270,.T.);
#2225=EDGE_CURVE('',#1736,#1735,#241,.T.);
#2226=EDGE_CURVE('',#1737,#1736,#62,.T.);
#2227=EDGE_CURVE('',#1715,#1737,#1271,.T.);
#2228=EDGE_CURVE('',#1738,#1716,#1272,.T.);
#2229=EDGE_CURVE('',#1739,#1738,#63,.T.);
#2230=EDGE_CURVE('',#1739,#1740,#242,.T.);
#2231=EDGE_CURVE('',#1741,#1740,#1273,.T.);
#2232=EDGE_CURVE('',#1741,#1705,#243,.T.);
#2233=EDGE_CURVE('',#1719,#1713,#1274,.T.);
#2234=EDGE_CURVE('',#1742,#1718,#244,.T.);
#2235=EDGE_CURVE('',#1734,#1742,#1275,.T.);
#2236=EDGE_CURVE('',#1743,#1711,#245,.T.);
#2237=EDGE_CURVE('',#1744,#1743,#1276,.T.);
#2238=EDGE_CURVE('',#1721,#1744,#246,.T.);
#2239=EDGE_CURVE('',#1712,#1720,#1277,.T.);
#2240=EDGE_CURVE('',#1520,#1724,#247,.T.);
#2241=EDGE_CURVE('',#1690,#1745,#248,.T.);
#2242=EDGE_CURVE('',#1639,#1745,#1278,.T.);
#2243=EDGE_CURVE('',#1733,#1638,#1279,.T.);
#2244=EDGE_CURVE('',#1745,#1744,#1280,.T.);
#2245=EDGE_CURVE('',#1722,#1731,#1281,.T.);
#2246=EDGE_CURVE('',#1637,#1732,#1282,.T.);
#2247=EDGE_CURVE('',#1730,#1723,#1283,.T.);
#2248=EDGE_CURVE('',#1684,#1746,#1284,.T.);
#2249=EDGE_CURVE('',#1747,#1746,#1285,.T.);
#2250=EDGE_CURVE('',#1747,#1748,#1286,.T.);
#2251=EDGE_CURVE('',#1748,#1728,#1287,.T.);
#2252=EDGE_CURVE('',#1729,#1749,#1288,.T.);
#2253=EDGE_CURVE('',#1749,#1675,#1289,.T.);
#2254=EDGE_CURVE('',#1685,#1673,#1290,.T.);
#2255=EDGE_CURVE('',#1738,#1737,#1291,.T.);
#2256=EDGE_CURVE('',#1706,#1646,#1292,.T.);
#2257=EDGE_CURVE('',#1645,#1707,#1293,.T.);
#2258=EDGE_CURVE('',#1709,#1727,#1294,.T.);
#2259=EDGE_CURVE('',#1726,#1710,#1295,.T.);
#2260=EDGE_CURVE('',#1702,#1750,#64,.T.);
#2261=EDGE_CURVE('',#1701,#1499,#249,.T.);
#2262=EDGE_CURVE('',#1498,#1750,#250,.T.);
#2263=EDGE_CURVE('',#1751,#1752,#65,.T.);
#2264=EDGE_CURVE('',#1751,#1497,#251,.T.);
#2265=EDGE_CURVE('',#1753,#1496,#252,.T.);
#2266=EDGE_CURVE('',#1752,#1753,#1296,.T.);
#2267=EDGE_CURVE('',#1748,#1754,#253,.T.);
#2268=EDGE_CURVE('',#1742,#1754,#1297,.T.);
#2269=EDGE_CURVE('',#1708,#1755,#254,.T.);
#2270=EDGE_CURVE('',#1643,#1755,#1298,.T.);
#2271=EDGE_CURVE('',#1755,#1644,#1299,.T.);
#2272=EDGE_CURVE('',#1743,#1640,#1300,.T.);
#2273=EDGE_CURVE('',#1647,#1741,#1301,.T.);
#2274=EDGE_CURVE('',#1756,#1757,#66,.T.);
#2275=EDGE_CURVE('',#1758,#1756,#255,.T.);
#2276=EDGE_CURVE('',#1759,#1758,#1302,.T.);
#2277=EDGE_CURVE('',#1649,#1759,#67,.T.);
#2278=EDGE_CURVE('',#1760,#1648,#1303,.T.);
#2279=EDGE_CURVE('',#1757,#1760,#256,.T.);
#2280=EDGE_CURVE('',#1761,#1636,#1304,.T.);
#2281=EDGE_CURVE('',#1693,#1761,#257,.T.);
#2282=EDGE_CURVE('',#1635,#1761,#1305,.T.);
#2283=EDGE_CURVE('',#1524,#1694,#258,.T.);
#2284=EDGE_CURVE('',#1762,#1654,#68,.T.);
#2285=EDGE_CURVE('',#1763,#1762,#259,.T.);
#2286=EDGE_CURVE('',#1655,#1763,#1306,.T.);
#2287=EDGE_CURVE('',#1764,#1762,#69,.T.);
#2288=EDGE_CURVE('',#1765,#1764,#1307,.T.);
#2289=EDGE_CURVE('',#1765,#1766,#260,.T.);
#2290=EDGE_CURVE('',#1763,#1766,#1308,.T.);
#2291=EDGE_CURVE('',#1767,#1768,#70,.T.);
#2292=EDGE_CURVE('',#1769,#1767,#1309,.T.);
#2293=EDGE_CURVE('',#1769,#1770,#261,.T.);
#2294=EDGE_CURVE('',#1766,#1770,#1310,.T.);
#2295=EDGE_CURVE('',#1768,#1765,#1311,.T.);
#2296=EDGE_CURVE('',#1657,#1771,#71,.T.);
#2297=EDGE_CURVE('',#1770,#1656,#1312,.T.);
#2298=EDGE_CURVE('',#1771,#1769,#1313,.T.);
#2299=EDGE_CURVE('',#1661,#1772,#1314,.T.);
#2300=EDGE_CURVE('',#1773,#1660,#1315,.T.);
#2301=EDGE_CURVE('',#1772,#1773,#262,.T.);
#2302=EDGE_CURVE('',#1774,#1662,#1316,.T.);
#2303=EDGE_CURVE('',#1486,#1774,#263,.T.);
#2304=EDGE_CURVE('',#1487,#1774,#1317,.T.);
#2305=EDGE_CURVE('',#1775,#1488,#1318,.T.);
#2306=EDGE_CURVE('',#1775,#1489,#264,.T.);
#2307=EDGE_CURVE('',#1491,#1776,#72,.T.);
#2308=EDGE_CURVE('',#1490,#1777,#265,.T.);
#2309=EDGE_CURVE('',#1776,#1777,#1319,.T.);
#2310=EDGE_CURVE('',#1494,#1778,#73,.T.);
#2311=EDGE_CURVE('',#1779,#1493,#266,.T.);
#2312=EDGE_CURVE('',#1778,#1779,#1320,.T.);
#2313=EDGE_CURVE('',#1704,#1508,#267,.T.);
#2314=EDGE_CURVE('',#1516,#1749,#268,.T.);
#2315=EDGE_CURVE('',#1780,#1781,#1321,.T.);
#2316=EDGE_CURVE('',#1780,#1782,#1322,.T.);
#2317=EDGE_CURVE('',#1759,#1782,#1323,.T.);
#2318=EDGE_CURVE('',#1758,#1783,#1324,.T.);
#2319=EDGE_CURVE('',#1784,#1783,#1325,.T.);
#2320=EDGE_CURVE('',#1784,#1781,#1326,.T.);
#2321=EDGE_CURVE('',#1781,#1751,#74,.T.);
#2322=EDGE_CURVE('',#1750,#1784,#75,.T.);
#2323=EDGE_CURVE('',#1785,#1703,#76,.T.);
#2324=EDGE_CURVE('',#1785,#1509,#269,.T.);
#2325=EDGE_CURVE('',#1746,#1785,#77,.T.);
#2326=EDGE_CURVE('',#1757,#1756,#78,.T.);
#2327=EDGE_CURVE('',#1740,#1760,#1327,.T.);
#2328=EDGE_CURVE('',#1783,#1739,#79,.T.);
#2329=EDGE_CURVE('',#1736,#1747,#80,.T.);
#2330=EDGE_CURVE('',#1754,#1735,#1328,.T.);
#2331=EDGE_CURVE('',#1786,#1780,#81,.T.);
#2332=EDGE_CURVE('',#1786,#1787,#270,.T.);
#2333=EDGE_CURVE('',#1651,#1787,#1329,.T.);
#2334=EDGE_CURVE('',#1782,#1650,#82,.T.);
#2335=EDGE_CURVE('',#1699,#1501,#271,.T.);
#2336=EDGE_CURVE('',#1788,#1495,#83,.T.);
#2337=EDGE_CURVE('',#1753,#1788,#1330,.T.);
#2338=EDGE_CURVE('',#1500,#1700,#272,.T.);
#2339=EDGE_CURVE('',#1653,#1786,#84,.T.);
#2340=EDGE_CURVE('',#1787,#1652,#1331,.T.);
#2341=EDGE_CURVE('',#1778,#1788,#1332,.T.);
#2342=EDGE_CURVE('',#1752,#1764,#1333,.T.);
#2343=EDGE_CURVE('',#1789,#1658,#85,.T.);
#2344=EDGE_CURVE('',#1772,#1789,#1334,.T.);
#2345=EDGE_CURVE('',#1659,#1773,#1335,.T.);
#2346=EDGE_CURVE('',#1768,#1790,#1336,.T.);
#2347=EDGE_CURVE('',#1779,#1791,#1337,.T.);
#2348=EDGE_CURVE('',#1776,#1791,#1338,.T.);
#2349=EDGE_CURVE('',#1777,#1790,#1339,.T.);
#2350=EDGE_CURVE('',#1792,#1767,#1340,.T.);
#2351=EDGE_CURVE('',#1792,#1775,#1341,.T.);
#2352=EDGE_CURVE('',#1771,#1789,#1342,.T.);
#2353=EDGE_CURVE('',#1791,#1492,#86,.T.);
#2354=EDGE_CURVE('',#1790,#1792,#87,.T.);
#2355=EDGE_CURVE('',#1587,#1793,#88,.T.);
#2356=EDGE_CURVE('',#1793,#1794,#1343,.T.);
#2357=EDGE_CURVE('',#1794,#1586,#89,.T.);
#2358=EDGE_CURVE('',#1793,#1589,#1344,.T.);
#2359=EDGE_CURVE('',#1588,#1794,#1345,.T.);
#2360=EDGE_CURVE('',#1795,#1542,#273,.T.);
#2361=EDGE_CURVE('',#1796,#1795,#1346,.T.);
#2362=EDGE_CURVE('',#1543,#1796,#274,.T.);
#2363=EDGE_CURVE('',#1621,#1796,#1347,.T.);
#2364=EDGE_CURVE('',#1625,#1797,#1348,.T.);
#2365=EDGE_CURVE('',#1798,#1624,#1349,.T.);
#2366=EDGE_CURVE('',#1798,#1797,#275,.T.);
#2367=EDGE_CURVE('',#1797,#1622,#1350,.T.);
#2368=EDGE_CURVE('',#1623,#1798,#1351,.T.);
#2369=EDGE_CURVE('',#1799,#1539,#276,.T.);
#2370=EDGE_CURVE('',#1800,#1799,#1352,.T.);
#2371=EDGE_CURVE('',#1540,#1800,#277,.T.);
#2372=EDGE_CURVE('',#1801,#1626,#1353,.T.);
#2373=EDGE_CURVE('',#1801,#1537,#278,.T.);
#2374=EDGE_CURVE('',#1802,#1799,#1354,.T.);
#2375=EDGE_CURVE('',#1802,#1801,#1355,.T.);
#2376=EDGE_CURVE('',#1803,#1795,#1356,.T.);
#2377=EDGE_CURVE('',#1803,#1800,#1357,.T.);
#2378=EDGE_CURVE('',#1541,#1803,#279,.T.);
#2379=EDGE_CURVE('',#1538,#1802,#280,.T.);
#2380=EDGE_CURVE('',#1558,#1804,#281,.T.);
#2381=EDGE_CURVE('',#1804,#1805,#1358,.T.);
#2382=EDGE_CURVE('',#1805,#1559,#282,.T.);
#2383=EDGE_CURVE('',#1806,#1807,#1359,.T.);
#2384=EDGE_CURVE('',#1807,#1556,#283,.T.);
#2385=EDGE_CURVE('',#1555,#1806,#284,.T.);
#2386=EDGE_CURVE('',#1566,#1808,#285,.T.);
#2387=EDGE_CURVE('',#1808,#1809,#1360,.T.);
#2388=EDGE_CURVE('',#1809,#1567,#286,.T.);
#2389=EDGE_CURVE('',#1810,#1811,#1361,.T.);
#2390=EDGE_CURVE('',#1811,#1548,#287,.T.);
#2391=EDGE_CURVE('',#1547,#1810,#288,.T.);
#2392=EDGE_CURVE('',#1812,#1813,#1362,.T.);
#2393=EDGE_CURVE('',#1813,#1552,#289,.T.);
#2394=EDGE_CURVE('',#1551,#1812,#290,.T.);
#2395=EDGE_CURVE('',#1563,#1814,#291,.T.);
#2396=EDGE_CURVE('',#1814,#1815,#1363,.T.);
#2397=EDGE_CURVE('',#1815,#1564,#292,.T.);
#2398=EDGE_CURVE('',#1816,#1805,#1364,.T.);
#2399=EDGE_CURVE('',#1816,#1560,#293,.T.);
#2400=EDGE_CURVE('',#1817,#1554,#294,.T.);
#2401=EDGE_CURVE('',#1806,#1817,#1365,.T.);
#2402=EDGE_CURVE('',#1804,#1818,#1366,.T.);
#2403=EDGE_CURVE('',#1818,#1807,#1367,.T.);
#2404=EDGE_CURVE('',#1817,#1819,#1368,.T.);
#2405=EDGE_CURVE('',#1820,#1819,#1369,.T.);
#2406=EDGE_CURVE('',#1820,#1821,#1370,.T.);
#2407=EDGE_CURVE('',#1821,#1822,#1371,.T.);
#2408=EDGE_CURVE('',#1823,#1822,#1372,.T.);
#2409=EDGE_CURVE('',#1823,#1816,#1373,.T.);
#2410=EDGE_CURVE('',#1824,#1809,#1374,.T.);
#2411=EDGE_CURVE('',#1824,#1568,#295,.T.);
#2412=EDGE_CURVE('',#1825,#1546,#296,.T.);
#2413=EDGE_CURVE('',#1810,#1825,#1375,.T.);
#2414=EDGE_CURVE('',#1825,#1620,#1376,.T.);
#2415=EDGE_CURVE('',#1619,#1826,#1377,.T.);
#2416=EDGE_CURVE('',#1826,#1827,#1378,.T.);
#2417=EDGE_CURVE('',#1828,#1827,#1379,.T.);
#2418=EDGE_CURVE('',#1828,#1829,#1380,.T.);
#2419=EDGE_CURVE('',#1829,#1830,#1381,.T.);
#2420=EDGE_CURVE('',#1831,#1830,#1382,.T.);
#2421=EDGE_CURVE('',#1831,#1832,#1383,.T.);
#2422=EDGE_CURVE('',#1832,#1811,#1384,.T.);
#2423=EDGE_CURVE('',#1833,#1550,#297,.T.);
#2424=EDGE_CURVE('',#1834,#1833,#90,.T.);
#2425=EDGE_CURVE('',#1812,#1834,#1385,.T.);
#2426=EDGE_CURVE('',#1808,#1835,#1386,.T.);
#2427=EDGE_CURVE('',#1835,#1815,#1387,.T.);
#2428=EDGE_CURVE('',#1814,#1836,#1388,.T.);
#2429=EDGE_CURVE('',#1836,#1837,#1389,.T.);
#2430=EDGE_CURVE('',#1838,#1837,#1390,.T.);
#2431=EDGE_CURVE('',#1838,#1839,#1391,.T.);
#2432=EDGE_CURVE('',#1839,#1840,#1392,.T.);
#2433=EDGE_CURVE('',#1841,#1840,#1393,.T.);
#2434=EDGE_CURVE('',#1841,#1824,#1394,.T.);
#2435=EDGE_CURVE('',#1565,#1835,#298,.T.);
#2436=EDGE_CURVE('',#1842,#1843,#1395,.T.);
#2437=EDGE_CURVE('',#1843,#1844,#91,.T.);
#2438=EDGE_CURVE('',#1844,#1845,#92,.T.);
#2439=EDGE_CURVE('',#1845,#1846,#1396,.T.);
#2440=EDGE_CURVE('',#1846,#1847,#93,.T.);
#2441=EDGE_CURVE('',#1847,#1848,#94,.T.);
#2442=EDGE_CURVE('',#1848,#1849,#1397,.T.);
#2443=EDGE_CURVE('',#1849,#1850,#95,.T.);
#2444=EDGE_CURVE('',#1850,#1851,#96,.T.);
#2445=EDGE_CURVE('',#1851,#1852,#1398,.T.);
#2446=EDGE_CURVE('',#1852,#1853,#97,.T.);
#2447=EDGE_CURVE('',#1853,#1842,#98,.T.);
#2448=EDGE_CURVE('',#1854,#1855,#99,.T.);
#2449=EDGE_CURVE('',#1855,#1856,#100,.T.);
#2450=EDGE_CURVE('',#1856,#1834,#1399,.T.);
#2451=EDGE_CURVE('',#1833,#1857,#101,.T.);
#2452=EDGE_CURVE('',#1857,#1858,#1400,.T.);
#2453=EDGE_CURVE('',#1858,#1859,#102,.T.);
#2454=EDGE_CURVE('',#1859,#1860,#103,.T.);
#2455=EDGE_CURVE('',#1860,#1861,#1401,.T.);
#2456=EDGE_CURVE('',#1861,#1862,#104,.T.);
#2457=EDGE_CURVE('',#1862,#1863,#105,.T.);
#2458=EDGE_CURVE('',#1854,#1863,#143,.T.);
#2459=EDGE_CURVE('',#1611,#1864,#106,.T.);
#2460=EDGE_CURVE('',#1864,#1865,#1402,.T.);
#2461=EDGE_CURVE('',#1865,#1612,#107,.T.);
#2462=EDGE_CURVE('',#1819,#1854,#299,.T.);
#2463=EDGE_CURVE('',#1863,#1820,#300,.T.);
#2464=EDGE_CURVE('',#1827,#1866,#108,.T.);
#2465=EDGE_CURVE('',#1866,#1867,#1403,.T.);
#2466=EDGE_CURVE('',#1867,#1828,#109,.T.);
#2467=EDGE_CURVE('',#1830,#1868,#110,.T.);
#2468=EDGE_CURVE('',#1868,#1869,#1404,.T.);
#2469=EDGE_CURVE('',#1869,#1831,#111,.T.);
#2470=EDGE_CURVE('',#1870,#1849,#1405,.T.);
#2471=EDGE_CURVE('',#1871,#1870,#112,.T.);
#2472=EDGE_CURVE('',#1872,#1871,#301,.T.);
#2473=EDGE_CURVE('',#1873,#1872,#1406,.T.);
#2474=EDGE_CURVE('',#1873,#1850,#302,.T.);
#2475=EDGE_CURVE('',#1853,#1874,#303,.T.);
#2476=EDGE_CURVE('',#1613,#1874,#1407,.T.);
#2477=EDGE_CURVE('',#1842,#1865,#1408,.T.);
#2478=EDGE_CURVE('',#1860,#1852,#1409,.T.);
#2479=EDGE_CURVE('',#1875,#1859,#304,.T.);
#2480=EDGE_CURVE('',#1874,#1875,#1410,.T.);
#2481=EDGE_CURVE('',#1876,#1873,#1411,.T.);
#2482=EDGE_CURVE('',#1862,#1876,#305,.T.);
#2483=EDGE_CURVE('',#1851,#1861,#1412,.T.);
#2484=EDGE_CURVE('',#1877,#1876,#1413,.T.);
#2485=EDGE_CURVE('',#1877,#1821,#306,.T.);
#2486=EDGE_CURVE('',#1868,#1858,#1414,.T.);
#2487=EDGE_CURVE('',#1878,#1829,#307,.T.);
#2488=EDGE_CURVE('',#1875,#1878,#1415,.T.);
#2489=EDGE_CURVE('',#1615,#1867,#1416,.T.);
#2490=EDGE_CURVE('',#1878,#1614,#1417,.T.);
#2491=EDGE_CURVE('',#1866,#1616,#1418,.T.);
#2492=EDGE_CURVE('',#1857,#1869,#1419,.T.);
#2493=EDGE_CURVE('',#1856,#1813,#1420,.T.);
#2494=EDGE_CURVE('',#1864,#1843,#1421,.T.);
#2495=EDGE_CURVE('',#1848,#1879,#1422,.T.);
#2496=EDGE_CURVE('',#1870,#1879,#1423,.T.);
#2497=EDGE_CURVE('',#1845,#1608,#1424,.T.);
#2498=EDGE_CURVE('',#1607,#1846,#1425,.T.);
#2499=EDGE_CURVE('',#1880,#1881,#1426,.T.);
#2500=EDGE_CURVE('',#1881,#1882,#113,.T.);
#2501=EDGE_CURVE('',#1882,#1883,#1427,.T.);
#2502=EDGE_CURVE('',#1883,#1880,#114,.T.);
#2503=EDGE_CURVE('',#1595,#1884,#115,.T.);
#2504=EDGE_CURVE('',#1884,#1885,#1428,.T.);
#2505=EDGE_CURVE('',#1885,#1596,#116,.T.);
#2506=EDGE_CURVE('',#1886,#1887,#1429,.T.);
#2507=EDGE_CURVE('',#1887,#1888,#117,.T.);
#2508=EDGE_CURVE('',#1888,#1889,#1430,.T.);
#2509=EDGE_CURVE('',#1889,#1886,#118,.T.);
#2510=EDGE_CURVE('',#1578,#1889,#1431,.T.);
#2511=EDGE_CURVE('',#1577,#1890,#308,.T.);
#2512=EDGE_CURVE('',#1886,#1890,#1432,.T.);
#2513=EDGE_CURVE('',#1891,#1883,#1433,.T.);
#2514=EDGE_CURVE('',#1581,#1891,#309,.T.);
#2515=EDGE_CURVE('',#1892,#1580,#310,.T.);
#2516=EDGE_CURVE('',#1880,#1892,#1434,.T.);
#2517=EDGE_CURVE('',#1882,#1893,#1435,.T.);
#2518=EDGE_CURVE('',#1893,#1885,#1436,.T.);
#2519=EDGE_CURVE('',#1884,#1894,#1437,.T.);
#2520=EDGE_CURVE('',#1894,#1592,#1438,.T.);
#2521=EDGE_CURVE('',#1591,#1895,#1439,.T.);
#2522=EDGE_CURVE('',#1895,#1583,#1440,.T.);
#2523=EDGE_CURVE('',#1582,#1891,#1441,.T.);
#2524=EDGE_CURVE('',#1890,#1896,#1442,.T.);
#2525=EDGE_CURVE('',#1897,#1896,#1443,.T.);
#2526=EDGE_CURVE('',#1897,#1898,#1444,.T.);
#2527=EDGE_CURVE('',#1898,#1899,#1445,.T.);
#2528=EDGE_CURVE('',#1900,#1899,#1446,.T.);
#2529=EDGE_CURVE('',#1900,#1901,#1447,.T.);
#2530=EDGE_CURVE('',#1901,#1881,#1448,.T.);
#2531=EDGE_CURVE('',#1892,#1887,#1449,.T.);
#2532=EDGE_CURVE('',#1888,#1579,#1450,.T.);
#2533=EDGE_CURVE('',#1902,#1893,#311,.T.);
#2534=EDGE_CURVE('',#1597,#1902,#1451,.T.);
#2535=EDGE_CURVE('',#1599,#1903,#119,.T.);
#2536=EDGE_CURVE('',#1903,#1900,#120,.T.);
#2537=EDGE_CURVE('',#1899,#1904,#121,.T.);
#2538=EDGE_CURVE('',#1904,#1905,#1452,.T.);
#2539=EDGE_CURVE('',#1905,#1600,#122,.T.);
#2540=EDGE_CURVE('',#1575,#1897,#123,.T.);
#2541=EDGE_CURVE('',#1896,#1576,#124,.T.);
#2542=EDGE_CURVE('',#1569,#1841,#312,.T.);
#2543=EDGE_CURVE('',#1840,#1570,#313,.T.);
#2544=EDGE_CURVE('',#1603,#1906,#125,.T.);
#2545=EDGE_CURVE('',#1906,#1907,#1453,.T.);
#2546=EDGE_CURVE('',#1907,#1604,#126,.T.);
#2547=EDGE_CURVE('',#1879,#1908,#127,.T.);
#2548=EDGE_CURVE('',#1908,#1909,#128,.T.);
#2549=EDGE_CURVE('',#1909,#1910,#1454,.T.);
#2550=EDGE_CURVE('',#1910,#1911,#129,.T.);
#2551=EDGE_CURVE('',#1911,#1838,#130,.T.);
#2552=EDGE_CURVE('',#1837,#1912,#131,.T.);
#2553=EDGE_CURVE('',#1912,#1823,#132,.T.);
#2554=EDGE_CURVE('',#1822,#1871,#133,.T.);
#2555=EDGE_CURVE('',#1574,#1898,#314,.T.);
#2556=EDGE_CURVE('',#1573,#1913,#315,.T.);
#2557=EDGE_CURVE('',#1904,#1913,#1455,.T.);
#2558=EDGE_CURVE('',#1914,#1905,#1456,.T.);
#2559=EDGE_CURVE('',#1915,#1914,#316,.T.);
#2560=EDGE_CURVE('',#1601,#1915,#1457,.T.);
#2561=EDGE_CURVE('',#1571,#1839,#317,.T.);
#2562=EDGE_CURVE('',#1562,#1836,#318,.T.);
#2563=EDGE_CURVE('',#1561,#1912,#319,.T.);
#2564=EDGE_CURVE('',#1872,#1877,#1458,.T.);
#2565=EDGE_CURVE('',#1913,#1910,#1459,.T.);
#2566=EDGE_CURVE('',#1909,#1916,#1460,.T.);
#2567=EDGE_CURVE('',#1916,#1907,#1461,.T.);
#2568=EDGE_CURVE('',#1906,#1914,#1462,.T.);
#2569=EDGE_CURVE('',#1917,#1916,#320,.T.);
#2570=EDGE_CURVE('',#1605,#1917,#1463,.T.);
#2571=EDGE_CURVE('',#1911,#1572,#321,.T.);
#2572=EDGE_CURVE('',#1918,#1844,#322,.T.);
#2573=EDGE_CURVE('',#1609,#1918,#1464,.T.);
#2574=EDGE_CURVE('',#1919,#1606,#1465,.T.);
#2575=EDGE_CURVE('',#1847,#1919,#323,.T.);
#2576=EDGE_CURVE('',#1920,#1919,#1466,.T.);
#2577=EDGE_CURVE('',#1920,#1908,#324,.T.);
#2578=EDGE_CURVE('',#1917,#1920,#1467,.T.);
#2579=EDGE_CURVE('',#1915,#1602,#1468,.T.);
#2580=EDGE_CURVE('',#1921,#1598,#1469,.T.);
#2581=EDGE_CURVE('',#1903,#1921,#325,.T.);
#2582=EDGE_CURVE('',#1922,#1921,#1470,.T.);
#2583=EDGE_CURVE('',#1922,#1901,#326,.T.);
#2584=EDGE_CURVE('',#1902,#1922,#1471,.T.);
#2585=EDGE_CURVE('',#1923,#1594,#1472,.T.);
#2586=EDGE_CURVE('',#1923,#1894,#327,.T.);
#2587=EDGE_CURVE('',#1593,#1923,#1473,.T.);
#2588=EDGE_CURVE('',#1549,#1832,#328,.T.);
#2589=EDGE_CURVE('',#1553,#1855,#329,.T.);
#2590=EDGE_CURVE('',#1557,#1818,#330,.T.);
#2591=EDGE_CURVE('',#1924,#1826,#331,.T.);
#2592=EDGE_CURVE('',#1617,#1924,#1474,.T.);
#2593=EDGE_CURVE('',#1924,#1618,#1475,.T.);
#2594=EDGE_CURVE('',#1918,#1610,#1476,.T.);
#2595=EDGE_CURVE('',#1895,#1584,#332,.T.);
#2596=ORIENTED_EDGE('',*,*,#1925,.F.);
#2597=ORIENTED_EDGE('',*,*,#1926,.T.);
#2598=ORIENTED_EDGE('',*,*,#1927,.T.);
#2599=ORIENTED_EDGE('',*,*,#1926,.F.);
#2600=ORIENTED_EDGE('',*,*,#1928,.F.);
#2601=ORIENTED_EDGE('',*,*,#1929,.F.);
#2602=ORIENTED_EDGE('',*,*,#1928,.T.);
#2603=ORIENTED_EDGE('',*,*,#1925,.T.);
#2604=ORIENTED_EDGE('',*,*,#1930,.T.);
#2605=ORIENTED_EDGE('',*,*,#1931,.F.);
#2606=ORIENTED_EDGE('',*,*,#1932,.T.);
#2607=ORIENTED_EDGE('',*,*,#1933,.T.);
#2608=ORIENTED_EDGE('',*,*,#1934,.F.);
#2609=ORIENTED_EDGE('',*,*,#1935,.T.);
#2610=ORIENTED_EDGE('',*,*,#1936,.T.);
#2611=ORIENTED_EDGE('',*,*,#1937,.T.);
#2612=ORIENTED_EDGE('',*,*,#1938,.T.);
#2613=ORIENTED_EDGE('',*,*,#1939,.T.);
#2614=ORIENTED_EDGE('',*,*,#1940,.T.);
#2615=ORIENTED_EDGE('',*,*,#1941,.F.);
#2616=ORIENTED_EDGE('',*,*,#1942,.T.);
#2617=ORIENTED_EDGE('',*,*,#1943,.T.);
#2618=ORIENTED_EDGE('',*,*,#1944,.F.);
#2619=ORIENTED_EDGE('',*,*,#1945,.T.);
#2620=ORIENTED_EDGE('',*,*,#1946,.T.);
#2621=ORIENTED_EDGE('',*,*,#1947,.T.);
#2622=ORIENTED_EDGE('',*,*,#1948,.T.);
#2623=ORIENTED_EDGE('',*,*,#1949,.T.);
#2624=ORIENTED_EDGE('',*,*,#1950,.T.);
#2625=ORIENTED_EDGE('',*,*,#1951,.T.);
#2626=ORIENTED_EDGE('',*,*,#1952,.T.);
#2627=ORIENTED_EDGE('',*,*,#1953,.T.);
#2628=ORIENTED_EDGE('',*,*,#1954,.T.);
#2629=ORIENTED_EDGE('',*,*,#1955,.T.);
#2630=ORIENTED_EDGE('',*,*,#1956,.T.);
#2631=ORIENTED_EDGE('',*,*,#1957,.T.);
#2632=ORIENTED_EDGE('',*,*,#1958,.T.);
#2633=ORIENTED_EDGE('',*,*,#1959,.T.);
#2634=ORIENTED_EDGE('',*,*,#1960,.T.);
#2635=ORIENTED_EDGE('',*,*,#1961,.T.);
#2636=ORIENTED_EDGE('',*,*,#1962,.T.);
#2637=ORIENTED_EDGE('',*,*,#1963,.T.);
#2638=ORIENTED_EDGE('',*,*,#1964,.T.);
#2639=ORIENTED_EDGE('',*,*,#1965,.T.);
#2640=ORIENTED_EDGE('',*,*,#1966,.T.);
#2641=ORIENTED_EDGE('',*,*,#1967,.T.);
#2642=ORIENTED_EDGE('',*,*,#1968,.T.);
#2643=ORIENTED_EDGE('',*,*,#1969,.T.);
#2644=ORIENTED_EDGE('',*,*,#1970,.T.);
#2645=ORIENTED_EDGE('',*,*,#1971,.T.);
#2646=ORIENTED_EDGE('',*,*,#1972,.T.);
#2647=ORIENTED_EDGE('',*,*,#1973,.T.);
#2648=ORIENTED_EDGE('',*,*,#1974,.T.);
#2649=ORIENTED_EDGE('',*,*,#1975,.F.);
#2650=ORIENTED_EDGE('',*,*,#1976,.T.);
#2651=ORIENTED_EDGE('',*,*,#1977,.T.);
#2652=ORIENTED_EDGE('',*,*,#1978,.T.);
#2653=ORIENTED_EDGE('',*,*,#1979,.T.);
#2654=ORIENTED_EDGE('',*,*,#1980,.T.);
#2655=ORIENTED_EDGE('',*,*,#1981,.T.);
#2656=ORIENTED_EDGE('',*,*,#1982,.T.);
#2657=ORIENTED_EDGE('',*,*,#1983,.T.);
#2658=ORIENTED_EDGE('',*,*,#1984,.F.);
#2659=ORIENTED_EDGE('',*,*,#1985,.T.);
#2660=ORIENTED_EDGE('',*,*,#1986,.T.);
#2661=ORIENTED_EDGE('',*,*,#1987,.T.);
#2662=ORIENTED_EDGE('',*,*,#1988,.T.);
#2663=ORIENTED_EDGE('',*,*,#1989,.T.);
#2664=ORIENTED_EDGE('',*,*,#1990,.T.);
#2665=ORIENTED_EDGE('',*,*,#1991,.T.);
#2666=ORIENTED_EDGE('',*,*,#1992,.T.);
#2667=ORIENTED_EDGE('',*,*,#1993,.T.);
#2668=ORIENTED_EDGE('',*,*,#1994,.T.);
#2669=ORIENTED_EDGE('',*,*,#1995,.T.);
#2670=ORIENTED_EDGE('',*,*,#1996,.T.);
#2671=ORIENTED_EDGE('',*,*,#1997,.T.);
#2672=ORIENTED_EDGE('',*,*,#1998,.T.);
#2673=ORIENTED_EDGE('',*,*,#1999,.T.);
#2674=ORIENTED_EDGE('',*,*,#2000,.T.);
#2675=ORIENTED_EDGE('',*,*,#2001,.T.);
#2676=ORIENTED_EDGE('',*,*,#2002,.T.);
#2677=ORIENTED_EDGE('',*,*,#2003,.T.);
#2678=ORIENTED_EDGE('',*,*,#2004,.T.);
#2679=ORIENTED_EDGE('',*,*,#2005,.T.);
#2680=ORIENTED_EDGE('',*,*,#2006,.T.);
#2681=ORIENTED_EDGE('',*,*,#2007,.T.);
#2682=ORIENTED_EDGE('',*,*,#2008,.T.);
#2683=ORIENTED_EDGE('',*,*,#2009,.T.);
#2684=ORIENTED_EDGE('',*,*,#2010,.T.);
#2685=ORIENTED_EDGE('',*,*,#2011,.T.);
#2686=ORIENTED_EDGE('',*,*,#2012,.T.);
#2687=ORIENTED_EDGE('',*,*,#2013,.T.);
#2688=ORIENTED_EDGE('',*,*,#2014,.T.);
#2689=ORIENTED_EDGE('',*,*,#2015,.T.);
#2690=ORIENTED_EDGE('',*,*,#2016,.T.);
#2691=ORIENTED_EDGE('',*,*,#2017,.T.);
#2692=ORIENTED_EDGE('',*,*,#2018,.T.);
#2693=ORIENTED_EDGE('',*,*,#2019,.T.);
#2694=ORIENTED_EDGE('',*,*,#2020,.T.);
#2695=ORIENTED_EDGE('',*,*,#2021,.T.);
#2696=ORIENTED_EDGE('',*,*,#2022,.T.);
#2697=ORIENTED_EDGE('',*,*,#2023,.T.);
#2698=ORIENTED_EDGE('',*,*,#2024,.T.);
#2699=ORIENTED_EDGE('',*,*,#2025,.F.);
#2700=ORIENTED_EDGE('',*,*,#2026,.T.);
#2701=ORIENTED_EDGE('',*,*,#2027,.T.);
#2702=ORIENTED_EDGE('',*,*,#2028,.T.);
#2703=ORIENTED_EDGE('',*,*,#2029,.T.);
#2704=ORIENTED_EDGE('',*,*,#2030,.T.);
#2705=ORIENTED_EDGE('',*,*,#2031,.T.);
#2706=ORIENTED_EDGE('',*,*,#2032,.T.);
#2707=ORIENTED_EDGE('',*,*,#2033,.T.);
#2708=ORIENTED_EDGE('',*,*,#2034,.T.);
#2709=ORIENTED_EDGE('',*,*,#2035,.T.);
#2710=ORIENTED_EDGE('',*,*,#2036,.F.);
#2711=ORIENTED_EDGE('',*,*,#2037,.T.);
#2712=ORIENTED_EDGE('',*,*,#2038,.T.);
#2713=ORIENTED_EDGE('',*,*,#2039,.T.);
#2714=ORIENTED_EDGE('',*,*,#2040,.F.);
#2715=ORIENTED_EDGE('',*,*,#2041,.F.);
#2716=ORIENTED_EDGE('',*,*,#1933,.F.);
#2717=ORIENTED_EDGE('',*,*,#2040,.T.);
#2718=ORIENTED_EDGE('',*,*,#1932,.F.);
#2719=ORIENTED_EDGE('',*,*,#2042,.T.);
#2720=ORIENTED_EDGE('',*,*,#1929,.T.);
#2721=ORIENTED_EDGE('',*,*,#2035,.F.);
#2722=ORIENTED_EDGE('',*,*,#2043,.T.);
#2723=ORIENTED_EDGE('',*,*,#2044,.T.);
#2724=ORIENTED_EDGE('',*,*,#2045,.T.);
#2725=ORIENTED_EDGE('',*,*,#2046,.F.);
#2726=ORIENTED_EDGE('',*,*,#2047,.T.);
#2727=ORIENTED_EDGE('',*,*,#2048,.T.);
#2728=ORIENTED_EDGE('',*,*,#2049,.T.);
#2729=ORIENTED_EDGE('',*,*,#2050,.F.);
#2730=ORIENTED_EDGE('',*,*,#2051,.T.);
#2731=ORIENTED_EDGE('',*,*,#2052,.T.);
#2732=ORIENTED_EDGE('',*,*,#2053,.T.);
#2733=ORIENTED_EDGE('',*,*,#2054,.F.);
#2734=ORIENTED_EDGE('',*,*,#2055,.T.);
#2735=ORIENTED_EDGE('',*,*,#2056,.T.);
#2736=ORIENTED_EDGE('',*,*,#2057,.T.);
#2737=ORIENTED_EDGE('',*,*,#2058,.F.);
#2738=ORIENTED_EDGE('',*,*,#2059,.T.);
#2739=ORIENTED_EDGE('',*,*,#2060,.T.);
#2740=ORIENTED_EDGE('',*,*,#2061,.T.);
#2741=ORIENTED_EDGE('',*,*,#2062,.F.);
#2742=ORIENTED_EDGE('',*,*,#2063,.T.);
#2743=ORIENTED_EDGE('',*,*,#2064,.T.);
#2744=ORIENTED_EDGE('',*,*,#2065,.T.);
#2745=ORIENTED_EDGE('',*,*,#2066,.F.);
#2746=ORIENTED_EDGE('',*,*,#2067,.T.);
#2747=ORIENTED_EDGE('',*,*,#2068,.T.);
#2748=ORIENTED_EDGE('',*,*,#2069,.T.);
#2749=ORIENTED_EDGE('',*,*,#2070,.F.);
#2750=ORIENTED_EDGE('',*,*,#2071,.T.);
#2751=ORIENTED_EDGE('',*,*,#2072,.T.);
#2752=ORIENTED_EDGE('',*,*,#2073,.T.);
#2753=ORIENTED_EDGE('',*,*,#1994,.F.);
#2754=ORIENTED_EDGE('',*,*,#2074,.T.);
#2755=ORIENTED_EDGE('',*,*,#2075,.T.);
#2756=ORIENTED_EDGE('',*,*,#2076,.T.);
#2757=ORIENTED_EDGE('',*,*,#2077,.F.);
#2758=ORIENTED_EDGE('',*,*,#2078,.T.);
#2759=ORIENTED_EDGE('',*,*,#2079,.T.);
#2760=ORIENTED_EDGE('',*,*,#2080,.T.);
#2761=ORIENTED_EDGE('',*,*,#1985,.F.);
#2762=ORIENTED_EDGE('',*,*,#1984,.T.);
#2763=ORIENTED_EDGE('',*,*,#2081,.T.);
#2764=ORIENTED_EDGE('',*,*,#2082,.T.);
#2765=ORIENTED_EDGE('',*,*,#2083,.T.);
#2766=ORIENTED_EDGE('',*,*,#2084,.T.);
#2767=ORIENTED_EDGE('',*,*,#2085,.T.);
#2768=ORIENTED_EDGE('',*,*,#2086,.T.);
#2769=ORIENTED_EDGE('',*,*,#2087,.T.);
#2770=ORIENTED_EDGE('',*,*,#1975,.T.);
#2771=ORIENTED_EDGE('',*,*,#2088,.T.);
#2772=ORIENTED_EDGE('',*,*,#2089,.T.);
#2773=ORIENTED_EDGE('',*,*,#2090,.T.);
#2774=ORIENTED_EDGE('',*,*,#2091,.T.);
#2775=ORIENTED_EDGE('',*,*,#2092,.T.);
#2776=ORIENTED_EDGE('',*,*,#2093,.T.);
#2777=ORIENTED_EDGE('',*,*,#2094,.T.);
#2778=ORIENTED_EDGE('',*,*,#2095,.T.);
#2779=ORIENTED_EDGE('',*,*,#2096,.T.);
#2780=ORIENTED_EDGE('',*,*,#2097,.T.);
#2781=ORIENTED_EDGE('',*,*,#2098,.T.);
#2782=ORIENTED_EDGE('',*,*,#2099,.T.);
#2783=ORIENTED_EDGE('',*,*,#2100,.T.);
#2784=ORIENTED_EDGE('',*,*,#2101,.T.);
#2785=ORIENTED_EDGE('',*,*,#2102,.T.);
#2786=ORIENTED_EDGE('',*,*,#2103,.T.);
#2787=ORIENTED_EDGE('',*,*,#2104,.T.);
#2788=ORIENTED_EDGE('',*,*,#2105,.T.);
#2789=ORIENTED_EDGE('',*,*,#2106,.T.);
#2790=ORIENTED_EDGE('',*,*,#2107,.T.);
#2791=ORIENTED_EDGE('',*,*,#2108,.T.);
#2792=ORIENTED_EDGE('',*,*,#2109,.T.);
#2793=ORIENTED_EDGE('',*,*,#2110,.T.);
#2794=ORIENTED_EDGE('',*,*,#2111,.T.);
#2795=ORIENTED_EDGE('',*,*,#2112,.T.);
#2796=ORIENTED_EDGE('',*,*,#2113,.T.);
#2797=ORIENTED_EDGE('',*,*,#2114,.T.);
#2798=ORIENTED_EDGE('',*,*,#2115,.T.);
#2799=ORIENTED_EDGE('',*,*,#2116,.T.);
#2800=ORIENTED_EDGE('',*,*,#2117,.T.);
#2801=ORIENTED_EDGE('',*,*,#2118,.T.);
#2802=ORIENTED_EDGE('',*,*,#1934,.T.);
#2803=ORIENTED_EDGE('',*,*,#2041,.T.);
#2804=ORIENTED_EDGE('',*,*,#2042,.F.);
#2805=ORIENTED_EDGE('',*,*,#1931,.T.);
#2806=ORIENTED_EDGE('',*,*,#1930,.F.);
#2807=ORIENTED_EDGE('',*,*,#1927,.F.);
#2808=ORIENTED_EDGE('',*,*,#2119,.F.);
#2809=ORIENTED_EDGE('',*,*,#2120,.F.);
#2810=ORIENTED_EDGE('',*,*,#2121,.T.);
#2811=ORIENTED_EDGE('',*,*,#1979,.F.);
#2812=ORIENTED_EDGE('',*,*,#2122,.F.);
#2813=ORIENTED_EDGE('',*,*,#2123,.F.);
#2814=ORIENTED_EDGE('',*,*,#2124,.F.);
#2815=ORIENTED_EDGE('',*,*,#1982,.F.);
#2816=ORIENTED_EDGE('',*,*,#2125,.F.);
#2817=ORIENTED_EDGE('',*,*,#2081,.F.);
#2818=ORIENTED_EDGE('',*,*,#1983,.F.);
#2819=ORIENTED_EDGE('',*,*,#2124,.T.);
#2820=ORIENTED_EDGE('',*,*,#2126,.F.);
#2821=ORIENTED_EDGE('',*,*,#2127,.T.);
#2822=ORIENTED_EDGE('',*,*,#2128,.F.);
#2823=ORIENTED_EDGE('',*,*,#2083,.F.);
#2824=ORIENTED_EDGE('',*,*,#2129,.F.);
#2825=ORIENTED_EDGE('',*,*,#2085,.F.);
#2826=ORIENTED_EDGE('',*,*,#2130,.F.);
#2827=ORIENTED_EDGE('',*,*,#2127,.F.);
#2828=ORIENTED_EDGE('',*,*,#2131,.F.);
#2829=ORIENTED_EDGE('',*,*,#2132,.T.);
#2830=ORIENTED_EDGE('',*,*,#1976,.F.);
#2831=ORIENTED_EDGE('',*,*,#2087,.F.);
#2832=ORIENTED_EDGE('',*,*,#2133,.F.);
#2833=ORIENTED_EDGE('',*,*,#2134,.T.);
#2834=ORIENTED_EDGE('',*,*,#2120,.T.);
#2835=ORIENTED_EDGE('',*,*,#2135,.F.);
#2836=ORIENTED_EDGE('',*,*,#2136,.T.);
#2837=ORIENTED_EDGE('',*,*,#2131,.T.);
#2838=ORIENTED_EDGE('',*,*,#2086,.F.);
#2839=ORIENTED_EDGE('',*,*,#2129,.T.);
#2840=ORIENTED_EDGE('',*,*,#2126,.T.);
#2841=ORIENTED_EDGE('',*,*,#2082,.F.);
#2842=ORIENTED_EDGE('',*,*,#2125,.T.);
#2843=ORIENTED_EDGE('',*,*,#2123,.T.);
#2844=ORIENTED_EDGE('',*,*,#2137,.F.);
#2845=ORIENTED_EDGE('',*,*,#1977,.F.);
#2846=ORIENTED_EDGE('',*,*,#2132,.F.);
#2847=ORIENTED_EDGE('',*,*,#2136,.F.);
#2848=ORIENTED_EDGE('',*,*,#2138,.F.);
#2849=ORIENTED_EDGE('',*,*,#1980,.F.);
#2850=ORIENTED_EDGE('',*,*,#2121,.F.);
#2851=ORIENTED_EDGE('',*,*,#2134,.F.);
#2852=ORIENTED_EDGE('',*,*,#2135,.T.);
#2853=ORIENTED_EDGE('',*,*,#2119,.T.);
#2854=ORIENTED_EDGE('',*,*,#1978,.F.);
#2855=ORIENTED_EDGE('',*,*,#2137,.T.);
#2856=ORIENTED_EDGE('',*,*,#2133,.T.);
#2857=ORIENTED_EDGE('',*,*,#2122,.T.);
#2858=ORIENTED_EDGE('',*,*,#1981,.F.);
#2859=ORIENTED_EDGE('',*,*,#2138,.T.);
#2860=ORIENTED_EDGE('',*,*,#2139,.T.);
#2861=ORIENTED_EDGE('',*,*,#2140,.T.);
#2862=ORIENTED_EDGE('',*,*,#1961,.F.);
#2863=ORIENTED_EDGE('',*,*,#2141,.T.);
#2864=ORIENTED_EDGE('',*,*,#2142,.T.);
#2865=ORIENTED_EDGE('',*,*,#2143,.T.);
#2866=ORIENTED_EDGE('',*,*,#1964,.F.);
#2867=ORIENTED_EDGE('',*,*,#2144,.T.);
#2868=ORIENTED_EDGE('',*,*,#2145,.T.);
#2869=ORIENTED_EDGE('',*,*,#1953,.F.);
#2870=ORIENTED_EDGE('',*,*,#2146,.T.);
#2871=ORIENTED_EDGE('',*,*,#2147,.T.);
#2872=ORIENTED_EDGE('',*,*,#2148,.T.);
#2873=ORIENTED_EDGE('',*,*,#2149,.T.);
#2874=ORIENTED_EDGE('',*,*,#1972,.F.);
#2875=ORIENTED_EDGE('',*,*,#2150,.T.);
#2876=ORIENTED_EDGE('',*,*,#2151,.T.);
#2877=ORIENTED_EDGE('',*,*,#1968,.F.);
#2878=ORIENTED_EDGE('',*,*,#2152,.T.);
#2879=ORIENTED_EDGE('',*,*,#2153,.T.);
#2880=ORIENTED_EDGE('',*,*,#2154,.T.);
#2881=ORIENTED_EDGE('',*,*,#1956,.F.);
#2882=ORIENTED_EDGE('',*,*,#2155,.T.);
#2883=ORIENTED_EDGE('',*,*,#2156,.T.);
#2884=ORIENTED_EDGE('',*,*,#2141,.F.);
#2885=ORIENTED_EDGE('',*,*,#1960,.F.);
#2886=ORIENTED_EDGE('',*,*,#2157,.T.);
#2887=ORIENTED_EDGE('',*,*,#2158,.F.);
#2888=ORIENTED_EDGE('',*,*,#2144,.F.);
#2889=ORIENTED_EDGE('',*,*,#1963,.F.);
#2890=ORIENTED_EDGE('',*,*,#2159,.F.);
#2891=ORIENTED_EDGE('',*,*,#2160,.F.);
#2892=ORIENTED_EDGE('',*,*,#2146,.F.);
#2893=ORIENTED_EDGE('',*,*,#1952,.F.);
#2894=ORIENTED_EDGE('',*,*,#2161,.T.);
#2895=ORIENTED_EDGE('',*,*,#2162,.F.);
#2896=ORIENTED_EDGE('',*,*,#2150,.F.);
#2897=ORIENTED_EDGE('',*,*,#1971,.F.);
#2898=ORIENTED_EDGE('',*,*,#2163,.F.);
#2899=ORIENTED_EDGE('',*,*,#2164,.F.);
#2900=ORIENTED_EDGE('',*,*,#2148,.F.);
#2901=ORIENTED_EDGE('',*,*,#2164,.T.);
#2902=ORIENTED_EDGE('',*,*,#2165,.T.);
#2903=ORIENTED_EDGE('',*,*,#2166,.F.);
#2904=ORIENTED_EDGE('',*,*,#2167,.T.);
#2905=ORIENTED_EDGE('',*,*,#2168,.T.);
#2906=ORIENTED_EDGE('',*,*,#2169,.F.);
#2907=ORIENTED_EDGE('',*,*,#2170,.T.);
#2908=ORIENTED_EDGE('',*,*,#2171,.T.);
#2909=ORIENTED_EDGE('',*,*,#2089,.F.);
#2910=ORIENTED_EDGE('',*,*,#2172,.T.);
#2911=ORIENTED_EDGE('',*,*,#2173,.T.);
#2912=ORIENTED_EDGE('',*,*,#2152,.F.);
#2913=ORIENTED_EDGE('',*,*,#1967,.F.);
#2914=ORIENTED_EDGE('',*,*,#2174,.F.);
#2915=ORIENTED_EDGE('',*,*,#2175,.F.);
#2916=ORIENTED_EDGE('',*,*,#2176,.F.);
#2917=ORIENTED_EDGE('',*,*,#2153,.F.);
#2918=ORIENTED_EDGE('',*,*,#2176,.T.);
#2919=ORIENTED_EDGE('',*,*,#2177,.F.);
#2920=ORIENTED_EDGE('',*,*,#2178,.T.);
#2921=ORIENTED_EDGE('',*,*,#2155,.F.);
#2922=ORIENTED_EDGE('',*,*,#1955,.F.);
#2923=ORIENTED_EDGE('',*,*,#2179,.F.);
#2924=ORIENTED_EDGE('',*,*,#2180,.F.);
#2925=ORIENTED_EDGE('',*,*,#2147,.F.);
#2926=ORIENTED_EDGE('',*,*,#2162,.T.);
#2927=ORIENTED_EDGE('',*,*,#2181,.T.);
#2928=ORIENTED_EDGE('',*,*,#2182,.F.);
#2929=ORIENTED_EDGE('',*,*,#2183,.T.);
#2930=ORIENTED_EDGE('',*,*,#2184,.T.);
#2931=ORIENTED_EDGE('',*,*,#2185,.F.);
#2932=ORIENTED_EDGE('',*,*,#2186,.T.);
#2933=ORIENTED_EDGE('',*,*,#2187,.T.);
#2934=ORIENTED_EDGE('',*,*,#2156,.F.);
#2935=ORIENTED_EDGE('',*,*,#2180,.T.);
#2936=ORIENTED_EDGE('',*,*,#2188,.T.);
#2937=ORIENTED_EDGE('',*,*,#2189,.T.);
#2938=ORIENTED_EDGE('',*,*,#2190,.T.);
#2939=ORIENTED_EDGE('',*,*,#2191,.T.);
#2940=ORIENTED_EDGE('',*,*,#2192,.T.);
#2941=ORIENTED_EDGE('',*,*,#2193,.T.);
#2942=ORIENTED_EDGE('',*,*,#2194,.T.);
#2943=ORIENTED_EDGE('',*,*,#2195,.T.);
#2944=ORIENTED_EDGE('',*,*,#2196,.T.);
#2945=ORIENTED_EDGE('',*,*,#2197,.T.);
#2946=ORIENTED_EDGE('',*,*,#2198,.T.);
#2947=ORIENTED_EDGE('',*,*,#2199,.T.);
#2948=ORIENTED_EDGE('',*,*,#2200,.T.);
#2949=ORIENTED_EDGE('',*,*,#2201,.T.);
#2950=ORIENTED_EDGE('',*,*,#2202,.T.);
#2951=ORIENTED_EDGE('',*,*,#2203,.T.);
#2952=ORIENTED_EDGE('',*,*,#2204,.T.);
#2953=ORIENTED_EDGE('',*,*,#2205,.T.);
#2954=ORIENTED_EDGE('',*,*,#2206,.T.);
#2955=ORIENTED_EDGE('',*,*,#2207,.T.);
#2956=ORIENTED_EDGE('',*,*,#2208,.T.);
#2957=ORIENTED_EDGE('',*,*,#2177,.T.);
#2958=ORIENTED_EDGE('',*,*,#2175,.T.);
#2959=ORIENTED_EDGE('',*,*,#2209,.T.);
#2960=ORIENTED_EDGE('',*,*,#2210,.F.);
#2961=ORIENTED_EDGE('',*,*,#2211,.T.);
#2962=ORIENTED_EDGE('',*,*,#2212,.T.);
#2963=ORIENTED_EDGE('',*,*,#2213,.T.);
#2964=ORIENTED_EDGE('',*,*,#2097,.F.);
#2965=ORIENTED_EDGE('',*,*,#2214,.T.);
#2966=ORIENTED_EDGE('',*,*,#2210,.T.);
#2967=ORIENTED_EDGE('',*,*,#2215,.T.);
#2968=ORIENTED_EDGE('',*,*,#2216,.T.);
#2969=ORIENTED_EDGE('',*,*,#2217,.T.);
#2970=ORIENTED_EDGE('',*,*,#2218,.T.);
#2971=ORIENTED_EDGE('',*,*,#2219,.T.);
#2972=ORIENTED_EDGE('',*,*,#2166,.T.);
#2973=ORIENTED_EDGE('',*,*,#2220,.T.);
#2974=ORIENTED_EDGE('',*,*,#2169,.T.);
#2975=ORIENTED_EDGE('',*,*,#2221,.T.);
#2976=ORIENTED_EDGE('',*,*,#2222,.T.);
#2977=ORIENTED_EDGE('',*,*,#2198,.F.);
#2978=ORIENTED_EDGE('',*,*,#2223,.T.);
#2979=ORIENTED_EDGE('',*,*,#2224,.F.);
#2980=ORIENTED_EDGE('',*,*,#2225,.F.);
#2981=ORIENTED_EDGE('',*,*,#2226,.F.);
#2982=ORIENTED_EDGE('',*,*,#2227,.F.);
#2983=ORIENTED_EDGE('',*,*,#2200,.F.);
#2984=ORIENTED_EDGE('',*,*,#2228,.F.);
#2985=ORIENTED_EDGE('',*,*,#2229,.F.);
#2986=ORIENTED_EDGE('',*,*,#2230,.T.);
#2987=ORIENTED_EDGE('',*,*,#2231,.F.);
#2988=ORIENTED_EDGE('',*,*,#2232,.T.);
#2989=ORIENTED_EDGE('',*,*,#2197,.F.);
#2990=ORIENTED_EDGE('',*,*,#2233,.F.);
#2991=ORIENTED_EDGE('',*,*,#2202,.F.);
#2992=ORIENTED_EDGE('',*,*,#2234,.F.);
#2993=ORIENTED_EDGE('',*,*,#2235,.F.);
#2994=ORIENTED_EDGE('',*,*,#2223,.F.);
#2995=ORIENTED_EDGE('',*,*,#2195,.F.);
#2996=ORIENTED_EDGE('',*,*,#2236,.F.);
#2997=ORIENTED_EDGE('',*,*,#2237,.F.);
#2998=ORIENTED_EDGE('',*,*,#2238,.F.);
#2999=ORIENTED_EDGE('',*,*,#2204,.F.);
#3000=ORIENTED_EDGE('',*,*,#2239,.F.);
#3001=ORIENTED_EDGE('',*,*,#2151,.F.);
#3002=ORIENTED_EDGE('',*,*,#2178,.F.);
#3003=ORIENTED_EDGE('',*,*,#2208,.F.);
#3004=ORIENTED_EDGE('',*,*,#2240,.F.);
#3005=ORIENTED_EDGE('',*,*,#1969,.F.);
#3006=ORIENTED_EDGE('',*,*,#2221,.F.);
#3007=ORIENTED_EDGE('',*,*,#2168,.F.);
#3008=ORIENTED_EDGE('',*,*,#2241,.T.);
#3009=ORIENTED_EDGE('',*,*,#2242,.F.);
#3010=ORIENTED_EDGE('',*,*,#2094,.F.);
#3011=ORIENTED_EDGE('',*,*,#2243,.F.);
#3012=ORIENTED_EDGE('',*,*,#2205,.F.);
#3013=ORIENTED_EDGE('',*,*,#2238,.T.);
#3014=ORIENTED_EDGE('',*,*,#2244,.F.);
#3015=ORIENTED_EDGE('',*,*,#2241,.F.);
#3016=ORIENTED_EDGE('',*,*,#2167,.F.);
#3017=ORIENTED_EDGE('',*,*,#2219,.F.);
#3018=ORIENTED_EDGE('',*,*,#2245,.F.);
#3019=ORIENTED_EDGE('',*,*,#2222,.F.);
#3020=ORIENTED_EDGE('',*,*,#2243,.T.);
#3021=ORIENTED_EDGE('',*,*,#2093,.F.);
#3022=ORIENTED_EDGE('',*,*,#2246,.T.);
#3023=ORIENTED_EDGE('',*,*,#2206,.F.);
#3024=ORIENTED_EDGE('',*,*,#2245,.T.);
#3025=ORIENTED_EDGE('',*,*,#2218,.F.);
#3026=ORIENTED_EDGE('',*,*,#2247,.T.);
#3027=ORIENTED_EDGE('',*,*,#2139,.F.);
#3028=ORIENTED_EDGE('',*,*,#2158,.T.);
#3029=ORIENTED_EDGE('',*,*,#2248,.T.);
#3030=ORIENTED_EDGE('',*,*,#2249,.F.);
#3031=ORIENTED_EDGE('',*,*,#2250,.T.);
#3032=ORIENTED_EDGE('',*,*,#2251,.T.);
#3033=ORIENTED_EDGE('',*,*,#2216,.F.);
#3034=ORIENTED_EDGE('',*,*,#2252,.T.);
#3035=ORIENTED_EDGE('',*,*,#2253,.T.);
#3036=ORIENTED_EDGE('',*,*,#2142,.F.);
#3037=ORIENTED_EDGE('',*,*,#2160,.T.);
#3038=ORIENTED_EDGE('',*,*,#2254,.T.);
#3039=ORIENTED_EDGE('',*,*,#2199,.F.);
#3040=ORIENTED_EDGE('',*,*,#2227,.T.);
#3041=ORIENTED_EDGE('',*,*,#2255,.F.);
#3042=ORIENTED_EDGE('',*,*,#2228,.T.);
#3043=ORIENTED_EDGE('',*,*,#2190,.F.);
#3044=ORIENTED_EDGE('',*,*,#2256,.T.);
#3045=ORIENTED_EDGE('',*,*,#2101,.F.);
#3046=ORIENTED_EDGE('',*,*,#2257,.T.);
#3047=ORIENTED_EDGE('',*,*,#2196,.F.);
#3048=ORIENTED_EDGE('',*,*,#2239,.T.);
#3049=ORIENTED_EDGE('',*,*,#2203,.F.);
#3050=ORIENTED_EDGE('',*,*,#2233,.T.);
#3051=ORIENTED_EDGE('',*,*,#2193,.F.);
#3052=ORIENTED_EDGE('',*,*,#2258,.T.);
#3053=ORIENTED_EDGE('',*,*,#2212,.F.);
#3054=ORIENTED_EDGE('',*,*,#2259,.T.);
#3055=ORIENTED_EDGE('',*,*,#2207,.F.);
#3056=ORIENTED_EDGE('',*,*,#2247,.F.);
#3057=ORIENTED_EDGE('',*,*,#2217,.F.);
#3058=ORIENTED_EDGE('',*,*,#2165,.F.);
#3059=ORIENTED_EDGE('',*,*,#2163,.T.);
#3060=ORIENTED_EDGE('',*,*,#1970,.F.);
#3061=ORIENTED_EDGE('',*,*,#2240,.T.);
#3062=ORIENTED_EDGE('',*,*,#2260,.F.);
#3063=ORIENTED_EDGE('',*,*,#2184,.F.);
#3064=ORIENTED_EDGE('',*,*,#2261,.T.);
#3065=ORIENTED_EDGE('',*,*,#1948,.F.);
#3066=ORIENTED_EDGE('',*,*,#2262,.T.);
#3067=ORIENTED_EDGE('',*,*,#2263,.F.);
#3068=ORIENTED_EDGE('',*,*,#2264,.T.);
#3069=ORIENTED_EDGE('',*,*,#1946,.F.);
#3070=ORIENTED_EDGE('',*,*,#2265,.F.);
#3071=ORIENTED_EDGE('',*,*,#2266,.F.);
#3072=ORIENTED_EDGE('',*,*,#2201,.F.);
#3073=ORIENTED_EDGE('',*,*,#2214,.F.);
#3074=ORIENTED_EDGE('',*,*,#2251,.F.);
#3075=ORIENTED_EDGE('',*,*,#2267,.T.);
#3076=ORIENTED_EDGE('',*,*,#2268,.F.);
#3077=ORIENTED_EDGE('',*,*,#2234,.T.);
#3078=ORIENTED_EDGE('',*,*,#2192,.F.);
#3079=ORIENTED_EDGE('',*,*,#2269,.T.);
#3080=ORIENTED_EDGE('',*,*,#2270,.F.);
#3081=ORIENTED_EDGE('',*,*,#2098,.F.);
#3082=ORIENTED_EDGE('',*,*,#2213,.F.);
#3083=ORIENTED_EDGE('',*,*,#2258,.F.);
#3084=ORIENTED_EDGE('',*,*,#2191,.F.);
#3085=ORIENTED_EDGE('',*,*,#2257,.F.);
#3086=ORIENTED_EDGE('',*,*,#2100,.F.);
#3087=ORIENTED_EDGE('',*,*,#2271,.F.);
#3088=ORIENTED_EDGE('',*,*,#2269,.F.);
#3089=ORIENTED_EDGE('',*,*,#2194,.F.);
#3090=ORIENTED_EDGE('',*,*,#2259,.F.);
#3091=ORIENTED_EDGE('',*,*,#2211,.F.);
#3092=ORIENTED_EDGE('',*,*,#2096,.F.);
#3093=ORIENTED_EDGE('',*,*,#2272,.F.);
#3094=ORIENTED_EDGE('',*,*,#2236,.T.);
#3095=ORIENTED_EDGE('',*,*,#2189,.F.);
#3096=ORIENTED_EDGE('',*,*,#2232,.F.);
#3097=ORIENTED_EDGE('',*,*,#2273,.F.);
#3098=ORIENTED_EDGE('',*,*,#2102,.F.);
#3099=ORIENTED_EDGE('',*,*,#2256,.F.);
#3100=ORIENTED_EDGE('',*,*,#2274,.F.);
#3101=ORIENTED_EDGE('',*,*,#2275,.F.);
#3102=ORIENTED_EDGE('',*,*,#2276,.F.);
#3103=ORIENTED_EDGE('',*,*,#2277,.F.);
#3104=ORIENTED_EDGE('',*,*,#2104,.F.);
#3105=ORIENTED_EDGE('',*,*,#2278,.F.);
#3106=ORIENTED_EDGE('',*,*,#2279,.F.);
#3107=ORIENTED_EDGE('',*,*,#2220,.F.);
#3108=ORIENTED_EDGE('',*,*,#2246,.F.);
#3109=ORIENTED_EDGE('',*,*,#2092,.F.);
#3110=ORIENTED_EDGE('',*,*,#2280,.F.);
#3111=ORIENTED_EDGE('',*,*,#2281,.F.);
#3112=ORIENTED_EDGE('',*,*,#2170,.F.);
#3113=ORIENTED_EDGE('',*,*,#2171,.F.);
#3114=ORIENTED_EDGE('',*,*,#2281,.T.);
#3115=ORIENTED_EDGE('',*,*,#2282,.F.);
#3116=ORIENTED_EDGE('',*,*,#2090,.F.);
#3117=ORIENTED_EDGE('',*,*,#2172,.F.);
#3118=ORIENTED_EDGE('',*,*,#2088,.F.);
#3119=ORIENTED_EDGE('',*,*,#1974,.F.);
#3120=ORIENTED_EDGE('',*,*,#2283,.T.);
#3121=ORIENTED_EDGE('',*,*,#2284,.F.);
#3122=ORIENTED_EDGE('',*,*,#2285,.F.);
#3123=ORIENTED_EDGE('',*,*,#2286,.F.);
#3124=ORIENTED_EDGE('',*,*,#2110,.F.);
#3125=ORIENTED_EDGE('',*,*,#2149,.F.);
#3126=ORIENTED_EDGE('',*,*,#2173,.F.);
#3127=ORIENTED_EDGE('',*,*,#2283,.F.);
#3128=ORIENTED_EDGE('',*,*,#1973,.F.);
#3129=ORIENTED_EDGE('',*,*,#2287,.F.);
#3130=ORIENTED_EDGE('',*,*,#2288,.F.);
#3131=ORIENTED_EDGE('',*,*,#2289,.T.);
#3132=ORIENTED_EDGE('',*,*,#2290,.F.);
#3133=ORIENTED_EDGE('',*,*,#2285,.T.);
#3134=ORIENTED_EDGE('',*,*,#2291,.F.);
#3135=ORIENTED_EDGE('',*,*,#2292,.F.);
#3136=ORIENTED_EDGE('',*,*,#2293,.T.);
#3137=ORIENTED_EDGE('',*,*,#2294,.F.);
#3138=ORIENTED_EDGE('',*,*,#2289,.F.);
#3139=ORIENTED_EDGE('',*,*,#2295,.F.);
#3140=ORIENTED_EDGE('',*,*,#2296,.F.);
#3141=ORIENTED_EDGE('',*,*,#2112,.F.);
#3142=ORIENTED_EDGE('',*,*,#2297,.F.);
#3143=ORIENTED_EDGE('',*,*,#2293,.F.);
#3144=ORIENTED_EDGE('',*,*,#2298,.F.);
#3145=ORIENTED_EDGE('',*,*,#2299,.F.);
#3146=ORIENTED_EDGE('',*,*,#2116,.F.);
#3147=ORIENTED_EDGE('',*,*,#2300,.F.);
#3148=ORIENTED_EDGE('',*,*,#2301,.F.);
#3149=ORIENTED_EDGE('',*,*,#2302,.F.);
#3150=ORIENTED_EDGE('',*,*,#2303,.F.);
#3151=ORIENTED_EDGE('',*,*,#1935,.F.);
#3152=ORIENTED_EDGE('',*,*,#2118,.F.);
#3153=ORIENTED_EDGE('',*,*,#2304,.F.);
#3154=ORIENTED_EDGE('',*,*,#1936,.F.);
#3155=ORIENTED_EDGE('',*,*,#2303,.T.);
#3156=ORIENTED_EDGE('',*,*,#2305,.F.);
#3157=ORIENTED_EDGE('',*,*,#2306,.T.);
#3158=ORIENTED_EDGE('',*,*,#1938,.F.);
#3159=ORIENTED_EDGE('',*,*,#2307,.F.);
#3160=ORIENTED_EDGE('',*,*,#1940,.F.);
#3161=ORIENTED_EDGE('',*,*,#2308,.T.);
#3162=ORIENTED_EDGE('',*,*,#2309,.F.);
#3163=ORIENTED_EDGE('',*,*,#2310,.F.);
#3164=ORIENTED_EDGE('',*,*,#1943,.F.);
#3165=ORIENTED_EDGE('',*,*,#2311,.F.);
#3166=ORIENTED_EDGE('',*,*,#2312,.F.);
#3167=ORIENTED_EDGE('',*,*,#2145,.F.);
#3168=ORIENTED_EDGE('',*,*,#2188,.F.);
#3169=ORIENTED_EDGE('',*,*,#2179,.T.);
#3170=ORIENTED_EDGE('',*,*,#1954,.F.);
#3171=ORIENTED_EDGE('',*,*,#2154,.F.);
#3172=ORIENTED_EDGE('',*,*,#2187,.F.);
#3173=ORIENTED_EDGE('',*,*,#2313,.T.);
#3174=ORIENTED_EDGE('',*,*,#1957,.F.);
#3175=ORIENTED_EDGE('',*,*,#2215,.F.);
#3176=ORIENTED_EDGE('',*,*,#2209,.F.);
#3177=ORIENTED_EDGE('',*,*,#2174,.T.);
#3178=ORIENTED_EDGE('',*,*,#1966,.F.);
#3179=ORIENTED_EDGE('',*,*,#2314,.T.);
#3180=ORIENTED_EDGE('',*,*,#2252,.F.);
#3181=ORIENTED_EDGE('',*,*,#2143,.F.);
#3182=ORIENTED_EDGE('',*,*,#2253,.F.);
#3183=ORIENTED_EDGE('',*,*,#2314,.F.);
#3184=ORIENTED_EDGE('',*,*,#1965,.F.);
#3185=ORIENTED_EDGE('',*,*,#2140,.F.);
#3186=ORIENTED_EDGE('',*,*,#2254,.F.);
#3187=ORIENTED_EDGE('',*,*,#2159,.T.);
#3188=ORIENTED_EDGE('',*,*,#1962,.F.);
#3189=ORIENTED_EDGE('',*,*,#2315,.F.);
#3190=ORIENTED_EDGE('',*,*,#2316,.T.);
#3191=ORIENTED_EDGE('',*,*,#2317,.F.);
#3192=ORIENTED_EDGE('',*,*,#2276,.T.);
#3193=ORIENTED_EDGE('',*,*,#2318,.T.);
#3194=ORIENTED_EDGE('',*,*,#2319,.F.);
#3195=ORIENTED_EDGE('',*,*,#2320,.T.);
#3196=ORIENTED_EDGE('',*,*,#2321,.F.);
#3197=ORIENTED_EDGE('',*,*,#2320,.F.);
#3198=ORIENTED_EDGE('',*,*,#2322,.F.);
#3199=ORIENTED_EDGE('',*,*,#2262,.F.);
#3200=ORIENTED_EDGE('',*,*,#1947,.F.);
#3201=ORIENTED_EDGE('',*,*,#2264,.F.);
#3202=ORIENTED_EDGE('',*,*,#2323,.F.);
#3203=ORIENTED_EDGE('',*,*,#2324,.T.);
#3204=ORIENTED_EDGE('',*,*,#1958,.F.);
#3205=ORIENTED_EDGE('',*,*,#2313,.F.);
#3206=ORIENTED_EDGE('',*,*,#2186,.F.);
#3207=ORIENTED_EDGE('',*,*,#2325,.F.);
#3208=ORIENTED_EDGE('',*,*,#2248,.F.);
#3209=ORIENTED_EDGE('',*,*,#2157,.F.);
#3210=ORIENTED_EDGE('',*,*,#1959,.F.);
#3211=ORIENTED_EDGE('',*,*,#2324,.F.);
#3212=ORIENTED_EDGE('',*,*,#2326,.F.);
#3213=ORIENTED_EDGE('',*,*,#2279,.T.);
#3214=ORIENTED_EDGE('',*,*,#2327,.F.);
#3215=ORIENTED_EDGE('',*,*,#2230,.F.);
#3216=ORIENTED_EDGE('',*,*,#2328,.F.);
#3217=ORIENTED_EDGE('',*,*,#2318,.F.);
#3218=ORIENTED_EDGE('',*,*,#2275,.T.);
#3219=ORIENTED_EDGE('',*,*,#2329,.F.);
#3220=ORIENTED_EDGE('',*,*,#2225,.T.);
#3221=ORIENTED_EDGE('',*,*,#2330,.F.);
#3222=ORIENTED_EDGE('',*,*,#2267,.F.);
#3223=ORIENTED_EDGE('',*,*,#2250,.F.);
#3224=ORIENTED_EDGE('',*,*,#2331,.F.);
#3225=ORIENTED_EDGE('',*,*,#2332,.T.);
#3226=ORIENTED_EDGE('',*,*,#2333,.F.);
#3227=ORIENTED_EDGE('',*,*,#2106,.F.);
#3228=ORIENTED_EDGE('',*,*,#2334,.F.);
#3229=ORIENTED_EDGE('',*,*,#2316,.F.);
#3230=ORIENTED_EDGE('',*,*,#2335,.F.);
#3231=ORIENTED_EDGE('',*,*,#2181,.F.);
#3232=ORIENTED_EDGE('',*,*,#2161,.F.);
#3233=ORIENTED_EDGE('',*,*,#1951,.F.);
#3234=ORIENTED_EDGE('',*,*,#2336,.F.);
#3235=ORIENTED_EDGE('',*,*,#2337,.F.);
#3236=ORIENTED_EDGE('',*,*,#2265,.T.);
#3237=ORIENTED_EDGE('',*,*,#1945,.F.);
#3238=ORIENTED_EDGE('',*,*,#2338,.F.);
#3239=ORIENTED_EDGE('',*,*,#1949,.F.);
#3240=ORIENTED_EDGE('',*,*,#2261,.F.);
#3241=ORIENTED_EDGE('',*,*,#2183,.F.);
#3242=ORIENTED_EDGE('',*,*,#2339,.F.);
#3243=ORIENTED_EDGE('',*,*,#2108,.F.);
#3244=ORIENTED_EDGE('',*,*,#2340,.F.);
#3245=ORIENTED_EDGE('',*,*,#2332,.F.);
#3246=ORIENTED_EDGE('',*,*,#2260,.T.);
#3247=ORIENTED_EDGE('',*,*,#2322,.T.);
#3248=ORIENTED_EDGE('',*,*,#2319,.T.);
#3249=ORIENTED_EDGE('',*,*,#2328,.T.);
#3250=ORIENTED_EDGE('',*,*,#2229,.T.);
#3251=ORIENTED_EDGE('',*,*,#2255,.T.);
#3252=ORIENTED_EDGE('',*,*,#2226,.T.);
#3253=ORIENTED_EDGE('',*,*,#2329,.T.);
#3254=ORIENTED_EDGE('',*,*,#2249,.T.);
#3255=ORIENTED_EDGE('',*,*,#2325,.T.);
#3256=ORIENTED_EDGE('',*,*,#2323,.T.);
#3257=ORIENTED_EDGE('',*,*,#2185,.T.);
#3258=ORIENTED_EDGE('',*,*,#2277,.T.);
#3259=ORIENTED_EDGE('',*,*,#2317,.T.);
#3260=ORIENTED_EDGE('',*,*,#2334,.T.);
#3261=ORIENTED_EDGE('',*,*,#2105,.F.);
#3262=ORIENTED_EDGE('',*,*,#1950,.F.);
#3263=ORIENTED_EDGE('',*,*,#2338,.T.);
#3264=ORIENTED_EDGE('',*,*,#2182,.T.);
#3265=ORIENTED_EDGE('',*,*,#2335,.T.);
#3266=ORIENTED_EDGE('',*,*,#1944,.T.);
#3267=ORIENTED_EDGE('',*,*,#2310,.T.);
#3268=ORIENTED_EDGE('',*,*,#2341,.T.);
#3269=ORIENTED_EDGE('',*,*,#2336,.T.);
#3270=ORIENTED_EDGE('',*,*,#2339,.T.);
#3271=ORIENTED_EDGE('',*,*,#2331,.T.);
#3272=ORIENTED_EDGE('',*,*,#2315,.T.);
#3273=ORIENTED_EDGE('',*,*,#2321,.T.);
#3274=ORIENTED_EDGE('',*,*,#2263,.T.);
#3275=ORIENTED_EDGE('',*,*,#2342,.T.);
#3276=ORIENTED_EDGE('',*,*,#2287,.T.);
#3277=ORIENTED_EDGE('',*,*,#2284,.T.);
#3278=ORIENTED_EDGE('',*,*,#2109,.F.);
#3279=ORIENTED_EDGE('',*,*,#2274,.T.);
#3280=ORIENTED_EDGE('',*,*,#2326,.T.);
#3281=ORIENTED_EDGE('',*,*,#2343,.F.);
#3282=ORIENTED_EDGE('',*,*,#2344,.F.);
#3283=ORIENTED_EDGE('',*,*,#2301,.T.);
#3284=ORIENTED_EDGE('',*,*,#2345,.F.);
#3285=ORIENTED_EDGE('',*,*,#2114,.F.);
#3286=ORIENTED_EDGE('',*,*,#2346,.F.);
#3287=ORIENTED_EDGE('',*,*,#2295,.T.);
#3288=ORIENTED_EDGE('',*,*,#2288,.T.);
#3289=ORIENTED_EDGE('',*,*,#2342,.F.);
#3290=ORIENTED_EDGE('',*,*,#2266,.T.);
#3291=ORIENTED_EDGE('',*,*,#2337,.T.);
#3292=ORIENTED_EDGE('',*,*,#2341,.F.);
#3293=ORIENTED_EDGE('',*,*,#2312,.T.);
#3294=ORIENTED_EDGE('',*,*,#2347,.T.);
#3295=ORIENTED_EDGE('',*,*,#2348,.F.);
#3296=ORIENTED_EDGE('',*,*,#2309,.T.);
#3297=ORIENTED_EDGE('',*,*,#2349,.T.);
#3298=ORIENTED_EDGE('',*,*,#2350,.F.);
#3299=ORIENTED_EDGE('',*,*,#2351,.T.);
#3300=ORIENTED_EDGE('',*,*,#2305,.T.);
#3301=ORIENTED_EDGE('',*,*,#1937,.F.);
#3302=ORIENTED_EDGE('',*,*,#2304,.T.);
#3303=ORIENTED_EDGE('',*,*,#2302,.T.);
#3304=ORIENTED_EDGE('',*,*,#2117,.F.);
#3305=ORIENTED_EDGE('',*,*,#2299,.T.);
#3306=ORIENTED_EDGE('',*,*,#2344,.T.);
#3307=ORIENTED_EDGE('',*,*,#2352,.F.);
#3308=ORIENTED_EDGE('',*,*,#2298,.T.);
#3309=ORIENTED_EDGE('',*,*,#2292,.T.);
#3310=ORIENTED_EDGE('',*,*,#2353,.F.);
#3311=ORIENTED_EDGE('',*,*,#2347,.F.);
#3312=ORIENTED_EDGE('',*,*,#2311,.T.);
#3313=ORIENTED_EDGE('',*,*,#1942,.F.);
#3314=ORIENTED_EDGE('',*,*,#2354,.F.);
#3315=ORIENTED_EDGE('',*,*,#2349,.F.);
#3316=ORIENTED_EDGE('',*,*,#2308,.F.);
#3317=ORIENTED_EDGE('',*,*,#1939,.F.);
#3318=ORIENTED_EDGE('',*,*,#2306,.F.);
#3319=ORIENTED_EDGE('',*,*,#2351,.F.);
#3320=ORIENTED_EDGE('',*,*,#2350,.T.);
#3321=ORIENTED_EDGE('',*,*,#2291,.T.);
#3322=ORIENTED_EDGE('',*,*,#2346,.T.);
#3323=ORIENTED_EDGE('',*,*,#2354,.T.);
#3324=ORIENTED_EDGE('',*,*,#2296,.T.);
#3325=ORIENTED_EDGE('',*,*,#2352,.T.);
#3326=ORIENTED_EDGE('',*,*,#2343,.T.);
#3327=ORIENTED_EDGE('',*,*,#2113,.F.);
#3328=ORIENTED_EDGE('',*,*,#1941,.T.);
#3329=ORIENTED_EDGE('',*,*,#2307,.T.);
#3330=ORIENTED_EDGE('',*,*,#2348,.T.);
#3331=ORIENTED_EDGE('',*,*,#2353,.T.);
#3332=ORIENTED_EDGE('',*,*,#2242,.T.);
#3333=ORIENTED_EDGE('',*,*,#2244,.T.);
#3334=ORIENTED_EDGE('',*,*,#2237,.T.);
#3335=ORIENTED_EDGE('',*,*,#2272,.T.);
#3336=ORIENTED_EDGE('',*,*,#2095,.F.);
#3337=ORIENTED_EDGE('',*,*,#2224,.T.);
#3338=ORIENTED_EDGE('',*,*,#2235,.T.);
#3339=ORIENTED_EDGE('',*,*,#2268,.T.);
#3340=ORIENTED_EDGE('',*,*,#2330,.T.);
#3341=ORIENTED_EDGE('',*,*,#2345,.T.);
#3342=ORIENTED_EDGE('',*,*,#2300,.T.);
#3343=ORIENTED_EDGE('',*,*,#2115,.F.);
#3344=ORIENTED_EDGE('',*,*,#2286,.T.);
#3345=ORIENTED_EDGE('',*,*,#2290,.T.);
#3346=ORIENTED_EDGE('',*,*,#2294,.T.);
#3347=ORIENTED_EDGE('',*,*,#2297,.T.);
#3348=ORIENTED_EDGE('',*,*,#2111,.F.);
#3349=ORIENTED_EDGE('',*,*,#2333,.T.);
#3350=ORIENTED_EDGE('',*,*,#2340,.T.);
#3351=ORIENTED_EDGE('',*,*,#2107,.F.);
#3352=ORIENTED_EDGE('',*,*,#2273,.T.);
#3353=ORIENTED_EDGE('',*,*,#2231,.T.);
#3354=ORIENTED_EDGE('',*,*,#2327,.T.);
#3355=ORIENTED_EDGE('',*,*,#2278,.T.);
#3356=ORIENTED_EDGE('',*,*,#2103,.F.);
#3357=ORIENTED_EDGE('',*,*,#2270,.T.);
#3358=ORIENTED_EDGE('',*,*,#2271,.T.);
#3359=ORIENTED_EDGE('',*,*,#2099,.F.);
#3360=ORIENTED_EDGE('',*,*,#2280,.T.);
#3361=ORIENTED_EDGE('',*,*,#2091,.F.);
#3362=ORIENTED_EDGE('',*,*,#2282,.T.);
#3363=ORIENTED_EDGE('',*,*,#2130,.T.);
#3364=ORIENTED_EDGE('',*,*,#2084,.F.);
#3365=ORIENTED_EDGE('',*,*,#2128,.T.);
#3366=ORIENTED_EDGE('',*,*,#2036,.T.);
#3367=ORIENTED_EDGE('',*,*,#2355,.T.);
#3368=ORIENTED_EDGE('',*,*,#2356,.T.);
#3369=ORIENTED_EDGE('',*,*,#2357,.T.);
#3370=ORIENTED_EDGE('',*,*,#2355,.F.);
#3371=ORIENTED_EDGE('',*,*,#2039,.F.);
#3372=ORIENTED_EDGE('',*,*,#2358,.F.);
#3373=ORIENTED_EDGE('',*,*,#2357,.F.);
#3374=ORIENTED_EDGE('',*,*,#2359,.F.);
#3375=ORIENTED_EDGE('',*,*,#2037,.F.);
#3376=ORIENTED_EDGE('',*,*,#2356,.F.);
#3377=ORIENTED_EDGE('',*,*,#2358,.T.);
#3378=ORIENTED_EDGE('',*,*,#2038,.F.);
#3379=ORIENTED_EDGE('',*,*,#2359,.T.);
#3380=ORIENTED_EDGE('',*,*,#2360,.F.);
#3381=ORIENTED_EDGE('',*,*,#2361,.F.);
#3382=ORIENTED_EDGE('',*,*,#2362,.F.);
#3383=ORIENTED_EDGE('',*,*,#1992,.F.);
#3384=ORIENTED_EDGE('',*,*,#2363,.F.);
#3385=ORIENTED_EDGE('',*,*,#2074,.F.);
#3386=ORIENTED_EDGE('',*,*,#1993,.F.);
#3387=ORIENTED_EDGE('',*,*,#2362,.T.);
#3388=ORIENTED_EDGE('',*,*,#2364,.F.);
#3389=ORIENTED_EDGE('',*,*,#2078,.F.);
#3390=ORIENTED_EDGE('',*,*,#2365,.F.);
#3391=ORIENTED_EDGE('',*,*,#2366,.T.);
#3392=ORIENTED_EDGE('',*,*,#2367,.F.);
#3393=ORIENTED_EDGE('',*,*,#2366,.F.);
#3394=ORIENTED_EDGE('',*,*,#2368,.F.);
#3395=ORIENTED_EDGE('',*,*,#2076,.F.);
#3396=ORIENTED_EDGE('',*,*,#2369,.F.);
#3397=ORIENTED_EDGE('',*,*,#2370,.F.);
#3398=ORIENTED_EDGE('',*,*,#2371,.F.);
#3399=ORIENTED_EDGE('',*,*,#1989,.F.);
#3400=ORIENTED_EDGE('',*,*,#2372,.F.);
#3401=ORIENTED_EDGE('',*,*,#2373,.T.);
#3402=ORIENTED_EDGE('',*,*,#1986,.F.);
#3403=ORIENTED_EDGE('',*,*,#2080,.F.);
#3404=ORIENTED_EDGE('',*,*,#2374,.F.);
#3405=ORIENTED_EDGE('',*,*,#2375,.T.);
#3406=ORIENTED_EDGE('',*,*,#2372,.T.);
#3407=ORIENTED_EDGE('',*,*,#2079,.F.);
#3408=ORIENTED_EDGE('',*,*,#2364,.T.);
#3409=ORIENTED_EDGE('',*,*,#2367,.T.);
#3410=ORIENTED_EDGE('',*,*,#2075,.F.);
#3411=ORIENTED_EDGE('',*,*,#2363,.T.);
#3412=ORIENTED_EDGE('',*,*,#2361,.T.);
#3413=ORIENTED_EDGE('',*,*,#2376,.F.);
#3414=ORIENTED_EDGE('',*,*,#2377,.T.);
#3415=ORIENTED_EDGE('',*,*,#2370,.T.);
#3416=ORIENTED_EDGE('',*,*,#2378,.F.);
#3417=ORIENTED_EDGE('',*,*,#1990,.F.);
#3418=ORIENTED_EDGE('',*,*,#2371,.T.);
#3419=ORIENTED_EDGE('',*,*,#2377,.F.);
#3420=ORIENTED_EDGE('',*,*,#2379,.F.);
#3421=ORIENTED_EDGE('',*,*,#1987,.F.);
#3422=ORIENTED_EDGE('',*,*,#2373,.F.);
#3423=ORIENTED_EDGE('',*,*,#2375,.F.);
#3424=ORIENTED_EDGE('',*,*,#2376,.T.);
#3425=ORIENTED_EDGE('',*,*,#2360,.T.);
#3426=ORIENTED_EDGE('',*,*,#1991,.F.);
#3427=ORIENTED_EDGE('',*,*,#2378,.T.);
#3428=ORIENTED_EDGE('',*,*,#2374,.T.);
#3429=ORIENTED_EDGE('',*,*,#2369,.T.);
#3430=ORIENTED_EDGE('',*,*,#1988,.F.);
#3431=ORIENTED_EDGE('',*,*,#2379,.T.);
#3432=ORIENTED_EDGE('',*,*,#2008,.F.);
#3433=ORIENTED_EDGE('',*,*,#2380,.T.);
#3434=ORIENTED_EDGE('',*,*,#2381,.T.);
#3435=ORIENTED_EDGE('',*,*,#2382,.T.);
#3436=ORIENTED_EDGE('',*,*,#2383,.T.);
#3437=ORIENTED_EDGE('',*,*,#2384,.T.);
#3438=ORIENTED_EDGE('',*,*,#2005,.F.);
#3439=ORIENTED_EDGE('',*,*,#2385,.T.);
#3440=ORIENTED_EDGE('',*,*,#2016,.F.);
#3441=ORIENTED_EDGE('',*,*,#2386,.T.);
#3442=ORIENTED_EDGE('',*,*,#2387,.T.);
#3443=ORIENTED_EDGE('',*,*,#2388,.T.);
#3444=ORIENTED_EDGE('',*,*,#2389,.T.);
#3445=ORIENTED_EDGE('',*,*,#2390,.T.);
#3446=ORIENTED_EDGE('',*,*,#1997,.F.);
#3447=ORIENTED_EDGE('',*,*,#2391,.T.);
#3448=ORIENTED_EDGE('',*,*,#2392,.T.);
#3449=ORIENTED_EDGE('',*,*,#2393,.T.);
#3450=ORIENTED_EDGE('',*,*,#2001,.F.);
#3451=ORIENTED_EDGE('',*,*,#2394,.T.);
#3452=ORIENTED_EDGE('',*,*,#2013,.F.);
#3453=ORIENTED_EDGE('',*,*,#2395,.T.);
#3454=ORIENTED_EDGE('',*,*,#2396,.T.);
#3455=ORIENTED_EDGE('',*,*,#2397,.T.);
#3456=ORIENTED_EDGE('',*,*,#2382,.F.);
#3457=ORIENTED_EDGE('',*,*,#2398,.F.);
#3458=ORIENTED_EDGE('',*,*,#2399,.T.);
#3459=ORIENTED_EDGE('',*,*,#2009,.F.);
#3460=ORIENTED_EDGE('',*,*,#2385,.F.);
#3461=ORIENTED_EDGE('',*,*,#2004,.F.);
#3462=ORIENTED_EDGE('',*,*,#2400,.F.);
#3463=ORIENTED_EDGE('',*,*,#2401,.F.);
#3464=ORIENTED_EDGE('',*,*,#2381,.F.);
#3465=ORIENTED_EDGE('',*,*,#2402,.T.);
#3466=ORIENTED_EDGE('',*,*,#2403,.T.);
#3467=ORIENTED_EDGE('',*,*,#2383,.F.);
#3468=ORIENTED_EDGE('',*,*,#2401,.T.);
#3469=ORIENTED_EDGE('',*,*,#2404,.T.);
#3470=ORIENTED_EDGE('',*,*,#2405,.F.);
#3471=ORIENTED_EDGE('',*,*,#2406,.T.);
#3472=ORIENTED_EDGE('',*,*,#2407,.T.);
#3473=ORIENTED_EDGE('',*,*,#2408,.F.);
#3474=ORIENTED_EDGE('',*,*,#2409,.T.);
#3475=ORIENTED_EDGE('',*,*,#2398,.T.);
#3476=ORIENTED_EDGE('',*,*,#2388,.F.);
#3477=ORIENTED_EDGE('',*,*,#2410,.F.);
#3478=ORIENTED_EDGE('',*,*,#2411,.T.);
#3479=ORIENTED_EDGE('',*,*,#2017,.F.);
#3480=ORIENTED_EDGE('',*,*,#2391,.F.);
#3481=ORIENTED_EDGE('',*,*,#1996,.F.);
#3482=ORIENTED_EDGE('',*,*,#2412,.F.);
#3483=ORIENTED_EDGE('',*,*,#2413,.F.);
#3484=ORIENTED_EDGE('',*,*,#2389,.F.);
#3485=ORIENTED_EDGE('',*,*,#2413,.T.);
#3486=ORIENTED_EDGE('',*,*,#2414,.T.);
#3487=ORIENTED_EDGE('',*,*,#2072,.F.);
#3488=ORIENTED_EDGE('',*,*,#2415,.T.);
#3489=ORIENTED_EDGE('',*,*,#2416,.T.);
#3490=ORIENTED_EDGE('',*,*,#2417,.F.);
#3491=ORIENTED_EDGE('',*,*,#2418,.T.);
#3492=ORIENTED_EDGE('',*,*,#2419,.T.);
#3493=ORIENTED_EDGE('',*,*,#2420,.F.);
#3494=ORIENTED_EDGE('',*,*,#2421,.T.);
#3495=ORIENTED_EDGE('',*,*,#2422,.T.);
#3496=ORIENTED_EDGE('',*,*,#2394,.F.);
#3497=ORIENTED_EDGE('',*,*,#2000,.F.);
#3498=ORIENTED_EDGE('',*,*,#2423,.F.);
#3499=ORIENTED_EDGE('',*,*,#2424,.F.);
#3500=ORIENTED_EDGE('',*,*,#2425,.F.);
#3501=ORIENTED_EDGE('',*,*,#2387,.F.);
#3502=ORIENTED_EDGE('',*,*,#2426,.T.);
#3503=ORIENTED_EDGE('',*,*,#2427,.T.);
#3504=ORIENTED_EDGE('',*,*,#2396,.F.);
#3505=ORIENTED_EDGE('',*,*,#2428,.T.);
#3506=ORIENTED_EDGE('',*,*,#2429,.T.);
#3507=ORIENTED_EDGE('',*,*,#2430,.F.);
#3508=ORIENTED_EDGE('',*,*,#2431,.T.);
#3509=ORIENTED_EDGE('',*,*,#2432,.T.);
#3510=ORIENTED_EDGE('',*,*,#2433,.F.);
#3511=ORIENTED_EDGE('',*,*,#2434,.T.);
#3512=ORIENTED_EDGE('',*,*,#2410,.T.);
#3513=ORIENTED_EDGE('',*,*,#2397,.F.);
#3514=ORIENTED_EDGE('',*,*,#2427,.F.);
#3515=ORIENTED_EDGE('',*,*,#2435,.F.);
#3516=ORIENTED_EDGE('',*,*,#2014,.F.);
#3517=ORIENTED_EDGE('',*,*,#2436,.T.);
#3518=ORIENTED_EDGE('',*,*,#2437,.T.);
#3519=ORIENTED_EDGE('',*,*,#2438,.T.);
#3520=ORIENTED_EDGE('',*,*,#2439,.T.);
#3521=ORIENTED_EDGE('',*,*,#2440,.T.);
#3522=ORIENTED_EDGE('',*,*,#2441,.T.);
#3523=ORIENTED_EDGE('',*,*,#2442,.T.);
#3524=ORIENTED_EDGE('',*,*,#2443,.T.);
#3525=ORIENTED_EDGE('',*,*,#2444,.T.);
#3526=ORIENTED_EDGE('',*,*,#2445,.T.);
#3527=ORIENTED_EDGE('',*,*,#2446,.T.);
#3528=ORIENTED_EDGE('',*,*,#2447,.T.);
#3529=ORIENTED_EDGE('',*,*,#2448,.T.);
#3530=ORIENTED_EDGE('',*,*,#2449,.T.);
#3531=ORIENTED_EDGE('',*,*,#2450,.T.);
#3532=ORIENTED_EDGE('',*,*,#2424,.T.);
#3533=ORIENTED_EDGE('',*,*,#2451,.T.);
#3534=ORIENTED_EDGE('',*,*,#2452,.T.);
#3535=ORIENTED_EDGE('',*,*,#2453,.T.);
#3536=ORIENTED_EDGE('',*,*,#2454,.T.);
#3537=ORIENTED_EDGE('',*,*,#2455,.T.);
#3538=ORIENTED_EDGE('',*,*,#2456,.T.);
#3539=ORIENTED_EDGE('',*,*,#2457,.T.);
#3540=ORIENTED_EDGE('',*,*,#2458,.F.);
#3541=ORIENTED_EDGE('',*,*,#2459,.T.);
#3542=ORIENTED_EDGE('',*,*,#2460,.T.);
#3543=ORIENTED_EDGE('',*,*,#2461,.T.);
#3544=ORIENTED_EDGE('',*,*,#2064,.F.);
#3545=ORIENTED_EDGE('',*,*,#2462,.T.);
#3546=ORIENTED_EDGE('',*,*,#2458,.T.);
#3547=ORIENTED_EDGE('',*,*,#2463,.T.);
#3548=ORIENTED_EDGE('',*,*,#2405,.T.);
#3549=ORIENTED_EDGE('',*,*,#2417,.T.);
#3550=ORIENTED_EDGE('',*,*,#2464,.T.);
#3551=ORIENTED_EDGE('',*,*,#2465,.T.);
#3552=ORIENTED_EDGE('',*,*,#2466,.T.);
#3553=ORIENTED_EDGE('',*,*,#2420,.T.);
#3554=ORIENTED_EDGE('',*,*,#2467,.T.);
#3555=ORIENTED_EDGE('',*,*,#2468,.T.);
#3556=ORIENTED_EDGE('',*,*,#2469,.T.);
#3557=ORIENTED_EDGE('',*,*,#2443,.F.);
#3558=ORIENTED_EDGE('',*,*,#2470,.F.);
#3559=ORIENTED_EDGE('',*,*,#2471,.F.);
#3560=ORIENTED_EDGE('',*,*,#2472,.F.);
#3561=ORIENTED_EDGE('',*,*,#2473,.F.);
#3562=ORIENTED_EDGE('',*,*,#2474,.T.);
#3563=ORIENTED_EDGE('',*,*,#2447,.F.);
#3564=ORIENTED_EDGE('',*,*,#2475,.T.);
#3565=ORIENTED_EDGE('',*,*,#2476,.F.);
#3566=ORIENTED_EDGE('',*,*,#2065,.F.);
#3567=ORIENTED_EDGE('',*,*,#2461,.F.);
#3568=ORIENTED_EDGE('',*,*,#2477,.F.);
#3569=ORIENTED_EDGE('',*,*,#2446,.F.);
#3570=ORIENTED_EDGE('',*,*,#2478,.F.);
#3571=ORIENTED_EDGE('',*,*,#2454,.F.);
#3572=ORIENTED_EDGE('',*,*,#2479,.F.);
#3573=ORIENTED_EDGE('',*,*,#2480,.F.);
#3574=ORIENTED_EDGE('',*,*,#2475,.F.);
#3575=ORIENTED_EDGE('',*,*,#2444,.F.);
#3576=ORIENTED_EDGE('',*,*,#2474,.F.);
#3577=ORIENTED_EDGE('',*,*,#2481,.F.);
#3578=ORIENTED_EDGE('',*,*,#2482,.F.);
#3579=ORIENTED_EDGE('',*,*,#2456,.F.);
#3580=ORIENTED_EDGE('',*,*,#2483,.F.);
#3581=ORIENTED_EDGE('',*,*,#2457,.F.);
#3582=ORIENTED_EDGE('',*,*,#2482,.T.);
#3583=ORIENTED_EDGE('',*,*,#2484,.F.);
#3584=ORIENTED_EDGE('',*,*,#2485,.T.);
#3585=ORIENTED_EDGE('',*,*,#2406,.F.);
#3586=ORIENTED_EDGE('',*,*,#2463,.F.);
#3587=ORIENTED_EDGE('',*,*,#2453,.F.);
#3588=ORIENTED_EDGE('',*,*,#2486,.F.);
#3589=ORIENTED_EDGE('',*,*,#2467,.F.);
#3590=ORIENTED_EDGE('',*,*,#2419,.F.);
#3591=ORIENTED_EDGE('',*,*,#2487,.F.);
#3592=ORIENTED_EDGE('',*,*,#2488,.F.);
#3593=ORIENTED_EDGE('',*,*,#2479,.T.);
#3594=ORIENTED_EDGE('',*,*,#2466,.F.);
#3595=ORIENTED_EDGE('',*,*,#2489,.F.);
#3596=ORIENTED_EDGE('',*,*,#2067,.F.);
#3597=ORIENTED_EDGE('',*,*,#2490,.F.);
#3598=ORIENTED_EDGE('',*,*,#2487,.T.);
#3599=ORIENTED_EDGE('',*,*,#2418,.F.);
#3600=ORIENTED_EDGE('',*,*,#2465,.F.);
#3601=ORIENTED_EDGE('',*,*,#2491,.T.);
#3602=ORIENTED_EDGE('',*,*,#2068,.F.);
#3603=ORIENTED_EDGE('',*,*,#2489,.T.);
#3604=ORIENTED_EDGE('',*,*,#2445,.F.);
#3605=ORIENTED_EDGE('',*,*,#2483,.T.);
#3606=ORIENTED_EDGE('',*,*,#2455,.F.);
#3607=ORIENTED_EDGE('',*,*,#2478,.T.);
#3608=ORIENTED_EDGE('',*,*,#2452,.F.);
#3609=ORIENTED_EDGE('',*,*,#2492,.T.);
#3610=ORIENTED_EDGE('',*,*,#2468,.F.);
#3611=ORIENTED_EDGE('',*,*,#2486,.T.);
#3612=ORIENTED_EDGE('',*,*,#2392,.F.);
#3613=ORIENTED_EDGE('',*,*,#2425,.T.);
#3614=ORIENTED_EDGE('',*,*,#2450,.F.);
#3615=ORIENTED_EDGE('',*,*,#2493,.T.);
#3616=ORIENTED_EDGE('',*,*,#2436,.F.);
#3617=ORIENTED_EDGE('',*,*,#2477,.T.);
#3618=ORIENTED_EDGE('',*,*,#2460,.F.);
#3619=ORIENTED_EDGE('',*,*,#2494,.T.);
#3620=ORIENTED_EDGE('',*,*,#2442,.F.);
#3621=ORIENTED_EDGE('',*,*,#2495,.T.);
#3622=ORIENTED_EDGE('',*,*,#2496,.F.);
#3623=ORIENTED_EDGE('',*,*,#2470,.T.);
#3624=ORIENTED_EDGE('',*,*,#2439,.F.);
#3625=ORIENTED_EDGE('',*,*,#2497,.T.);
#3626=ORIENTED_EDGE('',*,*,#2060,.F.);
#3627=ORIENTED_EDGE('',*,*,#2498,.T.);
#3628=ORIENTED_EDGE('',*,*,#2499,.T.);
#3629=ORIENTED_EDGE('',*,*,#2500,.T.);
#3630=ORIENTED_EDGE('',*,*,#2501,.T.);
#3631=ORIENTED_EDGE('',*,*,#2502,.T.);
#3632=ORIENTED_EDGE('',*,*,#2503,.T.);
#3633=ORIENTED_EDGE('',*,*,#2504,.T.);
#3634=ORIENTED_EDGE('',*,*,#2505,.T.);
#3635=ORIENTED_EDGE('',*,*,#2048,.F.);
#3636=ORIENTED_EDGE('',*,*,#2506,.T.);
#3637=ORIENTED_EDGE('',*,*,#2507,.T.);
#3638=ORIENTED_EDGE('',*,*,#2508,.T.);
#3639=ORIENTED_EDGE('',*,*,#2509,.T.);
#3640=ORIENTED_EDGE('',*,*,#2509,.F.);
#3641=ORIENTED_EDGE('',*,*,#2510,.F.);
#3642=ORIENTED_EDGE('',*,*,#2027,.F.);
#3643=ORIENTED_EDGE('',*,*,#2511,.T.);
#3644=ORIENTED_EDGE('',*,*,#2512,.F.);
#3645=ORIENTED_EDGE('',*,*,#2502,.F.);
#3646=ORIENTED_EDGE('',*,*,#2513,.F.);
#3647=ORIENTED_EDGE('',*,*,#2514,.F.);
#3648=ORIENTED_EDGE('',*,*,#2030,.F.);
#3649=ORIENTED_EDGE('',*,*,#2515,.F.);
#3650=ORIENTED_EDGE('',*,*,#2516,.F.);
#3651=ORIENTED_EDGE('',*,*,#2501,.F.);
#3652=ORIENTED_EDGE('',*,*,#2517,.T.);
#3653=ORIENTED_EDGE('',*,*,#2518,.T.);
#3654=ORIENTED_EDGE('',*,*,#2504,.F.);
#3655=ORIENTED_EDGE('',*,*,#2519,.T.);
#3656=ORIENTED_EDGE('',*,*,#2520,.T.);
#3657=ORIENTED_EDGE('',*,*,#2044,.F.);
#3658=ORIENTED_EDGE('',*,*,#2521,.T.);
#3659=ORIENTED_EDGE('',*,*,#2522,.T.);
#3660=ORIENTED_EDGE('',*,*,#2032,.F.);
#3661=ORIENTED_EDGE('',*,*,#2523,.T.);
#3662=ORIENTED_EDGE('',*,*,#2513,.T.);
#3663=ORIENTED_EDGE('',*,*,#2506,.F.);
#3664=ORIENTED_EDGE('',*,*,#2512,.T.);
#3665=ORIENTED_EDGE('',*,*,#2524,.T.);
#3666=ORIENTED_EDGE('',*,*,#2525,.F.);
#3667=ORIENTED_EDGE('',*,*,#2526,.T.);
#3668=ORIENTED_EDGE('',*,*,#2527,.T.);
#3669=ORIENTED_EDGE('',*,*,#2528,.F.);
#3670=ORIENTED_EDGE('',*,*,#2529,.T.);
#3671=ORIENTED_EDGE('',*,*,#2530,.T.);
#3672=ORIENTED_EDGE('',*,*,#2499,.F.);
#3673=ORIENTED_EDGE('',*,*,#2516,.T.);
#3674=ORIENTED_EDGE('',*,*,#2531,.T.);
#3675=ORIENTED_EDGE('',*,*,#2508,.F.);
#3676=ORIENTED_EDGE('',*,*,#2532,.T.);
#3677=ORIENTED_EDGE('',*,*,#2028,.F.);
#3678=ORIENTED_EDGE('',*,*,#2510,.T.);
#3679=ORIENTED_EDGE('',*,*,#2505,.F.);
#3680=ORIENTED_EDGE('',*,*,#2518,.F.);
#3681=ORIENTED_EDGE('',*,*,#2533,.F.);
#3682=ORIENTED_EDGE('',*,*,#2534,.F.);
#3683=ORIENTED_EDGE('',*,*,#2049,.F.);
#3684=ORIENTED_EDGE('',*,*,#2535,.T.);
#3685=ORIENTED_EDGE('',*,*,#2536,.T.);
#3686=ORIENTED_EDGE('',*,*,#2528,.T.);
#3687=ORIENTED_EDGE('',*,*,#2537,.T.);
#3688=ORIENTED_EDGE('',*,*,#2538,.T.);
#3689=ORIENTED_EDGE('',*,*,#2539,.T.);
#3690=ORIENTED_EDGE('',*,*,#2052,.F.);
#3691=ORIENTED_EDGE('',*,*,#2025,.T.);
#3692=ORIENTED_EDGE('',*,*,#2540,.T.);
#3693=ORIENTED_EDGE('',*,*,#2525,.T.);
#3694=ORIENTED_EDGE('',*,*,#2541,.T.);
#3695=ORIENTED_EDGE('',*,*,#2019,.F.);
#3696=ORIENTED_EDGE('',*,*,#2542,.T.);
#3697=ORIENTED_EDGE('',*,*,#2433,.T.);
#3698=ORIENTED_EDGE('',*,*,#2543,.T.);
#3699=ORIENTED_EDGE('',*,*,#2544,.T.);
#3700=ORIENTED_EDGE('',*,*,#2545,.T.);
#3701=ORIENTED_EDGE('',*,*,#2546,.T.);
#3702=ORIENTED_EDGE('',*,*,#2056,.F.);
#3703=ORIENTED_EDGE('',*,*,#2496,.T.);
#3704=ORIENTED_EDGE('',*,*,#2547,.T.);
#3705=ORIENTED_EDGE('',*,*,#2548,.T.);
#3706=ORIENTED_EDGE('',*,*,#2549,.T.);
#3707=ORIENTED_EDGE('',*,*,#2550,.T.);
#3708=ORIENTED_EDGE('',*,*,#2551,.T.);
#3709=ORIENTED_EDGE('',*,*,#2430,.T.);
#3710=ORIENTED_EDGE('',*,*,#2552,.T.);
#3711=ORIENTED_EDGE('',*,*,#2553,.T.);
#3712=ORIENTED_EDGE('',*,*,#2408,.T.);
#3713=ORIENTED_EDGE('',*,*,#2554,.T.);
#3714=ORIENTED_EDGE('',*,*,#2471,.T.);
#3715=ORIENTED_EDGE('',*,*,#2537,.F.);
#3716=ORIENTED_EDGE('',*,*,#2527,.F.);
#3717=ORIENTED_EDGE('',*,*,#2555,.F.);
#3718=ORIENTED_EDGE('',*,*,#2023,.F.);
#3719=ORIENTED_EDGE('',*,*,#2556,.T.);
#3720=ORIENTED_EDGE('',*,*,#2557,.F.);
#3721=ORIENTED_EDGE('',*,*,#2539,.F.);
#3722=ORIENTED_EDGE('',*,*,#2558,.F.);
#3723=ORIENTED_EDGE('',*,*,#2559,.F.);
#3724=ORIENTED_EDGE('',*,*,#2560,.F.);
#3725=ORIENTED_EDGE('',*,*,#2053,.F.);
#3726=ORIENTED_EDGE('',*,*,#2542,.F.);
#3727=ORIENTED_EDGE('',*,*,#2018,.F.);
#3728=ORIENTED_EDGE('',*,*,#2411,.F.);
#3729=ORIENTED_EDGE('',*,*,#2434,.F.);
#3730=ORIENTED_EDGE('',*,*,#2541,.F.);
#3731=ORIENTED_EDGE('',*,*,#2524,.F.);
#3732=ORIENTED_EDGE('',*,*,#2511,.F.);
#3733=ORIENTED_EDGE('',*,*,#2026,.F.);
#3734=ORIENTED_EDGE('',*,*,#2543,.F.);
#3735=ORIENTED_EDGE('',*,*,#2432,.F.);
#3736=ORIENTED_EDGE('',*,*,#2561,.F.);
#3737=ORIENTED_EDGE('',*,*,#2020,.F.);
#3738=ORIENTED_EDGE('',*,*,#2552,.F.);
#3739=ORIENTED_EDGE('',*,*,#2429,.F.);
#3740=ORIENTED_EDGE('',*,*,#2562,.F.);
#3741=ORIENTED_EDGE('',*,*,#2011,.F.);
#3742=ORIENTED_EDGE('',*,*,#2563,.T.);
#3743=ORIENTED_EDGE('',*,*,#2553,.F.);
#3744=ORIENTED_EDGE('',*,*,#2563,.F.);
#3745=ORIENTED_EDGE('',*,*,#2010,.F.);
#3746=ORIENTED_EDGE('',*,*,#2399,.F.);
#3747=ORIENTED_EDGE('',*,*,#2409,.F.);
#3748=ORIENTED_EDGE('',*,*,#2554,.F.);
#3749=ORIENTED_EDGE('',*,*,#2407,.F.);
#3750=ORIENTED_EDGE('',*,*,#2485,.F.);
#3751=ORIENTED_EDGE('',*,*,#2564,.F.);
#3752=ORIENTED_EDGE('',*,*,#2472,.T.);
#3753=ORIENTED_EDGE('',*,*,#2538,.F.);
#3754=ORIENTED_EDGE('',*,*,#2557,.T.);
#3755=ORIENTED_EDGE('',*,*,#2565,.T.);
#3756=ORIENTED_EDGE('',*,*,#2549,.F.);
#3757=ORIENTED_EDGE('',*,*,#2566,.T.);
#3758=ORIENTED_EDGE('',*,*,#2567,.T.);
#3759=ORIENTED_EDGE('',*,*,#2545,.F.);
#3760=ORIENTED_EDGE('',*,*,#2568,.T.);
#3761=ORIENTED_EDGE('',*,*,#2558,.T.);
#3762=ORIENTED_EDGE('',*,*,#2546,.F.);
#3763=ORIENTED_EDGE('',*,*,#2567,.F.);
#3764=ORIENTED_EDGE('',*,*,#2569,.F.);
#3765=ORIENTED_EDGE('',*,*,#2570,.F.);
#3766=ORIENTED_EDGE('',*,*,#2057,.F.);
#3767=ORIENTED_EDGE('',*,*,#2550,.F.);
#3768=ORIENTED_EDGE('',*,*,#2565,.F.);
#3769=ORIENTED_EDGE('',*,*,#2556,.F.);
#3770=ORIENTED_EDGE('',*,*,#2022,.F.);
#3771=ORIENTED_EDGE('',*,*,#2571,.F.);
#3772=ORIENTED_EDGE('',*,*,#2551,.F.);
#3773=ORIENTED_EDGE('',*,*,#2571,.T.);
#3774=ORIENTED_EDGE('',*,*,#2021,.F.);
#3775=ORIENTED_EDGE('',*,*,#2561,.T.);
#3776=ORIENTED_EDGE('',*,*,#2431,.F.);
#3777=ORIENTED_EDGE('',*,*,#2438,.F.);
#3778=ORIENTED_EDGE('',*,*,#2572,.F.);
#3779=ORIENTED_EDGE('',*,*,#2573,.F.);
#3780=ORIENTED_EDGE('',*,*,#2061,.F.);
#3781=ORIENTED_EDGE('',*,*,#2497,.F.);
#3782=ORIENTED_EDGE('',*,*,#2440,.F.);
#3783=ORIENTED_EDGE('',*,*,#2498,.F.);
#3784=ORIENTED_EDGE('',*,*,#2059,.F.);
#3785=ORIENTED_EDGE('',*,*,#2574,.F.);
#3786=ORIENTED_EDGE('',*,*,#2575,.F.);
#3787=ORIENTED_EDGE('',*,*,#2441,.F.);
#3788=ORIENTED_EDGE('',*,*,#2575,.T.);
#3789=ORIENTED_EDGE('',*,*,#2576,.F.);
#3790=ORIENTED_EDGE('',*,*,#2577,.T.);
#3791=ORIENTED_EDGE('',*,*,#2547,.F.);
#3792=ORIENTED_EDGE('',*,*,#2495,.F.);
#3793=ORIENTED_EDGE('',*,*,#2548,.F.);
#3794=ORIENTED_EDGE('',*,*,#2577,.F.);
#3795=ORIENTED_EDGE('',*,*,#2578,.F.);
#3796=ORIENTED_EDGE('',*,*,#2569,.T.);
#3797=ORIENTED_EDGE('',*,*,#2566,.F.);
#3798=ORIENTED_EDGE('',*,*,#2544,.F.);
#3799=ORIENTED_EDGE('',*,*,#2055,.F.);
#3800=ORIENTED_EDGE('',*,*,#2579,.F.);
#3801=ORIENTED_EDGE('',*,*,#2559,.T.);
#3802=ORIENTED_EDGE('',*,*,#2568,.F.);
#3803=ORIENTED_EDGE('',*,*,#2535,.F.);
#3804=ORIENTED_EDGE('',*,*,#2051,.F.);
#3805=ORIENTED_EDGE('',*,*,#2580,.F.);
#3806=ORIENTED_EDGE('',*,*,#2581,.F.);
#3807=ORIENTED_EDGE('',*,*,#2536,.F.);
#3808=ORIENTED_EDGE('',*,*,#2581,.T.);
#3809=ORIENTED_EDGE('',*,*,#2582,.F.);
#3810=ORIENTED_EDGE('',*,*,#2583,.T.);
#3811=ORIENTED_EDGE('',*,*,#2529,.F.);
#3812=ORIENTED_EDGE('',*,*,#2500,.F.);
#3813=ORIENTED_EDGE('',*,*,#2530,.F.);
#3814=ORIENTED_EDGE('',*,*,#2583,.F.);
#3815=ORIENTED_EDGE('',*,*,#2584,.F.);
#3816=ORIENTED_EDGE('',*,*,#2533,.T.);
#3817=ORIENTED_EDGE('',*,*,#2517,.F.);
#3818=ORIENTED_EDGE('',*,*,#2503,.F.);
#3819=ORIENTED_EDGE('',*,*,#2047,.F.);
#3820=ORIENTED_EDGE('',*,*,#2585,.F.);
#3821=ORIENTED_EDGE('',*,*,#2586,.T.);
#3822=ORIENTED_EDGE('',*,*,#2519,.F.);
#3823=ORIENTED_EDGE('',*,*,#2520,.F.);
#3824=ORIENTED_EDGE('',*,*,#2586,.F.);
#3825=ORIENTED_EDGE('',*,*,#2587,.F.);
#3826=ORIENTED_EDGE('',*,*,#2045,.F.);
#3827=ORIENTED_EDGE('',*,*,#2390,.F.);
#3828=ORIENTED_EDGE('',*,*,#2422,.F.);
#3829=ORIENTED_EDGE('',*,*,#2588,.F.);
#3830=ORIENTED_EDGE('',*,*,#1998,.F.);
#3831=ORIENTED_EDGE('',*,*,#2451,.F.);
#3832=ORIENTED_EDGE('',*,*,#2423,.T.);
#3833=ORIENTED_EDGE('',*,*,#1999,.F.);
#3834=ORIENTED_EDGE('',*,*,#2588,.T.);
#3835=ORIENTED_EDGE('',*,*,#2421,.F.);
#3836=ORIENTED_EDGE('',*,*,#2469,.F.);
#3837=ORIENTED_EDGE('',*,*,#2492,.F.);
#3838=ORIENTED_EDGE('',*,*,#2393,.F.);
#3839=ORIENTED_EDGE('',*,*,#2493,.F.);
#3840=ORIENTED_EDGE('',*,*,#2449,.F.);
#3841=ORIENTED_EDGE('',*,*,#2589,.F.);
#3842=ORIENTED_EDGE('',*,*,#2002,.F.);
#3843=ORIENTED_EDGE('',*,*,#2448,.F.);
#3844=ORIENTED_EDGE('',*,*,#2462,.F.);
#3845=ORIENTED_EDGE('',*,*,#2404,.F.);
#3846=ORIENTED_EDGE('',*,*,#2400,.T.);
#3847=ORIENTED_EDGE('',*,*,#2003,.F.);
#3848=ORIENTED_EDGE('',*,*,#2589,.T.);
#3849=ORIENTED_EDGE('',*,*,#2384,.F.);
#3850=ORIENTED_EDGE('',*,*,#2403,.F.);
#3851=ORIENTED_EDGE('',*,*,#2590,.F.);
#3852=ORIENTED_EDGE('',*,*,#2006,.F.);
#3853=ORIENTED_EDGE('',*,*,#2523,.F.);
#3854=ORIENTED_EDGE('',*,*,#2031,.F.);
#3855=ORIENTED_EDGE('',*,*,#2514,.T.);
#3856=ORIENTED_EDGE('',*,*,#2507,.F.);
#3857=ORIENTED_EDGE('',*,*,#2531,.F.);
#3858=ORIENTED_EDGE('',*,*,#2515,.T.);
#3859=ORIENTED_EDGE('',*,*,#2029,.F.);
#3860=ORIENTED_EDGE('',*,*,#2532,.F.);
#3861=ORIENTED_EDGE('',*,*,#2540,.F.);
#3862=ORIENTED_EDGE('',*,*,#2024,.F.);
#3863=ORIENTED_EDGE('',*,*,#2555,.T.);
#3864=ORIENTED_EDGE('',*,*,#2526,.F.);
#3865=ORIENTED_EDGE('',*,*,#2395,.F.);
#3866=ORIENTED_EDGE('',*,*,#2012,.F.);
#3867=ORIENTED_EDGE('',*,*,#2562,.T.);
#3868=ORIENTED_EDGE('',*,*,#2428,.F.);
#3869=ORIENTED_EDGE('',*,*,#2464,.F.);
#3870=ORIENTED_EDGE('',*,*,#2416,.F.);
#3871=ORIENTED_EDGE('',*,*,#2591,.F.);
#3872=ORIENTED_EDGE('',*,*,#2592,.F.);
#3873=ORIENTED_EDGE('',*,*,#2069,.F.);
#3874=ORIENTED_EDGE('',*,*,#2491,.F.);
#3875=ORIENTED_EDGE('',*,*,#2415,.F.);
#3876=ORIENTED_EDGE('',*,*,#2071,.F.);
#3877=ORIENTED_EDGE('',*,*,#2593,.F.);
#3878=ORIENTED_EDGE('',*,*,#2591,.T.);
#3879=ORIENTED_EDGE('',*,*,#2414,.F.);
#3880=ORIENTED_EDGE('',*,*,#2412,.T.);
#3881=ORIENTED_EDGE('',*,*,#1995,.F.);
#3882=ORIENTED_EDGE('',*,*,#2073,.F.);
#3883=ORIENTED_EDGE('',*,*,#2437,.F.);
#3884=ORIENTED_EDGE('',*,*,#2494,.F.);
#3885=ORIENTED_EDGE('',*,*,#2459,.F.);
#3886=ORIENTED_EDGE('',*,*,#2063,.F.);
#3887=ORIENTED_EDGE('',*,*,#2594,.F.);
#3888=ORIENTED_EDGE('',*,*,#2572,.T.);
#3889=ORIENTED_EDGE('',*,*,#2522,.F.);
#3890=ORIENTED_EDGE('',*,*,#2595,.T.);
#3891=ORIENTED_EDGE('',*,*,#2033,.F.);
#3892=ORIENTED_EDGE('',*,*,#2521,.F.);
#3893=ORIENTED_EDGE('',*,*,#2043,.F.);
#3894=ORIENTED_EDGE('',*,*,#2034,.F.);
#3895=ORIENTED_EDGE('',*,*,#2595,.F.);
#3896=ORIENTED_EDGE('',*,*,#2386,.F.);
#3897=ORIENTED_EDGE('',*,*,#2015,.F.);
#3898=ORIENTED_EDGE('',*,*,#2435,.T.);
#3899=ORIENTED_EDGE('',*,*,#2426,.F.);
#3900=ORIENTED_EDGE('',*,*,#2380,.F.);
#3901=ORIENTED_EDGE('',*,*,#2007,.F.);
#3902=ORIENTED_EDGE('',*,*,#2590,.T.);
#3903=ORIENTED_EDGE('',*,*,#2402,.F.);
#3904=ORIENTED_EDGE('',*,*,#2476,.T.);
#3905=ORIENTED_EDGE('',*,*,#2480,.T.);
#3906=ORIENTED_EDGE('',*,*,#2488,.T.);
#3907=ORIENTED_EDGE('',*,*,#2490,.T.);
#3908=ORIENTED_EDGE('',*,*,#2066,.T.);
#3909=ORIENTED_EDGE('',*,*,#2473,.T.);
#3910=ORIENTED_EDGE('',*,*,#2564,.T.);
#3911=ORIENTED_EDGE('',*,*,#2484,.T.);
#3912=ORIENTED_EDGE('',*,*,#2481,.T.);
#3913=ORIENTED_EDGE('',*,*,#2592,.T.);
#3914=ORIENTED_EDGE('',*,*,#2593,.T.);
#3915=ORIENTED_EDGE('',*,*,#2070,.T.);
#3916=ORIENTED_EDGE('',*,*,#2573,.T.);
#3917=ORIENTED_EDGE('',*,*,#2594,.T.);
#3918=ORIENTED_EDGE('',*,*,#2062,.T.);
#3919=ORIENTED_EDGE('',*,*,#2585,.T.);
#3920=ORIENTED_EDGE('',*,*,#2046,.T.);
#3921=ORIENTED_EDGE('',*,*,#2587,.T.);
#3922=ORIENTED_EDGE('',*,*,#2570,.T.);
#3923=ORIENTED_EDGE('',*,*,#2578,.T.);
#3924=ORIENTED_EDGE('',*,*,#2576,.T.);
#3925=ORIENTED_EDGE('',*,*,#2574,.T.);
#3926=ORIENTED_EDGE('',*,*,#2058,.T.);
#3927=ORIENTED_EDGE('',*,*,#2580,.T.);
#3928=ORIENTED_EDGE('',*,*,#2050,.T.);
#3929=ORIENTED_EDGE('',*,*,#2534,.T.);
#3930=ORIENTED_EDGE('',*,*,#2584,.T.);
#3931=ORIENTED_EDGE('',*,*,#2582,.T.);
#3932=ORIENTED_EDGE('',*,*,#2579,.T.);
#3933=ORIENTED_EDGE('',*,*,#2054,.T.);
#3934=ORIENTED_EDGE('',*,*,#2560,.T.);
#3935=ORIENTED_EDGE('',*,*,#2368,.T.);
#3936=ORIENTED_EDGE('',*,*,#2365,.T.);
#3937=ORIENTED_EDGE('',*,*,#2077,.T.);
#3938=B_SPLINE_SURFACE_WITH_KNOTS('',3,1,((#5228,#5229),(#5230,#5231),(#5232,
#5233),(#5234,#5235),(#5236,#5237),(#5238,#5239),(#5240,#5241),(#5242,#5243),
(#5244,#5245),(#5246,#5247),(#5248,#5249),(#5250,#5251),(#5252,#5253),(#5254,
#5255),(#5256,#5257),(#5258,#5259),(#5260,#5261),(#5262,#5263),(#5264,#5265),
(#5266,#5267),(#5268,#5269),(#5270,#5271)),.UNSPECIFIED.,.F.,.F.,.F.,(4,
3,3,3,3,3,3,4),(2,2),(-1.,-0.924370923992494,-0.763647695501434,-0.604319509377691,
-0.4433738895739,-0.296447110728199,-0.150264842773709,0.),(0.,5.),
 .UNSPECIFIED.);
#3939=B_SPLINE_SURFACE_WITH_KNOTS('',3,3,((#5296,#5297,#5298,#5299),(#5300,
#5301,#5302,#5303),(#5304,#5305,#5306,#5307),(#5308,#5309,#5310,#5311),
(#5312,#5313,#5314,#5315),(#5316,#5317,#5318,#5319),(#5320,#5321,#5322,
#5323),(#5324,#5325,#5326,#5327),(#5328,#5329,#5330,#5331),(#5332,#5333,
#5334,#5335),(#5336,#5337,#5338,#5339),(#5340,#5341,#5342,#5343),(#5344,
#5345,#5346,#5347),(#5348,#5349,#5350,#5351),(#5352,#5353,#5354,#5355),
(#5356,#5357,#5358,#5359),(#5360,#5361,#5362,#5363),(#5364,#5365,#5366,
#5367),(#5368,#5369,#5370,#5371),(#5372,#5373,#5374,#5375),(#5376,#5377,
#5378,#5379),(#5380,#5381,#5382,#5383),(#5384,#5385,#5386,#5387),(#5388,
#5389,#5390,#5391),(#5392,#5393,#5394,#5395),(#5396,#5397,#5398,#5399),
(#5400,#5401,#5402,#5403),(#5404,#5405,#5406,#5407),(#5408,#5409,#5410,
#5411),(#5412,#5413,#5414,#5415),(#5416,#5417,#5418,#5419),(#5420,#5421,
#5422,#5423),(#5424,#5425,#5426,#5427),(#5428,#5429,#5430,#5431),(#5432,
#5433,#5434,#5435),(#5436,#5437,#5438,#5439),(#5440,#5441,#5442,#5443),
(#5444,#5445,#5446,#5447),(#5448,#5449,#5450,#5451),(#5452,#5453,#5454,
#5455),(#5456,#5457,#5458,#5459),(#5460,#5461,#5462,#5463),(#5464,#5465,
#5466,#5467),(#5468,#5469,#5470,#5471),(#5472,#5473,#5474,#5475),(#5476,
#5477,#5478,#5479),(#5480,#5481,#5482,#5483),(#5484,#5485,#5486,#5487),
(#5488,#5489,#5490,#5491),(#5492,#5493,#5494,#5495),(#5496,#5497,#5498,
#5499),(#5500,#5501,#5502,#5503),(#5504,#5505,#5506,#5507),(#5508,#5509,
#5510,#5511),(#5512,#5513,#5514,#5515),(#5516,#5517,#5518,#5519),(#5520,
#5521,#5522,#5523),(#5524,#5525,#5526,#5527),(#5528,#5529,#5530,#5531),
(#5532,#5533,#5534,#5535),(#5536,#5537,#5538,#5539)),.UNSPECIFIED.,.F.,
 .F.,.F.,(4,1,1,1,1,1,1,1,1,1,1,1,1,1,1,1,1,1,1,1,1,1,1,1,1,1,1,1,1,1,1,
1,1,1,1,1,1,1,1,1,1,1,1,1,1,1,1,1,1,1,1,1,1,1,1,1,2,4),(4,4),(0.,0.0124106552757371,
0.0248213105514743,0.0496426211029485,0.0744639316544227,0.099285242205897,
0.124106552757371,0.148927863308845,0.161338518584583,0.17374917386032,
0.186159829136057,0.198570484411794,0.223391794963268,0.248213105514743,
0.26062376079048,0.273034416066217,0.297855726617691,0.310266381893428,
0.322677037169165,0.335087692444902,0.347498347720639,0.359909002996377,
0.372319658272114,0.397140968823588,0.421962279375062,0.446783589926537,
0.471604900478011,0.496426211029485,0.521247521580959,0.546068832132434,
0.570890142683908,0.595711453235382,0.620532763786856,0.632943419062593,
0.64535407433833,0.657764729614068,0.670175384889805,0.694996695441279,
0.719818005992753,0.744639316544228,0.769460627095702,0.794281937647176,
0.806692592922913,0.81910324819865,0.831513903474387,0.843924558750125,
0.856335214025862,0.868745869301599,0.881156524577336,0.893567179853073,
0.899772507490942,0.90597783512881,0.918388490404547,0.930799145680284,
0.943209800956022,0.968031111507496,0.99285242205897,1.),(0.,1.),
 .UNSPECIFIED.);
#3940=B_SPLINE_SURFACE_WITH_KNOTS('',3,1,((#6372,#6373),(#6374,#6375),(#6376,
#6377),(#6378,#6379),(#6380,#6381),(#6382,#6383),(#6384,#6385),(#6386,#6387),
(#6388,#6389),(#6390,#6391),(#6392,#6393),(#6394,#6395),(#6396,#6397),(#6398,
#6399),(#6400,#6401),(#6402,#6403),(#6404,#6405),(#6406,#6407),(#6408,#6409),
(#6410,#6411),(#6412,#6413),(#6414,#6415)),.UNSPECIFIED.,.F.,.F.,.F.,(4,
3,3,3,3,3,3,4),(2,2),(0.,0.150597704062149,0.296822145487072,0.442719725589498,
0.602689208392659,0.76266682052155,0.924539325599227,1.),(0.,5.),
 .UNSPECIFIED.);
#3941=B_SPLINE_SURFACE_WITH_KNOTS('',3,1,((#7010,#7011),(#7012,#7013),(#7014,
#7015),(#7016,#7017),(#7018,#7019),(#7020,#7021),(#7022,#7023),(#7024,#7025),
(#7026,#7027),(#7028,#7029),(#7030,#7031),(#7032,#7033),(#7034,#7035),(#7036,
#7037),(#7038,#7039),(#7040,#7041),(#7042,#7043),(#7044,#7045),(#7046,#7047),
(#7048,#7049),(#7050,#7051),(#7052,#7053)),.UNSPECIFIED.,.F.,.F.,.F.,(4,
3,3,3,3,3,3,4),(2,2),(0.,0.150597704062149,0.296822145487072,0.442719725589498,
0.602689208392659,0.76266682052155,0.924539325599227,1.),(0.,5.),
 .UNSPECIFIED.);
#3942=B_SPLINE_SURFACE_WITH_KNOTS('',3,1,((#7166,#7167),(#7168,#7169),(#7170,
#7171),(#7172,#7173),(#7174,#7175),(#7176,#7177),(#7178,#7179),(#7180,#7181),
(#7182,#7183),(#7184,#7185),(#7186,#7187),(#7188,#7189),(#7190,#7191),(#7192,
#7193),(#7194,#7195),(#7196,#7197),(#7198,#7199),(#7200,#7201),(#7202,#7203),
(#7204,#7205),(#7206,#7207),(#7208,#7209)),.UNSPECIFIED.,.F.,.F.,.F.,(4,
3,3,3,3,3,3,4),(2,2),(0.,0.150597704062149,0.296822145487072,0.442719725589498,
0.602689208392659,0.76266682052155,0.924539325599227,1.),(0.,5.),
 .UNSPECIFIED.);
#3943=B_SPLINE_SURFACE_WITH_KNOTS('',3,1,((#7262,#7263),(#7264,#7265),(#7266,
#7267),(#7268,#7269),(#7270,#7271),(#7272,#7273),(#7274,#7275),(#7276,#7277),
(#7278,#7279),(#7280,#7281),(#7282,#7283),(#7284,#7285),(#7286,#7287),(#7288,
#7289),(#7290,#7291),(#7292,#7293),(#7294,#7295),(#7296,#7297),(#7298,#7299),
(#7300,#7301),(#7302,#7303),(#7304,#7305)),.UNSPECIFIED.,.F.,.F.,.F.,(4,
3,3,3,3,3,3,4),(2,2),(0.,0.150597704062149,0.296822145487072,0.442719725589498,
0.602689208392659,0.76266682052155,0.924539325599227,1.),(0.,5.),
 .UNSPECIFIED.);
#3944=B_SPLINE_SURFACE_WITH_KNOTS('',3,1,((#7322,#7323),(#7324,#7325),(#7326,
#7327),(#7328,#7329),(#7330,#7331),(#7332,#7333),(#7334,#7335),(#7336,#7337),
(#7338,#7339),(#7340,#7341),(#7342,#7343),(#7344,#7345),(#7346,#7347),(#7348,
#7349),(#7350,#7351),(#7352,#7353),(#7354,#7355),(#7356,#7357),(#7358,#7359),
(#7360,#7361),(#7362,#7363),(#7364,#7365)),.UNSPECIFIED.,.F.,.F.,.F.,(4,
3,3,3,3,3,3,4),(2,2),(0.,0.150597704062149,0.296822145487072,0.442719725589498,
0.602689208392659,0.76266682052155,0.924539325599227,1.),(0.,5.),
 .UNSPECIFIED.);
#3945=B_SPLINE_SURFACE_WITH_KNOTS('',3,1,((#7589,#7590),(#7591,#7592),(#7593,
#7594),(#7595,#7596),(#7597,#7598),(#7599,#7600),(#7601,#7602),(#7603,#7604),
(#7605,#7606),(#7607,#7608),(#7609,#7610),(#7611,#7612),(#7613,#7614),(#7615,
#7616),(#7617,#7618),(#7619,#7620),(#7621,#7622),(#7623,#7624),(#7625,#7626),
(#7627,#7628),(#7629,#7630),(#7631,#7632)),.UNSPECIFIED.,.F.,.F.,.F.,(4,
3,3,3,3,3,3,4),(2,2),(0.,0.150597704062149,0.296822145487072,0.442719725589498,
0.602689208392659,0.76266682052155,0.924539325599227,1.),(0.,5.),
 .UNSPECIFIED.);
#3946=B_SPLINE_SURFACE_WITH_KNOTS('',3,1,((#7637,#7638),(#7639,#7640),(#7641,
#7642),(#7643,#7644),(#7645,#7646),(#7647,#7648),(#7649,#7650),(#7651,#7652),
(#7653,#7654),(#7655,#7656),(#7657,#7658),(#7659,#7660),(#7661,#7662),(#7663,
#7664),(#7665,#7666),(#7667,#7668),(#7669,#7670),(#7671,#7672),(#7673,#7674),
(#7675,#7676),(#7677,#7678),(#7679,#7680)),.UNSPECIFIED.,.F.,.F.,.F.,(4,
3,3,3,3,3,3,4),(2,2),(0.,0.150597704062149,0.296822145487072,0.442719725589498,
0.602689208392659,0.76266682052155,0.924539325599227,1.),(0.,5.),
 .UNSPECIFIED.);
#3947=B_SPLINE_SURFACE_WITH_KNOTS('',3,1,((#7685,#7686),(#7687,#7688),(#7689,
#7690),(#7691,#7692),(#7693,#7694),(#7695,#7696),(#7697,#7698),(#7699,#7700),
(#7701,#7702),(#7703,#7704),(#7705,#7706),(#7707,#7708),(#7709,#7710),(#7711,
#7712),(#7713,#7714),(#7715,#7716),(#7717,#7718),(#7719,#7720),(#7721,#7722),
(#7723,#7724),(#7725,#7726),(#7727,#7728)),.UNSPECIFIED.,.F.,.F.,.F.,(4,
3,3,3,3,3,3,4),(2,2),(0.,0.150597704062149,0.296822145487072,0.442719725589498,
0.602689208392659,0.76266682052155,0.924539325599227,1.),(0.,5.),
 .UNSPECIFIED.);
#3948=B_SPLINE_SURFACE_WITH_KNOTS('',3,1,((#7764,#7765),(#7766,#7767),(#7768,
#7769),(#7770,#7771),(#7772,#7773),(#7774,#7775),(#7776,#7777),(#7778,#7779),
(#7780,#7781),(#7782,#7783),(#7784,#7785),(#7786,#7787),(#7788,#7789),(#7790,
#7791),(#7792,#7793),(#7794,#7795),(#7796,#7797),(#7798,#7799),(#7800,#7801),
(#7802,#7803),(#7804,#7805),(#7806,#7807)),.UNSPECIFIED.,.F.,.F.,.F.,(4,
3,3,3,3,3,3,4),(2,2),(0.,0.150597704062149,0.296822145487072,0.442719725589498,
0.602689208392659,0.76266682052155,0.924539325599227,1.),(0.,5.),
 .UNSPECIFIED.);
#3949=B_SPLINE_SURFACE_WITH_KNOTS('',3,1,((#7812,#7813),(#7814,#7815),(#7816,
#7817),(#7818,#7819),(#7820,#7821),(#7822,#7823),(#7824,#7825),(#7826,#7827),
(#7828,#7829),(#7830,#7831),(#7832,#7833),(#7834,#7835),(#7836,#7837),(#7838,
#7839),(#7840,#7841),(#7842,#7843),(#7844,#7845),(#7846,#7847),(#7848,#7849),
(#7850,#7851),(#7852,#7853),(#7854,#7855)),.UNSPECIFIED.,.F.,.F.,.F.,(4,
3,3,3,3,3,3,4),(2,2),(0.,0.150597704062149,0.296822145487072,0.442719725589498,
0.602689208392659,0.76266682052155,0.924539325599227,1.),(0.,5.),
 .UNSPECIFIED.);
#3950=B_SPLINE_SURFACE_WITH_KNOTS('',3,1,((#7867,#7868),(#7869,#7870),(#7871,
#7872),(#7873,#7874),(#7875,#7876),(#7877,#7878),(#7879,#7880),(#7881,#7882),
(#7883,#7884),(#7885,#7886),(#7887,#7888),(#7889,#7890),(#7891,#7892),(#7893,
#7894),(#7895,#7896),(#7897,#7898),(#7899,#7900),(#7901,#7902),(#7903,#7904),
(#7905,#7906),(#7907,#7908),(#7909,#7910)),.UNSPECIFIED.,.F.,.F.,.F.,(4,
3,3,3,3,3,3,4),(2,2),(0.,0.150597704062149,0.296822145487072,0.442719725589498,
0.602689208392659,0.76266682052155,0.924539325599227,1.),(0.,5.),
 .UNSPECIFIED.);
#3951=B_SPLINE_SURFACE_WITH_KNOTS('',3,1,((#7911,#7912),(#7913,#7914),(#7915,
#7916),(#7917,#7918),(#7919,#7920),(#7921,#7922),(#7923,#7924),(#7925,#7926),
(#7927,#7928),(#7929,#7930),(#7931,#7932),(#7933,#7934),(#7935,#7936),(#7937,
#7938),(#7939,#7940),(#7941,#7942),(#7943,#7944),(#7945,#7946),(#7947,#7948),
(#7949,#7950),(#7951,#7952),(#7953,#7954)),.UNSPECIFIED.,.F.,.F.,.F.,(4,
3,3,3,3,3,3,4),(2,2),(0.,0.150597704062149,0.296822145487072,0.442719725589498,
0.602689208392659,0.76266682052155,0.924539325599227,1.),(0.,5.),
 .UNSPECIFIED.);
#3952=B_SPLINE_SURFACE_WITH_KNOTS('',3,1,((#8172,#8173),(#8174,#8175),(#8176,
#8177),(#8178,#8179),(#8180,#8181),(#8182,#8183),(#8184,#8185),(#8186,#8187),
(#8188,#8189),(#8190,#8191),(#8192,#8193),(#8194,#8195),(#8196,#8197),(#8198,
#8199),(#8200,#8201),(#8202,#8203),(#8204,#8205),(#8206,#8207),(#8208,#8209),
(#8210,#8211),(#8212,#8213),(#8214,#8215)),.UNSPECIFIED.,.F.,.F.,.F.,(4,
3,3,3,3,3,3,4),(2,2),(0.,0.150597704062149,0.296822145487072,0.442719725589498,
0.602689208392659,0.76266682052155,0.924539325599227,1.),(0.,5.),
 .UNSPECIFIED.);
#3953=B_SPLINE_SURFACE_WITH_KNOTS('',3,1,((#8318,#8319),(#8320,#8321),(#8322,
#8323),(#8324,#8325),(#8326,#8327),(#8328,#8329),(#8330,#8331),(#8332,#8333),
(#8334,#8335),(#8336,#8337),(#8338,#8339),(#8340,#8341),(#8342,#8343),(#8344,
#8345),(#8346,#8347),(#8348,#8349),(#8350,#8351),(#8352,#8353),(#8354,#8355),
(#8356,#8357),(#8358,#8359),(#8360,#8361)),.UNSPECIFIED.,.F.,.F.,.F.,(4,
3,3,3,3,3,3,4),(2,2),(0.,0.150597704062149,0.296822145487072,0.442719725589498,
0.602689208392659,0.76266682052155,0.924539325599227,1.),(0.,5.),
 .UNSPECIFIED.);
#3954=B_SPLINE_SURFACE_WITH_KNOTS('',3,1,((#8380,#8381),(#8382,#8383),(#8384,
#8385),(#8386,#8387),(#8388,#8389),(#8390,#8391),(#8392,#8393),(#8394,#8395),
(#8396,#8397),(#8398,#8399),(#8400,#8401),(#8402,#8403),(#8404,#8405),(#8406,
#8407),(#8408,#8409),(#8410,#8411),(#8412,#8413),(#8414,#8415),(#8416,#8417),
(#8418,#8419),(#8420,#8421),(#8422,#8423)),.UNSPECIFIED.,.F.,.F.,.F.,(4,
3,3,3,3,3,3,4),(2,2),(0.,0.150597704062149,0.296822145487072,0.442719725589498,
0.602689208392659,0.76266682052155,0.924539325599227,1.),(0.,5.),
 .UNSPECIFIED.);
#3955=B_SPLINE_SURFACE_WITH_KNOTS('',3,3,((#8444,#8445,#8446,#8447),(#8448,
#8449,#8450,#8451),(#8452,#8453,#8454,#8455),(#8456,#8457,#8458,#8459),
(#8460,#8461,#8462,#8463),(#8464,#8465,#8466,#8467),(#8468,#8469,#8470,
#8471),(#8472,#8473,#8474,#8475),(#8476,#8477,#8478,#8479),(#8480,#8481,
#8482,#8483)),.UNSPECIFIED.,.F.,.F.,.F.,(4,1,1,1,1,1,1,4),(4,4),(0.323598729222798,
0.342097939848714,0.36059715047463,0.379096361100546,0.397595571726462,
0.416094782352378,0.434593992978294,0.453093203604211),(0.,0.209621472274655),
 .UNSPECIFIED.);
#3956=B_SPLINE_SURFACE_WITH_KNOTS('',3,3,((#8484,#8485,#8486,#8487),(#8488,
#8489,#8490,#8491),(#8492,#8493,#8494,#8495),(#8496,#8497,#8498,#8499),
(#8500,#8501,#8502,#8503),(#8504,#8505,#8506,#8507),(#8508,#8509,#8510,
#8511),(#8512,#8513,#8514,#8515),(#8516,#8517,#8518,#8519)),
 .UNSPECIFIED.,.F.,.F.,.F.,(4,1,1,1,1,1,4),(4,4),(0.39458112098279,0.413737065864369,
0.432893010745949,0.452048955627528,0.490360845390686,0.509516790272265,
0.528672735153844),(0.0714726539511072,0.361542443309364),.UNSPECIFIED.);
#3957=B_SPLINE_SURFACE_WITH_KNOTS('',3,3,((#8520,#8521,#8522,#8523),(#8524,
#8525,#8526,#8527),(#8528,#8529,#8530,#8531),(#8532,#8533,#8534,#8535),
(#8536,#8537,#8538,#8539),(#8540,#8541,#8542,#8543),(#8544,#8545,#8546,
#8547),(#8548,#8549,#8550,#8551),(#8552,#8553,#8554,#8555),(#8556,#8557,
#8558,#8559),(#8560,#8561,#8562,#8563),(#8564,#8565,#8566,#8567),(#8568,
#8569,#8570,#8571),(#8572,#8573,#8574,#8575)),.UNSPECIFIED.,.F.,.F.,.F.,
(4,1,1,1,1,1,1,1,1,1,1,4),(4,4),(0.70653979646204,0.732296302446488,0.758052808430935,
0.770931061423159,0.783809314415383,0.80956582039983,0.822444073392054,
0.835322326384278,0.848200579376502,0.861078832368725,0.873957085360949,
0.886835338353173),(0.,0.0912327474895701),.UNSPECIFIED.);
#3958=B_SPLINE_SURFACE_WITH_KNOTS('',3,3,((#8576,#8577,#8578,#8579),(#8580,
#8581,#8582,#8583),(#8584,#8585,#8586,#8587),(#8588,#8589,#8590,#8591),
(#8592,#8593,#8594,#8595),(#8596,#8597,#8598,#8599),(#8600,#8601,#8602,
#8603),(#8604,#8605,#8606,#8607),(#8608,#8609,#8610,#8611)),
 .UNSPECIFIED.,.F.,.F.,.F.,(4,1,1,1,1,1,4),(4,4),(0.601176334966114,0.623832836914896,
0.669145840812458,0.691802342761239,0.714458844710021,0.737115346658802,
0.759771848607583),(0.,0.182054660439785),.UNSPECIFIED.);
#3959=B_SPLINE_SURFACE_WITH_KNOTS('',3,3,((#8612,#8613,#8614,#8615),(#8616,
#8617,#8618,#8619),(#8620,#8621,#8622,#8623),(#8624,#8625,#8626,#8627),
(#8628,#8629,#8630,#8631),(#8632,#8633,#8634,#8635),(#8636,#8637,#8638,
#8639)),.UNSPECIFIED.,.F.,.F.,.F.,(4,1,1,1,4),(4,4),(0.554044389032022,
0.570908449294674,0.604636569819976,0.638364690345279,0.672092810870582),
(0.,0.0654686405747038),.UNSPECIFIED.);
#3960=B_SPLINE_SURFACE_WITH_KNOTS('',3,3,((#8640,#8641,#8642,#8643),(#8644,
#8645,#8646,#8647),(#8648,#8649,#8650,#8651),(#8652,#8653,#8654,#8655),
(#8656,#8657,#8658,#8659),(#8660,#8661,#8662,#8663),(#8664,#8665,#8666,
#8667),(#8668,#8669,#8670,#8671),(#8672,#8673,#8674,#8675)),
 .UNSPECIFIED.,.F.,.F.,.F.,(4,1,1,1,1,1,4),(4,4),(0.453915368074753,0.474837805124439,
0.516682679223813,0.537605116273499,0.558527553323186,0.579449990372873,
0.60037242742256),(0.,0.165779329972122),.UNSPECIFIED.);
#3961=B_SPLINE_SURFACE_WITH_KNOTS('',3,3,((#8676,#8677,#8678,#8679),(#8680,
#8681,#8682,#8683),(#8684,#8685,#8686,#8687),(#8688,#8689,#8690,#8691),
(#8692,#8693,#8694,#8695),(#8696,#8697,#8698,#8699),(#8700,#8701,#8702,
#8703),(#8704,#8705,#8706,#8707),(#8708,#8709,#8710,#8711)),
 .UNSPECIFIED.,.F.,.F.,.F.,(4,1,1,1,1,1,4),(4,4),(0.405218847588646,0.421957194407656,
0.438695541226666,0.455433888045676,0.488910581683696,0.505648928502706,
0.522387275321716),(0.,0.0703743365866105),.UNSPECIFIED.);
#3962=B_SPLINE_SURFACE_WITH_KNOTS('',3,3,((#8712,#8713,#8714,#8715),(#8716,
#8717,#8718,#8719),(#8720,#8721,#8722,#8723),(#8724,#8725,#8726,#8727),
(#8728,#8729,#8730,#8731),(#8732,#8733,#8734,#8735),(#8736,#8737,#8738,
#8739),(#8740,#8741,#8742,#8743),(#8744,#8745,#8746,#8747),(#8748,#8749,
#8750,#8751)),.UNSPECIFIED.,.F.,.F.,.F.,(4,1,1,1,1,1,1,4),(4,4),(0.266005074160635,
0.282876636869587,0.299748199578539,0.316619762287491,0.333491324996444,
0.350362887705396,0.367234450414348,0.3841060131233),(0.,0.0941857171674175),
 .UNSPECIFIED.);
#3963=B_SPLINE_SURFACE_WITH_KNOTS('',3,3,((#8752,#8753,#8754,#8755),(#8756,
#8757,#8758,#8759),(#8760,#8761,#8762,#8763),(#8764,#8765,#8766,#8767),
(#8768,#8769,#8770,#8771),(#8772,#8773,#8774,#8775),(#8776,#8777,#8778,
#8779),(#8780,#8781,#8782,#8783),(#8784,#8785,#8786,#8787),(#8788,#8789,
#8790,#8791),(#8792,#8793,#8794,#8795),(#8796,#8797,#8798,#8799),(#8800,
#8801,#8802,#8803),(#8804,#8805,#8806,#8807),(#8808,#8809,#8810,#8811),
(#8812,#8813,#8814,#8815),(#8816,#8817,#8818,#8819),(#8820,#8821,#8822,
#8823),(#8824,#8825,#8826,#8827),(#8828,#8829,#8830,#8831),(#8832,#8833,
#8834,#8835),(#8836,#8837,#8838,#8839),(#8840,#8841,#8842,#8843),(#8844,
#8845,#8846,#8847),(#8848,#8849,#8850,#8851),(#8852,#8853,#8854,#8855),
(#8856,#8857,#8858,#8859),(#8860,#8861,#8862,#8863),(#8864,#8865,#8866,
#8867),(#8868,#8869,#8870,#8871),(#8872,#8873,#8874,#8875),(#8876,#8877,
#8878,#8879),(#8880,#8881,#8882,#8883),(#8884,#8885,#8886,#8887),(#8888,
#8889,#8890,#8891),(#8892,#8893,#8894,#8895),(#8896,#8897,#8898,#8899),
(#8900,#8901,#8902,#8903),(#8904,#8905,#8906,#8907),(#8908,#8909,#8910,
#8911),(#8912,#8913,#8914,#8915),(#8916,#8917,#8918,#8919),(#8920,#8921,
#8922,#8923),(#8924,#8925,#8926,#8927),(#8928,#8929,#8930,#8931),(#8932,
#8933,#8934,#8935)),.UNSPECIFIED.,.F.,.F.,.F.,(4,1,1,1,1,1,1,1,1,1,1,1,
1,1,1,1,1,1,1,1,1,1,1,1,1,1,1,1,1,1,1,1,1,1,1,1,1,1,1,1,1,1,1,4),(4,4),
(0.0564037361005557,0.068566649784073,0.0807295634675903,0.0928924771511076,
0.105055390834625,0.129381218201659,0.129571263727964,0.129761309254269,
0.130141400306879,0.130901582412099,0.132421946622539,0.133942310832978,
0.135462675043418,0.138503403464297,0.141544131885177,0.144584860306056,
0.146105224516496,0.147625588726935,0.153707045568694,0.156747773989573,
0.159788502410453,0.161308866620892,0.162829230831332,0.165869959252211,
0.17195141609397,0.17271159819919,0.1730916892518,0.17347178030441,0.174992144514849,
0.175752326620069,0.176512508725289,0.176702554251594,0.176892599777899,
0.177272690830509,0.177652781883119,0.177842827409424,0.177890338791,0.177937850172576,
0.177985361554152,0.178032872935729,0.190195786619246,0.202358700302763,
0.21452161398628,0.226684527669798),(0.,0.164706497312395),
 .UNSPECIFIED.);
#3964=B_SPLINE_SURFACE_WITH_KNOTS('',3,1,((#8955,#8956),(#8957,#8958),(#8959,
#8960),(#8961,#8962),(#8963,#8964),(#8965,#8966),(#8967,#8968),(#8969,#8970),
(#8971,#8972),(#8973,#8974),(#8975,#8976),(#8977,#8978),(#8979,#8980),(#8981,
#8982),(#8983,#8984),(#8985,#8986),(#8987,#8988),(#8989,#8990),(#8991,#8992),
(#8993,#8994),(#8995,#8996),(#8997,#8998)),.UNSPECIFIED.,.F.,.F.,.F.,(4,
3,3,3,3,3,3,4),(2,2),(0.,0.150597704062149,0.296822145487072,0.442719725589498,
0.602689208392659,0.76266682052155,0.924539325599227,1.),(0.,5.),
 .UNSPECIFIED.);
#3965=B_SPLINE_SURFACE_WITH_KNOTS('',3,1,((#9057,#9058),(#9059,#9060),(#9061,
#9062),(#9063,#9064),(#9065,#9066),(#9067,#9068),(#9069,#9070),(#9071,#9072),
(#9073,#9074),(#9075,#9076),(#9077,#9078),(#9079,#9080),(#9081,#9082),(#9083,
#9084),(#9085,#9086),(#9087,#9088),(#9089,#9090),(#9091,#9092),(#9093,#9094),
(#9095,#9096),(#9097,#9098),(#9099,#9100)),.UNSPECIFIED.,.F.,.F.,.F.,(4,
3,3,3,3,3,3,4),(2,2),(-1.,-0.924370923992494,-0.763647695501434,-0.604319509377691,
-0.4433738895739,-0.296447110728199,-0.150264842773709,0.),(0.,5.),
 .UNSPECIFIED.);
#3966=B_SPLINE_SURFACE_WITH_KNOTS('',3,1,((#9199,#9200),(#9201,#9202),(#9203,
#9204),(#9205,#9206),(#9207,#9208),(#9209,#9210),(#9211,#9212),(#9213,#9214),
(#9215,#9216),(#9217,#9218),(#9219,#9220),(#9221,#9222),(#9223,#9224),(#9225,
#9226),(#9227,#9228),(#9229,#9230),(#9231,#9232),(#9233,#9234),(#9235,#9236),
(#9237,#9238),(#9239,#9240),(#9241,#9242)),.UNSPECIFIED.,.F.,.F.,.F.,(4,
3,3,3,3,3,3,4),(2,2),(-1.,-0.924370923992494,-0.763647695501434,-0.604319509377691,
-0.4433738895739,-0.296447110728199,-0.150264842773709,0.),(0.,5.),
 .UNSPECIFIED.);
#3967=B_SPLINE_SURFACE_WITH_KNOTS('',3,1,((#9298,#9299),(#9300,#9301),(#9302,
#9303),(#9304,#9305),(#9306,#9307),(#9308,#9309),(#9310,#9311),(#9312,#9313),
(#9314,#9315),(#9316,#9317),(#9318,#9319),(#9320,#9321),(#9322,#9323),(#9324,
#9325),(#9326,#9327),(#9328,#9329),(#9330,#9331),(#9332,#9333),(#9334,#9335),
(#9336,#9337),(#9338,#9339),(#9340,#9341)),.UNSPECIFIED.,.F.,.F.,.F.,(4,
3,3,3,3,3,3,4),(2,2),(-1.,-0.924370923992494,-0.763647695501434,-0.604319509377691,
-0.4433738895739,-0.296447110728199,-0.150264842773709,0.),(0.,5.),
 .UNSPECIFIED.);
#3968=B_SPLINE_SURFACE_WITH_KNOTS('',3,1,((#9394,#9395),(#9396,#9397),(#9398,
#9399),(#9400,#9401),(#9402,#9403),(#9404,#9405),(#9406,#9407),(#9408,#9409),
(#9410,#9411),(#9412,#9413),(#9414,#9415),(#9416,#9417),(#9418,#9419),(#9420,
#9421),(#9422,#9423),(#9424,#9425),(#9426,#9427),(#9428,#9429),(#9430,#9431),
(#9432,#9433),(#9434,#9435),(#9436,#9437)),.UNSPECIFIED.,.F.,.F.,.F.,(4,
3,3,3,3,3,3,4),(2,2),(-1.,-0.924370923992494,-0.763647695501434,-0.604319509377691,
-0.4433738895739,-0.296447110728199,-0.150264842773709,0.),(0.,5.),
 .UNSPECIFIED.);
#3969=B_SPLINE_SURFACE_WITH_KNOTS('',3,1,((#9672,#9673),(#9674,#9675),(#9676,
#9677),(#9678,#9679),(#9680,#9681),(#9682,#9683),(#9684,#9685),(#9686,#9687),
(#9688,#9689),(#9690,#9691),(#9692,#9693),(#9694,#9695),(#9696,#9697),(#9698,
#9699),(#9700,#9701),(#9702,#9703),(#9704,#9705),(#9706,#9707),(#9708,#9709),
(#9710,#9711),(#9712,#9713),(#9714,#9715)),.UNSPECIFIED.,.F.,.F.,.F.,(4,
3,3,3,3,3,3,4),(2,2),(-1.,-0.924370923992494,-0.763647695501434,-0.604319509377691,
-0.4433738895739,-0.296447110728199,-0.150264842773709,0.),(0.,5.),
 .UNSPECIFIED.);
#3970=B_SPLINE_SURFACE_WITH_KNOTS('',3,1,((#9720,#9721),(#9722,#9723),(#9724,
#9725),(#9726,#9727),(#9728,#9729),(#9730,#9731),(#9732,#9733),(#9734,#9735),
(#9736,#9737),(#9738,#9739),(#9740,#9741),(#9742,#9743),(#9744,#9745),(#9746,
#9747),(#9748,#9749),(#9750,#9751),(#9752,#9753),(#9754,#9755),(#9756,#9757),
(#9758,#9759),(#9760,#9761),(#9762,#9763)),.UNSPECIFIED.,.F.,.F.,.F.,(4,
3,3,3,3,3,3,4),(2,2),(-1.,-0.924370923992494,-0.763647695501434,-0.604319509377691,
-0.4433738895739,-0.296447110728199,-0.150264842773709,0.),(0.,5.),
 .UNSPECIFIED.);
#3971=B_SPLINE_SURFACE_WITH_KNOTS('',3,1,((#9764,#9765),(#9766,#9767),(#9768,
#9769),(#9770,#9771),(#9772,#9773),(#9774,#9775),(#9776,#9777),(#9778,#9779),
(#9780,#9781),(#9782,#9783),(#9784,#9785),(#9786,#9787),(#9788,#9789),(#9790,
#9791),(#9792,#9793),(#9794,#9795),(#9796,#9797),(#9798,#9799),(#9800,#9801),
(#9802,#9803),(#9804,#9805),(#9806,#9807)),.UNSPECIFIED.,.F.,.F.,.F.,(4,
3,3,3,3,3,3,4),(2,2),(-1.,-0.924370923992494,-0.763647695501434,-0.604319509377691,
-0.4433738895739,-0.296447110728199,-0.150264842773709,0.),(0.,5.),
 .UNSPECIFIED.);
#3972=B_SPLINE_SURFACE_WITH_KNOTS('',3,1,((#9812,#9813),(#9814,#9815),(#9816,
#9817),(#9818,#9819),(#9820,#9821),(#9822,#9823),(#9824,#9825),(#9826,#9827),
(#9828,#9829),(#9830,#9831),(#9832,#9833),(#9834,#9835),(#9836,#9837),(#9838,
#9839),(#9840,#9841),(#9842,#9843),(#9844,#9845),(#9846,#9847),(#9848,#9849),
(#9850,#9851),(#9852,#9853),(#9854,#9855)),.UNSPECIFIED.,.F.,.F.,.F.,(4,
3,3,3,3,3,3,4),(2,2),(-1.,-0.924370923992494,-0.763647695501434,-0.604319509377691,
-0.4433738895739,-0.296447110728199,-0.150264842773709,0.),(0.,5.),
 .UNSPECIFIED.);
#3973=B_SPLINE_SURFACE_WITH_KNOTS('',3,1,((#9860,#9861),(#9862,#9863),(#9864,
#9865),(#9866,#9867),(#9868,#9869),(#9870,#9871),(#9872,#9873),(#9874,#9875),
(#9876,#9877),(#9878,#9879),(#9880,#9881),(#9882,#9883),(#9884,#9885),(#9886,
#9887),(#9888,#9889),(#9890,#9891),(#9892,#9893),(#9894,#9895),(#9896,#9897),
(#9898,#9899),(#9900,#9901),(#9902,#9903)),.UNSPECIFIED.,.F.,.F.,.F.,(4,
3,3,3,3,3,3,4),(2,2),(-1.,-0.924370923992494,-0.763647695501434,-0.604319509377691,
-0.4433738895739,-0.296447110728199,-0.150264842773709,0.),(0.,5.),
 .UNSPECIFIED.);
#3974=B_SPLINE_SURFACE_WITH_KNOTS('',3,1,((#9908,#9909),(#9910,#9911),(#9912,
#9913),(#9914,#9915),(#9916,#9917),(#9918,#9919),(#9920,#9921),(#9922,#9923),
(#9924,#9925),(#9926,#9927),(#9928,#9929),(#9930,#9931),(#9932,#9933),(#9934,
#9935),(#9936,#9937),(#9938,#9939),(#9940,#9941),(#9942,#9943),(#9944,#9945),
(#9946,#9947),(#9948,#9949),(#9950,#9951)),.UNSPECIFIED.,.F.,.F.,.F.,(4,
3,3,3,3,3,3,4),(2,2),(-1.,-0.924370923992494,-0.763647695501434,-0.604319509377691,
-0.4433738895739,-0.296447110728199,-0.150264842773709,0.),(0.,5.),
 .UNSPECIFIED.);
#3975=B_SPLINE_SURFACE_WITH_KNOTS('',3,1,((#9961,#9962),(#9963,#9964),(#9965,
#9966),(#9967,#9968),(#9969,#9970),(#9971,#9972),(#9973,#9974),(#9975,#9976),
(#9977,#9978),(#9979,#9980),(#9981,#9982),(#9983,#9984),(#9985,#9986),(#9987,
#9988),(#9989,#9990),(#9991,#9992),(#9993,#9994),(#9995,#9996),(#9997,#9998),
(#9999,#10000),(#10001,#10002),(#10003,#10004)),.UNSPECIFIED.,.F.,.F.,.F.,
(4,3,3,3,3,3,3,4),(2,2),(-1.,-0.924370923992494,-0.763647695501434,-0.604319509377691,
-0.4433738895739,-0.296447110728199,-0.150264842773709,0.),(0.,5.),
 .UNSPECIFIED.);
#3976=B_SPLINE_SURFACE_WITH_KNOTS('',3,1,((#10076,#10077),(#10078,#10079),
(#10080,#10081),(#10082,#10083),(#10084,#10085),(#10086,#10087),(#10088,
#10089),(#10090,#10091),(#10092,#10093),(#10094,#10095),(#10096,#10097),
(#10098,#10099),(#10100,#10101),(#10102,#10103),(#10104,#10105),(#10106,
#10107),(#10108,#10109),(#10110,#10111),(#10112,#10113),(#10114,#10115),
(#10116,#10117),(#10118,#10119)),.UNSPECIFIED.,.F.,.F.,.F.,(4,3,3,3,3,3,
3,4),(2,2),(-1.,-0.924370923992494,-0.763647695501434,-0.604319509377691,
-0.4433738895739,-0.296447110728199,-0.150264842773709,0.),(0.,5.),
 .UNSPECIFIED.);
#3977=B_SPLINE_SURFACE_WITH_KNOTS('',3,1,((#10151,#10152),(#10153,#10154),
(#10155,#10156),(#10157,#10158),(#10159,#10160),(#10161,#10162),(#10163,
#10164),(#10165,#10166),(#10167,#10168),(#10169,#10170),(#10171,#10172),
(#10173,#10174),(#10175,#10176),(#10177,#10178),(#10179,#10180),(#10181,
#10182),(#10183,#10184),(#10185,#10186),(#10187,#10188),(#10189,#10190),
(#10191,#10192),(#10193,#10194)),.UNSPECIFIED.,.F.,.F.,.F.,(4,3,3,3,3,3,
3,4),(2,2),(-1.,-0.924370923992494,-0.763647695501434,-0.604319509377691,
-0.4433738895739,-0.296447110728199,-0.150264842773709,0.),(0.,5.),
 .UNSPECIFIED.);
#3978=B_SPLINE_SURFACE_WITH_KNOTS('',3,1,((#10233,#10234),(#10235,#10236),
(#10237,#10238),(#10239,#10240),(#10241,#10242),(#10243,#10244),(#10245,
#10246),(#10247,#10248),(#10249,#10250),(#10251,#10252),(#10253,#10254),
(#10255,#10256),(#10257,#10258),(#10259,#10260),(#10261,#10262),(#10263,
#10264),(#10265,#10266),(#10267,#10268),(#10269,#10270),(#10271,#10272),
(#10273,#10274),(#10275,#10276)),.UNSPECIFIED.,.F.,.F.,.F.,(4,3,3,3,3,3,
3,4),(2,2),(-1.,-0.924370923992494,-0.763647695501434,-0.604319509377691,
-0.4433738895739,-0.296447110728199,-0.150264842773709,0.),(0.,5.),
 .UNSPECIFIED.);
#3979=B_SPLINE_SURFACE_WITH_KNOTS('',3,1,((#10373,#10374),(#10375,#10376),
(#10377,#10378),(#10379,#10380),(#10381,#10382),(#10383,#10384),(#10385,
#10386),(#10387,#10388),(#10389,#10390),(#10391,#10392),(#10393,#10394),
(#10395,#10396),(#10397,#10398),(#10399,#10400),(#10401,#10402),(#10403,
#10404),(#10405,#10406),(#10407,#10408),(#10409,#10410),(#10411,#10412),
(#10413,#10414),(#10415,#10416)),.UNSPECIFIED.,.F.,.F.,.F.,(4,3,3,3,3,3,
3,4),(2,2),(-1.,-0.924370923992494,-0.763647695501434,-0.604319509377691,
-0.4433738895739,-0.296447110728199,-0.150264842773709,0.),(0.,5.),
 .UNSPECIFIED.);
#3980=B_SPLINE_SURFACE_WITH_KNOTS('',3,3,((#10563,#10564,#10565,#10566),
(#10567,#10568,#10569,#10570),(#10571,#10572,#10573,#10574),(#10575,#10576,
#10577,#10578),(#10579,#10580,#10581,#10582),(#10583,#10584,#10585,#10586),
(#10587,#10588,#10589,#10590),(#10591,#10592,#10593,#10594),(#10595,#10596,
#10597,#10598),(#10599,#10600,#10601,#10602)),.UNSPECIFIED.,.F.,.F.,.F.,
(4,1,1,1,1,1,1,4),(4,4),(0.297435692336258,0.320101308365709,0.34276692439516,
0.365432540424611,0.388098156454062,0.410763772483513,0.433429388512964,
0.456095004542416),(0.782286613078215,1.),.UNSPECIFIED.);
#3981=B_SPLINE_SURFACE_WITH_KNOTS('',3,3,((#10603,#10604,#10605,#10606),
(#10607,#10608,#10609,#10610),(#10611,#10612,#10613,#10614),(#10615,#10616,
#10617,#10618),(#10619,#10620,#10621,#10622),(#10623,#10624,#10625,#10626),
(#10627,#10628,#10629,#10630),(#10631,#10632,#10633,#10634)),
 .UNSPECIFIED.,.F.,.F.,.F.,(4,1,1,1,1,4),(4,4),(0.38158213627679,0.425054887671904,
0.468527639067018,0.490264014764575,0.512000390462132,0.533736766159689),
(0.6395788076448,0.928872252249172),.UNSPECIFIED.);
#3982=B_SPLINE_SURFACE_WITH_KNOTS('',3,3,((#10635,#10636,#10637,#10638),
(#10639,#10640,#10641,#10642),(#10643,#10644,#10645,#10646),(#10647,#10648,
#10649,#10650),(#10651,#10652,#10653,#10654),(#10655,#10656,#10657,#10658),
(#10659,#10660,#10661,#10662),(#10663,#10664,#10665,#10666),(#10667,#10668,
#10669,#10670),(#10671,#10672,#10673,#10674)),.UNSPECIFIED.,.F.,.F.,.F.,
(4,1,1,1,1,1,1,4),(4,4),(0.224556072572625,0.243024773678055,0.25225912423077,
0.279962175888915,0.298430876994345,0.316899578099775,0.335368279205205,
0.353836980310635),(0.899007354390299,1.),.UNSPECIFIED.);
#3983=B_SPLINE_SURFACE_WITH_KNOTS('',3,3,((#10675,#10676,#10677,#10678),
(#10679,#10680,#10681,#10682),(#10683,#10684,#10685,#10686),(#10687,#10688,
#10689,#10690),(#10691,#10692,#10693,#10694),(#10695,#10696,#10697,#10698),
(#10699,#10700,#10701,#10702),(#10703,#10704,#10705,#10706)),
 .UNSPECIFIED.,.F.,.F.,.F.,(4,1,1,1,1,4),(4,4),(0.389335020349967,0.42977903524312,
0.470223050136273,0.480334053859561,0.510667065029425,0.530889072476002),
(0.929965712322155,1.),.UNSPECIFIED.);
#3984=B_SPLINE_SURFACE_WITH_KNOTS('',3,3,((#10707,#10708,#10709,#10710),
(#10711,#10712,#10713,#10714),(#10715,#10716,#10717,#10718),(#10719,#10720,
#10721,#10722),(#10723,#10724,#10725,#10726),(#10727,#10728,#10729,#10730),
(#10731,#10732,#10733,#10734),(#10735,#10736,#10737,#10738),(#10739,#10740,
#10741,#10742),(#10743,#10744,#10745,#10746),(#10747,#10748,#10749,#10750),
(#10751,#10752,#10753,#10754),(#10755,#10756,#10757,#10758),(#10759,#10760,
#10761,#10762),(#10763,#10764,#10765,#10766),(#10767,#10768,#10769,#10770),
(#10771,#10772,#10773,#10774),(#10775,#10776,#10777,#10778),(#10779,#10780,
#10781,#10782),(#10783,#10784,#10785,#10786),(#10787,#10788,#10789,#10790),
(#10791,#10792,#10793,#10794),(#10795,#10796,#10797,#10798),(#10799,#10800,
#10801,#10802),(#10803,#10804,#10805,#10806),(#10807,#10808,#10809,#10810),
(#10811,#10812,#10813,#10814),(#10815,#10816,#10817,#10818),(#10819,#10820,
#10821,#10822),(#10823,#10824,#10825,#10826),(#10827,#10828,#10829,#10830),
(#10831,#10832,#10833,#10834),(#10835,#10836,#10837,#10838),(#10839,#10840,
#10841,#10842),(#10843,#10844,#10845,#10846),(#10847,#10848,#10849,#10850),
(#10851,#10852,#10853,#10854)),.UNSPECIFIED.,.F.,.F.,.F.,(4,1,1,1,1,1,1,
1,1,1,1,1,1,1,1,1,1,1,1,1,1,1,1,1,1,1,1,1,1,1,1,1,1,1,4),(4,4),(0.761172548361113,
0.772826379175874,0.784480209990636,0.796134040805397,0.807787871620158,
0.819441702434919,0.83109553324968,0.831277624356161,0.831459715462642,
0.831823897675603,0.832552262101525,0.834008990953371,0.835465719805216,
0.836922448657061,0.839835906360751,0.842749364064441,0.845662821768132,
0.848576279471822,0.854403194879203,0.857316652582893,0.860230110286583,
0.863143567990274,0.866057025693964,0.868970483397654,0.871883941101344,
0.874797398805035,0.87625412765688,0.876982492082802,0.877346674295764,
0.877528765402244,0.877710856508725,0.889364687323486,0.901018518138248,
0.912672348953009,0.92432617976777),(0.889546792053314,1.),
 .UNSPECIFIED.);
#3985=B_SPLINE_SURFACE_WITH_KNOTS('',3,3,((#10855,#10856,#10857,#10858),
(#10859,#10860,#10861,#10862),(#10863,#10864,#10865,#10866),(#10867,#10868,
#10869,#10870),(#10871,#10872,#10873,#10874),(#10875,#10876,#10877,#10878),
(#10879,#10880,#10881,#10882),(#10883,#10884,#10885,#10886),(#10887,#10888,
#10889,#10890),(#10891,#10892,#10893,#10894),(#10895,#10896,#10897,#10898),
(#10899,#10900,#10901,#10902)),.UNSPECIFIED.,.F.,.F.,.F.,(4,1,1,1,1,1,1,
1,1,4),(4,4),(0.457006323515628,0.481588057692398,0.506169791869168,0.530751526045938,
0.555333260222708,0.567624127311093,0.573769560855286,0.579914994399478,
0.604496728576248,0.629078462753018),(0.834648629239954,1.),
 .UNSPECIFIED.);
#3986=B_SPLINE_SURFACE_WITH_KNOTS('',3,3,((#10903,#10904,#10905,#10906),
(#10907,#10908,#10909,#10910),(#10911,#10912,#10913,#10914),(#10915,#10916,
#10917,#10918),(#10919,#10920,#10921,#10922),(#10923,#10924,#10925,#10926),
(#10927,#10928,#10929,#10930),(#10931,#10932,#10933,#10934),(#10935,#10936,
#10937,#10938),(#10939,#10940,#10941,#10942),(#10943,#10944,#10945,#10946),
(#10947,#10948,#10949,#10950)),.UNSPECIFIED.,.F.,.F.,.F.,(4,1,1,1,1,1,1,
1,1,4),(4,4),(0.629966282604945,0.642416404237235,0.654866525869525,0.679766769134104,
0.704667012398683,0.729567255663263,0.754467498927842,0.779367742192421,
0.791817863824711,0.804267985457001),(0.807744343957513,1.),
 .UNSPECIFIED.);
#3987=B_SPLINE_SURFACE_WITH_KNOTS('',3,3,((#10951,#10952,#10953,#10954),
(#10955,#10956,#10957,#10958),(#10959,#10960,#10961,#10962),(#10963,#10964,
#10965,#10966),(#10967,#10968,#10969,#10970),(#10971,#10972,#10973,#10974),
(#10975,#10976,#10977,#10978),(#10979,#10980,#10981,#10982),(#10983,#10984,
#10985,#10986),(#10987,#10988,#10989,#10990)),.UNSPECIFIED.,.F.,.F.,.F.,
(4,1,1,1,1,1,1,4),(4,4),(0.573103844968542,0.594063902522689,0.615023960076836,
0.635984017630983,0.656944075185129,0.677904132739276,0.698864190293423,
0.71982424784757),(0.932735835814025,1.),.UNSPECIFIED.);
#3988=B_SPLINE_SURFACE_WITH_KNOTS('',3,3,((#10991,#10992,#10993,#10994),
(#10995,#10996,#10997,#10998),(#10999,#11000,#11001,#11002),(#11003,#11004,
#11005,#11006),(#11007,#11008,#11009,#11010),(#11011,#11012,#11013,#11014),
(#11015,#11016,#11017,#11018),(#11019,#11020,#11021,#11022),(#11023,#11024,
#11025,#11026),(#11027,#11028,#11029,#11030),(#11031,#11032,#11033,#11034),
(#11035,#11036,#11037,#11038)),.UNSPECIFIED.,.F.,.F.,.F.,(4,1,1,1,1,1,1,
1,1,4),(4,4),(0.0402280616875018,0.0605735062707766,0.0809189508540514,
0.101264395437326,0.111437117728964,0.121609840020601,0.131782562312239,
0.141955284603876,0.162300729187151,0.182646173770426),(0.808852055261544,
1.),.UNSPECIFIED.);
#3989=ADVANCED_FACE('',(#645),#3938,.T.);
#3990=ADVANCED_FACE('',(#646),#496,.T.);
#3991=ADVANCED_FACE('',(#647,#144),#3939,.F.);
#3992=ADVANCED_FACE('',(#648),#497,.T.);
#3993=ADVANCED_FACE('',(#649),#3940,.T.);
#3994=ADVANCED_FACE('',(#650),#498,.T.);
#3995=ADVANCED_FACE('',(#651),#499,.T.);
#3996=ADVANCED_FACE('',(#652),#500,.T.);
#3997=ADVANCED_FACE('',(#653),#501,.T.);
#3998=ADVANCED_FACE('',(#654),#502,.T.);
#3999=ADVANCED_FACE('',(#655),#503,.T.);
#4000=ADVANCED_FACE('',(#656),#504,.T.);
#4001=ADVANCED_FACE('',(#657),#3941,.T.);
#4002=ADVANCED_FACE('',(#658),#505,.T.);
#4003=ADVANCED_FACE('',(#659),#506,.T.);
#4004=ADVANCED_FACE('',(#660),#507,.T.);
#4005=ADVANCED_FACE('',(#661),#508,.T.);
#4006=ADVANCED_FACE('',(#662),#509,.T.);
#4007=ADVANCED_FACE('',(#663),#510,.T.);
#4008=ADVANCED_FACE('',(#664),#511,.T.);
#4009=ADVANCED_FACE('',(#665),#512,.T.);
#4010=ADVANCED_FACE('',(#666),#513,.T.);
#4011=ADVANCED_FACE('',(#667),#514,.T.);
#4012=ADVANCED_FACE('',(#668),#515,.T.);
#4013=ADVANCED_FACE('',(#669),#516,.T.);
#4014=ADVANCED_FACE('',(#670),#517,.T.);
#4015=ADVANCED_FACE('',(#671),#518,.T.);
#4016=ADVANCED_FACE('',(#672),#3942,.T.);
#4017=ADVANCED_FACE('',(#673),#519,.T.);
#4018=ADVANCED_FACE('',(#674),#3943,.T.);
#4019=ADVANCED_FACE('',(#675),#520,.T.);
#4020=ADVANCED_FACE('',(#676),#3944,.T.);
#4021=ADVANCED_FACE('',(#677),#15,.T.);
#4022=ADVANCED_FACE('',(#678),#16,.T.);
#4023=ADVANCED_FACE('',(#679),#17,.T.);
#4024=ADVANCED_FACE('',(#680),#521,.F.);
#4025=ADVANCED_FACE('',(#681),#18,.T.);
#4026=ADVANCED_FACE('',(#682),#19,.T.);
#4027=ADVANCED_FACE('',(#683),#522,.T.);
#4028=ADVANCED_FACE('',(#684),#523,.T.);
#4029=ADVANCED_FACE('',(#685),#524,.T.);
#4030=ADVANCED_FACE('',(#686),#525,.T.);
#4031=ADVANCED_FACE('',(#687),#526,.T.);
#4032=ADVANCED_FACE('',(#688),#527,.T.);
#4033=ADVANCED_FACE('',(#689),#528,.T.);
#4034=ADVANCED_FACE('',(#690),#3945,.T.);
#4035=ADVANCED_FACE('',(#691),#3946,.T.);
#4036=ADVANCED_FACE('',(#692),#3947,.T.);
#4037=ADVANCED_FACE('',(#693),#3948,.T.);
#4038=ADVANCED_FACE('',(#694),#3949,.T.);
#4039=ADVANCED_FACE('',(#695),#3950,.T.);
#4040=ADVANCED_FACE('',(#696),#3951,.T.);
#4041=ADVANCED_FACE('',(#697),#529,.T.);
#4042=ADVANCED_FACE('',(#698),#530,.T.);
#4043=ADVANCED_FACE('',(#699),#531,.T.);
#4044=ADVANCED_FACE('',(#700),#532,.T.);
#4045=ADVANCED_FACE('',(#701),#533,.T.);
#4046=ADVANCED_FACE('',(#702),#534,.T.);
#4047=ADVANCED_FACE('',(#703),#535,.T.);
#4048=ADVANCED_FACE('',(#704),#536,.T.);
#4049=ADVANCED_FACE('',(#705),#537,.T.);
#4050=ADVANCED_FACE('',(#706),#538,.T.);
#4051=ADVANCED_FACE('',(#707),#539,.T.);
#4052=ADVANCED_FACE('',(#708),#540,.T.);
#4053=ADVANCED_FACE('',(#709),#541,.T.);
#4054=ADVANCED_FACE('',(#710),#542,.T.);
#4055=ADVANCED_FACE('',(#711),#543,.T.);
#4056=ADVANCED_FACE('',(#712),#544,.T.);
#4057=ADVANCED_FACE('',(#713),#545,.T.);
#4058=ADVANCED_FACE('',(#714),#546,.T.);
#4059=ADVANCED_FACE('',(#715),#547,.T.);
#4060=ADVANCED_FACE('',(#716),#548,.T.);
#4061=ADVANCED_FACE('',(#717),#549,.T.);
#4062=ADVANCED_FACE('',(#718),#550,.T.);
#4063=ADVANCED_FACE('',(#719),#551,.T.);
#4064=ADVANCED_FACE('',(#720),#552,.T.);
#4065=ADVANCED_FACE('',(#721),#553,.T.);
#4066=ADVANCED_FACE('',(#722),#554,.T.);
#4067=ADVANCED_FACE('',(#723),#555,.T.);
#4068=ADVANCED_FACE('',(#724),#556,.T.);
#4069=ADVANCED_FACE('',(#725),#3952,.T.);
#4070=ADVANCED_FACE('',(#726),#557,.T.);
#4071=ADVANCED_FACE('',(#727),#558,.T.);
#4072=ADVANCED_FACE('',(#728),#559,.T.);
#4073=ADVANCED_FACE('',(#729),#560,.T.);
#4074=ADVANCED_FACE('',(#730),#561,.T.);
#4075=ADVANCED_FACE('',(#731),#562,.T.);
#4076=ADVANCED_FACE('',(#732),#563,.T.);
#4077=ADVANCED_FACE('',(#733),#564,.T.);
#4078=ADVANCED_FACE('',(#734),#565,.T.);
#4079=ADVANCED_FACE('',(#735),#566,.T.);
#4080=ADVANCED_FACE('',(#736),#20,.T.);
#4081=ADVANCED_FACE('',(#737),#21,.T.);
#4082=ADVANCED_FACE('',(#738),#567,.F.);
#4083=ADVANCED_FACE('',(#739),#22,.T.);
#4084=ADVANCED_FACE('',(#740,#145),#23,.T.);
#4085=ADVANCED_FACE('',(#741),#568,.T.);
#4086=ADVANCED_FACE('',(#742),#3953,.T.);
#4087=ADVANCED_FACE('',(#743),#3954,.T.);
#4088=ADVANCED_FACE('',(#744),#569,.T.);
#4089=ADVANCED_FACE('',(#745),#570,.T.);
#4090=ADVANCED_FACE('',(#746),#24,.T.);
#4091=ADVANCED_FACE('',(#747),#25,.T.);
#4092=ADVANCED_FACE('',(#748),#26,.T.);
#4093=ADVANCED_FACE('',(#749),#3955,.F.);
#4094=ADVANCED_FACE('',(#750),#3956,.F.);
#4095=ADVANCED_FACE('',(#751),#3957,.F.);
#4096=ADVANCED_FACE('',(#752),#3958,.F.);
#4097=ADVANCED_FACE('',(#753),#3959,.F.);
#4098=ADVANCED_FACE('',(#754),#3960,.F.);
#4099=ADVANCED_FACE('',(#755),#3961,.F.);
#4100=ADVANCED_FACE('',(#756),#3962,.F.);
#4101=ADVANCED_FACE('',(#757),#3963,.F.);
#4102=ADVANCED_FACE('',(#758),#27,.T.);
#4103=ADVANCED_FACE('',(#759),#571,.T.);
#4104=ADVANCED_FACE('',(#760),#572,.T.);
#4105=ADVANCED_FACE('',(#761),#3964,.T.);
#4106=ADVANCED_FACE('',(#762),#573,.T.);
#4107=ADVANCED_FACE('',(#763),#574,.T.);
#4108=ADVANCED_FACE('',(#764),#575,.T.);
#4109=ADVANCED_FACE('',(#765),#576,.T.);
#4110=ADVANCED_FACE('',(#766),#577,.T.);
#4111=ADVANCED_FACE('',(#767),#578,.T.);
#4112=ADVANCED_FACE('',(#768),#3965,.T.);
#4113=ADVANCED_FACE('',(#769),#579,.T.);
#4114=ADVANCED_FACE('',(#770),#580,.T.);
#4115=ADVANCED_FACE('',(#771),#581,.T.);
#4116=ADVANCED_FACE('',(#772),#582,.T.);
#4117=ADVANCED_FACE('',(#773),#583,.T.);
#4118=ADVANCED_FACE('',(#774),#584,.T.);
#4119=ADVANCED_FACE('',(#775),#585,.T.);
#4120=ADVANCED_FACE('',(#776),#586,.T.);
#4121=ADVANCED_FACE('',(#777),#587,.T.);
#4122=ADVANCED_FACE('',(#778),#588,.T.);
#4123=ADVANCED_FACE('',(#779),#589,.T.);
#4124=ADVANCED_FACE('',(#780),#590,.T.);
#4125=ADVANCED_FACE('',(#781),#3966,.T.);
#4126=ADVANCED_FACE('',(#782),#591,.T.);
#4127=ADVANCED_FACE('',(#783),#592,.T.);
#4128=ADVANCED_FACE('',(#784),#3967,.T.);
#4129=ADVANCED_FACE('',(#785),#593,.T.);
#4130=ADVANCED_FACE('',(#786),#3968,.T.);
#4131=ADVANCED_FACE('',(#787),#594,.T.);
#4132=ADVANCED_FACE('',(#788),#28,.T.);
#4133=ADVANCED_FACE('',(#789),#29,.T.);
#4134=ADVANCED_FACE('',(#790),#30,.T.);
#4135=ADVANCED_FACE('',(#791),#595,.F.);
#4136=ADVANCED_FACE('',(#792),#31,.T.);
#4137=ADVANCED_FACE('',(#793),#32,.T.);
#4138=ADVANCED_FACE('',(#794),#596,.T.);
#4139=ADVANCED_FACE('',(#795),#597,.T.);
#4140=ADVANCED_FACE('',(#796),#598,.T.);
#4141=ADVANCED_FACE('',(#797),#599,.T.);
#4142=ADVANCED_FACE('',(#798),#600,.T.);
#4143=ADVANCED_FACE('',(#799),#601,.T.);
#4144=ADVANCED_FACE('',(#800),#602,.T.);
#4145=ADVANCED_FACE('',(#801),#3969,.T.);
#4146=ADVANCED_FACE('',(#802),#3970,.T.);
#4147=ADVANCED_FACE('',(#803),#3971,.T.);
#4148=ADVANCED_FACE('',(#804),#3972,.T.);
#4149=ADVANCED_FACE('',(#805),#3973,.T.);
#4150=ADVANCED_FACE('',(#806),#3974,.T.);
#4151=ADVANCED_FACE('',(#807),#3975,.T.);
#4152=ADVANCED_FACE('',(#808),#33,.T.);
#4153=ADVANCED_FACE('',(#809),#34,.T.);
#4154=ADVANCED_FACE('',(#810),#35,.T.);
#4155=ADVANCED_FACE('',(#811),#603,.T.);
#4156=ADVANCED_FACE('',(#812),#604,.T.);
#4157=ADVANCED_FACE('',(#813),#3976,.T.);
#4158=ADVANCED_FACE('',(#814),#3977,.T.);
#4159=ADVANCED_FACE('',(#815),#3978,.T.);
#4160=ADVANCED_FACE('',(#816),#605,.T.);
#4161=ADVANCED_FACE('',(#817),#36,.T.);
#4162=ADVANCED_FACE('',(#818),#37,.T.);
#4163=ADVANCED_FACE('',(#819),#606,.F.);
#4164=ADVANCED_FACE('',(#820),#38,.T.);
#4165=ADVANCED_FACE('',(#821),#39,.T.);
#4166=ADVANCED_FACE('',(#822),#607,.T.);
#4167=ADVANCED_FACE('',(#823),#608,.T.);
#4168=ADVANCED_FACE('',(#824),#609,.T.);
#4169=ADVANCED_FACE('',(#825),#610,.T.);
#4170=ADVANCED_FACE('',(#826),#611,.T.);
#4171=ADVANCED_FACE('',(#827),#612,.T.);
#4172=ADVANCED_FACE('',(#828),#613,.T.);
#4173=ADVANCED_FACE('',(#829),#614,.T.);
#4174=ADVANCED_FACE('',(#830),#3979,.T.);
#4175=ADVANCED_FACE('',(#831),#615,.T.);
#4176=ADVANCED_FACE('',(#832),#616,.T.);
#4177=ADVANCED_FACE('',(#833),#617,.T.);
#4178=ADVANCED_FACE('',(#834),#618,.T.);
#4179=ADVANCED_FACE('',(#835),#619,.T.);
#4180=ADVANCED_FACE('',(#836),#620,.T.);
#4181=ADVANCED_FACE('',(#837),#621,.T.);
#4182=ADVANCED_FACE('',(#838),#622,.T.);
#4183=ADVANCED_FACE('',(#839),#623,.T.);
#4184=ADVANCED_FACE('',(#840),#624,.T.);
#4185=ADVANCED_FACE('',(#841),#625,.T.);
#4186=ADVANCED_FACE('',(#842),#626,.T.);
#4187=ADVANCED_FACE('',(#843),#627,.T.);
#4188=ADVANCED_FACE('',(#844),#628,.T.);
#4189=ADVANCED_FACE('',(#845),#629,.T.);
#4190=ADVANCED_FACE('',(#846),#630,.T.);
#4191=ADVANCED_FACE('',(#847),#631,.T.);
#4192=ADVANCED_FACE('',(#848),#632,.T.);
#4193=ADVANCED_FACE('',(#849),#633,.T.);
#4194=ADVANCED_FACE('',(#850),#634,.T.);
#4195=ADVANCED_FACE('',(#851),#635,.T.);
#4196=ADVANCED_FACE('',(#852),#636,.T.);
#4197=ADVANCED_FACE('',(#853),#637,.T.);
#4198=ADVANCED_FACE('',(#854),#638,.T.);
#4199=ADVANCED_FACE('',(#855),#639,.T.);
#4200=ADVANCED_FACE('',(#856),#640,.T.);
#4201=ADVANCED_FACE('',(#857),#641,.T.);
#4202=ADVANCED_FACE('',(#858),#642,.T.);
#4203=ADVANCED_FACE('',(#859),#643,.T.);
#4204=ADVANCED_FACE('',(#860),#644,.T.);
#4205=ADVANCED_FACE('',(#861),#3980,.F.);
#4206=ADVANCED_FACE('',(#862),#3981,.F.);
#4207=ADVANCED_FACE('',(#863),#3982,.F.);
#4208=ADVANCED_FACE('',(#864),#3983,.F.);
#4209=ADVANCED_FACE('',(#865),#3984,.F.);
#4210=ADVANCED_FACE('',(#866),#3985,.F.);
#4211=ADVANCED_FACE('',(#867),#3986,.F.);
#4212=ADVANCED_FACE('',(#868),#3987,.F.);
#4213=ADVANCED_FACE('',(#869),#3988,.F.);
#4214=CLOSED_SHELL('',(#3989,#3990,#3991,#3992,#3993,#3994,#3995,#3996,
#3997,#3998,#3999,#4000,#4001,#4002,#4003,#4004,#4005,#4006,#4007,#4008,
#4009,#4010,#4011,#4012,#4013,#4014,#4015,#4016,#4017,#4018,#4019,#4020,
#4021,#4022,#4023,#4024,#4025,#4026,#4027,#4028,#4029,#4030,#4031,#4032,
#4033,#4034,#4035,#4036,#4037,#4038,#4039,#4040,#4041,#4042,#4043,#4044,
#4045,#4046,#4047,#4048,#4049,#4050,#4051,#4052,#4053,#4054,#4055,#4056,
#4057,#4058,#4059,#4060,#4061,#4062,#4063,#4064,#4065,#4066,#4067,#4068,
#4069,#4070,#4071,#4072,#4073,#4074,#4075,#4076,#4077,#4078,#4079,#4080,
#4081,#4082,#4083,#4084,#4085,#4086,#4087,#4088,#4089,#4090,#4091,#4092,
#4093,#4094,#4095,#4096,#4097,#4098,#4099,#4100,#4101,#4102,#4103,#4104,
#4105,#4106,#4107,#4108,#4109,#4110,#4111,#4112,#4113,#4114,#4115,#4116,
#4117,#4118,#4119,#4120,#4121,#4122,#4123,#4124,#4125,#4126,#4127,#4128,
#4129,#4130,#4131,#4132,#4133,#4134,#4135,#4136,#4137,#4138,#4139,#4140,
#4141,#4142,#4143,#4144,#4145,#4146,#4147,#4148,#4149,#4150,#4151,#4152,
#4153,#4154,#4155,#4156,#4157,#4158,#4159,#4160,#4161,#4162,#4163,#4164,
#4165,#4166,#4167,#4168,#4169,#4170,#4171,#4172,#4173,#4174,#4175,#4176,
#4177,#4178,#4179,#4180,#4181,#4182,#4183,#4184,#4185,#4186,#4187,#4188,
#4189,#4190,#4191,#4192,#4193,#4194,#4195,#4196,#4197,#4198,#4199,#4200,
#4201,#4202,#4203,#4204,#4205,#4206,#4207,#4208,#4209,#4210,#4211,#4212,
#4213));
#4215=DERIVED_UNIT_ELEMENT(#4217,1.);
#4216=DERIVED_UNIT_ELEMENT(#11044,-3.);
#4217=(
MASS_UNIT()
NAMED_UNIT(*)
SI_UNIT(.KILO.,.GRAM.)
);
#4218=DERIVED_UNIT((#4215,#4216));
#4219=MEASURE_REPRESENTATION_ITEM('density measure',
POSITIVE_RATIO_MEASURE(7850.),#4218);
#4220=PROPERTY_DEFINITION_REPRESENTATION(#4225,#4222);
#4221=PROPERTY_DEFINITION_REPRESENTATION(#4226,#4223);
#4222=REPRESENTATION('material name',(#4224),#11041);
#4223=REPRESENTATION('density',(#4219),#11041);
#4224=DESCRIPTIVE_REPRESENTATION_ITEM('Steel','Steel');
#4225=PROPERTY_DEFINITION('material property','material name',#11051);
#4226=PROPERTY_DEFINITION('material property','density of part',#11051);
#4227=AXIS2_PLACEMENT_3D('',#5227,#4506,#4507);
#4228=AXIS2_PLACEMENT_3D('',#5287,#4508,#4509);
#4229=AXIS2_PLACEMENT_3D('',#6365,#4511,#4512);
#4230=AXIS2_PLACEMENT_3D('',#6420,#4514,#4515);
#4231=AXIS2_PLACEMENT_3D('',#6466,#4519,#4520);
#4232=AXIS2_PLACEMENT_3D('',#6485,#4523,#4524);
#4233=AXIS2_PLACEMENT_3D('',#6522,#4527,#4528);
#4234=AXIS2_PLACEMENT_3D('',#6582,#4533,#4534);
#4235=AXIS2_PLACEMENT_3D('',#6797,#4553,#4554);
#4236=AXIS2_PLACEMENT_3D('',#6848,#4559,#4560);
#4237=AXIS2_PLACEMENT_3D('',#6880,#4563,#4564);
#4238=AXIS2_PLACEMENT_3D('',#6898,#4567,#4568);
#4239=AXIS2_PLACEMENT_3D('',#6944,#4572,#4573);
#4240=AXIS2_PLACEMENT_3D('',#6953,#4576,#4577);
#4241=AXIS2_PLACEMENT_3D('',#6965,#4580,#4581);
#4242=AXIS2_PLACEMENT_3D('',#6970,#4582,#4583);
#4243=AXIS2_PLACEMENT_3D('',#6986,#4585,#4586);
#4244=AXIS2_PLACEMENT_3D('',#7003,#4587,#4588);
#4245=AXIS2_PLACEMENT_3D('',#7075,#4590,#4591);
#4246=AXIS2_PLACEMENT_3D('',#7077,#4593,#4594);
#4247=AXIS2_PLACEMENT_3D('',#7079,#4596,#4597);
#4248=AXIS2_PLACEMENT_3D('',#7080,#4598,#4599);
#4249=AXIS2_PLACEMENT_3D('',#7081,#4600,#4601);
#4250=AXIS2_PLACEMENT_3D('',#7090,#4604,#4605);
#4251=AXIS2_PLACEMENT_3D('',#7099,#4608,#4609);
#4252=AXIS2_PLACEMENT_3D('',#7108,#4612,#4613);
#4253=AXIS2_PLACEMENT_3D('',#7117,#4616,#4617);
#4254=AXIS2_PLACEMENT_3D('',#7126,#4620,#4621);
#4255=AXIS2_PLACEMENT_3D('',#7135,#4624,#4625);
#4256=AXIS2_PLACEMENT_3D('',#7145,#4627,#4628);
#4257=AXIS2_PLACEMENT_3D('',#7152,#4630,#4631);
#4258=AXIS2_PLACEMENT_3D('',#7159,#4633,#4634);
#4259=AXIS2_PLACEMENT_3D('',#7253,#4636,#4637);
#4260=AXIS2_PLACEMENT_3D('',#7257,#4639,#4640);
#4261=AXIS2_PLACEMENT_3D('',#7315,#4641,#4642);
#4262=AXIS2_PLACEMENT_3D('',#7404,#4644,#4645);
#4263=AXIS2_PLACEMENT_3D('',#7407,#4646,#4647);
#4264=AXIS2_PLACEMENT_3D('',#7414,#4648,#4649);
#4265=AXIS2_PLACEMENT_3D('',#7416,#4650,#4651);
#4266=AXIS2_PLACEMENT_3D('',#7423,#4652,#4653);
#4267=AXIS2_PLACEMENT_3D('',#7425,#4654,#4655);
#4268=AXIS2_PLACEMENT_3D('',#7432,#4656,#4657);
#4269=AXIS2_PLACEMENT_3D('',#7434,#4658,#4659);
#4270=AXIS2_PLACEMENT_3D('',#7440,#4660,#4661);
#4271=AXIS2_PLACEMENT_3D('',#7441,#4662,#4663);
#4272=AXIS2_PLACEMENT_3D('',#7444,#4664,#4665);
#4273=AXIS2_PLACEMENT_3D('',#7446,#4666,#4667);
#4274=AXIS2_PLACEMENT_3D('',#7453,#4668,#4669);
#4275=AXIS2_PLACEMENT_3D('',#7455,#4670,#4671);
#4276=AXIS2_PLACEMENT_3D('',#7462,#4672,#4673);
#4277=AXIS2_PLACEMENT_3D('',#7463,#4674,#4675);
#4278=AXIS2_PLACEMENT_3D('',#7465,#4676,#4677);
#4279=AXIS2_PLACEMENT_3D('',#7466,#4678,#4679);
#4280=AXIS2_PLACEMENT_3D('',#7467,#4680,#4681);
#4281=AXIS2_PLACEMENT_3D('',#7469,#4682,#4683);
#4282=AXIS2_PLACEMENT_3D('',#7475,#4684,#4685);
#4283=AXIS2_PLACEMENT_3D('',#7476,#4686,#4687);
#4284=AXIS2_PLACEMENT_3D('',#7485,#4690,#4691);
#4285=AXIS2_PLACEMENT_3D('',#7487,#4692,#4693);
#4286=AXIS2_PLACEMENT_3D('',#7493,#4694,#4695);
#4287=AXIS2_PLACEMENT_3D('',#7494,#4696,#4697);
#4288=AXIS2_PLACEMENT_3D('',#7496,#4698,#4699);
#4289=AXIS2_PLACEMENT_3D('',#7498,#4700,#4701);
#4290=AXIS2_PLACEMENT_3D('',#7503,#4702,#4703);
#4291=AXIS2_PLACEMENT_3D('',#7514,#4706,#4707);
#4292=AXIS2_PLACEMENT_3D('',#7519,#4708,#4709);
#4293=AXIS2_PLACEMENT_3D('',#7526,#4710,#4711);
#4294=AXIS2_PLACEMENT_3D('',#7535,#4714,#4715);
#4295=AXIS2_PLACEMENT_3D('',#7546,#4717,#4718);
#4296=AXIS2_PLACEMENT_3D('',#7559,#4721,#4722);
#4297=AXIS2_PLACEMENT_3D('',#7561,#4724,#4725);
#4298=AXIS2_PLACEMENT_3D('',#7574,#4727,#4728);
#4299=AXIS2_PLACEMENT_3D('',#7963,#4729,#4730);
#4300=AXIS2_PLACEMENT_3D('',#7964,#4731,#4732);
#4301=AXIS2_PLACEMENT_3D('',#7966,#4733,#4734);
#4302=AXIS2_PLACEMENT_3D('',#7969,#4737,#4738);
#4303=AXIS2_PLACEMENT_3D('',#7972,#4739,#4740);
#4304=AXIS2_PLACEMENT_3D('',#7980,#4743,#4744);
#4305=AXIS2_PLACEMENT_3D('',#7987,#4746,#4747);
#4306=AXIS2_PLACEMENT_3D('',#7994,#4749,#4750);
#4307=AXIS2_PLACEMENT_3D('',#7999,#4751,#4752);
#4308=AXIS2_PLACEMENT_3D('',#8004,#4753,#4754);
#4309=AXIS2_PLACEMENT_3D('',#8009,#4755,#4756);
#4310=AXIS2_PLACEMENT_3D('',#8012,#4757,#4758);
#4311=AXIS2_PLACEMENT_3D('',#8020,#4760,#4761);
#4312=AXIS2_PLACEMENT_3D('',#8027,#4763,#4764);
#4313=AXIS2_PLACEMENT_3D('',#8038,#4766,#4767);
#4314=AXIS2_PLACEMENT_3D('',#8043,#4768,#4769);
#4315=AXIS2_PLACEMENT_3D('',#8045,#4771,#4772);
#4316=AXIS2_PLACEMENT_3D('',#8047,#4773,#4774);
#4317=AXIS2_PLACEMENT_3D('',#8054,#4776,#4777);
#4318=AXIS2_PLACEMENT_3D('',#8055,#4778,#4779);
#4319=AXIS2_PLACEMENT_3D('',#8057,#4780,#4781);
#4320=AXIS2_PLACEMENT_3D('',#8069,#4783,#4784);
#4321=AXIS2_PLACEMENT_3D('',#8072,#4785,#4786);
#4322=AXIS2_PLACEMENT_3D('',#8090,#4788,#4789);
#4323=AXIS2_PLACEMENT_3D('',#8092,#4790,#4791);
#4324=AXIS2_PLACEMENT_3D('',#8110,#4792,#4793);
#4325=AXIS2_PLACEMENT_3D('',#8128,#4795,#4796);
#4326=AXIS2_PLACEMENT_3D('',#8135,#4798,#4799);
#4327=AXIS2_PLACEMENT_3D('',#8140,#4800,#4801);
#4328=AXIS2_PLACEMENT_3D('',#8147,#4803,#4804);
#4329=AXIS2_PLACEMENT_3D('',#8149,#4805,#4806);
#4330=AXIS2_PLACEMENT_3D('',#8156,#4808,#4809);
#4331=AXIS2_PLACEMENT_3D('',#8158,#4810,#4811);
#4332=AXIS2_PLACEMENT_3D('',#8165,#4813,#4814);
#4333=AXIS2_PLACEMENT_3D('',#8166,#4815,#4816);
#4334=AXIS2_PLACEMENT_3D('',#8168,#4818,#4819);
#4335=AXIS2_PLACEMENT_3D('',#8170,#4821,#4822);
#4336=AXIS2_PLACEMENT_3D('',#8171,#4823,#4824);
#4337=AXIS2_PLACEMENT_3D('',#8245,#4825,#4826);
#4338=AXIS2_PLACEMENT_3D('',#8246,#4827,#4828);
#4339=AXIS2_PLACEMENT_3D('',#8247,#4829,#4830);
#4340=AXIS2_PLACEMENT_3D('',#8248,#4831,#4832);
#4341=AXIS2_PLACEMENT_3D('',#8250,#4833,#4834);
#4342=AXIS2_PLACEMENT_3D('',#8252,#4836,#4837);
#4343=AXIS2_PLACEMENT_3D('',#8253,#4838,#4839);
#4344=AXIS2_PLACEMENT_3D('',#8254,#4840,#4841);
#4345=AXIS2_PLACEMENT_3D('',#8255,#4842,#4843);
#4346=AXIS2_PLACEMENT_3D('',#8260,#4844,#4845);
#4347=AXIS2_PLACEMENT_3D('',#8261,#4846,#4847);
#4348=AXIS2_PLACEMENT_3D('',#8262,#4848,#4849);
#4349=AXIS2_PLACEMENT_3D('',#8267,#4850,#4851);
#4350=AXIS2_PLACEMENT_3D('',#8269,#4852,#4853);
#4351=AXIS2_PLACEMENT_3D('',#8276,#4855,#4856);
#4352=AXIS2_PLACEMENT_3D('',#8277,#4857,#4858);
#4353=AXIS2_PLACEMENT_3D('',#8279,#4860,#4861);
#4354=AXIS2_PLACEMENT_3D('',#8281,#4862,#4863);
#4355=AXIS2_PLACEMENT_3D('',#8286,#4864,#4865);
#4356=AXIS2_PLACEMENT_3D('',#8288,#4867,#4868);
#4357=AXIS2_PLACEMENT_3D('',#8289,#4869,#4870);
#4358=AXIS2_PLACEMENT_3D('',#8294,#4871,#4872);
#4359=AXIS2_PLACEMENT_3D('',#8295,#4873,#4874);
#4360=AXIS2_PLACEMENT_3D('',#8296,#4875,#4876);
#4361=AXIS2_PLACEMENT_3D('',#8297,#4877,#4878);
#4362=AXIS2_PLACEMENT_3D('',#8302,#4879,#4880);
#4363=AXIS2_PLACEMENT_3D('',#8307,#4881,#4882);
#4364=AXIS2_PLACEMENT_3D('',#8309,#4883,#4884);
#4365=AXIS2_PLACEMENT_3D('',#8437,#4885,#4886);
#4366=AXIS2_PLACEMENT_3D('',#8438,#4887,#4888);
#4367=AXIS2_PLACEMENT_3D('',#8439,#4889,#4890);
#4368=AXIS2_PLACEMENT_3D('',#8440,#4891,#4892);
#4369=AXIS2_PLACEMENT_3D('',#8441,#4893,#4894);
#4370=AXIS2_PLACEMENT_3D('',#8442,#4895,#4896);
#4371=AXIS2_PLACEMENT_3D('',#8443,#4897,#4898);
#4372=AXIS2_PLACEMENT_3D('',#8936,#4899,#4900);
#4373=AXIS2_PLACEMENT_3D('',#8938,#4901,#4902);
#4374=AXIS2_PLACEMENT_3D('',#8944,#4903,#4904);
#4375=AXIS2_PLACEMENT_3D('',#8945,#4905,#4906);
#4376=AXIS2_PLACEMENT_3D('',#8950,#4907,#4908);
#4377=AXIS2_PLACEMENT_3D('',#8999,#4909,#4910);
#4378=AXIS2_PLACEMENT_3D('',#9008,#4913,#4914);
#4379=AXIS2_PLACEMENT_3D('',#9013,#4915,#4916);
#4380=AXIS2_PLACEMENT_3D('',#9029,#4918,#4919);
#4381=AXIS2_PLACEMENT_3D('',#9038,#4920,#4921);
#4382=AXIS2_PLACEMENT_3D('',#9050,#4924,#4925);
#4383=AXIS2_PLACEMENT_3D('',#9122,#4927,#4928);
#4384=AXIS2_PLACEMENT_3D('',#9124,#4930,#4931);
#4385=AXIS2_PLACEMENT_3D('',#9126,#4933,#4934);
#4386=AXIS2_PLACEMENT_3D('',#9127,#4935,#4936);
#4387=AXIS2_PLACEMENT_3D('',#9128,#4937,#4938);
#4388=AXIS2_PLACEMENT_3D('',#9137,#4941,#4942);
#4389=AXIS2_PLACEMENT_3D('',#9146,#4945,#4946);
#4390=AXIS2_PLACEMENT_3D('',#9155,#4949,#4950);
#4391=AXIS2_PLACEMENT_3D('',#9164,#4953,#4954);
#4392=AXIS2_PLACEMENT_3D('',#9173,#4957,#4958);
#4393=AXIS2_PLACEMENT_3D('',#9182,#4961,#4962);
#4394=AXIS2_PLACEMENT_3D('',#9192,#4964,#4965);
#4395=AXIS2_PLACEMENT_3D('',#9284,#4967,#4968);
#4396=AXIS2_PLACEMENT_3D('',#9291,#4970,#4971);
#4397=AXIS2_PLACEMENT_3D('',#9385,#4973,#4974);
#4398=AXIS2_PLACEMENT_3D('',#9389,#4976,#4977);
#4399=AXIS2_PLACEMENT_3D('',#9481,#4978,#4979);
#4400=AXIS2_PLACEMENT_3D('',#9483,#4981,#4982);
#4401=AXIS2_PLACEMENT_3D('',#9491,#4983,#4984);
#4402=AXIS2_PLACEMENT_3D('',#9493,#4985,#4986);
#4403=AXIS2_PLACEMENT_3D('',#9500,#4987,#4988);
#4404=AXIS2_PLACEMENT_3D('',#9502,#4989,#4990);
#4405=AXIS2_PLACEMENT_3D('',#9509,#4991,#4992);
#4406=AXIS2_PLACEMENT_3D('',#9511,#4993,#4994);
#4407=AXIS2_PLACEMENT_3D('',#9518,#4995,#4996);
#4408=AXIS2_PLACEMENT_3D('',#9519,#4997,#4998);
#4409=AXIS2_PLACEMENT_3D('',#9520,#4999,#5000);
#4410=AXIS2_PLACEMENT_3D('',#9523,#5001,#5002);
#4411=AXIS2_PLACEMENT_3D('',#9525,#5003,#5004);
#4412=AXIS2_PLACEMENT_3D('',#9531,#5005,#5006);
#4413=AXIS2_PLACEMENT_3D('',#9538,#5007,#5008);
#4414=AXIS2_PLACEMENT_3D('',#9540,#5009,#5010);
#4415=AXIS2_PLACEMENT_3D('',#9547,#5011,#5012);
#4416=AXIS2_PLACEMENT_3D('',#9549,#5013,#5014);
#4417=AXIS2_PLACEMENT_3D('',#9550,#5015,#5016);
#4418=AXIS2_PLACEMENT_3D('',#9551,#5017,#5018);
#4419=AXIS2_PLACEMENT_3D('',#9553,#5019,#5020);
#4420=AXIS2_PLACEMENT_3D('',#9559,#5021,#5022);
#4421=AXIS2_PLACEMENT_3D('',#9560,#5023,#5024);
#4422=AXIS2_PLACEMENT_3D('',#9563,#5027,#5028);
#4423=AXIS2_PLACEMENT_3D('',#9565,#5029,#5030);
#4424=AXIS2_PLACEMENT_3D('',#9571,#5031,#5032);
#4425=AXIS2_PLACEMENT_3D('',#9572,#5033,#5034);
#4426=AXIS2_PLACEMENT_3D('',#9574,#5035,#5036);
#4427=AXIS2_PLACEMENT_3D('',#9580,#5037,#5038);
#4428=AXIS2_PLACEMENT_3D('',#9581,#5039,#5040);
#4429=AXIS2_PLACEMENT_3D('',#9588,#5041,#5042);
#4430=AXIS2_PLACEMENT_3D('',#9597,#5045,#5046);
#4431=AXIS2_PLACEMENT_3D('',#9608,#5048,#5049);
#4432=AXIS2_PLACEMENT_3D('',#9619,#5051,#5052);
#4433=AXIS2_PLACEMENT_3D('',#9630,#5054,#5055);
#4434=AXIS2_PLACEMENT_3D('',#9640,#5057,#5058);
#4435=AXIS2_PLACEMENT_3D('',#9657,#5060,#5061);
#4436=AXIS2_PLACEMENT_3D('',#10013,#5062,#5063);
#4437=AXIS2_PLACEMENT_3D('',#10021,#5064,#5065);
#4438=AXIS2_PLACEMENT_3D('',#10027,#5066,#5067);
#4439=AXIS2_PLACEMENT_3D('',#10028,#5068,#5069);
#4440=AXIS2_PLACEMENT_3D('',#10030,#5070,#5071);
#4441=AXIS2_PLACEMENT_3D('',#10036,#5072,#5073);
#4442=AXIS2_PLACEMENT_3D('',#10037,#5074,#5075);
#4443=AXIS2_PLACEMENT_3D('',#10045,#5076,#5077);
#4444=AXIS2_PLACEMENT_3D('',#10051,#5078,#5079);
#4445=AXIS2_PLACEMENT_3D('',#10052,#5080,#5081);
#4446=AXIS2_PLACEMENT_3D('',#10063,#5083,#5084);
#4447=AXIS2_PLACEMENT_3D('',#10281,#5087,#5088);
#4448=AXIS2_PLACEMENT_3D('',#10288,#5090,#5091);
#4449=AXIS2_PLACEMENT_3D('',#10290,#5092,#5093);
#4450=AXIS2_PLACEMENT_3D('',#10291,#5094,#5095);
#4451=AXIS2_PLACEMENT_3D('',#10293,#5096,#5097);
#4452=AXIS2_PLACEMENT_3D('',#10299,#5098,#5099);
#4453=AXIS2_PLACEMENT_3D('',#10300,#5100,#5101);
#4454=AXIS2_PLACEMENT_3D('',#10301,#5102,#5103);
#4455=AXIS2_PLACEMENT_3D('',#10302,#5104,#5105);
#4456=AXIS2_PLACEMENT_3D('',#10303,#5106,#5107);
#4457=AXIS2_PLACEMENT_3D('',#10306,#5110,#5111);
#4458=AXIS2_PLACEMENT_3D('',#10308,#5112,#5113);
#4459=AXIS2_PLACEMENT_3D('',#10314,#5114,#5115);
#4460=AXIS2_PLACEMENT_3D('',#10315,#5116,#5117);
#4461=AXIS2_PLACEMENT_3D('',#10317,#5118,#5119);
#4462=AXIS2_PLACEMENT_3D('',#10319,#5120,#5121);
#4463=AXIS2_PLACEMENT_3D('',#10326,#5122,#5123);
#4464=AXIS2_PLACEMENT_3D('',#10327,#5124,#5125);
#4465=AXIS2_PLACEMENT_3D('',#10329,#5126,#5127);
#4466=AXIS2_PLACEMENT_3D('',#10330,#5128,#5129);
#4467=AXIS2_PLACEMENT_3D('',#10331,#5130,#5131);
#4468=AXIS2_PLACEMENT_3D('',#10332,#5132,#5133);
#4469=AXIS2_PLACEMENT_3D('',#10340,#5136,#5137);
#4470=AXIS2_PLACEMENT_3D('',#10358,#5139,#5140);
#4471=AXIS2_PLACEMENT_3D('',#10359,#5141,#5142);
#4472=AXIS2_PLACEMENT_3D('',#10360,#5143,#5144);
#4473=AXIS2_PLACEMENT_3D('',#10362,#5146,#5147);
#4474=AXIS2_PLACEMENT_3D('',#10365,#5150,#5151);
#4475=AXIS2_PLACEMENT_3D('',#10366,#5152,#5153);
#4476=AXIS2_PLACEMENT_3D('',#10434,#5154,#5155);
#4477=AXIS2_PLACEMENT_3D('',#10441,#5157,#5158);
#4478=AXIS2_PLACEMENT_3D('',#10443,#5160,#5161);
#4479=AXIS2_PLACEMENT_3D('',#10444,#5162,#5163);
#4480=AXIS2_PLACEMENT_3D('',#10453,#5165,#5166);
#4481=AXIS2_PLACEMENT_3D('',#10464,#5168,#5169);
#4482=AXIS2_PLACEMENT_3D('',#10471,#5171,#5172);
#4483=AXIS2_PLACEMENT_3D('',#10478,#5173,#5174);
#4484=AXIS2_PLACEMENT_3D('',#10483,#5175,#5176);
#4485=AXIS2_PLACEMENT_3D('',#10494,#5178,#5179);
#4486=AXIS2_PLACEMENT_3D('',#10501,#5181,#5182);
#4487=AXIS2_PLACEMENT_3D('',#10512,#5183,#5184);
#4488=AXIS2_PLACEMENT_3D('',#10519,#5186,#5187);
#4489=AXIS2_PLACEMENT_3D('',#10528,#5188,#5189);
#4490=AXIS2_PLACEMENT_3D('',#10530,#5191,#5192);
#4491=AXIS2_PLACEMENT_3D('',#10531,#5193,#5194);
#4492=AXIS2_PLACEMENT_3D('',#10533,#5196,#5197);
#4493=AXIS2_PLACEMENT_3D('',#10534,#5198,#5199);
#4494=AXIS2_PLACEMENT_3D('',#10536,#5201,#5202);
#4495=AXIS2_PLACEMENT_3D('',#10537,#5203,#5204);
#4496=AXIS2_PLACEMENT_3D('',#10538,#5205,#5206);
#4497=AXIS2_PLACEMENT_3D('',#10539,#5207,#5208);
#4498=AXIS2_PLACEMENT_3D('',#10540,#5209,#5210);
#4499=AXIS2_PLACEMENT_3D('',#10547,#5212,#5213);
#4500=AXIS2_PLACEMENT_3D('',#10552,#5214,#5215);
#4501=AXIS2_PLACEMENT_3D('',#10553,#5216,#5217);
#4502=AXIS2_PLACEMENT_3D('',#10558,#5218,#5219);
#4503=AXIS2_PLACEMENT_3D('',#10560,#5221,#5222);
#4504=AXIS2_PLACEMENT_3D('',#10561,#5223,#5224);
#4505=AXIS2_PLACEMENT_3D('',#10562,#5225,#5226);
#4506=DIRECTION('axis',(0.,0.,1.));
#4507=DIRECTION('refdir',(1.,0.,0.));
#4508=DIRECTION('center_axis',(0.707106781186547,-0.707106781186548,0.));
#4509=DIRECTION('ref_axis',(0.707106781186548,0.707106781186547,0.));
#4510=DIRECTION('',(0.,0.,-1.));
#4511=DIRECTION('center_axis',(0.707106781186547,-0.707106781186548,0.));
#4512=DIRECTION('ref_axis',(0.707106781186548,0.707106781186547,0.));
#4513=DIRECTION('',(0.,0.,-1.));
#4514=DIRECTION('center_axis',(1.,0.,0.));
#4515=DIRECTION('ref_axis',(0.,0.,-1.));
#4516=DIRECTION('',(0.,0.,1.));
#4517=DIRECTION('',(0.,0.,-1.));
#4518=DIRECTION('',(0.,0.,1.));
#4519=DIRECTION('center_axis',(1.,0.,0.));
#4520=DIRECTION('ref_axis',(0.,1.,0.));
#4521=DIRECTION('',(0.,0.,-1.));
#4522=DIRECTION('',(0.,0.,1.));
#4523=DIRECTION('center_axis',(1.,0.,0.));
#4524=DIRECTION('ref_axis',(0.,1.,0.));
#4525=DIRECTION('',(0.,0.,-1.));
#4526=DIRECTION('',(0.,0.,1.));
#4527=DIRECTION('center_axis',(1.,0.,0.));
#4528=DIRECTION('ref_axis',(0.,1.,0.));
#4529=DIRECTION('',(0.,0.,-1.));
#4530=DIRECTION('',(0.,0.,1.));
#4531=DIRECTION('',(0.,0.,-1.));
#4532=DIRECTION('',(0.,0.,1.));
#4533=DIRECTION('center_axis',(1.,0.,0.));
#4534=DIRECTION('ref_axis',(0.,1.,0.));
#4535=DIRECTION('',(0.,0.,-1.));
#4536=DIRECTION('',(0.,0.,1.));
#4537=DIRECTION('',(0.,0.,-1.));
#4538=DIRECTION('',(0.,0.,1.));
#4539=DIRECTION('',(0.,0.,-1.));
#4540=DIRECTION('',(0.,0.,1.));
#4541=DIRECTION('',(0.,0.,-1.));
#4542=DIRECTION('',(0.,0.,1.));
#4543=DIRECTION('',(0.,0.,-1.));
#4544=DIRECTION('',(0.,0.,-1.));
#4545=DIRECTION('',(0.,0.,1.));
#4546=DIRECTION('',(0.,0.,-1.));
#4547=DIRECTION('',(0.,0.,1.));
#4548=DIRECTION('',(0.,0.,-1.));
#4549=DIRECTION('',(0.,0.,1.));
#4550=DIRECTION('',(0.,0.,-1.));
#4551=DIRECTION('',(0.,0.,1.));
#4552=DIRECTION('',(0.,0.,-1.));
#4553=DIRECTION('center_axis',(1.,0.,0.));
#4554=DIRECTION('ref_axis',(0.,1.,0.));
#4555=DIRECTION('',(0.,0.,1.));
#4556=DIRECTION('',(0.,0.,-1.));
#4557=DIRECTION('',(0.,0.,1.));
#4558=DIRECTION('',(0.,0.,-1.));
#4559=DIRECTION('center_axis',(1.,0.,0.));
#4560=DIRECTION('ref_axis',(0.,1.,0.));
#4561=DIRECTION('',(0.,0.,1.));
#4562=DIRECTION('',(0.,0.,-1.));
#4563=DIRECTION('center_axis',(1.,0.,0.));
#4564=DIRECTION('ref_axis',(0.,1.,0.));
#4565=DIRECTION('',(0.,0.,1.));
#4566=DIRECTION('',(0.,0.,-1.));
#4567=DIRECTION('center_axis',(1.,0.,0.));
#4568=DIRECTION('ref_axis',(0.,1.,0.));
#4569=DIRECTION('',(0.,0.,1.));
#4570=DIRECTION('',(0.,0.,-1.));
#4571=DIRECTION('',(0.,0.,1.));
#4572=DIRECTION('center_axis',(0.707106781186547,-0.707106781186548,0.));
#4573=DIRECTION('ref_axis',(0.707106781186548,0.707106781186547,0.));
#4574=DIRECTION('',(0.,0.,1.));
#4575=DIRECTION('',(0.,0.,1.));
#4576=DIRECTION('center_axis',(-0.707106781186547,-0.707106781186548,0.));
#4577=DIRECTION('ref_axis',(0.707106781186548,-0.707106781186547,0.));
#4578=DIRECTION('',(0.,0.,1.));
#4579=DIRECTION('',(0.,0.,-1.));
#4580=DIRECTION('center_axis',(0.707106781186547,-0.707106781186548,0.));
#4581=DIRECTION('ref_axis',(0.707106781186548,0.707106781186547,0.));
#4582=DIRECTION('center_axis',(-0.707106781186548,0.707106781186547,0.));
#4583=DIRECTION('ref_axis',(-0.707106781186547,-0.707106781186548,0.));
#4584=DIRECTION('',(0.,0.,1.));
#4585=DIRECTION('center_axis',(-0.707106781186547,-0.707106781186548,0.));
#4586=DIRECTION('ref_axis',(0.707106781186548,-0.707106781186547,0.));
#4587=DIRECTION('center_axis',(0.707106781186546,0.707106781186549,0.));
#4588=DIRECTION('ref_axis',(-0.707106781186549,0.707106781186546,0.));
#4589=DIRECTION('',(0.,0.,1.));
#4590=DIRECTION('center_axis',(-0.707106781186548,0.707106781186547,0.));
#4591=DIRECTION('ref_axis',(-0.707106781186547,-0.707106781186548,0.));
#4592=DIRECTION('',(0.,0.,-1.));
#4593=DIRECTION('center_axis',(0.707106781186546,0.707106781186549,0.));
#4594=DIRECTION('ref_axis',(-0.707106781186549,0.707106781186546,0.));
#4595=DIRECTION('',(0.,0.,-1.));
#4596=DIRECTION('center_axis',(1.,0.,0.));
#4597=DIRECTION('ref_axis',(0.,1.,0.));
#4598=DIRECTION('center_axis',(1.,0.,0.));
#4599=DIRECTION('ref_axis',(0.,1.,0.));
#4600=DIRECTION('center_axis',(1.,0.,0.));
#4601=DIRECTION('ref_axis',(0.,1.,0.));
#4602=DIRECTION('',(0.,0.,1.));
#4603=DIRECTION('',(0.,0.,-1.));
#4604=DIRECTION('center_axis',(1.,0.,0.));
#4605=DIRECTION('ref_axis',(0.,1.,0.));
#4606=DIRECTION('',(0.,0.,1.));
#4607=DIRECTION('',(0.,0.,-1.));
#4608=DIRECTION('center_axis',(1.,0.,0.));
#4609=DIRECTION('ref_axis',(0.,1.,0.));
#4610=DIRECTION('',(0.,0.,1.));
#4611=DIRECTION('',(0.,0.,-1.));
#4612=DIRECTION('center_axis',(1.,0.,0.));
#4613=DIRECTION('ref_axis',(0.,1.,0.));
#4614=DIRECTION('',(0.,0.,1.));
#4615=DIRECTION('',(0.,0.,-1.));
#4616=DIRECTION('center_axis',(1.,0.,0.));
#4617=DIRECTION('ref_axis',(0.,1.,0.));
#4618=DIRECTION('',(0.,0.,1.));
#4619=DIRECTION('',(0.,0.,-1.));
#4620=DIRECTION('center_axis',(1.,0.,0.));
#4621=DIRECTION('ref_axis',(0.,1.,0.));
#4622=DIRECTION('',(0.,0.,1.));
#4623=DIRECTION('',(0.,0.,-1.));
#4624=DIRECTION('center_axis',(-0.707106781186548,0.707106781186547,0.));
#4625=DIRECTION('ref_axis',(-0.707106781186547,-0.707106781186548,0.));
#4626=DIRECTION('',(0.,0.,-1.));
#4627=DIRECTION('center_axis',(0.707106781186546,0.707106781186549,0.));
#4628=DIRECTION('ref_axis',(-0.707106781186549,0.707106781186546,0.));
#4629=DIRECTION('',(0.,0.,1.));
#4630=DIRECTION('center_axis',(-0.707106781186548,0.707106781186547,0.));
#4631=DIRECTION('ref_axis',(-0.707106781186547,-0.707106781186548,0.));
#4632=DIRECTION('',(0.,0.,-1.));
#4633=DIRECTION('center_axis',(0.707106781186546,0.707106781186549,0.));
#4634=DIRECTION('ref_axis',(-0.707106781186549,0.707106781186546,0.));
#4635=DIRECTION('',(0.,0.,1.));
#4636=DIRECTION('center_axis',(0.707106781186546,0.707106781186549,0.));
#4637=DIRECTION('ref_axis',(-0.707106781186549,0.707106781186546,0.));
#4638=DIRECTION('',(0.,0.,1.));
#4639=DIRECTION('center_axis',(0.707106781186546,0.707106781186549,0.));
#4640=DIRECTION('ref_axis',(-0.707106781186549,0.707106781186546,0.));
#4641=DIRECTION('center_axis',(0.707106781186546,0.707106781186549,0.));
#4642=DIRECTION('ref_axis',(-0.707106781186549,0.707106781186546,0.));
#4643=DIRECTION('',(0.,0.,1.));
#4644=DIRECTION('center_axis',(-1.,0.,0.));
#4645=DIRECTION('ref_axis',(0.,-0.00201203688957388,0.999997975851729));
#4646=DIRECTION('center_axis',(0.707106781186546,0.707106781186549,0.));
#4647=DIRECTION('ref_axis',(-0.707106781186549,0.707106781186546,0.));
#4648=DIRECTION('center_axis',(-0.707106781186547,-0.707106781186548,0.));
#4649=DIRECTION('ref_axis',(-0.707106781186548,0.707106781186547,0.));
#4650=DIRECTION('center_axis',(-0.707106781186548,0.707106781186547,0.));
#4651=DIRECTION('ref_axis',(0.707106781186547,0.707106781186548,0.));
#4652=DIRECTION('center_axis',(0.707106781186547,-0.707106781186548,0.));
#4653=DIRECTION('ref_axis',(0.707106781186548,0.707106781186547,0.));
#4654=DIRECTION('center_axis',(-0.707106781186547,-0.707106781186548,0.));
#4655=DIRECTION('ref_axis',(-0.707106781186548,0.707106781186547,0.));
#4656=DIRECTION('center_axis',(0.707106781186546,0.707106781186549,0.));
#4657=DIRECTION('ref_axis',(-0.707106781186549,0.707106781186546,0.));
#4658=DIRECTION('center_axis',(0.707106781186547,-0.707106781186548,0.));
#4659=DIRECTION('ref_axis',(0.707106781186548,0.707106781186547,0.));
#4660=DIRECTION('center_axis',(-0.707106781186548,0.707106781186547,0.));
#4661=DIRECTION('ref_axis',(0.707106781186547,0.707106781186548,0.));
#4662=DIRECTION('center_axis',(-1.,0.,0.));
#4663=DIRECTION('ref_axis',(0.,0.00573664255134611,0.999983545330741));
#4664=DIRECTION('center_axis',(-0.707106781186548,0.707106781186547,0.));
#4665=DIRECTION('ref_axis',(0.707106781186547,0.707106781186548,0.));
#4666=DIRECTION('center_axis',(0.707106781186546,0.707106781186549,0.));
#4667=DIRECTION('ref_axis',(-0.707106781186549,0.707106781186546,0.));
#4668=DIRECTION('center_axis',(-0.707106781186547,-0.707106781186548,0.));
#4669=DIRECTION('ref_axis',(-0.707106781186548,0.707106781186547,0.));
#4670=DIRECTION('center_axis',(-0.707106781186548,0.707106781186547,0.));
#4671=DIRECTION('ref_axis',(0.707106781186547,0.707106781186548,0.));
#4672=DIRECTION('center_axis',(0.707106781186547,-0.707106781186548,0.));
#4673=DIRECTION('ref_axis',(0.707106781186548,0.707106781186547,0.));
#4674=DIRECTION('center_axis',(-0.707106781186547,-0.707106781186548,0.));
#4675=DIRECTION('ref_axis',(-0.707106781186548,0.707106781186547,0.));
#4676=DIRECTION('center_axis',(0.707106781186547,-0.707106781186548,0.));
#4677=DIRECTION('ref_axis',(0.707106781186548,0.707106781186547,0.));
#4678=DIRECTION('center_axis',(-1.,0.,0.));
#4679=DIRECTION('ref_axis',(0.,1.,0.));
#4680=DIRECTION('center_axis',(-1.,0.,0.));
#4681=DIRECTION('ref_axis',(0.,-0.864202861190617,0.50314353291079));
#4682=DIRECTION('center_axis',(0.707106781186547,-0.707106781186548,0.));
#4683=DIRECTION('ref_axis',(0.707106781186548,0.707106781186547,0.));
#4684=DIRECTION('center_axis',(-0.707106781186548,0.707106781186547,0.));
#4685=DIRECTION('ref_axis',(0.707106781186547,0.707106781186548,0.));
#4686=DIRECTION('center_axis',(1.,0.,0.));
#4687=DIRECTION('ref_axis',(0.,1.,0.));
#4688=DIRECTION('',(0.,0.,1.));
#4689=DIRECTION('',(0.,0.,-1.));
#4690=DIRECTION('center_axis',(-1.,0.,0.));
#4691=DIRECTION('ref_axis',(0.,0.00628413975093582,0.999980254598855));
#4692=DIRECTION('center_axis',(0.707106781186547,-0.707106781186548,0.));
#4693=DIRECTION('ref_axis',(0.707106781186548,0.707106781186547,0.));
#4694=DIRECTION('center_axis',(-0.707106781186548,0.707106781186547,0.));
#4695=DIRECTION('ref_axis',(0.707106781186547,0.707106781186548,0.));
#4696=DIRECTION('center_axis',(-1.,0.,0.));
#4697=DIRECTION('ref_axis',(0.,0.00628413975081301,0.999980254598856));
#4698=DIRECTION('center_axis',(-0.707106781186547,-0.707106781186548,0.));
#4699=DIRECTION('ref_axis',(-0.707106781186548,0.707106781186547,0.));
#4700=DIRECTION('center_axis',(0.707106781186546,0.707106781186549,0.));
#4701=DIRECTION('ref_axis',(-0.707106781186549,0.707106781186546,0.));
#4702=DIRECTION('center_axis',(0.707106781186547,-0.707106781186548,0.));
#4703=DIRECTION('ref_axis',(0.707106781186548,0.707106781186547,0.));
#4704=DIRECTION('',(0.,0.,1.));
#4705=DIRECTION('',(0.,0.,1.));
#4706=DIRECTION('center_axis',(0.707106781186547,-0.707106781186548,0.));
#4707=DIRECTION('ref_axis',(0.707106781186548,0.707106781186547,0.));
#4708=DIRECTION('center_axis',(-0.707106781186548,0.707106781186547,0.));
#4709=DIRECTION('ref_axis',(-0.707106781186547,-0.707106781186548,0.));
#4710=DIRECTION('center_axis',(-0.707106781186548,0.707106781186547,0.));
#4711=DIRECTION('ref_axis',(0.707106781186547,0.707106781186548,0.));
#4712=DIRECTION('',(0.,0.,1.));
#4713=DIRECTION('',(0.,0.,-1.));
#4714=DIRECTION('center_axis',(0.707106781186546,0.707106781186549,0.));
#4715=DIRECTION('ref_axis',(-0.707106781186549,0.707106781186546,0.));
#4716=DIRECTION('',(0.,0.,-1.));
#4717=DIRECTION('center_axis',(-0.707106781186547,-0.707106781186548,0.));
#4718=DIRECTION('ref_axis',(0.707106781186548,-0.707106781186547,0.));
#4719=DIRECTION('',(0.,0.,-1.));
#4720=DIRECTION('',(0.,0.,1.));
#4721=DIRECTION('center_axis',(-0.707106781186547,-0.707106781186548,0.));
#4722=DIRECTION('ref_axis',(0.707106781186548,-0.707106781186547,0.));
#4723=DIRECTION('',(0.,0.,-1.));
#4724=DIRECTION('center_axis',(0.707106781186546,0.707106781186549,0.));
#4725=DIRECTION('ref_axis',(-0.707106781186549,0.707106781186546,0.));
#4726=DIRECTION('',(0.,0.,1.));
#4727=DIRECTION('center_axis',(-0.707106781186548,0.707106781186547,0.));
#4728=DIRECTION('ref_axis',(-0.707106781186547,-0.707106781186548,0.));
#4729=DIRECTION('center_axis',(0.707106781186547,-0.707106781186548,0.));
#4730=DIRECTION('ref_axis',(0.707106781186548,0.707106781186547,0.));
#4731=DIRECTION('center_axis',(-0.707106781186548,0.707106781186547,0.));
#4732=DIRECTION('ref_axis',(-0.707106781186547,-0.707106781186548,0.));
#4733=DIRECTION('center_axis',(-0.707106781186548,0.707106781186547,0.));
#4734=DIRECTION('ref_axis',(0.707106781186547,0.707106781186548,0.));
#4735=DIRECTION('',(0.,0.,1.));
#4736=DIRECTION('',(0.,0.,-1.));
#4737=DIRECTION('center_axis',(0.707106781186547,-0.707106781186548,0.));
#4738=DIRECTION('ref_axis',(0.707106781186548,0.707106781186547,0.));
#4739=DIRECTION('center_axis',(0.707106781186547,-0.707106781186548,0.));
#4740=DIRECTION('ref_axis',(0.707106781186548,0.707106781186547,0.));
#4741=DIRECTION('',(0.,0.,1.));
#4742=DIRECTION('',(0.,0.,1.));
#4743=DIRECTION('center_axis',(-0.707106781186548,0.707106781186547,0.));
#4744=DIRECTION('ref_axis',(-0.707106781186547,-0.707106781186548,0.));
#4745=DIRECTION('',(0.,0.,1.));
#4746=DIRECTION('center_axis',(-0.707106781186548,0.707106781186547,0.));
#4747=DIRECTION('ref_axis',(-0.707106781186547,-0.707106781186548,0.));
#4748=DIRECTION('',(0.,0.,1.));
#4749=DIRECTION('center_axis',(-0.707106781186547,-0.707106781186548,0.));
#4750=DIRECTION('ref_axis',(0.707106781186548,-0.707106781186547,0.));
#4751=DIRECTION('center_axis',(0.707106781186547,-0.707106781186548,0.));
#4752=DIRECTION('ref_axis',(0.707106781186548,0.707106781186547,0.));
#4753=DIRECTION('center_axis',(0.707106781186546,0.707106781186549,0.));
#4754=DIRECTION('ref_axis',(-0.707106781186549,0.707106781186546,0.));
#4755=DIRECTION('center_axis',(0.707106781186547,-0.707106781186548,0.));
#4756=DIRECTION('ref_axis',(0.707106781186548,0.707106781186547,0.));
#4757=DIRECTION('center_axis',(0.707106781186547,-0.707106781186548,0.));
#4758=DIRECTION('ref_axis',(0.707106781186548,0.707106781186547,0.));
#4759=DIRECTION('',(0.,0.,1.));
#4760=DIRECTION('center_axis',(0.707106781186547,-0.707106781186548,0.));
#4761=DIRECTION('ref_axis',(0.707106781186548,0.707106781186547,0.));
#4762=DIRECTION('',(0.,0.,1.));
#4763=DIRECTION('center_axis',(-0.707106781186547,-0.707106781186548,0.));
#4764=DIRECTION('ref_axis',(0.707106781186548,-0.707106781186547,0.));
#4765=DIRECTION('',(0.,0.,1.));
#4766=DIRECTION('center_axis',(-0.707106781186548,0.707106781186547,0.));
#4767=DIRECTION('ref_axis',(-0.707106781186547,-0.707106781186548,0.));
#4768=DIRECTION('center_axis',(0.707106781186547,-0.707106781186548,0.));
#4769=DIRECTION('ref_axis',(0.707106781186548,0.707106781186547,0.));
#4770=DIRECTION('',(0.,0.,-1.));
#4771=DIRECTION('center_axis',(0.707106781186546,0.707106781186549,0.));
#4772=DIRECTION('ref_axis',(-0.707106781186549,0.707106781186546,0.));
#4773=DIRECTION('center_axis',(0.707106781186546,0.707106781186549,0.));
#4774=DIRECTION('ref_axis',(-0.707106781186549,0.707106781186546,0.));
#4775=DIRECTION('',(0.,0.,-1.));
#4776=DIRECTION('center_axis',(-0.707106781186547,-0.707106781186548,0.));
#4777=DIRECTION('ref_axis',(0.707106781186548,-0.707106781186547,0.));
#4778=DIRECTION('center_axis',(-0.707106781186548,0.707106781186547,0.));
#4779=DIRECTION('ref_axis',(-0.707106781186547,-0.707106781186548,0.));
#4780=DIRECTION('center_axis',(-0.707106781186548,0.707106781186547,0.));
#4781=DIRECTION('ref_axis',(0.707106781186547,0.707106781186548,0.));
#4782=DIRECTION('',(0.,0.,1.));
#4783=DIRECTION('center_axis',(-0.707106781186547,-0.707106781186548,0.));
#4784=DIRECTION('ref_axis',(0.707106781186548,-0.707106781186547,0.));
#4785=DIRECTION('center_axis',(-0.707106781186547,-0.707106781186548,0.));
#4786=DIRECTION('ref_axis',(-0.707106781186548,0.707106781186547,0.));
#4787=DIRECTION('',(0.,0.,1.));
#4788=DIRECTION('center_axis',(0.707106781186547,-0.707106781186548,0.));
#4789=DIRECTION('ref_axis',(0.707106781186548,0.707106781186547,0.));
#4790=DIRECTION('center_axis',(0.707106781186547,-0.707106781186548,0.));
#4791=DIRECTION('ref_axis',(0.707106781186548,0.707106781186547,0.));
#4792=DIRECTION('center_axis',(-0.707106781186547,-0.707106781186548,0.));
#4793=DIRECTION('ref_axis',(0.707106781186548,-0.707106781186547,0.));
#4794=DIRECTION('',(0.,0.,1.));
#4795=DIRECTION('center_axis',(0.707106781186546,0.707106781186549,0.));
#4796=DIRECTION('ref_axis',(-0.707106781186549,0.707106781186546,0.));
#4797=DIRECTION('',(0.,0.,-1.));
#4798=DIRECTION('center_axis',(-0.707106781186548,0.707106781186547,0.));
#4799=DIRECTION('ref_axis',(-0.707106781186547,-0.707106781186548,0.));
#4800=DIRECTION('center_axis',(0.707106781186547,-0.707106781186548,0.));
#4801=DIRECTION('ref_axis',(0.707106781186548,0.707106781186547,0.));
#4802=DIRECTION('',(0.,0.,1.));
#4803=DIRECTION('center_axis',(-0.707106781186548,0.707106781186547,0.));
#4804=DIRECTION('ref_axis',(-0.707106781186547,-0.707106781186548,0.));
#4805=DIRECTION('center_axis',(-0.707106781186548,0.707106781186547,0.));
#4806=DIRECTION('ref_axis',(0.707106781186547,0.707106781186548,0.));
#4807=DIRECTION('',(0.,0.,-1.));
#4808=DIRECTION('center_axis',(0.707106781186546,0.707106781186549,0.));
#4809=DIRECTION('ref_axis',(-0.707106781186549,0.707106781186546,0.));
#4810=DIRECTION('center_axis',(0.707106781186546,0.707106781186549,0.));
#4811=DIRECTION('ref_axis',(-0.707106781186549,0.707106781186546,0.));
#4812=DIRECTION('',(0.,0.,1.));
#4813=DIRECTION('center_axis',(0.707106781186547,-0.707106781186548,0.));
#4814=DIRECTION('ref_axis',(0.707106781186548,0.707106781186547,0.));
#4815=DIRECTION('center_axis',(-0.707106781186547,-0.707106781186548,0.));
#4816=DIRECTION('ref_axis',(0.707106781186548,-0.707106781186547,0.));
#4817=DIRECTION('',(0.,0.,1.));
#4818=DIRECTION('center_axis',(0.707106781186547,-0.707106781186548,0.));
#4819=DIRECTION('ref_axis',(0.707106781186548,0.707106781186547,0.));
#4820=DIRECTION('',(0.,0.,-1.));
#4821=DIRECTION('center_axis',(-0.707106781186547,-0.707106781186548,0.));
#4822=DIRECTION('ref_axis',(0.707106781186548,-0.707106781186547,0.));
#4823=DIRECTION('center_axis',(0.707106781186547,-0.707106781186548,0.));
#4824=DIRECTION('ref_axis',(0.707106781186548,0.707106781186547,0.));
#4825=DIRECTION('center_axis',(0.707106781186546,0.707106781186549,0.));
#4826=DIRECTION('ref_axis',(-0.707106781186549,0.707106781186546,0.));
#4827=DIRECTION('center_axis',(0.707106781186546,0.707106781186549,0.));
#4828=DIRECTION('ref_axis',(-0.707106781186549,0.707106781186546,0.));
#4829=DIRECTION('center_axis',(0.707106781186546,0.707106781186549,0.));
#4830=DIRECTION('ref_axis',(-0.707106781186549,0.707106781186546,0.));
#4831=DIRECTION('center_axis',(0.707106781186547,-0.707106781186548,0.));
#4832=DIRECTION('ref_axis',(0.707106781186548,0.707106781186547,0.));
#4833=DIRECTION('center_axis',(0.707106781186547,-0.707106781186548,0.));
#4834=DIRECTION('ref_axis',(0.707106781186548,0.707106781186547,0.));
#4835=DIRECTION('',(0.,0.,1.));
#4836=DIRECTION('center_axis',(0.707106781186546,0.707106781186549,0.));
#4837=DIRECTION('ref_axis',(-0.707106781186549,0.707106781186546,0.));
#4838=DIRECTION('center_axis',(0.707106781186546,0.707106781186549,0.));
#4839=DIRECTION('ref_axis',(-0.707106781186549,0.707106781186546,0.));
#4840=DIRECTION('center_axis',(-0.707106781186547,-0.707106781186548,0.));
#4841=DIRECTION('ref_axis',(0.707106781186548,-0.707106781186547,0.));
#4842=DIRECTION('center_axis',(-0.707106781186547,-0.707106781186548,0.));
#4843=DIRECTION('ref_axis',(-0.707106781186548,0.707106781186547,0.));
#4844=DIRECTION('center_axis',(-0.707106781186547,-0.707106781186548,0.));
#4845=DIRECTION('ref_axis',(-0.707106781186548,0.707106781186547,0.));
#4846=DIRECTION('center_axis',(-0.707106781186547,-0.707106781186548,0.));
#4847=DIRECTION('ref_axis',(0.707106781186548,-0.707106781186547,0.));
#4848=DIRECTION('center_axis',(-0.707106781186547,-0.707106781186548,0.));
#4849=DIRECTION('ref_axis',(-0.707106781186548,0.707106781186547,0.));
#4850=DIRECTION('center_axis',(-0.707106781186548,0.707106781186547,0.));
#4851=DIRECTION('ref_axis',(-0.707106781186547,-0.707106781186548,0.));
#4852=DIRECTION('center_axis',(-0.707106781186548,0.707106781186547,0.));
#4853=DIRECTION('ref_axis',(0.707106781186547,0.707106781186548,0.));
#4854=DIRECTION('',(0.,0.,1.));
#4855=DIRECTION('center_axis',(-0.707106781186548,0.707106781186547,0.));
#4856=DIRECTION('ref_axis',(0.707106781186547,0.707106781186548,0.));
#4857=DIRECTION('center_axis',(0.707106781186546,0.707106781186549,0.));
#4858=DIRECTION('ref_axis',(-0.707106781186549,0.707106781186546,0.));
#4859=DIRECTION('',(0.,0.,1.));
#4860=DIRECTION('center_axis',(-0.707106781186547,-0.707106781186548,0.));
#4861=DIRECTION('ref_axis',(0.707106781186548,-0.707106781186547,0.));
#4862=DIRECTION('center_axis',(-0.707106781186547,-0.707106781186548,0.));
#4863=DIRECTION('ref_axis',(-0.707106781186548,0.707106781186547,0.));
#4864=DIRECTION('center_axis',(-0.707106781186547,-0.707106781186548,0.));
#4865=DIRECTION('ref_axis',(0.707106781186548,-0.707106781186547,0.));
#4866=DIRECTION('',(0.,0.,-1.));
#4867=DIRECTION('center_axis',(-0.707106781186547,-0.707106781186548,0.));
#4868=DIRECTION('ref_axis',(0.707106781186548,-0.707106781186547,0.));
#4869=DIRECTION('center_axis',(-0.707106781186547,-0.707106781186548,0.));
#4870=DIRECTION('ref_axis',(-0.707106781186548,0.707106781186547,0.));
#4871=DIRECTION('center_axis',(-1.,0.,0.));
#4872=DIRECTION('ref_axis',(0.,-0.0102048955401986,0.999947928697796));
#4873=DIRECTION('center_axis',(-1.,0.,0.));
#4874=DIRECTION('ref_axis',(0.,-0.612824355184605,0.790219152952251));
#4875=DIRECTION('center_axis',(1.,0.,0.));
#4876=DIRECTION('ref_axis',(0.,1.,0.));
#4877=DIRECTION('center_axis',(-1.,0.,0.));
#4878=DIRECTION('ref_axis',(0.,-0.873870154435593,0.486159390721512));
#4879=DIRECTION('center_axis',(-1.,0.,0.));
#4880=DIRECTION('ref_axis',(0.,-0.00303602654871639,0.999995391260778));
#4881=DIRECTION('center_axis',(-0.707106781186548,0.707106781186547,0.));
#4882=DIRECTION('ref_axis',(-0.707106781186547,-0.707106781186548,0.));
#4883=DIRECTION('center_axis',(-0.707106781186548,0.707106781186547,0.));
#4884=DIRECTION('ref_axis',(0.707106781186547,0.707106781186548,0.));
#4885=DIRECTION('center_axis',(0.707106781186547,-0.707106781186548,0.));
#4886=DIRECTION('ref_axis',(0.707106781186548,0.707106781186547,0.));
#4887=DIRECTION('center_axis',(0.707106781186547,-0.707106781186548,0.));
#4888=DIRECTION('ref_axis',(0.707106781186548,0.707106781186547,0.));
#4889=DIRECTION('center_axis',(0.707106781186546,0.707106781186549,0.));
#4890=DIRECTION('ref_axis',(-0.707106781186549,0.707106781186546,0.));
#4891=DIRECTION('center_axis',(0.707106781186546,0.707106781186549,0.));
#4892=DIRECTION('ref_axis',(-0.707106781186549,0.707106781186546,0.));
#4893=DIRECTION('center_axis',(-1.,0.,0.));
#4894=DIRECTION('ref_axis',(0.,1.,0.));
#4895=DIRECTION('center_axis',(-1.,0.,0.));
#4896=DIRECTION('ref_axis',(0.,1.,0.));
#4897=DIRECTION('center_axis',(-1.,0.,0.));
#4898=DIRECTION('ref_axis',(0.,1.,0.));
#4899=DIRECTION('center_axis',(-1.,0.,0.));
#4900=DIRECTION('ref_axis',(0.,1.,0.));
#4901=DIRECTION('center_axis',(0.707106781186547,-0.707106781186548,0.));
#4902=DIRECTION('ref_axis',(0.707106781186548,0.707106781186547,0.));
#4903=DIRECTION('center_axis',(-0.707106781186548,0.707106781186547,0.));
#4904=DIRECTION('ref_axis',(0.707106781186547,0.707106781186548,0.));
#4905=DIRECTION('center_axis',(0.707106781186547,-0.707106781186548,0.));
#4906=DIRECTION('ref_axis',(0.707106781186548,0.707106781186547,0.));
#4907=DIRECTION('center_axis',(-0.707106781186548,0.707106781186547,0.));
#4908=DIRECTION('ref_axis',(-0.707106781186547,-0.707106781186548,0.));
#4909=DIRECTION('center_axis',(-0.707106781186548,0.707106781186547,0.));
#4910=DIRECTION('ref_axis',(-0.707106781186547,-0.707106781186548,0.));
#4911=DIRECTION('',(0.,0.,-1.));
#4912=DIRECTION('',(0.,0.,1.));
#4913=DIRECTION('center_axis',(0.707106781186546,0.707106781186549,0.));
#4914=DIRECTION('ref_axis',(-0.707106781186549,0.707106781186546,0.));
#4915=DIRECTION('center_axis',(-0.707106781186548,0.707106781186547,0.));
#4916=DIRECTION('ref_axis',(-0.707106781186547,-0.707106781186548,0.));
#4917=DIRECTION('',(0.,0.,1.));
#4918=DIRECTION('center_axis',(-0.707106781186547,-0.707106781186548,0.));
#4919=DIRECTION('ref_axis',(0.707106781186548,-0.707106781186547,0.));
#4920=DIRECTION('center_axis',(0.707106781186546,0.707106781186549,0.));
#4921=DIRECTION('ref_axis',(-0.707106781186549,0.707106781186546,0.));
#4922=DIRECTION('',(0.,0.,-1.));
#4923=DIRECTION('',(0.,0.,1.));
#4924=DIRECTION('center_axis',(0.707106781186547,-0.707106781186548,0.));
#4925=DIRECTION('ref_axis',(0.707106781186548,0.707106781186547,0.));
#4926=DIRECTION('',(0.,0.,-1.));
#4927=DIRECTION('center_axis',(0.707106781186547,-0.707106781186548,0.));
#4928=DIRECTION('ref_axis',(0.707106781186548,0.707106781186547,0.));
#4929=DIRECTION('',(0.,0.,1.));
#4930=DIRECTION('center_axis',(-0.707106781186547,-0.707106781186548,0.));
#4931=DIRECTION('ref_axis',(0.707106781186548,-0.707106781186547,0.));
#4932=DIRECTION('',(0.,0.,1.));
#4933=DIRECTION('center_axis',(1.,0.,0.));
#4934=DIRECTION('ref_axis',(0.,1.,0.));
#4935=DIRECTION('center_axis',(1.,0.,0.));
#4936=DIRECTION('ref_axis',(0.,1.,0.));
#4937=DIRECTION('center_axis',(1.,0.,0.));
#4938=DIRECTION('ref_axis',(0.,1.,0.));
#4939=DIRECTION('',(0.,0.,1.));
#4940=DIRECTION('',(0.,0.,-1.));
#4941=DIRECTION('center_axis',(1.,0.,0.));
#4942=DIRECTION('ref_axis',(0.,1.,0.));
#4943=DIRECTION('',(0.,0.,-1.));
#4944=DIRECTION('',(0.,0.,1.));
#4945=DIRECTION('center_axis',(1.,0.,0.));
#4946=DIRECTION('ref_axis',(0.,1.,0.));
#4947=DIRECTION('',(0.,0.,1.));
#4948=DIRECTION('',(0.,0.,-1.));
#4949=DIRECTION('center_axis',(1.,0.,0.));
#4950=DIRECTION('ref_axis',(0.,1.,0.));
#4951=DIRECTION('',(0.,0.,-1.));
#4952=DIRECTION('',(0.,0.,1.));
#4953=DIRECTION('center_axis',(1.,0.,0.));
#4954=DIRECTION('ref_axis',(0.,1.,0.));
#4955=DIRECTION('',(0.,0.,-1.));
#4956=DIRECTION('',(0.,0.,1.));
#4957=DIRECTION('center_axis',(1.,0.,0.));
#4958=DIRECTION('ref_axis',(0.,1.,0.));
#4959=DIRECTION('',(0.,0.,1.));
#4960=DIRECTION('',(0.,0.,-1.));
#4961=DIRECTION('center_axis',(-0.707106781186548,0.707106781186547,0.));
#4962=DIRECTION('ref_axis',(-0.707106781186547,-0.707106781186548,0.));
#4963=DIRECTION('',(0.,0.,-1.));
#4964=DIRECTION('center_axis',(-0.707106781186547,-0.707106781186548,0.));
#4965=DIRECTION('ref_axis',(0.707106781186548,-0.707106781186547,0.));
#4966=DIRECTION('',(0.,0.,-1.));
#4967=DIRECTION('center_axis',(-0.707106781186548,0.707106781186547,0.));
#4968=DIRECTION('ref_axis',(-0.707106781186547,-0.707106781186548,0.));
#4969=DIRECTION('',(0.,0.,-1.));
#4970=DIRECTION('center_axis',(-0.707106781186547,-0.707106781186548,0.));
#4971=DIRECTION('ref_axis',(0.707106781186548,-0.707106781186547,0.));
#4972=DIRECTION('',(0.,0.,-1.));
#4973=DIRECTION('center_axis',(-0.707106781186547,-0.707106781186548,0.));
#4974=DIRECTION('ref_axis',(0.707106781186548,-0.707106781186547,0.));
#4975=DIRECTION('',(0.,0.,-1.));
#4976=DIRECTION('center_axis',(-0.707106781186547,-0.707106781186548,0.));
#4977=DIRECTION('ref_axis',(-0.707106781186548,0.707106781186547,0.));
#4978=DIRECTION('center_axis',(0.707106781186546,0.707106781186549,0.));
#4979=DIRECTION('ref_axis',(-0.707106781186549,0.707106781186546,0.));
#4980=DIRECTION('',(0.,0.,1.));
#4981=DIRECTION('center_axis',(-1.,0.,0.));
#4982=DIRECTION('ref_axis',(0.,1.,0.));
#4983=DIRECTION('center_axis',(-0.707106781186548,0.707106781186547,0.));
#4984=DIRECTION('ref_axis',(0.707106781186547,0.707106781186548,0.));
#4985=DIRECTION('center_axis',(-0.707106781186547,-0.707106781186548,0.));
#4986=DIRECTION('ref_axis',(-0.707106781186548,0.707106781186547,0.));
#4987=DIRECTION('center_axis',(0.707106781186546,0.707106781186549,0.));
#4988=DIRECTION('ref_axis',(-0.707106781186549,0.707106781186546,0.));
#4989=DIRECTION('center_axis',(-0.707106781186548,0.707106781186547,0.));
#4990=DIRECTION('ref_axis',(0.707106781186547,0.707106781186548,0.));
#4991=DIRECTION('center_axis',(0.707106781186547,-0.707106781186548,0.));
#4992=DIRECTION('ref_axis',(0.707106781186548,0.707106781186547,0.));
#4993=DIRECTION('center_axis',(0.707106781186546,0.707106781186549,0.));
#4994=DIRECTION('ref_axis',(-0.707106781186549,0.707106781186546,0.));
#4995=DIRECTION('center_axis',(-0.707106781186547,-0.707106781186548,0.));
#4996=DIRECTION('ref_axis',(-0.707106781186548,0.707106781186547,0.));
#4997=DIRECTION('center_axis',(0.707106781186547,-0.707106781186548,0.));
#4998=DIRECTION('ref_axis',(0.707106781186548,0.707106781186547,0.));
#4999=DIRECTION('center_axis',(-1.,0.,0.));
#5000=DIRECTION('ref_axis',(0.,1.,0.));
#5001=DIRECTION('center_axis',(0.707106781186547,-0.707106781186548,0.));
#5002=DIRECTION('ref_axis',(0.707106781186548,0.707106781186547,0.));
#5003=DIRECTION('center_axis',(0.707106781186546,0.707106781186549,0.));
#5004=DIRECTION('ref_axis',(-0.707106781186549,0.707106781186546,0.));
#5005=DIRECTION('center_axis',(0.707106781186547,-0.707106781186548,0.));
#5006=DIRECTION('ref_axis',(0.707106781186548,0.707106781186547,0.));
#5007=DIRECTION('center_axis',(-0.707106781186548,0.707106781186547,0.));
#5008=DIRECTION('ref_axis',(0.707106781186547,0.707106781186548,0.));
#5009=DIRECTION('center_axis',(-0.707106781186547,-0.707106781186548,0.));
#5010=DIRECTION('ref_axis',(-0.707106781186548,0.707106781186547,0.));
#5011=DIRECTION('center_axis',(0.707106781186546,0.707106781186549,0.));
#5012=DIRECTION('ref_axis',(-0.707106781186549,0.707106781186546,0.));
#5013=DIRECTION('center_axis',(-0.707106781186548,0.707106781186547,0.));
#5014=DIRECTION('ref_axis',(0.707106781186547,0.707106781186548,0.));
#5015=DIRECTION('center_axis',(-1.,0.,0.));
#5016=DIRECTION('ref_axis',(0.,1.,0.));
#5017=DIRECTION('center_axis',(-1.,0.,0.));
#5018=DIRECTION('ref_axis',(0.,1.,0.));
#5019=DIRECTION('center_axis',(-0.707106781186548,0.707106781186547,0.));
#5020=DIRECTION('ref_axis',(0.707106781186547,0.707106781186548,0.));
#5021=DIRECTION('center_axis',(0.707106781186547,-0.707106781186548,0.));
#5022=DIRECTION('ref_axis',(0.707106781186548,0.707106781186547,0.));
#5023=DIRECTION('center_axis',(1.,0.,0.));
#5024=DIRECTION('ref_axis',(0.,1.,0.));
#5025=DIRECTION('',(0.,0.,-1.));
#5026=DIRECTION('',(0.,0.,1.));
#5027=DIRECTION('center_axis',(-1.,0.,0.));
#5028=DIRECTION('ref_axis',(0.,1.,0.));
#5029=DIRECTION('center_axis',(-0.707106781186547,-0.707106781186548,0.));
#5030=DIRECTION('ref_axis',(-0.707106781186548,0.707106781186547,0.));
#5031=DIRECTION('center_axis',(0.707106781186546,0.707106781186549,0.));
#5032=DIRECTION('ref_axis',(-0.707106781186549,0.707106781186546,0.));
#5033=DIRECTION('center_axis',(-1.,0.,0.));
#5034=DIRECTION('ref_axis',(0.,1.,0.));
#5035=DIRECTION('center_axis',(-0.707106781186548,0.707106781186547,0.));
#5036=DIRECTION('ref_axis',(0.707106781186547,0.707106781186548,0.));
#5037=DIRECTION('center_axis',(0.707106781186547,-0.707106781186548,0.));
#5038=DIRECTION('ref_axis',(0.707106781186548,0.707106781186547,0.));
#5039=DIRECTION('center_axis',(0.707106781186547,-0.707106781186548,0.));
#5040=DIRECTION('ref_axis',(0.707106781186548,0.707106781186547,0.));
#5041=DIRECTION('center_axis',(0.707106781186547,-0.707106781186548,0.));
#5042=DIRECTION('ref_axis',(0.707106781186548,0.707106781186547,0.));
#5043=DIRECTION('',(0.,0.,1.));
#5044=DIRECTION('',(0.,0.,1.));
#5045=DIRECTION('center_axis',(0.707106781186547,-0.707106781186548,0.));
#5046=DIRECTION('ref_axis',(0.707106781186548,0.707106781186547,0.));
#5047=DIRECTION('',(0.,0.,-1.));
#5048=DIRECTION('center_axis',(-0.707106781186547,-0.707106781186548,0.));
#5049=DIRECTION('ref_axis',(0.707106781186548,-0.707106781186547,0.));
#5050=DIRECTION('',(0.,0.,1.));
#5051=DIRECTION('center_axis',(0.707106781186546,0.707106781186549,0.));
#5052=DIRECTION('ref_axis',(-0.707106781186549,0.707106781186546,0.));
#5053=DIRECTION('',(0.,0.,-1.));
#5054=DIRECTION('center_axis',(-0.707106781186548,0.707106781186547,0.));
#5055=DIRECTION('ref_axis',(-0.707106781186547,-0.707106781186548,0.));
#5056=DIRECTION('',(0.,0.,1.));
#5057=DIRECTION('center_axis',(-0.707106781186548,0.707106781186547,0.));
#5058=DIRECTION('ref_axis',(-0.707106781186547,-0.707106781186548,0.));
#5059=DIRECTION('',(0.,0.,1.));
#5060=DIRECTION('center_axis',(0.707106781186546,0.707106781186549,0.));
#5061=DIRECTION('ref_axis',(-0.707106781186549,0.707106781186546,0.));
#5062=DIRECTION('center_axis',(-1.,0.,0.));
#5063=DIRECTION('ref_axis',(0.,1.,0.));
#5064=DIRECTION('center_axis',(-0.707106781186547,-0.707106781186548,0.));
#5065=DIRECTION('ref_axis',(-0.707106781186548,0.707106781186547,0.));
#5066=DIRECTION('center_axis',(0.707106781186546,0.707106781186549,0.));
#5067=DIRECTION('ref_axis',(-0.707106781186549,0.707106781186546,0.));
#5068=DIRECTION('center_axis',(-1.,0.,0.));
#5069=DIRECTION('ref_axis',(0.,1.,0.));
#5070=DIRECTION('center_axis',(-0.707106781186548,0.707106781186547,0.));
#5071=DIRECTION('ref_axis',(0.707106781186547,0.707106781186548,0.));
#5072=DIRECTION('center_axis',(0.707106781186547,-0.707106781186548,0.));
#5073=DIRECTION('ref_axis',(0.707106781186548,0.707106781186547,0.));
#5074=DIRECTION('center_axis',(-1.,0.,0.));
#5075=DIRECTION('ref_axis',(0.,1.,0.));
#5076=DIRECTION('center_axis',(-0.707106781186548,0.707106781186547,0.));
#5077=DIRECTION('ref_axis',(0.707106781186547,0.707106781186548,0.));
#5078=DIRECTION('center_axis',(0.707106781186547,-0.707106781186548,0.));
#5079=DIRECTION('ref_axis',(0.707106781186548,0.707106781186547,0.));
#5080=DIRECTION('center_axis',(0.707106781186547,-0.707106781186548,0.));
#5081=DIRECTION('ref_axis',(0.707106781186548,0.707106781186547,0.));
#5082=DIRECTION('',(0.,0.,1.));
#5083=DIRECTION('center_axis',(0.707106781186546,0.707106781186549,0.));
#5084=DIRECTION('ref_axis',(-0.707106781186549,0.707106781186546,0.));
#5085=DIRECTION('',(0.,0.,1.));
#5086=DIRECTION('',(0.,0.,-1.));
#5087=DIRECTION('center_axis',(0.707106781186547,-0.707106781186548,0.));
#5088=DIRECTION('ref_axis',(0.707106781186548,0.707106781186547,0.));
#5089=DIRECTION('',(0.,0.,1.));
#5090=DIRECTION('center_axis',(-1.,0.,0.));
#5091=DIRECTION('ref_axis',(0.,1.,0.));
#5092=DIRECTION('center_axis',(0.707106781186546,0.707106781186549,0.));
#5093=DIRECTION('ref_axis',(-0.707106781186549,0.707106781186546,0.));
#5094=DIRECTION('center_axis',(-0.707106781186548,0.707106781186547,0.));
#5095=DIRECTION('ref_axis',(0.707106781186547,0.707106781186548,0.));
#5096=DIRECTION('center_axis',(0.707106781186547,-0.707106781186548,0.));
#5097=DIRECTION('ref_axis',(0.707106781186548,0.707106781186547,0.));
#5098=DIRECTION('center_axis',(-0.707106781186547,-0.707106781186548,0.));
#5099=DIRECTION('ref_axis',(-0.707106781186548,0.707106781186547,0.));
#5100=DIRECTION('center_axis',(-1.,0.,0.));
#5101=DIRECTION('ref_axis',(0.,1.,0.));
#5102=DIRECTION('center_axis',(-0.707106781186547,-0.707106781186548,0.));
#5103=DIRECTION('ref_axis',(-0.707106781186548,0.707106781186547,0.));
#5104=DIRECTION('center_axis',(0.707106781186546,0.707106781186549,0.));
#5105=DIRECTION('ref_axis',(-0.707106781186549,0.707106781186546,0.));
#5106=DIRECTION('center_axis',(1.,0.,0.));
#5107=DIRECTION('ref_axis',(0.,1.,0.));
#5108=DIRECTION('',(0.,0.,1.));
#5109=DIRECTION('',(0.,0.,-1.));
#5110=DIRECTION('center_axis',(-1.,0.,0.));
#5111=DIRECTION('ref_axis',(0.,1.,0.));
#5112=DIRECTION('center_axis',(-0.707106781186548,0.707106781186547,0.));
#5113=DIRECTION('ref_axis',(0.707106781186547,0.707106781186548,0.));
#5114=DIRECTION('center_axis',(0.707106781186547,-0.707106781186548,0.));
#5115=DIRECTION('ref_axis',(0.707106781186548,0.707106781186547,0.));
#5116=DIRECTION('center_axis',(-1.,0.,0.));
#5117=DIRECTION('ref_axis',(0.,1.,0.));
#5118=DIRECTION('center_axis',(-0.707106781186548,0.707106781186547,0.));
#5119=DIRECTION('ref_axis',(0.707106781186547,0.707106781186548,0.));
#5120=DIRECTION('center_axis',(-0.707106781186547,-0.707106781186548,0.));
#5121=DIRECTION('ref_axis',(-0.707106781186548,0.707106781186547,0.));
#5122=DIRECTION('center_axis',(0.707106781186546,0.707106781186549,0.));
#5123=DIRECTION('ref_axis',(-0.707106781186549,0.707106781186546,0.));
#5124=DIRECTION('center_axis',(-0.707106781186548,0.707106781186547,0.));
#5125=DIRECTION('ref_axis',(0.707106781186547,0.707106781186548,0.));
#5126=DIRECTION('center_axis',(0.707106781186547,-0.707106781186548,0.));
#5127=DIRECTION('ref_axis',(0.707106781186548,0.707106781186547,0.));
#5128=DIRECTION('center_axis',(0.707106781186546,0.707106781186549,0.));
#5129=DIRECTION('ref_axis',(-0.707106781186549,0.707106781186546,0.));
#5130=DIRECTION('center_axis',(-0.707106781186547,-0.707106781186548,0.));
#5131=DIRECTION('ref_axis',(-0.707106781186548,0.707106781186547,0.));
#5132=DIRECTION('center_axis',(0.707106781186547,-0.707106781186548,0.));
#5133=DIRECTION('ref_axis',(0.707106781186548,0.707106781186547,0.));
#5134=DIRECTION('',(0.,0.,1.));
#5135=DIRECTION('',(0.,0.,1.));
#5136=DIRECTION('center_axis',(-0.707106781186547,-0.707106781186548,0.));
#5137=DIRECTION('ref_axis',(0.707106781186548,-0.707106781186547,0.));
#5138=DIRECTION('',(0.,0.,1.));
#5139=DIRECTION('center_axis',(0.707106781186546,0.707106781186549,0.));
#5140=DIRECTION('ref_axis',(-0.707106781186549,0.707106781186546,0.));
#5141=DIRECTION('center_axis',(0.707106781186546,0.707106781186549,0.));
#5142=DIRECTION('ref_axis',(-0.707106781186549,0.707106781186546,0.));
#5143=DIRECTION('center_axis',(-0.707106781186547,-0.707106781186548,0.));
#5144=DIRECTION('ref_axis',(0.707106781186548,-0.707106781186547,0.));
#5145=DIRECTION('',(0.,0.,1.));
#5146=DIRECTION('center_axis',(0.707106781186547,-0.707106781186548,0.));
#5147=DIRECTION('ref_axis',(0.707106781186548,0.707106781186547,0.));
#5148=DIRECTION('',(0.,0.,1.));
#5149=DIRECTION('',(0.,0.,1.));
#5150=DIRECTION('center_axis',(0.707106781186546,0.707106781186549,0.));
#5151=DIRECTION('ref_axis',(-0.707106781186549,0.707106781186546,0.));
#5152=DIRECTION('center_axis',(-0.707106781186547,-0.707106781186548,0.));
#5153=DIRECTION('ref_axis',(0.707106781186548,-0.707106781186547,0.));
#5154=DIRECTION('center_axis',(0.707106781186547,-0.707106781186548,0.));
#5155=DIRECTION('ref_axis',(0.707106781186548,0.707106781186547,0.));
#5156=DIRECTION('',(0.,0.,1.));
#5157=DIRECTION('center_axis',(0.707106781186546,0.707106781186549,0.));
#5158=DIRECTION('ref_axis',(-0.707106781186549,0.707106781186546,0.));
#5159=DIRECTION('',(0.,0.,-1.));
#5160=DIRECTION('center_axis',(-0.707106781186548,0.707106781186547,0.));
#5161=DIRECTION('ref_axis',(-0.707106781186547,-0.707106781186548,0.));
#5162=DIRECTION('center_axis',(-0.707106781186547,-0.707106781186548,0.));
#5163=DIRECTION('ref_axis',(0.707106781186548,-0.707106781186547,0.));
#5164=DIRECTION('',(0.,0.,1.));
#5165=DIRECTION('center_axis',(0.707106781186546,0.707106781186549,0.));
#5166=DIRECTION('ref_axis',(-0.707106781186549,0.707106781186546,0.));
#5167=DIRECTION('',(0.,0.,-1.));
#5168=DIRECTION('center_axis',(-0.707106781186548,0.707106781186547,0.));
#5169=DIRECTION('ref_axis',(-0.707106781186547,-0.707106781186548,0.));
#5170=DIRECTION('',(0.,0.,1.));
#5171=DIRECTION('center_axis',(-0.707106781186547,-0.707106781186548,0.));
#5172=DIRECTION('ref_axis',(0.707106781186548,-0.707106781186547,0.));
#5173=DIRECTION('center_axis',(-0.707106781186548,0.707106781186547,0.));
#5174=DIRECTION('ref_axis',(-0.707106781186547,-0.707106781186548,0.));
#5175=DIRECTION('center_axis',(0.707106781186546,0.707106781186549,0.));
#5176=DIRECTION('ref_axis',(-0.707106781186549,0.707106781186546,0.));
#5177=DIRECTION('',(0.,0.,-1.));
#5178=DIRECTION('center_axis',(-0.707106781186548,0.707106781186547,0.));
#5179=DIRECTION('ref_axis',(-0.707106781186547,-0.707106781186548,0.));
#5180=DIRECTION('',(0.,0.,1.));
#5181=DIRECTION('center_axis',(-0.707106781186547,-0.707106781186548,0.));
#5182=DIRECTION('ref_axis',(0.707106781186548,-0.707106781186547,0.));
#5183=DIRECTION('center_axis',(-0.707106781186548,0.707106781186547,0.));
#5184=DIRECTION('ref_axis',(-0.707106781186547,-0.707106781186548,0.));
#5185=DIRECTION('',(0.,0.,1.));
#5186=DIRECTION('center_axis',(-0.707106781186547,-0.707106781186548,0.));
#5187=DIRECTION('ref_axis',(0.707106781186548,-0.707106781186547,0.));
#5188=DIRECTION('center_axis',(0.707106781186546,0.707106781186549,0.));
#5189=DIRECTION('ref_axis',(-0.707106781186549,0.707106781186546,0.));
#5190=DIRECTION('',(0.,0.,1.));
#5191=DIRECTION('center_axis',(0.707106781186547,-0.707106781186548,0.));
#5192=DIRECTION('ref_axis',(0.707106781186548,0.707106781186547,0.));
#5193=DIRECTION('center_axis',(0.707106781186546,0.707106781186549,0.));
#5194=DIRECTION('ref_axis',(-0.707106781186549,0.707106781186546,0.));
#5195=DIRECTION('',(0.,0.,1.));
#5196=DIRECTION('center_axis',(0.707106781186547,-0.707106781186548,0.));
#5197=DIRECTION('ref_axis',(0.707106781186548,0.707106781186547,0.));
#5198=DIRECTION('center_axis',(0.707106781186546,0.707106781186549,0.));
#5199=DIRECTION('ref_axis',(-0.707106781186549,0.707106781186546,0.));
#5200=DIRECTION('',(0.,0.,1.));
#5201=DIRECTION('center_axis',(0.707106781186547,-0.707106781186548,0.));
#5202=DIRECTION('ref_axis',(0.707106781186548,0.707106781186547,0.));
#5203=DIRECTION('center_axis',(-0.707106781186548,0.707106781186547,0.));
#5204=DIRECTION('ref_axis',(-0.707106781186547,-0.707106781186548,0.));
#5205=DIRECTION('center_axis',(-0.707106781186547,-0.707106781186548,0.));
#5206=DIRECTION('ref_axis',(0.707106781186548,-0.707106781186547,0.));
#5207=DIRECTION('center_axis',(-0.707106781186547,-0.707106781186548,0.));
#5208=DIRECTION('ref_axis',(0.707106781186548,-0.707106781186547,0.));
#5209=DIRECTION('center_axis',(-0.707106781186547,-0.707106781186548,0.));
#5210=DIRECTION('ref_axis',(0.707106781186548,-0.707106781186547,0.));
#5211=DIRECTION('',(0.,0.,1.));
#5212=DIRECTION('center_axis',(-0.707106781186548,0.707106781186547,0.));
#5213=DIRECTION('ref_axis',(-0.707106781186547,-0.707106781186548,0.));
#5214=DIRECTION('center_axis',(0.707106781186547,-0.707106781186548,0.));
#5215=DIRECTION('ref_axis',(0.707106781186548,0.707106781186547,0.));
#5216=DIRECTION('center_axis',(-0.707106781186548,0.707106781186547,0.));
#5217=DIRECTION('ref_axis',(-0.707106781186547,-0.707106781186548,0.));
#5218=DIRECTION('center_axis',(-0.707106781186548,0.707106781186547,0.));
#5219=DIRECTION('ref_axis',(-0.707106781186547,-0.707106781186548,0.));
#5220=DIRECTION('',(0.,0.,-1.));
#5221=DIRECTION('center_axis',(0.707106781186546,0.707106781186549,0.));
#5222=DIRECTION('ref_axis',(-0.707106781186549,0.707106781186546,0.));
#5223=DIRECTION('center_axis',(0.707106781186547,-0.707106781186548,0.));
#5224=DIRECTION('ref_axis',(0.707106781186548,0.707106781186547,0.));
#5225=DIRECTION('center_axis',(0.707106781186547,-0.707106781186548,0.));
#5226=DIRECTION('ref_axis',(0.707106781186548,0.707106781186547,0.));
#5227=CARTESIAN_POINT('',(0.,0.,0.));
#5228=CARTESIAN_POINT('Ctrl Pts',(-250.,129.970251284945,-0.298521379389366));
#5229=CARTESIAN_POINT('Ctrl Pts',(-300.,129.970251284945,-0.298521379389366));
#5230=CARTESIAN_POINT('Ctrl Pts',(-250.,127.821178381036,-0.0843586363972041));
#5231=CARTESIAN_POINT('Ctrl Pts',(-300.,127.821178381036,-0.0843586363972041));
#5232=CARTESIAN_POINT('Ctrl Pts',(-250.,125.44942897596,0.0708512496739876));
#5233=CARTESIAN_POINT('Ctrl Pts',(-300.,125.44942897596,0.0708512496739876));
#5234=CARTESIAN_POINT('Ctrl Pts',(-250.,122.857191611518,0.169553679294171));
#5235=CARTESIAN_POINT('Ctrl Pts',(-300.,122.857191611518,0.169553679294171));
#5236=CARTESIAN_POINT('Ctrl Pts',(-250.,117.348295030699,0.379311274995765));
#5237=CARTESIAN_POINT('Ctrl Pts',(-300.,117.348295030699,0.379311274995765));
#5238=CARTESIAN_POINT('Ctrl Pts',(-250.,110.804902191224,0.310171112332585));
#5239=CARTESIAN_POINT('Ctrl Pts',(-300.,110.804902191224,0.310171112332585));
#5240=CARTESIAN_POINT('Ctrl Pts',(-250.,103.63110756365,0.269031200647877));
#5241=CARTESIAN_POINT('Ctrl Pts',(-300.,103.63110756365,0.269031200647877));
#5242=CARTESIAN_POINT('Ctrl Pts',(-250.,96.5195798998103,0.228248374372209));
#5243=CARTESIAN_POINT('Ctrl Pts',(-300.,96.5195798998103,0.228248374372209));
#5244=CARTESIAN_POINT('Ctrl Pts',(-250.,88.8249031762286,0.260812732162557));
#5245=CARTESIAN_POINT('Ctrl Pts',(-300.,88.8249031762286,0.260812732162557));
#5246=CARTESIAN_POINT('Ctrl Pts',(-250.,80.7306584417594,0.315364165057397));
#5247=CARTESIAN_POINT('Ctrl Pts',(-300.,80.7306584417594,0.315364165057397));
#5248=CARTESIAN_POINT('Ctrl Pts',(-250.,72.5542442910268,0.370469381479219));
#5249=CARTESIAN_POINT('Ctrl Pts',(-300.,72.5542442910268,0.370469381479219));
#5250=CARTESIAN_POINT('Ctrl Pts',(-250.,63.9297655883391,0.39999932465088));
#5251=CARTESIAN_POINT('Ctrl Pts',(-300.,63.9297655883391,0.39999932465088));
#5252=CARTESIAN_POINT('Ctrl Pts',(-250.,55.5854709052008,0.339844747816719));
#5253=CARTESIAN_POINT('Ctrl Pts',(-300.,55.5854709052008,0.339844747816719));
#5254=CARTESIAN_POINT('Ctrl Pts',(-250.,47.9679890437658,0.284929813083831));
#5255=CARTESIAN_POINT('Ctrl Pts',(-300.,47.9679890437658,0.284929813083831));
#5256=CARTESIAN_POINT('Ctrl Pts',(-250.,40.645180412424,0.166054400624985));
#5257=CARTESIAN_POINT('Ctrl Pts',(-300.,40.645180412424,0.166054400624985));
#5258=CARTESIAN_POINT('Ctrl Pts',(-250.,33.8546991145552,0.150354028309038));
#5259=CARTESIAN_POINT('Ctrl Pts',(-300.,33.8546991145552,0.150354028309038));
#5260=CARTESIAN_POINT('Ctrl Pts',(-250.,27.0986267060838,0.13473321329556));
#5261=CARTESIAN_POINT('Ctrl Pts',(-300.,27.0986267060838,0.13473321329556));
#5262=CARTESIAN_POINT('Ctrl Pts',(-250.,20.8198777682791,0.266862582796839));
#5263=CARTESIAN_POINT('Ctrl Pts',(-300.,20.8198777682791,0.266862582796839));
#5264=CARTESIAN_POINT('Ctrl Pts',(-250.,15.1896070060089,0.299211899946718));
#5265=CARTESIAN_POINT('Ctrl Pts',(-300.,15.1896070060089,0.299211899946718));
#5266=CARTESIAN_POINT('Ctrl Pts',(-250.,9.40209417901301,0.332464668038104));
#5267=CARTESIAN_POINT('Ctrl Pts',(-300.,9.40209417901301,0.332464668038104));
#5268=CARTESIAN_POINT('Ctrl Pts',(-250.,4.33212847308051,0.179987024862088));
#5269=CARTESIAN_POINT('Ctrl Pts',(-300.,4.33212847308051,0.179987024862088));
#5270=CARTESIAN_POINT('Ctrl Pts',(-250.,0.033162725479676,-0.298161422116848));
#5271=CARTESIAN_POINT('Ctrl Pts',(-300.,0.033162725479676,-0.298161422116848));
#5272=CARTESIAN_POINT('',(-250.300914127489,0.0793821488418493,-0.293035238301904));
#5273=CARTESIAN_POINT('',(-250.,0.0837001805591408,-0.292557808646862));
#5274=CARTESIAN_POINT('Ctrl Pts',(-250.300914127489,0.0793826762492245,
-0.293036476828519));
#5275=CARTESIAN_POINT('Ctrl Pts',(-250.20045797494,0.0805418366173418,-0.292908343407069));
#5276=CARTESIAN_POINT('Ctrl Pts',(-250.100460366118,0.0819696965474356,
-0.292750535264799));
#5277=CARTESIAN_POINT('Ctrl Pts',(-250.,0.0837008107947068,-0.292559288491268));
#5278=CARTESIAN_POINT('',(-250.,0.380296276330503,-0.260364736114569));
#5279=CARTESIAN_POINT('Ctrl Pts',(-250.300914127489,0.0793821488418493,
-0.293035238301904));
#5280=CARTESIAN_POINT('Ctrl Pts',(-250.200621530921,0.179674745409418,-0.281943299322037));
#5281=CARTESIAN_POINT('Ctrl Pts',(-250.10031269964,0.279983576690389,-0.271054274925477));
#5282=CARTESIAN_POINT('Ctrl Pts',(-250.,0.380296276330457,-0.260364736114574));
#5283=CARTESIAN_POINT('Ctrl Pts',(-250.,0.380324973328916,-0.260431640367375));
#5284=CARTESIAN_POINT('Ctrl Pts',(-250.,0.281047394115611,-0.270971865640447));
#5285=CARTESIAN_POINT('Ctrl Pts',(-250.,0.182172460033808,-0.281680523423648));
#5286=CARTESIAN_POINT('Ctrl Pts',(-250.,0.0837008107947135,-0.292559288491267));
#5287=CARTESIAN_POINT('Origin',(-259.856175071996,-9.47587879566578,0.));
#5288=CARTESIAN_POINT('',(-250.,0.380296276330491,-0.782357318057396));
#5289=CARTESIAN_POINT('Ctrl Pts',(-250.,0.380296276330492,-0.782357318057397));
#5290=CARTESIAN_POINT('Ctrl Pts',(-250.132164273968,0.248132002362227,-0.616139592932599));
#5291=CARTESIAN_POINT('Ctrl Pts',(-250.223732987495,0.156563288835325,-0.463949098113615));
#5292=CARTESIAN_POINT('Ctrl Pts',(-250.289772779344,0.0905234969864789,
-0.318900654362067));
#5293=CARTESIAN_POINT('Ctrl Pts',(-250.295418474608,0.0848778017222152,
-0.306044584483982));
#5294=CARTESIAN_POINT('Ctrl Pts',(-250.300914127489,0.0793821488418489,
-0.293035238301903));
#5295=CARTESIAN_POINT('',(-250.,0.380296276330503,-0.699847913298862));
#5296=CARTESIAN_POINT('Ctrl Pts',(-250.,130.,0.));
#5297=CARTESIAN_POINT('Ctrl Pts',(-250.,130.,-1.03304747077751E-14));
#5298=CARTESIAN_POINT('Ctrl Pts',(-250.,130.,-6.09117299924349E-17));
#5299=CARTESIAN_POINT('Ctrl Pts',(-250.,130.,3.08086889333481E-14));
#5300=CARTESIAN_POINT('Ctrl Pts',(-250.,129.825940955999,0.0934126208666508));
#5301=CARTESIAN_POINT('Ctrl Pts',(-250.819061887018,129.973532522013,0.0041260676426242));
#5302=CARTESIAN_POINT('Ctrl Pts',(-250.819061887018,129.892757432419,-0.030492423885202));
#5303=CARTESIAN_POINT('Ctrl Pts',(-250.,129.598649384953,-0.0028874195288686));
#5304=CARTESIAN_POINT('Ctrl Pts',(-250.,129.375474967306,0.274749075939969));
#5305=CARTESIAN_POINT('Ctrl Pts',(-252.424134366226,129.844165480742,0.00203783566599489));
#5306=CARTESIAN_POINT('Ctrl Pts',(-252.424134366226,129.635387649621,-0.0912953250854797));
#5307=CARTESIAN_POINT('Ctrl Pts',(-250.,128.737197183775,-0.0121204039608994));
#5308=CARTESIAN_POINT('Ctrl Pts',(-250.,128.019857858438,0.594116898388301));
#5309=CARTESIAN_POINT('Ctrl Pts',(-255.502290026543,129.451075119167,0.0174100880410943));
#5310=CARTESIAN_POINT('Ctrl Pts',(-255.502290026543,129.036226736058,-0.196602548223773));
#5311=CARTESIAN_POINT('Ctrl Pts',(-250.,126.786948299613,-0.0410333191484899));
#5312=CARTESIAN_POINT('Ctrl Pts',(-250.,125.882077998212,1.02775483759173));
#5313=CARTESIAN_POINT('Ctrl Pts',(-259.102631008609,128.586732061342,0.0341177623011436));
#5314=CARTESIAN_POINT('Ctrl Pts',(-259.102631008609,127.94749378995,-0.34031720396825));
#5315=CARTESIAN_POINT('Ctrl Pts',(-250.,123.960432365623,-0.0990988993411096));
#5316=CARTESIAN_POINT('Ctrl Pts',(-250.,123.472116247468,1.62528104748651));
#5317=CARTESIAN_POINT('Ctrl Pts',(-263.031107440223,126.896248949725,0.0491306880063919));
#5318=CARTESIAN_POINT('Ctrl Pts',(-263.031107440223,125.907590231266,-0.538475704489915));
#5319=CARTESIAN_POINT('Ctrl Pts',(-249.999999999999,120.507014818655,-0.137038257779929));
#5320=CARTESIAN_POINT('Ctrl Pts',(-250.,121.016148064546,2.06774149326796));
#5321=CARTESIAN_POINT('Ctrl Pts',(-266.577543375397,124.399665683701,0.0686130724007172));
#5322=CARTESIAN_POINT('Ctrl Pts',(-266.577543375397,123.263597927704,-0.684893286768501));
#5323=CARTESIAN_POINT('Ctrl Pts',(-250.,117.60799122405,-0.191790346420514));
#5324=CARTESIAN_POINT('Ctrl Pts',(-250.,118.764762151952,2.71102946766558));
#5325=CARTESIAN_POINT('Ctrl Pts',(-269.760744189621,121.438309658463,0.101038064322495));
#5326=CARTESIAN_POINT('Ctrl Pts',(-269.760744189621,120.033565864564,-0.89773732367022));
#5327=CARTESIAN_POINT('Ctrl Pts',(-250.,114.552143444757,-0.288179080500005));
#5328=CARTESIAN_POINT('Ctrl Pts',(-250.,116.291312704734,3.23152797363066));
#5329=CARTESIAN_POINT('Ctrl Pts',(-272.135686967143,118.9444694685,0.118734044585661));
#5330=CARTESIAN_POINT('Ctrl Pts',(-272.135686967143,117.212461970055,-1.07066189215876));
#5331=CARTESIAN_POINT('Ctrl Pts',(-250.,111.090489263815,-0.335042060498764));
#5332=CARTESIAN_POINT('Ctrl Pts',(-250.,114.508641552778,3.60696779119318));
#5333=CARTESIAN_POINT('Ctrl Pts',(-273.891742753084,116.712008652766,0.143249290721736));
#5334=CARTESIAN_POINT('Ctrl Pts',(-273.891742753084,114.714053998128,-1.19354059692077));
#5335=CARTESIAN_POINT('Ctrl Pts',(-249.999999999999,108.516957469044,-0.40136563518477));
#5336=CARTESIAN_POINT('Ctrl Pts',(-250.,113.218459606868,3.90673456472915));
#5337=CARTESIAN_POINT('Ctrl Pts',(-275.144336439716,114.909910733763,0.166474421622618));
#5338=CARTESIAN_POINT('Ctrl Pts',(-275.144336439716,112.769492439884,-1.29365501844183));
#5339=CARTESIAN_POINT('Ctrl Pts',(-250.,106.794715286256,-0.472622020805946));
#5340=CARTESIAN_POINT('Ctrl Pts',(-250.,111.740218770055,4.25545870624637));
#5341=CARTESIAN_POINT('Ctrl Pts',(-276.340247255226,112.994024157229,0.197687849216124));
#5342=CARTESIAN_POINT('Ctrl Pts',(-276.340247255225,110.820652326349,-1.40856926305236));
#5343=CARTESIAN_POINT('Ctrl Pts',(-249.999999999999,105.220675285153,-0.561954873618896));
#5344=CARTESIAN_POINT('Ctrl Pts',(-250.,109.323863184519,4.80658095731285));
#5345=CARTESIAN_POINT('Ctrl Pts',(-277.870997134831,110.363419095058,0.243321559102795));
#5346=CARTESIAN_POINT('Ctrl Pts',(-277.87099713483,108.305611968585,-1.59113565531061));
#5347=CARTESIAN_POINT('Ctrl Pts',(-249.999999999999,103.146074618261,-0.695410911487061));
#5348=CARTESIAN_POINT('Ctrl Pts',(-250.,105.902895638229,5.55573254271743));
#5349=CARTESIAN_POINT('Ctrl Pts',(-279.687300130843,107.022160715333,0.310984872439596));
#5350=CARTESIAN_POINT('Ctrl Pts',(-279.687300130843,105.188395129989,-1.83924200300727));
#5351=CARTESIAN_POINT('Ctrl Pts',(-249.999999999999,100.408228108965,-0.895021018006049));
#5352=CARTESIAN_POINT('Ctrl Pts',(-250.,103.551288607792,6.09848404356957));
#5353=CARTESIAN_POINT('Ctrl Pts',(-281.435322773871,103.606634157551,0.409214809138222));
#5354=CARTESIAN_POINT('Ctrl Pts',(-281.435322773872,101.621128526134,-2.01868158127517));
#5355=CARTESIAN_POINT('Ctrl Pts',(-250.,97.5999222440818,-1.18550074933941));
#5356=CARTESIAN_POINT('Ctrl Pts',(-250.,101.243053287704,6.60284331891195));
#5357=CARTESIAN_POINT('Ctrl Pts',(-282.826723786845,100.896963743465,0.491353609342424));
#5358=CARTESIAN_POINT('Ctrl Pts',(-282.826723786845,98.8619650182238,-2.18495250815849));
#5359=CARTESIAN_POINT('Ctrl Pts',(-250.,95.1385971212682,-1.42548121495267));
#5360=CARTESIAN_POINT('Ctrl Pts',(-250.,98.2260917989637,7.22742899890778));
#5361=CARTESIAN_POINT('Ctrl Pts',(-284.222564440496,98.2299478398387,0.568990238440213));
#5362=CARTESIAN_POINT('Ctrl Pts',(-284.222564440496,96.3201523582567,-2.39202605034622));
#5363=CARTESIAN_POINT('Ctrl Pts',(-250.,92.5040778413272,-1.6564165859344));
#5364=CARTESIAN_POINT('Ctrl Pts',(-250.,94.4943671410471,7.96382560563005));
#5365=CARTESIAN_POINT('Ctrl Pts',(-285.638921117281,95.5530264937568,0.648789821667914));
#5366=CARTESIAN_POINT('Ctrl Pts',(-285.638921117281,93.975861988385,-2.63500135028929));
#5367=CARTESIAN_POINT('Ctrl Pts',(-250.,89.7584262969694,-1.88639772370321));
#5368=CARTESIAN_POINT('Ctrl Pts',(-250.,91.7762225966428,8.48816769886965));
#5369=CARTESIAN_POINT('Ctrl Pts',(-287.09241109196,92.7988605024133,0.737348273431885));
#5370=CARTESIAN_POINT('Ctrl Pts',(-287.09241109196,91.2700875891096,-2.80840281302214));
#5371=CARTESIAN_POINT('Ctrl Pts',(-250.,87.1938471005376,-2.14915915362769));
#5372=CARTESIAN_POINT('Ctrl Pts',(-250.,90.4232522802933,8.74262407135088));
#5373=CARTESIAN_POINT('Ctrl Pts',(-288.202019597018,90.6921407468997,0.808370116659306));
#5374=CARTESIAN_POINT('Ctrl Pts',(-288.202019597018,88.997504309388,-2.89225794835323));
#5375=CARTESIAN_POINT('Ctrl Pts',(-250.,85.3385612403186,-2.35872966956247));
#5376=CARTESIAN_POINT('Ctrl Pts',(-250.,89.4107168627791,8.92249912992497));
#5377=CARTESIAN_POINT('Ctrl Pts',(-289.331038119268,88.5655922029663,0.880184437754815));
#5378=CARTESIAN_POINT('Ctrl Pts',(-289.331038119268,86.5950648919438,-2.95149841387597));
#5379=CARTESIAN_POINT('Ctrl Pts',(-250.,83.5023364958776,-2.57258336272375));
#5380=CARTESIAN_POINT('Ctrl Pts',(-250.,88.1246990666366,9.14121049012943));
#5381=CARTESIAN_POINT('Ctrl Pts',(-290.476555685432,86.4270745886464,0.951242111944663));
#5382=CARTESIAN_POINT('Ctrl Pts',(-290.476555685432,84.2644354145201,-3.02350409014302));
#5383=CARTESIAN_POINT('Ctrl Pts',(-250.,81.6371057611082,-2.78266611074141));
#5384=CARTESIAN_POINT('Ctrl Pts',(-250.,86.1949277884141,9.46417821108634));
#5385=CARTESIAN_POINT('Ctrl Pts',(-291.634054584712,84.2776749365145,1.02000737452456));
#5386=CARTESIAN_POINT('Ctrl Pts',(-291.634054584711,82.1245880892626,-3.1302182190592));
#5387=CARTESIAN_POINT('Ctrl Pts',(-250.,79.7399285035247,-2.98673258526572));
#5388=CARTESIAN_POINT('Ctrl Pts',(-250.,82.7391692230991,10.031441157654));
#5389=CARTESIAN_POINT('Ctrl Pts',(-293.184204676523,81.3788182044296,1.1106983334667));
#5390=CARTESIAN_POINT('Ctrl Pts',(-293.184204676522,79.5304826385924,-3.31745440744682));
#5391=CARTESIAN_POINT('Ctrl Pts',(-250.,77.1930080947574,-3.2522740808048));
#5392=CARTESIAN_POINT('Ctrl Pts',(-250.,77.2446062397453,10.8913794516828));
#5393=CARTESIAN_POINT('Ctrl Pts',(-295.115594207317,77.6704064260133,1.22108714656177));
#5394=CARTESIAN_POINT('Ctrl Pts',(-295.115594207316,76.6042649466161,-3.60206657820197));
#5395=CARTESIAN_POINT('Ctrl Pts',(-249.999999999999,74.0477735842092,-3.57827808291858));
#5396=CARTESIAN_POINT('Ctrl Pts',(-250.,71.0093442318936,11.7174863029252));
#5397=CARTESIAN_POINT('Ctrl Pts',(-297.34514060807,73.0491172498759,1.350809793332));
#5398=CARTESIAN_POINT('Ctrl Pts',(-297.34514060807,72.8263409447339,-3.87493130341091));
#5399=CARTESIAN_POINT('Ctrl Pts',(-250.000000000001,70.3434979298978,-3.959611826272));
#5400=CARTESIAN_POINT('Ctrl Pts',(-250.,66.0491757409905,12.1908095562429));
#5401=CARTESIAN_POINT('Ctrl Pts',(-299.396285462086,68.2584500912254,1.46512716470824));
#5402=CARTESIAN_POINT('Ctrl Pts',(-299.396285462086,68.4494512810581,-4.03107968332244));
#5403=CARTESIAN_POINT('Ctrl Pts',(-250.,66.6214680645367,-4.29733671828832));
#5404=CARTESIAN_POINT('Ctrl Pts',(-250.,62.2441385932644,12.4005067812466));
#5405=CARTESIAN_POINT('Ctrl Pts',(-301.176149706283,63.2507049086072,1.55509751439636));
#5406=CARTESIAN_POINT('Ctrl Pts',(-301.176149706284,63.5018119199784,-4.10017788930224));
#5407=CARTESIAN_POINT('Ctrl Pts',(-250.,62.9994368973582,-4.56567593766453));
#5408=CARTESIAN_POINT('Ctrl Pts',(-249.999999999999,59.178468129884,12.5376566188056));
#5409=CARTESIAN_POINT('Ctrl Pts',(-302.59681896504,57.8530912121939,1.63695259002843));
#5410=CARTESIAN_POINT('Ctrl Pts',(-302.596818965041,58.1144276722289,-4.14503275853049));
#5411=CARTESIAN_POINT('Ctrl Pts',(-250.,59.9641276528291,-4.80811833981748));
#5412=CARTESIAN_POINT('Ctrl Pts',(-250.,56.0143997716305,12.7023208668521));
#5413=CARTESIAN_POINT('Ctrl Pts',(-303.584133091097,52.2616109565077,1.70505963510365));
#5414=CARTESIAN_POINT('Ctrl Pts',(-303.584133091097,52.5890988718714,-4.1991353264674));
#5415=CARTESIAN_POINT('Ctrl Pts',(-250.,57.0021590035771,-5.01082657272962));
#5416=CARTESIAN_POINT('Ctrl Pts',(-250.,51.8090127017325,12.8279441863255));
#5417=CARTESIAN_POINT('Ctrl Pts',(-304.086676488174,46.6918561986182,1.75758969639932));
#5418=CARTESIAN_POINT('Ctrl Pts',(-304.086676488174,47.2880362982104,-4.24068394550597));
#5419=CARTESIAN_POINT('Ctrl Pts',(-250.,53.6002999512178,-5.16668116388168));
#5420=CARTESIAN_POINT('Ctrl Pts',(-250.,47.0191385824442,12.8639505521221));
#5421=CARTESIAN_POINT('Ctrl Pts',(-304.079931606575,41.0226467695322,1.80351923550608));
#5422=CARTESIAN_POINT('Ctrl Pts',(-304.079931606575,42.1477137706529,-4.25224945980767));
#5423=CARTESIAN_POINT('Ctrl Pts',(-250.,50.3949475565908,-5.30373136074147));
#5424=CARTESIAN_POINT('Ctrl Pts',(-250.,42.6194917226433,12.7988979654831));
#5425=CARTESIAN_POINT('Ctrl Pts',(-303.563106855323,35.2043066053635,1.83660134374098));
#5426=CARTESIAN_POINT('Ctrl Pts',(-303.563106855323,36.9255091363039,-4.23059829071432));
#5427=CARTESIAN_POINT('Ctrl Pts',(-250.,47.7816374248436,-5.40300240046607));
#5428=CARTESIAN_POINT('Ctrl Pts',(-250.000000000001,39.3300266875692,12.6602410733895));
#5429=CARTESIAN_POINT('Ctrl Pts',(-302.721318612538,30.744698343895,1.84675549019534));
#5430=CARTESIAN_POINT('Ctrl Pts',(-302.721318612538,32.5999453950015,-4.18440819013835));
#5431=CARTESIAN_POINT('Ctrl Pts',(-250.,44.8971908607063,-5.43321245557806));
#5432=CARTESIAN_POINT('Ctrl Pts',(-250.,36.7492385952161,12.5160269089666));
#5433=CARTESIAN_POINT('Ctrl Pts',(-301.816539152577,27.3778033271709,1.84342856856149));
#5434=CARTESIAN_POINT('Ctrl Pts',(-301.816539152577,29.2733173641444,-4.13691295287868));
#5435=CARTESIAN_POINT('Ctrl Pts',(-250.000000000001,42.4234955167856,-5.42543334119278));
#5436=CARTESIAN_POINT('Ctrl Pts',(-250.000000000001,34.8254056612784,12.3991600321822));
#5437=CARTESIAN_POINT('Ctrl Pts',(-301.027156349989,24.8975506869081,1.83848756872271));
#5438=CARTESIAN_POINT('Ctrl Pts',(-301.027156349989,26.8496899432997,-4.09779703756746));
#5439=CARTESIAN_POINT('Ctrl Pts',(-250.,40.6807723768023,-5.40815762701693));
#5440=CARTESIAN_POINT('Ctrl Pts',(-250.,32.9011304519691,12.2769586171911));
#5441=CARTESIAN_POINT('Ctrl Pts',(-300.13193159009,22.4850558443291,1.82842172041471));
#5442=CARTESIAN_POINT('Ctrl Pts',(-300.13193159009,24.5321252150517,-4.05815657097903));
#5443=CARTESIAN_POINT('Ctrl Pts',(-250.,39.027810715984,-5.38611817145186));
#5444=CARTESIAN_POINT('Ctrl Pts',(-250.,30.3258956049025,12.0952402476105));
#5445=CARTESIAN_POINT('Ctrl Pts',(-298.804375158615,19.4069752780851,1.8235835380277));
#5446=CARTESIAN_POINT('Ctrl Pts',(-298.804375158615,21.5848839734272,-3.99653298879139));
#5447=CARTESIAN_POINT('Ctrl Pts',(-250.,36.86387068488,-5.3595121088549));
#5448=CARTESIAN_POINT('Ctrl Pts',(-250.,27.0664774074268,11.7850025588137));
#5449=CARTESIAN_POINT('Ctrl Pts',(-296.907536745411,15.8987185340112,1.81323559280652));
#5450=CARTESIAN_POINT('Ctrl Pts',(-296.907536745411,18.2155021996427,-3.89552387744413));
#5451=CARTESIAN_POINT('Ctrl Pts',(-250.,34.013620268882,-5.3434049272831));
#5452=CARTESIAN_POINT('Ctrl Pts',(-250.,23.108026645733,11.1127303303353));
#5453=CARTESIAN_POINT('Ctrl Pts',(-294.294791310489,12.2316525763042,1.80585996697431));
#5454=CARTESIAN_POINT('Ctrl Pts',(-294.294791310489,14.7399728673858,-3.67176150954493));
#5455=CARTESIAN_POINT('Ctrl Pts',(-250.,30.6328586404109,-5.31772342072238));
#5456=CARTESIAN_POINT('Ctrl Pts',(-250.,19.8200008441461,10.5663412028761));
#5457=CARTESIAN_POINT('Ctrl Pts',(-291.383777412123,9.06091730674962,1.77564840203198));
#5458=CARTESIAN_POINT('Ctrl Pts',(-291.383777412123,11.606151542358,-3.49106729309005));
#5459=CARTESIAN_POINT('Ctrl Pts',(-250.,27.4574813719629,-5.23136548319544));
#5460=CARTESIAN_POINT('Ctrl Pts',(-250.,17.0496967686702,10.1047194976437));
#5461=CARTESIAN_POINT('Ctrl Pts',(-288.206169036466,6.49540747921476,1.7273813421607));
#5462=CARTESIAN_POINT('Ctrl Pts',(-288.206169036466,8.85558394544305,-3.33908066675637));
#5463=CARTESIAN_POINT('Ctrl Pts',(-250.,24.1300566726443,-5.09543353268026));
#5464=CARTESIAN_POINT('Ctrl Pts',(-250.,14.0892248675297,9.16500711192402));
#5465=CARTESIAN_POINT('Ctrl Pts',(-285.357943018601,4.81715200213285,1.68602591704004));
#5466=CARTESIAN_POINT('Ctrl Pts',(-285.357943018601,7.2142610026377,-3.02718207768339));
#5467=CARTESIAN_POINT('Ctrl Pts',(-250.,21.2770474988753,-4.97127461841414));
#5468=CARTESIAN_POINT('Ctrl Pts',(-250.,11.9156231219566,8.5092331687777));
#5469=CARTESIAN_POINT('Ctrl Pts',(-282.970691366513,3.61402595744959,1.64190859250108));
#5470=CARTESIAN_POINT('Ctrl Pts',(-282.970691366512,6.05938501832264,-2.81071610565223));
#5471=CARTESIAN_POINT('Ctrl Pts',(-249.999999999999,19.2568590993423,-4.8470980615996));
#5472=CARTESIAN_POINT('Ctrl Pts',(-250.,10.6028849012018,8.15973678858949));
#5473=CARTESIAN_POINT('Ctrl Pts',(-281.128501104866,2.8101302599742,1.6041591324876));
#5474=CARTESIAN_POINT('Ctrl Pts',(-281.128501104866,5.20296153998734,-2.69500070951048));
#5475=CARTESIAN_POINT('Ctrl Pts',(-250.,17.7776735845178,-4.73531344230206));
#5476=CARTESIAN_POINT('Ctrl Pts',(-250.,9.61652903112439,7.85439299670033));
#5477=CARTESIAN_POINT('Ctrl Pts',(-279.237157781053,2.13219542089129,1.55883291549832));
#5478=CARTESIAN_POINT('Ctrl Pts',(-279.237157781053,4.33487128775921,-2.59417805087555));
#5479=CARTESIAN_POINT('Ctrl Pts',(-250.,16.2270026747527,-4.60187639253074));
#5480=CARTESIAN_POINT('Ctrl Pts',(-250.,8.82858553339913,7.46097217372182));
#5481=CARTESIAN_POINT('Ctrl Pts',(-277.299173685231,1.57662627647046,1.50758125449548));
#5482=CARTESIAN_POINT('Ctrl Pts',(-277.299173685231,3.49983571771658,-2.46423694774679));
#5483=CARTESIAN_POINT('Ctrl Pts',(-250.,14.5974926701218,-4.45142530748179));
#5484=CARTESIAN_POINT('Ctrl Pts',(-250.,7.974009821739,7.01912407127456));
#5485=CARTESIAN_POINT('Ctrl Pts',(-275.317114638883,1.08546235561982,1.45445556079015));
#5486=CARTESIAN_POINT('Ctrl Pts',(-275.317114638882,2.77499086888104,-2.31815743117549));
#5487=CARTESIAN_POINT('Ctrl Pts',(-250.,13.0443688926515,-4.29550684325997));
#5488=CARTESIAN_POINT('Ctrl Pts',(-250.,6.94453161060673,6.6185638802702));
#5489=CARTESIAN_POINT('Ctrl Pts',(-273.293579284841,0.618141830522938,1.40173899066056));
#5490=CARTESIAN_POINT('Ctrl Pts',(-273.29357928484,2.19544688056929,-2.18600432299474));
#5491=CARTESIAN_POINT('Ctrl Pts',(-250.,11.6763502530281,-4.14052316024293));
#5492=CARTESIAN_POINT('Ctrl Pts',(-250.,6.00987247815621,6.20667426936138));
#5493=CARTESIAN_POINT('Ctrl Pts',(-271.231251540332,0.20930516798998,1.34622972369322));
#5494=CARTESIAN_POINT('Ctrl Pts',(-271.231251540332,1.66753394752788,-2.04967980668566));
#5495=CARTESIAN_POINT('Ctrl Pts',(-250.,10.3856512429566,-3.9772254641979));
#5496=CARTESIAN_POINT('Ctrl Pts',(-250.,5.38084898150654,5.81134389064331));
#5497=CARTESIAN_POINT('Ctrl Pts',(-269.482595549636,-0.0341839720884018,
1.29262678766477));
#5498=CARTESIAN_POINT('Ctrl Pts',(-269.482595549636,1.24741957337233,-1.9196058526941));
#5499=CARTESIAN_POINT('Ctrl Pts',(-250.,9.22515539666789,-3.81904326087456));
#5500=CARTESIAN_POINT('Ctrl Pts',(-250.,4.82470739310331,5.47408215366735));
#5501=CARTESIAN_POINT('Ctrl Pts',(-268.066984177231,-0.176040399633776,
1.24289946958138));
#5502=CARTESIAN_POINT('Ctrl Pts',(-268.066984177231,0.971080283397986,-1.80758003822624));
#5503=CARTESIAN_POINT('Ctrl Pts',(-250.,8.26828591612357,-3.6738039702958));
#5504=CARTESIAN_POINT('Ctrl Pts',(-250.,4.21893805559435,5.12202994244322));
#5505=CARTESIAN_POINT('Ctrl Pts',(-266.640695483695,-0.297439044200101,
1.18947108108882));
#5506=CARTESIAN_POINT('Ctrl Pts',(-266.640695483695,0.737843544584882,-1.69244862013609));
#5507=CARTESIAN_POINT('Ctrl Pts',(-250.,7.32421548724267,-3.51489030552069));
#5508=CARTESIAN_POINT('Ctrl Pts',(-250.,3.39630941364367,4.64799090488978));
#5509=CARTESIAN_POINT('Ctrl Pts',(-264.838588210074,-0.421830857742484,
1.11430642548674));
#5510=CARTESIAN_POINT('Ctrl Pts',(-264.838588210073,0.521328536812367,-1.53417632387899));
#5511=CARTESIAN_POINT('Ctrl Pts',(-249.999999999999,6.22531689808924,-3.29458648230917));
#5512=CARTESIAN_POINT('Ctrl Pts',(-250.,2.58511202703037,3.97654436131908));
#5513=CARTESIAN_POINT('Ctrl Pts',(-262.647789539037,-0.535340471206299,
1.01087106174074));
#5514=CARTESIAN_POINT('Ctrl Pts',(-262.647789539037,0.288077189595508,-1.31476105644221));
#5515=CARTESIAN_POINT('Ctrl Pts',(-250.,5.05575864346523,-2.98877091205376));
#5516=CARTESIAN_POINT('Ctrl Pts',(-250.,1.69639283589513,3.02795743049967));
#5517=CARTESIAN_POINT('Ctrl Pts',(-259.691887477829,-0.550029835036348,
0.863367170369579));
#5518=CARTESIAN_POINT('Ctrl Pts',(-259.691887477828,0.0300654068888961,
-0.998041581585276));
#5519=CARTESIAN_POINT('Ctrl Pts',(-250.,3.43139952291226,-2.55446075226492));
#5520=CARTESIAN_POINT('Ctrl Pts',(-250.,0.42689896350378,1.87519367962303));
#5521=CARTESIAN_POINT('Ctrl Pts',(-255.936965437532,-0.280299067184394,
0.595552979595538));
#5522=CARTESIAN_POINT('Ctrl Pts',(-255.936965437532,-0.0173285601800613,
-0.616134252312644));
#5523=CARTESIAN_POINT('Ctrl Pts',(-250.,1.21693365635022,-1.76765647003989));
#5524=CARTESIAN_POINT('Ctrl Pts',(-250.,0.17430040166707,0.761258851220697));
#5525=CARTESIAN_POINT('Ctrl Pts',(-252.876748578982,-0.108075863408204,
0.271091943614343));
#5526=CARTESIAN_POINT('Ctrl Pts',(-252.876748578982,-0.0577332286180206,
-0.256218870557404));
#5527=CARTESIAN_POINT('Ctrl Pts',(-250.,0.317466895783832,-0.792324294952112));
#5528=CARTESIAN_POINT('Ctrl Pts',(-250.,0.0457930881953484,0.218179013188616));
#5529=CARTESIAN_POINT('Ctrl Pts',(-250.888902310938,-0.0186418187334956,
0.0801055628122663));
#5530=CARTESIAN_POINT('Ctrl Pts',(-250.888902310938,-0.0154633411522318,
-0.0700682935217083));
#5531=CARTESIAN_POINT('Ctrl Pts',(-250.,0.0571577493082284,-0.240875772803491));
#5532=CARTESIAN_POINT('Ctrl Pts',(-250.,0.0212270169984393,0.104359004217137));
#5533=CARTESIAN_POINT('Ctrl Pts',(-250.444444600136,-0.00657373432469442,
0.0410309123596728));
#5534=CARTESIAN_POINT('Ctrl Pts',(-250.444444600136,-0.00690581239541168,
-0.0359390172213876));
#5535=CARTESIAN_POINT('Ctrl Pts',(-250.,0.0185600974042606,-0.118794393669069));
#5536=CARTESIAN_POINT('Ctrl Pts',(-250.,0.,0.));
#5537=CARTESIAN_POINT('Ctrl Pts',(-250.,0.,-1.03304747077751E-14));
#5538=CARTESIAN_POINT('Ctrl Pts',(-250.,0.,-6.09117299924349E-17));
#5539=CARTESIAN_POINT('Ctrl Pts',(-250.,0.,3.08086889333481E-14));
#5540=CARTESIAN_POINT('',(-250.,0.,0.));
#5541=CARTESIAN_POINT('Ctrl Pts',(-250.,0.0837001805590789,-0.292557808646712));
#5542=CARTESIAN_POINT('Ctrl Pts',(-250.,0.0591969398885571,-0.233001683124104));
#5543=CARTESIAN_POINT('Ctrl Pts',(-250.,0.0385750217517533,-0.173957435339141));
#5544=CARTESIAN_POINT('Ctrl Pts',(-250.,0.0218352605843532,-0.115441669867966));
#5545=CARTESIAN_POINT('Ctrl Pts',(-250.,0.0089767879750796,-0.0574561685409191));
#5546=CARTESIAN_POINT('Ctrl Pts',(-250.,0.,3.08086889333481E-14));
#5547=CARTESIAN_POINT('',(-250.,0.0673510068712302,0.309272902278443));
#5548=CARTESIAN_POINT('Ctrl Pts',(-250.,0.0673510068712303,0.309272902278443));
#5549=CARTESIAN_POINT('Ctrl Pts',(-250.,0.067127150424053,0.30830297454078));
#5550=CARTESIAN_POINT('Ctrl Pts',(-250.,0.0518340336313438,0.242012873805445));
#5551=CARTESIAN_POINT('Ctrl Pts',(-250.,0.0374898045981178,0.177929286438288));
#5552=CARTESIAN_POINT('Ctrl Pts',(-250.,0.0240462960367898,0.116096072883593));
#5553=CARTESIAN_POINT('Ctrl Pts',(-250.,0.0114960758366539,0.056518493710449));
#5554=CARTESIAN_POINT('Ctrl Pts',(-250.,0.,0.));
#5555=CARTESIAN_POINT('',(-250.327534152486,0.0527621238442435,0.307668572753895));
#5556=CARTESIAN_POINT('Ctrl Pts',(-250.,0.0673538758797657,0.309267199152647));
#5557=CARTESIAN_POINT('Ctrl Pts',(-250.106320521672,0.0623805859693499,
0.308721367607188));
#5558=CARTESIAN_POINT('Ctrl Pts',(-250.218987964336,0.0573299180417772,
0.308166463879964));
#5559=CARTESIAN_POINT('Ctrl Pts',(-250.327534152486,0.0527642242927775,
0.307664396511431));
#5560=CARTESIAN_POINT('',(-250.,0.38029627633049,1.35638183125031));
#5561=CARTESIAN_POINT('Ctrl Pts',(-250.327534152486,0.0527621238442424,
0.307668572753894));
#5562=CARTESIAN_POINT('Ctrl Pts',(-250.306155707184,0.0741405691464646,
0.402473391520309));
#5563=CARTESIAN_POINT('Ctrl Pts',(-250.282159854066,0.0981364222641014,
0.498876486298545));
#5564=CARTESIAN_POINT('Ctrl Pts',(-250.178088384349,0.202207891981283,0.891740204945432));
#5565=CARTESIAN_POINT('Ctrl Pts',(-250.094777388427,0.285518887903017,1.13820094173114));
#5566=CARTESIAN_POINT('Ctrl Pts',(-250.,0.380296276330491,1.35638183125031));
#5567=CARTESIAN_POINT('',(-250.,5.5265247761006,5.90164478188425));
#5568=CARTESIAN_POINT('Ctrl Pts',(-250.,5.5265247761006,5.90164478188425));
#5569=CARTESIAN_POINT('Ctrl Pts',(-250.,5.51032464086389,5.89184028980397));
#5570=CARTESIAN_POINT('Ctrl Pts',(-250.,5.41192025363376,5.83212420039217));
#5571=CARTESIAN_POINT('Ctrl Pts',(-250.,5.23098926580954,5.72075554633671));
#5572=CARTESIAN_POINT('Ctrl Pts',(-250.,4.96158989415838,5.55435489440884));
#5573=CARTESIAN_POINT('Ctrl Pts',(-250.,4.57958121691029,5.32890284237812));
#5574=CARTESIAN_POINT('Ctrl Pts',(-250.,4.08517969743341,5.04730001707127));
#5575=CARTESIAN_POINT('Ctrl Pts',(-250.,3.58486137363038,4.74636963448869));
#5576=CARTESIAN_POINT('Ctrl Pts',(-250.,3.11685644007895,4.42099660154987));
#5577=CARTESIAN_POINT('Ctrl Pts',(-250.,2.70490205111262,4.07100754931658));
#5578=CARTESIAN_POINT('Ctrl Pts',(-250.,2.33579466723029,3.70559796326965));
#5579=CARTESIAN_POINT('Ctrl Pts',(-250.,1.98122723142426,3.33649746289854));
#5580=CARTESIAN_POINT('Ctrl Pts',(-250.,1.61625139789706,2.97237833022994));
#5581=CARTESIAN_POINT('Ctrl Pts',(-250.,1.24522722514277,2.61034205725618));
#5582=CARTESIAN_POINT('Ctrl Pts',(-250.,0.898840546208775,2.23875354487877));
#5583=CARTESIAN_POINT('Ctrl Pts',(-250.,0.657149684926429,1.91009149787177));
#5584=CARTESIAN_POINT('Ctrl Pts',(-250.,0.511931909323589,1.65037251303496));
#5585=CARTESIAN_POINT('Ctrl Pts',(-250.,0.428366296098888,1.47059386235033));
#5586=CARTESIAN_POINT('Ctrl Pts',(-250.,0.387084017942267,1.37274139358723));
#5587=CARTESIAN_POINT('Ctrl Pts',(-250.,0.380296276330379,1.35638183125004));
#5588=CARTESIAN_POINT('',(-259.856175071996,15.3826998480968,7.97322258332468));
#5589=CARTESIAN_POINT('Ctrl Pts',(-250.,5.5265247761006,5.90164478188425));
#5590=CARTESIAN_POINT('Ctrl Pts',(-250.194586811052,5.72111158715298,6.00698198230334));
#5591=CARTESIAN_POINT('Ctrl Pts',(-250.351765522764,5.87829029886468,6.08451860733504));
#5592=CARTESIAN_POINT('Ctrl Pts',(-250.751328535157,6.27785331125785,6.24489162872424));
#5593=CARTESIAN_POINT('Ctrl Pts',(-250.965425808841,6.49195058494169,6.31159349193121));
#5594=CARTESIAN_POINT('Ctrl Pts',(-251.61201726436,7.13854204046033,6.50414890750524));
#5595=CARTESIAN_POINT('Ctrl Pts',(-252.057478768026,7.58400354412615,6.64489278206675));
#5596=CARTESIAN_POINT('Ctrl Pts',(-253.418057214934,8.94458199103413,7.20652063116898));
#5597=CARTESIAN_POINT('Ctrl Pts',(-253.662325832811,9.1888506089117,7.21439341324101));
#5598=CARTESIAN_POINT('Ctrl Pts',(-255.387661930151,10.9141867062512,7.44222851807112));
#5599=CARTESIAN_POINT('Ctrl Pts',(-256.15252148172,11.6790462578208,7.56019490786571));
#5600=CARTESIAN_POINT('Ctrl Pts',(-257.973168746814,13.4996935229143,7.83487452994463));
#5601=CARTESIAN_POINT('Ctrl Pts',(-258.812574125564,14.3390989016645,7.94353799998066));
#5602=CARTESIAN_POINT('Ctrl Pts',(-259.856175071996,15.3826998480968,7.97322258332468));
#5603=CARTESIAN_POINT('',(-270.490795755857,4.74807916423636,0.692709143990101));
#5604=CARTESIAN_POINT('Ctrl Pts',(-259.856175071996,15.3826998480968,7.97322258332469));
#5605=CARTESIAN_POINT('Ctrl Pts',(-263.213078005766,12.0257969143266,6.60277558014354));
#5606=CARTESIAN_POINT('Ctrl Pts',(-267.133109503392,8.10576541733745,4.49846076079196));
#5607=CARTESIAN_POINT('Ctrl Pts',(-269.112661052657,6.12621386807269,2.92278715273785));
#5608=CARTESIAN_POINT('Ctrl Pts',(-269.622512433935,5.6163624867022,2.4643094642321));
#5609=CARTESIAN_POINT('Ctrl Pts',(-270.146380645869,5.09249427476895,1.69857442848043));
#5610=CARTESIAN_POINT('Ctrl Pts',(-270.286879414885,4.9519955052277,1.44870787113347));
#5611=CARTESIAN_POINT('Ctrl Pts',(-270.4347151727,4.80415974741285,1.02520085045893));
#5612=CARTESIAN_POINT('Ctrl Pts',(-270.474379852253,4.76449506784001,0.862201800457973));
#5613=CARTESIAN_POINT('Ctrl Pts',(-270.490795755857,4.74807916423636,0.692709143990104));
#5614=CARTESIAN_POINT('',(-270.583134453521,4.79716182280982,0.695496236671036));
#5615=CARTESIAN_POINT('Ctrl Pts',(-270.490795755857,4.74807916423633,0.692709143990103));
#5616=CARTESIAN_POINT('Ctrl Pts',(-270.521598711548,4.76439559944296,0.69363943085217));
#5617=CARTESIAN_POINT('Ctrl Pts',(-270.552378714839,4.78075630467363,0.69456846744581));
#5618=CARTESIAN_POINT('Ctrl Pts',(-270.583134453521,4.79716182280983,0.695496236671025));
#5619=CARTESIAN_POINT('',(-259.926885750115,15.4534105262155,7.97510553965648));
#5620=CARTESIAN_POINT('Ctrl Pts',(-270.583134453521,4.79716182280983,0.69549623667104));
#5621=CARTESIAN_POINT('Ctrl Pts',(-270.573708835821,4.80658744050951,0.792157393671068));
#5622=CARTESIAN_POINT('Ctrl Pts',(-270.556697225843,4.82359905023668,0.886998321492922));
#5623=CARTESIAN_POINT('Ctrl Pts',(-270.458716206364,4.92158006971585,1.28057228026413));
#5624=CARTESIAN_POINT('Ctrl Pts',(-270.319584769726,5.06071150660452,1.55897161759607));
#5625=CARTESIAN_POINT('Ctrl Pts',(-269.649366292868,5.73092998346276,2.61633331321191));
#5626=CARTESIAN_POINT('Ctrl Pts',(-268.769911343089,6.61038493326552,3.30149962455667));
#5627=CARTESIAN_POINT('Ctrl Pts',(-266.810207828437,8.57008844791725,4.63132438463336));
#5628=CARTESIAN_POINT('Ctrl Pts',(-263.555300547918,11.8249957284127,6.50073802186521));
#5629=CARTESIAN_POINT('Ctrl Pts',(-259.926885750115,15.4534105262155,7.97510553965649));
#5630=CARTESIAN_POINT('',(-272.356175071996,27.8826998480968,6.98193364406067));
#5631=CARTESIAN_POINT('Ctrl Pts',(-259.926885750115,15.4534105262155,7.97510553965649));
#5632=CARTESIAN_POINT('Ctrl Pts',(-260.618675706908,16.1452004830084,7.99228114048095));
#5633=CARTESIAN_POINT('Ctrl Pts',(-261.394788845404,16.9213136215049,7.97274084455661));
#5634=CARTESIAN_POINT('Ctrl Pts',(-263.319391638358,18.8459164144586,7.91139466499064));
#5635=CARTESIAN_POINT('Ctrl Pts',(-264.762170435472,20.2886952115727,7.86274760199568));
#5636=CARTESIAN_POINT('Ctrl Pts',(-267.780800051279,23.3073248273796,7.6670691496941));
#5637=CARTESIAN_POINT('Ctrl Pts',(-269.727883272735,25.2544080488351,7.43463401979457));
#5638=CARTESIAN_POINT('Ctrl Pts',(-272.356175071996,27.8826998480968,6.98193364406067));
#5639=CARTESIAN_POINT('',(-278.690185723404,21.5486891967021,4.38246586783871));
#5640=CARTESIAN_POINT('Ctrl Pts',(-272.356175071996,27.8826998480968,6.98193364406067));
#5641=CARTESIAN_POINT('Ctrl Pts',(-274.417008947167,25.8218659729263,6.26395083697077));
#5642=CARTESIAN_POINT('Ctrl Pts',(-276.702660587803,23.5362143322899,5.38301877525114));
#5643=CARTESIAN_POINT('Ctrl Pts',(-278.690185723417,21.5486891966761,4.38246586791542));
#5644=CARTESIAN_POINT('',(-278.698373804355,21.6819224723111,4.40134823940704));
#5645=CARTESIAN_POINT('Ctrl Pts',(-278.698371537612,21.6825277205442,4.40201500547306));
#5646=CARTESIAN_POINT('Ctrl Pts',(-278.693269718871,21.6380568660947,4.39655566421768));
#5647=CARTESIAN_POINT('Ctrl Pts',(-278.690537089747,21.5936305578846,4.39025951838533));
#5648=CARTESIAN_POINT('Ctrl Pts',(-278.6901828422,21.5492583137591,4.38312034648297));
#5649=CARTESIAN_POINT('',(-272.426885750115,27.9534105262155,6.96972954151865));
#5650=CARTESIAN_POINT('Ctrl Pts',(-278.698373804815,21.6819224715157,4.40134824191237));
#5651=CARTESIAN_POINT('Ctrl Pts',(-276.727430765588,23.6528655107424,5.38864606172301));
#5652=CARTESIAN_POINT('Ctrl Pts',(-274.46659843188,25.9136978444505,6.25907716773999));
#5653=CARTESIAN_POINT('Ctrl Pts',(-272.426885750115,27.9534105262155,6.96972954151867));
#5654=CARTESIAN_POINT('',(-276.465842235062,31.9923670111621,6.19443632859461));
#5655=CARTESIAN_POINT('Ctrl Pts',(-272.426885750115,27.9534105262155,6.96972954151866));
#5656=CARTESIAN_POINT('Ctrl Pts',(-273.724446330634,29.2509711067341,6.74532711514114));
#5657=CARTESIAN_POINT('Ctrl Pts',(-275.136492036372,30.6630168124721,6.47629430103246));
#5658=CARTESIAN_POINT('Ctrl Pts',(-276.465842235062,31.9923670111622,6.19443632859461));
#5659=CARTESIAN_POINT('',(-276.377848483443,32.0457946157804,6.22328752577388));
#5660=CARTESIAN_POINT('Ctrl Pts',(-276.377848483443,32.0457946157804,6.22328752577388));
#5661=CARTESIAN_POINT('Ctrl Pts',(-276.407114834443,32.0277942414102,6.21368926955926));
#5662=CARTESIAN_POINT('Ctrl Pts',(-276.436453519056,32.0099846950278,6.20407010400506));
#5663=CARTESIAN_POINT('Ctrl Pts',(-276.465842235062,31.9923670111621,6.19443632859459));
#5664=CARTESIAN_POINT('',(-272.356175071996,28.0241212043342,6.99433284911418));
#5665=CARTESIAN_POINT('Ctrl Pts',(-276.377848483443,32.0457946157804,6.22328752577388));
#5666=CARTESIAN_POINT('Ctrl Pts',(-275.053715385288,30.7216615176255,6.50349354362059));
#5667=CARTESIAN_POINT('Ctrl Pts',(-273.648240098848,29.3161862311855,6.77090436222768));
#5668=CARTESIAN_POINT('Ctrl Pts',(-272.356175071996,28.0241212043342,6.99433284911419));
#5669=CARTESIAN_POINT('',(-259.926885750115,40.4534105262154,10.6434569469397));
#5670=CARTESIAN_POINT('Ctrl Pts',(-272.356175071996,28.0241212043342,6.99433284911419));
#5671=CARTESIAN_POINT('Ctrl Pts',(-268.517772687197,31.8625235891338,8.32810191435713));
#5672=CARTESIAN_POINT('Ctrl Pts',(-264.050134640863,36.3301616354672,9.61209708612777));
#5673=CARTESIAN_POINT('Ctrl Pts',(-259.926885750115,40.4534105262155,10.6434569469397));
#5674=CARTESIAN_POINT('',(-272.356175071996,52.8826998480967,7.66268270099946));
#5675=CARTESIAN_POINT('Ctrl Pts',(-259.926885750115,40.4534105262154,10.6434569469397));
#5676=CARTESIAN_POINT('Ctrl Pts',(-264.001100092715,44.5276248688157,9.88871616448002));
#5677=CARTESIAN_POINT('Ctrl Pts',(-268.396120476222,48.9226452523223,8.83503069250178));
#5678=CARTESIAN_POINT('Ctrl Pts',(-272.356175071996,52.8826998480967,7.66268270099945));
#5679=CARTESIAN_POINT('',(-284.785464393878,40.4534105262154,3.90122058304305));
#5680=CARTESIAN_POINT('Ctrl Pts',(-272.356175071996,52.8826998480967,7.66268270099946));
#5681=CARTESIAN_POINT('Ctrl Pts',(-276.895401729224,48.3434731908691,6.62190909138583));
#5682=CARTESIAN_POINT('Ctrl Pts',(-281.466762001292,43.7721129188008,5.30702343904068));
#5683=CARTESIAN_POINT('Ctrl Pts',(-284.785464393878,40.4534105262155,3.90122058304302));
#5684=CARTESIAN_POINT('',(-281.299999999907,36.9679461321526,5.01884875035376));
#5685=CARTESIAN_POINT('Ctrl Pts',(-284.785464393878,40.4534105262154,3.90122058304303));
#5686=CARTESIAN_POINT('Ctrl Pts',(-283.647360761355,39.3153068936925,4.31575085257257));
#5687=CARTESIAN_POINT('Ctrl Pts',(-282.459737605552,38.1276837378903,4.68982916562959));
#5688=CARTESIAN_POINT('Ctrl Pts',(-281.299999999859,36.9679461321971,5.01884875034114));
#5689=CARTESIAN_POINT('',(-281.29999999991,36.8265247759208,5.01208467303348));
#5690=CARTESIAN_POINT('Ctrl Pts',(-281.299995694991,36.9668316811645,5.01872696485697));
#5691=CARTESIAN_POINT('Ctrl Pts',(-281.299995095348,36.9197113393692,5.01649350086262));
#5692=CARTESIAN_POINT('Ctrl Pts',(-281.299994693959,36.8725917808112,5.01423840099845));
#5693=CARTESIAN_POINT('Ctrl Pts',(-281.299994279,36.8254714802125,5.01196161210635));
#5694=CARTESIAN_POINT('',(-284.856175071996,40.3826998480967,3.87117282657616));
#5695=CARTESIAN_POINT('Ctrl Pts',(-281.299999999863,36.826524775964,5.01208467302126));
#5696=CARTESIAN_POINT('Ctrl Pts',(-282.483162036045,38.009686812145,4.67732247898619));
#5697=CARTESIAN_POINT('Ctrl Pts',(-283.696041451947,39.2225662280471,4.29545691329984));
#5698=CARTESIAN_POINT('Ctrl Pts',(-284.856175071996,40.3826998480968,3.87117282657616));
#5699=CARTESIAN_POINT('',(-289.497055674088,35.7418192460059,0.814474749713993));
#5700=CARTESIAN_POINT('Ctrl Pts',(-284.856175071996,40.3826998480968,3.87117282657618));
#5701=CARTESIAN_POINT('Ctrl Pts',(-285.95142293826,39.287451981833,3.40428197088453));
#5702=CARTESIAN_POINT('Ctrl Pts',(-287.251154610268,37.9877203098236,2.78078672855154));
#5703=CARTESIAN_POINT('Ctrl Pts',(-288.610186826289,36.6286880938016,1.80724261958008));
#5704=CARTESIAN_POINT('Ctrl Pts',(-288.997044454881,36.2418304652122,1.48335238692149));
#5705=CARTESIAN_POINT('Ctrl Pts',(-289.356428008044,35.8824469120495,1.03323016366776));
#5706=CARTESIAN_POINT('Ctrl Pts',(-289.431310442629,35.8075644774639,0.928005263433151));
#5707=CARTESIAN_POINT('Ctrl Pts',(-289.497055674087,35.7418192460058,0.814474749713888));
#5708=CARTESIAN_POINT('',(-289.497055673361,35.8832406036961,0.846221980348067));
#5709=CARTESIAN_POINT('Ctrl Pts',(-289.497043816077,35.7407225442878,0.814417575061616));
#5710=CARTESIAN_POINT('Ctrl Pts',(-289.497042764144,35.78775893318,0.825274595256575));
#5711=CARTESIAN_POINT('Ctrl Pts',(-289.497043903598,35.8349461328386,0.835855951128361));
#5712=CARTESIAN_POINT('Ctrl Pts',(-289.497044559785,35.8821196046231,0.846161911357522));
#5713=CARTESIAN_POINT('',(-284.926885750115,40.4534105262154,3.84523521078123));
#5714=CARTESIAN_POINT('Ctrl Pts',(-289.497055672787,35.883240603543,0.846221980094327));
#5715=CARTESIAN_POINT('Ctrl Pts',(-289.439567826844,35.9407284494859,0.941506677762723));
#5716=CARTESIAN_POINT('Ctrl Pts',(-289.375939717707,36.0043565586245,1.03076660140434));
#5717=CARTESIAN_POINT('Ctrl Pts',(-289.044115897608,36.3361803787236,1.45096755926907));
#5718=CARTESIAN_POINT('Ctrl Pts',(-288.683471704281,36.6968245747971,1.7598456589223));
#5719=CARTESIAN_POINT('Ctrl Pts',(-287.374489294602,38.0058069844765,2.71920987451761));
#5720=CARTESIAN_POINT('Ctrl Pts',(-286.090568293179,39.2897279831511,3.34739406060448));
#5721=CARTESIAN_POINT('Ctrl Pts',(-284.926885750115,40.4534105262155,3.8452352107812));
#5722=CARTESIAN_POINT('',(-290.182029366993,45.7085541430931,0.917555133254869));
#5723=CARTESIAN_POINT('Ctrl Pts',(-284.926885750115,40.4534105262154,3.84523521078119));
#5724=CARTESIAN_POINT('Ctrl Pts',(-286.076626678792,41.6031514548922,3.42223159443864));
#5725=CARTESIAN_POINT('Ctrl Pts',(-287.371356833617,42.8978816097192,2.88403257185177));
#5726=CARTESIAN_POINT('Ctrl Pts',(-288.971633093382,44.498157869484,1.96907524823698));
#5727=CARTESIAN_POINT('Ctrl Pts',(-289.545549992523,45.072074768623,1.58939609426891));
#5728=CARTESIAN_POINT('Ctrl Pts',(-290.034180294162,45.5607050702625,1.0924887244075));
#5729=CARTESIAN_POINT('Ctrl Pts',(-290.110370385119,45.6368951612195,1.0083837287014));
#5730=CARTESIAN_POINT('Ctrl Pts',(-290.182029366993,45.7085541430933,0.917555133254638));
#5731=CARTESIAN_POINT('',(-290.182029355957,45.8499754772578,0.917603521822417));
#5732=CARTESIAN_POINT('Ctrl Pts',(-290.182014836096,45.7086342011625,0.917474020608429));
#5733=CARTESIAN_POINT('Ctrl Pts',(-290.182014897443,45.7557510628047,0.917552750485531));
#5734=CARTESIAN_POINT('Ctrl Pts',(-290.182015106668,45.8028716625054,0.91756901991221));
#5735=CARTESIAN_POINT('Ctrl Pts',(-290.182015378056,45.849988995397,0.917523035178854));
#5736=CARTESIAN_POINT('',(-284.856175071996,40.5241212043342,3.87538961221383));
#5737=CARTESIAN_POINT('Ctrl Pts',(-290.182029347976,45.849975480314,0.917603517942895));
#5738=CARTESIAN_POINT('Ctrl Pts',(-290.116845585455,45.7847917177933,1.00034841512692));
#5739=CARTESIAN_POINT('Ctrl Pts',(-290.047716281868,45.715662414205,1.07775704883161));
#5740=CARTESIAN_POINT('Ctrl Pts',(-289.635299443239,45.3032455755754,1.5042903820305));
#5741=CARTESIAN_POINT('Ctrl Pts',(-289.186054492468,44.8540006248064,1.81960471561189));
#5742=CARTESIAN_POINT('Ctrl Pts',(-287.646801314935,43.3147474472733,2.77793336188663));
#5743=CARTESIAN_POINT('Ctrl Pts',(-286.132277075996,41.8002232083336,3.40784287087231));
#5744=CARTESIAN_POINT('Ctrl Pts',(-284.856175071996,40.5241212043342,3.87538961221381));
#5745=CARTESIAN_POINT('',(-272.426885750115,52.9534105262154,7.64172221893379));
#5746=CARTESIAN_POINT('Ctrl Pts',(-284.856175071996,40.5241212043342,3.87538961221383));
#5747=CARTESIAN_POINT('Ctrl Pts',(-281.551301813645,43.828994462685,5.28025605428329));
#5748=CARTESIAN_POINT('Ctrl Pts',(-276.982809217808,48.3974870585224,6.59725274344521));
#5749=CARTESIAN_POINT('Ctrl Pts',(-272.426885750115,52.9534105262154,7.6417222189338));
#5750=CARTESIAN_POINT('',(-284.856175071996,65.3826998480967,2.61242657054207));
#5751=CARTESIAN_POINT('Ctrl Pts',(-272.426885750115,52.9534105262154,7.64172221893381));
#5752=CARTESIAN_POINT('Ctrl Pts',(-277.217008869039,57.7435336451389,6.21996999053338));
#5753=CARTESIAN_POINT('Ctrl Pts',(-282.100632756518,62.627157532618,4.40116446901994));
#5754=CARTESIAN_POINT('Ctrl Pts',(-284.856175071996,65.3826998480967,2.61242657054207));
#5755=CARTESIAN_POINT('',(-288.04169466704,62.1971802530533,1.06956986305162));
#5756=CARTESIAN_POINT('Ctrl Pts',(-284.856175071996,65.3826998480967,2.61242657054204));
#5757=CARTESIAN_POINT('Ctrl Pts',(-285.734522429688,64.5043524904049,2.30202404281496));
#5758=CARTESIAN_POINT('Ctrl Pts',(-286.776788173312,63.4620867467841,1.88312180744412));
#5759=CARTESIAN_POINT('Ctrl Pts',(-287.721567666719,62.5173072533766,1.30215278119847));
#5760=CARTESIAN_POINT('Ctrl Pts',(-287.887510809601,62.3513641104919,1.19057407968054));
#5761=CARTESIAN_POINT('Ctrl Pts',(-288.04169466704,62.1971802530533,1.06956986305161));
#5762=CARTESIAN_POINT('',(-288.04169466704,62.3386016092908,1.03324013019929));
#5763=CARTESIAN_POINT('Ctrl Pts',(-288.041692720512,62.1969897321692,1.0695370643009));
#5764=CARTESIAN_POINT('Ctrl Pts',(-288.041693172396,62.2441753275064,1.05763504972476));
#5765=CARTESIAN_POINT('Ctrl Pts',(-288.041694636657,62.2913482934636,1.04552170512369));
#5766=CARTESIAN_POINT('Ctrl Pts',(-288.041695810073,62.3384220962637,1.03320057298268));
#5767=CARTESIAN_POINT('',(-284.926885750115,65.4534105262154,2.56622464404842));
#5768=CARTESIAN_POINT('Ctrl Pts',(-288.04169466704,62.3386016092908,1.03324013019925));
#5769=CARTESIAN_POINT('Ctrl Pts',(-287.742082485801,62.6382137905296,1.27485490073269));
#5770=CARTESIAN_POINT('Ctrl Pts',(-287.374556243163,63.0057400331677,1.49402648738937));
#5771=CARTESIAN_POINT('Ctrl Pts',(-286.368539876692,64.0117563996388,2.01815937118102));
#5772=CARTESIAN_POINT('Ctrl Pts',(-285.619702377111,64.7605938992193,2.31850638620338));
#5773=CARTESIAN_POINT('Ctrl Pts',(-284.926885750115,65.4534105262154,2.56622464404839));
#5774=CARTESIAN_POINT('',(-286.645289486387,67.1718142624871,1.09177079886789));
#5775=CARTESIAN_POINT('Ctrl Pts',(-284.92687785454,65.4528382507289,2.56620633088353));
#5776=CARTESIAN_POINT('Ctrl Pts',(-285.065139330436,65.5910213942123,2.4752888915491));
#5777=CARTESIAN_POINT('Ctrl Pts',(-285.204103059324,65.7299158094183,2.38035035715157));
#5778=CARTESIAN_POINT('Ctrl Pts',(-285.341150665552,65.8669322153423,2.28200158521928));
#5779=CARTESIAN_POINT('Ctrl Pts',(-285.470705962638,65.9964580178268,2.18902948073299));
#5780=CARTESIAN_POINT('Ctrl Pts',(-285.598546833664,66.1243038081074,2.09301049286183));
#5781=CARTESIAN_POINT('Ctrl Pts',(-285.722489625111,66.2482497074203,1.99445869599303));
#5782=CARTESIAN_POINT('Ctrl Pts',(-285.777425374328,66.303186834152,1.95077711730239));
#5783=CARTESIAN_POINT('Ctrl Pts',(-285.831595881759,66.3573575094993,1.90659786486645));
#5784=CARTESIAN_POINT('Ctrl Pts',(-285.884814245182,66.4105675934383,1.86196505025785));
#5785=CARTESIAN_POINT('Ctrl Pts',(-285.979890141301,66.5056286980568,1.78222744518676));
#5786=CARTESIAN_POINT('Ctrl Pts',(-286.074466296868,66.6002217117049,1.69890472519982));
#5787=CARTESIAN_POINT('Ctrl Pts',(-286.166411136286,66.6921732037459,1.61248073887969));
#5788=CARTESIAN_POINT('Ctrl Pts',(-286.273958847953,66.7997286969749,1.51139075905272));
#5789=CARTESIAN_POINT('Ctrl Pts',(-286.377905082136,66.903668355022,1.40605892642674));
#5790=CARTESIAN_POINT('Ctrl Pts',(-286.474765395266,67.000505558324,1.29725285433809));
#5791=CARTESIAN_POINT('Ctrl Pts',(-286.534586105262,67.0603119957426,1.23005447066683));
#5792=CARTESIAN_POINT('Ctrl Pts',(-286.591702803592,67.1174092951765,1.16153070825974));
#5793=CARTESIAN_POINT('Ctrl Pts',(-286.645287267597,67.1709804452709,1.091857636891));
#5794=CARTESIAN_POINT('',(-286.645289486388,67.3132356187257,1.04765013903832));
#5795=CARTESIAN_POINT('Ctrl Pts',(-286.645287267598,67.1709804452707,1.09185763689002));
#5796=CARTESIAN_POINT('Ctrl Pts',(-286.645287494166,67.2181803057424,1.07741922842732));
#5797=CARTESIAN_POINT('Ctrl Pts',(-286.645288009875,67.2653627303278,1.0627107884359));
#5798=CARTESIAN_POINT('Ctrl Pts',(-286.64528848969,67.3124016407247,1.04774114330434));
#5799=CARTESIAN_POINT('',(-284.856175071996,65.5241212043341,2.59139532417543));
#5800=CARTESIAN_POINT('Ctrl Pts',(-286.645289486388,67.3132356187257,1.04765013903832));
#5801=CARTESIAN_POINT('Ctrl Pts',(-286.499738182061,67.1676843143989,1.24385598660581));
#5802=CARTESIAN_POINT('Ctrl Pts',(-286.329882358651,66.9978284913148,1.42499633956815));
#5803=CARTESIAN_POINT('Ctrl Pts',(-285.776037110073,66.4439832427362,1.95365664010613));
#5804=CARTESIAN_POINT('Ctrl Pts',(-285.304388873188,65.9723350055258,2.29848354298277));
#5805=CARTESIAN_POINT('Ctrl Pts',(-284.856175071996,65.5241212043341,2.59139532417542));
#5806=CARTESIAN_POINT('',(-272.426885750115,77.9534105262154,5.33580575888302));
#5807=CARTESIAN_POINT('Ctrl Pts',(-284.856175071996,65.5241212043341,2.59139532417543));
#5808=CARTESIAN_POINT('Ctrl Pts',(-282.613551556185,67.7667447201458,3.38617067266644));
#5809=CARTESIAN_POINT('Ctrl Pts',(-278.679403516816,71.700892759514,4.4544759101933));
#5810=CARTESIAN_POINT('Ctrl Pts',(-272.426885750115,77.9534105262154,5.33580575888301));
#5811=CARTESIAN_POINT('',(-279.780301197734,85.3068259738157,1.0402446860242));
#5812=CARTESIAN_POINT('Ctrl Pts',(-272.426885750115,77.9534105262154,5.33580575888301));
#5813=CARTESIAN_POINT('Ctrl Pts',(-274.00194874251,79.5284735186101,4.63429962195011));
#5814=CARTESIAN_POINT('Ctrl Pts',(-275.865890139221,81.392414915321,3.74866513783737));
#5815=CARTESIAN_POINT('Ctrl Pts',(-278.369518372969,83.8960431490693,2.28014833150557));
#5816=CARTESIAN_POINT('Ctrl Pts',(-279.06386229493,84.5903870710306,1.77341991933088));
#5817=CARTESIAN_POINT('Ctrl Pts',(-279.605345908642,85.1318706847425,1.24006424031722));
#5818=CARTESIAN_POINT('Ctrl Pts',(-279.696814916313,85.2233396924133,1.14209171665454));
#5819=CARTESIAN_POINT('Ctrl Pts',(-279.780301197721,85.306825973821,1.04024468601775));
#5820=CARTESIAN_POINT('',(-279.780301197746,85.448247330078,0.987015933439327));
#5821=CARTESIAN_POINT('Ctrl Pts',(-279.780301197752,85.3068259738055,1.04024468599648));
#5822=CARTESIAN_POINT('Ctrl Pts',(-279.780301197752,85.3540324928493,1.02286462451656));
#5823=CARTESIAN_POINT('Ctrl Pts',(-279.780301197752,85.4012568838434,1.00511052721296));
#5824=CARTESIAN_POINT('Ctrl Pts',(-279.780301197752,85.4482473300743,0.987015933429838));
#5825=CARTESIAN_POINT('',(-272.356175071996,78.0241212043341,5.34575089635827));
#5826=CARTESIAN_POINT('Ctrl Pts',(-279.780301197742,85.4482473300797,0.987015933437181));
#5827=CARTESIAN_POINT('Ctrl Pts',(-279.686611602365,85.3545577347031,1.1067307672678));
#5828=CARTESIAN_POINT('Ctrl Pts',(-279.583525695612,85.2514718267542,1.21817264856538));
#5829=CARTESIAN_POINT('Ctrl Pts',(-279.089557992636,84.7575041237788,1.70866144963119));
#5830=CARTESIAN_POINT('Ctrl Pts',(-278.560815932802,84.2287620651399,2.0912662880129));
#5831=CARTESIAN_POINT('Ctrl Pts',(-276.536991054661,82.2049371869991,3.3947319447633));
#5832=CARTESIAN_POINT('Ctrl Pts',(-274.404443143812,80.0723892761498,4.43424945801082));
#5833=CARTESIAN_POINT('Ctrl Pts',(-272.356175071996,78.0241212043341,5.34575089635828));
#5834=CARTESIAN_POINT('',(-259.926885750115,90.4534105262154,6.57571075464659));
#5835=CARTESIAN_POINT('Ctrl Pts',(-272.356175071996,78.0241212043341,5.34575089635828));
#5836=CARTESIAN_POINT('Ctrl Pts',(-270.524190142326,79.8561061340041,5.60284339454709));
#5837=CARTESIAN_POINT('Ctrl Pts',(-268.677253199266,81.703043077064,5.81794313497286));
#5838=CARTESIAN_POINT('Ctrl Pts',(-265.191507394745,85.1887888815859,6.16844076767693));
#5839=CARTESIAN_POINT('Ctrl Pts',(-263.409619978583,86.9706762977389,6.32135700057465));
#5840=CARTESIAN_POINT('Ctrl Pts',(-261.278585798131,89.1017104781914,6.48461120411697));
#5841=CARTESIAN_POINT('Ctrl Pts',(-260.603282033619,89.7770142427116,6.53383701192543));
#5842=CARTESIAN_POINT('Ctrl Pts',(-259.926885750115,90.4534105262154,6.57571075464659));
#5843=CARTESIAN_POINT('',(-272.282438237671,102.808963013772,0.976287265426238));
#5844=CARTESIAN_POINT('Ctrl Pts',(-259.926885750115,90.4534105262154,6.57571075464659));
#5845=CARTESIAN_POINT('Ctrl Pts',(-262.308809339474,92.8353341155743,5.62188106086353));
#5846=CARTESIAN_POINT('Ctrl Pts',(-265.000442636902,95.5269674130021,4.49041070500328));
#5847=CARTESIAN_POINT('Ctrl Pts',(-268.960071185371,99.4865959614714,2.74366215481152));
#5848=CARTESIAN_POINT('Ctrl Pts',(-270.361946627195,100.888471403295,2.08739325009771));
#5849=CARTESIAN_POINT('Ctrl Pts',(-271.693796833735,102.220321609835,1.35830358315771));
#5850=CARTESIAN_POINT('Ctrl Pts',(-272.02130651633,102.54783129243,1.16059615158721));
#5851=CARTESIAN_POINT('Ctrl Pts',(-272.282438237671,102.808963013772,0.976287265426242));
#5852=CARTESIAN_POINT('',(-272.282438237262,102.950384369191,0.944801259832641));
#5853=CARTESIAN_POINT('Ctrl Pts',(-272.282438237671,102.808963013772,0.976287265426241));
#5854=CARTESIAN_POINT('Ctrl Pts',(-272.282438237671,102.856088750821,0.965869092882392));
#5855=CARTESIAN_POINT('Ctrl Pts',(-272.282438237671,102.903260473064,0.95536941147129));
#5856=CARTESIAN_POINT('Ctrl Pts',(-272.282438237671,102.950384369105,0.944801259447912));
#5857=CARTESIAN_POINT('',(-259.856175071996,90.5241212043341,6.58006233285092));
#5858=CARTESIAN_POINT('Ctrl Pts',(-272.282438237016,102.950384369354,0.944801259715864));
#5859=CARTESIAN_POINT('Ctrl Pts',(-271.798075602154,102.466021734492,1.29262697189645));
#5860=CARTESIAN_POINT('Ctrl Pts',(-271.060185418792,101.72813155113,1.69657506970252));
#5861=CARTESIAN_POINT('Ctrl Pts',(-268.386630056382,99.0545761887199,2.99725690243994));
#5862=CARTESIAN_POINT('Ctrl Pts',(-265.934291351552,96.6022374838901,4.05463233377899));
#5863=CARTESIAN_POINT('Ctrl Pts',(-262.94727180719,93.6152179395279,5.31871698205509));
#5864=CARTESIAN_POINT('Ctrl Pts',(-261.349966890244,92.0179130225818,5.98169579526065));
#5865=CARTESIAN_POINT('Ctrl Pts',(-259.856175071996,90.5241212043341,6.58006233285092));
#5866=CARTESIAN_POINT('',(-250.,100.38029627633,6.78018328806666));
#5867=CARTESIAN_POINT('Ctrl Pts',(-259.856175071996,90.5241212043341,6.58006233285093));
#5868=CARTESIAN_POINT('Ctrl Pts',(-256.381695857911,93.9986004184195,6.7926067746975));
#5869=CARTESIAN_POINT('Ctrl Pts',(-252.913542636412,97.466753639919,6.83329957332179));
#5870=CARTESIAN_POINT('Ctrl Pts',(-250.,100.38029627633,6.78018328806666));
#5871=CARTESIAN_POINT('',(-250.,105.5265247761,5.6467059097158));
#5872=CARTESIAN_POINT('Ctrl Pts',(-250.,105.526524776097,5.6467059097165));
#5873=CARTESIAN_POINT('Ctrl Pts',(-250.,105.406150941926,5.67378415326885));
#5874=CARTESIAN_POINT('Ctrl Pts',(-250.,105.117597761357,5.73879933996038));
#5875=CARTESIAN_POINT('Ctrl Pts',(-250.,104.672756933363,5.8394051970794));
#5876=CARTESIAN_POINT('Ctrl Pts',(-250.,104.085194243193,5.97283094061254));
#5877=CARTESIAN_POINT('Ctrl Pts',(-250.,103.343996743062,6.14058667657474));
#5878=CARTESIAN_POINT('Ctrl Pts',(-250.,102.510896229322,6.32610424999566));
#5879=CARTESIAN_POINT('Ctrl Pts',(-250.,101.750766136333,6.49122325966317));
#5880=CARTESIAN_POINT('Ctrl Pts',(-250.,101.114791403841,6.62645700861186));
#5881=CARTESIAN_POINT('Ctrl Pts',(-250.,100.654232214782,6.72308471191952));
#5882=CARTESIAN_POINT('Ctrl Pts',(-250.,100.404452197599,6.77515106573306));
#5883=CARTESIAN_POINT('Ctrl Pts',(-250.,100.380296276332,6.78018328806627));
#5884=CARTESIAN_POINT('',(-259.856175071997,115.382699848097,2.04760644699981));
#5885=CARTESIAN_POINT('Ctrl Pts',(-250.,105.5265247761,5.64670590971578));
#5886=CARTESIAN_POINT('Ctrl Pts',(-254.936793106972,110.463317883072,3.69184299301392));
#5887=CARTESIAN_POINT('Ctrl Pts',(-258.687481854659,114.21400663076,2.43864339691247));
#5888=CARTESIAN_POINT('Ctrl Pts',(-259.82715484814,115.35367962424,2.05731395340659));
#5889=CARTESIAN_POINT('Ctrl Pts',(-259.841577287155,115.368102063255,2.05248911993493));
#5890=CARTESIAN_POINT('Ctrl Pts',(-259.856175071997,115.382699848097,2.04760644699982));
#5891=CARTESIAN_POINT('',(-272.282438237567,102.956436682631,0.943443512726658));
#5892=CARTESIAN_POINT('Ctrl Pts',(-259.856175071997,115.382699848097,2.04760644699982));
#5893=CARTESIAN_POINT('Ctrl Pts',(-265.696083353736,109.542791566358,2.0891827122529));
#5894=CARTESIAN_POINT('Ctrl Pts',(-268.918821880002,106.320053040091,1.60049826109479));
#5895=CARTESIAN_POINT('Ctrl Pts',(-271.004822167759,104.234052752334,1.24019464832927));
#5896=CARTESIAN_POINT('Ctrl Pts',(-271.677664051838,103.561210868255,1.10664122938463));
#5897=CARTESIAN_POINT('Ctrl Pts',(-272.282438237512,102.956436682581,0.943443512713008));
#5898=CARTESIAN_POINT('',(-272.2824382202,103.097858073602,0.911459833447673));
#5899=CARTESIAN_POINT('Ctrl Pts',(-272.282438237672,102.956436682609,0.943443512628001));
#5900=CARTESIAN_POINT('Ctrl Pts',(-272.282438237672,103.00356116657,0.932868432436954));
#5901=CARTESIAN_POINT('Ctrl Pts',(-272.282438237671,103.050736450186,0.922202391734851));
#5902=CARTESIAN_POINT('Ctrl Pts',(-272.282438237671,103.097858069783,0.911459816695661));
#5903=CARTESIAN_POINT('',(-259.926885750115,115.453410526215,2.02396101200312));
#5904=CARTESIAN_POINT('Ctrl Pts',(-272.282438211143,103.097858065188,0.911459831122334));
#5905=CARTESIAN_POINT('Ctrl Pts',(-271.065924072107,104.314372204223,1.24764261338279));
#5906=CARTESIAN_POINT('Ctrl Pts',(-269.177056605301,106.20323967103,1.56067961715719));
#5907=CARTESIAN_POINT('Ctrl Pts',(-264.578285279597,110.802010996733,1.97431867749069));
#5908=CARTESIAN_POINT('Ctrl Pts',(-262.172814535346,113.207481740985,2.03834090719814));
#5909=CARTESIAN_POINT('Ctrl Pts',(-259.926885750115,115.453410526215,2.02396101200311));
#5910=CARTESIAN_POINT('',(-263.033944939357,118.560469715456,0.943804448047722));
#5911=CARTESIAN_POINT('Ctrl Pts',(-259.926885750115,115.453410526215,2.02396101200312));
#5912=CARTESIAN_POINT('Ctrl Pts',(-261.082346383842,116.608871159942,1.63766832271111));
#5913=CARTESIAN_POINT('Ctrl Pts',(-262.188545107471,117.715069883571,1.27122656251698));
#5914=CARTESIAN_POINT('Ctrl Pts',(-263.033944939357,118.560469715457,0.943804448047652));
#5915=CARTESIAN_POINT('',(-263.033944939357,118.701891071695,0.917969380937685));
#5916=CARTESIAN_POINT('Ctrl Pts',(-263.033944939357,118.560469715456,0.943804448047538));
#5917=CARTESIAN_POINT('Ctrl Pts',(-263.033944939357,118.607620116249,0.935231386327752));
#5918=CARTESIAN_POINT('Ctrl Pts',(-263.033944939357,118.654766278778,0.926619438951403));
#5919=CARTESIAN_POINT('Ctrl Pts',(-263.033944939357,118.701891071695,0.917969380937679));
#5920=CARTESIAN_POINT('',(-259.856175071996,115.524121204334,2.02348352993151));
#5921=CARTESIAN_POINT('Ctrl Pts',(-263.033944939357,118.701891071695,0.917969380937675));
#5922=CARTESIAN_POINT('Ctrl Pts',(-262.176366620123,117.844312752461,1.25270888882439));
#5923=CARTESIAN_POINT('Ctrl Pts',(-261.035617607592,116.70356373993,1.63000906314568));
#5924=CARTESIAN_POINT('Ctrl Pts',(-259.856175071996,115.524121204334,2.02348352993151));
#5925=CARTESIAN_POINT('',(-250.,125.38029627633,1.16350715847571));
#5926=CARTESIAN_POINT('Ctrl Pts',(-259.856175071996,115.524121204334,2.02348352993151));
#5927=CARTESIAN_POINT('Ctrl Pts',(-257.879284692208,117.501011584123,2.00944178293513));
#5928=CARTESIAN_POINT('Ctrl Pts',(-256.560353136827,118.819943139504,1.93960971650595));
#5929=CARTESIAN_POINT('Ctrl Pts',(-255.089541660068,120.290754616263,1.80561789341657));
#5930=CARTESIAN_POINT('Ctrl Pts',(-254.261202875425,121.119093400906,1.71189689689412));
#5931=CARTESIAN_POINT('Ctrl Pts',(-252.498986818692,122.881309457638,1.51234592426915));
#5932=CARTESIAN_POINT('Ctrl Pts',(-251.659263562084,123.721032714247,1.47665236080152));
#5933=CARTESIAN_POINT('Ctrl Pts',(-250.,125.38029627633,1.1635071584757));
#5934=CARTESIAN_POINT('',(-250.,130.,0.));
#5935=CARTESIAN_POINT('Ctrl Pts',(-250.,130.,0.));
#5936=CARTESIAN_POINT('Ctrl Pts',(-250.,129.94570980101,0.0291360314206202));
#5937=CARTESIAN_POINT('Ctrl Pts',(-250.,129.828364637852,0.0867641364328264));
#5938=CARTESIAN_POINT('Ctrl Pts',(-250.,129.62604878301,0.17127348451254));
#5939=CARTESIAN_POINT('Ctrl Pts',(-250.,129.303727661386,0.280094864983802));
#5940=CARTESIAN_POINT('Ctrl Pts',(-250.,128.816676553762,0.410393151204289));
#5941=CARTESIAN_POINT('Ctrl Pts',(-250.,128.256536789996,0.537226474851593));
#5942=CARTESIAN_POINT('Ctrl Pts',(-250.,127.643846388927,0.664726033724818));
#5943=CARTESIAN_POINT('Ctrl Pts',(-250.,127.002110133114,0.797082685657955));
#5944=CARTESIAN_POINT('Ctrl Pts',(-250.,126.415262585864,0.923739959449915));
#5945=CARTESIAN_POINT('Ctrl Pts',(-250.,125.962007295961,1.02705938818482));
#5946=CARTESIAN_POINT('Ctrl Pts',(-250.,125.639949563785,1.10233265034178));
#5947=CARTESIAN_POINT('Ctrl Pts',(-250.,125.446423056468,1.14790824706889));
#5948=CARTESIAN_POINT('Ctrl Pts',(-250.,125.380296276328,1.16350715847623));
#5949=CARTESIAN_POINT('',(-250.,125.38029627633,-0.0687098700232858));
#5950=CARTESIAN_POINT('Ctrl Pts',(-250.,130.,3.08086889333481E-14));
#5951=CARTESIAN_POINT('Ctrl Pts',(-250.,129.878728014518,-0.000872461847696571));
#5952=CARTESIAN_POINT('Ctrl Pts',(-250.,129.631760520356,-0.00285432130259028));
#5953=CARTESIAN_POINT('Ctrl Pts',(-250.,129.248038460525,-0.00653795931864681));
#5954=CARTESIAN_POINT('Ctrl Pts',(-250.,128.709867881344,-0.0128709044516076));
#5955=CARTESIAN_POINT('Ctrl Pts',(-250.,127.993540234265,-0.0230927623473723));
#5956=CARTESIAN_POINT('Ctrl Pts',(-250.,127.235517974636,-0.0354225543450729));
#5957=CARTESIAN_POINT('Ctrl Pts',(-250.,126.555923960568,-0.0474217984046063));
#5958=CARTESIAN_POINT('Ctrl Pts',(-250.,126.018721047695,-0.0571738890495319));
#5959=CARTESIAN_POINT('Ctrl Pts',(-250.,125.639477575976,-0.0640466242692494));
#5960=CARTESIAN_POINT('Ctrl Pts',(-250.,125.425703391818,-0.0678940538099265));
#5961=CARTESIAN_POINT('Ctrl Pts',(-250.,125.38029627633,-0.0687098700232858));
#5962=CARTESIAN_POINT('',(-259.856175071996,115.524121204334,-0.507866175751014));
#5963=CARTESIAN_POINT('Ctrl Pts',(-250.,125.38029627633,-0.0687098700232869));
#5964=CARTESIAN_POINT('Ctrl Pts',(-252.19841582252,123.181880453811,-0.185297426045064));
#5965=CARTESIAN_POINT('Ctrl Pts',(-255.820127102855,119.560169173476,-0.333347311680204));
#5966=CARTESIAN_POINT('Ctrl Pts',(-256.730830403221,118.64946587311,-0.377592322686083));
#5967=CARTESIAN_POINT('Ctrl Pts',(-256.916411250095,118.463885026235,-0.386608460663343));
#5968=CARTESIAN_POINT('Ctrl Pts',(-256.966801863584,118.413494412746,-0.389001486228361));
#5969=CARTESIAN_POINT('Ctrl Pts',(-257.050576293612,118.329719982718,-0.392999053626517));
#5970=CARTESIAN_POINT('Ctrl Pts',(-258.200123909437,117.180172366893,-0.447853429479759));
#5971=CARTESIAN_POINT('Ctrl Pts',(-258.932131608054,116.448164668276,-0.476354019036125));
#5972=CARTESIAN_POINT('Ctrl Pts',(-259.856175071996,115.524121204334,-0.507866175751015));
#5973=CARTESIAN_POINT('',(-263.033944939259,118.701891071498,-0.358765120529511));
#5974=CARTESIAN_POINT('Ctrl Pts',(-259.856175071996,115.524121204334,-0.507866175751015));
#5975=CARTESIAN_POINT('Ctrl Pts',(-260.906403213181,116.574349345519,-0.48833195943652));
#5976=CARTESIAN_POINT('Ctrl Pts',(-262.125440206516,117.793386338854,-0.448679254039905));
#5977=CARTESIAN_POINT('Ctrl Pts',(-263.033944939209,118.701891071547,-0.358765120524663));
#5978=CARTESIAN_POINT('',(-263.033944939357,118.560469715457,-0.366312261153806));
#5979=CARTESIAN_POINT('Ctrl Pts',(-263.03396100775,118.702113183731,-0.358990799826259));
#5980=CARTESIAN_POINT('Ctrl Pts',(-263.033961400943,118.65505168197,-0.361540397152228));
#5981=CARTESIAN_POINT('Ctrl Pts',(-263.033961150106,118.607961669366,-0.364056789425491));
#5982=CARTESIAN_POINT('Ctrl Pts',(-263.03396075269,118.560882017206,-0.366539646393912));
#5983=CARTESIAN_POINT('',(-259.926885750115,115.453410526215,-0.510267745021097));
#5984=CARTESIAN_POINT('Ctrl Pts',(-263.033944939357,118.560469715457,-0.366312261153801));
#5985=CARTESIAN_POINT('Ctrl Pts',(-262.141369121048,117.667893897148,-0.451707256834429));
#5986=CARTESIAN_POINT('Ctrl Pts',(-260.965643921981,116.492168698081,-0.490637652122983));
#5987=CARTESIAN_POINT('Ctrl Pts',(-259.926885750115,115.453410526215,-0.510267745021098));
#5988=CARTESIAN_POINT('',(-272.282438237671,103.097858038659,-0.509262006046183));
#5989=CARTESIAN_POINT('Ctrl Pts',(-259.926885750115,115.453410526215,-0.510267745021097));
#5990=CARTESIAN_POINT('Ctrl Pts',(-261.105199538324,114.275096738007,-0.550124645167405));
#5991=CARTESIAN_POINT('Ctrl Pts',(-263.895321889956,111.484974386374,-0.639019144442706));
#5992=CARTESIAN_POINT('Ctrl Pts',(-266.446531893327,108.933764383004,-0.692099431667972));
#5993=CARTESIAN_POINT('Ctrl Pts',(-267.343827631783,108.036468644548,-0.710768500643215));
#5994=CARTESIAN_POINT('Ctrl Pts',(-268.211653482679,107.168642793651,-0.720403864727933));
#5995=CARTESIAN_POINT('Ctrl Pts',(-268.969410439737,106.410885836594,-0.712934391225137));
#5996=CARTESIAN_POINT('Ctrl Pts',(-269.450722120411,105.929574155919,-0.708189934824042));
#5997=CARTESIAN_POINT('Ctrl Pts',(-269.887601669554,105.492694606777,-0.696759877386463));
#5998=CARTESIAN_POINT('Ctrl Pts',(-270.2594227067,105.120873569631,-0.681245416134682));
#5999=CARTESIAN_POINT('Ctrl Pts',(-270.577718275006,104.802578001324,-0.667964337960588));
#6000=CARTESIAN_POINT('Ctrl Pts',(-270.849864877853,104.530431398477,-0.652800866136455));
#6001=CARTESIAN_POINT('Ctrl Pts',(-271.156584409566,104.223711866764,-0.629720029397295));
#6002=CARTESIAN_POINT('Ctrl Pts',(-271.53130884653,103.8489874298,-0.601521780973208));
#6003=CARTESIAN_POINT('Ctrl Pts',(-271.919422298057,103.460873978274,-0.562782460909328));
#6004=CARTESIAN_POINT('Ctrl Pts',(-272.282438237671,103.097858038659,-0.509262006046184));
#6005=CARTESIAN_POINT('',(-272.282438237671,102.956436682422,-0.527303503465499));
#6006=CARTESIAN_POINT('Ctrl Pts',(-272.282438237671,103.097858038659,-0.509262006046184));
#6007=CARTESIAN_POINT('Ctrl Pts',(-272.282438237671,103.050731392763,-0.515363686601633));
#6008=CARTESIAN_POINT('Ctrl Pts',(-272.282438237672,103.003557614907,-0.521378612958627));
#6009=CARTESIAN_POINT('Ctrl Pts',(-272.282438237672,102.956436682422,-0.527303503465485));
#6010=CARTESIAN_POINT('',(-259.856175071997,115.382699848097,-0.51157786298318));
#6011=CARTESIAN_POINT('Ctrl Pts',(-272.282438237671,102.956436682422,-0.527303503465496));
#6012=CARTESIAN_POINT('Ctrl Pts',(-270.713126340953,104.52574857914,-0.74847984074144));
#6013=CARTESIAN_POINT('Ctrl Pts',(-268.482276282419,106.756598637675,-0.735731714602548));
#6014=CARTESIAN_POINT('Ctrl Pts',(-265.30694064237,109.931934277723,-0.683136149415169));
#6015=CARTESIAN_POINT('Ctrl Pts',(-261.761815471492,113.477059448601,-0.576608982223898));
#6016=CARTESIAN_POINT('Ctrl Pts',(-259.856175071996,115.382699848097,-0.51157786298318));
#6017=CARTESIAN_POINT('',(-250.,105.5265247761,-0.545677896766306));
#6018=CARTESIAN_POINT('Ctrl Pts',(-259.856175071997,115.382699848097,-0.511577862983178));
#6019=CARTESIAN_POINT('Ctrl Pts',(-256.999902671208,112.526427447308,-0.563451246676421));
#6020=CARTESIAN_POINT('Ctrl Pts',(-254.325560551719,109.852085327819,-0.486121639622072));
#6021=CARTESIAN_POINT('Ctrl Pts',(-250.,105.5265247761,-0.545677896766307));
#6022=CARTESIAN_POINT('',(-250.,100.38029627633,-0.914640511952338));
#6023=CARTESIAN_POINT('Ctrl Pts',(-250.,105.5265247761,-0.545677896766306));
#6024=CARTESIAN_POINT('Ctrl Pts',(-250.,105.431864493354,-0.551248289933585));
#6025=CARTESIAN_POINT('Ctrl Pts',(-250.,105.179494315147,-0.566285422774014));
#6026=CARTESIAN_POINT('Ctrl Pts',(-250.,104.770951002066,-0.59137389798934));
#6027=CARTESIAN_POINT('Ctrl Pts',(-250.,104.2053919565,-0.627433918672928));
#6028=CARTESIAN_POINT('Ctrl Pts',(-250.,103.475019701241,-0.675794717206384));
#6029=CARTESIAN_POINT('Ctrl Pts',(-250.,102.667686555711,-0.731840413751894));
#6030=CARTESIAN_POINT('Ctrl Pts',(-250.,101.886984295324,-0.789496148021907));
#6031=CARTESIAN_POINT('Ctrl Pts',(-250.,101.263308462352,-0.838987389909585));
#6032=CARTESIAN_POINT('Ctrl Pts',(-250.,100.802693112258,-0.877701630872963));
#6033=CARTESIAN_POINT('Ctrl Pts',(-250.,100.507862145732,-0.903371024766184));
#6034=CARTESIAN_POINT('Ctrl Pts',(-250.,100.380296276329,-0.914640511952489));
#6035=CARTESIAN_POINT('',(-259.856175071996,90.5241212043341,-2.02989864361517));
#6036=CARTESIAN_POINT('Ctrl Pts',(-250.,100.38029627633,-0.914640511952336));
#6037=CARTESIAN_POINT('Ctrl Pts',(-254.611701207042,95.7685950692887,-1.52819746130685));
#6038=CARTESIAN_POINT('Ctrl Pts',(-255.432779169871,94.9475171064592,-1.61801010212001));
#6039=CARTESIAN_POINT('Ctrl Pts',(-259.856175071996,90.5241212043341,-2.02989864361517));
#6040=CARTESIAN_POINT('',(-272.282438237669,102.950384370004,-0.528064051080144));
#6041=CARTESIAN_POINT('Ctrl Pts',(-259.856175071996,90.5241212043341,-2.02989864361517));
#6042=CARTESIAN_POINT('Ctrl Pts',(-263.440963811251,94.1089099435892,-1.74827136855649));
#6043=CARTESIAN_POINT('Ctrl Pts',(-267.980185152241,98.6481312849646,-1.37914825180367));
#6044=CARTESIAN_POINT('Ctrl Pts',(-270.858103050237,101.526049182961,-0.90266907106647));
#6045=CARTESIAN_POINT('Ctrl Pts',(-271.375870454842,102.0438165872,-0.804719474979514));
#6046=CARTESIAN_POINT('Ctrl Pts',(-271.990320562351,102.658266694708,-0.632462547962957));
#6047=CARTESIAN_POINT('Ctrl Pts',(-272.146079198803,102.81402533114,-0.581495904953145));
#6048=CARTESIAN_POINT('Ctrl Pts',(-272.282438237668,102.950384370005,-0.528064051079674));
#6049=CARTESIAN_POINT('',(-272.282438237671,102.808963013772,-0.545583840058791));
#6050=CARTESIAN_POINT('Ctrl Pts',(-272.282447336541,102.950511269795,-0.52808987109617));
#6051=CARTESIAN_POINT('Ctrl Pts',(-272.282452951015,102.903377848112,-0.534008343110101));
#6052=CARTESIAN_POINT('Ctrl Pts',(-272.282448802103,102.856220050541,-0.539849717499885));
#6053=CARTESIAN_POINT('Ctrl Pts',(-272.282446851268,102.809099492913,-0.545611278990595));
#6054=CARTESIAN_POINT('',(-259.926885750115,90.4534105262154,-2.03647385445236));
#6055=CARTESIAN_POINT('Ctrl Pts',(-272.282438237672,102.808963013772,-0.545583840058783));
#6056=CARTESIAN_POINT('Ctrl Pts',(-270.716724266261,101.243249042361,-1.13933589015449));
#6057=CARTESIAN_POINT('Ctrl Pts',(-266.376792118581,96.9033168946813,-1.52759322075623));
#6058=CARTESIAN_POINT('Ctrl Pts',(-259.926885750115,90.4534105262153,-2.03647385445236));
#6059=CARTESIAN_POINT('',(-272.356175071996,78.0241212043341,-2.70079175495085));
#6060=CARTESIAN_POINT('Ctrl Pts',(-259.926885750115,90.4534105262153,-2.03647385445236));
#6061=CARTESIAN_POINT('Ctrl Pts',(-261.190069182374,89.1902270939566,-2.1537698686427));
#6062=CARTESIAN_POINT('Ctrl Pts',(-262.437876536197,87.9424197401331,-2.26017954347762));
#6063=CARTESIAN_POINT('Ctrl Pts',(-265.253447125734,85.1268491505962,-2.43947444713988));
#6064=CARTESIAN_POINT('Ctrl Pts',(-266.833747945085,83.5465483312458,-2.50735208225408));
#6065=CARTESIAN_POINT('Ctrl Pts',(-269.052479420202,81.3278168561289,-2.59354307020132));
#6066=CARTESIAN_POINT('Ctrl Pts',(-270.128685146268,80.2516111300628,-2.63213036075672));
#6067=CARTESIAN_POINT('Ctrl Pts',(-271.47851138944,78.9017848868901,-2.67564845683057));
#6068=CARTESIAN_POINT('Ctrl Pts',(-271.919520519403,78.4607757569275,-2.68903906410849));
#6069=CARTESIAN_POINT('Ctrl Pts',(-272.356175071996,78.0241212043341,-2.70079175495084));
#6070=CARTESIAN_POINT('',(-279.780301197752,85.4482473300901,-0.578133489824915));
#6071=CARTESIAN_POINT('Ctrl Pts',(-272.356175071996,78.0241212043341,-2.70079175495085));
#6072=CARTESIAN_POINT('Ctrl Pts',(-274.846245457736,80.5141915900739,-2.28036958297896));
#6073=CARTESIAN_POINT('Ctrl Pts',(-276.379468812559,82.0474149453321,-1.94057285098147));
#6074=CARTESIAN_POINT('Ctrl Pts',(-277.94383440446,83.6117805372336,-1.50328598185997));
#6075=CARTESIAN_POINT('Ctrl Pts',(-278.505103051794,84.1730491841361,-1.31680176568091));
#6076=CARTESIAN_POINT('Ctrl Pts',(-279.256593672586,84.9245398049278,-0.962421365344815));
#6077=CARTESIAN_POINT('Ctrl Pts',(-279.538607816738,85.206553949076,-0.799191968318166));
#6078=CARTESIAN_POINT('Ctrl Pts',(-279.76213417631,85.4300803086476,-0.595238019670155));
#6079=CARTESIAN_POINT('Ctrl Pts',(-279.771226472583,85.4391726049207,-0.586772102296935));
#6080=CARTESIAN_POINT('Ctrl Pts',(-279.780301197752,85.4482473300901,-0.57813348982492));
#6081=CARTESIAN_POINT('',(-279.780301197752,85.3068259738523,-0.61703157123055));
#6082=CARTESIAN_POINT('Ctrl Pts',(-279.780297261455,85.4479084339071,-0.578062634247875));
#6083=CARTESIAN_POINT('Ctrl Pts',(-279.780294853052,85.4013941824017,-0.59123994989682));
#6084=CARTESIAN_POINT('Ctrl Pts',(-279.780295797525,85.3542014337955,-0.60420457006429));
#6085=CARTESIAN_POINT('Ctrl Pts',(-279.780295984654,85.306470541781,-0.616958515571482));
#6086=CARTESIAN_POINT('',(-272.426885750115,77.9534105262154,-2.70268157667706));
#6087=CARTESIAN_POINT('Ctrl Pts',(-279.780301197752,85.3068259738524,-0.617031571230489));
#6088=CARTESIAN_POINT('Ctrl Pts',(-279.729516451568,85.2560412276687,-0.662483700117932));
#6089=CARTESIAN_POINT('Ctrl Pts',(-279.677249502751,85.2037742785264,-0.704246868446717));
#6090=CARTESIAN_POINT('Ctrl Pts',(-279.320447293146,84.846972068922,-0.968135200033154));
#6091=CARTESIAN_POINT('Ctrl Pts',(-278.920968531549,84.4474933076496,-1.15434951942904));
#6092=CARTESIAN_POINT('Ctrl Pts',(-277.84129209904,83.3678168751399,-1.56618582270075));
#6093=CARTESIAN_POINT('Ctrl Pts',(-276.364035847526,81.8905606236262,-2.03522178737882));
#6094=CARTESIAN_POINT('Ctrl Pts',(-272.426885750115,77.9534105262154,-2.70268157667705));
#6095=CARTESIAN_POINT('',(-284.856175071996,65.5241212043341,-1.97803360556858));
#6096=CARTESIAN_POINT('Ctrl Pts',(-272.426885750115,77.9534105262154,-2.70268157667706));
#6097=CARTESIAN_POINT('Ctrl Pts',(-274.483861070521,75.8964352058097,-2.757263740242));
#6098=CARTESIAN_POINT('Ctrl Pts',(-279.157364738881,71.2229315374492,-2.84806660288337));
#6099=CARTESIAN_POINT('Ctrl Pts',(-283.244233649142,67.1360626271882,-2.25493685949025));
#6100=CARTESIAN_POINT('Ctrl Pts',(-283.794762450101,66.58553382623,-2.1750382834378));
#6101=CARTESIAN_POINT('Ctrl Pts',(-284.334708170798,66.0455881055324,-2.08366030080124));
#6102=CARTESIAN_POINT('Ctrl Pts',(-284.856175071996,65.5241212043341,-1.97803360556857));
#6103=CARTESIAN_POINT('',(-286.64528948637,67.3132356186902,-0.905186530250447));
#6104=CARTESIAN_POINT('Ctrl Pts',(-284.856175071996,65.5241212043341,-1.97803360556855));
#6105=CARTESIAN_POINT('Ctrl Pts',(-285.510271341417,66.1782174737543,-1.71986636488771));
#6106=CARTESIAN_POINT('Ctrl Pts',(-286.055560453504,66.7235065858423,-1.43048592099067));
#6107=CARTESIAN_POINT('Ctrl Pts',(-286.508411094598,67.1763572269357,-1.04311338554683));
#6108=CARTESIAN_POINT('Ctrl Pts',(-286.578571345854,67.2465174781917,-0.977290113762061));
#6109=CARTESIAN_POINT('Ctrl Pts',(-286.645289486358,67.3132356186958,-0.905186530244394));
#6110=CARTESIAN_POINT('',(-286.645289486377,67.171814262467,-0.940896741605773));
#6111=CARTESIAN_POINT('Ctrl Pts',(-286.645288009673,67.3125510300989,-0.905168406067412));
#6112=CARTESIAN_POINT('Ctrl Pts',(-286.645288582863,67.2654967715065,-0.917340828922931));
#6113=CARTESIAN_POINT('Ctrl Pts',(-286.645287521938,67.2183147368962,-0.929245545740224));
#6114=CARTESIAN_POINT('Ctrl Pts',(-286.645286738703,67.1711321298954,-0.940880542338559));
#6115=CARTESIAN_POINT('',(-284.926885750115,65.4534105262154,-1.96359808634493));
#6116=CARTESIAN_POINT('Ctrl Pts',(-286.64528948637,67.1718142624704,-0.940896741602215));
#6117=CARTESIAN_POINT('Ctrl Pts',(-286.510849619581,67.037374395681,-1.07983512213468));
#6118=CARTESIAN_POINT('Ctrl Pts',(-286.358993715645,66.8855184901455,-1.2007080699705));
#6119=CARTESIAN_POINT('Ctrl Pts',(-285.843288293936,66.3698130684363,-1.55960096982885));
#6120=CARTESIAN_POINT('Ctrl Pts',(-285.391546996099,65.9180717721994,-1.77816484866148));
#6121=CARTESIAN_POINT('Ctrl Pts',(-284.926885750115,65.4534105262154,-1.96359808634495));
#6122=CARTESIAN_POINT('',(-288.041694667035,62.3386016092993,-0.902574136821325));
#6123=CARTESIAN_POINT('Ctrl Pts',(-284.926885750115,65.4534105262154,-1.96359808634492));
#6124=CARTESIAN_POINT('Ctrl Pts',(-285.878631097604,64.5016651787262,-1.76777231185468));
#6125=CARTESIAN_POINT('Ctrl Pts',(-286.995425081011,63.3848711953193,-1.47591840731697));
#6126=CARTESIAN_POINT('Ctrl Pts',(-287.859014372387,62.5212819039435,-1.01525959752704));
#6127=CARTESIAN_POINT('Ctrl Pts',(-287.952075969599,62.4282203067318,-0.961240838844721));
#6128=CARTESIAN_POINT('Ctrl Pts',(-288.041694667033,62.3386016092975,-0.902574136820132));
#6129=CARTESIAN_POINT('',(-288.041694651981,62.1971802831717,-0.932024187131097));
#6130=CARTESIAN_POINT('Ctrl Pts',(-288.041693930246,62.3382723229508,-0.902616727708331));
#6131=CARTESIAN_POINT('Ctrl Pts',(-288.041693875256,62.2911912817619,-0.912638958518655));
#6132=CARTESIAN_POINT('Ctrl Pts',(-288.041692122335,62.2440255627051,-0.922457294949901));
#6133=CARTESIAN_POINT('Ctrl Pts',(-288.041690772116,62.1968663891204,-0.932071455853612));
#6134=CARTESIAN_POINT('',(-284.856175071996,65.3826998480967,-1.99152444339737));
#6135=CARTESIAN_POINT('Ctrl Pts',(-288.041694643195,62.197180276898,-0.932024183161453));
#6136=CARTESIAN_POINT('Ctrl Pts',(-287.254972263366,62.983902656727,-1.42981399183219));
#6137=CARTESIAN_POINT('Ctrl Pts',(-285.945982985275,64.2928919348177,-1.77201632058042));
#6138=CARTESIAN_POINT('Ctrl Pts',(-284.856175071996,65.3826998480967,-1.99152444339736));
#6139=CARTESIAN_POINT('',(-272.426885750115,52.9534105262154,-4.23150948102845));
#6140=CARTESIAN_POINT('Ctrl Pts',(-284.856175071996,65.3826998480967,-1.99152444339738));
#6141=CARTESIAN_POINT('Ctrl Pts',(-283.613022059487,64.1395468355876,-2.47743849229425));
#6142=CARTESIAN_POINT('Ctrl Pts',(-281.874066978022,62.400591754122,-2.89574191409907));
#6143=CARTESIAN_POINT('Ctrl Pts',(-277.336923109673,57.8634478857739,-3.67601158959544));
#6144=CARTESIAN_POINT('Ctrl Pts',(-274.854296291632,55.3808210677324,-3.98306653362962));
#6145=CARTESIAN_POINT('Ctrl Pts',(-272.426885750115,52.9534105262154,-4.23150948102845));
#6146=CARTESIAN_POINT('',(-284.856175071996,40.5241212043342,-2.78972579134288));
#6147=CARTESIAN_POINT('Ctrl Pts',(-272.426885750115,52.9534105262154,-4.23150948102845));
#6148=CARTESIAN_POINT('Ctrl Pts',(-276.193300903623,49.1869953727078,-4.05667651819411));
#6149=CARTESIAN_POINT('Ctrl Pts',(-281.144619696649,44.2356765796809,-3.66501836503041));
#6150=CARTESIAN_POINT('Ctrl Pts',(-284.856175071996,40.5241212043342,-2.78972579134288));
#6151=CARTESIAN_POINT('',(-290.182029366994,45.8499754993318,-0.796070524484487));
#6152=CARTESIAN_POINT('Ctrl Pts',(-284.856175071996,40.5241212043341,-2.78972579134287));
#6153=CARTESIAN_POINT('Ctrl Pts',(-286.727538753728,42.3954848860662,-2.42716274593424));
#6154=CARTESIAN_POINT('Ctrl Pts',(-288.578970011206,44.2469161435468,-1.92501249249257));
#6155=CARTESIAN_POINT('Ctrl Pts',(-289.835096242725,45.5030423750656,-1.11169481008875));
#6156=CARTESIAN_POINT('Ctrl Pts',(-290.026060732758,45.6940068650953,-0.964490665123315));
#6157=CARTESIAN_POINT('Ctrl Pts',(-290.182029366994,45.8499754993318,-0.796070524484485));
#6158=CARTESIAN_POINT('',(-290.182029366994,45.7085541430939,-0.795480310445378));
#6159=CARTESIAN_POINT('Ctrl Pts',(-290.182014720343,45.8501584187636,-0.796136663231829));
#6160=CARTESIAN_POINT('Ctrl Pts',(-290.182014753089,45.8030440292045,-0.795996468253615));
#6161=CARTESIAN_POINT('Ctrl Pts',(-290.182014830668,45.755925555257,-0.795799966073884));
#6162=CARTESIAN_POINT('Ctrl Pts',(-290.182014995646,45.7088105071591,-0.795546975197771));
#6163=CARTESIAN_POINT('',(-284.926885750115,40.4534105262154,-2.77295597985889));
#6164=CARTESIAN_POINT('Ctrl Pts',(-290.182029366994,45.708554143094,-0.795480310445292));
#6165=CARTESIAN_POINT('Ctrl Pts',(-290.133197007154,45.6597217832543,-0.848135794359517));
#6166=CARTESIAN_POINT('Ctrl Pts',(-290.082582472081,45.6091072474695,-0.896935061532472));
#6167=CARTESIAN_POINT('Ctrl Pts',(-289.69013191101,45.2166566863982,-1.24702126916713));
#6168=CARTESIAN_POINT('Ctrl Pts',(-289.222464492898,44.7489892689987,-1.49517419871072));
#6169=CARTESIAN_POINT('Ctrl Pts',(-287.678303540579,43.2048283166795,-2.1637631374556));
#6170=CARTESIAN_POINT('Ctrl Pts',(-286.239184572664,41.7657093487649,-2.51654910737758));
#6171=CARTESIAN_POINT('Ctrl Pts',(-284.926885750115,40.4534105262154,-2.77295597985888));
#6172=CARTESIAN_POINT('',(-289.497055674087,35.8832406022436,-0.650540827877169));
#6173=CARTESIAN_POINT('Ctrl Pts',(-284.926885750115,40.4534105262155,-2.77295597985888));
#6174=CARTESIAN_POINT('Ctrl Pts',(-286.45638905337,38.9239072229605,-2.40816639576328));
#6175=CARTESIAN_POINT('Ctrl Pts',(-287.902095195838,37.478201080491,-1.92978203094757));
#6176=CARTESIAN_POINT('Ctrl Pts',(-289.01536791914,36.364928357189,-1.16317726097194));
#6177=CARTESIAN_POINT('Ctrl Pts',(-289.245131482616,36.1351647937141,-0.975926744422021));
#6178=CARTESIAN_POINT('Ctrl Pts',(-289.44803457364,35.9322617026909,-0.719404886676281));
#6179=CARTESIAN_POINT('Ctrl Pts',(-289.473016829641,35.90727944669,-0.685698723080196));
#6180=CARTESIAN_POINT('Ctrl Pts',(-289.497055674087,35.8832406022435,-0.650540827876975));
#6181=CARTESIAN_POINT('',(-289.497055674088,35.7418192460052,-0.621135701313388));
#6182=CARTESIAN_POINT('Ctrl Pts',(-289.497043279814,35.8819071701164,-0.650568659267309));
#6183=CARTESIAN_POINT('Ctrl Pts',(-289.497044262711,35.8347611060029,-0.64103494539584));
#6184=CARTESIAN_POINT('Ctrl Pts',(-289.497043606433,35.7875844554165,-0.631233417976893));
#6185=CARTESIAN_POINT('Ctrl Pts',(-289.497043440206,35.7405461625416,-0.621162873173601));
#6186=CARTESIAN_POINT('',(-284.856175071996,40.3826998480967,-2.78670270086416));
#6187=CARTESIAN_POINT('Ctrl Pts',(-289.497055674088,35.7418192460052,-0.621135701313387));
#6188=CARTESIAN_POINT('Ctrl Pts',(-289.481660301117,35.7572146189765,-0.644715194531051));
#6189=CARTESIAN_POINT('Ctrl Pts',(-289.465830760732,35.7730441593613,-0.667639474517605));
#6190=CARTESIAN_POINT('Ctrl Pts',(-289.283758813644,35.9551161064488,-0.918862516212003));
#6191=CARTESIAN_POINT('Ctrl Pts',(-289.058506513968,36.1803684061246,-1.11537228440551));
#6192=CARTESIAN_POINT('Ctrl Pts',(-287.920439855497,37.3184350645959,-1.92114375289798));
#6193=CARTESIAN_POINT('Ctrl Pts',(-286.432873426053,38.8060014940398,-2.41325575282199));
#6194=CARTESIAN_POINT('Ctrl Pts',(-284.856175071996,40.3826998480968,-2.78670270086414));
#6195=CARTESIAN_POINT('',(-281.3,36.8265247761006,-3.33863612265919));
#6196=CARTESIAN_POINT('Ctrl Pts',(-284.856175071996,40.3826998480968,-2.78670270086416));
#6197=CARTESIAN_POINT('Ctrl Pts',(-283.69403027615,39.22055505225,-3.01150128553197));
#6198=CARTESIAN_POINT('Ctrl Pts',(-282.468058476846,37.9945832529466,-3.19318001445869));
#6199=CARTESIAN_POINT('Ctrl Pts',(-281.3,36.8265247761005,-3.33863612265919));
#6200=CARTESIAN_POINT('',(-281.3,36.9679461323379,-3.34267450764424));
#6201=CARTESIAN_POINT('Ctrl Pts',(-281.300002480466,36.8272869304566,-3.3386772204933));
#6202=CARTESIAN_POINT('Ctrl Pts',(-281.300001968262,36.8743242740658,-3.34003328569141));
#6203=CARTESIAN_POINT('Ctrl Pts',(-281.300001572863,36.9213597900546,-3.34137666912744));
#6204=CARTESIAN_POINT('Ctrl Pts',(-281.300001126593,36.9683928072134,-3.34270741735381));
#6205=CARTESIAN_POINT('',(-284.785464393878,40.4534105262154,-2.80335737302524));
#6206=CARTESIAN_POINT('Ctrl Pts',(-281.3,36.9679461323379,-3.34267450764425));
#6207=CARTESIAN_POINT('Ctrl Pts',(-282.445620693277,38.1135668256151,-3.19969153857859));
#6208=CARTESIAN_POINT('Ctrl Pts',(-283.645313637888,39.3132597702262,-3.02206370391816));
#6209=CARTESIAN_POINT('Ctrl Pts',(-284.785464393878,40.4534105262154,-2.80335737302524));
#6210=CARTESIAN_POINT('',(-272.356175071996,52.8826998480967,-4.23873163062753));
#6211=CARTESIAN_POINT('Ctrl Pts',(-284.785464393878,40.4534105262155,-2.80335737302524));
#6212=CARTESIAN_POINT('Ctrl Pts',(-281.068446839667,44.1704280804263,-3.67395872400189));
#6213=CARTESIAN_POINT('Ctrl Pts',(-276.12987737198,49.1089975481135,-4.06416142996));
#6214=CARTESIAN_POINT('Ctrl Pts',(-272.356175071996,52.8826998480967,-4.23873163062753));
#6215=CARTESIAN_POINT('',(-259.926885750115,40.4534105262154,-5.09818432377054));
#6216=CARTESIAN_POINT('Ctrl Pts',(-272.356175071996,52.8826998480967,-4.23873163062753));
#6217=CARTESIAN_POINT('Ctrl Pts',(-270.369433506169,50.8959582822694,-4.44123017328241));
#6218=CARTESIAN_POINT('Ctrl Pts',(-268.108187962714,48.6347127388144,-4.6345544592855));
#6219=CARTESIAN_POINT('Ctrl Pts',(-263.915838127156,44.4423629032569,-4.94258429103796));
#6220=CARTESIAN_POINT('Ctrl Pts',(-262.0200114806,42.5465362567002,-5.03327791661508));
#6221=CARTESIAN_POINT('Ctrl Pts',(-259.926885750115,40.4534105262155,-5.09818432377054));
#6222=CARTESIAN_POINT('',(-272.356175071996,28.0241212043342,-4.05247208674562));
#6223=CARTESIAN_POINT('Ctrl Pts',(-259.926885750115,40.4534105262155,-5.09818432377054));
#6224=CARTESIAN_POINT('Ctrl Pts',(-263.739738553022,36.6405577233086,-4.90813130033382));
#6225=CARTESIAN_POINT('Ctrl Pts',(-268.471096463031,31.9091998132991,-4.56621571823196));
#6226=CARTESIAN_POINT('Ctrl Pts',(-272.356175071996,28.0241212043342,-4.05247208674562));
#6227=CARTESIAN_POINT('',(-276.155715819017,31.8236619513545,-3.82985863455234));
#6228=CARTESIAN_POINT('Ctrl Pts',(-272.356175071996,28.0241212043342,-4.05247208674562));
#6229=CARTESIAN_POINT('Ctrl Pts',(-273.580481038419,29.2484271707567,-3.99410316249921));
#6230=CARTESIAN_POINT('Ctrl Pts',(-274.918203828913,30.5861499612513,-3.9167954721609));
#6231=CARTESIAN_POINT('Ctrl Pts',(-276.155715819017,31.8236619513545,-3.82985863455236));
#6232=CARTESIAN_POINT('',(-276.274037654102,31.8005624302026,-3.81612528060057));
#6233=CARTESIAN_POINT('Ctrl Pts',(-276.274038306624,31.8031076407083,-3.81634571756527));
#6234=CARTESIAN_POINT('Ctrl Pts',(-276.234564825627,31.8107946191237,-3.82094647016965));
#6235=CARTESIAN_POINT('Ctrl Pts',(-276.195125898282,31.8185082492365,-3.82552456492944));
#6236=CARTESIAN_POINT('Ctrl Pts',(-276.155716446078,31.8262123575157,-3.83007955320778));
#6237=CARTESIAN_POINT('',(-272.426885750115,27.9534105262155,-4.04309056148738));
#6238=CARTESIAN_POINT('Ctrl Pts',(-276.274037654102,31.8005624302026,-3.81612528060057));
#6239=CARTESIAN_POINT('Ctrl Pts',(-275.021485007775,30.5480097838755,-3.904992382529));
#6240=CARTESIAN_POINT('Ctrl Pts',(-273.666751562421,29.1932763385215,-3.98382193703482));
#6241=CARTESIAN_POINT('Ctrl Pts',(-272.426885750115,27.9534105262155,-4.04309056148737));
#6242=CARTESIAN_POINT('',(-283.314666073042,17.0656302032888,0.284248598025414));
#6243=CARTESIAN_POINT('Ctrl Pts',(-272.426885750115,27.9534105262155,-4.04309056148737));
#6244=CARTESIAN_POINT('Ctrl Pts',(-274.650190056212,25.7301062201188,-3.74713296681273));
#6245=CARTESIAN_POINT('Ctrl Pts',(-277.270217393417,23.1100788829896,-3.30523624825226));
#6246=CARTESIAN_POINT('Ctrl Pts',(-280.081334915325,20.2989613610813,-2.42721556784863));
#6247=CARTESIAN_POINT('Ctrl Pts',(-280.834686153186,19.5456101231538,-2.15319155397191));
#6248=CARTESIAN_POINT('Ctrl Pts',(-281.936142106516,18.4441541698232,-1.58821485215288));
#6249=CARTESIAN_POINT('Ctrl Pts',(-282.380021866008,18.000274410322,-1.31015301347876));
#6250=CARTESIAN_POINT('Ctrl Pts',(-282.865647703818,17.514648572513,-0.833336825599259));
#6251=CARTESIAN_POINT('Ctrl Pts',(-283.011261939736,17.3690343365948,-0.660709223192493));
#6252=CARTESIAN_POINT('Ctrl Pts',(-283.187800216265,17.192496060065,-0.34145492959848));
#6253=CARTESIAN_POINT('Ctrl Pts',(-283.242812563657,17.1374837126733,-0.209237892485667));
#6254=CARTESIAN_POINT('Ctrl Pts',(-283.303901152572,17.0763951237587,0.0488864619798424));
#6255=CARTESIAN_POINT('Ctrl Pts',(-283.316715639704,17.0635806366262,0.165234802859252));
#6256=CARTESIAN_POINT('Ctrl Pts',(-283.314666073042,17.0656302032889,0.284248598025414));
#6257=CARTESIAN_POINT('',(-283.261566203838,16.9773087162552,0.28511515189442));
#6258=CARTESIAN_POINT('Ctrl Pts',(-283.314666073042,17.0656302032889,0.284248598025409));
#6259=CARTESIAN_POINT('Ctrl Pts',(-283.297005222199,17.0361662591177,0.284539920833697));
#6260=CARTESIAN_POINT('Ctrl Pts',(-283.27930528589,17.0067256761098,0.284828789018505));
#6261=CARTESIAN_POINT('Ctrl Pts',(-283.261566203838,16.9773087162552,0.285115151894422));
#6262=CARTESIAN_POINT('',(-272.356175071996,27.8826998480968,-4.04645516654904));
#6263=CARTESIAN_POINT('Ctrl Pts',(-283.261566203838,16.9773087162552,0.285115151894417));
#6264=CARTESIAN_POINT('Ctrl Pts',(-283.262548314062,16.9763266060306,0.226334697697419));
#6265=CARTESIAN_POINT('Ctrl Pts',(-283.25991912761,16.9789557925058,0.167494709461724));
#6266=CARTESIAN_POINT('Ctrl Pts',(-283.237277374485,17.0015975456306,-0.0404186844989267));
#6267=CARTESIAN_POINT('Ctrl Pts',(-283.197929546572,17.0409453735212,-0.179363307605417));
#6268=CARTESIAN_POINT('Ctrl Pts',(-283.056660982353,17.1822139377399,-0.509439648649086));
#6269=CARTESIAN_POINT('Ctrl Pts',(-282.932846411551,17.3060285082506,-0.684275341184546));
#6270=CARTESIAN_POINT('Ctrl Pts',(-282.411520620713,17.8273542990884,-1.27646670459782));
#6271=CARTESIAN_POINT('Ctrl Pts',(-281.796227261014,18.4426476590788,-1.66219384610822));
#6272=CARTESIAN_POINT('Ctrl Pts',(-278.701510298514,21.5373646215795,-3.07574973569364));
#6273=CARTESIAN_POINT('Ctrl Pts',(-274.937763155877,25.3011117642164,-3.70312459419444));
#6274=CARTESIAN_POINT('Ctrl Pts',(-272.356175071996,27.8826998480968,-4.04645516654904));
#6275=CARTESIAN_POINT('',(-259.926885750115,15.4534105262155,-4.08921677500796));
#6276=CARTESIAN_POINT('Ctrl Pts',(-272.356175071996,27.8826998480968,-4.04645516654904));
#6277=CARTESIAN_POINT('Ctrl Pts',(-266.095408622738,21.6219333988388,-4.34297956580027));
#6278=CARTESIAN_POINT('Ctrl Pts',(-261.936926662708,17.4634514388089,-4.1858269438701));
#6279=CARTESIAN_POINT('Ctrl Pts',(-259.926885750115,15.4534105262155,-4.08921677500796));
#6280=CARTESIAN_POINT('',(-270.536452804829,4.84384347150166,0.0971767318602398));
#6281=CARTESIAN_POINT('Ctrl Pts',(-259.926885750115,15.4534105262155,-4.08921677500796));
#6282=CARTESIAN_POINT('Ctrl Pts',(-261.920356164077,13.459940112254,-3.77070685789173));
#6283=CARTESIAN_POINT('Ctrl Pts',(-264.373345847874,11.0069504284565,-3.30364194717711));
#6284=CARTESIAN_POINT('Ctrl Pts',(-267.407189063198,7.97310721313263,-2.35026446378191));
#6285=CARTESIAN_POINT('Ctrl Pts',(-268.493582219303,6.88671405702726,-1.92694098452445));
#6286=CARTESIAN_POINT('Ctrl Pts',(-269.619945581031,5.7603506953,-1.17249020536038));
#6287=CARTESIAN_POINT('Ctrl Pts',(-269.921205242271,5.45909103406015,-0.924104226208628));
#6288=CARTESIAN_POINT('Ctrl Pts',(-270.271784871154,5.10851140517723,-0.487398160587472));
#6289=CARTESIAN_POINT('Ctrl Pts',(-270.382211578691,4.99808469764001,-0.316190080015006));
#6290=CARTESIAN_POINT('Ctrl Pts',(-270.4915360135,4.88876026283056,-0.051578246649585));
#6291=CARTESIAN_POINT('Ctrl Pts',(-270.516483764249,4.86381251208194,0.0215263663519473));
#6292=CARTESIAN_POINT('Ctrl Pts',(-270.536452804829,4.84384347150166,0.0971767318602418));
#6293=CARTESIAN_POINT('',(-270.443689280461,4.7951856396318,0.0944197049716135));
#6294=CARTESIAN_POINT('Ctrl Pts',(-270.536452804829,4.84384347150165,0.0971767318602353));
#6295=CARTESIAN_POINT('Ctrl Pts',(-270.505554700113,4.82758064006428,0.0962590029629358));
#6296=CARTESIAN_POINT('Ctrl Pts',(-270.474633072513,4.81136121615255,0.0953399701753261));
#6297=CARTESIAN_POINT('Ctrl Pts',(-270.443689280458,4.79518563963035,0.0944197049715338));
#6298=CARTESIAN_POINT('',(-259.856175071996,15.3826998480968,-4.08580989158128));
#6299=CARTESIAN_POINT('Ctrl Pts',(-270.443689280461,4.79518563963179,0.0944197049716155));
#6300=CARTESIAN_POINT('Ctrl Pts',(-270.434031270811,4.80484364928212,0.0579469839853048));
#6301=CARTESIAN_POINT('Ctrl Pts',(-270.423187790922,4.81568712895116,0.0219621213042062));
#6302=CARTESIAN_POINT('Ctrl Pts',(-270.336598103787,4.90227681608567,-0.234922778024225));
#6303=CARTESIAN_POINT('Ctrl Pts',(-270.221261752089,5.01761316800416,-0.428492963729683));
#6304=CARTESIAN_POINT('Ctrl Pts',(-269.799441244731,5.43943367536169,-0.9776203484184));
#6305=CARTESIAN_POINT('Ctrl Pts',(-269.331329789811,5.90754513028771,-1.35510599200816));
#6306=CARTESIAN_POINT('Ctrl Pts',(-266.623464263869,8.61541065623,-2.80962921141644));
#6307=CARTESIAN_POINT('Ctrl Pts',(-263.213273952737,12.0256009673559,-3.5485368406126));
#6308=CARTESIAN_POINT('Ctrl Pts',(-259.856175071996,15.3826998480968,-4.08580989158128));
#6309=CARTESIAN_POINT('',(-250.,5.5265247761006,-3.10965395930381));
#6310=CARTESIAN_POINT('Ctrl Pts',(-259.856175071996,15.3826998480968,-4.08580989158128));
#6311=CARTESIAN_POINT('Ctrl Pts',(-259.51418138736,15.0407061634606,-4.06929357138368));
#6312=CARTESIAN_POINT('Ctrl Pts',(-259.146844990814,14.6733697671401,-4.05103473571963));
#6313=CARTESIAN_POINT('Ctrl Pts',(-258.412934177084,13.9394589534099,-4.01364872345084));
#6314=CARTESIAN_POINT('Ctrl Pts',(-257.964341945376,13.4908667214762,-3.98980029018374));
#6315=CARTESIAN_POINT('Ctrl Pts',(-256.677477054256,12.2040018303569,-3.91364543765102));
#6316=CARTESIAN_POINT('Ctrl Pts',(-255.830310520735,11.3568352968357,-3.85429179800568));
#6317=CARTESIAN_POINT('Ctrl Pts',(-254.514873935438,10.0413987115389,-3.73983297651914));
#6318=CARTESIAN_POINT('Ctrl Pts',(-254.043336711593,9.56986148769395,-3.69303069368036));
#6319=CARTESIAN_POINT('Ctrl Pts',(-251.578189257742,7.10471403384292,-3.43256039272396));
#6320=CARTESIAN_POINT('Ctrl Pts',(-250.877511115732,6.40403589183212,-3.30723690276412));
#6321=CARTESIAN_POINT('Ctrl Pts',(-250.,5.52652477610061,-3.10965395930381));
#6322=CARTESIAN_POINT('Ctrl Pts',(-250.,5.52652477610068,-3.10965395930383));
#6323=CARTESIAN_POINT('Ctrl Pts',(-250.,5.42162007871254,-3.08293496266379));
#6324=CARTESIAN_POINT('Ctrl Pts',(-250.,5.19727318638469,-3.02493179345423));
#6325=CARTESIAN_POINT('Ctrl Pts',(-250.,4.85385673824379,-2.93369568871913));
#6326=CARTESIAN_POINT('Ctrl Pts',(-250.,4.38494821642228,-2.80559095488087));
#6327=CARTESIAN_POINT('Ctrl Pts',(-250.,3.77318857199613,-2.63248309018973));
#6328=CARTESIAN_POINT('Ctrl Pts',(-250.,3.13025699885565,-2.43479632496655));
#6329=CARTESIAN_POINT('Ctrl Pts',(-250.,2.49458278573994,-2.20849709535952));
#6330=CARTESIAN_POINT('Ctrl Pts',(-250.,1.89470238944398,-1.94733881246279));
#6331=CARTESIAN_POINT('Ctrl Pts',(-250.,1.35807117628186,-1.65010460110974));
#6332=CARTESIAN_POINT('Ctrl Pts',(-250.,0.93854922118117,-1.35085546233399));
#6333=CARTESIAN_POINT('Ctrl Pts',(-250.,0.667493215600089,-1.10733695773328));
#6334=CARTESIAN_POINT('Ctrl Pts',(-250.,0.502332963928738,-0.930832529095479));
#6335=CARTESIAN_POINT('Ctrl Pts',(-250.,0.412351208643944,-0.822728188329067));
#6336=CARTESIAN_POINT('Ctrl Pts',(-250.,0.380296276330491,-0.782357318057396));
#6337=CARTESIAN_POINT('',(-280.888382126474,19.3504927936193,3.12997871690531));
#6338=CARTESIAN_POINT('',(-281.135364826686,19.2449314544588,2.9969808149892));
#6339=CARTESIAN_POINT('Ctrl Pts',(-280.888382126474,19.3504927936194,3.12997871690533));
#6340=CARTESIAN_POINT('Ctrl Pts',(-280.97027956698,19.3141339227172,3.08632157035837));
#6341=CARTESIAN_POINT('Ctrl Pts',(-281.052710451947,19.2789462706585,3.04197265129402));
#6342=CARTESIAN_POINT('Ctrl Pts',(-281.135364833492,19.244931465288,2.99698081930461));
#6343=CARTESIAN_POINT('',(-283.132130144827,17.1067447752663,0.883870356034539));
#6344=CARTESIAN_POINT('Ctrl Pts',(-280.888382126474,19.3504927936194,3.12997871690533));
#6345=CARTESIAN_POINT('Ctrl Pts',(-281.25368054806,18.9851943720328,2.88872370747759));
#6346=CARTESIAN_POINT('Ctrl Pts',(-281.624274762265,18.6146001578244,2.62065406760895));
#6347=CARTESIAN_POINT('Ctrl Pts',(-282.30467613416,17.9341987859291,2.04056145844476));
#6348=CARTESIAN_POINT('Ctrl Pts',(-282.638996327146,17.5998785929467,1.70511184129065));
#6349=CARTESIAN_POINT('Ctrl Pts',(-282.975678379667,17.2631965404256,1.20562247267577));
#6350=CARTESIAN_POINT('Ctrl Pts',(-283.064168622452,17.1747062976408,1.05087928839214));
#6351=CARTESIAN_POINT('Ctrl Pts',(-283.132130144827,17.1067447752663,0.883870356034514));
#6352=CARTESIAN_POINT('',(-283.184859392244,17.1954368840863,0.88298154374726));
#6353=CARTESIAN_POINT('Ctrl Pts',(-283.132130144827,17.1067447752663,0.883870356034546));
#6354=CARTESIAN_POINT('Ctrl Pts',(-283.149744261061,17.1362863621808,0.883576501881209));
#6355=CARTESIAN_POINT('Ctrl Pts',(-283.16732068198,17.1658505150778,0.883280213613802));
#6356=CARTESIAN_POINT('Ctrl Pts',(-283.184859392244,17.1954368840864,0.882981543747274));
#6357=CARTESIAN_POINT('Ctrl Pts',(-283.184859392244,17.1954368840863,0.882981543747246));
#6358=CARTESIAN_POINT('Ctrl Pts',(-283.165752678593,17.214543597737,0.929850550253828));
#6359=CARTESIAN_POINT('Ctrl Pts',(-283.145137630664,17.2351586456665,0.975489824622036));
#6360=CARTESIAN_POINT('Ctrl Pts',(-282.996673418913,17.3836228574173,1.27854374141743));
#6361=CARTESIAN_POINT('Ctrl Pts',(-282.82171581045,17.5585804668577,1.51384708760024));
#6362=CARTESIAN_POINT('Ctrl Pts',(-282.243050451568,18.1372458257401,2.17758827346268));
#6363=CARTESIAN_POINT('Ctrl Pts',(-281.69541058933,18.6848856870002,2.61386720058524));
#6364=CARTESIAN_POINT('Ctrl Pts',(-281.135364825744,19.244931450586,2.99698081927362));
#6365=CARTESIAN_POINT('Origin',(-259.856175071996,-9.47587879566578,0.));
#6366=CARTESIAN_POINT('',(-250.,0.380296276330503,0.34300578190169));
#6367=CARTESIAN_POINT('Ctrl Pts',(-250.,0.380296276330491,0.343005781901688));
#6368=CARTESIAN_POINT('Ctrl Pts',(-250.109186371019,0.271109905311668,0.331461639695797));
#6369=CARTESIAN_POINT('Ctrl Pts',(-250.21836950673,0.161926769600338,0.319684015110489));
#6370=CARTESIAN_POINT('Ctrl Pts',(-250.327534152486,0.0527621238442435,
0.307668572753895));
#6371=CARTESIAN_POINT('',(-250.,0.380296276330503,-0.699847913298862));
#6372=CARTESIAN_POINT('Ctrl Pts',(-250.,-0.033162725479676,0.29816142211691));
#6373=CARTESIAN_POINT('Ctrl Pts',(-300.,-0.033162725479676,0.29816142211691));
#6374=CARTESIAN_POINT('Ctrl Pts',(-250.,4.30988864098154,0.781213250846202));
#6375=CARTESIAN_POINT('Ctrl Pts',(-300.,4.30988864098154,0.781213250846202));
#6376=CARTESIAN_POINT('Ctrl Pts',(-250.,9.41875266228446,0.932984401748832));
#6377=CARTESIAN_POINT('Ctrl Pts',(-300.,9.41875266228446,0.932984401748832));
#6378=CARTESIAN_POINT('Ctrl Pts',(-250.,15.2315881100653,0.898978580071365));
#6379=CARTESIAN_POINT('Ctrl Pts',(-300.,15.2315881100653,0.898978580071365));
#6380=CARTESIAN_POINT('Ctrl Pts',(-250.,20.8756224712796,0.865960266074153));
#6381=CARTESIAN_POINT('Ctrl Pts',(-300.,20.8756224712796,0.865960266074153));
#6382=CARTESIAN_POINT('Ctrl Pts',(-250.,27.1503121993085,0.734371549336726));
#6383=CARTESIAN_POINT('Ctrl Pts',(-300.,27.1503121993085,0.734371549336726));
#6384=CARTESIAN_POINT('Ctrl Pts',(-250.,33.9052772251262,0.75047443956282));
#6385=CARTESIAN_POINT('Ctrl Pts',(-300.,33.9052772251262,0.75047443956282));
#6386=CARTESIAN_POINT('Ctrl Pts',(-250.,40.6451426083654,0.766541334356522));
#6387=CARTESIAN_POINT('Ctrl Pts',(-300.,40.6451426083654,0.766541334356522));
#6388=CARTESIAN_POINT('Ctrl Pts',(-250.,47.9145471078365,0.884064876426219));
#6389=CARTESIAN_POINT('Ctrl Pts',(-300.,47.9145471078365,0.884064876426219));
#6390=CARTESIAN_POINT('Ctrl Pts',(-250.,55.4793750154559,0.939092174678324));
#6391=CARTESIAN_POINT('Ctrl Pts',(-300.,55.4793750154559,0.939092174678324));
#6392=CARTESIAN_POINT('Ctrl Pts',(-250.,63.773834779814,0.999426886434782));
#6393=CARTESIAN_POINT('Ctrl Pts',(-300.,63.773834779814,0.999426886434782));
#6394=CARTESIAN_POINT('Ctrl Pts',(-250.,72.3508404979549,0.971679494207317));
#6395=CARTESIAN_POINT('Ctrl Pts',(-300.,72.3508404979549,0.971679494207317));
#6396=CARTESIAN_POINT('Ctrl Pts',(-250.,80.4860979385479,0.91702347557075));
#6397=CARTESIAN_POINT('Ctrl Pts',(-300.,80.4860979385479,0.91702347557075));
#6398=CARTESIAN_POINT('Ctrl Pts',(-250.,88.6217687964782,0.862364679425806));
#6399=CARTESIAN_POINT('Ctrl Pts',(-300.,88.6217687964782,0.862364679425806));
#6400=CARTESIAN_POINT('Ctrl Pts',(-250.,96.3503465271109,0.827727561715754));
#6401=CARTESIAN_POINT('Ctrl Pts',(-300.,96.3503465271109,0.827727561715754));
#6402=CARTESIAN_POINT('Ctrl Pts',(-250.,103.496292241763,0.868271916054637));
#6403=CARTESIAN_POINT('Ctrl Pts',(-300.,103.496292241763,0.868271916054637));
#6404=CARTESIAN_POINT('Ctrl Pts',(-250.,110.726879813277,0.909296507660019));
#6405=CARTESIAN_POINT('Ctrl Pts',(-300.,110.726879813277,0.909296507660019));
#6406=CARTESIAN_POINT('Ctrl Pts',(-250.,117.330149044864,0.981046694424783));
#6407=CARTESIAN_POINT('Ctrl Pts',(-300.,117.330149044864,0.981046694424783));
#6408=CARTESIAN_POINT('Ctrl Pts',(-250.,122.897399402113,0.768456548905196));
#6409=CARTESIAN_POINT('Ctrl Pts',(-300.,122.897399402113,0.768456548905196));
#6410=CARTESIAN_POINT('Ctrl Pts',(-250.,125.492704060643,0.669352653872692));
#6411=CARTESIAN_POINT('Ctrl Pts',(-300.,125.492704060643,0.669352653872692));
#6412=CARTESIAN_POINT('Ctrl Pts',(-250.,127.870744765032,0.51367378637705));
#6413=CARTESIAN_POINT('Ctrl Pts',(-300.,127.870744765032,0.51367378637705));
#6414=CARTESIAN_POINT('Ctrl Pts',(-250.,130.029748715055,0.298521379389427));
#6415=CARTESIAN_POINT('Ctrl Pts',(-300.,130.029748715055,0.298521379389427));
#6416=CARTESIAN_POINT('Ctrl Pts',(-250.,0.0673538758798263,0.309267199152654));
#6417=CARTESIAN_POINT('Ctrl Pts',(-250.,0.171248199370046,0.320669872267759));
#6418=CARTESIAN_POINT('Ctrl Pts',(-250.,0.275578124941412,0.331884630268202));
#6419=CARTESIAN_POINT('Ctrl Pts',(-250.,0.380342812873662,0.342913448897553));
#6420=CARTESIAN_POINT('Origin',(-250.,63.4781310553753,-1.39969582659772));
#6421=CARTESIAN_POINT('',(-250.000000000309,5.52652477702623,0.133534324033178));
#6422=CARTESIAN_POINT('',(-250.,5.52652477610059,-0.699847913298862));
#6423=CARTESIAN_POINT('',(-250.000000000303,5.66794613324602,0.14053546519876));
#6424=CARTESIAN_POINT('Ctrl Pts',(-250.,5.529674011932,0.126833600768456));
#6425=CARTESIAN_POINT('Ctrl Pts',(-250.,5.57676797542256,0.129148436645333));
#6426=CARTESIAN_POINT('Ctrl Pts',(-250.,5.62393107158451,0.13143837840384));
#6427=CARTESIAN_POINT('Ctrl Pts',(-250.,5.67116325308705,0.13370354995677));
#6428=CARTESIAN_POINT('',(-250.,5.66794613233791,-3.14537159984005));
#6429=CARTESIAN_POINT('',(-250.,5.66794613233789,-0.699847913298862));
#6430=CARTESIAN_POINT('',(-250.,25.238874920093,-5.13936007880779));
#6431=CARTESIAN_POINT('Ctrl Pts',(-250.,25.238874920093,-5.13936007880779));
#6432=CARTESIAN_POINT('Ctrl Pts',(-250.,25.2030654586428,-5.13791283772095));
#6433=CARTESIAN_POINT('Ctrl Pts',(-250.,24.998516944823,-5.12963250528463));
#6434=CARTESIAN_POINT('Ctrl Pts',(-250.,24.6238359536381,-5.11432723078513));
#6435=CARTESIAN_POINT('Ctrl Pts',(-250.,24.076482306749,-5.09163787416561));
#6436=CARTESIAN_POINT('Ctrl Pts',(-250.,23.3553945855176,-5.0610800696914));
#6437=CARTESIAN_POINT('Ctrl Pts',(-250.,22.5043518642425,-5.02343706089392));
#6438=CARTESIAN_POINT('Ctrl Pts',(-250.,21.6686932969084,-4.98399249308371));
#6439=CARTESIAN_POINT('Ctrl Pts',(-250.,20.8569446692448,-4.94212825899269));
#6440=CARTESIAN_POINT('Ctrl Pts',(-250.,20.0730882172598,-4.89711661535463));
#6441=CARTESIAN_POINT('Ctrl Pts',(-250.,19.3131623353332,-4.84818330460361));
#6442=CARTESIAN_POINT('Ctrl Pts',(-250.,18.5648196549222,-4.79460154818427));
#6443=CARTESIAN_POINT('Ctrl Pts',(-250.,17.8129398290381,-4.73583104313079));
#6444=CARTESIAN_POINT('Ctrl Pts',(-250.,17.044284160226,-4.67166237607007));
#6445=CARTESIAN_POINT('Ctrl Pts',(-250.,16.2518739008494,-4.60232847047426));
#6446=CARTESIAN_POINT('Ctrl Pts',(-250.,15.4411027938489,-4.52870580882554));
#6447=CARTESIAN_POINT('Ctrl Pts',(-250.,14.6283824118657,-4.45216299070979));
#6448=CARTESIAN_POINT('Ctrl Pts',(-250.,13.8337345695458,-4.37413034454995));
#6449=CARTESIAN_POINT('Ctrl Pts',(-250.,13.0747271133147,-4.295727392112));
#6450=CARTESIAN_POINT('Ctrl Pts',(-250.,12.3607020274554,-4.21741377897682));
#6451=CARTESIAN_POINT('Ctrl Pts',(-250.,11.684766421589,-4.13851200426589));
#6452=CARTESIAN_POINT('Ctrl Pts',(-250.,11.0268149800082,-4.05734435664727));
#6453=CARTESIAN_POINT('Ctrl Pts',(-250.,10.3639492753858,-3.97176665523074));
#6454=CARTESIAN_POINT('Ctrl Pts',(-250.,9.67785917615953,-3.87955934600254));
#6455=CARTESIAN_POINT('Ctrl Pts',(-250.,8.96526704395129,-3.77892790657125));
#6456=CARTESIAN_POINT('Ctrl Pts',(-250.,8.24113485335753,-3.66878971812789));
#6457=CARTESIAN_POINT('Ctrl Pts',(-250.,7.52762670880682,-3.54864670627642));
#6458=CARTESIAN_POINT('Ctrl Pts',(-250.,6.86041269288675,-3.4213594927471));
#6459=CARTESIAN_POINT('Ctrl Pts',(-250.,6.36177315715196,-3.31294314901466));
#6460=CARTESIAN_POINT('Ctrl Pts',(-250.,6.00524434797382,-3.22882788784035));
#6461=CARTESIAN_POINT('Ctrl Pts',(-250.,5.77564591359811,-3.17233497625047));
#6462=CARTESIAN_POINT('Ctrl Pts',(-250.,5.66794613233791,-3.14537159984005));
#6463=CARTESIAN_POINT('',(-250.,25.238874920093,-0.988954503116502));
#6464=CARTESIAN_POINT('',(-250.,25.238874920093,-0.699847913298862));
#6465=CARTESIAN_POINT('',(-250.,25.3802962763305,-0.72007453805156));
#6466=CARTESIAN_POINT('Origin',(-250.,22.1211806278405,0.82247377802435));
#6467=CARTESIAN_POINT('',(-250.,25.3802962763305,-5.14506061242016));
#6468=CARTESIAN_POINT('',(-250.,25.3802962763304,-0.699847913298862));
#6469=CARTESIAN_POINT('',(-250.,30.5265247761005,-5.3046824008906));
#6470=CARTESIAN_POINT('Ctrl Pts',(-250.,30.5265247761014,-5.30468240089062));
#6471=CARTESIAN_POINT('Ctrl Pts',(-250.,30.4183325616485,-5.30276897487943));
#6472=CARTESIAN_POINT('Ctrl Pts',(-250.,30.1458496021695,-5.29775121620492));
#6473=CARTESIAN_POINT('Ctrl Pts',(-250.,29.7107291842913,-5.2889147433222));
#6474=CARTESIAN_POINT('Ctrl Pts',(-250.,29.1152082987976,-5.27491827531884));
#6475=CARTESIAN_POINT('Ctrl Pts',(-250.,28.3600445313778,-5.2537930262983));
#6476=CARTESIAN_POINT('Ctrl Pts',(-250.,27.5482047790591,-5.22747648110102));
#6477=CARTESIAN_POINT('Ctrl Pts',(-250.,26.7925501193644,-5.20028815781346));
#6478=CARTESIAN_POINT('Ctrl Pts',(-250.,26.1938350129783,-5.17737063989123));
#6479=CARTESIAN_POINT('Ctrl Pts',(-250.,25.7564670780206,-5.16012752722401));
#6480=CARTESIAN_POINT('Ctrl Pts',(-250.,25.4845444997353,-5.14925145969345));
#6481=CARTESIAN_POINT('Ctrl Pts',(-250.,25.3802962763305,-5.14506061242016));
#6482=CARTESIAN_POINT('',(-250.,30.5265247761005,-2.78287688906348));
#6483=CARTESIAN_POINT('',(-250.,30.5265247761005,-0.699847913298862));
#6484=CARTESIAN_POINT('',(-250.,30.6679461323379,-2.93036530152949));
#6485=CARTESIAN_POINT('Origin',(-250.,34.7593709969492,1.13430160469827));
#6486=CARTESIAN_POINT('',(-250.,30.6679461323379,-5.30713007797078));
#6487=CARTESIAN_POINT('',(-250.,30.6679461323379,-0.699847913298862));
#6488=CARTESIAN_POINT('',(-250.,50.238874920093,-5.30777217659922));
#6489=CARTESIAN_POINT('Ctrl Pts',(-250.,50.238874920093,-5.30777217659923));
#6490=CARTESIAN_POINT('Ctrl Pts',(-250.,50.1950271265173,-5.30952418351742));
#6491=CARTESIAN_POINT('Ctrl Pts',(-250.,50.0071252166706,-5.31700073515424));
#6492=CARTESIAN_POINT('Ctrl Pts',(-250.,49.678465419611,-5.32982540467915));
#6493=CARTESIAN_POINT('Ctrl Pts',(-250.,49.2133866212599,-5.3471673987798));
#6494=CARTESIAN_POINT('Ctrl Pts',(-250.,48.6082510677638,-5.36757306133371));
#6495=CARTESIAN_POINT('Ctrl Pts',(-250.,47.8836674091871,-5.38781904900553));
#6496=CARTESIAN_POINT('Ctrl Pts',(-250.,47.117861324363,-5.40427063850207));
#6497=CARTESIAN_POINT('Ctrl Pts',(-250.,46.299397595186,-5.41668452492129));
#6498=CARTESIAN_POINT('Ctrl Pts',(-250.,45.4310781328864,-5.42493919552229));
#6499=CARTESIAN_POINT('Ctrl Pts',(-250.,44.5260459654769,-5.4290522141854));
#6500=CARTESIAN_POINT('Ctrl Pts',(-250.,43.6031267396487,-5.4291946861865));
#6501=CARTESIAN_POINT('Ctrl Pts',(-250.,42.6822845311939,-5.42570975299193));
#6502=CARTESIAN_POINT('Ctrl Pts',(-250.,41.7804038490494,-5.4191227022896));
#6503=CARTESIAN_POINT('Ctrl Pts',(-250.,40.9060216823333,-5.41017109226225));
#6504=CARTESIAN_POINT('Ctrl Pts',(-250.,40.0577260274849,-5.39976852909331));
#6505=CARTESIAN_POINT('Ctrl Pts',(-250.,39.2281777121322,-5.38886836337366));
#6506=CARTESIAN_POINT('Ctrl Pts',(-250.,38.4068328459613,-5.37834948796722));
#6507=CARTESIAN_POINT('Ctrl Pts',(-250.,37.5831114445699,-5.36889666536585));
#6508=CARTESIAN_POINT('Ctrl Pts',(-250.,36.7495567418619,-5.36087500618703));
#6509=CARTESIAN_POINT('Ctrl Pts',(-250.,35.9044655374682,-5.35423077518609));
#6510=CARTESIAN_POINT('Ctrl Pts',(-250.,35.0500359422571,-5.34859087814713));
#6511=CARTESIAN_POINT('Ctrl Pts',(-250.,34.1910036249576,-5.34334150009717));
#6512=CARTESIAN_POINT('Ctrl Pts',(-250.,33.3330639818938,-5.33771492555939));
#6513=CARTESIAN_POINT('Ctrl Pts',(-250.,32.4814463322711,-5.33087231037119));
#6514=CARTESIAN_POINT('Ctrl Pts',(-250.,31.7787487066476,-5.32346078191439));
#6515=CARTESIAN_POINT('Ctrl Pts',(-250.,31.2497486194751,-5.31642645684007));
#6516=CARTESIAN_POINT('Ctrl Pts',(-250.,30.8898656527227,-5.31085179889917));
#6517=CARTESIAN_POINT('Ctrl Pts',(-250.,30.6963199586597,-5.30761053284432));
#6518=CARTESIAN_POINT('Ctrl Pts',(-250.,30.6679461323432,-5.30713007797087));
#6519=CARTESIAN_POINT('',(-250.,50.2388749200931,-3.09059122196575));
#6520=CARTESIAN_POINT('',(-250.,50.2388749200931,-0.699847913298862));
#6521=CARTESIAN_POINT('',(-250.,50.3802962763305,-3.04201511908377));
#6522=CARTESIAN_POINT('Origin',(-250.,48.8211750097902,1.2669601331213));
#6523=CARTESIAN_POINT('',(-250.,50.3802962763304,-5.30209240268062));
#6524=CARTESIAN_POINT('',(-250.,50.3802962763305,-0.699847913298862));
#6525=CARTESIAN_POINT('',(-250.,55.5265247761004,-5.07616362389627));
#6526=CARTESIAN_POINT('Ctrl Pts',(-250.,55.5265247761121,-5.0761636238957));
#6527=CARTESIAN_POINT('Ctrl Pts',(-250.,55.3790406104545,-5.0834024428863));
#6528=CARTESIAN_POINT('Ctrl Pts',(-250.,55.0643272701863,-5.09862778992965));
#6529=CARTESIAN_POINT('Ctrl Pts',(-250.,54.5801246584849,-5.12139499679671));
#6530=CARTESIAN_POINT('Ctrl Pts',(-250.,53.9255757614349,-5.15109620544539));
#6531=CARTESIAN_POINT('Ctrl Pts',(-250.,53.1080957981631,-5.18702141434439));
#6532=CARTESIAN_POINT('Ctrl Pts',(-250.,52.2893777732793,-5.22228651759175));
#6533=CARTESIAN_POINT('Ctrl Pts',(-250.,51.5772180383314,-5.25256126467259));
#6534=CARTESIAN_POINT('Ctrl Pts',(-250.,51.0437230317813,-5.27493917563461));
#6535=CARTESIAN_POINT('Ctrl Pts',(-250.,50.6727679909959,-5.29023579092052));
#6536=CARTESIAN_POINT('Ctrl Pts',(-250.,50.4532803155447,-5.29914687519587));
#6537=CARTESIAN_POINT('Ctrl Pts',(-250.,50.3802962763304,-5.30209240268062));
#6538=CARTESIAN_POINT('',(-249.99999999963,55.5265247749902,0.339418689019057));
#6539=CARTESIAN_POINT('',(-250.,55.5265247761004,-0.699847913298862));
#6540=CARTESIAN_POINT('',(-249.999999998567,55.6679461280387,0.340437135062603));
#6541=CARTESIAN_POINT('Ctrl Pts',(-250.,55.5265247749902,0.339418689021739));
#6542=CARTESIAN_POINT('Ctrl Pts',(-250.,55.5461715218525,0.339561064787222));
#6543=CARTESIAN_POINT('Ctrl Pts',(-250.,55.5658202332869,0.33970308481243));
#6544=CARTESIAN_POINT('Ctrl Pts',(-250.,55.5854709052008,0.339844747816719));
#6545=CARTESIAN_POINT('Ctrl Pts',(-250.,55.6129594482875,0.340042914556984));
#6546=CARTESIAN_POINT('Ctrl Pts',(-250.,55.6404515334744,0.340240380534473));
#6547=CARTESIAN_POINT('Ctrl Pts',(-250.,55.6679461280386,0.340437135072858));
#6548=CARTESIAN_POINT('',(-250.,55.6679461323378,-5.06918337462773));
#6549=CARTESIAN_POINT('',(-250.,55.6679461323378,-0.699847913298862));
#6550=CARTESIAN_POINT('',(-250.,75.2388749200931,-3.45467972086229));
#6551=CARTESIAN_POINT('Ctrl Pts',(-250.,75.2388749200937,-3.45467972086222));
#6552=CARTESIAN_POINT('Ctrl Pts',(-250.,75.105120963596,-3.46853932785895));
#6553=CARTESIAN_POINT('Ctrl Pts',(-250.,74.7823048017302,-3.50198374053649));
#6554=CARTESIAN_POINT('Ctrl Pts',(-250.,74.2713800097055,-3.55488606544584));
#6555=CARTESIAN_POINT('Ctrl Pts',(-250.,73.5738373864521,-3.62698400472412));
#6556=CARTESIAN_POINT('Ctrl Pts',(-250.,72.6911157836531,-3.7177192550464));
#6557=CARTESIAN_POINT('Ctrl Pts',(-250.,71.7555975599922,-3.81279880591873));
#6558=CARTESIAN_POINT('Ctrl Pts',(-250.,70.8211075706406,-3.90604298621878));
#6559=CARTESIAN_POINT('Ctrl Pts',(-250.,69.8866535449528,-3.99684337971003));
#6560=CARTESIAN_POINT('Ctrl Pts',(-250.,68.9518807720421,-4.08459375350728));
#6561=CARTESIAN_POINT('Ctrl Pts',(-250.,68.0174166091991,-4.16876657571802));
#6562=CARTESIAN_POINT('Ctrl Pts',(-250.,67.0852693259853,-4.24899994622014));
#6563=CARTESIAN_POINT('Ctrl Pts',(-250.,66.1591189532514,-4.32517014467166));
#6564=CARTESIAN_POINT('Ctrl Pts',(-250.,65.2448751471203,-4.39749622318893));
#6565=CARTESIAN_POINT('Ctrl Pts',(-250.,64.349580398383,-4.46644942350119));
#6566=CARTESIAN_POINT('Ctrl Pts',(-250.,63.4798946501054,-4.53261195228671));
#6567=CARTESIAN_POINT('Ctrl Pts',(-250.,62.6406568975114,-4.59654797632347));
#6568=CARTESIAN_POINT('Ctrl Pts',(-250.,61.8335576833023,-4.65868042893459));
#6569=CARTESIAN_POINT('Ctrl Pts',(-250.,61.055418373265,-4.71913905415665));
#6570=CARTESIAN_POINT('Ctrl Pts',(-250.,60.2977588789512,-4.77770592987572));
#6571=CARTESIAN_POINT('Ctrl Pts',(-250.,59.5493842155108,-4.83398952260043));
#6572=CARTESIAN_POINT('Ctrl Pts',(-250.,58.7984467711429,-4.88756029682034));
#6573=CARTESIAN_POINT('Ctrl Pts',(-250.,58.0345617887986,-4.93808714668891));
#6574=CARTESIAN_POINT('Ctrl Pts',(-250.,57.2603257406759,-4.98496105971677));
#6575=CARTESIAN_POINT('Ctrl Pts',(-250.,56.6263228364728,-5.02011054687558));
#6576=CARTESIAN_POINT('Ctrl Pts',(-250.,56.1448840066247,-5.04525450215698));
#6577=CARTESIAN_POINT('Ctrl Pts',(-250.,55.8241433548421,-5.06142994380245));
#6578=CARTESIAN_POINT('Ctrl Pts',(-250.,55.6679461323378,-5.06918337462774));
#6579=CARTESIAN_POINT('',(-250.,75.2388749200931,-1.07696456812966));
#6580=CARTESIAN_POINT('',(-250.,75.2388749200931,-0.699847913298862));
#6581=CARTESIAN_POINT('',(-250.,75.3802962763305,-1.13683323395385));
#6582=CARTESIAN_POINT('Origin',(-250.,76.3457733569174,1.34077679266868));
#6583=CARTESIAN_POINT('',(-250.,75.3802962763304,-3.44002461306921));
#6584=CARTESIAN_POINT('',(-250.,75.3802962763305,-0.699847913298862));
#6585=CARTESIAN_POINT('',(-250.,80.5265247761003,-2.90190900625751));
#6586=CARTESIAN_POINT('Ctrl Pts',(-250.,80.5265247760981,-2.90190900625774));
#6587=CARTESIAN_POINT('Ctrl Pts',(-250.,80.4810639679148,-2.90679214987387));
#6588=CARTESIAN_POINT('Ctrl Pts',(-250.,80.244485834252,-2.93217539422404));
#6589=CARTESIAN_POINT('Ctrl Pts',(-250.,79.8161004051196,-2.97787406375861));
#6590=CARTESIAN_POINT('Ctrl Pts',(-250.,79.1948742308916,-3.04352715657688));
#6591=CARTESIAN_POINT('Ctrl Pts',(-250.,78.3807188585986,-3.12870423845251));
#6592=CARTESIAN_POINT('Ctrl Pts',(-250.,77.4217018048934,-3.22837934932768));
#6593=CARTESIAN_POINT('Ctrl Pts',(-250.,76.6298909035114,-3.31048924526984));
#6594=CARTESIAN_POINT('Ctrl Pts',(-250.,76.0314799669117,-3.3725294237418));
#6595=CARTESIAN_POINT('Ctrl Pts',(-250.,75.6245032933699,-3.41471587216446));
#6596=CARTESIAN_POINT('Ctrl Pts',(-250.,75.4076358519979,-3.43719130834855));
#6597=CARTESIAN_POINT('Ctrl Pts',(-250.,75.3802962763349,-3.44002461306874));
#6598=CARTESIAN_POINT('',(-250.00000000719,80.52652479767,0.316738239008));
#6599=CARTESIAN_POINT('',(-250.,80.5265247761003,-0.699847913298862));
#6600=CARTESIAN_POINT('',(-250.000000000687,80.6679461343992,0.315786663335649));
#6601=CARTESIAN_POINT('Ctrl Pts',(-250.,80.5265146185268,0.316734028715581));
#6602=CARTESIAN_POINT('Ctrl Pts',(-250.,80.5736728552601,0.316418969239363));
#6603=CARTESIAN_POINT('Ctrl Pts',(-250.,80.6208164151797,0.316103042828467));
#6604=CARTESIAN_POINT('Ctrl Pts',(-250.,80.6679451589427,0.315786261749525));
#6605=CARTESIAN_POINT('',(-250.,80.6679461323377,-2.88669674316507));
#6606=CARTESIAN_POINT('',(-250.,80.6679461323377,-0.699847913298862));
#6607=CARTESIAN_POINT('',(-250.,100.238874920093,-0.927213614009141));
#6608=CARTESIAN_POINT('Ctrl Pts',(-250.,100.238874920093,-0.927213614009141));
#6609=CARTESIAN_POINT('Ctrl Pts',(-250.,100.226942967995,-0.92828110363862));
#6610=CARTESIAN_POINT('Ctrl Pts',(-250.,100.046994540104,-0.944401252831324));
#6611=CARTESIAN_POINT('Ctrl Pts',(-250.,99.6982116526753,-0.976259660212519));
#6612=CARTESIAN_POINT('Ctrl Pts',(-250.,99.1784777502556,-1.02542145010252));
#6613=CARTESIAN_POINT('Ctrl Pts',(-250.,98.4827836762551,-1.09394573915026));
#6614=CARTESIAN_POINT('Ctrl Pts',(-250.,97.6113112397963,-1.18190414095594));
#6615=CARTESIAN_POINT('Ctrl Pts',(-250.,96.7159365563477,-1.27183340232798));
#6616=CARTESIAN_POINT('Ctrl Pts',(-250.,95.7911016761113,-1.36202735008134));
#6617=CARTESIAN_POINT('Ctrl Pts',(-250.,94.8341720328973,-1.45122375325265));
#6618=CARTESIAN_POINT('Ctrl Pts',(-250.,93.8476911105971,-1.53904320394734));
#6619=CARTESIAN_POINT('Ctrl Pts',(-250.,92.8390144843267,-1.62596091788565));
#6620=CARTESIAN_POINT('Ctrl Pts',(-250.,91.8181928541736,-1.71296690514414));
#6621=CARTESIAN_POINT('Ctrl Pts',(-250.,90.7964047623191,-1.80132314277263));
#6622=CARTESIAN_POINT('Ctrl Pts',(-250.,89.7841023189625,-1.8922718604831));
#6623=CARTESIAN_POINT('Ctrl Pts',(-250.,88.7894200415702,-1.98678549958597));
#6624=CARTESIAN_POINT('Ctrl Pts',(-250.,87.8161296968025,-2.08524842697206));
#6625=CARTESIAN_POINT('Ctrl Pts',(-250.,86.8629483135403,-2.18733901208136));
#6626=CARTESIAN_POINT('Ctrl Pts',(-250.,85.9253532881963,-2.29228140350831));
#6627=CARTESIAN_POINT('Ctrl Pts',(-250.,84.9968257200027,-2.39901342306947));
#6628=CARTESIAN_POINT('Ctrl Pts',(-250.,84.0703709988877,-2.50639436859992));
#6629=CARTESIAN_POINT('Ctrl Pts',(-250.,83.1398083026057,-2.61338100477577));
#6630=CARTESIAN_POINT('Ctrl Pts',(-250.,82.2738930685214,-2.71107822652366));
#6631=CARTESIAN_POINT('Ctrl Pts',(-250.,81.5900667968832,-2.78666028172539));
#6632=CARTESIAN_POINT('Ctrl Pts',(-250.,81.0929040907918,-2.84081997833267));
#6633=CARTESIAN_POINT('Ctrl Pts',(-250.,80.7851282134756,-2.8740737283884));
#6634=CARTESIAN_POINT('Ctrl Pts',(-250.,80.6679461323377,-2.88669674316507));
#6635=CARTESIAN_POINT('',(-250.,100.238874920093,0.252941513837076));
#6636=CARTESIAN_POINT('',(-250.,100.238874920093,-0.699847913298862));
#6637=CARTESIAN_POINT('',(-250.,100.38029627633,0.25345419976529));
#6638=CARTESIAN_POINT('Ctrl Pts',(-250.,100.238874917292,0.252941513827077));
#6639=CARTESIAN_POINT('Ctrl Pts',(-250.,100.286021798323,0.253109856329654));
#6640=CARTESIAN_POINT('Ctrl Pts',(-250.,100.333192880542,0.253280873896539));
#6641=CARTESIAN_POINT('Ctrl Pts',(-250.,100.38029627382,0.253454199756051));
#6642=CARTESIAN_POINT('',(-250.,100.38029627633,-0.699847913298862));
#6643=CARTESIAN_POINT('',(-250.,105.5265247761,0.280553526706305));
#6644=CARTESIAN_POINT('',(-250.,105.5265247761,-0.699847913298862));
#6645=CARTESIAN_POINT('',(-250.,105.667946132338,0.281450114679442));
#6646=CARTESIAN_POINT('Ctrl Pts',(-250.,105.52616813426,0.280433143488864));
#6647=CARTESIAN_POINT('Ctrl Pts',(-250.,105.573320157392,0.280725009877525));
#6648=CARTESIAN_POINT('Ctrl Pts',(-250.,105.620442450121,0.281016910175312));
#6649=CARTESIAN_POINT('Ctrl Pts',(-250.,105.667534891996,0.281308752903404));
#6650=CARTESIAN_POINT('',(-250.,105.667946132338,-0.537419291529509));
#6651=CARTESIAN_POINT('',(-250.,105.667946132338,-0.699847913298862));
#6652=CARTESIAN_POINT('',(-250.,125.238874920093,-0.0712448095832573));
#6653=CARTESIAN_POINT('Ctrl Pts',(-250.,125.238874920093,-0.0712448095832572));
#6654=CARTESIAN_POINT('Ctrl Pts',(-250.,125.143451808464,-0.0729509070748699));
#6655=CARTESIAN_POINT('Ctrl Pts',(-250.,124.877895454279,-0.0776770420509311));
#6656=CARTESIAN_POINT('Ctrl Pts',(-250.,124.439247628601,-0.0853602754819621));
#6657=CARTESIAN_POINT('Ctrl Pts',(-250.,123.824539183018,-0.0957005547442072));
#6658=CARTESIAN_POINT('Ctrl Pts',(-250.,123.035921967274,-0.107891407876406));
#6659=CARTESIAN_POINT('Ctrl Pts',(-250.,122.180322869939,-0.119689365131817));
#6660=CARTESIAN_POINT('Ctrl Pts',(-250.,121.341995760198,-0.130270921704754));
#6661=CARTESIAN_POINT('Ctrl Pts',(-250.,120.527447032151,-0.140610074959189));
#6662=CARTESIAN_POINT('Ctrl Pts',(-250.,119.739885819145,-0.151922558235005));
#6663=CARTESIAN_POINT('Ctrl Pts',(-250.,118.978127981961,-0.165348251227546));
#6664=CARTESIAN_POINT('Ctrl Pts',(-250.,118.235796333118,-0.181639069367212));
#6665=CARTESIAN_POINT('Ctrl Pts',(-250.,117.499792788457,-0.200762114365714));
#6666=CARTESIAN_POINT('Ctrl Pts',(-250.,116.751122103834,-0.221819889874948));
#6667=CARTESIAN_POINT('Ctrl Pts',(-250.,115.969709574293,-0.243532976834158));
#6668=CARTESIAN_POINT('Ctrl Pts',(-250.,115.138542485807,-0.264613981225179));
#6669=CARTESIAN_POINT('Ctrl Pts',(-250.,114.247618013152,-0.284147093366767));
#6670=CARTESIAN_POINT('Ctrl Pts',(-250.,113.299104561074,-0.302057591486116));
#6671=CARTESIAN_POINT('Ctrl Pts',(-250.,112.307754950483,-0.319197280215495));
#6672=CARTESIAN_POINT('Ctrl Pts',(-250.,111.295371300684,-0.336942493380979));
#6673=CARTESIAN_POINT('Ctrl Pts',(-250.,110.286883059207,-0.35692408447027));
#6674=CARTESIAN_POINT('Ctrl Pts',(-250.,109.305589336158,-0.380690034459019));
#6675=CARTESIAN_POINT('Ctrl Pts',(-250.,108.369176739707,-0.409428748429304));
#6676=CARTESIAN_POINT('Ctrl Pts',(-250.,107.484382483461,-0.44358845834513));
#6677=CARTESIAN_POINT('Ctrl Pts',(-250.,106.776113559042,-0.476724766548921));
#6678=CARTESIAN_POINT('Ctrl Pts',(-250.,106.253108804569,-0.504258268495232));
#6679=CARTESIAN_POINT('Ctrl Pts',(-250.,105.897768492482,-0.524160513606933));
#6680=CARTESIAN_POINT('Ctrl Pts',(-250.,105.703401536225,-0.535365042964193));
#6681=CARTESIAN_POINT('Ctrl Pts',(-250.,105.667946132338,-0.537419291529509));
#6682=CARTESIAN_POINT('',(-250.,125.238874920093,0.059643897884898));
#6683=CARTESIAN_POINT('',(-250.,125.238874920093,-0.699847913298862));
#6684=CARTESIAN_POINT('',(-250.,125.38029627633,0.0518203887164383));
#6685=CARTESIAN_POINT('Ctrl Pts',(-250.,125.238746869874,0.0595145805745944));
#6686=CARTESIAN_POINT('Ctrl Pts',(-250.,125.285967105624,0.056925587417122));
#6687=CARTESIAN_POINT('Ctrl Pts',(-250.,125.333105398859,0.0543153740344466));
#6688=CARTESIAN_POINT('Ctrl Pts',(-250.,125.380161733973,0.0516839229882314));
#6689=CARTESIAN_POINT('',(-250.,125.38029627633,-0.699847913298862));
#6690=CARTESIAN_POINT('',(-250.,125.38029627633,0.652751777743004));
#6691=CARTESIAN_POINT('',(-250.,125.38029627633,-0.699847913298862));
#6692=CARTESIAN_POINT('',(-250.,125.238874920093,0.660539086430393));
#6693=CARTESIAN_POINT('Ctrl Pts',(-250.,125.380140650714,0.652623862218435));
#6694=CARTESIAN_POINT('Ctrl Pts',(-250.,125.333083145277,0.655243114901091));
#6695=CARTESIAN_POINT('Ctrl Pts',(-250.,125.285945446468,0.657841191296505));
#6696=CARTESIAN_POINT('Ctrl Pts',(-250.,125.238727566808,0.660418111877088));
#6697=CARTESIAN_POINT('',(-250.,125.238874920093,1.19690400129504));
#6698=CARTESIAN_POINT('',(-250.,125.238874920093,-0.699847913298862));
#6699=CARTESIAN_POINT('',(-250.,105.667946132338,5.61491694524177));
#6700=CARTESIAN_POINT('Ctrl Pts',(-250.,125.238874920094,1.1969040012948));
#6701=CARTESIAN_POINT('Ctrl Pts',(-250.,125.206197405819,1.20462661449183));
#6702=CARTESIAN_POINT('Ctrl Pts',(-250.,125.046655294577,1.24233967142682));
#6703=CARTESIAN_POINT('Ctrl Pts',(-250.,124.76085779379,1.30989744282978));
#6704=CARTESIAN_POINT('Ctrl Pts',(-250.,124.349343780778,1.40618718367765));
#6705=CARTESIAN_POINT('Ctrl Pts',(-250.,123.810111463693,1.52723122028629));
#6706=CARTESIAN_POINT('Ctrl Pts',(-250.,123.17196729752,1.66037788192444));
#6707=CARTESIAN_POINT('Ctrl Pts',(-250.,122.53362142159,1.78735736279581));
#6708=CARTESIAN_POINT('Ctrl Pts',(-250.,121.90275313405,1.913786412055));
#6709=CARTESIAN_POINT('Ctrl Pts',(-250.,121.285327797087,2.0458270028589));
#6710=CARTESIAN_POINT('Ctrl Pts',(-250.,120.681343834001,2.18811672279937));
#6711=CARTESIAN_POINT('Ctrl Pts',(-250.,120.079360829768,2.34130202460449));
#6712=CARTESIAN_POINT('Ctrl Pts',(-250.,119.461697724017,2.50292849011895));
#6713=CARTESIAN_POINT('Ctrl Pts',(-250.,118.811967124599,2.66895948754854));
#6714=CARTESIAN_POINT('Ctrl Pts',(-250.,118.120924038391,2.83499799098454));
#6715=CARTESIAN_POINT('Ctrl Pts',(-250.,117.395153908042,2.99782174327291));
#6716=CARTESIAN_POINT('Ctrl Pts',(-250.,116.653512070995,3.15580104872449));
#6717=CARTESIAN_POINT('Ctrl Pts',(-250.,115.917808176677,3.30880197016306));
#6718=CARTESIAN_POINT('Ctrl Pts',(-250.,115.205150707876,3.45825960649154));
#6719=CARTESIAN_POINT('Ctrl Pts',(-250.,114.519934326707,3.60716012756164));
#6720=CARTESIAN_POINT('Ctrl Pts',(-250.,113.845080291137,3.7601197085166));
#6721=CARTESIAN_POINT('Ctrl Pts',(-250.,113.150723274552,3.92229761277655));
#6722=CARTESIAN_POINT('Ctrl Pts',(-250.,112.404436700915,4.09820507553079));
#6723=CARTESIAN_POINT('Ctrl Pts',(-250.,111.58058648144,4.29059536202974));
#6724=CARTESIAN_POINT('Ctrl Pts',(-250.,110.670771150602,4.49921750100472));
#6725=CARTESIAN_POINT('Ctrl Pts',(-250.,109.691709495432,4.7199240373897));
#6726=CARTESIAN_POINT('Ctrl Pts',(-250.,108.675242753022,4.94631372043887));
#6727=CARTESIAN_POINT('Ctrl Pts',(-250.,107.660054543085,5.1711314973085));
#6728=CARTESIAN_POINT('Ctrl Pts',(-250.,106.851690947982,5.35031540317609));
#6729=CARTESIAN_POINT('Ctrl Pts',(-250.,106.270170421855,5.47991343177516));
#6730=CARTESIAN_POINT('Ctrl Pts',(-250.,105.889753832118,5.56511031585287));
#6731=CARTESIAN_POINT('Ctrl Pts',(-250.,105.691622039383,5.60959905006393));
#6732=CARTESIAN_POINT('Ctrl Pts',(-250.,105.667946132338,5.61491694524179));
#6733=CARTESIAN_POINT('',(-250.,105.667946132338,0.881462211404887));
#6734=CARTESIAN_POINT('',(-250.,105.667946132338,-0.699847913298862));
#6735=CARTESIAN_POINT('',(-250.,105.5265247761,0.880565545692126));
#6736=CARTESIAN_POINT('Ctrl Pts',(-250.,105.667561552836,0.881318175101591));
#6737=CARTESIAN_POINT('Ctrl Pts',(-250.,105.620466746764,0.88102619367606));
#6738=CARTESIAN_POINT('Ctrl Pts',(-250.,105.573342521488,0.880734164009099));
#6739=CARTESIAN_POINT('Ctrl Pts',(-250.,105.5261889963,0.880442178061073));
#6740=CARTESIAN_POINT('',(-250.,105.5265247761,-0.699847913298862));
#6741=CARTESIAN_POINT('',(-250.,100.38029627633,0.853458263656904));
#6742=CARTESIAN_POINT('',(-250.,100.38029627633,-0.699847913298862));
#6743=CARTESIAN_POINT('',(-250.,100.238874920093,0.852945340353362));
#6744=CARTESIAN_POINT('Ctrl Pts',(-250.,100.380296274913,0.853458263651685));
#6745=CARTESIAN_POINT('Ctrl Pts',(-250.,100.333191735724,0.853284853739576));
#6746=CARTESIAN_POINT('Ctrl Pts',(-250.,100.286025631023,0.853113774881588));
#6747=CARTESIAN_POINT('Ctrl Pts',(-250.,100.23887491851,0.852945340347706));
#6748=CARTESIAN_POINT('',(-250.,100.238874920093,6.80960340485278));
#6749=CARTESIAN_POINT('',(-250.,100.238874920093,-0.699847913298862));
#6750=CARTESIAN_POINT('',(-250.,80.6679461323377,10.3515975781639));
#6751=CARTESIAN_POINT('Ctrl Pts',(-250.,100.238874920093,6.80960340485278));
#6752=CARTESIAN_POINT('Ctrl Pts',(-250.,100.062325345788,6.84628065750165));
#6753=CARTESIAN_POINT('Ctrl Pts',(-250.,99.6477044706605,6.93205748317174));
#6754=CARTESIAN_POINT('Ctrl Pts',(-250.,98.9689983268857,7.07120723691246));
#6755=CARTESIAN_POINT('Ctrl Pts',(-250.,97.9907972698278,7.26927966633612));
#6756=CARTESIAN_POINT('Ctrl Pts',(-250.,96.7001630711561,7.52709769162045));
#6757=CARTESIAN_POINT('Ctrl Pts',(-250.,95.3506083094453,7.79367670069831));
#6758=CARTESIAN_POINT('Ctrl Pts',(-250.,94.0697090794951,8.04437227760335));
#6759=CARTESIAN_POINT('Ctrl Pts',(-250.,92.9154851138884,8.26838074650951));
#6760=CARTESIAN_POINT('Ctrl Pts',(-250.,91.9281183327592,8.45824584297876));
#6761=CARTESIAN_POINT('Ctrl Pts',(-250.,91.121040260695,8.61150041337364));
#6762=CARTESIAN_POINT('Ctrl Pts',(-250.,90.4677028719305,8.73311588024102));
#6763=CARTESIAN_POINT('Ctrl Pts',(-250.,89.903327675346,8.83514802031094));
#6764=CARTESIAN_POINT('Ctrl Pts',(-250.,89.346381126477,8.9326877268293));
#6765=CARTESIAN_POINT('Ctrl Pts',(-250.,88.7141491730184,9.04092024347413));
#6766=CARTESIAN_POINT('Ctrl Pts',(-250.,87.9427641943334,9.17134198526135));
#6767=CARTESIAN_POINT('Ctrl Pts',(-250.,86.9987300485853,9.32959620643203));
#6768=CARTESIAN_POINT('Ctrl Pts',(-250.,85.8717768225572,9.51687155289036));
#6769=CARTESIAN_POINT('Ctrl Pts',(-250.,84.5712386463806,9.73062797211988));
#6770=CARTESIAN_POINT('Ctrl Pts',(-250.,83.2554931020159,9.94380433253572));
#6771=CARTESIAN_POINT('Ctrl Pts',(-250.,82.1575306676227,10.118783933964));
#6772=CARTESIAN_POINT('Ctrl Pts',(-250.,81.3436420255141,10.2466137856099));
#6773=CARTESIAN_POINT('Ctrl Pts',(-250.,80.8433865513108,10.3244112641997));
#6774=CARTESIAN_POINT('Ctrl Pts',(-250.,80.6679461323382,10.3515975781639));
#6775=CARTESIAN_POINT('',(-249.999999992628,80.6679461102232,0.91580026917616));
#6776=CARTESIAN_POINT('',(-250.,80.6679461323377,-0.699847913298862));
#6777=CARTESIAN_POINT('',(-249.999999999634,80.5265247750011,0.916751795901397));
#6778=CARTESIAN_POINT('Ctrl Pts',(-250.,80.6679439476236,0.91580466229088));
#6779=CARTESIAN_POINT('Ctrl Pts',(-250.,80.6208178991924,0.916119763386882));
#6780=CARTESIAN_POINT('Ctrl Pts',(-250.,80.5736781270433,0.916435551096536));
#6781=CARTESIAN_POINT('Ctrl Pts',(-250.,80.5265246653702,0.916752014675017));
#6782=CARTESIAN_POINT('',(-250.,80.5265247761003,10.3734869643616));
#6783=CARTESIAN_POINT('',(-250.,80.5265247761003,-0.699847913298862));
#6784=CARTESIAN_POINT('',(-250.,75.3802962763305,11.1286453836336));
#6785=CARTESIAN_POINT('Ctrl Pts',(-250.,80.5265247761005,10.3734869643616));
#6786=CARTESIAN_POINT('Ctrl Pts',(-250.,80.4028170489264,10.3926123563544));
#6787=CARTESIAN_POINT('Ctrl Pts',(-250.,79.9498318752543,10.4624659731864));
#6788=CARTESIAN_POINT('Ctrl Pts',(-250.,79.1604335027302,10.5830381369138));
#6789=CARTESIAN_POINT('Ctrl Pts',(-250.,78.1210438738258,10.7389054448782));
#6790=CARTESIAN_POINT('Ctrl Pts',(-250.,77.0823859444849,10.8902944389874));
#6791=CARTESIAN_POINT('Ctrl Pts',(-250.,76.1804074335548,11.0179674821522));
#6792=CARTESIAN_POINT('Ctrl Pts',(-250.,75.6158361636632,11.0962691209357));
#6793=CARTESIAN_POINT('Ctrl Pts',(-250.,75.3802962763305,11.1286453836336));
#6794=CARTESIAN_POINT('',(-250.,75.3802962763305,3.81838681929121));
#6795=CARTESIAN_POINT('',(-250.,75.3802962763305,-0.699847913298862));
#6796=CARTESIAN_POINT('',(-250.,75.2388749200931,3.75851815346703));
#6797=CARTESIAN_POINT('Origin',(-250.,76.3457733569174,1.34077679266868));
#6798=CARTESIAN_POINT('',(-250.,75.2388749200931,11.1480421279834));
#6799=CARTESIAN_POINT('',(-250.,75.2388749200931,-0.699847913298862));
#6800=CARTESIAN_POINT('',(-250.,55.6679461323378,12.7024219976096));
#6801=CARTESIAN_POINT('Ctrl Pts',(-250.,75.2388749200931,11.1480421279834));
#6802=CARTESIAN_POINT('Ctrl Pts',(-250.,75.1767024271597,11.1565507138482));
#6803=CARTESIAN_POINT('Ctrl Pts',(-250.,74.7896941047362,11.2093856854918));
#6804=CARTESIAN_POINT('Ctrl Pts',(-250.,74.0841286258598,11.3042245586569));
#6805=CARTESIAN_POINT('Ctrl Pts',(-250.,73.076280644914,11.4355741575132));
#6806=CARTESIAN_POINT('Ctrl Pts',(-250.,71.7979475960787,11.5939078281438));
#6807=CARTESIAN_POINT('Ctrl Pts',(-250.,70.3507598039981,11.7603528853502));
#6808=CARTESIAN_POINT('Ctrl Pts',(-250.,68.9867702521188,11.9042065531791));
#6809=CARTESIAN_POINT('Ctrl Pts',(-250.,67.707339052605,12.0262774580769));
#6810=CARTESIAN_POINT('Ctrl Pts',(-250.,66.5106320145272,12.1281744253717));
#6811=CARTESIAN_POINT('Ctrl Pts',(-250.,65.3923946970078,12.2121549558309));
#6812=CARTESIAN_POINT('Ctrl Pts',(-250.,64.3467159527681,12.2809734877319));
#6813=CARTESIAN_POINT('Ctrl Pts',(-250.,63.3668137195555,12.3377314490421));
#6814=CARTESIAN_POINT('Ctrl Pts',(-250.,62.4447688129094,12.3856477173669));
#6815=CARTESIAN_POINT('Ctrl Pts',(-250.,61.5712442951533,12.4278290221455));
#6816=CARTESIAN_POINT('Ctrl Pts',(-250.,60.7351954731119,12.4670372806766));
#6817=CARTESIAN_POINT('Ctrl Pts',(-250.,59.9236156927461,12.5054651193858));
#6818=CARTESIAN_POINT('Ctrl Pts',(-250.,59.1211893314145,12.5444911790141));
#6819=CARTESIAN_POINT('Ctrl Pts',(-250.,58.3102104914059,12.5844923897449));
#6820=CARTESIAN_POINT('Ctrl Pts',(-250.,57.4776602473731,12.6248576390307));
#6821=CARTESIAN_POINT('Ctrl Pts',(-250.,56.7786101308481,12.6568695360791));
#6822=CARTESIAN_POINT('Ctrl Pts',(-250.,56.2308831272544,12.6801643348129));
#6823=CARTESIAN_POINT('Ctrl Pts',(-250.,55.8556593677203,12.6951641291805));
#6824=CARTESIAN_POINT('Ctrl Pts',(-250.,55.6679461323378,12.7024219976096));
#6825=CARTESIAN_POINT('',(-249.999999992623,55.6679461102071,0.940452491772505));
#6826=CARTESIAN_POINT('',(-250.,55.6679461323378,-0.699847913298862));
#6827=CARTESIAN_POINT('',(-249.999999999527,55.5265247746813,0.939434437542246));
#6828=CARTESIAN_POINT('Ctrl Pts',(-250.,55.6679436591637,0.940448349189971));
#6829=CARTESIAN_POINT('Ctrl Pts',(-250.,55.6207949925999,0.94011312317605));
#6830=CARTESIAN_POINT('Ctrl Pts',(-250.,55.5736552691833,0.939775068928447));
#6831=CARTESIAN_POINT('Ctrl Pts',(-250.,55.526524621743,0.939434175228494));
#6832=CARTESIAN_POINT('',(-250.,55.5265247761004,12.7078348339494));
#6833=CARTESIAN_POINT('',(-250.,55.5265247761004,-0.699847913298862));
#6834=CARTESIAN_POINT('',(-250.,50.3802962763305,12.8327074331957));
#6835=CARTESIAN_POINT('Ctrl Pts',(-250.,55.5265247761133,12.7078348339489));
#6836=CARTESIAN_POINT('Ctrl Pts',(-250.,55.3537380843019,12.7143805493998));
#6837=CARTESIAN_POINT('Ctrl Pts',(-250.,54.9803191628399,12.7280856074756));
#6838=CARTESIAN_POINT('Ctrl Pts',(-250.,54.3912549902684,12.748181852032));
#6839=CARTESIAN_POINT('Ctrl Pts',(-250.,53.5619190125322,12.773038838923));
#6840=CARTESIAN_POINT('Ctrl Pts',(-250.,52.5183105831195,12.7984414142089));
#6841=CARTESIAN_POINT('Ctrl Pts',(-250.,51.6409564640265,12.8151396255277));
#6842=CARTESIAN_POINT('Ctrl Pts',(-250.,50.984764202449,12.8251331785349));
#6843=CARTESIAN_POINT('Ctrl Pts',(-250.,50.562903525202,12.8305499156037));
#6844=CARTESIAN_POINT('Ctrl Pts',(-250.,50.3802962763304,12.8327074331957));
#6845=CARTESIAN_POINT('',(-250.,50.3802962763305,5.57593538532637));
#6846=CARTESIAN_POINT('',(-250.,50.3802962763305,-0.699847913298862));
#6847=CARTESIAN_POINT('',(-250.,50.2388749200931,5.62451148820836));
#6848=CARTESIAN_POINT('Origin',(-250.,48.8211750097902,1.2669601331213));
#6849=CARTESIAN_POINT('',(-250.,50.238874920093,12.8343335980145));
#6850=CARTESIAN_POINT('',(-250.,50.2388749200931,-0.699847913298862));
#6851=CARTESIAN_POINT('',(-250.,30.6679461323379,12.1115345634331));
#6852=CARTESIAN_POINT('Ctrl Pts',(-250.,50.238874920093,12.8343335980145));
#6853=CARTESIAN_POINT('Ctrl Pts',(-250.,50.2092177116872,12.8346652436775));
#6854=CARTESIAN_POINT('Ctrl Pts',(-250.,49.9385664336808,12.8376470398541));
#6855=CARTESIAN_POINT('Ctrl Pts',(-250.,49.4250659507588,12.842531444423));
#6856=CARTESIAN_POINT('Ctrl Pts',(-250.,48.666555213474,12.8475849234494));
#6857=CARTESIAN_POINT('Ctrl Pts',(-250.,47.6664767854689,12.8500025124133));
#6858=CARTESIAN_POINT('Ctrl Pts',(-250.,46.4699203661098,12.8461692458309));
#6859=CARTESIAN_POINT('Ctrl Pts',(-250.,45.2996829271215,12.8354772193534));
#6860=CARTESIAN_POINT('Ctrl Pts',(-250.,44.1605885683196,12.8178824368164));
#6861=CARTESIAN_POINT('Ctrl Pts',(-250.,43.0534636529006,12.79342302246));
#6862=CARTESIAN_POINT('Ctrl Pts',(-250.,41.975994124493,12.7622443412271));
#6863=CARTESIAN_POINT('Ctrl Pts',(-250.,40.9237410637974,12.7246251601086));
#6864=CARTESIAN_POINT('Ctrl Pts',(-250.,39.8911090842802,12.6810076316211));
#6865=CARTESIAN_POINT('Ctrl Pts',(-250.,38.8722855684663,12.6320158393496));
#6866=CARTESIAN_POINT('Ctrl Pts',(-250.,37.8623107721416,12.5785030992071));
#6867=CARTESIAN_POINT('Ctrl Pts',(-250.,36.8577055826853,12.5215095410076));
#6868=CARTESIAN_POINT('Ctrl Pts',(-250.,35.8560270980414,12.4620066522603));
#6869=CARTESIAN_POINT('Ctrl Pts',(-250.,34.8556338274972,12.4006817462778));
#6870=CARTESIAN_POINT('Ctrl Pts',(-250.,33.8553717768953,12.3377105795946));
#6871=CARTESIAN_POINT('Ctrl Pts',(-250.,32.8542852999455,12.272525545624));
#6872=CARTESIAN_POINT('Ctrl Pts',(-250.,32.016948383363,12.2149875448254));
#6873=CARTESIAN_POINT('Ctrl Pts',(-250.,31.3785299640701,12.1679676619652));
#6874=CARTESIAN_POINT('Ctrl Pts',(-250.,30.9402112838396,12.133648980305));
#6875=CARTESIAN_POINT('Ctrl Pts',(-250.,30.7031541389797,12.1144075933756));
#6876=CARTESIAN_POINT('Ctrl Pts',(-250.,30.6679461323828,12.1115345634368));
#6877=CARTESIAN_POINT('',(-250.,30.6679461323379,5.19896851092604));
#6878=CARTESIAN_POINT('',(-250.,30.6679461323379,-0.699847913298862));
#6879=CARTESIAN_POINT('',(-250.,30.5265247761005,5.05148009846005));
#6880=CARTESIAN_POINT('Origin',(-250.,34.7593709969492,1.13430160469827));
#6881=CARTESIAN_POINT('',(-250.,30.5265247761005,12.0998943631797));
#6882=CARTESIAN_POINT('',(-250.,30.5265247761005,-0.699847913298862));
#6883=CARTESIAN_POINT('',(-250.,25.3802962763304,11.4912821153975));
#6884=CARTESIAN_POINT('Ctrl Pts',(-250.,30.526524776109,12.0998943631804));
#6885=CARTESIAN_POINT('Ctrl Pts',(-250.,30.3880189147869,12.0883948171501));
#6886=CARTESIAN_POINT('Ctrl Pts',(-250.,30.0472038703251,12.0594922120376));
#6887=CARTESIAN_POINT('Ctrl Pts',(-250.,29.5030646966494,12.0108072861078));
#6888=CARTESIAN_POINT('Ctrl Pts',(-250.,28.7537273168675,11.9373442456973));
#6889=CARTESIAN_POINT('Ctrl Pts',(-250.,27.7970946189213,11.8303466174421));
#6890=CARTESIAN_POINT('Ctrl Pts',(-250.,26.9025110950629,11.715696887048));
#6891=CARTESIAN_POINT('Ctrl Pts',(-250.,26.2142491874209,11.6181353873528));
#6892=CARTESIAN_POINT('Ctrl Pts',(-250.,25.7327676996172,11.545820807997));
#6893=CARTESIAN_POINT('Ctrl Pts',(-250.,25.4555324853129,11.5029902110852));
#6894=CARTESIAN_POINT('Ctrl Pts',(-250.,25.3802962763305,11.4912821153975));
#6895=CARTESIAN_POINT('',(-250.,25.3802962763304,2.36502209410029));
#6896=CARTESIAN_POINT('',(-250.,25.3802962763304,-0.699847913298862));
#6897=CARTESIAN_POINT('',(-250.,25.238874920093,2.63390205916519));
#6898=CARTESIAN_POINT('Origin',(-250.,22.1211806278405,0.82247377802435));
#6899=CARTESIAN_POINT('',(-250.,25.238874920093,11.4691562965117));
#6900=CARTESIAN_POINT('',(-250.,25.238874920093,-0.699847913298862));
#6901=CARTESIAN_POINT('',(-250.,5.66794613233792,5.98625998073813));
#6902=CARTESIAN_POINT('Ctrl Pts',(-250.,25.238874920093,11.4691562965117));
#6903=CARTESIAN_POINT('Ctrl Pts',(-250.,25.1410593439463,11.4537722669673));
#6904=CARTESIAN_POINT('Ctrl Pts',(-250.,24.8427399483744,11.406435170504));
#6905=CARTESIAN_POINT('Ctrl Pts',(-250.,24.3472367362069,11.3258002132715));
#6906=CARTESIAN_POINT('Ctrl Pts',(-250.,23.6631257152912,11.2107690170454));
#6907=CARTESIAN_POINT('Ctrl Pts',(-250.,22.8094291798733,11.0639010181983));
#6908=CARTESIAN_POINT('Ctrl Pts',(-250.,21.9014934784522,10.9082544129119));
#6909=CARTESIAN_POINT('Ctrl Pts',(-250.,21.0421162533546,10.7647388282935));
#6910=CARTESIAN_POINT('Ctrl Pts',(-250.,20.230014966773,10.6335865153802));
#6911=CARTESIAN_POINT('Ctrl Pts',(-250.,19.4545464199148,10.5090299799436));
#6912=CARTESIAN_POINT('Ctrl Pts',(-250.,18.6960789998167,10.3794815960142));
#6913=CARTESIAN_POINT('Ctrl Pts',(-250.,17.9320582506705,10.2315835940742));
#6914=CARTESIAN_POINT('Ctrl Pts',(-250.,17.1419359134022,10.0534970142527));
#6915=CARTESIAN_POINT('Ctrl Pts',(-250.,16.3122316106364,9.83825195706146));
#6916=CARTESIAN_POINT('Ctrl Pts',(-250.,15.4423087275896,9.5876534834618));
#6917=CARTESIAN_POINT('Ctrl Pts',(-250.,14.5474460485828,9.31413428816619));
#6918=CARTESIAN_POINT('Ctrl Pts',(-250.,13.6523680007515,9.03530104561085));
#6919=CARTESIAN_POINT('Ctrl Pts',(-250.,12.7864492382632,8.7698412308464));
#6920=CARTESIAN_POINT('Ctrl Pts',(-250.,11.9780842342346,8.53259334050549));
#6921=CARTESIAN_POINT('Ctrl Pts',(-250.,11.2498221618927,8.33066803719227));
#6922=CARTESIAN_POINT('Ctrl Pts',(-250.,10.612157515973,8.15737904009385));
#6923=CARTESIAN_POINT('Ctrl Pts',(-250.,10.0621494609563,7.99477329775865));
#6924=CARTESIAN_POINT('Ctrl Pts',(-250.,9.58511960555452,7.82339939388244));
#6925=CARTESIAN_POINT('Ctrl Pts',(-250.,9.15632366678549,7.62891098588533));
#6926=CARTESIAN_POINT('Ctrl Pts',(-250.,8.74059288730771,7.41252322422604));
#6927=CARTESIAN_POINT('Ctrl Pts',(-250.,8.30272780090215,7.18661261621872));
#6928=CARTESIAN_POINT('Ctrl Pts',(-250.,7.82029125482578,6.96501411791154));
#6929=CARTESIAN_POINT('Ctrl Pts',(-250.,7.30031058571709,6.75298369013305));
#6930=CARTESIAN_POINT('Ctrl Pts',(-250.,6.7774587255429,6.54451491710674));
#6931=CARTESIAN_POINT('Ctrl Pts',(-250.,6.34099430750558,6.35316501559061));
#6932=CARTESIAN_POINT('Ctrl Pts',(-250.,6.03428956097956,6.19591306445232));
#6933=CARTESIAN_POINT('Ctrl Pts',(-250.,5.8269763438365,6.07939410527514));
#6934=CARTESIAN_POINT('Ctrl Pts',(-250.,5.70592135560772,6.0086761726172));
#6935=CARTESIAN_POINT('Ctrl Pts',(-250.,5.66794613233792,5.98625998073813));
#6936=CARTESIAN_POINT('',(-250.000000000298,5.66794613323045,0.741247892821746));
#6937=CARTESIAN_POINT('',(-250.,5.66794613233789,-0.699847913298862));
#6938=CARTESIAN_POINT('',(-250.000000000303,5.5265247770109,0.734283969934789));
#6939=CARTESIAN_POINT('Ctrl Pts',(-250.,5.67150368620803,0.734363016519994));
#6940=CARTESIAN_POINT('Ctrl Pts',(-250.,5.62427303026836,0.732109804033993));
#6941=CARTESIAN_POINT('Ctrl Pts',(-250.,5.57710955709699,0.729831932311818));
#6942=CARTESIAN_POINT('Ctrl Pts',(-250.,5.53001332013118,0.727529275623105));
#6943=CARTESIAN_POINT('',(-250.,5.52652477610059,-0.699847913298862));
#6944=CARTESIAN_POINT('Origin',(-272.356175071996,103.024121204334,0.));
#6945=CARTESIAN_POINT('',(-272.28243823768,103.097858038642,0.866050199754425));
#6946=CARTESIAN_POINT('',(-272.282438237671,103.097858038659,0.));
#6947=CARTESIAN_POINT('',(-259.926885750115,115.453410526215,0.912253769142646));
#6948=CARTESIAN_POINT('Ctrl Pts',(-259.926885750115,115.453410526215,0.912253769142646));
#6949=CARTESIAN_POINT('Ctrl Pts',(-263.839690578706,111.540605697624,0.931120393568086));
#6950=CARTESIAN_POINT('Ctrl Pts',(-267.380490498964,107.999805777366,0.892888993278268));
#6951=CARTESIAN_POINT('Ctrl Pts',(-272.282438237688,103.097858038642,0.866050199754425));
#6952=CARTESIAN_POINT('',(-259.926885750115,115.453410526215,0.));
#6953=CARTESIAN_POINT('Origin',(-272.285464393878,127.953410526215,0.));
#6954=CARTESIAN_POINT('',(-263.033944939384,118.701891071749,0.87942499785016));
#6955=CARTESIAN_POINT('',(-263.033944939357,118.701891071695,0.));
#6956=CARTESIAN_POINT('',(-259.856175071996,115.524121204334,0.91190582117276));
#6957=CARTESIAN_POINT('Ctrl Pts',(-259.856175071996,115.518568108111,0.908450344958198));
#6958=CARTESIAN_POINT('Ctrl Pts',(-260.383805313319,116.046270389719,0.905808687838741));
#6959=CARTESIAN_POINT('Ctrl Pts',(-260.91305970981,116.575721289528,0.902064135284038));
#6960=CARTESIAN_POINT('Ctrl Pts',(-261.443000581151,117.105981967396,0.896926792075271));
#6961=CARTESIAN_POINT('Ctrl Pts',(-261.972941452493,117.636242645264,0.891789448866504));
#6962=CARTESIAN_POINT('Ctrl Pts',(-262.503568798685,118.167313131368,0.885259378565618));
#6963=CARTESIAN_POINT('Ctrl Pts',(-263.033944939411,118.698211607474,0.877013678414487));
#6964=CARTESIAN_POINT('',(-259.856175071996,115.524121204334,0.));
#6965=CARTESIAN_POINT('Origin',(-259.856175071996,115.524121204334,0.));
#6966=CARTESIAN_POINT('Ctrl Pts',(-250.,125.38029627633,0.652751777742966));
#6967=CARTESIAN_POINT('Ctrl Pts',(-253.259746107562,122.120550168768,0.83402963286036));
#6968=CARTESIAN_POINT('Ctrl Pts',(-256.608253360202,118.772042916129,0.89560114389752));
#6969=CARTESIAN_POINT('Ctrl Pts',(-259.856175071996,115.524121204334,0.911905821172761));
#6970=CARTESIAN_POINT('Origin',(-247.356175071996,127.882699848097,0.));
#6971=CARTESIAN_POINT('',(-259.785464393878,115.453410526215,0.912253769142646));
#6972=CARTESIAN_POINT('Ctrl Pts',(-259.785464393878,115.453410526215,0.912253769142646));
#6973=CARTESIAN_POINT('Ctrl Pts',(-256.561337473693,118.6775374464,0.896707787585222));
#6974=CARTESIAN_POINT('Ctrl Pts',(-253.237021306122,122.001853613971,0.837022240971745));
#6975=CARTESIAN_POINT('Ctrl Pts',(-250.,125.238874920093,0.660539086430363));
#6976=CARTESIAN_POINT('',(-259.785464393878,115.453410526215,2.04707863054256));
#6977=CARTESIAN_POINT('',(-259.785464393878,115.453410526215,0.));
#6978=CARTESIAN_POINT('Ctrl Pts',(-250.,125.238874920093,1.19690400129504));
#6979=CARTESIAN_POINT('Ctrl Pts',(-251.278403032052,123.960471888041,1.43776422326145));
#6980=CARTESIAN_POINT('Ctrl Pts',(-251.571644447233,123.66723047286,1.45104059947161));
#6981=CARTESIAN_POINT('Ctrl Pts',(-254.824224175082,120.414650745011,1.79297469171154));
#6982=CARTESIAN_POINT('Ctrl Pts',(-255.535322906718,119.703552013375,1.90563052904002));
#6983=CARTESIAN_POINT('Ctrl Pts',(-257.917197712242,117.321677207851,2.02143749545108));
#6984=CARTESIAN_POINT('Ctrl Pts',(-258.927306262523,116.31156865757,2.040376602043));
#6985=CARTESIAN_POINT('Ctrl Pts',(-259.785464393878,115.453410526215,2.04707863054255));
#6986=CARTESIAN_POINT('Origin',(-259.785464393878,115.453410526215,0.));
#6987=CARTESIAN_POINT('Ctrl Pts',(-250.,105.667946132338,0.881462211404886));
#6988=CARTESIAN_POINT('Ctrl Pts',(-254.700957774113,110.36890390645,0.911314591264158));
#6989=CARTESIAN_POINT('Ctrl Pts',(-256.698021914843,112.36596804718,0.927140690478837));
#6990=CARTESIAN_POINT('Ctrl Pts',(-259.785464393878,115.453410526215,0.912253769142646));
#6991=CARTESIAN_POINT('Ctrl Pts',(-259.785464393878,115.453410526215,2.04707863054256));
#6992=CARTESIAN_POINT('Ctrl Pts',(-259.737108017329,115.405054149667,2.06321831942542));
#6993=CARTESIAN_POINT('Ctrl Pts',(-259.688868002178,115.356814134515,2.07932791053853));
#6994=CARTESIAN_POINT('Ctrl Pts',(-259.46017839914,115.128124531477,2.15575238640106));
#6995=CARTESIAN_POINT('Ctrl Pts',(-259.281981737291,114.949927869629,2.21547033002278));
#6996=CARTESIAN_POINT('Ctrl Pts',(-258.689541070927,114.357487203264,2.41503481152504));
#6997=CARTESIAN_POINT('Ctrl Pts',(-258.301242811671,113.969188944009,2.5474356299509));
#6998=CARTESIAN_POINT('Ctrl Pts',(-256.868076643521,112.536022775859,3.04400953761456));
#6999=CARTESIAN_POINT('Ctrl Pts',(-255.801532716849,111.469478849174,3.42850670607502));
#7000=CARTESIAN_POINT('Ctrl Pts',(-253.381464871387,109.049411003712,4.31544359342127));
#7001=CARTESIAN_POINT('Ctrl Pts',(-251.575943155049,107.243889287386,4.9923948558936));
#7002=CARTESIAN_POINT('Ctrl Pts',(-250.,105.667946132338,5.61491694524176));
#7003=CARTESIAN_POINT('Origin',(-247.426885750115,102.953410526215,0.));
#7004=CARTESIAN_POINT('',(-259.856175071997,115.382699848097,0.912587770236182));
#7005=CARTESIAN_POINT('Ctrl Pts',(-259.856175071996,115.382699848097,0.912587770236182));
#7006=CARTESIAN_POINT('Ctrl Pts',(-256.734729051332,112.261253827433,0.927026191870847));
#7007=CARTESIAN_POINT('Ctrl Pts',(-254.547848847004,110.074373623104,0.909352913796809));
#7008=CARTESIAN_POINT('Ctrl Pts',(-250.,105.5265247761,0.880565545692125));
#7009=CARTESIAN_POINT('',(-259.856175071997,115.382699848097,0.));
#7010=CARTESIAN_POINT('Ctrl Pts',(-250.,-0.033162725479676,0.29816142211691));
#7011=CARTESIAN_POINT('Ctrl Pts',(-300.,-0.033162725479676,0.29816142211691));
#7012=CARTESIAN_POINT('Ctrl Pts',(-250.,4.30988864098154,0.781213250846202));
#7013=CARTESIAN_POINT('Ctrl Pts',(-300.,4.30988864098154,0.781213250846202));
#7014=CARTESIAN_POINT('Ctrl Pts',(-250.,9.41875266228446,0.932984401748832));
#7015=CARTESIAN_POINT('Ctrl Pts',(-300.,9.41875266228446,0.932984401748832));
#7016=CARTESIAN_POINT('Ctrl Pts',(-250.,15.2315881100653,0.898978580071365));
#7017=CARTESIAN_POINT('Ctrl Pts',(-300.,15.2315881100653,0.898978580071365));
#7018=CARTESIAN_POINT('Ctrl Pts',(-250.,20.8756224712796,0.865960266074153));
#7019=CARTESIAN_POINT('Ctrl Pts',(-300.,20.8756224712796,0.865960266074153));
#7020=CARTESIAN_POINT('Ctrl Pts',(-250.,27.1503121993085,0.734371549336726));
#7021=CARTESIAN_POINT('Ctrl Pts',(-300.,27.1503121993085,0.734371549336726));
#7022=CARTESIAN_POINT('Ctrl Pts',(-250.,33.9052772251262,0.75047443956282));
#7023=CARTESIAN_POINT('Ctrl Pts',(-300.,33.9052772251262,0.75047443956282));
#7024=CARTESIAN_POINT('Ctrl Pts',(-250.,40.6451426083654,0.766541334356522));
#7025=CARTESIAN_POINT('Ctrl Pts',(-300.,40.6451426083654,0.766541334356522));
#7026=CARTESIAN_POINT('Ctrl Pts',(-250.,47.9145471078365,0.884064876426219));
#7027=CARTESIAN_POINT('Ctrl Pts',(-300.,47.9145471078365,0.884064876426219));
#7028=CARTESIAN_POINT('Ctrl Pts',(-250.,55.4793750154559,0.939092174678324));
#7029=CARTESIAN_POINT('Ctrl Pts',(-300.,55.4793750154559,0.939092174678324));
#7030=CARTESIAN_POINT('Ctrl Pts',(-250.,63.773834779814,0.999426886434782));
#7031=CARTESIAN_POINT('Ctrl Pts',(-300.,63.773834779814,0.999426886434782));
#7032=CARTESIAN_POINT('Ctrl Pts',(-250.,72.3508404979549,0.971679494207317));
#7033=CARTESIAN_POINT('Ctrl Pts',(-300.,72.3508404979549,0.971679494207317));
#7034=CARTESIAN_POINT('Ctrl Pts',(-250.,80.4860979385479,0.91702347557075));
#7035=CARTESIAN_POINT('Ctrl Pts',(-300.,80.4860979385479,0.91702347557075));
#7036=CARTESIAN_POINT('Ctrl Pts',(-250.,88.6217687964782,0.862364679425806));
#7037=CARTESIAN_POINT('Ctrl Pts',(-300.,88.6217687964782,0.862364679425806));
#7038=CARTESIAN_POINT('Ctrl Pts',(-250.,96.3503465271109,0.827727561715754));
#7039=CARTESIAN_POINT('Ctrl Pts',(-300.,96.3503465271109,0.827727561715754));
#7040=CARTESIAN_POINT('Ctrl Pts',(-250.,103.496292241763,0.868271916054637));
#7041=CARTESIAN_POINT('Ctrl Pts',(-300.,103.496292241763,0.868271916054637));
#7042=CARTESIAN_POINT('Ctrl Pts',(-250.,110.726879813277,0.909296507660019));
#7043=CARTESIAN_POINT('Ctrl Pts',(-300.,110.726879813277,0.909296507660019));
#7044=CARTESIAN_POINT('Ctrl Pts',(-250.,117.330149044864,0.981046694424783));
#7045=CARTESIAN_POINT('Ctrl Pts',(-300.,117.330149044864,0.981046694424783));
#7046=CARTESIAN_POINT('Ctrl Pts',(-250.,122.897399402113,0.768456548905196));
#7047=CARTESIAN_POINT('Ctrl Pts',(-300.,122.897399402113,0.768456548905196));
#7048=CARTESIAN_POINT('Ctrl Pts',(-250.,125.492704060643,0.669352653872692));
#7049=CARTESIAN_POINT('Ctrl Pts',(-300.,125.492704060643,0.669352653872692));
#7050=CARTESIAN_POINT('Ctrl Pts',(-250.,127.870744765032,0.51367378637705));
#7051=CARTESIAN_POINT('Ctrl Pts',(-300.,127.870744765032,0.51367378637705));
#7052=CARTESIAN_POINT('Ctrl Pts',(-250.,130.029748715055,0.298521379389427));
#7053=CARTESIAN_POINT('Ctrl Pts',(-300.,130.029748715055,0.298521379389427));
#7054=CARTESIAN_POINT('',(-263.033944939413,118.56046971557,0.881669711745954));
#7055=CARTESIAN_POINT('Ctrl Pts',(-263.033944939413,118.55665116841,0.879171798212786));
#7056=CARTESIAN_POINT('Ctrl Pts',(-263.033944939413,118.603894882386,0.878465003560589));
#7057=CARTESIAN_POINT('Ctrl Pts',(-263.033944939413,118.651081760041,0.877745680120266));
#7058=CARTESIAN_POINT('Ctrl Pts',(-263.033944939413,118.698211607474,0.87701367841449));
#7059=CARTESIAN_POINT('Ctrl Pts',(-263.033944939469,118.556651168415,0.87917179821272));
#7060=CARTESIAN_POINT('Ctrl Pts',(-262.502113592863,118.024311645284,0.887135920768715));
#7061=CARTESIAN_POINT('Ctrl Pts',(-261.970065785379,117.491840231047,0.89340612555628));
#7062=CARTESIAN_POINT('Ctrl Pts',(-261.438769477295,116.96024531211,0.89830402893206));
#7063=CARTESIAN_POINT('Ctrl Pts',(-260.933852568335,116.455044618629,0.902958746450799));
#7064=CARTESIAN_POINT('Ctrl Pts',(-260.429614385978,115.950635245708,0.906373772733299));
#7065=CARTESIAN_POINT('Ctrl Pts',(-259.926885750115,115.447848702929,0.908797819950851));
#7066=CARTESIAN_POINT('',(-272.282438237671,102.956436682422,0.865281191233998));
#7067=CARTESIAN_POINT('Ctrl Pts',(-272.282438237671,102.956468271066,0.865356887767082));
#7068=CARTESIAN_POINT('Ctrl Pts',(-272.282438237671,103.003629071147,0.865598771952754));
#7069=CARTESIAN_POINT('Ctrl Pts',(-272.282438237671,103.050764890906,0.865843844247667));
#7070=CARTESIAN_POINT('Ctrl Pts',(-272.282438237671,103.097875680499,0.866092120314973));
#7071=CARTESIAN_POINT('Ctrl Pts',(-272.282438237672,102.956436682422,0.865281191233998));
#7072=CARTESIAN_POINT('Ctrl Pts',(-267.351954779958,107.886920140135,0.891905276148008));
#7073=CARTESIAN_POINT('Ctrl Pts',(-263.784973359566,111.453901560527,0.930760644544421));
#7074=CARTESIAN_POINT('Ctrl Pts',(-259.856175071997,115.382699848097,0.912587770236182));
#7075=CARTESIAN_POINT('Origin',(-259.856175071997,115.382699848097,0.));
#7076=CARTESIAN_POINT('',(-272.282438237671,102.956436682422,0.));
#7077=CARTESIAN_POINT('Origin',(-259.926885750115,115.453410526215,0.));
#7078=CARTESIAN_POINT('',(-263.033944939357,118.560469715457,0.));
#7079=CARTESIAN_POINT('Origin',(-272.282438237671,100.882839285769,0.));
#7080=CARTESIAN_POINT('Origin',(-263.033944939357,117.935741362987,0.));
#7081=CARTESIAN_POINT('Origin',(-288.04169466704,61.0504739977198,0.));
#7082=CARTESIAN_POINT('',(-288.04169466704,62.1971802530533,0.972498689922309));
#7083=CARTESIAN_POINT('',(-288.04169466704,62.3386016092907,0.972855520736302));
#7084=CARTESIAN_POINT('Ctrl Pts',(-288.04169466704,62.194467181811,0.969798337452127));
#7085=CARTESIAN_POINT('Ctrl Pts',(-288.04169466704,62.2415732776349,0.969896657843104));
#7086=CARTESIAN_POINT('Ctrl Pts',(-288.04169466704,62.2886821591771,0.969992720453701));
#7087=CARTESIAN_POINT('Ctrl Pts',(-288.04169466704,62.3357936984234,0.970086536095929));
#7088=CARTESIAN_POINT('',(-288.04169466704,62.3386016092907,0.));
#7089=CARTESIAN_POINT('',(-288.04169466704,62.1971802530533,0.));
#7090=CARTESIAN_POINT('Origin',(-286.645289486388,66.8623239373281,0.));
#7091=CARTESIAN_POINT('',(-286.645289486388,67.1718142624882,0.976463618849511));
#7092=CARTESIAN_POINT('',(-286.645289486388,67.3132356187256,0.976324858394373));
#7093=CARTESIAN_POINT('Ctrl Pts',(-286.645289486388,67.1661720203768,0.972267555999199));
#7094=CARTESIAN_POINT('Ctrl Pts',(-286.645289486388,67.2132966701264,0.972220542587183));
#7095=CARTESIAN_POINT('Ctrl Pts',(-286.645289486388,67.2604196076447,0.972171652929857));
#7096=CARTESIAN_POINT('Ctrl Pts',(-286.645289486388,67.3075407050733,0.972120897826077));
#7097=CARTESIAN_POINT('',(-286.645289486388,67.3132356187257,0.));
#7098=CARTESIAN_POINT('',(-286.645289486388,67.1718142624882,0.));
#7099=CARTESIAN_POINT('Origin',(-289.497055674088,35.0757699000321,0.));
#7100=CARTESIAN_POINT('',(-289.497055674086,35.883240602247,0.757770996739575));
#7101=CARTESIAN_POINT('',(-289.497055674088,35.8832406022426,0.));
#7102=CARTESIAN_POINT('',(-289.497055674087,35.741819246007,0.757085475637506));
#7103=CARTESIAN_POINT('',(-289.497055674088,35.7418192460052,0.));
#7104=CARTESIAN_POINT('Ctrl Pts',(-289.497055674087,35.741819246007,0.757085475637506));
#7105=CARTESIAN_POINT('Ctrl Pts',(-289.497055674087,35.7889620020973,0.757309992452706));
#7106=CARTESIAN_POINT('Ctrl Pts',(-289.497055674086,35.8361021662702,0.757538514942495));
#7107=CARTESIAN_POINT('Ctrl Pts',(-289.497055674086,35.883240602247,0.757770996739575));
#7108=CARTESIAN_POINT('Origin',(-272.282438237671,100.882839285769,0.));
#7109=CARTESIAN_POINT('',(-272.282438237621,102.808963013671,0.864490789169808));
#7110=CARTESIAN_POINT('',(-272.282438237671,102.950384370009,0.865248519295371));
#7111=CARTESIAN_POINT('Ctrl Pts',(-272.282438237671,102.808963013671,0.864490789169808));
#7112=CARTESIAN_POINT('Ctrl Pts',(-272.282438237671,102.856060878496,0.864741298600925));
#7113=CARTESIAN_POINT('Ctrl Pts',(-272.282438237671,102.903197709158,0.864993870809752));
#7114=CARTESIAN_POINT('Ctrl Pts',(-272.282438237671,102.950384370009,0.865248519295371));
#7115=CARTESIAN_POINT('',(-272.282438237671,102.950384370009,0.));
#7116=CARTESIAN_POINT('',(-272.282438237671,102.808963013772,0.));
#7117=CARTESIAN_POINT('Origin',(-279.780301197752,84.5862562382177,0.));
#7118=CARTESIAN_POINT('',(-279.780301197754,85.448247330093,0.883954617081971));
#7119=CARTESIAN_POINT('',(-279.780301197752,85.4482473300902,0.));
#7120=CARTESIAN_POINT('',(-279.780301197754,85.3068259738557,0.884850376091479));
#7121=CARTESIAN_POINT('',(-279.780301197752,85.3068259738527,0.));
#7122=CARTESIAN_POINT('Ctrl Pts',(-279.780301197752,85.3068259738557,0.884850376091479));
#7123=CARTESIAN_POINT('Ctrl Pts',(-279.780301197752,85.3539668162635,0.884550939589871));
#7124=CARTESIAN_POINT('Ctrl Pts',(-279.780301197752,85.4011073297919,0.884252341325329));
#7125=CARTESIAN_POINT('Ctrl Pts',(-279.780301197752,85.448247330093,0.883954617081971));
#7126=CARTESIAN_POINT('Origin',(-290.182029366994,45.329342103073,0.));
#7127=CARTESIAN_POINT('',(-290.182029366969,45.8499754992816,0.846616080924195));
#7128=CARTESIAN_POINT('',(-290.182029366994,45.8499754993319,0.));
#7129=CARTESIAN_POINT('',(-290.182029366962,45.7085541430293,0.84507525715773));
#7130=CARTESIAN_POINT('',(-290.182029366994,45.7085541430945,0.));
#7131=CARTESIAN_POINT('Ctrl Pts',(-290.182029366962,45.7166319011146,0.844462092778764));
#7132=CARTESIAN_POINT('Ctrl Pts',(-290.182029366962,45.7637429546832,0.844970209567052));
#7133=CARTESIAN_POINT('Ctrl Pts',(-290.182029366962,45.8108707685369,0.845478722414631));
#7134=CARTESIAN_POINT('Ctrl Pts',(-290.182029366962,45.8580152787214,0.845987586534036));
#7135=CARTESIAN_POINT('Origin',(-284.856175071996,65.3826998480967,0.));
#7136=CARTESIAN_POINT('',(-284.856175071996,65.3826998480967,0.977044756814764));
#7137=CARTESIAN_POINT('',(-284.856175071996,65.3826998480967,0.));
#7138=CARTESIAN_POINT('Ctrl Pts',(-288.04169466704,62.1944671818125,0.96979833745213));
#7139=CARTESIAN_POINT('Ctrl Pts',(-287.096924023155,63.1386094084321,0.971768962086494));
#7140=CARTESIAN_POINT('Ctrl Pts',(-286.154377479181,64.0804960080398,0.972829431370994));
#7141=CARTESIAN_POINT('Ctrl Pts',(-285.209049763711,65.02525621254,0.973075269519959));
#7142=CARTESIAN_POINT('Ctrl Pts',(-285.091471101681,65.1427642882755,0.973105846557063));
#7143=CARTESIAN_POINT('Ctrl Pts',(-284.973849414736,65.260316847896,0.973123765051953));
#7144=CARTESIAN_POINT('Ctrl Pts',(-284.856175071996,65.3779237645978,0.973129162691942));
#7145=CARTESIAN_POINT('Origin',(-284.926885750115,65.4534105262154,0.));
#7146=CARTESIAN_POINT('',(-284.926885750115,65.4534105262154,0.977063747410267));
#7147=CARTESIAN_POINT('',(-284.926885750115,65.4534105262154,0.));
#7148=CARTESIAN_POINT('Ctrl Pts',(-286.645289486388,67.1718142624883,0.976463618849511));
#7149=CARTESIAN_POINT('Ctrl Pts',(-286.072434790421,66.5989595665213,0.976998601569412));
#7150=CARTESIAN_POINT('Ctrl Pts',(-285.499997384969,66.0265221610689,0.977203492329968));
#7151=CARTESIAN_POINT('Ctrl Pts',(-284.926885750115,65.4534105262154,0.977063747410268));
#7152=CARTESIAN_POINT('Origin',(-284.856175071996,40.3826998480967,0.));
#7153=CARTESIAN_POINT('',(-284.856175071996,40.3826998480967,0.790287017263425));
#7154=CARTESIAN_POINT('',(-284.856175071996,40.3826998480967,0.));
#7155=CARTESIAN_POINT('Ctrl Pts',(-289.497055674086,35.741819246007,0.757085475637472));
#7156=CARTESIAN_POINT('Ctrl Pts',(-287.946592666475,37.2922822536177,0.76446953714213));
#7157=CARTESIAN_POINT('Ctrl Pts',(-286.405320798256,38.8335541218374,0.776160941079104));
#7158=CARTESIAN_POINT('Ctrl Pts',(-284.856175071996,40.3826998480968,0.790287017263425));
#7159=CARTESIAN_POINT('Origin',(-259.926885750115,90.4534105262154,0.));
#7160=CARTESIAN_POINT('',(-259.926885750115,90.4534105262154,0.857124783586243));
#7161=CARTESIAN_POINT('',(-259.926885750115,90.4534105262154,0.));
#7162=CARTESIAN_POINT('Ctrl Pts',(-272.282438237571,102.808963013671,0.864490789169808));
#7163=CARTESIAN_POINT('Ctrl Pts',(-267.577551144595,98.1040759206957,0.839465905483175));
#7164=CARTESIAN_POINT('Ctrl Pts',(-264.207179818131,94.7337045942317,0.839519115062161));
#7165=CARTESIAN_POINT('Ctrl Pts',(-259.926885750115,90.4534105262153,0.857124783586243));
#7166=CARTESIAN_POINT('Ctrl Pts',(-250.,-0.033162725479676,0.29816142211691));
#7167=CARTESIAN_POINT('Ctrl Pts',(-300.,-0.033162725479676,0.29816142211691));
#7168=CARTESIAN_POINT('Ctrl Pts',(-250.,4.30988864098154,0.781213250846202));
#7169=CARTESIAN_POINT('Ctrl Pts',(-300.,4.30988864098154,0.781213250846202));
#7170=CARTESIAN_POINT('Ctrl Pts',(-250.,9.41875266228446,0.932984401748832));
#7171=CARTESIAN_POINT('Ctrl Pts',(-300.,9.41875266228446,0.932984401748832));
#7172=CARTESIAN_POINT('Ctrl Pts',(-250.,15.2315881100653,0.898978580071365));
#7173=CARTESIAN_POINT('Ctrl Pts',(-300.,15.2315881100653,0.898978580071365));
#7174=CARTESIAN_POINT('Ctrl Pts',(-250.,20.8756224712796,0.865960266074153));
#7175=CARTESIAN_POINT('Ctrl Pts',(-300.,20.8756224712796,0.865960266074153));
#7176=CARTESIAN_POINT('Ctrl Pts',(-250.,27.1503121993085,0.734371549336726));
#7177=CARTESIAN_POINT('Ctrl Pts',(-300.,27.1503121993085,0.734371549336726));
#7178=CARTESIAN_POINT('Ctrl Pts',(-250.,33.9052772251262,0.75047443956282));
#7179=CARTESIAN_POINT('Ctrl Pts',(-300.,33.9052772251262,0.75047443956282));
#7180=CARTESIAN_POINT('Ctrl Pts',(-250.,40.6451426083654,0.766541334356522));
#7181=CARTESIAN_POINT('Ctrl Pts',(-300.,40.6451426083654,0.766541334356522));
#7182=CARTESIAN_POINT('Ctrl Pts',(-250.,47.9145471078365,0.884064876426219));
#7183=CARTESIAN_POINT('Ctrl Pts',(-300.,47.9145471078365,0.884064876426219));
#7184=CARTESIAN_POINT('Ctrl Pts',(-250.,55.4793750154559,0.939092174678324));
#7185=CARTESIAN_POINT('Ctrl Pts',(-300.,55.4793750154559,0.939092174678324));
#7186=CARTESIAN_POINT('Ctrl Pts',(-250.,63.773834779814,0.999426886434782));
#7187=CARTESIAN_POINT('Ctrl Pts',(-300.,63.773834779814,0.999426886434782));
#7188=CARTESIAN_POINT('Ctrl Pts',(-250.,72.3508404979549,0.971679494207317));
#7189=CARTESIAN_POINT('Ctrl Pts',(-300.,72.3508404979549,0.971679494207317));
#7190=CARTESIAN_POINT('Ctrl Pts',(-250.,80.4860979385479,0.91702347557075));
#7191=CARTESIAN_POINT('Ctrl Pts',(-300.,80.4860979385479,0.91702347557075));
#7192=CARTESIAN_POINT('Ctrl Pts',(-250.,88.6217687964782,0.862364679425806));
#7193=CARTESIAN_POINT('Ctrl Pts',(-300.,88.6217687964782,0.862364679425806));
#7194=CARTESIAN_POINT('Ctrl Pts',(-250.,96.3503465271109,0.827727561715754));
#7195=CARTESIAN_POINT('Ctrl Pts',(-300.,96.3503465271109,0.827727561715754));
#7196=CARTESIAN_POINT('Ctrl Pts',(-250.,103.496292241763,0.868271916054637));
#7197=CARTESIAN_POINT('Ctrl Pts',(-300.,103.496292241763,0.868271916054637));
#7198=CARTESIAN_POINT('Ctrl Pts',(-250.,110.726879813277,0.909296507660019));
#7199=CARTESIAN_POINT('Ctrl Pts',(-300.,110.726879813277,0.909296507660019));
#7200=CARTESIAN_POINT('Ctrl Pts',(-250.,117.330149044864,0.981046694424783));
#7201=CARTESIAN_POINT('Ctrl Pts',(-300.,117.330149044864,0.981046694424783));
#7202=CARTESIAN_POINT('Ctrl Pts',(-250.,122.897399402113,0.768456548905196));
#7203=CARTESIAN_POINT('Ctrl Pts',(-300.,122.897399402113,0.768456548905196));
#7204=CARTESIAN_POINT('Ctrl Pts',(-250.,125.492704060643,0.669352653872692));
#7205=CARTESIAN_POINT('Ctrl Pts',(-300.,125.492704060643,0.669352653872692));
#7206=CARTESIAN_POINT('Ctrl Pts',(-250.,127.870744765032,0.51367378637705));
#7207=CARTESIAN_POINT('Ctrl Pts',(-300.,127.870744765032,0.51367378637705));
#7208=CARTESIAN_POINT('Ctrl Pts',(-250.,130.029748715055,0.298521379389427));
#7209=CARTESIAN_POINT('Ctrl Pts',(-300.,130.029748715055,0.298521379389427));
#7210=CARTESIAN_POINT('',(-263.178402661849,87.2018936144801,0.873346587602366));
#7211=CARTESIAN_POINT('Ctrl Pts',(-259.926885750115,90.4534105262154,0.857124783586242));
#7212=CARTESIAN_POINT('Ctrl Pts',(-261.018696000473,89.3616002758574,0.86161560806081));
#7213=CARTESIAN_POINT('Ctrl Pts',(-262.099913403644,88.280382872686,0.867150529644663));
#7214=CARTESIAN_POINT('Ctrl Pts',(-263.17840266185,87.2018936144809,0.873346587602085));
#7215=CARTESIAN_POINT('',(-263.036981305612,87.2018936144801,0.873346587602355));
#7216=CARTESIAN_POINT('Ctrl Pts',(-263.036981305612,87.2018936144801,0.873346587602355));
#7217=CARTESIAN_POINT('Ctrl Pts',(-263.084121757691,87.2018936144801,0.873346587602354));
#7218=CARTESIAN_POINT('Ctrl Pts',(-263.13126220977,87.2018936144801,0.873346587602367));
#7219=CARTESIAN_POINT('Ctrl Pts',(-263.178402661849,87.2018936144801,0.873346587602366));
#7220=CARTESIAN_POINT('',(-259.856175071996,90.3826998480967,0.857417149843754));
#7221=CARTESIAN_POINT('Ctrl Pts',(-263.036981305612,87.2018936144809,0.873346587602086));
#7222=CARTESIAN_POINT('Ctrl Pts',(-261.981788156698,88.2570867633952,0.867284368755483));
#7223=CARTESIAN_POINT('Ctrl Pts',(-260.923957733136,89.3149171869571,0.861854986427181));
#7224=CARTESIAN_POINT('Ctrl Pts',(-259.856175071996,90.3826998480967,0.857417149843754));
#7225=CARTESIAN_POINT('',(-256.67536883838,87.2018936144799,0.873346587602293));
#7226=CARTESIAN_POINT('Ctrl Pts',(-259.856175071996,90.3826998480967,0.857417149843754));
#7227=CARTESIAN_POINT('Ctrl Pts',(-258.787080955312,89.3136057314127,0.861860436998355));
#7228=CARTESIAN_POINT('Ctrl Pts',(-257.73046634856,88.2569911246598,0.867284918213499));
#7229=CARTESIAN_POINT('Ctrl Pts',(-256.675368841589,87.2018936176891,0.873346587583654));
#7230=CARTESIAN_POINT('',(-256.533947482143,87.2018936144799,0.873346587602296));
#7231=CARTESIAN_POINT('Ctrl Pts',(-256.533947482143,87.2018936144799,0.873346587602296));
#7232=CARTESIAN_POINT('Ctrl Pts',(-256.581087934222,87.2018936144799,0.873346587602296));
#7233=CARTESIAN_POINT('Ctrl Pts',(-256.628228386301,87.2018936144799,0.873346587602293));
#7234=CARTESIAN_POINT('Ctrl Pts',(-256.67536883838,87.2018936144799,0.873346587602293));
#7235=CARTESIAN_POINT('',(-259.785464393878,90.4534105262154,0.857124783586242));
#7236=CARTESIAN_POINT('Ctrl Pts',(-256.533947485337,87.2018936176752,0.873346587583734));
#7237=CARTESIAN_POINT('Ctrl Pts',(-257.612436568897,88.2803827012352,0.86715053063101));
#7238=CARTESIAN_POINT('Ctrl Pts',(-258.69223671143,89.3601828437679,0.861621438230217));
#7239=CARTESIAN_POINT('Ctrl Pts',(-259.785464393878,90.4534105262154,0.857124783586242));
#7240=CARTESIAN_POINT('Ctrl Pts',(-259.785464393878,90.4534105262154,0.857124783586242));
#7241=CARTESIAN_POINT('Ctrl Pts',(-256.470949026828,93.7679258932651,0.843491547658298));
#7242=CARTESIAN_POINT('Ctrl Pts',(-253.387014687064,96.8518602330294,0.840846048320388));
#7243=CARTESIAN_POINT('Ctrl Pts',(-250.,100.238874920093,0.852945340353363));
#7244=CARTESIAN_POINT('',(-259.856175071996,90.5241212043341,0.856835464038044));
#7245=CARTESIAN_POINT('Ctrl Pts',(-250.,100.38029627633,0.853458263656904));
#7246=CARTESIAN_POINT('Ctrl Pts',(-253.416384290181,96.963911986149,0.840881240086254));
#7247=CARTESIAN_POINT('Ctrl Pts',(-256.51824628013,93.8620499962009,0.843250261412496));
#7248=CARTESIAN_POINT('Ctrl Pts',(-259.856175071996,90.5241212043341,0.856835464038045));
#7249=CARTESIAN_POINT('Ctrl Pts',(-259.856175071996,90.5241212043341,0.856835464038044));
#7250=CARTESIAN_POINT('Ctrl Pts',(-264.158711985126,94.8266581174639,0.839324354780355));
#7251=CARTESIAN_POINT('Ctrl Pts',(-267.524980600687,98.1929267330246,0.839574327462376));
#7252=CARTESIAN_POINT('Ctrl Pts',(-272.282438237671,102.950384370009,0.865248519295371));
#7253=CARTESIAN_POINT('Origin',(-272.426885750115,77.9534105262154,0.));
#7254=CARTESIAN_POINT('',(-272.426885750115,77.9534105262154,3.45884198738078));
#7255=CARTESIAN_POINT('',(-272.426885750115,77.9534105262154,0.));
#7256=CARTESIAN_POINT('',(-273.445943424004,78.9724682027142,0.927047883628421));
#7257=CARTESIAN_POINT('Origin',(-270.819248580817,76.3457733569174,1.34077679266868));
#7258=CARTESIAN_POINT('Ctrl Pts',(-279.780301197755,85.3068259738557,0.884850376091525));
#7259=CARTESIAN_POINT('Ctrl Pts',(-277.692994804253,83.2195195803533,0.898108852018655));
#7260=CARTESIAN_POINT('Ctrl Pts',(-275.594942558113,81.1214673342135,0.913074007213512));
#7261=CARTESIAN_POINT('Ctrl Pts',(-273.445943424004,78.9724682001048,0.927047884039427));
#7262=CARTESIAN_POINT('Ctrl Pts',(-250.,-0.033162725479676,0.29816142211691));
#7263=CARTESIAN_POINT('Ctrl Pts',(-300.,-0.033162725479676,0.29816142211691));
#7264=CARTESIAN_POINT('Ctrl Pts',(-250.,4.30988864098154,0.781213250846202));
#7265=CARTESIAN_POINT('Ctrl Pts',(-300.,4.30988864098154,0.781213250846202));
#7266=CARTESIAN_POINT('Ctrl Pts',(-250.,9.41875266228446,0.932984401748832));
#7267=CARTESIAN_POINT('Ctrl Pts',(-300.,9.41875266228446,0.932984401748832));
#7268=CARTESIAN_POINT('Ctrl Pts',(-250.,15.2315881100653,0.898978580071365));
#7269=CARTESIAN_POINT('Ctrl Pts',(-300.,15.2315881100653,0.898978580071365));
#7270=CARTESIAN_POINT('Ctrl Pts',(-250.,20.8756224712796,0.865960266074153));
#7271=CARTESIAN_POINT('Ctrl Pts',(-300.,20.8756224712796,0.865960266074153));
#7272=CARTESIAN_POINT('Ctrl Pts',(-250.,27.1503121993085,0.734371549336726));
#7273=CARTESIAN_POINT('Ctrl Pts',(-300.,27.1503121993085,0.734371549336726));
#7274=CARTESIAN_POINT('Ctrl Pts',(-250.,33.9052772251262,0.75047443956282));
#7275=CARTESIAN_POINT('Ctrl Pts',(-300.,33.9052772251262,0.75047443956282));
#7276=CARTESIAN_POINT('Ctrl Pts',(-250.,40.6451426083654,0.766541334356522));
#7277=CARTESIAN_POINT('Ctrl Pts',(-300.,40.6451426083654,0.766541334356522));
#7278=CARTESIAN_POINT('Ctrl Pts',(-250.,47.9145471078365,0.884064876426219));
#7279=CARTESIAN_POINT('Ctrl Pts',(-300.,47.9145471078365,0.884064876426219));
#7280=CARTESIAN_POINT('Ctrl Pts',(-250.,55.4793750154559,0.939092174678324));
#7281=CARTESIAN_POINT('Ctrl Pts',(-300.,55.4793750154559,0.939092174678324));
#7282=CARTESIAN_POINT('Ctrl Pts',(-250.,63.773834779814,0.999426886434782));
#7283=CARTESIAN_POINT('Ctrl Pts',(-300.,63.773834779814,0.999426886434782));
#7284=CARTESIAN_POINT('Ctrl Pts',(-250.,72.3508404979549,0.971679494207317));
#7285=CARTESIAN_POINT('Ctrl Pts',(-300.,72.3508404979549,0.971679494207317));
#7286=CARTESIAN_POINT('Ctrl Pts',(-250.,80.4860979385479,0.91702347557075));
#7287=CARTESIAN_POINT('Ctrl Pts',(-300.,80.4860979385479,0.91702347557075));
#7288=CARTESIAN_POINT('Ctrl Pts',(-250.,88.6217687964782,0.862364679425806));
#7289=CARTESIAN_POINT('Ctrl Pts',(-300.,88.6217687964782,0.862364679425806));
#7290=CARTESIAN_POINT('Ctrl Pts',(-250.,96.3503465271109,0.827727561715754));
#7291=CARTESIAN_POINT('Ctrl Pts',(-300.,96.3503465271109,0.827727561715754));
#7292=CARTESIAN_POINT('Ctrl Pts',(-250.,103.496292241763,0.868271916054637));
#7293=CARTESIAN_POINT('Ctrl Pts',(-300.,103.496292241763,0.868271916054637));
#7294=CARTESIAN_POINT('Ctrl Pts',(-250.,110.726879813277,0.909296507660019));
#7295=CARTESIAN_POINT('Ctrl Pts',(-300.,110.726879813277,0.909296507660019));
#7296=CARTESIAN_POINT('Ctrl Pts',(-250.,117.330149044864,0.981046694424783));
#7297=CARTESIAN_POINT('Ctrl Pts',(-300.,117.330149044864,0.981046694424783));
#7298=CARTESIAN_POINT('Ctrl Pts',(-250.,122.897399402113,0.768456548905196));
#7299=CARTESIAN_POINT('Ctrl Pts',(-300.,122.897399402113,0.768456548905196));
#7300=CARTESIAN_POINT('Ctrl Pts',(-250.,125.492704060643,0.669352653872692));
#7301=CARTESIAN_POINT('Ctrl Pts',(-300.,125.492704060643,0.669352653872692));
#7302=CARTESIAN_POINT('Ctrl Pts',(-250.,127.870744765032,0.51367378637705));
#7303=CARTESIAN_POINT('Ctrl Pts',(-300.,127.870744765032,0.51367378637705));
#7304=CARTESIAN_POINT('Ctrl Pts',(-250.,130.029748715055,0.298521379389427));
#7305=CARTESIAN_POINT('Ctrl Pts',(-300.,130.029748715055,0.298521379389427));
#7306=CARTESIAN_POINT('',(-273.304522067889,78.9724682027767,0.927047883637025));
#7307=CARTESIAN_POINT('Ctrl Pts',(-273.304522067889,78.9724682027767,0.927047883637025));
#7308=CARTESIAN_POINT('Ctrl Pts',(-273.351662519928,78.9724682027767,0.927047883637025));
#7309=CARTESIAN_POINT('Ctrl Pts',(-273.398802971966,78.9724682025382,0.927047883604199));
#7310=CARTESIAN_POINT('Ctrl Pts',(-273.445943424004,78.9724682027142,0.927047883628421));
#7311=CARTESIAN_POINT('Ctrl Pts',(-273.304522067889,78.9724682002269,0.927047884038633));
#7312=CARTESIAN_POINT('Ctrl Pts',(-275.501983635983,81.1699297683203,0.912758880011153));
#7313=CARTESIAN_POINT('Ctrl Pts',(-277.645645512064,83.313591644402,0.897436559058905));
#7314=CARTESIAN_POINT('Ctrl Pts',(-279.780301197755,85.448247330093,0.883954617081971));
#7315=CARTESIAN_POINT('Origin',(-284.926885750115,40.4534105262154,0.));
#7316=CARTESIAN_POINT('',(-284.926885750115,40.4534105262154,0.790933435219242));
#7317=CARTESIAN_POINT('',(-284.926885750115,40.4534105262154,0.));
#7318=CARTESIAN_POINT('Ctrl Pts',(-290.182029366929,45.7085541430293,0.845075257157653));
#7319=CARTESIAN_POINT('Ctrl Pts',(-288.293200763744,43.8197255398443,0.824498772586237));
#7320=CARTESIAN_POINT('Ctrl Pts',(-286.669836694635,42.1963614707352,0.806907116500665));
#7321=CARTESIAN_POINT('Ctrl Pts',(-284.926885750115,40.4534105262155,0.790933435219242));
#7322=CARTESIAN_POINT('Ctrl Pts',(-250.,-0.033162725479676,0.29816142211691));
#7323=CARTESIAN_POINT('Ctrl Pts',(-300.,-0.033162725479676,0.29816142211691));
#7324=CARTESIAN_POINT('Ctrl Pts',(-250.,4.30988864098154,0.781213250846202));
#7325=CARTESIAN_POINT('Ctrl Pts',(-300.,4.30988864098154,0.781213250846202));
#7326=CARTESIAN_POINT('Ctrl Pts',(-250.,9.41875266228446,0.932984401748832));
#7327=CARTESIAN_POINT('Ctrl Pts',(-300.,9.41875266228446,0.932984401748832));
#7328=CARTESIAN_POINT('Ctrl Pts',(-250.,15.2315881100653,0.898978580071365));
#7329=CARTESIAN_POINT('Ctrl Pts',(-300.,15.2315881100653,0.898978580071365));
#7330=CARTESIAN_POINT('Ctrl Pts',(-250.,20.8756224712796,0.865960266074153));
#7331=CARTESIAN_POINT('Ctrl Pts',(-300.,20.8756224712796,0.865960266074153));
#7332=CARTESIAN_POINT('Ctrl Pts',(-250.,27.1503121993085,0.734371549336726));
#7333=CARTESIAN_POINT('Ctrl Pts',(-300.,27.1503121993085,0.734371549336726));
#7334=CARTESIAN_POINT('Ctrl Pts',(-250.,33.9052772251262,0.75047443956282));
#7335=CARTESIAN_POINT('Ctrl Pts',(-300.,33.9052772251262,0.75047443956282));
#7336=CARTESIAN_POINT('Ctrl Pts',(-250.,40.6451426083654,0.766541334356522));
#7337=CARTESIAN_POINT('Ctrl Pts',(-300.,40.6451426083654,0.766541334356522));
#7338=CARTESIAN_POINT('Ctrl Pts',(-250.,47.9145471078365,0.884064876426219));
#7339=CARTESIAN_POINT('Ctrl Pts',(-300.,47.9145471078365,0.884064876426219));
#7340=CARTESIAN_POINT('Ctrl Pts',(-250.,55.4793750154559,0.939092174678324));
#7341=CARTESIAN_POINT('Ctrl Pts',(-300.,55.4793750154559,0.939092174678324));
#7342=CARTESIAN_POINT('Ctrl Pts',(-250.,63.773834779814,0.999426886434782));
#7343=CARTESIAN_POINT('Ctrl Pts',(-300.,63.773834779814,0.999426886434782));
#7344=CARTESIAN_POINT('Ctrl Pts',(-250.,72.3508404979549,0.971679494207317));
#7345=CARTESIAN_POINT('Ctrl Pts',(-300.,72.3508404979549,0.971679494207317));
#7346=CARTESIAN_POINT('Ctrl Pts',(-250.,80.4860979385479,0.91702347557075));
#7347=CARTESIAN_POINT('Ctrl Pts',(-300.,80.4860979385479,0.91702347557075));
#7348=CARTESIAN_POINT('Ctrl Pts',(-250.,88.6217687964782,0.862364679425806));
#7349=CARTESIAN_POINT('Ctrl Pts',(-300.,88.6217687964782,0.862364679425806));
#7350=CARTESIAN_POINT('Ctrl Pts',(-250.,96.3503465271109,0.827727561715754));
#7351=CARTESIAN_POINT('Ctrl Pts',(-300.,96.3503465271109,0.827727561715754));
#7352=CARTESIAN_POINT('Ctrl Pts',(-250.,103.496292241763,0.868271916054637));
#7353=CARTESIAN_POINT('Ctrl Pts',(-300.,103.496292241763,0.868271916054637));
#7354=CARTESIAN_POINT('Ctrl Pts',(-250.,110.726879813277,0.909296507660019));
#7355=CARTESIAN_POINT('Ctrl Pts',(-300.,110.726879813277,0.909296507660019));
#7356=CARTESIAN_POINT('Ctrl Pts',(-250.,117.330149044864,0.981046694424783));
#7357=CARTESIAN_POINT('Ctrl Pts',(-300.,117.330149044864,0.981046694424783));
#7358=CARTESIAN_POINT('Ctrl Pts',(-250.,122.897399402113,0.768456548905196));
#7359=CARTESIAN_POINT('Ctrl Pts',(-300.,122.897399402113,0.768456548905196));
#7360=CARTESIAN_POINT('Ctrl Pts',(-250.,125.492704060643,0.669352653872692));
#7361=CARTESIAN_POINT('Ctrl Pts',(-300.,125.492704060643,0.669352653872692));
#7362=CARTESIAN_POINT('Ctrl Pts',(-250.,127.870744765032,0.51367378637705));
#7363=CARTESIAN_POINT('Ctrl Pts',(-300.,127.870744765032,0.51367378637705));
#7364=CARTESIAN_POINT('Ctrl Pts',(-250.,130.029748715055,0.298521379389427));
#7365=CARTESIAN_POINT('Ctrl Pts',(-300.,130.029748715055,0.298521379389427));
#7366=CARTESIAN_POINT('',(-281.299999983779,36.8265247436581,0.762937728125678));
#7367=CARTESIAN_POINT('Ctrl Pts',(-284.856175071996,40.3826998480967,0.790287017263425));
#7368=CARTESIAN_POINT('Ctrl Pts',(-283.64780039339,39.1743251694903,0.779268303865547));
#7369=CARTESIAN_POINT('Ctrl Pts',(-282.468859660007,37.9953844361076,0.769958618268544));
#7370=CARTESIAN_POINT('Ctrl Pts',(-281.299999975668,36.8265247517686,0.762937728174394));
#7371=CARTESIAN_POINT('',(-281.29999998324,36.9679460988176,0.763798008583823));
#7372=CARTESIAN_POINT('Ctrl Pts',(-281.3,36.9679460988176,0.763798008583823));
#7373=CARTESIAN_POINT('Ctrl Pts',(-281.3,36.9207927763804,0.76350758142306));
#7374=CARTESIAN_POINT('Ctrl Pts',(-281.3,36.8736527117963,0.763220807684846));
#7375=CARTESIAN_POINT('Ctrl Pts',(-281.3,36.8265247436581,0.762937728125678));
#7376=CARTESIAN_POINT('',(-284.785464393878,40.4534105262154,0.790933435219242));
#7377=CARTESIAN_POINT('Ctrl Pts',(-281.29999997486,36.9679461071975,0.763798008635437));
#7378=CARTESIAN_POINT('Ctrl Pts',(-282.445774562963,38.113720695301,0.770855073626467));
#7379=CARTESIAN_POINT('Ctrl Pts',(-283.601588847378,39.2695349797155,0.780083531086184));
#7380=CARTESIAN_POINT('Ctrl Pts',(-284.785464393878,40.4534105262154,0.790933435219242));
#7381=CARTESIAN_POINT('',(-280.979130165651,44.2597447544417,0.829374857449257));
#7382=CARTESIAN_POINT('Ctrl Pts',(-284.785464393878,40.4534105262154,0.790933435219242));
#7383=CARTESIAN_POINT('Ctrl Pts',(-283.532079104006,41.7067958160866,0.802420377640758));
#7384=CARTESIAN_POINT('Ctrl Pts',(-282.267640979993,42.9712339401002,0.815535088484658));
#7385=CARTESIAN_POINT('Ctrl Pts',(-280.979130165651,44.2597447544417,0.829374857449257));
#7386=CARTESIAN_POINT('',(-281.120551521889,44.2597447544417,0.829374857449255));
#7387=CARTESIAN_POINT('Ctrl Pts',(-281.120551521889,44.2597447544417,0.829374857449255));
#7388=CARTESIAN_POINT('Ctrl Pts',(-281.07341106981,44.2597447544417,0.829374857449255));
#7389=CARTESIAN_POINT('Ctrl Pts',(-281.02627061773,44.2597447544417,0.829374857449257));
#7390=CARTESIAN_POINT('Ctrl Pts',(-280.979130165651,44.2597447544417,0.829374857449257));
#7391=CARTESIAN_POINT('',(-284.856175071996,40.5241212043342,0.791583091645844));
#7392=CARTESIAN_POINT('Ctrl Pts',(-281.120551521889,44.2597447544417,0.829374857449257));
#7393=CARTESIAN_POINT('Ctrl Pts',(-282.385336363599,42.9949599127313,0.815789926842257));
#7394=CARTESIAN_POINT('Ctrl Pts',(-283.62653407759,41.7537621987401,0.80290835697577));
#7395=CARTESIAN_POINT('Ctrl Pts',(-284.856175071996,40.5241212043341,0.791583091645844));
#7396=CARTESIAN_POINT('Ctrl Pts',(-284.856175071996,40.5241212043342,0.791583091645844));
#7397=CARTESIAN_POINT('Ctrl Pts',(-286.622348349502,42.2902944818399,0.807849937885824));
#7398=CARTESIAN_POINT('Ctrl Pts',(-288.293004164545,43.9609502968829,0.826032500465709));
#7399=CARTESIAN_POINT('Ctrl Pts',(-290.182029366944,45.8499754992816,0.846616080924195));
#7400=CARTESIAN_POINT('Ctrl Pts',(-284.926885750115,40.4534105262155,0.790933435219242));
#7401=CARTESIAN_POINT('Ctrl Pts',(-286.452196744754,38.9280995315765,0.776954366123796));
#7402=CARTESIAN_POINT('Ctrl Pts',(-287.970417688215,37.4098785881152,0.765300214081291));
#7403=CARTESIAN_POINT('Ctrl Pts',(-289.497055674083,35.883240602247,0.757770996739555));
#7404=CARTESIAN_POINT('Origin',(-250.,62.9921020006257,1.26625913045532));
#7405=CARTESIAN_POINT('',(-259.856175071996,65.3826998480967,4.63997782110828));
#7406=CARTESIAN_POINT('',(-253.342096752222,58.868621528322,0.959918361825976));
#7407=CARTESIAN_POINT('Origin',(-257.465577224525,62.9921020006257,1.26625913045532));
#7408=CARTESIAN_POINT('',(-253.200675395984,58.868621528322,0.959918361825975));
#7409=CARTESIAN_POINT('Ctrl Pts',(-253.342096752222,58.868621528322,0.959918361825976));
#7410=CARTESIAN_POINT('Ctrl Pts',(-253.294956300143,58.868621528322,0.959918361825976));
#7411=CARTESIAN_POINT('Ctrl Pts',(-253.247815848063,58.868621528322,0.959918361825975));
#7412=CARTESIAN_POINT('Ctrl Pts',(-253.200675395984,58.868621528322,0.959918361825975));
#7413=CARTESIAN_POINT('',(-259.785464393878,65.4534105262154,4.58874257117454));
#7414=CARTESIAN_POINT('Origin',(-257.324155868288,62.9921020006257,1.26625913045532));
#7415=CARTESIAN_POINT('',(-258.122093097914,67.116781822179,0.97651399820039));
#7416=CARTESIAN_POINT('Origin',(-262.246772919467,62.9921020006257,1.26625913045532));
#7417=CARTESIAN_POINT('',(-258.263514454152,67.116781822179,0.976513998200385));
#7418=CARTESIAN_POINT('Ctrl Pts',(-258.122093097914,67.116781822179,0.97651399820039));
#7419=CARTESIAN_POINT('Ctrl Pts',(-258.169233549993,67.116781822179,0.97651399820039));
#7420=CARTESIAN_POINT('Ctrl Pts',(-258.216374002072,67.116781822179,0.976513998200385));
#7421=CARTESIAN_POINT('Ctrl Pts',(-258.263514454152,67.116781822179,0.976513998200385));
#7422=CARTESIAN_POINT('',(-259.856175071996,65.5241212043341,4.53517556010688));
#7423=CARTESIAN_POINT('Origin',(-262.388194275705,62.9921020006257,1.26625913045532));
#7424=CARTESIAN_POINT('',(-261.448835689841,67.116781822179,0.976513998200366));
#7425=CARTESIAN_POINT('Origin',(-257.324155868288,62.9921020006257,1.26625913045532));
#7426=CARTESIAN_POINT('',(-261.590257046079,67.1167818221789,0.976513998200364));
#7427=CARTESIAN_POINT('Ctrl Pts',(-261.448835689841,67.116781822179,0.976513998200366));
#7428=CARTESIAN_POINT('Ctrl Pts',(-261.49597614192,67.116781822179,0.976513998200366));
#7429=CARTESIAN_POINT('Ctrl Pts',(-261.543116593999,67.1167818221789,0.976513998200364));
#7430=CARTESIAN_POINT('Ctrl Pts',(-261.590257046079,67.1167818221789,0.976513998200364));
#7431=CARTESIAN_POINT('',(-259.926885750115,65.4534105262154,4.58874257117456));
#7432=CARTESIAN_POINT('Origin',(-257.465577224525,62.9921020006257,1.26625913045532));
#7433=CARTESIAN_POINT('',(-266.511674748009,58.868621528322,0.959918361825979));
#7434=CARTESIAN_POINT('Origin',(-262.388194275705,62.9921020006257,1.26625913045532));
#7435=CARTESIAN_POINT('',(-266.370253391771,58.868621528322,0.959918361825978));
#7436=CARTESIAN_POINT('Ctrl Pts',(-266.511674748009,58.868621528322,0.959918361825979));
#7437=CARTESIAN_POINT('Ctrl Pts',(-266.464534295929,58.868621528322,0.959918361825979));
#7438=CARTESIAN_POINT('Ctrl Pts',(-266.41739384385,58.868621528322,0.959918361825978));
#7439=CARTESIAN_POINT('Ctrl Pts',(-266.370253391771,58.868621528322,0.959918361825978));
#7440=CARTESIAN_POINT('Origin',(-262.246772919467,62.9921020006257,1.26625913045532));
#7441=CARTESIAN_POINT('Origin',(-250.,76.3457733569174,1.34077679266868));
#7442=CARTESIAN_POINT('',(-274.,76.2388749200931,3.99770550103925));
#7443=CARTESIAN_POINT('',(-272.356175071996,77.8826998480967,3.51069715938046));
#7444=CARTESIAN_POINT('Origin',(-273.893101563176,76.3457733569174,1.34077679266868));
#7445=CARTESIAN_POINT('',(-268.187979866628,73.7145046427279,0.957211425505849));
#7446=CARTESIAN_POINT('Origin',(-270.819248580817,76.3457733569174,1.34077679266868));
#7447=CARTESIAN_POINT('',(-268.04655851039,73.714504642728,0.957211425505844));
#7448=CARTESIAN_POINT('Ctrl Pts',(-268.187979866628,73.7145046427279,0.957211425505849));
#7449=CARTESIAN_POINT('Ctrl Pts',(-268.140839414549,73.7145046427279,0.957211425505849));
#7450=CARTESIAN_POINT('Ctrl Pts',(-268.093698962469,73.714504642728,0.957211425505844));
#7451=CARTESIAN_POINT('Ctrl Pts',(-268.04655851039,73.714504642728,0.957211425505844));
#7452=CARTESIAN_POINT('',(-272.285464393878,77.9534105262154,3.45884198738075));
#7453=CARTESIAN_POINT('Origin',(-270.67782722458,76.3457733569174,1.34077679266868));
#7454=CARTESIAN_POINT('',(-271.266406781316,78.9724681713384,0.927047879309432));
#7455=CARTESIAN_POINT('Origin',(-273.893101563176,76.3457733569174,1.34077679266868));
#7456=CARTESIAN_POINT('',(-271.407828127398,78.9724681765341,0.92704788002463));
#7457=CARTESIAN_POINT('Ctrl Pts',(-271.266406781316,78.9724681713384,0.927047879309432));
#7458=CARTESIAN_POINT('Ctrl Pts',(-271.31354723001,78.9724681713384,0.927047879309432));
#7459=CARTESIAN_POINT('Ctrl Pts',(-271.360687678704,78.972468166827,0.92704787868842));
#7460=CARTESIAN_POINT('Ctrl Pts',(-271.407828127398,78.9724681765341,0.92704788002463));
#7461=CARTESIAN_POINT('',(-272.356175071996,78.0241212043341,3.40326217206678));
#7462=CARTESIAN_POINT('Origin',(-274.034522919413,76.3457733569174,1.34077679266868));
#7463=CARTESIAN_POINT('Origin',(-270.67782722458,76.3457733569174,1.34077679266868));
#7464=CARTESIAN_POINT('',(-274.,76.3802962763305,3.99963098295336));
#7465=CARTESIAN_POINT('Origin',(-274.034522919413,76.3457733569174,1.34077679266868));
#7466=CARTESIAN_POINT('Origin',(-274.,76.3457733569174,1.34077679266868));
#7467=CARTESIAN_POINT('Origin',(-250.,76.3457733569174,1.34077679266868));
#7468=CARTESIAN_POINT('',(-251.665791633603,73.7145046427279,0.957211425505648));
#7469=CARTESIAN_POINT('Origin',(-249.034522919413,76.3457733569174,1.34077679266868));
#7470=CARTESIAN_POINT('',(-251.524370277365,73.7145046427279,0.957211425505856));
#7471=CARTESIAN_POINT('Ctrl Pts',(-251.665791633603,73.7145046427279,0.957211425505648));
#7472=CARTESIAN_POINT('Ctrl Pts',(-251.618651181523,73.7145046427279,0.957211425505648));
#7473=CARTESIAN_POINT('Ctrl Pts',(-251.571510729444,73.7145046427279,0.957211425505853));
#7474=CARTESIAN_POINT('Ctrl Pts',(-251.524370277365,73.7145046427279,0.957211425505856));
#7475=CARTESIAN_POINT('Origin',(-248.893101563176,76.3457733569174,1.34077679266868));
#7476=CARTESIAN_POINT('Origin',(-274.,76.3457733569174,1.34077679266868));
#7477=CARTESIAN_POINT('',(-274.000000012093,76.2388748959074,0.943907172852688));
#7478=CARTESIAN_POINT('',(-274.,76.2388749200931,0.670388396334341));
#7479=CARTESIAN_POINT('',(-274.000000011129,76.3802962540733,0.943088977263405));
#7480=CARTESIAN_POINT('',(-274.,76.3802962763305,0.670388396334341));
#7481=CARTESIAN_POINT('Ctrl Pts',(-274.000000011129,76.3777953211815,0.941864288780411));
#7482=CARTESIAN_POINT('Ctrl Pts',(-274.000000011129,76.3306232976654,0.942115293687709));
#7483=CARTESIAN_POINT('Ctrl Pts',(-274.000000011129,76.2834408172708,0.942365088638537));
#7484=CARTESIAN_POINT('Ctrl Pts',(-274.000000011129,76.2362480147769,0.942613662249531));
#7485=CARTESIAN_POINT('Origin',(-250.,85.4240245199313,1.53659174948041));
#7486=CARTESIAN_POINT('',(-266.742336119359,83.6379601569718,0.895743285744124));
#7487=CARTESIAN_POINT('Origin',(-264.956271756399,85.4240245199313,1.53659174948041));
#7488=CARTESIAN_POINT('',(-266.600914763122,83.6379601569718,0.895743285744133));
#7489=CARTESIAN_POINT('Ctrl Pts',(-266.742336119359,83.6379601569718,0.895743285744124));
#7490=CARTESIAN_POINT('Ctrl Pts',(-266.69519566728,83.6379601569718,0.895743285744124));
#7491=CARTESIAN_POINT('Ctrl Pts',(-266.648055215201,83.6379601569718,0.895743285744133));
#7492=CARTESIAN_POINT('Ctrl Pts',(-266.600914763122,83.6379601569718,0.895743285744133));
#7493=CARTESIAN_POINT('Origin',(-264.814850400162,85.4240245199313,1.53659174948041));
#7494=CARTESIAN_POINT('Origin',(-250.,85.4240245199313,1.53659174948041));
#7495=CARTESIAN_POINT('',(-252.970014024635,83.6379601569728,0.89574328574384));
#7496=CARTESIAN_POINT('Origin',(-254.756078387594,85.4240245199313,1.53659174948041));
#7497=CARTESIAN_POINT('',(-253.111435380872,83.6379601569727,0.895743285743861));
#7498=CARTESIAN_POINT('Origin',(-254.897499743831,85.4240245199313,1.53659174948041));
#7499=CARTESIAN_POINT('Ctrl Pts',(-253.111435380872,83.6379601569727,0.895743285743861));
#7500=CARTESIAN_POINT('Ctrl Pts',(-253.064294928793,83.6379601569727,0.89574328574386));
#7501=CARTESIAN_POINT('Ctrl Pts',(-253.017154476714,83.6379601569728,0.895743285743841));
#7502=CARTESIAN_POINT('Ctrl Pts',(-252.970014024635,83.6379601569728,0.89574328574384));
#7503=CARTESIAN_POINT('Origin',(-272.356175071996,53.0241212043341,0.));
#7504=CARTESIAN_POINT('',(-259.926885750115,65.4534105262154,10.0068189670868));
#7505=CARTESIAN_POINT('',(-259.926885750115,65.4534105262154,0.));
#7506=CARTESIAN_POINT('',(-272.356175071996,53.0241212043341,7.6579113100341));
#7507=CARTESIAN_POINT('Ctrl Pts',(-272.356175071996,53.0241212043342,7.65791131003408));
#7508=CARTESIAN_POINT('Ctrl Pts',(-267.738573943883,57.6417223324477,8.71368710899002));
#7509=CARTESIAN_POINT('Ctrl Pts',(-262.754772676741,62.6255235995892,9.56817933718387));
#7510=CARTESIAN_POINT('Ctrl Pts',(-259.926885750115,65.4534105262154,10.0068189670868));
#7511=CARTESIAN_POINT('',(-272.356175071996,53.0241212043341,3.09271206962923));
#7512=CARTESIAN_POINT('',(-272.356175071996,53.0241212043341,0.));
#7513=CARTESIAN_POINT('',(-271.989710489672,53.3905857785439,0.922558987841035));
#7514=CARTESIAN_POINT('Origin',(-276.55912126654,48.8211750097902,1.2669601331213));
#7515=CARTESIAN_POINT('Ctrl Pts',(-266.511674748009,58.8686215283219,0.959918361825976));
#7516=CARTESIAN_POINT('Ctrl Pts',(-268.303099705389,57.0771965709411,0.951005515530285));
#7517=CARTESIAN_POINT('Ctrl Pts',(-270.108682048979,55.2716142273512,0.938602521924371));
#7518=CARTESIAN_POINT('Ctrl Pts',(-271.989710489672,53.3905857866585,0.92255898722943));
#7519=CARTESIAN_POINT('Origin',(-259.856175071996,65.3826998480967,0.));
#7520=CARTESIAN_POINT('',(-271.84828912493,53.390585782823,0.922558988232058));
#7521=CARTESIAN_POINT('Ctrl Pts',(-271.84828912493,53.3905857951632,0.922558987301967));
#7522=CARTESIAN_POINT('Ctrl Pts',(-269.967287179043,55.2715877410501,0.938602296010339));
#7523=CARTESIAN_POINT('Ctrl Pts',(-268.161951116191,57.0769238039022,0.951004158437049));
#7524=CARTESIAN_POINT('Ctrl Pts',(-266.370253391771,58.868621528322,0.959918361825976));
#7525=CARTESIAN_POINT('',(-272.285464393878,52.9534105262154,3.24755511561717));
#7526=CARTESIAN_POINT('Origin',(-276.417699910303,48.8211750097902,1.2669601331213));
#7527=CARTESIAN_POINT('',(-272.285464393878,52.9534105262154,7.6788739251788));
#7528=CARTESIAN_POINT('',(-272.285464393878,52.9534105262154,0.));
#7529=CARTESIAN_POINT('',(-259.856175071996,65.3826998480967,10.0285177233568));
#7530=CARTESIAN_POINT('Ctrl Pts',(-259.856175071996,65.3826998480967,10.0285177233568));
#7531=CARTESIAN_POINT('Ctrl Pts',(-262.656079116824,62.5827958032695,9.59328410001735));
#7532=CARTESIAN_POINT('Ctrl Pts',(-267.658814835764,57.5800600843286,8.73686316468133));
#7533=CARTESIAN_POINT('Ctrl Pts',(-272.285464393878,52.9534105262155,7.67887392517878));
#7534=CARTESIAN_POINT('',(-259.856175071996,65.3826998480967,0.));
#7535=CARTESIAN_POINT('Origin',(-259.926885750115,65.4534105262154,0.));
#7536=CARTESIAN_POINT('Ctrl Pts',(-268.187979866628,73.714504642728,0.957211425505854));
#7537=CARTESIAN_POINT('Ctrl Pts',(-265.962769435199,71.489294211299,0.967735318437022));
#7538=CARTESIAN_POINT('Ctrl Pts',(-263.81357462425,69.3400994003501,0.974519688178089));
#7539=CARTESIAN_POINT('Ctrl Pts',(-261.590257046079,67.1167818221789,0.976513998200366));
#7540=CARTESIAN_POINT('',(-272.356175071996,77.8826998480967,5.36726185050163));
#7541=CARTESIAN_POINT('',(-272.356175071996,77.8826998480967,0.));
#7542=CARTESIAN_POINT('Ctrl Pts',(-259.926885750115,65.4534105262154,10.0068189670868));
#7543=CARTESIAN_POINT('Ctrl Pts',(-265.295377879982,70.8219026560822,8.35739939602383));
#7544=CARTESIAN_POINT('Ctrl Pts',(-269.625309603855,75.1518343799549,6.58067133090681));
#7545=CARTESIAN_POINT('Ctrl Pts',(-272.356175071996,77.8826998480967,5.36726185050164));
#7546=CARTESIAN_POINT('Origin',(-272.285464393878,77.9534105262154,0.));
#7547=CARTESIAN_POINT('',(-259.856175071996,65.5241212043341,10.0177668831603));
#7548=CARTESIAN_POINT('',(-259.856175071996,65.5241212043341,0.));
#7549=CARTESIAN_POINT('',(-272.285464393878,77.9534105262154,5.37718098116128));
#7550=CARTESIAN_POINT('Ctrl Pts',(-272.285464393878,77.9534105262154,5.37718098116127));
#7551=CARTESIAN_POINT('Ctrl Pts',(-269.55652508968,75.2244712220175,6.58874260665104));
#7552=CARTESIAN_POINT('Ctrl Pts',(-265.213336044997,70.8812821773345,8.37002838680256));
#7553=CARTESIAN_POINT('Ctrl Pts',(-259.856175071996,65.5241212043341,10.0177668831603));
#7554=CARTESIAN_POINT('',(-272.285464393878,77.9534105262154,0.));
#7555=CARTESIAN_POINT('Ctrl Pts',(-261.448835689841,67.116781822179,0.976513998200365));
#7556=CARTESIAN_POINT('Ctrl Pts',(-263.673897082237,69.3418432145744,0.974518123981315));
#7557=CARTESIAN_POINT('Ctrl Pts',(-265.822233157473,71.4901792898106,0.967731132553584));
#7558=CARTESIAN_POINT('Ctrl Pts',(-268.04655851039,73.7145046427281,0.957211425505853));
#7559=CARTESIAN_POINT('Origin',(-284.785464393878,90.4534105262154,0.));
#7560=CARTESIAN_POINT('',(-272.356175071996,78.0241212043341,0.));
#7561=CARTESIAN_POINT('Origin',(-247.426885750115,77.9534105262154,0.));
#7562=CARTESIAN_POINT('',(-259.856175071996,90.3826998480967,6.60400935195368));
#7563=CARTESIAN_POINT('',(-259.856175071996,90.3826998480967,0.));
#7564=CARTESIAN_POINT('Ctrl Pts',(-250.,80.5265247761003,10.3734869643616));
#7565=CARTESIAN_POINT('Ctrl Pts',(-252.860656953631,83.3871817297315,9.32483755965605));
#7566=CARTESIAN_POINT('Ctrl Pts',(-256.189032043058,86.7155568191585,8.04513655797925));
#7567=CARTESIAN_POINT('Ctrl Pts',(-258.839592284792,89.3661170608921,7.00774321798308));
#7568=CARTESIAN_POINT('Ctrl Pts',(-259.334417588631,89.8609423647309,6.81269141911342));
#7569=CARTESIAN_POINT('Ctrl Pts',(-259.856175071996,90.3826998480967,6.60400935195367));
#7570=CARTESIAN_POINT('Ctrl Pts',(-253.111435380872,83.6379601569726,0.895743285743817));
#7571=CARTESIAN_POINT('Ctrl Pts',(-252.087499270072,82.6140240461721,0.902571130887025));
#7572=CARTESIAN_POINT('Ctrl Pts',(-251.053596987687,81.5801217637873,0.90966938055094));
#7573=CARTESIAN_POINT('Ctrl Pts',(-250.,80.5265247761003,0.916751795891545));
#7574=CARTESIAN_POINT('Origin',(-259.856175071996,90.3826998480967,0.));
#7575=CARTESIAN_POINT('Ctrl Pts',(-259.856175071996,90.3826998480967,6.60400935195367));
#7576=CARTESIAN_POINT('Ctrl Pts',(-260.243209037951,89.9956658821421,6.580001384676));
#7577=CARTESIAN_POINT('Ctrl Pts',(-260.623847311551,89.615027608542,6.55406895304266));
#7578=CARTESIAN_POINT('Ctrl Pts',(-261.530840232311,88.7080346877819,6.48880959168334));
#7579=CARTESIAN_POINT('Ctrl Pts',(-262.088873995871,88.1500009242217,6.44598382964428));
#7580=CARTESIAN_POINT('Ctrl Pts',(-263.721547483914,86.5173274361789,6.31569482931043));
#7581=CARTESIAN_POINT('Ctrl Pts',(-264.871602986266,85.3672719338275,6.21608854044963));
#7582=CARTESIAN_POINT('Ctrl Pts',(-268.091050161289,82.1478247588039,5.90726836912013));
#7583=CARTESIAN_POINT('Ctrl Pts',(-270.198585879501,80.0402890405922,5.6692788829747));
#7584=CARTESIAN_POINT('Ctrl Pts',(-272.285464393878,77.9534105262154,5.37718098116126));
#7585=CARTESIAN_POINT('Ctrl Pts',(-271.266406765019,78.9724681550738,0.927047884332241));
#7586=CARTESIAN_POINT('Ctrl Pts',(-269.684560287793,80.5543146322999,0.91676192029893));
#7587=CARTESIAN_POINT('Ctrl Pts',(-268.136845289533,82.1020296305596,0.905985229234683));
#7588=CARTESIAN_POINT('Ctrl Pts',(-266.600914763122,83.6379601569713,0.895743285743825));
#7589=CARTESIAN_POINT('Ctrl Pts',(-250.,-0.033162725479676,0.29816142211691));
#7590=CARTESIAN_POINT('Ctrl Pts',(-300.,-0.033162725479676,0.29816142211691));
#7591=CARTESIAN_POINT('Ctrl Pts',(-250.,4.30988864098154,0.781213250846202));
#7592=CARTESIAN_POINT('Ctrl Pts',(-300.,4.30988864098154,0.781213250846202));
#7593=CARTESIAN_POINT('Ctrl Pts',(-250.,9.41875266228446,0.932984401748832));
#7594=CARTESIAN_POINT('Ctrl Pts',(-300.,9.41875266228446,0.932984401748832));
#7595=CARTESIAN_POINT('Ctrl Pts',(-250.,15.2315881100653,0.898978580071365));
#7596=CARTESIAN_POINT('Ctrl Pts',(-300.,15.2315881100653,0.898978580071365));
#7597=CARTESIAN_POINT('Ctrl Pts',(-250.,20.8756224712796,0.865960266074153));
#7598=CARTESIAN_POINT('Ctrl Pts',(-300.,20.8756224712796,0.865960266074153));
#7599=CARTESIAN_POINT('Ctrl Pts',(-250.,27.1503121993085,0.734371549336726));
#7600=CARTESIAN_POINT('Ctrl Pts',(-300.,27.1503121993085,0.734371549336726));
#7601=CARTESIAN_POINT('Ctrl Pts',(-250.,33.9052772251262,0.75047443956282));
#7602=CARTESIAN_POINT('Ctrl Pts',(-300.,33.9052772251262,0.75047443956282));
#7603=CARTESIAN_POINT('Ctrl Pts',(-250.,40.6451426083654,0.766541334356522));
#7604=CARTESIAN_POINT('Ctrl Pts',(-300.,40.6451426083654,0.766541334356522));
#7605=CARTESIAN_POINT('Ctrl Pts',(-250.,47.9145471078365,0.884064876426219));
#7606=CARTESIAN_POINT('Ctrl Pts',(-300.,47.9145471078365,0.884064876426219));
#7607=CARTESIAN_POINT('Ctrl Pts',(-250.,55.4793750154559,0.939092174678324));
#7608=CARTESIAN_POINT('Ctrl Pts',(-300.,55.4793750154559,0.939092174678324));
#7609=CARTESIAN_POINT('Ctrl Pts',(-250.,63.773834779814,0.999426886434782));
#7610=CARTESIAN_POINT('Ctrl Pts',(-300.,63.773834779814,0.999426886434782));
#7611=CARTESIAN_POINT('Ctrl Pts',(-250.,72.3508404979549,0.971679494207317));
#7612=CARTESIAN_POINT('Ctrl Pts',(-300.,72.3508404979549,0.971679494207317));
#7613=CARTESIAN_POINT('Ctrl Pts',(-250.,80.4860979385479,0.91702347557075));
#7614=CARTESIAN_POINT('Ctrl Pts',(-300.,80.4860979385479,0.91702347557075));
#7615=CARTESIAN_POINT('Ctrl Pts',(-250.,88.6217687964782,0.862364679425806));
#7616=CARTESIAN_POINT('Ctrl Pts',(-300.,88.6217687964782,0.862364679425806));
#7617=CARTESIAN_POINT('Ctrl Pts',(-250.,96.3503465271109,0.827727561715754));
#7618=CARTESIAN_POINT('Ctrl Pts',(-300.,96.3503465271109,0.827727561715754));
#7619=CARTESIAN_POINT('Ctrl Pts',(-250.,103.496292241763,0.868271916054637));
#7620=CARTESIAN_POINT('Ctrl Pts',(-300.,103.496292241763,0.868271916054637));
#7621=CARTESIAN_POINT('Ctrl Pts',(-250.,110.726879813277,0.909296507660019));
#7622=CARTESIAN_POINT('Ctrl Pts',(-300.,110.726879813277,0.909296507660019));
#7623=CARTESIAN_POINT('Ctrl Pts',(-250.,117.330149044864,0.981046694424783));
#7624=CARTESIAN_POINT('Ctrl Pts',(-300.,117.330149044864,0.981046694424783));
#7625=CARTESIAN_POINT('Ctrl Pts',(-250.,122.897399402113,0.768456548905196));
#7626=CARTESIAN_POINT('Ctrl Pts',(-300.,122.897399402113,0.768456548905196));
#7627=CARTESIAN_POINT('Ctrl Pts',(-250.,125.492704060643,0.669352653872692));
#7628=CARTESIAN_POINT('Ctrl Pts',(-300.,125.492704060643,0.669352653872692));
#7629=CARTESIAN_POINT('Ctrl Pts',(-250.,127.870744765032,0.51367378637705));
#7630=CARTESIAN_POINT('Ctrl Pts',(-300.,127.870744765032,0.51367378637705));
#7631=CARTESIAN_POINT('Ctrl Pts',(-250.,130.029748715055,0.298521379389427));
#7632=CARTESIAN_POINT('Ctrl Pts',(-300.,130.029748715055,0.298521379389427));
#7633=CARTESIAN_POINT('Ctrl Pts',(-250.,80.6679461323377,0.915800268977593));
#7634=CARTESIAN_POINT('Ctrl Pts',(-251.005466519031,81.6734126513686,0.909029186290626));
#7635=CARTESIAN_POINT('Ctrl Pts',(-251.992560470228,82.6605066025662,0.902261174344257));
#7636=CARTESIAN_POINT('Ctrl Pts',(-252.970014024635,83.6379601569727,0.895743285743816));
#7637=CARTESIAN_POINT('Ctrl Pts',(-250.,-0.033162725479676,0.29816142211691));
#7638=CARTESIAN_POINT('Ctrl Pts',(-300.,-0.033162725479676,0.29816142211691));
#7639=CARTESIAN_POINT('Ctrl Pts',(-250.,4.30988864098154,0.781213250846202));
#7640=CARTESIAN_POINT('Ctrl Pts',(-300.,4.30988864098154,0.781213250846202));
#7641=CARTESIAN_POINT('Ctrl Pts',(-250.,9.41875266228446,0.932984401748832));
#7642=CARTESIAN_POINT('Ctrl Pts',(-300.,9.41875266228446,0.932984401748832));
#7643=CARTESIAN_POINT('Ctrl Pts',(-250.,15.2315881100653,0.898978580071365));
#7644=CARTESIAN_POINT('Ctrl Pts',(-300.,15.2315881100653,0.898978580071365));
#7645=CARTESIAN_POINT('Ctrl Pts',(-250.,20.8756224712796,0.865960266074153));
#7646=CARTESIAN_POINT('Ctrl Pts',(-300.,20.8756224712796,0.865960266074153));
#7647=CARTESIAN_POINT('Ctrl Pts',(-250.,27.1503121993085,0.734371549336726));
#7648=CARTESIAN_POINT('Ctrl Pts',(-300.,27.1503121993085,0.734371549336726));
#7649=CARTESIAN_POINT('Ctrl Pts',(-250.,33.9052772251262,0.75047443956282));
#7650=CARTESIAN_POINT('Ctrl Pts',(-300.,33.9052772251262,0.75047443956282));
#7651=CARTESIAN_POINT('Ctrl Pts',(-250.,40.6451426083654,0.766541334356522));
#7652=CARTESIAN_POINT('Ctrl Pts',(-300.,40.6451426083654,0.766541334356522));
#7653=CARTESIAN_POINT('Ctrl Pts',(-250.,47.9145471078365,0.884064876426219));
#7654=CARTESIAN_POINT('Ctrl Pts',(-300.,47.9145471078365,0.884064876426219));
#7655=CARTESIAN_POINT('Ctrl Pts',(-250.,55.4793750154559,0.939092174678324));
#7656=CARTESIAN_POINT('Ctrl Pts',(-300.,55.4793750154559,0.939092174678324));
#7657=CARTESIAN_POINT('Ctrl Pts',(-250.,63.773834779814,0.999426886434782));
#7658=CARTESIAN_POINT('Ctrl Pts',(-300.,63.773834779814,0.999426886434782));
#7659=CARTESIAN_POINT('Ctrl Pts',(-250.,72.3508404979549,0.971679494207317));
#7660=CARTESIAN_POINT('Ctrl Pts',(-300.,72.3508404979549,0.971679494207317));
#7661=CARTESIAN_POINT('Ctrl Pts',(-250.,80.4860979385479,0.91702347557075));
#7662=CARTESIAN_POINT('Ctrl Pts',(-300.,80.4860979385479,0.91702347557075));
#7663=CARTESIAN_POINT('Ctrl Pts',(-250.,88.6217687964782,0.862364679425806));
#7664=CARTESIAN_POINT('Ctrl Pts',(-300.,88.6217687964782,0.862364679425806));
#7665=CARTESIAN_POINT('Ctrl Pts',(-250.,96.3503465271109,0.827727561715754));
#7666=CARTESIAN_POINT('Ctrl Pts',(-300.,96.3503465271109,0.827727561715754));
#7667=CARTESIAN_POINT('Ctrl Pts',(-250.,103.496292241763,0.868271916054637));
#7668=CARTESIAN_POINT('Ctrl Pts',(-300.,103.496292241763,0.868271916054637));
#7669=CARTESIAN_POINT('Ctrl Pts',(-250.,110.726879813277,0.909296507660019));
#7670=CARTESIAN_POINT('Ctrl Pts',(-300.,110.726879813277,0.909296507660019));
#7671=CARTESIAN_POINT('Ctrl Pts',(-250.,117.330149044864,0.981046694424783));
#7672=CARTESIAN_POINT('Ctrl Pts',(-300.,117.330149044864,0.981046694424783));
#7673=CARTESIAN_POINT('Ctrl Pts',(-250.,122.897399402113,0.768456548905196));
#7674=CARTESIAN_POINT('Ctrl Pts',(-300.,122.897399402113,0.768456548905196));
#7675=CARTESIAN_POINT('Ctrl Pts',(-250.,125.492704060643,0.669352653872692));
#7676=CARTESIAN_POINT('Ctrl Pts',(-300.,125.492704060643,0.669352653872692));
#7677=CARTESIAN_POINT('Ctrl Pts',(-250.,127.870744765032,0.51367378637705));
#7678=CARTESIAN_POINT('Ctrl Pts',(-300.,127.870744765032,0.51367378637705));
#7679=CARTESIAN_POINT('Ctrl Pts',(-250.,130.029748715055,0.298521379389427));
#7680=CARTESIAN_POINT('Ctrl Pts',(-300.,130.029748715055,0.298521379389427));
#7681=CARTESIAN_POINT('Ctrl Pts',(-266.742336119359,83.6379601569714,0.895743285743824));
#7682=CARTESIAN_POINT('Ctrl Pts',(-268.278052280539,82.1022439957915,0.905983799797247));
#7683=CARTESIAN_POINT('Ctrl Pts',(-269.825721051664,80.5545752246663,0.916760225793546));
#7684=CARTESIAN_POINT('Ctrl Pts',(-271.407828113583,78.972468162747,0.927047884282346));
#7685=CARTESIAN_POINT('Ctrl Pts',(-250.,-0.033162725479676,0.29816142211691));
#7686=CARTESIAN_POINT('Ctrl Pts',(-300.,-0.033162725479676,0.29816142211691));
#7687=CARTESIAN_POINT('Ctrl Pts',(-250.,4.30988864098154,0.781213250846202));
#7688=CARTESIAN_POINT('Ctrl Pts',(-300.,4.30988864098154,0.781213250846202));
#7689=CARTESIAN_POINT('Ctrl Pts',(-250.,9.41875266228446,0.932984401748832));
#7690=CARTESIAN_POINT('Ctrl Pts',(-300.,9.41875266228446,0.932984401748832));
#7691=CARTESIAN_POINT('Ctrl Pts',(-250.,15.2315881100653,0.898978580071365));
#7692=CARTESIAN_POINT('Ctrl Pts',(-300.,15.2315881100653,0.898978580071365));
#7693=CARTESIAN_POINT('Ctrl Pts',(-250.,20.8756224712796,0.865960266074153));
#7694=CARTESIAN_POINT('Ctrl Pts',(-300.,20.8756224712796,0.865960266074153));
#7695=CARTESIAN_POINT('Ctrl Pts',(-250.,27.1503121993085,0.734371549336726));
#7696=CARTESIAN_POINT('Ctrl Pts',(-300.,27.1503121993085,0.734371549336726));
#7697=CARTESIAN_POINT('Ctrl Pts',(-250.,33.9052772251262,0.75047443956282));
#7698=CARTESIAN_POINT('Ctrl Pts',(-300.,33.9052772251262,0.75047443956282));
#7699=CARTESIAN_POINT('Ctrl Pts',(-250.,40.6451426083654,0.766541334356522));
#7700=CARTESIAN_POINT('Ctrl Pts',(-300.,40.6451426083654,0.766541334356522));
#7701=CARTESIAN_POINT('Ctrl Pts',(-250.,47.9145471078365,0.884064876426219));
#7702=CARTESIAN_POINT('Ctrl Pts',(-300.,47.9145471078365,0.884064876426219));
#7703=CARTESIAN_POINT('Ctrl Pts',(-250.,55.4793750154559,0.939092174678324));
#7704=CARTESIAN_POINT('Ctrl Pts',(-300.,55.4793750154559,0.939092174678324));
#7705=CARTESIAN_POINT('Ctrl Pts',(-250.,63.773834779814,0.999426886434782));
#7706=CARTESIAN_POINT('Ctrl Pts',(-300.,63.773834779814,0.999426886434782));
#7707=CARTESIAN_POINT('Ctrl Pts',(-250.,72.3508404979549,0.971679494207317));
#7708=CARTESIAN_POINT('Ctrl Pts',(-300.,72.3508404979549,0.971679494207317));
#7709=CARTESIAN_POINT('Ctrl Pts',(-250.,80.4860979385479,0.91702347557075));
#7710=CARTESIAN_POINT('Ctrl Pts',(-300.,80.4860979385479,0.91702347557075));
#7711=CARTESIAN_POINT('Ctrl Pts',(-250.,88.6217687964782,0.862364679425806));
#7712=CARTESIAN_POINT('Ctrl Pts',(-300.,88.6217687964782,0.862364679425806));
#7713=CARTESIAN_POINT('Ctrl Pts',(-250.,96.3503465271109,0.827727561715754));
#7714=CARTESIAN_POINT('Ctrl Pts',(-300.,96.3503465271109,0.827727561715754));
#7715=CARTESIAN_POINT('Ctrl Pts',(-250.,103.496292241763,0.868271916054637));
#7716=CARTESIAN_POINT('Ctrl Pts',(-300.,103.496292241763,0.868271916054637));
#7717=CARTESIAN_POINT('Ctrl Pts',(-250.,110.726879813277,0.909296507660019));
#7718=CARTESIAN_POINT('Ctrl Pts',(-300.,110.726879813277,0.909296507660019));
#7719=CARTESIAN_POINT('Ctrl Pts',(-250.,117.330149044864,0.981046694424783));
#7720=CARTESIAN_POINT('Ctrl Pts',(-300.,117.330149044864,0.981046694424783));
#7721=CARTESIAN_POINT('Ctrl Pts',(-250.,122.897399402113,0.768456548905196));
#7722=CARTESIAN_POINT('Ctrl Pts',(-300.,122.897399402113,0.768456548905196));
#7723=CARTESIAN_POINT('Ctrl Pts',(-250.,125.492704060643,0.669352653872692));
#7724=CARTESIAN_POINT('Ctrl Pts',(-300.,125.492704060643,0.669352653872692));
#7725=CARTESIAN_POINT('Ctrl Pts',(-250.,127.870744765032,0.51367378637705));
#7726=CARTESIAN_POINT('Ctrl Pts',(-300.,127.870744765032,0.51367378637705));
#7727=CARTESIAN_POINT('Ctrl Pts',(-250.,130.029748715055,0.298521379389427));
#7728=CARTESIAN_POINT('Ctrl Pts',(-300.,130.029748715055,0.298521379389427));
#7729=CARTESIAN_POINT('',(-272.864061018721,53.3905857826508,0.922558988216324));
#7730=CARTESIAN_POINT('Ctrl Pts',(-284.856175071996,65.3826998480967,0.977044756814764));
#7731=CARTESIAN_POINT('Ctrl Pts',(-280.783900840448,61.3104256165487,0.975850312455786));
#7732=CARTESIAN_POINT('Ctrl Pts',(-277.007353194624,57.5338779707245,0.957897661771896));
#7733=CARTESIAN_POINT('Ctrl Pts',(-272.864061018721,53.3905857948209,0.922558987299048));
#7734=CARTESIAN_POINT('',(-272.722639654077,53.3905857784212,0.92255898782982));
#7735=CARTESIAN_POINT('Ctrl Pts',(-272.722639654077,53.3905857784212,0.92255898782982));
#7736=CARTESIAN_POINT('Ctrl Pts',(-272.769780108958,53.3905857783801,0.922558987826068));
#7737=CARTESIAN_POINT('Ctrl Pts',(-272.816920563839,53.3905857826971,0.922558988220558));
#7738=CARTESIAN_POINT('Ctrl Pts',(-272.864061018721,53.3905857826508,0.922558988216324));
#7739=CARTESIAN_POINT('',(-284.785464393878,65.4534105262154,0.977063747410267));
#7740=CARTESIAN_POINT('Ctrl Pts',(-272.722639654077,53.3905857864146,0.922558987227349));
#7741=CARTESIAN_POINT('Ctrl Pts',(-276.891528048914,57.5594741812523,0.9581159751793));
#7742=CARTESIAN_POINT('Ctrl Pts',(-280.690217758815,61.3581638911527,0.97606518120193));
#7743=CARTESIAN_POINT('Ctrl Pts',(-284.785464393878,65.4534105262154,0.977063747410267));
#7744=CARTESIAN_POINT('Ctrl Pts',(-284.785464393878,65.4534105262154,0.977063747410267));
#7745=CARTESIAN_POINT('Ctrl Pts',(-281.111182721545,69.1276921985484,0.977959667447536));
#7746=CARTESIAN_POINT('Ctrl Pts',(-277.728353264615,72.5105216554781,0.965386763839033));
#7747=CARTESIAN_POINT('Ctrl Pts',(-274.000000024186,76.2388748959074,0.943907172852689));
#7748=CARTESIAN_POINT('',(-284.856175071996,65.5241212043341,0.977079242013434));
#7749=CARTESIAN_POINT('Ctrl Pts',(-274.000000022257,76.3802962540734,0.943088977263405));
#7750=CARTESIAN_POINT('Ctrl Pts',(-277.759350412772,72.6209458635583,0.964929717498165));
#7751=CARTESIAN_POINT('Ctrl Pts',(-281.158099779758,69.2221964965723,0.977798258752051));
#7752=CARTESIAN_POINT('Ctrl Pts',(-284.856175071996,65.5241212043341,0.977079242013434));
#7753=CARTESIAN_POINT('Ctrl Pts',(-284.856175071996,65.5241212043341,0.977079242013434));
#7754=CARTESIAN_POINT('Ctrl Pts',(-285.452878445963,66.1208245783004,0.977195259043907));
#7755=CARTESIAN_POINT('Ctrl Pts',(-286.048838669727,66.7167848020645,0.976938255838654));
#7756=CARTESIAN_POINT('Ctrl Pts',(-286.645289486388,67.3132356187256,0.976324858394373));
#7757=CARTESIAN_POINT('Ctrl Pts',(-284.926885750115,65.4485942084399,0.973130900072005));
#7758=CARTESIAN_POINT('Ctrl Pts',(-285.879190514933,64.4968296808015,0.973127766945393));
#7759=CARTESIAN_POINT('Ctrl Pts',(-286.828152824409,63.5485208519954,0.972310247296065));
#7760=CARTESIAN_POINT('Ctrl Pts',(-287.778863067574,62.5984491818782,0.97058631585632));
#7761=CARTESIAN_POINT('Ctrl Pts',(-287.866457435407,62.5109136494297,0.970427480200833));
#7762=CARTESIAN_POINT('Ctrl Pts',(-287.954066641431,62.4233631749539,0.970260917719024));
#7763=CARTESIAN_POINT('Ctrl Pts',(-288.04169466704,62.3357936984249,0.970086536095932));
#7764=CARTESIAN_POINT('Ctrl Pts',(-250.,-0.033162725479676,0.29816142211691));
#7765=CARTESIAN_POINT('Ctrl Pts',(-300.,-0.033162725479676,0.29816142211691));
#7766=CARTESIAN_POINT('Ctrl Pts',(-250.,4.30988864098154,0.781213250846202));
#7767=CARTESIAN_POINT('Ctrl Pts',(-300.,4.30988864098154,0.781213250846202));
#7768=CARTESIAN_POINT('Ctrl Pts',(-250.,9.41875266228446,0.932984401748832));
#7769=CARTESIAN_POINT('Ctrl Pts',(-300.,9.41875266228446,0.932984401748832));
#7770=CARTESIAN_POINT('Ctrl Pts',(-250.,15.2315881100653,0.898978580071365));
#7771=CARTESIAN_POINT('Ctrl Pts',(-300.,15.2315881100653,0.898978580071365));
#7772=CARTESIAN_POINT('Ctrl Pts',(-250.,20.8756224712796,0.865960266074153));
#7773=CARTESIAN_POINT('Ctrl Pts',(-300.,20.8756224712796,0.865960266074153));
#7774=CARTESIAN_POINT('Ctrl Pts',(-250.,27.1503121993085,0.734371549336726));
#7775=CARTESIAN_POINT('Ctrl Pts',(-300.,27.1503121993085,0.734371549336726));
#7776=CARTESIAN_POINT('Ctrl Pts',(-250.,33.9052772251262,0.75047443956282));
#7777=CARTESIAN_POINT('Ctrl Pts',(-300.,33.9052772251262,0.75047443956282));
#7778=CARTESIAN_POINT('Ctrl Pts',(-250.,40.6451426083654,0.766541334356522));
#7779=CARTESIAN_POINT('Ctrl Pts',(-300.,40.6451426083654,0.766541334356522));
#7780=CARTESIAN_POINT('Ctrl Pts',(-250.,47.9145471078365,0.884064876426219));
#7781=CARTESIAN_POINT('Ctrl Pts',(-300.,47.9145471078365,0.884064876426219));
#7782=CARTESIAN_POINT('Ctrl Pts',(-250.,55.4793750154559,0.939092174678324));
#7783=CARTESIAN_POINT('Ctrl Pts',(-300.,55.4793750154559,0.939092174678324));
#7784=CARTESIAN_POINT('Ctrl Pts',(-250.,63.773834779814,0.999426886434782));
#7785=CARTESIAN_POINT('Ctrl Pts',(-300.,63.773834779814,0.999426886434782));
#7786=CARTESIAN_POINT('Ctrl Pts',(-250.,72.3508404979549,0.971679494207317));
#7787=CARTESIAN_POINT('Ctrl Pts',(-300.,72.3508404979549,0.971679494207317));
#7788=CARTESIAN_POINT('Ctrl Pts',(-250.,80.4860979385479,0.91702347557075));
#7789=CARTESIAN_POINT('Ctrl Pts',(-300.,80.4860979385479,0.91702347557075));
#7790=CARTESIAN_POINT('Ctrl Pts',(-250.,88.6217687964782,0.862364679425806));
#7791=CARTESIAN_POINT('Ctrl Pts',(-300.,88.6217687964782,0.862364679425806));
#7792=CARTESIAN_POINT('Ctrl Pts',(-250.,96.3503465271109,0.827727561715754));
#7793=CARTESIAN_POINT('Ctrl Pts',(-300.,96.3503465271109,0.827727561715754));
#7794=CARTESIAN_POINT('Ctrl Pts',(-250.,103.496292241763,0.868271916054637));
#7795=CARTESIAN_POINT('Ctrl Pts',(-300.,103.496292241763,0.868271916054637));
#7796=CARTESIAN_POINT('Ctrl Pts',(-250.,110.726879813277,0.909296507660019));
#7797=CARTESIAN_POINT('Ctrl Pts',(-300.,110.726879813277,0.909296507660019));
#7798=CARTESIAN_POINT('Ctrl Pts',(-250.,117.330149044864,0.981046694424783));
#7799=CARTESIAN_POINT('Ctrl Pts',(-300.,117.330149044864,0.981046694424783));
#7800=CARTESIAN_POINT('Ctrl Pts',(-250.,122.897399402113,0.768456548905196));
#7801=CARTESIAN_POINT('Ctrl Pts',(-300.,122.897399402113,0.768456548905196));
#7802=CARTESIAN_POINT('Ctrl Pts',(-250.,125.492704060643,0.669352653872692));
#7803=CARTESIAN_POINT('Ctrl Pts',(-300.,125.492704060643,0.669352653872692));
#7804=CARTESIAN_POINT('Ctrl Pts',(-250.,127.870744765032,0.51367378637705));
#7805=CARTESIAN_POINT('Ctrl Pts',(-300.,127.870744765032,0.51367378637705));
#7806=CARTESIAN_POINT('Ctrl Pts',(-250.,130.029748715055,0.298521379389427));
#7807=CARTESIAN_POINT('Ctrl Pts',(-300.,130.029748715055,0.298521379389427));
#7808=CARTESIAN_POINT('Ctrl Pts',(-271.84828912493,53.390585782823,0.922558988232058));
#7809=CARTESIAN_POINT('Ctrl Pts',(-271.895429579844,53.390585782823,0.922558988232058));
#7810=CARTESIAN_POINT('Ctrl Pts',(-271.942570034758,53.3905857785547,0.922558987842016));
#7811=CARTESIAN_POINT('Ctrl Pts',(-271.989710489672,53.3905857785439,0.922558987841035));
#7812=CARTESIAN_POINT('Ctrl Pts',(-250.,-0.033162725479676,0.29816142211691));
#7813=CARTESIAN_POINT('Ctrl Pts',(-300.,-0.033162725479676,0.29816142211691));
#7814=CARTESIAN_POINT('Ctrl Pts',(-250.,4.30988864098154,0.781213250846202));
#7815=CARTESIAN_POINT('Ctrl Pts',(-300.,4.30988864098154,0.781213250846202));
#7816=CARTESIAN_POINT('Ctrl Pts',(-250.,9.41875266228446,0.932984401748832));
#7817=CARTESIAN_POINT('Ctrl Pts',(-300.,9.41875266228446,0.932984401748832));
#7818=CARTESIAN_POINT('Ctrl Pts',(-250.,15.2315881100653,0.898978580071365));
#7819=CARTESIAN_POINT('Ctrl Pts',(-300.,15.2315881100653,0.898978580071365));
#7820=CARTESIAN_POINT('Ctrl Pts',(-250.,20.8756224712796,0.865960266074153));
#7821=CARTESIAN_POINT('Ctrl Pts',(-300.,20.8756224712796,0.865960266074153));
#7822=CARTESIAN_POINT('Ctrl Pts',(-250.,27.1503121993085,0.734371549336726));
#7823=CARTESIAN_POINT('Ctrl Pts',(-300.,27.1503121993085,0.734371549336726));
#7824=CARTESIAN_POINT('Ctrl Pts',(-250.,33.9052772251262,0.75047443956282));
#7825=CARTESIAN_POINT('Ctrl Pts',(-300.,33.9052772251262,0.75047443956282));
#7826=CARTESIAN_POINT('Ctrl Pts',(-250.,40.6451426083654,0.766541334356522));
#7827=CARTESIAN_POINT('Ctrl Pts',(-300.,40.6451426083654,0.766541334356522));
#7828=CARTESIAN_POINT('Ctrl Pts',(-250.,47.9145471078365,0.884064876426219));
#7829=CARTESIAN_POINT('Ctrl Pts',(-300.,47.9145471078365,0.884064876426219));
#7830=CARTESIAN_POINT('Ctrl Pts',(-250.,55.4793750154559,0.939092174678324));
#7831=CARTESIAN_POINT('Ctrl Pts',(-300.,55.4793750154559,0.939092174678324));
#7832=CARTESIAN_POINT('Ctrl Pts',(-250.,63.773834779814,0.999426886434782));
#7833=CARTESIAN_POINT('Ctrl Pts',(-300.,63.773834779814,0.999426886434782));
#7834=CARTESIAN_POINT('Ctrl Pts',(-250.,72.3508404979549,0.971679494207317));
#7835=CARTESIAN_POINT('Ctrl Pts',(-300.,72.3508404979549,0.971679494207317));
#7836=CARTESIAN_POINT('Ctrl Pts',(-250.,80.4860979385479,0.91702347557075));
#7837=CARTESIAN_POINT('Ctrl Pts',(-300.,80.4860979385479,0.91702347557075));
#7838=CARTESIAN_POINT('Ctrl Pts',(-250.,88.6217687964782,0.862364679425806));
#7839=CARTESIAN_POINT('Ctrl Pts',(-300.,88.6217687964782,0.862364679425806));
#7840=CARTESIAN_POINT('Ctrl Pts',(-250.,96.3503465271109,0.827727561715754));
#7841=CARTESIAN_POINT('Ctrl Pts',(-300.,96.3503465271109,0.827727561715754));
#7842=CARTESIAN_POINT('Ctrl Pts',(-250.,103.496292241763,0.868271916054637));
#7843=CARTESIAN_POINT('Ctrl Pts',(-300.,103.496292241763,0.868271916054637));
#7844=CARTESIAN_POINT('Ctrl Pts',(-250.,110.726879813277,0.909296507660019));
#7845=CARTESIAN_POINT('Ctrl Pts',(-300.,110.726879813277,0.909296507660019));
#7846=CARTESIAN_POINT('Ctrl Pts',(-250.,117.330149044864,0.981046694424783));
#7847=CARTESIAN_POINT('Ctrl Pts',(-300.,117.330149044864,0.981046694424783));
#7848=CARTESIAN_POINT('Ctrl Pts',(-250.,122.897399402113,0.768456548905196));
#7849=CARTESIAN_POINT('Ctrl Pts',(-300.,122.897399402113,0.768456548905196));
#7850=CARTESIAN_POINT('Ctrl Pts',(-250.,125.492704060643,0.669352653872692));
#7851=CARTESIAN_POINT('Ctrl Pts',(-300.,125.492704060643,0.669352653872692));
#7852=CARTESIAN_POINT('Ctrl Pts',(-250.,127.870744765032,0.51367378637705));
#7853=CARTESIAN_POINT('Ctrl Pts',(-300.,127.870744765032,0.51367378637705));
#7854=CARTESIAN_POINT('Ctrl Pts',(-250.,130.029748715055,0.298521379389427));
#7855=CARTESIAN_POINT('Ctrl Pts',(-300.,130.029748715055,0.298521379389427));
#7856=CARTESIAN_POINT('Ctrl Pts',(-253.342096752222,58.868621528322,0.959918361826054));
#7857=CARTESIAN_POINT('Ctrl Pts',(-252.238366432487,57.7648912085871,0.954426991031042));
#7858=CARTESIAN_POINT('Ctrl Pts',(-251.127846397385,56.6543711734859,0.947604566102087));
#7859=CARTESIAN_POINT('Ctrl Pts',(-250.,55.5265247761004,0.939434437555967));
#7860=CARTESIAN_POINT('Ctrl Pts',(-250.,55.6679436812942,0.940448349347318));
#7861=CARTESIAN_POINT('Ctrl Pts',(-250.587310746973,56.255239142091,0.94462400753946));
#7862=CARTESIAN_POINT('Ctrl Pts',(-251.170015848742,56.8378688333738,0.948318924373155));
#7863=CARTESIAN_POINT('Ctrl Pts',(-251.749588196365,57.417287200349,0.951587845322835));
#7864=CARTESIAN_POINT('Ctrl Pts',(-252.235194416305,57.9027644045418,0.954326775763827));
#7865=CARTESIAN_POINT('Ctrl Pts',(-252.718601361525,58.3859886601087,0.956766373743493));
#7866=CARTESIAN_POINT('Ctrl Pts',(-253.200675395984,58.8678425626708,0.958932322657423));
#7867=CARTESIAN_POINT('Ctrl Pts',(-250.,-0.033162725479676,0.29816142211691));
#7868=CARTESIAN_POINT('Ctrl Pts',(-300.,-0.033162725479676,0.29816142211691));
#7869=CARTESIAN_POINT('Ctrl Pts',(-250.,4.30988864098154,0.781213250846202));
#7870=CARTESIAN_POINT('Ctrl Pts',(-300.,4.30988864098154,0.781213250846202));
#7871=CARTESIAN_POINT('Ctrl Pts',(-250.,9.41875266228446,0.932984401748832));
#7872=CARTESIAN_POINT('Ctrl Pts',(-300.,9.41875266228446,0.932984401748832));
#7873=CARTESIAN_POINT('Ctrl Pts',(-250.,15.2315881100653,0.898978580071365));
#7874=CARTESIAN_POINT('Ctrl Pts',(-300.,15.2315881100653,0.898978580071365));
#7875=CARTESIAN_POINT('Ctrl Pts',(-250.,20.8756224712796,0.865960266074153));
#7876=CARTESIAN_POINT('Ctrl Pts',(-300.,20.8756224712796,0.865960266074153));
#7877=CARTESIAN_POINT('Ctrl Pts',(-250.,27.1503121993085,0.734371549336726));
#7878=CARTESIAN_POINT('Ctrl Pts',(-300.,27.1503121993085,0.734371549336726));
#7879=CARTESIAN_POINT('Ctrl Pts',(-250.,33.9052772251262,0.75047443956282));
#7880=CARTESIAN_POINT('Ctrl Pts',(-300.,33.9052772251262,0.75047443956282));
#7881=CARTESIAN_POINT('Ctrl Pts',(-250.,40.6451426083654,0.766541334356522));
#7882=CARTESIAN_POINT('Ctrl Pts',(-300.,40.6451426083654,0.766541334356522));
#7883=CARTESIAN_POINT('Ctrl Pts',(-250.,47.9145471078365,0.884064876426219));
#7884=CARTESIAN_POINT('Ctrl Pts',(-300.,47.9145471078365,0.884064876426219));
#7885=CARTESIAN_POINT('Ctrl Pts',(-250.,55.4793750154559,0.939092174678324));
#7886=CARTESIAN_POINT('Ctrl Pts',(-300.,55.4793750154559,0.939092174678324));
#7887=CARTESIAN_POINT('Ctrl Pts',(-250.,63.773834779814,0.999426886434782));
#7888=CARTESIAN_POINT('Ctrl Pts',(-300.,63.773834779814,0.999426886434782));
#7889=CARTESIAN_POINT('Ctrl Pts',(-250.,72.3508404979549,0.971679494207317));
#7890=CARTESIAN_POINT('Ctrl Pts',(-300.,72.3508404979549,0.971679494207317));
#7891=CARTESIAN_POINT('Ctrl Pts',(-250.,80.4860979385479,0.91702347557075));
#7892=CARTESIAN_POINT('Ctrl Pts',(-300.,80.4860979385479,0.91702347557075));
#7893=CARTESIAN_POINT('Ctrl Pts',(-250.,88.6217687964782,0.862364679425806));
#7894=CARTESIAN_POINT('Ctrl Pts',(-300.,88.6217687964782,0.862364679425806));
#7895=CARTESIAN_POINT('Ctrl Pts',(-250.,96.3503465271109,0.827727561715754));
#7896=CARTESIAN_POINT('Ctrl Pts',(-300.,96.3503465271109,0.827727561715754));
#7897=CARTESIAN_POINT('Ctrl Pts',(-250.,103.496292241763,0.868271916054637));
#7898=CARTESIAN_POINT('Ctrl Pts',(-300.,103.496292241763,0.868271916054637));
#7899=CARTESIAN_POINT('Ctrl Pts',(-250.,110.726879813277,0.909296507660019));
#7900=CARTESIAN_POINT('Ctrl Pts',(-300.,110.726879813277,0.909296507660019));
#7901=CARTESIAN_POINT('Ctrl Pts',(-250.,117.330149044864,0.981046694424783));
#7902=CARTESIAN_POINT('Ctrl Pts',(-300.,117.330149044864,0.981046694424783));
#7903=CARTESIAN_POINT('Ctrl Pts',(-250.,122.897399402113,0.768456548905196));
#7904=CARTESIAN_POINT('Ctrl Pts',(-300.,122.897399402113,0.768456548905196));
#7905=CARTESIAN_POINT('Ctrl Pts',(-250.,125.492704060643,0.669352653872692));
#7906=CARTESIAN_POINT('Ctrl Pts',(-300.,125.492704060643,0.669352653872692));
#7907=CARTESIAN_POINT('Ctrl Pts',(-250.,127.870744765032,0.51367378637705));
#7908=CARTESIAN_POINT('Ctrl Pts',(-300.,127.870744765032,0.51367378637705));
#7909=CARTESIAN_POINT('Ctrl Pts',(-250.,130.029748715055,0.298521379389427));
#7910=CARTESIAN_POINT('Ctrl Pts',(-300.,130.029748715055,0.298521379389427));
#7911=CARTESIAN_POINT('Ctrl Pts',(-250.,-0.033162725479676,0.29816142211691));
#7912=CARTESIAN_POINT('Ctrl Pts',(-300.,-0.033162725479676,0.29816142211691));
#7913=CARTESIAN_POINT('Ctrl Pts',(-250.,4.30988864098154,0.781213250846202));
#7914=CARTESIAN_POINT('Ctrl Pts',(-300.,4.30988864098154,0.781213250846202));
#7915=CARTESIAN_POINT('Ctrl Pts',(-250.,9.41875266228446,0.932984401748832));
#7916=CARTESIAN_POINT('Ctrl Pts',(-300.,9.41875266228446,0.932984401748832));
#7917=CARTESIAN_POINT('Ctrl Pts',(-250.,15.2315881100653,0.898978580071365));
#7918=CARTESIAN_POINT('Ctrl Pts',(-300.,15.2315881100653,0.898978580071365));
#7919=CARTESIAN_POINT('Ctrl Pts',(-250.,20.8756224712796,0.865960266074153));
#7920=CARTESIAN_POINT('Ctrl Pts',(-300.,20.8756224712796,0.865960266074153));
#7921=CARTESIAN_POINT('Ctrl Pts',(-250.,27.1503121993085,0.734371549336726));
#7922=CARTESIAN_POINT('Ctrl Pts',(-300.,27.1503121993085,0.734371549336726));
#7923=CARTESIAN_POINT('Ctrl Pts',(-250.,33.9052772251262,0.75047443956282));
#7924=CARTESIAN_POINT('Ctrl Pts',(-300.,33.9052772251262,0.75047443956282));
#7925=CARTESIAN_POINT('Ctrl Pts',(-250.,40.6451426083654,0.766541334356522));
#7926=CARTESIAN_POINT('Ctrl Pts',(-300.,40.6451426083654,0.766541334356522));
#7927=CARTESIAN_POINT('Ctrl Pts',(-250.,47.9145471078365,0.884064876426219));
#7928=CARTESIAN_POINT('Ctrl Pts',(-300.,47.9145471078365,0.884064876426219));
#7929=CARTESIAN_POINT('Ctrl Pts',(-250.,55.4793750154559,0.939092174678324));
#7930=CARTESIAN_POINT('Ctrl Pts',(-300.,55.4793750154559,0.939092174678324));
#7931=CARTESIAN_POINT('Ctrl Pts',(-250.,63.773834779814,0.999426886434782));
#7932=CARTESIAN_POINT('Ctrl Pts',(-300.,63.773834779814,0.999426886434782));
#7933=CARTESIAN_POINT('Ctrl Pts',(-250.,72.3508404979549,0.971679494207317));
#7934=CARTESIAN_POINT('Ctrl Pts',(-300.,72.3508404979549,0.971679494207317));
#7935=CARTESIAN_POINT('Ctrl Pts',(-250.,80.4860979385479,0.91702347557075));
#7936=CARTESIAN_POINT('Ctrl Pts',(-300.,80.4860979385479,0.91702347557075));
#7937=CARTESIAN_POINT('Ctrl Pts',(-250.,88.6217687964782,0.862364679425806));
#7938=CARTESIAN_POINT('Ctrl Pts',(-300.,88.6217687964782,0.862364679425806));
#7939=CARTESIAN_POINT('Ctrl Pts',(-250.,96.3503465271109,0.827727561715754));
#7940=CARTESIAN_POINT('Ctrl Pts',(-300.,96.3503465271109,0.827727561715754));
#7941=CARTESIAN_POINT('Ctrl Pts',(-250.,103.496292241763,0.868271916054637));
#7942=CARTESIAN_POINT('Ctrl Pts',(-300.,103.496292241763,0.868271916054637));
#7943=CARTESIAN_POINT('Ctrl Pts',(-250.,110.726879813277,0.909296507660019));
#7944=CARTESIAN_POINT('Ctrl Pts',(-300.,110.726879813277,0.909296507660019));
#7945=CARTESIAN_POINT('Ctrl Pts',(-250.,117.330149044864,0.981046694424783));
#7946=CARTESIAN_POINT('Ctrl Pts',(-300.,117.330149044864,0.981046694424783));
#7947=CARTESIAN_POINT('Ctrl Pts',(-250.,122.897399402113,0.768456548905196));
#7948=CARTESIAN_POINT('Ctrl Pts',(-300.,122.897399402113,0.768456548905196));
#7949=CARTESIAN_POINT('Ctrl Pts',(-250.,125.492704060643,0.669352653872692));
#7950=CARTESIAN_POINT('Ctrl Pts',(-300.,125.492704060643,0.669352653872692));
#7951=CARTESIAN_POINT('Ctrl Pts',(-250.,127.870744765032,0.51367378637705));
#7952=CARTESIAN_POINT('Ctrl Pts',(-300.,127.870744765032,0.51367378637705));
#7953=CARTESIAN_POINT('Ctrl Pts',(-250.,130.029748715055,0.298521379389427));
#7954=CARTESIAN_POINT('Ctrl Pts',(-300.,130.029748715055,0.298521379389427));
#7955=CARTESIAN_POINT('Ctrl Pts',(-258.1220930993,67.1167818207932,0.976513998201609));
#7956=CARTESIAN_POINT('Ctrl Pts',(-255.919477109789,69.3193978103041,0.974538257451981));
#7957=CARTESIAN_POINT('Ctrl Pts',(-253.750681381846,71.4881935382475,0.967740523951603));
#7958=CARTESIAN_POINT('Ctrl Pts',(-251.524370277365,73.7145046427279,0.957211425505854));
#7959=CARTESIAN_POINT('Ctrl Pts',(-251.665791633603,73.714504642728,0.957211425505854));
#7960=CARTESIAN_POINT('Ctrl Pts',(-253.891367169383,71.4889291069472,0.967737045158707));
#7961=CARTESIAN_POINT('Ctrl Pts',(-256.059616907413,69.3206793689176,0.974537107897605));
#7962=CARTESIAN_POINT('Ctrl Pts',(-258.26351445576,67.1167818205708,0.976513998201808));
#7963=CARTESIAN_POINT('Origin',(-272.356175071996,78.0241212043341,0.));
#7964=CARTESIAN_POINT('Origin',(-272.356175071996,52.8826998480967,0.));
#7965=CARTESIAN_POINT('',(-272.356175071996,52.8826998480967,3.3887854877895));
#7966=CARTESIAN_POINT('Origin',(-276.417699910303,48.8211750097902,1.2669601331213));
#7967=CARTESIAN_POINT('',(-284.785464393878,40.4534105262154,0.));
#7968=CARTESIAN_POINT('',(-272.356175071996,52.8826998480967,0.));
#7969=CARTESIAN_POINT('Origin',(-272.356175071996,28.0241212043342,0.));
#7970=CARTESIAN_POINT('',(-259.926885750115,40.4534105262154,2.05037382919588));
#7971=CARTESIAN_POINT('',(-271.375800340367,29.0044959359638,0.75656159650246));
#7972=CARTESIAN_POINT('Origin',(-265.620925279381,34.7593709969492,1.13430160469827));
#7973=CARTESIAN_POINT('',(-259.926885750115,40.4534105262154,0.));
#7974=CARTESIAN_POINT('',(-272.356175071996,28.0241212043342,0.762216060419142));
#7975=CARTESIAN_POINT('',(-272.356175071996,28.0241212043342,0.));
#7976=CARTESIAN_POINT('Ctrl Pts',(-271.375800340367,29.0044959359638,0.756561596502455));
#7977=CARTESIAN_POINT('Ctrl Pts',(-271.700158245176,28.6801380311542,0.758188100694588));
#7978=CARTESIAN_POINT('Ctrl Pts',(-272.0268296549,28.3534666214308,0.760071034716848));
#7979=CARTESIAN_POINT('Ctrl Pts',(-272.356175071996,28.0241212043342,0.762216060419137));
#7980=CARTESIAN_POINT('Origin',(-272.356175071996,77.8826998480966,0.));
#7981=CARTESIAN_POINT('',(-284.785464393878,65.4534105262154,2.63730749462555));
#7982=CARTESIAN_POINT('',(-284.785464393878,65.4534105262154,0.));
#7983=CARTESIAN_POINT('Ctrl Pts',(-272.356175071996,77.8826998480966,5.36726185050164));
#7984=CARTESIAN_POINT('Ctrl Pts',(-278.635908072754,71.6029668473389,4.48441252227406));
#7985=CARTESIAN_POINT('Ctrl Pts',(-282.562575697695,67.6762992223982,3.41611317476493));
#7986=CARTESIAN_POINT('Ctrl Pts',(-284.785464393878,65.4534105262154,2.63730749462554));
#7987=CARTESIAN_POINT('Origin',(-247.356175071996,77.8826998480966,0.));
#7988=CARTESIAN_POINT('',(-259.785464393878,65.4534105262154,10.0394893669523));
#7989=CARTESIAN_POINT('',(-259.785464393878,65.4534105262154,0.));
#7990=CARTESIAN_POINT('Ctrl Pts',(-250.,75.2388749200931,11.1480421279834));
#7991=CARTESIAN_POINT('Ctrl Pts',(-253.180460555231,72.0584143648622,10.9061121143175));
#7992=CARTESIAN_POINT('Ctrl Pts',(-256.347572553195,68.8913023668984,10.5719442092034));
#7993=CARTESIAN_POINT('Ctrl Pts',(-259.785464393878,65.4534105262154,10.0394893669523));
#7994=CARTESIAN_POINT('Origin',(-259.785464393878,65.4534105262154,0.));
#7995=CARTESIAN_POINT('Ctrl Pts',(-259.785464393878,65.4534105262154,10.0394893669523));
#7996=CARTESIAN_POINT('Ctrl Pts',(-256.019490057613,61.6874361899506,11.194996010819));
#7997=CARTESIAN_POINT('Ctrl Pts',(-251.703943946062,57.3718900783997,12.2820261649727));
#7998=CARTESIAN_POINT('Ctrl Pts',(-250.,55.6679461323378,12.7024219976096));
#7999=CARTESIAN_POINT('Origin',(-259.856175071996,65.5241212043341,0.));
#8000=CARTESIAN_POINT('Ctrl Pts',(-259.856175071996,65.5241212043341,10.0177668831603));
#8001=CARTESIAN_POINT('Ctrl Pts',(-256.397560580602,68.9827356957285,10.5522644954514));
#8002=CARTESIAN_POINT('Ctrl Pts',(-253.202270435836,72.1780258404949,10.8870547789458));
#8003=CARTESIAN_POINT('Ctrl Pts',(-250.,75.3802962763305,11.1286453836336));
#8004=CARTESIAN_POINT('Origin',(-247.426885750115,52.9534105262154,0.));
#8005=CARTESIAN_POINT('Ctrl Pts',(-250.,55.5265247761004,12.7078348339494));
#8006=CARTESIAN_POINT('Ctrl Pts',(-251.209014197764,56.7355389738642,12.4105525534227));
#8007=CARTESIAN_POINT('Ctrl Pts',(-255.79900717146,61.32553194756,11.2720114451672));
#8008=CARTESIAN_POINT('Ctrl Pts',(-259.856175071996,65.3826998480967,10.0285177233568));
#8009=CARTESIAN_POINT('Origin',(-259.856175071996,40.5241212043342,0.));
#8010=CARTESIAN_POINT('',(-259.856175071996,40.5241212043342,0.964214780406611));
#8011=CARTESIAN_POINT('',(-259.856175071996,40.5241212043342,1.30438842898993));
#8012=CARTESIAN_POINT('Origin',(-265.620925279381,34.7593709969492,1.13430160469827));
#8013=CARTESIAN_POINT('',(-259.856175071996,40.5241212043342,0.791583091645844));
#8014=CARTESIAN_POINT('',(-259.856175071996,40.5241212043342,0.));
#8015=CARTESIAN_POINT('',(-256.120551521889,44.2597447544417,0.829374857449256));
#8016=CARTESIAN_POINT('Ctrl Pts',(-256.120551521889,44.2597447544417,0.829374857449257));
#8017=CARTESIAN_POINT('Ctrl Pts',(-257.37741928227,43.0028769940608,0.815874963440518));
#8018=CARTESIAN_POINT('Ctrl Pts',(-258.616222784664,41.7640734916668,0.803003326262594));
#8019=CARTESIAN_POINT('Ctrl Pts',(-259.856175071996,40.5241212043342,0.791583091645844));
#8020=CARTESIAN_POINT('Origin',(-251.55912126654,48.8211750097902,1.2669601331213));
#8021=CARTESIAN_POINT('',(-259.856175071996,40.5241212043342,10.6611275689424));
#8022=CARTESIAN_POINT('Ctrl Pts',(-259.856175071996,40.5241212043341,10.6611275689424));
#8023=CARTESIAN_POINT('Ctrl Pts',(-256.555431878866,43.824864397464,11.4852173227152));
#8024=CARTESIAN_POINT('Ctrl Pts',(-253.183928812669,47.1963674636619,12.2150012816189));
#8025=CARTESIAN_POINT('Ctrl Pts',(-250.,50.3802962763305,12.8327074331957));
#8026=CARTESIAN_POINT('',(-259.856175071996,40.5241212043342,0.));
#8027=CARTESIAN_POINT('Origin',(-259.785464393878,90.4534105262154,0.));
#8028=CARTESIAN_POINT('',(-259.785464393878,90.4534105262154,6.60836979639122));
#8029=CARTESIAN_POINT('Ctrl Pts',(-259.785464393878,90.4534105262154,6.60836979639122));
#8030=CARTESIAN_POINT('Ctrl Pts',(-259.261103524912,89.9290496572495,6.81815960899324));
#8031=CARTESIAN_POINT('Ctrl Pts',(-258.76672052685,89.4346666591454,7.0130968998589));
#8032=CARTESIAN_POINT('Ctrl Pts',(-257.533718973327,88.2016651056223,7.49551829932483));
#8033=CARTESIAN_POINT('Ctrl Pts',(-256.727256877608,87.3952030099454,7.80867676503561));
#8034=CARTESIAN_POINT('Ctrl Pts',(-253.950429200216,84.6183753325539,8.88013716809133));
#8035=CARTESIAN_POINT('Ctrl Pts',(-252.001109376216,82.6690555085541,9.61737748416526));
#8036=CARTESIAN_POINT('Ctrl Pts',(-250.,80.6679461323377,10.3515975781639));
#8037=CARTESIAN_POINT('',(-259.785464393878,90.4534105262154,0.));
#8038=CARTESIAN_POINT('Origin',(-247.356175071996,102.882699848097,0.));
#8039=CARTESIAN_POINT('Ctrl Pts',(-250.,100.238874920093,6.80960340485279));
#8040=CARTESIAN_POINT('Ctrl Pts',(-252.385003960813,97.8538709592798,6.85097758176899));
#8041=CARTESIAN_POINT('Ctrl Pts',(-255.892706070032,94.3461688500612,6.84699609390741));
#8042=CARTESIAN_POINT('Ctrl Pts',(-259.785464393878,90.4534105262154,6.60836979639122));
#8043=CARTESIAN_POINT('Origin',(-259.856175071996,90.5241212043341,0.));
#8044=CARTESIAN_POINT('',(-259.856175071996,90.5241212043341,0.));
#8045=CARTESIAN_POINT('Origin',(-247.426885750115,27.9534105262155,0.));
#8046=CARTESIAN_POINT('',(-259.856175071996,40.3826998480967,2.4147105679573));
#8047=CARTESIAN_POINT('Origin',(-254.232846220849,34.7593709969492,1.13430160469827));
#8048=CARTESIAN_POINT('',(-259.856175071996,40.3826998480967,10.6565315454666));
#8049=CARTESIAN_POINT('',(-259.856175071996,40.3826998480967,0.));
#8050=CARTESIAN_POINT('Ctrl Pts',(-250.,30.5265247761005,12.0998943631797));
#8051=CARTESIAN_POINT('Ctrl Pts',(-251.10125902407,31.6277838001704,11.9800430375475));
#8052=CARTESIAN_POINT('Ctrl Pts',(-255.769649870692,36.2961746467921,11.4107291467952));
#8053=CARTESIAN_POINT('Ctrl Pts',(-259.856175071996,40.3826998480968,10.6565315454666));
#8054=CARTESIAN_POINT('Origin',(-272.285464393878,102.953410526215,0.));
#8055=CARTESIAN_POINT('Origin',(-259.856175071996,40.3826998480967,0.));
#8056=CARTESIAN_POINT('',(-271.234378984129,29.0044959359638,0.756561596502461));
#8057=CARTESIAN_POINT('Origin',(-265.479503923144,34.7593709969492,1.13430160469827));
#8058=CARTESIAN_POINT('',(-272.285464393878,27.9534105262155,0.762680348883379));
#8059=CARTESIAN_POINT('Ctrl Pts',(-272.285464393878,27.9534105262155,0.762680348883379));
#8060=CARTESIAN_POINT('Ctrl Pts',(-271.932141799188,28.3067331209049,0.760341704262858));
#8061=CARTESIAN_POINT('Ctrl Pts',(-271.581929502832,28.6569454172608,0.758304400877647));
#8062=CARTESIAN_POINT('Ctrl Pts',(-271.234378984129,29.0044959359638,0.75656159650246));
#8063=CARTESIAN_POINT('',(-272.285464393878,27.9534105262155,7.00653592373586));
#8064=CARTESIAN_POINT('',(-272.285464393878,27.9534105262155,0.));
#8065=CARTESIAN_POINT('Ctrl Pts',(-259.856175071996,40.3826998480968,10.6565315454666));
#8066=CARTESIAN_POINT('Ctrl Pts',(-263.969052399234,36.269822520859,9.6267293963711));
#8067=CARTESIAN_POINT('Ctrl Pts',(-268.447643280382,31.791231639711,8.340044252428));
#8068=CARTESIAN_POINT('Ctrl Pts',(-272.285464393878,27.9534105262155,7.00653592373585));
#8069=CARTESIAN_POINT('Origin',(-272.285464393878,27.9534105262155,0.));
#8070=CARTESIAN_POINT('',(-262.847796943231,18.5157430755689,0.868410411887015));
#8071=CARTESIAN_POINT('',(-270.058725694074,25.7266718264119,0.780960711583225));
#8072=CARTESIAN_POINT('Origin',(-266.453234495503,22.1211806278405,0.82247377802435));
#8073=CARTESIAN_POINT('',(-259.856175071996,15.5241212043342,0.897154009393849));
#8074=CARTESIAN_POINT('Ctrl Pts',(-259.856175071996,15.5241212043342,0.897154009393909));
#8075=CARTESIAN_POINT('Ctrl Pts',(-260.835944706776,16.5038908391134,0.890671775188835));
#8076=CARTESIAN_POINT('Ctrl Pts',(-261.82845738996,17.4964035222981,0.880477081294826));
#8077=CARTESIAN_POINT('Ctrl Pts',(-262.847796943231,18.5157430755689,0.868410411886916));
#8078=CARTESIAN_POINT('',(-259.856175071996,15.5241212043342,8.00377499531447));
#8079=CARTESIAN_POINT('',(-259.856175071996,15.5241212043342,0.));
#8080=CARTESIAN_POINT('Ctrl Pts',(-272.285464393878,27.9534105262155,7.00653592373586));
#8081=CARTESIAN_POINT('Ctrl Pts',(-268.031805116414,23.6997512487516,7.73914560301841));
#8082=CARTESIAN_POINT('Ctrl Pts',(-265.733505937702,21.4014520700402,7.86014393432239));
#8083=CARTESIAN_POINT('Ctrl Pts',(-261.29207807161,16.9600242039477,8.00022112423422));
#8084=CARTESIAN_POINT('Ctrl Pts',(-260.532430620985,16.2003767533226,8.01929546654838));
#8085=CARTESIAN_POINT('Ctrl Pts',(-259.856175071996,15.5241212043342,8.00377499531447));
#8086=CARTESIAN_POINT('Ctrl Pts',(-270.058725694074,25.7266718264119,0.780960711583224));
#8087=CARTESIAN_POINT('Ctrl Pts',(-270.779326130551,26.4472722628889,0.773966892365483));
#8088=CARTESIAN_POINT('Ctrl Pts',(-271.520565259898,27.188511392236,0.767743221373872));
#8089=CARTESIAN_POINT('Ctrl Pts',(-272.285464393878,27.9534105262155,0.762680348883379));
#8090=CARTESIAN_POINT('Origin',(-259.856175071996,15.5241212043342,0.));
#8091=CARTESIAN_POINT('',(-256.864553200762,18.5157430755688,0.868410411887016));
#8092=CARTESIAN_POINT('Origin',(-253.25911564849,22.1211806278405,0.82247377802435));
#8093=CARTESIAN_POINT('Ctrl Pts',(-259.856175071996,15.5241212043342,8.00377499531447));
#8094=CARTESIAN_POINT('Ctrl Pts',(-259.453974558921,15.9263217174092,8.16648849498131));
#8095=CARTESIAN_POINT('Ctrl Pts',(-258.682250991223,16.6980452851077,8.47697359211216));
#8096=CARTESIAN_POINT('Ctrl Pts',(-257.118811967633,18.2614843086973,9.0352429021821));
#8097=CARTESIAN_POINT('Ctrl Pts',(-256.254812683711,19.1254835926198,9.343757834238));
#8098=CARTESIAN_POINT('Ctrl Pts',(-255.149449520667,20.2308467556635,9.7300168571119));
#8099=CARTESIAN_POINT('Ctrl Pts',(-253.73330018485,21.6469960914808,10.2212736286806));
#8100=CARTESIAN_POINT('Ctrl Pts',(-252.836452745278,22.5438435310528,10.5323865647323));
#8101=CARTESIAN_POINT('Ctrl Pts',(-251.81863027649,23.56166599984,10.883481852619));
#8102=CARTESIAN_POINT('Ctrl Pts',(-250.82635601013,24.5539402662009,11.2163869033173));
#8103=CARTESIAN_POINT('Ctrl Pts',(-250.550221816213,24.830074460117,11.3090291000784));
#8104=CARTESIAN_POINT('Ctrl Pts',(-250.274310404103,25.1059858722275,11.4008627782664));
#8105=CARTESIAN_POINT('Ctrl Pts',(-250.,25.3802962763305,11.4912821153975));
#8106=CARTESIAN_POINT('Ctrl Pts',(-256.864553200762,18.5157430755688,0.868410411886923));
#8107=CARTESIAN_POINT('Ctrl Pts',(-257.87517321484,17.5051230614909,0.8803738617185));
#8108=CARTESIAN_POINT('Ctrl Pts',(-258.866203478757,16.514092797573,0.890604278216337));
#8109=CARTESIAN_POINT('Ctrl Pts',(-259.856175071996,15.5241212043342,0.897154009393903));
#8110=CARTESIAN_POINT('Origin',(-259.785464393878,15.4534105262155,0.));
#8111=CARTESIAN_POINT('',(-259.785464393878,15.4534105262155,0.897615464459649));
#8112=CARTESIAN_POINT('Ctrl Pts',(-250.,5.66794613233792,0.74124789276389));
#8113=CARTESIAN_POINT('Ctrl Pts',(-253.253607753816,8.92155388615361,0.899428470321311));
#8114=CARTESIAN_POINT('Ctrl Pts',(-256.571735098868,12.2396812312055,0.918297005287634));
#8115=CARTESIAN_POINT('Ctrl Pts',(-259.785464393878,15.4534105262155,0.897615464459649));
#8116=CARTESIAN_POINT('',(-259.785464393878,15.4534105262155,8.00202628667546));
#8117=CARTESIAN_POINT('Ctrl Pts',(-259.785464393878,15.4534105262155,8.00202628667546));
#8118=CARTESIAN_POINT('Ctrl Pts',(-258.140415006255,13.8083611385933,7.9583908612813));
#8119=CARTESIAN_POINT('Ctrl Pts',(-257.078312969107,12.7462591014449,7.73237498237049));
#8120=CARTESIAN_POINT('Ctrl Pts',(-254.434207172938,10.102153305276,7.3493479026774));
#8121=CARTESIAN_POINT('Ctrl Pts',(-253.973650152369,9.64159628470666,7.30615572561926));
#8122=CARTESIAN_POINT('Ctrl Pts',(-252.74780920453,8.41575533686763,7.06787775487877));
#8123=CARTESIAN_POINT('Ctrl Pts',(-252.51080135415,8.17874748648764,6.86693351559184));
#8124=CARTESIAN_POINT('Ctrl Pts',(-251.069927845307,6.73787397764462,6.37963459124853));
#8125=CARTESIAN_POINT('Ctrl Pts',(-250.72226132587,6.39020745820804,6.36369051749662));
#8126=CARTESIAN_POINT('Ctrl Pts',(-250.,5.66794613233791,5.98625998073813));
#8127=CARTESIAN_POINT('',(-259.785464393878,15.4534105262155,0.));
#8128=CARTESIAN_POINT('Origin',(-247.426885750115,2.95341052621553,0.));
#8129=CARTESIAN_POINT('',(-259.856175071996,15.3826998480968,0.898064041829983));
#8130=CARTESIAN_POINT('Ctrl Pts',(-259.856175071996,15.3826998480968,0.898064041829983));
#8131=CARTESIAN_POINT('Ctrl Pts',(-256.616735441497,12.1432602175972,0.918316506042378));
#8132=CARTESIAN_POINT('Ctrl Pts',(-253.277039983436,8.80356475953663,0.897710107425916));
#8133=CARTESIAN_POINT('Ctrl Pts',(-250.,5.5265247761006,0.73428396987426));
#8134=CARTESIAN_POINT('',(-259.856175071996,15.3826998480968,0.));
#8135=CARTESIAN_POINT('Origin',(-259.856175071996,15.3826998480968,0.));
#8136=CARTESIAN_POINT('Ctrl Pts',(-270.490795755857,4.74807916423635,0.692709143990101));
#8137=CARTESIAN_POINT('Ctrl Pts',(-266.95445060853,8.28442431156312,0.894335013160068));
#8138=CARTESIAN_POINT('Ctrl Pts',(-263.350351641282,11.8885232788105,0.919909081093871));
#8139=CARTESIAN_POINT('Ctrl Pts',(-259.856175071996,15.3826998480968,0.898064041829983));
#8140=CARTESIAN_POINT('Origin',(-272.356175071996,3.0241212043342,0.));
#8141=CARTESIAN_POINT('',(-259.926885750115,15.4534105262155,0.897615464459649));
#8142=CARTESIAN_POINT('Ctrl Pts',(-259.926885750115,15.4534105262155,0.897615464459649));
#8143=CARTESIAN_POINT('Ctrl Pts',(-263.425164789351,11.9551314869797,0.920128188505814));
#8144=CARTESIAN_POINT('Ctrl Pts',(-267.039395412477,8.34090086385392,0.895902709491952));
#8145=CARTESIAN_POINT('Ctrl Pts',(-270.583134453521,4.79716182280983,0.695496236671037));
#8146=CARTESIAN_POINT('',(-259.926885750115,15.4534105262155,0.));
#8147=CARTESIAN_POINT('Origin',(-272.356175071996,27.8826998480968,0.));
#8148=CARTESIAN_POINT('',(-274.512203093681,25.7266718264118,0.780960711583225));
#8149=CARTESIAN_POINT('Origin',(-278.117694292253,22.1211806278405,0.82247377802435));
#8150=CARTESIAN_POINT('',(-272.356175071996,27.8826998480968,0.763152121072995));
#8151=CARTESIAN_POINT('',(-272.356175071996,27.8826998480968,0.));
#8152=CARTESIAN_POINT('Ctrl Pts',(-274.512203093681,25.7266718264118,0.780960711583225));
#8153=CARTESIAN_POINT('Ctrl Pts',(-273.812936572367,26.425938347726,0.774173949617051));
#8154=CARTESIAN_POINT('Ctrl Pts',(-273.094884386747,27.1439905333457,0.768119694781583));
#8155=CARTESIAN_POINT('Ctrl Pts',(-272.356175071996,27.8826998480968,0.763152121072995));
#8156=CARTESIAN_POINT('Origin',(-272.426885750115,27.9534105262155,0.));
#8157=CARTESIAN_POINT('',(-273.477971159863,29.0044959359638,0.756561596502459));
#8158=CARTESIAN_POINT('Origin',(-279.232846220849,34.7593709969492,1.13430160469827));
#8159=CARTESIAN_POINT('',(-272.426885750115,27.9534105262155,0.762680348883379));
#8160=CARTESIAN_POINT('',(-272.426885750115,27.9534105262155,0.));
#8161=CARTESIAN_POINT('Ctrl Pts',(-273.477971157417,29.0044959335177,0.756561596514726));
#8162=CARTESIAN_POINT('Ctrl Pts',(-273.130420847543,28.6569456236438,0.75830439984405));
#8163=CARTESIAN_POINT('Ctrl Pts',(-272.780208550803,28.306733326903,0.760341702899355));
#8164=CARTESIAN_POINT('Ctrl Pts',(-272.426885750115,27.9534105262155,0.762680348883379));
#8165=CARTESIAN_POINT('Origin',(-297.356175071996,28.0241212043342,0.));
#8166=CARTESIAN_POINT('Origin',(-297.285464393878,52.9534105262154,0.));
#8167=CARTESIAN_POINT('',(-284.856175071996,40.5241212043342,0.));
#8168=CARTESIAN_POINT('Origin',(-284.856175071996,65.5241212043341,0.));
#8169=CARTESIAN_POINT('',(-284.856175071996,65.5241212043341,0.));
#8170=CARTESIAN_POINT('Origin',(-297.285464393878,77.9534105262154,0.));
#8171=CARTESIAN_POINT('Origin',(-297.356175071996,53.0241212043341,0.));
#8172=CARTESIAN_POINT('Ctrl Pts',(-250.,-0.033162725479676,0.29816142211691));
#8173=CARTESIAN_POINT('Ctrl Pts',(-300.,-0.033162725479676,0.29816142211691));
#8174=CARTESIAN_POINT('Ctrl Pts',(-250.,4.30988864098154,0.781213250846202));
#8175=CARTESIAN_POINT('Ctrl Pts',(-300.,4.30988864098154,0.781213250846202));
#8176=CARTESIAN_POINT('Ctrl Pts',(-250.,9.41875266228446,0.932984401748832));
#8177=CARTESIAN_POINT('Ctrl Pts',(-300.,9.41875266228446,0.932984401748832));
#8178=CARTESIAN_POINT('Ctrl Pts',(-250.,15.2315881100653,0.898978580071365));
#8179=CARTESIAN_POINT('Ctrl Pts',(-300.,15.2315881100653,0.898978580071365));
#8180=CARTESIAN_POINT('Ctrl Pts',(-250.,20.8756224712796,0.865960266074153));
#8181=CARTESIAN_POINT('Ctrl Pts',(-300.,20.8756224712796,0.865960266074153));
#8182=CARTESIAN_POINT('Ctrl Pts',(-250.,27.1503121993085,0.734371549336726));
#8183=CARTESIAN_POINT('Ctrl Pts',(-300.,27.1503121993085,0.734371549336726));
#8184=CARTESIAN_POINT('Ctrl Pts',(-250.,33.9052772251262,0.75047443956282));
#8185=CARTESIAN_POINT('Ctrl Pts',(-300.,33.9052772251262,0.75047443956282));
#8186=CARTESIAN_POINT('Ctrl Pts',(-250.,40.6451426083654,0.766541334356522));
#8187=CARTESIAN_POINT('Ctrl Pts',(-300.,40.6451426083654,0.766541334356522));
#8188=CARTESIAN_POINT('Ctrl Pts',(-250.,47.9145471078365,0.884064876426219));
#8189=CARTESIAN_POINT('Ctrl Pts',(-300.,47.9145471078365,0.884064876426219));
#8190=CARTESIAN_POINT('Ctrl Pts',(-250.,55.4793750154559,0.939092174678324));
#8191=CARTESIAN_POINT('Ctrl Pts',(-300.,55.4793750154559,0.939092174678324));
#8192=CARTESIAN_POINT('Ctrl Pts',(-250.,63.773834779814,0.999426886434782));
#8193=CARTESIAN_POINT('Ctrl Pts',(-300.,63.773834779814,0.999426886434782));
#8194=CARTESIAN_POINT('Ctrl Pts',(-250.,72.3508404979549,0.971679494207317));
#8195=CARTESIAN_POINT('Ctrl Pts',(-300.,72.3508404979549,0.971679494207317));
#8196=CARTESIAN_POINT('Ctrl Pts',(-250.,80.4860979385479,0.91702347557075));
#8197=CARTESIAN_POINT('Ctrl Pts',(-300.,80.4860979385479,0.91702347557075));
#8198=CARTESIAN_POINT('Ctrl Pts',(-250.,88.6217687964782,0.862364679425806));
#8199=CARTESIAN_POINT('Ctrl Pts',(-300.,88.6217687964782,0.862364679425806));
#8200=CARTESIAN_POINT('Ctrl Pts',(-250.,96.3503465271109,0.827727561715754));
#8201=CARTESIAN_POINT('Ctrl Pts',(-300.,96.3503465271109,0.827727561715754));
#8202=CARTESIAN_POINT('Ctrl Pts',(-250.,103.496292241763,0.868271916054637));
#8203=CARTESIAN_POINT('Ctrl Pts',(-300.,103.496292241763,0.868271916054637));
#8204=CARTESIAN_POINT('Ctrl Pts',(-250.,110.726879813277,0.909296507660019));
#8205=CARTESIAN_POINT('Ctrl Pts',(-300.,110.726879813277,0.909296507660019));
#8206=CARTESIAN_POINT('Ctrl Pts',(-250.,117.330149044864,0.981046694424783));
#8207=CARTESIAN_POINT('Ctrl Pts',(-300.,117.330149044864,0.981046694424783));
#8208=CARTESIAN_POINT('Ctrl Pts',(-250.,122.897399402113,0.768456548905196));
#8209=CARTESIAN_POINT('Ctrl Pts',(-300.,122.897399402113,0.768456548905196));
#8210=CARTESIAN_POINT('Ctrl Pts',(-250.,125.492704060643,0.669352653872692));
#8211=CARTESIAN_POINT('Ctrl Pts',(-300.,125.492704060643,0.669352653872692));
#8212=CARTESIAN_POINT('Ctrl Pts',(-250.,127.870744765032,0.51367378637705));
#8213=CARTESIAN_POINT('Ctrl Pts',(-300.,127.870744765032,0.51367378637705));
#8214=CARTESIAN_POINT('Ctrl Pts',(-250.,130.029748715055,0.298521379389427));
#8215=CARTESIAN_POINT('Ctrl Pts',(-300.,130.029748715055,0.298521379389427));
#8216=CARTESIAN_POINT('',(-259.722441307523,40.5164336133463,0.791512306068472));
#8217=CARTESIAN_POINT('',(-259.98990883865,40.516433614441,0.791512306153193));
#8218=CARTESIAN_POINT('Ctrl Pts',(-259.722441307523,40.5164336133463,0.791512306068472));
#8219=CARTESIAN_POINT('Ctrl Pts',(-259.811597151232,40.5164336133463,0.791512306068472));
#8220=CARTESIAN_POINT('Ctrl Pts',(-259.900752994941,40.5164336144407,0.791512306153166));
#8221=CARTESIAN_POINT('Ctrl Pts',(-259.98990883865,40.516433614441,0.791512306153193));
#8222=CARTESIAN_POINT('',(-255.979130165651,44.2597447544417,0.829374857449256));
#8223=CARTESIAN_POINT('Ctrl Pts',(-259.722441307533,40.5164336125596,0.791512306114597));
#8224=CARTESIAN_POINT('Ctrl Pts',(-258.479403663283,41.7594712568103,0.802954847843777));
#8225=CARTESIAN_POINT('Ctrl Pts',(-257.238304912635,43.0005700074578,0.815850184322458));
#8226=CARTESIAN_POINT('Ctrl Pts',(-255.979130165651,44.2597447544417,0.829374857449258));
#8227=CARTESIAN_POINT('Ctrl Pts',(-256.120551521889,44.2597447544417,0.829374857449256));
#8228=CARTESIAN_POINT('Ctrl Pts',(-256.07341106981,44.2597447544417,0.829374857449256));
#8229=CARTESIAN_POINT('Ctrl Pts',(-256.02627061773,44.2597447544417,0.829374857449256));
#8230=CARTESIAN_POINT('Ctrl Pts',(-255.979130165651,44.2597447544417,0.829374857449256));
#8231=CARTESIAN_POINT('',(-263.591798622104,44.2597447544417,0.829374857449256));
#8232=CARTESIAN_POINT('Ctrl Pts',(-259.856175071996,40.5241212043342,0.791583091645844));
#8233=CARTESIAN_POINT('Ctrl Pts',(-261.085816939496,41.7537630718334,0.802908365017151));
#8234=CARTESIAN_POINT('Ctrl Pts',(-262.327014488515,42.9949606208523,0.815789934448116));
#8235=CARTESIAN_POINT('Ctrl Pts',(-263.591798622104,44.2597447544417,0.829374857449257));
#8236=CARTESIAN_POINT('',(-263.733219978341,44.2597447544417,0.829374857449254));
#8237=CARTESIAN_POINT('Ctrl Pts',(-263.733219978341,44.2597447544417,0.829374857449254));
#8238=CARTESIAN_POINT('Ctrl Pts',(-263.686079526262,44.2597447544417,0.829374857449254));
#8239=CARTESIAN_POINT('Ctrl Pts',(-263.638939074183,44.2597447544417,0.829374857449256));
#8240=CARTESIAN_POINT('Ctrl Pts',(-263.591798622104,44.2597447544417,0.829374857449256));
#8241=CARTESIAN_POINT('Ctrl Pts',(-263.733219978341,44.2597447544418,0.829374857449258));
#8242=CARTESIAN_POINT('Ctrl Pts',(-262.466303048014,42.9928278241143,0.815767026286404));
#8243=CARTESIAN_POINT('Ctrl Pts',(-261.222658230103,41.7491830062039,0.802860141351762));
#8244=CARTESIAN_POINT('Ctrl Pts',(-259.989908838657,40.5164336147578,0.791512306134833));
#8245=CARTESIAN_POINT('Origin',(-259.926885750115,40.4534105262154,0.));
#8246=CARTESIAN_POINT('Origin',(-254.232846220849,34.7593709969492,1.13430160469827));
#8247=CARTESIAN_POINT('Origin',(-268.29465023369,48.8211750097902,1.2669601331213));
#8248=CARTESIAN_POINT('Origin',(-284.856175071996,40.5241212043342,0.));
#8249=CARTESIAN_POINT('',(-272.426885750115,52.9534105262154,3.24755511561717));
#8250=CARTESIAN_POINT('Origin',(-276.55912126654,48.8211750097902,1.2669601331213));
#8251=CARTESIAN_POINT('',(-272.426885750115,52.9534105262154,0.));
#8252=CARTESIAN_POINT('Origin',(-272.426885750115,52.9534105262154,0.));
#8253=CARTESIAN_POINT('Origin',(-268.29465023369,48.8211750097902,1.2669601331213));
#8254=CARTESIAN_POINT('Origin',(-272.285464393878,52.9534105262154,0.));
#8255=CARTESIAN_POINT('Origin',(-254.091424864611,34.7593709969492,1.13430160469827));
#8256=CARTESIAN_POINT('Ctrl Pts',(-272.285464393878,52.9534105262154,7.67887392517879));
#8257=CARTESIAN_POINT('Ctrl Pts',(-268.322490228759,48.9904363610965,8.85220863675182));
#8258=CARTESIAN_POINT('Ctrl Pts',(-263.922990349959,44.5909364822971,9.90673250473557));
#8259=CARTESIAN_POINT('Ctrl Pts',(-259.856175071996,40.5241212043342,10.6611275689424));
#8260=CARTESIAN_POINT('Origin',(-268.153228877452,48.8211750097902,1.2669601331213));
#8261=CARTESIAN_POINT('Origin',(-284.785464393878,65.4534105262154,0.));
#8262=CARTESIAN_POINT('Origin',(-268.153228877452,48.8211750097902,1.2669601331213));
#8263=CARTESIAN_POINT('Ctrl Pts',(-284.785464393878,65.4534105262154,2.63730749462557));
#8264=CARTESIAN_POINT('Ctrl Pts',(-282.005535364213,62.6734814965509,4.43077183541023));
#8265=CARTESIAN_POINT('Ctrl Pts',(-277.109281270333,57.7772274026704,6.24700613226101));
#8266=CARTESIAN_POINT('Ctrl Pts',(-272.356175071996,53.0241212043341,7.6579113100341));
#8267=CARTESIAN_POINT('Origin',(-247.356175071996,52.8826998480967,0.));
#8268=CARTESIAN_POINT('',(-259.785464393878,40.4534105262154,2.05037382919583));
#8269=CARTESIAN_POINT('Origin',(-265.479503923144,34.7593709969492,1.13430160469827));
#8270=CARTESIAN_POINT('',(-259.785464393878,40.4534105262154,10.6742200134356));
#8271=CARTESIAN_POINT('',(-259.785464393878,40.4534105262154,0.));
#8272=CARTESIAN_POINT('Ctrl Pts',(-250.,50.2388749200931,12.8343335980145));
#8273=CARTESIAN_POINT('Ctrl Pts',(-253.165624486867,47.0732504332265,12.2183764775538));
#8274=CARTESIAN_POINT('Ctrl Pts',(-256.506505401608,43.7323695184852,11.493699626969));
#8275=CARTESIAN_POINT('Ctrl Pts',(-259.785464393878,40.4534105262155,10.6742200134356));
#8276=CARTESIAN_POINT('Origin',(-251.417699910303,48.8211750097902,1.2669601331213));
#8277=CARTESIAN_POINT('Origin',(-272.426885750115,27.9534105262155,0.));
#8278=CARTESIAN_POINT('',(-281.3,36.8265247761004,0.567150802349136));
#8279=CARTESIAN_POINT('Origin',(-284.785464393878,40.4534105262154,0.));
#8280=CARTESIAN_POINT('',(-273.336549803626,29.0044959359638,0.756561596502461));
#8281=CARTESIAN_POINT('Origin',(-279.091424864611,34.7593709969492,1.13430160469827));
#8282=CARTESIAN_POINT('Ctrl Pts',(-272.356175071996,28.0241212043342,0.762216060419137));
#8283=CARTESIAN_POINT('Ctrl Pts',(-272.685520658503,28.3534667908409,0.760071033613481));
#8284=CARTESIAN_POINT('Ctrl Pts',(-273.012192068313,28.6801382006512,0.758188099845861));
#8285=CARTESIAN_POINT('Ctrl Pts',(-273.336549801194,29.0044959335321,0.75656159651465));
#8286=CARTESIAN_POINT('Origin',(-284.785464393878,40.4534105262154,0.));
#8287=CARTESIAN_POINT('',(-281.3,36.9679461323379,0.567150802349136));
#8288=CARTESIAN_POINT('Origin',(-259.785464393878,40.4534105262154,0.));
#8289=CARTESIAN_POINT('Origin',(-254.091424864611,34.7593709969492,1.13430160469827));
#8290=CARTESIAN_POINT('Ctrl Pts',(-259.785464393878,40.4534105262154,10.6742200134356));
#8291=CARTESIAN_POINT('Ctrl Pts',(-255.764048063684,36.4319941960214,11.4174175920447));
#8292=CARTESIAN_POINT('Ctrl Pts',(-251.150448680355,31.8183948126928,11.9843750401737));
#8293=CARTESIAN_POINT('Ctrl Pts',(-250.,30.6679461323379,12.1115345634331));
#8294=CARTESIAN_POINT('Origin',(-250.,48.8211750097902,1.2669601331213));
#8295=CARTESIAN_POINT('Origin',(-250.,48.8211750097902,1.2669601331213));
#8296=CARTESIAN_POINT('Origin',(-281.3,34.7593709969492,1.13430160469827));
#8297=CARTESIAN_POINT('Origin',(-250.,34.7593709969492,1.13430160469827));
#8298=CARTESIAN_POINT('Ctrl Pts',(-273.477971159863,29.0044959359638,0.756561596502459));
#8299=CARTESIAN_POINT('Ctrl Pts',(-273.430830707784,29.0044959359638,0.756561596502459));
#8300=CARTESIAN_POINT('Ctrl Pts',(-273.383690255705,29.0044959359638,0.756561596502461));
#8301=CARTESIAN_POINT('Ctrl Pts',(-273.336549803626,29.0044959359638,0.756561596502461));
#8302=CARTESIAN_POINT('Origin',(-250.,34.7593709969492,1.13430160469827));
#8303=CARTESIAN_POINT('Ctrl Pts',(-271.375800340367,29.0044959359638,0.75656159650246));
#8304=CARTESIAN_POINT('Ctrl Pts',(-271.328659888288,29.0044959359638,0.75656159650246));
#8305=CARTESIAN_POINT('Ctrl Pts',(-271.281519436208,29.0044959359638,0.756561596502461));
#8306=CARTESIAN_POINT('Ctrl Pts',(-271.234378984129,29.0044959359638,0.756561596502461));
#8307=CARTESIAN_POINT('Origin',(-247.356175071996,27.8826998480967,0.));
#8308=CARTESIAN_POINT('',(-256.723131844524,18.5157430755688,0.868410411887016));
#8309=CARTESIAN_POINT('Origin',(-253.117694292253,22.1211806278405,0.82247377802435));
#8310=CARTESIAN_POINT('Ctrl Pts',(-259.785464393878,15.4534105262154,0.897615464459722));
#8311=CARTESIAN_POINT('Ctrl Pts',(-258.771374346895,16.467500573198,0.891089418615447));
#8312=CARTESIAN_POINT('Ctrl Pts',(-257.757472530449,17.4814023896441,0.880654660696975));
#8313=CARTESIAN_POINT('Ctrl Pts',(-256.723131844524,18.5157430755688,0.868410411886903));
#8314=CARTESIAN_POINT('Ctrl Pts',(-250.,25.238874920093,11.4691562965117));
#8315=CARTESIAN_POINT('Ctrl Pts',(-251.084074154367,24.1548007657261,11.1105569307398));
#8316=CARTESIAN_POINT('Ctrl Pts',(-257.018164790894,18.2207101291986,9.12678633307709));
#8317=CARTESIAN_POINT('Ctrl Pts',(-259.785464393878,15.4534105262155,8.00202628667546));
#8318=CARTESIAN_POINT('Ctrl Pts',(-250.,-0.033162725479676,0.29816142211691));
#8319=CARTESIAN_POINT('Ctrl Pts',(-300.,-0.033162725479676,0.29816142211691));
#8320=CARTESIAN_POINT('Ctrl Pts',(-250.,4.30988864098154,0.781213250846202));
#8321=CARTESIAN_POINT('Ctrl Pts',(-300.,4.30988864098154,0.781213250846202));
#8322=CARTESIAN_POINT('Ctrl Pts',(-250.,9.41875266228446,0.932984401748832));
#8323=CARTESIAN_POINT('Ctrl Pts',(-300.,9.41875266228446,0.932984401748832));
#8324=CARTESIAN_POINT('Ctrl Pts',(-250.,15.2315881100653,0.898978580071365));
#8325=CARTESIAN_POINT('Ctrl Pts',(-300.,15.2315881100653,0.898978580071365));
#8326=CARTESIAN_POINT('Ctrl Pts',(-250.,20.8756224712796,0.865960266074153));
#8327=CARTESIAN_POINT('Ctrl Pts',(-300.,20.8756224712796,0.865960266074153));
#8328=CARTESIAN_POINT('Ctrl Pts',(-250.,27.1503121993085,0.734371549336726));
#8329=CARTESIAN_POINT('Ctrl Pts',(-300.,27.1503121993085,0.734371549336726));
#8330=CARTESIAN_POINT('Ctrl Pts',(-250.,33.9052772251262,0.75047443956282));
#8331=CARTESIAN_POINT('Ctrl Pts',(-300.,33.9052772251262,0.75047443956282));
#8332=CARTESIAN_POINT('Ctrl Pts',(-250.,40.6451426083654,0.766541334356522));
#8333=CARTESIAN_POINT('Ctrl Pts',(-300.,40.6451426083654,0.766541334356522));
#8334=CARTESIAN_POINT('Ctrl Pts',(-250.,47.9145471078365,0.884064876426219));
#8335=CARTESIAN_POINT('Ctrl Pts',(-300.,47.9145471078365,0.884064876426219));
#8336=CARTESIAN_POINT('Ctrl Pts',(-250.,55.4793750154559,0.939092174678324));
#8337=CARTESIAN_POINT('Ctrl Pts',(-300.,55.4793750154559,0.939092174678324));
#8338=CARTESIAN_POINT('Ctrl Pts',(-250.,63.773834779814,0.999426886434782));
#8339=CARTESIAN_POINT('Ctrl Pts',(-300.,63.773834779814,0.999426886434782));
#8340=CARTESIAN_POINT('Ctrl Pts',(-250.,72.3508404979549,0.971679494207317));
#8341=CARTESIAN_POINT('Ctrl Pts',(-300.,72.3508404979549,0.971679494207317));
#8342=CARTESIAN_POINT('Ctrl Pts',(-250.,80.4860979385479,0.91702347557075));
#8343=CARTESIAN_POINT('Ctrl Pts',(-300.,80.4860979385479,0.91702347557075));
#8344=CARTESIAN_POINT('Ctrl Pts',(-250.,88.6217687964782,0.862364679425806));
#8345=CARTESIAN_POINT('Ctrl Pts',(-300.,88.6217687964782,0.862364679425806));
#8346=CARTESIAN_POINT('Ctrl Pts',(-250.,96.3503465271109,0.827727561715754));
#8347=CARTESIAN_POINT('Ctrl Pts',(-300.,96.3503465271109,0.827727561715754));
#8348=CARTESIAN_POINT('Ctrl Pts',(-250.,103.496292241763,0.868271916054637));
#8349=CARTESIAN_POINT('Ctrl Pts',(-300.,103.496292241763,0.868271916054637));
#8350=CARTESIAN_POINT('Ctrl Pts',(-250.,110.726879813277,0.909296507660019));
#8351=CARTESIAN_POINT('Ctrl Pts',(-300.,110.726879813277,0.909296507660019));
#8352=CARTESIAN_POINT('Ctrl Pts',(-250.,117.330149044864,0.981046694424783));
#8353=CARTESIAN_POINT('Ctrl Pts',(-300.,117.330149044864,0.981046694424783));
#8354=CARTESIAN_POINT('Ctrl Pts',(-250.,122.897399402113,0.768456548905196));
#8355=CARTESIAN_POINT('Ctrl Pts',(-300.,122.897399402113,0.768456548905196));
#8356=CARTESIAN_POINT('Ctrl Pts',(-250.,125.492704060643,0.669352653872692));
#8357=CARTESIAN_POINT('Ctrl Pts',(-300.,125.492704060643,0.669352653872692));
#8358=CARTESIAN_POINT('Ctrl Pts',(-250.,127.870744765032,0.51367378637705));
#8359=CARTESIAN_POINT('Ctrl Pts',(-300.,127.870744765032,0.51367378637705));
#8360=CARTESIAN_POINT('Ctrl Pts',(-250.,130.029748715055,0.298521379389427));
#8361=CARTESIAN_POINT('Ctrl Pts',(-300.,130.029748715055,0.298521379389427));
#8362=CARTESIAN_POINT('',(-270.200147050311,25.7266718264118,0.780960711583225));
#8363=CARTESIAN_POINT('Ctrl Pts',(-270.058725694074,25.7266718264119,0.780960711583225));
#8364=CARTESIAN_POINT('Ctrl Pts',(-270.105866146153,25.7266718264119,0.780960711583225));
#8365=CARTESIAN_POINT('Ctrl Pts',(-270.153006598232,25.7266718264118,0.780960711583225));
#8366=CARTESIAN_POINT('Ctrl Pts',(-270.200147050311,25.7266718264118,0.780960711583225));
#8367=CARTESIAN_POINT('',(-274.653624449919,25.7266718264119,0.780960711583225));
#8368=CARTESIAN_POINT('Ctrl Pts',(-272.426885750115,27.9534105262155,0.762680348883379));
#8369=CARTESIAN_POINT('Ctrl Pts',(-273.190510894854,27.1897853814763,0.767734788830557));
#8370=CARTESIAN_POINT('Ctrl Pts',(-273.932101946828,26.4481943295021,0.773957943207429));
#8371=CARTESIAN_POINT('Ctrl Pts',(-274.653624449919,25.7266718264119,0.780960711583224));
#8372=CARTESIAN_POINT('Ctrl Pts',(-274.512203093681,25.7266718264118,0.780960711583225));
#8373=CARTESIAN_POINT('Ctrl Pts',(-274.55934354576,25.7266718264118,0.780960711583225));
#8374=CARTESIAN_POINT('Ctrl Pts',(-274.606483997839,25.7266718264119,0.780960711583225));
#8375=CARTESIAN_POINT('Ctrl Pts',(-274.653624449919,25.7266718264119,0.780960711583225));
#8376=CARTESIAN_POINT('Ctrl Pts',(-272.356175071996,27.8826998480967,0.763152121072995));
#8377=CARTESIAN_POINT('Ctrl Pts',(-271.616236878643,27.1427616547436,0.768127958580228));
#8378=CARTESIAN_POINT('Ctrl Pts',(-270.89849127378,26.4250160498808,0.774182901019337));
#8379=CARTESIAN_POINT('Ctrl Pts',(-270.200147050311,25.7266718264118,0.780960711583225));
#8380=CARTESIAN_POINT('Ctrl Pts',(-250.,-0.033162725479676,0.29816142211691));
#8381=CARTESIAN_POINT('Ctrl Pts',(-300.,-0.033162725479676,0.29816142211691));
#8382=CARTESIAN_POINT('Ctrl Pts',(-250.,4.30988864098154,0.781213250846202));
#8383=CARTESIAN_POINT('Ctrl Pts',(-300.,4.30988864098154,0.781213250846202));
#8384=CARTESIAN_POINT('Ctrl Pts',(-250.,9.41875266228446,0.932984401748832));
#8385=CARTESIAN_POINT('Ctrl Pts',(-300.,9.41875266228446,0.932984401748832));
#8386=CARTESIAN_POINT('Ctrl Pts',(-250.,15.2315881100653,0.898978580071365));
#8387=CARTESIAN_POINT('Ctrl Pts',(-300.,15.2315881100653,0.898978580071365));
#8388=CARTESIAN_POINT('Ctrl Pts',(-250.,20.8756224712796,0.865960266074153));
#8389=CARTESIAN_POINT('Ctrl Pts',(-300.,20.8756224712796,0.865960266074153));
#8390=CARTESIAN_POINT('Ctrl Pts',(-250.,27.1503121993085,0.734371549336726));
#8391=CARTESIAN_POINT('Ctrl Pts',(-300.,27.1503121993085,0.734371549336726));
#8392=CARTESIAN_POINT('Ctrl Pts',(-250.,33.9052772251262,0.75047443956282));
#8393=CARTESIAN_POINT('Ctrl Pts',(-300.,33.9052772251262,0.75047443956282));
#8394=CARTESIAN_POINT('Ctrl Pts',(-250.,40.6451426083654,0.766541334356522));
#8395=CARTESIAN_POINT('Ctrl Pts',(-300.,40.6451426083654,0.766541334356522));
#8396=CARTESIAN_POINT('Ctrl Pts',(-250.,47.9145471078365,0.884064876426219));
#8397=CARTESIAN_POINT('Ctrl Pts',(-300.,47.9145471078365,0.884064876426219));
#8398=CARTESIAN_POINT('Ctrl Pts',(-250.,55.4793750154559,0.939092174678324));
#8399=CARTESIAN_POINT('Ctrl Pts',(-300.,55.4793750154559,0.939092174678324));
#8400=CARTESIAN_POINT('Ctrl Pts',(-250.,63.773834779814,0.999426886434782));
#8401=CARTESIAN_POINT('Ctrl Pts',(-300.,63.773834779814,0.999426886434782));
#8402=CARTESIAN_POINT('Ctrl Pts',(-250.,72.3508404979549,0.971679494207317));
#8403=CARTESIAN_POINT('Ctrl Pts',(-300.,72.3508404979549,0.971679494207317));
#8404=CARTESIAN_POINT('Ctrl Pts',(-250.,80.4860979385479,0.91702347557075));
#8405=CARTESIAN_POINT('Ctrl Pts',(-300.,80.4860979385479,0.91702347557075));
#8406=CARTESIAN_POINT('Ctrl Pts',(-250.,88.6217687964782,0.862364679425806));
#8407=CARTESIAN_POINT('Ctrl Pts',(-300.,88.6217687964782,0.862364679425806));
#8408=CARTESIAN_POINT('Ctrl Pts',(-250.,96.3503465271109,0.827727561715754));
#8409=CARTESIAN_POINT('Ctrl Pts',(-300.,96.3503465271109,0.827727561715754));
#8410=CARTESIAN_POINT('Ctrl Pts',(-250.,103.496292241763,0.868271916054637));
#8411=CARTESIAN_POINT('Ctrl Pts',(-300.,103.496292241763,0.868271916054637));
#8412=CARTESIAN_POINT('Ctrl Pts',(-250.,110.726879813277,0.909296507660019));
#8413=CARTESIAN_POINT('Ctrl Pts',(-300.,110.726879813277,0.909296507660019));
#8414=CARTESIAN_POINT('Ctrl Pts',(-250.,117.330149044864,0.981046694424783));
#8415=CARTESIAN_POINT('Ctrl Pts',(-300.,117.330149044864,0.981046694424783));
#8416=CARTESIAN_POINT('Ctrl Pts',(-250.,122.897399402113,0.768456548905196));
#8417=CARTESIAN_POINT('Ctrl Pts',(-300.,122.897399402113,0.768456548905196));
#8418=CARTESIAN_POINT('Ctrl Pts',(-250.,125.492704060643,0.669352653872692));
#8419=CARTESIAN_POINT('Ctrl Pts',(-300.,125.492704060643,0.669352653872692));
#8420=CARTESIAN_POINT('Ctrl Pts',(-250.,127.870744765032,0.51367378637705));
#8421=CARTESIAN_POINT('Ctrl Pts',(-300.,127.870744765032,0.51367378637705));
#8422=CARTESIAN_POINT('Ctrl Pts',(-250.,130.029748715055,0.298521379389427));
#8423=CARTESIAN_POINT('Ctrl Pts',(-300.,130.029748715055,0.298521379389427));
#8424=CARTESIAN_POINT('',(-262.989218299468,18.5157430755688,0.868410411887016));
#8425=CARTESIAN_POINT('Ctrl Pts',(-262.989218299468,18.5157430755688,0.868410411887016));
#8426=CARTESIAN_POINT('Ctrl Pts',(-262.942077847389,18.5157430755688,0.868410411887016));
#8427=CARTESIAN_POINT('Ctrl Pts',(-262.89493739531,18.5157430755689,0.868410411887015));
#8428=CARTESIAN_POINT('Ctrl Pts',(-262.847796943231,18.5157430755689,0.868410411887015));
#8429=CARTESIAN_POINT('Ctrl Pts',(-262.989218299468,18.5157430755688,0.868410411886898));
#8430=CARTESIAN_POINT('Ctrl Pts',(-261.945898774414,17.4724235505147,0.880760949796705));
#8431=CARTESIAN_POINT('Ctrl Pts',(-260.930218610474,16.4567433865745,0.891158645104041));
#8432=CARTESIAN_POINT('Ctrl Pts',(-259.926885750115,15.4534105262155,0.897615464459726));
#8433=CARTESIAN_POINT('Ctrl Pts',(-256.864553200762,18.5157430755688,0.868410411887016));
#8434=CARTESIAN_POINT('Ctrl Pts',(-256.817412748682,18.5157430755688,0.868410411887016));
#8435=CARTESIAN_POINT('Ctrl Pts',(-256.770272296603,18.5157430755688,0.868410411887016));
#8436=CARTESIAN_POINT('Ctrl Pts',(-256.723131844524,18.5157430755688,0.868410411887016));
#8437=CARTESIAN_POINT('Origin',(-284.856175071996,15.5241212043342,0.));
#8438=CARTESIAN_POINT('Origin',(-278.25911564849,22.1211806278405,0.82247377802435));
#8439=CARTESIAN_POINT('Origin',(-259.926885750115,15.4534105262155,0.));
#8440=CARTESIAN_POINT('Origin',(-266.59465585174,22.1211806278405,0.82247377802435));
#8441=CARTESIAN_POINT('Origin',(-250.,22.1211806278405,0.82247377802435));
#8442=CARTESIAN_POINT('Origin',(-250.,22.1211806278405,0.82247377802435));
#8443=CARTESIAN_POINT('Origin',(-250.,22.1211806278405,0.82247377802435));
#8444=CARTESIAN_POINT('Ctrl Pts',(-250.,90.3937869645711,8.74584140284123));
#8445=CARTESIAN_POINT('Ctrl Pts',(-258.026080846034,90.4227216286376,7.083078140131));
#8446=CARTESIAN_POINT('Ctrl Pts',(-264.369722808527,90.3695976765322,5.60597507421841));
#8447=CARTESIAN_POINT('Ctrl Pts',(-269.030925887478,90.234415108255,4.31453220510345));
#8448=CARTESIAN_POINT('Ctrl Pts',(-250.,89.8181358415194,8.85108882772239));
#8449=CARTESIAN_POINT('Ctrl Pts',(-258.142801219909,89.7478235213375,7.17358378754639));
#8450=CARTESIAN_POINT('Ctrl Pts',(-264.578716232352,89.6094632478243,5.68207040859973));
#8451=CARTESIAN_POINT('Ctrl Pts',(-269.307705491947,89.4067878530807,4.37587549668444));
#8452=CARTESIAN_POINT('Ctrl Pts',(-250.,88.8705860665259,9.01560945752495));
#8453=CARTESIAN_POINT('Ctrl Pts',(-258.379274095548,88.5537212905054,7.31882196525776));
#8454=CARTESIAN_POINT('Ctrl Pts',(-265.002080130524,88.2101143889298,5.80607458144899));
#8455=CARTESIAN_POINT('Ctrl Pts',(-269.868402681069,87.8383459309348,4.47765716363719));
#8456=CARTESIAN_POINT('Ctrl Pts',(-250.,86.2118189593361,9.46266840316508));
#8457=CARTESIAN_POINT('Ctrl Pts',(-258.740659190465,85.7817384589092,7.69385237359323));
#8458=CARTESIAN_POINT('Ctrl Pts',(-265.649111242994,85.3465285413897,6.11309132189784));
#8459=CARTESIAN_POINT('Ctrl Pts',(-270.725310737147,84.9040876561884,4.72080006072934));
#8460=CARTESIAN_POINT('Ctrl Pts',(-250.,82.0338234650711,10.1455774244585));
#8461=CARTESIAN_POINT('Ctrl Pts',(-259.104393339379,81.7984479197304,8.25456582459644));
#8462=CARTESIAN_POINT('Ctrl Pts',(-266.300311001952,81.5357443436618,6.56305013133931));
#8463=CARTESIAN_POINT('Ctrl Pts',(-271.587751669395,81.2453818051681,5.07113703841458));
#8464=CARTESIAN_POINT('Ctrl Pts',(-250.,77.1554412161394,10.8923924871553));
#8465=CARTESIAN_POINT('Ctrl Pts',(-259.464597943558,77.2432908067219,8.86554770993474));
#8466=CARTESIAN_POINT('Ctrl Pts',(-266.945228739711,77.2660862821427,7.05158583877573));
#8467=CARTESIAN_POINT('Ctrl Pts',(-272.441860772436,77.2242643573651,5.45038028907714));
#8468=CARTESIAN_POINT('Ctrl Pts',(-250.,72.471591760597,11.5270854028157));
#8469=CARTESIAN_POINT('Ctrl Pts',(-259.814301202431,72.8218310269231,9.3875250650053));
#8470=CARTESIAN_POINT('Ctrl Pts',(-267.571313372508,73.0808602649102,7.47081715599292));
#8471=CARTESIAN_POINT('Ctrl Pts',(-273.271038040138,73.2475094008225,5.77723697541175));
#8472=CARTESIAN_POINT('Ctrl Pts',(-250.,68.4176195191865,11.9751708553348));
#8473=CARTESIAN_POINT('Ctrl Pts',(-260.145763086475,68.8793699030288,9.7604678590289));
#8474=CARTESIAN_POINT('Ctrl Pts',(-268.16476344972,69.2446667096412,7.77409072178369));
#8475=CARTESIAN_POINT('Ctrl Pts',(-274.056986945121,69.5138389109805,6.01595449001759));
#8476=CARTESIAN_POINT('Ctrl Pts',(-250.,66.1829612397756,12.1555440658522));
#8477=CARTESIAN_POINT('Ctrl Pts',(-260.349214548484,66.6064649186643,9.91395457057516));
#8478=CARTESIAN_POINT('Ctrl Pts',(-268.529005852855,66.9474682390081,7.90139938669022));
#8479=CARTESIAN_POINT('Ctrl Pts',(-274.53938522026,67.2059281366241,6.11784614375038));
#8480=CARTESIAN_POINT('Ctrl Pts',(-250.,65.1640474346542,12.2255612895265));
#8481=CARTESIAN_POINT('Ctrl Pts',(-260.445228323967,65.5427344389991,9.97435098752061));
#8482=CARTESIAN_POINT('Ctrl Pts',(-268.700912508419,65.8500161617922,7.95210556912794));
#8483=CARTESIAN_POINT('Ctrl Pts',(-274.767052553356,66.0858926030333,6.1588250343485));
#8484=CARTESIAN_POINT('Ctrl Pts',(-258.932500905112,77.9787983711189,8.78485388557731));
#8485=CARTESIAN_POINT('Ctrl Pts',(-270.086439343064,77.9648159389018,6.21240468697939));
#8486=CARTESIAN_POINT('Ctrl Pts',(-277.465332147355,77.8402712832557,4.04274966237987));
#8487=CARTESIAN_POINT('Ctrl Pts',(-281.069179317987,77.6051644041805,2.27588881177877));
#8488=CARTESIAN_POINT('Ctrl Pts',(-259.049398824446,76.4246090581512,8.98499869656388));
#8489=CARTESIAN_POINT('Ctrl Pts',(-270.349282332476,76.5423043449389,6.35542098593628));
#8490=CARTESIAN_POINT('Ctrl Pts',(-277.82477353596,76.5281210290138,4.13728640114028));
#8491=CARTESIAN_POINT('Ctrl Pts',(-281.475775685149,76.3812712378632,2.32941430369133));
#8492=CARTESIAN_POINT('Ctrl Pts',(-259.280050015983,73.3333997972129,9.35851355240754));
#8493=CARTESIAN_POINT('Ctrl Pts',(-270.867987116437,73.7015708115674,6.62405897719431));
#8494=CARTESIAN_POINT('Ctrl Pts',(-278.533958138965,73.895336870679,4.31452108848989));
#8495=CARTESIAN_POINT('Ctrl Pts',(-282.278030653373,73.9180997324816,2.43027981741512));
#8496=CARTESIAN_POINT('Ctrl Pts',(-259.60843033007,69.1900074977461,9.76403007078326));
#8497=CARTESIAN_POINT('Ctrl Pts',(-271.606371243134,69.7330938227389,6.9210452807828));
#8498=CARTESIAN_POINT('Ctrl Pts',(-279.543663646468,70.0936107833816,4.51508912663772));
#8499=CARTESIAN_POINT('Ctrl Pts',(-283.420208747867,70.2668356764931,2.54549284876387));
#8500=CARTESIAN_POINT('Ctrl Pts',(-260.01171421637,64.4329328645877,10.0912305042261));
#8501=CARTESIAN_POINT('Ctrl Pts',(-272.513288736817,64.9229339467647,7.16978273111374));
#8502=CARTESIAN_POINT('Ctrl Pts',(-280.783648188032,65.2707799504042,4.68796559341498));
#8503=CARTESIAN_POINT('Ctrl Pts',(-284.822917744214,65.4818647381555,2.64688877661643));
#8504=CARTESIAN_POINT('Ctrl Pts',(-260.345728719972,60.6724335368206,10.2111277872256));
#8505=CARTESIAN_POINT('Ctrl Pts',(-273.26439233461,60.6698039402622,7.27325047925819));
#8506=CARTESIAN_POINT('Ctrl Pts',(-281.810661370447,60.6883163532568,4.76795489526094));
#8507=CARTESIAN_POINT('Ctrl Pts',(-285.984692774238,60.7344240689327,2.6962214188911));
#8508=CARTESIAN_POINT('Ctrl Pts',(-260.580560495853,57.0299274189017,10.3554022138738));
#8509=CARTESIAN_POINT('Ctrl Pts',(-273.792398592665,56.3811321533974,7.39038003439439));
#8510=CARTESIAN_POINT('Ctrl Pts',(-282.532732390392,55.9828722059337,4.85492744888083));
#8511=CARTESIAN_POINT('Ctrl Pts',(-286.801488723315,55.8316812488587,2.74857940174987));
#8512=CARTESIAN_POINT('Ctrl Pts',(-260.661486113673,54.9868477327958,10.4233928530361));
#8513=CARTESIAN_POINT('Ctrl Pts',(-273.974440972694,54.0880087214184,7.44450650540019));
#8514=CARTESIAN_POINT('Ctrl Pts',(-282.781538362096,53.5270266445766,4.89369412848099));
#8515=CARTESIAN_POINT('Ctrl Pts',(-287.082965608474,53.3071895742762,2.7718654336754));
#8516=CARTESIAN_POINT('Ctrl Pts',(-260.692165991807,53.8856105252933,10.452995333714));
#8517=CARTESIAN_POINT('Ctrl Pts',(-274.043383361706,52.884247154151,7.46806148869462));
#8518=CARTESIAN_POINT('Ctrl Pts',(-282.875886995049,52.263220638081,4.91114466683833));
#8519=CARTESIAN_POINT('Ctrl Pts',(-287.189676891834,52.0225309770832,2.78224486814511));
#8520=CARTESIAN_POINT('Ctrl Pts',(-250.,25.238874920093,11.4691562965117));
#8521=CARTESIAN_POINT('Ctrl Pts',(-254.167410629998,24.2332793306067,10.5879015936194));
#8522=CARTESIAN_POINT('Ctrl Pts',(-257.954616938303,23.3394188920585,9.74043741865438));
#8523=CARTESIAN_POINT('Ctrl Pts',(-261.361618924917,22.5572936044485,8.92676377161665));
#8524=CARTESIAN_POINT('Ctrl Pts',(-250.,23.9006073002661,11.2586790963285));
#8525=CARTESIAN_POINT('Ctrl Pts',(-254.085460266737,22.900533335726,10.3961259212787));
#8526=CARTESIAN_POINT('Ctrl Pts',(-257.798199604168,22.0122331187328,9.56662518466139));
#8527=CARTESIAN_POINT('Ctrl Pts',(-261.138204341117,21.2355438817881,8.76945973620123));
#8528=CARTESIAN_POINT('Ctrl Pts',(-249.999999999999,21.3195764375583,10.7895978787286));
#8529=CARTESIAN_POINT('Ctrl Pts',(-253.911157183429,20.3377696868265,9.96870821654954));
#8530=CARTESIAN_POINT('Ctrl Pts',(-257.465486359945,19.4674010964443,9.17837310979967));
#8531=CARTESIAN_POINT('Ctrl Pts',(-260.662992311959,18.7075395107597,8.41807330510018));
#8532=CARTESIAN_POINT('Ctrl Pts',(-249.999999999999,18.8390488213573,10.4305524998883));
#8533=CARTESIAN_POINT('Ctrl Pts',(-253.670229288041,17.8579093242658,9.63943487446803));
#8534=CARTESIAN_POINT('Ctrl Pts',(-257.00561544127,16.9865346550192,8.87685696429392));
#8535=CARTESIAN_POINT('Ctrl Pts',(-260.006154525582,16.2255402223544,8.14346786784091));
#8536=CARTESIAN_POINT('Ctrl Pts',(-250.,16.7575401256665,9.97112349277035));
#8537=CARTESIAN_POINT('Ctrl Pts',(-253.465118778659,15.814931433561,9.21854803257772));
#8538=CARTESIAN_POINT('Ctrl Pts',(-256.614103491446,14.9790277322806,8.49351615974525));
#8539=CARTESIAN_POINT('Ctrl Pts',(-259.446957656996,14.2481289454761,7.79469821294445));
#8540=CARTESIAN_POINT('Ctrl Pts',(-250.,14.4247363987072,9.28617706270394));
#8541=CARTESIAN_POINT('Ctrl Pts',(-253.25217389043,13.5622331743993,8.59348118316559));
#8542=CARTESIAN_POINT('Ctrl Pts',(-256.207644615512,12.7970725091491,7.92324492513107));
#8543=CARTESIAN_POINT('Ctrl Pts',(-258.866408987267,12.1314820190601,7.27778915860344));
#8544=CARTESIAN_POINT('Ctrl Pts',(-250.,11.9970838865914,8.51801071683554));
#8545=CARTESIAN_POINT('Ctrl Pts',(-253.028096484919,11.2390310216619,7.89106317448817));
#8546=CARTESIAN_POINT('Ctrl Pts',(-255.779930233574,10.5711456096382,7.2845353683848));
#8547=CARTESIAN_POINT('Ctrl Pts',(-258.255503594528,9.99256557542843,6.69772496397166));
#8548=CARTESIAN_POINT('Ctrl Pts',(-250.,10.3021381388318,8.07980166342237));
#8549=CARTESIAN_POINT('Ctrl Pts',(-252.793977913927,9.60023872415623,7.48772166108987));
#8550=CARTESIAN_POINT('Ctrl Pts',(-255.33305276625,8.98268232197832,6.91475179199084));
#8551=CARTESIAN_POINT('Ctrl Pts',(-257.617226117152,8.44810354684696,6.35977333929971));
#8552=CARTESIAN_POINT('Ctrl Pts',(-250.,9.36041115849491,7.7445352044169));
#8553=CARTESIAN_POINT('Ctrl Pts',(-252.613624782632,8.68425153583588,7.1787214843621));
#8554=CARTESIAN_POINT('Ctrl Pts',(-254.988800892844,8.08764773562104,6.63049442629049));
#8555=CARTESIAN_POINT('Ctrl Pts',(-257.125529335824,7.57018988238879,6.09966290897543));
#8556=CARTESIAN_POINT('Ctrl Pts',(-250.,8.55529031878222,7.30650063225181));
#8557=CARTESIAN_POINT('Ctrl Pts',(-252.428767882161,7.90243095340116,6.77561885531843));
#8558=CARTESIAN_POINT('Ctrl Pts',(-254.635951881715,7.32512179155565,6.26099350052884));
#8559=CARTESIAN_POINT('Ctrl Pts',(-256.621553430068,6.82183197667563,5.762031910095));
#8560=CARTESIAN_POINT('Ctrl Pts',(-250.,7.5937633374073,6.85853144179755));
#8561=CARTESIAN_POINT('Ctrl Pts',(-252.239667737564,6.98351804987016,6.36353398007816));
#8562=CARTESIAN_POINT('Ctrl Pts',(-254.275004214517,6.44232188787298,5.88309531745541));
#8563=CARTESIAN_POINT('Ctrl Pts',(-256.106009869758,5.97063900466278,5.41685526195));
#8564=CARTESIAN_POINT('Ctrl Pts',(-250.,6.52097407561633,6.45154612465002));
#8565=CARTESIAN_POINT('Ctrl Pts',(-252.046593286897,5.9655409779268,5.98862364651023));
#8566=CARTESIAN_POINT('Ctrl Pts',(-253.90646990565,5.47388489617078,5.53897013694085));
#8567=CARTESIAN_POINT('Ctrl Pts',(-255.579630535432,5.0454145205202,5.10211005570262));
#8568=CARTESIAN_POINT('Ctrl Pts',(-250.,5.94290867742301,6.14856615406582));
#8569=CARTESIAN_POINT('Ctrl Pts',(-251.915411228415,5.41758848341763,5.70967405827347));
#8570=CARTESIAN_POINT('Ctrl Pts',(-253.656074405206,4.95171044326155,5.28274931502733));
#8571=CARTESIAN_POINT('Ctrl Pts',(-255.22198917574,4.54601378710054,4.8678852959325));
#8572=CARTESIAN_POINT('Ctrl Pts',(-250.,5.66794613233791,5.98625998073813));
#8573=CARTESIAN_POINT('Ctrl Pts',(-251.849250216801,5.15816658570799,5.56011957188702));
#8574=CARTESIAN_POINT('Ctrl Pts',(-253.529788255528,4.70620888459843,5.14546216165428));
#8575=CARTESIAN_POINT('Ctrl Pts',(-255.041614116181,4.31207302900923,4.74228775003988));
#8576=CARTESIAN_POINT('Ctrl Pts',(-250.,41.7884650034313,12.7542627989673));
#8577=CARTESIAN_POINT('Ctrl Pts',(-259.703674054095,40.3822987327896,10.7668560087391));
#8578=CARTESIAN_POINT('Ctrl Pts',(-267.640749023254,39.2892086674353,8.94063296812961));
#8579=CARTESIAN_POINT('Ctrl Pts',(-273.811224907476,38.5091948073684,7.27559367713892));
#8580=CARTESIAN_POINT('Ctrl Pts',(-250.,40.546705934943,12.7126694472492));
#8581=CARTESIAN_POINT('Ctrl Pts',(-259.655392794287,39.0591260692057,10.732694625296));
#8582=CARTESIAN_POINT('Ctrl Pts',(-267.553027298844,37.909139324154,8.91574603189359));
#8583=CARTESIAN_POINT('Ctrl Pts',(-273.692801579978,37.0846892271705,7.25584865483516));
#8584=CARTESIAN_POINT('Ctrl Pts',(-250.,36.9694888817582,12.5323720283371));
#8585=CARTESIAN_POINT('Ctrl Pts',(-259.473742536347,35.2723038388617,10.5880827345537));
#8586=CARTESIAN_POINT('Ctrl Pts',(-267.222712803615,33.9430611238177,8.79801307831329));
#8587=CARTESIAN_POINT('Ctrl Pts',(-273.246977378865,32.986430970649,7.16449508587454));
#8588=CARTESIAN_POINT('Ctrl Pts',(-250.,32.3247958959053,12.2630909994933));
#8589=CARTESIAN_POINT('Ctrl Pts',(-259.092326176327,30.375750794295,10.3625966238205));
#8590=CARTESIAN_POINT('Ctrl Pts',(-266.529346450284,28.8517863411602,8.61382887178294));
#8591=CARTESIAN_POINT('Ctrl Pts',(-272.311071917333,27.7496140980892,7.01565193308649));
#8592=CARTESIAN_POINT('Ctrl Pts',(-250.,27.5687319107471,11.8382032867796));
#8593=CARTESIAN_POINT('Ctrl Pts',(-258.594917736089,25.5382784603861,10.0128466209416));
#8594=CARTESIAN_POINT('Ctrl Pts',(-265.625106660185,23.9564556976307,8.3317245424973));
#8595=CARTESIAN_POINT('Ctrl Pts',(-271.090534736371,22.818000652842,6.79123581770847));
#8596=CARTESIAN_POINT('Ctrl Pts',(-250.,23.952441743888,11.2678300864391));
#8597=CARTESIAN_POINT('Ctrl Pts',(-258.17005478405,21.9580289099655,9.54533249638173));
#8598=CARTESIAN_POINT('Ctrl Pts',(-264.852703326903,20.4096568958529,7.95372636242432));
#8599=CARTESIAN_POINT('Ctrl Pts',(-270.047965011983,19.3044697682384,6.49174544694999));
#8600=CARTESIAN_POINT('Ctrl Pts',(-250.,20.7354120118452,10.7004730385486));
#8601=CARTESIAN_POINT('Ctrl Pts',(-257.698723747071,18.7767824482845,9.07738560849762));
#8602=CARTESIAN_POINT('Ctrl Pts',(-263.995875620361,17.2603614378928,7.57375552226545));
#8603=CARTESIAN_POINT('Ctrl Pts',(-268.891422292247,16.1848062934762,6.18890394962972));
#8604=CARTESIAN_POINT('Ctrl Pts',(-250.,19.0131580660135,10.4457681715284));
#8605=CARTESIAN_POINT('Ctrl Pts',(-257.356655780718,17.0597959566567,8.8642097461012));
#8606=CARTESIAN_POINT('Ctrl Pts',(-263.373987850593,15.5452423076991,7.39857041718332));
#8607=CARTESIAN_POINT('Ctrl Pts',(-268.052016691049,14.4670625516403,6.04741156812227));
#8608=CARTESIAN_POINT('Ctrl Pts',(-250.,18.1081672289558,10.2618312635938));
#8609=CARTESIAN_POINT('Ctrl Pts',(-257.179289100001,16.181078019249,8.71148404899981));
#8610=CARTESIAN_POINT('Ctrl Pts',(-263.051555160702,14.6856884280818,7.27314898767602));
#8611=CARTESIAN_POINT('Ctrl Pts',(-267.616798182104,13.6219984554544,5.94682607962247));
#8612=CARTESIAN_POINT('Ctrl Pts',(-250.,50.2388749200931,12.8343335980145));
#8613=CARTESIAN_POINT('Ctrl Pts',(-253.538917580764,49.8870680998782,12.1101020090049));
#8614=CARTESIAN_POINT('Ctrl Pts',(-256.846147038409,49.5616408060459,11.4075052167332));
#8615=CARTESIAN_POINT('Ctrl Pts',(-259.921688372935,49.2625930385961,10.7265432211992));
#8616=CARTESIAN_POINT('Ctrl Pts',(-250.,49.1894646416851,12.8460687675149));
#8617=CARTESIAN_POINT('Ctrl Pts',(-253.540159676572,48.822055235168,12.1217607509981));
#8618=CARTESIAN_POINT('Ctrl Pts',(-256.848574583935,48.4839109402669,11.4190335099167));
#8619=CARTESIAN_POINT('Ctrl Pts',(-259.925195377622,48.1721369884969,10.7378809372794));
#8620=CARTESIAN_POINT('Ctrl Pts',(-250.,45.9647433858601,12.8599252495372));
#8621=CARTESIAN_POINT('Ctrl Pts',(-253.536230821468,45.5548846101103,12.1366784159383));
#8622=CARTESIAN_POINT('Ctrl Pts',(-256.840934285863,45.1763423147736,11.4347467701281));
#8623=CARTESIAN_POINT('Ctrl Pts',(-259.914140658051,44.831102326666,10.7542253413564));
#8624=CARTESIAN_POINT('Ctrl Pts',(-250.,41.1200015936358,12.7662521885783));
#8625=CARTESIAN_POINT('Ctrl Pts',(-253.491040993884,40.5975101544254,12.0515390889207));
#8626=CARTESIAN_POINT('Ctrl Pts',(-256.753540955011,40.1176568110284,11.3572941676238));
#8627=CARTESIAN_POINT('Ctrl Pts',(-259.787474532774,39.6797661189479,10.6841605100692));
#8628=CARTESIAN_POINT('Ctrl Pts',(-250.,35.9226039314816,12.4717036981477));
#8629=CARTESIAN_POINT('Ctrl Pts',(-253.378246818142,35.2889206241594,11.7760273227178));
#8630=CARTESIAN_POINT('Ctrl Pts',(-256.535318600788,34.7047039270787,11.1002620167176));
#8631=CARTESIAN_POINT('Ctrl Pts',(-259.471226965511,34.1698855321275,10.4445230613337));
#8632=CARTESIAN_POINT('Ctrl Pts',(-250.,32.4270974358926,12.2550841378216));
#8633=CARTESIAN_POINT('Ctrl Pts',(-253.267954941726,31.7361066657952,11.5727343516723));
#8634=CARTESIAN_POINT('Ctrl Pts',(-256.321964921225,31.0980006325441,10.9089657713416));
#8635=CARTESIAN_POINT('Ctrl Pts',(-259.162022727963,30.5152946085106,10.2655939119948));
#8636=CARTESIAN_POINT('Ctrl Pts',(-250.,30.6679461323379,12.1115345634331));
#8637=CARTESIAN_POINT('Ctrl Pts',(-253.205223019991,29.9599698462104,11.4379367090459));
#8638=CARTESIAN_POINT('Ctrl Pts',(-256.200604446125,29.3075847103038,10.7834697269732));
#8639=CARTESIAN_POINT('Ctrl Pts',(-258.986144278401,28.7107907246179,10.1481336172152));
#8640=CARTESIAN_POINT('Ctrl Pts',(-250.,65.0287697106972,12.2347805814474));
#8641=CARTESIAN_POINT('Ctrl Pts',(-258.270715722267,65.3234068347676,10.4534115227267));
#8642=CARTESIAN_POINT('Ctrl Pts',(-265.170317733708,65.5743279835146,8.8152413092304));
#8643=CARTESIAN_POINT('Ctrl Pts',(-270.69880603432,65.7815331569382,7.32026994095866));
#8644=CARTESIAN_POINT('Ctrl Pts',(-250.,63.886101304367,12.3120089084018));
#8645=CARTESIAN_POINT('Ctrl Pts',(-258.356023507604,64.1373191102228,10.5213615171351));
#8646=CARTESIAN_POINT('Ctrl Pts',(-265.327085711687,64.3564662701029,8.87653336766445));
#8647=CARTESIAN_POINT('Ctrl Pts',(-270.912597262648,64.5368818466742,7.37236301784519));
#8648=CARTESIAN_POINT('Ctrl Pts',(-250.,60.819450386368,12.4590401315491));
#8649=CARTESIAN_POINT('Ctrl Pts',(-258.595181597059,60.8701504257689,10.6577969315083));
#8650=CARTESIAN_POINT('Ctrl Pts',(-265.765288571313,60.9183661053658,8.99689820833773));
#8651=CARTESIAN_POINT('Ctrl Pts',(-271.510663276073,60.9668848969395,7.47907869405416));
#8652=CARTESIAN_POINT('Ctrl Pts',(-250.,57.7019952849158,12.6248002667892));
#8653=CARTESIAN_POINT('Ctrl Pts',(-258.82573655567,57.2308151964556,10.8098492950693));
#8654=CARTESIAN_POINT('Ctrl Pts',(-266.188392558349,56.8451771207814,9.1352849781476));
#8655=CARTESIAN_POINT('Ctrl Pts',(-272.0878797286,56.5444755817281,7.60046355035103));
#8656=CARTESIAN_POINT('Ctrl Pts',(-250.,53.3140005494367,12.789792798987));
#8657=CARTESIAN_POINT('Ctrl Pts',(-258.943320008975,52.5303605899834,10.9575803583695));
#8658=CARTESIAN_POINT('Ctrl Pts',(-266.404158839434,51.8918004424764,9.26622404210001));
#8659=CARTESIAN_POINT('Ctrl Pts',(-272.382243650781,51.3948420232536,7.71340005085659));
#8660=CARTESIAN_POINT('Ctrl Pts',(-250.,49.3996396920856,12.8514233769711));
#8661=CARTESIAN_POINT('Ctrl Pts',(-258.972457020083,48.4814340790192,11.0161440793414));
#8662=CARTESIAN_POINT('Ctrl Pts',(-266.457488652091,47.7404166821091,9.31966529128714));
#8663=CARTESIAN_POINT('Ctrl Pts',(-272.455049846188,47.1731526486394,7.76145717725576));
#8664=CARTESIAN_POINT('Ctrl Pts',(-250.,45.4600983274471,12.8479105084973));
#8665=CARTESIAN_POINT('Ctrl Pts',(-258.941167573568,44.3904585543273,11.0187726185306));
#8666=CARTESIAN_POINT('Ctrl Pts',(-266.400175867265,43.5360526012747,9.32706314034139));
#8667=CARTESIAN_POINT('Ctrl Pts',(-272.376821901804,42.8947233923803,7.77109842244468));
#8668=CARTESIAN_POINT('Ctrl Pts',(-250.,43.0708422237006,12.7961929784392));
#8669=CARTESIAN_POINT('Ctrl Pts',(-258.880688970232,41.8631352717043,10.9786657902034));
#8670=CARTESIAN_POINT('Ctrl Pts',(-266.289091185332,40.9018196706906,9.29553342880075));
#8671=CARTESIAN_POINT('Ctrl Pts',(-272.225310821213,40.1841060109801,7.7474616447771));
#8672=CARTESIAN_POINT('Ctrl Pts',(-250.,41.9208355513862,12.758640916583));
#8673=CARTESIAN_POINT('Ctrl Pts',(-258.84082019261,40.6479628493664,10.948080515038));
#8674=CARTESIAN_POINT('Ctrl Pts',(-266.216015137286,39.6331627724072,9.27128589817175));
#8675=CARTESIAN_POINT('Ctrl Pts',(-272.125584834026,38.8764353205086,7.7282570659843));
#8676=CARTESIAN_POINT('Ctrl Pts',(-250.,75.2388749200931,11.1480421279834));
#8677=CARTESIAN_POINT('Ctrl Pts',(-253.225653691437,75.3034249528448,10.4523951723743));
#8678=CARTESIAN_POINT('Ctrl Pts',(-256.224304144281,75.3594824816191,9.78118942110228));
#8679=CARTESIAN_POINT('Ctrl Pts',(-258.995951358532,75.4070475064161,9.13442487416726));
#8680=CARTESIAN_POINT('Ctrl Pts',(-250.,73.8319232251068,11.3405898084696));
#8681=CARTESIAN_POINT('Ctrl Pts',(-253.261085493949,73.9227291184789,10.6334050014662));
#8682=CARTESIAN_POINT('Ctrl Pts',(-256.292685180818,74.0044569307308,9.95111296463061));
#8683=CARTESIAN_POINT('Ctrl Pts',(-259.09477721839,74.0764765379535,9.2935136557235));
#8684=CARTESIAN_POINT('Ctrl Pts',(-250.,71.1308915623066,11.6836347950779));
#8685=CARTESIAN_POINT('Ctrl Pts',(-253.330717464758,71.2650921604057,10.9563703078299));
#8686=CARTESIAN_POINT('Ctrl Pts',(-256.427029715601,71.3880635262,10.2544368191001));
#8687=CARTESIAN_POINT('Ctrl Pts',(-259.288953116479,71.5007536973607,9.57789976016742));
#8688=CARTESIAN_POINT('Ctrl Pts',(-250.,67.6383143094992,12.0443702699982));
#8689=CARTESIAN_POINT('Ctrl Pts',(-253.429425213192,67.7916636755327,11.2972419798671));
#8690=CARTESIAN_POINT('Ctrl Pts',(-256.617518758817,67.9352428635072,10.5759542245428));
#8691=CARTESIAN_POINT('Ctrl Pts',(-259.564256923506,68.0676901028435,9.88038463515196));
#8692=CARTESIAN_POINT('Ctrl Pts',(-250.,63.7208983248707,12.3392000361769));
#8693=CARTESIAN_POINT('Ctrl Pts',(-253.550794693869,63.8413738017334,11.5777843733555));
#8694=CARTESIAN_POINT('Ctrl Pts',(-256.851689759235,63.9537757962249,10.8421366572798));
#8695=CARTESIAN_POINT('Ctrl Pts',(-259.902714811231,64.0598566888595,10.1324312511078));
#8696=CARTESIAN_POINT('Ctrl Pts',(-250.,60.7672236880667,12.4604722544602));
#8697=CARTESIAN_POINT('Ctrl Pts',(-253.652707642056,60.7660023964857,11.6958282925198));
#8698=CARTESIAN_POINT('Ctrl Pts',(-257.048339610207,60.7650501509334,10.9566203036706));
#8699=CARTESIAN_POINT('Ctrl Pts',(-260.186933498154,60.7664244677387,10.2429999910522));
#8700=CARTESIAN_POINT('Ctrl Pts',(-250.,58.0325050774156,12.59991963734));
#8701=CARTESIAN_POINT('Ctrl Pts',(-253.728143704675,57.8730487339567,11.8302357565604));
#8702=CARTESIAN_POINT('Ctrl Pts',(-257.19393051115,57.7267295293881,11.085888254941));
#8703=CARTESIAN_POINT('Ctrl Pts',(-260.397342935992,57.5925665164254,10.3668015419214));
#8704=CARTESIAN_POINT('Ctrl Pts',(-250.,56.50471166019,12.6700687429507));
#8705=CARTESIAN_POINT('Ctrl Pts',(-253.756205243615,56.276911275285,11.8975140133913));
#8706=CARTESIAN_POINT('Ctrl Pts',(-257.248047936043,56.0660881965208,11.1501232919331));
#8707=CARTESIAN_POINT('Ctrl Pts',(-260.475572275453,55.8736186158241,10.4280606186642));
#8708=CARTESIAN_POINT('Ctrl Pts',(-250.,55.6679461323378,12.7024219976096));
#8709=CARTESIAN_POINT('Ctrl Pts',(-253.767630531995,55.4105196071682,11.9285023480344));
#8710=CARTESIAN_POINT('Ctrl Pts',(-257.270116564797,55.1730461212139,11.1798044467517));
#8711=CARTESIAN_POINT('Ctrl Pts',(-260.507458098406,54.955525674475,10.4563282937615));
#8712=CARTESIAN_POINT('Ctrl Pts',(-250.,100.238874920093,6.80960340485277));
#8713=CARTESIAN_POINT('Ctrl Pts',(-253.134585438916,100.219177212013,6.2168793777849));
#8714=CARTESIAN_POINT('Ctrl Pts',(-255.973937700246,100.183707816285,5.65540913841405));
#8715=CARTESIAN_POINT('Ctrl Pts',(-258.518056783988,100.132466732907,5.12519268674025));
#8716=CARTESIAN_POINT('Ctrl Pts',(-250.,99.2385167292773,7.01742259812142));
#8717=CARTESIAN_POINT('Ctrl Pts',(-253.179287065224,99.2268928967528,6.40773281534006));
#8718=CARTESIAN_POINT('Ctrl Pts',(-256.059133332646,99.2001841062933,5.82984525748156));
#8719=CARTESIAN_POINT('Ctrl Pts',(-258.639533533231,99.1561451923769,5.28416558838072));
#8720=CARTESIAN_POINT('Ctrl Pts',(-250.,96.9207903296979,7.48612224683986));
#8721=CARTESIAN_POINT('Ctrl Pts',(-253.269073716122,96.9574351565397,6.83717845169702));
#8722=CARTESIAN_POINT('Ctrl Pts',(-256.230248851395,96.9746399076168,6.22211159148637));
#8723=CARTESIAN_POINT('Ctrl Pts',(-258.883522462665,96.972614048909,5.64088234053489));
#8724=CARTESIAN_POINT('Ctrl Pts',(-250.,93.3678714745461,8.18237838290326));
#8725=CARTESIAN_POINT('Ctrl Pts',(-253.406196317885,93.4797990610194,7.47578581911313));
#8726=CARTESIAN_POINT('Ctrl Pts',(-256.491576802066,93.5687197944988,6.80551099557021));
#8727=CARTESIAN_POINT('Ctrl Pts',(-259.256143033925,93.6325607739492,6.17193201669227));
#8728=CARTESIAN_POINT('Ctrl Pts',(-250.,90.9178517403726,8.65209049751695));
#8729=CARTESIAN_POINT('Ctrl Pts',(-253.546574005956,90.9946380626987,7.90989509964695));
#8730=CARTESIAN_POINT('Ctrl Pts',(-256.759116663142,91.0491482359848,7.20557793891996));
#8731=CARTESIAN_POINT('Ctrl Pts',(-259.637617436621,91.0837839351533,6.53868734746047));
#8732=CARTESIAN_POINT('Ctrl Pts',(-250.,89.5781257827036,8.89455435869401));
#8733=CARTESIAN_POINT('Ctrl Pts',(-253.690414488511,89.5087168975743,8.13884871670508));
#8734=CARTESIAN_POINT('Ctrl Pts',(-257.033245379261,89.4284652691805,7.42051869429883));
#8735=CARTESIAN_POINT('Ctrl Pts',(-260.028491197281,89.3376352892345,6.73950816890765));
#8736=CARTESIAN_POINT('Ctrl Pts',(-250.,87.846109169728,9.18840418602421));
#8737=CARTESIAN_POINT('Ctrl Pts',(-253.837254752992,87.6657536595319,8.41415563266171));
#8738=CARTESIAN_POINT('Ctrl Pts',(-257.313100818062,87.4835157154238,7.67714530446778));
#8739=CARTESIAN_POINT('Ctrl Pts',(-260.427526389325,87.2978548441006,6.97766222862265));
#8740=CARTESIAN_POINT('Ctrl Pts',(-250.000000000001,84.8175865984373,9.69311742936509));
#8741=CARTESIAN_POINT('Ctrl Pts',(-253.985942633273,84.6468676169871,8.87997411161927));
#8742=CARTESIAN_POINT('Ctrl Pts',(-257.596464317051,84.4731221140405,8.10571728670496));
#8743=CARTESIAN_POINT('Ctrl Pts',(-260.831569219318,84.297880896214,7.37005469232172));
#8744=CARTESIAN_POINT('Ctrl Pts',(-250.,82.0933919345231,10.1307099552092));
#8745=CARTESIAN_POINT('Ctrl Pts',(-254.085157478873,81.9911387495793,9.28216038729878));
#8746=CARTESIAN_POINT('Ctrl Pts',(-257.785554749692,81.8837231447949,8.47375823752743));
#8747=CARTESIAN_POINT('Ctrl Pts',(-261.101185254786,81.7699328245479,7.70572128485405));
#8748=CARTESIAN_POINT('Ctrl Pts',(-250.,80.6679461323377,10.3515975781639));
#8749=CARTESIAN_POINT('Ctrl Pts',(-254.134434892538,80.6051771632158,9.4850467299025));
#8750=CARTESIAN_POINT('Ctrl Pts',(-257.879465069641,80.5346135678843,8.65953094216112));
#8751=CARTESIAN_POINT('Ctrl Pts',(-261.235090531308,80.4562553463435,7.87505021493979));
#8752=CARTESIAN_POINT('Ctrl Pts',(-250.,125.238874920094,1.1969040012948));
#8753=CARTESIAN_POINT('Ctrl Pts',(-251.671156580558,125.707344848798,1.00610802600936));
#8754=CARTESIAN_POINT('Ctrl Pts',(-253.067062814271,126.078561940746,0.834939141450163));
#8755=CARTESIAN_POINT('Ctrl Pts',(-254.18771870114,126.35252619594,0.683397347617217));
#8756=CARTESIAN_POINT('Ctrl Pts',(-250.,124.840012358818,1.29116641224645));
#8757=CARTESIAN_POINT('Ctrl Pts',(-251.779256764527,125.332403687634,1.08533616028571));
#8758=CARTESIAN_POINT('Ctrl Pts',(-253.265456303725,125.722352759808,0.900655465326057));
#8759=CARTESIAN_POINT('Ctrl Pts',(-254.458602769243,126.009500049399,0.737179118647224));
#8760=CARTESIAN_POINT('Ctrl Pts',(-249.999999999896,124.047223800969,1.47872001408935));
#8761=CARTESIAN_POINT('Ctrl Pts',(-251.990318237269,124.577372841755,1.24282768976107));
#8762=CARTESIAN_POINT('Ctrl Pts',(-253.652817292125,124.996025575221,1.03123280494917));
#8763=CARTESIAN_POINT('Ctrl Pts',(-254.987498838668,125.302858918781,0.84395151078485));
#8764=CARTESIAN_POINT('Ctrl Pts',(-249.999999999785,122.843354108569,1.72754819037709));
#8765=CARTESIAN_POINT('Ctrl Pts',(-252.291706458943,123.402105169208,1.45186285515531));
#8766=CARTESIAN_POINT('Ctrl Pts',(-254.205950466654,123.841877865194,1.2045891275814));
#8767=CARTESIAN_POINT('Ctrl Pts',(-255.7427390383,124.161419748397,0.985758839329607));
#8768=CARTESIAN_POINT('Ctrl Pts',(-249.9999999997,121.645009256846,1.96230312947481));
#8769=CARTESIAN_POINT('Ctrl Pts',(-252.578154778913,122.202736739884,1.64955478282558));
#8770=CARTESIAN_POINT('Ctrl Pts',(-254.731663156594,122.640028845145,1.36895560266393));
#8771=CARTESIAN_POINT('Ctrl Pts',(-256.46054024938,122.954058542686,1.1205231378917));
#8772=CARTESIAN_POINT('Ctrl Pts',(-249.999999999673,120.135025365554,2.31452719270511));
#8773=CARTESIAN_POINT('Ctrl Pts',(-252.940670023143,120.645860381982,1.9467822887912));
#8774=CARTESIAN_POINT('Ctrl Pts',(-255.396990822047,121.039601815223,1.61663561844838));
#8775=CARTESIAN_POINT('Ctrl Pts',(-257.368965926882,121.315265514049,1.32399567246148));
#8776=CARTESIAN_POINT('Ctrl Pts',(-249.999999999539,118.963281306417,2.63855711588793));
#8777=CARTESIAN_POINT('Ctrl Pts',(-253.192685883329,119.424062856278,2.21996026825696));
#8778=CARTESIAN_POINT('Ctrl Pts',(-255.859494205024,119.77586794872,1.84396688417571));
#8779=CARTESIAN_POINT('Ctrl Pts',(-258.000467870938,120.009814157431,1.51057296327563));
#8780=CARTESIAN_POINT('Ctrl Pts',(-249.999999999507,118.054927762443,2.84788663666099));
#8781=CARTESIAN_POINT('Ctrl Pts',(-253.353644810393,118.503718718776,2.39614514650496));
#8782=CARTESIAN_POINT('Ctrl Pts',(-256.154928370364,118.836601483772,1.99040034248746));
#8783=CARTESIAN_POINT('Ctrl Pts',(-258.403839001188,119.056057508501,1.63058963915151));
#8784=CARTESIAN_POINT('Ctrl Pts',(-249.999999999508,118.027052241631,2.85432551608376));
#8785=CARTESIAN_POINT('Ctrl Pts',(-253.358594408234,118.475235889322,2.40156806479514));
#8786=CARTESIAN_POINT('Ctrl Pts',(-256.164010526992,118.807876364385,1.99490474280835));
#8787=CARTESIAN_POINT('Ctrl Pts',(-258.416240293809,119.026731016631,1.63428220308024));
#8788=CARTESIAN_POINT('Ctrl Pts',(-249.999999999507,117.9781016201,2.86558272740429));
#8789=CARTESIAN_POINT('Ctrl Pts',(-253.367243471393,118.425601865655,2.41104275589571));
#8790=CARTESIAN_POINT('Ctrl Pts',(-256.179885280607,118.757260745129,2.00278071638788));
#8791=CARTESIAN_POINT('Ctrl Pts',(-258.437914996788,118.975308926453,1.6407371021706));
#8792=CARTESIAN_POINT('Ctrl Pts',(-249.999999999506,117.879887972822,2.88805734300586));
#8793=CARTESIAN_POINT('Ctrl Pts',(-253.384499344468,118.325792470135,2.42996282019689));
#8794=CARTESIAN_POINT('Ctrl Pts',(-256.211554067831,118.655931492527,2.01850342706356));
#8795=CARTESIAN_POINT('Ctrl Pts',(-258.481155348263,118.872214891492,1.65362382690301));
#8796=CARTESIAN_POINT('Ctrl Pts',(-249.999999999503,117.738551595437,2.92003875313775));
#8797=CARTESIAN_POINT('Ctrl Pts',(-253.409025866907,118.182418703934,2.456882939617));
#8798=CARTESIAN_POINT('Ctrl Pts',(-256.256567919868,118.510256984104,2.0408759165212));
#8799=CARTESIAN_POINT('Ctrl Pts',(-258.542616367537,118.72416817725,1.67195976742813));
#8800=CARTESIAN_POINT('Ctrl Pts',(-249.9999999995,117.567605285786,2.95819367421422));
#8801=CARTESIAN_POINT('Ctrl Pts',(-253.438261210076,118.009068869468,2.48900064928137));
#8802=CARTESIAN_POINT('Ctrl Pts',(-256.310223077259,118.334342790156,2.06756665263245));
#8803=CARTESIAN_POINT('Ctrl Pts',(-258.615876366157,118.545420455163,1.69383504943635));
#8804=CARTESIAN_POINT('Ctrl Pts',(-249.999999999496,117.338177137842,3.00874525627347));
#8805=CARTESIAN_POINT('Ctrl Pts',(-253.47698118793,117.776556740694,2.53155418953777));
#8806=CARTESIAN_POINT('Ctrl Pts',(-256.381285701768,118.098412144418,2.10293151208321));
#8807=CARTESIAN_POINT('Ctrl Pts',(-258.712904104665,118.305771468117,1.72282019593533));
#8808=CARTESIAN_POINT('Ctrl Pts',(-249.999999999482,117.04922131536,3.07129384233824));
#8809=CARTESIAN_POINT('Ctrl Pts',(-253.5248973998,117.483742897224,2.5842120528002));
#8810=CARTESIAN_POINT('Ctrl Pts',(-256.469225804613,117.801362537941,2.14669800594944));
#8811=CARTESIAN_POINT('Ctrl Pts',(-258.832976196548,118.004036388843,1.75869467343369));
#8812=CARTESIAN_POINT('Ctrl Pts',(-249.999999999471,116.70123455257,3.14526964895087));
#8813=CARTESIAN_POINT('Ctrl Pts',(-253.581636408034,117.13068266096,2.6465087536699));
#8814=CARTESIAN_POINT('Ctrl Pts',(-256.573358528678,117.442793432279,2.19849098042241));
#8815=CARTESIAN_POINT('Ctrl Pts',(-258.975157362239,117.639497502345,1.80116037145307));
#8816=CARTESIAN_POINT('Ctrl Pts',(-249.999999999455,116.411974682704,3.20603120803495));
#8817=CARTESIAN_POINT('Ctrl Pts',(-253.628297367723,116.836419077741,2.69770072365013));
#8818=CARTESIAN_POINT('Ctrl Pts',(-256.658994907168,117.143282845492,2.24107230325787));
#8819=CARTESIAN_POINT('Ctrl Pts',(-259.092083973966,117.334461118401,1.83608827667544));
#8820=CARTESIAN_POINT('Ctrl Pts',(-249.999999999452,116.182021686929,3.25415741940764));
#8821=CARTESIAN_POINT('Ctrl Pts',(-253.665260636819,116.601766399068,2.73826743785841));
#8822=CARTESIAN_POINT('Ctrl Pts',(-256.726833398413,116.903844951676,2.27483066762495));
#8823=CARTESIAN_POINT('Ctrl Pts',(-259.184709553145,117.090123797557,1.86379199993377));
#8824=CARTESIAN_POINT('Ctrl Pts',(-249.999999999447,115.838863057539,3.32591072925376));
#8825=CARTESIAN_POINT('Ctrl Pts',(-253.720344099082,116.25079843241,2.79876971333125));
#8826=CARTESIAN_POINT('Ctrl Pts',(-256.827927572293,116.545020577291,2.32519961005383));
#8827=CARTESIAN_POINT('Ctrl Pts',(-259.322741981032,116.723436216214,1.90513987947012));
#8828=CARTESIAN_POINT('Ctrl Pts',(-249.999999999382,115.445086700754,3.40843780885134));
#8829=CARTESIAN_POINT('Ctrl Pts',(-253.783564726026,115.845281997309,2.86842788784716));
#8830=CARTESIAN_POINT('Ctrl Pts',(-256.943955639317,116.128255619486,2.38324663317421));
#8831=CARTESIAN_POINT('Ctrl Pts',(-259.481164979001,116.295728199963,1.95283634896954));
#8832=CARTESIAN_POINT('Ctrl Pts',(-249.999999999374,115.006600753316,3.50230268523877));
#8833=CARTESIAN_POINT('Ctrl Pts',(-253.854451901167,115.389040243606,2.94777719843452));
#8834=CARTESIAN_POINT('Ctrl Pts',(-257.074054381038,115.655502865847,2.44947211696359));
#8835=CARTESIAN_POINT('Ctrl Pts',(-259.658799739224,115.807676216398,2.00733098171132));
#8836=CARTESIAN_POINT('Ctrl Pts',(-249.999999999354,114.736437182914,3.56113628264199));
#8837=CARTESIAN_POINT('Ctrl Pts',(-253.898202174467,115.106063667762,2.99756403463759));
#8838=CARTESIAN_POINT('Ctrl Pts',(-257.154348839188,115.360822431684,2.49106856225731));
#8839=CARTESIAN_POINT('Ctrl Pts',(-259.768432562144,115.502369995223,2.04159209446635));
#8840=CARTESIAN_POINT('Ctrl Pts',(-249.999999999351,114.521855264358,3.60853650887494));
#8841=CARTESIAN_POINT('Ctrl Pts',(-253.932878721317,114.880315303462,3.03770658330713));
#8842=CARTESIAN_POINT('Ctrl Pts',(-257.217990480605,115.124980056746,2.52463227923225));
#8843=CARTESIAN_POINT('Ctrl Pts',(-259.855327845273,115.257488568735,2.06925681238882));
#8844=CARTESIAN_POINT('Ctrl Pts',(-249.999999999346,114.307867506036,3.65624624764287));
#8845=CARTESIAN_POINT('Ctrl Pts',(-253.967342563061,114.654626195701,3.07813037086576));
#8846=CARTESIAN_POINT('Ctrl Pts',(-257.281241710725,114.888772617824,2.55844788890309));
#8847=CARTESIAN_POINT('Ctrl Pts',(-259.941690079824,115.011943032964,2.09714133305349));
#8848=CARTESIAN_POINT('Ctrl Pts',(-249.999999999333,113.933858574614,3.74076918361413));
#8849=CARTESIAN_POINT('Ctrl Pts',(-254.027103963008,114.258907434749,3.1497941169209));
#8850=CARTESIAN_POINT('Ctrl Pts',(-257.390921403614,114.473721419331,2.6184368272569));
#8851=CARTESIAN_POINT('Ctrl Pts',(-260.091444990949,114.579901144064,2.14663943335803));
#8852=CARTESIAN_POINT('Ctrl Pts',(-249.999999999266,113.582548577521,3.82204033809843));
#8853=CARTESIAN_POINT('Ctrl Pts',(-254.081605222533,113.886013681371,3.21877809012419));
#8854=CARTESIAN_POINT('Ctrl Pts',(-257.490946744102,114.08192537603,2.67624571019771));
#8855=CARTESIAN_POINT('Ctrl Pts',(-260.228018167897,114.171782881891,2.19438775991591));
#8856=CARTESIAN_POINT('Ctrl Pts',(-249.99999999926,113.317899818106,3.88383725276949));
#8857=CARTESIAN_POINT('Ctrl Pts',(-254.120924377671,113.605900328047,3.27125435392988));
#8858=CARTESIAN_POINT('Ctrl Pts',(-257.563109064251,113.788381991665,2.72024234695718));
#8859=CARTESIAN_POINT('Ctrl Pts',(-260.326547402547,113.866817578533,2.23074174272242));
#8860=CARTESIAN_POINT('Ctrl Pts',(-249.99999999926,113.261880308853,3.89693402205107));
#8861=CARTESIAN_POINT('Ctrl Pts',(-254.129184441212,113.546643124841,3.28237677721015));
#8862=CARTESIAN_POINT('Ctrl Pts',(-257.578268670238,113.726313121411,2.72956754497474));
#8863=CARTESIAN_POINT('Ctrl Pts',(-260.347246099809,113.802366397263,2.23844772675071));
#8864=CARTESIAN_POINT('Ctrl Pts',(-249.99999999926,113.177533409815,3.91666809876012));
#8865=CARTESIAN_POINT('Ctrl Pts',(-254.141556901679,113.457456389784,3.29913623376317));
#8866=CARTESIAN_POINT('Ctrl Pts',(-257.600975787071,113.632932547883,2.74362003789937));
#8867=CARTESIAN_POINT('Ctrl Pts',(-260.378250027855,113.705434712699,2.25006032571766));
#8868=CARTESIAN_POINT('Ctrl Pts',(-249.999999999254,113.078160802913,3.93995466579861));
#8869=CARTESIAN_POINT('Ctrl Pts',(-254.155940342239,113.352500000508,3.31891463253362));
#8870=CARTESIAN_POINT('Ctrl Pts',(-257.62737358188,113.523152180407,2.76020494410234));
#8871=CARTESIAN_POINT('Ctrl Pts',(-260.414293171001,113.591584855875,2.26376687841328));
#8872=CARTESIAN_POINT('Ctrl Pts',(-249.999999999253,112.963088841561,3.96695355500354));
#8873=CARTESIAN_POINT('Ctrl Pts',(-254.172309715154,113.231167997381,3.34184769271429));
#8874=CARTESIAN_POINT('Ctrl Pts',(-257.657416195465,113.396429172339,2.77943688960683));
#8875=CARTESIAN_POINT('Ctrl Pts',(-260.455312873348,113.460337709785,2.27966208571678));
#8876=CARTESIAN_POINT('Ctrl Pts',(-249.999999999252,112.897759948788,3.98228885281172));
#8877=CARTESIAN_POINT('Ctrl Pts',(-254.181491921915,113.162370898833,3.35487419449094));
#8878=CARTESIAN_POINT('Ctrl Pts',(-257.674268227934,113.324652583875,2.79036140285138));
#8879=CARTESIAN_POINT('Ctrl Pts',(-260.478322374353,113.386068967117,2.28869157123228));
#8880=CARTESIAN_POINT('Ctrl Pts',(-249.999999999252,112.853944832586,3.99257587000279));
#8881=CARTESIAN_POINT('Ctrl Pts',(-254.187602835935,113.116268247379,3.36361259655961));
#8882=CARTESIAN_POINT('Ctrl Pts',(-257.685483551403,113.276587582145,2.79768995879172));
#8883=CARTESIAN_POINT('Ctrl Pts',(-260.493635597355,113.336366310487,2.29474896229674));
#8884=CARTESIAN_POINT('Ctrl Pts',(-249.999999999252,112.824663633022,3.99945089125688));
#8885=CARTESIAN_POINT('Ctrl Pts',(-254.191673972256,113.085468893154,3.36945270477684));
#8886=CARTESIAN_POINT('Ctrl Pts',(-257.692955279859,113.244486513008,2.80258783812544));
#8887=CARTESIAN_POINT('Ctrl Pts',(-260.503837376925,113.303180001855,2.29879732401005));
#8888=CARTESIAN_POINT('Ctrl Pts',(-249.999999999251,112.787926985788,4.00807673511475));
#8889=CARTESIAN_POINT('Ctrl Pts',(-254.196757639915,113.046847546542,3.37678014428697));
#8890=CARTESIAN_POINT('Ctrl Pts',(-257.702285301771,113.204250994924,2.80873315968004));
#8891=CARTESIAN_POINT('Ctrl Pts',(-260.516576440309,113.261600286142,2.30387680461996));
#8892=CARTESIAN_POINT('Ctrl Pts',(-249.999999999251,112.751006135364,4.01674582269148));
#8893=CARTESIAN_POINT('Ctrl Pts',(-254.201834339066,113.008060371365,3.38414439690682));
#8894=CARTESIAN_POINT('Ctrl Pts',(-257.71160253393,113.163867233493,2.81490943334948));
#8895=CARTESIAN_POINT('Ctrl Pts',(-260.52929804095,113.219889560498,2.30898191662505));
#8896=CARTESIAN_POINT('Ctrl Pts',(-249.999999999251,112.726915850329,4.02240201565893));
#8897=CARTESIAN_POINT('Ctrl Pts',(-254.205130812968,112.982766283809,3.38894928970145));
#8898=CARTESIAN_POINT('Ctrl Pts',(-257.717652530049,113.13754445081,2.81893921686779));
#8899=CARTESIAN_POINT('Ctrl Pts',(-260.53755860963,113.192712836546,2.31231284112092));
#8900=CARTESIAN_POINT('Ctrl Pts',(-249.999999999251,112.715779430561,4.02501669290282));
#8901=CARTESIAN_POINT('Ctrl Pts',(-254.206651613312,112.971076140731,3.3911704255182));
#8902=CARTESIAN_POINT('Ctrl Pts',(-257.720443646204,113.125381142097,2.82080208655476));
#8903=CARTESIAN_POINT('Ctrl Pts',(-260.541369554734,113.180157179517,2.31385263316587));
#8904=CARTESIAN_POINT('Ctrl Pts',(-249.999999999251,112.710207660802,4.02632483737029));
#8905=CARTESIAN_POINT('Ctrl Pts',(-254.20741188524,112.96522778921,3.39228172290447));
#8906=CARTESIAN_POINT('Ctrl Pts',(-257.721838965294,113.11929684424,2.82173405192522));
#8907=CARTESIAN_POINT('Ctrl Pts',(-260.543274702299,113.173876866249,2.31462300521733));
#8908=CARTESIAN_POINT('Ctrl Pts',(-249.999999999251,112.704632254963,4.02763385465505));
#8909=CARTESIAN_POINT('Ctrl Pts',(-254.208172023773,112.959376610532,3.39339361804406));
#8910=CARTESIAN_POINT('Ctrl Pts',(-257.723234049555,113.113208996908,2.82266678110162));
#8911=CARTESIAN_POINT('Ctrl Pts',(-260.545179525583,113.167593958205,2.31539389537636));
#8912=CARTESIAN_POINT('Ctrl Pts',(-249.999999999269,112.224847820538,4.14027137605674));
#8913=CARTESIAN_POINT('Ctrl Pts',(-254.273533397347,112.455695770274,3.48911006472208));
#8914=CARTESIAN_POINT('Ctrl Pts',(-257.843190394261,112.589609853395,2.90289195400851));
#8915=CARTESIAN_POINT('Ctrl Pts',(-260.708966358049,112.627061575105,2.38172680372584));
#8916=CARTESIAN_POINT('Ctrl Pts',(-249.999999999486,111.183719067567,4.3836852738935));
#8917=CARTESIAN_POINT('Ctrl Pts',(-254.400649488101,111.377076026556,3.6958589380876));
#8918=CARTESIAN_POINT('Ctrl Pts',(-258.076485750928,111.479626007014,3.07633765549643));
#8919=CARTESIAN_POINT('Ctrl Pts',(-261.027504113204,111.492377705977,2.52507269670082));
#8920=CARTESIAN_POINT('Ctrl Pts',(-249.999999999564,109.3323217471,4.80121082308442));
#8921=CARTESIAN_POINT('Ctrl Pts',(-254.583836469381,109.510984404773,4.05034207568275));
#8922=CARTESIAN_POINT('Ctrl Pts',(-258.412687268746,109.603835457157,3.37350836534721));
#8923=CARTESIAN_POINT('Ctrl Pts',(-261.48654844017,109.612358403593,2.77058050327703));
#8924=CARTESIAN_POINT('Ctrl Pts',(-249.999999999816,107.393465216019,5.22997408679249));
#8925=CARTESIAN_POINT('Ctrl Pts',(-254.761324068301,107.56812221263,4.41504220233843));
#8926=CARTESIAN_POINT('Ctrl Pts',(-258.738427844864,107.661393260479,3.67969832082325));
#8927=CARTESIAN_POINT('Ctrl Pts',(-261.931309893571,107.673440821581,3.02396494204873));
#8928=CARTESIAN_POINT('Ctrl Pts',(-250.,106.214535104723,5.49214644884732));
#8929=CARTESIAN_POINT('Ctrl Pts',(-254.876798029408,106.365820278245,4.63916079653546));
#8930=CARTESIAN_POINT('Ctrl Pts',(-258.950356345767,106.439854619172,3.86895500209296));
#8931=CARTESIAN_POINT('Ctrl Pts',(-262.220673732128,106.437956839553,3.18128986516772));
#8932=CARTESIAN_POINT('Ctrl Pts',(-250.,105.667946132338,5.61491694524179));
#8933=CARTESIAN_POINT('Ctrl Pts',(-254.934055009324,105.79961544652,4.74456230691502));
#8934=CARTESIAN_POINT('Ctrl Pts',(-259.055439100515,105.857913672125,3.95816728724804));
#8935=CARTESIAN_POINT('Ctrl Pts',(-262.364152273574,105.842840809153,3.25573188624085));
#8936=CARTESIAN_POINT('Origin',(-250.,22.1211806278405,0.82247377802435));
#8937=CARTESIAN_POINT('',(-281.864553200762,18.5157430755688,0.868410411887016));
#8938=CARTESIAN_POINT('Origin',(-278.25911564849,22.1211806278405,0.82247377802435));
#8939=CARTESIAN_POINT('',(-281.723131844524,18.5157430755688,0.868410411887016));
#8940=CARTESIAN_POINT('Ctrl Pts',(-281.864553200762,18.5157430755688,0.868410411887016));
#8941=CARTESIAN_POINT('Ctrl Pts',(-281.817412748683,18.5157430755689,0.868410411887016));
#8942=CARTESIAN_POINT('Ctrl Pts',(-281.770272296603,18.5157430755688,0.868410411887016));
#8943=CARTESIAN_POINT('Ctrl Pts',(-281.723131844524,18.5157430755688,0.868410411887016));
#8944=CARTESIAN_POINT('Origin',(-278.117694292253,22.1211806278405,0.82247377802435));
#8945=CARTESIAN_POINT('Origin',(-284.856175071996,15.5241212043342,0.));
#8946=CARTESIAN_POINT('Ctrl Pts',(-281.864553200762,18.5157430755688,0.868410411887015));
#8947=CARTESIAN_POINT('Ctrl Pts',(-282.311507670764,18.0687886055664,0.873701339539804));
#8948=CARTESIAN_POINT('Ctrl Pts',(-282.751340256325,17.6289560200055,0.878605234426416));
#8949=CARTESIAN_POINT('Ctrl Pts',(-283.184859392244,17.1954368840862,0.882981543747264));
#8950=CARTESIAN_POINT('Origin',(-272.356175071996,27.8826998480968,0.));
#8951=CARTESIAN_POINT('Ctrl Pts',(-283.132130144827,17.1067447752663,0.88387035603454));
#8952=CARTESIAN_POINT('Ctrl Pts',(-282.669607638096,17.5692672819973,0.879269582216647));
#8953=CARTESIAN_POINT('Ctrl Pts',(-282.200281411711,18.0385935083821,0.874058781036417));
#8954=CARTESIAN_POINT('Ctrl Pts',(-281.723131844524,18.5157430755689,0.868410411887016));
#8955=CARTESIAN_POINT('Ctrl Pts',(-250.,-0.033162725479676,0.29816142211691));
#8956=CARTESIAN_POINT('Ctrl Pts',(-300.,-0.033162725479676,0.29816142211691));
#8957=CARTESIAN_POINT('Ctrl Pts',(-250.,4.30988864098154,0.781213250846202));
#8958=CARTESIAN_POINT('Ctrl Pts',(-300.,4.30988864098154,0.781213250846202));
#8959=CARTESIAN_POINT('Ctrl Pts',(-250.,9.41875266228446,0.932984401748832));
#8960=CARTESIAN_POINT('Ctrl Pts',(-300.,9.41875266228446,0.932984401748832));
#8961=CARTESIAN_POINT('Ctrl Pts',(-250.,15.2315881100653,0.898978580071365));
#8962=CARTESIAN_POINT('Ctrl Pts',(-300.,15.2315881100653,0.898978580071365));
#8963=CARTESIAN_POINT('Ctrl Pts',(-250.,20.8756224712796,0.865960266074153));
#8964=CARTESIAN_POINT('Ctrl Pts',(-300.,20.8756224712796,0.865960266074153));
#8965=CARTESIAN_POINT('Ctrl Pts',(-250.,27.1503121993085,0.734371549336726));
#8966=CARTESIAN_POINT('Ctrl Pts',(-300.,27.1503121993085,0.734371549336726));
#8967=CARTESIAN_POINT('Ctrl Pts',(-250.,33.9052772251262,0.75047443956282));
#8968=CARTESIAN_POINT('Ctrl Pts',(-300.,33.9052772251262,0.75047443956282));
#8969=CARTESIAN_POINT('Ctrl Pts',(-250.,40.6451426083654,0.766541334356522));
#8970=CARTESIAN_POINT('Ctrl Pts',(-300.,40.6451426083654,0.766541334356522));
#8971=CARTESIAN_POINT('Ctrl Pts',(-250.,47.9145471078365,0.884064876426219));
#8972=CARTESIAN_POINT('Ctrl Pts',(-300.,47.9145471078365,0.884064876426219));
#8973=CARTESIAN_POINT('Ctrl Pts',(-250.,55.4793750154559,0.939092174678324));
#8974=CARTESIAN_POINT('Ctrl Pts',(-300.,55.4793750154559,0.939092174678324));
#8975=CARTESIAN_POINT('Ctrl Pts',(-250.,63.773834779814,0.999426886434782));
#8976=CARTESIAN_POINT('Ctrl Pts',(-300.,63.773834779814,0.999426886434782));
#8977=CARTESIAN_POINT('Ctrl Pts',(-250.,72.3508404979549,0.971679494207317));
#8978=CARTESIAN_POINT('Ctrl Pts',(-300.,72.3508404979549,0.971679494207317));
#8979=CARTESIAN_POINT('Ctrl Pts',(-250.,80.4860979385479,0.91702347557075));
#8980=CARTESIAN_POINT('Ctrl Pts',(-300.,80.4860979385479,0.91702347557075));
#8981=CARTESIAN_POINT('Ctrl Pts',(-250.,88.6217687964782,0.862364679425806));
#8982=CARTESIAN_POINT('Ctrl Pts',(-300.,88.6217687964782,0.862364679425806));
#8983=CARTESIAN_POINT('Ctrl Pts',(-250.,96.3503465271109,0.827727561715754));
#8984=CARTESIAN_POINT('Ctrl Pts',(-300.,96.3503465271109,0.827727561715754));
#8985=CARTESIAN_POINT('Ctrl Pts',(-250.,103.496292241763,0.868271916054637));
#8986=CARTESIAN_POINT('Ctrl Pts',(-300.,103.496292241763,0.868271916054637));
#8987=CARTESIAN_POINT('Ctrl Pts',(-250.,110.726879813277,0.909296507660019));
#8988=CARTESIAN_POINT('Ctrl Pts',(-300.,110.726879813277,0.909296507660019));
#8989=CARTESIAN_POINT('Ctrl Pts',(-250.,117.330149044864,0.981046694424783));
#8990=CARTESIAN_POINT('Ctrl Pts',(-300.,117.330149044864,0.981046694424783));
#8991=CARTESIAN_POINT('Ctrl Pts',(-250.,122.897399402113,0.768456548905196));
#8992=CARTESIAN_POINT('Ctrl Pts',(-300.,122.897399402113,0.768456548905196));
#8993=CARTESIAN_POINT('Ctrl Pts',(-250.,125.492704060643,0.669352653872692));
#8994=CARTESIAN_POINT('Ctrl Pts',(-300.,125.492704060643,0.669352653872692));
#8995=CARTESIAN_POINT('Ctrl Pts',(-250.,127.870744765032,0.51367378637705));
#8996=CARTESIAN_POINT('Ctrl Pts',(-300.,127.870744765032,0.51367378637705));
#8997=CARTESIAN_POINT('Ctrl Pts',(-250.,130.029748715055,0.298521379389427));
#8998=CARTESIAN_POINT('Ctrl Pts',(-300.,130.029748715055,0.298521379389427));
#8999=CARTESIAN_POINT('Origin',(-259.856175071997,115.382699848097,0.));
#9000=CARTESIAN_POINT('',(-272.282438237671,102.956436682422,0.265272446479574));
#9001=CARTESIAN_POINT('',(-272.282438237671,102.956436682422,0.));
#9002=CARTESIAN_POINT('',(-259.856175071997,115.382699848097,0.312581340892159));
#9003=CARTESIAN_POINT('Ctrl Pts',(-259.856175071997,115.382699848097,0.31258134089216));
#9004=CARTESIAN_POINT('Ctrl Pts',(-263.783440801605,111.455434118489,0.330777267787128));
#9005=CARTESIAN_POINT('Ctrl Pts',(-267.348760668131,107.890114251963,0.291905139988136));
#9006=CARTESIAN_POINT('Ctrl Pts',(-272.282438237672,102.956436682422,0.265272446479574));
#9007=CARTESIAN_POINT('',(-259.856175071997,115.382699848097,0.));
#9008=CARTESIAN_POINT('Origin',(-247.426885750115,102.953410526215,0.));
#9009=CARTESIAN_POINT('Ctrl Pts',(-250.,105.5265247761,0.280553526706305));
#9010=CARTESIAN_POINT('Ctrl Pts',(-254.550655057432,110.077179833532,0.309355939208463));
#9011=CARTESIAN_POINT('Ctrl Pts',(-256.735694301406,112.262219077506,0.327039247203604));
#9012=CARTESIAN_POINT('Ctrl Pts',(-259.856175071996,115.382699848097,0.312581340892159));
#9013=CARTESIAN_POINT('Origin',(-247.356175071996,127.882699848097,0.));
#9014=CARTESIAN_POINT('',(-259.785464393878,115.453410526215,0.3122467826644));
#9015=CARTESIAN_POINT('Ctrl Pts',(-250.,125.238874920093,0.0596438978848619));
#9016=CARTESIAN_POINT('Ctrl Pts',(-253.236179680516,122.002695239577,0.236896628274869));
#9017=CARTESIAN_POINT('Ctrl Pts',(-256.562605335022,118.676269585071,0.296680857725297));
#9018=CARTESIAN_POINT('Ctrl Pts',(-259.785464393878,115.453410526215,0.312246782664401));
#9019=CARTESIAN_POINT('',(-259.785464393878,115.453410526215,-0.509155350906516));
#9020=CARTESIAN_POINT('Ctrl Pts',(-259.785464393878,115.453410526215,-0.509155350906516));
#9021=CARTESIAN_POINT('Ctrl Pts',(-258.818009595061,116.420865325032,-0.475880118109332));
#9022=CARTESIAN_POINT('Ctrl Pts',(-258.055684698812,117.183190221281,-0.445913129034704));
#9023=CARTESIAN_POINT('Ctrl Pts',(-256.325846873075,118.913028047018,-0.362011742401747));
#9024=CARTESIAN_POINT('Ctrl Pts',(-255.88019677274,119.358678147353,-0.332006501359395));
#9025=CARTESIAN_POINT('Ctrl Pts',(-253.327908432074,121.910966488019,-0.225072271914538));
#9026=CARTESIAN_POINT('Ctrl Pts',(-251.350894907552,123.887980012541,-0.142719082064418));
#9027=CARTESIAN_POINT('Ctrl Pts',(-250.,125.238874920093,-0.071244809583257));
#9028=CARTESIAN_POINT('',(-259.785464393878,115.453410526215,0.));
#9029=CARTESIAN_POINT('Origin',(-259.785464393878,115.453410526215,0.));
#9030=CARTESIAN_POINT('Ctrl Pts',(-259.785464393878,115.453410526215,0.3122467826644));
#9031=CARTESIAN_POINT('Ctrl Pts',(-256.698929024907,112.366875157245,0.3271542846674));
#9032=CARTESIAN_POINT('Ctrl Pts',(-254.703107998027,110.371054130364,0.311313790271363));
#9033=CARTESIAN_POINT('Ctrl Pts',(-250.,105.667946132338,0.281450114679442));
#9034=CARTESIAN_POINT('Ctrl Pts',(-250.,105.667946132338,-0.537419291529506));
#9035=CARTESIAN_POINT('Ctrl Pts',(-254.172420245163,109.8403663775,-0.483571786665499));
#9036=CARTESIAN_POINT('Ctrl Pts',(-256.920099189605,112.588045321942,-0.560349387101272));
#9037=CARTESIAN_POINT('Ctrl Pts',(-259.785464393878,115.453410526215,-0.509155350906516));
#9038=CARTESIAN_POINT('Origin',(-259.926885750115,115.453410526215,0.));
#9039=CARTESIAN_POINT('',(-263.033944958726,118.560469754196,0.281596743450517));
#9040=CARTESIAN_POINT('',(-263.033944939357,118.560469715457,0.));
#9041=CARTESIAN_POINT('',(-259.926885750115,115.453410526215,0.312246782664401));
#9042=CARTESIAN_POINT('Ctrl Pts',(-259.926885750115,115.447381480035,0.308760172053222));
#9043=CARTESIAN_POINT('Ctrl Pts',(-260.451200131327,115.971776789981,0.306230750773644));
#9044=CARTESIAN_POINT('Ctrl Pts',(-260.977195981594,116.497987590813,0.302622252160901));
#9045=CARTESIAN_POINT('Ctrl Pts',(-261.503906634936,117.025042432023,0.29764962759892));
#9046=CARTESIAN_POINT('Ctrl Pts',(-262.013542093248,117.535010920132,0.292838208309074));
#9047=CARTESIAN_POINT('Ctrl Pts',(-262.523846760109,118.045769410248,0.286749559762441));
#9048=CARTESIAN_POINT('Ctrl Pts',(-263.033944968412,118.556401401638,0.279096712476676));
#9049=CARTESIAN_POINT('',(-259.926885750115,115.453410526215,0.));
#9050=CARTESIAN_POINT('Origin',(-259.856175071996,115.524121204334,0.));
#9051=CARTESIAN_POINT('',(-259.856175071996,115.524121204334,0.311898248189566));
#9052=CARTESIAN_POINT('Ctrl Pts',(-259.856175071996,115.524121204334,0.311898248189566));
#9053=CARTESIAN_POINT('Ctrl Pts',(-256.609540565691,118.770755710639,0.295572417851729));
#9054=CARTESIAN_POINT('Ctrl Pts',(-253.258878082755,122.121418193575,0.23389729320571));
#9055=CARTESIAN_POINT('Ctrl Pts',(-250.,125.38029627633,0.0518203887163907));
#9056=CARTESIAN_POINT('',(-259.856175071996,115.524121204334,0.));
#9057=CARTESIAN_POINT('Ctrl Pts',(-250.,129.970251284945,-0.298521379389366));
#9058=CARTESIAN_POINT('Ctrl Pts',(-300.,129.970251284945,-0.298521379389366));
#9059=CARTESIAN_POINT('Ctrl Pts',(-250.,127.821178381036,-0.0843586363972041));
#9060=CARTESIAN_POINT('Ctrl Pts',(-300.,127.821178381036,-0.0843586363972041));
#9061=CARTESIAN_POINT('Ctrl Pts',(-250.,125.44942897596,0.0708512496739876));
#9062=CARTESIAN_POINT('Ctrl Pts',(-300.,125.44942897596,0.0708512496739876));
#9063=CARTESIAN_POINT('Ctrl Pts',(-250.,122.857191611518,0.169553679294171));
#9064=CARTESIAN_POINT('Ctrl Pts',(-300.,122.857191611518,0.169553679294171));
#9065=CARTESIAN_POINT('Ctrl Pts',(-250.,117.348295030699,0.379311274995765));
#9066=CARTESIAN_POINT('Ctrl Pts',(-300.,117.348295030699,0.379311274995765));
#9067=CARTESIAN_POINT('Ctrl Pts',(-250.,110.804902191224,0.310171112332585));
#9068=CARTESIAN_POINT('Ctrl Pts',(-300.,110.804902191224,0.310171112332585));
#9069=CARTESIAN_POINT('Ctrl Pts',(-250.,103.63110756365,0.269031200647877));
#9070=CARTESIAN_POINT('Ctrl Pts',(-300.,103.63110756365,0.269031200647877));
#9071=CARTESIAN_POINT('Ctrl Pts',(-250.,96.5195798998103,0.228248374372209));
#9072=CARTESIAN_POINT('Ctrl Pts',(-300.,96.5195798998103,0.228248374372209));
#9073=CARTESIAN_POINT('Ctrl Pts',(-250.,88.8249031762286,0.260812732162557));
#9074=CARTESIAN_POINT('Ctrl Pts',(-300.,88.8249031762286,0.260812732162557));
#9075=CARTESIAN_POINT('Ctrl Pts',(-250.,80.7306584417594,0.315364165057397));
#9076=CARTESIAN_POINT('Ctrl Pts',(-300.,80.7306584417594,0.315364165057397));
#9077=CARTESIAN_POINT('Ctrl Pts',(-250.,72.5542442910268,0.370469381479219));
#9078=CARTESIAN_POINT('Ctrl Pts',(-300.,72.5542442910268,0.370469381479219));
#9079=CARTESIAN_POINT('Ctrl Pts',(-250.,63.9297655883391,0.39999932465088));
#9080=CARTESIAN_POINT('Ctrl Pts',(-300.,63.9297655883391,0.39999932465088));
#9081=CARTESIAN_POINT('Ctrl Pts',(-250.,55.5854709052008,0.339844747816719));
#9082=CARTESIAN_POINT('Ctrl Pts',(-300.,55.5854709052008,0.339844747816719));
#9083=CARTESIAN_POINT('Ctrl Pts',(-250.,47.9679890437658,0.284929813083831));
#9084=CARTESIAN_POINT('Ctrl Pts',(-300.,47.9679890437658,0.284929813083831));
#9085=CARTESIAN_POINT('Ctrl Pts',(-250.,40.645180412424,0.166054400624985));
#9086=CARTESIAN_POINT('Ctrl Pts',(-300.,40.645180412424,0.166054400624985));
#9087=CARTESIAN_POINT('Ctrl Pts',(-250.,33.8546991145552,0.150354028309038));
#9088=CARTESIAN_POINT('Ctrl Pts',(-300.,33.8546991145552,0.150354028309038));
#9089=CARTESIAN_POINT('Ctrl Pts',(-250.,27.0986267060838,0.13473321329556));
#9090=CARTESIAN_POINT('Ctrl Pts',(-300.,27.0986267060838,0.13473321329556));
#9091=CARTESIAN_POINT('Ctrl Pts',(-250.,20.8198777682791,0.266862582796839));
#9092=CARTESIAN_POINT('Ctrl Pts',(-300.,20.8198777682791,0.266862582796839));
#9093=CARTESIAN_POINT('Ctrl Pts',(-250.,15.1896070060089,0.299211899946718));
#9094=CARTESIAN_POINT('Ctrl Pts',(-300.,15.1896070060089,0.299211899946718));
#9095=CARTESIAN_POINT('Ctrl Pts',(-250.,9.40209417901301,0.332464668038104));
#9096=CARTESIAN_POINT('Ctrl Pts',(-300.,9.40209417901301,0.332464668038104));
#9097=CARTESIAN_POINT('Ctrl Pts',(-250.,4.33212847308051,0.179987024862088));
#9098=CARTESIAN_POINT('Ctrl Pts',(-300.,4.33212847308051,0.179987024862088));
#9099=CARTESIAN_POINT('Ctrl Pts',(-250.,0.033162725479676,-0.298161422116848));
#9100=CARTESIAN_POINT('Ctrl Pts',(-300.,0.033162725479676,-0.298161422116848));
#9101=CARTESIAN_POINT('',(-263.033944958854,118.701891110688,0.279346362874114));
#9102=CARTESIAN_POINT('Ctrl Pts',(-263.033944958854,118.697975381012,0.276934499584907));
#9103=CARTESIAN_POINT('Ctrl Pts',(-263.033944958854,118.650842123423,0.277667898605756));
#9104=CARTESIAN_POINT('Ctrl Pts',(-263.033944958854,118.603650734383,0.278388586203959));
#9105=CARTESIAN_POINT('Ctrl Pts',(-263.033944958854,118.556401411337,0.279096712331319));
#9106=CARTESIAN_POINT('Ctrl Pts',(-263.033944968604,118.697975371257,0.276934499736691));
#9107=CARTESIAN_POINT('Ctrl Pts',(-262.50355447148,118.167013633964,0.285196326674964));
#9108=CARTESIAN_POINT('Ctrl Pts',(-261.972903836046,117.63587244444,0.291735961162751));
#9109=CARTESIAN_POINT('Ctrl Pts',(-261.442954905534,117.105563896263,0.296879317100689));
#9110=CARTESIAN_POINT('Ctrl Pts',(-260.913005975022,116.575255348086,0.302022673038627));
#9111=CARTESIAN_POINT('Ctrl Pts',(-260.383758749432,116.045779408727,0.305769683396801));
#9112=CARTESIAN_POINT('Ctrl Pts',(-259.856175071996,115.518103422291,0.308412516559932));
#9113=CARTESIAN_POINT('',(-272.28243823768,103.097858038642,0.266041209536554));
#9114=CARTESIAN_POINT('Ctrl Pts',(-272.282438237671,103.097858038642,0.266041209536554));
#9115=CARTESIAN_POINT('Ctrl Pts',(-272.282438237671,103.050660495358,0.26578287808805));
#9116=CARTESIAN_POINT('Ctrl Pts',(-272.282438237671,103.003523632349,0.265526628535045));
#9117=CARTESIAN_POINT('Ctrl Pts',(-272.282438237671,102.956436682422,0.265272446479574));
#9118=CARTESIAN_POINT('Ctrl Pts',(-272.282438237688,103.097858038642,0.266041209536554));
#9119=CARTESIAN_POINT('Ctrl Pts',(-267.377263957856,108.003032318475,0.292889233579818));
#9120=CARTESIAN_POINT('Ctrl Pts',(-263.838177744224,111.542118532106,0.331137735226511));
#9121=CARTESIAN_POINT('Ctrl Pts',(-259.926885750115,115.453410526215,0.312246782664401));
#9122=CARTESIAN_POINT('Origin',(-272.356175071996,103.024121204334,0.));
#9123=CARTESIAN_POINT('',(-272.282438237671,103.097858038659,0.));
#9124=CARTESIAN_POINT('Origin',(-272.285464393878,127.953410526215,0.));
#9125=CARTESIAN_POINT('',(-263.033944939357,118.701891071695,0.));
#9126=CARTESIAN_POINT('Origin',(-272.282438237671,100.882839285769,0.));
#9127=CARTESIAN_POINT('Origin',(-263.033944939357,117.935741362987,0.));
#9128=CARTESIAN_POINT('Origin',(-288.04169466704,61.0504739977198,0.));
#9129=CARTESIAN_POINT('',(-288.04169466704,62.3386016092893,0.372853686892418));
#9130=CARTESIAN_POINT('',(-288.04169466704,62.3386016092907,0.));
#9131=CARTESIAN_POINT('',(-288.041694667041,62.1971802530503,0.372496700670559));
#9132=CARTESIAN_POINT('Ctrl Pts',(-288.04169466704,62.3357267468857,0.370108836761383));
#9133=CARTESIAN_POINT('Ctrl Pts',(-288.04169466704,62.2886166134107,0.370015553394424));
#9134=CARTESIAN_POINT('Ctrl Pts',(-288.04169466704,62.241509131684,0.369920011860718));
#9135=CARTESIAN_POINT('Ctrl Pts',(-288.04169466704,62.1944044282568,0.36982220101971));
#9136=CARTESIAN_POINT('',(-288.04169466704,62.1971802530533,0.));
#9137=CARTESIAN_POINT('Origin',(-286.645289486388,66.8623239373281,0.));
#9138=CARTESIAN_POINT('',(-286.645289486388,67.3132356187253,0.376324540977792));
#9139=CARTESIAN_POINT('',(-286.645289486388,67.1718142624879,0.376463357099756));
#9140=CARTESIAN_POINT('Ctrl Pts',(-286.645289486388,67.3072967196735,0.372059916675722));
#9141=CARTESIAN_POINT('Ctrl Pts',(-286.645289486388,67.2601772959363,0.372111581334614));
#9142=CARTESIAN_POINT('Ctrl Pts',(-286.645289486388,67.2130560777319,0.372161381021458));
#9143=CARTESIAN_POINT('Ctrl Pts',(-286.645289486388,67.165933191444,0.372209304610427));
#9144=CARTESIAN_POINT('',(-286.645289486388,67.1718142624882,0.));
#9145=CARTESIAN_POINT('',(-286.645289486388,67.3132356187257,0.));
#9146=CARTESIAN_POINT('Origin',(-289.497055674088,35.0757699000321,0.));
#9147=CARTESIAN_POINT('',(-289.497055674036,35.8832406023469,0.157763704918411));
#9148=CARTESIAN_POINT('',(-289.497055674088,35.8832406022426,0.));
#9149=CARTESIAN_POINT('',(-289.497055674045,35.7418192460902,0.157078676206328));
#9150=CARTESIAN_POINT('Ctrl Pts',(-289.497055674036,35.8832406023469,0.157763704918411));
#9151=CARTESIAN_POINT('Ctrl Pts',(-289.497055674036,35.8361016260861,0.157531386416916));
#9152=CARTESIAN_POINT('Ctrl Pts',(-289.497055674036,35.7889614666679,0.157303028201401));
#9153=CARTESIAN_POINT('Ctrl Pts',(-289.497055674045,35.7418192460902,0.157078676206328));
#9154=CARTESIAN_POINT('',(-289.497055674088,35.7418192460052,0.));
#9155=CARTESIAN_POINT('Origin',(-272.282438237671,100.882839285769,0.));
#9156=CARTESIAN_POINT('',(-272.282438237671,102.950384370009,0.26523978514285));
#9157=CARTESIAN_POINT('',(-272.282438237621,102.808963013671,0.264482304819726));
#9158=CARTESIAN_POINT('Ctrl Pts',(-272.282438237671,102.950442951161,0.265359046381442));
#9159=CARTESIAN_POINT('Ctrl Pts',(-272.282438237671,102.90333585484,0.265120713389911));
#9160=CARTESIAN_POINT('Ctrl Pts',(-272.282438237671,102.856203688465,0.264885494588475));
#9161=CARTESIAN_POINT('Ctrl Pts',(-272.282438237671,102.80904650457,0.264653375279469));
#9162=CARTESIAN_POINT('',(-272.282438237671,102.808963013772,0.));
#9163=CARTESIAN_POINT('',(-272.282438237671,102.950384370009,0.));
#9164=CARTESIAN_POINT('Origin',(-279.780301197752,84.5862562382177,0.));
#9165=CARTESIAN_POINT('',(-279.780301197784,85.4482473301534,0.28394265248464));
#9166=CARTESIAN_POINT('',(-279.78030119777,85.3068259738883,0.284838273836177));
#9167=CARTESIAN_POINT('Ctrl Pts',(-279.780301197784,85.4480004168859,0.286178912918063));
#9168=CARTESIAN_POINT('Ctrl Pts',(-279.780301197784,85.4008746550909,0.286440053730753));
#9169=CARTESIAN_POINT('Ctrl Pts',(-279.780301197784,85.3537335114129,0.286702326851573));
#9170=CARTESIAN_POINT('Ctrl Pts',(-279.780301197784,85.3065770243752,0.286965721502937));
#9171=CARTESIAN_POINT('',(-279.780301197752,85.3068259738527,0.));
#9172=CARTESIAN_POINT('',(-279.780301197752,85.4482473300902,0.));
#9173=CARTESIAN_POINT('Origin',(-290.182029366994,45.329342103073,0.));
#9174=CARTESIAN_POINT('',(-290.182029366438,45.8499754982205,0.246580462729028));
#9175=CARTESIAN_POINT('',(-290.182029366994,45.8499754993319,0.));
#9176=CARTESIAN_POINT('',(-290.1820293663,45.7085541417063,0.245039656424165));
#9177=CARTESIAN_POINT('Ctrl Pts',(-290.182029366438,45.8578899793734,0.245914165718666));
#9178=CARTESIAN_POINT('Ctrl Pts',(-290.182029366438,45.8107442747067,0.245405440525937));
#9179=CARTESIAN_POINT('Ctrl Pts',(-290.182029366438,45.7636150833714,0.244897069976265));
#9180=CARTESIAN_POINT('Ctrl Pts',(-290.182029366438,45.7165024689378,0.244389098776869));
#9181=CARTESIAN_POINT('',(-290.182029366994,45.7085541430945,0.));
#9182=CARTESIAN_POINT('Origin',(-284.856175071996,65.3826998480967,0.));
#9183=CARTESIAN_POINT('',(-284.856175071996,65.3826998480967,0.377044730994448));
#9184=CARTESIAN_POINT('Ctrl Pts',(-284.856175071996,65.3777516965361,0.37310484820136));
#9185=CARTESIAN_POINT('Ctrl Pts',(-285.801019681865,64.4334839797981,0.373078755084185));
#9186=CARTESIAN_POINT('Ctrl Pts',(-286.742465338047,63.4927229292085,0.37224725128481));
#9187=CARTESIAN_POINT('Ctrl Pts',(-287.685503830623,62.5503464395994,0.370518191768192));
#9188=CARTESIAN_POINT('Ctrl Pts',(-287.804205554771,62.4317280427953,0.370300552353264));
#9189=CARTESIAN_POINT('Ctrl Pts',(-287.922932515261,62.313084091861,0.370068634111591));
#9190=CARTESIAN_POINT('Ctrl Pts',(-288.041694667043,62.1944044282568,0.36982220101971));
#9191=CARTESIAN_POINT('',(-284.856175071996,65.3826998480967,0.));
#9192=CARTESIAN_POINT('Origin',(-297.285464393878,77.9534105262154,0.));
#9193=CARTESIAN_POINT('',(-284.856175071996,65.5241212043341,0.377079230667775));
#9194=CARTESIAN_POINT('',(-284.856175071996,65.5241212043341,0.));
#9195=CARTESIAN_POINT('Ctrl Pts',(-286.645289486388,67.3072967196768,0.372059916675718));
#9196=CARTESIAN_POINT('Ctrl Pts',(-286.048838603718,66.7110840691975,0.372713641207373));
#9197=CARTESIAN_POINT('Ctrl Pts',(-285.452878807715,66.1154349350368,0.373068356000024));
#9198=CARTESIAN_POINT('Ctrl Pts',(-284.856175071996,65.5190877077466,0.37310272291997));
#9199=CARTESIAN_POINT('Ctrl Pts',(-250.,129.970251284945,-0.298521379389366));
#9200=CARTESIAN_POINT('Ctrl Pts',(-300.,129.970251284945,-0.298521379389366));
#9201=CARTESIAN_POINT('Ctrl Pts',(-250.,127.821178381036,-0.0843586363972041));
#9202=CARTESIAN_POINT('Ctrl Pts',(-300.,127.821178381036,-0.0843586363972041));
#9203=CARTESIAN_POINT('Ctrl Pts',(-250.,125.44942897596,0.0708512496739876));
#9204=CARTESIAN_POINT('Ctrl Pts',(-300.,125.44942897596,0.0708512496739876));
#9205=CARTESIAN_POINT('Ctrl Pts',(-250.,122.857191611518,0.169553679294171));
#9206=CARTESIAN_POINT('Ctrl Pts',(-300.,122.857191611518,0.169553679294171));
#9207=CARTESIAN_POINT('Ctrl Pts',(-250.,117.348295030699,0.379311274995765));
#9208=CARTESIAN_POINT('Ctrl Pts',(-300.,117.348295030699,0.379311274995765));
#9209=CARTESIAN_POINT('Ctrl Pts',(-250.,110.804902191224,0.310171112332585));
#9210=CARTESIAN_POINT('Ctrl Pts',(-300.,110.804902191224,0.310171112332585));
#9211=CARTESIAN_POINT('Ctrl Pts',(-250.,103.63110756365,0.269031200647877));
#9212=CARTESIAN_POINT('Ctrl Pts',(-300.,103.63110756365,0.269031200647877));
#9213=CARTESIAN_POINT('Ctrl Pts',(-250.,96.5195798998103,0.228248374372209));
#9214=CARTESIAN_POINT('Ctrl Pts',(-300.,96.5195798998103,0.228248374372209));
#9215=CARTESIAN_POINT('Ctrl Pts',(-250.,88.8249031762286,0.260812732162557));
#9216=CARTESIAN_POINT('Ctrl Pts',(-300.,88.8249031762286,0.260812732162557));
#9217=CARTESIAN_POINT('Ctrl Pts',(-250.,80.7306584417594,0.315364165057397));
#9218=CARTESIAN_POINT('Ctrl Pts',(-300.,80.7306584417594,0.315364165057397));
#9219=CARTESIAN_POINT('Ctrl Pts',(-250.,72.5542442910268,0.370469381479219));
#9220=CARTESIAN_POINT('Ctrl Pts',(-300.,72.5542442910268,0.370469381479219));
#9221=CARTESIAN_POINT('Ctrl Pts',(-250.,63.9297655883391,0.39999932465088));
#9222=CARTESIAN_POINT('Ctrl Pts',(-300.,63.9297655883391,0.39999932465088));
#9223=CARTESIAN_POINT('Ctrl Pts',(-250.,55.5854709052008,0.339844747816719));
#9224=CARTESIAN_POINT('Ctrl Pts',(-300.,55.5854709052008,0.339844747816719));
#9225=CARTESIAN_POINT('Ctrl Pts',(-250.,47.9679890437658,0.284929813083831));
#9226=CARTESIAN_POINT('Ctrl Pts',(-300.,47.9679890437658,0.284929813083831));
#9227=CARTESIAN_POINT('Ctrl Pts',(-250.,40.645180412424,0.166054400624985));
#9228=CARTESIAN_POINT('Ctrl Pts',(-300.,40.645180412424,0.166054400624985));
#9229=CARTESIAN_POINT('Ctrl Pts',(-250.,33.8546991145552,0.150354028309038));
#9230=CARTESIAN_POINT('Ctrl Pts',(-300.,33.8546991145552,0.150354028309038));
#9231=CARTESIAN_POINT('Ctrl Pts',(-250.,27.0986267060838,0.13473321329556));
#9232=CARTESIAN_POINT('Ctrl Pts',(-300.,27.0986267060838,0.13473321329556));
#9233=CARTESIAN_POINT('Ctrl Pts',(-250.,20.8198777682791,0.266862582796839));
#9234=CARTESIAN_POINT('Ctrl Pts',(-300.,20.8198777682791,0.266862582796839));
#9235=CARTESIAN_POINT('Ctrl Pts',(-250.,15.1896070060089,0.299211899946718));
#9236=CARTESIAN_POINT('Ctrl Pts',(-300.,15.1896070060089,0.299211899946718));
#9237=CARTESIAN_POINT('Ctrl Pts',(-250.,9.40209417901301,0.332464668038104));
#9238=CARTESIAN_POINT('Ctrl Pts',(-300.,9.40209417901301,0.332464668038104));
#9239=CARTESIAN_POINT('Ctrl Pts',(-250.,4.33212847308051,0.179987024862088));
#9240=CARTESIAN_POINT('Ctrl Pts',(-300.,4.33212847308051,0.179987024862088));
#9241=CARTESIAN_POINT('Ctrl Pts',(-250.,0.033162725479676,-0.298161422116848));
#9242=CARTESIAN_POINT('Ctrl Pts',(-300.,0.033162725479676,-0.298161422116848));
#9243=CARTESIAN_POINT('',(-284.926885750115,65.4534105262154,0.377063729566067));
#9244=CARTESIAN_POINT('Ctrl Pts',(-288.041694667041,62.3357267468842,0.37010883676138));
#9245=CARTESIAN_POINT('Ctrl Pts',(-287.09194763071,63.2848106933293,0.371988129803462));
#9246=CARTESIAN_POINT('Ctrl Pts',(-286.144414267254,64.2316503424471,0.3729482751816));
#9247=CARTESIAN_POINT('Ctrl Pts',(-285.194019030065,65.181450641593,0.373087738966426));
#9248=CARTESIAN_POINT('Ctrl Pts',(-285.10500110075,65.2704128465619,0.373100801718483));
#9249=CARTESIAN_POINT('Ctrl Pts',(-285.015958064313,65.3594010389429,0.373106632200329));
#9250=CARTESIAN_POINT('Ctrl Pts',(-284.926885750115,65.4484194961734,0.373105291890863));
#9251=CARTESIAN_POINT('Ctrl Pts',(-284.926885750115,65.4484194961714,0.373105291890863));
#9252=CARTESIAN_POINT('Ctrl Pts',(-285.499997725337,66.0211856772735,0.373096668017134));
#9253=CARTESIAN_POINT('Ctrl Pts',(-286.072434749276,66.5933180776301,0.372791649485992));
#9254=CARTESIAN_POINT('Ctrl Pts',(-286.645289486388,67.1659331914456,0.372209304610425));
#9255=CARTESIAN_POINT('',(-274.00000001114,76.3802962540507,0.343078849461789));
#9256=CARTESIAN_POINT('Ctrl Pts',(-284.856175071996,65.5241212043341,0.377079230667775));
#9257=CARTESIAN_POINT('Ctrl Pts',(-281.1580417182,69.2222545581308,0.37779856003448));
#9258=CARTESIAN_POINT('Ctrl Pts',(-277.759469451597,72.6208268247337,0.36492473250464));
#9259=CARTESIAN_POINT('Ctrl Pts',(-274.00000002228,76.3802962540507,0.343078849461789));
#9260=CARTESIAN_POINT('',(-274.000000012105,76.2388748958826,0.343897213617425));
#9261=CARTESIAN_POINT('Ctrl Pts',(-274.000000012105,76.2359193363135,0.342472604825139));
#9262=CARTESIAN_POINT('Ctrl Pts',(-274.000000012105,76.2831137796015,0.342224568499726));
#9263=CARTESIAN_POINT('Ctrl Pts',(-274.000000012105,76.3302980495336,0.341975333233807));
#9264=CARTESIAN_POINT('Ctrl Pts',(-274.000000012105,76.3774720129591,0.341724910748915));
#9265=CARTESIAN_POINT('',(-284.785464393878,65.4534105262154,0.377063729566067));
#9266=CARTESIAN_POINT('Ctrl Pts',(-274.000000024211,76.2388748958826,0.343897213617425));
#9267=CARTESIAN_POINT('Ctrl Pts',(-277.728465126879,72.5104097932144,0.365381922214763));
#9268=CARTESIAN_POINT('Ctrl Pts',(-281.111124295299,69.1277506247943,0.377960039870336));
#9269=CARTESIAN_POINT('Ctrl Pts',(-284.785464393878,65.4534105262154,0.377063729566067));
#9270=CARTESIAN_POINT('',(-272.637067507518,53.3050136284225,0.321805015141657));
#9271=CARTESIAN_POINT('Ctrl Pts',(-284.785464393878,65.4534105262154,0.377063729566067));
#9272=CARTESIAN_POINT('Ctrl Pts',(-280.662112898871,61.3300590312088,0.376057888426179));
#9273=CARTESIAN_POINT('Ctrl Pts',(-276.839882906915,57.5078290392524,0.357863839451851));
#9274=CARTESIAN_POINT('Ctrl Pts',(-272.637067507518,53.3050136398559,0.321805012731583));
#9275=CARTESIAN_POINT('',(-272.778488880152,53.3050136369837,0.321805016933939));
#9276=CARTESIAN_POINT('Ctrl Pts',(-272.778488880152,53.3050136369837,0.321805016933939));
#9277=CARTESIAN_POINT('Ctrl Pts',(-272.731348422607,53.3050136369837,0.321805016933939));
#9278=CARTESIAN_POINT('Ctrl Pts',(-272.684207965063,53.3050136284241,0.321805015141995));
#9279=CARTESIAN_POINT('Ctrl Pts',(-272.637067507518,53.3050136284225,0.321805015141657));
#9280=CARTESIAN_POINT('Ctrl Pts',(-272.778488870535,53.3050136466358,0.321805012789752));
#9281=CARTESIAN_POINT('Ctrl Pts',(-276.955689311114,57.4822140872145,0.357644071249987));
#9282=CARTESIAN_POINT('Ctrl Pts',(-280.755779499081,61.282304275181,0.375841532846117));
#9283=CARTESIAN_POINT('Ctrl Pts',(-284.856175071996,65.3826998480967,0.377044730994448));
#9284=CARTESIAN_POINT('Origin',(-284.856175071996,40.3826998480967,0.));
#9285=CARTESIAN_POINT('',(-284.856175071996,40.3826998480967,0.190262082819716));
#9286=CARTESIAN_POINT('Ctrl Pts',(-284.856175071996,40.3826998480968,0.190262082819716));
#9287=CARTESIAN_POINT('Ctrl Pts',(-286.405372331025,38.8335025890684,0.176141101705799));
#9288=CARTESIAN_POINT('Ctrl Pts',(-287.94658956711,37.2922853529829,0.164457415749171));
#9289=CARTESIAN_POINT('Ctrl Pts',(-289.497055674003,35.7418192460902,0.157078676206304));
#9290=CARTESIAN_POINT('',(-284.856175071996,40.3826998480967,0.));
#9291=CARTESIAN_POINT('Origin',(-272.285464393878,102.953410526215,0.));
#9292=CARTESIAN_POINT('',(-259.856175071996,90.5241212043341,0.256830496540487));
#9293=CARTESIAN_POINT('',(-259.856175071996,90.5241212043341,0.));
#9294=CARTESIAN_POINT('Ctrl Pts',(-272.282438237671,102.950384370009,0.26523978514285));
#9295=CARTESIAN_POINT('Ctrl Pts',(-267.526341692969,98.1942878253069,0.239581272906277));
#9296=CARTESIAN_POINT('Ctrl Pts',(-264.15851682357,94.8264629559078,0.239326627672035));
#9297=CARTESIAN_POINT('Ctrl Pts',(-259.856175071996,90.5241212043341,0.256830496540487));
#9298=CARTESIAN_POINT('Ctrl Pts',(-250.,129.970251284945,-0.298521379389366));
#9299=CARTESIAN_POINT('Ctrl Pts',(-300.,129.970251284945,-0.298521379389366));
#9300=CARTESIAN_POINT('Ctrl Pts',(-250.,127.821178381036,-0.0843586363972041));
#9301=CARTESIAN_POINT('Ctrl Pts',(-300.,127.821178381036,-0.0843586363972041));
#9302=CARTESIAN_POINT('Ctrl Pts',(-250.,125.44942897596,0.0708512496739876));
#9303=CARTESIAN_POINT('Ctrl Pts',(-300.,125.44942897596,0.0708512496739876));
#9304=CARTESIAN_POINT('Ctrl Pts',(-250.,122.857191611518,0.169553679294171));
#9305=CARTESIAN_POINT('Ctrl Pts',(-300.,122.857191611518,0.169553679294171));
#9306=CARTESIAN_POINT('Ctrl Pts',(-250.,117.348295030699,0.379311274995765));
#9307=CARTESIAN_POINT('Ctrl Pts',(-300.,117.348295030699,0.379311274995765));
#9308=CARTESIAN_POINT('Ctrl Pts',(-250.,110.804902191224,0.310171112332585));
#9309=CARTESIAN_POINT('Ctrl Pts',(-300.,110.804902191224,0.310171112332585));
#9310=CARTESIAN_POINT('Ctrl Pts',(-250.,103.63110756365,0.269031200647877));
#9311=CARTESIAN_POINT('Ctrl Pts',(-300.,103.63110756365,0.269031200647877));
#9312=CARTESIAN_POINT('Ctrl Pts',(-250.,96.5195798998103,0.228248374372209));
#9313=CARTESIAN_POINT('Ctrl Pts',(-300.,96.5195798998103,0.228248374372209));
#9314=CARTESIAN_POINT('Ctrl Pts',(-250.,88.8249031762286,0.260812732162557));
#9315=CARTESIAN_POINT('Ctrl Pts',(-300.,88.8249031762286,0.260812732162557));
#9316=CARTESIAN_POINT('Ctrl Pts',(-250.,80.7306584417594,0.315364165057397));
#9317=CARTESIAN_POINT('Ctrl Pts',(-300.,80.7306584417594,0.315364165057397));
#9318=CARTESIAN_POINT('Ctrl Pts',(-250.,72.5542442910268,0.370469381479219));
#9319=CARTESIAN_POINT('Ctrl Pts',(-300.,72.5542442910268,0.370469381479219));
#9320=CARTESIAN_POINT('Ctrl Pts',(-250.,63.9297655883391,0.39999932465088));
#9321=CARTESIAN_POINT('Ctrl Pts',(-300.,63.9297655883391,0.39999932465088));
#9322=CARTESIAN_POINT('Ctrl Pts',(-250.,55.5854709052008,0.339844747816719));
#9323=CARTESIAN_POINT('Ctrl Pts',(-300.,55.5854709052008,0.339844747816719));
#9324=CARTESIAN_POINT('Ctrl Pts',(-250.,47.9679890437658,0.284929813083831));
#9325=CARTESIAN_POINT('Ctrl Pts',(-300.,47.9679890437658,0.284929813083831));
#9326=CARTESIAN_POINT('Ctrl Pts',(-250.,40.645180412424,0.166054400624985));
#9327=CARTESIAN_POINT('Ctrl Pts',(-300.,40.645180412424,0.166054400624985));
#9328=CARTESIAN_POINT('Ctrl Pts',(-250.,33.8546991145552,0.150354028309038));
#9329=CARTESIAN_POINT('Ctrl Pts',(-300.,33.8546991145552,0.150354028309038));
#9330=CARTESIAN_POINT('Ctrl Pts',(-250.,27.0986267060838,0.13473321329556));
#9331=CARTESIAN_POINT('Ctrl Pts',(-300.,27.0986267060838,0.13473321329556));
#9332=CARTESIAN_POINT('Ctrl Pts',(-250.,20.8198777682791,0.266862582796839));
#9333=CARTESIAN_POINT('Ctrl Pts',(-300.,20.8198777682791,0.266862582796839));
#9334=CARTESIAN_POINT('Ctrl Pts',(-250.,15.1896070060089,0.299211899946718));
#9335=CARTESIAN_POINT('Ctrl Pts',(-300.,15.1896070060089,0.299211899946718));
#9336=CARTESIAN_POINT('Ctrl Pts',(-250.,9.40209417901301,0.332464668038104));
#9337=CARTESIAN_POINT('Ctrl Pts',(-300.,9.40209417901301,0.332464668038104));
#9338=CARTESIAN_POINT('Ctrl Pts',(-250.,4.33212847308051,0.179987024862088));
#9339=CARTESIAN_POINT('Ctrl Pts',(-300.,4.33212847308051,0.179987024862088));
#9340=CARTESIAN_POINT('Ctrl Pts',(-250.,0.033162725479676,-0.298161422116848));
#9341=CARTESIAN_POINT('Ctrl Pts',(-300.,0.033162725479676,-0.298161422116848));
#9342=CARTESIAN_POINT('Ctrl Pts',(-259.856175071996,90.5241212043341,0.256830496540487));
#9343=CARTESIAN_POINT('Ctrl Pts',(-256.518243015358,93.8620532609727,0.243250281767955));
#9344=CARTESIAN_POINT('Ctrl Pts',(-253.416169439826,96.9641268365049,0.240883757096385));
#9345=CARTESIAN_POINT('Ctrl Pts',(-250.,100.38029627633,0.253454199765291));
#9346=CARTESIAN_POINT('',(-259.785464393878,90.4534105262154,0.257119709959873));
#9347=CARTESIAN_POINT('Ctrl Pts',(-250.,100.238874920093,0.252941513837077));
#9348=CARTESIAN_POINT('Ctrl Pts',(-253.386811958311,96.8520629617824,0.240848573886484));
#9349=CARTESIAN_POINT('Ctrl Pts',(-256.470947346417,93.767927573676,0.243491450279785));
#9350=CARTESIAN_POINT('Ctrl Pts',(-259.785464393878,90.4534105262154,0.257119709959873));
#9351=CARTESIAN_POINT('',(-256.173887386791,86.8418335191183,0.275429466512841));
#9352=CARTESIAN_POINT('Ctrl Pts',(-259.785464393878,90.4534105262154,0.257119709959868));
#9353=CARTESIAN_POINT('Ctrl Pts',(-258.570608752387,89.2385548847248,0.26211481721673));
#9354=CARTESIAN_POINT('Ctrl Pts',(-257.372248987317,88.0401951196543,0.268383984209291));
#9355=CARTESIAN_POINT('Ctrl Pts',(-256.173887386791,86.8418335191285,0.275429466503714));
#9356=CARTESIAN_POINT('',(-256.315308743026,86.8418335191168,0.275429466512326));
#9357=CARTESIAN_POINT('Ctrl Pts',(-256.315308743026,86.8418335191168,0.275429466512326));
#9358=CARTESIAN_POINT('Ctrl Pts',(-256.268168290948,86.8418335191166,0.275429466512261));
#9359=CARTESIAN_POINT('Ctrl Pts',(-256.221027838869,86.8418335191185,0.275429466512908));
#9360=CARTESIAN_POINT('Ctrl Pts',(-256.173887386791,86.8418335191183,0.275429466512841));
#9361=CARTESIAN_POINT('',(-259.856175071996,90.3826998480967,0.25741196973781));
#9362=CARTESIAN_POINT('Ctrl Pts',(-256.315308743026,86.8418335191264,0.275429466503719));
#9363=CARTESIAN_POINT('Ctrl Pts',(-257.49021262675,88.0167374028501,0.268521898281547));
#9364=CARTESIAN_POINT('Ctrl Pts',(-258.665489415771,89.1920141918711,0.262358810556652));
#9365=CARTESIAN_POINT('Ctrl Pts',(-259.856175071996,90.3826998480967,0.257411969737816));
#9366=CARTESIAN_POINT('',(-263.39704140095,86.8418335191286,0.275429466516326));
#9367=CARTESIAN_POINT('Ctrl Pts',(-259.856175071996,90.3826998480967,0.257411969737816));
#9368=CARTESIAN_POINT('Ctrl Pts',(-261.045457549008,89.193417371085,0.262352980886852));
#9369=CARTESIAN_POINT('Ctrl Pts',(-262.22238507272,88.0164898473726,0.268523353725164));
#9370=CARTESIAN_POINT('Ctrl Pts',(-263.39704140095,86.8418335191429,0.275429466503622));
#9371=CARTESIAN_POINT('',(-263.538462757184,86.8418335191311,0.275429466517183));
#9372=CARTESIAN_POINT('Ctrl Pts',(-263.538462757184,86.8418335191311,0.275429466517183));
#9373=CARTESIAN_POINT('Ctrl Pts',(-263.491322305106,86.8418335191311,0.275429466517183));
#9374=CARTESIAN_POINT('Ctrl Pts',(-263.444181853028,86.8418335191286,0.275429466516329));
#9375=CARTESIAN_POINT('Ctrl Pts',(-263.39704140095,86.8418335191286,0.275429466516326));
#9376=CARTESIAN_POINT('',(-259.926885750115,90.4534105262154,0.257119709959873));
#9377=CARTESIAN_POINT('Ctrl Pts',(-263.538462757184,86.8418335191464,0.275429466503609));
#9378=CARTESIAN_POINT('Ctrl Pts',(-262.340514655696,88.0397816206344,0.268386415278539));
#9379=CARTESIAN_POINT('Ctrl Pts',(-261.140245320124,89.2400509562067,0.262108665837702));
#9380=CARTESIAN_POINT('Ctrl Pts',(-259.926885750115,90.4534105262154,0.257119709959868));
#9381=CARTESIAN_POINT('Ctrl Pts',(-259.926885750115,90.4534105262153,0.257119709959873));
#9382=CARTESIAN_POINT('Ctrl Pts',(-264.20698618992,94.7335109660205,0.239521272716893));
#9383=CARTESIAN_POINT('Ctrl Pts',(-267.57885017115,98.10537494725,0.239472701806512));
#9384=CARTESIAN_POINT('Ctrl Pts',(-272.282438237571,102.808963013671,0.264482304819726));
#9385=CARTESIAN_POINT('Origin',(-284.785464393878,90.4534105262154,0.));
#9386=CARTESIAN_POINT('',(-272.356175071996,78.0241212043341,-0.721708586729419));
#9387=CARTESIAN_POINT('',(-272.356175071996,78.0241212043341,0.));
#9388=CARTESIAN_POINT('',(-273.136532899477,78.8044790367756,0.328124933213812));
#9389=CARTESIAN_POINT('Origin',(-270.67782722458,76.3457733569174,1.34077679266868));
#9390=CARTESIAN_POINT('Ctrl Pts',(-279.780301197816,85.4482473301534,0.28394265248464));
#9391=CARTESIAN_POINT('Ctrl Pts',(-277.59107957787,83.259025710208,0.297767051028713));
#9392=CARTESIAN_POINT('Ctrl Pts',(-275.392619378459,81.0605655107968,0.313527242251797));
#9393=CARTESIAN_POINT('Ctrl Pts',(-273.136532899477,78.8044790318144,0.328124935257163));
#9394=CARTESIAN_POINT('Ctrl Pts',(-250.,129.970251284945,-0.298521379389366));
#9395=CARTESIAN_POINT('Ctrl Pts',(-300.,129.970251284945,-0.298521379389366));
#9396=CARTESIAN_POINT('Ctrl Pts',(-250.,127.821178381036,-0.0843586363972041));
#9397=CARTESIAN_POINT('Ctrl Pts',(-300.,127.821178381036,-0.0843586363972041));
#9398=CARTESIAN_POINT('Ctrl Pts',(-250.,125.44942897596,0.0708512496739876));
#9399=CARTESIAN_POINT('Ctrl Pts',(-300.,125.44942897596,0.0708512496739876));
#9400=CARTESIAN_POINT('Ctrl Pts',(-250.,122.857191611518,0.169553679294171));
#9401=CARTESIAN_POINT('Ctrl Pts',(-300.,122.857191611518,0.169553679294171));
#9402=CARTESIAN_POINT('Ctrl Pts',(-250.,117.348295030699,0.379311274995765));
#9403=CARTESIAN_POINT('Ctrl Pts',(-300.,117.348295030699,0.379311274995765));
#9404=CARTESIAN_POINT('Ctrl Pts',(-250.,110.804902191224,0.310171112332585));
#9405=CARTESIAN_POINT('Ctrl Pts',(-300.,110.804902191224,0.310171112332585));
#9406=CARTESIAN_POINT('Ctrl Pts',(-250.,103.63110756365,0.269031200647877));
#9407=CARTESIAN_POINT('Ctrl Pts',(-300.,103.63110756365,0.269031200647877));
#9408=CARTESIAN_POINT('Ctrl Pts',(-250.,96.5195798998103,0.228248374372209));
#9409=CARTESIAN_POINT('Ctrl Pts',(-300.,96.5195798998103,0.228248374372209));
#9410=CARTESIAN_POINT('Ctrl Pts',(-250.,88.8249031762286,0.260812732162557));
#9411=CARTESIAN_POINT('Ctrl Pts',(-300.,88.8249031762286,0.260812732162557));
#9412=CARTESIAN_POINT('Ctrl Pts',(-250.,80.7306584417594,0.315364165057397));
#9413=CARTESIAN_POINT('Ctrl Pts',(-300.,80.7306584417594,0.315364165057397));
#9414=CARTESIAN_POINT('Ctrl Pts',(-250.,72.5542442910268,0.370469381479219));
#9415=CARTESIAN_POINT('Ctrl Pts',(-300.,72.5542442910268,0.370469381479219));
#9416=CARTESIAN_POINT('Ctrl Pts',(-250.,63.9297655883391,0.39999932465088));
#9417=CARTESIAN_POINT('Ctrl Pts',(-300.,63.9297655883391,0.39999932465088));
#9418=CARTESIAN_POINT('Ctrl Pts',(-250.,55.5854709052008,0.339844747816719));
#9419=CARTESIAN_POINT('Ctrl Pts',(-300.,55.5854709052008,0.339844747816719));
#9420=CARTESIAN_POINT('Ctrl Pts',(-250.,47.9679890437658,0.284929813083831));
#9421=CARTESIAN_POINT('Ctrl Pts',(-300.,47.9679890437658,0.284929813083831));
#9422=CARTESIAN_POINT('Ctrl Pts',(-250.,40.645180412424,0.166054400624985));
#9423=CARTESIAN_POINT('Ctrl Pts',(-300.,40.645180412424,0.166054400624985));
#9424=CARTESIAN_POINT('Ctrl Pts',(-250.,33.8546991145552,0.150354028309038));
#9425=CARTESIAN_POINT('Ctrl Pts',(-300.,33.8546991145552,0.150354028309038));
#9426=CARTESIAN_POINT('Ctrl Pts',(-250.,27.0986267060838,0.13473321329556));
#9427=CARTESIAN_POINT('Ctrl Pts',(-300.,27.0986267060838,0.13473321329556));
#9428=CARTESIAN_POINT('Ctrl Pts',(-250.,20.8198777682791,0.266862582796839));
#9429=CARTESIAN_POINT('Ctrl Pts',(-300.,20.8198777682791,0.266862582796839));
#9430=CARTESIAN_POINT('Ctrl Pts',(-250.,15.1896070060089,0.299211899946718));
#9431=CARTESIAN_POINT('Ctrl Pts',(-300.,15.1896070060089,0.299211899946718));
#9432=CARTESIAN_POINT('Ctrl Pts',(-250.,9.40209417901301,0.332464668038104));
#9433=CARTESIAN_POINT('Ctrl Pts',(-300.,9.40209417901301,0.332464668038104));
#9434=CARTESIAN_POINT('Ctrl Pts',(-250.,4.33212847308051,0.179987024862088));
#9435=CARTESIAN_POINT('Ctrl Pts',(-300.,4.33212847308051,0.179987024862088));
#9436=CARTESIAN_POINT('Ctrl Pts',(-250.,0.033162725479676,-0.298161422116848));
#9437=CARTESIAN_POINT('Ctrl Pts',(-300.,0.033162725479676,-0.298161422116848));
#9438=CARTESIAN_POINT('',(-284.926885750115,40.4534105262154,0.190908247836179));
#9439=CARTESIAN_POINT('Ctrl Pts',(-289.497055673984,35.8832406023469,0.157763704918357));
#9440=CARTESIAN_POINT('Ctrl Pts',(-287.970414758066,37.4098815182645,0.165287562030197));
#9441=CARTESIAN_POINT('Ctrl Pts',(-286.452247863956,38.9280484123745,0.176934143457448));
#9442=CARTESIAN_POINT('Ctrl Pts',(-284.926885750115,40.4534105262155,0.190908247836179));
#9443=CARTESIAN_POINT('Ctrl Pts',(-284.926885750115,40.4534105262154,0.190908247836179));
#9444=CARTESIAN_POINT('Ctrl Pts',(-286.669918051804,42.196442827904,0.206876466201039));
#9445=CARTESIAN_POINT('Ctrl Pts',(-288.29227117459,43.8187959506904,0.224453371542272));
#9446=CARTESIAN_POINT('Ctrl Pts',(-290.182029365606,45.7085541417063,0.245039656424081));
#9447=CARTESIAN_POINT('',(-284.856175071996,40.5241212043342,0.191557653488215));
#9448=CARTESIAN_POINT('Ctrl Pts',(-290.182029365883,45.8499754982204,0.246580462729028));
#9449=CARTESIAN_POINT('Ctrl Pts',(-288.292580852419,43.9605269847563,0.225992410241669));
#9450=CARTESIAN_POINT('Ctrl Pts',(-286.622448621712,42.2903947540501,0.207819186648519));
#9451=CARTESIAN_POINT('Ctrl Pts',(-284.856175071996,40.5241212043342,0.191557653488216));
#9452=CARTESIAN_POINT('',(-281.02271321882,44.3575830575103,0.230391885761093));
#9453=CARTESIAN_POINT('Ctrl Pts',(-284.856175071996,40.5241212043342,0.191557653488215));
#9454=CARTESIAN_POINT('Ctrl Pts',(-283.594675664458,41.785620611872,0.203171887563498));
#9455=CARTESIAN_POINT('Ctrl Pts',(-282.321194676158,43.0591016001724,0.216423471507086));
#9456=CARTESIAN_POINT('Ctrl Pts',(-281.02271321882,44.3575830575102,0.230391885761095));
#9457=CARTESIAN_POINT('',(-280.881291862583,44.3575830575103,0.230391885761087));
#9458=CARTESIAN_POINT('Ctrl Pts',(-280.881291862583,44.3575830575103,0.230391885761087));
#9459=CARTESIAN_POINT('Ctrl Pts',(-280.928432314662,44.3575830575103,0.230391885761087));
#9460=CARTESIAN_POINT('Ctrl Pts',(-280.975572766741,44.3575830575103,0.230391885761091));
#9461=CARTESIAN_POINT('Ctrl Pts',(-281.02271321882,44.3575830575103,0.230391885761093));
#9462=CARTESIAN_POINT('',(-284.785464393878,40.4534105262154,0.190908247836179));
#9463=CARTESIAN_POINT('Ctrl Pts',(-280.881291862583,44.3575830575103,0.230391885761095));
#9464=CARTESIAN_POINT('Ctrl Pts',(-282.203498939793,43.0353759802997,0.216168243151732));
#9465=CARTESIAN_POINT('Ctrl Pts',(-283.500200544321,41.7386743757723,0.202682770767453));
#9466=CARTESIAN_POINT('Ctrl Pts',(-284.785464393878,40.4534105262155,0.190908247836179));
#9467=CARTESIAN_POINT('',(-281.299999982759,36.9679460978561,0.163786635238644));
#9468=CARTESIAN_POINT('Ctrl Pts',(-284.785464393878,40.4534105262155,0.19090824783618));
#9469=CARTESIAN_POINT('Ctrl Pts',(-283.601534809332,39.2694809416695,0.180062065515672));
#9470=CARTESIAN_POINT('Ctrl Pts',(-282.445721576978,38.1136677093156,0.170838841605861));
#9471=CARTESIAN_POINT('Ctrl Pts',(-281.299999974139,36.9679461064764,0.163786635291704));
#9472=CARTESIAN_POINT('',(-281.299999983293,36.8265247426862,0.162926911445979));
#9473=CARTESIAN_POINT('Ctrl Pts',(-281.299999983293,36.8282034751209,0.163101881368223));
#9474=CARTESIAN_POINT('Ctrl Pts',(-281.299999983293,36.8753671052589,0.16338738823753));
#9475=CARTESIAN_POINT('Ctrl Pts',(-281.299999983293,36.9225537412013,0.163676546632529));
#9476=CARTESIAN_POINT('Ctrl Pts',(-281.299999983293,36.969763308332,0.163969304077669));
#9477=CARTESIAN_POINT('Ctrl Pts',(-281.299999974939,36.8265247510396,0.162926911496122));
#9478=CARTESIAN_POINT('Ctrl Pts',(-282.46880654802,37.9953313241207,0.169942905820021));
#9479=CARTESIAN_POINT('Ctrl Pts',(-283.64774678852,39.17427156462,0.179247221497795));
#9480=CARTESIAN_POINT('Ctrl Pts',(-284.856175071996,40.3826998480967,0.190262082819716));
#9481=CARTESIAN_POINT('Origin',(-284.926885750115,40.4534105262154,0.));
#9482=CARTESIAN_POINT('',(-284.926885750115,40.4534105262154,0.));
#9483=CARTESIAN_POINT('Origin',(-250.,62.9921020006257,1.26625913045532));
#9484=CARTESIAN_POINT('',(-258.350196880528,67.0300993958022,0.376589018255545));
#9485=CARTESIAN_POINT('',(-258.208775524291,67.0300993958022,0.376589018255545));
#9486=CARTESIAN_POINT('Ctrl Pts',(-258.350196880528,67.0300993958022,0.376589018255545));
#9487=CARTESIAN_POINT('Ctrl Pts',(-258.303056428449,67.0300993958022,0.376589018255545));
#9488=CARTESIAN_POINT('Ctrl Pts',(-258.25591597637,67.0300993958022,0.376589018255545));
#9489=CARTESIAN_POINT('Ctrl Pts',(-258.208775524291,67.0300993958022,0.376589018255545));
#9490=CARTESIAN_POINT('',(-259.785464393878,65.4534105262154,-2.05622431026389));
#9491=CARTESIAN_POINT('Origin',(-262.246772919467,62.9921020006257,1.26625913045532));
#9492=CARTESIAN_POINT('',(-253.289770242543,58.9577163748812,0.360351577345791));
#9493=CARTESIAN_POINT('Origin',(-257.324155868288,62.9921020006257,1.26625913045532));
#9494=CARTESIAN_POINT('',(-253.431191598781,58.9577163748813,0.360351577345787));
#9495=CARTESIAN_POINT('Ctrl Pts',(-253.289770242543,58.9577163748812,0.360351577345791));
#9496=CARTESIAN_POINT('Ctrl Pts',(-253.336910694623,58.9577163748812,0.360351577345791));
#9497=CARTESIAN_POINT('Ctrl Pts',(-253.384051146702,58.9577163748813,0.360351577345787));
#9498=CARTESIAN_POINT('Ctrl Pts',(-253.431191598781,58.9577163748813,0.360351577345787));
#9499=CARTESIAN_POINT('',(-259.856175071996,65.3826998480967,-2.10745956019763));
#9500=CARTESIAN_POINT('Origin',(-257.465577224525,62.9921020006257,1.26625913045532));
#9501=CARTESIAN_POINT('',(-266.281158545214,58.9577163748801,0.360351577346011));
#9502=CARTESIAN_POINT('Origin',(-262.246772919467,62.9921020006257,1.26625913045532));
#9503=CARTESIAN_POINT('',(-266.422579901451,58.9577163748801,0.360351577346007));
#9504=CARTESIAN_POINT('Ctrl Pts',(-266.281158545214,58.9577163748801,0.360351577346011));
#9505=CARTESIAN_POINT('Ctrl Pts',(-266.328298997293,58.9577163748801,0.360351577346011));
#9506=CARTESIAN_POINT('Ctrl Pts',(-266.375439449372,58.9577163748801,0.360351577346008));
#9507=CARTESIAN_POINT('Ctrl Pts',(-266.422579901451,58.9577163748801,0.360351577346007));
#9508=CARTESIAN_POINT('',(-259.926885750115,65.4534105262154,-2.05622431026391));
#9509=CARTESIAN_POINT('Origin',(-262.388194275705,62.9921020006257,1.26625913045532));
#9510=CARTESIAN_POINT('',(-261.503574619702,67.0300993958023,0.37658901825554));
#9511=CARTESIAN_POINT('Origin',(-257.465577224525,62.9921020006257,1.26625913045532));
#9512=CARTESIAN_POINT('',(-261.362153263464,67.0300993958022,0.376589018255529));
#9513=CARTESIAN_POINT('Ctrl Pts',(-261.503574619702,67.0300993958023,0.37658901825554));
#9514=CARTESIAN_POINT('Ctrl Pts',(-261.456434167623,67.0300993958023,0.37658901825554));
#9515=CARTESIAN_POINT('Ctrl Pts',(-261.409293715544,67.0300993958022,0.376589018255529));
#9516=CARTESIAN_POINT('Ctrl Pts',(-261.362153263464,67.0300993958022,0.376589018255529));
#9517=CARTESIAN_POINT('',(-259.856175071996,65.5241212043341,-2.00265729919623));
#9518=CARTESIAN_POINT('Origin',(-257.324155868288,62.9921020006257,1.26625913045532));
#9519=CARTESIAN_POINT('Origin',(-262.388194275705,62.9921020006257,1.26625913045532));
#9520=CARTESIAN_POINT('Origin',(-250.,76.3457733569174,1.34077679266868));
#9521=CARTESIAN_POINT('',(-274.,76.3802962763305,-1.318077397616));
#9522=CARTESIAN_POINT('',(-272.426885750115,77.9534105262154,-0.777288402043414));
#9523=CARTESIAN_POINT('Origin',(-274.034522919413,76.3457733569174,1.34077679266868));
#9524=CARTESIAN_POINT('',(-273.277954256129,78.8044790370125,0.32812493328431));
#9525=CARTESIAN_POINT('Origin',(-270.819248580817,76.3457733569174,1.34077679266868));
#9526=CARTESIAN_POINT('Ctrl Pts',(-273.277954256129,78.8044790370125,0.32812493328431));
#9527=CARTESIAN_POINT('Ctrl Pts',(-273.230813803911,78.8044790370125,0.32812493328431));
#9528=CARTESIAN_POINT('Ctrl Pts',(-273.183673351694,78.8044790367751,0.328124933213673));
#9529=CARTESIAN_POINT('Ctrl Pts',(-273.136532899477,78.8044790367756,0.328124933213812));
#9530=CARTESIAN_POINT('',(-271.575817232941,78.8044790433891,0.328124935182262));
#9531=CARTESIAN_POINT('Origin',(-274.034522919413,76.3457733569174,1.34077679266868));
#9532=CARTESIAN_POINT('',(-271.434395876704,78.8044790433892,0.328124935182277));
#9533=CARTESIAN_POINT('Ctrl Pts',(-271.575817232941,78.8044790433891,0.328124935182262));
#9534=CARTESIAN_POINT('Ctrl Pts',(-271.528676780862,78.8044790433946,0.328124935183879));
#9535=CARTESIAN_POINT('Ctrl Pts',(-271.481536328783,78.8044790433839,0.328124935180702));
#9536=CARTESIAN_POINT('Ctrl Pts',(-271.434395876704,78.8044790433892,0.328124935182277));
#9537=CARTESIAN_POINT('',(-272.285464393878,77.9534105262154,-0.777288402043387));
#9538=CARTESIAN_POINT('Origin',(-273.893101563176,76.3457733569174,1.34077679266868));
#9539=CARTESIAN_POINT('',(-268.207650743887,73.8755968762326,0.356436611901392));
#9540=CARTESIAN_POINT('Origin',(-270.67782722458,76.3457733569174,1.34077679266868));
#9541=CARTESIAN_POINT('',(-268.349072100127,73.8755968762335,0.356436611901105));
#9542=CARTESIAN_POINT('Ctrl Pts',(-268.207650743887,73.8755968762326,0.356436611901392));
#9543=CARTESIAN_POINT('Ctrl Pts',(-268.254791195967,73.8755968762326,0.356436611901393));
#9544=CARTESIAN_POINT('Ctrl Pts',(-268.301931648047,73.8755968762335,0.356436611901115));
#9545=CARTESIAN_POINT('Ctrl Pts',(-268.349072100127,73.8755968762335,0.356436611901105));
#9546=CARTESIAN_POINT('',(-272.356175071996,77.8826998480967,-0.829143574043095));
#9547=CARTESIAN_POINT('Origin',(-270.819248580817,76.3457733569174,1.34077679266868));
#9548=CARTESIAN_POINT('',(-274.,76.2388749200931,-1.31615191570189));
#9549=CARTESIAN_POINT('Origin',(-273.893101563176,76.3457733569174,1.34077679266868));
#9550=CARTESIAN_POINT('Origin',(-274.,76.3457733569174,1.34077679266868));
#9551=CARTESIAN_POINT('Origin',(-250.,76.3457733569174,1.34077679266868));
#9552=CARTESIAN_POINT('',(-251.363278043851,73.8755968762423,0.356436611898385));
#9553=CARTESIAN_POINT('Origin',(-248.893101563176,76.3457733569174,1.34077679266868));
#9554=CARTESIAN_POINT('',(-251.504699400088,73.8755968762424,0.356436611898188));
#9555=CARTESIAN_POINT('Ctrl Pts',(-251.363278043851,73.8755968762423,0.356436611898385));
#9556=CARTESIAN_POINT('Ctrl Pts',(-251.41041849593,73.8755968762423,0.356436611898385));
#9557=CARTESIAN_POINT('Ctrl Pts',(-251.457558948009,73.8755968762424,0.356436611898188));
#9558=CARTESIAN_POINT('Ctrl Pts',(-251.504699400088,73.8755968762424,0.356436611898188));
#9559=CARTESIAN_POINT('Origin',(-249.034522919413,76.3457733569174,1.34077679266868));
#9560=CARTESIAN_POINT('Origin',(-274.,76.3457733569174,1.34077679266868));
#9561=CARTESIAN_POINT('',(-274.,76.3802962763305,0.670388396334341));
#9562=CARTESIAN_POINT('',(-274.,76.2388749200931,0.670388396334341));
#9563=CARTESIAN_POINT('Origin',(-250.,85.4240245199313,1.53659174948041));
#9564=CARTESIAN_POINT('',(-253.322496285044,83.9904424173833,0.293388219334187));
#9565=CARTESIAN_POINT('Origin',(-254.756078387594,85.4240245199313,1.53659174948041));
#9566=CARTESIAN_POINT('',(-253.46391764128,83.9904424173828,0.293388219334362));
#9567=CARTESIAN_POINT('Ctrl Pts',(-253.322496285044,83.9904424173833,0.293388219334187));
#9568=CARTESIAN_POINT('Ctrl Pts',(-253.369636737123,83.9904424173833,0.293388219334187));
#9569=CARTESIAN_POINT('Ctrl Pts',(-253.416777189201,83.9904424173828,0.293388219334362));
#9570=CARTESIAN_POINT('Ctrl Pts',(-253.46391764128,83.9904424173828,0.293388219334362));
#9571=CARTESIAN_POINT('Origin',(-254.897499743831,85.4240245199313,1.53659174948041));
#9572=CARTESIAN_POINT('Origin',(-250.,85.4240245199313,1.53659174948041));
#9573=CARTESIAN_POINT('',(-266.24843250276,83.9904424173488,0.293388219346378));
#9574=CARTESIAN_POINT('Origin',(-264.814850400162,85.4240245199313,1.53659174948041));
#9575=CARTESIAN_POINT('',(-266.389853858998,83.9904424173484,0.293388219346517));
#9576=CARTESIAN_POINT('Ctrl Pts',(-266.24843250276,83.9904424173488,0.293388219346378));
#9577=CARTESIAN_POINT('Ctrl Pts',(-266.295572954839,83.9904424173488,0.293388219346371));
#9578=CARTESIAN_POINT('Ctrl Pts',(-266.342713406919,83.9904424173483,0.293388219346536));
#9579=CARTESIAN_POINT('Ctrl Pts',(-266.389853858998,83.9904424173484,0.293388219346517));
#9580=CARTESIAN_POINT('Origin',(-264.956271756399,85.4240245199313,1.53659174948041));
#9581=CARTESIAN_POINT('Origin',(-272.356175071996,53.0241212043341,0.));
#9582=CARTESIAN_POINT('',(-272.075282636082,53.3050136286272,0.321805015184525));
#9583=CARTESIAN_POINT('Ctrl Pts',(-272.075282636082,53.3050136402481,0.321805012734948));
#9584=CARTESIAN_POINT('Ctrl Pts',(-270.132079690701,55.2482165856292,0.338477079344891));
#9585=CARTESIAN_POINT('Ctrl Pts',(-268.270320310184,57.1099759661464,0.35127146743839));
#9586=CARTESIAN_POINT('Ctrl Pts',(-266.422579901451,58.9577163748791,0.360351577345772));
#9587=CARTESIAN_POINT('',(-272.356175071996,53.0241212043341,-0.55879180338663));
#9588=CARTESIAN_POINT('Origin',(-276.55912126654,48.8211750097902,1.2669601331213));
#9589=CARTESIAN_POINT('',(-272.356175071996,53.0241212043341,-4.23477289231101));
#9590=CARTESIAN_POINT('',(-272.356175071996,53.0241212043341,0.));
#9591=CARTESIAN_POINT('',(-259.926885750115,65.4534105262154,-4.24742761242745));
#9592=CARTESIAN_POINT('Ctrl Pts',(-259.926885750115,65.4534105262154,-4.24742761242746));
#9593=CARTESIAN_POINT('Ctrl Pts',(-263.144685855481,62.2356104208496,-4.37776045316872));
#9594=CARTESIAN_POINT('Ctrl Pts',(-267.396741362766,57.983554913564,-4.46233374670477));
#9595=CARTESIAN_POINT('Ctrl Pts',(-272.356175071996,53.0241212043342,-4.23477289231101));
#9596=CARTESIAN_POINT('',(-259.926885750115,65.4534105262154,0.));
#9597=CARTESIAN_POINT('Origin',(-259.856175071996,65.5241212043341,0.));
#9598=CARTESIAN_POINT('',(-259.856175071996,65.5241212043341,-4.24454423816385));
#9599=CARTESIAN_POINT('',(-259.856175071996,65.5241212043341,0.));
#9600=CARTESIAN_POINT('Ctrl Pts',(-250.,75.3802962763304,-3.44002461306921));
#9601=CARTESIAN_POINT('Ctrl Pts',(-253.613767464803,71.7665288115275,-3.83846947941319));
#9602=CARTESIAN_POINT('Ctrl Pts',(-256.443903430505,68.9363928458258,-4.10446630716807));
#9603=CARTESIAN_POINT('Ctrl Pts',(-259.856175071996,65.5241212043341,-4.24454423816385));
#9604=CARTESIAN_POINT('Ctrl Pts',(-258.350196881748,67.0300993945826,0.376589018256556));
#9605=CARTESIAN_POINT('Ctrl Pts',(-256.063279416479,69.3170168598515,0.374670053196682));
#9606=CARTESIAN_POINT('Ctrl Pts',(-253.816054553958,71.5642417223721,0.367543301259474));
#9607=CARTESIAN_POINT('Ctrl Pts',(-251.504699400088,73.8755968762424,0.356436611898386));
#9608=CARTESIAN_POINT('Origin',(-272.285464393878,77.9534105262154,0.));
#9609=CARTESIAN_POINT('Ctrl Pts',(-268.207650743887,73.8755968762253,0.356436611898469));
#9610=CARTESIAN_POINT('Ctrl Pts',(-265.896880671402,71.5648268037395,0.367540489784556));
#9611=CARTESIAN_POINT('Ctrl Pts',(-263.671878732787,69.339824865125,0.374650914871751));
#9612=CARTESIAN_POINT('Ctrl Pts',(-261.362153263464,67.0300993958022,0.376589018255533));
#9613=CARTESIAN_POINT('',(-272.285464393878,77.9534105262154,-2.71270818152747));
#9614=CARTESIAN_POINT('',(-272.285464393878,77.9534105262154,0.));
#9615=CARTESIAN_POINT('Ctrl Pts',(-259.856175071996,65.5241212043341,-4.24454423816385));
#9616=CARTESIAN_POINT('Ctrl Pts',(-262.437580448711,68.1055265810488,-4.01753875243865));
#9617=CARTESIAN_POINT('Ctrl Pts',(-267.218048212695,72.8859943450325,-3.56509314603027));
#9618=CARTESIAN_POINT('Ctrl Pts',(-272.285464393878,77.9534105262154,-2.71270818152747));
#9619=CARTESIAN_POINT('Origin',(-259.926885750115,65.4534105262154,0.));
#9620=CARTESIAN_POINT('',(-272.356175071996,77.8826998480967,-2.71464626114917));
#9621=CARTESIAN_POINT('Ctrl Pts',(-272.356175071996,77.8826998480967,-2.71464626114917));
#9622=CARTESIAN_POINT('Ctrl Pts',(-267.319678137527,72.8462029136277,-3.56523383200609));
#9623=CARTESIAN_POINT('Ctrl Pts',(-262.54317919694,68.0697039730406,-4.01743914007452));
#9624=CARTESIAN_POINT('Ctrl Pts',(-259.926885750115,65.4534105262154,-4.24742761242746));
#9625=CARTESIAN_POINT('',(-272.356175071996,77.8826998480967,0.));
#9626=CARTESIAN_POINT('Ctrl Pts',(-261.503574619702,67.0300993958023,0.376589018255533));
#9627=CARTESIAN_POINT('Ctrl Pts',(-263.811423145975,69.3379479220754,0.37465248982502));
#9628=CARTESIAN_POINT('Ctrl Pts',(-266.037383902305,71.5639086784057,0.367544901626183));
#9629=CARTESIAN_POINT('Ctrl Pts',(-268.349072100127,73.8755968762269,0.35643661189846));
#9630=CARTESIAN_POINT('Origin',(-272.356175071996,77.8826998480966,0.));
#9631=CARTESIAN_POINT('',(-284.785464393878,65.4534105262154,-2.00565777447262));
#9632=CARTESIAN_POINT('Ctrl Pts',(-284.785464393878,65.4534105262154,-2.00565777447263));
#9633=CARTESIAN_POINT('Ctrl Pts',(-280.635878072129,69.6029968479641,-2.82870351080848));
#9634=CARTESIAN_POINT('Ctrl Pts',(-275.390335513888,74.8485394062053,-2.7892376122858));
#9635=CARTESIAN_POINT('Ctrl Pts',(-272.831316436332,77.4075584837613,-2.72691735493179));
#9636=CARTESIAN_POINT('Ctrl Pts',(-272.660607406446,77.578267513647,-2.72276004685682));
#9637=CARTESIAN_POINT('Ctrl Pts',(-272.501852471701,77.7370224483924,-2.71861098537168));
#9638=CARTESIAN_POINT('Ctrl Pts',(-272.356175071996,77.8826998480967,-2.71464626114917));
#9639=CARTESIAN_POINT('',(-284.785464393878,65.4534105262154,0.));
#9640=CARTESIAN_POINT('Origin',(-259.856175071996,90.3826998480967,0.));
#9641=CARTESIAN_POINT('Ctrl Pts',(-266.248432502752,83.9904424173408,0.293388219332695));
#9642=CARTESIAN_POINT('Ctrl Pts',(-267.954511626424,82.2843632936691,0.304678772160984));
#9643=CARTESIAN_POINT('Ctrl Pts',(-269.672944369195,80.5659305508978,0.316727708791123));
#9644=CARTESIAN_POINT('Ctrl Pts',(-271.434395876964,78.8044790431287,0.328124935183989));
#9645=CARTESIAN_POINT('',(-259.856175071996,90.3826998480967,-2.04205088263777));
#9646=CARTESIAN_POINT('',(-259.856175071996,90.3826998480967,0.));
#9647=CARTESIAN_POINT('Ctrl Pts',(-272.285464393878,77.9534105262154,-2.71270818152746));
#9648=CARTESIAN_POINT('Ctrl Pts',(-271.567790964341,78.6710839557519,-2.69290067096219));
#9649=CARTESIAN_POINT('Ctrl Pts',(-270.815635769408,79.4232391505438,-2.66792100728295));
#9650=CARTESIAN_POINT('Ctrl Pts',(-269.35726495517,80.8816099647818,-2.61666122110511));
#9651=CARTESIAN_POINT('Ctrl Pts',(-268.452878799692,81.7859961204009,-2.58278567228708));
#9652=CARTESIAN_POINT('Ctrl Pts',(-266.124549576638,84.1143253434549,-2.48811245268777));
#9653=CARTESIAN_POINT('Ctrl Pts',(-264.406693405918,85.8321815141749,-2.4082061745127));
#9654=CARTESIAN_POINT('Ctrl Pts',(-261.733015823272,88.505859096821,-2.21195628497376));
#9655=CARTESIAN_POINT('Ctrl Pts',(-260.773986547487,89.4648883726063,-2.12758348190433));
#9656=CARTESIAN_POINT('Ctrl Pts',(-259.856175071996,90.3826998480966,-2.04205088263777));
#9657=CARTESIAN_POINT('Origin',(-247.426885750115,77.9534105262154,0.));
#9658=CARTESIAN_POINT('Ctrl Pts',(-250.00000001438,80.5265146113364,0.316734028763619));
#9659=CARTESIAN_POINT('Ctrl Pts',(-250.068125480026,80.5946467961628,0.316278844432202));
#9660=CARTESIAN_POINT('Ctrl Pts',(-250.136169251599,80.6626939250033,0.315822214189426));
#9661=CARTESIAN_POINT('Ctrl Pts',(-250.20413394302,80.7306584417594,0.315364165057397));
#9662=CARTESIAN_POINT('Ctrl Pts',(-250.801552816101,81.3280757795156,0.311337850944106));
#9663=CARTESIAN_POINT('Ctrl Pts',(-251.392861443449,81.9193294981353,0.307458056576694));
#9664=CARTESIAN_POINT('Ctrl Pts',(-251.97983515469,82.5062539806468,0.303729058619203));
#9665=CARTESIAN_POINT('Ctrl Pts',(-252.477282535823,83.0036596415091,0.300568814416297));
#9666=CARTESIAN_POINT('Ctrl Pts',(-252.971616497086,83.4979552144743,0.297516872197114));
#9667=CARTESIAN_POINT('Ctrl Pts',(-253.463917637309,83.990227917032,0.294577256136634));
#9668=CARTESIAN_POINT('Ctrl Pts',(-259.856175071996,90.3826998480967,-2.04205088263777));
#9669=CARTESIAN_POINT('Ctrl Pts',(-256.569637499105,87.0961622752048,-2.30118011157146));
#9670=CARTESIAN_POINT('Ctrl Pts',(-253.284015536776,83.8105403128759,-2.58535359339562));
#9671=CARTESIAN_POINT('Ctrl Pts',(-250.,80.5265247761003,-2.90190900625751));
#9672=CARTESIAN_POINT('Ctrl Pts',(-250.,129.970251284945,-0.298521379389366));
#9673=CARTESIAN_POINT('Ctrl Pts',(-300.,129.970251284945,-0.298521379389366));
#9674=CARTESIAN_POINT('Ctrl Pts',(-250.,127.821178381036,-0.0843586363972041));
#9675=CARTESIAN_POINT('Ctrl Pts',(-300.,127.821178381036,-0.0843586363972041));
#9676=CARTESIAN_POINT('Ctrl Pts',(-250.,125.44942897596,0.0708512496739876));
#9677=CARTESIAN_POINT('Ctrl Pts',(-300.,125.44942897596,0.0708512496739876));
#9678=CARTESIAN_POINT('Ctrl Pts',(-250.,122.857191611518,0.169553679294171));
#9679=CARTESIAN_POINT('Ctrl Pts',(-300.,122.857191611518,0.169553679294171));
#9680=CARTESIAN_POINT('Ctrl Pts',(-250.,117.348295030699,0.379311274995765));
#9681=CARTESIAN_POINT('Ctrl Pts',(-300.,117.348295030699,0.379311274995765));
#9682=CARTESIAN_POINT('Ctrl Pts',(-250.,110.804902191224,0.310171112332585));
#9683=CARTESIAN_POINT('Ctrl Pts',(-300.,110.804902191224,0.310171112332585));
#9684=CARTESIAN_POINT('Ctrl Pts',(-250.,103.63110756365,0.269031200647877));
#9685=CARTESIAN_POINT('Ctrl Pts',(-300.,103.63110756365,0.269031200647877));
#9686=CARTESIAN_POINT('Ctrl Pts',(-250.,96.5195798998103,0.228248374372209));
#9687=CARTESIAN_POINT('Ctrl Pts',(-300.,96.5195798998103,0.228248374372209));
#9688=CARTESIAN_POINT('Ctrl Pts',(-250.,88.8249031762286,0.260812732162557));
#9689=CARTESIAN_POINT('Ctrl Pts',(-300.,88.8249031762286,0.260812732162557));
#9690=CARTESIAN_POINT('Ctrl Pts',(-250.,80.7306584417594,0.315364165057397));
#9691=CARTESIAN_POINT('Ctrl Pts',(-300.,80.7306584417594,0.315364165057397));
#9692=CARTESIAN_POINT('Ctrl Pts',(-250.,72.5542442910268,0.370469381479219));
#9693=CARTESIAN_POINT('Ctrl Pts',(-300.,72.5542442910268,0.370469381479219));
#9694=CARTESIAN_POINT('Ctrl Pts',(-250.,63.9297655883391,0.39999932465088));
#9695=CARTESIAN_POINT('Ctrl Pts',(-300.,63.9297655883391,0.39999932465088));
#9696=CARTESIAN_POINT('Ctrl Pts',(-250.,55.5854709052008,0.339844747816719));
#9697=CARTESIAN_POINT('Ctrl Pts',(-300.,55.5854709052008,0.339844747816719));
#9698=CARTESIAN_POINT('Ctrl Pts',(-250.,47.9679890437658,0.284929813083831));
#9699=CARTESIAN_POINT('Ctrl Pts',(-300.,47.9679890437658,0.284929813083831));
#9700=CARTESIAN_POINT('Ctrl Pts',(-250.,40.645180412424,0.166054400624985));
#9701=CARTESIAN_POINT('Ctrl Pts',(-300.,40.645180412424,0.166054400624985));
#9702=CARTESIAN_POINT('Ctrl Pts',(-250.,33.8546991145552,0.150354028309038));
#9703=CARTESIAN_POINT('Ctrl Pts',(-300.,33.8546991145552,0.150354028309038));
#9704=CARTESIAN_POINT('Ctrl Pts',(-250.,27.0986267060838,0.13473321329556));
#9705=CARTESIAN_POINT('Ctrl Pts',(-300.,27.0986267060838,0.13473321329556));
#9706=CARTESIAN_POINT('Ctrl Pts',(-250.,20.8198777682791,0.266862582796839));
#9707=CARTESIAN_POINT('Ctrl Pts',(-300.,20.8198777682791,0.266862582796839));
#9708=CARTESIAN_POINT('Ctrl Pts',(-250.,15.1896070060089,0.299211899946718));
#9709=CARTESIAN_POINT('Ctrl Pts',(-300.,15.1896070060089,0.299211899946718));
#9710=CARTESIAN_POINT('Ctrl Pts',(-250.,9.40209417901301,0.332464668038104));
#9711=CARTESIAN_POINT('Ctrl Pts',(-300.,9.40209417901301,0.332464668038104));
#9712=CARTESIAN_POINT('Ctrl Pts',(-250.,4.33212847308051,0.179987024862088));
#9713=CARTESIAN_POINT('Ctrl Pts',(-300.,4.33212847308051,0.179987024862088));
#9714=CARTESIAN_POINT('Ctrl Pts',(-250.,0.033162725479676,-0.298161422116848));
#9715=CARTESIAN_POINT('Ctrl Pts',(-300.,0.033162725479676,-0.298161422116848));
#9716=CARTESIAN_POINT('Ctrl Pts',(-253.322496281185,83.9904424135229,0.293388219357962));
#9717=CARTESIAN_POINT('Ctrl Pts',(-252.229727768999,82.8976739013365,0.300619982789002));
#9718=CARTESIAN_POINT('Ctrl Pts',(-251.126292949512,81.7942390818499,0.308201534445819));
#9719=CARTESIAN_POINT('Ctrl Pts',(-250.,80.6679461323377,0.31578666335416));
#9720=CARTESIAN_POINT('Ctrl Pts',(-250.,129.970251284945,-0.298521379389366));
#9721=CARTESIAN_POINT('Ctrl Pts',(-300.,129.970251284945,-0.298521379389366));
#9722=CARTESIAN_POINT('Ctrl Pts',(-250.,127.821178381036,-0.0843586363972041));
#9723=CARTESIAN_POINT('Ctrl Pts',(-300.,127.821178381036,-0.0843586363972041));
#9724=CARTESIAN_POINT('Ctrl Pts',(-250.,125.44942897596,0.0708512496739876));
#9725=CARTESIAN_POINT('Ctrl Pts',(-300.,125.44942897596,0.0708512496739876));
#9726=CARTESIAN_POINT('Ctrl Pts',(-250.,122.857191611518,0.169553679294171));
#9727=CARTESIAN_POINT('Ctrl Pts',(-300.,122.857191611518,0.169553679294171));
#9728=CARTESIAN_POINT('Ctrl Pts',(-250.,117.348295030699,0.379311274995765));
#9729=CARTESIAN_POINT('Ctrl Pts',(-300.,117.348295030699,0.379311274995765));
#9730=CARTESIAN_POINT('Ctrl Pts',(-250.,110.804902191224,0.310171112332585));
#9731=CARTESIAN_POINT('Ctrl Pts',(-300.,110.804902191224,0.310171112332585));
#9732=CARTESIAN_POINT('Ctrl Pts',(-250.,103.63110756365,0.269031200647877));
#9733=CARTESIAN_POINT('Ctrl Pts',(-300.,103.63110756365,0.269031200647877));
#9734=CARTESIAN_POINT('Ctrl Pts',(-250.,96.5195798998103,0.228248374372209));
#9735=CARTESIAN_POINT('Ctrl Pts',(-300.,96.5195798998103,0.228248374372209));
#9736=CARTESIAN_POINT('Ctrl Pts',(-250.,88.8249031762286,0.260812732162557));
#9737=CARTESIAN_POINT('Ctrl Pts',(-300.,88.8249031762286,0.260812732162557));
#9738=CARTESIAN_POINT('Ctrl Pts',(-250.,80.7306584417594,0.315364165057397));
#9739=CARTESIAN_POINT('Ctrl Pts',(-300.,80.7306584417594,0.315364165057397));
#9740=CARTESIAN_POINT('Ctrl Pts',(-250.,72.5542442910268,0.370469381479219));
#9741=CARTESIAN_POINT('Ctrl Pts',(-300.,72.5542442910268,0.370469381479219));
#9742=CARTESIAN_POINT('Ctrl Pts',(-250.,63.9297655883391,0.39999932465088));
#9743=CARTESIAN_POINT('Ctrl Pts',(-300.,63.9297655883391,0.39999932465088));
#9744=CARTESIAN_POINT('Ctrl Pts',(-250.,55.5854709052008,0.339844747816719));
#9745=CARTESIAN_POINT('Ctrl Pts',(-300.,55.5854709052008,0.339844747816719));
#9746=CARTESIAN_POINT('Ctrl Pts',(-250.,47.9679890437658,0.284929813083831));
#9747=CARTESIAN_POINT('Ctrl Pts',(-300.,47.9679890437658,0.284929813083831));
#9748=CARTESIAN_POINT('Ctrl Pts',(-250.,40.645180412424,0.166054400624985));
#9749=CARTESIAN_POINT('Ctrl Pts',(-300.,40.645180412424,0.166054400624985));
#9750=CARTESIAN_POINT('Ctrl Pts',(-250.,33.8546991145552,0.150354028309038));
#9751=CARTESIAN_POINT('Ctrl Pts',(-300.,33.8546991145552,0.150354028309038));
#9752=CARTESIAN_POINT('Ctrl Pts',(-250.,27.0986267060838,0.13473321329556));
#9753=CARTESIAN_POINT('Ctrl Pts',(-300.,27.0986267060838,0.13473321329556));
#9754=CARTESIAN_POINT('Ctrl Pts',(-250.,20.8198777682791,0.266862582796839));
#9755=CARTESIAN_POINT('Ctrl Pts',(-300.,20.8198777682791,0.266862582796839));
#9756=CARTESIAN_POINT('Ctrl Pts',(-250.,15.1896070060089,0.299211899946718));
#9757=CARTESIAN_POINT('Ctrl Pts',(-300.,15.1896070060089,0.299211899946718));
#9758=CARTESIAN_POINT('Ctrl Pts',(-250.,9.40209417901301,0.332464668038104));
#9759=CARTESIAN_POINT('Ctrl Pts',(-300.,9.40209417901301,0.332464668038104));
#9760=CARTESIAN_POINT('Ctrl Pts',(-250.,4.33212847308051,0.179987024862088));
#9761=CARTESIAN_POINT('Ctrl Pts',(-300.,4.33212847308051,0.179987024862088));
#9762=CARTESIAN_POINT('Ctrl Pts',(-250.,0.033162725479676,-0.298161422116848));
#9763=CARTESIAN_POINT('Ctrl Pts',(-300.,0.033162725479676,-0.298161422116848));
#9764=CARTESIAN_POINT('Ctrl Pts',(-250.,129.970251284945,-0.298521379389366));
#9765=CARTESIAN_POINT('Ctrl Pts',(-300.,129.970251284945,-0.298521379389366));
#9766=CARTESIAN_POINT('Ctrl Pts',(-250.,127.821178381036,-0.0843586363972041));
#9767=CARTESIAN_POINT('Ctrl Pts',(-300.,127.821178381036,-0.0843586363972041));
#9768=CARTESIAN_POINT('Ctrl Pts',(-250.,125.44942897596,0.0708512496739876));
#9769=CARTESIAN_POINT('Ctrl Pts',(-300.,125.44942897596,0.0708512496739876));
#9770=CARTESIAN_POINT('Ctrl Pts',(-250.,122.857191611518,0.169553679294171));
#9771=CARTESIAN_POINT('Ctrl Pts',(-300.,122.857191611518,0.169553679294171));
#9772=CARTESIAN_POINT('Ctrl Pts',(-250.,117.348295030699,0.379311274995765));
#9773=CARTESIAN_POINT('Ctrl Pts',(-300.,117.348295030699,0.379311274995765));
#9774=CARTESIAN_POINT('Ctrl Pts',(-250.,110.804902191224,0.310171112332585));
#9775=CARTESIAN_POINT('Ctrl Pts',(-300.,110.804902191224,0.310171112332585));
#9776=CARTESIAN_POINT('Ctrl Pts',(-250.,103.63110756365,0.269031200647877));
#9777=CARTESIAN_POINT('Ctrl Pts',(-300.,103.63110756365,0.269031200647877));
#9778=CARTESIAN_POINT('Ctrl Pts',(-250.,96.5195798998103,0.228248374372209));
#9779=CARTESIAN_POINT('Ctrl Pts',(-300.,96.5195798998103,0.228248374372209));
#9780=CARTESIAN_POINT('Ctrl Pts',(-250.,88.8249031762286,0.260812732162557));
#9781=CARTESIAN_POINT('Ctrl Pts',(-300.,88.8249031762286,0.260812732162557));
#9782=CARTESIAN_POINT('Ctrl Pts',(-250.,80.7306584417594,0.315364165057397));
#9783=CARTESIAN_POINT('Ctrl Pts',(-300.,80.7306584417594,0.315364165057397));
#9784=CARTESIAN_POINT('Ctrl Pts',(-250.,72.5542442910268,0.370469381479219));
#9785=CARTESIAN_POINT('Ctrl Pts',(-300.,72.5542442910268,0.370469381479219));
#9786=CARTESIAN_POINT('Ctrl Pts',(-250.,63.9297655883391,0.39999932465088));
#9787=CARTESIAN_POINT('Ctrl Pts',(-300.,63.9297655883391,0.39999932465088));
#9788=CARTESIAN_POINT('Ctrl Pts',(-250.,55.5854709052008,0.339844747816719));
#9789=CARTESIAN_POINT('Ctrl Pts',(-300.,55.5854709052008,0.339844747816719));
#9790=CARTESIAN_POINT('Ctrl Pts',(-250.,47.9679890437658,0.284929813083831));
#9791=CARTESIAN_POINT('Ctrl Pts',(-300.,47.9679890437658,0.284929813083831));
#9792=CARTESIAN_POINT('Ctrl Pts',(-250.,40.645180412424,0.166054400624985));
#9793=CARTESIAN_POINT('Ctrl Pts',(-300.,40.645180412424,0.166054400624985));
#9794=CARTESIAN_POINT('Ctrl Pts',(-250.,33.8546991145552,0.150354028309038));
#9795=CARTESIAN_POINT('Ctrl Pts',(-300.,33.8546991145552,0.150354028309038));
#9796=CARTESIAN_POINT('Ctrl Pts',(-250.,27.0986267060838,0.13473321329556));
#9797=CARTESIAN_POINT('Ctrl Pts',(-300.,27.0986267060838,0.13473321329556));
#9798=CARTESIAN_POINT('Ctrl Pts',(-250.,20.8198777682791,0.266862582796839));
#9799=CARTESIAN_POINT('Ctrl Pts',(-300.,20.8198777682791,0.266862582796839));
#9800=CARTESIAN_POINT('Ctrl Pts',(-250.,15.1896070060089,0.299211899946718));
#9801=CARTESIAN_POINT('Ctrl Pts',(-300.,15.1896070060089,0.299211899946718));
#9802=CARTESIAN_POINT('Ctrl Pts',(-250.,9.40209417901301,0.332464668038104));
#9803=CARTESIAN_POINT('Ctrl Pts',(-300.,9.40209417901301,0.332464668038104));
#9804=CARTESIAN_POINT('Ctrl Pts',(-250.,4.33212847308051,0.179987024862088));
#9805=CARTESIAN_POINT('Ctrl Pts',(-300.,4.33212847308051,0.179987024862088));
#9806=CARTESIAN_POINT('Ctrl Pts',(-250.,0.033162725479676,-0.298161422116848));
#9807=CARTESIAN_POINT('Ctrl Pts',(-300.,0.033162725479676,-0.298161422116848));
#9808=CARTESIAN_POINT('Ctrl Pts',(-271.575817233168,78.8044790431629,0.328124935183767));
#9809=CARTESIAN_POINT('Ctrl Pts',(-269.814046963274,80.5662493130563,0.316725646285007));
#9810=CARTESIAN_POINT('Ctrl Pts',(-268.09567691996,82.2846193563701,0.304677077579876));
#9811=CARTESIAN_POINT('Ctrl Pts',(-266.38985385899,83.9904424173404,0.293388219332698));
#9812=CARTESIAN_POINT('Ctrl Pts',(-250.,129.970251284945,-0.298521379389366));
#9813=CARTESIAN_POINT('Ctrl Pts',(-300.,129.970251284945,-0.298521379389366));
#9814=CARTESIAN_POINT('Ctrl Pts',(-250.,127.821178381036,-0.0843586363972041));
#9815=CARTESIAN_POINT('Ctrl Pts',(-300.,127.821178381036,-0.0843586363972041));
#9816=CARTESIAN_POINT('Ctrl Pts',(-250.,125.44942897596,0.0708512496739876));
#9817=CARTESIAN_POINT('Ctrl Pts',(-300.,125.44942897596,0.0708512496739876));
#9818=CARTESIAN_POINT('Ctrl Pts',(-250.,122.857191611518,0.169553679294171));
#9819=CARTESIAN_POINT('Ctrl Pts',(-300.,122.857191611518,0.169553679294171));
#9820=CARTESIAN_POINT('Ctrl Pts',(-250.,117.348295030699,0.379311274995765));
#9821=CARTESIAN_POINT('Ctrl Pts',(-300.,117.348295030699,0.379311274995765));
#9822=CARTESIAN_POINT('Ctrl Pts',(-250.,110.804902191224,0.310171112332585));
#9823=CARTESIAN_POINT('Ctrl Pts',(-300.,110.804902191224,0.310171112332585));
#9824=CARTESIAN_POINT('Ctrl Pts',(-250.,103.63110756365,0.269031200647877));
#9825=CARTESIAN_POINT('Ctrl Pts',(-300.,103.63110756365,0.269031200647877));
#9826=CARTESIAN_POINT('Ctrl Pts',(-250.,96.5195798998103,0.228248374372209));
#9827=CARTESIAN_POINT('Ctrl Pts',(-300.,96.5195798998103,0.228248374372209));
#9828=CARTESIAN_POINT('Ctrl Pts',(-250.,88.8249031762286,0.260812732162557));
#9829=CARTESIAN_POINT('Ctrl Pts',(-300.,88.8249031762286,0.260812732162557));
#9830=CARTESIAN_POINT('Ctrl Pts',(-250.,80.7306584417594,0.315364165057397));
#9831=CARTESIAN_POINT('Ctrl Pts',(-300.,80.7306584417594,0.315364165057397));
#9832=CARTESIAN_POINT('Ctrl Pts',(-250.,72.5542442910268,0.370469381479219));
#9833=CARTESIAN_POINT('Ctrl Pts',(-300.,72.5542442910268,0.370469381479219));
#9834=CARTESIAN_POINT('Ctrl Pts',(-250.,63.9297655883391,0.39999932465088));
#9835=CARTESIAN_POINT('Ctrl Pts',(-300.,63.9297655883391,0.39999932465088));
#9836=CARTESIAN_POINT('Ctrl Pts',(-250.,55.5854709052008,0.339844747816719));
#9837=CARTESIAN_POINT('Ctrl Pts',(-300.,55.5854709052008,0.339844747816719));
#9838=CARTESIAN_POINT('Ctrl Pts',(-250.,47.9679890437658,0.284929813083831));
#9839=CARTESIAN_POINT('Ctrl Pts',(-300.,47.9679890437658,0.284929813083831));
#9840=CARTESIAN_POINT('Ctrl Pts',(-250.,40.645180412424,0.166054400624985));
#9841=CARTESIAN_POINT('Ctrl Pts',(-300.,40.645180412424,0.166054400624985));
#9842=CARTESIAN_POINT('Ctrl Pts',(-250.,33.8546991145552,0.150354028309038));
#9843=CARTESIAN_POINT('Ctrl Pts',(-300.,33.8546991145552,0.150354028309038));
#9844=CARTESIAN_POINT('Ctrl Pts',(-250.,27.0986267060838,0.13473321329556));
#9845=CARTESIAN_POINT('Ctrl Pts',(-300.,27.0986267060838,0.13473321329556));
#9846=CARTESIAN_POINT('Ctrl Pts',(-250.,20.8198777682791,0.266862582796839));
#9847=CARTESIAN_POINT('Ctrl Pts',(-300.,20.8198777682791,0.266862582796839));
#9848=CARTESIAN_POINT('Ctrl Pts',(-250.,15.1896070060089,0.299211899946718));
#9849=CARTESIAN_POINT('Ctrl Pts',(-300.,15.1896070060089,0.299211899946718));
#9850=CARTESIAN_POINT('Ctrl Pts',(-250.,9.40209417901301,0.332464668038104));
#9851=CARTESIAN_POINT('Ctrl Pts',(-300.,9.40209417901301,0.332464668038104));
#9852=CARTESIAN_POINT('Ctrl Pts',(-250.,4.33212847308051,0.179987024862088));
#9853=CARTESIAN_POINT('Ctrl Pts',(-300.,4.33212847308051,0.179987024862088));
#9854=CARTESIAN_POINT('Ctrl Pts',(-250.,0.033162725479676,-0.298161422116848));
#9855=CARTESIAN_POINT('Ctrl Pts',(-300.,0.033162725479676,-0.298161422116848));
#9856=CARTESIAN_POINT('Ctrl Pts',(-273.277954256129,78.8044790322289,0.32812493525448));
#9857=CARTESIAN_POINT('Ctrl Pts',(-275.485495146885,81.0120199229851,0.313841349709035));
#9858=CARTESIAN_POINT('Ctrl Pts',(-277.638440068121,83.1649648442212,0.298441230588649));
#9859=CARTESIAN_POINT('Ctrl Pts',(-279.780301197788,85.3068259738884,0.284838273836401));
#9860=CARTESIAN_POINT('Ctrl Pts',(-250.,129.970251284945,-0.298521379389366));
#9861=CARTESIAN_POINT('Ctrl Pts',(-300.,129.970251284945,-0.298521379389366));
#9862=CARTESIAN_POINT('Ctrl Pts',(-250.,127.821178381036,-0.0843586363972041));
#9863=CARTESIAN_POINT('Ctrl Pts',(-300.,127.821178381036,-0.0843586363972041));
#9864=CARTESIAN_POINT('Ctrl Pts',(-250.,125.44942897596,0.0708512496739876));
#9865=CARTESIAN_POINT('Ctrl Pts',(-300.,125.44942897596,0.0708512496739876));
#9866=CARTESIAN_POINT('Ctrl Pts',(-250.,122.857191611518,0.169553679294171));
#9867=CARTESIAN_POINT('Ctrl Pts',(-300.,122.857191611518,0.169553679294171));
#9868=CARTESIAN_POINT('Ctrl Pts',(-250.,117.348295030699,0.379311274995765));
#9869=CARTESIAN_POINT('Ctrl Pts',(-300.,117.348295030699,0.379311274995765));
#9870=CARTESIAN_POINT('Ctrl Pts',(-250.,110.804902191224,0.310171112332585));
#9871=CARTESIAN_POINT('Ctrl Pts',(-300.,110.804902191224,0.310171112332585));
#9872=CARTESIAN_POINT('Ctrl Pts',(-250.,103.63110756365,0.269031200647877));
#9873=CARTESIAN_POINT('Ctrl Pts',(-300.,103.63110756365,0.269031200647877));
#9874=CARTESIAN_POINT('Ctrl Pts',(-250.,96.5195798998103,0.228248374372209));
#9875=CARTESIAN_POINT('Ctrl Pts',(-300.,96.5195798998103,0.228248374372209));
#9876=CARTESIAN_POINT('Ctrl Pts',(-250.,88.8249031762286,0.260812732162557));
#9877=CARTESIAN_POINT('Ctrl Pts',(-300.,88.8249031762286,0.260812732162557));
#9878=CARTESIAN_POINT('Ctrl Pts',(-250.,80.7306584417594,0.315364165057397));
#9879=CARTESIAN_POINT('Ctrl Pts',(-300.,80.7306584417594,0.315364165057397));
#9880=CARTESIAN_POINT('Ctrl Pts',(-250.,72.5542442910268,0.370469381479219));
#9881=CARTESIAN_POINT('Ctrl Pts',(-300.,72.5542442910268,0.370469381479219));
#9882=CARTESIAN_POINT('Ctrl Pts',(-250.,63.9297655883391,0.39999932465088));
#9883=CARTESIAN_POINT('Ctrl Pts',(-300.,63.9297655883391,0.39999932465088));
#9884=CARTESIAN_POINT('Ctrl Pts',(-250.,55.5854709052008,0.339844747816719));
#9885=CARTESIAN_POINT('Ctrl Pts',(-300.,55.5854709052008,0.339844747816719));
#9886=CARTESIAN_POINT('Ctrl Pts',(-250.,47.9679890437658,0.284929813083831));
#9887=CARTESIAN_POINT('Ctrl Pts',(-300.,47.9679890437658,0.284929813083831));
#9888=CARTESIAN_POINT('Ctrl Pts',(-250.,40.645180412424,0.166054400624985));
#9889=CARTESIAN_POINT('Ctrl Pts',(-300.,40.645180412424,0.166054400624985));
#9890=CARTESIAN_POINT('Ctrl Pts',(-250.,33.8546991145552,0.150354028309038));
#9891=CARTESIAN_POINT('Ctrl Pts',(-300.,33.8546991145552,0.150354028309038));
#9892=CARTESIAN_POINT('Ctrl Pts',(-250.,27.0986267060838,0.13473321329556));
#9893=CARTESIAN_POINT('Ctrl Pts',(-300.,27.0986267060838,0.13473321329556));
#9894=CARTESIAN_POINT('Ctrl Pts',(-250.,20.8198777682791,0.266862582796839));
#9895=CARTESIAN_POINT('Ctrl Pts',(-300.,20.8198777682791,0.266862582796839));
#9896=CARTESIAN_POINT('Ctrl Pts',(-250.,15.1896070060089,0.299211899946718));
#9897=CARTESIAN_POINT('Ctrl Pts',(-300.,15.1896070060089,0.299211899946718));
#9898=CARTESIAN_POINT('Ctrl Pts',(-250.,9.40209417901301,0.332464668038104));
#9899=CARTESIAN_POINT('Ctrl Pts',(-300.,9.40209417901301,0.332464668038104));
#9900=CARTESIAN_POINT('Ctrl Pts',(-250.,4.33212847308051,0.179987024862088));
#9901=CARTESIAN_POINT('Ctrl Pts',(-300.,4.33212847308051,0.179987024862088));
#9902=CARTESIAN_POINT('Ctrl Pts',(-250.,0.033162725479676,-0.298161422116848));
#9903=CARTESIAN_POINT('Ctrl Pts',(-300.,0.033162725479676,-0.298161422116848));
#9904=CARTESIAN_POINT('Ctrl Pts',(-251.363278043851,73.8755968762423,0.356436611898386));
#9905=CARTESIAN_POINT('Ctrl Pts',(-253.675403736516,71.5634711835772,0.36754700390769));
#9906=CARTESIAN_POINT('Ctrl Pts',(-255.923238176539,69.3156367435541,0.374671211259587));
#9907=CARTESIAN_POINT('Ctrl Pts',(-258.208775525319,67.030099394774,0.376589018256396));
#9908=CARTESIAN_POINT('Ctrl Pts',(-250.,129.970251284945,-0.298521379389366));
#9909=CARTESIAN_POINT('Ctrl Pts',(-300.,129.970251284945,-0.298521379389366));
#9910=CARTESIAN_POINT('Ctrl Pts',(-250.,127.821178381036,-0.0843586363972041));
#9911=CARTESIAN_POINT('Ctrl Pts',(-300.,127.821178381036,-0.0843586363972041));
#9912=CARTESIAN_POINT('Ctrl Pts',(-250.,125.44942897596,0.0708512496739876));
#9913=CARTESIAN_POINT('Ctrl Pts',(-300.,125.44942897596,0.0708512496739876));
#9914=CARTESIAN_POINT('Ctrl Pts',(-250.,122.857191611518,0.169553679294171));
#9915=CARTESIAN_POINT('Ctrl Pts',(-300.,122.857191611518,0.169553679294171));
#9916=CARTESIAN_POINT('Ctrl Pts',(-250.,117.348295030699,0.379311274995765));
#9917=CARTESIAN_POINT('Ctrl Pts',(-300.,117.348295030699,0.379311274995765));
#9918=CARTESIAN_POINT('Ctrl Pts',(-250.,110.804902191224,0.310171112332585));
#9919=CARTESIAN_POINT('Ctrl Pts',(-300.,110.804902191224,0.310171112332585));
#9920=CARTESIAN_POINT('Ctrl Pts',(-250.,103.63110756365,0.269031200647877));
#9921=CARTESIAN_POINT('Ctrl Pts',(-300.,103.63110756365,0.269031200647877));
#9922=CARTESIAN_POINT('Ctrl Pts',(-250.,96.5195798998103,0.228248374372209));
#9923=CARTESIAN_POINT('Ctrl Pts',(-300.,96.5195798998103,0.228248374372209));
#9924=CARTESIAN_POINT('Ctrl Pts',(-250.,88.8249031762286,0.260812732162557));
#9925=CARTESIAN_POINT('Ctrl Pts',(-300.,88.8249031762286,0.260812732162557));
#9926=CARTESIAN_POINT('Ctrl Pts',(-250.,80.7306584417594,0.315364165057397));
#9927=CARTESIAN_POINT('Ctrl Pts',(-300.,80.7306584417594,0.315364165057397));
#9928=CARTESIAN_POINT('Ctrl Pts',(-250.,72.5542442910268,0.370469381479219));
#9929=CARTESIAN_POINT('Ctrl Pts',(-300.,72.5542442910268,0.370469381479219));
#9930=CARTESIAN_POINT('Ctrl Pts',(-250.,63.9297655883391,0.39999932465088));
#9931=CARTESIAN_POINT('Ctrl Pts',(-300.,63.9297655883391,0.39999932465088));
#9932=CARTESIAN_POINT('Ctrl Pts',(-250.,55.5854709052008,0.339844747816719));
#9933=CARTESIAN_POINT('Ctrl Pts',(-300.,55.5854709052008,0.339844747816719));
#9934=CARTESIAN_POINT('Ctrl Pts',(-250.,47.9679890437658,0.284929813083831));
#9935=CARTESIAN_POINT('Ctrl Pts',(-300.,47.9679890437658,0.284929813083831));
#9936=CARTESIAN_POINT('Ctrl Pts',(-250.,40.645180412424,0.166054400624985));
#9937=CARTESIAN_POINT('Ctrl Pts',(-300.,40.645180412424,0.166054400624985));
#9938=CARTESIAN_POINT('Ctrl Pts',(-250.,33.8546991145552,0.150354028309038));
#9939=CARTESIAN_POINT('Ctrl Pts',(-300.,33.8546991145552,0.150354028309038));
#9940=CARTESIAN_POINT('Ctrl Pts',(-250.,27.0986267060838,0.13473321329556));
#9941=CARTESIAN_POINT('Ctrl Pts',(-300.,27.0986267060838,0.13473321329556));
#9942=CARTESIAN_POINT('Ctrl Pts',(-250.,20.8198777682791,0.266862582796839));
#9943=CARTESIAN_POINT('Ctrl Pts',(-300.,20.8198777682791,0.266862582796839));
#9944=CARTESIAN_POINT('Ctrl Pts',(-250.,15.1896070060089,0.299211899946718));
#9945=CARTESIAN_POINT('Ctrl Pts',(-300.,15.1896070060089,0.299211899946718));
#9946=CARTESIAN_POINT('Ctrl Pts',(-250.,9.40209417901301,0.332464668038104));
#9947=CARTESIAN_POINT('Ctrl Pts',(-300.,9.40209417901301,0.332464668038104));
#9948=CARTESIAN_POINT('Ctrl Pts',(-250.,4.33212847308051,0.179987024862088));
#9949=CARTESIAN_POINT('Ctrl Pts',(-300.,4.33212847308051,0.179987024862088));
#9950=CARTESIAN_POINT('Ctrl Pts',(-250.,0.033162725479676,-0.298161422116848));
#9951=CARTESIAN_POINT('Ctrl Pts',(-300.,0.033162725479676,-0.298161422116848));
#9952=CARTESIAN_POINT('',(-271.933861263235,53.3050136372999,0.321805017000139));
#9953=CARTESIAN_POINT('Ctrl Pts',(-266.281158545214,58.957716374879,0.360351577345772));
#9954=CARTESIAN_POINT('Ctrl Pts',(-268.129194302087,57.1096806180064,0.351270016047513));
#9955=CARTESIAN_POINT('Ctrl Pts',(-269.990682742885,55.2481921772077,0.338476869920964));
#9956=CARTESIAN_POINT('Ctrl Pts',(-271.933861272996,53.305013647097,0.321805012793709));
#9957=CARTESIAN_POINT('Ctrl Pts',(-272.075282636082,53.3050136286272,0.321805015184525));
#9958=CARTESIAN_POINT('Ctrl Pts',(-272.028142178467,53.305013628622,0.32180501518343));
#9959=CARTESIAN_POINT('Ctrl Pts',(-271.981001720851,53.305013637306,0.321805017001424));
#9960=CARTESIAN_POINT('Ctrl Pts',(-271.933861263235,53.3050136372999,0.321805017000139));
#9961=CARTESIAN_POINT('Ctrl Pts',(-250.,129.970251284945,-0.298521379389366));
#9962=CARTESIAN_POINT('Ctrl Pts',(-300.,129.970251284945,-0.298521379389366));
#9963=CARTESIAN_POINT('Ctrl Pts',(-250.,127.821178381036,-0.0843586363972041));
#9964=CARTESIAN_POINT('Ctrl Pts',(-300.,127.821178381036,-0.0843586363972041));
#9965=CARTESIAN_POINT('Ctrl Pts',(-250.,125.44942897596,0.0708512496739876));
#9966=CARTESIAN_POINT('Ctrl Pts',(-300.,125.44942897596,0.0708512496739876));
#9967=CARTESIAN_POINT('Ctrl Pts',(-250.,122.857191611518,0.169553679294171));
#9968=CARTESIAN_POINT('Ctrl Pts',(-300.,122.857191611518,0.169553679294171));
#9969=CARTESIAN_POINT('Ctrl Pts',(-250.,117.348295030699,0.379311274995765));
#9970=CARTESIAN_POINT('Ctrl Pts',(-300.,117.348295030699,0.379311274995765));
#9971=CARTESIAN_POINT('Ctrl Pts',(-250.,110.804902191224,0.310171112332585));
#9972=CARTESIAN_POINT('Ctrl Pts',(-300.,110.804902191224,0.310171112332585));
#9973=CARTESIAN_POINT('Ctrl Pts',(-250.,103.63110756365,0.269031200647877));
#9974=CARTESIAN_POINT('Ctrl Pts',(-300.,103.63110756365,0.269031200647877));
#9975=CARTESIAN_POINT('Ctrl Pts',(-250.,96.5195798998103,0.228248374372209));
#9976=CARTESIAN_POINT('Ctrl Pts',(-300.,96.5195798998103,0.228248374372209));
#9977=CARTESIAN_POINT('Ctrl Pts',(-250.,88.8249031762286,0.260812732162557));
#9978=CARTESIAN_POINT('Ctrl Pts',(-300.,88.8249031762286,0.260812732162557));
#9979=CARTESIAN_POINT('Ctrl Pts',(-250.,80.7306584417594,0.315364165057397));
#9980=CARTESIAN_POINT('Ctrl Pts',(-300.,80.7306584417594,0.315364165057397));
#9981=CARTESIAN_POINT('Ctrl Pts',(-250.,72.5542442910268,0.370469381479219));
#9982=CARTESIAN_POINT('Ctrl Pts',(-300.,72.5542442910268,0.370469381479219));
#9983=CARTESIAN_POINT('Ctrl Pts',(-250.,63.9297655883391,0.39999932465088));
#9984=CARTESIAN_POINT('Ctrl Pts',(-300.,63.9297655883391,0.39999932465088));
#9985=CARTESIAN_POINT('Ctrl Pts',(-250.,55.5854709052008,0.339844747816719));
#9986=CARTESIAN_POINT('Ctrl Pts',(-300.,55.5854709052008,0.339844747816719));
#9987=CARTESIAN_POINT('Ctrl Pts',(-250.,47.9679890437658,0.284929813083831));
#9988=CARTESIAN_POINT('Ctrl Pts',(-300.,47.9679890437658,0.284929813083831));
#9989=CARTESIAN_POINT('Ctrl Pts',(-250.,40.645180412424,0.166054400624985));
#9990=CARTESIAN_POINT('Ctrl Pts',(-300.,40.645180412424,0.166054400624985));
#9991=CARTESIAN_POINT('Ctrl Pts',(-250.,33.8546991145552,0.150354028309038));
#9992=CARTESIAN_POINT('Ctrl Pts',(-300.,33.8546991145552,0.150354028309038));
#9993=CARTESIAN_POINT('Ctrl Pts',(-250.,27.0986267060838,0.13473321329556));
#9994=CARTESIAN_POINT('Ctrl Pts',(-300.,27.0986267060838,0.13473321329556));
#9995=CARTESIAN_POINT('Ctrl Pts',(-250.,20.8198777682791,0.266862582796839));
#9996=CARTESIAN_POINT('Ctrl Pts',(-300.,20.8198777682791,0.266862582796839));
#9997=CARTESIAN_POINT('Ctrl Pts',(-250.,15.1896070060089,0.299211899946718));
#9998=CARTESIAN_POINT('Ctrl Pts',(-300.,15.1896070060089,0.299211899946718));
#9999=CARTESIAN_POINT('Ctrl Pts',(-250.,9.40209417901301,0.332464668038104));
#10000=CARTESIAN_POINT('Ctrl Pts',(-300.,9.40209417901301,0.332464668038104));
#10001=CARTESIAN_POINT('Ctrl Pts',(-250.,4.33212847308051,0.179987024862088));
#10002=CARTESIAN_POINT('Ctrl Pts',(-300.,4.33212847308051,0.179987024862088));
#10003=CARTESIAN_POINT('Ctrl Pts',(-250.,0.033162725479676,-0.298161422116848));
#10004=CARTESIAN_POINT('Ctrl Pts',(-300.,0.033162725479676,-0.298161422116848));
#10005=CARTESIAN_POINT('Ctrl Pts',(-253.289770242543,58.9577163748812,0.360351577345909));
#10006=CARTESIAN_POINT('Ctrl Pts',(-252.203015049469,57.8709611818065,0.355011077918291));
#10007=CARTESIAN_POINT('Ctrl Pts',(-251.109742296203,56.7776884285407,0.348378580925753));
#10008=CARTESIAN_POINT('Ctrl Pts',(-250.,55.6679461323378,0.340437135103541));
#10009=CARTESIAN_POINT('Ctrl Pts',(-250.,55.5265247761004,0.339418689029622));
#10010=CARTESIAN_POINT('Ctrl Pts',(-251.158221576696,56.6847463527959,0.347812072663211));
#10011=CARTESIAN_POINT('Ctrl Pts',(-252.298142884225,57.8246676603252,0.354783583698376));
#10012=CARTESIAN_POINT('Ctrl Pts',(-253.431191598781,58.9577163748812,0.360351577346));
#10013=CARTESIAN_POINT('Origin',(-250.,22.1211806278405,0.82247377802435));
#10014=CARTESIAN_POINT('',(-270.142955281388,25.6694800574887,0.181489164152377));
#10015=CARTESIAN_POINT('',(-270.001533925151,25.6694800574888,0.18148916415239));
#10016=CARTESIAN_POINT('Ctrl Pts',(-270.142955281388,25.6694800574887,0.181489164152377));
#10017=CARTESIAN_POINT('Ctrl Pts',(-270.095814829309,25.6694800574887,0.181489164152376));
#10018=CARTESIAN_POINT('Ctrl Pts',(-270.04867437723,25.6694800574888,0.18148916415239));
#10019=CARTESIAN_POINT('Ctrl Pts',(-270.001533925151,25.6694800574888,0.18148916415239));
#10020=CARTESIAN_POINT('',(-262.890413054027,18.5583591863649,0.267862658571425));
#10021=CARTESIAN_POINT('Origin',(-266.453234495503,22.1211806278405,0.82247377802435));
#10022=CARTESIAN_POINT('',(-263.031834410264,18.5583591863648,0.267862658571447));
#10023=CARTESIAN_POINT('Ctrl Pts',(-262.890413054027,18.5583591863649,0.267862658571425));
#10024=CARTESIAN_POINT('Ctrl Pts',(-262.937553506106,18.5583591863649,0.267862658571426));
#10025=CARTESIAN_POINT('Ctrl Pts',(-262.984693958185,18.5583591863648,0.267862658571447));
#10026=CARTESIAN_POINT('Ctrl Pts',(-263.031834410264,18.5583591863648,0.267862658571447));
#10027=CARTESIAN_POINT('Origin',(-266.59465585174,22.1211806278405,0.82247377802435));
#10028=CARTESIAN_POINT('Origin',(-250.,22.1211806278405,0.82247377802435));
#10029=CARTESIAN_POINT('',(-256.680515733727,18.5583591863652,0.26786265857137));
#10030=CARTESIAN_POINT('Origin',(-253.117694292253,22.1211806278405,0.82247377802435));
#10031=CARTESIAN_POINT('',(-256.821937089965,18.5583591863651,0.267862658571388));
#10032=CARTESIAN_POINT('Ctrl Pts',(-256.680515733727,18.5583591863652,0.26786265857137));
#10033=CARTESIAN_POINT('Ctrl Pts',(-256.727656185806,18.5583591863652,0.26786265857137));
#10034=CARTESIAN_POINT('Ctrl Pts',(-256.774796637886,18.5583591863651,0.267862658571388));
#10035=CARTESIAN_POINT('Ctrl Pts',(-256.821937089965,18.5583591863651,0.267862658571388));
#10036=CARTESIAN_POINT('Origin',(-253.25911564849,22.1211806278405,0.82247377802435));
#10037=CARTESIAN_POINT('Origin',(-250.,22.1211806278405,0.82247377802435));
#10038=CARTESIAN_POINT('',(-274.710816218841,25.6694800574889,0.18148916415241));
#10039=CARTESIAN_POINT('',(-274.569394862604,25.6694800574888,0.181489164152395));
#10040=CARTESIAN_POINT('Ctrl Pts',(-274.710816218841,25.6694800574889,0.18148916415241));
#10041=CARTESIAN_POINT('Ctrl Pts',(-274.663675766762,25.6694800574889,0.18148916415241));
#10042=CARTESIAN_POINT('Ctrl Pts',(-274.616535314683,25.6694800574888,0.181489164152395));
#10043=CARTESIAN_POINT('Ctrl Pts',(-274.569394862604,25.6694800574888,0.181489164152395));
#10044=CARTESIAN_POINT('',(-281.680515733727,18.5583591863653,0.267862658571355));
#10045=CARTESIAN_POINT('Origin',(-278.117694292253,22.1211806278405,0.82247377802435));
#10046=CARTESIAN_POINT('',(-281.821937089964,18.5583591863653,0.267862658571355));
#10047=CARTESIAN_POINT('Ctrl Pts',(-281.680515733727,18.5583591863653,0.267862658571355));
#10048=CARTESIAN_POINT('Ctrl Pts',(-281.727656185806,18.5583591863653,0.267862658571355));
#10049=CARTESIAN_POINT('Ctrl Pts',(-281.774796637885,18.5583591863655,0.267862658571328));
#10050=CARTESIAN_POINT('Ctrl Pts',(-281.821937089964,18.5583591863653,0.267862658571355));
#10051=CARTESIAN_POINT('Origin',(-278.25911564849,22.1211806278405,0.82247377802435));
#10052=CARTESIAN_POINT('Origin',(-284.856175071996,15.5241212043342,0.));
#10053=CARTESIAN_POINT('Ctrl Pts',(-283.314666073042,17.0656302032888,0.284248598025414));
#10054=CARTESIAN_POINT('Ctrl Pts',(-282.825570435277,17.5547258410539,0.279412697105735));
#10055=CARTESIAN_POINT('Ctrl Pts',(-282.328381277214,18.0519149991161,0.27388291675547));
#10056=CARTESIAN_POINT('Ctrl Pts',(-281.821937089965,18.5583591863657,0.267862658571466));
#10057=CARTESIAN_POINT('',(-272.426885750115,27.9534105262155,0.162667217445554));
#10058=CARTESIAN_POINT('',(-272.426885750115,27.9534105262155,0.));
#10059=CARTESIAN_POINT('Ctrl Pts',(-274.710816218841,25.6694800574894,0.181489164152329));
#10060=CARTESIAN_POINT('Ctrl Pts',(-273.971324310137,26.4089719661935,0.174265001248966));
#10061=CARTESIAN_POINT('Ctrl Pts',(-273.210714034728,27.1695822416026,0.167850726695638));
#10062=CARTESIAN_POINT('Ctrl Pts',(-272.426885750115,27.9534105262155,0.162667217445554));
#10063=CARTESIAN_POINT('Origin',(-259.926885750115,15.4534105262155,0.));
#10064=CARTESIAN_POINT('',(-259.926885750115,15.4534105262155,0.297603021164891));
#10065=CARTESIAN_POINT('Ctrl Pts',(-259.926885750115,15.4534105262155,0.297603021164891));
#10066=CARTESIAN_POINT('Ctrl Pts',(-260.94357161734,16.4700963934403,0.291050148496027));
#10067=CARTESIAN_POINT('Ctrl Pts',(-261.973253401397,17.4997781774973,0.280446337370666));
#10068=CARTESIAN_POINT('Ctrl Pts',(-263.031834410264,18.5583591863648,0.267862658571476));
#10069=CARTESIAN_POINT('',(-259.926885750115,15.4534105262155,0.));
#10070=CARTESIAN_POINT('',(-272.356175071996,27.8826998480968,0.163138567016553));
#10071=CARTESIAN_POINT('',(-272.356175071996,27.8826998480968,0.));
#10072=CARTESIAN_POINT('Ctrl Pts',(-270.142955281388,25.669480057489,0.181489164152333));
#10073=CARTESIAN_POINT('Ctrl Pts',(-270.859264197794,26.3857889738946,0.174491477983848));
#10074=CARTESIAN_POINT('Ctrl Pts',(-271.595999817696,27.1225245937967,0.168245920434975));
#10075=CARTESIAN_POINT('Ctrl Pts',(-272.356175071996,27.8826998480967,0.163138567016553));
#10076=CARTESIAN_POINT('Ctrl Pts',(-250.,129.970251284945,-0.298521379389366));
#10077=CARTESIAN_POINT('Ctrl Pts',(-300.,129.970251284945,-0.298521379389366));
#10078=CARTESIAN_POINT('Ctrl Pts',(-250.,127.821178381036,-0.0843586363972041));
#10079=CARTESIAN_POINT('Ctrl Pts',(-300.,127.821178381036,-0.0843586363972041));
#10080=CARTESIAN_POINT('Ctrl Pts',(-250.,125.44942897596,0.0708512496739876));
#10081=CARTESIAN_POINT('Ctrl Pts',(-300.,125.44942897596,0.0708512496739876));
#10082=CARTESIAN_POINT('Ctrl Pts',(-250.,122.857191611518,0.169553679294171));
#10083=CARTESIAN_POINT('Ctrl Pts',(-300.,122.857191611518,0.169553679294171));
#10084=CARTESIAN_POINT('Ctrl Pts',(-250.,117.348295030699,0.379311274995765));
#10085=CARTESIAN_POINT('Ctrl Pts',(-300.,117.348295030699,0.379311274995765));
#10086=CARTESIAN_POINT('Ctrl Pts',(-250.,110.804902191224,0.310171112332585));
#10087=CARTESIAN_POINT('Ctrl Pts',(-300.,110.804902191224,0.310171112332585));
#10088=CARTESIAN_POINT('Ctrl Pts',(-250.,103.63110756365,0.269031200647877));
#10089=CARTESIAN_POINT('Ctrl Pts',(-300.,103.63110756365,0.269031200647877));
#10090=CARTESIAN_POINT('Ctrl Pts',(-250.,96.5195798998103,0.228248374372209));
#10091=CARTESIAN_POINT('Ctrl Pts',(-300.,96.5195798998103,0.228248374372209));
#10092=CARTESIAN_POINT('Ctrl Pts',(-250.,88.8249031762286,0.260812732162557));
#10093=CARTESIAN_POINT('Ctrl Pts',(-300.,88.8249031762286,0.260812732162557));
#10094=CARTESIAN_POINT('Ctrl Pts',(-250.,80.7306584417594,0.315364165057397));
#10095=CARTESIAN_POINT('Ctrl Pts',(-300.,80.7306584417594,0.315364165057397));
#10096=CARTESIAN_POINT('Ctrl Pts',(-250.,72.5542442910268,0.370469381479219));
#10097=CARTESIAN_POINT('Ctrl Pts',(-300.,72.5542442910268,0.370469381479219));
#10098=CARTESIAN_POINT('Ctrl Pts',(-250.,63.9297655883391,0.39999932465088));
#10099=CARTESIAN_POINT('Ctrl Pts',(-300.,63.9297655883391,0.39999932465088));
#10100=CARTESIAN_POINT('Ctrl Pts',(-250.,55.5854709052008,0.339844747816719));
#10101=CARTESIAN_POINT('Ctrl Pts',(-300.,55.5854709052008,0.339844747816719));
#10102=CARTESIAN_POINT('Ctrl Pts',(-250.,47.9679890437658,0.284929813083831));
#10103=CARTESIAN_POINT('Ctrl Pts',(-300.,47.9679890437658,0.284929813083831));
#10104=CARTESIAN_POINT('Ctrl Pts',(-250.,40.645180412424,0.166054400624985));
#10105=CARTESIAN_POINT('Ctrl Pts',(-300.,40.645180412424,0.166054400624985));
#10106=CARTESIAN_POINT('Ctrl Pts',(-250.,33.8546991145552,0.150354028309038));
#10107=CARTESIAN_POINT('Ctrl Pts',(-300.,33.8546991145552,0.150354028309038));
#10108=CARTESIAN_POINT('Ctrl Pts',(-250.,27.0986267060838,0.13473321329556));
#10109=CARTESIAN_POINT('Ctrl Pts',(-300.,27.0986267060838,0.13473321329556));
#10110=CARTESIAN_POINT('Ctrl Pts',(-250.,20.8198777682791,0.266862582796839));
#10111=CARTESIAN_POINT('Ctrl Pts',(-300.,20.8198777682791,0.266862582796839));
#10112=CARTESIAN_POINT('Ctrl Pts',(-250.,15.1896070060089,0.299211899946718));
#10113=CARTESIAN_POINT('Ctrl Pts',(-300.,15.1896070060089,0.299211899946718));
#10114=CARTESIAN_POINT('Ctrl Pts',(-250.,9.40209417901301,0.332464668038104));
#10115=CARTESIAN_POINT('Ctrl Pts',(-300.,9.40209417901301,0.332464668038104));
#10116=CARTESIAN_POINT('Ctrl Pts',(-250.,4.33212847308051,0.179987024862088));
#10117=CARTESIAN_POINT('Ctrl Pts',(-300.,4.33212847308051,0.179987024862088));
#10118=CARTESIAN_POINT('Ctrl Pts',(-250.,0.033162725479676,-0.298161422116848));
#10119=CARTESIAN_POINT('Ctrl Pts',(-300.,0.033162725479676,-0.298161422116848));
#10120=CARTESIAN_POINT('',(-259.856175071996,15.5241212043342,0.297140857780786));
#10121=CARTESIAN_POINT('Ctrl Pts',(-262.890413054027,18.558359186365,0.267862658571474));
#10122=CARTESIAN_POINT('Ctrl Pts',(-261.855824195157,17.5237703274948,0.280161135287178));
#10123=CARTESIAN_POINT('Ctrl Pts',(-260.849297304442,16.51724343678,0.290560274458899));
#10124=CARTESIAN_POINT('Ctrl Pts',(-259.856175071996,15.5241212043342,0.297140857780786));
#10125=CARTESIAN_POINT('Ctrl Pts',(-259.856175071996,15.5241212043342,0.297140857780786));
#10126=CARTESIAN_POINT('Ctrl Pts',(-258.852493960783,16.5278023155473,0.290490309675871));
#10127=CARTESIAN_POINT('Ctrl Pts',(-257.847531618371,17.5327646579599,0.280054216908105));
#10128=CARTESIAN_POINT('Ctrl Pts',(-256.821937089965,18.5583591863657,0.267862658571467));
#10129=CARTESIAN_POINT('',(-259.785464393878,15.4534105262155,0.297603021164891));
#10130=CARTESIAN_POINT('Ctrl Pts',(-256.680515733727,18.5583591863658,0.267862658571464));
#10131=CARTESIAN_POINT('Ctrl Pts',(-257.729846284459,17.5090286356342,0.280336374322998));
#10132=CARTESIAN_POINT('Ctrl Pts',(-258.757653937321,16.4812209827723,0.290978446882249));
#10133=CARTESIAN_POINT('Ctrl Pts',(-259.785464393878,15.4534105262155,0.297603021164891));
#10134=CARTESIAN_POINT('Ctrl Pts',(-259.785464393878,15.4534105262154,0.297603021164891));
#10135=CARTESIAN_POINT('Ctrl Pts',(-256.574379995177,12.2423261275153,0.318299509502132));
#10136=CARTESIAN_POINT('Ctrl Pts',(-253.252702343979,8.9206484763173,0.299512532684542));
#10137=CARTESIAN_POINT('Ctrl Pts',(-250.,5.66794613233792,0.140535465139581));
#10138=CARTESIAN_POINT('',(-259.856175071996,15.3826998480968,0.298052297862426));
#10139=CARTESIAN_POINT('Ctrl Pts',(-250.,5.5265247761006,0.133534323971299));
#10140=CARTESIAN_POINT('Ctrl Pts',(-253.27612083109,8.80264560719079,0.297792564074714));
#10141=CARTESIAN_POINT('Ctrl Pts',(-256.619375903134,12.1459006792344,0.318320046863271));
#10142=CARTESIAN_POINT('Ctrl Pts',(-259.856175071996,15.3826998480968,0.298052297862425));
#10143=CARTESIAN_POINT('Ctrl Pts',(-259.856175071996,15.3826998480968,0.298052297862426));
#10144=CARTESIAN_POINT('Ctrl Pts',(-263.331330290997,11.9075446290962,0.31981255237412));
#10145=CARTESIAN_POINT('Ctrl Pts',(-266.923285472341,8.3155894477525,0.294703455196124));
#10146=CARTESIAN_POINT('Ctrl Pts',(-270.443689280461,4.7951856396318,0.0944197049716126));
#10147=CARTESIAN_POINT('Ctrl Pts',(-270.536452804829,4.84384347150165,0.0971767318602394));
#10148=CARTESIAN_POINT('Ctrl Pts',(-267.008494997182,8.37180127914819,0.296263148084793));
#10149=CARTESIAN_POINT('Ctrl Pts',(-263.406200677048,11.9740955992828,0.320028342914765));
#10150=CARTESIAN_POINT('Ctrl Pts',(-259.926885750115,15.4534105262155,0.297603021164891));
#10151=CARTESIAN_POINT('Ctrl Pts',(-250.,129.970251284945,-0.298521379389366));
#10152=CARTESIAN_POINT('Ctrl Pts',(-300.,129.970251284945,-0.298521379389366));
#10153=CARTESIAN_POINT('Ctrl Pts',(-250.,127.821178381036,-0.0843586363972041));
#10154=CARTESIAN_POINT('Ctrl Pts',(-300.,127.821178381036,-0.0843586363972041));
#10155=CARTESIAN_POINT('Ctrl Pts',(-250.,125.44942897596,0.0708512496739876));
#10156=CARTESIAN_POINT('Ctrl Pts',(-300.,125.44942897596,0.0708512496739876));
#10157=CARTESIAN_POINT('Ctrl Pts',(-250.,122.857191611518,0.169553679294171));
#10158=CARTESIAN_POINT('Ctrl Pts',(-300.,122.857191611518,0.169553679294171));
#10159=CARTESIAN_POINT('Ctrl Pts',(-250.,117.348295030699,0.379311274995765));
#10160=CARTESIAN_POINT('Ctrl Pts',(-300.,117.348295030699,0.379311274995765));
#10161=CARTESIAN_POINT('Ctrl Pts',(-250.,110.804902191224,0.310171112332585));
#10162=CARTESIAN_POINT('Ctrl Pts',(-300.,110.804902191224,0.310171112332585));
#10163=CARTESIAN_POINT('Ctrl Pts',(-250.,103.63110756365,0.269031200647877));
#10164=CARTESIAN_POINT('Ctrl Pts',(-300.,103.63110756365,0.269031200647877));
#10165=CARTESIAN_POINT('Ctrl Pts',(-250.,96.5195798998103,0.228248374372209));
#10166=CARTESIAN_POINT('Ctrl Pts',(-300.,96.5195798998103,0.228248374372209));
#10167=CARTESIAN_POINT('Ctrl Pts',(-250.,88.8249031762286,0.260812732162557));
#10168=CARTESIAN_POINT('Ctrl Pts',(-300.,88.8249031762286,0.260812732162557));
#10169=CARTESIAN_POINT('Ctrl Pts',(-250.,80.7306584417594,0.315364165057397));
#10170=CARTESIAN_POINT('Ctrl Pts',(-300.,80.7306584417594,0.315364165057397));
#10171=CARTESIAN_POINT('Ctrl Pts',(-250.,72.5542442910268,0.370469381479219));
#10172=CARTESIAN_POINT('Ctrl Pts',(-300.,72.5542442910268,0.370469381479219));
#10173=CARTESIAN_POINT('Ctrl Pts',(-250.,63.9297655883391,0.39999932465088));
#10174=CARTESIAN_POINT('Ctrl Pts',(-300.,63.9297655883391,0.39999932465088));
#10175=CARTESIAN_POINT('Ctrl Pts',(-250.,55.5854709052008,0.339844747816719));
#10176=CARTESIAN_POINT('Ctrl Pts',(-300.,55.5854709052008,0.339844747816719));
#10177=CARTESIAN_POINT('Ctrl Pts',(-250.,47.9679890437658,0.284929813083831));
#10178=CARTESIAN_POINT('Ctrl Pts',(-300.,47.9679890437658,0.284929813083831));
#10179=CARTESIAN_POINT('Ctrl Pts',(-250.,40.645180412424,0.166054400624985));
#10180=CARTESIAN_POINT('Ctrl Pts',(-300.,40.645180412424,0.166054400624985));
#10181=CARTESIAN_POINT('Ctrl Pts',(-250.,33.8546991145552,0.150354028309038));
#10182=CARTESIAN_POINT('Ctrl Pts',(-300.,33.8546991145552,0.150354028309038));
#10183=CARTESIAN_POINT('Ctrl Pts',(-250.,27.0986267060838,0.13473321329556));
#10184=CARTESIAN_POINT('Ctrl Pts',(-300.,27.0986267060838,0.13473321329556));
#10185=CARTESIAN_POINT('Ctrl Pts',(-250.,20.8198777682791,0.266862582796839));
#10186=CARTESIAN_POINT('Ctrl Pts',(-300.,20.8198777682791,0.266862582796839));
#10187=CARTESIAN_POINT('Ctrl Pts',(-250.,15.1896070060089,0.299211899946718));
#10188=CARTESIAN_POINT('Ctrl Pts',(-300.,15.1896070060089,0.299211899946718));
#10189=CARTESIAN_POINT('Ctrl Pts',(-250.,9.40209417901301,0.332464668038104));
#10190=CARTESIAN_POINT('Ctrl Pts',(-300.,9.40209417901301,0.332464668038104));
#10191=CARTESIAN_POINT('Ctrl Pts',(-250.,4.33212847308051,0.179987024862088));
#10192=CARTESIAN_POINT('Ctrl Pts',(-300.,4.33212847308051,0.179987024862088));
#10193=CARTESIAN_POINT('Ctrl Pts',(-250.,0.033162725479676,-0.298161422116848));
#10194=CARTESIAN_POINT('Ctrl Pts',(-300.,0.033162725479676,-0.298161422116848));
#10195=CARTESIAN_POINT('',(-273.549133120725,29.0756578968256,0.15620146829763));
#10196=CARTESIAN_POINT('Ctrl Pts',(-272.426885750115,27.9534105262155,0.162667217445554));
#10197=CARTESIAN_POINT('Ctrl Pts',(-272.804333287634,28.3308580637346,0.1601711314525));
#10198=CARTESIAN_POINT('Ctrl Pts',(-273.178233338023,28.7047581141231,0.158018747229141));
#10199=CARTESIAN_POINT('Ctrl Pts',(-273.549133117766,29.0756578938664,0.156201468312123));
#10200=CARTESIAN_POINT('',(-273.407711764488,29.0756578968256,0.156201468297631));
#10201=CARTESIAN_POINT('Ctrl Pts',(-273.407711764488,29.0756578968256,0.156201468297631));
#10202=CARTESIAN_POINT('Ctrl Pts',(-273.454852216567,29.0756578968256,0.156201468297631));
#10203=CARTESIAN_POINT('Ctrl Pts',(-273.501992668646,29.0756578968256,0.15620146829763));
#10204=CARTESIAN_POINT('Ctrl Pts',(-273.549133120725,29.0756578968256,0.15620146829763));
#10205=CARTESIAN_POINT('',(-272.356175071996,28.0241212043342,0.162203346270602));
#10206=CARTESIAN_POINT('Ctrl Pts',(-273.407711761547,29.0756578938852,0.156201468312029));
#10207=CARTESIAN_POINT('Ctrl Pts',(-273.059980278487,28.7279264108247,0.157905230696023));
#10208=CARTESIAN_POINT('Ctrl Pts',(-272.70961669285,28.3775628251876,0.159903454334138));
#10209=CARTESIAN_POINT('Ctrl Pts',(-272.356175071996,28.0241212043342,0.162203346270602));
#10210=CARTESIAN_POINT('',(-271.304638379505,29.0756578968256,0.156201468297623));
#10211=CARTESIAN_POINT('Ctrl Pts',(-272.356175071996,28.0241212043342,0.162203346270602));
#10212=CARTESIAN_POINT('Ctrl Pts',(-272.00273364648,28.3775626298502,0.159903455605225));
#10213=CARTESIAN_POINT('Ctrl Pts',(-271.652370060855,28.7279262154756,0.157905231651585));
#10214=CARTESIAN_POINT('Ctrl Pts',(-271.304638379513,29.0756578968175,0.156201468297661));
#10215=CARTESIAN_POINT('',(-271.163217023268,29.0756578968256,0.156201468297628));
#10216=CARTESIAN_POINT('Ctrl Pts',(-271.163217023268,29.0756578968256,0.156201468297628));
#10217=CARTESIAN_POINT('Ctrl Pts',(-271.210357475347,29.0756578968256,0.156201468297628));
#10218=CARTESIAN_POINT('Ctrl Pts',(-271.257497927426,29.0756578968256,0.156201468297623));
#10219=CARTESIAN_POINT('Ctrl Pts',(-271.304638379505,29.0756578968256,0.156201468297623));
#10220=CARTESIAN_POINT('',(-272.285464393878,27.9534105262155,0.162667217445554));
#10221=CARTESIAN_POINT('Ctrl Pts',(-271.163217023268,29.0756578968256,0.156201468297624));
#10222=CARTESIAN_POINT('Ctrl Pts',(-271.534117042406,28.7047578776873,0.158018748385893));
#10223=CARTESIAN_POINT('Ctrl Pts',(-271.908017092548,28.3308578275447,0.16017113301444));
#10224=CARTESIAN_POINT('Ctrl Pts',(-272.285464393878,27.9534105262155,0.162667217445554));
#10225=CARTESIAN_POINT('Ctrl Pts',(-272.285464393878,27.9534105262155,0.162667217445554));
#10226=CARTESIAN_POINT('Ctrl Pts',(-271.500291659475,27.1682377918129,0.167859617632668));
#10227=CARTESIAN_POINT('Ctrl Pts',(-270.740065671085,26.4080118034232,0.174274381165345));
#10228=CARTESIAN_POINT('Ctrl Pts',(-270.001533925151,25.6694800574891,0.181489164152331));
#10229=CARTESIAN_POINT('Ctrl Pts',(-272.356175071996,27.8826998480968,0.163138567016553));
#10230=CARTESIAN_POINT('Ctrl Pts',(-273.115050415942,27.1238245041507,0.168237186788947));
#10231=CARTESIAN_POINT('Ctrl Pts',(-273.852121714848,26.3867532052447,0.174482058321147));
#10232=CARTESIAN_POINT('Ctrl Pts',(-274.569394862604,25.6694800574892,0.181489164152331));
#10233=CARTESIAN_POINT('Ctrl Pts',(-250.,129.970251284945,-0.298521379389366));
#10234=CARTESIAN_POINT('Ctrl Pts',(-300.,129.970251284945,-0.298521379389366));
#10235=CARTESIAN_POINT('Ctrl Pts',(-250.,127.821178381036,-0.0843586363972041));
#10236=CARTESIAN_POINT('Ctrl Pts',(-300.,127.821178381036,-0.0843586363972041));
#10237=CARTESIAN_POINT('Ctrl Pts',(-250.,125.44942897596,0.0708512496739876));
#10238=CARTESIAN_POINT('Ctrl Pts',(-300.,125.44942897596,0.0708512496739876));
#10239=CARTESIAN_POINT('Ctrl Pts',(-250.,122.857191611518,0.169553679294171));
#10240=CARTESIAN_POINT('Ctrl Pts',(-300.,122.857191611518,0.169553679294171));
#10241=CARTESIAN_POINT('Ctrl Pts',(-250.,117.348295030699,0.379311274995765));
#10242=CARTESIAN_POINT('Ctrl Pts',(-300.,117.348295030699,0.379311274995765));
#10243=CARTESIAN_POINT('Ctrl Pts',(-250.,110.804902191224,0.310171112332585));
#10244=CARTESIAN_POINT('Ctrl Pts',(-300.,110.804902191224,0.310171112332585));
#10245=CARTESIAN_POINT('Ctrl Pts',(-250.,103.63110756365,0.269031200647877));
#10246=CARTESIAN_POINT('Ctrl Pts',(-300.,103.63110756365,0.269031200647877));
#10247=CARTESIAN_POINT('Ctrl Pts',(-250.,96.5195798998103,0.228248374372209));
#10248=CARTESIAN_POINT('Ctrl Pts',(-300.,96.5195798998103,0.228248374372209));
#10249=CARTESIAN_POINT('Ctrl Pts',(-250.,88.8249031762286,0.260812732162557));
#10250=CARTESIAN_POINT('Ctrl Pts',(-300.,88.8249031762286,0.260812732162557));
#10251=CARTESIAN_POINT('Ctrl Pts',(-250.,80.7306584417594,0.315364165057397));
#10252=CARTESIAN_POINT('Ctrl Pts',(-300.,80.7306584417594,0.315364165057397));
#10253=CARTESIAN_POINT('Ctrl Pts',(-250.,72.5542442910268,0.370469381479219));
#10254=CARTESIAN_POINT('Ctrl Pts',(-300.,72.5542442910268,0.370469381479219));
#10255=CARTESIAN_POINT('Ctrl Pts',(-250.,63.9297655883391,0.39999932465088));
#10256=CARTESIAN_POINT('Ctrl Pts',(-300.,63.9297655883391,0.39999932465088));
#10257=CARTESIAN_POINT('Ctrl Pts',(-250.,55.5854709052008,0.339844747816719));
#10258=CARTESIAN_POINT('Ctrl Pts',(-300.,55.5854709052008,0.339844747816719));
#10259=CARTESIAN_POINT('Ctrl Pts',(-250.,47.9679890437658,0.284929813083831));
#10260=CARTESIAN_POINT('Ctrl Pts',(-300.,47.9679890437658,0.284929813083831));
#10261=CARTESIAN_POINT('Ctrl Pts',(-250.,40.645180412424,0.166054400624985));
#10262=CARTESIAN_POINT('Ctrl Pts',(-300.,40.645180412424,0.166054400624985));
#10263=CARTESIAN_POINT('Ctrl Pts',(-250.,33.8546991145552,0.150354028309038));
#10264=CARTESIAN_POINT('Ctrl Pts',(-300.,33.8546991145552,0.150354028309038));
#10265=CARTESIAN_POINT('Ctrl Pts',(-250.,27.0986267060838,0.13473321329556));
#10266=CARTESIAN_POINT('Ctrl Pts',(-300.,27.0986267060838,0.13473321329556));
#10267=CARTESIAN_POINT('Ctrl Pts',(-250.,20.8198777682791,0.266862582796839));
#10268=CARTESIAN_POINT('Ctrl Pts',(-300.,20.8198777682791,0.266862582796839));
#10269=CARTESIAN_POINT('Ctrl Pts',(-250.,15.1896070060089,0.299211899946718));
#10270=CARTESIAN_POINT('Ctrl Pts',(-300.,15.1896070060089,0.299211899946718));
#10271=CARTESIAN_POINT('Ctrl Pts',(-250.,9.40209417901301,0.332464668038104));
#10272=CARTESIAN_POINT('Ctrl Pts',(-300.,9.40209417901301,0.332464668038104));
#10273=CARTESIAN_POINT('Ctrl Pts',(-250.,4.33212847308051,0.179987024862088));
#10274=CARTESIAN_POINT('Ctrl Pts',(-300.,4.33212847308051,0.179987024862088));
#10275=CARTESIAN_POINT('Ctrl Pts',(-250.,0.033162725479676,-0.298161422116848));
#10276=CARTESIAN_POINT('Ctrl Pts',(-300.,0.033162725479676,-0.298161422116848));
#10277=CARTESIAN_POINT('Ctrl Pts',(-281.680515733727,18.5583591863657,0.267862658571474));
#10278=CARTESIAN_POINT('Ctrl Pts',(-282.217070859329,18.0218040607639,0.274240854762483));
#10279=CARTESIAN_POINT('Ctrl Pts',(-282.743609956828,17.4952649632652,0.280073045530389));
#10280=CARTESIAN_POINT('Ctrl Pts',(-283.261566203838,16.9773087162552,0.285115151894412));
#10281=CARTESIAN_POINT('Origin',(-259.856175071996,15.5241212043342,0.));
#10282=CARTESIAN_POINT('',(-259.856175071996,15.5241212043342,-4.1004813018465));
#10283=CARTESIAN_POINT('',(-259.856175071996,15.5241212043342,0.));
#10284=CARTESIAN_POINT('Ctrl Pts',(-250.,25.3802962763305,-5.14506061242016));
#10285=CARTESIAN_POINT('Ctrl Pts',(-253.126610282212,22.2536859941182,-4.92916900178675));
#10286=CARTESIAN_POINT('Ctrl Pts',(-256.520324936387,18.8599713399439,-4.63032411176079));
#10287=CARTESIAN_POINT('Ctrl Pts',(-259.856175071996,15.5241212043342,-4.1004813018465));
#10288=CARTESIAN_POINT('Origin',(-250.,34.7593709969492,1.13430160469827));
#10289=CARTESIAN_POINT('',(-259.856175071996,40.3826998480967,-0.146107358560761));
#10290=CARTESIAN_POINT('Origin',(-254.232846220849,34.7593709969492,1.13430160469827));
#10291=CARTESIAN_POINT('Origin',(-265.479503923144,34.7593709969492,1.13430160469827));
#10292=CARTESIAN_POINT('',(-259.931355330029,40.4489409463038,0.190867307721981));
#10293=CARTESIAN_POINT('Origin',(-265.620925279381,34.7593709969492,1.13430160469827));
#10294=CARTESIAN_POINT('',(-259.780994813969,40.4489409463065,0.190867307722456));
#10295=CARTESIAN_POINT('Ctrl Pts',(-259.931355330029,40.4489409463038,0.190867307721981));
#10296=CARTESIAN_POINT('Ctrl Pts',(-259.881235158009,40.4489409463038,0.190867307721981));
#10297=CARTESIAN_POINT('Ctrl Pts',(-259.831114985989,40.4489409463065,0.190867307722456));
#10298=CARTESIAN_POINT('Ctrl Pts',(-259.780994813969,40.4489409463065,0.190867307722456));
#10299=CARTESIAN_POINT('Origin',(-254.091424864611,34.7593709969492,1.13430160469827));
#10300=CARTESIAN_POINT('Origin',(-250.,34.7593709969492,1.13430160469827));
#10301=CARTESIAN_POINT('Origin',(-279.091424864611,34.7593709969492,1.13430160469827));
#10302=CARTESIAN_POINT('Origin',(-279.232846220849,34.7593709969492,1.13430160469827));
#10303=CARTESIAN_POINT('Origin',(-281.3,34.7593709969492,1.13430160469827));
#10304=CARTESIAN_POINT('',(-281.3,36.8265247761004,0.567150802349136));
#10305=CARTESIAN_POINT('',(-281.3,36.9679461323379,0.567150802349136));
#10306=CARTESIAN_POINT('Origin',(-250.,48.8211750097902,1.2669601331213));
#10307=CARTESIAN_POINT('',(-255.881291862583,44.3575830575102,0.230391885761099));
#10308=CARTESIAN_POINT('Origin',(-251.417699910303,48.8211750097902,1.2669601331213));
#10309=CARTESIAN_POINT('',(-256.02271321882,44.3575830575102,0.230391885761095));
#10310=CARTESIAN_POINT('Ctrl Pts',(-255.881291862583,44.3575830575102,0.230391885761099));
#10311=CARTESIAN_POINT('Ctrl Pts',(-255.928432314662,44.3575830575102,0.230391885761099));
#10312=CARTESIAN_POINT('Ctrl Pts',(-255.975572766741,44.3575830575102,0.230391885761095));
#10313=CARTESIAN_POINT('Ctrl Pts',(-256.02271321882,44.3575830575102,0.230391885761095));
#10314=CARTESIAN_POINT('Origin',(-251.55912126654,48.8211750097902,1.2669601331213));
#10315=CARTESIAN_POINT('Origin',(-250.,48.8211750097902,1.2669601331213));
#10316=CARTESIAN_POINT('',(-272.285464393878,52.9534105262154,-0.713634849374565));
#10317=CARTESIAN_POINT('Origin',(-276.417699910303,48.8211750097902,1.2669601331213));
#10318=CARTESIAN_POINT('',(-263.689636925173,44.3575830575103,0.230391885761086));
#10319=CARTESIAN_POINT('Origin',(-268.153228877452,48.8211750097902,1.2669601331213));
#10320=CARTESIAN_POINT('',(-263.83105828141,44.3575830575102,0.230391885761095));
#10321=CARTESIAN_POINT('Ctrl Pts',(-263.689636925173,44.3575830575103,0.230391885761086));
#10322=CARTESIAN_POINT('Ctrl Pts',(-263.736777377252,44.3575830575103,0.230391885761086));
#10323=CARTESIAN_POINT('Ctrl Pts',(-263.783917829331,44.3575830575102,0.230391885761095));
#10324=CARTESIAN_POINT('Ctrl Pts',(-263.83105828141,44.3575830575102,0.230391885761095));
#10325=CARTESIAN_POINT('',(-272.356175071996,52.8826998480967,-0.854865221546899));
#10326=CARTESIAN_POINT('Origin',(-268.29465023369,48.8211750097902,1.2669601331213));
#10327=CARTESIAN_POINT('Origin',(-276.417699910303,48.8211750097902,1.2669601331213));
#10328=CARTESIAN_POINT('',(-272.426885750115,52.9534105262154,-0.713634849374565));
#10329=CARTESIAN_POINT('Origin',(-276.55912126654,48.8211750097902,1.2669601331213));
#10330=CARTESIAN_POINT('Origin',(-268.29465023369,48.8211750097902,1.2669601331213));
#10331=CARTESIAN_POINT('Origin',(-268.153228877452,48.8211750097902,1.2669601331213));
#10332=CARTESIAN_POINT('Origin',(-272.356175071996,28.0241212043342,0.));
#10333=CARTESIAN_POINT('',(-272.356175071996,28.0241212043342,0.));
#10334=CARTESIAN_POINT('',(-259.926885750115,40.4534105262154,0.190908247836179));
#10335=CARTESIAN_POINT('',(-259.926885750115,40.4534105262154,0.));
#10336=CARTESIAN_POINT('Ctrl Pts',(-259.931355330029,40.4545037039418,0.190966635675872));
#10337=CARTESIAN_POINT('Ctrl Pts',(-259.929865514564,40.4559950031923,0.190980127537622));
#10338=CARTESIAN_POINT('Ctrl Pts',(-259.928375657256,40.457486907356,0.190993626907201));
#10339=CARTESIAN_POINT('Ctrl Pts',(-259.926885750115,40.4589777436033,0.19100711864457));
#10340=CARTESIAN_POINT('Origin',(-259.785464393878,40.4534105262154,0.));
#10341=CARTESIAN_POINT('',(-259.785464393878,40.4534105262154,0.190908247836179));
#10342=CARTESIAN_POINT('Ctrl Pts',(-259.785464393878,40.4589777435924,0.191007118644471));
#10343=CARTESIAN_POINT('Ctrl Pts',(-259.78397450379,40.457486609673,0.190993624213236));
#10344=CARTESIAN_POINT('Ctrl Pts',(-259.782484644983,40.4559950206063,0.190980127695167));
#10345=CARTESIAN_POINT('Ctrl Pts',(-259.780994813969,40.4545037039475,0.190966635675924));
#10346=CARTESIAN_POINT('',(-259.785464393878,40.4534105262154,-5.1038796640846));
#10347=CARTESIAN_POINT('',(-259.785464393878,40.4534105262154,0.));
#10348=CARTESIAN_POINT('Ctrl Pts',(-250.,30.6679461323378,-5.30713007797078));
#10349=CARTESIAN_POINT('Ctrl Pts',(-250.584082693324,31.2520288256618,-5.29907700962018));
#10350=CARTESIAN_POINT('Ctrl Pts',(-251.189460883446,31.8574070158305,-5.28696465665668));
#10351=CARTESIAN_POINT('Ctrl Pts',(-252.345124343068,33.0130704754523,-5.26199543686182));
#10352=CARTESIAN_POINT('Ctrl Pts',(-252.949311669498,33.6172578018356,-5.24791985358342));
#10353=CARTESIAN_POINT('Ctrl Pts',(-255.575816882644,36.2437630149817,-5.19070375687047));
#10354=CARTESIAN_POINT('Ctrl Pts',(-256.461789072303,37.1297352046406,-5.17983102770264));
#10355=CARTESIAN_POINT('Ctrl Pts',(-258.255419750921,38.9233658832589,-5.14551201851743));
#10356=CARTESIAN_POINT('Ctrl Pts',(-258.996859829507,39.6648059618447,-5.1280625072792));
#10357=CARTESIAN_POINT('Ctrl Pts',(-259.785464393878,40.4534105262154,-5.1038796640846));
#10358=CARTESIAN_POINT('Origin',(-272.426885750115,27.9534105262155,0.));
#10359=CARTESIAN_POINT('Origin',(-272.426885750115,27.9534105262155,0.));
#10360=CARTESIAN_POINT('Origin',(-284.785464393878,40.4534105262154,0.));
#10361=CARTESIAN_POINT('',(-284.785464393878,40.4534105262154,0.));
#10362=CARTESIAN_POINT('Origin',(-284.856175071996,40.5241212043342,0.));
#10363=CARTESIAN_POINT('',(-284.856175071996,40.5241212043342,0.));
#10364=CARTESIAN_POINT('',(-272.426885750115,52.9534105262154,0.));
#10365=CARTESIAN_POINT('Origin',(-272.426885750115,52.9534105262154,0.));
#10366=CARTESIAN_POINT('Origin',(-284.785464393878,65.4534105262154,0.));
#10367=CARTESIAN_POINT('Ctrl Pts',(-272.356175071996,53.0241212043342,-4.23477289231101));
#10368=CARTESIAN_POINT('Ctrl Pts',(-274.700573845937,55.3685199782749,-3.99519771281991));
#10369=CARTESIAN_POINT('Ctrl Pts',(-277.078536702734,57.7464828350717,-3.70289874770674));
#10370=CARTESIAN_POINT('Ctrl Pts',(-281.433325258338,62.1012713906763,-2.97427568686436));
#10371=CARTESIAN_POINT('Ctrl Pts',(-283.375823182325,64.043769314663,-2.55076766838529));
#10372=CARTESIAN_POINT('Ctrl Pts',(-284.785464393878,65.4534105262154,-2.00565777447262));
#10373=CARTESIAN_POINT('Ctrl Pts',(-250.,129.970251284945,-0.298521379389366));
#10374=CARTESIAN_POINT('Ctrl Pts',(-300.,129.970251284945,-0.298521379389366));
#10375=CARTESIAN_POINT('Ctrl Pts',(-250.,127.821178381036,-0.0843586363972041));
#10376=CARTESIAN_POINT('Ctrl Pts',(-300.,127.821178381036,-0.0843586363972041));
#10377=CARTESIAN_POINT('Ctrl Pts',(-250.,125.44942897596,0.0708512496739876));
#10378=CARTESIAN_POINT('Ctrl Pts',(-300.,125.44942897596,0.0708512496739876));
#10379=CARTESIAN_POINT('Ctrl Pts',(-250.,122.857191611518,0.169553679294171));
#10380=CARTESIAN_POINT('Ctrl Pts',(-300.,122.857191611518,0.169553679294171));
#10381=CARTESIAN_POINT('Ctrl Pts',(-250.,117.348295030699,0.379311274995765));
#10382=CARTESIAN_POINT('Ctrl Pts',(-300.,117.348295030699,0.379311274995765));
#10383=CARTESIAN_POINT('Ctrl Pts',(-250.,110.804902191224,0.310171112332585));
#10384=CARTESIAN_POINT('Ctrl Pts',(-300.,110.804902191224,0.310171112332585));
#10385=CARTESIAN_POINT('Ctrl Pts',(-250.,103.63110756365,0.269031200647877));
#10386=CARTESIAN_POINT('Ctrl Pts',(-300.,103.63110756365,0.269031200647877));
#10387=CARTESIAN_POINT('Ctrl Pts',(-250.,96.5195798998103,0.228248374372209));
#10388=CARTESIAN_POINT('Ctrl Pts',(-300.,96.5195798998103,0.228248374372209));
#10389=CARTESIAN_POINT('Ctrl Pts',(-250.,88.8249031762286,0.260812732162557));
#10390=CARTESIAN_POINT('Ctrl Pts',(-300.,88.8249031762286,0.260812732162557));
#10391=CARTESIAN_POINT('Ctrl Pts',(-250.,80.7306584417594,0.315364165057397));
#10392=CARTESIAN_POINT('Ctrl Pts',(-300.,80.7306584417594,0.315364165057397));
#10393=CARTESIAN_POINT('Ctrl Pts',(-250.,72.5542442910268,0.370469381479219));
#10394=CARTESIAN_POINT('Ctrl Pts',(-300.,72.5542442910268,0.370469381479219));
#10395=CARTESIAN_POINT('Ctrl Pts',(-250.,63.9297655883391,0.39999932465088));
#10396=CARTESIAN_POINT('Ctrl Pts',(-300.,63.9297655883391,0.39999932465088));
#10397=CARTESIAN_POINT('Ctrl Pts',(-250.,55.5854709052008,0.339844747816719));
#10398=CARTESIAN_POINT('Ctrl Pts',(-300.,55.5854709052008,0.339844747816719));
#10399=CARTESIAN_POINT('Ctrl Pts',(-250.,47.9679890437658,0.284929813083831));
#10400=CARTESIAN_POINT('Ctrl Pts',(-300.,47.9679890437658,0.284929813083831));
#10401=CARTESIAN_POINT('Ctrl Pts',(-250.,40.645180412424,0.166054400624985));
#10402=CARTESIAN_POINT('Ctrl Pts',(-300.,40.645180412424,0.166054400624985));
#10403=CARTESIAN_POINT('Ctrl Pts',(-250.,33.8546991145552,0.150354028309038));
#10404=CARTESIAN_POINT('Ctrl Pts',(-300.,33.8546991145552,0.150354028309038));
#10405=CARTESIAN_POINT('Ctrl Pts',(-250.,27.0986267060838,0.13473321329556));
#10406=CARTESIAN_POINT('Ctrl Pts',(-300.,27.0986267060838,0.13473321329556));
#10407=CARTESIAN_POINT('Ctrl Pts',(-250.,20.8198777682791,0.266862582796839));
#10408=CARTESIAN_POINT('Ctrl Pts',(-300.,20.8198777682791,0.266862582796839));
#10409=CARTESIAN_POINT('Ctrl Pts',(-250.,15.1896070060089,0.299211899946718));
#10410=CARTESIAN_POINT('Ctrl Pts',(-300.,15.1896070060089,0.299211899946718));
#10411=CARTESIAN_POINT('Ctrl Pts',(-250.,9.40209417901301,0.332464668038104));
#10412=CARTESIAN_POINT('Ctrl Pts',(-300.,9.40209417901301,0.332464668038104));
#10413=CARTESIAN_POINT('Ctrl Pts',(-250.,4.33212847308051,0.179987024862088));
#10414=CARTESIAN_POINT('Ctrl Pts',(-300.,4.33212847308051,0.179987024862088));
#10415=CARTESIAN_POINT('Ctrl Pts',(-250.,0.033162725479676,-0.298161422116848));
#10416=CARTESIAN_POINT('Ctrl Pts',(-300.,0.033162725479676,-0.298161422116848));
#10417=CARTESIAN_POINT('Ctrl Pts',(-259.926885750115,40.4534105262154,0.190908247836179));
#10418=CARTESIAN_POINT('Ctrl Pts',(-261.212150485465,41.7386752615658,0.20268277888236));
#10419=CARTESIAN_POINT('Ctrl Pts',(-262.508851907365,43.0353766834659,0.216168250716042));
#10420=CARTESIAN_POINT('Ctrl Pts',(-263.83105828141,44.3575830575103,0.230391885761095));
#10421=CARTESIAN_POINT('',(-259.856175071996,40.5241212043342,0.191557653488215));
#10422=CARTESIAN_POINT('Ctrl Pts',(-263.689636925173,44.3575830575104,0.230391885761096));
#10423=CARTESIAN_POINT('Ctrl Pts',(-262.391156186973,43.0591023193104,0.216423479243213));
#10424=CARTESIAN_POINT('Ctrl Pts',(-261.117675373903,41.7856215062411,0.203171895797677));
#10425=CARTESIAN_POINT('Ctrl Pts',(-259.856175071996,40.5241212043342,0.191557653488216));
#10426=CARTESIAN_POINT('Ctrl Pts',(-259.856175071996,40.5241212043342,0.191557653488216));
#10427=CARTESIAN_POINT('Ctrl Pts',(-258.58394256181,41.7963537145201,0.203270703913124));
#10428=CARTESIAN_POINT('Ctrl Pts',(-257.313042080615,43.0672541957152,0.216511173053491));
#10429=CARTESIAN_POINT('Ctrl Pts',(-256.02271321882,44.3575830575103,0.230391885761095));
#10430=CARTESIAN_POINT('Ctrl Pts',(-255.881291862583,44.3575830575102,0.230391885761094));
#10431=CARTESIAN_POINT('Ctrl Pts',(-257.195222142002,43.0436527780908,0.216257280803821));
#10432=CARTESIAN_POINT('Ctrl Pts',(-258.489044235356,41.7498306847374,0.202784975630512));
#10433=CARTESIAN_POINT('Ctrl Pts',(-259.785464393878,40.4534105262155,0.19090824783618));
#10434=CARTESIAN_POINT('Origin',(-259.856175071996,40.5241212043342,0.));
#10435=CARTESIAN_POINT('',(-259.856175071996,40.5241212043342,-5.10169656373105));
#10436=CARTESIAN_POINT('',(-259.856175071996,40.5241212043342,0.));
#10437=CARTESIAN_POINT('Ctrl Pts',(-250.,50.3802962763305,-5.30209240268062));
#10438=CARTESIAN_POINT('Ctrl Pts',(-253.444903293932,46.9353929823989,-5.35198495301164));
#10439=CARTESIAN_POINT('Ctrl Pts',(-256.820800116387,43.5594961599434,-5.25193472796208));
#10440=CARTESIAN_POINT('Ctrl Pts',(-259.856175071996,40.5241212043342,-5.10169656373105));
#10441=CARTESIAN_POINT('Origin',(-259.926885750115,40.4534105262154,0.));
#10442=CARTESIAN_POINT('',(-272.356175071996,52.8826998480967,0.));
#10443=CARTESIAN_POINT('Origin',(-272.356175071996,52.8826998480967,0.));
#10444=CARTESIAN_POINT('Origin',(-259.785464393878,65.4534105262154,0.));
#10445=CARTESIAN_POINT('',(-259.785464393878,65.4534105262154,-4.25075549225029));
#10446=CARTESIAN_POINT('',(-259.785464393878,65.4534105262154,0.));
#10447=CARTESIAN_POINT('Ctrl Pts',(-250.,55.6679461323378,-5.06918337462774));
#10448=CARTESIAN_POINT('Ctrl Pts',(-251.990674622101,57.6586207544387,-4.92929756571241));
#10449=CARTESIAN_POINT('Ctrl Pts',(-253.822450358728,59.490396491066,-4.76646051539933));
#10450=CARTESIAN_POINT('Ctrl Pts',(-257.757382147879,63.4253282802167,-4.42045557939583));
#10451=CARTESIAN_POINT('Ctrl Pts',(-258.477408577973,64.1453547103105,-4.36552840483003));
#10452=CARTESIAN_POINT('Ctrl Pts',(-259.785464393878,65.4534105262154,-4.2507554922503));
#10453=CARTESIAN_POINT('Origin',(-247.426885750115,52.9534105262154,0.));
#10454=CARTESIAN_POINT('',(-259.856175071996,65.3826998480967,-4.25363670982625));
#10455=CARTESIAN_POINT('Ctrl Pts',(-259.856175071996,65.3826998480967,-4.25363670982625));
#10456=CARTESIAN_POINT('Ctrl Pts',(-258.716124125868,64.2426489019688,-4.35363586490956));
#10457=CARTESIAN_POINT('Ctrl Pts',(-257.648165986068,63.1746907621679,-4.44216399561928));
#10458=CARTESIAN_POINT('Ctrl Pts',(-254.668065187813,60.1945899639135,-4.69990391393748));
#10459=CARTESIAN_POINT('Ctrl Pts',(-253.793605914991,59.3201306929612,-4.78160576079948));
#10460=CARTESIAN_POINT('Ctrl Pts',(-251.670184311068,57.1967090890387,-4.95572163485752));
#10461=CARTESIAN_POINT('Ctrl Pts',(-250.866017959589,56.3925427356889,-5.0156909849344));
#10462=CARTESIAN_POINT('Ctrl Pts',(-250.,55.5265247761004,-5.07616362389627));
#10463=CARTESIAN_POINT('',(-259.856175071996,65.3826998480967,0.));
#10464=CARTESIAN_POINT('Origin',(-259.856175071996,65.3826998480967,0.));
#10465=CARTESIAN_POINT('',(-272.285464393878,52.9534105262154,-4.24198387017612));
#10466=CARTESIAN_POINT('Ctrl Pts',(-272.285464393878,52.9534105262155,-4.24198387017612));
#10467=CARTESIAN_POINT('Ctrl Pts',(-267.32160460349,57.9172703166027,-4.46896989578164));
#10468=CARTESIAN_POINT('Ctrl Pts',(-263.077664339722,62.1612105803709,-4.38402894976404));
#10469=CARTESIAN_POINT('Ctrl Pts',(-259.856175071996,65.3826998480967,-4.25363670982625));
#10470=CARTESIAN_POINT('',(-272.285464393878,52.9534105262154,0.));
#10471=CARTESIAN_POINT('Origin',(-272.285464393878,52.9534105262154,0.));
#10472=CARTESIAN_POINT('Ctrl Pts',(-259.856175071996,40.5241212043342,-5.10169656373105));
#10473=CARTESIAN_POINT('Ctrl Pts',(-261.967083146156,42.6350292784941,-5.03608462717707));
#10474=CARTESIAN_POINT('Ctrl Pts',(-263.86229688074,44.530243013078,-4.94487596746012));
#10475=CARTESIAN_POINT('Ctrl Pts',(-268.068915977632,48.7368621099701,-4.63438109624514));
#10476=CARTESIAN_POINT('Ctrl Pts',(-270.311242209999,50.9791883423364,-4.44289546930092));
#10477=CARTESIAN_POINT('Ctrl Pts',(-272.285464393878,52.9534105262154,-4.24198387017612));
#10478=CARTESIAN_POINT('Origin',(-247.356175071996,52.8826998480967,0.));
#10479=CARTESIAN_POINT('Ctrl Pts',(-259.785464393878,40.4534105262155,-5.1038796640846));
#10480=CARTESIAN_POINT('Ctrl Pts',(-256.744849279513,43.4940256405804,-5.25460035777188));
#10481=CARTESIAN_POINT('Ctrl Pts',(-253.3755447128,46.8633302072926,-5.35483232393789));
#10482=CARTESIAN_POINT('Ctrl Pts',(-250.,50.2388749200931,-5.30777217659922));
#10483=CARTESIAN_POINT('Origin',(-247.426885750115,27.9534105262155,0.));
#10484=CARTESIAN_POINT('',(-259.856175071996,40.3826998480967,-5.10036230226356));
#10485=CARTESIAN_POINT('Ctrl Pts',(-259.856175071996,40.3826998480968,-5.10036230226357));
#10486=CARTESIAN_POINT('Ctrl Pts',(-259.060682710761,39.5872074868613,-5.12469920411056));
#10487=CARTESIAN_POINT('Ctrl Pts',(-258.315608080504,38.8421328566043,-5.14214040153006));
#10488=CARTESIAN_POINT('Ctrl Pts',(-256.654571033405,37.1810958095059,-5.17389722669429));
#10489=CARTESIAN_POINT('Ctrl Pts',(-255.881605705918,36.4081304820183,-5.185864185581));
#10490=CARTESIAN_POINT('Ctrl Pts',(-252.824380808181,33.3509055842812,-5.24579747469009));
#10491=CARTESIAN_POINT('Ctrl Pts',(-251.510732977872,32.0372577539728,-5.28505289937362));
#10492=CARTESIAN_POINT('Ctrl Pts',(-250.,30.5265247761005,-5.3046824008906));
#10493=CARTESIAN_POINT('',(-259.856175071996,40.3826998480967,0.));
#10494=CARTESIAN_POINT('Origin',(-259.856175071996,40.3826998480967,0.));
#10495=CARTESIAN_POINT('',(-272.285464393878,27.9534105262155,-4.05582789997847));
#10496=CARTESIAN_POINT('Ctrl Pts',(-272.285464393878,27.9534105262155,-4.05582789997847));
#10497=CARTESIAN_POINT('Ctrl Pts',(-268.398374025331,31.8405008947622,-4.56935329247282));
#10498=CARTESIAN_POINT('Ctrl Pts',(-263.655239855445,36.5836350646482,-4.91072501776233));
#10499=CARTESIAN_POINT('Ctrl Pts',(-259.856175071996,40.3826998480968,-5.10036230226356));
#10500=CARTESIAN_POINT('',(-272.285464393878,27.9534105262155,0.));
#10501=CARTESIAN_POINT('Origin',(-272.285464393878,27.9534105262155,0.));
#10502=CARTESIAN_POINT('Ctrl Pts',(-259.856175071996,15.5241212043342,-4.1004813018465));
#10503=CARTESIAN_POINT('Ctrl Pts',(-260.215308270226,15.883254402564,-4.11764413704269));
#10504=CARTESIAN_POINT('Ctrl Pts',(-260.60457126578,16.2725173979974,-4.13546500902247));
#10505=CARTESIAN_POINT('Ctrl Pts',(-261.494978512581,17.1629246447986,-4.17191948084312));
#10506=CARTESIAN_POINT('Ctrl Pts',(-262.004721782411,17.6726679147485,-4.18926750580644));
#10507=CARTESIAN_POINT('Ctrl Pts',(-263.646929805538,19.3148759378755,-4.22873112806789));
#10508=CARTESIAN_POINT('Ctrl Pts',(-264.738165995608,20.4061121279461,-4.23002019201007));
#10509=CARTESIAN_POINT('Ctrl Pts',(-267.59907482351,23.2670209558478,-4.20963458144848));
#10510=CARTESIAN_POINT('Ctrl Pts',(-269.905182291751,25.5731284240886,-4.16827477128994));
#10511=CARTESIAN_POINT('Ctrl Pts',(-272.285464393878,27.9534105262155,-4.05582789997846));
#10512=CARTESIAN_POINT('Origin',(-247.356175071996,27.8826998480967,0.));
#10513=CARTESIAN_POINT('',(-259.785464393878,15.4534105262155,-4.09709334966029));
#10514=CARTESIAN_POINT('Ctrl Pts',(-259.785464393878,15.4534105262154,-4.09709334966029));
#10515=CARTESIAN_POINT('Ctrl Pts',(-256.475272522618,18.7636023974753,-4.6237584528282));
#10516=CARTESIAN_POINT('Ctrl Pts',(-253.148083366048,22.0907915540452,-4.92092350426557));
#10517=CARTESIAN_POINT('Ctrl Pts',(-250.,25.238874920093,-5.13936007880779));
#10518=CARTESIAN_POINT('',(-259.785464393878,15.4534105262155,0.));
#10519=CARTESIAN_POINT('Origin',(-259.785464393878,15.4534105262155,0.));
#10520=CARTESIAN_POINT('Ctrl Pts',(-250.,5.66794613233792,-3.14537159984005));
#10521=CARTESIAN_POINT('Ctrl Pts',(-250.898104180094,6.56605031243159,-3.34396523879447));
#10522=CARTESIAN_POINT('Ctrl Pts',(-251.544419691919,7.21236582425683,-3.44204419157348));
#10523=CARTESIAN_POINT('Ctrl Pts',(-254.697636685565,10.3655828179027,-3.79225731079111));
#10524=CARTESIAN_POINT('Ctrl Pts',(-256.060893341871,11.7288394742089,-3.9042253128342));
#10525=CARTESIAN_POINT('Ctrl Pts',(-258.741538043275,14.4094841756125,-4.04595398014266));
#10526=CARTESIAN_POINT('Ctrl Pts',(-259.307318552297,14.9752646846353,-4.07412663639593));
#10527=CARTESIAN_POINT('Ctrl Pts',(-259.785464393878,15.4534105262154,-4.09709334966029));
#10528=CARTESIAN_POINT('Origin',(-259.926885750115,90.4534105262154,0.));
#10529=CARTESIAN_POINT('',(-259.926885750115,90.4534105262154,0.));
#10530=CARTESIAN_POINT('Origin',(-272.356175071996,78.0241212043341,0.));
#10531=CARTESIAN_POINT('Origin',(-272.426885750115,77.9534105262154,0.));
#10532=CARTESIAN_POINT('',(-272.426885750115,77.9534105262154,0.));
#10533=CARTESIAN_POINT('Origin',(-284.856175071996,65.5241212043341,0.));
#10534=CARTESIAN_POINT('Origin',(-284.926885750115,65.4534105262154,0.));
#10535=CARTESIAN_POINT('',(-284.926885750115,65.4534105262154,0.));
#10536=CARTESIAN_POINT('Origin',(-272.356175071996,3.0241212043342,0.));
#10537=CARTESIAN_POINT('Origin',(-272.356175071996,27.8826998480968,0.));
#10538=CARTESIAN_POINT('Origin',(-284.785464393878,40.4534105262154,0.));
#10539=CARTESIAN_POINT('Origin',(-297.285464393878,52.9534105262154,0.));
#10540=CARTESIAN_POINT('Origin',(-259.785464393878,90.4534105262154,0.));
#10541=CARTESIAN_POINT('',(-259.785464393878,90.4534105262154,-2.03545196147447));
#10542=CARTESIAN_POINT('',(-259.785464393878,90.4534105262154,0.));
#10543=CARTESIAN_POINT('Ctrl Pts',(-250.,80.6679461323377,-2.88669674316507));
#10544=CARTESIAN_POINT('Ctrl Pts',(-253.26041268551,83.9283588178472,-2.57226828168362));
#10545=CARTESIAN_POINT('Ctrl Pts',(-256.522497264717,87.1904433970547,-2.29162963485326));
#10546=CARTESIAN_POINT('Ctrl Pts',(-259.785464393878,90.4534105262154,-2.03545196147447));
#10547=CARTESIAN_POINT('Origin',(-247.356175071996,102.882699848097,0.));
#10548=CARTESIAN_POINT('Ctrl Pts',(-259.785464393878,90.4534105262154,-2.03545196147447));
#10549=CARTESIAN_POINT('Ctrl Pts',(-255.960473389625,94.2784015304683,-1.67799864163814));
#10550=CARTESIAN_POINT('Ctrl Pts',(-253.93152665097,96.3073482691231,-1.4542778331908));
#10551=CARTESIAN_POINT('Ctrl Pts',(-250.,100.238874920093,-0.927213614009136));
#10552=CARTESIAN_POINT('Origin',(-259.856175071996,90.5241212043341,0.));
#10553=CARTESIAN_POINT('Origin',(-247.356175071996,77.8826998480966,0.));
#10554=CARTESIAN_POINT('Ctrl Pts',(-259.785464393878,65.4534105262154,-4.2507554922503));
#10555=CARTESIAN_POINT('Ctrl Pts',(-256.183638718062,69.0552362020314,-4.1030151878929));
#10556=CARTESIAN_POINT('Ctrl Pts',(-253.062156736253,72.1767181838404,-3.79208673108459));
#10557=CARTESIAN_POINT('Ctrl Pts',(-250.,75.2388749200931,-3.45467972086229));
#10558=CARTESIAN_POINT('Origin',(-259.856175071996,15.3826998480968,0.));
#10559=CARTESIAN_POINT('',(-259.856175071996,15.3826998480968,0.));
#10560=CARTESIAN_POINT('Origin',(-247.426885750115,2.95341052621553,0.));
#10561=CARTESIAN_POINT('Origin',(-297.356175071996,28.0241212043342,0.));
#10562=CARTESIAN_POINT('Origin',(-297.356175071996,53.0241212043341,0.));
#10563=CARTESIAN_POINT('Ctrl Pts',(-268.378024039197,91.5395371088797,-1.84142930472406));
#10564=CARTESIAN_POINT('Ctrl Pts',(-263.956907725078,90.8802649188141,-2.06936381354097));
#10565=CARTESIAN_POINT('Ctrl Pts',(-257.830899712013,90.1004564600669,-2.10505373926031));
#10566=CARTESIAN_POINT('Ctrl Pts',(-250.,89.2001117326383,-1.94849908188208));
#10567=CARTESIAN_POINT('Ctrl Pts',(-268.71403271053,90.3422327979006,-1.92538295058407));
#10568=CARTESIAN_POINT('Ctrl Pts',(-264.21209129225,89.6856188827754,-2.16841856886514));
#10569=CARTESIAN_POINT('Ctrl Pts',(-257.97406113097,88.9095868839737,-2.21512996530991));
#10570=CARTESIAN_POINT('Ctrl Pts',(-250.,88.0007661220549,-2.06325292217144));
#10571=CARTESIAN_POINT('Ctrl Pts',(-269.396535792373,87.9007419642748,-2.08425334651653));
#10572=CARTESIAN_POINT('Ctrl Pts',(-264.73039738568,87.2779788908973,-2.36235013798591));
#10573=CARTESIAN_POINT('Ctrl Pts',(-258.264894951644,86.5484759383795,-2.43847101481895));
#10574=CARTESIAN_POINT('Ctrl Pts',(-250.,85.7117228094076,-2.31252861452543));
#10575=CARTESIAN_POINT('Ctrl Pts',(-270.454383618854,84.0552467499436,-2.29022170648296));
#10576=CARTESIAN_POINT('Ctrl Pts',(-265.5337856596,83.5176966780521,-2.62679777338477));
#10577=CARTESIAN_POINT('Ctrl Pts',(-258.71560628681,82.9576196495806,-2.76564127888705));
#10578=CARTESIAN_POINT('Ctrl Pts',(-250.,82.3724533830534,-2.70626370878507));
#10579=CARTESIAN_POINT('Ctrl Pts',(-271.536443250546,80.3570836875278,-2.52654200338066));
#10580=CARTESIAN_POINT('Ctrl Pts',(-266.355518660886,79.872564029735,-2.91507709171178));
#10581=CARTESIAN_POINT('Ctrl Pts',(-259.176709680215,79.383987065394,-3.09879608681042));
#10582=CARTESIAN_POINT('Ctrl Pts',(-250.,78.8887209825061,-3.07722941660459));
#10583=CARTESIAN_POINT('Ctrl Pts',(-272.622241451999,76.8754727921765,-2.79613977841357));
#10584=CARTESIAN_POINT('Ctrl Pts',(-267.180123989362,76.4370589571776,-3.23186768656704));
#10585=CARTESIAN_POINT('Ctrl Pts',(-259.639347405273,75.9510120083788,-3.44541377175109));
#10586=CARTESIAN_POINT('Ctrl Pts',(-250.,75.4141774305051,-3.43619466177631));
#10587=CARTESIAN_POINT('Ctrl Pts',(-273.68321579377,73.4062250359935,-3.056905410319));
#10588=CARTESIAN_POINT('Ctrl Pts',(-267.985852558079,73.0367740021885,-3.53949450411061));
#10589=CARTESIAN_POINT('Ctrl Pts',(-260.091451333033,72.5727858288864,-3.78372012927959));
#10590=CARTESIAN_POINT('Ctrl Pts',(-250.,72.0136320282709,-3.78956799980872));
#10591=CARTESIAN_POINT('Ctrl Pts',(-274.685923500958,69.7682781669987,-3.27528576433532));
#10592=CARTESIAN_POINT('Ctrl Pts',(-268.747349489275,69.4943310974758,-3.80390582013881));
#10593=CARTESIAN_POINT('Ctrl Pts',(-260.518695780374,69.1144796566306,-4.08622879977077));
#10594=CARTESIAN_POINT('Ctrl Pts',(-250.,68.6272871542657,-4.12199018486061));
#10595=CARTESIAN_POINT('Ctrl Pts',(-275.291469281425,67.2030077294199,-3.3837613991437));
#10596=CARTESIAN_POINT('Ctrl Pts',(-269.207213832188,67.0114784634409,-3.93950149471029));
#10597=CARTESIAN_POINT('Ctrl Pts',(-260.776733942305,66.7318439691701,-4.24793916220423));
#10598=CARTESIAN_POINT('Ctrl Pts',(-250.,66.3656267381144,-4.30935466440406));
#10599=CARTESIAN_POINT('Ctrl Pts',(-275.572585654132,65.9055357553976,-3.43100401160378));
#10600=CARTESIAN_POINT('Ctrl Pts',(-269.4207069,65.7651842635636,-3.99922246317531));
#10601=CARTESIAN_POINT('Ctrl Pts',(-260.896511681955,65.5540185034831,-4.32052112440062));
#10602=CARTESIAN_POINT('Ctrl Pts',(-250.,65.2720384751564,-4.39489999527971));
#10603=CARTESIAN_POINT('Ctrl Pts',(-280.19432410327,78.7166759773254,-1.60808065626415));
#10604=CARTESIAN_POINT('Ctrl Pts',(-276.668279952598,78.1825937057596,-2.54770840653319));
#10605=CARTESIAN_POINT('Ctrl Pts',(-269.488165834618,77.5833239617647,-3.10347467520117));
#10606=CARTESIAN_POINT('Ctrl Pts',(-258.65398174933,76.9188667453407,-3.27537946226809));
#10607=CARTESIAN_POINT('Ctrl Pts',(-281.128333899989,76.3865719929411,-1.70486764282396));
#10608=CARTESIAN_POINT('Ctrl Pts',(-277.493288382768,75.9437991052217,-2.70311019889209));
#10609=CARTESIAN_POINT('Ctrl Pts',(-270.090781444661,75.3985010357714,-3.30137262392887));
#10610=CARTESIAN_POINT('Ctrl Pts',(-258.921677880129,74.7206848124778,-3.49209033569364));
#10611=CARTESIAN_POINT('Ctrl Pts',(-282.971937958196,71.7198548466502,-1.89747001612811));
#10612=CARTESIAN_POINT('Ctrl Pts',(-279.121529639342,71.5149534451939,-3.01329877514112));
#10613=CARTESIAN_POINT('Ctrl Pts',(-271.280903440138,71.0884139191918,-3.69100660894612));
#10614=CARTESIAN_POINT('Ctrl Pts',(-259.450072416073,70.4400155513826,-3.93041049430123));
#10615=CARTESIAN_POINT('Ctrl Pts',(-284.94066622158,65.1784478347391,-2.01572504147783));
#10616=CARTESIAN_POINT('Ctrl Pts',(-280.860364655613,65.1286145460919,-3.21529995518785));
#10617=CARTESIAN_POINT('Ctrl Pts',(-272.551533725635,64.9477084663019,-3.97854874118105));
#10618=CARTESIAN_POINT('Ctrl Pts',(-260.014328744595,64.6395869712793,-4.30492389075977));
#10619=CARTESIAN_POINT('Ctrl Pts',(-286.144541352697,59.7440935837884,-2.08191689876953));
#10620=CARTESIAN_POINT('Ctrl Pts',(-281.923653639612,59.8938485464145,-3.33035096196924));
#10621=CARTESIAN_POINT('Ctrl Pts',(-273.328543260322,60.1288252074904,-4.15012526007667));
#10622=CARTESIAN_POINT('Ctrl Pts',(-260.359370858389,60.4376628027181,-4.53890987198276));
#10623=CARTESIAN_POINT('Ctrl Pts',(-286.827022401102,55.606202454502,-2.13006196740796));
#10624=CARTESIAN_POINT('Ctrl Pts',(-282.526420981502,55.9524984359427,-3.41396610466399));
#10625=CARTESIAN_POINT('Ctrl Pts',(-273.769078558655,56.5644324725331,-4.27103549682512));
#10626=CARTESIAN_POINT('Ctrl Pts',(-260.554976446942,57.4470279422701,-4.7015717296865));
#10627=CARTESIAN_POINT('Ctrl Pts',(-287.116334612487,52.800799601147,-2.15650547295));
#10628=CARTESIAN_POINT('Ctrl Pts',(-282.781954157908,53.2667493160768,-3.45872330905153));
#10629=CARTESIAN_POINT('Ctrl Pts',(-273.955788247983,54.1042524571869,-4.33586067134974));
#10630=CARTESIAN_POINT('Ctrl Pts',(-260.637896090667,55.3036612471158,-4.78602253718271));
#10631=CARTESIAN_POINT('Ctrl Pts',(-287.216846359832,51.3991824979018,-2.16821490660115));
#10632=CARTESIAN_POINT('Ctrl Pts',(-282.870723460551,51.9306738643823,-3.47918892213737));
#10633=CARTESIAN_POINT('Ctrl Pts',(-274.020675913171,52.8709075805365,-4.36487064595507));
#10634=CARTESIAN_POINT('Ctrl Pts',(-260.666703717694,54.2198836463644,-4.82526007805424));
#10635=CARTESIAN_POINT('Ctrl Pts',(-258.109789860821,101.569324585589,-1.10900779483574));
#10636=CARTESIAN_POINT('Ctrl Pts',(-255.71020563701,101.154031200308,-1.07971162981576));
#10637=CARTESIAN_POINT('Ctrl Pts',(-253.00694235007,100.710547978476,-1.01911356954022));
#10638=CARTESIAN_POINT('Ctrl Pts',(-250.,100.238874920093,-0.927213614009136));
#10639=CARTESIAN_POINT('Ctrl Pts',(-258.254007081576,100.694951438669,-1.17732057508032));
#10640=CARTESIAN_POINT('Ctrl Pts',(-255.811759419155,100.294507855021,-1.15085654798116));
#10641=CARTESIAN_POINT('Ctrl Pts',(-253.060404320308,99.8646380560622,-1.09180557129294));
#10642=CARTESIAN_POINT('Ctrl Pts',(-250.,99.4115337703394,-1.00123151905466));
#10643=CARTESIAN_POINT('Ctrl Pts',(-258.467395357299,99.3554501422748,-1.28742263819374));
#10644=CARTESIAN_POINT('Ctrl Pts',(-255.961997370691,98.9771836540953,-1.26648660496869));
#10645=CARTESIAN_POINT('Ctrl Pts',(-253.139538606296,98.5769433550035,-1.21274283643311));
#10646=CARTESIAN_POINT('Ctrl Pts',(-250.,98.1523888486717,-1.12577745613654));
#10647=CARTESIAN_POINT('Ctrl Pts',(-258.890886239901,96.5768325494983,-1.52111040074822));
#10648=CARTESIAN_POINT('Ctrl Pts',(-256.260191412134,96.2391747056706,-1.51377057231913));
#10649=CARTESIAN_POINT('Ctrl Pts',(-253.296549297678,95.8825210525776,-1.47135779948131));
#10650=CARTESIAN_POINT('Ctrl Pts',(-250.,95.512249715817,-1.3948323319892));
#10651=CARTESIAN_POINT('Ctrl Pts',(-259.313863547288,93.6426974412424,-1.76146243958679));
#10652=CARTESIAN_POINT('Ctrl Pts',(-256.558006457696,93.2956372336748,-1.76229038481009));
#10653=CARTESIAN_POINT('Ctrl Pts',(-253.453391346386,92.9295512943192,-1.72551799695698));
#10654=CARTESIAN_POINT('Ctrl Pts',(-250.,92.5435215812186,-1.65097700844673));
#10655=CARTESIAN_POINT('Ctrl Pts',(-259.818934937778,90.2111490956357,-2.05491437795303));
#10656=CARTESIAN_POINT('Ctrl Pts',(-256.913637163316,89.8370027735711,-2.06410301402052));
#10657=CARTESIAN_POINT('Ctrl Pts',(-253.640656923355,89.4363430884038,-2.03166616182359));
#10658=CARTESIAN_POINT('Ctrl Pts',(-250.,89.0063361623248,-1.95710708963446));
#10659=CARTESIAN_POINT('Ctrl Pts',(-260.262940207867,87.3100435754394,-2.31292718429223));
#10660=CARTESIAN_POINT('Ctrl Pts',(-257.226264114928,86.9611050944105,-2.33821917841146));
#10661=CARTESIAN_POINT('Ctrl Pts',(-253.805288373167,86.5870812290254,-2.32002626918176));
#10662=CARTESIAN_POINT('Ctrl Pts',(-250.,86.1896058925793,-2.25865176466285));
#10663=CARTESIAN_POINT('Ctrl Pts',(-260.719036754571,84.3617860942383,-2.56227307411253));
#10664=CARTESIAN_POINT('Ctrl Pts',(-257.547409195042,84.0744154941816,-2.61043718530866));
#10665=CARTESIAN_POINT('Ctrl Pts',(-253.974397369661,83.7773864317543,-2.6159441616713));
#10666=CARTESIAN_POINT('Ctrl Pts',(-250.,83.468157415358,-2.57833233635449));
#10667=CARTESIAN_POINT('Ctrl Pts',(-261.029813976048,82.3909895205216,-2.729341485582));
#10668=CARTESIAN_POINT('Ctrl Pts',(-257.766234521112,82.1352920612673,-2.79115263819921));
#10669=CARTESIAN_POINT('Ctrl Pts',(-254.08962318492,81.8732080690998,-2.80964817517059));
#10670=CARTESIAN_POINT('Ctrl Pts',(-250.,81.6080086538339,-2.78543191679733));
#10671=CARTESIAN_POINT('Ctrl Pts',(-261.18609801302,81.4179743234141,-2.81479287391437));
#10672=CARTESIAN_POINT('Ctrl Pts',(-257.876273124989,81.1716813637454,-2.88219472114739));
#10673=CARTESIAN_POINT('Ctrl Pts',(-254.147573787316,80.92167196672,-2.90616267756429));
#10674=CARTESIAN_POINT('Ctrl Pts',(-250.,80.6679461323377,-2.88669674316507));
#10675=CARTESIAN_POINT('Ctrl Pts',(-258.671714877482,75.7392447630539,-3.39312367035949));
#10676=CARTESIAN_POINT('Ctrl Pts',(-255.998827755625,75.5778261227683,-3.43673016891234));
#10677=CARTESIAN_POINT('Ctrl Pts',(-253.108256129798,75.4110361751149,-3.45724885241325));
#10678=CARTESIAN_POINT('Ctrl Pts',(-250.,75.2388749200937,-3.45467972086222));
#10679=CARTESIAN_POINT('Ctrl Pts',(-258.915539213754,73.7068780246573,-3.59379826758797));
#10680=CARTESIAN_POINT('Ctrl Pts',(-256.167541588584,73.543439100307,-3.64159120895408));
#10681=CARTESIAN_POINT('Ctrl Pts',(-253.195600889114,73.3769767371453,-3.66683965177616));
#10682=CARTESIAN_POINT('Ctrl Pts',(-250.,73.1967564063767,-3.66628437751664));
#10683=CARTESIAN_POINT('Ctrl Pts',(-259.392805952229,69.6788626474281,-3.98863551061771));
#10684=CARTESIAN_POINT('Ctrl Pts',(-256.497658112251,69.5292582465847,-4.04865935043167));
#10685=CARTESIAN_POINT('Ctrl Pts',(-253.366719434839,69.3677272401263,-4.08318157574438));
#10686=CARTESIAN_POINT('Ctrl Pts',(-250.000000000001,69.1927367764209,-4.09178916128945));
#10687=CARTESIAN_POINT('Ctrl Pts',(-259.848789997159,64.8482032911042,-4.29330705697078));
#10688=CARTESIAN_POINT('Ctrl Pts',(-256.813103079091,64.7750665295138,-4.37073586077639));
#10689=CARTESIAN_POINT('Ctrl Pts',(-253.530149999256,64.6966370852172,-4.42316632793055));
#10690=CARTESIAN_POINT('Ctrl Pts',(-250.,64.6088495261592,-4.44944574989293));
#10691=CARTESIAN_POINT('Ctrl Pts',(-260.177328571641,60.8792259829157,-4.51811123365974));
#10692=CARTESIAN_POINT('Ctrl Pts',(-257.040380195143,60.9346795350139,-4.60978846127015));
#10693=CARTESIAN_POINT('Ctrl Pts',(-253.647905270814,60.9941790028828,-4.67667857258846));
#10694=CARTESIAN_POINT('Ctrl Pts',(-250.,61.0557336540322,-4.71787302499372));
#10695=CARTESIAN_POINT('Ctrl Pts',(-260.37350733541,58.1243962656527,-4.67535281896493));
#10696=CARTESIAN_POINT('Ctrl Pts',(-257.176078686168,58.3102147204058,-4.77701665960881));
#10697=CARTESIAN_POINT('Ctrl Pts',(-253.718236777502,58.5105707709034,-4.85388025497364));
#10698=CARTESIAN_POINT('Ctrl Pts',(-250.,58.7234799901515,-4.90550849905075));
#10699=CARTESIAN_POINT('Ctrl Pts',(-260.473841329757,55.6630542208204,-4.77728362967877));
#10700=CARTESIAN_POINT('Ctrl Pts',(-257.245496690169,55.9423197900958,-4.88471368524319));
#10701=CARTESIAN_POINT('Ctrl Pts',(-253.75418847023,56.2413681929033,-4.96733828596351));
#10702=CARTESIAN_POINT('Ctrl Pts',(-250.,56.5618677160529,-5.02481024781128));
#10703=CARTESIAN_POINT('Ctrl Pts',(-260.503285357866,54.6598103899712,-4.81480578616714));
#10704=CARTESIAN_POINT('Ctrl Pts',(-257.265852327967,54.9728873807871,-4.9245379861377));
#10705=CARTESIAN_POINT('Ctrl Pts',(-253.764757208678,55.3089326282427,-5.00933051562457));
#10706=CARTESIAN_POINT('Ctrl Pts',(-250.,55.6679461323378,-5.06918337462774));
#10707=CARTESIAN_POINT('Ctrl Pts',(-261.570419916039,20.6036228999654,-4.43293650296856));
#10708=CARTESIAN_POINT('Ctrl Pts',(-258.192505078755,21.9902253140659,-4.70942151181691));
#10709=CARTESIAN_POINT('Ctrl Pts',(-254.335698440076,23.5353093207751,-4.94489603709666));
#10710=CARTESIAN_POINT('Ctrl Pts',(-250.,25.2388749200931,-5.1393600788078));
#10711=CARTESIAN_POINT('Ctrl Pts',(-261.422061915256,20.1152338456879,-4.40987192807497));
#10712=CARTESIAN_POINT('Ctrl Pts',(-258.0874593721,21.4912400934295,-4.68635487285294));
#10713=CARTESIAN_POINT('Ctrl Pts',(-254.280105254595,23.0243728417328,-4.92247839747069));
#10714=CARTESIAN_POINT('Ctrl Pts',(-250.,24.7149168424712,-5.11818428819238));
#10715=CARTESIAN_POINT('Ctrl Pts',(-261.119955857809,19.1426341118444,-4.3597449508056));
#10716=CARTESIAN_POINT('Ctrl Pts',(-257.873551302021,20.4920179116542,-4.63678615578994));
#10717=CARTESIAN_POINT('Ctrl Pts',(-254.166899358452,21.9954363328419,-4.87494323891423));
#10718=CARTESIAN_POINT('Ctrl Pts',(-250.000000000001,23.6528067663809,-5.07423331998693));
#10719=CARTESIAN_POINT('Ctrl Pts',(-260.651385355654,17.7308379472344,-4.27113798363191));
#10720=CARTESIAN_POINT('Ctrl Pts',(-257.541777194115,19.0282469251977,-4.55107506095698));
#10721=CARTESIAN_POINT('Ctrl Pts',(-253.991315324597,20.4722094418538,-4.79538094713914));
#10722=CARTESIAN_POINT('Ctrl Pts',(-250.000000000001,22.0628787088308,-5.00399947728089));
#10723=CARTESIAN_POINT('Ctrl Pts',(-260.168115048392,16.4035643334527,-4.17381657790799));
#10724=CARTESIAN_POINT('Ctrl Pts',(-257.199594748398,17.6457571608589,-4.45686182683028));
#10725=CARTESIAN_POINT('Ctrl Pts',(-253.810223008575,19.0261945104932,-4.70775725692619));
#10726=CARTESIAN_POINT('Ctrl Pts',(-250.000000000002,20.5448436094345,-4.92651075588645));
#10727=CARTESIAN_POINT('Ctrl Pts',(-259.670817276002,15.1626478954944,-4.07393872588413));
#10728=CARTESIAN_POINT('Ctrl Pts',(-256.847480057846,16.3530626961562,-4.35757473429421));
#10729=CARTESIAN_POINT('Ctrl Pts',(-253.623874301821,17.6737643979998,-4.61200067036359));
#10730=CARTESIAN_POINT('Ctrl Pts',(-250.000000000003,19.1251821630338,-4.83707133317733));
#10731=CARTESIAN_POINT('Ctrl Pts',(-259.160134680533,13.9467332473444,-3.97264964725169));
#10732=CARTESIAN_POINT('Ctrl Pts',(-256.48588821633,15.0855273103684,-4.25289441813156));
#10733=CARTESIAN_POINT('Ctrl Pts',(-253.432509930463,16.3483934688095,-4.50559486300866));
#10734=CARTESIAN_POINT('Ctrl Pts',(-250.000000000004,17.7353594631121,-4.73081990462995));
#10735=CARTESIAN_POINT('Ctrl Pts',(-258.808446001657,13.0999183371619,-3.89778607686957));
#10736=CARTESIAN_POINT('Ctrl Pts',(-256.236872926859,14.1987225128068,-4.17403098110748));
#10737=CARTESIAN_POINT('Ctrl Pts',(-253.300724235522,15.4175074949046,-4.42369895766333));
#10738=CARTESIAN_POINT('Ctrl Pts',(-250.000000000004,16.7568476716786,-4.64668380123163));
#10739=CARTESIAN_POINT('Ctrl Pts',(-258.626392683456,12.6597124948321,-3.85655435227497));
#10740=CARTESIAN_POINT('Ctrl Pts',(-256.107968995192,13.7361283623447,-4.13077981799031));
#10741=CARTESIAN_POINT('Ctrl Pts',(-253.232504720412,14.9307561470402,-4.37890695027056));
#10742=CARTESIAN_POINT('Ctrl Pts',(-250.000000000004,16.243722369876,-4.60095487678891));
#10743=CARTESIAN_POINT('Ctrl Pts',(-258.615355199771,12.6330254160175,-3.85405082827814));
#10744=CARTESIAN_POINT('Ctrl Pts',(-256.100153838332,13.7080886542933,-4.12815224682455));
#10745=CARTESIAN_POINT('Ctrl Pts',(-253.228368725853,14.9012344238223,-4.37619055179127));
#10746=CARTESIAN_POINT('Ctrl Pts',(-250.000000000004,16.2126074160533,-4.59817878906093));
#10747=CARTESIAN_POINT('Ctrl Pts',(-258.59602924453,12.5862981626489,-3.84965614320909));
#10748=CARTESIAN_POINT('Ctrl Pts',(-256.08646998033,13.6589796138355,-4.12354212829895));
#10749=CARTESIAN_POINT('Ctrl Pts',(-253.221126852277,14.8495380931225,-4.37142051474633));
#10750=CARTESIAN_POINT('Ctrl Pts',(-250.000000000004,16.1581069094192,-4.59330817612618));
#10751=CARTESIAN_POINT('Ctrl Pts',(-258.557335965404,12.4927556779113,-3.84081412464203));
#10752=CARTESIAN_POINT('Ctrl Pts',(-256.059072972284,13.5606472956807,-4.11426799457322));
#10753=CARTESIAN_POINT('Ctrl Pts',(-253.206627604293,14.7459894967562,-4.3618312774816));
#10754=CARTESIAN_POINT('Ctrl Pts',(-250.000000000005,16.0489231804957,-4.58351827141005));
#10755=CARTESIAN_POINT('Ctrl Pts',(-258.501942034913,12.3589112700404,-3.8280325501021));
#10756=CARTESIAN_POINT('Ctrl Pts',(-256.019850968332,13.4198715429772,-4.10087057482948));
#10757=CARTESIAN_POINT('Ctrl Pts',(-253.185870243602,14.5976788820332,-4.34798711684342));
#10758=CARTESIAN_POINT('Ctrl Pts',(-250.000000000007,15.8924688908217,-4.56939805881881));
#10759=CARTESIAN_POINT('Ctrl Pts',(-258.435282023196,12.1981101863376,-3.81246154253229));
#10760=CARTESIAN_POINT('Ctrl Pts',(-255.9726519481,13.2506265815792,-4.08456409722044));
#10761=CARTESIAN_POINT('Ctrl Pts',(-253.160891227113,14.4192565980961,-4.33115671385099));
#10762=CARTESIAN_POINT('Ctrl Pts',(-250.000000000008,15.7041382041833,-4.5522544238418));
#10763=CARTESIAN_POINT('Ctrl Pts',(-258.346153900621,11.9836841351966,-3.79140393527797));
#10764=CARTESIAN_POINT('Ctrl Pts',(-255.909544247342,13.0247869241186,-4.06253349775706));
#10765=CARTESIAN_POINT('Ctrl Pts',(-253.127492900717,14.1810196468792,-4.30844462960794));
#10766=CARTESIAN_POINT('Ctrl Pts',(-250.00000000001,15.4525183133908,-4.52915276129433));
#10767=CARTESIAN_POINT('Ctrl Pts',(-258.234281585959,11.7160656273978,-3.76456063940652));
#10768=CARTESIAN_POINT('Ctrl Pts',(-255.830332385701,12.7426461141828,-4.03449108503144));
#10769=CARTESIAN_POINT('Ctrl Pts',(-253.085571809744,13.8831061320794,-4.27958706053527));
#10770=CARTESIAN_POINT('Ctrl Pts',(-250.000000000018,15.1375825900892,-4.4998631588555));
#10771=CARTESIAN_POINT('Ctrl Pts',(-258.099305103038,11.3971340217169,-3.73165986079822));
#10772=CARTESIAN_POINT('Ctrl Pts',(-255.734761478878,12.4059943998121,-4.00018113176844));
#10773=CARTESIAN_POINT('Ctrl Pts',(-253.034993064267,13.5271956443455,-4.24435501869359));
#10774=CARTESIAN_POINT('Ctrl Pts',(-250.000000000024,14.7608718014599,-4.46419669988008));
#10775=CARTESIAN_POINT('Ctrl Pts',(-257.963608700115,11.0820518058248,-3.69825352419428));
#10776=CARTESIAN_POINT('Ctrl Pts',(-255.638680829236,12.0730280690639,-3.96538801631591));
#10777=CARTESIAN_POINT('Ctrl Pts',(-252.984144547372,13.174754482319,-4.20868306123396));
#10778=CARTESIAN_POINT('Ctrl Pts',(-250.000000000033,14.387366784137,-4.42815263679942));
#10779=CARTESIAN_POINT('Ctrl Pts',(-257.781733385395,10.6690434675235,-3.65328108953577));
#10780=CARTESIAN_POINT('Ctrl Pts',(-255.509902923142,11.6361164801603,-3.91858136148492));
#10781=CARTESIAN_POINT('Ctrl Pts',(-252.915991748135,12.7117489508888,-4.16073360948882));
#10782=CARTESIAN_POINT('Ctrl Pts',(-250.000000000035,13.8960710196201,-4.37975382391053));
#10783=CARTESIAN_POINT('Ctrl Pts',(-257.598457632557,10.269629226449,-3.6080481689468));
#10784=CARTESIAN_POINT('Ctrl Pts',(-255.380133430466,11.2129652489157,-3.87150459449154));
#10785=CARTESIAN_POINT('Ctrl Pts',(-252.847314170463,12.2625455958543,-4.11251035250107));
#10786=CARTESIAN_POINT('Ctrl Pts',(-250.000000000068,13.4184993746751,-4.33107995991147));
#10787=CARTESIAN_POINT('Ctrl Pts',(-257.413821285889,9.88712622292797,-3.56303056153216));
#10788=CARTESIAN_POINT('Ctrl Pts',(-255.249400560823,10.8072727350013,-3.82458490069886));
#10789=CARTESIAN_POINT('Ctrl Pts',(-252.778126747899,11.8312393762227,-4.06436342355395));
#10790=CARTESIAN_POINT('Ctrl Pts',(-250.000000000073,12.9591578856351,-4.28237934708699));
#10791=CARTESIAN_POINT('Ctrl Pts',(-257.274673809875,9.60863346469771,-3.52938168872651));
#10792=CARTESIAN_POINT('Ctrl Pts',(-255.150876357393,10.511699906881,-3.78947499903917));
#10793=CARTESIAN_POINT('Ctrl Pts',(-252.725985036807,11.5167300422688,-4.0282849767516));
#10794=CARTESIAN_POINT('Ctrl Pts',(-250.000000000083,12.6238528209845,-4.24582553205676));
#10795=CARTESIAN_POINT('Ctrl Pts',(-257.134866240782,9.33802224135482,-3.49580303694649));
#10796=CARTESIAN_POINT('Ctrl Pts',(-255.05188477163,10.2243246160043,-3.75439769001426));
#10797=CARTESIAN_POINT('Ctrl Pts',(-252.673595973208,11.2107047750542,-3.99218952558695));
#10798=CARTESIAN_POINT('Ctrl Pts',(-250.000000000086,12.2972919078976,-4.20919175065299));
#10799=CARTESIAN_POINT('Ctrl Pts',(-256.994408794222,9.07417570700435,-3.46217371885604));
#10800=CARTESIAN_POINT('Ctrl Pts',(-254.952433035939,9.94397836730251,-3.71923297351185));
#10801=CARTESIAN_POINT('Ctrl Pts',(-252.620963386187,10.9119614463329,-3.95596045945584));
#10802=CARTESIAN_POINT('Ctrl Pts',(-250.000000000093,11.9782527036223,-4.17236950851216));
#10803=CARTESIAN_POINT('Ctrl Pts',(-256.853311744618,8.81558997570369,-3.42832846662499));
#10804=CARTESIAN_POINT('Ctrl Pts',(-254.852528425772,9.66906133859766,-3.68381600968965));
#10805=CARTESIAN_POINT('Ctrl Pts',(-252.568091125046,10.6188149007614,-3.91943847675269));
#10806=CARTESIAN_POINT('Ctrl Pts',(-250.000000000101,11.6649786662824,-4.13520898943881));
#10807=CARTESIAN_POINT('Ctrl Pts',(-256.711585420519,8.56052190018985,-3.3940683963232));
#10808=CARTESIAN_POINT('Ctrl Pts',(-254.752178253836,9.39769725443366,-3.64794759952126));
#10809=CARTESIAN_POINT('Ctrl Pts',(-252.514983060749,10.3292661051468,-3.88242924508338));
#10810=CARTESIAN_POINT('Ctrl Pts',(-250.000000000108,11.3553553204762,-4.09752615738359));
#10811=CARTESIAN_POINT('Ctrl Pts',(-256.592964392035,8.34940859599575,-3.36499359318825));
#10812=CARTESIAN_POINT('Ctrl Pts',(-254.668187924913,9.1729057434534,-3.61750044699214));
#10813=CARTESIAN_POINT('Ctrl Pts',(-252.470533073917,10.0892326732268,-3.85100409756729));
#10814=CARTESIAN_POINT('Ctrl Pts',(-250.000000000115,11.0985169393687,-4.06551771136786));
#10815=CARTESIAN_POINT('Ctrl Pts',(-256.509663442556,8.20165248063838,-3.34427098543612));
#10816=CARTESIAN_POINT('Ctrl Pts',(-254.609206189063,9.01545013578254,-3.59579803627709));
#10817=CARTESIAN_POINT('Ctrl Pts',(-252.439318321127,9.92098820132479,-3.82860298404861));
#10818=CARTESIAN_POINT('Ctrl Pts',(-250.000000000117,10.918392872525,-4.04269818195738));
#10819=CARTESIAN_POINT('Ctrl Pts',(-256.467946978821,8.12769958850016,-3.33380585526657));
#10820=CARTESIAN_POINT('Ctrl Pts',(-254.57966859727,8.93660685254487,-3.58483797425301));
#10821=CARTESIAN_POINT('Ctrl Pts',(-252.423686217116,9.83670947218489,-3.81728907374051));
#10822=CARTESIAN_POINT('Ctrl Pts',(-250.000000000118,10.8281357078312,-4.03117283994642));
#10823=CARTESIAN_POINT('Ctrl Pts',(-256.447072320815,8.09069593732288,-3.32854604761847));
#10824=CARTESIAN_POINT('Ctrl Pts',(-254.564888170676,8.89714658137615,-3.57932895869652));
#10825=CARTESIAN_POINT('Ctrl Pts',(-252.415864009956,9.79452175550387,-3.81160311898744));
#10826=CARTESIAN_POINT('Ctrl Pts',(-250.000000000118,10.7829459992894,-4.02537979399149));
#10827=CARTESIAN_POINT('Ctrl Pts',(-256.435139261656,8.06954044375388,-3.32553235704917));
#10828=CARTESIAN_POINT('Ctrl Pts',(-254.556438896781,8.87458395169544,-3.57617310289579));
#10829=CARTESIAN_POINT('Ctrl Pts',(-252.411392422286,9.77039454584943,-3.80834405420265));
#10830=CARTESIAN_POINT('Ctrl Pts',(-250.000000000118,10.7571026094566,-4.02206054684861));
#10831=CARTESIAN_POINT('Ctrl Pts',(-256.238192332238,7.72042573841813,-3.27572195169259));
#10832=CARTESIAN_POINT('Ctrl Pts',(-254.416989446173,8.50223212477063,-3.52399436504523));
#10833=CARTESIAN_POINT('Ctrl Pts',(-252.337591944418,9.37221822246416,-3.75450882786673));
#10834=CARTESIAN_POINT('Ctrl Pts',(-250.000000000115,10.3305186435879,-3.96719543196858));
#10835=CARTESIAN_POINT('Ctrl Pts',(-255.849985552605,7.02586759413695,-3.17235642936046));
#10836=CARTESIAN_POINT('Ctrl Pts',(-254.142117312468,7.75942169144801,-3.41577152565021));
#10837=CARTESIAN_POINT('Ctrl Pts',(-252.192122069852,8.57612145878831,-3.64277863583247));
#10838=CARTESIAN_POINT('Ctrl Pts',(-250.000000000081,9.47627117103171,-3.85342950815773));
#10839=CARTESIAN_POINT('Ctrl Pts',(-255.263282133603,5.95472166799383,-2.99343023258314));
#10840=CARTESIAN_POINT('Ctrl Pts',(-253.726698438186,6.60170516992854,-3.22756384694655));
#10841=CARTESIAN_POINT('Ctrl Pts',(-251.972271017008,7.32312490622601,-3.44755737841152));
#10842=CARTESIAN_POINT('Ctrl Pts',(-250.000000000069,8.11845184253568,-3.65330392551339));
#10843=CARTESIAN_POINT('Ctrl Pts',(-254.668317564914,4.9547805623667,-2.78705791357271));
#10844=CARTESIAN_POINT('Ctrl Pts',(-253.30543018793,5.51064135335437,-3.00934783131548));
#10845=CARTESIAN_POINT('Ctrl Pts',(-251.74932434923,6.12974888497237,-3.21963033073499));
#10846=CARTESIAN_POINT('Ctrl Pts',(-250.000000000029,6.81227637244155,-3.41793826831561));
#10847=CARTESIAN_POINT('Ctrl Pts',(-254.266577366892,4.3706287309493,-2.63023161989376));
#10848=CARTESIAN_POINT('Ctrl Pts',(-253.020975708338,4.87150946570214,-2.84354248693385));
#10849=CARTESIAN_POINT('Ctrl Pts',(-251.598783103807,5.42915687085696,-3.04660424286891));
#10850=CARTESIAN_POINT('Ctrl Pts',(-250.,6.04308798030095,-3.23929092572511));
#10851=CARTESIAN_POINT('Ctrl Pts',(-254.06452852005,4.08608498001902,-2.54752600969119));
#10852=CARTESIAN_POINT('Ctrl Pts',(-252.877913747719,4.56003500749431,-2.75620496979275));
#10853=CARTESIAN_POINT('Ctrl Pts',(-251.523070907703,5.08732205826727,-2.95548683317571));
#10854=CARTESIAN_POINT('Ctrl Pts',(-250.,5.66794613233791,-3.14537159984005));
#10855=CARTESIAN_POINT('Ctrl Pts',(-270.749555161566,65.6402832125394,-3.80489960226006));
#10856=CARTESIAN_POINT('Ctrl Pts',(-265.203261029403,65.5133089709257,-4.14740536263242));
#10857=CARTESIAN_POINT('Ctrl Pts',(-258.286742642214,65.3466581950589,-4.34749984962987));
#10858=CARTESIAN_POINT('Ctrl Pts',(-250.,65.140330884939,-4.40518306325239));
#10859=CARTESIAN_POINT('Ctrl Pts',(-270.995072250995,64.276230113489,-3.86537524089605));
#10860=CARTESIAN_POINT('Ctrl Pts',(-265.383151650178,64.1988814141459,-4.21823647800287));
#10861=CARTESIAN_POINT('Ctrl Pts',(-258.384795439866,64.0932190897403,-4.42895051021999));
#10862=CARTESIAN_POINT('Ctrl Pts',(-250.,63.9579652543834,-4.4973239264862));
#10863=CARTESIAN_POINT('Ctrl Pts',(-271.444326533406,61.5538469592892,-3.97038351623249));
#10864=CARTESIAN_POINT('Ctrl Pts',(-265.712317912205,61.6049016977786,-4.34302611508876));
#10865=CARTESIAN_POINT('Ctrl Pts',(-258.564219483313,61.6586611533354,-4.57449926699191));
#10866=CARTESIAN_POINT('Ctrl Pts',(-250.,61.7141775638413,-4.66506078913256));
#10867=CARTESIAN_POINT('Ctrl Pts',(-271.959397921057,57.6219322223019,-4.11441339892455));
#10868=CARTESIAN_POINT('Ctrl Pts',(-266.089724229104,57.959244050702,-4.51396326867178));
#10869=CARTESIAN_POINT('Ctrl Pts',(-258.769905475609,58.3685807224871,-4.77402134780524));
#10870=CARTESIAN_POINT('Ctrl Pts',(-249.999999999999,58.8499612824953,-4.89451022608625));
#10871=CARTESIAN_POINT('Ctrl Pts',(-272.289046865805,53.5488400366167,-4.2316743665625));
#10872=CARTESIAN_POINT('Ctrl Pts',(-266.331260475911,54.1467582040377,-4.65143741177545));
#10873=CARTESIAN_POINT('Ctrl Pts',(-258.901555048088,54.8772432331885,-4.93198964102764));
#10874=CARTESIAN_POINT('Ctrl Pts',(-249.999999999999,55.7378319178481,-5.07350673091166));
#10875=CARTESIAN_POINT('Ctrl Pts',(-272.395404987433,50.0867018317442,-4.30841155533229));
#10876=CARTESIAN_POINT('Ctrl Pts',(-266.409180137728,50.8646292966569,-4.74246847905143));
#10877=CARTESIAN_POINT('Ctrl Pts',(-258.944045076922,51.807863165378,-5.03832099863845));
#10878=CARTESIAN_POINT('Ctrl Pts',(-249.999999999999,52.9122619939687,-5.19575608661531));
#10879=CARTESIAN_POINT('Ctrl Pts',(-272.378972190751,47.7768436996746,-4.35248745582849));
#10880=CARTESIAN_POINT('Ctrl Pts',(-266.397145158375,48.7040977892557,-4.79619241873449));
#10881=CARTESIAN_POINT('Ctrl Pts',(-258.937474278561,49.8204763667792,-5.10269973792703));
#10882=CARTESIAN_POINT('Ctrl Pts',(-249.999999999999,51.1228584355477,-5.2720935973906));
#10883=CARTESIAN_POINT('Ctrl Pts',(-272.343725779854,46.490910094822,-4.37378349898013));
#10884=CARTESIAN_POINT('Ctrl Pts',(-266.371318978831,47.5111008670937,-4.82259586938113));
#10885=CARTESIAN_POINT('Ctrl Pts',(-258.923399469148,48.7367657412112,-5.13507323763402));
#10886=CARTESIAN_POINT('Ctrl Pts',(-249.999999999999,50.1628598115583,-5.31116256105622));
#10887=CARTESIAN_POINT('Ctrl Pts',(-272.265101346089,44.5901819556635,-4.40170675499652));
#10888=CARTESIAN_POINT('Ctrl Pts',(-266.31370743533,45.7573044991332,-4.85784092342588));
#10889=CARTESIAN_POINT('Ctrl Pts',(-258.892004016683,47.152594642672,-5.17890540742143));
#10890=CARTESIAN_POINT('Ctrl Pts',(-249.999999999999,48.7749549288637,-5.36498269179693));
#10891=CARTESIAN_POINT('Ctrl Pts',(-272.050906712225,41.7236808465528,-4.42594400237296));
#10892=CARTESIAN_POINT('Ctrl Pts',(-266.156764407451,43.1075160530737,-4.89101638779674));
#10893=CARTESIAN_POINT('Ctrl Pts',(-258.806464138461,44.758471492021,-5.22354589209799));
#10894=CARTESIAN_POINT('Ctrl Pts',(-250.,46.6766381346458,-5.42347372657645));
#10895=CARTESIAN_POINT('Ctrl Pts',(-271.729542966258,38.871307256191,-4.41630683244808));
#10896=CARTESIAN_POINT('Ctrl Pts',(-265.921300465256,40.3573526553225,-4.88483938073872));
#10897=CARTESIAN_POINT('Ctrl Pts',(-258.678120860966,42.1358540268186,-5.22318970328105));
#10898=CARTESIAN_POINT('Ctrl Pts',(-250.,44.2045580190028,-5.43156640692865));
#10899=CARTESIAN_POINT('Ctrl Pts',(-271.538406376826,37.4867242890233,-4.40554177295234));
#10900=CARTESIAN_POINT('Ctrl Pts',(-265.781254670499,39.0232328751071,-4.87471521633634));
#10901=CARTESIAN_POINT('Ctrl Pts',(-258.601785878224,40.8623924474034,-5.21502730960016));
#10902=CARTESIAN_POINT('Ctrl Pts',(-250.,43.0042030059122,-5.42647805274381));
#10903=CARTESIAN_POINT('Ctrl Pts',(-274.212238597043,36.608334597283,-4.16507873635755));
#10904=CARTESIAN_POINT('Ctrl Pts',(-268.062454911541,38.2861736547806,-4.75937903516602));
#10905=CARTESIAN_POINT('Ctrl Pts',(-259.991708712526,40.3748215676082,-5.17965077868415));
#10906=CARTESIAN_POINT('Ctrl Pts',(-250.,42.8742783357659,-5.42589396691193));
#10907=CARTESIAN_POINT('Ctrl Pts',(-274.102058738525,35.8966611872403,-4.15932706393483));
#10908=CARTESIAN_POINT('Ctrl Pts',(-267.980259041087,37.6022464400984,-4.75372847801204));
#10909=CARTESIAN_POINT('Ctrl Pts',(-259.946242421084,39.7248135704536,-5.17496982340254));
#10910=CARTESIAN_POINT('Ctrl Pts',(-250.,42.2676212392107,-5.423011868963));
#10911=CARTESIAN_POINT('Ctrl Pts',(-273.864187289059,34.4956889937866,-4.14554675096959));
#10912=CARTESIAN_POINT('Ctrl Pts',(-267.802807760044,36.2546317931635,-4.73969189143647));
#10913=CARTESIAN_POINT('Ctrl Pts',(-259.84807624905,38.4488040442849,-5.16216786056198));
#10914=CARTESIAN_POINT('Ctrl Pts',(-249.999999999999,41.0748018901379,-5.41315985349824));
#10915=CARTESIAN_POINT('Ctrl Pts',(-273.321549171735,31.8375102809441,-4.111470747181));
#10916=CARTESIAN_POINT('Ctrl Pts',(-267.397995106825,33.7149063210465,-4.70369973667368));
#10917=CARTESIAN_POINT('Ctrl Pts',(-259.624147740189,36.0552938879366,-5.12744896096729));
#10918=CARTESIAN_POINT('Ctrl Pts',(-249.999999999999,38.8591890165976,-5.38317112328799));
#10919=CARTESIAN_POINT('Ctrl Pts',(-272.523987490964,28.6658640664828,-4.07032141746557));
#10920=CARTESIAN_POINT('Ctrl Pts',(-266.803010993397,30.6652957334856,-4.66131085954622));
#10921=CARTESIAN_POINT('Ctrl Pts',(-259.295014855507,33.1558379150479,-5.08839610960461));
#10922=CARTESIAN_POINT('Ctrl Pts',(-250.,36.1378070175828,-5.35215571936788));
#10923=CARTESIAN_POINT('Ctrl Pts',(-271.396815574993,25.0097455504679,-4.00531070522866));
#10924=CARTESIAN_POINT('Ctrl Pts',(-265.962134455429,27.0638188664095,-4.60136384934963));
#10925=CARTESIAN_POINT('Ctrl Pts',(-258.829863531649,29.6163017919873,-5.04520006584288));
#10926=CARTESIAN_POINT('Ctrl Pts',(-249.999999999999,32.6669521964526,-5.33746581316814));
#10927=CARTESIAN_POINT('Ctrl Pts',(-270.119222179677,21.6848796468691,-3.90080164915735));
#10928=CARTESIAN_POINT('Ctrl Pts',(-265.009044247936,23.7548727154407,-4.50060761948571));
#10929=CARTESIAN_POINT('Ctrl Pts',(-258.302635015198,26.3179471982696,-4.963964717004));
#10930=CARTESIAN_POINT('Ctrl Pts',(-250.,29.3734962439541,-5.29221479708167));
#10931=CARTESIAN_POINT('Ctrl Pts',(-268.707959667428,18.5731564836175,-3.79534241452179));
#10932=CARTESIAN_POINT('Ctrl Pts',(-263.956232592023,20.6178932720562,-4.38525552707473));
#10933=CARTESIAN_POINT('Ctrl Pts',(-257.720250865214,23.1550798202215,-4.84621422696321));
#10934=CARTESIAN_POINT('Ctrl Pts',(-250.,26.1797748919282,-5.17986260585512));
#10935=CARTESIAN_POINT('Ctrl Pts',(-267.432045012093,16.0983282075408,-3.66751195640176));
#10936=CARTESIAN_POINT('Ctrl Pts',(-263.004396310867,18.039401751807,-4.24874197582602));
#10937=CARTESIAN_POINT('Ctrl Pts',(-257.193712554207,20.4418971170156,-4.71422371427635));
#10938=CARTESIAN_POINT('Ctrl Pts',(-250.,23.3124378138917,-5.06147665174497));
#10939=CARTESIAN_POINT('Ctrl Pts',(-266.357197228454,14.3094314963406,-3.52819305812267));
#10940=CARTESIAN_POINT('Ctrl Pts',(-262.202552938688,16.141491229745,-4.10558093024739));
#10941=CARTESIAN_POINT('Ctrl Pts',(-256.750155399022,18.4031691847879,-4.58127835569725));
#10942=CARTESIAN_POINT('Ctrl Pts',(-250.,21.0905546935708,-4.95684037395751));
#10943=CARTESIAN_POINT('Ctrl Pts',(-265.802605542352,13.4826299227352,-3.45891517353462));
#10944=CARTESIAN_POINT('Ctrl Pts',(-261.788825833575,15.264976680914,-4.03222986858022));
#10945=CARTESIAN_POINT('Ctrl Pts',(-256.521289160284,17.4561440058919,-4.51193041217002));
#10946=CARTESIAN_POINT('Ctrl Pts',(-250.,20.0604806400396,-4.89618554244492));
#10947=CARTESIAN_POINT('Ctrl Pts',(-265.521228736594,13.0783074472379,-3.425059439242));
#10948=CARTESIAN_POINT('Ctrl Pts',(-261.578916716139,14.8349150143595,-3.99592847852222));
#10949=CARTESIAN_POINT('Ctrl Pts',(-256.405173803941,16.9942064225924,-4.47526388675784));
#10950=CARTESIAN_POINT('Ctrl Pts',(-250.,19.5561816719364,-4.86306566394886));
#10951=CARTESIAN_POINT('Ctrl Pts',(-260.158095095437,48.6099972431343,-5.02581478138088));
#10952=CARTESIAN_POINT('Ctrl Pts',(-257.016246780248,49.119560931167,-5.14237526407383));
#10953=CARTESIAN_POINT('Ctrl Pts',(-253.630215081769,49.6625201568199,-5.23636106247994));
#10954=CARTESIAN_POINT('Ctrl Pts',(-250.,50.2388749200931,-5.30777217659922));
#10955=CARTESIAN_POINT('Ctrl Pts',(-260.141823790374,47.6773508571393,-5.05147629433875));
#10956=CARTESIAN_POINT('Ctrl Pts',(-257.00500651282,48.2256466758445,-5.17012275076274));
#10957=CARTESIAN_POINT('Ctrl Pts',(-253.624402023065,48.8115832537809,-5.26631797098108));
#10958=CARTESIAN_POINT('Ctrl Pts',(-250.,49.4310539510606,-5.34004992220495));
#10959=CARTESIAN_POINT('Ctrl Pts',(-260.086517419881,45.9054033765094,-5.09373534731994));
#10960=CARTESIAN_POINT('Ctrl Pts',(-256.966807761076,46.5411781976977,-5.21636992381243));
#10961=CARTESIAN_POINT('Ctrl Pts',(-253.604635207685,47.2172039457697,-5.31681168642273));
#10962=CARTESIAN_POINT('Ctrl Pts',(-250.,47.9343176825403,-5.39509052196482));
#10963=CARTESIAN_POINT('Ctrl Pts',(-259.937179384996,42.7978043168432,-5.11774560642331));
#10964=CARTESIAN_POINT('Ctrl Pts',(-256.86365795106,43.5274379802306,-5.24485130778916));
#10965=CARTESIAN_POINT('Ctrl Pts',(-253.551267516537,44.3041669950843,-5.35026670233487));
#10966=CARTESIAN_POINT('Ctrl Pts',(-250.,45.1277342217107,-5.43402191320946));
#10967=CARTESIAN_POINT('Ctrl Pts',(-259.72473297223,39.4080052079619,-5.10024172432986));
#10968=CARTESIAN_POINT('Ctrl Pts',(-256.716920902539,40.1991180114985,-5.22980958679972));
#10969=CARTESIAN_POINT('Ctrl Pts',(-253.475344333378,41.0420157723654,-5.33818921015908));
#10970=CARTESIAN_POINT('Ctrl Pts',(-250.,41.9363781841993,-5.42545886736082));
#10971=CARTESIAN_POINT('Ctrl Pts',(-259.453382291094,36.3741509472271,-5.05709471045513));
#10972=CARTESIAN_POINT('Ctrl Pts',(-256.52949742,37.2358291958566,-5.18756259737001));
#10973=CARTESIAN_POINT('Ctrl Pts',(-253.378371548076,38.1536870073909,-5.2973386533168));
#10974=CARTESIAN_POINT('Ctrl Pts',(-250.,39.1280474969951,-5.3864890798696));
#10975=CARTESIAN_POINT('Ctrl Pts',(-259.12789554205,33.4532558524755,-5.01825018757366));
#10976=CARTESIAN_POINT('Ctrl Pts',(-256.304682403394,34.3708987960113,-5.15053497382069));
#10977=CARTESIAN_POINT('Ctrl Pts',(-253.262051469975,35.3486461333647,-5.26268670526568));
#10978=CARTESIAN_POINT('Ctrl Pts',(-250.,36.3858664795115,-5.35484930459678));
#10979=CARTESIAN_POINT('Ctrl Pts',(-258.753270756684,30.4682887743268,-4.98489155559033));
#10980=CARTESIAN_POINT('Ctrl Pts',(-256.045927498921,31.4097344014939,-5.12244207717905));
#10981=CARTESIAN_POINT('Ctrl Pts',(-253.128170853553,32.4119874560606,-5.24106312223979));
#10982=CARTESIAN_POINT('Ctrl Pts',(-250.,33.4752467590214,-5.34067585504074));
#10983=CARTESIAN_POINT('Ctrl Pts',(-258.473967877451,28.5708963004617,-4.94907332532612));
#10984=CARTESIAN_POINT('Ctrl Pts',(-255.853012387991,29.5167496113215,-5.09155889238238));
#10985=CARTESIAN_POINT('Ctrl Pts',(-253.028355029264,30.5233589419024,-5.21608610511039));
#10986=CARTESIAN_POINT('Ctrl Pts',(-250.,31.5906336263406,-5.32275397367752));
#10987=CARTESIAN_POINT('Ctrl Pts',(-258.327639941647,27.6466244509222,-4.92632075080239));
#10988=CARTESIAN_POINT('Ctrl Pts',(-255.751942305984,28.5931452901399,-5.07068798882131));
#10989=CARTESIAN_POINT('Ctrl Pts',(-252.976062325435,29.6002525172784,-5.19762443121077));
#10990=CARTESIAN_POINT('Ctrl Pts',(-250.,30.6679461323378,-5.30713007797078));
#10991=CARTESIAN_POINT('Ctrl Pts',(-253.45308911737,126.768842313699,-0.132925386114961));
#10992=CARTESIAN_POINT('Ctrl Pts',(-252.57407079013,126.355138415721,-0.130813724690063));
#10993=CARTESIAN_POINT('Ctrl Pts',(-251.42304108434,125.845149284519,-0.110253532512829));
#10994=CARTESIAN_POINT('Ctrl Pts',(-250.,125.238874920093,-0.071244809583257));
#10995=CARTESIAN_POINT('Ctrl Pts',(-253.994652470732,126.106979180284,-0.15812291458702));
#10996=CARTESIAN_POINT('Ctrl Pts',(-252.977772490185,125.62409604592,-0.156276307252737));
#10997=CARTESIAN_POINT('Ctrl Pts',(-251.646225050512,125.02942806994,-0.132415087747474));
#10998=CARTESIAN_POINT('Ctrl Pts',(-250.,124.320145204927,-0.0876710446510638));
#10999=CARTESIAN_POINT('Ctrl Pts',(-255.036871913159,124.672872895397,-0.212704512605915));
#11000=CARTESIAN_POINT('Ctrl Pts',(-253.754687305753,124.062427422925,-0.210407844926089));
#11001=CARTESIAN_POINT('Ctrl Pts',(-252.075726202177,123.309782370648,-0.17921818761962));
#11002=CARTESIAN_POINT('Ctrl Pts',(-250.,122.416986456238,-0.119236795439515));
#11003=CARTESIAN_POINT('Ctrl Pts',(-256.479190404607,122.402766713418,-0.276930666775333));
#11004=CARTESIAN_POINT('Ctrl Pts',(-254.829847305951,121.676677119657,-0.272340928943633));
#11005=CARTESIAN_POINT('Ctrl Pts',(-252.670118379591,120.786206505561,-0.229017176602749));
#11006=CARTESIAN_POINT('Ctrl Pts',(-250.,119.732441429366,-0.147318289640728));
#11007=CARTESIAN_POINT('Ctrl Pts',(-257.582995500951,120.487134183895,-0.33717268136898));
#11008=CARTESIAN_POINT('Ctrl Pts',(-255.652668484368,119.742083052755,-0.334173664143253));
#11009=CARTESIAN_POINT('Ctrl Pts',(-253.125002705499,118.833244711905,-0.285721480345872));
#11010=CARTESIAN_POINT('Ctrl Pts',(-250.,117.761500518316,-0.192114301499608));
#11011=CARTESIAN_POINT('Ctrl Pts',(-258.409807680373,118.833265573273,-0.399032172086803));
#11012=CARTESIAN_POINT('Ctrl Pts',(-256.269008618468,118.084429318275,-0.398097716499696));
#11013=CARTESIAN_POINT('Ctrl Pts',(-253.465735496064,117.176812592329,-0.344936098770127));
#11014=CARTESIAN_POINT('Ctrl Pts',(-250.,116.114507621911,-0.239919564721487));
#11015=CARTESIAN_POINT('Ctrl Pts',(-259.002721142609,117.498405459592,-0.446382448401993));
#11016=CARTESIAN_POINT('Ctrl Pts',(-256.710988846676,116.735712659459,-0.44642193258029));
#11017=CARTESIAN_POINT('Ctrl Pts',(-253.710081019199,115.818617612894,-0.388819928583712));
#11018=CARTESIAN_POINT('Ctrl Pts',(-250.,114.748205944966,-0.273849538881386));
#11019=CARTESIAN_POINT('Ctrl Pts',(-259.569456163632,116.062768661825,-0.491871666119374));
#11020=CARTESIAN_POINT('Ctrl Pts',(-257.133457331003,115.271377805527,-0.492316447713449));
#11021=CARTESIAN_POINT('Ctrl Pts',(-253.943633838806,114.323516216951,-0.42941587127183));
#11022=CARTESIAN_POINT('Ctrl Pts',(-250.,113.223642629853,-0.303572723272911));
#11023=CARTESIAN_POINT('Ctrl Pts',(-260.291902388541,114.044960060981,-0.549513039904846));
#11024=CARTESIAN_POINT('Ctrl Pts',(-257.671995976098,113.200872807272,-0.550183118945615));
#11025=CARTESIAN_POINT('Ctrl Pts',(-254.241361467101,112.197447747251,-0.480284844421723));
#11026=CARTESIAN_POINT('Ctrl Pts',(-250.,111.036537088196,-0.340126601004546));
#11027=CARTESIAN_POINT('Ctrl Pts',(-261.136207445993,111.446231006843,-0.623909270727756));
#11028=CARTESIAN_POINT('Ctrl Pts',(-258.301375435087,110.555808277076,-0.627359786962851));
#11029=CARTESIAN_POINT('Ctrl Pts',(-254.589304106306,109.508936578924,-0.552489844464511));
#11030=CARTESIAN_POINT('Ctrl Pts',(-250.,108.30703669552,-0.399340019083745));
#11031=CARTESIAN_POINT('Ctrl Pts',(-261.758342957165,109.502604486382,-0.707245410265422));
#11032=CARTESIAN_POINT('Ctrl Pts',(-258.765138810209,108.648627298637,-0.718348350589598));
#11033=CARTESIAN_POINT('Ctrl Pts',(-254.845692453659,107.65629034029,-0.644902747324239));
#11034=CARTESIAN_POINT('Ctrl Pts',(-250.,106.529056654842,-0.48752745949627));
#11035=CARTESIAN_POINT('Ctrl Pts',(-262.058922614084,108.55190216094,-0.755435386361667));
#11036=CARTESIAN_POINT('Ctrl Pts',(-258.989203407815,107.720346649438,-0.77067129978922));
#11037=CARTESIAN_POINT('Ctrl Pts',(-254.969562536454,106.759027973237,-0.697999268178501));
#11038=CARTESIAN_POINT('Ctrl Pts',(-250.,105.667946132338,-0.537419291529509));
#11039=UNCERTAINTY_MEASURE_WITH_UNIT(LENGTH_MEASURE(0.01),#11043,
'DISTANCE_ACCURACY_VALUE',
'Maximum model space distance between geometric entities at asserted c
onnectivities');
#11040=UNCERTAINTY_MEASURE_WITH_UNIT(LENGTH_MEASURE(0.01),#11043,
'DISTANCE_ACCURACY_VALUE',
'Maximum model space distance between geometric entities at asserted c
onnectivities');
#11041=(
GEOMETRIC_REPRESENTATION_CONTEXT(3)
GLOBAL_UNCERTAINTY_ASSIGNED_CONTEXT((#11039))
GLOBAL_UNIT_ASSIGNED_CONTEXT((#11043,#11045,#11046))
REPRESENTATION_CONTEXT('','3D')
);
#11042=(
GEOMETRIC_REPRESENTATION_CONTEXT(3)
GLOBAL_UNCERTAINTY_ASSIGNED_CONTEXT((#11040))
GLOBAL_UNIT_ASSIGNED_CONTEXT((#11043,#11045,#11046))
REPRESENTATION_CONTEXT('','3D')
);
#11043=(
LENGTH_UNIT()
NAMED_UNIT(*)
SI_UNIT(.MILLI.,.METRE.)
);
#11044=(
LENGTH_UNIT()
NAMED_UNIT(*)
SI_UNIT($,.METRE.)
);
#11045=(
NAMED_UNIT(*)
PLANE_ANGLE_UNIT()
SI_UNIT($,.RADIAN.)
);
#11046=(
NAMED_UNIT(*)
SI_UNIT($,.STERADIAN.)
SOLID_ANGLE_UNIT()
);
#11047=SHAPE_DEFINITION_REPRESENTATION(#11048,#11049);
#11048=PRODUCT_DEFINITION_SHAPE('',$,#11051);
#11049=SHAPE_REPRESENTATION('',(#4227),#11041);
#11050=PRODUCT_DEFINITION_CONTEXT('part definition',#11055,'design');
#11051=PRODUCT_DEFINITION('Wing3','Wing3',#11052,#11050);
#11052=PRODUCT_DEFINITION_FORMATION('',$,#11057);
#11053=PRODUCT_RELATED_PRODUCT_CATEGORY('Wing3','Wing3',(#11057));
#11054=APPLICATION_PROTOCOL_DEFINITION('international standard',
'automotive_design',2009,#11055);
#11055=APPLICATION_CONTEXT(
'Core Data for Automotive Mechanical Design Process');
#11056=PRODUCT_CONTEXT('part definition',#11055,'mechanical');
#11057=PRODUCT('Wing3','Wing3',$,(#11056));
#11058=PRESENTATION_STYLE_ASSIGNMENT((#11060));
#11059=PRESENTATION_STYLE_ASSIGNMENT((#11061));
#11060=SURFACE_STYLE_USAGE(.BOTH.,#11062);
#11061=SURFACE_STYLE_USAGE(.BOTH.,#11063);
#11062=SURFACE_SIDE_STYLE('',(#11064));
#11063=SURFACE_SIDE_STYLE('',(#11065));
#11064=SURFACE_STYLE_FILL_AREA(#11066);
#11065=SURFACE_STYLE_FILL_AREA(#11067);
#11066=FILL_AREA_STYLE('Steel - Satin',(#11068));
#11067=FILL_AREA_STYLE('Paint - Enamel Glossy (Dark Grey)',(#11069));
#11068=FILL_AREA_STYLE_COLOUR('Steel - Satin',#11070);
#11069=FILL_AREA_STYLE_COLOUR('Paint - Enamel Glossy (Dark Grey)',#11071);
#11070=COLOUR_RGB('Steel - Satin',0.627450980392157,0.627450980392157,0.627450980392157);
#11071=COLOUR_RGB('Paint - Enamel Glossy (Dark Grey)',0.349019607843137,
0.349019607843137,0.349019607843137);
ENDSEC;
END-ISO-10303-21;
