ISO-10303-21;
HEADER;
/* Generated by software containing ST-Developer
 * from STEP Tools, Inc. (www.steptools.com) 
 */

FILE_DESCRIPTION(
/* description */ (''),
/* implementation_level */ '2;1');

FILE_NAME(
/* name */ 'Nacelle Left.step',
/* time_stamp */ '2026-07-02T23:19:55-07:00',
/* author */ (''),
/* organization */ (''),
/* preprocessor_version */ 'ST-DEVELOPER v20.1',
/* originating_system */ 'Autodesk Translation Framework v15.8.0.0',
/* authorisation */ '');

FILE_SCHEMA (('AUTOMOTIVE_DESIGN { 1 0 10303 214 3 1 1 }'));
ENDSEC;

DATA;
#10=MECHANICAL_DESIGN_GEOMETRIC_PRESENTATION_REPRESENTATION('',(#13),#3301);
#11=SHAPE_REPRESENTATION_RELATIONSHIP('SRR','None',#3308,#12);
#12=ADVANCED_BREP_SHAPE_REPRESENTATION('',(#14),#3300);
#13=STYLED_ITEM('',(#3318),#14);
#14=MANIFOLD_SOLID_BREP('Body1',#1891);
#15=CONICAL_SURFACE('',#2045,1.55,0.785398163397448);
#16=CONICAL_SURFACE('',#2049,1.55,0.785398163397448);
#17=CONICAL_SURFACE('',#2053,1.45,0.785398163397448);
#18=CONICAL_SURFACE('',#2059,1.45,0.785398163397448);
#19=FACE_BOUND('',#251,.T.);
#20=FACE_BOUND('',#252,.T.);
#21=FACE_BOUND('',#255,.T.);
#22=FACE_BOUND('',#256,.T.);
#23=FACE_BOUND('',#269,.T.);
#24=FACE_BOUND('',#277,.T.);
#25=FACE_BOUND('',#280,.T.);
#26=FACE_BOUND('',#283,.T.);
#27=FACE_BOUND('',#290,.T.);
#28=FACE_BOUND('',#291,.T.);
#29=FACE_BOUND('',#294,.T.);
#30=FACE_BOUND('',#295,.T.);
#31=FACE_BOUND('',#302,.T.);
#32=FACE_BOUND('',#303,.T.);
#33=FACE_BOUND('',#310,.T.);
#34=FACE_BOUND('',#315,.T.);
#35=FACE_BOUND('',#319,.T.);
#36=FACE_BOUND('',#330,.T.);
#37=FACE_BOUND('',#331,.T.);
#38=SPHERICAL_SURFACE('',#1941,3.);
#39=SPHERICAL_SURFACE('',#1951,3.00000000000001);
#40=B_SPLINE_SURFACE_WITH_KNOTS('',3,3,((#2672,#2673,#2674,#2675),(#2676,
#2677,#2678,#2679),(#2680,#2681,#2682,#2683),(#2684,#2685,#2686,#2687),
(#2688,#2689,#2690,#2691)),.UNSPECIFIED.,.F.,.F.,.F.,(4,1,4),(4,4),(0.,
0.571428571428571,1.),(-4.6468365643002,-4.32699706330825),
 .UNSPECIFIED.);
#41=B_SPLINE_SURFACE_WITH_KNOTS('',3,3,((#2700,#2701,#2702,#2703,#2704,
#2705),(#2706,#2707,#2708,#2709,#2710,#2711),(#2712,#2713,#2714,#2715,#2716,
#2717),(#2718,#2719,#2720,#2721,#2722,#2723)),.UNSPECIFIED.,.F.,.F.,.F.,
(4,4),(4,2,4),(0.,1.),(-0.449463672264275,0.,0.0012446294099135),
 .UNSPECIFIED.);
#42=B_SPLINE_SURFACE_WITH_KNOTS('',3,3,((#2810,#2811,#2812,#2813,#2814,
#2815),(#2816,#2817,#2818,#2819,#2820,#2821),(#2822,#2823,#2824,#2825,#2826,
#2827),(#2828,#2829,#2830,#2831,#2832,#2833),(#2834,#2835,#2836,#2837,#2838,
#2839)),.UNSPECIFIED.,.F.,.F.,.F.,(4,1,4),(4,1,1,4),(0.,0.571428571428571,
1.),(-1.5707963267949,-0.897597901025655,-0.448798950512828,0.),
 .UNSPECIFIED.);
#43=B_SPLINE_SURFACE_WITH_KNOTS('',3,3,((#2884,#2885,#2886,#2887,#2888,
#2889),(#2890,#2891,#2892,#2893,#2894,#2895),(#2896,#2897,#2898,#2899,#2900,
#2901),(#2902,#2903,#2904,#2905,#2906,#2907),(#2908,#2909,#2910,#2911,#2912,
#2913)),.UNSPECIFIED.,.F.,.F.,.F.,(4,1,4),(4,1,1,4),(0.,0.571428571428571,
1.),(-2.22044604925031E-16,0.673198425769242,1.12199737628207,1.5707963267949),
 .UNSPECIFIED.);
#44=ELLIPSE('',#1912,1.7434467956211,1.);
#45=ELLIPSE('',#1913,3.4868935912422,2.);
#46=ELLIPSE('',#1914,1.7434467956211,1.);
#47=ELLIPSE('',#1947,8.7172339781055,5.);
#48=ELLIPSE('',#1948,7.41553559960688,2.);
#49=ELLIPSE('',#1960,7.41553559960688,2.);
#50=ELLIPSE('',#1961,8.7172339781055,5.);
#51=ELLIPSE('',#1979,40.5277682583195,1.5);
#52=ELLIPSE('',#1994,40.5277682583195,1.5);
#53=PLANE('',#1910);
#54=PLANE('',#1911);
#55=PLANE('',#1920);
#56=PLANE('',#1921);
#57=PLANE('',#1927);
#58=PLANE('',#1935);
#59=PLANE('',#1939);
#60=PLANE('',#1940);
#61=PLANE('',#1962);
#62=PLANE('',#1965);
#63=PLANE('',#1970);
#64=PLANE('',#1975);
#65=PLANE('',#1976);
#66=PLANE('',#1980);
#67=PLANE('',#1987);
#68=PLANE('',#1990);
#69=PLANE('',#1997);
#70=PLANE('',#2000);
#71=PLANE('',#2001);
#72=PLANE('',#2002);
#73=PLANE('',#2003);
#74=PLANE('',#2004);
#75=PLANE('',#2005);
#76=PLANE('',#2006);
#77=PLANE('',#2007);
#78=PLANE('',#2009);
#79=PLANE('',#2010);
#80=PLANE('',#2011);
#81=PLANE('',#2012);
#82=PLANE('',#2013);
#83=PLANE('',#2014);
#84=PLANE('',#2015);
#85=PLANE('',#2019);
#86=PLANE('',#2023);
#87=PLANE('',#2033);
#88=PLANE('',#2034);
#89=PLANE('',#2035);
#90=PLANE('',#2036);
#91=PLANE('',#2038);
#92=PLANE('',#2039);
#93=PLANE('',#2040);
#94=PLANE('',#2042);
#95=PLANE('',#2043);
#96=PLANE('',#2044);
#97=PLANE('',#2051);
#98=PLANE('',#2052);
#99=PLANE('',#2058);
#100=PLANE('',#2064);
#101=PLANE('',#2065);
#102=PLANE('',#2066);
#103=PLANE('',#2067);
#104=PLANE('',#2068);
#105=PLANE('',#2069);
#106=PLANE('',#2070);
#107=PLANE('',#2071);
#108=PLANE('',#2072);
#109=PLANE('',#2073);
#110=PLANE('',#2074);
#111=FACE_OUTER_BOUND('',#212,.T.);
#112=FACE_OUTER_BOUND('',#213,.T.);
#113=FACE_OUTER_BOUND('',#214,.T.);
#114=FACE_OUTER_BOUND('',#215,.T.);
#115=FACE_OUTER_BOUND('',#216,.T.);
#116=FACE_OUTER_BOUND('',#217,.T.);
#117=FACE_OUTER_BOUND('',#218,.T.);
#118=FACE_OUTER_BOUND('',#219,.T.);
#119=FACE_OUTER_BOUND('',#220,.T.);
#120=FACE_OUTER_BOUND('',#221,.T.);
#121=FACE_OUTER_BOUND('',#222,.T.);
#122=FACE_OUTER_BOUND('',#223,.T.);
#123=FACE_OUTER_BOUND('',#224,.T.);
#124=FACE_OUTER_BOUND('',#225,.T.);
#125=FACE_OUTER_BOUND('',#226,.T.);
#126=FACE_OUTER_BOUND('',#227,.T.);
#127=FACE_OUTER_BOUND('',#228,.T.);
#128=FACE_OUTER_BOUND('',#229,.T.);
#129=FACE_OUTER_BOUND('',#230,.T.);
#130=FACE_OUTER_BOUND('',#231,.T.);
#131=FACE_OUTER_BOUND('',#232,.T.);
#132=FACE_OUTER_BOUND('',#233,.T.);
#133=FACE_OUTER_BOUND('',#234,.T.);
#134=FACE_OUTER_BOUND('',#235,.T.);
#135=FACE_OUTER_BOUND('',#236,.T.);
#136=FACE_OUTER_BOUND('',#237,.T.);
#137=FACE_OUTER_BOUND('',#238,.T.);
#138=FACE_OUTER_BOUND('',#239,.T.);
#139=FACE_OUTER_BOUND('',#240,.T.);
#140=FACE_OUTER_BOUND('',#241,.T.);
#141=FACE_OUTER_BOUND('',#242,.T.);
#142=FACE_OUTER_BOUND('',#243,.T.);
#143=FACE_OUTER_BOUND('',#244,.T.);
#144=FACE_OUTER_BOUND('',#245,.T.);
#145=FACE_OUTER_BOUND('',#246,.T.);
#146=FACE_OUTER_BOUND('',#247,.T.);
#147=FACE_OUTER_BOUND('',#248,.T.);
#148=FACE_OUTER_BOUND('',#249,.T.);
#149=FACE_OUTER_BOUND('',#250,.T.);
#150=FACE_OUTER_BOUND('',#253,.T.);
#151=FACE_OUTER_BOUND('',#254,.T.);
#152=FACE_OUTER_BOUND('',#257,.T.);
#153=FACE_OUTER_BOUND('',#258,.T.);
#154=FACE_OUTER_BOUND('',#259,.T.);
#155=FACE_OUTER_BOUND('',#260,.T.);
#156=FACE_OUTER_BOUND('',#261,.T.);
#157=FACE_OUTER_BOUND('',#262,.T.);
#158=FACE_OUTER_BOUND('',#263,.T.);
#159=FACE_OUTER_BOUND('',#264,.T.);
#160=FACE_OUTER_BOUND('',#265,.T.);
#161=FACE_OUTER_BOUND('',#266,.T.);
#162=FACE_OUTER_BOUND('',#267,.T.);
#163=FACE_OUTER_BOUND('',#268,.T.);
#164=FACE_OUTER_BOUND('',#270,.T.);
#165=FACE_OUTER_BOUND('',#271,.T.);
#166=FACE_OUTER_BOUND('',#272,.T.);
#167=FACE_OUTER_BOUND('',#273,.T.);
#168=FACE_OUTER_BOUND('',#274,.T.);
#169=FACE_OUTER_BOUND('',#275,.T.);
#170=FACE_OUTER_BOUND('',#276,.T.);
#171=FACE_OUTER_BOUND('',#278,.T.);
#172=FACE_OUTER_BOUND('',#279,.T.);
#173=FACE_OUTER_BOUND('',#281,.T.);
#174=FACE_OUTER_BOUND('',#282,.T.);
#175=FACE_OUTER_BOUND('',#284,.T.);
#176=FACE_OUTER_BOUND('',#285,.T.);
#177=FACE_OUTER_BOUND('',#286,.T.);
#178=FACE_OUTER_BOUND('',#287,.T.);
#179=FACE_OUTER_BOUND('',#288,.T.);
#180=FACE_OUTER_BOUND('',#289,.T.);
#181=FACE_OUTER_BOUND('',#292,.T.);
#182=FACE_OUTER_BOUND('',#293,.T.);
#183=FACE_OUTER_BOUND('',#296,.T.);
#184=FACE_OUTER_BOUND('',#297,.T.);
#185=FACE_OUTER_BOUND('',#298,.T.);
#186=FACE_OUTER_BOUND('',#299,.T.);
#187=FACE_OUTER_BOUND('',#300,.T.);
#188=FACE_OUTER_BOUND('',#301,.T.);
#189=FACE_OUTER_BOUND('',#304,.T.);
#190=FACE_OUTER_BOUND('',#305,.T.);
#191=FACE_OUTER_BOUND('',#306,.T.);
#192=FACE_OUTER_BOUND('',#307,.T.);
#193=FACE_OUTER_BOUND('',#308,.T.);
#194=FACE_OUTER_BOUND('',#309,.T.);
#195=FACE_OUTER_BOUND('',#311,.T.);
#196=FACE_OUTER_BOUND('',#312,.T.);
#197=FACE_OUTER_BOUND('',#313,.T.);
#198=FACE_OUTER_BOUND('',#314,.T.);
#199=FACE_OUTER_BOUND('',#316,.T.);
#200=FACE_OUTER_BOUND('',#317,.T.);
#201=FACE_OUTER_BOUND('',#318,.T.);
#202=FACE_OUTER_BOUND('',#320,.T.);
#203=FACE_OUTER_BOUND('',#321,.T.);
#204=FACE_OUTER_BOUND('',#322,.T.);
#205=FACE_OUTER_BOUND('',#323,.T.);
#206=FACE_OUTER_BOUND('',#324,.T.);
#207=FACE_OUTER_BOUND('',#325,.T.);
#208=FACE_OUTER_BOUND('',#326,.T.);
#209=FACE_OUTER_BOUND('',#327,.T.);
#210=FACE_OUTER_BOUND('',#328,.T.);
#211=FACE_OUTER_BOUND('',#329,.T.);
#212=EDGE_LOOP('',(#1221,#1222,#1223,#1224,#1225,#1226));
#213=EDGE_LOOP('',(#1227,#1228,#1229,#1230));
#214=EDGE_LOOP('',(#1231,#1232,#1233,#1234,#1235));
#215=EDGE_LOOP('',(#1236,#1237,#1238,#1239,#1240,#1241,#1242,#1243,#1244));
#216=EDGE_LOOP('',(#1245,#1246,#1247,#1248,#1249));
#217=EDGE_LOOP('',(#1250,#1251,#1252,#1253));
#218=EDGE_LOOP('',(#1254,#1255,#1256));
#219=EDGE_LOOP('',(#1257,#1258,#1259,#1260,#1261,#1262,#1263));
#220=EDGE_LOOP('',(#1264,#1265,#1266,#1267,#1268,#1269,#1270,#1271));
#221=EDGE_LOOP('',(#1272,#1273,#1274,#1275,#1276,#1277));
#222=EDGE_LOOP('',(#1278,#1279,#1280,#1281));
#223=EDGE_LOOP('',(#1282,#1283,#1284,#1285));
#224=EDGE_LOOP('',(#1286,#1287,#1288,#1289,#1290));
#225=EDGE_LOOP('',(#1291,#1292,#1293,#1294));
#226=EDGE_LOOP('',(#1295,#1296,#1297,#1298,#1299,#1300,#1301));
#227=EDGE_LOOP('',(#1302,#1303,#1304,#1305));
#228=EDGE_LOOP('',(#1306,#1307,#1308,#1309,#1310,#1311,#1312,#1313,#1314));
#229=EDGE_LOOP('',(#1315,#1316,#1317,#1318));
#230=EDGE_LOOP('',(#1319,#1320,#1321));
#231=EDGE_LOOP('',(#1322,#1323,#1324,#1325));
#232=EDGE_LOOP('',(#1326,#1327,#1328,#1329));
#233=EDGE_LOOP('',(#1330,#1331,#1332,#1333));
#234=EDGE_LOOP('',(#1334,#1335,#1336));
#235=EDGE_LOOP('',(#1337,#1338,#1339,#1340));
#236=EDGE_LOOP('',(#1341,#1342,#1343,#1344));
#237=EDGE_LOOP('',(#1345,#1346,#1347,#1348));
#238=EDGE_LOOP('',(#1349,#1350,#1351,#1352));
#239=EDGE_LOOP('',(#1353,#1354,#1355,#1356,#1357,#1358));
#240=EDGE_LOOP('',(#1359,#1360,#1361,#1362));
#241=EDGE_LOOP('',(#1363,#1364,#1365,#1366));
#242=EDGE_LOOP('',(#1367,#1368,#1369,#1370));
#243=EDGE_LOOP('',(#1371,#1372,#1373,#1374));
#244=EDGE_LOOP('',(#1375,#1376,#1377,#1378,#1379));
#245=EDGE_LOOP('',(#1380,#1381,#1382,#1383,#1384,#1385));
#246=EDGE_LOOP('',(#1386,#1387,#1388,#1389));
#247=EDGE_LOOP('',(#1390,#1391,#1392,#1393));
#248=EDGE_LOOP('',(#1394,#1395,#1396,#1397,#1398,#1399,#1400));
#249=EDGE_LOOP('',(#1401,#1402,#1403,#1404));
#250=EDGE_LOOP('',(#1405,#1406,#1407,#1408,#1409,#1410,#1411,#1412,#1413,
#1414,#1415,#1416,#1417,#1418));
#251=EDGE_LOOP('',(#1419,#1420,#1421,#1422));
#252=EDGE_LOOP('',(#1423));
#253=EDGE_LOOP('',(#1424,#1425,#1426,#1427));
#254=EDGE_LOOP('',(#1428,#1429,#1430,#1431));
#255=EDGE_LOOP('',(#1432));
#256=EDGE_LOOP('',(#1433));
#257=EDGE_LOOP('',(#1434,#1435,#1436,#1437,#1438,#1439));
#258=EDGE_LOOP('',(#1440,#1441,#1442,#1443));
#259=EDGE_LOOP('',(#1444,#1445,#1446,#1447));
#260=EDGE_LOOP('',(#1448,#1449,#1450,#1451,#1452,#1453,#1454,#1455,#1456,
#1457,#1458,#1459,#1460,#1461,#1462,#1463,#1464,#1465));
#261=EDGE_LOOP('',(#1466,#1467,#1468,#1469));
#262=EDGE_LOOP('',(#1470,#1471,#1472,#1473));
#263=EDGE_LOOP('',(#1474,#1475,#1476,#1477));
#264=EDGE_LOOP('',(#1478,#1479,#1480,#1481));
#265=EDGE_LOOP('',(#1482,#1483,#1484,#1485));
#266=EDGE_LOOP('',(#1486,#1487,#1488,#1489));
#267=EDGE_LOOP('',(#1490,#1491,#1492,#1493));
#268=EDGE_LOOP('',(#1494,#1495,#1496,#1497,#1498,#1499));
#269=EDGE_LOOP('',(#1500));
#270=EDGE_LOOP('',(#1501,#1502,#1503,#1504));
#271=EDGE_LOOP('',(#1505,#1506,#1507,#1508));
#272=EDGE_LOOP('',(#1509,#1510,#1511,#1512));
#273=EDGE_LOOP('',(#1513,#1514,#1515,#1516));
#274=EDGE_LOOP('',(#1517,#1518,#1519,#1520));
#275=EDGE_LOOP('',(#1521,#1522,#1523,#1524));
#276=EDGE_LOOP('',(#1525,#1526,#1527,#1528,#1529,#1530));
#277=EDGE_LOOP('',(#1531));
#278=EDGE_LOOP('',(#1532,#1533,#1534,#1535));
#279=EDGE_LOOP('',(#1536));
#280=EDGE_LOOP('',(#1537));
#281=EDGE_LOOP('',(#1538,#1539,#1540,#1541));
#282=EDGE_LOOP('',(#1542));
#283=EDGE_LOOP('',(#1543));
#284=EDGE_LOOP('',(#1544,#1545,#1546,#1547));
#285=EDGE_LOOP('',(#1548,#1549,#1550,#1551));
#286=EDGE_LOOP('',(#1552,#1553,#1554,#1555));
#287=EDGE_LOOP('',(#1556,#1557,#1558,#1559));
#288=EDGE_LOOP('',(#1560,#1561,#1562,#1563,#1564,#1565));
#289=EDGE_LOOP('',(#1566,#1567,#1568,#1569));
#290=EDGE_LOOP('',(#1570,#1571,#1572,#1573,#1574,#1575));
#291=EDGE_LOOP('',(#1576,#1577,#1578,#1579,#1580,#1581));
#292=EDGE_LOOP('',(#1582,#1583,#1584,#1585));
#293=EDGE_LOOP('',(#1586,#1587,#1588,#1589));
#294=EDGE_LOOP('',(#1590));
#295=EDGE_LOOP('',(#1591));
#296=EDGE_LOOP('',(#1592,#1593,#1594,#1595));
#297=EDGE_LOOP('',(#1596,#1597,#1598,#1599));
#298=EDGE_LOOP('',(#1600,#1601,#1602,#1603));
#299=EDGE_LOOP('',(#1604,#1605,#1606,#1607));
#300=EDGE_LOOP('',(#1608,#1609,#1610,#1611));
#301=EDGE_LOOP('',(#1612,#1613,#1614,#1615));
#302=EDGE_LOOP('',(#1616));
#303=EDGE_LOOP('',(#1617));
#304=EDGE_LOOP('',(#1618,#1619,#1620,#1621,#1622,#1623,#1624,#1625,#1626,
#1627));
#305=EDGE_LOOP('',(#1628,#1629,#1630,#1631));
#306=EDGE_LOOP('',(#1632,#1633,#1634,#1635));
#307=EDGE_LOOP('',(#1636,#1637,#1638,#1639));
#308=EDGE_LOOP('',(#1640,#1641,#1642,#1643));
#309=EDGE_LOOP('',(#1644,#1645,#1646,#1647));
#310=EDGE_LOOP('',(#1648));
#311=EDGE_LOOP('',(#1649,#1650,#1651,#1652,#1653,#1654,#1655,#1656,#1657,
#1658,#1659,#1660));
#312=EDGE_LOOP('',(#1661,#1662,#1663,#1664));
#313=EDGE_LOOP('',(#1665,#1666,#1667,#1668));
#314=EDGE_LOOP('',(#1669,#1670,#1671,#1672));
#315=EDGE_LOOP('',(#1673));
#316=EDGE_LOOP('',(#1674,#1675,#1676,#1677));
#317=EDGE_LOOP('',(#1678,#1679,#1680,#1681));
#318=EDGE_LOOP('',(#1682,#1683,#1684,#1685));
#319=EDGE_LOOP('',(#1686));
#320=EDGE_LOOP('',(#1687));
#321=EDGE_LOOP('',(#1688));
#322=EDGE_LOOP('',(#1689,#1690,#1691,#1692));
#323=EDGE_LOOP('',(#1693,#1694,#1695,#1696));
#324=EDGE_LOOP('',(#1697,#1698,#1699,#1700,#1701,#1702,#1703,#1704,#1705,
#1706,#1707,#1708));
#325=EDGE_LOOP('',(#1709,#1710,#1711,#1712));
#326=EDGE_LOOP('',(#1713,#1714,#1715,#1716));
#327=EDGE_LOOP('',(#1717,#1718,#1719,#1720));
#328=EDGE_LOOP('',(#1721,#1722,#1723,#1724));
#329=EDGE_LOOP('',(#1725,#1726,#1727,#1728,#1729,#1730,#1731,#1732,#1733,
#1734,#1735,#1736,#1737,#1738,#1739,#1740,#1741,#1742,#1743,#1744));
#330=EDGE_LOOP('',(#1745,#1746,#1747,#1748,#1749,#1750,#1751,#1752));
#331=EDGE_LOOP('',(#1753,#1754,#1755,#1756));
#332=LINE('',#2618,#520);
#333=LINE('',#2628,#521);
#334=LINE('',#2631,#522);
#335=LINE('',#2634,#523);
#336=LINE('',#2637,#524);
#337=LINE('',#2639,#525);
#338=LINE('',#2640,#526);
#339=LINE('',#2647,#527);
#340=LINE('',#2649,#528);
#341=LINE('',#2651,#529);
#342=LINE('',#2654,#530);
#343=LINE('',#2660,#531);
#344=LINE('',#2671,#532);
#345=LINE('',#2734,#533);
#346=LINE('',#2736,#534);
#347=LINE('',#2737,#535);
#348=LINE('',#2739,#536);
#349=LINE('',#2740,#537);
#350=LINE('',#2745,#538);
#351=LINE('',#2749,#539);
#352=LINE('',#2751,#540);
#353=LINE('',#2753,#541);
#354=LINE('',#2758,#542);
#355=LINE('',#2761,#543);
#356=LINE('',#2762,#544);
#357=LINE('',#2766,#545);
#358=LINE('',#2769,#546);
#359=LINE('',#2776,#547);
#360=LINE('',#2779,#548);
#361=LINE('',#2781,#549);
#362=LINE('',#2784,#550);
#363=LINE('',#2787,#551);
#364=LINE('',#2790,#552);
#365=LINE('',#2792,#553);
#366=LINE('',#2795,#554);
#367=LINE('',#2796,#555);
#368=LINE('',#2808,#556);
#369=LINE('',#2809,#557);
#370=LINE('',#2860,#558);
#371=LINE('',#2861,#559);
#372=LINE('',#2873,#560);
#373=LINE('',#2874,#561);
#374=LINE('',#2876,#562);
#375=LINE('',#2877,#563);
#376=LINE('',#2882,#564);
#377=LINE('',#2883,#565);
#378=LINE('',#2931,#566);
#379=LINE('',#2934,#567);
#380=LINE('',#2937,#568);
#381=LINE('',#2940,#569);
#382=LINE('',#2941,#570);
#383=LINE('',#2945,#571);
#384=LINE('',#2949,#572);
#385=LINE('',#2952,#573);
#386=LINE('',#2953,#574);
#387=LINE('',#2959,#575);
#388=LINE('',#2961,#576);
#389=LINE('',#2963,#577);
#390=LINE('',#2969,#578);
#391=LINE('',#2972,#579);
#392=LINE('',#2975,#580);
#393=LINE('',#2977,#581);
#394=LINE('',#2979,#582);
#395=LINE('',#2981,#583);
#396=LINE('',#2985,#584);
#397=LINE('',#2987,#585);
#398=LINE('',#2989,#586);
#399=LINE('',#2993,#587);
#400=LINE('',#2995,#588);
#401=LINE('',#2997,#589);
#402=LINE('',#2998,#590);
#403=LINE('',#3006,#591);
#404=LINE('',#3009,#592);
#405=LINE('',#3011,#593);
#406=LINE('',#3012,#594);
#407=LINE('',#3021,#595);
#408=LINE('',#3022,#596);
#409=LINE('',#3028,#597);
#410=LINE('',#3031,#598);
#411=LINE('',#3035,#599);
#412=LINE('',#3038,#600);
#413=LINE('',#3040,#601);
#414=LINE('',#3042,#602);
#415=LINE('',#3044,#603);
#416=LINE('',#3048,#604);
#417=LINE('',#3050,#605);
#418=LINE('',#3052,#606);
#419=LINE('',#3055,#607);
#420=LINE('',#3057,#608);
#421=LINE('',#3059,#609);
#422=LINE('',#3061,#610);
#423=LINE('',#3063,#611);
#424=LINE('',#3064,#612);
#425=LINE('',#3066,#613);
#426=LINE('',#3070,#614);
#427=LINE('',#3072,#615);
#428=LINE('',#3074,#616);
#429=LINE('',#3075,#617);
#430=LINE('',#3078,#618);
#431=LINE('',#3080,#619);
#432=LINE('',#3081,#620);
#433=LINE('',#3084,#621);
#434=LINE('',#3086,#622);
#435=LINE('',#3087,#623);
#436=LINE('',#3090,#624);
#437=LINE('',#3092,#625);
#438=LINE('',#3093,#626);
#439=LINE('',#3096,#627);
#440=LINE('',#3098,#628);
#441=LINE('',#3099,#629);
#442=LINE('',#3101,#630);
#443=LINE('',#3102,#631);
#444=LINE('',#3109,#632);
#445=LINE('',#3111,#633);
#446=LINE('',#3113,#634);
#447=LINE('',#3114,#635);
#448=LINE('',#3117,#636);
#449=LINE('',#3119,#637);
#450=LINE('',#3120,#638);
#451=LINE('',#3123,#639);
#452=LINE('',#3125,#640);
#453=LINE('',#3126,#641);
#454=LINE('',#3129,#642);
#455=LINE('',#3131,#643);
#456=LINE('',#3132,#644);
#457=LINE('',#3135,#645);
#458=LINE('',#3137,#646);
#459=LINE('',#3138,#647);
#460=LINE('',#3140,#648);
#461=LINE('',#3141,#649);
#462=LINE('',#3148,#650);
#463=LINE('',#3155,#651);
#464=LINE('',#3162,#652);
#465=LINE('',#3165,#653);
#466=LINE('',#3170,#654);
#467=LINE('',#3173,#655);
#468=LINE('',#3176,#656);
#469=LINE('',#3177,#657);
#470=LINE('',#3179,#658);
#471=LINE('',#3181,#659);
#472=LINE('',#3183,#660);
#473=LINE('',#3185,#661);
#474=LINE('',#3187,#662);
#475=LINE('',#3189,#663);
#476=LINE('',#3191,#664);
#477=LINE('',#3193,#665);
#478=LINE('',#3196,#666);
#479=LINE('',#3197,#667);
#480=LINE('',#3199,#668);
#481=LINE('',#3202,#669);
#482=LINE('',#3206,#670);
#483=LINE('',#3211,#671);
#484=LINE('',#3215,#672);
#485=LINE('',#3217,#673);
#486=LINE('',#3219,#674);
#487=LINE('',#3220,#675);
#488=LINE('',#3223,#676);
#489=LINE('',#3225,#677);
#490=LINE('',#3227,#678);
#491=LINE('',#3229,#679);
#492=LINE('',#3230,#680);
#493=LINE('',#3232,#681);
#494=LINE('',#3234,#682);
#495=LINE('',#3236,#683);
#496=LINE('',#3238,#684);
#497=LINE('',#3239,#685);
#498=LINE('',#3244,#686);
#499=LINE('',#3249,#687);
#500=LINE('',#3252,#688);
#501=LINE('',#3254,#689);
#502=LINE('',#3255,#690);
#503=LINE('',#3260,#691);
#504=LINE('',#3265,#692);
#505=LINE('',#3269,#693);
#506=LINE('',#3270,#694);
#507=LINE('',#3271,#695);
#508=LINE('',#3276,#696);
#509=LINE('',#3277,#697);
#510=LINE('',#3280,#698);
#511=LINE('',#3281,#699);
#512=LINE('',#3284,#700);
#513=LINE('',#3286,#701);
#514=LINE('',#3287,#702);
#515=LINE('',#3288,#703);
#516=LINE('',#3289,#704);
#517=LINE('',#3290,#705);
#518=LINE('',#3292,#706);
#519=LINE('',#3294,#707);
#520=VECTOR('',#2081,10.);
#521=VECTOR('',#2084,10.);
#522=VECTOR('',#2087,10.);
#523=VECTOR('',#2090,10.);
#524=VECTOR('',#2093,10.);
#525=VECTOR('',#2094,10.);
#526=VECTOR('',#2095,10.);
#527=VECTOR('',#2102,10.);
#528=VECTOR('',#2103,10.);
#529=VECTOR('',#2104,10.);
#530=VECTOR('',#2107,10.);
#531=VECTOR('',#2112,2.);
#532=VECTOR('',#2113,2.);
#533=VECTOR('',#2122,10.);
#534=VECTOR('',#2123,10.);
#535=VECTOR('',#2124,10.);
#536=VECTOR('',#2125,10.);
#537=VECTOR('',#2126,10.);
#538=VECTOR('',#2131,10.);
#539=VECTOR('',#2134,10.);
#540=VECTOR('',#2135,10.);
#541=VECTOR('',#2136,10.);
#542=VECTOR('',#2143,10.);
#543=VECTOR('',#2146,10.);
#544=VECTOR('',#2147,10.);
#545=VECTOR('',#2152,10.);
#546=VECTOR('',#2155,10.);
#547=VECTOR('',#2164,10.);
#548=VECTOR('',#2167,10.);
#549=VECTOR('',#2168,10.);
#550=VECTOR('',#2171,10.);
#551=VECTOR('',#2174,10.);
#552=VECTOR('',#2177,10.);
#553=VECTOR('',#2180,10.);
#554=VECTOR('',#2183,10.);
#555=VECTOR('',#2184,10.);
#556=VECTOR('',#2197,10.);
#557=VECTOR('',#2198,10.);
#558=VECTOR('',#2207,10.);
#559=VECTOR('',#2208,10.);
#560=VECTOR('',#2221,10.);
#561=VECTOR('',#2222,10.);
#562=VECTOR('',#2225,10.);
#563=VECTOR('',#2226,10.);
#564=VECTOR('',#2231,10.);
#565=VECTOR('',#2232,10.);
#566=VECTOR('',#2239,10.);
#567=VECTOR('',#2242,10.);
#568=VECTOR('',#2245,10.);
#569=VECTOR('',#2248,10.);
#570=VECTOR('',#2249,10.);
#571=VECTOR('',#2254,10.);
#572=VECTOR('',#2259,10.);
#573=VECTOR('',#2262,10.);
#574=VECTOR('',#2263,10.);
#575=VECTOR('',#2272,10.);
#576=VECTOR('',#2275,10.);
#577=VECTOR('',#2278,10.);
#578=VECTOR('',#2283,10.);
#579=VECTOR('',#2286,10.);
#580=VECTOR('',#2289,10.);
#581=VECTOR('',#2290,10.);
#582=VECTOR('',#2291,10.);
#583=VECTOR('',#2292,10.);
#584=VECTOR('',#2295,10.);
#585=VECTOR('',#2296,10.);
#586=VECTOR('',#2297,10.);
#587=VECTOR('',#2300,10.);
#588=VECTOR('',#2301,10.);
#589=VECTOR('',#2302,10.);
#590=VECTOR('',#2303,10.);
#591=VECTOR('',#2312,10.);
#592=VECTOR('',#2315,10.);
#593=VECTOR('',#2316,10.);
#594=VECTOR('',#2317,10.);
#595=VECTOR('',#2326,10.);
#596=VECTOR('',#2327,10.);
#597=VECTOR('',#2332,10.);
#598=VECTOR('',#2335,10.);
#599=VECTOR('',#2340,10.);
#600=VECTOR('',#2343,10.);
#601=VECTOR('',#2344,10.);
#602=VECTOR('',#2345,10.);
#603=VECTOR('',#2346,10.);
#604=VECTOR('',#2349,10.);
#605=VECTOR('',#2350,10.);
#606=VECTOR('',#2351,10.);
#607=VECTOR('',#2354,10.);
#608=VECTOR('',#2355,10.);
#609=VECTOR('',#2356,10.);
#610=VECTOR('',#2357,10.);
#611=VECTOR('',#2358,10.);
#612=VECTOR('',#2359,10.);
#613=VECTOR('',#2362,10.);
#614=VECTOR('',#2365,10.);
#615=VECTOR('',#2366,10.);
#616=VECTOR('',#2367,10.);
#617=VECTOR('',#2368,10.);
#618=VECTOR('',#2371,10.);
#619=VECTOR('',#2372,10.);
#620=VECTOR('',#2373,10.);
#621=VECTOR('',#2376,10.);
#622=VECTOR('',#2377,10.);
#623=VECTOR('',#2378,10.);
#624=VECTOR('',#2381,10.);
#625=VECTOR('',#2382,10.);
#626=VECTOR('',#2383,10.);
#627=VECTOR('',#2386,10.);
#628=VECTOR('',#2387,10.);
#629=VECTOR('',#2388,10.);
#630=VECTOR('',#2391,10.);
#631=VECTOR('',#2392,10.);
#632=VECTOR('',#2399,10.);
#633=VECTOR('',#2400,10.);
#634=VECTOR('',#2401,10.);
#635=VECTOR('',#2402,10.);
#636=VECTOR('',#2405,10.);
#637=VECTOR('',#2406,10.);
#638=VECTOR('',#2407,10.);
#639=VECTOR('',#2410,10.);
#640=VECTOR('',#2411,10.);
#641=VECTOR('',#2412,10.);
#642=VECTOR('',#2415,10.);
#643=VECTOR('',#2416,10.);
#644=VECTOR('',#2417,10.);
#645=VECTOR('',#2420,10.);
#646=VECTOR('',#2421,10.);
#647=VECTOR('',#2422,10.);
#648=VECTOR('',#2425,10.);
#649=VECTOR('',#2426,10.);
#650=VECTOR('',#2435,3.35);
#651=VECTOR('',#2444,3.35);
#652=VECTOR('',#2453,1.65);
#653=VECTOR('',#2456,1.65);
#654=VECTOR('',#2463,1.65);
#655=VECTOR('',#2466,1.65);
#656=VECTOR('',#2471,10.);
#657=VECTOR('',#2472,10.);
#658=VECTOR('',#2475,10.);
#659=VECTOR('',#2478,10.);
#660=VECTOR('',#2481,10.);
#661=VECTOR('',#2484,10.);
#662=VECTOR('',#2487,10.);
#663=VECTOR('',#2490,10.);
#664=VECTOR('',#2493,10.);
#665=VECTOR('',#2496,10.);
#666=VECTOR('',#2501,10.);
#667=VECTOR('',#2502,10.);
#668=VECTOR('',#2505,10.);
#669=VECTOR('',#2508,1.55);
#670=VECTOR('',#2513,1.35);
#671=VECTOR('',#2520,1.55);
#672=VECTOR('',#2523,10.);
#673=VECTOR('',#2524,10.);
#674=VECTOR('',#2525,10.);
#675=VECTOR('',#2526,10.);
#676=VECTOR('',#2529,10.);
#677=VECTOR('',#2530,10.);
#678=VECTOR('',#2531,10.);
#679=VECTOR('',#2532,10.);
#680=VECTOR('',#2533,10.);
#681=VECTOR('',#2534,10.);
#682=VECTOR('',#2535,10.);
#683=VECTOR('',#2536,10.);
#684=VECTOR('',#2537,10.);
#685=VECTOR('',#2538,10.);
#686=VECTOR('',#2543,1.45);
#687=VECTOR('',#2550,1.15);
#688=VECTOR('',#2553,10.);
#689=VECTOR('',#2554,10.);
#690=VECTOR('',#2555,10.);
#691=VECTOR('',#2560,1.45);
#692=VECTOR('',#2567,1.15);
#693=VECTOR('',#2570,10.);
#694=VECTOR('',#2571,10.);
#695=VECTOR('',#2572,10.);
#696=VECTOR('',#2579,10.);
#697=VECTOR('',#2580,10.);
#698=VECTOR('',#2583,10.);
#699=VECTOR('',#2584,10.);
#700=VECTOR('',#2587,10.);
#701=VECTOR('',#2588,10.);
#702=VECTOR('',#2589,10.);
#703=VECTOR('',#2590,10.);
#704=VECTOR('',#2591,10.);
#705=VECTOR('',#2592,10.);
#706=VECTOR('',#2595,10.);
#707=VECTOR('',#2598,10.);
#708=CIRCLE('',#1906,15.);
#709=CIRCLE('',#1907,15.);
#710=CIRCLE('',#1909,1.);
#711=CIRCLE('',#1916,2.);
#712=CIRCLE('',#1917,2.);
#713=CIRCLE('',#1918,15.);
#714=CIRCLE('',#1919,15.);
#715=CIRCLE('',#1922,15.);
#716=CIRCLE('',#1923,15.);
#717=CIRCLE('',#1924,15.);
#718=CIRCLE('',#1926,15.);
#719=CIRCLE('',#1929,15.);
#720=CIRCLE('',#1931,15.);
#721=CIRCLE('',#1933,10.);
#722=CIRCLE('',#1934,10.);
#723=CIRCLE('',#1936,10.);
#724=CIRCLE('',#1938,10.);
#725=CIRCLE('',#1942,3.);
#726=CIRCLE('',#1943,3.);
#727=CIRCLE('',#1944,3.);
#728=CIRCLE('',#1946,3.);
#729=CIRCLE('',#1950,3.);
#730=CIRCLE('',#1952,3.);
#731=CIRCLE('',#1953,3.);
#732=CIRCLE('',#1954,3.00000000000001);
#733=CIRCLE('',#1956,3.);
#734=CIRCLE('',#1959,3.);
#735=CIRCLE('',#1964,2.);
#736=CIRCLE('',#1967,2.);
#737=CIRCLE('',#1969,1.);
#738=CIRCLE('',#1972,1.);
#739=CIRCLE('',#1974,1.);
#740=CIRCLE('',#1978,1.5);
#741=CIRCLE('',#1981,6.09999999999999);
#742=CIRCLE('',#1982,6.09999999999999);
#743=CIRCLE('',#1983,1.75);
#744=CIRCLE('',#1985,1.5);
#745=CIRCLE('',#1986,1.5);
#746=CIRCLE('',#1988,3.35);
#747=CIRCLE('',#1989,3.35);
#748=CIRCLE('',#1991,1.5);
#749=CIRCLE('',#1993,1.5);
#750=CIRCLE('',#1996,1.5);
#751=CIRCLE('',#1998,6.09999999999999);
#752=CIRCLE('',#1999,6.09999999999999);
#753=CIRCLE('',#2008,1.65);
#754=CIRCLE('',#2016,1.65);
#755=CIRCLE('',#2018,3.35);
#756=CIRCLE('',#2020,1.65);
#757=CIRCLE('',#2022,3.35);
#758=CIRCLE('',#2024,1.65);
#759=CIRCLE('',#2026,1.65);
#760=CIRCLE('',#2028,1.65);
#761=CIRCLE('',#2030,1.65);
#762=CIRCLE('',#2032,1.65);
#763=CIRCLE('',#2046,1.35);
#764=CIRCLE('',#2048,1.35);
#765=CIRCLE('',#2050,1.75);
#766=CIRCLE('',#2054,1.75);
#767=CIRCLE('',#2055,1.15);
#768=CIRCLE('',#2057,1.15);
#769=CIRCLE('',#2060,1.75);
#770=CIRCLE('',#2061,1.15);
#771=CIRCLE('',#2063,1.15);
#772=B_SPLINE_CURVE_WITH_KNOTS('',3,(#2609,#2610,#2611,#2612,#2613,#2614),
 .UNSPECIFIED.,.F.,.F.,(4,2,4),(0.,0.265614685714516,0.531229371429031),
 .UNSPECIFIED.);
#773=B_SPLINE_CURVE_WITH_KNOTS('',3,(#2622,#2623,#2624,#2625,#2626,#2627),
 .UNSPECIFIED.,.F.,.F.,(4,2,4),(1.05837986205532,1.32399454776984,1.58960923348435),
 .UNSPECIFIED.);
#774=B_SPLINE_CURVE_WITH_KNOTS('',3,(#2661,#2662,#2663,#2664,#2665,#2666,
#2667,#2668,#2669,#2670),.UNSPECIFIED.,.F.,.F.,(4,2,2,2,4),(0.538756559349666,
0.572331731387502,0.763108975183336,0.844987176784095,0.900318951250983),
 .UNSPECIFIED.);
#775=B_SPLINE_CURVE_WITH_KNOTS('',3,(#2696,#2697,#2698,#2699),
 .UNSPECIFIED.,.F.,.F.,(4,4),(4.32699706330825,4.6468365643002),
 .UNSPECIFIED.);
#776=B_SPLINE_CURVE_WITH_KNOTS('',3,(#2725,#2726,#2727,#2728,#2729,#2730),
 .UNSPECIFIED.,.F.,.F.,(4,2,4),(-0.0012446294099135,0.,0.449463672264275),
 .UNSPECIFIED.);
#777=B_SPLINE_CURVE_WITH_KNOTS('',3,(#2842,#2843,#2844,#2845,#2846,#2847,
#2848,#2849,#2850,#2851,#2852,#2853),.UNSPECIFIED.,.F.,.F.,(4,2,2,2,2,4),
(-0.000984452475637343,0.,0.055830024495629,0.112397583833554,0.177001150256449,
0.253848101856023),.UNSPECIFIED.);
#778=B_SPLINE_CURVE_WITH_KNOTS('',3,(#2916,#2917,#2918,#2919,#2920,#2921,
#2922,#2923,#2924,#2925,#2926,#2927),.UNSPECIFIED.,.F.,.F.,(4,2,2,2,2,4),
(0.,0.0641061622481658,0.130356699326082,0.187847717558939,0.253087090978258,
0.254066829633563),.UNSPECIFIED.);
#779=VERTEX_POINT('',#2607);
#780=VERTEX_POINT('',#2608);
#781=VERTEX_POINT('',#2615);
#782=VERTEX_POINT('',#2617);
#783=VERTEX_POINT('',#2619);
#784=VERTEX_POINT('',#2621);
#785=VERTEX_POINT('',#2630);
#786=VERTEX_POINT('',#2632);
#787=VERTEX_POINT('',#2636);
#788=VERTEX_POINT('',#2638);
#789=VERTEX_POINT('',#2642);
#790=VERTEX_POINT('',#2644);
#791=VERTEX_POINT('',#2646);
#792=VERTEX_POINT('',#2648);
#793=VERTEX_POINT('',#2650);
#794=VERTEX_POINT('',#2652);
#795=VERTEX_POINT('',#2656);
#796=VERTEX_POINT('',#2657);
#797=VERTEX_POINT('',#2659);
#798=VERTEX_POINT('',#2692);
#799=VERTEX_POINT('',#2693);
#800=VERTEX_POINT('',#2724);
#801=VERTEX_POINT('',#2733);
#802=VERTEX_POINT('',#2735);
#803=VERTEX_POINT('',#2738);
#804=VERTEX_POINT('',#2742);
#805=VERTEX_POINT('',#2744);
#806=VERTEX_POINT('',#2746);
#807=VERTEX_POINT('',#2748);
#808=VERTEX_POINT('',#2750);
#809=VERTEX_POINT('',#2752);
#810=VERTEX_POINT('',#2756);
#811=VERTEX_POINT('',#2760);
#812=VERTEX_POINT('',#2764);
#813=VERTEX_POINT('',#2768);
#814=VERTEX_POINT('',#2772);
#815=VERTEX_POINT('',#2774);
#816=VERTEX_POINT('',#2778);
#817=VERTEX_POINT('',#2780);
#818=VERTEX_POINT('',#2782);
#819=VERTEX_POINT('',#2786);
#820=VERTEX_POINT('',#2788);
#821=VERTEX_POINT('',#2794);
#822=VERTEX_POINT('',#2798);
#823=VERTEX_POINT('',#2799);
#824=VERTEX_POINT('',#2801);
#825=VERTEX_POINT('',#2805);
#826=VERTEX_POINT('',#2806);
#827=VERTEX_POINT('',#2840);
#828=VERTEX_POINT('',#2841);
#829=VERTEX_POINT('',#2857);
#830=VERTEX_POINT('',#2858);
#831=VERTEX_POINT('',#2863);
#832=VERTEX_POINT('',#2864);
#833=VERTEX_POINT('',#2866);
#834=VERTEX_POINT('',#2870);
#835=VERTEX_POINT('',#2871);
#836=VERTEX_POINT('',#2879);
#837=VERTEX_POINT('',#2880);
#838=VERTEX_POINT('',#2914);
#839=VERTEX_POINT('',#2915);
#840=VERTEX_POINT('',#2933);
#841=VERTEX_POINT('',#2935);
#842=VERTEX_POINT('',#2939);
#843=VERTEX_POINT('',#2943);
#844=VERTEX_POINT('',#2947);
#845=VERTEX_POINT('',#2951);
#846=VERTEX_POINT('',#2957);
#847=VERTEX_POINT('',#2965);
#848=VERTEX_POINT('',#2966);
#849=VERTEX_POINT('',#2968);
#850=VERTEX_POINT('',#2970);
#851=VERTEX_POINT('',#2974);
#852=VERTEX_POINT('',#2976);
#853=VERTEX_POINT('',#2978);
#854=VERTEX_POINT('',#2980);
#855=VERTEX_POINT('',#2982);
#856=VERTEX_POINT('',#2984);
#857=VERTEX_POINT('',#2986);
#858=VERTEX_POINT('',#2988);
#859=VERTEX_POINT('',#2990);
#860=VERTEX_POINT('',#2992);
#861=VERTEX_POINT('',#2994);
#862=VERTEX_POINT('',#2996);
#863=VERTEX_POINT('',#2999);
#864=VERTEX_POINT('',#3002);
#865=VERTEX_POINT('',#3004);
#866=VERTEX_POINT('',#3008);
#867=VERTEX_POINT('',#3010);
#868=VERTEX_POINT('',#3013);
#869=VERTEX_POINT('',#3015);
#870=VERTEX_POINT('',#3018);
#871=VERTEX_POINT('',#3020);
#872=VERTEX_POINT('',#3024);
#873=VERTEX_POINT('',#3025);
#874=VERTEX_POINT('',#3027);
#875=VERTEX_POINT('',#3029);
#876=VERTEX_POINT('',#3033);
#877=VERTEX_POINT('',#3037);
#878=VERTEX_POINT('',#3039);
#879=VERTEX_POINT('',#3041);
#880=VERTEX_POINT('',#3043);
#881=VERTEX_POINT('',#3045);
#882=VERTEX_POINT('',#3047);
#883=VERTEX_POINT('',#3049);
#884=VERTEX_POINT('',#3051);
#885=VERTEX_POINT('',#3053);
#886=VERTEX_POINT('',#3056);
#887=VERTEX_POINT('',#3058);
#888=VERTEX_POINT('',#3060);
#889=VERTEX_POINT('',#3062);
#890=VERTEX_POINT('',#3068);
#891=VERTEX_POINT('',#3069);
#892=VERTEX_POINT('',#3071);
#893=VERTEX_POINT('',#3073);
#894=VERTEX_POINT('',#3077);
#895=VERTEX_POINT('',#3079);
#896=VERTEX_POINT('',#3083);
#897=VERTEX_POINT('',#3085);
#898=VERTEX_POINT('',#3089);
#899=VERTEX_POINT('',#3091);
#900=VERTEX_POINT('',#3095);
#901=VERTEX_POINT('',#3097);
#902=VERTEX_POINT('',#3104);
#903=VERTEX_POINT('',#3107);
#904=VERTEX_POINT('',#3108);
#905=VERTEX_POINT('',#3110);
#906=VERTEX_POINT('',#3112);
#907=VERTEX_POINT('',#3116);
#908=VERTEX_POINT('',#3118);
#909=VERTEX_POINT('',#3122);
#910=VERTEX_POINT('',#3124);
#911=VERTEX_POINT('',#3128);
#912=VERTEX_POINT('',#3130);
#913=VERTEX_POINT('',#3134);
#914=VERTEX_POINT('',#3136);
#915=VERTEX_POINT('',#3143);
#916=VERTEX_POINT('',#3146);
#917=VERTEX_POINT('',#3150);
#918=VERTEX_POINT('',#3153);
#919=VERTEX_POINT('',#3157);
#920=VERTEX_POINT('',#3160);
#921=VERTEX_POINT('',#3164);
#922=VERTEX_POINT('',#3168);
#923=VERTEX_POINT('',#3172);
#924=VERTEX_POINT('',#3201);
#925=VERTEX_POINT('',#3205);
#926=VERTEX_POINT('',#3209);
#927=VERTEX_POINT('',#3213);
#928=VERTEX_POINT('',#3214);
#929=VERTEX_POINT('',#3216);
#930=VERTEX_POINT('',#3218);
#931=VERTEX_POINT('',#3222);
#932=VERTEX_POINT('',#3224);
#933=VERTEX_POINT('',#3226);
#934=VERTEX_POINT('',#3228);
#935=VERTEX_POINT('',#3231);
#936=VERTEX_POINT('',#3233);
#937=VERTEX_POINT('',#3235);
#938=VERTEX_POINT('',#3237);
#939=VERTEX_POINT('',#3241);
#940=VERTEX_POINT('',#3243);
#941=VERTEX_POINT('',#3247);
#942=VERTEX_POINT('',#3251);
#943=VERTEX_POINT('',#3253);
#944=VERTEX_POINT('',#3257);
#945=VERTEX_POINT('',#3259);
#946=VERTEX_POINT('',#3263);
#947=VERTEX_POINT('',#3267);
#948=VERTEX_POINT('',#3268);
#949=VERTEX_POINT('',#3275);
#950=VERTEX_POINT('',#3279);
#951=VERTEX_POINT('',#3283);
#952=VERTEX_POINT('',#3285);
#953=EDGE_CURVE('',#779,#780,#772,.T.);
#954=EDGE_CURVE('',#780,#781,#708,.T.);
#955=EDGE_CURVE('',#782,#781,#332,.T.);
#956=EDGE_CURVE('',#782,#783,#709,.T.);
#957=EDGE_CURVE('',#783,#784,#773,.T.);
#958=EDGE_CURVE('',#779,#784,#333,.T.);
#959=EDGE_CURVE('',#785,#779,#334,.T.);
#960=EDGE_CURVE('',#786,#785,#710,.T.);
#961=EDGE_CURVE('',#780,#786,#335,.T.);
#962=EDGE_CURVE('',#786,#787,#336,.T.);
#963=EDGE_CURVE('',#787,#788,#337,.T.);
#964=EDGE_CURVE('',#781,#788,#338,.T.);
#965=EDGE_CURVE('',#788,#789,#44,.T.);
#966=EDGE_CURVE('',#790,#789,#45,.T.);
#967=EDGE_CURVE('',#790,#791,#339,.T.);
#968=EDGE_CURVE('',#792,#791,#340,.T.);
#969=EDGE_CURVE('',#792,#793,#341,.T.);
#970=EDGE_CURVE('',#793,#794,#46,.T.);
#971=EDGE_CURVE('',#794,#782,#342,.T.);
#972=EDGE_CURVE('',#795,#796,#711,.T.);
#973=EDGE_CURVE('',#797,#795,#343,.T.);
#974=EDGE_CURVE('',#797,#790,#774,.T.);
#975=EDGE_CURVE('',#796,#789,#344,.T.);
#976=EDGE_CURVE('',#798,#799,#712,.T.);
#977=EDGE_CURVE('',#798,#795,#713,.F.);
#978=EDGE_CURVE('',#799,#796,#775,.T.);
#979=EDGE_CURVE('',#800,#799,#776,.T.);
#980=EDGE_CURVE('',#800,#798,#714,.F.);
#981=EDGE_CURVE('',#799,#801,#345,.T.);
#982=EDGE_CURVE('',#802,#801,#346,.T.);
#983=EDGE_CURVE('',#802,#793,#347,.T.);
#984=EDGE_CURVE('',#803,#792,#348,.T.);
#985=EDGE_CURVE('',#803,#800,#349,.T.);
#986=EDGE_CURVE('',#795,#804,#715,.F.);
#987=EDGE_CURVE('',#804,#805,#350,.T.);
#988=EDGE_CURVE('',#806,#805,#716,.T.);
#989=EDGE_CURVE('',#806,#807,#351,.T.);
#990=EDGE_CURVE('',#807,#808,#352,.T.);
#991=EDGE_CURVE('',#808,#809,#353,.T.);
#992=EDGE_CURVE('',#809,#797,#717,.F.);
#993=EDGE_CURVE('',#810,#803,#718,.F.);
#994=EDGE_CURVE('',#804,#810,#354,.T.);
#995=EDGE_CURVE('',#811,#810,#355,.T.);
#996=EDGE_CURVE('',#811,#805,#356,.T.);
#997=EDGE_CURVE('',#811,#812,#719,.T.);
#998=EDGE_CURVE('',#806,#812,#357,.T.);
#999=EDGE_CURVE('',#813,#809,#358,.T.);
#1000=EDGE_CURVE('',#791,#813,#720,.F.);
#1001=EDGE_CURVE('',#814,#808,#721,.T.);
#1002=EDGE_CURVE('',#807,#815,#722,.T.);
#1003=EDGE_CURVE('',#814,#815,#359,.T.);
#1004=EDGE_CURVE('',#814,#816,#360,.T.);
#1005=EDGE_CURVE('',#816,#817,#361,.T.);
#1006=EDGE_CURVE('',#817,#818,#723,.F.);
#1007=EDGE_CURVE('',#813,#818,#362,.T.);
#1008=EDGE_CURVE('',#817,#819,#363,.T.);
#1009=EDGE_CURVE('',#820,#819,#724,.F.);
#1010=EDGE_CURVE('',#818,#820,#364,.T.);
#1011=EDGE_CURVE('',#820,#812,#365,.T.);
#1012=EDGE_CURVE('',#815,#821,#366,.T.);
#1013=EDGE_CURVE('',#821,#816,#367,.T.);
#1014=EDGE_CURVE('',#822,#823,#725,.F.);
#1015=EDGE_CURVE('',#823,#824,#726,.F.);
#1016=EDGE_CURVE('',#824,#822,#727,.F.);
#1017=EDGE_CURVE('',#825,#826,#728,.T.);
#1018=EDGE_CURVE('',#822,#825,#368,.T.);
#1019=EDGE_CURVE('',#826,#824,#369,.T.);
#1020=EDGE_CURVE('',#827,#828,#777,.F.);
#1021=EDGE_CURVE('',#825,#827,#47,.T.);
#1022=EDGE_CURVE('',#828,#826,#48,.T.);
#1023=EDGE_CURVE('',#829,#830,#729,.T.);
#1024=EDGE_CURVE('',#824,#829,#370,.T.);
#1025=EDGE_CURVE('',#830,#823,#371,.T.);
#1026=EDGE_CURVE('',#831,#832,#730,.F.);
#1027=EDGE_CURVE('',#832,#833,#731,.F.);
#1028=EDGE_CURVE('',#833,#831,#732,.F.);
#1029=EDGE_CURVE('',#834,#835,#733,.T.);
#1030=EDGE_CURVE('',#831,#834,#372,.T.);
#1031=EDGE_CURVE('',#835,#833,#373,.T.);
#1032=EDGE_CURVE('',#833,#822,#374,.T.);
#1033=EDGE_CURVE('',#823,#832,#375,.T.);
#1034=EDGE_CURVE('',#836,#837,#734,.T.);
#1035=EDGE_CURVE('',#832,#836,#376,.T.);
#1036=EDGE_CURVE('',#837,#831,#377,.T.);
#1037=EDGE_CURVE('',#838,#839,#778,.F.);
#1038=EDGE_CURVE('',#834,#838,#49,.T.);
#1039=EDGE_CURVE('',#839,#835,#50,.T.);
#1040=EDGE_CURVE('',#827,#839,#378,.T.);
#1041=EDGE_CURVE('',#840,#838,#379,.T.);
#1042=EDGE_CURVE('',#841,#840,#735,.T.);
#1043=EDGE_CURVE('',#834,#841,#380,.T.);
#1044=EDGE_CURVE('',#842,#829,#381,.T.);
#1045=EDGE_CURVE('',#842,#826,#382,.T.);
#1046=EDGE_CURVE('',#843,#842,#736,.T.);
#1047=EDGE_CURVE('',#828,#843,#383,.T.);
#1048=EDGE_CURVE('',#844,#802,#737,.T.);
#1049=EDGE_CURVE('',#794,#844,#384,.T.);
#1050=EDGE_CURVE('',#844,#845,#385,.T.);
#1051=EDGE_CURVE('',#845,#783,#386,.T.);
#1052=EDGE_CURVE('',#801,#787,#738,.T.);
#1053=EDGE_CURVE('',#846,#845,#739,.T.);
#1054=EDGE_CURVE('',#784,#846,#387,.T.);
#1055=EDGE_CURVE('',#846,#785,#388,.T.);
#1056=EDGE_CURVE('',#819,#821,#389,.T.);
#1057=EDGE_CURVE('',#847,#848,#740,.T.);
#1058=EDGE_CURVE('',#849,#847,#390,.T.);
#1059=EDGE_CURVE('',#850,#849,#51,.F.);
#1060=EDGE_CURVE('',#848,#850,#391,.T.);
#1061=EDGE_CURVE('',#851,#847,#392,.T.);
#1062=EDGE_CURVE('',#851,#852,#393,.T.);
#1063=EDGE_CURVE('',#852,#853,#394,.T.);
#1064=EDGE_CURVE('',#854,#853,#395,.T.);
#1065=EDGE_CURVE('',#854,#855,#741,.T.);
#1066=EDGE_CURVE('',#856,#855,#396,.T.);
#1067=EDGE_CURVE('',#857,#856,#397,.T.);
#1068=EDGE_CURVE('',#858,#857,#398,.T.);
#1069=EDGE_CURVE('',#858,#859,#742,.T.);
#1070=EDGE_CURVE('',#860,#859,#399,.T.);
#1071=EDGE_CURVE('',#860,#861,#400,.T.);
#1072=EDGE_CURVE('',#862,#861,#401,.T.);
#1073=EDGE_CURVE('',#849,#862,#402,.T.);
#1074=EDGE_CURVE('',#863,#863,#743,.T.);
#1075=EDGE_CURVE('',#852,#864,#744,.T.);
#1076=EDGE_CURVE('',#865,#851,#745,.T.);
#1077=EDGE_CURVE('',#864,#865,#403,.T.);
#1078=EDGE_CURVE('',#866,#865,#404,.T.);
#1079=EDGE_CURVE('',#866,#867,#405,.T.);
#1080=EDGE_CURVE('',#864,#867,#406,.T.);
#1081=EDGE_CURVE('',#868,#868,#746,.T.);
#1082=EDGE_CURVE('',#869,#869,#747,.T.);
#1083=EDGE_CURVE('',#867,#870,#748,.T.);
#1084=EDGE_CURVE('',#870,#871,#407,.T.);
#1085=EDGE_CURVE('',#853,#871,#408,.T.);
#1086=EDGE_CURVE('',#872,#873,#749,.T.);
#1087=EDGE_CURVE('',#874,#872,#409,.T.);
#1088=EDGE_CURVE('',#875,#874,#52,.F.);
#1089=EDGE_CURVE('',#873,#875,#410,.T.);
#1090=EDGE_CURVE('',#876,#866,#750,.T.);
#1091=EDGE_CURVE('',#870,#876,#411,.T.);
#1092=EDGE_CURVE('',#877,#875,#412,.T.);
#1093=EDGE_CURVE('',#878,#877,#413,.T.);
#1094=EDGE_CURVE('',#879,#878,#414,.T.);
#1095=EDGE_CURVE('',#880,#879,#415,.T.);
#1096=EDGE_CURVE('',#881,#880,#751,.T.);
#1097=EDGE_CURVE('',#882,#881,#416,.T.);
#1098=EDGE_CURVE('',#883,#882,#417,.T.);
#1099=EDGE_CURVE('',#884,#883,#418,.T.);
#1100=EDGE_CURVE('',#885,#884,#752,.T.);
#1101=EDGE_CURVE('',#871,#885,#419,.T.);
#1102=EDGE_CURVE('',#886,#876,#420,.T.);
#1103=EDGE_CURVE('',#887,#886,#421,.T.);
#1104=EDGE_CURVE('',#888,#887,#422,.T.);
#1105=EDGE_CURVE('',#889,#888,#423,.T.);
#1106=EDGE_CURVE('',#873,#889,#424,.T.);
#1107=EDGE_CURVE('',#837,#841,#425,.T.);
#1108=EDGE_CURVE('',#890,#891,#426,.T.);
#1109=EDGE_CURVE('',#892,#891,#427,.T.);
#1110=EDGE_CURVE('',#893,#892,#428,.T.);
#1111=EDGE_CURVE('',#893,#890,#429,.T.);
#1112=EDGE_CURVE('',#891,#894,#430,.T.);
#1113=EDGE_CURVE('',#895,#894,#431,.T.);
#1114=EDGE_CURVE('',#892,#895,#432,.T.);
#1115=EDGE_CURVE('',#894,#896,#433,.T.);
#1116=EDGE_CURVE('',#897,#896,#434,.T.);
#1117=EDGE_CURVE('',#895,#897,#435,.T.);
#1118=EDGE_CURVE('',#896,#898,#436,.T.);
#1119=EDGE_CURVE('',#899,#898,#437,.T.);
#1120=EDGE_CURVE('',#897,#899,#438,.T.);
#1121=EDGE_CURVE('',#898,#900,#439,.T.);
#1122=EDGE_CURVE('',#901,#900,#440,.T.);
#1123=EDGE_CURVE('',#899,#901,#441,.T.);
#1124=EDGE_CURVE('',#900,#890,#442,.T.);
#1125=EDGE_CURVE('',#901,#893,#443,.T.);
#1126=EDGE_CURVE('',#902,#902,#753,.T.);
#1127=EDGE_CURVE('',#903,#904,#444,.T.);
#1128=EDGE_CURVE('',#905,#904,#445,.T.);
#1129=EDGE_CURVE('',#905,#906,#446,.T.);
#1130=EDGE_CURVE('',#906,#903,#447,.T.);
#1131=EDGE_CURVE('',#904,#907,#448,.T.);
#1132=EDGE_CURVE('',#908,#907,#449,.T.);
#1133=EDGE_CURVE('',#908,#905,#450,.T.);
#1134=EDGE_CURVE('',#907,#909,#451,.T.);
#1135=EDGE_CURVE('',#910,#909,#452,.T.);
#1136=EDGE_CURVE('',#910,#908,#453,.T.);
#1137=EDGE_CURVE('',#909,#911,#454,.T.);
#1138=EDGE_CURVE('',#912,#911,#455,.T.);
#1139=EDGE_CURVE('',#912,#910,#456,.T.);
#1140=EDGE_CURVE('',#911,#913,#457,.T.);
#1141=EDGE_CURVE('',#914,#913,#458,.T.);
#1142=EDGE_CURVE('',#914,#912,#459,.T.);
#1143=EDGE_CURVE('',#913,#903,#460,.T.);
#1144=EDGE_CURVE('',#906,#914,#461,.T.);
#1145=EDGE_CURVE('',#915,#915,#754,.T.);
#1146=EDGE_CURVE('',#916,#916,#755,.T.);
#1147=EDGE_CURVE('',#916,#869,#462,.T.);
#1148=EDGE_CURVE('',#917,#917,#756,.T.);
#1149=EDGE_CURVE('',#918,#918,#757,.T.);
#1150=EDGE_CURVE('',#918,#868,#463,.T.);
#1151=EDGE_CURVE('',#919,#919,#758,.T.);
#1152=EDGE_CURVE('',#920,#920,#759,.T.);
#1153=EDGE_CURVE('',#920,#917,#464,.T.);
#1154=EDGE_CURVE('',#902,#921,#465,.T.);
#1155=EDGE_CURVE('',#921,#921,#760,.T.);
#1156=EDGE_CURVE('',#922,#922,#761,.T.);
#1157=EDGE_CURVE('',#922,#919,#466,.T.);
#1158=EDGE_CURVE('',#915,#923,#467,.T.);
#1159=EDGE_CURVE('',#923,#923,#762,.T.);
#1160=EDGE_CURVE('',#874,#850,#468,.T.);
#1161=EDGE_CURVE('',#862,#877,#469,.T.);
#1162=EDGE_CURVE('',#861,#878,#470,.T.);
#1163=EDGE_CURVE('',#860,#879,#471,.T.);
#1164=EDGE_CURVE('',#859,#880,#472,.T.);
#1165=EDGE_CURVE('',#858,#881,#473,.T.);
#1166=EDGE_CURVE('',#857,#882,#474,.T.);
#1167=EDGE_CURVE('',#856,#883,#475,.T.);
#1168=EDGE_CURVE('',#855,#884,#476,.T.);
#1169=EDGE_CURVE('',#854,#885,#477,.T.);
#1170=EDGE_CURVE('',#840,#872,#478,.T.);
#1171=EDGE_CURVE('',#848,#843,#479,.T.);
#1172=EDGE_CURVE('',#830,#836,#480,.T.);
#1173=EDGE_CURVE('',#863,#924,#481,.T.);
#1174=EDGE_CURVE('',#924,#924,#763,.T.);
#1175=EDGE_CURVE('',#924,#925,#482,.T.);
#1176=EDGE_CURVE('',#925,#925,#764,.T.);
#1177=EDGE_CURVE('',#926,#926,#765,.T.);
#1178=EDGE_CURVE('',#926,#925,#483,.T.);
#1179=EDGE_CURVE('',#927,#928,#484,.T.);
#1180=EDGE_CURVE('',#928,#929,#485,.T.);
#1181=EDGE_CURVE('',#930,#929,#486,.T.);
#1182=EDGE_CURVE('',#930,#927,#487,.T.);
#1183=EDGE_CURVE('',#931,#930,#488,.T.);
#1184=EDGE_CURVE('',#932,#931,#489,.T.);
#1185=EDGE_CURVE('',#933,#932,#490,.T.);
#1186=EDGE_CURVE('',#934,#933,#491,.T.);
#1187=EDGE_CURVE('',#889,#934,#492,.T.);
#1188=EDGE_CURVE('',#888,#935,#493,.T.);
#1189=EDGE_CURVE('',#936,#935,#494,.T.);
#1190=EDGE_CURVE('',#937,#936,#495,.T.);
#1191=EDGE_CURVE('',#938,#937,#496,.T.);
#1192=EDGE_CURVE('',#938,#927,#497,.T.);
#1193=EDGE_CURVE('',#939,#939,#766,.T.);
#1194=EDGE_CURVE('',#939,#940,#498,.T.);
#1195=EDGE_CURVE('',#940,#940,#767,.T.);
#1196=EDGE_CURVE('',#941,#941,#768,.T.);
#1197=EDGE_CURVE('',#941,#940,#499,.T.);
#1198=EDGE_CURVE('',#935,#942,#500,.T.);
#1199=EDGE_CURVE('',#942,#943,#501,.T.);
#1200=EDGE_CURVE('',#936,#943,#502,.T.);
#1201=EDGE_CURVE('',#944,#944,#769,.T.);
#1202=EDGE_CURVE('',#944,#945,#503,.T.);
#1203=EDGE_CURVE('',#945,#945,#770,.T.);
#1204=EDGE_CURVE('',#946,#946,#771,.T.);
#1205=EDGE_CURVE('',#946,#945,#504,.T.);
#1206=EDGE_CURVE('',#947,#948,#505,.T.);
#1207=EDGE_CURVE('',#934,#948,#506,.T.);
#1208=EDGE_CURVE('',#947,#933,#507,.T.);
#1209=EDGE_CURVE('',#949,#947,#508,.T.);
#1210=EDGE_CURVE('',#932,#949,#509,.T.);
#1211=EDGE_CURVE('',#950,#949,#510,.T.);
#1212=EDGE_CURVE('',#950,#931,#511,.T.);
#1213=EDGE_CURVE('',#951,#928,#512,.T.);
#1214=EDGE_CURVE('',#952,#951,#513,.T.);
#1215=EDGE_CURVE('',#943,#952,#514,.T.);
#1216=EDGE_CURVE('',#887,#942,#515,.T.);
#1217=EDGE_CURVE('',#886,#948,#516,.T.);
#1218=EDGE_CURVE('',#950,#929,#517,.T.);
#1219=EDGE_CURVE('',#952,#937,#518,.T.);
#1220=EDGE_CURVE('',#951,#938,#519,.T.);
#1221=ORIENTED_EDGE('',*,*,#953,.T.);
#1222=ORIENTED_EDGE('',*,*,#954,.T.);
#1223=ORIENTED_EDGE('',*,*,#955,.F.);
#1224=ORIENTED_EDGE('',*,*,#956,.T.);
#1225=ORIENTED_EDGE('',*,*,#957,.T.);
#1226=ORIENTED_EDGE('',*,*,#958,.F.);
#1227=ORIENTED_EDGE('',*,*,#953,.F.);
#1228=ORIENTED_EDGE('',*,*,#959,.F.);
#1229=ORIENTED_EDGE('',*,*,#960,.F.);
#1230=ORIENTED_EDGE('',*,*,#961,.F.);
#1231=ORIENTED_EDGE('',*,*,#954,.F.);
#1232=ORIENTED_EDGE('',*,*,#961,.T.);
#1233=ORIENTED_EDGE('',*,*,#962,.T.);
#1234=ORIENTED_EDGE('',*,*,#963,.T.);
#1235=ORIENTED_EDGE('',*,*,#964,.F.);
#1236=ORIENTED_EDGE('',*,*,#955,.T.);
#1237=ORIENTED_EDGE('',*,*,#964,.T.);
#1238=ORIENTED_EDGE('',*,*,#965,.T.);
#1239=ORIENTED_EDGE('',*,*,#966,.F.);
#1240=ORIENTED_EDGE('',*,*,#967,.T.);
#1241=ORIENTED_EDGE('',*,*,#968,.F.);
#1242=ORIENTED_EDGE('',*,*,#969,.T.);
#1243=ORIENTED_EDGE('',*,*,#970,.T.);
#1244=ORIENTED_EDGE('',*,*,#971,.T.);
#1245=ORIENTED_EDGE('',*,*,#972,.F.);
#1246=ORIENTED_EDGE('',*,*,#973,.F.);
#1247=ORIENTED_EDGE('',*,*,#974,.T.);
#1248=ORIENTED_EDGE('',*,*,#966,.T.);
#1249=ORIENTED_EDGE('',*,*,#975,.F.);
#1250=ORIENTED_EDGE('',*,*,#976,.F.);
#1251=ORIENTED_EDGE('',*,*,#977,.T.);
#1252=ORIENTED_EDGE('',*,*,#972,.T.);
#1253=ORIENTED_EDGE('',*,*,#978,.F.);
#1254=ORIENTED_EDGE('',*,*,#976,.T.);
#1255=ORIENTED_EDGE('',*,*,#979,.F.);
#1256=ORIENTED_EDGE('',*,*,#980,.T.);
#1257=ORIENTED_EDGE('',*,*,#979,.T.);
#1258=ORIENTED_EDGE('',*,*,#981,.T.);
#1259=ORIENTED_EDGE('',*,*,#982,.F.);
#1260=ORIENTED_EDGE('',*,*,#983,.T.);
#1261=ORIENTED_EDGE('',*,*,#969,.F.);
#1262=ORIENTED_EDGE('',*,*,#984,.F.);
#1263=ORIENTED_EDGE('',*,*,#985,.T.);
#1264=ORIENTED_EDGE('',*,*,#973,.T.);
#1265=ORIENTED_EDGE('',*,*,#986,.T.);
#1266=ORIENTED_EDGE('',*,*,#987,.T.);
#1267=ORIENTED_EDGE('',*,*,#988,.F.);
#1268=ORIENTED_EDGE('',*,*,#989,.T.);
#1269=ORIENTED_EDGE('',*,*,#990,.T.);
#1270=ORIENTED_EDGE('',*,*,#991,.T.);
#1271=ORIENTED_EDGE('',*,*,#992,.T.);
#1272=ORIENTED_EDGE('',*,*,#980,.F.);
#1273=ORIENTED_EDGE('',*,*,#985,.F.);
#1274=ORIENTED_EDGE('',*,*,#993,.F.);
#1275=ORIENTED_EDGE('',*,*,#994,.F.);
#1276=ORIENTED_EDGE('',*,*,#986,.F.);
#1277=ORIENTED_EDGE('',*,*,#977,.F.);
#1278=ORIENTED_EDGE('',*,*,#994,.T.);
#1279=ORIENTED_EDGE('',*,*,#995,.F.);
#1280=ORIENTED_EDGE('',*,*,#996,.T.);
#1281=ORIENTED_EDGE('',*,*,#987,.F.);
#1282=ORIENTED_EDGE('',*,*,#997,.T.);
#1283=ORIENTED_EDGE('',*,*,#998,.F.);
#1284=ORIENTED_EDGE('',*,*,#988,.T.);
#1285=ORIENTED_EDGE('',*,*,#996,.F.);
#1286=ORIENTED_EDGE('',*,*,#992,.F.);
#1287=ORIENTED_EDGE('',*,*,#999,.F.);
#1288=ORIENTED_EDGE('',*,*,#1000,.F.);
#1289=ORIENTED_EDGE('',*,*,#967,.F.);
#1290=ORIENTED_EDGE('',*,*,#974,.F.);
#1291=ORIENTED_EDGE('',*,*,#1001,.T.);
#1292=ORIENTED_EDGE('',*,*,#990,.F.);
#1293=ORIENTED_EDGE('',*,*,#1002,.T.);
#1294=ORIENTED_EDGE('',*,*,#1003,.F.);
#1295=ORIENTED_EDGE('',*,*,#999,.T.);
#1296=ORIENTED_EDGE('',*,*,#991,.F.);
#1297=ORIENTED_EDGE('',*,*,#1001,.F.);
#1298=ORIENTED_EDGE('',*,*,#1004,.T.);
#1299=ORIENTED_EDGE('',*,*,#1005,.T.);
#1300=ORIENTED_EDGE('',*,*,#1006,.T.);
#1301=ORIENTED_EDGE('',*,*,#1007,.F.);
#1302=ORIENTED_EDGE('',*,*,#1006,.F.);
#1303=ORIENTED_EDGE('',*,*,#1008,.T.);
#1304=ORIENTED_EDGE('',*,*,#1009,.F.);
#1305=ORIENTED_EDGE('',*,*,#1010,.F.);
#1306=ORIENTED_EDGE('',*,*,#997,.F.);
#1307=ORIENTED_EDGE('',*,*,#995,.T.);
#1308=ORIENTED_EDGE('',*,*,#993,.T.);
#1309=ORIENTED_EDGE('',*,*,#984,.T.);
#1310=ORIENTED_EDGE('',*,*,#968,.T.);
#1311=ORIENTED_EDGE('',*,*,#1000,.T.);
#1312=ORIENTED_EDGE('',*,*,#1007,.T.);
#1313=ORIENTED_EDGE('',*,*,#1010,.T.);
#1314=ORIENTED_EDGE('',*,*,#1011,.T.);
#1315=ORIENTED_EDGE('',*,*,#1003,.T.);
#1316=ORIENTED_EDGE('',*,*,#1012,.T.);
#1317=ORIENTED_EDGE('',*,*,#1013,.T.);
#1318=ORIENTED_EDGE('',*,*,#1004,.F.);
#1319=ORIENTED_EDGE('',*,*,#1014,.T.);
#1320=ORIENTED_EDGE('',*,*,#1015,.T.);
#1321=ORIENTED_EDGE('',*,*,#1016,.T.);
#1322=ORIENTED_EDGE('',*,*,#1017,.F.);
#1323=ORIENTED_EDGE('',*,*,#1018,.F.);
#1324=ORIENTED_EDGE('',*,*,#1016,.F.);
#1325=ORIENTED_EDGE('',*,*,#1019,.F.);
#1326=ORIENTED_EDGE('',*,*,#1020,.F.);
#1327=ORIENTED_EDGE('',*,*,#1021,.F.);
#1328=ORIENTED_EDGE('',*,*,#1017,.T.);
#1329=ORIENTED_EDGE('',*,*,#1022,.F.);
#1330=ORIENTED_EDGE('',*,*,#1023,.F.);
#1331=ORIENTED_EDGE('',*,*,#1024,.F.);
#1332=ORIENTED_EDGE('',*,*,#1015,.F.);
#1333=ORIENTED_EDGE('',*,*,#1025,.F.);
#1334=ORIENTED_EDGE('',*,*,#1026,.T.);
#1335=ORIENTED_EDGE('',*,*,#1027,.T.);
#1336=ORIENTED_EDGE('',*,*,#1028,.T.);
#1337=ORIENTED_EDGE('',*,*,#1029,.F.);
#1338=ORIENTED_EDGE('',*,*,#1030,.F.);
#1339=ORIENTED_EDGE('',*,*,#1028,.F.);
#1340=ORIENTED_EDGE('',*,*,#1031,.F.);
#1341=ORIENTED_EDGE('',*,*,#1014,.F.);
#1342=ORIENTED_EDGE('',*,*,#1032,.F.);
#1343=ORIENTED_EDGE('',*,*,#1027,.F.);
#1344=ORIENTED_EDGE('',*,*,#1033,.F.);
#1345=ORIENTED_EDGE('',*,*,#1034,.F.);
#1346=ORIENTED_EDGE('',*,*,#1035,.F.);
#1347=ORIENTED_EDGE('',*,*,#1026,.F.);
#1348=ORIENTED_EDGE('',*,*,#1036,.F.);
#1349=ORIENTED_EDGE('',*,*,#1037,.F.);
#1350=ORIENTED_EDGE('',*,*,#1038,.F.);
#1351=ORIENTED_EDGE('',*,*,#1029,.T.);
#1352=ORIENTED_EDGE('',*,*,#1039,.F.);
#1353=ORIENTED_EDGE('',*,*,#1021,.T.);
#1354=ORIENTED_EDGE('',*,*,#1040,.T.);
#1355=ORIENTED_EDGE('',*,*,#1039,.T.);
#1356=ORIENTED_EDGE('',*,*,#1031,.T.);
#1357=ORIENTED_EDGE('',*,*,#1032,.T.);
#1358=ORIENTED_EDGE('',*,*,#1018,.T.);
#1359=ORIENTED_EDGE('',*,*,#1038,.T.);
#1360=ORIENTED_EDGE('',*,*,#1041,.F.);
#1361=ORIENTED_EDGE('',*,*,#1042,.F.);
#1362=ORIENTED_EDGE('',*,*,#1043,.F.);
#1363=ORIENTED_EDGE('',*,*,#1019,.T.);
#1364=ORIENTED_EDGE('',*,*,#1024,.T.);
#1365=ORIENTED_EDGE('',*,*,#1044,.F.);
#1366=ORIENTED_EDGE('',*,*,#1045,.T.);
#1367=ORIENTED_EDGE('',*,*,#1022,.T.);
#1368=ORIENTED_EDGE('',*,*,#1045,.F.);
#1369=ORIENTED_EDGE('',*,*,#1046,.F.);
#1370=ORIENTED_EDGE('',*,*,#1047,.F.);
#1371=ORIENTED_EDGE('',*,*,#970,.F.);
#1372=ORIENTED_EDGE('',*,*,#983,.F.);
#1373=ORIENTED_EDGE('',*,*,#1048,.F.);
#1374=ORIENTED_EDGE('',*,*,#1049,.F.);
#1375=ORIENTED_EDGE('',*,*,#956,.F.);
#1376=ORIENTED_EDGE('',*,*,#971,.F.);
#1377=ORIENTED_EDGE('',*,*,#1049,.T.);
#1378=ORIENTED_EDGE('',*,*,#1050,.T.);
#1379=ORIENTED_EDGE('',*,*,#1051,.T.);
#1380=ORIENTED_EDGE('',*,*,#978,.T.);
#1381=ORIENTED_EDGE('',*,*,#975,.T.);
#1382=ORIENTED_EDGE('',*,*,#965,.F.);
#1383=ORIENTED_EDGE('',*,*,#963,.F.);
#1384=ORIENTED_EDGE('',*,*,#1052,.F.);
#1385=ORIENTED_EDGE('',*,*,#981,.F.);
#1386=ORIENTED_EDGE('',*,*,#957,.F.);
#1387=ORIENTED_EDGE('',*,*,#1051,.F.);
#1388=ORIENTED_EDGE('',*,*,#1053,.F.);
#1389=ORIENTED_EDGE('',*,*,#1054,.F.);
#1390=ORIENTED_EDGE('',*,*,#958,.T.);
#1391=ORIENTED_EDGE('',*,*,#1054,.T.);
#1392=ORIENTED_EDGE('',*,*,#1055,.T.);
#1393=ORIENTED_EDGE('',*,*,#959,.T.);
#1394=ORIENTED_EDGE('',*,*,#998,.T.);
#1395=ORIENTED_EDGE('',*,*,#1011,.F.);
#1396=ORIENTED_EDGE('',*,*,#1009,.T.);
#1397=ORIENTED_EDGE('',*,*,#1056,.T.);
#1398=ORIENTED_EDGE('',*,*,#1012,.F.);
#1399=ORIENTED_EDGE('',*,*,#1002,.F.);
#1400=ORIENTED_EDGE('',*,*,#989,.F.);
#1401=ORIENTED_EDGE('',*,*,#1057,.F.);
#1402=ORIENTED_EDGE('',*,*,#1058,.F.);
#1403=ORIENTED_EDGE('',*,*,#1059,.F.);
#1404=ORIENTED_EDGE('',*,*,#1060,.F.);
#1405=ORIENTED_EDGE('',*,*,#1058,.T.);
#1406=ORIENTED_EDGE('',*,*,#1061,.F.);
#1407=ORIENTED_EDGE('',*,*,#1062,.T.);
#1408=ORIENTED_EDGE('',*,*,#1063,.T.);
#1409=ORIENTED_EDGE('',*,*,#1064,.F.);
#1410=ORIENTED_EDGE('',*,*,#1065,.T.);
#1411=ORIENTED_EDGE('',*,*,#1066,.F.);
#1412=ORIENTED_EDGE('',*,*,#1067,.F.);
#1413=ORIENTED_EDGE('',*,*,#1068,.F.);
#1414=ORIENTED_EDGE('',*,*,#1069,.T.);
#1415=ORIENTED_EDGE('',*,*,#1070,.F.);
#1416=ORIENTED_EDGE('',*,*,#1071,.T.);
#1417=ORIENTED_EDGE('',*,*,#1072,.F.);
#1418=ORIENTED_EDGE('',*,*,#1073,.F.);
#1419=ORIENTED_EDGE('',*,*,#1008,.F.);
#1420=ORIENTED_EDGE('',*,*,#1005,.F.);
#1421=ORIENTED_EDGE('',*,*,#1013,.F.);
#1422=ORIENTED_EDGE('',*,*,#1056,.F.);
#1423=ORIENTED_EDGE('',*,*,#1074,.T.);
#1424=ORIENTED_EDGE('',*,*,#1075,.F.);
#1425=ORIENTED_EDGE('',*,*,#1062,.F.);
#1426=ORIENTED_EDGE('',*,*,#1076,.F.);
#1427=ORIENTED_EDGE('',*,*,#1077,.F.);
#1428=ORIENTED_EDGE('',*,*,#1077,.T.);
#1429=ORIENTED_EDGE('',*,*,#1078,.F.);
#1430=ORIENTED_EDGE('',*,*,#1079,.T.);
#1431=ORIENTED_EDGE('',*,*,#1080,.F.);
#1432=ORIENTED_EDGE('',*,*,#1081,.F.);
#1433=ORIENTED_EDGE('',*,*,#1082,.F.);
#1434=ORIENTED_EDGE('',*,*,#1075,.T.);
#1435=ORIENTED_EDGE('',*,*,#1080,.T.);
#1436=ORIENTED_EDGE('',*,*,#1083,.T.);
#1437=ORIENTED_EDGE('',*,*,#1084,.T.);
#1438=ORIENTED_EDGE('',*,*,#1085,.F.);
#1439=ORIENTED_EDGE('',*,*,#1063,.F.);
#1440=ORIENTED_EDGE('',*,*,#1086,.F.);
#1441=ORIENTED_EDGE('',*,*,#1087,.F.);
#1442=ORIENTED_EDGE('',*,*,#1088,.F.);
#1443=ORIENTED_EDGE('',*,*,#1089,.F.);
#1444=ORIENTED_EDGE('',*,*,#1083,.F.);
#1445=ORIENTED_EDGE('',*,*,#1079,.F.);
#1446=ORIENTED_EDGE('',*,*,#1090,.F.);
#1447=ORIENTED_EDGE('',*,*,#1091,.F.);
#1448=ORIENTED_EDGE('',*,*,#1089,.T.);
#1449=ORIENTED_EDGE('',*,*,#1092,.F.);
#1450=ORIENTED_EDGE('',*,*,#1093,.F.);
#1451=ORIENTED_EDGE('',*,*,#1094,.F.);
#1452=ORIENTED_EDGE('',*,*,#1095,.F.);
#1453=ORIENTED_EDGE('',*,*,#1096,.F.);
#1454=ORIENTED_EDGE('',*,*,#1097,.F.);
#1455=ORIENTED_EDGE('',*,*,#1098,.F.);
#1456=ORIENTED_EDGE('',*,*,#1099,.F.);
#1457=ORIENTED_EDGE('',*,*,#1100,.F.);
#1458=ORIENTED_EDGE('',*,*,#1101,.F.);
#1459=ORIENTED_EDGE('',*,*,#1084,.F.);
#1460=ORIENTED_EDGE('',*,*,#1091,.T.);
#1461=ORIENTED_EDGE('',*,*,#1102,.F.);
#1462=ORIENTED_EDGE('',*,*,#1103,.F.);
#1463=ORIENTED_EDGE('',*,*,#1104,.F.);
#1464=ORIENTED_EDGE('',*,*,#1105,.F.);
#1465=ORIENTED_EDGE('',*,*,#1106,.F.);
#1466=ORIENTED_EDGE('',*,*,#1036,.T.);
#1467=ORIENTED_EDGE('',*,*,#1030,.T.);
#1468=ORIENTED_EDGE('',*,*,#1043,.T.);
#1469=ORIENTED_EDGE('',*,*,#1107,.F.);
#1470=ORIENTED_EDGE('',*,*,#1108,.T.);
#1471=ORIENTED_EDGE('',*,*,#1109,.F.);
#1472=ORIENTED_EDGE('',*,*,#1110,.F.);
#1473=ORIENTED_EDGE('',*,*,#1111,.T.);
#1474=ORIENTED_EDGE('',*,*,#1112,.T.);
#1475=ORIENTED_EDGE('',*,*,#1113,.F.);
#1476=ORIENTED_EDGE('',*,*,#1114,.F.);
#1477=ORIENTED_EDGE('',*,*,#1109,.T.);
#1478=ORIENTED_EDGE('',*,*,#1115,.T.);
#1479=ORIENTED_EDGE('',*,*,#1116,.F.);
#1480=ORIENTED_EDGE('',*,*,#1117,.F.);
#1481=ORIENTED_EDGE('',*,*,#1113,.T.);
#1482=ORIENTED_EDGE('',*,*,#1118,.T.);
#1483=ORIENTED_EDGE('',*,*,#1119,.F.);
#1484=ORIENTED_EDGE('',*,*,#1120,.F.);
#1485=ORIENTED_EDGE('',*,*,#1116,.T.);
#1486=ORIENTED_EDGE('',*,*,#1121,.T.);
#1487=ORIENTED_EDGE('',*,*,#1122,.F.);
#1488=ORIENTED_EDGE('',*,*,#1123,.F.);
#1489=ORIENTED_EDGE('',*,*,#1119,.T.);
#1490=ORIENTED_EDGE('',*,*,#1124,.T.);
#1491=ORIENTED_EDGE('',*,*,#1111,.F.);
#1492=ORIENTED_EDGE('',*,*,#1125,.F.);
#1493=ORIENTED_EDGE('',*,*,#1122,.T.);
#1494=ORIENTED_EDGE('',*,*,#1117,.T.);
#1495=ORIENTED_EDGE('',*,*,#1120,.T.);
#1496=ORIENTED_EDGE('',*,*,#1123,.T.);
#1497=ORIENTED_EDGE('',*,*,#1125,.T.);
#1498=ORIENTED_EDGE('',*,*,#1110,.T.);
#1499=ORIENTED_EDGE('',*,*,#1114,.T.);
#1500=ORIENTED_EDGE('',*,*,#1126,.T.);
#1501=ORIENTED_EDGE('',*,*,#1127,.T.);
#1502=ORIENTED_EDGE('',*,*,#1128,.F.);
#1503=ORIENTED_EDGE('',*,*,#1129,.T.);
#1504=ORIENTED_EDGE('',*,*,#1130,.T.);
#1505=ORIENTED_EDGE('',*,*,#1131,.T.);
#1506=ORIENTED_EDGE('',*,*,#1132,.F.);
#1507=ORIENTED_EDGE('',*,*,#1133,.T.);
#1508=ORIENTED_EDGE('',*,*,#1128,.T.);
#1509=ORIENTED_EDGE('',*,*,#1134,.T.);
#1510=ORIENTED_EDGE('',*,*,#1135,.F.);
#1511=ORIENTED_EDGE('',*,*,#1136,.T.);
#1512=ORIENTED_EDGE('',*,*,#1132,.T.);
#1513=ORIENTED_EDGE('',*,*,#1137,.T.);
#1514=ORIENTED_EDGE('',*,*,#1138,.F.);
#1515=ORIENTED_EDGE('',*,*,#1139,.T.);
#1516=ORIENTED_EDGE('',*,*,#1135,.T.);
#1517=ORIENTED_EDGE('',*,*,#1140,.T.);
#1518=ORIENTED_EDGE('',*,*,#1141,.F.);
#1519=ORIENTED_EDGE('',*,*,#1142,.T.);
#1520=ORIENTED_EDGE('',*,*,#1138,.T.);
#1521=ORIENTED_EDGE('',*,*,#1143,.T.);
#1522=ORIENTED_EDGE('',*,*,#1130,.F.);
#1523=ORIENTED_EDGE('',*,*,#1144,.T.);
#1524=ORIENTED_EDGE('',*,*,#1141,.T.);
#1525=ORIENTED_EDGE('',*,*,#1136,.F.);
#1526=ORIENTED_EDGE('',*,*,#1139,.F.);
#1527=ORIENTED_EDGE('',*,*,#1142,.F.);
#1528=ORIENTED_EDGE('',*,*,#1144,.F.);
#1529=ORIENTED_EDGE('',*,*,#1129,.F.);
#1530=ORIENTED_EDGE('',*,*,#1133,.F.);
#1531=ORIENTED_EDGE('',*,*,#1145,.T.);
#1532=ORIENTED_EDGE('',*,*,#1146,.T.);
#1533=ORIENTED_EDGE('',*,*,#1147,.T.);
#1534=ORIENTED_EDGE('',*,*,#1082,.T.);
#1535=ORIENTED_EDGE('',*,*,#1147,.F.);
#1536=ORIENTED_EDGE('',*,*,#1146,.F.);
#1537=ORIENTED_EDGE('',*,*,#1148,.T.);
#1538=ORIENTED_EDGE('',*,*,#1149,.T.);
#1539=ORIENTED_EDGE('',*,*,#1150,.T.);
#1540=ORIENTED_EDGE('',*,*,#1081,.T.);
#1541=ORIENTED_EDGE('',*,*,#1150,.F.);
#1542=ORIENTED_EDGE('',*,*,#1149,.F.);
#1543=ORIENTED_EDGE('',*,*,#1151,.T.);
#1544=ORIENTED_EDGE('',*,*,#1152,.T.);
#1545=ORIENTED_EDGE('',*,*,#1153,.T.);
#1546=ORIENTED_EDGE('',*,*,#1148,.F.);
#1547=ORIENTED_EDGE('',*,*,#1153,.F.);
#1548=ORIENTED_EDGE('',*,*,#1126,.F.);
#1549=ORIENTED_EDGE('',*,*,#1154,.T.);
#1550=ORIENTED_EDGE('',*,*,#1155,.T.);
#1551=ORIENTED_EDGE('',*,*,#1154,.F.);
#1552=ORIENTED_EDGE('',*,*,#1156,.T.);
#1553=ORIENTED_EDGE('',*,*,#1157,.T.);
#1554=ORIENTED_EDGE('',*,*,#1151,.F.);
#1555=ORIENTED_EDGE('',*,*,#1157,.F.);
#1556=ORIENTED_EDGE('',*,*,#1145,.F.);
#1557=ORIENTED_EDGE('',*,*,#1158,.T.);
#1558=ORIENTED_EDGE('',*,*,#1159,.T.);
#1559=ORIENTED_EDGE('',*,*,#1158,.F.);
#1560=ORIENTED_EDGE('',*,*,#1092,.T.);
#1561=ORIENTED_EDGE('',*,*,#1088,.T.);
#1562=ORIENTED_EDGE('',*,*,#1160,.T.);
#1563=ORIENTED_EDGE('',*,*,#1059,.T.);
#1564=ORIENTED_EDGE('',*,*,#1073,.T.);
#1565=ORIENTED_EDGE('',*,*,#1161,.T.);
#1566=ORIENTED_EDGE('',*,*,#1072,.T.);
#1567=ORIENTED_EDGE('',*,*,#1162,.T.);
#1568=ORIENTED_EDGE('',*,*,#1093,.T.);
#1569=ORIENTED_EDGE('',*,*,#1161,.F.);
#1570=ORIENTED_EDGE('',*,*,#1118,.F.);
#1571=ORIENTED_EDGE('',*,*,#1115,.F.);
#1572=ORIENTED_EDGE('',*,*,#1112,.F.);
#1573=ORIENTED_EDGE('',*,*,#1108,.F.);
#1574=ORIENTED_EDGE('',*,*,#1124,.F.);
#1575=ORIENTED_EDGE('',*,*,#1121,.F.);
#1576=ORIENTED_EDGE('',*,*,#1137,.F.);
#1577=ORIENTED_EDGE('',*,*,#1134,.F.);
#1578=ORIENTED_EDGE('',*,*,#1131,.F.);
#1579=ORIENTED_EDGE('',*,*,#1127,.F.);
#1580=ORIENTED_EDGE('',*,*,#1143,.F.);
#1581=ORIENTED_EDGE('',*,*,#1140,.F.);
#1582=ORIENTED_EDGE('',*,*,#1071,.F.);
#1583=ORIENTED_EDGE('',*,*,#1163,.T.);
#1584=ORIENTED_EDGE('',*,*,#1094,.T.);
#1585=ORIENTED_EDGE('',*,*,#1162,.F.);
#1586=ORIENTED_EDGE('',*,*,#1070,.T.);
#1587=ORIENTED_EDGE('',*,*,#1164,.T.);
#1588=ORIENTED_EDGE('',*,*,#1095,.T.);
#1589=ORIENTED_EDGE('',*,*,#1163,.F.);
#1590=ORIENTED_EDGE('',*,*,#1155,.F.);
#1591=ORIENTED_EDGE('',*,*,#1159,.F.);
#1592=ORIENTED_EDGE('',*,*,#1069,.F.);
#1593=ORIENTED_EDGE('',*,*,#1165,.T.);
#1594=ORIENTED_EDGE('',*,*,#1096,.T.);
#1595=ORIENTED_EDGE('',*,*,#1164,.F.);
#1596=ORIENTED_EDGE('',*,*,#1068,.T.);
#1597=ORIENTED_EDGE('',*,*,#1166,.T.);
#1598=ORIENTED_EDGE('',*,*,#1097,.T.);
#1599=ORIENTED_EDGE('',*,*,#1165,.F.);
#1600=ORIENTED_EDGE('',*,*,#1067,.T.);
#1601=ORIENTED_EDGE('',*,*,#1167,.T.);
#1602=ORIENTED_EDGE('',*,*,#1098,.T.);
#1603=ORIENTED_EDGE('',*,*,#1166,.F.);
#1604=ORIENTED_EDGE('',*,*,#1066,.T.);
#1605=ORIENTED_EDGE('',*,*,#1168,.T.);
#1606=ORIENTED_EDGE('',*,*,#1099,.T.);
#1607=ORIENTED_EDGE('',*,*,#1167,.F.);
#1608=ORIENTED_EDGE('',*,*,#1065,.F.);
#1609=ORIENTED_EDGE('',*,*,#1169,.T.);
#1610=ORIENTED_EDGE('',*,*,#1100,.T.);
#1611=ORIENTED_EDGE('',*,*,#1168,.F.);
#1612=ORIENTED_EDGE('',*,*,#1064,.T.);
#1613=ORIENTED_EDGE('',*,*,#1085,.T.);
#1614=ORIENTED_EDGE('',*,*,#1101,.T.);
#1615=ORIENTED_EDGE('',*,*,#1169,.F.);
#1616=ORIENTED_EDGE('',*,*,#1152,.F.);
#1617=ORIENTED_EDGE('',*,*,#1156,.F.);
#1618=ORIENTED_EDGE('',*,*,#1060,.T.);
#1619=ORIENTED_EDGE('',*,*,#1160,.F.);
#1620=ORIENTED_EDGE('',*,*,#1087,.T.);
#1621=ORIENTED_EDGE('',*,*,#1170,.F.);
#1622=ORIENTED_EDGE('',*,*,#1041,.T.);
#1623=ORIENTED_EDGE('',*,*,#1037,.T.);
#1624=ORIENTED_EDGE('',*,*,#1040,.F.);
#1625=ORIENTED_EDGE('',*,*,#1020,.T.);
#1626=ORIENTED_EDGE('',*,*,#1047,.T.);
#1627=ORIENTED_EDGE('',*,*,#1171,.F.);
#1628=ORIENTED_EDGE('',*,*,#1025,.T.);
#1629=ORIENTED_EDGE('',*,*,#1033,.T.);
#1630=ORIENTED_EDGE('',*,*,#1035,.T.);
#1631=ORIENTED_EDGE('',*,*,#1172,.F.);
#1632=ORIENTED_EDGE('',*,*,#1074,.F.);
#1633=ORIENTED_EDGE('',*,*,#1173,.T.);
#1634=ORIENTED_EDGE('',*,*,#1174,.F.);
#1635=ORIENTED_EDGE('',*,*,#1173,.F.);
#1636=ORIENTED_EDGE('',*,*,#1174,.T.);
#1637=ORIENTED_EDGE('',*,*,#1175,.T.);
#1638=ORIENTED_EDGE('',*,*,#1176,.T.);
#1639=ORIENTED_EDGE('',*,*,#1175,.F.);
#1640=ORIENTED_EDGE('',*,*,#1177,.F.);
#1641=ORIENTED_EDGE('',*,*,#1178,.T.);
#1642=ORIENTED_EDGE('',*,*,#1176,.F.);
#1643=ORIENTED_EDGE('',*,*,#1178,.F.);
#1644=ORIENTED_EDGE('',*,*,#1179,.T.);
#1645=ORIENTED_EDGE('',*,*,#1180,.T.);
#1646=ORIENTED_EDGE('',*,*,#1181,.F.);
#1647=ORIENTED_EDGE('',*,*,#1182,.T.);
#1648=ORIENTED_EDGE('',*,*,#1177,.T.);
#1649=ORIENTED_EDGE('',*,*,#1182,.F.);
#1650=ORIENTED_EDGE('',*,*,#1183,.F.);
#1651=ORIENTED_EDGE('',*,*,#1184,.F.);
#1652=ORIENTED_EDGE('',*,*,#1185,.F.);
#1653=ORIENTED_EDGE('',*,*,#1186,.F.);
#1654=ORIENTED_EDGE('',*,*,#1187,.F.);
#1655=ORIENTED_EDGE('',*,*,#1105,.T.);
#1656=ORIENTED_EDGE('',*,*,#1188,.T.);
#1657=ORIENTED_EDGE('',*,*,#1189,.F.);
#1658=ORIENTED_EDGE('',*,*,#1190,.F.);
#1659=ORIENTED_EDGE('',*,*,#1191,.F.);
#1660=ORIENTED_EDGE('',*,*,#1192,.T.);
#1661=ORIENTED_EDGE('',*,*,#1193,.F.);
#1662=ORIENTED_EDGE('',*,*,#1194,.T.);
#1663=ORIENTED_EDGE('',*,*,#1195,.F.);
#1664=ORIENTED_EDGE('',*,*,#1194,.F.);
#1665=ORIENTED_EDGE('',*,*,#1196,.F.);
#1666=ORIENTED_EDGE('',*,*,#1197,.T.);
#1667=ORIENTED_EDGE('',*,*,#1195,.T.);
#1668=ORIENTED_EDGE('',*,*,#1197,.F.);
#1669=ORIENTED_EDGE('',*,*,#1189,.T.);
#1670=ORIENTED_EDGE('',*,*,#1198,.T.);
#1671=ORIENTED_EDGE('',*,*,#1199,.T.);
#1672=ORIENTED_EDGE('',*,*,#1200,.F.);
#1673=ORIENTED_EDGE('',*,*,#1193,.T.);
#1674=ORIENTED_EDGE('',*,*,#1201,.F.);
#1675=ORIENTED_EDGE('',*,*,#1202,.T.);
#1676=ORIENTED_EDGE('',*,*,#1203,.F.);
#1677=ORIENTED_EDGE('',*,*,#1202,.F.);
#1678=ORIENTED_EDGE('',*,*,#1204,.F.);
#1679=ORIENTED_EDGE('',*,*,#1205,.T.);
#1680=ORIENTED_EDGE('',*,*,#1203,.T.);
#1681=ORIENTED_EDGE('',*,*,#1205,.F.);
#1682=ORIENTED_EDGE('',*,*,#1206,.T.);
#1683=ORIENTED_EDGE('',*,*,#1207,.F.);
#1684=ORIENTED_EDGE('',*,*,#1186,.T.);
#1685=ORIENTED_EDGE('',*,*,#1208,.F.);
#1686=ORIENTED_EDGE('',*,*,#1201,.T.);
#1687=ORIENTED_EDGE('',*,*,#1204,.T.);
#1688=ORIENTED_EDGE('',*,*,#1196,.T.);
#1689=ORIENTED_EDGE('',*,*,#1209,.T.);
#1690=ORIENTED_EDGE('',*,*,#1208,.T.);
#1691=ORIENTED_EDGE('',*,*,#1185,.T.);
#1692=ORIENTED_EDGE('',*,*,#1210,.T.);
#1693=ORIENTED_EDGE('',*,*,#1211,.T.);
#1694=ORIENTED_EDGE('',*,*,#1210,.F.);
#1695=ORIENTED_EDGE('',*,*,#1184,.T.);
#1696=ORIENTED_EDGE('',*,*,#1212,.F.);
#1697=ORIENTED_EDGE('',*,*,#1180,.F.);
#1698=ORIENTED_EDGE('',*,*,#1213,.F.);
#1699=ORIENTED_EDGE('',*,*,#1214,.F.);
#1700=ORIENTED_EDGE('',*,*,#1215,.F.);
#1701=ORIENTED_EDGE('',*,*,#1199,.F.);
#1702=ORIENTED_EDGE('',*,*,#1216,.F.);
#1703=ORIENTED_EDGE('',*,*,#1103,.T.);
#1704=ORIENTED_EDGE('',*,*,#1217,.T.);
#1705=ORIENTED_EDGE('',*,*,#1206,.F.);
#1706=ORIENTED_EDGE('',*,*,#1209,.F.);
#1707=ORIENTED_EDGE('',*,*,#1211,.F.);
#1708=ORIENTED_EDGE('',*,*,#1218,.T.);
#1709=ORIENTED_EDGE('',*,*,#1190,.T.);
#1710=ORIENTED_EDGE('',*,*,#1200,.T.);
#1711=ORIENTED_EDGE('',*,*,#1215,.T.);
#1712=ORIENTED_EDGE('',*,*,#1219,.T.);
#1713=ORIENTED_EDGE('',*,*,#1191,.T.);
#1714=ORIENTED_EDGE('',*,*,#1219,.F.);
#1715=ORIENTED_EDGE('',*,*,#1214,.T.);
#1716=ORIENTED_EDGE('',*,*,#1220,.T.);
#1717=ORIENTED_EDGE('',*,*,#1198,.F.);
#1718=ORIENTED_EDGE('',*,*,#1188,.F.);
#1719=ORIENTED_EDGE('',*,*,#1104,.T.);
#1720=ORIENTED_EDGE('',*,*,#1216,.T.);
#1721=ORIENTED_EDGE('',*,*,#1179,.F.);
#1722=ORIENTED_EDGE('',*,*,#1192,.F.);
#1723=ORIENTED_EDGE('',*,*,#1220,.F.);
#1724=ORIENTED_EDGE('',*,*,#1213,.T.);
#1725=ORIENTED_EDGE('',*,*,#1023,.T.);
#1726=ORIENTED_EDGE('',*,*,#1172,.T.);
#1727=ORIENTED_EDGE('',*,*,#1034,.T.);
#1728=ORIENTED_EDGE('',*,*,#1107,.T.);
#1729=ORIENTED_EDGE('',*,*,#1042,.T.);
#1730=ORIENTED_EDGE('',*,*,#1170,.T.);
#1731=ORIENTED_EDGE('',*,*,#1086,.T.);
#1732=ORIENTED_EDGE('',*,*,#1106,.T.);
#1733=ORIENTED_EDGE('',*,*,#1187,.T.);
#1734=ORIENTED_EDGE('',*,*,#1207,.T.);
#1735=ORIENTED_EDGE('',*,*,#1217,.F.);
#1736=ORIENTED_EDGE('',*,*,#1102,.T.);
#1737=ORIENTED_EDGE('',*,*,#1090,.T.);
#1738=ORIENTED_EDGE('',*,*,#1078,.T.);
#1739=ORIENTED_EDGE('',*,*,#1076,.T.);
#1740=ORIENTED_EDGE('',*,*,#1061,.T.);
#1741=ORIENTED_EDGE('',*,*,#1057,.T.);
#1742=ORIENTED_EDGE('',*,*,#1171,.T.);
#1743=ORIENTED_EDGE('',*,*,#1046,.T.);
#1744=ORIENTED_EDGE('',*,*,#1044,.T.);
#1745=ORIENTED_EDGE('',*,*,#1048,.T.);
#1746=ORIENTED_EDGE('',*,*,#982,.T.);
#1747=ORIENTED_EDGE('',*,*,#1052,.T.);
#1748=ORIENTED_EDGE('',*,*,#962,.F.);
#1749=ORIENTED_EDGE('',*,*,#960,.T.);
#1750=ORIENTED_EDGE('',*,*,#1055,.F.);
#1751=ORIENTED_EDGE('',*,*,#1053,.T.);
#1752=ORIENTED_EDGE('',*,*,#1050,.F.);
#1753=ORIENTED_EDGE('',*,*,#1181,.T.);
#1754=ORIENTED_EDGE('',*,*,#1218,.F.);
#1755=ORIENTED_EDGE('',*,*,#1212,.T.);
#1756=ORIENTED_EDGE('',*,*,#1183,.T.);
#1757=CYLINDRICAL_SURFACE('',#1905,15.);
#1758=CYLINDRICAL_SURFACE('',#1908,1.);
#1759=CYLINDRICAL_SURFACE('',#1915,2.);
#1760=CYLINDRICAL_SURFACE('',#1925,15.);
#1761=CYLINDRICAL_SURFACE('',#1928,15.);
#1762=CYLINDRICAL_SURFACE('',#1930,15.);
#1763=CYLINDRICAL_SURFACE('',#1932,10.);
#1764=CYLINDRICAL_SURFACE('',#1937,10.);
#1765=CYLINDRICAL_SURFACE('',#1945,3.);
#1766=CYLINDRICAL_SURFACE('',#1949,3.);
#1767=CYLINDRICAL_SURFACE('',#1955,3.);
#1768=CYLINDRICAL_SURFACE('',#1957,3.);
#1769=CYLINDRICAL_SURFACE('',#1958,3.);
#1770=CYLINDRICAL_SURFACE('',#1963,2.);
#1771=CYLINDRICAL_SURFACE('',#1966,2.);
#1772=CYLINDRICAL_SURFACE('',#1968,1.);
#1773=CYLINDRICAL_SURFACE('',#1971,1.);
#1774=CYLINDRICAL_SURFACE('',#1973,1.);
#1775=CYLINDRICAL_SURFACE('',#1977,1.5);
#1776=CYLINDRICAL_SURFACE('',#1984,1.5);
#1777=CYLINDRICAL_SURFACE('',#1992,1.5);
#1778=CYLINDRICAL_SURFACE('',#1995,1.5);
#1779=CYLINDRICAL_SURFACE('',#2017,3.35);
#1780=CYLINDRICAL_SURFACE('',#2021,3.35);
#1781=CYLINDRICAL_SURFACE('',#2025,1.65);
#1782=CYLINDRICAL_SURFACE('',#2027,1.65);
#1783=CYLINDRICAL_SURFACE('',#2029,1.65);
#1784=CYLINDRICAL_SURFACE('',#2031,1.65);
#1785=CYLINDRICAL_SURFACE('',#2037,6.09999999999999);
#1786=CYLINDRICAL_SURFACE('',#2041,6.09999999999999);
#1787=CYLINDRICAL_SURFACE('',#2047,1.35);
#1788=CYLINDRICAL_SURFACE('',#2056,1.15);
#1789=CYLINDRICAL_SURFACE('',#2062,1.15);
#1790=ADVANCED_FACE('',(#111),#1757,.F.);
#1791=ADVANCED_FACE('',(#112),#1758,.F.);
#1792=ADVANCED_FACE('',(#113),#53,.F.);
#1793=ADVANCED_FACE('',(#114),#54,.T.);
#1794=ADVANCED_FACE('',(#115),#1759,.T.);
#1795=ADVANCED_FACE('',(#116),#40,.T.);
#1796=ADVANCED_FACE('',(#117),#41,.T.);
#1797=ADVANCED_FACE('',(#118),#55,.F.);
#1798=ADVANCED_FACE('',(#119),#56,.T.);
#1799=ADVANCED_FACE('',(#120),#1760,.T.);
#1800=ADVANCED_FACE('',(#121),#57,.T.);
#1801=ADVANCED_FACE('',(#122),#1761,.F.);
#1802=ADVANCED_FACE('',(#123),#1762,.T.);
#1803=ADVANCED_FACE('',(#124),#1763,.F.);
#1804=ADVANCED_FACE('',(#125),#58,.T.);
#1805=ADVANCED_FACE('',(#126),#1764,.T.);
#1806=ADVANCED_FACE('',(#127),#59,.T.);
#1807=ADVANCED_FACE('',(#128),#60,.T.);
#1808=ADVANCED_FACE('',(#129),#38,.T.);
#1809=ADVANCED_FACE('',(#130),#1765,.T.);
#1810=ADVANCED_FACE('',(#131),#42,.T.);
#1811=ADVANCED_FACE('',(#132),#1766,.T.);
#1812=ADVANCED_FACE('',(#133),#39,.T.);
#1813=ADVANCED_FACE('',(#134),#1767,.T.);
#1814=ADVANCED_FACE('',(#135),#1768,.T.);
#1815=ADVANCED_FACE('',(#136),#1769,.T.);
#1816=ADVANCED_FACE('',(#137),#43,.T.);
#1817=ADVANCED_FACE('',(#138),#61,.F.);
#1818=ADVANCED_FACE('',(#139),#1770,.F.);
#1819=ADVANCED_FACE('',(#140),#62,.F.);
#1820=ADVANCED_FACE('',(#141),#1771,.F.);
#1821=ADVANCED_FACE('',(#142),#1772,.F.);
#1822=ADVANCED_FACE('',(#143),#63,.F.);
#1823=ADVANCED_FACE('',(#144),#1773,.F.);
#1824=ADVANCED_FACE('',(#145),#1774,.F.);
#1825=ADVANCED_FACE('',(#146),#64,.F.);
#1826=ADVANCED_FACE('',(#147),#65,.T.);
#1827=ADVANCED_FACE('',(#148),#1775,.T.);
#1828=ADVANCED_FACE('',(#149,#19,#20),#66,.F.);
#1829=ADVANCED_FACE('',(#150),#1776,.T.);
#1830=ADVANCED_FACE('',(#151,#21,#22),#67,.F.);
#1831=ADVANCED_FACE('',(#152),#68,.F.);
#1832=ADVANCED_FACE('',(#153),#1777,.T.);
#1833=ADVANCED_FACE('',(#154),#1778,.T.);
#1834=ADVANCED_FACE('',(#155),#69,.F.);
#1835=ADVANCED_FACE('',(#156),#70,.F.);
#1836=ADVANCED_FACE('',(#157),#71,.T.);
#1837=ADVANCED_FACE('',(#158),#72,.T.);
#1838=ADVANCED_FACE('',(#159),#73,.T.);
#1839=ADVANCED_FACE('',(#160),#74,.T.);
#1840=ADVANCED_FACE('',(#161),#75,.T.);
#1841=ADVANCED_FACE('',(#162),#76,.T.);
#1842=ADVANCED_FACE('',(#163,#23),#77,.T.);
#1843=ADVANCED_FACE('',(#164),#78,.T.);
#1844=ADVANCED_FACE('',(#165),#79,.T.);
#1845=ADVANCED_FACE('',(#166),#80,.T.);
#1846=ADVANCED_FACE('',(#167),#81,.T.);
#1847=ADVANCED_FACE('',(#168),#82,.T.);
#1848=ADVANCED_FACE('',(#169),#83,.T.);
#1849=ADVANCED_FACE('',(#170,#24),#84,.T.);
#1850=ADVANCED_FACE('',(#171),#1779,.F.);
#1851=ADVANCED_FACE('',(#172,#25),#85,.F.);
#1852=ADVANCED_FACE('',(#173),#1780,.F.);
#1853=ADVANCED_FACE('',(#174,#26),#86,.F.);
#1854=ADVANCED_FACE('',(#175),#1781,.F.);
#1855=ADVANCED_FACE('',(#176),#1782,.F.);
#1856=ADVANCED_FACE('',(#177),#1783,.F.);
#1857=ADVANCED_FACE('',(#178),#1784,.F.);
#1858=ADVANCED_FACE('',(#179),#87,.F.);
#1859=ADVANCED_FACE('',(#180,#27,#28),#88,.F.);
#1860=ADVANCED_FACE('',(#181),#89,.F.);
#1861=ADVANCED_FACE('',(#182,#29,#30),#90,.F.);
#1862=ADVANCED_FACE('',(#183),#1785,.F.);
#1863=ADVANCED_FACE('',(#184),#91,.F.);
#1864=ADVANCED_FACE('',(#185),#92,.F.);
#1865=ADVANCED_FACE('',(#186),#93,.F.);
#1866=ADVANCED_FACE('',(#187),#1786,.F.);
#1867=ADVANCED_FACE('',(#188,#31,#32),#94,.F.);
#1868=ADVANCED_FACE('',(#189),#95,.F.);
#1869=ADVANCED_FACE('',(#190),#96,.F.);
#1870=ADVANCED_FACE('',(#191),#15,.F.);
#1871=ADVANCED_FACE('',(#192),#1787,.F.);
#1872=ADVANCED_FACE('',(#193),#16,.F.);
#1873=ADVANCED_FACE('',(#194,#33),#97,.F.);
#1874=ADVANCED_FACE('',(#195),#98,.F.);
#1875=ADVANCED_FACE('',(#196),#17,.F.);
#1876=ADVANCED_FACE('',(#197),#1788,.F.);
#1877=ADVANCED_FACE('',(#198,#34),#99,.F.);
#1878=ADVANCED_FACE('',(#199),#18,.F.);
#1879=ADVANCED_FACE('',(#200),#1789,.F.);
#1880=ADVANCED_FACE('',(#201,#35),#100,.F.);
#1881=ADVANCED_FACE('',(#202),#101,.T.);
#1882=ADVANCED_FACE('',(#203),#102,.T.);
#1883=ADVANCED_FACE('',(#204),#103,.F.);
#1884=ADVANCED_FACE('',(#205),#104,.F.);
#1885=ADVANCED_FACE('',(#206),#105,.F.);
#1886=ADVANCED_FACE('',(#207),#106,.F.);
#1887=ADVANCED_FACE('',(#208),#107,.F.);
#1888=ADVANCED_FACE('',(#209),#108,.F.);
#1889=ADVANCED_FACE('',(#210),#109,.F.);
#1890=ADVANCED_FACE('',(#211,#36,#37),#110,.F.);
#1891=CLOSED_SHELL('',(#1790,#1791,#1792,#1793,#1794,#1795,#1796,#1797,
#1798,#1799,#1800,#1801,#1802,#1803,#1804,#1805,#1806,#1807,#1808,#1809,
#1810,#1811,#1812,#1813,#1814,#1815,#1816,#1817,#1818,#1819,#1820,#1821,
#1822,#1823,#1824,#1825,#1826,#1827,#1828,#1829,#1830,#1831,#1832,#1833,
#1834,#1835,#1836,#1837,#1838,#1839,#1840,#1841,#1842,#1843,#1844,#1845,
#1846,#1847,#1848,#1849,#1850,#1851,#1852,#1853,#1854,#1855,#1856,#1857,
#1858,#1859,#1860,#1861,#1862,#1863,#1864,#1865,#1866,#1867,#1868,#1869,
#1870,#1871,#1872,#1873,#1874,#1875,#1876,#1877,#1878,#1879,#1880,#1881,
#1882,#1883,#1884,#1885,#1886,#1887,#1888,#1889,#1890));
#1892=DERIVED_UNIT_ELEMENT(#1894,1.);
#1893=DERIVED_UNIT_ELEMENT(#3303,-3.);
#1894=(
MASS_UNIT()
NAMED_UNIT(*)
SI_UNIT(.KILO.,.GRAM.)
);
#1895=DERIVED_UNIT((#1892,#1893));
#1896=MEASURE_REPRESENTATION_ITEM('density measure',
POSITIVE_RATIO_MEASURE(7850.),#1895);
#1897=PROPERTY_DEFINITION_REPRESENTATION(#1902,#1899);
#1898=PROPERTY_DEFINITION_REPRESENTATION(#1903,#1900);
#1899=REPRESENTATION('material name',(#1901),#3300);
#1900=REPRESENTATION('density',(#1896),#3300);
#1901=DESCRIPTIVE_REPRESENTATION_ITEM('Steel','Steel');
#1902=PROPERTY_DEFINITION('material property','material name',#3310);
#1903=PROPERTY_DEFINITION('material property','density of part',#3310);
#1904=AXIS2_PLACEMENT_3D('',#2605,#2075,#2076);
#1905=AXIS2_PLACEMENT_3D('',#2606,#2077,#2078);
#1906=AXIS2_PLACEMENT_3D('',#2616,#2079,#2080);
#1907=AXIS2_PLACEMENT_3D('',#2620,#2082,#2083);
#1908=AXIS2_PLACEMENT_3D('',#2629,#2085,#2086);
#1909=AXIS2_PLACEMENT_3D('',#2633,#2088,#2089);
#1910=AXIS2_PLACEMENT_3D('',#2635,#2091,#2092);
#1911=AXIS2_PLACEMENT_3D('',#2641,#2096,#2097);
#1912=AXIS2_PLACEMENT_3D('',#2643,#2098,#2099);
#1913=AXIS2_PLACEMENT_3D('',#2645,#2100,#2101);
#1914=AXIS2_PLACEMENT_3D('',#2653,#2105,#2106);
#1915=AXIS2_PLACEMENT_3D('',#2655,#2108,#2109);
#1916=AXIS2_PLACEMENT_3D('',#2658,#2110,#2111);
#1917=AXIS2_PLACEMENT_3D('',#2694,#2114,#2115);
#1918=AXIS2_PLACEMENT_3D('',#2695,#2116,#2117);
#1919=AXIS2_PLACEMENT_3D('',#2731,#2118,#2119);
#1920=AXIS2_PLACEMENT_3D('',#2732,#2120,#2121);
#1921=AXIS2_PLACEMENT_3D('',#2741,#2127,#2128);
#1922=AXIS2_PLACEMENT_3D('',#2743,#2129,#2130);
#1923=AXIS2_PLACEMENT_3D('',#2747,#2132,#2133);
#1924=AXIS2_PLACEMENT_3D('',#2754,#2137,#2138);
#1925=AXIS2_PLACEMENT_3D('',#2755,#2139,#2140);
#1926=AXIS2_PLACEMENT_3D('',#2757,#2141,#2142);
#1927=AXIS2_PLACEMENT_3D('',#2759,#2144,#2145);
#1928=AXIS2_PLACEMENT_3D('',#2763,#2148,#2149);
#1929=AXIS2_PLACEMENT_3D('',#2765,#2150,#2151);
#1930=AXIS2_PLACEMENT_3D('',#2767,#2153,#2154);
#1931=AXIS2_PLACEMENT_3D('',#2770,#2156,#2157);
#1932=AXIS2_PLACEMENT_3D('',#2771,#2158,#2159);
#1933=AXIS2_PLACEMENT_3D('',#2773,#2160,#2161);
#1934=AXIS2_PLACEMENT_3D('',#2775,#2162,#2163);
#1935=AXIS2_PLACEMENT_3D('',#2777,#2165,#2166);
#1936=AXIS2_PLACEMENT_3D('',#2783,#2169,#2170);
#1937=AXIS2_PLACEMENT_3D('',#2785,#2172,#2173);
#1938=AXIS2_PLACEMENT_3D('',#2789,#2175,#2176);
#1939=AXIS2_PLACEMENT_3D('',#2791,#2178,#2179);
#1940=AXIS2_PLACEMENT_3D('',#2793,#2181,#2182);
#1941=AXIS2_PLACEMENT_3D('',#2797,#2185,#2186);
#1942=AXIS2_PLACEMENT_3D('',#2800,#2187,#2188);
#1943=AXIS2_PLACEMENT_3D('',#2802,#2189,#2190);
#1944=AXIS2_PLACEMENT_3D('',#2803,#2191,#2192);
#1945=AXIS2_PLACEMENT_3D('',#2804,#2193,#2194);
#1946=AXIS2_PLACEMENT_3D('',#2807,#2195,#2196);
#1947=AXIS2_PLACEMENT_3D('',#2854,#2199,#2200);
#1948=AXIS2_PLACEMENT_3D('',#2855,#2201,#2202);
#1949=AXIS2_PLACEMENT_3D('',#2856,#2203,#2204);
#1950=AXIS2_PLACEMENT_3D('',#2859,#2205,#2206);
#1951=AXIS2_PLACEMENT_3D('',#2862,#2209,#2210);
#1952=AXIS2_PLACEMENT_3D('',#2865,#2211,#2212);
#1953=AXIS2_PLACEMENT_3D('',#2867,#2213,#2214);
#1954=AXIS2_PLACEMENT_3D('',#2868,#2215,#2216);
#1955=AXIS2_PLACEMENT_3D('',#2869,#2217,#2218);
#1956=AXIS2_PLACEMENT_3D('',#2872,#2219,#2220);
#1957=AXIS2_PLACEMENT_3D('',#2875,#2223,#2224);
#1958=AXIS2_PLACEMENT_3D('',#2878,#2227,#2228);
#1959=AXIS2_PLACEMENT_3D('',#2881,#2229,#2230);
#1960=AXIS2_PLACEMENT_3D('',#2928,#2233,#2234);
#1961=AXIS2_PLACEMENT_3D('',#2929,#2235,#2236);
#1962=AXIS2_PLACEMENT_3D('',#2930,#2237,#2238);
#1963=AXIS2_PLACEMENT_3D('',#2932,#2240,#2241);
#1964=AXIS2_PLACEMENT_3D('',#2936,#2243,#2244);
#1965=AXIS2_PLACEMENT_3D('',#2938,#2246,#2247);
#1966=AXIS2_PLACEMENT_3D('',#2942,#2250,#2251);
#1967=AXIS2_PLACEMENT_3D('',#2944,#2252,#2253);
#1968=AXIS2_PLACEMENT_3D('',#2946,#2255,#2256);
#1969=AXIS2_PLACEMENT_3D('',#2948,#2257,#2258);
#1970=AXIS2_PLACEMENT_3D('',#2950,#2260,#2261);
#1971=AXIS2_PLACEMENT_3D('',#2954,#2264,#2265);
#1972=AXIS2_PLACEMENT_3D('',#2955,#2266,#2267);
#1973=AXIS2_PLACEMENT_3D('',#2956,#2268,#2269);
#1974=AXIS2_PLACEMENT_3D('',#2958,#2270,#2271);
#1975=AXIS2_PLACEMENT_3D('',#2960,#2273,#2274);
#1976=AXIS2_PLACEMENT_3D('',#2962,#2276,#2277);
#1977=AXIS2_PLACEMENT_3D('',#2964,#2279,#2280);
#1978=AXIS2_PLACEMENT_3D('',#2967,#2281,#2282);
#1979=AXIS2_PLACEMENT_3D('',#2971,#2284,#2285);
#1980=AXIS2_PLACEMENT_3D('',#2973,#2287,#2288);
#1981=AXIS2_PLACEMENT_3D('',#2983,#2293,#2294);
#1982=AXIS2_PLACEMENT_3D('',#2991,#2298,#2299);
#1983=AXIS2_PLACEMENT_3D('',#3000,#2304,#2305);
#1984=AXIS2_PLACEMENT_3D('',#3001,#2306,#2307);
#1985=AXIS2_PLACEMENT_3D('',#3003,#2308,#2309);
#1986=AXIS2_PLACEMENT_3D('',#3005,#2310,#2311);
#1987=AXIS2_PLACEMENT_3D('',#3007,#2313,#2314);
#1988=AXIS2_PLACEMENT_3D('',#3014,#2318,#2319);
#1989=AXIS2_PLACEMENT_3D('',#3016,#2320,#2321);
#1990=AXIS2_PLACEMENT_3D('',#3017,#2322,#2323);
#1991=AXIS2_PLACEMENT_3D('',#3019,#2324,#2325);
#1992=AXIS2_PLACEMENT_3D('',#3023,#2328,#2329);
#1993=AXIS2_PLACEMENT_3D('',#3026,#2330,#2331);
#1994=AXIS2_PLACEMENT_3D('',#3030,#2333,#2334);
#1995=AXIS2_PLACEMENT_3D('',#3032,#2336,#2337);
#1996=AXIS2_PLACEMENT_3D('',#3034,#2338,#2339);
#1997=AXIS2_PLACEMENT_3D('',#3036,#2341,#2342);
#1998=AXIS2_PLACEMENT_3D('',#3046,#2347,#2348);
#1999=AXIS2_PLACEMENT_3D('',#3054,#2352,#2353);
#2000=AXIS2_PLACEMENT_3D('',#3065,#2360,#2361);
#2001=AXIS2_PLACEMENT_3D('',#3067,#2363,#2364);
#2002=AXIS2_PLACEMENT_3D('',#3076,#2369,#2370);
#2003=AXIS2_PLACEMENT_3D('',#3082,#2374,#2375);
#2004=AXIS2_PLACEMENT_3D('',#3088,#2379,#2380);
#2005=AXIS2_PLACEMENT_3D('',#3094,#2384,#2385);
#2006=AXIS2_PLACEMENT_3D('',#3100,#2389,#2390);
#2007=AXIS2_PLACEMENT_3D('',#3103,#2393,#2394);
#2008=AXIS2_PLACEMENT_3D('',#3105,#2395,#2396);
#2009=AXIS2_PLACEMENT_3D('',#3106,#2397,#2398);
#2010=AXIS2_PLACEMENT_3D('',#3115,#2403,#2404);
#2011=AXIS2_PLACEMENT_3D('',#3121,#2408,#2409);
#2012=AXIS2_PLACEMENT_3D('',#3127,#2413,#2414);
#2013=AXIS2_PLACEMENT_3D('',#3133,#2418,#2419);
#2014=AXIS2_PLACEMENT_3D('',#3139,#2423,#2424);
#2015=AXIS2_PLACEMENT_3D('',#3142,#2427,#2428);
#2016=AXIS2_PLACEMENT_3D('',#3144,#2429,#2430);
#2017=AXIS2_PLACEMENT_3D('',#3145,#2431,#2432);
#2018=AXIS2_PLACEMENT_3D('',#3147,#2433,#2434);
#2019=AXIS2_PLACEMENT_3D('',#3149,#2436,#2437);
#2020=AXIS2_PLACEMENT_3D('',#3151,#2438,#2439);
#2021=AXIS2_PLACEMENT_3D('',#3152,#2440,#2441);
#2022=AXIS2_PLACEMENT_3D('',#3154,#2442,#2443);
#2023=AXIS2_PLACEMENT_3D('',#3156,#2445,#2446);
#2024=AXIS2_PLACEMENT_3D('',#3158,#2447,#2448);
#2025=AXIS2_PLACEMENT_3D('',#3159,#2449,#2450);
#2026=AXIS2_PLACEMENT_3D('',#3161,#2451,#2452);
#2027=AXIS2_PLACEMENT_3D('',#3163,#2454,#2455);
#2028=AXIS2_PLACEMENT_3D('',#3166,#2457,#2458);
#2029=AXIS2_PLACEMENT_3D('',#3167,#2459,#2460);
#2030=AXIS2_PLACEMENT_3D('',#3169,#2461,#2462);
#2031=AXIS2_PLACEMENT_3D('',#3171,#2464,#2465);
#2032=AXIS2_PLACEMENT_3D('',#3174,#2467,#2468);
#2033=AXIS2_PLACEMENT_3D('',#3175,#2469,#2470);
#2034=AXIS2_PLACEMENT_3D('',#3178,#2473,#2474);
#2035=AXIS2_PLACEMENT_3D('',#3180,#2476,#2477);
#2036=AXIS2_PLACEMENT_3D('',#3182,#2479,#2480);
#2037=AXIS2_PLACEMENT_3D('',#3184,#2482,#2483);
#2038=AXIS2_PLACEMENT_3D('',#3186,#2485,#2486);
#2039=AXIS2_PLACEMENT_3D('',#3188,#2488,#2489);
#2040=AXIS2_PLACEMENT_3D('',#3190,#2491,#2492);
#2041=AXIS2_PLACEMENT_3D('',#3192,#2494,#2495);
#2042=AXIS2_PLACEMENT_3D('',#3194,#2497,#2498);
#2043=AXIS2_PLACEMENT_3D('',#3195,#2499,#2500);
#2044=AXIS2_PLACEMENT_3D('',#3198,#2503,#2504);
#2045=AXIS2_PLACEMENT_3D('',#3200,#2506,#2507);
#2046=AXIS2_PLACEMENT_3D('',#3203,#2509,#2510);
#2047=AXIS2_PLACEMENT_3D('',#3204,#2511,#2512);
#2048=AXIS2_PLACEMENT_3D('',#3207,#2514,#2515);
#2049=AXIS2_PLACEMENT_3D('',#3208,#2516,#2517);
#2050=AXIS2_PLACEMENT_3D('',#3210,#2518,#2519);
#2051=AXIS2_PLACEMENT_3D('',#3212,#2521,#2522);
#2052=AXIS2_PLACEMENT_3D('',#3221,#2527,#2528);
#2053=AXIS2_PLACEMENT_3D('',#3240,#2539,#2540);
#2054=AXIS2_PLACEMENT_3D('',#3242,#2541,#2542);
#2055=AXIS2_PLACEMENT_3D('',#3245,#2544,#2545);
#2056=AXIS2_PLACEMENT_3D('',#3246,#2546,#2547);
#2057=AXIS2_PLACEMENT_3D('',#3248,#2548,#2549);
#2058=AXIS2_PLACEMENT_3D('',#3250,#2551,#2552);
#2059=AXIS2_PLACEMENT_3D('',#3256,#2556,#2557);
#2060=AXIS2_PLACEMENT_3D('',#3258,#2558,#2559);
#2061=AXIS2_PLACEMENT_3D('',#3261,#2561,#2562);
#2062=AXIS2_PLACEMENT_3D('',#3262,#2563,#2564);
#2063=AXIS2_PLACEMENT_3D('',#3264,#2565,#2566);
#2064=AXIS2_PLACEMENT_3D('',#3266,#2568,#2569);
#2065=AXIS2_PLACEMENT_3D('',#3272,#2573,#2574);
#2066=AXIS2_PLACEMENT_3D('',#3273,#2575,#2576);
#2067=AXIS2_PLACEMENT_3D('',#3274,#2577,#2578);
#2068=AXIS2_PLACEMENT_3D('',#3278,#2581,#2582);
#2069=AXIS2_PLACEMENT_3D('',#3282,#2585,#2586);
#2070=AXIS2_PLACEMENT_3D('',#3291,#2593,#2594);
#2071=AXIS2_PLACEMENT_3D('',#3293,#2596,#2597);
#2072=AXIS2_PLACEMENT_3D('',#3295,#2599,#2600);
#2073=AXIS2_PLACEMENT_3D('',#3296,#2601,#2602);
#2074=AXIS2_PLACEMENT_3D('',#3297,#2603,#2604);
#2075=DIRECTION('axis',(0.,0.,1.));
#2076=DIRECTION('refdir',(1.,0.,0.));
#2077=DIRECTION('center_axis',(1.,0.,0.));
#2078=DIRECTION('ref_axis',(0.,0.300705799504273,0.953716950748227));
#2079=DIRECTION('center_axis',(-1.,0.,0.));
#2080=DIRECTION('ref_axis',(0.,0.300705799504273,0.953716950748227));
#2081=DIRECTION('',(-1.,0.,0.));
#2082=DIRECTION('center_axis',(1.,0.,0.));
#2083=DIRECTION('ref_axis',(0.,0.300705799504273,0.953716950748227));
#2084=DIRECTION('',(1.,0.,0.));
#2085=DIRECTION('center_axis',(0.,-1.,0.));
#2086=DIRECTION('ref_axis',(-0.707106781186548,0.,0.707106781186548));
#2087=DIRECTION('',(0.,1.,0.));
#2088=DIRECTION('center_axis',(0.,1.,0.));
#2089=DIRECTION('ref_axis',(-0.707106781186548,0.,0.707106781186548));
#2090=DIRECTION('',(0.,-1.,0.));
#2091=DIRECTION('center_axis',(-1.,0.,0.));
#2092=DIRECTION('ref_axis',(0.,0.,1.));
#2093=DIRECTION('',(0.,0.,-1.));
#2094=DIRECTION('',(0.,1.,2.0765694515367E-16));
#2095=DIRECTION('',(0.,0.819152044288992,-0.573576436351046));
#2096=DIRECTION('center_axis',(0.,-0.573576436351046,-0.819152044288992));
#2097=DIRECTION('ref_axis',(0.,0.819152044288992,-0.573576436351046));
#2098=DIRECTION('center_axis',(0.,-0.573576436351046,-0.819152044288992));
#2099=DIRECTION('ref_axis',(7.95997207524221E-17,0.819152044288992,-0.573576436351046));
#2100=DIRECTION('center_axis',(0.,-0.573576436351046,-0.819152044288992));
#2101=DIRECTION('ref_axis',(0.,0.819152044288992,-0.573576436351046));
#2102=DIRECTION('',(1.,0.,0.));
#2103=DIRECTION('',(0.,0.819152044288992,-0.573576436351046));
#2104=DIRECTION('',(1.,0.,0.));
#2105=DIRECTION('center_axis',(0.,-0.573576436351046,-0.819152044288992));
#2106=DIRECTION('ref_axis',(3.97998603762111E-17,0.819152044288992,-0.573576436351046));
#2107=DIRECTION('',(0.,-0.819152044288992,0.573576436351046));
#2108=DIRECTION('center_axis',(0.,-1.,0.));
#2109=DIRECTION('ref_axis',(-1.,0.,0.));
#2110=DIRECTION('center_axis',(0.,-1.,0.));
#2111=DIRECTION('ref_axis',(1.,0.,-5.55111512312578E-16));
#2112=DIRECTION('',(0.,-1.,0.));
#2113=DIRECTION('',(0.,1.,0.));
#2114=DIRECTION('center_axis',(0.264308476587024,-0.964438193563614,-6.7427619509187E-16));
#2115=DIRECTION('ref_axis',(0.749999999999993,0.205540758094407,0.628691495697204));
#2116=DIRECTION('center_axis',(1.,0.,0.));
#2117=DIRECTION('ref_axis',(0.,0.300705799504273,0.953716950748227));
#2118=DIRECTION('center_axis',(1.,0.,0.));
#2119=DIRECTION('ref_axis',(0.,0.300705799504273,0.953716950748227));
#2120=DIRECTION('center_axis',(0.,2.0765694515367E-16,-1.));
#2121=DIRECTION('ref_axis',(0.,1.,2.0765694515367E-16));
#2122=DIRECTION('',(0.,-1.,-2.0765694515367E-16));
#2123=DIRECTION('',(-1.,0.,0.));
#2124=DIRECTION('',(0.,1.,2.0765694515367E-16));
#2125=DIRECTION('',(0.,1.,2.0765694515367E-16));
#2126=DIRECTION('',(-1.,0.,0.));
#2127=DIRECTION('center_axis',(1.,0.,0.));
#2128=DIRECTION('ref_axis',(0.,0.,-1.));
#2129=DIRECTION('center_axis',(1.,0.,0.));
#2130=DIRECTION('ref_axis',(0.,0.300705799504273,0.953716950748227));
#2131=DIRECTION('',(0.,0.819152044288992,-0.573576436351046));
#2132=DIRECTION('center_axis',(-1.,0.,0.));
#2133=DIRECTION('ref_axis',(0.,-0.300705799504274,-0.953716950748227));
#2134=DIRECTION('',(0.,1.,0.));
#2135=DIRECTION('',(0.,0.,1.));
#2136=DIRECTION('',(0.,-1.,5.25183782821291E-16));
#2137=DIRECTION('center_axis',(1.,0.,0.));
#2138=DIRECTION('ref_axis',(0.,-0.300705799504273,-0.953716950748227));
#2139=DIRECTION('center_axis',(-1.,0.,0.));
#2140=DIRECTION('ref_axis',(0.,0.300705799504273,0.953716950748227));
#2141=DIRECTION('center_axis',(-1.,0.,0.));
#2142=DIRECTION('ref_axis',(0.,0.300705799504273,0.953716950748227));
#2143=DIRECTION('',(1.,0.,0.));
#2144=DIRECTION('center_axis',(0.,0.573576436351046,0.819152044288992));
#2145=DIRECTION('ref_axis',(0.,-0.819152044288992,0.573576436351046));
#2146=DIRECTION('',(0.,-0.819152044288992,0.573576436351046));
#2147=DIRECTION('',(-1.,0.,0.));
#2148=DIRECTION('center_axis',(-1.,0.,0.));
#2149=DIRECTION('ref_axis',(0.,-0.300705799504274,-0.953716950748227));
#2150=DIRECTION('center_axis',(1.,0.,0.));
#2151=DIRECTION('ref_axis',(0.,-0.300705799504274,-0.953716950748227));
#2152=DIRECTION('',(1.,0.,0.));
#2153=DIRECTION('center_axis',(-1.,0.,0.));
#2154=DIRECTION('ref_axis',(0.,-0.300705799504273,-0.953716950748227));
#2155=DIRECTION('',(-1.,0.,0.));
#2156=DIRECTION('center_axis',(-1.,0.,0.));
#2157=DIRECTION('ref_axis',(0.,-0.300705799504273,-0.953716950748227));
#2158=DIRECTION('center_axis',(0.,0.,-1.));
#2159=DIRECTION('ref_axis',(-0.707106781186547,0.707106781186547,0.));
#2160=DIRECTION('center_axis',(0.,5.25183782821291E-16,1.));
#2161=DIRECTION('ref_axis',(-0.707106781186547,0.707106781186547,0.));
#2162=DIRECTION('center_axis',(0.,-3.89863127167099E-16,-1.));
#2163=DIRECTION('ref_axis',(-0.707106781186547,0.707106781186547,0.));
#2164=DIRECTION('',(0.,0.,-1.));
#2165=DIRECTION('center_axis',(0.,-5.25183782821291E-16,-1.));
#2166=DIRECTION('ref_axis',(0.,1.,-5.25183782821291E-16));
#2167=DIRECTION('',(1.,0.,0.));
#2168=DIRECTION('',(0.,-1.,0.));
#2169=DIRECTION('center_axis',(0.,-5.25183782821291E-16,-1.));
#2170=DIRECTION('ref_axis',(-0.707106781186547,0.707106781186547,0.));
#2171=DIRECTION('',(0.,1.,-5.25183782821291E-16));
#2172=DIRECTION('center_axis',(0.,0.,1.));
#2173=DIRECTION('ref_axis',(-0.707106781186547,0.707106781186547,0.));
#2174=DIRECTION('',(0.,0.,-1.));
#2175=DIRECTION('center_axis',(0.,3.89863127167099E-16,1.));
#2176=DIRECTION('ref_axis',(-0.707106781186547,0.707106781186547,0.));
#2177=DIRECTION('',(0.,0.,-1.));
#2178=DIRECTION('center_axis',(-1.,0.,0.));
#2179=DIRECTION('ref_axis',(0.,0.,1.));
#2180=DIRECTION('',(0.,-1.,3.89863127167099E-16));
#2181=DIRECTION('center_axis',(0.,-1.,0.));
#2182=DIRECTION('ref_axis',(0.,0.,-1.));
#2183=DIRECTION('',(1.,0.,0.));
#2184=DIRECTION('',(0.,0.,1.));
#2185=DIRECTION('center_axis',(0.128294374675332,-0.963883329979206,0.233386973961407));
#2186=DIRECTION('ref_axis',(0.464323207834634,0.266324850864873,0.844674512743198));
#2187=DIRECTION('center_axis',(-1.,0.,0.));
#2188=DIRECTION('ref_axis',(0.,0.573576436351045,0.819152044288992));
#2189=DIRECTION('center_axis',(0.,-1.,0.));
#2190=DIRECTION('ref_axis',(0.,0.,1.));
#2191=DIRECTION('center_axis',(0.,0.819152044288993,-0.573576436351044));
#2192=DIRECTION('ref_axis',(1.,0.,0.));
#2193=DIRECTION('center_axis',(0.,-0.819152044288992,0.573576436351045));
#2194=DIRECTION('ref_axis',(0.707106781186547,0.405579787672638,0.57922796533957));
#2195=DIRECTION('center_axis',(0.,0.819152044288992,-0.573576436351045));
#2196=DIRECTION('ref_axis',(0.,0.573576436351045,0.819152044288992));
#2197=DIRECTION('',(0.,0.819152044288992,-0.573576436351045));
#2198=DIRECTION('',(0.,-0.819152044288992,0.573576436351045));
#2199=DIRECTION('center_axis',(0.,-0.573576436351045,-0.819152044288992));
#2200=DIRECTION('ref_axis',(-6.36797766019376E-17,0.819152044288992,-0.573576436351045));
#2201=DIRECTION('center_axis',(0.,0.269704052139676,0.962943261183876));
#2202=DIRECTION('ref_axis',(0.,0.962943261183876,-0.269704052139676));
#2203=DIRECTION('center_axis',(0.,-1.,0.));
#2204=DIRECTION('ref_axis',(0.707106781186548,0.,0.707106781186547));
#2205=DIRECTION('center_axis',(0.,-1.,0.));
#2206=DIRECTION('ref_axis',(0.707106781186548,0.,0.707106781186547));
#2207=DIRECTION('',(0.,-1.,0.));
#2208=DIRECTION('',(0.,1.,0.));
#2209=DIRECTION('center_axis',(-0.128294374675334,-0.963883329979205,0.23338697396141));
#2210=DIRECTION('ref_axis',(-0.464323207834634,0.266324850864877,0.844674512743196));
#2211=DIRECTION('center_axis',(0.,-1.,0.));
#2212=DIRECTION('ref_axis',(-1.,0.,0.));
#2213=DIRECTION('center_axis',(1.,0.,0.));
#2214=DIRECTION('ref_axis',(0.,0.,1.));
#2215=DIRECTION('center_axis',(1.63712045766412E-15,0.819152044288992,-0.573576436351046));
#2216=DIRECTION('ref_axis',(0.,0.573576436351046,0.819152044288992));
#2217=DIRECTION('center_axis',(0.,0.819152044288992,-0.573576436351045));
#2218=DIRECTION('ref_axis',(-0.707106781186547,0.405579787672638,0.57922796533957));
#2219=DIRECTION('center_axis',(0.,0.819152044288992,-0.573576436351046));
#2220=DIRECTION('ref_axis',(-1.,0.,0.));
#2221=DIRECTION('',(0.,0.819152044288992,-0.573576436351045));
#2222=DIRECTION('',(0.,-0.819152044288992,0.573576436351045));
#2223=DIRECTION('center_axis',(-1.,0.,0.));
#2224=DIRECTION('ref_axis',(0.,0.300705799504273,0.953716950748227));
#2225=DIRECTION('',(1.,0.,0.));
#2226=DIRECTION('',(-1.,0.,0.));
#2227=DIRECTION('center_axis',(0.,-1.,0.));
#2228=DIRECTION('ref_axis',(-0.707106781186548,0.,0.707106781186547));
#2229=DIRECTION('center_axis',(0.,-1.,0.));
#2230=DIRECTION('ref_axis',(-0.707106781186548,0.,0.707106781186547));
#2231=DIRECTION('',(0.,-1.,0.));
#2232=DIRECTION('',(0.,1.,0.));
#2233=DIRECTION('center_axis',(0.,0.269704052139676,0.962943261183876));
#2234=DIRECTION('ref_axis',(0.,0.962943261183876,-0.269704052139676));
#2235=DIRECTION('center_axis',(0.,-0.573576436351045,-0.819152044288992));
#2236=DIRECTION('ref_axis',(6.36797766019376E-17,0.819152044288992,-0.573576436351045));
#2237=DIRECTION('center_axis',(0.,-0.573576436351045,-0.819152044288992));
#2238=DIRECTION('ref_axis',(0.,-0.819152044288992,0.573576436351045));
#2239=DIRECTION('',(-1.,0.,0.));
#2240=DIRECTION('center_axis',(0.,1.,2.0765694515367E-16));
#2241=DIRECTION('ref_axis',(0.707106781186547,0.,-0.707106781186548));
#2242=DIRECTION('',(0.,1.,2.0765694515367E-16));
#2243=DIRECTION('center_axis',(0.,1.,0.));
#2244=DIRECTION('ref_axis',(0.707106781186547,0.,-0.707106781186548));
#2245=DIRECTION('',(0.,-1.,-2.0765694515367E-16));
#2246=DIRECTION('center_axis',(-1.,0.,0.));
#2247=DIRECTION('ref_axis',(0.,0.,1.));
#2248=DIRECTION('',(0.,0.,1.));
#2249=DIRECTION('',(0.,1.,2.0765694515367E-16));
#2250=DIRECTION('center_axis',(0.,-1.,-2.0765694515367E-16));
#2251=DIRECTION('ref_axis',(-0.707106781186547,0.,-0.707106781186548));
#2252=DIRECTION('center_axis',(0.,1.,0.));
#2253=DIRECTION('ref_axis',(-0.707106781186547,0.,-0.707106781186548));
#2254=DIRECTION('',(0.,-1.,-2.0765694515367E-16));
#2255=DIRECTION('center_axis',(0.,1.,2.0765694515367E-16));
#2256=DIRECTION('ref_axis',(0.707106781186548,0.,-0.707106781186548));
#2257=DIRECTION('center_axis',(0.,1.,0.));
#2258=DIRECTION('ref_axis',(0.707106781186548,0.,-0.707106781186548));
#2259=DIRECTION('',(0.,-1.,-2.0765694515367E-16));
#2260=DIRECTION('center_axis',(1.,0.,0.));
#2261=DIRECTION('ref_axis',(0.,0.,-1.));
#2262=DIRECTION('',(0.,0.,1.));
#2263=DIRECTION('',(0.,1.,0.));
#2264=DIRECTION('center_axis',(0.,-1.,-2.0765694515367E-16));
#2265=DIRECTION('ref_axis',(-0.707106781186547,0.,-0.707106781186548));
#2266=DIRECTION('center_axis',(0.,1.,0.));
#2267=DIRECTION('ref_axis',(-0.707106781186547,0.,-0.707106781186548));
#2268=DIRECTION('center_axis',(0.,-1.,0.));
#2269=DIRECTION('ref_axis',(0.707106781186548,0.,0.707106781186548));
#2270=DIRECTION('center_axis',(0.,1.,0.));
#2271=DIRECTION('ref_axis',(0.707106781186548,0.,0.707106781186548));
#2272=DIRECTION('',(0.,-1.,0.));
#2273=DIRECTION('center_axis',(0.,0.,1.));
#2274=DIRECTION('ref_axis',(1.,0.,0.));
#2275=DIRECTION('',(-1.,0.,0.));
#2276=DIRECTION('center_axis',(0.,3.89863127167099E-16,1.));
#2277=DIRECTION('ref_axis',(0.,-1.,3.89863127167099E-16));
#2278=DIRECTION('',(0.,1.,0.));
#2279=DIRECTION('center_axis',(0.,-1.,-2.0765694515367E-16));
#2280=DIRECTION('ref_axis',(0.707106781186547,0.,0.707106781186548));
#2281=DIRECTION('center_axis',(0.,-1.,0.));
#2282=DIRECTION('ref_axis',(0.707106781186547,0.,0.707106781186548));
#2283=DIRECTION('',(0.,-1.,-2.0765694515367E-16));
#2284=DIRECTION('center_axis',(0.,-0.03701166050988,0.999314833766767));
#2285=DIRECTION('ref_axis',(0.,0.999314833766767,0.0370116605098799));
#2286=DIRECTION('',(0.,1.,2.0765694515367E-16));
#2287=DIRECTION('center_axis',(-1.,0.,0.));
#2288=DIRECTION('ref_axis',(0.,0.,1.));
#2289=DIRECTION('',(0.,0.,1.));
#2290=DIRECTION('',(0.,1.,-2.0765694515367E-16));
#2291=DIRECTION('',(0.,0.,1.));
#2292=DIRECTION('',(0.,1.,0.));
#2293=DIRECTION('center_axis',(-1.,0.,0.));
#2294=DIRECTION('ref_axis',(0.,1.,0.));
#2295=DIRECTION('',(0.,1.,0.));
#2296=DIRECTION('',(0.,0.,-1.));
#2297=DIRECTION('',(0.,-1.,0.));
#2298=DIRECTION('center_axis',(-1.,0.,0.));
#2299=DIRECTION('ref_axis',(0.,1.,0.));
#2300=DIRECTION('',(0.,-1.,0.));
#2301=DIRECTION('',(0.,0.,1.));
#2302=DIRECTION('',(0.,1.,1.87350135405495E-15));
#2303=DIRECTION('',(0.,0.999314833766767,0.0370116605098799));
#2304=DIRECTION('center_axis',(-1.,0.,0.));
#2305=DIRECTION('ref_axis',(0.,1.,0.));
#2306=DIRECTION('center_axis',(0.,-1.,2.0765694515367E-16));
#2307=DIRECTION('ref_axis',(0.707106781186547,0.,-0.707106781186547));
#2308=DIRECTION('center_axis',(0.,1.,0.));
#2309=DIRECTION('ref_axis',(0.707106781186547,0.,-0.707106781186547));
#2310=DIRECTION('center_axis',(0.,-1.,0.));
#2311=DIRECTION('ref_axis',(0.707106781186547,0.,-0.707106781186547));
#2312=DIRECTION('',(0.,-1.,2.0765694515367E-16));
#2313=DIRECTION('center_axis',(0.,2.0765694515367E-16,1.));
#2314=DIRECTION('ref_axis',(0.,-1.,2.0765694515367E-16));
#2315=DIRECTION('',(1.,0.,0.));
#2316=DIRECTION('',(0.,1.,-2.0765694515367E-16));
#2317=DIRECTION('',(-1.,0.,0.));
#2318=DIRECTION('center_axis',(0.,-2.0765694515367E-16,-1.));
#2319=DIRECTION('ref_axis',(-1.,0.,0.));
#2320=DIRECTION('center_axis',(0.,-2.0765694515367E-16,-1.));
#2321=DIRECTION('ref_axis',(-1.,0.,0.));
#2322=DIRECTION('center_axis',(0.,-1.,0.));
#2323=DIRECTION('ref_axis',(0.,0.,1.));
#2324=DIRECTION('center_axis',(0.,1.,0.));
#2325=DIRECTION('ref_axis',(-0.707106781186547,0.,-0.707106781186547));
#2326=DIRECTION('',(0.,0.,1.));
#2327=DIRECTION('',(-1.,0.,0.));
#2328=DIRECTION('center_axis',(0.,1.,2.0765694515367E-16));
#2329=DIRECTION('ref_axis',(-0.707106781186547,0.,0.707106781186548));
#2330=DIRECTION('center_axis',(0.,-1.,0.));
#2331=DIRECTION('ref_axis',(-0.707106781186547,0.,0.707106781186548));
#2332=DIRECTION('',(0.,-1.,-2.0765694515367E-16));
#2333=DIRECTION('center_axis',(0.,-0.03701166050988,0.999314833766767));
#2334=DIRECTION('ref_axis',(0.,0.999314833766767,0.0370116605098799));
#2335=DIRECTION('',(0.,1.,2.0765694515367E-16));
#2336=DIRECTION('center_axis',(0.,-1.,2.0765694515367E-16));
#2337=DIRECTION('ref_axis',(-0.707106781186547,0.,-0.707106781186547));
#2338=DIRECTION('center_axis',(0.,-1.,0.));
#2339=DIRECTION('ref_axis',(-0.707106781186547,0.,-0.707106781186547));
#2340=DIRECTION('',(0.,-1.,2.0765694515367E-16));
#2341=DIRECTION('center_axis',(1.,0.,0.));
#2342=DIRECTION('ref_axis',(0.,0.,-1.));
#2343=DIRECTION('',(0.,-0.999314833766767,-0.0370116605098799));
#2344=DIRECTION('',(0.,-1.,-1.87350135405495E-15));
#2345=DIRECTION('',(0.,0.,1.));
#2346=DIRECTION('',(0.,1.,0.));
#2347=DIRECTION('center_axis',(-1.,0.,0.));
#2348=DIRECTION('ref_axis',(0.,1.,0.));
#2349=DIRECTION('',(0.,1.,0.));
#2350=DIRECTION('',(0.,0.,1.));
#2351=DIRECTION('',(0.,-1.,0.));
#2352=DIRECTION('center_axis',(-1.,0.,0.));
#2353=DIRECTION('ref_axis',(0.,1.,0.));
#2354=DIRECTION('',(0.,-1.,0.));
#2355=DIRECTION('',(0.,0.,-1.));
#2356=DIRECTION('',(0.,-1.,0.));
#2357=DIRECTION('',(0.,0.,-1.));
#2358=DIRECTION('',(0.,1.,0.));
#2359=DIRECTION('',(0.,0.,-1.));
#2360=DIRECTION('center_axis',(1.,0.,0.));
#2361=DIRECTION('ref_axis',(0.,0.,-1.));
#2362=DIRECTION('',(0.,0.,-1.));
#2363=DIRECTION('center_axis',(0.866025403784439,-0.5,0.));
#2364=DIRECTION('ref_axis',(0.5,0.866025403784439,0.));
#2365=DIRECTION('',(-0.5,-0.866025403784439,-1.62249976663613E-15));
#2366=DIRECTION('',(0.,0.,1.));
#2367=DIRECTION('',(-0.5,-0.866025403784439,0.));
#2368=DIRECTION('',(0.,0.,1.));
#2369=DIRECTION('center_axis',(0.866025403784439,0.499999999999999,0.));
#2370=DIRECTION('ref_axis',(-0.499999999999999,0.866025403784439,0.));
#2371=DIRECTION('',(0.499999999999999,-0.866025403784439,-1.62249976663613E-15));
#2372=DIRECTION('',(0.,0.,1.));
#2373=DIRECTION('',(0.499999999999999,-0.866025403784439,0.));
#2374=DIRECTION('center_axis',(0.,1.,0.));
#2375=DIRECTION('ref_axis',(-1.,0.,0.));
#2376=DIRECTION('',(1.,0.,0.));
#2377=DIRECTION('',(0.,0.,1.));
#2378=DIRECTION('',(1.,0.,0.));
#2379=DIRECTION('center_axis',(-0.866025403784439,0.5,0.));
#2380=DIRECTION('ref_axis',(-0.5,-0.866025403784439,0.));
#2381=DIRECTION('',(0.5,0.866025403784439,1.62249976663613E-15));
#2382=DIRECTION('',(0.,0.,1.));
#2383=DIRECTION('',(0.5,0.866025403784439,0.));
#2384=DIRECTION('center_axis',(-0.866025403784439,-0.499999999999999,0.));
#2385=DIRECTION('ref_axis',(0.499999999999999,-0.866025403784439,0.));
#2386=DIRECTION('',(-0.499999999999999,0.866025403784439,1.62249976663613E-15));
#2387=DIRECTION('',(0.,0.,1.));
#2388=DIRECTION('',(-0.499999999999999,0.866025403784439,0.));
#2389=DIRECTION('center_axis',(0.,-1.,0.));
#2390=DIRECTION('ref_axis',(1.,0.,0.));
#2391=DIRECTION('',(-1.,0.,0.));
#2392=DIRECTION('',(-1.,0.,0.));
#2393=DIRECTION('center_axis',(0.,0.,1.));
#2394=DIRECTION('ref_axis',(-1.,0.,0.));
#2395=DIRECTION('center_axis',(0.,0.,-1.));
#2396=DIRECTION('ref_axis',(-1.,0.,0.));
#2397=DIRECTION('center_axis',(0.,1.,0.));
#2398=DIRECTION('ref_axis',(-1.,0.,0.));
#2399=DIRECTION('',(1.,0.,0.));
#2400=DIRECTION('',(0.,0.,1.));
#2401=DIRECTION('',(-1.,0.,0.));
#2402=DIRECTION('',(0.,0.,1.));
#2403=DIRECTION('center_axis',(-0.866025403784439,0.499999999999999,0.));
#2404=DIRECTION('ref_axis',(-0.499999999999999,-0.866025403784439,0.));
#2405=DIRECTION('',(0.499999999999999,0.866025403784439,1.62249976663613E-15));
#2406=DIRECTION('',(0.,0.,1.));
#2407=DIRECTION('',(-0.499999999999999,-0.866025403784439,0.));
#2408=DIRECTION('center_axis',(-0.866025403784439,-0.5,0.));
#2409=DIRECTION('ref_axis',(0.5,-0.866025403784439,0.));
#2410=DIRECTION('',(-0.5,0.866025403784439,1.62249976663613E-15));
#2411=DIRECTION('',(0.,0.,1.));
#2412=DIRECTION('',(0.5,-0.866025403784439,0.));
#2413=DIRECTION('center_axis',(0.,-1.,0.));
#2414=DIRECTION('ref_axis',(1.,0.,0.));
#2415=DIRECTION('',(-1.,0.,0.));
#2416=DIRECTION('',(0.,0.,1.));
#2417=DIRECTION('',(1.,0.,0.));
#2418=DIRECTION('center_axis',(0.866025403784439,-0.499999999999999,0.));
#2419=DIRECTION('ref_axis',(0.499999999999999,0.866025403784439,0.));
#2420=DIRECTION('',(-0.499999999999999,-0.866025403784439,-1.62249976663613E-15));
#2421=DIRECTION('',(0.,0.,1.));
#2422=DIRECTION('',(0.499999999999999,0.866025403784439,0.));
#2423=DIRECTION('center_axis',(0.866025403784439,0.5,0.));
#2424=DIRECTION('ref_axis',(-0.5,0.866025403784439,0.));
#2425=DIRECTION('',(0.5,-0.866025403784439,-1.62249976663613E-15));
#2426=DIRECTION('',(-0.5,0.866025403784439,0.));
#2427=DIRECTION('center_axis',(0.,0.,1.));
#2428=DIRECTION('ref_axis',(-1.,0.,0.));
#2429=DIRECTION('center_axis',(0.,0.,-1.));
#2430=DIRECTION('ref_axis',(-1.,0.,0.));
#2431=DIRECTION('center_axis',(0.,0.,1.));
#2432=DIRECTION('ref_axis',(-1.,0.,0.));
#2433=DIRECTION('center_axis',(0.,0.,1.));
#2434=DIRECTION('ref_axis',(-1.,0.,0.));
#2435=DIRECTION('',(0.,0.,-1.));
#2436=DIRECTION('center_axis',(0.,0.,1.));
#2437=DIRECTION('ref_axis',(-1.,0.,0.));
#2438=DIRECTION('center_axis',(0.,0.,1.));
#2439=DIRECTION('ref_axis',(-1.,0.,0.));
#2440=DIRECTION('center_axis',(0.,0.,1.));
#2441=DIRECTION('ref_axis',(-1.,0.,0.));
#2442=DIRECTION('center_axis',(0.,0.,1.));
#2443=DIRECTION('ref_axis',(-1.,0.,0.));
#2444=DIRECTION('',(0.,0.,-1.));
#2445=DIRECTION('center_axis',(0.,0.,1.));
#2446=DIRECTION('ref_axis',(-1.,0.,0.));
#2447=DIRECTION('center_axis',(0.,0.,1.));
#2448=DIRECTION('ref_axis',(-1.,0.,0.));
#2449=DIRECTION('center_axis',(0.,0.,1.));
#2450=DIRECTION('ref_axis',(-1.,0.,0.));
#2451=DIRECTION('center_axis',(0.,0.,1.));
#2452=DIRECTION('ref_axis',(-1.,0.,0.));
#2453=DIRECTION('',(0.,0.,-1.));
#2454=DIRECTION('center_axis',(0.,0.,1.));
#2455=DIRECTION('ref_axis',(-1.,0.,0.));
#2456=DIRECTION('',(0.,0.,-1.));
#2457=DIRECTION('center_axis',(0.,0.,-1.));
#2458=DIRECTION('ref_axis',(-1.,0.,0.));
#2459=DIRECTION('center_axis',(0.,0.,1.));
#2460=DIRECTION('ref_axis',(-1.,0.,0.));
#2461=DIRECTION('center_axis',(0.,0.,1.));
#2462=DIRECTION('ref_axis',(-1.,0.,0.));
#2463=DIRECTION('',(0.,0.,-1.));
#2464=DIRECTION('center_axis',(0.,0.,1.));
#2465=DIRECTION('ref_axis',(-1.,0.,0.));
#2466=DIRECTION('',(0.,0.,-1.));
#2467=DIRECTION('center_axis',(0.,0.,-1.));
#2468=DIRECTION('ref_axis',(-1.,0.,0.));
#2469=DIRECTION('center_axis',(0.,0.03701166050988,-0.999314833766767));
#2470=DIRECTION('ref_axis',(0.,-0.999314833766767,-0.0370116605098799));
#2471=DIRECTION('',(1.,0.,0.));
#2472=DIRECTION('',(-1.,0.,0.));
#2473=DIRECTION('center_axis',(0.,1.87350135405495E-15,-1.));
#2474=DIRECTION('ref_axis',(0.,-1.,-1.87350135405495E-15));
#2475=DIRECTION('',(-1.,0.,0.));
#2476=DIRECTION('center_axis',(0.,-1.,0.));
#2477=DIRECTION('ref_axis',(0.,0.,1.));
#2478=DIRECTION('',(-1.,0.,0.));
#2479=DIRECTION('center_axis',(0.,0.,1.));
#2480=DIRECTION('ref_axis',(0.,1.,0.));
#2481=DIRECTION('',(-1.,0.,0.));
#2482=DIRECTION('center_axis',(1.,0.,0.));
#2483=DIRECTION('ref_axis',(0.,1.,0.));
#2484=DIRECTION('',(-1.,0.,0.));
#2485=DIRECTION('center_axis',(0.,0.,1.));
#2486=DIRECTION('ref_axis',(0.,1.,0.));
#2487=DIRECTION('',(-1.,0.,0.));
#2488=DIRECTION('center_axis',(0.,-1.,0.));
#2489=DIRECTION('ref_axis',(0.,0.,1.));
#2490=DIRECTION('',(-1.,0.,0.));
#2491=DIRECTION('center_axis',(0.,0.,-1.));
#2492=DIRECTION('ref_axis',(0.,-1.,0.));
#2493=DIRECTION('',(-1.,0.,0.));
#2494=DIRECTION('center_axis',(1.,0.,0.));
#2495=DIRECTION('ref_axis',(0.,1.,0.));
#2496=DIRECTION('',(-1.,0.,0.));
#2497=DIRECTION('center_axis',(0.,0.,-1.));
#2498=DIRECTION('ref_axis',(0.,-1.,0.));
#2499=DIRECTION('center_axis',(0.,2.0765694515367E-16,-1.));
#2500=DIRECTION('ref_axis',(0.,1.,2.0765694515367E-16));
#2501=DIRECTION('',(-1.,0.,0.));
#2502=DIRECTION('',(-1.,0.,0.));
#2503=DIRECTION('center_axis',(0.,0.,-1.));
#2504=DIRECTION('ref_axis',(-1.,0.,0.));
#2505=DIRECTION('',(-1.,0.,0.));
#2506=DIRECTION('center_axis',(1.,0.,0.));
#2507=DIRECTION('ref_axis',(0.,1.,0.));
#2508=DIRECTION('',(-0.707106781186548,0.707106781186547,-8.65956056235493E-17));
#2509=DIRECTION('center_axis',(1.,0.,0.));
#2510=DIRECTION('ref_axis',(0.,1.,0.));
#2511=DIRECTION('center_axis',(1.,0.,0.));
#2512=DIRECTION('ref_axis',(0.,1.,0.));
#2513=DIRECTION('',(-1.,0.,0.));
#2514=DIRECTION('center_axis',(-1.,0.,0.));
#2515=DIRECTION('ref_axis',(0.,1.,0.));
#2516=DIRECTION('center_axis',(-1.,0.,0.));
#2517=DIRECTION('ref_axis',(0.,1.,0.));
#2518=DIRECTION('center_axis',(1.,0.,0.));
#2519=DIRECTION('ref_axis',(0.,1.,0.));
#2520=DIRECTION('',(0.707106781186548,0.707106781186547,8.65956056235493E-17));
#2521=DIRECTION('center_axis',(1.,0.,0.));
#2522=DIRECTION('ref_axis',(0.,0.,-1.));
#2523=DIRECTION('',(0.,0.,-1.));
#2524=DIRECTION('',(0.,-1.,0.));
#2525=DIRECTION('',(0.,0.,-1.));
#2526=DIRECTION('',(0.,1.,0.));
#2527=DIRECTION('center_axis',(0.,0.,1.));
#2528=DIRECTION('ref_axis',(0.,-1.,0.));
#2529=DIRECTION('',(1.,0.,0.));
#2530=DIRECTION('',(0.,-1.,0.));
#2531=DIRECTION('',(1.,0.,0.));
#2532=DIRECTION('',(0.,1.,0.));
#2533=DIRECTION('',(1.,0.,0.));
#2534=DIRECTION('',(1.,0.,0.));
#2535=DIRECTION('',(0.,1.,0.));
#2536=DIRECTION('',(-1.,0.,0.));
#2537=DIRECTION('',(0.,-1.,0.));
#2538=DIRECTION('',(1.,0.,0.));
#2539=DIRECTION('center_axis',(-1.,0.,0.));
#2540=DIRECTION('ref_axis',(0.,1.,0.));
#2541=DIRECTION('center_axis',(1.,0.,0.));
#2542=DIRECTION('ref_axis',(0.,1.,0.));
#2543=DIRECTION('',(0.707106781186548,0.707106781186548,8.65956056235493E-17));
#2544=DIRECTION('center_axis',(-1.,0.,0.));
#2545=DIRECTION('ref_axis',(0.,1.,0.));
#2546=DIRECTION('center_axis',(1.,0.,0.));
#2547=DIRECTION('ref_axis',(0.,1.,0.));
#2548=DIRECTION('center_axis',(-1.,0.,0.));
#2549=DIRECTION('ref_axis',(0.,1.,0.));
#2550=DIRECTION('',(-1.,0.,0.));
#2551=DIRECTION('center_axis',(1.,0.,0.));
#2552=DIRECTION('ref_axis',(0.,0.,-1.));
#2553=DIRECTION('',(0.,0.,-1.));
#2554=DIRECTION('',(0.,-1.,0.));
#2555=DIRECTION('',(0.,-1.70803542250024E-16,-1.));
#2556=DIRECTION('center_axis',(-1.,0.,0.));
#2557=DIRECTION('ref_axis',(0.,1.,0.));
#2558=DIRECTION('center_axis',(1.,0.,0.));
#2559=DIRECTION('ref_axis',(0.,1.,0.));
#2560=DIRECTION('',(0.707106781186547,0.707106781186547,8.65956056235493E-17));
#2561=DIRECTION('center_axis',(-1.,0.,0.));
#2562=DIRECTION('ref_axis',(0.,1.,0.));
#2563=DIRECTION('center_axis',(1.,0.,0.));
#2564=DIRECTION('ref_axis',(0.,1.,0.));
#2565=DIRECTION('center_axis',(-1.,0.,0.));
#2566=DIRECTION('ref_axis',(0.,1.,0.));
#2567=DIRECTION('',(-1.,0.,0.));
#2568=DIRECTION('center_axis',(1.,0.,0.));
#2569=DIRECTION('ref_axis',(0.,0.,-1.));
#2570=DIRECTION('',(0.,-1.,0.));
#2571=DIRECTION('',(0.,0.,-1.));
#2572=DIRECTION('',(0.,-8.5401771125012E-17,1.));
#2573=DIRECTION('center_axis',(-1.,0.,0.));
#2574=DIRECTION('ref_axis',(0.,1.,0.));
#2575=DIRECTION('center_axis',(-1.,0.,0.));
#2576=DIRECTION('ref_axis',(0.,1.,0.));
#2577=DIRECTION('center_axis',(0.,-1.,-8.5401771125012E-17));
#2578=DIRECTION('ref_axis',(0.,8.5401771125012E-17,-1.));
#2579=DIRECTION('',(-1.,0.,0.));
#2580=DIRECTION('',(0.,8.5401771125012E-17,-1.));
#2581=DIRECTION('center_axis',(-1.,0.,0.));
#2582=DIRECTION('ref_axis',(0.,0.,1.));
#2583=DIRECTION('',(0.,1.,0.));
#2584=DIRECTION('',(0.,0.,1.));
#2585=DIRECTION('center_axis',(0.,0.,-1.));
#2586=DIRECTION('ref_axis',(0.,1.,0.));
#2587=DIRECTION('',(1.,0.,0.));
#2588=DIRECTION('',(0.,1.,0.));
#2589=DIRECTION('',(1.,0.,0.));
#2590=DIRECTION('',(1.,0.,0.));
#2591=DIRECTION('',(1.,0.,0.));
#2592=DIRECTION('',(1.,0.,0.));
#2593=DIRECTION('center_axis',(0.,1.,-1.70803542250024E-16));
#2594=DIRECTION('ref_axis',(0.,1.70803542250024E-16,1.));
#2595=DIRECTION('',(0.,1.70803542250024E-16,1.));
#2596=DIRECTION('center_axis',(-1.,0.,0.));
#2597=DIRECTION('ref_axis',(0.,0.,1.));
#2598=DIRECTION('',(0.,0.,1.));
#2599=DIRECTION('center_axis',(0.,1.,0.));
#2600=DIRECTION('ref_axis',(0.,0.,1.));
#2601=DIRECTION('center_axis',(0.,1.,0.));
#2602=DIRECTION('ref_axis',(0.,0.,1.));
#2603=DIRECTION('center_axis',(0.,1.,0.));
#2604=DIRECTION('ref_axis',(0.,0.,1.));
#2605=CARTESIAN_POINT('',(0.,0.,0.));
#2606=CARTESIAN_POINT('Origin',(-4.25,25.1352590834076,0.999999999999999));
#2607=CARTESIAN_POINT('',(-7.5,25.1352590834076,16.));
#2608=CARTESIAN_POINT('',(-8.5,30.5204238905421,15.));
#2609=CARTESIAN_POINT('Ctrl Pts',(-7.5,25.1352590834076,16.));
#2610=CARTESIAN_POINT('Ctrl Pts',(-7.72134557142876,25.992526795308,16.));
#2611=CARTESIAN_POINT('Ctrl Pts',(-7.96555341743061,26.9292361316231,15.922036507848));
#2612=CARTESIAN_POINT('Ctrl Pts',(-8.35407274517012,28.7801494183599,15.5808230415428));
#2613=CARTESIAN_POINT('Ctrl Pts',(-8.5,29.6940670905414,15.3178619683929));
#2614=CARTESIAN_POINT('Ctrl Pts',(-8.5,30.5204238905421,15.));
#2615=CARTESIAN_POINT('',(-8.5,33.7389056286733,13.2872806643349));
#2616=CARTESIAN_POINT('Origin',(-8.5,25.1352590834076,0.999999999999999));
#2617=CARTESIAN_POINT('',(8.5,33.7389056286733,13.2872806643349));
#2618=CARTESIAN_POINT('',(-4.25,33.7389056286733,13.2872806643349));
#2619=CARTESIAN_POINT('',(8.5,30.5204238905421,15.));
#2620=CARTESIAN_POINT('Origin',(8.5,25.1352590834076,0.999999999999999));
#2621=CARTESIAN_POINT('',(7.5,25.1352590834076,16.));
#2622=CARTESIAN_POINT('Ctrl Pts',(8.5,30.5204238905422,15.));
#2623=CARTESIAN_POINT('Ctrl Pts',(8.5,29.6940670905414,15.3178619683929));
#2624=CARTESIAN_POINT('Ctrl Pts',(8.35407274517012,28.7801494183599,15.5808230415428));
#2625=CARTESIAN_POINT('Ctrl Pts',(7.96555341743061,26.9292361316231,15.922036507848));
#2626=CARTESIAN_POINT('Ctrl Pts',(7.72134557142876,25.992526795308,16.));
#2627=CARTESIAN_POINT('Ctrl Pts',(7.5,25.1352590834076,16.));
#2628=CARTESIAN_POINT('',(-4.25,25.1352590834076,16.));
#2629=CARTESIAN_POINT('Origin',(-7.5,-11.35,15.));
#2630=CARTESIAN_POINT('',(-7.5,-11.35,16.));
#2631=CARTESIAN_POINT('',(-7.5,-11.35,16.));
#2632=CARTESIAN_POINT('',(-8.5,-11.35,15.));
#2633=CARTESIAN_POINT('Origin',(-7.5,-11.35,15.));
#2634=CARTESIAN_POINT('',(-8.5,-11.35,15.));
#2635=CARTESIAN_POINT('Origin',(-8.5,-11.35,8.5));
#2636=CARTESIAN_POINT('',(-8.5,-11.35,9.5));
#2637=CARTESIAN_POINT('',(-8.5,-11.35,16.));
#2638=CARTESIAN_POINT('',(-8.5,39.1477029604161,9.50000000000001));
#2639=CARTESIAN_POINT('',(-8.5,-11.35,9.5));
#2640=CARTESIAN_POINT('',(-8.5,17.7989114525621,24.4485847454669));
#2641=CARTESIAN_POINT('Origin',(0.,40.5758509671582,8.50000000000001));
#2642=CARTESIAN_POINT('',(-7.66666666666666,40.5558758854096,8.51398670281674));
#2643=CARTESIAN_POINT('Origin',(-7.5,39.1477029604161,9.50000000000001));
#2644=CARTESIAN_POINT('',(-6.90065310084752,40.9861302753037,8.21271933566512));
#2645=CARTESIAN_POINT('Origin',(-8.,43.3722217353967,6.54196010845019));
#2646=CARTESIAN_POINT('',(6.,40.9861302753037,8.21271933566512));
#2647=CARTESIAN_POINT('',(0.,40.9861302753037,8.21271933566512));
#2648=CARTESIAN_POINT('',(6.,40.5758509671582,8.50000000000001));
#2649=CARTESIAN_POINT('',(6.,29.8647409165924,16.));
#2650=CARTESIAN_POINT('',(7.5,40.5758509671582,8.50000000000001));
#2651=CARTESIAN_POINT('',(0.,40.5758509671582,8.50000000000002));
#2652=CARTESIAN_POINT('',(8.5,39.1477029604161,9.50000000000001));
#2653=CARTESIAN_POINT('Origin',(7.5,39.1477029604161,9.50000000000001));
#2654=CARTESIAN_POINT('',(8.5,16.0369877885885,25.6822969767312));
#2655=CARTESIAN_POINT('Origin',(-8.,-11.35,6.54196010845019));
#2656=CARTESIAN_POINT('',(-6.,30.1804626018022,6.54196010845019));
#2657=CARTESIAN_POINT('',(-7.66666666666667,30.1804626018022,8.51398670281673));
#2658=CARTESIAN_POINT('Origin',(-8.,30.1804626018022,6.54196010845019));
#2659=CARTESIAN_POINT('',(-6.,44.0967701406258,6.54196010845019));
#2660=CARTESIAN_POINT('',(-6.,-11.35,6.54196010845019));
#2661=CARTESIAN_POINT('Ctrl Pts',(-6.,44.0967701406258,6.5419601084502));
#2662=CARTESIAN_POINT('Ctrl Pts',(-6.,43.98888882749,6.5844154086428));
#2663=CARTESIAN_POINT('Ctrl Pts',(-6.00135062916824,43.8818623102955,6.62797929374643));
#2664=CARTESIAN_POINT('Ctrl Pts',(-6.02086200081038,43.1729163212753,6.92606979768879));
#2665=CARTESIAN_POINT('Ctrl Pts',(-6.08366578108469,42.6002145637244,7.21388838725306));
#2666=CARTESIAN_POINT('Ctrl Pts',(-6.32978901393677,41.8431862118921,7.65245702490584));
#2667=CARTESIAN_POINT('Ctrl Pts',(-6.43269293069073,41.6035934366322,7.8000806991455));
#2668=CARTESIAN_POINT('Ctrl Pts',(-6.66525625170002,41.2402343201992,8.03742516928788));
#2669=CARTESIAN_POINT('Ctrl Pts',(-6.77536673932675,41.1038631917772,8.13028186005498));
#2670=CARTESIAN_POINT('Ctrl Pts',(-6.90065310084753,40.9861302753037,8.21271933566513));
#2671=CARTESIAN_POINT('',(-7.66666666666667,-11.35,8.51398670281673));
#2672=CARTESIAN_POINT('Ctrl Pts',(-6.,30.1804626018022,6.5419601084502));
#2673=CARTESIAN_POINT('Ctrl Pts',(-6.,29.374501538141,6.99987645298976));
#2674=CARTESIAN_POINT('Ctrl Pts',(-6.,28.45247502819,7.42367123725447));
#2675=CARTESIAN_POINT('Ctrl Pts',(-6.,27.4317444257194,7.75738299139442));
#2676=CARTESIAN_POINT('Ctrl Pts',(-6.,30.1804626018022,7.07656896466933));
#2677=CARTESIAN_POINT('Ctrl Pts',(-6.12536214623184,29.363251101973,7.44700436203264));
#2678=CARTESIAN_POINT('Ctrl Pts',(-6.17959275242539,28.403883750073,7.77029317214754));
#2679=CARTESIAN_POINT('Ctrl Pts',(-6.20579022701978,27.375346720026,8.02131959397853));
#2680=CARTESIAN_POINT('Ctrl Pts',(-6.39598727952532,30.1804626018022,8.00569764417656));
#2681=CARTESIAN_POINT('Ctrl Pts',(-6.59458298107032,29.2906640672478,8.13851168658409));
#2682=CARTESIAN_POINT('Ctrl Pts',(-6.66513853836275,28.2787197685296,8.2761588303293));
#2683=CARTESIAN_POINT('Ctrl Pts',(-6.68152512022484,27.2449695058909,8.38544955776934));
#2684=CARTESIAN_POINT('Ctrl Pts',(-7.27131808589867,30.1804626018022,8.44716059578935));
#2685=CARTESIAN_POINT('Ctrl Pts',(-7.33554364205882,29.1671550509425,8.45725976401516));
#2686=CARTESIAN_POINT('Ctrl Pts',(-7.31226226161862,28.1191904638207,8.47697083752942));
#2687=CARTESIAN_POINT('Ctrl Pts',(-7.25450173682774,27.0879427750283,8.50000000000001));
#2688=CARTESIAN_POINT('Ctrl Pts',(-7.66666666666666,30.1804626018022,8.51398670281674));
#2689=CARTESIAN_POINT('Ctrl Pts',(-7.66666666666666,29.114330931829,8.51398670281674));
#2690=CARTESIAN_POINT('Ctrl Pts',(-7.59410939763084,28.0508534499982,8.50000000000001));
#2691=CARTESIAN_POINT('Ctrl Pts',(-7.49999999999999,27.0206629095306,8.50000000000001));
#2692=CARTESIAN_POINT('',(-6.,27.4317444257194,7.75738299139442));
#2693=CARTESIAN_POINT('',(-7.5,27.0206629095306,8.50000000000001));
#2694=CARTESIAN_POINT('Origin',(-7.49999999999999,27.0206629095306,6.50000000000001));
#2695=CARTESIAN_POINT('Origin',(-6.,22.7705181668153,-6.49999999999999));
#2696=CARTESIAN_POINT('Ctrl Pts',(-7.49999999999999,27.0206629095306,8.50000000000001));
#2697=CARTESIAN_POINT('Ctrl Pts',(-7.59410939763084,28.0508534499982,8.50000000000001));
#2698=CARTESIAN_POINT('Ctrl Pts',(-7.66666666666666,29.114330931829,8.51398670281674));
#2699=CARTESIAN_POINT('Ctrl Pts',(-7.66666666666666,30.1804626018022,8.51398670281674));
#2700=CARTESIAN_POINT('Ctrl Pts',(-6.,27.4317444257194,7.75738299139442));
#2701=CARTESIAN_POINT('Ctrl Pts',(-6.,26.0000797160609,8.22544316363181));
#2702=CARTESIAN_POINT('Ctrl Pts',(-6.00000000000017,24.3941141462587,8.4996692811129));
#2703=CARTESIAN_POINT('Ctrl Pts',(-6.,22.7794294135302,8.49999585901362));
#2704=CARTESIAN_POINT('Ctrl Pts',(-6.,22.774974654982,8.50000000000001));
#2705=CARTESIAN_POINT('Ctrl Pts',(-6.,22.7705181668152,8.50000000000001));
#2706=CARTESIAN_POINT('Ctrl Pts',(-6.3601328972846,27.3330484407559,8.2192720459166));
#2707=CARTESIAN_POINT('Ctrl Pts',(-6.36818435041652,25.8700868093043,8.41474562642673));
#2708=CARTESIAN_POINT('Ctrl Pts',(-6.18408333861488,24.3203959453387,8.49862826530495));
#2709=CARTESIAN_POINT('Ctrl Pts',(-6.00100954161821,22.7790363860889,8.50000104690184));
#2710=CARTESIAN_POINT('Ctrl Pts',(-6.00050497155859,22.774776588841,8.50000000000001));
#2711=CARTESIAN_POINT('Ctrl Pts',(-6.,22.7705181668152,8.50000000000001));
#2712=CARTESIAN_POINT('Ctrl Pts',(-6.92717071926472,27.1776492623586,8.50000000000001));
#2713=CARTESIAN_POINT('Ctrl Pts',(-6.7388286821413,25.7224303282762,8.49532675665144));
#2714=CARTESIAN_POINT('Ctrl Pts',(-6.36744326234242,24.2487278135347,8.49970023694364));
#2715=CARTESIAN_POINT('Ctrl Pts',(-6.0020204763419,22.7786393764222,8.50000055722861));
#2716=CARTESIAN_POINT('Ctrl Pts',(-6.00100994311717,22.7745785227,8.50000000000001));
#2717=CARTESIAN_POINT('Ctrl Pts',(-6.,22.7705181668152,8.50000000000001));
#2718=CARTESIAN_POINT('Ctrl Pts',(-7.49999999999998,27.0206629095306,8.50000000000001));
#2719=CARTESIAN_POINT('Ctrl Pts',(-7.10400980500872,25.5757298023605,8.50000000000001));
#2720=CARTESIAN_POINT('Ctrl Pts',(-6.55121474787345,24.177018949976,8.50000000000006));
#2721=CARTESIAN_POINT('Ctrl Pts',(-6.00303060468989,22.7782424473803,8.50000000000001));
#2722=CARTESIAN_POINT('Ctrl Pts',(-6.00151491467576,22.774380456559,8.50000000000001));
#2723=CARTESIAN_POINT('Ctrl Pts',(-6.,22.7705181668152,8.50000000000001));
#2724=CARTESIAN_POINT('',(-6.,22.7705181668152,8.50000000000001));
#2725=CARTESIAN_POINT('Ctrl Pts',(-6.,22.7705181668152,8.50000000000001));
#2726=CARTESIAN_POINT('Ctrl Pts',(-6.00151491467576,22.774380456559,8.50000000000001));
#2727=CARTESIAN_POINT('Ctrl Pts',(-6.00303060468989,22.7782424473803,8.50000000000001));
#2728=CARTESIAN_POINT('Ctrl Pts',(-6.55121474787345,24.177018949976,8.50000000000006));
#2729=CARTESIAN_POINT('Ctrl Pts',(-7.10400980500872,25.5757298023605,8.50000000000001));
#2730=CARTESIAN_POINT('Ctrl Pts',(-7.49999999999998,27.0206629095306,8.50000000000001));
#2731=CARTESIAN_POINT('Origin',(-6.,22.7705181668153,-6.49999999999999));
#2732=CARTESIAN_POINT('Origin',(0.,-11.35,8.5));
#2733=CARTESIAN_POINT('',(-7.5,-11.35,8.5));
#2734=CARTESIAN_POINT('',(-7.5,-11.35,8.5));
#2735=CARTESIAN_POINT('',(7.5,-11.35,8.5));
#2736=CARTESIAN_POINT('',(0.,-11.35,8.5));
#2737=CARTESIAN_POINT('',(7.5,-11.35,8.5));
#2738=CARTESIAN_POINT('',(6.,22.7705181668152,8.50000000000001));
#2739=CARTESIAN_POINT('',(6.,17.7,8.50000000000001));
#2740=CARTESIAN_POINT('',(0.,22.7705181668152,8.50000000000001));
#2741=CARTESIAN_POINT('Origin',(-6.,46.75,2.));
#2742=CARTESIAN_POINT('',(-6.,31.3741647120809,5.78728066433488));
#2743=CARTESIAN_POINT('Origin',(-6.,22.7705181668153,-6.49999999999999));
#2744=CARTESIAN_POINT('',(-6.,42.1917593755666,-1.78728066433489));
#2745=CARTESIAN_POINT('',(-6.,27.5,8.50000000000001));
#2746=CARTESIAN_POINT('',(-6.,50.7954059208323,-4.50000000000002));
#2747=CARTESIAN_POINT('Origin',(-6.,50.7954059208323,10.5));
#2748=CARTESIAN_POINT('',(-6.,67.5,-4.50000000000002));
#2749=CARTESIAN_POINT('',(-6.,66.,-4.50000000000002));
#2750=CARTESIAN_POINT('',(-6.,67.5,5.49999999999998));
#2751=CARTESIAN_POINT('',(-6.,67.5,3.74999999999999));
#2752=CARTESIAN_POINT('',(-6.,49.5897768205694,5.49999999999999));
#2753=CARTESIAN_POINT('',(-6.,66.,5.49999999999998));
#2754=CARTESIAN_POINT('Origin',(-6.,49.5897768205694,20.5));
#2755=CARTESIAN_POINT('Origin',(0.,22.7705181668153,-6.49999999999999));
#2756=CARTESIAN_POINT('',(6.,31.3741647120809,5.78728066433488));
#2757=CARTESIAN_POINT('Origin',(6.,22.7705181668153,-6.49999999999999));
#2758=CARTESIAN_POINT('',(0.,31.3741647120809,5.78728066433488));
#2759=CARTESIAN_POINT('Origin',(0.,46.0659240876475,-4.50000000000001));
#2760=CARTESIAN_POINT('',(6.,42.1917593755666,-1.78728066433489));
#2761=CARTESIAN_POINT('',(6.,27.5,8.50000000000001));
#2762=CARTESIAN_POINT('',(0.,42.1917593755666,-1.78728066433488));
#2763=CARTESIAN_POINT('Origin',(0.,50.7954059208323,10.5));
#2764=CARTESIAN_POINT('',(6.,50.7954059208323,-4.50000000000001));
#2765=CARTESIAN_POINT('Origin',(6.,50.7954059208323,10.5));
#2766=CARTESIAN_POINT('',(0.,50.7954059208323,-4.50000000000001));
#2767=CARTESIAN_POINT('Origin',(0.,49.5897768205694,20.5));
#2768=CARTESIAN_POINT('',(6.,49.5897768205694,5.49999999999999));
#2769=CARTESIAN_POINT('',(0.,49.5897768205694,5.49999999999999));
#2770=CARTESIAN_POINT('Origin',(6.,49.5897768205694,20.5));
#2771=CARTESIAN_POINT('Origin',(4.,67.5,3.74999999999999));
#2772=CARTESIAN_POINT('',(4.,77.5,5.49999999999998));
#2773=CARTESIAN_POINT('Origin',(4.,67.5,5.5));
#2774=CARTESIAN_POINT('',(4.,77.5,-4.50000000000002));
#2775=CARTESIAN_POINT('Origin',(4.,67.5,-4.50000000000001));
#2776=CARTESIAN_POINT('',(4.,77.5,3.74999999999999));
#2777=CARTESIAN_POINT('Origin',(0.,44.8602949873846,5.5));
#2778=CARTESIAN_POINT('',(16.,77.5,5.49999999999998));
#2779=CARTESIAN_POINT('',(0.,77.5,5.49999999999998));
#2780=CARTESIAN_POINT('',(16.,66.,5.49999999999998));
#2781=CARTESIAN_POINT('',(16.,46.0375,5.49999999999998));
#2782=CARTESIAN_POINT('',(6.,56.,5.49999999999999));
#2783=CARTESIAN_POINT('Origin',(16.,56.,5.5));
#2784=CARTESIAN_POINT('',(6.,66.,5.49999999999998));
#2785=CARTESIAN_POINT('Origin',(16.,56.,-1.25000000000001));
#2786=CARTESIAN_POINT('',(16.,66.,-4.50000000000002));
#2787=CARTESIAN_POINT('',(16.,66.,-2.75000000000001));
#2788=CARTESIAN_POINT('',(6.,56.,-4.50000000000001));
#2789=CARTESIAN_POINT('Origin',(16.,56.,-4.50000000000002));
#2790=CARTESIAN_POINT('',(6.,56.,-1.25000000000001));
#2791=CARTESIAN_POINT('Origin',(6.,46.75,2.));
#2792=CARTESIAN_POINT('',(6.,66.,-4.50000000000002));
#2793=CARTESIAN_POINT('Origin',(0.,77.5,5.49999999999998));
#2794=CARTESIAN_POINT('',(16.,77.5,-4.50000000000002));
#2795=CARTESIAN_POINT('',(0.,77.5,-4.50000000000002));
#2796=CARTESIAN_POINT('',(16.,77.5,2.24999999999999));
#2797=CARTESIAN_POINT('Origin',(8.,29.7070915221529,15.5));
#2798=CARTESIAN_POINT('',(8.,31.427820831206,17.957456132867));
#2799=CARTESIAN_POINT('',(8.,29.7070915221529,18.5));
#2800=CARTESIAN_POINT('Origin',(8.,29.7070915221529,15.5));
#2801=CARTESIAN_POINT('',(11.,29.7070915221529,15.5));
#2802=CARTESIAN_POINT('Origin',(8.,29.7070915221529,15.5));
#2803=CARTESIAN_POINT('Origin',(8.,29.7070915221529,15.5));
#2804=CARTESIAN_POINT('Origin',(8.,24.330016208757,19.2650686679611));
#2805=CARTESIAN_POINT('',(8.,38.5685608649166,12.957456132867));
#2806=CARTESIAN_POINT('',(11.,36.8478315558635,10.5));
#2807=CARTESIAN_POINT('Origin',(8.,36.8478315558635,10.5));
#2808=CARTESIAN_POINT('',(8.,26.0507455178102,21.7225248008281));
#2809=CARTESIAN_POINT('',(11.,24.330016208757,19.2650686679611));
#2810=CARTESIAN_POINT('Ctrl Pts',(8.,38.5685608649166,12.957456132867));
#2811=CARTESIAN_POINT('Ctrl Pts',(8.,40.1709391814237,11.8354587565849));
#2812=CARTESIAN_POINT('Ctrl Pts',(8.65527629171625,42.8320325119109,9.97214114669824));
#2813=CARTESIAN_POINT('Ctrl Pts',(10.7585106359079,45.2208288519944,8.29948794212399));
#2814=CARTESIAN_POINT('Ctrl Pts',(12.2520017491453,45.7093008986272,7.95745613286699));
#2815=CARTESIAN_POINT('Ctrl Pts',(13.,45.7093008986272,7.95745613286699));
#2816=CARTESIAN_POINT('Ctrl Pts',(8.89759790102566,38.5685608649166,12.957456132867));
#2817=CARTESIAN_POINT('Ctrl Pts',(8.79045475663015,40.0736528450153,11.898749310068));
#2818=CARTESIAN_POINT('Ctrl Pts',(9.2393109272025,42.6321517747862,10.1112167635503));
#2819=CARTESIAN_POINT('Ctrl Pts',(11.0310600758158,44.9467830187886,8.48875806053492));
#2820=CARTESIAN_POINT('Ctrl Pts',(12.3430531638479,45.4233628936815,8.15767207939062));
#2821=CARTESIAN_POINT('Ctrl Pts',(13.,45.4233628936815,8.15767207939062));
#2822=CARTESIAN_POINT('Ctrl Pts',(10.451873368395,38.1366925296778,12.3406842307207));
#2823=CARTESIAN_POINT('Ctrl Pts',(10.1733582749077,39.5881976425678,11.5531299619924));
#2824=CARTESIAN_POINT('Ctrl Pts',(10.2614548234768,42.0991673514516,10.0912789829953));
#2825=CARTESIAN_POINT('Ctrl Pts',(11.5107113033511,44.3896963946391,8.70861855562002));
#2826=CARTESIAN_POINT('Ctrl Pts',(12.5023281740864,44.8612802679969,8.41968961867741));
#2827=CARTESIAN_POINT('Ctrl Pts',(13.,44.8612802679969,8.41968961867741));
#2828=CARTESIAN_POINT('Ctrl Pts',(11.,37.2339623098733,11.051451866681));
#2829=CARTESIAN_POINT('Ctrl Pts',(10.8752939679802,38.7918112900221,10.539527491366));
#2830=CARTESIAN_POINT('Ctrl Pts',(11.0163248720981,41.4076616343002,9.59262839885023));
#2831=CARTESIAN_POINT('Ctrl Pts',(11.9362349177549,43.7672055594817,8.68936885823165));
#2832=CARTESIAN_POINT('Ctrl Pts',(12.6448743793852,44.2503709773732,8.50000000000002));
#2833=CARTESIAN_POINT('Ctrl Pts',(13.,44.2503709773732,8.50000000000002));
#2834=CARTESIAN_POINT('Ctrl Pts',(11.,36.8478315558635,10.5));
#2835=CARTESIAN_POINT('Ctrl Pts',(11.,38.4502098723706,10.0512010494872));
#2836=CARTESIAN_POINT('Ctrl Pts',(11.2621105166865,41.1113032028577,9.30587400553251));
#2837=CARTESIAN_POINT('Ctrl Pts',(12.1034042543632,43.5000995429413,8.63681272370281));
#2838=CARTESIAN_POINT('Ctrl Pts',(12.7008006996581,43.9885715895741,8.50000000000002));
#2839=CARTESIAN_POINT('Ctrl Pts',(13.,43.9885715895741,8.50000000000002));
#2840=CARTESIAN_POINT('',(10.7348102014254,44.934467956211,8.50000000000001));
#2841=CARTESIAN_POINT('',(13.,43.9885715895741,8.50000000000001));
#2842=CARTESIAN_POINT('Ctrl Pts',(13.,43.9885715895741,8.50000000000002));
#2843=CARTESIAN_POINT('Ctrl Pts',(12.9979245919525,43.9911134349362,8.50000000000002));
#2844=CARTESIAN_POINT('Ctrl Pts',(12.9958435568327,43.9936506379855,8.50000000000002));
#2845=CARTESIAN_POINT('Ctrl Pts',(12.8754166939867,44.1398106780093,8.50000000000002));
#2846=CARTESIAN_POINT('Ctrl Pts',(12.7408204401905,44.2659788991146,8.50000000000001));
#2847=CARTESIAN_POINT('Ctrl Pts',(12.4411174038258,44.4876385510168,8.50000000000001));
#2848=CARTESIAN_POINT('Ctrl Pts',(12.2775413258853,44.5812987182248,8.50000000000002));
#2849=CARTESIAN_POINT('Ctrl Pts',(11.9106370283596,44.745482072758,8.50000000000002));
#2850=CARTESIAN_POINT('Ctrl Pts',(11.7050973507502,44.8108010964896,8.50000000000001));
#2851=CARTESIAN_POINT('Ctrl Pts',(11.2458898408645,44.9094526091931,8.50000000000001));
#2852=CARTESIAN_POINT('Ctrl Pts',(10.9902585033868,44.934467956211,8.50000000000001));
#2853=CARTESIAN_POINT('Ctrl Pts',(10.7348102014254,44.934467956211,8.50000000000001));
#2854=CARTESIAN_POINT('Origin',(13.,38.5685608649166,12.957456132867));
#2855=CARTESIAN_POINT('Origin',(13.,36.8478315558635,10.5));
#2856=CARTESIAN_POINT('Origin',(8.,-11.35,15.5));
#2857=CARTESIAN_POINT('',(11.,-11.35,15.5));
#2858=CARTESIAN_POINT('',(8.,-11.35,18.5));
#2859=CARTESIAN_POINT('Origin',(8.,-11.35,15.5));
#2860=CARTESIAN_POINT('',(11.,-11.35,15.5));
#2861=CARTESIAN_POINT('',(8.,-11.35,18.5));
#2862=CARTESIAN_POINT('Origin',(-8.,29.7070915221529,15.5));
#2863=CARTESIAN_POINT('',(-11.,29.7070915221529,15.5));
#2864=CARTESIAN_POINT('',(-8.,29.7070915221529,18.5));
#2865=CARTESIAN_POINT('Origin',(-8.,29.7070915221529,15.5));
#2866=CARTESIAN_POINT('',(-8.,31.427820831206,17.957456132867));
#2867=CARTESIAN_POINT('Origin',(-8.,29.7070915221529,15.5));
#2868=CARTESIAN_POINT('Origin',(-8.,29.7070915221529,15.5));
#2869=CARTESIAN_POINT('Origin',(-8.,21.9807846567923,20.9100183096469));
#2870=CARTESIAN_POINT('',(-11.,36.8478315558635,10.5));
#2871=CARTESIAN_POINT('',(-8.,38.5685608649166,12.957456132867));
#2872=CARTESIAN_POINT('Origin',(-8.,36.8478315558635,10.5));
#2873=CARTESIAN_POINT('',(-11.,21.9807846567923,20.9100183096469));
#2874=CARTESIAN_POINT('',(-8.,23.7015139658454,23.3674744425139));
#2875=CARTESIAN_POINT('Origin',(5.5,29.7070915221529,15.5));
#2876=CARTESIAN_POINT('',(5.5,31.427820831206,17.957456132867));
#2877=CARTESIAN_POINT('',(5.5,29.7070915221529,18.5));
#2878=CARTESIAN_POINT('Origin',(-8.,-11.35,15.5));
#2879=CARTESIAN_POINT('',(-8.,-11.35,18.5));
#2880=CARTESIAN_POINT('',(-11.,-11.35,15.5));
#2881=CARTESIAN_POINT('Origin',(-8.,-11.35,15.5));
#2882=CARTESIAN_POINT('',(-8.,-11.35,18.5));
#2883=CARTESIAN_POINT('',(-11.,-11.35,15.5));
#2884=CARTESIAN_POINT('Ctrl Pts',(-13.,45.7093008986272,7.95745613286699));
#2885=CARTESIAN_POINT('Ctrl Pts',(-11.8780026237179,45.7093008986272,7.95745613286699));
#2886=CARTESIAN_POINT('Ctrl Pts',(-10.0146849532981,44.7734695901283,8.61273226957058));
#2887=CARTESIAN_POINT('Ctrl Pts',(-8.34203176439915,41.7697395205614,10.7159667070285));
#2888=CARTESIAN_POINT('Ctrl Pts',(-8.,39.6368130759214,12.2094578820123));
#2889=CARTESIAN_POINT('Ctrl Pts',(-8.,38.5685608649166,12.957456132867));
#2890=CARTESIAN_POINT('Ctrl Pts',(-13.,45.4233628936815,8.15767207939062));
#2891=CARTESIAN_POINT('Ctrl Pts',(-12.0145797457719,45.4233628936815,8.15767207939062));
#2892=CARTESIAN_POINT('Ctrl Pts',(-10.3778107310115,44.5102364796494,8.79318866160266));
#2893=CARTESIAN_POINT('Ctrl Pts',(-9.01005147012878,41.6082090344588,10.8270584664322));
#2894=CARTESIAN_POINT('Ctrl Pts',(-8.82616913809531,39.5719555183157,12.2516515843343));
#2895=CARTESIAN_POINT('Ctrl Pts',(-8.89759790102566,38.5685608649166,12.957456132867));
#2896=CARTESIAN_POINT('Ctrl Pts',(-13.,44.8612802679969,8.41968961867741));
#2897=CARTESIAN_POINT('Ctrl Pts',(-12.2534922611296,44.8612802679969,8.41968961867741));
#2898=CARTESIAN_POINT('Ctrl Pts',(-11.0174275817049,43.956795773681,8.97600706624587));
#2899=CARTESIAN_POINT('Ctrl Pts',(-10.179103484746,41.0916726919838,10.6841763754006));
#2900=CARTESIAN_POINT('Ctrl Pts',(-10.2661966394034,39.1043626049378,11.8156480515685));
#2901=CARTESIAN_POINT('Ctrl Pts',(-10.451873368395,38.1366925296778,12.3406842307207));
#2902=CARTESIAN_POINT('Ctrl Pts',(-13.,44.2503709773732,8.50000000000002));
#2903=CARTESIAN_POINT('Ctrl Pts',(-12.4673115690778,44.2503709773732,8.50000000000002));
#2904=CARTESIAN_POINT('Ctrl Pts',(-11.5842689225137,43.3242977407638,8.8652915713753));
#2905=CARTESIAN_POINT('Ctrl Pts',(-10.9305434894069,40.3618600112204,9.97730476583065));
#2906=CARTESIAN_POINT('Ctrl Pts',(-10.9168626453201,38.2725282966392,10.7101689498043));
#2907=CARTESIAN_POINT('Ctrl Pts',(-11.,37.2339623098733,11.051451866681));
#2908=CARTESIAN_POINT('Ctrl Pts',(-13.,43.9885715895741,8.50000000000002));
#2909=CARTESIAN_POINT('Ctrl Pts',(-12.5512010494872,43.9885715895741,8.50000000000002));
#2910=CARTESIAN_POINT('Ctrl Pts',(-11.8058739813193,43.0527402810751,8.76211045468145));
#2911=CARTESIAN_POINT('Ctrl Pts',(-11.1368127057597,40.0490102115083,9.6034042296646));
#2912=CARTESIAN_POINT('Ctrl Pts',(-11.,37.9160837668682,10.2008006996581));
#2913=CARTESIAN_POINT('Ctrl Pts',(-11.,36.8478315558635,10.5));
#2914=CARTESIAN_POINT('',(-13.,43.9885715895741,8.50000000000001));
#2915=CARTESIAN_POINT('',(-10.7348102014254,44.934467956211,8.50000000000001));
#2916=CARTESIAN_POINT('Ctrl Pts',(-10.7348102014254,44.934467956211,8.50000000000001));
#2917=CARTESIAN_POINT('Ctrl Pts',(-10.9484974089193,44.934467956211,8.50000000000001));
#2918=CARTESIAN_POINT('Ctrl Pts',(-11.1622965624665,44.9169631406618,8.50000000007046));
#2919=CARTESIAN_POINT('Ctrl Pts',(-11.5899443902811,44.8415057480007,8.50000000007046));
#2920=CARTESIAN_POINT('Ctrl Pts',(-11.8037560531658,44.7821669072646,8.50000000000002));
#2921=CARTESIAN_POINT('Ctrl Pts',(-12.1856303722923,44.6280300278878,8.50000000000002));
#2922=CARTESIAN_POINT('Ctrl Pts',(-12.3559878218732,44.5389380239309,8.50000000000001));
#2923=CARTESIAN_POINT('Ctrl Pts',(-12.6934795641046,44.3092335394662,8.50000000000001));
#2924=CARTESIAN_POINT('Ctrl Pts',(-12.8548068284197,44.1648245221381,8.50000000000002));
#2925=CARTESIAN_POINT('Ctrl Pts',(-12.9958435568328,43.9936506379854,8.50000000000002));
#2926=CARTESIAN_POINT('Ctrl Pts',(-12.9979245919524,43.9911134349363,8.50000000000002));
#2927=CARTESIAN_POINT('Ctrl Pts',(-13.,43.9885715895741,8.50000000000002));
#2928=CARTESIAN_POINT('Origin',(-13.,36.8478315558635,10.5));
#2929=CARTESIAN_POINT('Origin',(-13.,38.5685608649166,12.957456132867));
#2930=CARTESIAN_POINT('Origin',(0.,44.934467956211,8.50000000000001));
#2931=CARTESIAN_POINT('',(0.,44.934467956211,8.50000000000001));
#2932=CARTESIAN_POINT('Origin',(-13.,-11.35,10.5));
#2933=CARTESIAN_POINT('',(-13.,-11.35,8.5));
#2934=CARTESIAN_POINT('',(-13.,-11.35,8.5));
#2935=CARTESIAN_POINT('',(-11.,-11.35,10.5));
#2936=CARTESIAN_POINT('Origin',(-13.,-11.35,10.5));
#2937=CARTESIAN_POINT('',(-11.,-11.35,10.5));
#2938=CARTESIAN_POINT('Origin',(11.,-11.35,8.5));
#2939=CARTESIAN_POINT('',(11.,-11.35,10.5));
#2940=CARTESIAN_POINT('',(11.,-11.35,8.5));
#2941=CARTESIAN_POINT('',(11.,-11.35,10.5));
#2942=CARTESIAN_POINT('Origin',(13.,-11.35,10.5));
#2943=CARTESIAN_POINT('',(13.,-11.35,8.5));
#2944=CARTESIAN_POINT('Origin',(13.,-11.35,10.5));
#2945=CARTESIAN_POINT('',(13.,-11.35,8.5));
#2946=CARTESIAN_POINT('Origin',(7.5,-11.35,9.5));
#2947=CARTESIAN_POINT('',(8.5,-11.35,9.5));
#2948=CARTESIAN_POINT('Origin',(7.5,-11.35,9.5));
#2949=CARTESIAN_POINT('',(8.5,-11.35,9.5));
#2950=CARTESIAN_POINT('Origin',(8.5,-11.35,16.));
#2951=CARTESIAN_POINT('',(8.5,-11.35,15.));
#2952=CARTESIAN_POINT('',(8.5,-11.35,8.5));
#2953=CARTESIAN_POINT('',(8.5,-11.35,15.));
#2954=CARTESIAN_POINT('Origin',(-7.5,-11.35,9.5));
#2955=CARTESIAN_POINT('Origin',(-7.5,-11.35,9.5));
#2956=CARTESIAN_POINT('Origin',(7.5,-11.35,15.));
#2957=CARTESIAN_POINT('',(7.5,-11.35,16.));
#2958=CARTESIAN_POINT('Origin',(7.5,-11.35,15.));
#2959=CARTESIAN_POINT('',(7.5,-11.35,16.));
#2960=CARTESIAN_POINT('Origin',(-8.5,-11.35,16.));
#2961=CARTESIAN_POINT('',(8.5,-11.35,16.));
#2962=CARTESIAN_POINT('Origin',(0.,66.,-4.50000000000002));
#2963=CARTESIAN_POINT('',(16.,51.7875,-4.50000000000002));
#2964=CARTESIAN_POINT('Origin',(14.5,7.3625,7.));
#2965=CARTESIAN_POINT('',(16.,-11.35,7.));
#2966=CARTESIAN_POINT('',(14.5,-11.35,8.5));
#2967=CARTESIAN_POINT('Origin',(14.5,-11.35,7.));
#2968=CARTESIAN_POINT('',(16.,21.9999999999998,7.00000000000001));
#2969=CARTESIAN_POINT('',(16.,7.3625,7.));
#2970=CARTESIAN_POINT('',(14.5,62.5000000000004,8.50000000000002));
#2971=CARTESIAN_POINT('Origin',(14.5,21.9999999999998,7.00000000000001));
#2972=CARTESIAN_POINT('',(14.5,7.3625,8.50000000000001));
#2973=CARTESIAN_POINT('Origin',(16.,26.075,-1.));
#2974=CARTESIAN_POINT('',(16.,-11.35,-9.));
#2975=CARTESIAN_POINT('',(16.,-11.35,-6.5));
#2976=CARTESIAN_POINT('',(16.,105.5,-9.00000000000002));
#2977=CARTESIAN_POINT('',(16.,44.7875,-9.00000000000001));
#2978=CARTESIAN_POINT('',(16.,105.5,-0.400000000000013));
#2979=CARTESIAN_POINT('',(16.,105.5,-10.5));
#2980=CARTESIAN_POINT('',(16.,95.5868711174133,-0.400000000000013));
#2981=CARTESIAN_POINT('',(16.,79.5,-0.400000000000013));
#2982=CARTESIAN_POINT('',(16.,83.4131288825867,-0.400000000000014));
#2983=CARTESIAN_POINT('Origin',(16.,89.5,-1.24206200879939E-14));
#2984=CARTESIAN_POINT('',(16.,79.5,-0.400000000000013));
#2985=CARTESIAN_POINT('',(16.,79.5,-0.400000000000013));
#2986=CARTESIAN_POINT('',(16.,79.5,0.399999999999988));
#2987=CARTESIAN_POINT('',(16.,79.5,0.399999999999988));
#2988=CARTESIAN_POINT('',(16.,83.4131288825867,0.399999999999987));
#2989=CARTESIAN_POINT('',(16.,105.881431478036,0.399999999999988));
#2990=CARTESIAN_POINT('',(16.,95.5868711174133,0.399999999999988));
#2991=CARTESIAN_POINT('Origin',(16.,89.5,-1.24206200879939E-14));
#2992=CARTESIAN_POINT('',(16.,105.5,0.399999999999988));
#2993=CARTESIAN_POINT('',(16.,105.881431478036,0.399999999999988));
#2994=CARTESIAN_POINT('',(16.,105.5,9.50000000000002));
#2995=CARTESIAN_POINT('',(16.,105.5,-10.5));
#2996=CARTESIAN_POINT('',(16.,89.5,9.49999999999999));
#2997=CARTESIAN_POINT('',(16.,89.5,9.49999999999999));
#2998=CARTESIAN_POINT('',(16.,62.5,8.5));
#2999=CARTESIAN_POINT('',(16.,-1.75,2.14313189850787E-16));
#3000=CARTESIAN_POINT('Origin',(16.,0.,0.));
#3001=CARTESIAN_POINT('Origin',(14.5,44.7875,-9.00000000000001));
#3002=CARTESIAN_POINT('',(14.5,105.5,-10.5));
#3003=CARTESIAN_POINT('Origin',(14.5,105.5,-9.00000000000002));
#3004=CARTESIAN_POINT('',(14.5,-11.35,-10.5));
#3005=CARTESIAN_POINT('Origin',(14.5,-11.35,-9.));
#3006=CARTESIAN_POINT('',(14.5,44.7875,-10.5));
#3007=CARTESIAN_POINT('Origin',(0.,63.5,-10.5));
#3008=CARTESIAN_POINT('',(-14.5,-11.35,-10.5));
#3009=CARTESIAN_POINT('',(0.,-11.35,-10.5));
#3010=CARTESIAN_POINT('',(-14.5,105.5,-10.5));
#3011=CARTESIAN_POINT('',(-14.5,44.7875,-10.5));
#3012=CARTESIAN_POINT('',(16.,105.5,-10.5));
#3013=CARTESIAN_POINT('',(-5.15,100.543435558707,-10.5));
#3014=CARTESIAN_POINT('Origin',(-8.5,100.543435558707,-10.5));
#3015=CARTESIAN_POINT('',(11.85,100.543435558707,-10.5));
#3016=CARTESIAN_POINT('Origin',(8.5,100.543435558707,-10.5));
#3017=CARTESIAN_POINT('Origin',(16.,105.5,-10.5));
#3018=CARTESIAN_POINT('',(-16.,105.5,-9.00000000000002));
#3019=CARTESIAN_POINT('Origin',(-14.5,105.5,-9.00000000000002));
#3020=CARTESIAN_POINT('',(-16.,105.5,-0.400000000000013));
#3021=CARTESIAN_POINT('',(-16.,105.5,-10.5));
#3022=CARTESIAN_POINT('',(16.,105.5,-0.400000000000013));
#3023=CARTESIAN_POINT('Origin',(-14.5,7.3625,7.));
#3024=CARTESIAN_POINT('',(-14.5,-11.35,8.5));
#3025=CARTESIAN_POINT('',(-16.,-11.35,7.));
#3026=CARTESIAN_POINT('Origin',(-14.5,-11.35,7.));
#3027=CARTESIAN_POINT('',(-14.5,62.5000000000004,8.50000000000002));
#3028=CARTESIAN_POINT('',(-14.5,7.3625,8.50000000000001));
#3029=CARTESIAN_POINT('',(-16.,21.9999999999998,7.00000000000001));
#3030=CARTESIAN_POINT('Origin',(-14.5,21.9999999999998,7.00000000000001));
#3031=CARTESIAN_POINT('',(-16.,7.3625,7.));
#3032=CARTESIAN_POINT('Origin',(-14.5,44.7875,-9.00000000000001));
#3033=CARTESIAN_POINT('',(-16.,-11.35,-9.));
#3034=CARTESIAN_POINT('Origin',(-14.5,-11.35,-9.));
#3035=CARTESIAN_POINT('',(-16.,44.7875,-9.00000000000001));
#3036=CARTESIAN_POINT('Origin',(-16.,26.075,-1.));
#3037=CARTESIAN_POINT('',(-16.,89.5,9.49999999999999));
#3038=CARTESIAN_POINT('',(-16.,62.5,8.5));
#3039=CARTESIAN_POINT('',(-16.,105.5,9.50000000000002));
#3040=CARTESIAN_POINT('',(-16.,89.5,9.49999999999999));
#3041=CARTESIAN_POINT('',(-16.,105.5,0.399999999999988));
#3042=CARTESIAN_POINT('',(-16.,105.5,-10.5));
#3043=CARTESIAN_POINT('',(-16.,95.5868711174133,0.399999999999988));
#3044=CARTESIAN_POINT('',(-16.,105.881431478036,0.399999999999988));
#3045=CARTESIAN_POINT('',(-16.,83.4131288825867,0.399999999999987));
#3046=CARTESIAN_POINT('Origin',(-16.,89.5,-1.24206200879939E-14));
#3047=CARTESIAN_POINT('',(-16.,79.5,0.399999999999988));
#3048=CARTESIAN_POINT('',(-16.,105.881431478036,0.399999999999988));
#3049=CARTESIAN_POINT('',(-16.,79.5,-0.400000000000013));
#3050=CARTESIAN_POINT('',(-16.,79.5,0.399999999999988));
#3051=CARTESIAN_POINT('',(-16.,83.4131288825867,-0.400000000000014));
#3052=CARTESIAN_POINT('',(-16.,79.5,-0.400000000000013));
#3053=CARTESIAN_POINT('',(-16.,95.5868711174133,-0.400000000000013));
#3054=CARTESIAN_POINT('Origin',(-16.,89.5,-1.24206200879939E-14));
#3055=CARTESIAN_POINT('',(-16.,79.5,-0.400000000000013));
#3056=CARTESIAN_POINT('',(-16.,-11.35,-6.5));
#3057=CARTESIAN_POINT('',(-16.,-11.35,-6.5));
#3058=CARTESIAN_POINT('',(-16.,22.65,-6.5));
#3059=CARTESIAN_POINT('',(-16.,22.65,-6.5));
#3060=CARTESIAN_POINT('',(-16.,22.65,6.5));
#3061=CARTESIAN_POINT('',(-16.,22.65,6.5));
#3062=CARTESIAN_POINT('',(-16.,-11.35,6.5));
#3063=CARTESIAN_POINT('',(-16.,-11.35,6.5));
#3064=CARTESIAN_POINT('',(-16.,-11.35,8.5));
#3065=CARTESIAN_POINT('Origin',(-11.,-11.35,18.5));
#3066=CARTESIAN_POINT('',(-11.,-11.35,18.5));
#3067=CARTESIAN_POINT('Origin',(5.26683849253811,100.543435558707,5.39999999999999));
#3068=CARTESIAN_POINT('',(6.88341924626905,103.343435558707,9.50000000000002));
#3069=CARTESIAN_POINT('',(5.26683849253811,100.543435558707,9.50000000000001));
#3070=CARTESIAN_POINT('',(7.68161136138451,104.725944856287,9.50000000000002));
#3071=CARTESIAN_POINT('',(5.26683849253811,100.543435558707,5.39999999999999));
#3072=CARTESIAN_POINT('',(5.26683849253811,100.543435558707,5.39999999999999));
#3073=CARTESIAN_POINT('',(6.88341924626905,103.343435558707,5.39999999999999));
#3074=CARTESIAN_POINT('',(6.88341924626905,103.343435558707,5.39999999999999));
#3075=CARTESIAN_POINT('',(6.88341924626905,103.343435558707,5.39999999999999));
#3076=CARTESIAN_POINT('Origin',(6.88341924626905,97.7434355587067,5.39999999999999));
#3077=CARTESIAN_POINT('',(6.88341924626905,97.7434355587067,9.50000000000001));
#3078=CARTESIAN_POINT('',(6.34364637742264,98.6783495920959,9.50000000000001));
#3079=CARTESIAN_POINT('',(6.88341924626905,97.7434355587067,5.39999999999999));
#3080=CARTESIAN_POINT('',(6.88341924626905,97.7434355587067,5.39999999999999));
#3081=CARTESIAN_POINT('',(5.26683849253811,100.543435558707,5.39999999999999));
#3082=CARTESIAN_POINT('Origin',(10.1165807537309,97.7434355587067,5.39999999999999));
#3083=CARTESIAN_POINT('',(10.1165807537309,97.7434355587067,9.50000000000001));
#3084=CARTESIAN_POINT('',(13.0582903768655,97.7434355587067,9.50000000000001));
#3085=CARTESIAN_POINT('',(10.1165807537309,97.7434355587067,5.39999999999999));
#3086=CARTESIAN_POINT('',(10.1165807537309,97.7434355587067,5.39999999999999));
#3087=CARTESIAN_POINT('',(6.88341924626905,97.7434355587067,5.39999999999999));
#3088=CARTESIAN_POINT('Origin',(11.7331615074619,100.543435558707,5.39999999999999));
#3089=CARTESIAN_POINT('',(11.7331615074619,100.543435558707,9.50000000000001));
#3090=CARTESIAN_POINT('',(13.3396439994428,103.325944856287,9.50000000000002));
#3091=CARTESIAN_POINT('',(11.7331615074619,100.543435558707,5.39999999999999));
#3092=CARTESIAN_POINT('',(11.7331615074619,100.543435558707,5.39999999999999));
#3093=CARTESIAN_POINT('',(10.1165807537309,97.7434355587067,5.39999999999999));
#3094=CARTESIAN_POINT('Origin',(10.116580753731,103.343435558707,5.39999999999999));
#3095=CARTESIAN_POINT('',(10.116580753731,103.343435558707,9.50000000000002));
#3096=CARTESIAN_POINT('',(10.38509826175,102.878349592096,9.50000000000002));
#3097=CARTESIAN_POINT('',(10.116580753731,103.343435558707,5.39999999999999));
#3098=CARTESIAN_POINT('',(10.116580753731,103.343435558707,5.39999999999999));
#3099=CARTESIAN_POINT('',(11.7331615074619,100.543435558707,5.39999999999999));
#3100=CARTESIAN_POINT('Origin',(6.88341924626905,103.343435558707,5.39999999999999));
#3101=CARTESIAN_POINT('',(11.4417096231345,103.343435558707,9.50000000000002));
#3102=CARTESIAN_POINT('',(10.116580753731,103.343435558707,5.39999999999999));
#3103=CARTESIAN_POINT('Origin',(8.5,100.543435558707,5.39999999999999));
#3104=CARTESIAN_POINT('',(10.15,100.543435558707,5.39999999999999));
#3105=CARTESIAN_POINT('Origin',(8.5,100.543435558707,5.39999999999999));
#3106=CARTESIAN_POINT('Origin',(-6.88341924626905,97.7434355587067,5.39999999999999));
#3107=CARTESIAN_POINT('',(-10.1165807537309,97.7434355587067,9.50000000000001));
#3108=CARTESIAN_POINT('',(-6.88341924626905,97.7434355587067,9.50000000000001));
#3109=CARTESIAN_POINT('',(4.55829037686548,97.7434355587067,9.50000000000001));
#3110=CARTESIAN_POINT('',(-6.88341924626905,97.7434355587067,5.39999999999999));
#3111=CARTESIAN_POINT('',(-6.88341924626905,97.7434355587067,5.39999999999999));
#3112=CARTESIAN_POINT('',(-10.1165807537309,97.7434355587067,5.39999999999999));
#3113=CARTESIAN_POINT('',(-6.88341924626905,97.7434355587067,5.39999999999999));
#3114=CARTESIAN_POINT('',(-10.1165807537309,97.7434355587067,5.39999999999999));
#3115=CARTESIAN_POINT('Origin',(-5.26683849253811,100.543435558707,5.39999999999999));
#3116=CARTESIAN_POINT('',(-5.26683849253811,100.543435558707,9.50000000000001));
#3117=CARTESIAN_POINT('',(-1.53535600055719,107.006552822371,9.50000000000003));
#3118=CARTESIAN_POINT('',(-5.26683849253811,100.543435558707,5.39999999999999));
#3119=CARTESIAN_POINT('',(-5.26683849253811,100.543435558707,5.39999999999999));
#3120=CARTESIAN_POINT('',(-5.26683849253811,100.543435558707,5.39999999999999));
#3121=CARTESIAN_POINT('Origin',(-6.88341924626905,103.343435558707,5.39999999999999));
#3122=CARTESIAN_POINT('',(-6.88341924626905,103.343435558707,9.50000000000002));
#3123=CARTESIAN_POINT('',(-4.48990173824999,99.197741626012,9.50000000000001));
#3124=CARTESIAN_POINT('',(-6.88341924626905,103.343435558707,5.39999999999999));
#3125=CARTESIAN_POINT('',(-6.88341924626905,103.343435558707,5.39999999999999));
#3126=CARTESIAN_POINT('',(-6.88341924626905,103.343435558707,5.39999999999999));
#3127=CARTESIAN_POINT('Origin',(-10.116580753731,103.343435558707,5.39999999999999));
#3128=CARTESIAN_POINT('',(-10.116580753731,103.343435558707,9.50000000000002));
#3129=CARTESIAN_POINT('',(2.94170962313453,103.343435558707,9.50000000000002));
#3130=CARTESIAN_POINT('',(-10.116580753731,103.343435558707,5.39999999999999));
#3131=CARTESIAN_POINT('',(-10.116580753731,103.343435558707,5.39999999999999));
#3132=CARTESIAN_POINT('',(-10.116580753731,103.343435558707,5.39999999999999));
#3133=CARTESIAN_POINT('Origin',(-11.7331615074619,100.543435558707,5.39999999999999));
#3134=CARTESIAN_POINT('',(-11.7331615074619,100.543435558707,9.50000000000001));
#3135=CARTESIAN_POINT('',(-7.1933886386155,108.406552822371,9.50000000000003));
#3136=CARTESIAN_POINT('',(-11.7331615074619,100.543435558707,5.39999999999999));
#3137=CARTESIAN_POINT('',(-11.7331615074619,100.543435558707,5.39999999999999));
#3138=CARTESIAN_POINT('',(-11.7331615074619,100.543435558707,5.39999999999999));
#3139=CARTESIAN_POINT('Origin',(-10.1165807537309,97.7434355587067,5.39999999999999));
#3140=CARTESIAN_POINT('',(-8.53135362257736,94.997741626012,9.5));
#3141=CARTESIAN_POINT('',(-10.1165807537309,97.7434355587067,5.39999999999999));
#3142=CARTESIAN_POINT('Origin',(-8.5,100.543435558707,5.39999999999999));
#3143=CARTESIAN_POINT('',(-6.85,100.543435558707,5.39999999999999));
#3144=CARTESIAN_POINT('Origin',(-8.5,100.543435558707,5.39999999999999));
#3145=CARTESIAN_POINT('Origin',(8.5,100.543435558707,-6.60000000000001));
#3146=CARTESIAN_POINT('',(11.85,100.543435558707,-6.60000000000001));
#3147=CARTESIAN_POINT('Origin',(8.5,100.543435558707,-6.60000000000001));
#3148=CARTESIAN_POINT('',(11.85,100.543435558707,-6.60000000000001));
#3149=CARTESIAN_POINT('Origin',(8.5,100.543435558707,-6.60000000000001));
#3150=CARTESIAN_POINT('',(10.15,100.543435558707,-6.60000000000001));
#3151=CARTESIAN_POINT('Origin',(8.5,100.543435558707,-6.60000000000001));
#3152=CARTESIAN_POINT('Origin',(-8.5,100.543435558707,-6.60000000000001));
#3153=CARTESIAN_POINT('',(-5.15,100.543435558707,-6.60000000000001));
#3154=CARTESIAN_POINT('Origin',(-8.5,100.543435558707,-6.60000000000001));
#3155=CARTESIAN_POINT('',(-5.15,100.543435558707,-6.60000000000001));
#3156=CARTESIAN_POINT('Origin',(-8.5,100.543435558707,-6.60000000000001));
#3157=CARTESIAN_POINT('',(-6.85,100.543435558707,-6.60000000000001));
#3158=CARTESIAN_POINT('Origin',(-8.5,100.543435558707,-6.60000000000001));
#3159=CARTESIAN_POINT('Origin',(8.5,100.543435558707,0.399999999999988));
#3160=CARTESIAN_POINT('',(10.15,100.543435558707,-0.400000000000013));
#3161=CARTESIAN_POINT('Origin',(8.5,100.543435558707,-0.400000000000013));
#3162=CARTESIAN_POINT('',(10.15,100.543435558707,0.399999999999988));
#3163=CARTESIAN_POINT('Origin',(8.5,100.543435558707,0.399999999999988));
#3164=CARTESIAN_POINT('',(10.15,100.543435558707,0.399999999999988));
#3165=CARTESIAN_POINT('',(10.15,100.543435558707,0.399999999999988));
#3166=CARTESIAN_POINT('Origin',(8.5,100.543435558707,0.399999999999988));
#3167=CARTESIAN_POINT('Origin',(-8.5,100.543435558707,0.399999999999988));
#3168=CARTESIAN_POINT('',(-6.85,100.543435558707,-0.400000000000013));
#3169=CARTESIAN_POINT('Origin',(-8.5,100.543435558707,-0.400000000000013));
#3170=CARTESIAN_POINT('',(-6.85,100.543435558707,0.399999999999988));
#3171=CARTESIAN_POINT('Origin',(-8.5,100.543435558707,0.399999999999988));
#3172=CARTESIAN_POINT('',(-6.85,100.543435558707,0.399999999999988));
#3173=CARTESIAN_POINT('',(-6.85,100.543435558707,0.399999999999988));
#3174=CARTESIAN_POINT('Origin',(-8.5,100.543435558707,0.399999999999988));
#3175=CARTESIAN_POINT('Origin',(16.,89.5,9.49999999999999));
#3176=CARTESIAN_POINT('',(8.,62.5000000000004,8.50000000000002));
#3177=CARTESIAN_POINT('',(16.,89.5,9.49999999999999));
#3178=CARTESIAN_POINT('Origin',(16.,105.5,9.50000000000002));
#3179=CARTESIAN_POINT('',(16.,105.5,9.50000000000002));
#3180=CARTESIAN_POINT('Origin',(16.,105.5,0.399999999999987));
#3181=CARTESIAN_POINT('',(16.,105.5,0.399999999999988));
#3182=CARTESIAN_POINT('Origin',(16.,95.5868711174133,0.399999999999988));
#3183=CARTESIAN_POINT('',(16.,95.5868711174133,0.399999999999988));
#3184=CARTESIAN_POINT('Origin',(16.,89.5,-1.24206200879939E-14));
#3185=CARTESIAN_POINT('',(16.,83.4131288825867,0.399999999999987));
#3186=CARTESIAN_POINT('Origin',(16.,79.5,0.399999999999988));
#3187=CARTESIAN_POINT('',(16.,79.5,0.399999999999988));
#3188=CARTESIAN_POINT('Origin',(16.,79.5,-0.400000000000013));
#3189=CARTESIAN_POINT('',(16.,79.5,-0.400000000000013));
#3190=CARTESIAN_POINT('Origin',(16.,83.4131288825867,-0.400000000000013));
#3191=CARTESIAN_POINT('',(16.,83.4131288825867,-0.400000000000014));
#3192=CARTESIAN_POINT('Origin',(16.,89.5,-1.24206200879939E-14));
#3193=CARTESIAN_POINT('',(16.,95.5868711174133,-0.400000000000013));
#3194=CARTESIAN_POINT('Origin',(16.,105.5,-0.400000000000013));
#3195=CARTESIAN_POINT('Origin',(0.,-11.35,8.5));
#3196=CARTESIAN_POINT('',(0.,-11.35,8.5));
#3197=CARTESIAN_POINT('',(0.,-11.35,8.5));
#3198=CARTESIAN_POINT('Origin',(11.,-11.35,18.5));
#3199=CARTESIAN_POINT('',(11.,-11.35,18.5));
#3200=CARTESIAN_POINT('Origin',(15.8,0.,0.));
#3201=CARTESIAN_POINT('',(15.6,-1.35,-1.65327317884893E-16));
#3202=CARTESIAN_POINT('',(15.8,-1.55,1.8982025386784E-16));
#3203=CARTESIAN_POINT('Origin',(15.6,0.,0.));
#3204=CARTESIAN_POINT('Origin',(21.,0.,0.));
#3205=CARTESIAN_POINT('',(13.4,-1.35,1.65327317884893E-16));
#3206=CARTESIAN_POINT('',(21.,-1.35,-1.65327317884893E-16));
#3207=CARTESIAN_POINT('Origin',(13.4,0.,0.));
#3208=CARTESIAN_POINT('Origin',(13.2,0.,0.));
#3209=CARTESIAN_POINT('',(13.,-1.75,-2.14313189850787E-16));
#3210=CARTESIAN_POINT('Origin',(13.,0.,0.));
#3211=CARTESIAN_POINT('',(13.2,-1.55,-1.8982025386784E-16));
#3212=CARTESIAN_POINT('Origin',(13.,5.65,0.));
#3213=CARTESIAN_POINT('',(13.,22.65,6.5));
#3214=CARTESIAN_POINT('',(13.,22.65,-6.5));
#3215=CARTESIAN_POINT('',(13.,22.65,-3.25));
#3216=CARTESIAN_POINT('',(13.,-11.35,-6.5));
#3217=CARTESIAN_POINT('',(13.,-2.85,-6.5));
#3218=CARTESIAN_POINT('',(13.,-11.35,6.5));
#3219=CARTESIAN_POINT('',(13.,-11.35,-6.5));
#3220=CARTESIAN_POINT('',(13.,14.15,6.5));
#3221=CARTESIAN_POINT('Origin',(0.,22.65,6.5));
#3222=CARTESIAN_POINT('',(4.,-11.35,6.5));
#3223=CARTESIAN_POINT('',(0.,-11.35,6.5));
#3224=CARTESIAN_POINT('',(4.,-6.35,6.5));
#3225=CARTESIAN_POINT('',(4.,6.9,6.5));
#3226=CARTESIAN_POINT('',(-8.,-6.35,6.5));
#3227=CARTESIAN_POINT('',(0.,-6.35,6.5));
#3228=CARTESIAN_POINT('',(-8.,-11.35,6.5));
#3229=CARTESIAN_POINT('',(-8.,6.9,6.5));
#3230=CARTESIAN_POINT('',(0.,-11.35,6.5));
#3231=CARTESIAN_POINT('',(-8.,22.65,6.5));
#3232=CARTESIAN_POINT('',(0.,22.65,6.5));
#3233=CARTESIAN_POINT('',(-8.,17.65,6.5));
#3234=CARTESIAN_POINT('',(-8.,21.4,6.5));
#3235=CARTESIAN_POINT('',(4.,17.65,6.5));
#3236=CARTESIAN_POINT('',(0.,17.65,6.5));
#3237=CARTESIAN_POINT('',(4.,22.65,6.5));
#3238=CARTESIAN_POINT('',(4.,21.4,6.5));
#3239=CARTESIAN_POINT('',(0.,22.65,6.5));
#3240=CARTESIAN_POINT('Origin',(-7.7,19.55,0.));
#3241=CARTESIAN_POINT('',(-8.,17.8,-2.14313189850787E-16));
#3242=CARTESIAN_POINT('Origin',(-8.,19.55,0.));
#3243=CARTESIAN_POINT('',(-7.4,18.4,1.40834381901945E-16));
#3244=CARTESIAN_POINT('',(-7.7,18.1,-1.77573785876366E-16));
#3245=CARTESIAN_POINT('Origin',(-7.4,19.55,0.));
#3246=CARTESIAN_POINT('Origin',(0.,19.55,0.));
#3247=CARTESIAN_POINT('',(0.,18.4,1.40834381901945E-16));
#3248=CARTESIAN_POINT('Origin',(0.,19.55,0.));
#3249=CARTESIAN_POINT('',(0.,18.4,-1.40834381901945E-16));
#3250=CARTESIAN_POINT('Origin',(-8.,20.15,0.));
#3251=CARTESIAN_POINT('',(-8.,22.65,-6.5));
#3252=CARTESIAN_POINT('',(-8.,22.65,-3.25));
#3253=CARTESIAN_POINT('',(-8.,17.65,-6.5));
#3254=CARTESIAN_POINT('',(-8.,4.4,-6.5));
#3255=CARTESIAN_POINT('',(-8.,17.65,6.5));
#3256=CARTESIAN_POINT('Origin',(-7.7,-8.85,0.));
#3257=CARTESIAN_POINT('',(-8.,-10.6,-2.14313189850787E-16));
#3258=CARTESIAN_POINT('Origin',(-8.,-8.85,0.));
#3259=CARTESIAN_POINT('',(-7.4,-10.,1.40834381901946E-16));
#3260=CARTESIAN_POINT('',(-7.7,-10.3,-1.77573785876366E-16));
#3261=CARTESIAN_POINT('Origin',(-7.4,-8.85,0.));
#3262=CARTESIAN_POINT('Origin',(0.,-8.85,0.));
#3263=CARTESIAN_POINT('',(0.,-10.,1.40834381901946E-16));
#3264=CARTESIAN_POINT('Origin',(0.,-8.85,0.));
#3265=CARTESIAN_POINT('',(0.,-10.,-1.40834381901946E-16));
#3266=CARTESIAN_POINT('Origin',(-8.,-8.85,0.));
#3267=CARTESIAN_POINT('',(-8.,-6.35,-6.5));
#3268=CARTESIAN_POINT('',(-8.,-11.35,-6.5));
#3269=CARTESIAN_POINT('',(-8.,-10.1,-6.5));
#3270=CARTESIAN_POINT('',(-8.,-11.35,-6.5));
#3271=CARTESIAN_POINT('',(-8.,-6.35,-6.5));
#3272=CARTESIAN_POINT('Origin',(0.,-8.85,0.));
#3273=CARTESIAN_POINT('Origin',(0.,19.55,0.));
#3274=CARTESIAN_POINT('Origin',(0.,-6.35,6.5));
#3275=CARTESIAN_POINT('',(4.,-6.35,-6.5));
#3276=CARTESIAN_POINT('',(0.,-6.35,-6.5));
#3277=CARTESIAN_POINT('',(4.,-6.35,-6.5));
#3278=CARTESIAN_POINT('Origin',(4.,-8.85,0.));
#3279=CARTESIAN_POINT('',(4.,-11.35,-6.5));
#3280=CARTESIAN_POINT('',(4.,-10.1,-6.5));
#3281=CARTESIAN_POINT('',(4.,-11.35,-6.5));
#3282=CARTESIAN_POINT('Origin',(0.,-11.35,-6.5));
#3283=CARTESIAN_POINT('',(4.,22.65,-6.5));
#3284=CARTESIAN_POINT('',(0.,22.65,-6.5));
#3285=CARTESIAN_POINT('',(4.,17.65,-6.5));
#3286=CARTESIAN_POINT('',(4.,4.4,-6.5));
#3287=CARTESIAN_POINT('',(0.,17.65,-6.5));
#3288=CARTESIAN_POINT('',(0.,22.65,-6.5));
#3289=CARTESIAN_POINT('',(0.,-11.35,-6.5));
#3290=CARTESIAN_POINT('',(0.,-11.35,-6.5));
#3291=CARTESIAN_POINT('Origin',(0.,17.65,-6.5));
#3292=CARTESIAN_POINT('',(4.,17.65,6.5));
#3293=CARTESIAN_POINT('Origin',(4.,20.15,0.));
#3294=CARTESIAN_POINT('',(4.,22.65,-3.25));
#3295=CARTESIAN_POINT('Origin',(0.,22.65,-6.5));
#3296=CARTESIAN_POINT('Origin',(0.,22.65,-6.5));
#3297=CARTESIAN_POINT('Origin',(0.,-11.35,6.5));
#3298=UNCERTAINTY_MEASURE_WITH_UNIT(LENGTH_MEASURE(0.01),#3302,
'DISTANCE_ACCURACY_VALUE',
'Maximum model space distance between geometric entities at asserted c
onnectivities');
#3299=UNCERTAINTY_MEASURE_WITH_UNIT(LENGTH_MEASURE(0.01),#3302,
'DISTANCE_ACCURACY_VALUE',
'Maximum model space distance between geometric entities at asserted c
onnectivities');
#3300=(
GEOMETRIC_REPRESENTATION_CONTEXT(3)
GLOBAL_UNCERTAINTY_ASSIGNED_CONTEXT((#3298))
GLOBAL_UNIT_ASSIGNED_CONTEXT((#3302,#3304,#3305))
REPRESENTATION_CONTEXT('','3D')
);
#3301=(
GEOMETRIC_REPRESENTATION_CONTEXT(3)
GLOBAL_UNCERTAINTY_ASSIGNED_CONTEXT((#3299))
GLOBAL_UNIT_ASSIGNED_CONTEXT((#3302,#3304,#3305))
REPRESENTATION_CONTEXT('','3D')
);
#3302=(
LENGTH_UNIT()
NAMED_UNIT(*)
SI_UNIT(.MILLI.,.METRE.)
);
#3303=(
LENGTH_UNIT()
NAMED_UNIT(*)
SI_UNIT($,.METRE.)
);
#3304=(
NAMED_UNIT(*)
PLANE_ANGLE_UNIT()
SI_UNIT($,.RADIAN.)
);
#3305=(
NAMED_UNIT(*)
SI_UNIT($,.STERADIAN.)
SOLID_ANGLE_UNIT()
);
#3306=SHAPE_DEFINITION_REPRESENTATION(#3307,#3308);
#3307=PRODUCT_DEFINITION_SHAPE('',$,#3310);
#3308=SHAPE_REPRESENTATION('',(#1904),#3300);
#3309=PRODUCT_DEFINITION_CONTEXT('part definition',#3314,'design');
#3310=PRODUCT_DEFINITION('FusionComponent','FusionComponent',#3311,#3309);
#3311=PRODUCT_DEFINITION_FORMATION('',$,#3316);
#3312=PRODUCT_RELATED_PRODUCT_CATEGORY('FusionComponent',
'FusionComponent',(#3316));
#3313=APPLICATION_PROTOCOL_DEFINITION('international standard',
'automotive_design',2009,#3314);
#3314=APPLICATION_CONTEXT(
'Core Data for Automotive Mechanical Design Process');
#3315=PRODUCT_CONTEXT('part definition',#3314,'mechanical');
#3316=PRODUCT('FusionComponent','FusionComponent',$,(#3315));
#3317=PRESENTATION_STYLE_ASSIGNMENT((#3319));
#3318=PRESENTATION_STYLE_ASSIGNMENT((#3320));
#3319=SURFACE_STYLE_USAGE(.BOTH.,#3321);
#3320=SURFACE_STYLE_USAGE(.BOTH.,#3322);
#3321=SURFACE_SIDE_STYLE('',(#3323));
#3322=SURFACE_SIDE_STYLE('',(#3324));
#3323=SURFACE_STYLE_FILL_AREA(#3325);
#3324=SURFACE_STYLE_FILL_AREA(#3326);
#3325=FILL_AREA_STYLE('Steel - Satin',(#3327));
#3326=FILL_AREA_STYLE('ABS (White)',(#3328));
#3327=FILL_AREA_STYLE_COLOUR('Steel - Satin',#3329);
#3328=FILL_AREA_STYLE_COLOUR('ABS (White)',#3330);
#3329=COLOUR_RGB('Steel - Satin',0.627450980392157,0.627450980392157,0.627450980392157);
#3330=COLOUR_RGB('ABS (White)',0.964705882352941,0.964705882352941,0.952941176470588);
ENDSEC;
END-ISO-10303-21;
