ISO-10303-21;
HEADER;
/* Generated by software containing ST-Developer
 * from STEP Tools, Inc. (www.steptools.com) 
 */

FILE_DESCRIPTION(
/* description */ (''),
/* implementation_level */ '2;1');

FILE_NAME(
/* name */ 'C1.step',
/* time_stamp */ '2026-08-30T19:24:31-07:00',
/* author */ (''),
/* organization */ (''),
/* preprocessor_version */ 'ST-DEVELOPER v20.1',
/* originating_system */ 'Autodesk Translation Framework v15.8.0.0',
/* authorisation */ '');

FILE_SCHEMA (('AUTOMOTIVE_DESIGN { 1 0 10303 214 3 1 1 }'));
ENDSEC;

DATA;
#10=MECHANICAL_DESIGN_GEOMETRIC_PRESENTATION_REPRESENTATION('',(#13),#2534);
#11=SHAPE_REPRESENTATION_RELATIONSHIP('SRR','None',#2541,#12);
#12=ADVANCED_BREP_SHAPE_REPRESENTATION('',(#14),#2533);
#13=STYLED_ITEM('',(#2551),#14);
#14=MANIFOLD_SOLID_BREP('C1',#1153);
#15=FACE_BOUND('',#146,.T.);
#16=FACE_BOUND('',#148,.T.);
#17=B_SPLINE_SURFACE_WITH_KNOTS('',3,3,((#1914,#1915,#1916,#1917),(#1918,
#1919,#1920,#1921),(#1922,#1923,#1924,#1925),(#1926,#1927,#1928,#1929)),
 .UNSPECIFIED.,.F.,.F.,.F.,(4,4),(4,4),(0.109884996196133,1.),(0.181330368861004,
0.370306368156222),.UNSPECIFIED.);
#18=B_SPLINE_SURFACE_WITH_KNOTS('',3,3,((#1958,#1959,#1960,#1961),(#1962,
#1963,#1964,#1965),(#1966,#1967,#1968,#1969),(#1970,#1971,#1972,#1973)),
 .UNSPECIFIED.,.F.,.F.,.F.,(4,4),(4,4),(0.109884996183377,1.),(0.181330368860996,
0.370306368156217),.UNSPECIFIED.);
#19=B_SPLINE_SURFACE_WITH_KNOTS('',3,1,((#1994,#1995),(#1996,#1997),(#1998,
#1999),(#2000,#2001),(#2002,#2003),(#2004,#2005),(#2006,#2007),(#2008,#2009),
(#2010,#2011),(#2012,#2013),(#2014,#2015),(#2016,#2017)),.UNSPECIFIED.,
 .F.,.F.,.F.,(4,2,2,2,2,4),(2,2),(-15.8238784647869,-11.8255865560315,-7.83627433721037,
-5.98128178669816,-4.11192512384652,0.),(0.,0.3),.UNSPECIFIED.);
#20=B_SPLINE_SURFACE_WITH_KNOTS('',3,3,((#2100,#2101,#2102,#2103),(#2104,
#2105,#2106,#2107),(#2108,#2109,#2110,#2111),(#2112,#2113,#2114,#2115)),
 .UNSPECIFIED.,.F.,.F.,.F.,(4,4),(4,4),(0.184840400858707,0.998556435914362),
(0.27334671015182,0.370049181017708),.UNSPECIFIED.);
#21=B_SPLINE_SURFACE_WITH_KNOTS('',3,3,((#2116,#2117,#2118,#2119),(#2120,
#2121,#2122,#2123),(#2124,#2125,#2126,#2127),(#2128,#2129,#2130,#2131)),
 .UNSPECIFIED.,.F.,.F.,.F.,(4,4),(4,4),(0.60055064990974,1.),(0.321906919622171,
0.370391756809931),.UNSPECIFIED.);
#22=B_SPLINE_SURFACE_WITH_KNOTS('',3,3,((#2136,#2137,#2138,#2139),(#2140,
#2141,#2142,#2143),(#2144,#2145,#2146,#2147),(#2148,#2149,#2150,#2151)),
 .UNSPECIFIED.,.F.,.F.,.F.,(4,4),(4,4),(0.108300792829558,0.597716094802157),
(0.321906919622171,0.370391756809894),.UNSPECIFIED.);
#23=B_SPLINE_SURFACE_WITH_KNOTS('',3,3,((#2156,#2157,#2158,#2159),(#2160,
#2161,#2162,#2163),(#2164,#2165,#2166,#2167),(#2168,#2169,#2170,#2171)),
 .UNSPECIFIED.,.F.,.F.,.F.,(4,4),(4,4),(0.109948081878399,0.181953272687429),
(0.313682739166019,0.330711991985574),.UNSPECIFIED.);
#24=B_SPLINE_SURFACE_WITH_KNOTS('',3,3,((#2176,#2177,#2178,#2179),(#2180,
#2181,#2182,#2183),(#2184,#2185,#2186,#2187),(#2188,#2189,#2190,#2191)),
 .UNSPECIFIED.,.F.,.F.,.F.,(4,4),(4,4),(0.110859906089953,0.579399656022763),
(0.223188776968593,0.321563812098925),.UNSPECIFIED.);
#25=B_SPLINE_SURFACE_WITH_KNOTS('',3,3,((#2196,#2197,#2198,#2199),(#2200,
#2201,#2202,#2203),(#2204,#2205,#2206,#2207),(#2208,#2209,#2210,#2211)),
 .UNSPECIFIED.,.F.,.F.,.F.,(4,4),(4,4),(0.117783203036057,0.998466066967005),
(0.181720551071127,0.273003068413813),.UNSPECIFIED.);
#26=B_SPLINE_SURFACE_WITH_KNOTS('',3,3,((#2221,#2222,#2223,#2224),(#2225,
#2226,#2227,#2228),(#2229,#2230,#2231,#2232),(#2233,#2234,#2235,#2236)),
 .UNSPECIFIED.,.F.,.F.,.F.,(4,4),(4,4),(0.604024864169218,1.),(0.159907039576637,
0.224366597335476),.UNSPECIFIED.);
#27=B_SPLINE_SURFACE_WITH_KNOTS('',3,3,((#2251,#2252,#2253,#2254),(#2255,
#2256,#2257,#2258),(#2259,#2260,#2261,#2262),(#2263,#2264,#2265,#2266)),
 .UNSPECIFIED.,.F.,.F.,.F.,(4,4),(4,4),(0.582363271613313,1.),(0.224710775791338,
0.321563812098925),.UNSPECIFIED.);
#28=B_SPLINE_SURFACE_WITH_KNOTS('',3,3,((#2271,#2272,#2273,#2274),(#2275,
#2276,#2277,#2278),(#2279,#2280,#2281,#2282),(#2283,#2284,#2285,#2286)),
 .UNSPECIFIED.,.F.,.F.,.F.,(4,4),(4,4),(0.600550649909738,1.),(0.321906919622171,
0.370391756809895),.UNSPECIFIED.);
#29=B_SPLINE_SURFACE_WITH_KNOTS('',3,3,((#2287,#2288,#2289,#2290),(#2291,
#2292,#2293,#2294),(#2295,#2296,#2297,#2298),(#2299,#2300,#2301,#2302)),
 .UNSPECIFIED.,.F.,.F.,.F.,(4,4),(4,4),(0.184840400858705,0.998556435914359),
(0.27334671015182,0.370049181017708),.UNSPECIFIED.);
#30=B_SPLINE_SURFACE_WITH_KNOTS('',3,3,((#2303,#2304,#2305,#2306),(#2307,
#2308,#2309,#2310),(#2311,#2312,#2313,#2314),(#2315,#2316,#2317,#2318)),
 .UNSPECIFIED.,.F.,.F.,.F.,(4,4),(4,4),(0.108300675910663,0.597716094802154),
(0.321906919622172,0.370391756809895),.UNSPECIFIED.);
#31=B_SPLINE_SURFACE_WITH_KNOTS('',3,3,((#2319,#2320,#2321,#2322),(#2323,
#2324,#2325,#2326),(#2327,#2328,#2329,#2330),(#2331,#2332,#2333,#2334)),
 .UNSPECIFIED.,.F.,.F.,.F.,(4,4),(4,4),(0.582363271613311,1.),(0.224710775791338,
0.321563812098925),.UNSPECIFIED.);
#32=B_SPLINE_SURFACE_WITH_KNOTS('',3,3,((#2335,#2336,#2337,#2338),(#2339,
#2340,#2341,#2342),(#2343,#2344,#2345,#2346),(#2347,#2348,#2349,#2350)),
 .UNSPECIFIED.,.F.,.F.,.F.,(4,4),(4,4),(0.604024864169221,1.),(0.159907039576637,
0.224366597335476),.UNSPECIFIED.);
#33=B_SPLINE_SURFACE_WITH_KNOTS('',3,3,((#2360,#2361,#2362,#2363),(#2364,
#2365,#2366,#2367),(#2368,#2369,#2370,#2371),(#2372,#2373,#2374,#2375)),
 .UNSPECIFIED.,.F.,.F.,.F.,(4,4),(4,4),(0.109948032831038,0.181953272687425),
(0.313682739292416,0.330711992164843),.UNSPECIFIED.);
#34=B_SPLINE_SURFACE_WITH_KNOTS('',3,3,((#2376,#2377,#2378,#2379),(#2380,
#2381,#2382,#2383),(#2384,#2385,#2386,#2387),(#2388,#2389,#2390,#2391)),
 .UNSPECIFIED.,.F.,.F.,.F.,(4,4),(4,4),(0.117783311264594,0.998466066967002),
(0.181720551079755,0.273003068413814),.UNSPECIFIED.);
#35=B_SPLINE_SURFACE_WITH_KNOTS('',3,3,((#2396,#2397,#2398,#2399),(#2400,
#2401,#2402,#2403),(#2404,#2405,#2406,#2407),(#2408,#2409,#2410,#2411)),
 .UNSPECIFIED.,.F.,.F.,.F.,(4,4),(4,4),(0.110859740577672,0.57939965602276),
(0.223188808182001,0.321563812098925),.UNSPECIFIED.);
#36=B_SPLINE_SURFACE_WITH_KNOTS('',3,3,((#2412,#2413,#2414,#2415),(#2416,
#2417,#2418,#2419),(#2420,#2421,#2422,#2423),(#2424,#2425,#2426,#2427)),
 .UNSPECIFIED.,.F.,.F.,.F.,(4,4),(4,4),(0.108300675910663,1.),(0.159907039576637,
0.370391756809895),.UNSPECIFIED.);
#37=B_SPLINE_SURFACE_WITH_KNOTS('',3,3,((#2442,#2443,#2444,#2445),(#2446,
#2447,#2448,#2449),(#2450,#2451,#2452,#2453),(#2454,#2455,#2456,#2457)),
 .UNSPECIFIED.,.F.,.F.,.F.,(4,4),(4,4),(0.108300792829558,1.),(0.159907039576637,
0.370391756809931),.UNSPECIFIED.);
#38=B_SPLINE_SURFACE_WITH_KNOTS('',3,1,((#2475,#2476),(#2477,#2478),(#2479,
#2480),(#2481,#2482),(#2483,#2484),(#2485,#2486),(#2487,#2488),(#2489,#2490),
(#2491,#2492),(#2493,#2494),(#2495,#2496),(#2497,#2498),(#2499,#2500),(#2501,
#2502),(#2503,#2504),(#2505,#2506),(#2507,#2508),(#2509,#2510),(#2511,#2512),
(#2513,#2514),(#2515,#2516),(#2517,#2518),(#2519,#2520),(#2521,#2522),(#2523,
#2524)),.UNSPECIFIED.,.F.,.F.,.F.,(4,3,3,3,3,3,3,3,4),(2,2),(-12.5557534702862,
-11.1166767222862,-9.96075821292983,-9.94521527208248,-9.81462883621717,
-9.6902305390348,-5.01635338074762,-1.98045762710186,0.),(0.,0.3),
 .UNSPECIFIED.);
#39=FACE_OUTER_BOUND('',#105,.T.);
#40=FACE_OUTER_BOUND('',#106,.T.);
#41=FACE_OUTER_BOUND('',#107,.T.);
#42=FACE_OUTER_BOUND('',#108,.T.);
#43=FACE_OUTER_BOUND('',#109,.T.);
#44=FACE_OUTER_BOUND('',#110,.T.);
#45=FACE_OUTER_BOUND('',#111,.T.);
#46=FACE_OUTER_BOUND('',#112,.T.);
#47=FACE_OUTER_BOUND('',#113,.T.);
#48=FACE_OUTER_BOUND('',#114,.T.);
#49=FACE_OUTER_BOUND('',#115,.T.);
#50=FACE_OUTER_BOUND('',#116,.T.);
#51=FACE_OUTER_BOUND('',#117,.T.);
#52=FACE_OUTER_BOUND('',#118,.T.);
#53=FACE_OUTER_BOUND('',#119,.T.);
#54=FACE_OUTER_BOUND('',#120,.T.);
#55=FACE_OUTER_BOUND('',#121,.T.);
#56=FACE_OUTER_BOUND('',#122,.T.);
#57=FACE_OUTER_BOUND('',#123,.T.);
#58=FACE_OUTER_BOUND('',#124,.T.);
#59=FACE_OUTER_BOUND('',#125,.T.);
#60=FACE_OUTER_BOUND('',#126,.T.);
#61=FACE_OUTER_BOUND('',#127,.T.);
#62=FACE_OUTER_BOUND('',#128,.T.);
#63=FACE_OUTER_BOUND('',#129,.T.);
#64=FACE_OUTER_BOUND('',#130,.T.);
#65=FACE_OUTER_BOUND('',#131,.T.);
#66=FACE_OUTER_BOUND('',#132,.T.);
#67=FACE_OUTER_BOUND('',#133,.T.);
#68=FACE_OUTER_BOUND('',#134,.T.);
#69=FACE_OUTER_BOUND('',#135,.T.);
#70=FACE_OUTER_BOUND('',#136,.T.);
#71=FACE_OUTER_BOUND('',#137,.T.);
#72=FACE_OUTER_BOUND('',#138,.T.);
#73=FACE_OUTER_BOUND('',#139,.T.);
#74=FACE_OUTER_BOUND('',#140,.T.);
#75=FACE_OUTER_BOUND('',#141,.T.);
#76=FACE_OUTER_BOUND('',#142,.T.);
#77=FACE_OUTER_BOUND('',#143,.T.);
#78=FACE_OUTER_BOUND('',#144,.T.);
#79=FACE_OUTER_BOUND('',#145,.T.);
#80=FACE_OUTER_BOUND('',#147,.T.);
#81=FACE_OUTER_BOUND('',#149,.T.);
#82=FACE_OUTER_BOUND('',#150,.T.);
#83=FACE_OUTER_BOUND('',#151,.T.);
#84=FACE_OUTER_BOUND('',#152,.T.);
#85=FACE_OUTER_BOUND('',#153,.T.);
#86=FACE_OUTER_BOUND('',#154,.T.);
#87=FACE_OUTER_BOUND('',#155,.T.);
#88=FACE_OUTER_BOUND('',#156,.T.);
#89=FACE_OUTER_BOUND('',#157,.T.);
#90=FACE_OUTER_BOUND('',#158,.T.);
#91=FACE_OUTER_BOUND('',#159,.T.);
#92=FACE_OUTER_BOUND('',#160,.T.);
#93=FACE_OUTER_BOUND('',#161,.T.);
#94=FACE_OUTER_BOUND('',#162,.T.);
#95=FACE_OUTER_BOUND('',#163,.T.);
#96=FACE_OUTER_BOUND('',#164,.T.);
#97=FACE_OUTER_BOUND('',#165,.T.);
#98=FACE_OUTER_BOUND('',#166,.T.);
#99=FACE_OUTER_BOUND('',#167,.T.);
#100=FACE_OUTER_BOUND('',#168,.T.);
#101=FACE_OUTER_BOUND('',#169,.T.);
#102=FACE_OUTER_BOUND('',#170,.T.);
#103=FACE_OUTER_BOUND('',#171,.T.);
#104=FACE_OUTER_BOUND('',#172,.T.);
#105=EDGE_LOOP('',(#687,#688,#689,#690));
#106=EDGE_LOOP('',(#691,#692,#693,#694));
#107=EDGE_LOOP('',(#695,#696,#697,#698));
#108=EDGE_LOOP('',(#699,#700,#701,#702));
#109=EDGE_LOOP('',(#703,#704,#705,#706));
#110=EDGE_LOOP('',(#707,#708,#709,#710));
#111=EDGE_LOOP('',(#711,#712,#713,#714));
#112=EDGE_LOOP('',(#715,#716,#717,#718));
#113=EDGE_LOOP('',(#719,#720,#721,#722));
#114=EDGE_LOOP('',(#723,#724,#725,#726));
#115=EDGE_LOOP('',(#727,#728,#729,#730));
#116=EDGE_LOOP('',(#731,#732,#733,#734));
#117=EDGE_LOOP('',(#735,#736,#737,#738));
#118=EDGE_LOOP('',(#739,#740,#741,#742));
#119=EDGE_LOOP('',(#743,#744,#745,#746));
#120=EDGE_LOOP('',(#747,#748,#749,#750));
#121=EDGE_LOOP('',(#751,#752,#753,#754));
#122=EDGE_LOOP('',(#755,#756,#757,#758));
#123=EDGE_LOOP('',(#759,#760,#761,#762));
#124=EDGE_LOOP('',(#763,#764,#765,#766));
#125=EDGE_LOOP('',(#767,#768,#769,#770));
#126=EDGE_LOOP('',(#771,#772,#773,#774));
#127=EDGE_LOOP('',(#775,#776,#777,#778));
#128=EDGE_LOOP('',(#779,#780,#781,#782));
#129=EDGE_LOOP('',(#783,#784,#785,#786));
#130=EDGE_LOOP('',(#787,#788,#789,#790));
#131=EDGE_LOOP('',(#791,#792,#793,#794));
#132=EDGE_LOOP('',(#795,#796,#797,#798));
#133=EDGE_LOOP('',(#799,#800,#801,#802));
#134=EDGE_LOOP('',(#803,#804,#805,#806));
#135=EDGE_LOOP('',(#807,#808,#809,#810));
#136=EDGE_LOOP('',(#811,#812,#813,#814));
#137=EDGE_LOOP('',(#815,#816,#817,#818));
#138=EDGE_LOOP('',(#819,#820,#821,#822));
#139=EDGE_LOOP('',(#823,#824,#825,#826));
#140=EDGE_LOOP('',(#827,#828,#829,#830));
#141=EDGE_LOOP('',(#831,#832,#833,#834));
#142=EDGE_LOOP('',(#835,#836,#837,#838));
#143=EDGE_LOOP('',(#839,#840,#841,#842));
#144=EDGE_LOOP('',(#843,#844,#845,#846));
#145=EDGE_LOOP('',(#847,#848,#849,#850,#851,#852,#853,#854,#855,#856,#857,
#858,#859,#860,#861,#862,#863,#864,#865,#866,#867,#868,#869));
#146=EDGE_LOOP('',(#870,#871,#872,#873));
#147=EDGE_LOOP('',(#874,#875,#876,#877,#878,#879,#880,#881,#882,#883,#884,
#885,#886,#887,#888,#889,#890,#891,#892,#893,#894,#895,#896));
#148=EDGE_LOOP('',(#897,#898,#899,#900));
#149=EDGE_LOOP('',(#901,#902,#903,#904,#905,#906,#907,#908,#909,#910,#911,
#912,#913,#914,#915,#916));
#150=EDGE_LOOP('',(#917,#918,#919,#920,#921,#922,#923,#924,#925,#926,#927,
#928,#929,#930));
#151=EDGE_LOOP('',(#931,#932,#933,#934));
#152=EDGE_LOOP('',(#935,#936,#937,#938));
#153=EDGE_LOOP('',(#939,#940,#941,#942,#943));
#154=EDGE_LOOP('',(#944,#945,#946));
#155=EDGE_LOOP('',(#947,#948,#949,#950));
#156=EDGE_LOOP('',(#951,#952,#953,#954,#955));
#157=EDGE_LOOP('',(#956,#957,#958,#959));
#158=EDGE_LOOP('',(#960,#961,#962));
#159=EDGE_LOOP('',(#963,#964,#965,#966));
#160=EDGE_LOOP('',(#967,#968,#969,#970));
#161=EDGE_LOOP('',(#971,#972,#973,#974,#975));
#162=EDGE_LOOP('',(#976,#977,#978));
#163=EDGE_LOOP('',(#979,#980,#981,#982));
#164=EDGE_LOOP('',(#983,#984,#985));
#165=EDGE_LOOP('',(#986,#987,#988,#989,#990));
#166=EDGE_LOOP('',(#991,#992,#993,#994));
#167=EDGE_LOOP('',(#995,#996,#997,#998,#999));
#168=EDGE_LOOP('',(#1000,#1001,#1002,#1003,#1004));
#169=EDGE_LOOP('',(#1005,#1006,#1007,#1008,#1009,#1010,#1011,#1012,#1013,
#1014,#1015,#1016,#1017,#1018,#1019,#1020));
#170=EDGE_LOOP('',(#1021,#1022,#1023,#1024,#1025,#1026,#1027,#1028));
#171=EDGE_LOOP('',(#1029,#1030,#1031,#1032,#1033,#1034));
#172=EDGE_LOOP('',(#1035,#1036,#1037,#1038,#1039,#1040,#1041,#1042));
#173=LINE('',#1352,#215);
#174=LINE('',#1358,#216);
#175=LINE('',#1370,#217);
#176=LINE('',#1407,#218);
#177=LINE('',#1419,#219);
#178=LINE('',#1456,#220);
#179=LINE('',#1468,#221);
#180=LINE('',#1480,#222);
#181=LINE('',#1489,#223);
#182=LINE('',#1495,#224);
#183=LINE('',#1503,#225);
#184=LINE('',#1515,#226);
#185=LINE('',#1537,#227);
#186=LINE('',#1543,#228);
#187=LINE('',#1552,#229);
#188=LINE('',#1592,#230);
#189=LINE('',#1604,#231);
#190=LINE('',#1630,#232);
#191=LINE('',#1636,#233);
#192=LINE('',#1648,#234);
#193=LINE('',#1668,#235);
#194=LINE('',#1680,#236);
#195=LINE('',#1692,#237);
#196=LINE('',#1701,#238);
#197=LINE('',#1707,#239);
#198=LINE('',#1715,#240);
#199=LINE('',#1727,#241);
#200=LINE('',#1749,#242);
#201=LINE('',#1755,#243);
#202=LINE('',#1763,#244);
#203=LINE('',#1775,#245);
#204=LINE('',#1808,#246);
#205=LINE('',#1834,#247);
#206=LINE('',#1840,#248);
#207=LINE('',#1849,#249);
#208=LINE('',#1855,#250);
#209=LINE('',#1863,#251);
#210=LINE('',#1896,#252);
#211=LINE('',#2048,#253);
#212=LINE('',#2525,#254);
#213=LINE('',#2527,#255);
#214=LINE('',#2529,#256);
#215=VECTOR('',#1215,10.);
#216=VECTOR('',#1216,10.);
#217=VECTOR('',#1219,10.);
#218=VECTOR('',#1224,10.);
#219=VECTOR('',#1227,10.);
#220=VECTOR('',#1232,10.);
#221=VECTOR('',#1235,10.);
#222=VECTOR('',#1238,10.);
#223=VECTOR('',#1241,10.);
#224=VECTOR('',#1242,10.);
#225=VECTOR('',#1245,10.);
#226=VECTOR('',#1248,10.);
#227=VECTOR('',#1253,10.);
#228=VECTOR('',#1254,10.);
#229=VECTOR('',#1257,10.);
#230=VECTOR('',#1262,10.);
#231=VECTOR('',#1265,10.);
#232=VECTOR('',#1270,10.);
#233=VECTOR('',#1271,10.);
#234=VECTOR('',#1274,10.);
#235=VECTOR('',#1277,10.);
#236=VECTOR('',#1280,10.);
#237=VECTOR('',#1283,10.);
#238=VECTOR('',#1286,10.);
#239=VECTOR('',#1287,10.);
#240=VECTOR('',#1290,10.);
#241=VECTOR('',#1293,10.);
#242=VECTOR('',#1298,10.);
#243=VECTOR('',#1299,10.);
#244=VECTOR('',#1302,10.);
#245=VECTOR('',#1305,10.);
#246=VECTOR('',#1310,10.);
#247=VECTOR('',#1315,10.);
#248=VECTOR('',#1316,10.);
#249=VECTOR('',#1319,10.);
#250=VECTOR('',#1320,10.);
#251=VECTOR('',#1323,10.);
#252=VECTOR('',#1328,10.);
#253=VECTOR('',#1331,10.);
#254=VECTOR('',#1334,10.);
#255=VECTOR('',#1337,10.);
#256=VECTOR('',#1340,10.);
#257=B_SPLINE_CURVE_WITH_KNOTS('',3,(#1347,#1348,#1349,#1350),
 .UNSPECIFIED.,.F.,.F.,(4,4),(-2.5122726518126,-0.01005327044702),
 .UNSPECIFIED.);
#258=B_SPLINE_CURVE_WITH_KNOTS('',3,(#1354,#1355,#1356,#1357),
 .UNSPECIFIED.,.F.,.F.,(4,4),(-2.51240002406392,-0.0100533649037096),
 .UNSPECIFIED.);
#259=B_SPLINE_CURVE_WITH_KNOTS('',3,(#1361,#1362,#1363,#1364),
 .UNSPECIFIED.,.F.,.F.,(4,4),(-2.88093433882877,-0.0501703911612852),
 .UNSPECIFIED.);
#260=B_SPLINE_CURVE_WITH_KNOTS('',3,(#1366,#1367,#1368,#1369),
 .UNSPECIFIED.,.F.,.F.,(4,4),(-2.88095620105012,-0.0501706873669274),
 .UNSPECIFIED.);
#261=B_SPLINE_CURVE_WITH_KNOTS('',3,(#1373,#1374,#1375,#1376),
 .UNSPECIFIED.,.F.,.F.,(4,4),(-2.97834024006141,-0.0502712317519221),
 .UNSPECIFIED.);
#262=B_SPLINE_CURVE_WITH_KNOTS('',3,(#1378,#1379,#1380,#1381),
 .UNSPECIFIED.,.F.,.F.,(4,4),(-2.98471412551755,-0.0566218730271828),
 .UNSPECIFIED.);
#263=B_SPLINE_CURVE_WITH_KNOTS('',3,(#1382,#1383,#1384,#1385,#1386,#1387),
 .UNSPECIFIED.,.F.,.F.,(4,2,4),(-0.3,-0.15,-0.060647268368384),
 .UNSPECIFIED.);
#264=B_SPLINE_CURVE_WITH_KNOTS('',3,(#1391,#1392,#1393,#1394),
 .UNSPECIFIED.,.F.,.F.,(4,4),(-2.96984215698997,-0.050170095299797),
 .UNSPECIFIED.);
#265=B_SPLINE_CURVE_WITH_KNOTS('',3,(#1396,#1397,#1398,#1399,#1400,#1401),
 .UNSPECIFIED.,.F.,.F.,(4,2,4),(-0.239354392213363,-0.15,0.),
 .UNSPECIFIED.);
#266=B_SPLINE_CURVE_WITH_KNOTS('',3,(#1403,#1404,#1405,#1406),
 .UNSPECIFIED.,.F.,.F.,(4,4),(-2.96986556180753,-0.050170391195953),
 .UNSPECIFIED.);
#267=B_SPLINE_CURVE_WITH_KNOTS('',3,(#1410,#1411,#1412,#1413),
 .UNSPECIFIED.,.F.,.F.,(4,4),(-2.87606870361565,-0.0500961817925187),
 .UNSPECIFIED.);
#268=B_SPLINE_CURVE_WITH_KNOTS('',3,(#1415,#1416,#1417,#1418),
 .UNSPECIFIED.,.F.,.F.,(4,4),(-2.87608211697718,-0.0500963488885691),
 .UNSPECIFIED.);
#269=B_SPLINE_CURVE_WITH_KNOTS('',3,(#1422,#1423,#1424,#1425),
 .UNSPECIFIED.,.F.,.F.,(4,4),(-0.496056628440044,-0.0168348165626414),
 .UNSPECIFIED.);
#270=B_SPLINE_CURVE_WITH_KNOTS('',3,(#1427,#1428,#1429,#1430),
 .UNSPECIFIED.,.F.,.F.,(4,4),(-0.495824255503735,-0.0166007459306607),
 .UNSPECIFIED.);
#271=B_SPLINE_CURVE_WITH_KNOTS('',3,(#1431,#1432,#1433,#1434,#1435,#1436),
 .UNSPECIFIED.,.F.,.F.,(4,2,4),(-0.3,-0.15,-0.0602585000484749),
 .UNSPECIFIED.);
#272=B_SPLINE_CURVE_WITH_KNOTS('',3,(#1440,#1441,#1442,#1443),
 .UNSPECIFIED.,.F.,.F.,(4,4),(-2.97823940396929,-0.0501703956201909),
 .UNSPECIFIED.);
#273=B_SPLINE_CURVE_WITH_KNOTS('',3,(#1445,#1446,#1447,#1448,#1449,#1450),
 .UNSPECIFIED.,.F.,.F.,(4,2,4),(-0.239352731631697,-0.15,0.),
 .UNSPECIFIED.);
#274=B_SPLINE_CURVE_WITH_KNOTS('',3,(#1452,#1453,#1454,#1455),
 .UNSPECIFIED.,.F.,.F.,(4,4),(-2.97826294797127,-0.0501706920443095),
 .UNSPECIFIED.);
#275=B_SPLINE_CURVE_WITH_KNOTS('',3,(#1459,#1460,#1461,#1462),
 .UNSPECIFIED.,.F.,.F.,(4,4),(-2.84081729406028,-0.0100533464259778),
 .UNSPECIFIED.);
#276=B_SPLINE_CURVE_WITH_KNOTS('',3,(#1464,#1465,#1466,#1467),
 .UNSPECIFIED.,.F.,.F.,(4,4),(-2.84083894995308,-0.0100534391250391),
 .UNSPECIFIED.);
#277=B_SPLINE_CURVE_WITH_KNOTS('',3,(#1471,#1472,#1473,#1474),
 .UNSPECIFIED.,.F.,.F.,(4,4),(-2.55258915891536,-0.0503697776613876),
 .UNSPECIFIED.);
#278=B_SPLINE_CURVE_WITH_KNOTS('',3,(#1476,#1477,#1478,#1479),
 .UNSPECIFIED.,.F.,.F.,(4,4),(-3.77786647406574,-1.27551982334593),
 .UNSPECIFIED.);
#279=B_SPLINE_CURVE_WITH_KNOTS('',3,(#1484,#1485,#1486,#1487),
 .UNSPECIFIED.,.F.,.F.,(4,4),(-2.83076530264293,0.),.UNSPECIFIED.);
#280=B_SPLINE_CURVE_WITH_KNOTS('',3,(#1491,#1492,#1493,#1494),
 .UNSPECIFIED.,.F.,.F.,(4,4),(-2.83074377572589,0.),.UNSPECIFIED.);
#281=B_SPLINE_CURVE_WITH_KNOTS('',3,(#1498,#1499,#1500,#1501),
 .UNSPECIFIED.,.F.,.F.,(4,4),(-2.88093569204283,-0.0501703864684568),
 .UNSPECIFIED.);
#282=B_SPLINE_CURVE_WITH_KNOTS('',3,(#1504,#1505,#1506,#1507),
 .UNSPECIFIED.,.F.,.F.,(4,4),(-2.88091386665381,-0.0501700908421858),
 .UNSPECIFIED.);
#283=B_SPLINE_CURVE_WITH_KNOTS('',3,(#1510,#1511,#1512,#1513),
 .UNSPECIFIED.,.F.,.F.,(4,4),(-2.82598035652055,0.),.UNSPECIFIED.);
#284=B_SPLINE_CURVE_WITH_KNOTS('',3,(#1516,#1517,#1518,#1519),
 .UNSPECIFIED.,.F.,.F.,(4,4),(-2.82596712658768,0.),.UNSPECIFIED.);
#285=B_SPLINE_CURVE_WITH_KNOTS('',3,(#1521,#1522,#1523,#1524),
 .UNSPECIFIED.,.F.,.F.,(4,4),(-2.87615224703025,-0.0501718921004457),
 .UNSPECIFIED.);
#286=B_SPLINE_CURVE_WITH_KNOTS('',3,(#1525,#1526,#1527,#1528),
 .UNSPECIFIED.,.F.,.F.,(4,4),(-2.87613872041516,-0.0501715938514447),
 .UNSPECIFIED.);
#287=B_SPLINE_CURVE_WITH_KNOTS('',3,(#1532,#1533,#1534,#1535),
 .UNSPECIFIED.,.F.,.F.,(4,4),(-0.0100086702050826,0.),.UNSPECIFIED.);
#288=B_SPLINE_CURVE_WITH_KNOTS('',3,(#1539,#1540,#1541,#1542),
 .UNSPECIFIED.,.F.,.F.,(4,4),(-0.010008655210037,0.),.UNSPECIFIED.);
#289=B_SPLINE_CURVE_WITH_KNOTS('',3,(#1547,#1548,#1549,#1550),
 .UNSPECIFIED.,.F.,.F.,(4,4),(-0.585473561837004,-0.0500969489670762),
 .UNSPECIFIED.);
#290=B_SPLINE_CURVE_WITH_KNOTS('',3,(#1554,#1555,#1556,#1557),
 .UNSPECIFIED.,.F.,.F.,(4,4),(-0.585471716052034,-0.0500967809309075),
 .UNSPECIFIED.);
#291=B_SPLINE_CURVE_WITH_KNOTS('',3,(#1558,#1559,#1560,#1561,#1562,#1563),
 .UNSPECIFIED.,.F.,.F.,(4,2,4),(-0.239797041483605,-0.15,0.),
 .UNSPECIFIED.);
#292=B_SPLINE_CURVE_WITH_KNOTS('',3,(#1565,#1566,#1567,#1568),
 .UNSPECIFIED.,.F.,.F.,(4,4),(-2.83238077725142,-0.0100086736570466),
 .UNSPECIFIED.);
#293=B_SPLINE_CURVE_WITH_KNOTS('',3,(#1569,#1570,#1571,#1572),
 .UNSPECIFIED.,.F.,.F.,(4,4),(-2.83237379552613,-0.0100086586494581),
 .UNSPECIFIED.);
#294=B_SPLINE_CURVE_WITH_KNOTS('',3,(#1576,#1577,#1578,#1579),
 .UNSPECIFIED.,.F.,.F.,(4,4),(-2.97614934953405,-0.0564541823140394),
 .UNSPECIFIED.);
#295=B_SPLINE_CURVE_WITH_KNOTS('',3,(#1581,#1582,#1583,#1584,#1585,#1586),
 .UNSPECIFIED.,.F.,.F.,(4,2,4),(-0.3,-0.15,-0.0606456077865271),
 .UNSPECIFIED.);
#296=B_SPLINE_CURVE_WITH_KNOTS('',3,(#1588,#1589,#1590,#1591),
 .UNSPECIFIED.,.F.,.F.,(4,4),(-2.96994259692057,-0.050270535212908),
 .UNSPECIFIED.);
#297=B_SPLINE_CURVE_WITH_KNOTS('',3,(#1595,#1596,#1597,#1598),
 .UNSPECIFIED.,.F.,.F.,(4,4),(-2.87615766013791,-0.0501718937471778),
 .UNSPECIFIED.);
#298=B_SPLINE_CURVE_WITH_KNOTS('',3,(#1600,#1601,#1602,#1603),
 .UNSPECIFIED.,.F.,.F.,(4,4),(-2.87614411725988,-0.0501715954366455),
 .UNSPECIFIED.);
#299=B_SPLINE_CURVE_WITH_KNOTS('',3,(#1607,#1608,#1609,#1610),
 .UNSPECIFIED.,.F.,.F.,(4,4),(-0.529319780451197,-0.0500962708758269),
 .UNSPECIFIED.);
#300=B_SPLINE_CURVE_WITH_KNOTS('',3,(#1612,#1613,#1614,#1615),
 .UNSPECIFIED.,.F.,.F.,(4,4),(-0.529317921174312,-0.0500961040259147),
 .UNSPECIFIED.);
#301=B_SPLINE_CURVE_WITH_KNOTS('',3,(#1616,#1617,#1618,#1619,#1620,#1621),
 .UNSPECIFIED.,.F.,.F.,(4,2,4),(-0.239741499951523,-0.15,0.),
 .UNSPECIFIED.);
#302=B_SPLINE_CURVE_WITH_KNOTS('',3,(#1625,#1626,#1627,#1628),
 .UNSPECIFIED.,.F.,.F.,(4,4),(-2.50046252057387,0.),.UNSPECIFIED.);
#303=B_SPLINE_CURVE_WITH_KNOTS('',3,(#1632,#1633,#1634,#1635),
 .UNSPECIFIED.,.F.,.F.,(4,4),(-2.50051721244666,0.),.UNSPECIFIED.);
#304=B_SPLINE_CURVE_WITH_KNOTS('',3,(#1639,#1640,#1641,#1642),
 .UNSPECIFIED.,.F.,.F.,(4,4),(-2.55083266457326,-0.0503701438263691),
 .UNSPECIFIED.);
#305=B_SPLINE_CURVE_WITH_KNOTS('',3,(#1644,#1645,#1646,#1647),
 .UNSPECIFIED.,.F.,.F.,(4,4),(-2.88719044151681,-0.386673232642556),
 .UNSPECIFIED.);
#306=B_SPLINE_CURVE_WITH_KNOTS('',3,(#1652,#1653,#1654,#1655),
 .UNSPECIFIED.,.F.,.F.,(4,4),(-0.547107364089753,-0.0117307512216086),
 .UNSPECIFIED.);
#307=B_SPLINE_CURVE_WITH_KNOTS('',3,(#1657,#1658,#1659,#1660,#1661,#1662),
 .UNSPECIFIED.,.F.,.F.,(4,2,4),(-0.289797041483605,-0.15,-0.0499999999999983),
 .UNSPECIFIED.);
#308=B_SPLINE_CURVE_WITH_KNOTS('',3,(#1664,#1665,#1666,#1667),
 .UNSPECIFIED.,.F.,.F.,(4,4),(-0.54740214131966,-0.012027212677293),
 .UNSPECIFIED.);
#309=B_SPLINE_CURVE_WITH_KNOTS('',3,(#1671,#1672,#1673,#1674),
 .UNSPECIFIED.,.F.,.F.,(4,4),(-2.87246912664733,-0.0500970233979929),
 .UNSPECIFIED.);
#310=B_SPLINE_CURVE_WITH_KNOTS('',3,(#1676,#1677,#1678,#1679),
 .UNSPECIFIED.,.F.,.F.,(4,4),(-2.87246200394904,-0.0500968551893295),
 .UNSPECIFIED.);
#311=B_SPLINE_CURVE_WITH_KNOTS('',3,(#1683,#1684,#1685,#1686),
 .UNSPECIFIED.,.F.,.F.,(4,4),(-0.0600524745970649,-0.0500438043940767),
 .UNSPECIFIED.);
#312=B_SPLINE_CURVE_WITH_KNOTS('',3,(#1688,#1689,#1690,#1691),
 .UNSPECIFIED.,.F.,.F.,(4,4),(-0.0101198948540544,-0.000111239643448183),
 .UNSPECIFIED.);
#313=B_SPLINE_CURVE_WITH_KNOTS('',3,(#1696,#1697,#1698,#1699),
 .UNSPECIFIED.,.F.,.F.,(4,4),(-2.8424011612498,-0.0200173851751617),
 .UNSPECIFIED.);
#314=B_SPLINE_CURVE_WITH_KNOTS('',3,(#1703,#1704,#1705,#1706),
 .UNSPECIFIED.,.F.,.F.,(4,4),(-2.84250539448548,-0.0201285948955428),
 .UNSPECIFIED.);
#315=B_SPLINE_CURVE_WITH_KNOTS('',3,(#1710,#1711,#1712,#1713),
 .UNSPECIFIED.,.F.,.F.,(4,4),(-2.8323989012557,-0.010019344404713),
 .UNSPECIFIED.);
#316=B_SPLINE_CURVE_WITH_KNOTS('',3,(#1716,#1717,#1718,#1719),
 .UNSPECIFIED.,.F.,.F.,(4,4),(-2.83239190408129,-0.0100193108742346),
 .UNSPECIFIED.);
#317=B_SPLINE_CURVE_WITH_KNOTS('',3,(#1722,#1723,#1724,#1725),
 .UNSPECIFIED.,.F.,.F.,(4,4),(-2.87613818809799,-0.0501715907815634),
 .UNSPECIFIED.);
#318=B_SPLINE_CURVE_WITH_KNOTS('',3,(#1728,#1729,#1730,#1731),
 .UNSPECIFIED.,.F.,.F.,(4,4),(-2.87612468451196,-0.0501712929987734),
 .UNSPECIFIED.);
#319=B_SPLINE_CURVE_WITH_KNOTS('',3,(#1733,#1734,#1735,#1736),
 .UNSPECIFIED.,.F.,.F.,(4,4),(-2.87606705201012,-0.0500961239453885),
 .UNSPECIFIED.);
#320=B_SPLINE_CURVE_WITH_KNOTS('',3,(#1737,#1738,#1739,#1740),
 .UNSPECIFIED.,.F.,.F.,(4,4),(-2.87605366480059,-0.0500959572400266),
 .UNSPECIFIED.);
#321=B_SPLINE_CURVE_WITH_KNOTS('',3,(#1744,#1745,#1746,#1747),
 .UNSPECIFIED.,.F.,.F.,(4,4),(-2.87612900187287,-0.0501712943120776),
 .UNSPECIFIED.);
#322=B_SPLINE_CURVE_WITH_KNOTS('',3,(#1751,#1752,#1753,#1754),
 .UNSPECIFIED.,.F.,.F.,(4,4),(-2.87614251846983,-0.0501715920988772),
 .UNSPECIFIED.);
#323=B_SPLINE_CURVE_WITH_KNOTS('',3,(#1758,#1759,#1760,#1761),
 .UNSPECIFIED.,.F.,.F.,(4,4),(-2.87247386881842,-0.0500970810675887),
 .UNSPECIFIED.);
#324=B_SPLINE_CURVE_WITH_KNOTS('',3,(#1764,#1765,#1766,#1767),
 .UNSPECIFIED.,.F.,.F.,(4,4),(-2.87248102546038,-0.0500972497300456),
 .UNSPECIFIED.);
#325=B_SPLINE_CURVE_WITH_KNOTS('',3,(#1770,#1771,#1772,#1773),
 .UNSPECIFIED.,.F.,.F.,(4,4),(-2.84238993649058,-0.0200173548892129),
 .UNSPECIFIED.);
#326=B_SPLINE_CURVE_WITH_KNOTS('',3,(#1776,#1777,#1778,#1779),
 .UNSPECIFIED.,.F.,.F.,(4,4),(-2.84239694216335,-0.0200173849780274),
 .UNSPECIFIED.);
#327=B_SPLINE_CURVE_WITH_KNOTS('',3,(#1781,#1782,#1783,#1784),
 .UNSPECIFIED.,.F.,.F.,(4,4),(-2.83597265760989,-0.0100192661258083),
 .UNSPECIFIED.);
#328=B_SPLINE_CURVE_WITH_KNOTS('',3,(#1785,#1786,#1787,#1788),
 .UNSPECIFIED.,.F.,.F.,(4,4),(-2.83598589849879,-0.0100192995777082),
 .UNSPECIFIED.);
#329=B_SPLINE_CURVE_WITH_KNOTS('',3,(#1792,#1793,#1794,#1795),
 .UNSPECIFIED.,.F.,.F.,(4,4),(-0.536138972387388,-0.0118580392753269),
 .UNSPECIFIED.);
#330=B_SPLINE_CURVE_WITH_KNOTS('',3,(#1797,#1798,#1799,#1800,#1801,#1802),
 .UNSPECIFIED.,.F.,.F.,(4,2,4),(-0.289795975352849,-0.15,-0.0499999999999983),
 .UNSPECIFIED.);
#331=B_SPLINE_CURVE_WITH_KNOTS('',3,(#1804,#1805,#1806,#1807),
 .UNSPECIFIED.,.F.,.F.,(4,4),(-0.536302748957481,-0.0120234648656509),
 .UNSPECIFIED.);
#332=B_SPLINE_CURVE_WITH_KNOTS('',3,(#1811,#1812,#1813,#1814),
 .UNSPECIFIED.,.F.,.F.,(4,4),(-0.520387246229581,-0.0500960456379361),
 .UNSPECIFIED.);
#333=B_SPLINE_CURVE_WITH_KNOTS('',3,(#1816,#1817,#1818,#1819),
 .UNSPECIFIED.,.F.,.F.,(4,4),(-0.520385419245532,-0.0500958791756566),
 .UNSPECIFIED.);
#334=B_SPLINE_CURVE_WITH_KNOTS('',3,(#1820,#1821,#1822,#1823,#1824,#1825),
 .UNSPECIFIED.,.F.,.F.,(4,2,4),(-0.239742577915282,-0.15,0.),
 .UNSPECIFIED.);
#335=B_SPLINE_CURVE_WITH_KNOTS('',3,(#1829,#1830,#1831,#1832),
 .UNSPECIFIED.,.F.,.F.,(4,4),(-0.0100086702058934,0.),.UNSPECIFIED.);
#336=B_SPLINE_CURVE_WITH_KNOTS('',3,(#1836,#1837,#1838,#1839),
 .UNSPECIFIED.,.F.,.F.,(4,4),(-0.0600523838492295,-0.0500437286371593),
 .UNSPECIFIED.);
#337=B_SPLINE_CURVE_WITH_KNOTS('',3,(#1844,#1845,#1846,#1847),
 .UNSPECIFIED.,.F.,.F.,(4,4),(-0.0600524746074356,-0.0500438044002589),
 .UNSPECIFIED.);
#338=B_SPLINE_CURVE_WITH_KNOTS('',3,(#1851,#1852,#1853,#1854),
 .UNSPECIFIED.,.F.,.F.,(4,4),(-0.0600523838339058,-0.0500437286276803),
 .UNSPECIFIED.);
#339=B_SPLINE_CURVE_WITH_KNOTS('',3,(#1858,#1859,#1860,#1861),
 .UNSPECIFIED.,.F.,.F.,(4,4),(-2.82236686650743,0.),.UNSPECIFIED.);
#340=B_SPLINE_CURVE_WITH_KNOTS('',3,(#1864,#1865,#1866,#1867),
 .UNSPECIFIED.,.F.,.F.,(4,4),(-2.82235991602994,0.),.UNSPECIFIED.);
#341=B_SPLINE_CURVE_WITH_KNOTS('',3,(#1869,#1870,#1871,#1872),
 .UNSPECIFIED.,.F.,.F.,(4,4),(-2.83237554065466,-0.0100086736077833),
 .UNSPECIFIED.);
#342=B_SPLINE_CURVE_WITH_KNOTS('',3,(#1873,#1874,#1875,#1876),
 .UNSPECIFIED.,.F.,.F.,(4,4),(-2.83247982601886,-0.0101198983254802),
 .UNSPECIFIED.);
#343=B_SPLINE_CURVE_WITH_KNOTS('',3,(#1880,#1881,#1882,#1883),
 .UNSPECIFIED.,.F.,.F.,(4,4),(-0.574376283630519,-0.0500970061907615),
 .UNSPECIFIED.);
#344=B_SPLINE_CURVE_WITH_KNOTS('',3,(#1885,#1886,#1887,#1888,#1889,#1890),
 .UNSPECIFIED.,.F.,.F.,(4,2,4),(-0.239795975352848,-0.15,0.),
 .UNSPECIFIED.);
#345=B_SPLINE_CURVE_WITH_KNOTS('',3,(#1892,#1893,#1894,#1895),
 .UNSPECIFIED.,.F.,.F.,(4,4),(-0.57437810772552,-0.0500971746140164),
 .UNSPECIFIED.);
#346=B_SPLINE_CURVE_WITH_KNOTS('',3,(#1899,#1900,#1901,#1902),
 .UNSPECIFIED.,.F.,.F.,(4,4),(-0.487128695794525,-0.0168391505052775),
 .UNSPECIFIED.);
#347=B_SPLINE_CURVE_WITH_KNOTS('',3,(#1904,#1905,#1906,#1907),
 .UNSPECIFIED.,.F.,.F.,(4,4),(-0.48677820054378,-0.0164869999549356),
 .UNSPECIFIED.);
#348=B_SPLINE_CURVE_WITH_KNOTS('',3,(#1908,#1909,#1910,#1911,#1912,#1913),
 .UNSPECIFIED.,.F.,.F.,(4,2,4),(-0.3,-0.15,-0.0602574220847162),
 .UNSPECIFIED.);
#349=B_SPLINE_CURVE_WITH_KNOTS('',3,(#1930,#1931,#1932,#1933),
 .UNSPECIFIED.,.F.,.F.,(4,4),(4.48384608342479,4.49700175886564),
 .UNSPECIFIED.);
#350=B_SPLINE_CURVE_WITH_KNOTS('',3,(#1934,#1935,#1936,#1937),
 .UNSPECIFIED.,.F.,.F.,(4,4),(0.720768768566184,0.734225505275595),
 .UNSPECIFIED.);
#351=B_SPLINE_CURVE_WITH_KNOTS('',3,(#1938,#1939,#1940,#1941),
 .UNSPECIFIED.,.F.,.F.,(4,4),(2.08188291486346E-8,0.0149753269635778),
 .UNSPECIFIED.);
#352=B_SPLINE_CURVE_WITH_KNOTS('',3,(#1942,#1943,#1944,#1945),
 .UNSPECIFIED.,.F.,.F.,(4,4),(-0.601978265701087,-0.59630930273186),
 .UNSPECIFIED.);
#353=B_SPLINE_CURVE_WITH_KNOTS('',3,(#1946,#1947,#1948,#1949),
 .UNSPECIFIED.,.F.,.F.,(4,4),(0.321436131648369,0.321779536269886),
 .UNSPECIFIED.);
#354=B_SPLINE_CURVE_WITH_KNOTS('',3,(#1950,#1951,#1952,#1953),
 .UNSPECIFIED.,.F.,.F.,(4,4),(0.224155007940948,0.224499482145455),
 .UNSPECIFIED.);
#355=B_SPLINE_CURVE_WITH_KNOTS('',3,(#1954,#1955,#1956,#1957),
 .UNSPECIFIED.,.F.,.F.,(4,4),(2.8526176648805,2.86282135711917),
 .UNSPECIFIED.);
#356=B_SPLINE_CURVE_WITH_KNOTS('',3,(#1974,#1975,#1976,#1977),
 .UNSPECIFIED.,.F.,.F.,(4,4),(0.,0.0102036922323705),.UNSPECIFIED.);
#357=B_SPLINE_CURVE_WITH_KNOTS('',3,(#1978,#1979,#1980,#1981),
 .UNSPECIFIED.,.F.,.F.,(4,4),(0.59630930273186,0.601978265701087),
 .UNSPECIFIED.);
#358=B_SPLINE_CURVE_WITH_KNOTS('',3,(#1982,#1983,#1984,#1985),
 .UNSPECIFIED.,.F.,.F.,(4,4),(4.57093894905548,4.58591425454257),
 .UNSPECIFIED.);
#359=B_SPLINE_CURVE_WITH_KNOTS('',3,(#1986,#1987,#1988,#1989),
 .UNSPECIFIED.,.F.,.F.,(4,4),(3.85168880233011,3.86514553844859),
 .UNSPECIFIED.);
#360=B_SPLINE_CURVE_WITH_KNOTS('',3,(#1990,#1991,#1992,#1993),
 .UNSPECIFIED.,.F.,.F.,(4,4),(0.0889127139988076,0.102068388861734),
 .UNSPECIFIED.);
#361=B_SPLINE_CURVE_WITH_KNOTS('',3,(#2018,#2019,#2020,#2021,#2022,#2023),
 .UNSPECIFIED.,.F.,.F.,(4,2,4),(-4.57029584620538,-4.11192512384652,-3.86461235379641),
 .UNSPECIFIED.);
#362=B_SPLINE_CURVE_WITH_KNOTS('',3,(#2025,#2026,#2027,#2028,#2029,#2030),
 .UNSPECIFIED.,.F.,.F.,(4,2,4),(-6.21253684738669,-5.98128178669816,-4.58527236755542),
 .UNSPECIFIED.);
#363=B_SPLINE_CURVE_WITH_KNOTS('',3,(#2032,#2033,#2034,#2035,#2036,#2037),
 .UNSPECIFIED.,.F.,.F.,(4,2,4),(-0.3,-0.15,0.),.UNSPECIFIED.);
#364=B_SPLINE_CURVE_WITH_KNOTS('',3,(#2039,#2040,#2041,#2042,#2043,#2044,
#2045,#2046),.UNSPECIFIED.,.F.,.F.,(4,2,2,4),(-6.21253684738668,-5.98128178669816,
-4.11192512384652,0.),.UNSPECIFIED.);
#365=B_SPLINE_CURVE_WITH_KNOTS('',3,(#2049,#2050,#2051,#2052),
 .UNSPECIFIED.,.F.,.F.,(4,4),(-0.088910809806111,0.),.UNSPECIFIED.);
#366=B_SPLINE_CURVE_WITH_KNOTS('',3,(#2053,#2054,#2055,#2056),
 .UNSPECIFIED.,.F.,.F.,(4,4),(-3.85115905660063,-0.102066161042992),
 .UNSPECIFIED.);
#367=B_SPLINE_CURVE_WITH_KNOTS('',3,(#2059,#2060,#2061,#2062),
 .UNSPECIFIED.,.F.,.F.,(4,4),(-4.46599108473668,-2.48013322036042),
 .UNSPECIFIED.);
#368=B_SPLINE_CURVE_WITH_KNOTS('',3,(#2063,#2064,#2065,#2066),
 .UNSPECIFIED.,.F.,.F.,(4,4),(-1.98585786437627,0.),.UNSPECIFIED.);
#369=B_SPLINE_CURVE_WITH_KNOTS('',3,(#2068,#2069,#2070,#2071,#2072,#2073),
 .UNSPECIFIED.,.F.,.F.,(4,2,4),(-4.44908760448985,-2.23286080265948,-2.01414213562373),
 .UNSPECIFIED.);
#370=B_SPLINE_CURVE_WITH_KNOTS('',3,(#2075,#2076,#2077,#2078,#2079,#2080),
 .UNSPECIFIED.,.F.,.F.,(4,2,4),(-0.3,-0.15,0.),.UNSPECIFIED.);
#371=B_SPLINE_CURVE_WITH_KNOTS('',3,(#2082,#2083,#2084,#2085,#2086,#2087),
 .UNSPECIFIED.,.F.,.F.,(4,2,4),(-4.46572160531896,-2.23286080265948,-0.0166340008291108),
 .UNSPECIFIED.);
#372=B_SPLINE_CURVE_WITH_KNOTS('',3,(#2088,#2089,#2090,#2091,#2092,#2093),
 .UNSPECIFIED.,.F.,.F.,(4,2,4),(-4.44908760449365,-2.23299554236834,0.),
 .UNSPECIFIED.);
#373=B_SPLINE_CURVE_WITH_KNOTS('',3,(#2094,#2095,#2096,#2097,#2098,#2099),
 .UNSPECIFIED.,.F.,.F.,(4,2,4),(-2.45184894911295,-2.23299554236834,-0.0169034802430272),
 .UNSPECIFIED.);
#374=B_SPLINE_CURVE_WITH_KNOTS('',3,(#2132,#2133,#2134,#2135),
 .UNSPECIFIED.,.F.,.F.,(4,4),(0.321906919622171,0.370391756809931),
 .UNSPECIFIED.);
#375=B_SPLINE_CURVE_WITH_KNOTS('',3,(#2152,#2153,#2154,#2155),
 .UNSPECIFIED.,.F.,.F.,(4,4),(-11.0296809976229,-10.1874002906677),
 .UNSPECIFIED.);
#376=B_SPLINE_CURVE_WITH_KNOTS('',3,(#2172,#2173,#2174,#2175),
 .UNSPECIFIED.,.F.,.F.,(4,4),(-11.3173828053384,-11.0359920901723),
 .UNSPECIFIED.);
#377=B_SPLINE_CURVE_WITH_KNOTS('',3,(#2192,#2193,#2194,#2195),
 .UNSPECIFIED.,.F.,.F.,(4,4),(-12.5268350352486,-11.322481315971),
 .UNSPECIFIED.);
#378=B_SPLINE_CURVE_WITH_KNOTS('',3,(#2213,#2214,#2215,#2216),
 .UNSPECIFIED.,.F.,.F.,(4,4),(-2.85535441238227,-0.0501806035263082),
 .UNSPECIFIED.);
#379=B_SPLINE_CURVE_WITH_KNOTS('',3,(#2217,#2218,#2219,#2220),
 .UNSPECIFIED.,.F.,.F.,(4,4),(-12.5557534702862,-12.5305699351379),
 .UNSPECIFIED.);
#380=B_SPLINE_CURVE_WITH_KNOTS('',3,(#2238,#2239,#2240,#2241),
 .UNSPECIFIED.,.F.,.F.,(4,4),(0.159907039576637,0.224366597335476),
 .UNSPECIFIED.);
#381=B_SPLINE_CURVE_WITH_KNOTS('',3,(#2243,#2244,#2245,#2246),
 .UNSPECIFIED.,.F.,.F.,(4,4),(-0.537388048444817,-0.0499999999999997),
 .UNSPECIFIED.);
#382=B_SPLINE_CURVE_WITH_KNOTS('',3,(#2247,#2248,#2249,#2250),
 .UNSPECIFIED.,.F.,.F.,(4,4),(-4.42354243858239,-2.86555855306637),
 .UNSPECIFIED.);
#383=B_SPLINE_CURVE_WITH_KNOTS('',3,(#2267,#2268,#2269,#2270),
 .UNSPECIFIED.,.F.,.F.,(4,4),(0.224710775791338,0.321563812098925),
 .UNSPECIFIED.);
#384=B_SPLINE_CURVE_WITH_KNOTS('',3,(#2352,#2353,#2354,#2355),
 .UNSPECIFIED.,.F.,.F.,(4,4),(-1.6082659401129,-0.050282054597079),
 .UNSPECIFIED.);
#385=B_SPLINE_CURVE_WITH_KNOTS('',3,(#2356,#2357,#2358,#2359),
 .UNSPECIFIED.,.F.,.F.,(4,4),(-0.487388048444817,0.),.UNSPECIFIED.);
#386=B_SPLINE_CURVE_WITH_KNOTS('',3,(#2392,#2393,#2394,#2395),
 .UNSPECIFIED.,.F.,.F.,(4,4),(-4.4236438896534,-1.61847008079703),
 .UNSPECIFIED.);
#387=B_SPLINE_CURVE_WITH_KNOTS('',3,(#2429,#2430,#2431,#2432),
 .UNSPECIFIED.,.F.,.F.,(4,4),(0.159907039576637,0.370391756809931),
 .UNSPECIFIED.);
#388=B_SPLINE_CURVE_WITH_KNOTS('',3,(#2434,#2435,#2436,#2437),
 .UNSPECIFIED.,.F.,.F.,(4,4),(-0.487388048444817,0.),.UNSPECIFIED.);
#389=B_SPLINE_CURVE_WITH_KNOTS('',3,(#2438,#2439,#2440,#2441),
 .UNSPECIFIED.,.F.,.F.,(4,4),(-4.4236438896534,-0.050282054597079),
 .UNSPECIFIED.);
#390=B_SPLINE_CURVE_WITH_KNOTS('',3,(#2459,#2460,#2461,#2462,#2463,#2464,
#2465),.UNSPECIFIED.,.F.,.F.,(4,3,4),(-12.5557534702862,-11.1166767222862,
-10.1874002906677),.UNSPECIFIED.);
#391=B_SPLINE_CURVE_WITH_KNOTS('',3,(#2467,#2468,#2469,#2470),
 .UNSPECIFIED.,.F.,.F.,(4,4),(-4.42354243858239,-0.0501806035263082),
 .UNSPECIFIED.);
#392=B_SPLINE_CURVE_WITH_KNOTS('',3,(#2471,#2472,#2473,#2474),
 .UNSPECIFIED.,.F.,.F.,(4,4),(-0.537388048444817,-0.0499999999999997),
 .UNSPECIFIED.);
#393=VERTEX_POINT('',#1345);
#394=VERTEX_POINT('',#1346);
#395=VERTEX_POINT('',#1351);
#396=VERTEX_POINT('',#1353);
#397=VERTEX_POINT('',#1360);
#398=VERTEX_POINT('',#1365);
#399=VERTEX_POINT('',#1372);
#400=VERTEX_POINT('',#1377);
#401=VERTEX_POINT('',#1389);
#402=VERTEX_POINT('',#1390);
#403=VERTEX_POINT('',#1395);
#404=VERTEX_POINT('',#1402);
#405=VERTEX_POINT('',#1409);
#406=VERTEX_POINT('',#1414);
#407=VERTEX_POINT('',#1421);
#408=VERTEX_POINT('',#1426);
#409=VERTEX_POINT('',#1438);
#410=VERTEX_POINT('',#1439);
#411=VERTEX_POINT('',#1444);
#412=VERTEX_POINT('',#1451);
#413=VERTEX_POINT('',#1458);
#414=VERTEX_POINT('',#1463);
#415=VERTEX_POINT('',#1470);
#416=VERTEX_POINT('',#1475);
#417=VERTEX_POINT('',#1482);
#418=VERTEX_POINT('',#1483);
#419=VERTEX_POINT('',#1488);
#420=VERTEX_POINT('',#1490);
#421=VERTEX_POINT('',#1497);
#422=VERTEX_POINT('',#1502);
#423=VERTEX_POINT('',#1509);
#424=VERTEX_POINT('',#1514);
#425=VERTEX_POINT('',#1530);
#426=VERTEX_POINT('',#1531);
#427=VERTEX_POINT('',#1536);
#428=VERTEX_POINT('',#1538);
#429=VERTEX_POINT('',#1545);
#430=VERTEX_POINT('',#1546);
#431=VERTEX_POINT('',#1551);
#432=VERTEX_POINT('',#1553);
#433=VERTEX_POINT('',#1574);
#434=VERTEX_POINT('',#1575);
#435=VERTEX_POINT('',#1580);
#436=VERTEX_POINT('',#1587);
#437=VERTEX_POINT('',#1594);
#438=VERTEX_POINT('',#1599);
#439=VERTEX_POINT('',#1606);
#440=VERTEX_POINT('',#1611);
#441=VERTEX_POINT('',#1623);
#442=VERTEX_POINT('',#1624);
#443=VERTEX_POINT('',#1629);
#444=VERTEX_POINT('',#1631);
#445=VERTEX_POINT('',#1638);
#446=VERTEX_POINT('',#1643);
#447=VERTEX_POINT('',#1650);
#448=VERTEX_POINT('',#1651);
#449=VERTEX_POINT('',#1656);
#450=VERTEX_POINT('',#1663);
#451=VERTEX_POINT('',#1670);
#452=VERTEX_POINT('',#1675);
#453=VERTEX_POINT('',#1682);
#454=VERTEX_POINT('',#1687);
#455=VERTEX_POINT('',#1694);
#456=VERTEX_POINT('',#1695);
#457=VERTEX_POINT('',#1700);
#458=VERTEX_POINT('',#1702);
#459=VERTEX_POINT('',#1709);
#460=VERTEX_POINT('',#1714);
#461=VERTEX_POINT('',#1721);
#462=VERTEX_POINT('',#1726);
#463=VERTEX_POINT('',#1742);
#464=VERTEX_POINT('',#1743);
#465=VERTEX_POINT('',#1748);
#466=VERTEX_POINT('',#1750);
#467=VERTEX_POINT('',#1757);
#468=VERTEX_POINT('',#1762);
#469=VERTEX_POINT('',#1769);
#470=VERTEX_POINT('',#1774);
#471=VERTEX_POINT('',#1790);
#472=VERTEX_POINT('',#1791);
#473=VERTEX_POINT('',#1796);
#474=VERTEX_POINT('',#1803);
#475=VERTEX_POINT('',#1810);
#476=VERTEX_POINT('',#1815);
#477=VERTEX_POINT('',#1827);
#478=VERTEX_POINT('',#1828);
#479=VERTEX_POINT('',#1833);
#480=VERTEX_POINT('',#1835);
#481=VERTEX_POINT('',#1842);
#482=VERTEX_POINT('',#1843);
#483=VERTEX_POINT('',#1848);
#484=VERTEX_POINT('',#1850);
#485=VERTEX_POINT('',#1857);
#486=VERTEX_POINT('',#1862);
#487=VERTEX_POINT('',#1878);
#488=VERTEX_POINT('',#1879);
#489=VERTEX_POINT('',#1884);
#490=VERTEX_POINT('',#1891);
#491=VERTEX_POINT('',#1898);
#492=VERTEX_POINT('',#1903);
#493=VERTEX_POINT('',#2024);
#494=VERTEX_POINT('',#2031);
#495=VERTEX_POINT('',#2038);
#496=VERTEX_POINT('',#2047);
#497=VERTEX_POINT('',#2058);
#498=VERTEX_POINT('',#2067);
#499=VERTEX_POINT('',#2074);
#500=VERTEX_POINT('',#2081);
#501=VERTEX_POINT('',#2212);
#502=VERTEX_POINT('',#2237);
#503=VERTEX_POINT('',#2242);
#504=VERTEX_POINT('',#2351);
#505=VERTEX_POINT('',#2428);
#506=VERTEX_POINT('',#2433);
#507=VERTEX_POINT('',#2458);
#508=VERTEX_POINT('',#2466);
#509=EDGE_CURVE('',#393,#394,#257,.T.);
#510=EDGE_CURVE('',#395,#393,#173,.T.);
#511=EDGE_CURVE('',#395,#396,#258,.T.);
#512=EDGE_CURVE('',#394,#396,#174,.T.);
#513=EDGE_CURVE('',#394,#397,#259,.T.);
#514=EDGE_CURVE('',#396,#398,#260,.T.);
#515=EDGE_CURVE('',#397,#398,#175,.T.);
#516=EDGE_CURVE('',#397,#399,#261,.T.);
#517=EDGE_CURVE('',#398,#400,#262,.T.);
#518=EDGE_CURVE('',#399,#400,#263,.T.);
#519=EDGE_CURVE('',#401,#402,#264,.T.);
#520=EDGE_CURVE('',#403,#401,#265,.T.);
#521=EDGE_CURVE('',#403,#404,#266,.T.);
#522=EDGE_CURVE('',#402,#404,#176,.T.);
#523=EDGE_CURVE('',#402,#405,#267,.T.);
#524=EDGE_CURVE('',#404,#406,#268,.T.);
#525=EDGE_CURVE('',#405,#406,#177,.T.);
#526=EDGE_CURVE('',#405,#407,#269,.T.);
#527=EDGE_CURVE('',#406,#408,#270,.T.);
#528=EDGE_CURVE('',#407,#408,#271,.T.);
#529=EDGE_CURVE('',#409,#410,#272,.T.);
#530=EDGE_CURVE('',#411,#409,#273,.T.);
#531=EDGE_CURVE('',#411,#412,#274,.T.);
#532=EDGE_CURVE('',#410,#412,#178,.T.);
#533=EDGE_CURVE('',#410,#413,#275,.T.);
#534=EDGE_CURVE('',#412,#414,#276,.T.);
#535=EDGE_CURVE('',#413,#414,#179,.T.);
#536=EDGE_CURVE('',#413,#415,#277,.T.);
#537=EDGE_CURVE('',#414,#416,#278,.T.);
#538=EDGE_CURVE('',#415,#416,#180,.T.);
#539=EDGE_CURVE('',#417,#418,#279,.T.);
#540=EDGE_CURVE('',#419,#418,#181,.T.);
#541=EDGE_CURVE('',#420,#419,#280,.T.);
#542=EDGE_CURVE('',#420,#417,#182,.T.);
#543=EDGE_CURVE('',#418,#421,#281,.T.);
#544=EDGE_CURVE('',#422,#421,#183,.T.);
#545=EDGE_CURVE('',#419,#422,#282,.T.);
#546=EDGE_CURVE('',#421,#423,#283,.T.);
#547=EDGE_CURVE('',#424,#423,#184,.T.);
#548=EDGE_CURVE('',#422,#424,#284,.T.);
#549=EDGE_CURVE('',#423,#417,#285,.T.);
#550=EDGE_CURVE('',#424,#420,#286,.T.);
#551=EDGE_CURVE('',#425,#426,#287,.T.);
#552=EDGE_CURVE('',#427,#426,#185,.T.);
#553=EDGE_CURVE('',#428,#427,#288,.T.);
#554=EDGE_CURVE('',#428,#425,#186,.T.);
#555=EDGE_CURVE('',#429,#430,#289,.T.);
#556=EDGE_CURVE('',#431,#430,#187,.T.);
#557=EDGE_CURVE('',#432,#431,#290,.T.);
#558=EDGE_CURVE('',#429,#432,#291,.T.);
#559=EDGE_CURVE('',#430,#425,#292,.T.);
#560=EDGE_CURVE('',#431,#428,#293,.T.);
#561=EDGE_CURVE('',#433,#434,#294,.T.);
#562=EDGE_CURVE('',#435,#434,#295,.T.);
#563=EDGE_CURVE('',#436,#435,#296,.T.);
#564=EDGE_CURVE('',#436,#433,#188,.T.);
#565=EDGE_CURVE('',#437,#433,#297,.T.);
#566=EDGE_CURVE('',#438,#436,#298,.T.);
#567=EDGE_CURVE('',#438,#437,#189,.T.);
#568=EDGE_CURVE('',#439,#437,#299,.T.);
#569=EDGE_CURVE('',#440,#438,#300,.T.);
#570=EDGE_CURVE('',#439,#440,#301,.T.);
#571=EDGE_CURVE('',#441,#442,#302,.T.);
#572=EDGE_CURVE('',#443,#441,#190,.T.);
#573=EDGE_CURVE('',#443,#444,#303,.T.);
#574=EDGE_CURVE('',#442,#444,#191,.T.);
#575=EDGE_CURVE('',#442,#445,#304,.T.);
#576=EDGE_CURVE('',#444,#446,#305,.T.);
#577=EDGE_CURVE('',#445,#446,#192,.T.);
#578=EDGE_CURVE('',#447,#448,#306,.T.);
#579=EDGE_CURVE('',#449,#448,#307,.T.);
#580=EDGE_CURVE('',#450,#449,#308,.T.);
#581=EDGE_CURVE('',#450,#447,#193,.T.);
#582=EDGE_CURVE('',#451,#447,#309,.T.);
#583=EDGE_CURVE('',#452,#450,#310,.T.);
#584=EDGE_CURVE('',#452,#451,#194,.T.);
#585=EDGE_CURVE('',#453,#451,#311,.T.);
#586=EDGE_CURVE('',#452,#454,#312,.T.);
#587=EDGE_CURVE('',#453,#454,#195,.T.);
#588=EDGE_CURVE('',#455,#456,#313,.T.);
#589=EDGE_CURVE('',#457,#456,#196,.T.);
#590=EDGE_CURVE('',#458,#457,#314,.T.);
#591=EDGE_CURVE('',#458,#455,#197,.T.);
#592=EDGE_CURVE('',#456,#459,#315,.T.);
#593=EDGE_CURVE('',#460,#459,#198,.T.);
#594=EDGE_CURVE('',#457,#460,#316,.T.);
#595=EDGE_CURVE('',#459,#461,#317,.T.);
#596=EDGE_CURVE('',#462,#461,#199,.T.);
#597=EDGE_CURVE('',#460,#462,#318,.T.);
#598=EDGE_CURVE('',#461,#455,#319,.T.);
#599=EDGE_CURVE('',#462,#458,#320,.T.);
#600=EDGE_CURVE('',#463,#464,#321,.T.);
#601=EDGE_CURVE('',#463,#465,#200,.T.);
#602=EDGE_CURVE('',#465,#466,#322,.T.);
#603=EDGE_CURVE('',#464,#466,#201,.T.);
#604=EDGE_CURVE('',#467,#463,#323,.T.);
#605=EDGE_CURVE('',#467,#468,#202,.T.);
#606=EDGE_CURVE('',#468,#465,#324,.T.);
#607=EDGE_CURVE('',#469,#467,#325,.T.);
#608=EDGE_CURVE('',#469,#470,#203,.T.);
#609=EDGE_CURVE('',#470,#468,#326,.T.);
#610=EDGE_CURVE('',#464,#469,#327,.T.);
#611=EDGE_CURVE('',#466,#470,#328,.T.);
#612=EDGE_CURVE('',#471,#472,#329,.T.);
#613=EDGE_CURVE('',#473,#472,#330,.T.);
#614=EDGE_CURVE('',#474,#473,#331,.T.);
#615=EDGE_CURVE('',#474,#471,#204,.T.);
#616=EDGE_CURVE('',#475,#471,#332,.T.);
#617=EDGE_CURVE('',#476,#474,#333,.T.);
#618=EDGE_CURVE('',#475,#476,#334,.T.);
#619=EDGE_CURVE('',#477,#478,#335,.T.);
#620=EDGE_CURVE('',#479,#478,#205,.T.);
#621=EDGE_CURVE('',#479,#480,#336,.T.);
#622=EDGE_CURVE('',#480,#477,#206,.T.);
#623=EDGE_CURVE('',#481,#482,#337,.T.);
#624=EDGE_CURVE('',#483,#482,#207,.T.);
#625=EDGE_CURVE('',#484,#483,#338,.T.);
#626=EDGE_CURVE('',#481,#484,#208,.T.);
#627=EDGE_CURVE('',#482,#485,#339,.T.);
#628=EDGE_CURVE('',#486,#485,#209,.T.);
#629=EDGE_CURVE('',#483,#486,#340,.T.);
#630=EDGE_CURVE('',#485,#477,#341,.T.);
#631=EDGE_CURVE('',#486,#480,#342,.T.);
#632=EDGE_CURVE('',#487,#488,#343,.T.);
#633=EDGE_CURVE('',#489,#487,#344,.T.);
#634=EDGE_CURVE('',#489,#490,#345,.T.);
#635=EDGE_CURVE('',#488,#490,#210,.T.);
#636=EDGE_CURVE('',#488,#491,#346,.T.);
#637=EDGE_CURVE('',#490,#492,#347,.T.);
#638=EDGE_CURVE('',#491,#492,#348,.T.);
#639=EDGE_CURVE('',#434,#411,#349,.T.);
#640=EDGE_CURVE('',#492,#439,#350,.T.);
#641=EDGE_CURVE('',#448,#489,#351,.T.);
#642=EDGE_CURVE('',#478,#453,#352,.T.);
#643=EDGE_CURVE('',#423,#485,#353,.T.);
#644=EDGE_CURVE('',#444,#418,#354,.T.);
#645=EDGE_CURVE('',#416,#443,#355,.T.);
#646=EDGE_CURVE('',#446,#395,#356,.T.);
#647=EDGE_CURVE('',#426,#481,#357,.T.);
#648=EDGE_CURVE('',#472,#429,#358,.T.);
#649=EDGE_CURVE('',#408,#475,#359,.T.);
#650=EDGE_CURVE('',#400,#403,#360,.T.);
#651=EDGE_CURVE('',#473,#476,#361,.T.);
#652=EDGE_CURVE('',#493,#432,#362,.T.);
#653=EDGE_CURVE('',#493,#494,#363,.T.);
#654=EDGE_CURVE('',#494,#495,#364,.T.);
#655=EDGE_CURVE('',#495,#496,#211,.T.);
#656=EDGE_CURVE('',#399,#496,#365,.T.);
#657=EDGE_CURVE('',#407,#401,#366,.T.);
#658=EDGE_CURVE('',#497,#484,#367,.T.);
#659=EDGE_CURVE('',#479,#497,#368,.T.);
#660=EDGE_CURVE('',#498,#454,#369,.T.);
#661=EDGE_CURVE('',#499,#498,#370,.T.);
#662=EDGE_CURVE('',#500,#499,#371,.T.);
#663=EDGE_CURVE('',#494,#500,#372,.T.);
#664=EDGE_CURVE('',#427,#493,#373,.T.);
#665=EDGE_CURVE('',#486,#497,#374,.T.);
#666=EDGE_CURVE('',#449,#498,#375,.T.);
#667=EDGE_CURVE('',#491,#487,#376,.T.);
#668=EDGE_CURVE('',#435,#440,#377,.T.);
#669=EDGE_CURVE('',#415,#501,#378,.T.);
#670=EDGE_CURVE('',#501,#409,#379,.T.);
#671=EDGE_CURVE('',#502,#442,#380,.T.);
#672=EDGE_CURVE('',#502,#503,#381,.T.);
#673=EDGE_CURVE('',#503,#441,#382,.T.);
#674=EDGE_CURVE('',#419,#424,#383,.T.);
#675=EDGE_CURVE('',#445,#504,#384,.T.);
#676=EDGE_CURVE('',#504,#502,#385,.T.);
#677=EDGE_CURVE('',#496,#393,#386,.T.);
#678=EDGE_CURVE('',#505,#500,#387,.T.);
#679=EDGE_CURVE('',#506,#505,#388,.T.);
#680=EDGE_CURVE('',#495,#506,#389,.T.);
#681=EDGE_CURVE('',#507,#499,#390,.T.);
#682=EDGE_CURVE('',#508,#507,#391,.T.);
#683=EDGE_CURVE('',#505,#508,#392,.T.);
#684=EDGE_CURVE('',#507,#501,#212,.T.);
#685=EDGE_CURVE('',#508,#503,#213,.T.);
#686=EDGE_CURVE('',#506,#504,#214,.T.);
#687=ORIENTED_EDGE('',*,*,#509,.F.);
#688=ORIENTED_EDGE('',*,*,#510,.F.);
#689=ORIENTED_EDGE('',*,*,#511,.T.);
#690=ORIENTED_EDGE('',*,*,#512,.F.);
#691=ORIENTED_EDGE('',*,*,#513,.F.);
#692=ORIENTED_EDGE('',*,*,#512,.T.);
#693=ORIENTED_EDGE('',*,*,#514,.T.);
#694=ORIENTED_EDGE('',*,*,#515,.F.);
#695=ORIENTED_EDGE('',*,*,#516,.F.);
#696=ORIENTED_EDGE('',*,*,#515,.T.);
#697=ORIENTED_EDGE('',*,*,#517,.T.);
#698=ORIENTED_EDGE('',*,*,#518,.F.);
#699=ORIENTED_EDGE('',*,*,#519,.F.);
#700=ORIENTED_EDGE('',*,*,#520,.F.);
#701=ORIENTED_EDGE('',*,*,#521,.T.);
#702=ORIENTED_EDGE('',*,*,#522,.F.);
#703=ORIENTED_EDGE('',*,*,#523,.F.);
#704=ORIENTED_EDGE('',*,*,#522,.T.);
#705=ORIENTED_EDGE('',*,*,#524,.T.);
#706=ORIENTED_EDGE('',*,*,#525,.F.);
#707=ORIENTED_EDGE('',*,*,#526,.F.);
#708=ORIENTED_EDGE('',*,*,#525,.T.);
#709=ORIENTED_EDGE('',*,*,#527,.T.);
#710=ORIENTED_EDGE('',*,*,#528,.F.);
#711=ORIENTED_EDGE('',*,*,#529,.F.);
#712=ORIENTED_EDGE('',*,*,#530,.F.);
#713=ORIENTED_EDGE('',*,*,#531,.T.);
#714=ORIENTED_EDGE('',*,*,#532,.F.);
#715=ORIENTED_EDGE('',*,*,#533,.F.);
#716=ORIENTED_EDGE('',*,*,#532,.T.);
#717=ORIENTED_EDGE('',*,*,#534,.T.);
#718=ORIENTED_EDGE('',*,*,#535,.F.);
#719=ORIENTED_EDGE('',*,*,#536,.F.);
#720=ORIENTED_EDGE('',*,*,#535,.T.);
#721=ORIENTED_EDGE('',*,*,#537,.T.);
#722=ORIENTED_EDGE('',*,*,#538,.F.);
#723=ORIENTED_EDGE('',*,*,#539,.T.);
#724=ORIENTED_EDGE('',*,*,#540,.F.);
#725=ORIENTED_EDGE('',*,*,#541,.F.);
#726=ORIENTED_EDGE('',*,*,#542,.T.);
#727=ORIENTED_EDGE('',*,*,#543,.T.);
#728=ORIENTED_EDGE('',*,*,#544,.F.);
#729=ORIENTED_EDGE('',*,*,#545,.F.);
#730=ORIENTED_EDGE('',*,*,#540,.T.);
#731=ORIENTED_EDGE('',*,*,#546,.T.);
#732=ORIENTED_EDGE('',*,*,#547,.F.);
#733=ORIENTED_EDGE('',*,*,#548,.F.);
#734=ORIENTED_EDGE('',*,*,#544,.T.);
#735=ORIENTED_EDGE('',*,*,#549,.T.);
#736=ORIENTED_EDGE('',*,*,#542,.F.);
#737=ORIENTED_EDGE('',*,*,#550,.F.);
#738=ORIENTED_EDGE('',*,*,#547,.T.);
#739=ORIENTED_EDGE('',*,*,#551,.T.);
#740=ORIENTED_EDGE('',*,*,#552,.F.);
#741=ORIENTED_EDGE('',*,*,#553,.F.);
#742=ORIENTED_EDGE('',*,*,#554,.T.);
#743=ORIENTED_EDGE('',*,*,#555,.T.);
#744=ORIENTED_EDGE('',*,*,#556,.F.);
#745=ORIENTED_EDGE('',*,*,#557,.F.);
#746=ORIENTED_EDGE('',*,*,#558,.F.);
#747=ORIENTED_EDGE('',*,*,#559,.T.);
#748=ORIENTED_EDGE('',*,*,#554,.F.);
#749=ORIENTED_EDGE('',*,*,#560,.F.);
#750=ORIENTED_EDGE('',*,*,#556,.T.);
#751=ORIENTED_EDGE('',*,*,#561,.T.);
#752=ORIENTED_EDGE('',*,*,#562,.F.);
#753=ORIENTED_EDGE('',*,*,#563,.F.);
#754=ORIENTED_EDGE('',*,*,#564,.T.);
#755=ORIENTED_EDGE('',*,*,#565,.T.);
#756=ORIENTED_EDGE('',*,*,#564,.F.);
#757=ORIENTED_EDGE('',*,*,#566,.F.);
#758=ORIENTED_EDGE('',*,*,#567,.T.);
#759=ORIENTED_EDGE('',*,*,#568,.T.);
#760=ORIENTED_EDGE('',*,*,#567,.F.);
#761=ORIENTED_EDGE('',*,*,#569,.F.);
#762=ORIENTED_EDGE('',*,*,#570,.F.);
#763=ORIENTED_EDGE('',*,*,#571,.F.);
#764=ORIENTED_EDGE('',*,*,#572,.F.);
#765=ORIENTED_EDGE('',*,*,#573,.T.);
#766=ORIENTED_EDGE('',*,*,#574,.F.);
#767=ORIENTED_EDGE('',*,*,#575,.F.);
#768=ORIENTED_EDGE('',*,*,#574,.T.);
#769=ORIENTED_EDGE('',*,*,#576,.T.);
#770=ORIENTED_EDGE('',*,*,#577,.F.);
#771=ORIENTED_EDGE('',*,*,#578,.T.);
#772=ORIENTED_EDGE('',*,*,#579,.F.);
#773=ORIENTED_EDGE('',*,*,#580,.F.);
#774=ORIENTED_EDGE('',*,*,#581,.T.);
#775=ORIENTED_EDGE('',*,*,#582,.T.);
#776=ORIENTED_EDGE('',*,*,#581,.F.);
#777=ORIENTED_EDGE('',*,*,#583,.F.);
#778=ORIENTED_EDGE('',*,*,#584,.T.);
#779=ORIENTED_EDGE('',*,*,#585,.T.);
#780=ORIENTED_EDGE('',*,*,#584,.F.);
#781=ORIENTED_EDGE('',*,*,#586,.T.);
#782=ORIENTED_EDGE('',*,*,#587,.F.);
#783=ORIENTED_EDGE('',*,*,#588,.T.);
#784=ORIENTED_EDGE('',*,*,#589,.F.);
#785=ORIENTED_EDGE('',*,*,#590,.F.);
#786=ORIENTED_EDGE('',*,*,#591,.T.);
#787=ORIENTED_EDGE('',*,*,#592,.T.);
#788=ORIENTED_EDGE('',*,*,#593,.F.);
#789=ORIENTED_EDGE('',*,*,#594,.F.);
#790=ORIENTED_EDGE('',*,*,#589,.T.);
#791=ORIENTED_EDGE('',*,*,#595,.T.);
#792=ORIENTED_EDGE('',*,*,#596,.F.);
#793=ORIENTED_EDGE('',*,*,#597,.F.);
#794=ORIENTED_EDGE('',*,*,#593,.T.);
#795=ORIENTED_EDGE('',*,*,#598,.T.);
#796=ORIENTED_EDGE('',*,*,#591,.F.);
#797=ORIENTED_EDGE('',*,*,#599,.F.);
#798=ORIENTED_EDGE('',*,*,#596,.T.);
#799=ORIENTED_EDGE('',*,*,#600,.F.);
#800=ORIENTED_EDGE('',*,*,#601,.T.);
#801=ORIENTED_EDGE('',*,*,#602,.T.);
#802=ORIENTED_EDGE('',*,*,#603,.F.);
#803=ORIENTED_EDGE('',*,*,#604,.F.);
#804=ORIENTED_EDGE('',*,*,#605,.T.);
#805=ORIENTED_EDGE('',*,*,#606,.T.);
#806=ORIENTED_EDGE('',*,*,#601,.F.);
#807=ORIENTED_EDGE('',*,*,#607,.F.);
#808=ORIENTED_EDGE('',*,*,#608,.T.);
#809=ORIENTED_EDGE('',*,*,#609,.T.);
#810=ORIENTED_EDGE('',*,*,#605,.F.);
#811=ORIENTED_EDGE('',*,*,#610,.F.);
#812=ORIENTED_EDGE('',*,*,#603,.T.);
#813=ORIENTED_EDGE('',*,*,#611,.T.);
#814=ORIENTED_EDGE('',*,*,#608,.F.);
#815=ORIENTED_EDGE('',*,*,#612,.T.);
#816=ORIENTED_EDGE('',*,*,#613,.F.);
#817=ORIENTED_EDGE('',*,*,#614,.F.);
#818=ORIENTED_EDGE('',*,*,#615,.T.);
#819=ORIENTED_EDGE('',*,*,#616,.T.);
#820=ORIENTED_EDGE('',*,*,#615,.F.);
#821=ORIENTED_EDGE('',*,*,#617,.F.);
#822=ORIENTED_EDGE('',*,*,#618,.F.);
#823=ORIENTED_EDGE('',*,*,#619,.T.);
#824=ORIENTED_EDGE('',*,*,#620,.F.);
#825=ORIENTED_EDGE('',*,*,#621,.T.);
#826=ORIENTED_EDGE('',*,*,#622,.T.);
#827=ORIENTED_EDGE('',*,*,#623,.T.);
#828=ORIENTED_EDGE('',*,*,#624,.F.);
#829=ORIENTED_EDGE('',*,*,#625,.F.);
#830=ORIENTED_EDGE('',*,*,#626,.F.);
#831=ORIENTED_EDGE('',*,*,#627,.T.);
#832=ORIENTED_EDGE('',*,*,#628,.F.);
#833=ORIENTED_EDGE('',*,*,#629,.F.);
#834=ORIENTED_EDGE('',*,*,#624,.T.);
#835=ORIENTED_EDGE('',*,*,#630,.T.);
#836=ORIENTED_EDGE('',*,*,#622,.F.);
#837=ORIENTED_EDGE('',*,*,#631,.F.);
#838=ORIENTED_EDGE('',*,*,#628,.T.);
#839=ORIENTED_EDGE('',*,*,#632,.F.);
#840=ORIENTED_EDGE('',*,*,#633,.F.);
#841=ORIENTED_EDGE('',*,*,#634,.T.);
#842=ORIENTED_EDGE('',*,*,#635,.F.);
#843=ORIENTED_EDGE('',*,*,#636,.F.);
#844=ORIENTED_EDGE('',*,*,#635,.T.);
#845=ORIENTED_EDGE('',*,*,#637,.T.);
#846=ORIENTED_EDGE('',*,*,#638,.F.);
#847=ORIENTED_EDGE('',*,*,#537,.F.);
#848=ORIENTED_EDGE('',*,*,#534,.F.);
#849=ORIENTED_EDGE('',*,*,#531,.F.);
#850=ORIENTED_EDGE('',*,*,#639,.F.);
#851=ORIENTED_EDGE('',*,*,#561,.F.);
#852=ORIENTED_EDGE('',*,*,#565,.F.);
#853=ORIENTED_EDGE('',*,*,#568,.F.);
#854=ORIENTED_EDGE('',*,*,#640,.F.);
#855=ORIENTED_EDGE('',*,*,#637,.F.);
#856=ORIENTED_EDGE('',*,*,#634,.F.);
#857=ORIENTED_EDGE('',*,*,#641,.F.);
#858=ORIENTED_EDGE('',*,*,#578,.F.);
#859=ORIENTED_EDGE('',*,*,#582,.F.);
#860=ORIENTED_EDGE('',*,*,#585,.F.);
#861=ORIENTED_EDGE('',*,*,#642,.F.);
#862=ORIENTED_EDGE('',*,*,#619,.F.);
#863=ORIENTED_EDGE('',*,*,#630,.F.);
#864=ORIENTED_EDGE('',*,*,#643,.F.);
#865=ORIENTED_EDGE('',*,*,#546,.F.);
#866=ORIENTED_EDGE('',*,*,#543,.F.);
#867=ORIENTED_EDGE('',*,*,#644,.F.);
#868=ORIENTED_EDGE('',*,*,#573,.F.);
#869=ORIENTED_EDGE('',*,*,#645,.F.);
#870=ORIENTED_EDGE('',*,*,#595,.F.);
#871=ORIENTED_EDGE('',*,*,#592,.F.);
#872=ORIENTED_EDGE('',*,*,#588,.F.);
#873=ORIENTED_EDGE('',*,*,#598,.F.);
#874=ORIENTED_EDGE('',*,*,#517,.F.);
#875=ORIENTED_EDGE('',*,*,#514,.F.);
#876=ORIENTED_EDGE('',*,*,#511,.F.);
#877=ORIENTED_EDGE('',*,*,#646,.F.);
#878=ORIENTED_EDGE('',*,*,#576,.F.);
#879=ORIENTED_EDGE('',*,*,#644,.T.);
#880=ORIENTED_EDGE('',*,*,#539,.F.);
#881=ORIENTED_EDGE('',*,*,#549,.F.);
#882=ORIENTED_EDGE('',*,*,#643,.T.);
#883=ORIENTED_EDGE('',*,*,#627,.F.);
#884=ORIENTED_EDGE('',*,*,#623,.F.);
#885=ORIENTED_EDGE('',*,*,#647,.F.);
#886=ORIENTED_EDGE('',*,*,#551,.F.);
#887=ORIENTED_EDGE('',*,*,#559,.F.);
#888=ORIENTED_EDGE('',*,*,#555,.F.);
#889=ORIENTED_EDGE('',*,*,#648,.F.);
#890=ORIENTED_EDGE('',*,*,#612,.F.);
#891=ORIENTED_EDGE('',*,*,#616,.F.);
#892=ORIENTED_EDGE('',*,*,#649,.F.);
#893=ORIENTED_EDGE('',*,*,#527,.F.);
#894=ORIENTED_EDGE('',*,*,#524,.F.);
#895=ORIENTED_EDGE('',*,*,#521,.F.);
#896=ORIENTED_EDGE('',*,*,#650,.F.);
#897=ORIENTED_EDGE('',*,*,#609,.F.);
#898=ORIENTED_EDGE('',*,*,#611,.F.);
#899=ORIENTED_EDGE('',*,*,#602,.F.);
#900=ORIENTED_EDGE('',*,*,#606,.F.);
#901=ORIENTED_EDGE('',*,*,#528,.T.);
#902=ORIENTED_EDGE('',*,*,#649,.T.);
#903=ORIENTED_EDGE('',*,*,#618,.T.);
#904=ORIENTED_EDGE('',*,*,#651,.F.);
#905=ORIENTED_EDGE('',*,*,#613,.T.);
#906=ORIENTED_EDGE('',*,*,#648,.T.);
#907=ORIENTED_EDGE('',*,*,#558,.T.);
#908=ORIENTED_EDGE('',*,*,#652,.F.);
#909=ORIENTED_EDGE('',*,*,#653,.T.);
#910=ORIENTED_EDGE('',*,*,#654,.T.);
#911=ORIENTED_EDGE('',*,*,#655,.T.);
#912=ORIENTED_EDGE('',*,*,#656,.F.);
#913=ORIENTED_EDGE('',*,*,#518,.T.);
#914=ORIENTED_EDGE('',*,*,#650,.T.);
#915=ORIENTED_EDGE('',*,*,#520,.T.);
#916=ORIENTED_EDGE('',*,*,#657,.F.);
#917=ORIENTED_EDGE('',*,*,#552,.T.);
#918=ORIENTED_EDGE('',*,*,#647,.T.);
#919=ORIENTED_EDGE('',*,*,#626,.T.);
#920=ORIENTED_EDGE('',*,*,#658,.F.);
#921=ORIENTED_EDGE('',*,*,#659,.F.);
#922=ORIENTED_EDGE('',*,*,#620,.T.);
#923=ORIENTED_EDGE('',*,*,#642,.T.);
#924=ORIENTED_EDGE('',*,*,#587,.T.);
#925=ORIENTED_EDGE('',*,*,#660,.F.);
#926=ORIENTED_EDGE('',*,*,#661,.F.);
#927=ORIENTED_EDGE('',*,*,#662,.F.);
#928=ORIENTED_EDGE('',*,*,#663,.F.);
#929=ORIENTED_EDGE('',*,*,#653,.F.);
#930=ORIENTED_EDGE('',*,*,#664,.F.);
#931=ORIENTED_EDGE('',*,*,#590,.T.);
#932=ORIENTED_EDGE('',*,*,#594,.T.);
#933=ORIENTED_EDGE('',*,*,#597,.T.);
#934=ORIENTED_EDGE('',*,*,#599,.T.);
#935=ORIENTED_EDGE('',*,*,#631,.T.);
#936=ORIENTED_EDGE('',*,*,#621,.F.);
#937=ORIENTED_EDGE('',*,*,#659,.T.);
#938=ORIENTED_EDGE('',*,*,#665,.F.);
#939=ORIENTED_EDGE('',*,*,#586,.F.);
#940=ORIENTED_EDGE('',*,*,#583,.T.);
#941=ORIENTED_EDGE('',*,*,#580,.T.);
#942=ORIENTED_EDGE('',*,*,#666,.T.);
#943=ORIENTED_EDGE('',*,*,#660,.T.);
#944=ORIENTED_EDGE('',*,*,#632,.T.);
#945=ORIENTED_EDGE('',*,*,#636,.T.);
#946=ORIENTED_EDGE('',*,*,#667,.T.);
#947=ORIENTED_EDGE('',*,*,#563,.T.);
#948=ORIENTED_EDGE('',*,*,#668,.T.);
#949=ORIENTED_EDGE('',*,*,#569,.T.);
#950=ORIENTED_EDGE('',*,*,#566,.T.);
#951=ORIENTED_EDGE('',*,*,#536,.T.);
#952=ORIENTED_EDGE('',*,*,#669,.T.);
#953=ORIENTED_EDGE('',*,*,#670,.T.);
#954=ORIENTED_EDGE('',*,*,#529,.T.);
#955=ORIENTED_EDGE('',*,*,#533,.T.);
#956=ORIENTED_EDGE('',*,*,#571,.T.);
#957=ORIENTED_EDGE('',*,*,#671,.F.);
#958=ORIENTED_EDGE('',*,*,#672,.T.);
#959=ORIENTED_EDGE('',*,*,#673,.T.);
#960=ORIENTED_EDGE('',*,*,#545,.T.);
#961=ORIENTED_EDGE('',*,*,#548,.T.);
#962=ORIENTED_EDGE('',*,*,#674,.F.);
#963=ORIENTED_EDGE('',*,*,#625,.T.);
#964=ORIENTED_EDGE('',*,*,#629,.T.);
#965=ORIENTED_EDGE('',*,*,#665,.T.);
#966=ORIENTED_EDGE('',*,*,#658,.T.);
#967=ORIENTED_EDGE('',*,*,#600,.T.);
#968=ORIENTED_EDGE('',*,*,#610,.T.);
#969=ORIENTED_EDGE('',*,*,#607,.T.);
#970=ORIENTED_EDGE('',*,*,#604,.T.);
#971=ORIENTED_EDGE('',*,*,#557,.T.);
#972=ORIENTED_EDGE('',*,*,#560,.T.);
#973=ORIENTED_EDGE('',*,*,#553,.T.);
#974=ORIENTED_EDGE('',*,*,#664,.T.);
#975=ORIENTED_EDGE('',*,*,#652,.T.);
#976=ORIENTED_EDGE('',*,*,#541,.T.);
#977=ORIENTED_EDGE('',*,*,#674,.T.);
#978=ORIENTED_EDGE('',*,*,#550,.T.);
#979=ORIENTED_EDGE('',*,*,#575,.T.);
#980=ORIENTED_EDGE('',*,*,#675,.T.);
#981=ORIENTED_EDGE('',*,*,#676,.T.);
#982=ORIENTED_EDGE('',*,*,#671,.T.);
#983=ORIENTED_EDGE('',*,*,#617,.T.);
#984=ORIENTED_EDGE('',*,*,#614,.T.);
#985=ORIENTED_EDGE('',*,*,#651,.T.);
#986=ORIENTED_EDGE('',*,*,#516,.T.);
#987=ORIENTED_EDGE('',*,*,#656,.T.);
#988=ORIENTED_EDGE('',*,*,#677,.T.);
#989=ORIENTED_EDGE('',*,*,#509,.T.);
#990=ORIENTED_EDGE('',*,*,#513,.T.);
#991=ORIENTED_EDGE('',*,*,#526,.T.);
#992=ORIENTED_EDGE('',*,*,#657,.T.);
#993=ORIENTED_EDGE('',*,*,#519,.T.);
#994=ORIENTED_EDGE('',*,*,#523,.T.);
#995=ORIENTED_EDGE('',*,*,#663,.T.);
#996=ORIENTED_EDGE('',*,*,#678,.F.);
#997=ORIENTED_EDGE('',*,*,#679,.F.);
#998=ORIENTED_EDGE('',*,*,#680,.F.);
#999=ORIENTED_EDGE('',*,*,#654,.F.);
#1000=ORIENTED_EDGE('',*,*,#662,.T.);
#1001=ORIENTED_EDGE('',*,*,#681,.F.);
#1002=ORIENTED_EDGE('',*,*,#682,.F.);
#1003=ORIENTED_EDGE('',*,*,#683,.F.);
#1004=ORIENTED_EDGE('',*,*,#678,.T.);
#1005=ORIENTED_EDGE('',*,*,#530,.T.);
#1006=ORIENTED_EDGE('',*,*,#670,.F.);
#1007=ORIENTED_EDGE('',*,*,#684,.F.);
#1008=ORIENTED_EDGE('',*,*,#681,.T.);
#1009=ORIENTED_EDGE('',*,*,#661,.T.);
#1010=ORIENTED_EDGE('',*,*,#666,.F.);
#1011=ORIENTED_EDGE('',*,*,#579,.T.);
#1012=ORIENTED_EDGE('',*,*,#641,.T.);
#1013=ORIENTED_EDGE('',*,*,#633,.T.);
#1014=ORIENTED_EDGE('',*,*,#667,.F.);
#1015=ORIENTED_EDGE('',*,*,#638,.T.);
#1016=ORIENTED_EDGE('',*,*,#640,.T.);
#1017=ORIENTED_EDGE('',*,*,#570,.T.);
#1018=ORIENTED_EDGE('',*,*,#668,.F.);
#1019=ORIENTED_EDGE('',*,*,#562,.T.);
#1020=ORIENTED_EDGE('',*,*,#639,.T.);
#1021=ORIENTED_EDGE('',*,*,#572,.T.);
#1022=ORIENTED_EDGE('',*,*,#673,.F.);
#1023=ORIENTED_EDGE('',*,*,#685,.F.);
#1024=ORIENTED_EDGE('',*,*,#682,.T.);
#1025=ORIENTED_EDGE('',*,*,#684,.T.);
#1026=ORIENTED_EDGE('',*,*,#669,.F.);
#1027=ORIENTED_EDGE('',*,*,#538,.T.);
#1028=ORIENTED_EDGE('',*,*,#645,.T.);
#1029=ORIENTED_EDGE('',*,*,#679,.T.);
#1030=ORIENTED_EDGE('',*,*,#683,.T.);
#1031=ORIENTED_EDGE('',*,*,#685,.T.);
#1032=ORIENTED_EDGE('',*,*,#672,.F.);
#1033=ORIENTED_EDGE('',*,*,#676,.F.);
#1034=ORIENTED_EDGE('',*,*,#686,.F.);
#1035=ORIENTED_EDGE('',*,*,#510,.T.);
#1036=ORIENTED_EDGE('',*,*,#677,.F.);
#1037=ORIENTED_EDGE('',*,*,#655,.F.);
#1038=ORIENTED_EDGE('',*,*,#680,.T.);
#1039=ORIENTED_EDGE('',*,*,#686,.T.);
#1040=ORIENTED_EDGE('',*,*,#675,.F.);
#1041=ORIENTED_EDGE('',*,*,#577,.T.);
#1042=ORIENTED_EDGE('',*,*,#646,.T.);
#1043=PLANE('',#1167);
#1044=PLANE('',#1168);
#1045=PLANE('',#1169);
#1046=PLANE('',#1170);
#1047=PLANE('',#1171);
#1048=PLANE('',#1172);
#1049=PLANE('',#1173);
#1050=PLANE('',#1174);
#1051=PLANE('',#1175);
#1052=PLANE('',#1176);
#1053=PLANE('',#1177);
#1054=PLANE('',#1178);
#1055=PLANE('',#1179);
#1056=PLANE('',#1180);
#1057=PLANE('',#1181);
#1058=PLANE('',#1182);
#1059=PLANE('',#1183);
#1060=PLANE('',#1184);
#1061=PLANE('',#1185);
#1062=PLANE('',#1186);
#1063=PLANE('',#1187);
#1064=PLANE('',#1188);
#1065=PLANE('',#1189);
#1066=PLANE('',#1190);
#1067=PLANE('',#1191);
#1068=PLANE('',#1192);
#1069=PLANE('',#1193);
#1070=PLANE('',#1194);
#1071=PLANE('',#1195);
#1072=PLANE('',#1196);
#1073=PLANE('',#1197);
#1074=PLANE('',#1198);
#1075=PLANE('',#1199);
#1076=PLANE('',#1200);
#1077=PLANE('',#1201);
#1078=PLANE('',#1202);
#1079=PLANE('',#1203);
#1080=PLANE('',#1204);
#1081=PLANE('',#1205);
#1082=PLANE('',#1206);
#1083=PLANE('',#1207);
#1084=PLANE('',#1208);
#1085=PLANE('',#1209);
#1086=PLANE('',#1210);
#1087=ADVANCED_FACE('',(#39),#1043,.T.);
#1088=ADVANCED_FACE('',(#40),#1044,.T.);
#1089=ADVANCED_FACE('',(#41),#1045,.T.);
#1090=ADVANCED_FACE('',(#42),#1046,.T.);
#1091=ADVANCED_FACE('',(#43),#1047,.T.);
#1092=ADVANCED_FACE('',(#44),#1048,.T.);
#1093=ADVANCED_FACE('',(#45),#1049,.T.);
#1094=ADVANCED_FACE('',(#46),#1050,.T.);
#1095=ADVANCED_FACE('',(#47),#1051,.T.);
#1096=ADVANCED_FACE('',(#48),#1052,.T.);
#1097=ADVANCED_FACE('',(#49),#1053,.T.);
#1098=ADVANCED_FACE('',(#50),#1054,.T.);
#1099=ADVANCED_FACE('',(#51),#1055,.T.);
#1100=ADVANCED_FACE('',(#52),#1056,.T.);
#1101=ADVANCED_FACE('',(#53),#1057,.T.);
#1102=ADVANCED_FACE('',(#54),#1058,.T.);
#1103=ADVANCED_FACE('',(#55),#1059,.T.);
#1104=ADVANCED_FACE('',(#56),#1060,.T.);
#1105=ADVANCED_FACE('',(#57),#1061,.T.);
#1106=ADVANCED_FACE('',(#58),#1062,.T.);
#1107=ADVANCED_FACE('',(#59),#1063,.T.);
#1108=ADVANCED_FACE('',(#60),#1064,.T.);
#1109=ADVANCED_FACE('',(#61),#1065,.T.);
#1110=ADVANCED_FACE('',(#62),#1066,.T.);
#1111=ADVANCED_FACE('',(#63),#1067,.T.);
#1112=ADVANCED_FACE('',(#64),#1068,.T.);
#1113=ADVANCED_FACE('',(#65),#1069,.T.);
#1114=ADVANCED_FACE('',(#66),#1070,.T.);
#1115=ADVANCED_FACE('',(#67),#1071,.T.);
#1116=ADVANCED_FACE('',(#68),#1072,.T.);
#1117=ADVANCED_FACE('',(#69),#1073,.T.);
#1118=ADVANCED_FACE('',(#70),#1074,.T.);
#1119=ADVANCED_FACE('',(#71),#1075,.T.);
#1120=ADVANCED_FACE('',(#72),#1076,.T.);
#1121=ADVANCED_FACE('',(#73),#1077,.T.);
#1122=ADVANCED_FACE('',(#74),#1078,.T.);
#1123=ADVANCED_FACE('',(#75),#1079,.T.);
#1124=ADVANCED_FACE('',(#76),#1080,.T.);
#1125=ADVANCED_FACE('',(#77),#1081,.T.);
#1126=ADVANCED_FACE('',(#78),#1082,.T.);
#1127=ADVANCED_FACE('',(#79,#15),#17,.F.);
#1128=ADVANCED_FACE('',(#80,#16),#18,.T.);
#1129=ADVANCED_FACE('',(#81),#19,.T.);
#1130=ADVANCED_FACE('',(#82),#1083,.F.);
#1131=ADVANCED_FACE('',(#83),#20,.F.);
#1132=ADVANCED_FACE('',(#84),#21,.F.);
#1133=ADVANCED_FACE('',(#85),#22,.F.);
#1134=ADVANCED_FACE('',(#86),#23,.F.);
#1135=ADVANCED_FACE('',(#87),#24,.F.);
#1136=ADVANCED_FACE('',(#88),#25,.F.);
#1137=ADVANCED_FACE('',(#89),#26,.F.);
#1138=ADVANCED_FACE('',(#90),#27,.F.);
#1139=ADVANCED_FACE('',(#91),#28,.T.);
#1140=ADVANCED_FACE('',(#92),#29,.T.);
#1141=ADVANCED_FACE('',(#93),#30,.T.);
#1142=ADVANCED_FACE('',(#94),#31,.T.);
#1143=ADVANCED_FACE('',(#95),#32,.T.);
#1144=ADVANCED_FACE('',(#96),#33,.T.);
#1145=ADVANCED_FACE('',(#97),#34,.T.);
#1146=ADVANCED_FACE('',(#98),#35,.T.);
#1147=ADVANCED_FACE('',(#99),#36,.F.);
#1148=ADVANCED_FACE('',(#100),#37,.T.);
#1149=ADVANCED_FACE('',(#101),#38,.T.);
#1150=ADVANCED_FACE('',(#102),#1084,.T.);
#1151=ADVANCED_FACE('',(#103),#1085,.T.);
#1152=ADVANCED_FACE('',(#104),#1086,.T.);
#1153=CLOSED_SHELL('',(#1087,#1088,#1089,#1090,#1091,#1092,#1093,#1094,
#1095,#1096,#1097,#1098,#1099,#1100,#1101,#1102,#1103,#1104,#1105,#1106,
#1107,#1108,#1109,#1110,#1111,#1112,#1113,#1114,#1115,#1116,#1117,#1118,
#1119,#1120,#1121,#1122,#1123,#1124,#1125,#1126,#1127,#1128,#1129,#1130,
#1131,#1132,#1133,#1134,#1135,#1136,#1137,#1138,#1139,#1140,#1141,#1142,
#1143,#1144,#1145,#1146,#1147,#1148,#1149,#1150,#1151,#1152));
#1154=DERIVED_UNIT_ELEMENT(#1156,1.);
#1155=DERIVED_UNIT_ELEMENT(#2536,-3.);
#1156=(
MASS_UNIT()
NAMED_UNIT(*)
SI_UNIT(.KILO.,.GRAM.)
);
#1157=DERIVED_UNIT((#1154,#1155));
#1158=MEASURE_REPRESENTATION_ITEM('density measure',
POSITIVE_RATIO_MEASURE(7850.),#1157);
#1159=PROPERTY_DEFINITION_REPRESENTATION(#1164,#1161);
#1160=PROPERTY_DEFINITION_REPRESENTATION(#1165,#1162);
#1161=REPRESENTATION('material name',(#1163),#2533);
#1162=REPRESENTATION('density',(#1158),#2533);
#1163=DESCRIPTIVE_REPRESENTATION_ITEM('Steel','Steel');
#1164=PROPERTY_DEFINITION('material property','material name',#2543);
#1165=PROPERTY_DEFINITION('material property','density of part',#2543);
#1166=AXIS2_PLACEMENT_3D('',#1343,#1211,#1212);
#1167=AXIS2_PLACEMENT_3D('',#1344,#1213,#1214);
#1168=AXIS2_PLACEMENT_3D('',#1359,#1217,#1218);
#1169=AXIS2_PLACEMENT_3D('',#1371,#1220,#1221);
#1170=AXIS2_PLACEMENT_3D('',#1388,#1222,#1223);
#1171=AXIS2_PLACEMENT_3D('',#1408,#1225,#1226);
#1172=AXIS2_PLACEMENT_3D('',#1420,#1228,#1229);
#1173=AXIS2_PLACEMENT_3D('',#1437,#1230,#1231);
#1174=AXIS2_PLACEMENT_3D('',#1457,#1233,#1234);
#1175=AXIS2_PLACEMENT_3D('',#1469,#1236,#1237);
#1176=AXIS2_PLACEMENT_3D('',#1481,#1239,#1240);
#1177=AXIS2_PLACEMENT_3D('',#1496,#1243,#1244);
#1178=AXIS2_PLACEMENT_3D('',#1508,#1246,#1247);
#1179=AXIS2_PLACEMENT_3D('',#1520,#1249,#1250);
#1180=AXIS2_PLACEMENT_3D('',#1529,#1251,#1252);
#1181=AXIS2_PLACEMENT_3D('',#1544,#1255,#1256);
#1182=AXIS2_PLACEMENT_3D('',#1564,#1258,#1259);
#1183=AXIS2_PLACEMENT_3D('',#1573,#1260,#1261);
#1184=AXIS2_PLACEMENT_3D('',#1593,#1263,#1264);
#1185=AXIS2_PLACEMENT_3D('',#1605,#1266,#1267);
#1186=AXIS2_PLACEMENT_3D('',#1622,#1268,#1269);
#1187=AXIS2_PLACEMENT_3D('',#1637,#1272,#1273);
#1188=AXIS2_PLACEMENT_3D('',#1649,#1275,#1276);
#1189=AXIS2_PLACEMENT_3D('',#1669,#1278,#1279);
#1190=AXIS2_PLACEMENT_3D('',#1681,#1281,#1282);
#1191=AXIS2_PLACEMENT_3D('',#1693,#1284,#1285);
#1192=AXIS2_PLACEMENT_3D('',#1708,#1288,#1289);
#1193=AXIS2_PLACEMENT_3D('',#1720,#1291,#1292);
#1194=AXIS2_PLACEMENT_3D('',#1732,#1294,#1295);
#1195=AXIS2_PLACEMENT_3D('',#1741,#1296,#1297);
#1196=AXIS2_PLACEMENT_3D('',#1756,#1300,#1301);
#1197=AXIS2_PLACEMENT_3D('',#1768,#1303,#1304);
#1198=AXIS2_PLACEMENT_3D('',#1780,#1306,#1307);
#1199=AXIS2_PLACEMENT_3D('',#1789,#1308,#1309);
#1200=AXIS2_PLACEMENT_3D('',#1809,#1311,#1312);
#1201=AXIS2_PLACEMENT_3D('',#1826,#1313,#1314);
#1202=AXIS2_PLACEMENT_3D('',#1841,#1317,#1318);
#1203=AXIS2_PLACEMENT_3D('',#1856,#1321,#1322);
#1204=AXIS2_PLACEMENT_3D('',#1868,#1324,#1325);
#1205=AXIS2_PLACEMENT_3D('',#1877,#1326,#1327);
#1206=AXIS2_PLACEMENT_3D('',#1897,#1329,#1330);
#1207=AXIS2_PLACEMENT_3D('',#2057,#1332,#1333);
#1208=AXIS2_PLACEMENT_3D('',#2526,#1335,#1336);
#1209=AXIS2_PLACEMENT_3D('',#2528,#1338,#1339);
#1210=AXIS2_PLACEMENT_3D('',#2530,#1341,#1342);
#1211=DIRECTION('axis',(0.,0.,1.));
#1212=DIRECTION('refdir',(1.,0.,0.));
#1213=DIRECTION('center_axis',(-0.707106781186548,-0.707106781186548,0.));
#1214=DIRECTION('ref_axis',(0.707106781186548,-0.707106781186548,0.));
#1215=DIRECTION('',(0.,0.,-1.));
#1216=DIRECTION('',(0.,0.,1.));
#1217=DIRECTION('center_axis',(-0.707106781186548,0.707106781186547,0.));
#1218=DIRECTION('ref_axis',(-0.707106781186547,-0.707106781186548,0.));
#1219=DIRECTION('',(0.,0.,1.));
#1220=DIRECTION('center_axis',(0.707106781186548,0.707106781186547,0.));
#1221=DIRECTION('ref_axis',(-0.707106781186547,0.707106781186548,0.));
#1222=DIRECTION('center_axis',(-0.707106781186548,-0.707106781186548,0.));
#1223=DIRECTION('ref_axis',(0.707106781186548,-0.707106781186548,0.));
#1224=DIRECTION('',(0.,0.,1.));
#1225=DIRECTION('center_axis',(-0.707106781186548,0.707106781186547,0.));
#1226=DIRECTION('ref_axis',(-0.707106781186547,-0.707106781186548,0.));
#1227=DIRECTION('',(0.,0.,1.));
#1228=DIRECTION('center_axis',(0.707106781186548,0.707106781186547,0.));
#1229=DIRECTION('ref_axis',(-0.707106781186547,0.707106781186548,0.));
#1230=DIRECTION('center_axis',(-0.707106781186548,0.707106781186547,0.));
#1231=DIRECTION('ref_axis',(-0.707106781186547,-0.707106781186548,0.));
#1232=DIRECTION('',(0.,0.,1.));
#1233=DIRECTION('center_axis',(0.707106781186548,0.707106781186547,0.));
#1234=DIRECTION('ref_axis',(-0.707106781186547,0.707106781186548,0.));
#1235=DIRECTION('',(0.,0.,1.));
#1236=DIRECTION('center_axis',(0.707106781186549,-0.707106781186546,0.));
#1237=DIRECTION('ref_axis',(0.707106781186546,0.707106781186549,0.));
#1238=DIRECTION('',(0.,0.,1.));
#1239=DIRECTION('center_axis',(0.707106781186549,-0.707106781186546,0.));
#1240=DIRECTION('ref_axis',(0.707106781186546,0.707106781186549,0.));
#1241=DIRECTION('',(0.,0.,1.));
#1242=DIRECTION('',(0.,0.,1.));
#1243=DIRECTION('center_axis',(-0.707106781186548,-0.707106781186548,0.));
#1244=DIRECTION('ref_axis',(0.707106781186548,-0.707106781186548,0.));
#1245=DIRECTION('',(0.,0.,1.));
#1246=DIRECTION('center_axis',(-0.707106781186548,0.707106781186547,0.));
#1247=DIRECTION('ref_axis',(-0.707106781186547,-0.707106781186548,0.));
#1248=DIRECTION('',(0.,0.,1.));
#1249=DIRECTION('center_axis',(0.707106781186548,0.707106781186547,0.));
#1250=DIRECTION('ref_axis',(-0.707106781186547,0.707106781186548,0.));
#1251=DIRECTION('center_axis',(-0.707106781186548,0.707106781186547,0.));
#1252=DIRECTION('ref_axis',(-0.707106781186547,-0.707106781186548,0.));
#1253=DIRECTION('',(0.,0.,1.));
#1254=DIRECTION('',(0.,0.,1.));
#1255=DIRECTION('center_axis',(0.707106781186549,-0.707106781186546,0.));
#1256=DIRECTION('ref_axis',(0.707106781186546,0.707106781186549,0.));
#1257=DIRECTION('',(0.,0.,1.));
#1258=DIRECTION('center_axis',(-0.707106781186548,-0.707106781186548,0.));
#1259=DIRECTION('ref_axis',(0.707106781186548,-0.707106781186548,0.));
#1260=DIRECTION('center_axis',(0.707106781186549,-0.707106781186546,0.));
#1261=DIRECTION('ref_axis',(0.707106781186546,0.707106781186549,0.));
#1262=DIRECTION('',(0.,0.,1.));
#1263=DIRECTION('center_axis',(0.707106781186548,0.707106781186547,0.));
#1264=DIRECTION('ref_axis',(-0.707106781186547,0.707106781186548,0.));
#1265=DIRECTION('',(0.,0.,1.));
#1266=DIRECTION('center_axis',(-0.707106781186548,0.707106781186547,0.));
#1267=DIRECTION('ref_axis',(-0.707106781186547,-0.707106781186548,0.));
#1268=DIRECTION('center_axis',(-0.707106781186548,0.707106781186547,0.));
#1269=DIRECTION('ref_axis',(-0.707106781186547,-0.707106781186548,0.));
#1270=DIRECTION('',(0.,0.,-1.));
#1271=DIRECTION('',(0.,0.,1.));
#1272=DIRECTION('center_axis',(0.707106781186548,0.707106781186547,0.));
#1273=DIRECTION('ref_axis',(-0.707106781186547,0.707106781186548,0.));
#1274=DIRECTION('',(0.,0.,1.));
#1275=DIRECTION('center_axis',(-0.707106781186548,-0.707106781186548,0.));
#1276=DIRECTION('ref_axis',(0.707106781186548,-0.707106781186548,0.));
#1277=DIRECTION('',(0.,0.,1.));
#1278=DIRECTION('center_axis',(0.707106781186549,-0.707106781186546,0.));
#1279=DIRECTION('ref_axis',(0.707106781186546,0.707106781186549,0.));
#1280=DIRECTION('',(0.,0.,1.));
#1281=DIRECTION('center_axis',(0.707106781186548,0.707106781186547,0.));
#1282=DIRECTION('ref_axis',(-0.707106781186547,0.707106781186548,0.));
#1283=DIRECTION('',(0.,0.,-1.));
#1284=DIRECTION('center_axis',(-0.707106781186548,0.707106781186547,0.));
#1285=DIRECTION('ref_axis',(-0.707106781186547,-0.707106781186548,0.));
#1286=DIRECTION('',(0.,0.,1.));
#1287=DIRECTION('',(0.,0.,1.));
#1288=DIRECTION('center_axis',(0.707106781186548,0.707106781186547,0.));
#1289=DIRECTION('ref_axis',(-0.707106781186547,0.707106781186548,0.));
#1290=DIRECTION('',(0.,0.,1.));
#1291=DIRECTION('center_axis',(0.707106781186549,-0.707106781186546,0.));
#1292=DIRECTION('ref_axis',(0.707106781186546,0.707106781186549,0.));
#1293=DIRECTION('',(0.,0.,1.));
#1294=DIRECTION('center_axis',(-0.707106781186548,-0.707106781186548,0.));
#1295=DIRECTION('ref_axis',(0.707106781186548,-0.707106781186548,0.));
#1296=DIRECTION('center_axis',(0.707106781186549,-0.707106781186546,0.));
#1297=DIRECTION('ref_axis',(0.707106781186546,0.707106781186549,0.));
#1298=DIRECTION('',(0.,0.,1.));
#1299=DIRECTION('',(0.,0.,1.));
#1300=DIRECTION('center_axis',(0.707106781186548,0.707106781186547,0.));
#1301=DIRECTION('ref_axis',(-0.707106781186547,0.707106781186548,0.));
#1302=DIRECTION('',(0.,0.,1.));
#1303=DIRECTION('center_axis',(-0.707106781186548,0.707106781186547,0.));
#1304=DIRECTION('ref_axis',(-0.707106781186547,-0.707106781186548,0.));
#1305=DIRECTION('',(0.,0.,1.));
#1306=DIRECTION('center_axis',(-0.707106781186548,-0.707106781186548,0.));
#1307=DIRECTION('ref_axis',(0.707106781186548,-0.707106781186548,0.));
#1308=DIRECTION('center_axis',(-0.707106781186548,0.707106781186547,0.));
#1309=DIRECTION('ref_axis',(-0.707106781186547,-0.707106781186548,0.));
#1310=DIRECTION('',(0.,0.,1.));
#1311=DIRECTION('center_axis',(-0.707106781186548,-0.707106781186548,0.));
#1312=DIRECTION('ref_axis',(0.707106781186548,-0.707106781186548,0.));
#1313=DIRECTION('center_axis',(-0.707106781186548,0.707106781186547,0.));
#1314=DIRECTION('ref_axis',(-0.707106781186547,-0.707106781186548,0.));
#1315=DIRECTION('',(0.,0.,1.));
#1316=DIRECTION('',(0.,0.,1.));
#1317=DIRECTION('center_axis',(0.707106781186548,0.707106781186547,0.));
#1318=DIRECTION('ref_axis',(-0.707106781186547,0.707106781186548,0.));
#1319=DIRECTION('',(0.,0.,1.));
#1320=DIRECTION('',(0.,0.,-1.));
#1321=DIRECTION('center_axis',(0.707106781186549,-0.707106781186546,0.));
#1322=DIRECTION('ref_axis',(0.707106781186546,0.707106781186549,0.));
#1323=DIRECTION('',(0.,0.,1.));
#1324=DIRECTION('center_axis',(-0.707106781186548,-0.707106781186548,0.));
#1325=DIRECTION('ref_axis',(0.707106781186548,-0.707106781186548,0.));
#1326=DIRECTION('center_axis',(0.707106781186548,0.707106781186547,0.));
#1327=DIRECTION('ref_axis',(-0.707106781186547,0.707106781186548,0.));
#1328=DIRECTION('',(0.,0.,1.));
#1329=DIRECTION('center_axis',(0.707106781186549,-0.707106781186546,0.));
#1330=DIRECTION('ref_axis',(0.707106781186546,0.707106781186549,0.));
#1331=DIRECTION('',(0.,0.,-1.));
#1332=DIRECTION('center_axis',(0.,-1.,0.));
#1333=DIRECTION('ref_axis',(0.,0.,-1.));
#1334=DIRECTION('',(0.,0.,-1.));
#1335=DIRECTION('center_axis',(-0.573576436351833,-0.819152044288441,0.));
#1336=DIRECTION('ref_axis',(-0.814568473966654,0.570366985860597,0.105639493845501));
#1337=DIRECTION('',(0.,0.,-1.));
#1338=DIRECTION('center_axis',(0.,-1.,0.));
#1339=DIRECTION('ref_axis',(-1.,0.,0.));
#1340=DIRECTION('',(0.,0.,-1.));
#1341=DIRECTION('center_axis',(0.57357643635183,-0.819152044288443,0.));
#1342=DIRECTION('ref_axis',(-0.816196579542812,-0.571506997658021,-0.0848698719836967));
#1343=CARTESIAN_POINT('',(0.,0.,0.));
#1344=CARTESIAN_POINT('Origin',(0.0707106781186795,-148.070710678119,0.));
#1345=CARTESIAN_POINT('',(17.6523907705576,-165.652390770558,27.8809932030108));
#1346=CARTESIAN_POINT('',(0.0707106781186706,-148.070710678119,30.6785053116755));
#1347=CARTESIAN_POINT('Ctrl Pts',(17.6523907705576,-165.652390770558,27.8809932030108));
#1348=CARTESIAN_POINT('Ctrl Pts',(11.7977806294952,-159.797780629495,28.8881794427653));
#1349=CARTESIAN_POINT('Ctrl Pts',(5.93722292637171,-153.937222926372,29.8207326556623));
#1350=CARTESIAN_POINT('Ctrl Pts',(0.0707106781186706,-148.070710678119,
30.6785053116755));
#1351=CARTESIAN_POINT('',(17.6523907705576,-165.652390770558,30.2721717122848));
#1352=CARTESIAN_POINT('',(17.6523907705576,-165.652390770558,16.7242974296986));
#1353=CARTESIAN_POINT('',(0.0707106781186706,-148.070710678119,33.0721200469155));
#1354=CARTESIAN_POINT('Ctrl Pts',(17.6523907705576,-165.652390770558,30.2721717122848));
#1355=CARTESIAN_POINT('Ctrl Pts',(11.7980224903749,-159.798022490375,31.280193424515));
#1356=CARTESIAN_POINT('Ctrl Pts',(5.93746540576089,-153.937465405761,32.2135649943943));
#1357=CARTESIAN_POINT('Ctrl Pts',(0.0707106781186706,-148.070710678119,
33.0721200469155));
#1358=CARTESIAN_POINT('',(0.0707106781186706,-148.070710678119,0.));
#1359=CARTESIAN_POINT('Origin',(20.,-128.141421356237,0.));
#1360=CARTESIAN_POINT('',(20.,-128.141421356237,33.3019037537127));
#1361=CARTESIAN_POINT('Ctrl Pts',(0.0707106781186706,-148.070710678119,
30.6785053116755));
#1362=CARTESIAN_POINT('Ctrl Pts',(6.70750280339184,-141.433918552846,31.648904514458));
#1363=CARTESIAN_POINT('Ctrl Pts',(13.3505975687424,-134.790823787495,32.523403649458));
#1364=CARTESIAN_POINT('Ctrl Pts',(20.,-128.141421356237,33.3019037537127));
#1365=CARTESIAN_POINT('',(20.,-128.141421356237,35.6978020046127));
#1366=CARTESIAN_POINT('Ctrl Pts',(0.0707106781186706,-148.070710678119,
33.0721200469155));
#1367=CARTESIAN_POINT('Ctrl Pts',(6.70749219679353,-141.433929159444,34.0433626793152));
#1368=CARTESIAN_POINT('Ctrl Pts',(13.3505863775581,-134.790834978679,34.9186233090615));
#1369=CARTESIAN_POINT('Ctrl Pts',(20.,-128.141421356237,35.6978020046127));
#1370=CARTESIAN_POINT('',(20.,-128.141421356237,0.));
#1371=CARTESIAN_POINT('Origin',(59.9292893218813,-168.070710678119,0.));
#1372=CARTESIAN_POINT('',(40.6135575379201,-148.754978893953,30.5781118763173));
#1373=CARTESIAN_POINT('Ctrl Pts',(20.,-128.141421356237,33.3019037537127));
#1374=CARTESIAN_POINT('Ctrl Pts',(26.8779686526431,-135.019390008881,32.4966435264123));
#1375=CARTESIAN_POINT('Ctrl Pts',(33.7491525932321,-141.890573949265,31.588675316893));
#1376=CARTESIAN_POINT('Ctrl Pts',(40.6135575379201,-148.754978893953,30.5781118763173));
#1377=CARTESIAN_POINT('',(40.6135575378996,-148.754978893871,32.9716391925782));
#1378=CARTESIAN_POINT('Ctrl Pts',(20.,-128.141421356237,35.6978020046127));
#1379=CARTESIAN_POINT('Ctrl Pts',(26.8779823765397,-135.019403732777,34.8918396084462));
#1380=CARTESIAN_POINT('Ctrl Pts',(33.7491656685435,-141.890587024515,33.9830806759525));
#1381=CARTESIAN_POINT('Ctrl Pts',(40.6135575378996,-148.754978893871,32.9716391925782));
#1382=CARTESIAN_POINT('Ctrl Pts',(40.6135575379883,-148.754978894226,30.5781118762621));
#1383=CARTESIAN_POINT('Ctrl Pts',(40.6135575379883,-148.754978894226,31.0781118762621));
#1384=CARTESIAN_POINT('Ctrl Pts',(40.6135575379883,-148.754978894226,31.5781118762621));
#1385=CARTESIAN_POINT('Ctrl Pts',(40.6135575379883,-148.754978894226,32.3759543150341));
#1386=CARTESIAN_POINT('Ctrl Pts',(40.6135575378996,-148.754978893871,32.6737967538062));
#1387=CARTESIAN_POINT('Ctrl Pts',(40.6135575378996,-148.754978893871,32.9716391925782));
#1388=CARTESIAN_POINT('Origin',(20.0707106781187,-128.070710678119,0.));
#1389=CARTESIAN_POINT('',(40.6253577162432,-148.625357715975,30.5971821242999));
#1390=CARTESIAN_POINT('',(20.0707106781187,-128.070710678119,33.3101787865174));
#1391=CARTESIAN_POINT('Ctrl Pts',(40.6253577162432,-148.625357715975,30.5971821242999));
#1392=CARTESIAN_POINT('Ctrl Pts',(33.7805434076967,-141.780543407429,31.6035611069502));
#1393=CARTESIAN_POINT('Ctrl Pts',(26.9289962734776,-134.928996273469,32.5079303680159));
#1394=CARTESIAN_POINT('Ctrl Pts',(20.0707106781187,-128.070710678119,33.3101787865174));
#1395=CARTESIAN_POINT('',(40.625357716216,-148.625357715867,32.9907260463613));
#1396=CARTESIAN_POINT('Ctrl Pts',(40.625357716216,-148.625357715867,32.9907260463613));
#1397=CARTESIAN_POINT('Ctrl Pts',(40.625357716216,-148.625357715867,32.6928780723168));
#1398=CARTESIAN_POINT('Ctrl Pts',(40.6253577163324,-148.625357716332,32.3950300982722));
#1399=CARTESIAN_POINT('Ctrl Pts',(40.6253577163324,-148.625357716332,31.5971821242277));
#1400=CARTESIAN_POINT('Ctrl Pts',(40.6253577163324,-148.625357716332,31.0971821242277));
#1401=CARTESIAN_POINT('Ctrl Pts',(40.6253577163324,-148.625357716332,30.5971821242277));
#1402=CARTESIAN_POINT('',(20.0707106781187,-128.070710678119,35.7060842365179));
#1403=CARTESIAN_POINT('Ctrl Pts',(40.625357716216,-148.625357715867,32.9907260463613));
#1404=CARTESIAN_POINT('Ctrl Pts',(33.7805563530234,-141.780556352674,33.9979794470854));
#1405=CARTESIAN_POINT('Ctrl Pts',(26.9290098619275,-134.929009861916,34.9031362898589));
#1406=CARTESIAN_POINT('Ctrl Pts',(20.0707106781187,-128.070710678119,35.7060842365179));
#1407=CARTESIAN_POINT('',(20.0707106781187,-128.070710678119,0.));
#1408=CARTESIAN_POINT('Origin',(40.,-108.141421356237,0.));
#1409=CARTESIAN_POINT('',(40.,-108.141421356237,35.3522000348787));
#1410=CARTESIAN_POINT('Ctrl Pts',(20.0707106781187,-128.070710678119,33.3101787865174));
#1411=CARTESIAN_POINT('Ctrl Pts',(26.7088976024456,-121.432523753792,34.0866811481938));
#1412=CARTESIAN_POINT('Ctrl Pts',(33.3519944193575,-114.78942693688,34.7673479753241));
#1413=CARTESIAN_POINT('Ctrl Pts',(40.,-108.141421356237,35.3522000348787));
#1414=CARTESIAN_POINT('',(40.,-108.141421356237,37.7498806705554));
#1415=CARTESIAN_POINT('Ctrl Pts',(20.0707106781187,-128.070710678119,35.7060842365179));
#1416=CARTESIAN_POINT('Ctrl Pts',(26.7088893799676,-121.43253197627,36.4832611743319));
#1417=CARTESIAN_POINT('Ctrl Pts',(33.3519855992918,-114.789435756946,37.1645198956147));
#1418=CARTESIAN_POINT('Ctrl Pts',(40.,-108.141421356237,37.7498806705554));
#1419=CARTESIAN_POINT('',(40.,-108.141421356237,0.));
#1420=CARTESIAN_POINT('Origin',(60.,-128.141421356237,0.));
#1421=CARTESIAN_POINT('',(43.381696974041,-111.523118328621,35.0463948424386));
#1422=CARTESIAN_POINT('Ctrl Pts',(40.,-108.141421356237,35.3522000348787));
#1423=CARTESIAN_POINT('Ctrl Pts',(41.1273567421354,-109.268778098373,35.2530218821989));
#1424=CARTESIAN_POINT('Ctrl Pts',(42.2545890738359,-110.396010428416,35.1510869337435));
#1425=CARTESIAN_POINT('Ctrl Pts',(43.381696974041,-111.523118328621,35.0463948424386));
#1426=CARTESIAN_POINT('',(43.3816969746892,-111.523118330927,37.4438098416627));
#1427=CARTESIAN_POINT('Ctrl Pts',(40.,-108.141421356237,37.7498806705554));
#1428=CARTESIAN_POINT('Ctrl Pts',(41.1273569581962,-109.268778314434,37.6506163635141));
#1429=CARTESIAN_POINT('Ctrl Pts',(42.2545892866371,-110.396010642875,37.5485928689924));
#1430=CARTESIAN_POINT('Ctrl Pts',(43.3816969746892,-111.523118330927,37.4438098416627));
#1431=CARTESIAN_POINT('Ctrl Pts',(43.3816969746892,-111.523118330927,35.0463948421474));
#1432=CARTESIAN_POINT('Ctrl Pts',(43.3816969746892,-111.523118330927,35.5463948421474));
#1433=CARTESIAN_POINT('Ctrl Pts',(43.3816969746892,-111.523118330927,36.0463948421474));
#1434=CARTESIAN_POINT('Ctrl Pts',(43.3816969746892,-111.523118330927,36.8455331753192));
#1435=CARTESIAN_POINT('Ctrl Pts',(43.3816969746892,-111.523118330927,37.1446715084909));
#1436=CARTESIAN_POINT('Ctrl Pts',(43.3816969746892,-111.523118330927,37.4438098416627));
#1437=CARTESIAN_POINT('Origin',(-20.,-128.141421356237,0.));
#1438=CARTESIAN_POINT('',(-40.6135575379883,-148.754978894226,30.578111876262));
#1439=CARTESIAN_POINT('',(-20.,-128.141421356237,33.3019037537127));
#1440=CARTESIAN_POINT('Ctrl Pts',(-40.6135575379883,-148.754978894226,30.578111876262));
#1441=CARTESIAN_POINT('Ctrl Pts',(-33.7491525932417,-141.890573949479,31.5886753168362));
#1442=CARTESIAN_POINT('Ctrl Pts',(-26.877968652702,-135.019390008939,32.4966435264173));
#1443=CARTESIAN_POINT('Ctrl Pts',(-20.,-128.141421356237,33.3019037537127));
#1444=CARTESIAN_POINT('',(-40.6135575378986,-148.754978893867,32.9716391925791));
#1445=CARTESIAN_POINT('Ctrl Pts',(-40.6135575378986,-148.754978893867,32.9716391925791));
#1446=CARTESIAN_POINT('Ctrl Pts',(-40.6135575378986,-148.754978893867,32.6737967538067));
#1447=CARTESIAN_POINT('Ctrl Pts',(-40.6135575379883,-148.754978894226,32.3759543150344));
#1448=CARTESIAN_POINT('Ctrl Pts',(-40.6135575379883,-148.754978894226,31.5781118762621));
#1449=CARTESIAN_POINT('Ctrl Pts',(-40.6135575379883,-148.754978894226,31.0781118762621));
#1450=CARTESIAN_POINT('Ctrl Pts',(-40.6135575379883,-148.754978894226,30.5781118762621));
#1451=CARTESIAN_POINT('',(-20.,-128.141421356237,35.6978020046127));
#1452=CARTESIAN_POINT('Ctrl Pts',(-40.6135575378986,-148.754978893867,32.9716391925791));
#1453=CARTESIAN_POINT('Ctrl Pts',(-33.7491656685188,-141.890587024487,33.9830806759452));
#1454=CARTESIAN_POINT('Ctrl Pts',(-26.8779823765689,-135.019403732798,34.8918396084569));
#1455=CARTESIAN_POINT('Ctrl Pts',(-20.,-128.141421356237,35.6978020046127));
#1456=CARTESIAN_POINT('',(-20.,-128.141421356237,0.));
#1457=CARTESIAN_POINT('Origin',(-0.0707106781185463,-148.070710678119,0.));
#1458=CARTESIAN_POINT('',(-0.0707106781185463,-148.070710678119,30.6785053116755));
#1459=CARTESIAN_POINT('Ctrl Pts',(-20.,-128.141421356237,33.3019037537127));
#1460=CARTESIAN_POINT('Ctrl Pts',(-13.3505975687941,-134.790823787443,32.5234036494549));
#1461=CARTESIAN_POINT('Ctrl Pts',(-6.70750280334061,-141.433918552897,31.6489045144582));
#1462=CARTESIAN_POINT('Ctrl Pts',(-0.0707106781185463,-148.070710678119,
30.6785053116755));
#1463=CARTESIAN_POINT('',(-0.0707106781185463,-148.070710678119,33.0721200469155));
#1464=CARTESIAN_POINT('Ctrl Pts',(-20.,-128.141421356237,35.6978020046127));
#1465=CARTESIAN_POINT('Ctrl Pts',(-13.3505863776087,-134.790834978629,34.9186233090581));
#1466=CARTESIAN_POINT('Ctrl Pts',(-6.70749219674234,-141.433929159495,34.0433626793156));
#1467=CARTESIAN_POINT('Ctrl Pts',(-0.0707106781185463,-148.070710678119,
33.0721200469155));
#1468=CARTESIAN_POINT('',(-0.0707106781185463,-148.070710678119,0.));
#1469=CARTESIAN_POINT('Origin',(-39.9999999999998,-188.,0.));
#1470=CARTESIAN_POINT('',(-17.6523907705574,-165.652390770558,27.880993203011));
#1471=CARTESIAN_POINT('Ctrl Pts',(-0.0707106781185463,-148.070710678119,
30.6785053116755));
#1472=CARTESIAN_POINT('Ctrl Pts',(-5.93722292627409,-153.937222926274,29.8207326556591));
#1473=CARTESIAN_POINT('Ctrl Pts',(-11.7977806295919,-159.797780629592,28.8881794427639));
#1474=CARTESIAN_POINT('Ctrl Pts',(-17.6523907705574,-165.652390770558,27.880993203011));
#1475=CARTESIAN_POINT('',(-17.6523907705603,-165.652390770561,30.2721717123225));
#1476=CARTESIAN_POINT('Ctrl Pts',(-0.0707106781185463,-148.070710678119,
33.0721200469155));
#1477=CARTESIAN_POINT('Ctrl Pts',(-5.93746540576705,-153.937465405767,32.2135649943935));
#1478=CARTESIAN_POINT('Ctrl Pts',(-11.7980224903714,-159.798022490372,31.2801934245538));
#1479=CARTESIAN_POINT('Ctrl Pts',(-17.6523907705603,-165.652390770561,30.2721717123225));
#1480=CARTESIAN_POINT('',(-17.6523907705574,-165.652390770558,14.6413820639618));
#1481=CARTESIAN_POINT('Origin',(1.33226762955019E-13,-148.,0.));
#1482=CARTESIAN_POINT('',(19.9292893218814,-128.070710678119,35.7060842365179));
#1483=CARTESIAN_POINT('',(1.33226762955019E-13,-148.,33.0824643515384));
#1484=CARTESIAN_POINT('Ctrl Pts',(19.9292893218814,-128.070710678119,35.7060842365179));
#1485=CARTESIAN_POINT('Ctrl Pts',(13.2798831556042,-134.720116844396,34.927592822727));
#1486=CARTESIAN_POINT('Ctrl Pts',(6.63678896406544,-141.363211035935,34.0530197653195));
#1487=CARTESIAN_POINT('Ctrl Pts',(1.09274710430008E-14,-148.,33.0824643515384));
#1488=CARTESIAN_POINT('',(1.33226762955019E-13,-148.,30.6888406167679));
#1489=CARTESIAN_POINT('',(1.33226762955019E-13,-148.,0.));
#1490=CARTESIAN_POINT('',(19.9292893218814,-128.070710678119,33.3101787865173));
#1491=CARTESIAN_POINT('Ctrl Pts',(19.9292893218814,-128.070710678119,33.3101787865173));
#1492=CARTESIAN_POINT('Ctrl Pts',(13.2798943311726,-134.720105668828,32.5323653605225));
#1493=CARTESIAN_POINT('Ctrl Pts',(6.63679955495967,-141.363200445041,31.6585531968804));
#1494=CARTESIAN_POINT('Ctrl Pts',(1.10859147594711E-14,-148.,30.6888406167679));
#1495=CARTESIAN_POINT('',(19.9292893218814,-128.070710678119,0.));
#1496=CARTESIAN_POINT('Origin',(-19.9292893218813,-128.070710678119,0.));
#1497=CARTESIAN_POINT('',(-19.9292893218813,-128.070710678119,35.7060842365179));
#1498=CARTESIAN_POINT('Ctrl Pts',(-1.09274710430008E-14,-148.,33.0824643515384));
#1499=CARTESIAN_POINT('Ctrl Pts',(-6.6367889643784,-141.363211035622,34.0530197653653));
#1500=CARTESIAN_POINT('Ctrl Pts',(-13.2798831552897,-134.72011684471,34.9275928226993));
#1501=CARTESIAN_POINT('Ctrl Pts',(-19.9292893218813,-128.070710678119,35.7060842365179));
#1502=CARTESIAN_POINT('',(-19.9292893218813,-128.070710678119,33.3101787865174));
#1503=CARTESIAN_POINT('',(-19.9292893218813,-128.070710678119,0.));
#1504=CARTESIAN_POINT('Ctrl Pts',(-1.10859147594711E-14,-148.,30.6888406167679));
#1505=CARTESIAN_POINT('Ctrl Pts',(-6.63679955513408,-141.363200444866,31.6585531969059));
#1506=CARTESIAN_POINT('Ctrl Pts',(-13.2798943309965,-134.720105669004,32.532365360507));
#1507=CARTESIAN_POINT('Ctrl Pts',(-19.9292893218813,-128.070710678119,33.3101787865174));
#1508=CARTESIAN_POINT('Origin',(-1.77635683940025E-14,-108.141421356237,
0.));
#1509=CARTESIAN_POINT('',(-1.77635683940025E-14,-108.141421356237,37.7498806705554));
#1510=CARTESIAN_POINT('Ctrl Pts',(-19.9292893218813,-128.070710678119,35.7060842365179));
#1511=CARTESIAN_POINT('Ctrl Pts',(-13.2911228956774,-121.432544251915,36.4832597371381));
#1512=CARTESIAN_POINT('Ctrl Pts',(-6.64802669555225,-114.78944805179,37.1645188130457));
#1513=CARTESIAN_POINT('Ctrl Pts',(-5.38179403494291E-15,-108.141421356237,
37.7498806705554));
#1514=CARTESIAN_POINT('',(-1.77635683940025E-14,-108.141421356237,35.3522000348787));
#1515=CARTESIAN_POINT('',(-1.77635683940025E-14,-108.141421356237,0.));
#1516=CARTESIAN_POINT('Ctrl Pts',(-19.9292893218813,-128.070710678119,33.3101787865174));
#1517=CARTESIAN_POINT('Ctrl Pts',(-13.291114636399,-121.432535992636,34.0866797165541));
#1518=CARTESIAN_POINT('Ctrl Pts',(-6.64801783875242,-114.78943919499,34.7673468969262));
#1519=CARTESIAN_POINT('Ctrl Pts',(-5.53393143755541E-15,-108.141421356237,
35.3522000348787));
#1520=CARTESIAN_POINT('Origin',(19.9292893218814,-128.070710678119,0.));
#1521=CARTESIAN_POINT('Ctrl Pts',(5.38179403494291E-15,-108.141421356237,
37.7498806705554));
#1522=CARTESIAN_POINT('Ctrl Pts',(6.64802669562796,-114.789448051865,37.164518813039));
#1523=CARTESIAN_POINT('Ctrl Pts',(13.2911228956024,-121.43254425184,36.4832597371491));
#1524=CARTESIAN_POINT('Ctrl Pts',(19.9292893218814,-128.070710678119,35.7060842365179));
#1525=CARTESIAN_POINT('Ctrl Pts',(5.53393143755542E-15,-108.141421356237,
35.3522000348787));
#1526=CARTESIAN_POINT('Ctrl Pts',(6.64801783869586,-114.789439194933,34.7673468969312));
#1527=CARTESIAN_POINT('Ctrl Pts',(13.2911146364556,-121.432535992693,34.0866797165459));
#1528=CARTESIAN_POINT('Ctrl Pts',(19.9292893218814,-128.070710678119,33.3101787865173));
#1529=CARTESIAN_POINT('Origin',(40.,-68.1414213562373,0.));
#1530=CARTESIAN_POINT('',(20.0707106781187,-88.0707106781186,39.2248961689845));
#1531=CARTESIAN_POINT('',(20.1414213562373,-88.,39.2290612361317));
#1532=CARTESIAN_POINT('Ctrl Pts',(20.0707106781187,-88.0707106781186,39.2248961689845));
#1533=CARTESIAN_POINT('Ctrl Pts',(20.0942808685708,-88.0471404876666,39.2262857278553));
#1534=CARTESIAN_POINT('Ctrl Pts',(20.1178510946101,-88.0235702616273,39.2276740835681));
#1535=CARTESIAN_POINT('Ctrl Pts',(20.1414213562374,-87.9999999999999,39.2290612361317));
#1536=CARTESIAN_POINT('',(20.1414213562373,-88.,36.8300985008707));
#1537=CARTESIAN_POINT('',(20.1414213562373,-88.,4.64605538663027));
#1538=CARTESIAN_POINT('',(20.0707106781187,-88.0707106781186,36.8259370387042));
#1539=CARTESIAN_POINT('Ctrl Pts',(20.0707106781187,-88.0707106781186,36.8259370387042));
#1540=CARTESIAN_POINT('Ctrl Pts',(20.0942808686311,-88.0471404876063,36.8273253948708));
#1541=CARTESIAN_POINT('Ctrl Pts',(20.1178510946702,-88.0235702615671,36.8287125489233));
#1542=CARTESIAN_POINT('Ctrl Pts',(20.1414213562373,-88.,36.8300985008707));
#1543=CARTESIAN_POINT('',(20.0707106781187,-88.0707106781186,0.));
#1544=CARTESIAN_POINT('Origin',(40.0000000000001,-108.,0.));
#1545=CARTESIAN_POINT('',(43.778840085359,-104.221159914641,38.083899093935));
#1546=CARTESIAN_POINT('',(40.0000000000001,-108.,37.7623183563799));
#1547=CARTESIAN_POINT('Ctrl Pts',(43.778840085359,-104.221159914641,38.083899093935));
#1548=CARTESIAN_POINT('Ctrl Pts',(42.5190798406683,-105.480920159332,37.9801495266744));
#1549=CARTESIAN_POINT('Ctrl Pts',(41.2594664711768,-106.740533528823,37.8729561552304));
#1550=CARTESIAN_POINT('Ctrl Pts',(40.0000000000001,-108.,37.7623183563799));
#1551=CARTESIAN_POINT('',(40.0000000000001,-108.,35.3646269281388));
#1552=CARTESIAN_POINT('',(40.0000000000001,-108.,0.));
#1553=CARTESIAN_POINT('',(43.7788400849529,-104.221159915715,35.6859286789831));
#1554=CARTESIAN_POINT('Ctrl Pts',(43.7788400849529,-104.221159915715,35.6859286789831));
#1555=CARTESIAN_POINT('Ctrl Pts',(42.5190800990705,-105.480919901598,35.5822691215221));
#1556=CARTESIAN_POINT('Ctrl Pts',(41.2594667254679,-106.740533274628,35.475168746181));
#1557=CARTESIAN_POINT('Ctrl Pts',(40.0000000000001,-108.,35.3646269281388));
#1558=CARTESIAN_POINT('Ctrl Pts',(43.778840085359,-104.221159914641,38.083899093935));
#1559=CARTESIAN_POINT('Ctrl Pts',(43.778840085359,-104.221159914641,37.784575622323));
#1560=CARTESIAN_POINT('Ctrl Pts',(43.778840085359,-104.221159914641,37.485252150711));
#1561=CARTESIAN_POINT('Ctrl Pts',(43.778840085359,-104.221159914641,36.685928679099));
#1562=CARTESIAN_POINT('Ctrl Pts',(43.778840085359,-104.221159914641,36.185928679099));
#1563=CARTESIAN_POINT('Ctrl Pts',(43.778840085359,-104.221159914641,35.685928679099));
#1564=CARTESIAN_POINT('Origin',(20.0707106781187,-88.0707106781186,0.));
#1565=CARTESIAN_POINT('Ctrl Pts',(40.0000000000001,-108.,37.7623183563799));
#1566=CARTESIAN_POINT('Ctrl Pts',(33.3604263782767,-101.360426378277,38.3455715255791));
#1567=CARTESIAN_POINT('Ctrl Pts',(26.7173278369523,-94.7173278369523,38.8330509756882));
#1568=CARTESIAN_POINT('Ctrl Pts',(20.0707106781187,-88.0707106781186,39.2248961689845));
#1569=CARTESIAN_POINT('Ctrl Pts',(40.0000000000001,-108.,35.3646269281388));
#1570=CARTESIAN_POINT('Ctrl Pts',(33.3604205577789,-101.360420557779,35.9473745052023));
#1571=CARTESIAN_POINT('Ctrl Pts',(26.7173214211877,-94.7173214211877,36.4344313779249));
#1572=CARTESIAN_POINT('Ctrl Pts',(20.0707106781187,-88.0707106781186,36.8259370387042));
#1573=CARTESIAN_POINT('Origin',(-60.,-168.000000000001,0.));
#1574=CARTESIAN_POINT('',(-20.0707106781185,-128.070710678119,35.7060842365179));
#1575=CARTESIAN_POINT('',(-40.6253577162147,-148.625357715862,32.9907260463623));
#1576=CARTESIAN_POINT('Ctrl Pts',(-20.0707106781185,-128.070710678119,35.7060842365179));
#1577=CARTESIAN_POINT('Ctrl Pts',(-26.9290098618964,-134.929009861897,34.9031362898481));
#1578=CARTESIAN_POINT('Ctrl Pts',(-33.7805563530481,-141.780556352695,33.9979794470938));
#1579=CARTESIAN_POINT('Ctrl Pts',(-40.6253577162147,-148.625357715862,32.9907260463623));
#1580=CARTESIAN_POINT('',(-40.6253577163324,-148.625357716333,30.5971821242276));
#1581=CARTESIAN_POINT('Ctrl Pts',(-40.6253577163324,-148.625357716333,30.5971821242276));
#1582=CARTESIAN_POINT('Ctrl Pts',(-40.6253577163324,-148.625357716333,31.0971821242276));
#1583=CARTESIAN_POINT('Ctrl Pts',(-40.6253577163324,-148.625357716333,31.5971821242276));
#1584=CARTESIAN_POINT('Ctrl Pts',(-40.6253577163324,-148.625357716333,32.3950300982725));
#1585=CARTESIAN_POINT('Ctrl Pts',(-40.6253577162147,-148.625357715862,32.6928780723174));
#1586=CARTESIAN_POINT('Ctrl Pts',(-40.6253577162147,-148.625357715862,32.9907260463623));
#1587=CARTESIAN_POINT('',(-20.0707106781185,-128.070710678119,33.3101787865173));
#1588=CARTESIAN_POINT('Ctrl Pts',(-20.0707106781185,-128.070710678119,33.3101787865173));
#1589=CARTESIAN_POINT('Ctrl Pts',(-26.9289962735476,-134.928996273548,32.5079303679942));
#1590=CARTESIAN_POINT('Ctrl Pts',(-33.7805434077118,-141.780543407712,31.6035611069028));
#1591=CARTESIAN_POINT('Ctrl Pts',(-40.6253577163324,-148.625357716333,30.5971821242276));
#1592=CARTESIAN_POINT('',(-20.0707106781185,-128.070710678119,0.));
#1593=CARTESIAN_POINT('Origin',(-20.0707106781185,-128.070710678119,0.));
#1594=CARTESIAN_POINT('',(-40.,-108.141421356237,37.7498806705554));
#1595=CARTESIAN_POINT('Ctrl Pts',(-40.,-108.141421356237,37.7498806705554));
#1596=CARTESIAN_POINT('Ctrl Pts',(-33.3519855992923,-114.789435756945,37.1645198956125));
#1597=CARTESIAN_POINT('Ctrl Pts',(-26.7088893799672,-121.43253197627,36.483261174334));
#1598=CARTESIAN_POINT('Ctrl Pts',(-20.0707106781185,-128.070710678119,35.7060842365179));
#1599=CARTESIAN_POINT('',(-40.,-108.141421356237,35.3522000348787));
#1600=CARTESIAN_POINT('Ctrl Pts',(-40.,-108.141421356237,35.3522000348787));
#1601=CARTESIAN_POINT('Ctrl Pts',(-33.3519944193574,-114.78942693688,34.7673479753219));
#1602=CARTESIAN_POINT('Ctrl Pts',(-26.708897602445,-121.432523753792,34.086681148196));
#1603=CARTESIAN_POINT('Ctrl Pts',(-20.0707106781185,-128.070710678119,33.3101787865173));
#1604=CARTESIAN_POINT('',(-40.,-108.141421356237,0.));
#1605=CARTESIAN_POINT('Origin',(-40.,-108.141421356237,0.));
#1606=CARTESIAN_POINT('',(-43.3816969746892,-111.523118330927,37.4438098416627));
#1607=CARTESIAN_POINT('Ctrl Pts',(-43.3816969746892,-111.523118330927,37.4438098416627));
#1608=CARTESIAN_POINT('Ctrl Pts',(-42.2545892866387,-110.396010642876,37.5485928689923));
#1609=CARTESIAN_POINT('Ctrl Pts',(-41.127356958199,-109.268778314436,37.6506163635138));
#1610=CARTESIAN_POINT('Ctrl Pts',(-40.,-108.141421356237,37.7498806705554));
#1611=CARTESIAN_POINT('',(-43.3816969889484,-111.523118381656,35.0463948357416));
#1612=CARTESIAN_POINT('Ctrl Pts',(-43.3816969889484,-111.523118381656,35.0463948357416));
#1613=CARTESIAN_POINT('Ctrl Pts',(-42.2545890782092,-110.396010470917,35.1510869280809));
#1614=CARTESIAN_POINT('Ctrl Pts',(-41.1273567515051,-109.268778113401,35.2530218806003));
#1615=CARTESIAN_POINT('Ctrl Pts',(-40.,-108.141421356237,35.3522000348787));
#1616=CARTESIAN_POINT('Ctrl Pts',(-43.3816969746892,-111.523118330927,37.4438098416627));
#1617=CARTESIAN_POINT('Ctrl Pts',(-43.3816969746892,-111.523118330927,37.1446715084909));
#1618=CARTESIAN_POINT('Ctrl Pts',(-43.3816969746892,-111.523118330927,36.8455331753192));
#1619=CARTESIAN_POINT('Ctrl Pts',(-43.3816969746892,-111.523118330927,36.0463948421474));
#1620=CARTESIAN_POINT('Ctrl Pts',(-43.3816969746892,-111.523118330927,35.5463948421474));
#1621=CARTESIAN_POINT('Ctrl Pts',(-43.3816969746892,-111.523118330927,35.0463948421474));
#1622=CARTESIAN_POINT('Origin',(-1.77635683940025E-14,-148.141421356237,
0.));
#1623=CARTESIAN_POINT('',(-17.5692118920625,-165.7106332483,27.8709710781134));
#1624=CARTESIAN_POINT('',(-1.77635683940025E-14,-148.141421356237,30.6681626794411));
#1625=CARTESIAN_POINT('Ctrl Pts',(-17.5692118920625,-165.7106332483,27.8709710781134));
#1626=CARTESIAN_POINT('Ctrl Pts',(-11.7187548159888,-159.860176172226,28.8779442600493));
#1627=CARTESIAN_POINT('Ctrl Pts',(-5.86235317903307,-154.00377453527,29.8103906716261));
#1628=CARTESIAN_POINT('Ctrl Pts',(-1.1096604417807E-14,-148.141421356237,
30.6681626794411));
#1629=CARTESIAN_POINT('',(-17.5692118920653,-165.710633248303,30.2621408595738));
#1630=CARTESIAN_POINT('',(-17.5692118920625,-165.7106332483,14.6413820639618));
#1631=CARTESIAN_POINT('',(-1.77635683940025E-14,-148.141421356237,33.0617684087548));
#1632=CARTESIAN_POINT('Ctrl Pts',(-17.5692118920653,-165.710633248303,30.2621408595738));
#1633=CARTESIAN_POINT('Ctrl Pts',(-11.7188285012038,-159.860249857441,31.2699782785611));
#1634=CARTESIAN_POINT('Ctrl Pts',(-5.86242731569127,-154.003848671929,32.2032386317222));
#1635=CARTESIAN_POINT('Ctrl Pts',(-1.09381301094313E-14,-148.141421356237,
33.0617684087548));
#1636=CARTESIAN_POINT('',(-1.77635683940025E-14,-148.141421356237,0.));
#1637=CARTESIAN_POINT('Origin',(19.9292893218814,-168.070710678119,0.));
#1638=CARTESIAN_POINT('',(17.5692118920625,-165.7106332483,27.8709710781131));
#1639=CARTESIAN_POINT('Ctrl Pts',(1.1096604417807E-14,-148.141421356237,
30.668162679441));
#1640=CARTESIAN_POINT('Ctrl Pts',(5.86235317960345,-154.003774535841,29.8103906715426));
#1641=CARTESIAN_POINT('Ctrl Pts',(11.7187548154205,-159.860176171658,28.8779442601616));
#1642=CARTESIAN_POINT('Ctrl Pts',(17.5692118920625,-165.7106332483,27.8709710781131));
#1643=CARTESIAN_POINT('',(17.5692118920625,-165.7106332483,30.2621408595365));
#1644=CARTESIAN_POINT('Ctrl Pts',(1.09381301094313E-14,-148.141421356237,
33.0617684087548));
#1645=CARTESIAN_POINT('Ctrl Pts',(5.8624273156914,-154.003848671929,32.2032386317222));
#1646=CARTESIAN_POINT('Ctrl Pts',(11.7188285012008,-159.860249857438,31.2699782785238));
#1647=CARTESIAN_POINT('Ctrl Pts',(17.5692118920625,-165.7106332483,30.2621408595365));
#1648=CARTESIAN_POINT('',(17.5692118920625,-165.7106332483,16.7242974296986));
#1649=CARTESIAN_POINT('Origin',(-59.9292893218813,-88.0707106781187,0.));
#1650=CARTESIAN_POINT('',(-39.9999999999998,-108.,37.7623183563799));
#1651=CARTESIAN_POINT('',(-43.778840085359,-104.221159914641,38.083899093935));
#1652=CARTESIAN_POINT('Ctrl Pts',(-39.9999999999998,-108.,37.7623183563799));
#1653=CARTESIAN_POINT('Ctrl Pts',(-41.2594664711767,-106.740533528823,37.8729561552304));
#1654=CARTESIAN_POINT('Ctrl Pts',(-42.5190798406683,-105.480920159332,37.9801495266744));
#1655=CARTESIAN_POINT('Ctrl Pts',(-43.778840085359,-104.221159914641,38.083899093935));
#1656=CARTESIAN_POINT('',(-43.7788400576714,-104.221159987885,35.6859286711978));
#1657=CARTESIAN_POINT('Ctrl Pts',(-43.778840085359,-104.221159914641,35.685928679099));
#1658=CARTESIAN_POINT('Ctrl Pts',(-43.778840085359,-104.221159914641,36.1519188173777));
#1659=CARTESIAN_POINT('Ctrl Pts',(-43.778840085359,-104.221159914641,36.6179089556564));
#1660=CARTESIAN_POINT('Ctrl Pts',(-43.778840085359,-104.221159914641,37.4172324272684));
#1661=CARTESIAN_POINT('Ctrl Pts',(-43.778840085359,-104.221159914641,37.7505657606017));
#1662=CARTESIAN_POINT('Ctrl Pts',(-43.778840085359,-104.221159914641,38.083899093935));
#1663=CARTESIAN_POINT('',(-39.9999999999998,-108.,35.3646269281388));
#1664=CARTESIAN_POINT('Ctrl Pts',(-39.9999999999998,-108.,35.3646269281388));
#1665=CARTESIAN_POINT('Ctrl Pts',(-41.2594667099616,-106.740533290038,35.4751687448321));
#1666=CARTESIAN_POINT('Ctrl Pts',(-42.5190800895822,-105.480919955974,35.5822691151098));
#1667=CARTESIAN_POINT('Ctrl Pts',(-43.7788400576714,-104.221159987885,35.6859286711978));
#1668=CARTESIAN_POINT('',(-39.9999999999998,-108.,0.));
#1669=CARTESIAN_POINT('Origin',(-39.9999999999998,-108.,0.));
#1670=CARTESIAN_POINT('',(-20.0707106781185,-88.0707106781189,39.2248961689845));
#1671=CARTESIAN_POINT('Ctrl Pts',(-20.0707106781185,-88.0707106781189,39.2248961689845));
#1672=CARTESIAN_POINT('Ctrl Pts',(-26.7173278369854,-94.7173278369858,38.8330509756709));
#1673=CARTESIAN_POINT('Ctrl Pts',(-33.3604263782441,-101.360426378245,38.3455715255983));
#1674=CARTESIAN_POINT('Ctrl Pts',(-39.9999999999998,-108.,37.7623183563799));
#1675=CARTESIAN_POINT('',(-20.0707106781185,-88.0707106781189,36.8259370387042));
#1676=CARTESIAN_POINT('Ctrl Pts',(-20.0707106781185,-88.0707106781189,36.8259370387042));
#1677=CARTESIAN_POINT('Ctrl Pts',(-26.7173213940186,-94.7173213940191,36.4344313795098));
#1678=CARTESIAN_POINT('Ctrl Pts',(-33.3604205308589,-101.360420530859,35.9473745075775));
#1679=CARTESIAN_POINT('Ctrl Pts',(-39.9999999999998,-108.,35.3646269281388));
#1680=CARTESIAN_POINT('',(-20.0707106781185,-88.0707106781189,0.));
#1681=CARTESIAN_POINT('Origin',(-20.0707106781185,-88.0707106781189,0.));
#1682=CARTESIAN_POINT('',(-20.1414213562373,-88.,39.2290612361317));
#1683=CARTESIAN_POINT('Ctrl Pts',(-20.1414213562396,-87.9999999999978,39.2290612361318));
#1684=CARTESIAN_POINT('Ctrl Pts',(-20.1178510946102,-88.0235702616271,39.2276740835681));
#1685=CARTESIAN_POINT('Ctrl Pts',(-20.0942808685698,-88.0471404876676,39.2262857278552));
#1686=CARTESIAN_POINT('Ctrl Pts',(-20.0707106781185,-88.0707106781189,39.2248961689845));
#1687=CARTESIAN_POINT('',(-20.1414213562373,-88.0000000000001,36.8300985008707));
#1688=CARTESIAN_POINT('Ctrl Pts',(-20.0707106781185,-88.0707106781189,36.8259370387042));
#1689=CARTESIAN_POINT('Ctrl Pts',(-20.0942808686326,-88.0471404876048,36.8273253948708));
#1690=CARTESIAN_POINT('Ctrl Pts',(-20.1178510946729,-88.0235702615644,36.8287125489234));
#1691=CARTESIAN_POINT('Ctrl Pts',(-20.1414213562373,-88.0000000000001,36.8300985008707));
#1692=CARTESIAN_POINT('',(-20.1414213562374,-88.,4.64605538663027));
#1693=CARTESIAN_POINT('Origin',(-20.,-88.1414213562374,0.));
#1694=CARTESIAN_POINT('',(-39.9292893218813,-108.070710678119,37.7561031461191));
#1695=CARTESIAN_POINT('',(-20.,-88.1414213562374,39.2207238702789));
#1696=CARTESIAN_POINT('Ctrl Pts',(-39.9292893218813,-108.070710678119,37.7561031461191));
#1697=CARTESIAN_POINT('Ctrl Pts',(-33.2897181938131,-101.43113955005,38.3400382859903));
#1698=CARTESIAN_POINT('Ctrl Pts',(-26.6466196568201,-94.7880410130575,38.8281987764683));
#1699=CARTESIAN_POINT('Ctrl Pts',(-20.,-88.1414213562374,39.2207238702789));
#1700=CARTESIAN_POINT('',(-20.,-88.1414213562374,36.8217683512761));
#1701=CARTESIAN_POINT('',(-20.,-88.1414213562374,0.));
#1702=CARTESIAN_POINT('',(-39.9292893218813,-108.070710678119,35.3584171109878));
#1703=CARTESIAN_POINT('Ctrl Pts',(-39.9292893218813,-108.070710678119,35.3584171109878));
#1704=CARTESIAN_POINT('Ctrl Pts',(-33.2897123451295,-101.431133701367,35.9418460662239));
#1705=CARTESIAN_POINT('Ctrl Pts',(-26.6466132128036,-94.788034569041,36.4295833843204));
#1706=CARTESIAN_POINT('Ctrl Pts',(-20.,-88.1414213562374,36.8217683512761));
#1707=CARTESIAN_POINT('',(-39.9292893218813,-108.070710678119,0.));
#1708=CARTESIAN_POINT('Origin',(-0.0707106781185463,-108.070710678119,0.));
#1709=CARTESIAN_POINT('',(-0.0707106781185463,-108.070710678119,37.7561031461191));
#1710=CARTESIAN_POINT('Ctrl Pts',(-20.,-88.1414213562374,39.2207238702789));
#1711=CARTESIAN_POINT('Ctrl Pts',(-13.3533901394469,-94.7880312167904,38.8281993549851));
#1712=CARTESIAN_POINT('Ctrl Pts',(-6.71029158492391,-101.431129771314,38.3400391460222));
#1713=CARTESIAN_POINT('Ctrl Pts',(-0.0707106781185463,-108.070710678119,
37.7561031461191));
#1714=CARTESIAN_POINT('',(-0.0707106781185463,-108.070710678119,35.3584171109878));
#1715=CARTESIAN_POINT('',(-0.0707106781185463,-108.070710678119,0.));
#1716=CARTESIAN_POINT('Ctrl Pts',(-20.,-88.1414213562374,36.8217683512761));
#1717=CARTESIAN_POINT('Ctrl Pts',(-13.3533965537696,-94.7880248024678,36.4295839605842));
#1718=CARTESIAN_POINT('Ctrl Pts',(-6.71029740395521,-101.431123952282,35.9418469229045));
#1719=CARTESIAN_POINT('Ctrl Pts',(-0.0707106781185463,-108.070710678119,
35.3584171109878));
#1720=CARTESIAN_POINT('Origin',(-19.9999999999998,-128.,0.));
#1721=CARTESIAN_POINT('',(-19.9999999999998,-128.,35.714359169128));
#1722=CARTESIAN_POINT('Ctrl Pts',(-0.0707106781185463,-108.070710678119,
37.7561031461191));
#1723=CARTESIAN_POINT('Ctrl Pts',(-6.71872994310651,-114.718729943107,37.1714250118715));
#1724=CARTESIAN_POINT('Ctrl Pts',(-13.3618261547044,-121.361826154705,36.4908503011175));
#1725=CARTESIAN_POINT('Ctrl Pts',(-19.9999999999998,-128.,35.714359169128));
#1726=CARTESIAN_POINT('',(-19.9999999999998,-128.,33.3184465264047));
#1727=CARTESIAN_POINT('',(-19.9999999999998,-128.,0.));
#1728=CARTESIAN_POINT('Ctrl Pts',(-0.0707106781185463,-108.070710678119,
35.3584171109878));
#1729=CARTESIAN_POINT('Ctrl Pts',(-6.71872110219964,-114.7187211022,34.7742470968888));
#1730=CARTESIAN_POINT('Ctrl Pts',(-13.3618179113429,-121.361817911343,34.0942636830823));
#1731=CARTESIAN_POINT('Ctrl Pts',(-19.9999999999998,-128.,33.3184465264047));
#1732=CARTESIAN_POINT('Origin',(-39.9292893218813,-108.070710678119,0.));
#1733=CARTESIAN_POINT('Ctrl Pts',(-19.9999999999998,-128.,35.714359169128));
#1734=CARTESIAN_POINT('Ctrl Pts',(-26.6381836655521,-121.361816334448,36.4908514498262));
#1735=CARTESIAN_POINT('Ctrl Pts',(-33.2812798926383,-114.718720107362,37.1714258769051));
#1736=CARTESIAN_POINT('Ctrl Pts',(-39.9292893218813,-108.070710678119,37.7561031461191));
#1737=CARTESIAN_POINT('Ctrl Pts',(-19.9999999999998,-128.,33.3184465264047));
#1738=CARTESIAN_POINT('Ctrl Pts',(-26.6381918794712,-121.361808120529,34.0942648273515));
#1739=CARTESIAN_POINT('Ctrl Pts',(-33.2812887041571,-114.718711295843,34.7742479585894));
#1740=CARTESIAN_POINT('Ctrl Pts',(-39.9292893218813,-108.070710678119,35.3584171109878));
#1741=CARTESIAN_POINT('Origin',(20.0000000000001,-128.,0.));
#1742=CARTESIAN_POINT('',(39.9292893218814,-108.070710678119,35.3584171109878));
#1743=CARTESIAN_POINT('',(20.0000000000001,-128.,33.3184465264047));
#1744=CARTESIAN_POINT('Ctrl Pts',(39.9292893218814,-108.070710678119,35.3584171109878));
#1745=CARTESIAN_POINT('Ctrl Pts',(33.2812887041575,-114.718711295843,34.7742479585871));
#1746=CARTESIAN_POINT('Ctrl Pts',(26.638191879471,-121.361808120529,34.0942648273537));
#1747=CARTESIAN_POINT('Ctrl Pts',(20.0000000000001,-128.,33.3184465264047));
#1748=CARTESIAN_POINT('',(39.9292893218814,-108.070710678119,37.7561031461191));
#1749=CARTESIAN_POINT('',(39.9292893218814,-108.070710678119,0.));
#1750=CARTESIAN_POINT('',(20.0000000000001,-128.,35.714359169128));
#1751=CARTESIAN_POINT('Ctrl Pts',(39.9292893218814,-108.070710678119,37.7561031461191));
#1752=CARTESIAN_POINT('Ctrl Pts',(33.2812798926396,-114.718720107361,37.171425876903));
#1753=CARTESIAN_POINT('Ctrl Pts',(26.6381836655524,-121.361816334448,36.4908514498285));
#1754=CARTESIAN_POINT('Ctrl Pts',(20.0000000000001,-128.,35.714359169128));
#1755=CARTESIAN_POINT('',(20.0000000000001,-128.,0.));
#1756=CARTESIAN_POINT('Origin',(39.9292893218814,-108.070710678119,0.));
#1757=CARTESIAN_POINT('',(20.,-88.1414213562374,36.8217683512761));
#1758=CARTESIAN_POINT('Ctrl Pts',(20.,-88.1414213562374,36.8217683512761));
#1759=CARTESIAN_POINT('Ctrl Pts',(26.6466132399225,-94.7880345961599,36.4295833827051));
#1760=CARTESIAN_POINT('Ctrl Pts',(33.2897123720997,-101.431133728337,35.9418460638706));
#1761=CARTESIAN_POINT('Ctrl Pts',(39.9292893218814,-108.070710678119,35.3584171109878));
#1762=CARTESIAN_POINT('',(20.,-88.1414213562374,39.2207238702789));
#1763=CARTESIAN_POINT('',(20.,-88.1414213562374,0.));
#1764=CARTESIAN_POINT('Ctrl Pts',(20.,-88.1414213562374,39.2207238702789));
#1765=CARTESIAN_POINT('Ctrl Pts',(26.6466196568693,-94.7880410131067,38.8281987764504));
#1766=CARTESIAN_POINT('Ctrl Pts',(33.2897181937631,-101.43113955,38.3400382860112));
#1767=CARTESIAN_POINT('Ctrl Pts',(39.9292893218814,-108.070710678119,37.7561031461191));
#1768=CARTESIAN_POINT('Origin',(20.,-88.1414213562374,0.));
#1769=CARTESIAN_POINT('',(0.0707106781186706,-108.070710678119,35.3584171109878));
#1770=CARTESIAN_POINT('Ctrl Pts',(0.0707106781186706,-108.070710678119,
35.3584171109878));
#1771=CARTESIAN_POINT('Ctrl Pts',(6.71029737691999,-101.431123979317,35.9418469205141));
#1772=CARTESIAN_POINT('Ctrl Pts',(13.3533965267187,-94.7880248295186,36.4295839590023));
#1773=CARTESIAN_POINT('Ctrl Pts',(20.,-88.1414213562374,36.8217683512761));
#1774=CARTESIAN_POINT('',(0.0707106781186706,-108.070710678119,37.7561031461192));
#1775=CARTESIAN_POINT('',(0.0707106781186706,-108.070710678119,0.));
#1776=CARTESIAN_POINT('Ctrl Pts',(0.0707106781186706,-108.070710678119,
37.7561031461192));
#1777=CARTESIAN_POINT('Ctrl Pts',(6.71029158490784,-101.43112977133,38.3400391460061));
#1778=CARTESIAN_POINT('Ctrl Pts',(13.353390139464,-94.7880312167734,38.8281993550002));
#1779=CARTESIAN_POINT('Ctrl Pts',(20.,-88.1414213562374,39.2207238702789));
#1780=CARTESIAN_POINT('Origin',(0.0707106781186884,-108.070710678119,0.));
#1781=CARTESIAN_POINT('Ctrl Pts',(20.0000000000001,-128.,33.3184465264047));
#1782=CARTESIAN_POINT('Ctrl Pts',(13.3618179114111,-121.361817911411,34.0942636830722));
#1783=CARTESIAN_POINT('Ctrl Pts',(6.71872110213124,-114.718721102131,34.774247096895));
#1784=CARTESIAN_POINT('Ctrl Pts',(0.0707106781186706,-108.070710678119,
35.3584171109878));
#1785=CARTESIAN_POINT('Ctrl Pts',(20.0000000000001,-128.,35.714359169128));
#1786=CARTESIAN_POINT('Ctrl Pts',(13.3618261547726,-121.361826154773,36.4908503011074));
#1787=CARTESIAN_POINT('Ctrl Pts',(6.71872994303887,-114.718729943039,37.1714250118777));
#1788=CARTESIAN_POINT('Ctrl Pts',(0.0707106781186706,-108.070710678119,
37.7561031461192));
#1789=CARTESIAN_POINT('Origin',(60.,-88.1414213562373,0.));
#1790=CARTESIAN_POINT('',(40.0707106781186,-108.070710678119,37.7561031461191));
#1791=CARTESIAN_POINT('',(43.7712095589511,-104.370211797286,38.0716075613998));
#1792=CARTESIAN_POINT('Ctrl Pts',(40.0707106781186,-108.070710678119,37.7561031461191));
#1793=CARTESIAN_POINT('Ctrl Pts',(41.3040691778072,-106.83735217843,37.8645742136225));
#1794=CARTESIAN_POINT('Ctrl Pts',(42.5375688119031,-105.603852544334,37.9697421583577));
#1795=CARTESIAN_POINT('Ctrl Pts',(43.7712095589511,-104.370211797286,38.0716075613998));
#1796=CARTESIAN_POINT('',(43.7712095585619,-104.370211798315,35.67364780776));
#1797=CARTESIAN_POINT('Ctrl Pts',(43.7712095589511,-104.370211797286,35.6736478078713));
#1798=CARTESIAN_POINT('Ctrl Pts',(43.7712095589511,-104.370211797286,36.1396343923808));
#1799=CARTESIAN_POINT('Ctrl Pts',(43.7712095589511,-104.370211797286,36.6056209768903));
#1800=CARTESIAN_POINT('Ctrl Pts',(43.7712095589511,-104.370211797286,37.4049408947331));
#1801=CARTESIAN_POINT('Ctrl Pts',(43.7712095589511,-104.370211797286,37.7382742280665));
#1802=CARTESIAN_POINT('Ctrl Pts',(43.7712095589511,-104.370211797286,38.0716075613998));
#1803=CARTESIAN_POINT('',(40.0707106781186,-108.070710678119,35.3584171109878));
#1804=CARTESIAN_POINT('Ctrl Pts',(40.0707106781186,-108.070710678119,35.3584171109878));
#1805=CARTESIAN_POINT('Ctrl Pts',(41.3040694221317,-106.837351934106,35.4667940762629));
#1806=CARTESIAN_POINT('Ctrl Pts',(42.5375690601371,-105.60385229674,35.5718707809816));
#1807=CARTESIAN_POINT('Ctrl Pts',(43.7712095585619,-104.370211798315,35.67364780776));
#1808=CARTESIAN_POINT('',(40.0707106781186,-108.070710678119,0.));
#1809=CARTESIAN_POINT('Origin',(40.0707106781187,-108.070710678119,0.));
#1810=CARTESIAN_POINT('',(43.3893981845662,-111.389398184566,37.4562283069454));
#1811=CARTESIAN_POINT('Ctrl Pts',(43.3893981845662,-111.389398184566,37.4562283069454));
#1812=CARTESIAN_POINT('Ctrl Pts',(42.283288851811,-110.283288851811,37.5588441043675));
#1813=CARTESIAN_POINT('Ctrl Pts',(41.177059679592,-109.177059679592,37.658802274352));
#1814=CARTESIAN_POINT('Ctrl Pts',(40.0707106781186,-108.070710678119,37.7561031461191));
#1815=CARTESIAN_POINT('',(43.3893981839788,-111.389398182477,35.0588025280559));
#1816=CARTESIAN_POINT('Ctrl Pts',(43.3893981839788,-111.389398182477,35.0588025280559));
#1817=CARTESIAN_POINT('Ctrl Pts',(42.2832886471821,-110.28328864568,35.1613292710829));
#1818=CARTESIAN_POINT('Ctrl Pts',(41.1770594720139,-109.177059471778,35.2612006884665));
#1819=CARTESIAN_POINT('Ctrl Pts',(40.0707106781186,-108.070710678119,35.3584171109878));
#1820=CARTESIAN_POINT('Ctrl Pts',(43.3893981845662,-111.389398184566,37.4562283069454));
#1821=CARTESIAN_POINT('Ctrl Pts',(43.3893981845662,-111.389398184566,37.1570863805612));
#1822=CARTESIAN_POINT('Ctrl Pts',(43.3893981845662,-111.389398184566,36.8579444541769));
#1823=CARTESIAN_POINT('Ctrl Pts',(43.3893981845662,-111.389398184566,36.0588025277926));
#1824=CARTESIAN_POINT('Ctrl Pts',(43.3893981845662,-111.389398184566,35.5588025277926));
#1825=CARTESIAN_POINT('Ctrl Pts',(43.3893981845662,-111.389398184566,35.0588025277926));
#1826=CARTESIAN_POINT('Origin',(-1.77635683940025E-14,-68.1414213562374,
0.));
#1827=CARTESIAN_POINT('',(-19.9292893218813,-88.0707106781187,39.2248961689845));
#1828=CARTESIAN_POINT('',(-19.8585786437627,-88.,39.2290612361317));
#1829=CARTESIAN_POINT('Ctrl Pts',(-19.9292893218813,-88.0707106781187,39.2248961689845));
#1830=CARTESIAN_POINT('Ctrl Pts',(-19.9057191314296,-88.047140487667,39.2262857278553));
#1831=CARTESIAN_POINT('Ctrl Pts',(-19.8821489053897,-88.023570261627,39.2276740835681));
#1832=CARTESIAN_POINT('Ctrl Pts',(-19.8585786437604,-87.9999999999978,39.2290612361318));
#1833=CARTESIAN_POINT('',(-19.8585786437627,-88.0000000000001,36.8300985008707));
#1834=CARTESIAN_POINT('',(-19.8585786437626,-88.,4.64605538663027));
#1835=CARTESIAN_POINT('',(-19.9292893218813,-88.0707106781187,36.8259370387042));
#1836=CARTESIAN_POINT('Ctrl Pts',(-19.8585786437627,-88.0000000000001,36.8300985008707));
#1837=CARTESIAN_POINT('Ctrl Pts',(-19.8821489053275,-88.0235702615648,36.8287125489234));
#1838=CARTESIAN_POINT('Ctrl Pts',(-19.9057191313672,-88.0471404876046,36.8273253948708));
#1839=CARTESIAN_POINT('Ctrl Pts',(-19.9292893218813,-88.0707106781187,36.8259370387042));
#1840=CARTESIAN_POINT('',(-19.9292893218813,-88.0707106781187,0.));
#1841=CARTESIAN_POINT('Origin',(19.9292893218814,-88.0707106781188,0.));
#1842=CARTESIAN_POINT('',(19.8585786437627,-88.,39.2290612361317));
#1843=CARTESIAN_POINT('',(19.9292893218814,-88.0707106781188,39.2248961689845));
#1844=CARTESIAN_POINT('Ctrl Pts',(19.8585786437625,-87.9999999999999,39.2290612361317));
#1845=CARTESIAN_POINT('Ctrl Pts',(19.8821489053892,-88.0235702616265,39.2276740835681));
#1846=CARTESIAN_POINT('Ctrl Pts',(19.905719131429,-88.0471404876664,39.2262857278553));
#1847=CARTESIAN_POINT('Ctrl Pts',(19.9292893218814,-88.0707106781188,39.2248961689845));
#1848=CARTESIAN_POINT('',(19.9292893218814,-88.0707106781188,36.8259370387042));
#1849=CARTESIAN_POINT('',(19.9292893218814,-88.0707106781188,0.));
#1850=CARTESIAN_POINT('',(19.8585786437626,-88.,36.8300985008707));
#1851=CARTESIAN_POINT('Ctrl Pts',(19.8585786437626,-88.,36.8300985008707));
#1852=CARTESIAN_POINT('Ctrl Pts',(19.8821489053297,-88.0235702615671,36.8287125489233));
#1853=CARTESIAN_POINT('Ctrl Pts',(19.9057191313694,-88.0471404876067,36.8273253948707));
#1854=CARTESIAN_POINT('Ctrl Pts',(19.9292893218814,-88.0707106781188,36.8259370387042));
#1855=CARTESIAN_POINT('',(19.8585786437626,-88.,4.64605538663027));
#1856=CARTESIAN_POINT('Origin',(1.4210854715202E-13,-108.,0.));
#1857=CARTESIAN_POINT('',(1.4210854715202E-13,-108.,37.7623183563799));
#1858=CARTESIAN_POINT('Ctrl Pts',(19.9292893218814,-88.0707106781188,39.2248961689845));
#1859=CARTESIAN_POINT('Ctrl Pts',(13.2826844085732,-94.717315591427,38.8330516975966));
#1860=CARTESIAN_POINT('Ctrl Pts',(6.63958584430136,-101.360414155699,38.3455725992706));
#1861=CARTESIAN_POINT('Ctrl Pts',(5.35312806117006E-15,-108.,37.7623183563799));
#1862=CARTESIAN_POINT('',(1.4210854715202E-13,-108.,35.3646269281388));
#1863=CARTESIAN_POINT('',(1.4210854715202E-13,-108.,0.));
#1864=CARTESIAN_POINT('Ctrl Pts',(19.9292893218814,-88.0707106781188,36.8259370387042));
#1865=CARTESIAN_POINT('Ctrl Pts',(13.2826907872247,-94.7173092127755,36.4344320970223));
#1866=CARTESIAN_POINT('Ctrl Pts',(6.63959162773472,-101.360408372266,35.9473755747096));
#1867=CARTESIAN_POINT('Ctrl Pts',(5.50525148495791E-15,-108.,35.3646269281388));
#1868=CARTESIAN_POINT('Origin',(-19.9292893218813,-88.0707106781187,0.));
#1869=CARTESIAN_POINT('Ctrl Pts',(-5.35312806116999E-15,-108.,37.7623183563799));
#1870=CARTESIAN_POINT('Ctrl Pts',(-6.63958584479427,-101.360414155206,38.3455725993139));
#1871=CARTESIAN_POINT('Ctrl Pts',(-13.2826844080788,-94.7173155919212,38.8330516975817));
#1872=CARTESIAN_POINT('Ctrl Pts',(-19.9292893218813,-88.0707106781187,39.2248961689845));
#1873=CARTESIAN_POINT('Ctrl Pts',(-5.50525148495783E-15,-108.,35.3646269281388));
#1874=CARTESIAN_POINT('Ctrl Pts',(-6.63959165524726,-101.360408344753,35.9473755771244));
#1875=CARTESIAN_POINT('Ctrl Pts',(-13.2826908137956,-94.7173091862044,36.4344320986016));
#1876=CARTESIAN_POINT('Ctrl Pts',(-19.9292893218813,-88.0707106781187,36.8259370387042));
#1877=CARTESIAN_POINT('Origin',(-40.0707106781184,-108.070710678119,0.));
#1878=CARTESIAN_POINT('',(-43.7712095306818,-104.370211872047,35.6736477997857));
#1879=CARTESIAN_POINT('',(-40.0707106781184,-108.070710678119,35.3584171109878));
#1880=CARTESIAN_POINT('Ctrl Pts',(-43.7712095306818,-104.370211872047,35.6736477997857));
#1881=CARTESIAN_POINT('Ctrl Pts',(-42.5375690503645,-105.603852352364,35.57187077441));
#1882=CARTESIAN_POINT('Ctrl Pts',(-41.3040694096663,-106.837351953328,35.4667940743131));
#1883=CARTESIAN_POINT('Ctrl Pts',(-40.0707106781184,-108.070710678119,35.3584171109878));
#1884=CARTESIAN_POINT('',(-43.7712095589511,-104.370211797286,38.0716075613998));
#1885=CARTESIAN_POINT('Ctrl Pts',(-43.7712095589511,-104.370211797286,38.0716075613998));
#1886=CARTESIAN_POINT('Ctrl Pts',(-43.7712095589511,-104.370211797286,37.772287643557));
#1887=CARTESIAN_POINT('Ctrl Pts',(-43.7712095589511,-104.370211797286,37.4729677257141));
#1888=CARTESIAN_POINT('Ctrl Pts',(-43.7712095589511,-104.370211797286,36.6736478078713));
#1889=CARTESIAN_POINT('Ctrl Pts',(-43.7712095589511,-104.370211797286,36.1736478078713));
#1890=CARTESIAN_POINT('Ctrl Pts',(-43.7712095589511,-104.370211797286,35.6736478078713));
#1891=CARTESIAN_POINT('',(-40.0707106781184,-108.070710678119,37.7561031461191));
#1892=CARTESIAN_POINT('Ctrl Pts',(-43.7712095589511,-104.370211797286,38.0716075613998));
#1893=CARTESIAN_POINT('Ctrl Pts',(-42.5375688119037,-105.603852544334,37.9697421583577));
#1894=CARTESIAN_POINT('Ctrl Pts',(-41.3040691778073,-106.83735217843,37.8645742136225));
#1895=CARTESIAN_POINT('Ctrl Pts',(-40.0707106781184,-108.070710678119,37.7561031461191));
#1896=CARTESIAN_POINT('',(-40.0707106781184,-108.070710678119,0.));
#1897=CARTESIAN_POINT('Origin',(-60.,-128.000000000001,0.));
#1898=CARTESIAN_POINT('',(-43.3893981987814,-111.38939823512,35.0588025214226));
#1899=CARTESIAN_POINT('Ctrl Pts',(-40.0707106781184,-108.070710678119,35.3584171109878));
#1900=CARTESIAN_POINT('Ctrl Pts',(-41.1770594840006,-109.177059484001,35.2612006873809));
#1901=CARTESIAN_POINT('Ctrl Pts',(-42.2832886515017,-110.28328868784,35.1613292654758));
#1902=CARTESIAN_POINT('Ctrl Pts',(-43.3893981987814,-111.38939823512,35.0588025214226));
#1903=CARTESIAN_POINT('',(-43.3893981845662,-111.389398184567,37.4562283069454));
#1904=CARTESIAN_POINT('Ctrl Pts',(-40.0707106781184,-108.070710678119,37.7561031461191));
#1905=CARTESIAN_POINT('Ctrl Pts',(-41.1770596795883,-109.177059679589,37.6588022743523));
#1906=CARTESIAN_POINT('Ctrl Pts',(-42.283288851809,-110.283288851809,37.5588441043676));
#1907=CARTESIAN_POINT('Ctrl Pts',(-43.3893981845662,-111.389398184567,37.4562283069454));
#1908=CARTESIAN_POINT('Ctrl Pts',(-43.3893981845662,-111.389398184567,35.0588025277926));
#1909=CARTESIAN_POINT('Ctrl Pts',(-43.3893981845662,-111.389398184567,35.5588025277926));
#1910=CARTESIAN_POINT('Ctrl Pts',(-43.3893981845662,-111.389398184567,36.0588025277926));
#1911=CARTESIAN_POINT('Ctrl Pts',(-43.3893981845662,-111.389398184567,36.8579444541769));
#1912=CARTESIAN_POINT('Ctrl Pts',(-43.3893981845662,-111.389398184567,37.1570863805611));
#1913=CARTESIAN_POINT('Ctrl Pts',(-43.3893981845662,-111.389398184567,37.4562283069454));
#1914=CARTESIAN_POINT('Ctrl Pts',(-39.4843356706349,-165.710633248303,30.2621408595753));
#1915=CARTESIAN_POINT('Ctrl Pts',(-41.9230412915112,-139.885263935358,34.7110413527581));
#1916=CARTESIAN_POINT('Ctrl Pts',(-43.5651585218006,-113.981855179272,37.6999820265193));
#1917=CARTESIAN_POINT('Ctrl Pts',(-44.4106873615029,-87.9999999999978,39.2290612361318));
#1918=CARTESIAN_POINT('Ctrl Pts',(-26.3228904470899,-165.710633248303,30.2621408595753));
#1919=CARTESIAN_POINT('Ctrl Pts',(-27.9486941943408,-139.885263935358,34.7110413527581));
#1920=CARTESIAN_POINT('Ctrl Pts',(-29.0434390145337,-113.981855179272,37.6999820265193));
#1921=CARTESIAN_POINT('Ctrl Pts',(-29.6071249076686,-87.9999999999978,39.2290612361318));
#1922=CARTESIAN_POINT('Ctrl Pts',(-13.161445223545,-165.710633248303,30.2621408595753));
#1923=CARTESIAN_POINT('Ctrl Pts',(-13.9743470971704,-139.885263935358,34.7110413527582));
#1924=CARTESIAN_POINT('Ctrl Pts',(-14.5217195072669,-113.981855179272,37.6999820265193));
#1925=CARTESIAN_POINT('Ctrl Pts',(-14.8035624538343,-87.9999999999978,39.2290612361318));
#1926=CARTESIAN_POINT('Ctrl Pts',(-1.17641219275244E-14,-165.710633248303,
30.2621408595753));
#1927=CARTESIAN_POINT('Ctrl Pts',(-1.12774566998395E-14,-139.885263935358,
34.7110413527582));
#1928=CARTESIAN_POINT('Ctrl Pts',(-7.57686176072006E-15,-113.981855179272,
37.6999820265193));
#1929=CARTESIAN_POINT('Ctrl Pts',(-6.61976103589948E-16,-87.9999999999978,
39.2290612361318));
#1930=CARTESIAN_POINT('Ctrl Pts',(-40.6253577162146,-148.625358114027,32.990727019917));
#1931=CARTESIAN_POINT('Ctrl Pts',(-40.6214267285104,-148.668565765619,32.9843687521708));
#1932=CARTESIAN_POINT('Ctrl Pts',(-40.617493383693,-148.711772868559,32.9780064573215));
#1933=CARTESIAN_POINT('Ctrl Pts',(-40.6135575378986,-148.754979287875,32.9716401554708));
#1934=CARTESIAN_POINT('Ctrl Pts',(-43.3893981845662,-111.38939870266,37.4562297932414));
#1935=CARTESIAN_POINT('Ctrl Pts',(-43.386834408166,-111.433973080231,37.4520945495601));
#1936=CARTESIAN_POINT('Ctrl Pts',(-43.3842666684041,-111.478546145328,37.4479550937656));
#1937=CARTESIAN_POINT('Ctrl Pts',(-43.3816969746892,-111.523118852681,37.443811337545));
#1938=CARTESIAN_POINT('Ctrl Pts',(-43.778840085359,-104.221160224175,38.0839000119669));
#1939=CARTESIAN_POINT('Ctrl Pts',(-43.7762998392097,-104.270845029267,38.0798081447256));
#1940=CARTESIAN_POINT('Ctrl Pts',(-43.773756318721,-104.320528986801,38.0757109716179));
#1941=CARTESIAN_POINT('Ctrl Pts',(-43.7712095589511,-104.370212111215,38.0716084918118));
#1942=CARTESIAN_POINT('Ctrl Pts',(-19.8585786437627,-87.9999999999978,39.2290612361318));
#1943=CARTESIAN_POINT('Ctrl Pts',(-19.9528595479209,-87.9999999999978,39.2290612361318));
#1944=CARTESIAN_POINT('Ctrl Pts',(-20.0471404520791,-87.9999999999978,39.2290612361318));
#1945=CARTESIAN_POINT('Ctrl Pts',(-20.1414213562373,-87.9999999999978,39.2290612361318));
#1946=CARTESIAN_POINT('Ctrl Pts',(-5.3817805687489E-15,-108.141421781776,
37.7498819097394));
#1947=CARTESIAN_POINT('Ctrl Pts',(-5.37223590031972E-15,-108.09428158701,
37.7540326220449));
#1948=CARTESIAN_POINT('Ctrl Pts',(-5.36268061807563E-15,-108.047141133549,
37.7581785135608));
#1949=CARTESIAN_POINT('Ctrl Pts',(-5.35311472201446E-15,-108.00000042139,
37.7623195842876));
#1950=CARTESIAN_POINT('Ctrl Pts',(-1.09381177549299E-14,-148.14142176987,
33.0617694221222));
#1951=CARTESIAN_POINT('Ctrl Pts',(-1.09345753670238E-14,-148.094281578905,
33.0686729246207));
#1952=CARTESIAN_POINT('Ctrl Pts',(-1.09310222997008E-14,-148.047141128327,
33.0755715760846));
#1953=CARTESIAN_POINT('Ctrl Pts',(-1.09274585529587E-14,-148.000000418133,
33.0824653765143));
#1954=CARTESIAN_POINT('Ctrl Pts',(-17.6523907705603,-165.652390770561,30.2721717123225));
#1955=CARTESIAN_POINT('Ctrl Pts',(-17.6246644156087,-165.671804973305,30.2688289199056));
#1956=CARTESIAN_POINT('Ctrl Pts',(-17.5969381227731,-165.69121913255,30.2654853023246));
#1957=CARTESIAN_POINT('Ctrl Pts',(-17.5692118920581,-165.710633248303,30.2621408595753));
#1958=CARTESIAN_POINT('Ctrl Pts',(39.4843356712004,-165.710633248306,30.2621408595747));
#1959=CARTESIAN_POINT('Ctrl Pts',(41.9230412921118,-139.885263935361,34.7110413527578));
#1960=CARTESIAN_POINT('Ctrl Pts',(43.5651585224247,-113.981855179274,37.6999820265191));
#1961=CARTESIAN_POINT('Ctrl Pts',(44.4106873621393,-87.9999999999999,39.2290612361317));
#1962=CARTESIAN_POINT('Ctrl Pts',(26.3228904474669,-165.710633248306,30.2621408595747));
#1963=CARTESIAN_POINT('Ctrl Pts',(27.9486941947412,-139.885263935361,34.7110413527577));
#1964=CARTESIAN_POINT('Ctrl Pts',(29.0434390149498,-113.981855179274,37.6999820265191));
#1965=CARTESIAN_POINT('Ctrl Pts',(29.6071249080929,-87.9999999999999,39.2290612361317));
#1966=CARTESIAN_POINT('Ctrl Pts',(13.1614452237335,-165.710633248306,30.2621408595747));
#1967=CARTESIAN_POINT('Ctrl Pts',(13.9743470973706,-139.885263935361,34.7110413527578));
#1968=CARTESIAN_POINT('Ctrl Pts',(14.5217195074749,-113.981855179274,37.6999820265191));
#1969=CARTESIAN_POINT('Ctrl Pts',(14.8035624540464,-87.9999999999999,39.2290612361317));
#1970=CARTESIAN_POINT('Ctrl Pts',(1.17641219275244E-14,-165.710633248306,
30.2621408595747));
#1971=CARTESIAN_POINT('Ctrl Pts',(1.12774566998399E-14,-139.885263935361,
34.7110413527578));
#1972=CARTESIAN_POINT('Ctrl Pts',(7.57686176072057E-15,-113.981855179274,
37.6999820265191));
#1973=CARTESIAN_POINT('Ctrl Pts',(6.61976103590503E-16,-87.9999999999999,
39.2290612361317));
#1974=CARTESIAN_POINT('Ctrl Pts',(17.5692118920529,-165.710633248306,30.2621408595747));
#1975=CARTESIAN_POINT('Ctrl Pts',(17.5969381227685,-165.691219132553,30.2654853023241));
#1976=CARTESIAN_POINT('Ctrl Pts',(17.6246644156055,-165.671804973302,30.2688289198678));
#1977=CARTESIAN_POINT('Ctrl Pts',(17.6523907705576,-165.652390770558,30.2721717122848));
#1978=CARTESIAN_POINT('Ctrl Pts',(20.1414213562373,-87.9999999999999,39.2290612361317));
#1979=CARTESIAN_POINT('Ctrl Pts',(20.0471404520791,-87.9999999999999,39.2290612361317));
#1980=CARTESIAN_POINT('Ctrl Pts',(19.9528595479209,-87.9999999999999,39.2290612361317));
#1981=CARTESIAN_POINT('Ctrl Pts',(19.8585786437627,-87.9999999999999,39.2290612361317));
#1982=CARTESIAN_POINT('Ctrl Pts',(43.7712095589511,-104.370212111215,38.0716084918118));
#1983=CARTESIAN_POINT('Ctrl Pts',(43.7737563351143,-104.320528993547,38.0757109710608));
#1984=CARTESIAN_POINT('Ctrl Pts',(43.7762998392098,-104.270845029267,38.0798081447256));
#1985=CARTESIAN_POINT('Ctrl Pts',(43.778840085359,-104.221160224175,38.0839000119669));
#1986=CARTESIAN_POINT('Ctrl Pts',(43.3816969746892,-111.523118852681,37.443811337545));
#1987=CARTESIAN_POINT('Ctrl Pts',(43.3842664355694,-111.478546034731,37.4479551040474));
#1988=CARTESIAN_POINT('Ctrl Pts',(43.3868337320998,-111.433972759485,37.4520945793162));
#1989=CARTESIAN_POINT('Ctrl Pts',(43.3893981845662,-111.389398702659,37.4562297932415));
#1990=CARTESIAN_POINT('Ctrl Pts',(40.6135575378996,-148.754979287879,32.9716401554702));
#1991=CARTESIAN_POINT('Ctrl Pts',(40.6174935161139,-148.711772992866,32.9780064390054));
#1992=CARTESIAN_POINT('Ctrl Pts',(40.6214267823977,-148.668565816153,32.9843687447344));
#1993=CARTESIAN_POINT('Ctrl Pts',(40.625357716216,-148.625358114032,32.9907270199163));
#1994=CARTESIAN_POINT('Ctrl Pts',(44.7819780336295,14.6523365413869,37.3901683273458));
#1995=CARTESIAN_POINT('Ctrl Pts',(44.7819780336295,14.6523365413869,34.3901683273458));
#1996=CARTESIAN_POINT('Ctrl Pts',(45.7624885994171,0.39013209778644,38.469527959049));
#1997=CARTESIAN_POINT('Ctrl Pts',(45.7624885994171,0.39013209778644,35.469527959049));
#1998=CARTESIAN_POINT('Ctrl Pts',(46.0685293209851,-13.9543876447822,39.4362220519454));
#1999=CARTESIAN_POINT('Ctrl Pts',(46.0685293209851,-13.9543876447822,36.4362220519454));
#2000=CARTESIAN_POINT('Ctrl Pts',(45.9573249059463,-42.5784407647966,40.6492302658366));
#2001=CARTESIAN_POINT('Ctrl Pts',(45.9573249059463,-42.5784407647966,37.6492302658366));
#2002=CARTESIAN_POINT('Ctrl Pts',(45.5406318900409,-56.9160297050184,40.9004703766613));
#2003=CARTESIAN_POINT('Ctrl Pts',(45.5406318900409,-56.9160297050184,37.9004703766613));
#2004=CARTESIAN_POINT('Ctrl Pts',(44.8436864491087,-77.8488233457523,40.3773811985672));
#2005=CARTESIAN_POINT('Ctrl Pts',(44.8436864491087,-77.8488233457523,37.3773811985672));
#2006=CARTESIAN_POINT('Ctrl Pts',(44.6425201972409,-84.1460771472875,40.0734628515183));
#2007=CARTESIAN_POINT('Ctrl Pts',(44.6425201972409,-84.1460771472875,37.0734628515183));
#2008=CARTESIAN_POINT('Ctrl Pts',(44.1629840680023,-96.5274253189845,39.3040370801807));
#2009=CARTESIAN_POINT('Ctrl Pts',(44.1629840680023,-96.5274253189845,36.3040370801807));
#2010=CARTESIAN_POINT('Ctrl Pts',(43.8710770038739,-102.733285557825,38.8346235969102));
#2011=CARTESIAN_POINT('Ctrl Pts',(43.8710770038739,-102.733285557825,35.8346235969102));
#2012=CARTESIAN_POINT('Ctrl Pts',(42.7738722077873,-122.562090837875,37.0674859877332));
#2013=CARTESIAN_POINT('Ctrl Pts',(42.7738722077873,-122.562090837875,34.0674859877332));
#2014=CARTESIAN_POINT('Ctrl Pts',(41.7740526758104,-136.12883711142,35.4536802166303));
#2015=CARTESIAN_POINT('Ctrl Pts',(41.7740526758104,-136.12883711142,32.4536802166303));
#2016=CARTESIAN_POINT('Ctrl Pts',(40.5334178355088,-149.630923137666,33.4485948593972));
#2017=CARTESIAN_POINT('Ctrl Pts',(40.5334178355088,-149.630923137666,30.4485948593972));
#2018=CARTESIAN_POINT('Ctrl Pts',(43.771209557618,-104.370211798334,35.6736478085713));
#2019=CARTESIAN_POINT('Ctrl Pts',(43.6932627424407,-105.890819765765,35.5481955731303));
#2020=CARTESIAN_POINT('Ctrl Pts',(43.612246105025,-107.410905918253,35.4177553719404));
#2021=CARTESIAN_POINT('Ctrl Pts',(43.482795706264,-109.750347706708,35.2092649707049));
#2022=CARTESIAN_POINT('Ctrl Pts',(43.4365405258458,-110.569990260767,35.1347545230862));
#2023=CARTESIAN_POINT('Ctrl Pts',(43.3893981816631,-111.389398182493,35.0588025296656));
#2024=CARTESIAN_POINT('',(44.4908760449365,-88.,36.8300985008707));
#2025=CARTESIAN_POINT('Ctrl Pts',(44.4913591575684,-87.999997550154,36.8297496360239));
#2026=CARTESIAN_POINT('Ctrl Pts',(44.4626427353722,-88.7732637108084,36.7845526219162));
#2027=CARTESIAN_POINT('Ctrl Pts',(44.4334525867237,-89.5440830938852,36.7380094879952));
#2028=CARTESIAN_POINT('Ctrl Pts',(44.2239308514617,-94.9538142812646,36.4018274717998));
#2029=CARTESIAN_POINT('Ctrl Pts',(44.0156231827498,-99.5899072101372,36.0670120708554));
#2030=CARTESIAN_POINT('Ctrl Pts',(43.7788400839675,-104.221159915735,35.68592867983));
#2031=CARTESIAN_POINT('',(44.4908760449365,-88.,39.8300985008707));
#2032=CARTESIAN_POINT('Ctrl Pts',(44.4908760449365,-88.,36.8300985008707));
#2033=CARTESIAN_POINT('Ctrl Pts',(44.4908760449365,-88.,37.3300985008707));
#2034=CARTESIAN_POINT('Ctrl Pts',(44.4908760449365,-88.,37.8300985008707));
#2035=CARTESIAN_POINT('Ctrl Pts',(44.4908760449365,-88.,38.8300985008707));
#2036=CARTESIAN_POINT('Ctrl Pts',(44.4908760449365,-88.,39.3300985008707));
#2037=CARTESIAN_POINT('Ctrl Pts',(44.4908760449365,-88.,39.8300985008707));
#2038=CARTESIAN_POINT('',(40.5334178355088,-149.630923137666,33.4485948593972));
#2039=CARTESIAN_POINT('Ctrl Pts',(44.4913591575684,-87.999997550154,39.8297496360239));
#2040=CARTESIAN_POINT('Ctrl Pts',(44.4626427353722,-88.7732637108084,39.7845526219162));
#2041=CARTESIAN_POINT('Ctrl Pts',(44.4334525867237,-89.5440830938852,39.7380094879952));
#2042=CARTESIAN_POINT('Ctrl Pts',(44.1629840680023,-96.5274253189845,39.3040370801807));
#2043=CARTESIAN_POINT('Ctrl Pts',(43.8710770038739,-102.733285557825,38.8346235969102));
#2044=CARTESIAN_POINT('Ctrl Pts',(42.7738722077873,-122.562090837875,37.0674859877332));
#2045=CARTESIAN_POINT('Ctrl Pts',(41.7740526758104,-136.12883711142,35.4536802166303));
#2046=CARTESIAN_POINT('Ctrl Pts',(40.5334178355088,-149.630923137666,33.4485948593972));
#2047=CARTESIAN_POINT('',(40.5334178355088,-149.630923137666,30.4485948593972));
#2048=CARTESIAN_POINT('',(40.5334178355088,-149.630923137666,33.4485948593972));
#2049=CARTESIAN_POINT('Ctrl Pts',(40.613557537603,-148.754978893959,30.5781118765529));
#2050=CARTESIAN_POINT('Ctrl Pts',(40.5869569261203,-149.046990541218,30.5351225281037));
#2051=CARTESIAN_POINT('Ctrl Pts',(40.5602436762045,-149.338971955067,30.4919501631716));
#2052=CARTESIAN_POINT('Ctrl Pts',(40.5334178355088,-149.630923137666,30.4485948593972));
#2053=CARTESIAN_POINT('Ctrl Pts',(43.3816969714847,-111.523118328638,35.046394844216));
#2054=CARTESIAN_POINT('Ctrl Pts',(42.6655880637999,-123.944396512714,33.8926370089843));
#2055=CARTESIAN_POINT('Ctrl Pts',(41.7456173802641,-136.311755614029,32.4076257467767));
#2056=CARTESIAN_POINT('Ctrl Pts',(40.6253577158279,-148.625357715983,30.5971821246083));
#2057=CARTESIAN_POINT('Origin',(0.,-88.,9.29211077326054));
#2058=CARTESIAN_POINT('',(-7.17862436700716E-16,-88.,36.8300985008707));
#2059=CARTESIAN_POINT('Ctrl Pts',(8.12721668839201E-16,-88.,36.8300985008707));
#2060=CARTESIAN_POINT('Ctrl Pts',(6.61952621458754,-88.,36.8300985008707));
#2061=CARTESIAN_POINT('Ctrl Pts',(13.2390524291751,-88.,36.8300985008707));
#2062=CARTESIAN_POINT('Ctrl Pts',(19.8585786437626,-88.,36.8300985008707));
#2063=CARTESIAN_POINT('Ctrl Pts',(-19.8585786437627,-88.0000000000001,36.8300985008707));
#2064=CARTESIAN_POINT('Ctrl Pts',(-13.2390524291751,-88.0000000000001,36.8300985008707));
#2065=CARTESIAN_POINT('Ctrl Pts',(-6.61952621458756,-88.0000000000001,36.8300985008707));
#2066=CARTESIAN_POINT('Ctrl Pts',(-8.12721668839211E-16,-88.0000000000001,
36.8300985008707));
#2067=CARTESIAN_POINT('',(-44.4908760448985,-88.0000000005193,36.8300985008097));
#2068=CARTESIAN_POINT('Ctrl Pts',(-44.4908760448985,-88.0000000005193,36.8300985008097));
#2069=CARTESIAN_POINT('Ctrl Pts',(-37.1034533721306,-88.0000000005193,36.8300985008097));
#2070=CARTESIAN_POINT('Ctrl Pts',(-29.7160306993627,-88.0000000000001,36.8300985008707));
#2071=CARTESIAN_POINT('Ctrl Pts',(-21.5995458031423,-88.0000000000001,36.8300985008707));
#2072=CARTESIAN_POINT('Ctrl Pts',(-20.8704835796898,-88.0000000000001,36.8300985008707));
#2073=CARTESIAN_POINT('Ctrl Pts',(-20.1414213562373,-88.0000000000001,36.8300985008707));
#2074=CARTESIAN_POINT('',(-44.4908760448985,-88.0000000005193,39.8300985008097));
#2075=CARTESIAN_POINT('Ctrl Pts',(-44.4908760449365,-88.,39.8300985008707));
#2076=CARTESIAN_POINT('Ctrl Pts',(-44.4908760449365,-88.,39.3300985008707));
#2077=CARTESIAN_POINT('Ctrl Pts',(-44.4908760449365,-88.,38.8300985008707));
#2078=CARTESIAN_POINT('Ctrl Pts',(-44.4908760449365,-88.,37.8300985008707));
#2079=CARTESIAN_POINT('Ctrl Pts',(-44.4908760449365,-88.,37.3300985008707));
#2080=CARTESIAN_POINT('Ctrl Pts',(-44.4908760449365,-88.,36.8300985008707));
#2081=CARTESIAN_POINT('',(-7.17862436700719E-16,-88.,39.8300985008707));
#2082=CARTESIAN_POINT('Ctrl Pts',(-8.12721668839211E-16,-88.0000000000001,
39.8300985008707));
#2083=CARTESIAN_POINT('Ctrl Pts',(-7.44286934219826,-88.0000000000001,39.8300985008707));
#2084=CARTESIAN_POINT('Ctrl Pts',(-14.8857386843965,-88.0000000000001,39.8300985008707));
#2085=CARTESIAN_POINT('Ctrl Pts',(-29.7160306993627,-88.0000000000001,39.8300985008707));
#2086=CARTESIAN_POINT('Ctrl Pts',(-37.1034533721306,-88.0000000005193,39.8300985008097));
#2087=CARTESIAN_POINT('Ctrl Pts',(-44.4908760448985,-88.0000000005193,39.8300985008097));
#2088=CARTESIAN_POINT('Ctrl Pts',(44.4908760449365,-88.,39.8300985008707));
#2089=CARTESIAN_POINT('Ctrl Pts',(37.1039025045188,-88.,39.8300985008707));
#2090=CARTESIAN_POINT('Ctrl Pts',(29.7169289641011,-88.,39.8300985008707));
#2091=CARTESIAN_POINT('Ctrl Pts',(14.8866369491223,-88.,39.8300985008707));
#2092=CARTESIAN_POINT('Ctrl Pts',(7.44331847456114,-88.,39.8300985008707));
#2093=CARTESIAN_POINT('Ctrl Pts',(8.12721668839201E-16,-88.,39.8300985008707));
#2094=CARTESIAN_POINT('Ctrl Pts',(20.1414213562373,-88.,36.8300985008707));
#2095=CARTESIAN_POINT('Ctrl Pts',(20.8709327120527,-88.,36.8300985008707));
#2096=CARTESIAN_POINT('Ctrl Pts',(21.600444067868,-88.,36.8300985008707));
#2097=CARTESIAN_POINT('Ctrl Pts',(29.7169289641011,-88.,36.8300985008707));
#2098=CARTESIAN_POINT('Ctrl Pts',(37.1039025045188,-88.,36.8300985008707));
#2099=CARTESIAN_POINT('Ctrl Pts',(44.4908760449365,-88.,36.8300985008707));
#2100=CARTESIAN_POINT('Ctrl Pts',(-38.9029173158305,-128.,33.3184465264047));
#2101=CARTESIAN_POINT('Ctrl Pts',(-39.6822230549462,-114.734372448835,34.8688260295289));
#2102=CARTESIAN_POINT('Ctrl Pts',(-40.2705028568468,-101.44817956758,36.0365999711527));
#2103=CARTESIAN_POINT('Ctrl Pts',(-40.6677567215323,-88.1414213562374,36.8217683512761));
#2104=CARTESIAN_POINT('Ctrl Pts',(-25.9582425700578,-128.,33.3184465264047));
#2105=CARTESIAN_POINT('Ctrl Pts',(-26.4782397529932,-114.734372448835,34.8688260295289));
#2106=CARTESIAN_POINT('Ctrl Pts',(-26.8707735486679,-101.44817956758,36.0365999711527));
#2107=CARTESIAN_POINT('Ctrl Pts',(-27.1358439570818,-88.1414213562374,36.8217683512761));
#2108=CARTESIAN_POINT('Ctrl Pts',(-13.013567824285,-128.,33.3184465264047));
#2109=CARTESIAN_POINT('Ctrl Pts',(-13.2742564510403,-114.734372448835,34.8688260295289));
#2110=CARTESIAN_POINT('Ctrl Pts',(-13.471044240489,-101.44817956758,36.0365999711527));
#2111=CARTESIAN_POINT('Ctrl Pts',(-13.6039311926313,-88.1414213562374,36.8217683512761));
#2112=CARTESIAN_POINT('Ctrl Pts',(-0.0688930785122876,-128.,33.3184465264047));
#2113=CARTESIAN_POINT('Ctrl Pts',(-0.0702731490873044,-114.734372448835,
34.8688260295289));
#2114=CARTESIAN_POINT('Ctrl Pts',(-0.0713149323101508,-101.44817956758,
36.0365999711527));
#2115=CARTESIAN_POINT('Ctrl Pts',(-0.0720184281808268,-88.1414213562374,
36.8217683512761));
#2116=CARTESIAN_POINT('Ctrl Pts',(-19.5679205396848,-108.,35.3646269281388));
#2117=CARTESIAN_POINT('Ctrl Pts',(-19.7122521464957,-101.338503117659,35.9492981714882));
#2118=CARTESIAN_POINT('Ctrl Pts',(-19.8330523323996,-94.6718364509871,36.4377886957325));
#2119=CARTESIAN_POINT('Ctrl Pts',(-19.9303210973965,-87.999999999985,36.8300985008716));
#2120=CARTESIAN_POINT('Ctrl Pts',(-13.0452803597899,-108.,35.3646269281388));
#2121=CARTESIAN_POINT('Ctrl Pts',(-13.1415014309971,-101.338503117659,35.9492981714882));
#2122=CARTESIAN_POINT('Ctrl Pts',(-13.2220348882664,-94.6718364509871,36.4377886957325));
#2123=CARTESIAN_POINT('Ctrl Pts',(-13.2868807315976,-87.999999999985,36.8300985008716));
#2124=CARTESIAN_POINT('Ctrl Pts',(-6.52264017989494,-108.,35.3646269281388));
#2125=CARTESIAN_POINT('Ctrl Pts',(-6.57075071549857,-101.338503117659,35.9492981714882));
#2126=CARTESIAN_POINT('Ctrl Pts',(-6.6110174441332,-94.6718364509871,36.4377886957325));
#2127=CARTESIAN_POINT('Ctrl Pts',(-6.64344036579882,-87.999999999985,36.8300985008716));
#2128=CARTESIAN_POINT('Ctrl Pts',(-5.50525148495788E-15,-108.,35.3646269281388));
#2129=CARTESIAN_POINT('Ctrl Pts',(-4.1528229393892E-15,-101.338503117659,
35.9492981714882));
#2130=CARTESIAN_POINT('Ctrl Pts',(-2.58864633401499E-15,-94.6718364509871,
36.4377886957325));
#2131=CARTESIAN_POINT('Ctrl Pts',(-8.12721668835221E-16,-87.999999999985,
36.8300985008716));
#2132=CARTESIAN_POINT('Ctrl Pts',(-4.78688970820511E-15,-108.,35.3646269281388));
#2133=CARTESIAN_POINT('Ctrl Pts',(-3.63955408858541E-15,-101.338503117659,
35.9492981714883));
#2134=CARTESIAN_POINT('Ctrl Pts',(-2.28321166474944E-15,-94.6718364509871,
36.4377886957325));
#2135=CARTESIAN_POINT('Ctrl Pts',(-7.17862436697204E-16,-87.9999999999851,
36.8300985008716));
#2136=CARTESIAN_POINT('Ctrl Pts',(-43.6818816384816,-108.,35.3646269281388));
#2137=CARTESIAN_POINT('Ctrl Pts',(-44.0040761278048,-101.338503117664,35.9492981714878));
#2138=CARTESIAN_POINT('Ctrl Pts',(-44.2737409300435,-94.6718364509972,36.4377886957318));
#2139=CARTESIAN_POINT('Ctrl Pts',(-44.4908760451977,-88.0000000000001,36.8300985008707));
#2140=CARTESIAN_POINT('Ctrl Pts',(-35.6901802811492,-108.,35.3646269281388));
#2141=CARTESIAN_POINT('Ctrl Pts',(-35.9534285428588,-101.338503117664,35.9492981714878));
#2142=CARTESIAN_POINT('Ctrl Pts',(-36.1737575453279,-94.6718364509972,36.4377886957318));
#2143=CARTESIAN_POINT('Ctrl Pts',(-36.3511672885565,-88.0000000000001,36.8300985008707));
#2144=CARTESIAN_POINT('Ctrl Pts',(-27.6984789238167,-108.,35.3646269281388));
#2145=CARTESIAN_POINT('Ctrl Pts',(-27.9027809579129,-101.338503117664,35.9492981714878));
#2146=CARTESIAN_POINT('Ctrl Pts',(-28.0737741606124,-94.6718364509972,36.4377886957318));
#2147=CARTESIAN_POINT('Ctrl Pts',(-28.2114585319152,-88.0000000000001,36.8300985008707));
#2148=CARTESIAN_POINT('Ctrl Pts',(-19.7067775664843,-108.,35.3646269281388));
#2149=CARTESIAN_POINT('Ctrl Pts',(-19.8521333729669,-101.338503117664,35.9492981714878));
#2150=CARTESIAN_POINT('Ctrl Pts',(-19.9737907758968,-94.6718364509972,36.4377886957318));
#2151=CARTESIAN_POINT('Ctrl Pts',(-20.071749775274,-88.0000000000001,36.8300985008707));
#2152=CARTESIAN_POINT('Ctrl Pts',(-43.778880244199,-104.221166799012,35.6859939114712));
#2153=CARTESIAN_POINT('Ctrl Pts',(-44.1177112888826,-97.598752403214,36.2313189117199));
#2154=CARTESIAN_POINT('Ctrl Pts',(-44.3413321106119,-92.0996743175994,36.5903387081895));
#2155=CARTESIAN_POINT('Ctrl Pts',(-44.4911641470353,-88.0000341104549,36.8305665259009));
#2156=CARTESIAN_POINT('Ctrl Pts',(-43.4330070474333,-111.389398235306,35.0588025230895));
#2157=CARTESIAN_POINT('Ctrl Pts',(-43.5522093814602,-109.050307199458,35.2756159378255));
#2158=CARTESIAN_POINT('Ctrl Pts',(-43.6649435506836,-106.710578411757,35.4805643640259));
#2159=CARTESIAN_POINT('Ctrl Pts',(-43.7712095551036,-104.370211872204,35.6736478016905));
#2160=CARTESIAN_POINT('Ctrl Pts',(-42.2617637764188,-111.389398235306,35.0588025230895));
#2161=CARTESIAN_POINT('Ctrl Pts',(-42.3777516212563,-109.050307199458,35.2756159378255));
#2162=CARTESIAN_POINT('Ctrl Pts',(-42.4874457261118,-106.710578411757,35.4805643640259));
#2163=CARTESIAN_POINT('Ctrl Pts',(-42.5908460909853,-104.370211872204,35.6736478016905));
#2164=CARTESIAN_POINT('Ctrl Pts',(-41.0905205054043,-111.389398235306,35.0588025230895));
#2165=CARTESIAN_POINT('Ctrl Pts',(-41.2032938610524,-109.050307199458,35.2756159378255));
#2166=CARTESIAN_POINT('Ctrl Pts',(-41.3099479015399,-106.710578411757,35.4805643640259));
#2167=CARTESIAN_POINT('Ctrl Pts',(-41.4104826268671,-104.370211872204,35.6736478016905));
#2168=CARTESIAN_POINT('Ctrl Pts',(-39.9192772343898,-111.389398235306,35.0588025230895));
#2169=CARTESIAN_POINT('Ctrl Pts',(-40.0288361008484,-109.050307199458,35.2756159378255));
#2170=CARTESIAN_POINT('Ctrl Pts',(-40.1324500769681,-106.710578411757,35.4805643640259));
#2171=CARTESIAN_POINT('Ctrl Pts',(-40.2301191627488,-104.370211872204,35.6736478016905));
#2172=CARTESIAN_POINT('Ctrl Pts',(-43.3893981817049,-111.389398234301,35.0588025231827));
#2173=CARTESIAN_POINT('Ctrl Pts',(-43.530810063301,-108.931437720198,35.2866341056962));
#2174=CARTESIAN_POINT('Ctrl Pts',(-43.6575115871025,-106.588263169581,35.4906555386473));
#2175=CARTESIAN_POINT('Ctrl Pts',(-43.7712095550472,-104.370211873444,35.6736478015882));
#2176=CARTESIAN_POINT('Ctrl Pts',(-40.9427235125988,-148.625370540874,30.5971802386615));
#2177=CARTESIAN_POINT('Ctrl Pts',(-42.0273448007277,-135.152003690077,32.5781419340998));
#2178=CARTESIAN_POINT('Ctrl Pts',(-42.8963334263842,-121.657353961865,34.1631485328388));
#2179=CARTESIAN_POINT('Ctrl Pts',(-43.5496893895683,-108.141421356237,35.3522000348787));
#2180=CARTESIAN_POINT('Ctrl Pts',(-33.751020889824,-148.625370540874,30.5971802386615));
#2181=CARTESIAN_POINT('Ctrl Pts',(-34.6451254488898,-135.152003690077,32.5781419340998));
#2182=CARTESIAN_POINT('Ctrl Pts',(-35.361473819035,-121.657353961865,34.1631485328388));
#2183=CARTESIAN_POINT('Ctrl Pts',(-35.9000660002594,-108.141421356237,35.3522000348787));
#2184=CARTESIAN_POINT('Ctrl Pts',(-26.5593182670493,-148.625370540874,30.5971802386616));
#2185=CARTESIAN_POINT('Ctrl Pts',(-27.262906097052,-135.152003690077,32.5781419340998));
#2186=CARTESIAN_POINT('Ctrl Pts',(-27.8266142116858,-121.657353961865,34.1631485328388));
#2187=CARTESIAN_POINT('Ctrl Pts',(-28.2504426109504,-108.141421356237,35.3522000348787));
#2188=CARTESIAN_POINT('Ctrl Pts',(-19.3676156442745,-148.625370540874,30.5971802386616));
#2189=CARTESIAN_POINT('Ctrl Pts',(-19.8806867452142,-135.152003690077,32.5781419340998));
#2190=CARTESIAN_POINT('Ctrl Pts',(-20.2917546043366,-121.657353961865,34.1631485328388));
#2191=CARTESIAN_POINT('Ctrl Pts',(-20.6008192216415,-108.141421356237,35.3522000348787));
#2192=CARTESIAN_POINT('Ctrl Pts',(-40.6253461272387,-148.625353251629,30.5971632884522));
#2193=CARTESIAN_POINT('Ctrl Pts',(-41.8922060070383,-134.696783900093,32.6445235414851));
#2194=CARTESIAN_POINT('Ctrl Pts',(-42.7726720459219,-122.060532587325,34.0651438100318));
#2195=CARTESIAN_POINT('Ctrl Pts',(-43.3813531998396,-111.523025539463,35.0458360758185));
#2196=CARTESIAN_POINT('Ctrl Pts',(-39.1489431470712,-165.65239139446,27.8809930956799));
#2197=CARTESIAN_POINT('Ctrl Pts',(-40.3149023155404,-153.167059368047,30.0288824307324));
#2198=CARTESIAN_POINT('Ctrl Pts',(-41.2966464421951,-140.663402688639,31.8358526500767));
#2199=CARTESIAN_POINT('Ctrl Pts',(-42.0941755270353,-128.141421356237,33.3019037537127));
#2200=CARTESIAN_POINT('Ctrl Pts',(-26.121985189464,-165.65239139446,27.8809930956799));
#2201=CARTESIAN_POINT('Ctrl Pts',(-26.8999670628406,-153.167059368047,30.0288824307325));
#2202=CARTESIAN_POINT('Ctrl Pts',(-27.555032141864,-140.663402688639,31.8358526500767));
#2203=CARTESIAN_POINT('Ctrl Pts',(-28.0871804265341,-128.141421356237,33.3019037537127));
#2204=CARTESIAN_POINT('Ctrl Pts',(-13.0950272318568,-165.65239139446,27.8809930956799));
#2205=CARTESIAN_POINT('Ctrl Pts',(-13.4850318101408,-153.167059368047,30.0288824307325));
#2206=CARTESIAN_POINT('Ctrl Pts',(-13.8134178415328,-140.663402688639,31.8358526500767));
#2207=CARTESIAN_POINT('Ctrl Pts',(-14.0801853260329,-128.141421356237,33.3019037537127));
#2208=CARTESIAN_POINT('Ctrl Pts',(-0.0680692742496156,-165.65239139446,
27.8809930956799));
#2209=CARTESIAN_POINT('Ctrl Pts',(-0.0700965574409959,-153.167059368047,
30.0288824307325));
#2210=CARTESIAN_POINT('Ctrl Pts',(-0.0718035412016843,-140.663402688639,
31.8358526500767));
#2211=CARTESIAN_POINT('Ctrl Pts',(-0.0731902255316806,-128.141421356237,
33.3019037537127));
#2212=CARTESIAN_POINT('',(-40.5334178355088,-149.630923137666,30.4485948593972));
#2213=CARTESIAN_POINT('Ctrl Pts',(-17.6523907705575,-165.652390770558,27.880993203011));
#2214=CARTESIAN_POINT('Ctrl Pts',(-25.2745173270313,-160.315320298515,28.7991455326319));
#2215=CARTESIAN_POINT('Ctrl Pts',(-32.9015262235331,-154.974831175182,29.6550143907492));
#2216=CARTESIAN_POINT('Ctrl Pts',(-40.5334178355088,-149.630923137666,30.4485948593972));
#2217=CARTESIAN_POINT('Ctrl Pts',(-40.5334178355088,-149.630923137666,30.4485948593972));
#2218=CARTESIAN_POINT('Ctrl Pts',(-40.5602979372276,-149.338381421109,30.4920378585833));
#2219=CARTESIAN_POINT('Ctrl Pts',(-40.587010939352,-149.046397605563,30.5352098187717));
#2220=CARTESIAN_POINT('Ctrl Pts',(-40.6135575379883,-148.754978894226,30.5781118762621));
#2221=CARTESIAN_POINT('Ctrl Pts',(-17.1823126948751,-174.6,26.2827641279235));
#2222=CARTESIAN_POINT('Ctrl Pts',(-17.579769988008,-165.789611449439,27.9145643725662));
#2223=CARTESIAN_POINT('Ctrl Pts',(-17.9359969227644,-156.970085234852,29.3763638897387));
#2224=CARTESIAN_POINT('Ctrl Pts',(-18.2509934991441,-148.141421356237,30.668162679441));
#2225=CARTESIAN_POINT('Ctrl Pts',(-11.4548751299167,-174.6,26.2827641279235));
#2226=CARTESIAN_POINT('Ctrl Pts',(-11.719846658672,-165.789611449439,27.9145643725662));
#2227=CARTESIAN_POINT('Ctrl Pts',(-11.9573312818429,-156.970085234852,29.3763638897387));
#2228=CARTESIAN_POINT('Ctrl Pts',(-12.1673289994294,-148.141421356237,30.668162679441));
#2229=CARTESIAN_POINT('Ctrl Pts',(-5.72743756495838,-174.6,26.2827641279235));
#2230=CARTESIAN_POINT('Ctrl Pts',(-5.85992332933602,-165.789611449439,27.9145643725662));
#2231=CARTESIAN_POINT('Ctrl Pts',(-5.97866564092146,-156.970085234852,29.3763638897387));
#2232=CARTESIAN_POINT('Ctrl Pts',(-6.08366449971472,-148.141421356237,30.6681626794411));
#2233=CARTESIAN_POINT('Ctrl Pts',(-1.19698221875428E-14,-174.6,26.2827641279235));
#2234=CARTESIAN_POINT('Ctrl Pts',(-1.20530171695752E-14,-165.789611449439,
27.9145643725662));
#2235=CARTESIAN_POINT('Ctrl Pts',(-1.17619445796633E-14,-156.970085234852,
29.3763638897387));
#2236=CARTESIAN_POINT('Ctrl Pts',(-1.1096604417807E-14,-148.141421356237,
30.6681626794411));
#2237=CARTESIAN_POINT('',(0.,-174.6,26.2827641279235));
#2238=CARTESIAN_POINT('Ctrl Pts',(-9.28747087821827E-15,-174.6,26.2827641279235));
#2239=CARTESIAN_POINT('Ctrl Pts',(-9.61897857061096E-15,-165.789611449439,
27.9145643725662));
#2240=CARTESIAN_POINT('Ctrl Pts',(-9.58106389754866E-15,-156.970085234852,
29.3763638897387));
#2241=CARTESIAN_POINT('Ctrl Pts',(-9.17372685903137E-15,-148.141421356237,
30.668162679441));
#2242=CARTESIAN_POINT('',(-4.87388048444818,-174.6,26.2827641279235));
#2243=CARTESIAN_POINT('Ctrl Pts',(-1.19698221875428E-14,-174.6,26.2827641279235));
#2244=CARTESIAN_POINT('Ctrl Pts',(-1.6246268281494,-174.6,26.2827641279235));
#2245=CARTESIAN_POINT('Ctrl Pts',(-3.24925365629879,-174.6,26.2827641279235));
#2246=CARTESIAN_POINT('Ctrl Pts',(-4.87388048444818,-174.6,26.2827641279235));
#2247=CARTESIAN_POINT('Ctrl Pts',(-4.87388048444818,-174.6,26.2827641279235));
#2248=CARTESIAN_POINT('Ctrl Pts',(-9.10415163094725,-171.637932254544,26.8313781696249));
#2249=CARTESIAN_POINT('Ctrl Pts',(-13.3359287453782,-168.67481001899,27.3607807672045));
#2250=CARTESIAN_POINT('Ctrl Pts',(-17.5692118920626,-165.7106332483,27.8709710781134));
#2251=CARTESIAN_POINT('Ctrl Pts',(-19.254721651898,-148.,30.6888406167679));
#2252=CARTESIAN_POINT('Ctrl Pts',(-19.753210043925,-134.734436538998,32.6270916764675));
#2253=CARTESIAN_POINT('Ctrl Pts',(-20.1535237059485,-121.448243657744,34.1815448158378));
#2254=CARTESIAN_POINT('Ctrl Pts',(-20.4556626379687,-108.141421356237,35.3522000348787));
#2255=CARTESIAN_POINT('Ctrl Pts',(-12.8364811012654,-148.,30.6888406167679));
#2256=CARTESIAN_POINT('Ctrl Pts',(-13.16880669595,-134.734436538998,32.6270916764675));
#2257=CARTESIAN_POINT('Ctrl Pts',(-13.4356824706324,-121.448243657744,34.1815448158378));
#2258=CARTESIAN_POINT('Ctrl Pts',(-13.6371084253125,-108.141421356237,35.3522000348787));
#2259=CARTESIAN_POINT('Ctrl Pts',(-6.41824055063269,-148.,30.6888406167679));
#2260=CARTESIAN_POINT('Ctrl Pts',(-6.584403347975,-134.734436538998,32.6270916764675));
#2261=CARTESIAN_POINT('Ctrl Pts',(-6.71784123531618,-121.448243657744,34.1815448158378));
#2262=CARTESIAN_POINT('Ctrl Pts',(-6.81855421265624,-108.141421356237,35.3522000348787));
#2263=CARTESIAN_POINT('Ctrl Pts',(-1.10859147594711E-14,-148.,30.6888406167679));
#2264=CARTESIAN_POINT('Ctrl Pts',(-1.00802095408642E-14,-134.734436538998,
32.6270916764675));
#2265=CARTESIAN_POINT('Ctrl Pts',(-8.22954843355897E-15,-121.448243657744,
34.1815448158378));
#2266=CARTESIAN_POINT('Ctrl Pts',(-5.53393143755541E-15,-108.141421356237,
35.3522000348787));
#2267=CARTESIAN_POINT('Ctrl Pts',(-9.16717039787364E-15,-148.,30.6888406167679));
#2268=CARTESIAN_POINT('Ctrl Pts',(-8.5492028252936E-15,-134.734436538998,
32.6270916764675));
#2269=CARTESIAN_POINT('Ctrl Pts',(-7.09721802411305E-15,-121.448243657744,
34.1815448158378));
#2270=CARTESIAN_POINT('Ctrl Pts',(-4.81121599433201E-15,-108.141421356237,
35.3522000348787));
#2271=CARTESIAN_POINT('Ctrl Pts',(19.5679205396849,-108.,35.3646269281388));
#2272=CARTESIAN_POINT('Ctrl Pts',(19.7122521464957,-101.338503117664,35.9492981714878));
#2273=CARTESIAN_POINT('Ctrl Pts',(19.8330523323995,-94.6718364509971,36.4377886957318));
#2274=CARTESIAN_POINT('Ctrl Pts',(19.9303210973963,-88.,36.8300985008707));
#2275=CARTESIAN_POINT('Ctrl Pts',(13.0452803597899,-108.,35.3646269281388));
#2276=CARTESIAN_POINT('Ctrl Pts',(13.1415014309971,-101.338503117664,35.9492981714878));
#2277=CARTESIAN_POINT('Ctrl Pts',(13.2220348882663,-94.6718364509971,36.4377886957318));
#2278=CARTESIAN_POINT('Ctrl Pts',(13.2868807315976,-88.,36.8300985008707));
#2279=CARTESIAN_POINT('Ctrl Pts',(6.52264017989496,-108.,35.3646269281388));
#2280=CARTESIAN_POINT('Ctrl Pts',(6.57075071549856,-101.338503117664,35.9492981714878));
#2281=CARTESIAN_POINT('Ctrl Pts',(6.61101744413317,-94.6718364509971,36.4377886957318));
#2282=CARTESIAN_POINT('Ctrl Pts',(6.64344036579878,-88.,36.8300985008707));
#2283=CARTESIAN_POINT('Ctrl Pts',(5.50525148495791E-15,-108.,35.3646269281388));
#2284=CARTESIAN_POINT('Ctrl Pts',(4.15282293939024E-15,-101.338503117664,
35.9492981714878));
#2285=CARTESIAN_POINT('Ctrl Pts',(2.58864633401733E-15,-94.6718364509971,
36.4377886957318));
#2286=CARTESIAN_POINT('Ctrl Pts',(8.12721668839201E-16,-88.,36.8300985008707));
#2287=CARTESIAN_POINT('Ctrl Pts',(38.9029173158306,-128.,33.3184465264047));
#2288=CARTESIAN_POINT('Ctrl Pts',(39.6822230549463,-114.734372448834,34.8688260295289));
#2289=CARTESIAN_POINT('Ctrl Pts',(40.2705028568469,-101.44817956758,36.0365999711527));
#2290=CARTESIAN_POINT('Ctrl Pts',(40.6677567215324,-88.1414213562373,36.8217683512761));
#2291=CARTESIAN_POINT('Ctrl Pts',(25.9582425700579,-128.,33.3184465264047));
#2292=CARTESIAN_POINT('Ctrl Pts',(26.4782397529933,-114.734372448834,34.8688260295289));
#2293=CARTESIAN_POINT('Ctrl Pts',(26.870773548668,-101.44817956758,36.0365999711527));
#2294=CARTESIAN_POINT('Ctrl Pts',(27.1358439570819,-88.1414213562373,36.8217683512761));
#2295=CARTESIAN_POINT('Ctrl Pts',(13.0135678242851,-128.,33.3184465264047));
#2296=CARTESIAN_POINT('Ctrl Pts',(13.2742564510404,-114.734372448834,34.8688260295289));
#2297=CARTESIAN_POINT('Ctrl Pts',(13.4710442404891,-101.44817956758,36.0365999711527));
#2298=CARTESIAN_POINT('Ctrl Pts',(13.6039311926314,-88.1414213562373,36.8217683512761));
#2299=CARTESIAN_POINT('Ctrl Pts',(0.0688930785124053,-128.,33.3184465264048));
#2300=CARTESIAN_POINT('Ctrl Pts',(0.0702731490874247,-114.734372448834,
34.8688260295289));
#2301=CARTESIAN_POINT('Ctrl Pts',(0.0713149323102732,-101.44817956758,36.0365999711527));
#2302=CARTESIAN_POINT('Ctrl Pts',(0.0720184281809508,-88.1414213562373,
36.8217683512761));
#2303=CARTESIAN_POINT('Ctrl Pts',(43.6818873660154,-108.,35.3646269281388));
#2304=CARTESIAN_POINT('Ctrl Pts',(44.0040818975844,-101.338503117664,35.9492981714878));
#2305=CARTESIAN_POINT('Ctrl Pts',(44.2737467351814,-94.6718364509971,36.4377886957318));
#2306=CARTESIAN_POINT('Ctrl Pts',(44.4908818788062,-88.,36.8300985008707));
#2307=CARTESIAN_POINT('Ctrl Pts',(35.6901840995051,-108.,35.3646269281388));
#2308=CARTESIAN_POINT('Ctrl Pts',(35.9534323893787,-101.338503117664,35.9492981714878));
#2309=CARTESIAN_POINT('Ctrl Pts',(36.1737614154199,-94.6718364509971,36.4377886957318));
#2310=CARTESIAN_POINT('Ctrl Pts',(36.3511711776289,-88.,36.8300985008707));
#2311=CARTESIAN_POINT('Ctrl Pts',(27.6984808329948,-108.,35.3646269281388));
#2312=CARTESIAN_POINT('Ctrl Pts',(27.9027828811729,-101.338503117664,35.9492981714878));
#2313=CARTESIAN_POINT('Ctrl Pts',(28.0737760956585,-94.6718364509971,36.4377886957318));
#2314=CARTESIAN_POINT('Ctrl Pts',(28.2114604764515,-88.,36.8300985008707));
#2315=CARTESIAN_POINT('Ctrl Pts',(19.7067775664845,-108.,35.3646269281388));
#2316=CARTESIAN_POINT('Ctrl Pts',(19.8521333729671,-101.338503117664,35.9492981714878));
#2317=CARTESIAN_POINT('Ctrl Pts',(19.973790775897,-94.6718364509971,36.4377886957318));
#2318=CARTESIAN_POINT('Ctrl Pts',(20.0717497752741,-88.,36.8300985008707));
#2319=CARTESIAN_POINT('Ctrl Pts',(19.2547216518981,-148.,30.6888406167679));
#2320=CARTESIAN_POINT('Ctrl Pts',(19.753210043925,-134.734436538998,32.6270916764675));
#2321=CARTESIAN_POINT('Ctrl Pts',(20.1535237059486,-121.448243657744,34.1815448158378));
#2322=CARTESIAN_POINT('Ctrl Pts',(20.4556626379688,-108.141421356237,35.3522000348787));
#2323=CARTESIAN_POINT('Ctrl Pts',(12.8364811012654,-148.,30.6888406167679));
#2324=CARTESIAN_POINT('Ctrl Pts',(13.16880669595,-134.734436538998,32.6270916764675));
#2325=CARTESIAN_POINT('Ctrl Pts',(13.4356824706324,-121.448243657744,34.1815448158378));
#2326=CARTESIAN_POINT('Ctrl Pts',(13.6371084253125,-108.141421356237,35.3522000348787));
#2327=CARTESIAN_POINT('Ctrl Pts',(6.41824055063271,-148.,30.6888406167679));
#2328=CARTESIAN_POINT('Ctrl Pts',(6.58440334797502,-134.734436538998,32.6270916764675));
#2329=CARTESIAN_POINT('Ctrl Pts',(6.71784123531621,-121.448243657744,34.1815448158378));
#2330=CARTESIAN_POINT('Ctrl Pts',(6.81855421265627,-108.141421356237,35.3522000348787));
#2331=CARTESIAN_POINT('Ctrl Pts',(1.10859147594711E-14,-148.,30.6888406167679));
#2332=CARTESIAN_POINT('Ctrl Pts',(1.00802095408642E-14,-134.734436538998,
32.6270916764675));
#2333=CARTESIAN_POINT('Ctrl Pts',(8.22954843355898E-15,-121.448243657744,
34.1815448158378));
#2334=CARTESIAN_POINT('Ctrl Pts',(5.53393143755542E-15,-108.141421356237,
35.3522000348787));
#2335=CARTESIAN_POINT('Ctrl Pts',(17.182312694875,-174.6,26.2827641279235));
#2336=CARTESIAN_POINT('Ctrl Pts',(17.5797699880079,-165.789611449439,27.9145643725662));
#2337=CARTESIAN_POINT('Ctrl Pts',(17.9359969227643,-156.970085234852,29.3763638897387));
#2338=CARTESIAN_POINT('Ctrl Pts',(18.250993499144,-148.141421356237,30.668162679441));
#2339=CARTESIAN_POINT('Ctrl Pts',(11.4548751299167,-174.6,26.2827641279235));
#2340=CARTESIAN_POINT('Ctrl Pts',(11.719846658672,-165.789611449439,27.9145643725662));
#2341=CARTESIAN_POINT('Ctrl Pts',(11.9573312818428,-156.970085234852,29.3763638897387));
#2342=CARTESIAN_POINT('Ctrl Pts',(12.1673289994294,-148.141421356237,30.668162679441));
#2343=CARTESIAN_POINT('Ctrl Pts',(5.72743756495834,-174.6,26.2827641279235));
#2344=CARTESIAN_POINT('Ctrl Pts',(5.85992332933598,-165.789611449439,27.9145643725662));
#2345=CARTESIAN_POINT('Ctrl Pts',(5.97866564092143,-156.970085234852,29.3763638897387));
#2346=CARTESIAN_POINT('Ctrl Pts',(6.08366449971468,-148.141421356237,30.6681626794411));
#2347=CARTESIAN_POINT('Ctrl Pts',(1.19698221875428E-14,-174.6,26.2827641279235));
#2348=CARTESIAN_POINT('Ctrl Pts',(1.20530171695752E-14,-165.789611449439,
27.9145643725662));
#2349=CARTESIAN_POINT('Ctrl Pts',(1.17619445796633E-14,-156.970085234852,
29.3763638897387));
#2350=CARTESIAN_POINT('Ctrl Pts',(1.1096604417807E-14,-148.141421356237,
30.6681626794411));
#2351=CARTESIAN_POINT('',(4.87388048444819,-174.6,26.2827641279235));
#2352=CARTESIAN_POINT('Ctrl Pts',(17.5692118920603,-165.710633248301,27.8709710781129));
#2353=CARTESIAN_POINT('Ctrl Pts',(13.3359287453767,-168.674810018991,27.3607807672039));
#2354=CARTESIAN_POINT('Ctrl Pts',(9.10415163094648,-171.637932254545,26.8313781696244));
#2355=CARTESIAN_POINT('Ctrl Pts',(4.87388048444819,-174.6,26.2827641279235));
#2356=CARTESIAN_POINT('Ctrl Pts',(4.87388048444819,-174.6,26.2827641279235));
#2357=CARTESIAN_POINT('Ctrl Pts',(3.24925365629879,-174.6,26.2827641279235));
#2358=CARTESIAN_POINT('Ctrl Pts',(1.6246268281494,-174.6,26.2827641279235));
#2359=CARTESIAN_POINT('Ctrl Pts',(1.19698221875428E-14,-174.6,26.2827641279235));
#2360=CARTESIAN_POINT('Ctrl Pts',(43.4330094435147,-111.389398183221,35.0588025279173));
#2361=CARTESIAN_POINT('Ctrl Pts',(43.5522117843844,-109.050307140102,35.2756159431503));
#2362=CARTESIAN_POINT('Ctrl Pts',(43.6649459600541,-106.710578345125,35.480564369774));
#2363=CARTESIAN_POINT('Ctrl Pts',(43.7712119705237,-104.370211798292,35.6736478077883));
#2364=CARTESIAN_POINT('Ctrl Pts',(42.2617653746197,-111.389398183221,35.0588025279173));
#2365=CARTESIAN_POINT('Ctrl Pts',(42.377753224103,-109.050307140102,35.2756159431503));
#2366=CARTESIAN_POINT('Ctrl Pts',(42.4874473333276,-106.710578345125,35.480564369774));
#2367=CARTESIAN_POINT('Ctrl Pts',(42.5908477022937,-104.370211798292,35.6736478077883));
#2368=CARTESIAN_POINT('Ctrl Pts',(41.0905213057246,-111.389398183221,35.0588025279173));
#2369=CARTESIAN_POINT('Ctrl Pts',(41.2032946638215,-109.050307140102,35.2756159431503));
#2370=CARTESIAN_POINT('Ctrl Pts',(41.3099487066012,-106.710578345125,35.480564369774));
#2371=CARTESIAN_POINT('Ctrl Pts',(41.4104834340636,-104.370211798292,35.6736478077883));
#2372=CARTESIAN_POINT('Ctrl Pts',(39.9192772368296,-111.389398183221,35.0588025279173));
#2373=CARTESIAN_POINT('Ctrl Pts',(40.0288361035401,-109.050307140102,35.2756159431503));
#2374=CARTESIAN_POINT('Ctrl Pts',(40.1324500798747,-106.710578345125,35.480564369774));
#2375=CARTESIAN_POINT('Ctrl Pts',(40.2301191658336,-104.370211798292,35.6736478077883));
#2376=CARTESIAN_POINT('Ctrl Pts',(39.1489383446902,-165.65239139092,27.880993096289));
#2377=CARTESIAN_POINT('Ctrl Pts',(40.3148973699769,-153.167059365683,30.0288824310741));
#2378=CARTESIAN_POINT('Ctrl Pts',(41.2966413760831,-140.663402687455,31.8358526502153));
#2379=CARTESIAN_POINT('Ctrl Pts',(42.0941703630087,-128.141421356237,33.3019037537127));
#2380=CARTESIAN_POINT('Ctrl Pts',(26.1219819878769,-165.65239139092,27.880993096289));
#2381=CARTESIAN_POINT('Ctrl Pts',(26.8999637657984,-153.167059365683,30.0288824310741));
#2382=CARTESIAN_POINT('Ctrl Pts',(27.555028764456,-140.663402687455,31.8358526502153));
#2383=CARTESIAN_POINT('Ctrl Pts',(28.0871769838497,-128.141421356237,33.3019037537127));
#2384=CARTESIAN_POINT('Ctrl Pts',(13.0950256310636,-165.65239139092,27.880993096289));
#2385=CARTESIAN_POINT('Ctrl Pts',(13.4850301616199,-153.167059365683,30.0288824310741));
#2386=CARTESIAN_POINT('Ctrl Pts',(13.813416152829,-140.663402687455,31.8358526502153));
#2387=CARTESIAN_POINT('Ctrl Pts',(14.0801836046908,-128.141421356237,33.3019037537127));
#2388=CARTESIAN_POINT('Ctrl Pts',(0.0680692742503099,-165.65239139092,27.880993096289));
#2389=CARTESIAN_POINT('Ctrl Pts',(0.0700965574414414,-153.167059365683,
30.0288824310741));
#2390=CARTESIAN_POINT('Ctrl Pts',(0.0718035412019408,-140.663402687455,
31.8358526502153));
#2391=CARTESIAN_POINT('Ctrl Pts',(0.0731902255318083,-128.141421356237,
33.3019037537127));
#2392=CARTESIAN_POINT('Ctrl Pts',(40.5334178355088,-149.630923137666,30.4485948593972));
#2393=CARTESIAN_POINT('Ctrl Pts',(32.9015262235325,-154.974831175182,29.65501439075));
#2394=CARTESIAN_POINT('Ctrl Pts',(25.2745173270301,-160.315320298516,28.7991455326318));
#2395=CARTESIAN_POINT('Ctrl Pts',(17.6523907705555,-165.652390770559,27.8809932030105));
#2396=CARTESIAN_POINT('Ctrl Pts',(40.9427321664523,-148.625357715983,30.597182124279));
#2397=CARTESIAN_POINT('Ctrl Pts',(42.0273531755064,-135.151995126644,32.578142939913));
#2398=CARTESIAN_POINT('Ctrl Pts',(42.8963416187846,-121.657349673396,34.1631489101129));
#2399=CARTESIAN_POINT('Ctrl Pts',(43.5496974962868,-108.141421356237,35.3522000348787));
#2400=CARTESIAN_POINT('Ctrl Pts',(33.751026821852,-148.625357715983,30.597182124279));
#2401=CARTESIAN_POINT('Ctrl Pts',(34.6451311190275,-135.151995126644,32.578142939913));
#2402=CARTESIAN_POINT('Ctrl Pts',(35.361479313323,-121.657349673396,34.1631489101129));
#2403=CARTESIAN_POINT('Ctrl Pts',(35.9000714047384,-108.141421356237,35.3522000348787));
#2404=CARTESIAN_POINT('Ctrl Pts',(26.5593214772518,-148.625357715983,30.597182124279));
#2405=CARTESIAN_POINT('Ctrl Pts',(27.2629090625486,-135.151995126644,32.578142939913));
#2406=CARTESIAN_POINT('Ctrl Pts',(27.8266170078614,-121.657349673396,34.1631489101129));
#2407=CARTESIAN_POINT('Ctrl Pts',(28.25044531319,-108.141421356237,35.3522000348787));
#2408=CARTESIAN_POINT('Ctrl Pts',(19.3676161326515,-148.625357715983,30.597182124279));
#2409=CARTESIAN_POINT('Ctrl Pts',(19.8806870060698,-135.151995126644,32.578142939913));
#2410=CARTESIAN_POINT('Ctrl Pts',(20.2917547023998,-121.657349673396,34.1631489101129));
#2411=CARTESIAN_POINT('Ctrl Pts',(20.6008192216417,-108.141421356237,35.3522000348787));
#2412=CARTESIAN_POINT('Ctrl Pts',(38.6929764773395,-174.6,29.2827641279235));
#2413=CARTESIAN_POINT('Ctrl Pts',(41.6156091708839,-145.830765347197,34.6112061001721));
#2414=CARTESIAN_POINT('Ctrl Pts',(43.5482443047062,-116.96409868053,38.1269842244879));
#2415=CARTESIAN_POINT('Ctrl Pts',(44.4908818788062,-88.,39.8300985008707));
#2416=CARTESIAN_POINT('Ctrl Pts',(25.7953176515597,-174.6,29.2827641279235));
#2417=CARTESIAN_POINT('Ctrl Pts',(27.743739447256,-145.830765347197,34.6112061001721));
#2418=CARTESIAN_POINT('Ctrl Pts',(29.0321628698041,-116.96409868053,38.1269842244879));
#2419=CARTESIAN_POINT('Ctrl Pts',(29.6605879192041,-88.,39.8300985008707));
#2420=CARTESIAN_POINT('Ctrl Pts',(12.8976588257799,-174.6,29.2827641279235));
#2421=CARTESIAN_POINT('Ctrl Pts',(13.871869723628,-145.830765347197,34.6112061001722));
#2422=CARTESIAN_POINT('Ctrl Pts',(14.5160814349021,-116.96409868053,38.1269842244879));
#2423=CARTESIAN_POINT('Ctrl Pts',(14.8302939596021,-88.,39.8300985008707));
#2424=CARTESIAN_POINT('Ctrl Pts',(1.19698221875428E-14,-174.6,29.2827641279235));
#2425=CARTESIAN_POINT('Ctrl Pts',(1.22414851166283E-14,-145.830765347197,
34.6112061001722));
#2426=CARTESIAN_POINT('Ctrl Pts',(8.52245161039372E-15,-116.96409868053,
38.1269842244879));
#2427=CARTESIAN_POINT('Ctrl Pts',(8.12721668839201E-16,-88.,39.8300985008707));
#2428=CARTESIAN_POINT('',(0.,-174.6,29.2827641279235));
#2429=CARTESIAN_POINT('Ctrl Pts',(-9.28747087821827E-15,-174.6,29.2827641279235));
#2430=CARTESIAN_POINT('Ctrl Pts',(-1.03699682660377E-14,-145.830765347192,
34.6112061001731));
#2431=CARTESIAN_POINT('Ctrl Pts',(-7.51343211886398E-15,-116.96409868052,
38.1269842244891));
#2432=CARTESIAN_POINT('Ctrl Pts',(-7.1786243669721E-16,-87.9999999999851,
39.8300985008716));
#2433=CARTESIAN_POINT('',(4.87388048444819,-174.6,29.2827641279235));
#2434=CARTESIAN_POINT('Ctrl Pts',(4.87388048444819,-174.6,29.2827641279235));
#2435=CARTESIAN_POINT('Ctrl Pts',(3.24925365629879,-174.6,29.2827641279235));
#2436=CARTESIAN_POINT('Ctrl Pts',(1.6246268281494,-174.6,29.2827641279235));
#2437=CARTESIAN_POINT('Ctrl Pts',(1.19698221875428E-14,-174.6,29.2827641279235));
#2438=CARTESIAN_POINT('Ctrl Pts',(40.5334178355088,-149.630923137666,33.4485948593972));
#2439=CARTESIAN_POINT('Ctrl Pts',(28.6350379919045,-157.962258396657,32.2113757880974));
#2440=CARTESIAN_POINT('Ctrl Pts',(16.7485260157852,-166.285283685373,30.8227593322745));
#2441=CARTESIAN_POINT('Ctrl Pts',(4.87388048444819,-174.6,29.2827641279235));
#2442=CARTESIAN_POINT('Ctrl Pts',(-38.6929714039477,-174.6,29.2827641279235));
#2443=CARTESIAN_POINT('Ctrl Pts',(-41.6156037142794,-145.830765347192,34.6112061001731));
#2444=CARTESIAN_POINT('Ctrl Pts',(-43.5482385946963,-116.96409868052,38.1269842244891));
#2445=CARTESIAN_POINT('Ctrl Pts',(-44.4908760451982,-87.999999999985,39.8300985008716));
#2446=CARTESIAN_POINT('Ctrl Pts',(-25.7953142692985,-174.6,29.2827641279235));
#2447=CARTESIAN_POINT('Ctrl Pts',(-27.7437358095196,-145.830765347192,34.6112061001731));
#2448=CARTESIAN_POINT('Ctrl Pts',(-29.0321590631308,-116.96409868052,38.1269842244891));
#2449=CARTESIAN_POINT('Ctrl Pts',(-29.6605840301322,-87.999999999985,39.8300985008716));
#2450=CARTESIAN_POINT('Ctrl Pts',(-12.8976571346493,-174.6,29.2827641279235));
#2451=CARTESIAN_POINT('Ctrl Pts',(-13.8718679047598,-145.830765347192,34.6112061001731));
#2452=CARTESIAN_POINT('Ctrl Pts',(-14.5160795315654,-116.964098680521,38.1269842244891));
#2453=CARTESIAN_POINT('Ctrl Pts',(-14.8302920150661,-87.999999999985,39.8300985008716));
#2454=CARTESIAN_POINT('Ctrl Pts',(-1.19698221875428E-14,-174.6,29.2827641279235));
#2455=CARTESIAN_POINT('Ctrl Pts',(-1.22414851166283E-14,-145.830765347192,
34.6112061001731));
#2456=CARTESIAN_POINT('Ctrl Pts',(-8.52245161039244E-15,-116.96409868052,
38.1269842244891));
#2457=CARTESIAN_POINT('Ctrl Pts',(-8.12721668835221E-16,-87.999999999985,
39.8300985008716));
#2458=CARTESIAN_POINT('',(-40.5334178355088,-149.630923137666,33.4485948593972));
#2459=CARTESIAN_POINT('Ctrl Pts',(-40.5334178355088,-149.630923137666,33.4485948593972));
#2460=CARTESIAN_POINT('Ctrl Pts',(-42.0694424301352,-132.914049210416,35.9310823109721));
#2461=CARTESIAN_POINT('Ctrl Pts',(-43.0498484589213,-118.014687104619,37.512311936877));
#2462=CARTESIAN_POINT('Ctrl Pts',(-43.670166716259,-106.30865565841,38.5109978802263));
#2463=CARTESIAN_POINT('Ctrl Pts',(-44.0707340504527,-98.7495458709257,39.1558942077037));
#2464=CARTESIAN_POINT('Ctrl Pts',(-44.3258577707351,-92.5230765982606,39.5655284807651));
#2465=CARTESIAN_POINT('Ctrl Pts',(-44.4911641470353,-88.0000341104548,39.8305665259009));
#2466=CARTESIAN_POINT('',(-4.87388048444818,-174.6,29.2827641279235));
#2467=CARTESIAN_POINT('Ctrl Pts',(-4.87388048444818,-174.6,29.2827641279235));
#2468=CARTESIAN_POINT('Ctrl Pts',(-16.7485260157852,-166.285283685373,30.8227593322758));
#2469=CARTESIAN_POINT('Ctrl Pts',(-28.6350379919043,-157.962258396657,32.2113757880961));
#2470=CARTESIAN_POINT('Ctrl Pts',(-40.5334178355088,-149.630923137666,33.4485948593972));
#2471=CARTESIAN_POINT('Ctrl Pts',(-1.19698221875428E-14,-174.6,29.2827641279235));
#2472=CARTESIAN_POINT('Ctrl Pts',(-1.6246268281494,-174.6,29.2827641279235));
#2473=CARTESIAN_POINT('Ctrl Pts',(-3.24925365629879,-174.6,29.2827641279235));
#2474=CARTESIAN_POINT('Ctrl Pts',(-4.87388048444818,-174.6,29.2827641279235));
#2475=CARTESIAN_POINT('Ctrl Pts',(-40.5334178355088,-149.630923137666,33.4485948593972));
#2476=CARTESIAN_POINT('Ctrl Pts',(-40.5334178355088,-149.630923137666,30.4485948593972));
#2477=CARTESIAN_POINT('Ctrl Pts',(-42.0694424301352,-132.914049210416,35.9310823109721));
#2478=CARTESIAN_POINT('Ctrl Pts',(-42.0694424301352,-132.914049210416,32.9310823109721));
#2479=CARTESIAN_POINT('Ctrl Pts',(-43.0498484589213,-118.014687104619,37.512311936877));
#2480=CARTESIAN_POINT('Ctrl Pts',(-43.0498484589213,-118.014687104619,34.512311936877));
#2481=CARTESIAN_POINT('Ctrl Pts',(-43.670166716259,-106.30865565841,38.5109978802263));
#2482=CARTESIAN_POINT('Ctrl Pts',(-43.670166716259,-106.30865565841,35.5109978802263));
#2483=CARTESIAN_POINT('Ctrl Pts',(-44.1684287834801,-96.9059476801271,39.3131785620808));
#2484=CARTESIAN_POINT('Ctrl Pts',(-44.1684287834801,-96.9059476801271,36.3131785620808));
#2485=CARTESIAN_POINT('Ctrl Pts',(-44.441651094943,-89.5651872009697,39.7513465943514));
#2486=CARTESIAN_POINT('Ctrl Pts',(-44.441651094943,-89.5651872009697,36.7513465943514));
#2487=CARTESIAN_POINT('Ctrl Pts',(-44.5968935485512,-85.,40.));
#2488=CARTESIAN_POINT('Ctrl Pts',(-44.5968935485512,-85.,37.));
#2489=CARTESIAN_POINT('Ctrl Pts',(-44.5989810004381,-84.9386146739174,40.0033434927672));
#2490=CARTESIAN_POINT('Ctrl Pts',(-44.5989810004381,-84.9386146739174,37.0033434927672));
#2491=CARTESIAN_POINT('Ctrl Pts',(-44.6010463750108,-84.877730853855,40.0066467555126));
#2492=CARTESIAN_POINT('Ctrl Pts',(-44.6010463750108,-84.877730853855,37.0066467555126));
#2493=CARTESIAN_POINT('Ctrl Pts',(-44.6030898579173,-84.8173502852878,40.0099103442371));
#2494=CARTESIAN_POINT('Ctrl Pts',(-44.6030898579173,-84.8173502852878,37.0099103442371));
#2495=CARTESIAN_POINT('Ctrl Pts',(-44.6202584975026,-84.3100535438183,40.0373298926898));
#2496=CARTESIAN_POINT('Ctrl Pts',(-44.6202584975026,-84.3100535438183,37.0373298926898));
#2497=CARTESIAN_POINT('Ctrl Pts',(-44.6362686567394,-83.8382937914267,40.0619522465972));
#2498=CARTESIAN_POINT('Ctrl Pts',(-44.6362686567394,-83.8382937914267,37.0619522465972));
#2499=CARTESIAN_POINT('Ctrl Pts',(-44.6510591412321,-83.4030976423477,40.0840803706063));
#2500=CARTESIAN_POINT('Ctrl Pts',(-44.6510591412321,-83.4030976423477,37.0840803706063));
#2501=CARTESIAN_POINT('Ctrl Pts',(-44.665148744591,-82.9885242639795,40.1051599025526));
#2502=CARTESIAN_POINT('Ctrl Pts',(-44.665148744591,-82.9885242639795,37.1051599025526));
#2503=CARTESIAN_POINT('Ctrl Pts',(-44.679211802468,-82.5753686857261,40.1255892916479));
#2504=CARTESIAN_POINT('Ctrl Pts',(-44.679211802468,-82.5753686857261,37.1255892916479));
#2505=CARTESIAN_POINT('Ctrl Pts',(-44.693314912906,-82.1614535403745,40.1454858909202));
#2506=CARTESIAN_POINT('Ctrl Pts',(-44.693314912906,-82.1614535403745,37.1454858909202));
#2507=CARTESIAN_POINT('Ctrl Pts',(-45.2231952025072,-66.6098858168074,40.8930384135273));
#2508=CARTESIAN_POINT('Ctrl Pts',(-45.2231952025072,-66.6098858168074,37.8930384135273));
#2509=CARTESIAN_POINT('Ctrl Pts',(-45.7740859902146,-51.0147757087808,40.8388827775554));
#2510=CARTESIAN_POINT('Ctrl Pts',(-45.7740859902146,-51.0147757087808,37.8388827775554));
#2511=CARTESIAN_POINT('Ctrl Pts',(-45.9564409755546,-35.4319825318391,40.3155180987983));
#2512=CARTESIAN_POINT('Ctrl Pts',(-45.9564409755546,-35.4319825318391,37.3155180987983));
#2513=CARTESIAN_POINT('Ctrl Pts',(-46.074888830922,-25.3102497533178,39.9755689405219));
#2514=CARTESIAN_POINT('Ctrl Pts',(-46.074888830922,-25.3102497533178,36.9755689405219));
#2515=CARTESIAN_POINT('Ctrl Pts',(-46.0383341075947,-15.1966756673496,39.4371211136319));
#2516=CARTESIAN_POINT('Ctrl Pts',(-46.0383341075947,-15.1966756673496,36.4371211136319));
#2517=CARTESIAN_POINT('Ctrl Pts',(-45.7378840201618,-5.09154146116419,38.7854536305053));
#2518=CARTESIAN_POINT('Ctrl Pts',(-45.7378840201618,-5.09154146116419,35.7854536305053));
#2519=CARTESIAN_POINT('Ctrl Pts',(-45.5418862931301,1.50051298849693,38.3603402728603));
#2520=CARTESIAN_POINT('Ctrl Pts',(-45.5418862931301,1.50051298849693,35.3603402728603));
#2521=CARTESIAN_POINT('Ctrl Pts',(-45.2334717221451,8.0850485229945,37.887178842435));
#2522=CARTESIAN_POINT('Ctrl Pts',(-45.2334717221451,8.0850485229945,34.887178842435));
#2523=CARTESIAN_POINT('Ctrl Pts',(-44.7819780336295,14.6523365413869,37.3901683273458));
#2524=CARTESIAN_POINT('Ctrl Pts',(-44.7819780336295,14.6523365413869,34.3901683273458));
#2525=CARTESIAN_POINT('',(-40.5334178355088,-149.630923137666,33.4485948593972));
#2526=CARTESIAN_POINT('Origin',(-4.87388048444818,-174.6,29.2827641279235));
#2527=CARTESIAN_POINT('',(-4.87388048444818,-174.6,29.2827641279235));
#2528=CARTESIAN_POINT('Origin',(4.87388048444819,-174.6,29.2827641279235));
#2529=CARTESIAN_POINT('',(4.87388048444819,-174.6,29.2827641279235));
#2530=CARTESIAN_POINT('Origin',(40.5334178355088,-149.630923137666,33.4485948593972));
#2531=UNCERTAINTY_MEASURE_WITH_UNIT(LENGTH_MEASURE(0.01),#2535,
'DISTANCE_ACCURACY_VALUE',
'Maximum model space distance between geometric entities at asserted c
onnectivities');
#2532=UNCERTAINTY_MEASURE_WITH_UNIT(LENGTH_MEASURE(0.01),#2535,
'DISTANCE_ACCURACY_VALUE',
'Maximum model space distance between geometric entities at asserted c
onnectivities');
#2533=(
GEOMETRIC_REPRESENTATION_CONTEXT(3)
GLOBAL_UNCERTAINTY_ASSIGNED_CONTEXT((#2531))
GLOBAL_UNIT_ASSIGNED_CONTEXT((#2535,#2537,#2538))
REPRESENTATION_CONTEXT('','3D')
);
#2534=(
GEOMETRIC_REPRESENTATION_CONTEXT(3)
GLOBAL_UNCERTAINTY_ASSIGNED_CONTEXT((#2532))
GLOBAL_UNIT_ASSIGNED_CONTEXT((#2535,#2537,#2538))
REPRESENTATION_CONTEXT('','3D')
);
#2535=(
LENGTH_UNIT()
NAMED_UNIT(*)
SI_UNIT(.MILLI.,.METRE.)
);
#2536=(
LENGTH_UNIT()
NAMED_UNIT(*)
SI_UNIT($,.METRE.)
);
#2537=(
NAMED_UNIT(*)
PLANE_ANGLE_UNIT()
SI_UNIT($,.RADIAN.)
);
#2538=(
NAMED_UNIT(*)
SI_UNIT($,.STERADIAN.)
SOLID_ANGLE_UNIT()
);
#2539=SHAPE_DEFINITION_REPRESENTATION(#2540,#2541);
#2540=PRODUCT_DEFINITION_SHAPE('',$,#2543);
#2541=SHAPE_REPRESENTATION('',(#1166),#2533);
#2542=PRODUCT_DEFINITION_CONTEXT('part definition',#2547,'design');
#2543=PRODUCT_DEFINITION('C1','C1',#2544,#2542);
#2544=PRODUCT_DEFINITION_FORMATION('',$,#2549);
#2545=PRODUCT_RELATED_PRODUCT_CATEGORY('C1','C1',(#2549));
#2546=APPLICATION_PROTOCOL_DEFINITION('international standard',
'automotive_design',2009,#2547);
#2547=APPLICATION_CONTEXT(
'Core Data for Automotive Mechanical Design Process');
#2548=PRODUCT_CONTEXT('part definition',#2547,'mechanical');
#2549=PRODUCT('C1','C1',$,(#2548));
#2550=PRESENTATION_STYLE_ASSIGNMENT((#2552));
#2551=PRESENTATION_STYLE_ASSIGNMENT((#2553));
#2552=SURFACE_STYLE_USAGE(.BOTH.,#2554);
#2553=SURFACE_STYLE_USAGE(.BOTH.,#2555);
#2554=SURFACE_SIDE_STYLE('',(#2556));
#2555=SURFACE_SIDE_STYLE('',(#2557));
#2556=SURFACE_STYLE_FILL_AREA(#2558);
#2557=SURFACE_STYLE_FILL_AREA(#2559);
#2558=FILL_AREA_STYLE('Steel - Satin',(#2560));
#2559=FILL_AREA_STYLE('Paint - Enamel Glossy (Red)',(#2561));
#2560=FILL_AREA_STYLE_COLOUR('Steel - Satin',#2562);
#2561=FILL_AREA_STYLE_COLOUR('Paint - Enamel Glossy (Red)',#2563);
#2562=COLOUR_RGB('Steel - Satin',0.627450980392157,0.627450980392157,0.627450980392157);
#2563=COLOUR_RGB('Paint - Enamel Glossy (Red)',0.768627450980392,0.207843137254902,
0.152941176470588);
ENDSEC;
END-ISO-10303-21;
