ISO-10303-21;
HEADER;
/* Generated by software containing ST-Developer
 * from STEP Tools, Inc. (www.steptools.com) 
 */

FILE_DESCRIPTION(
/* description */ (''),
/* implementation_level */ '2;1');

FILE_NAME(
/* name */ 'C2.step',
/* time_stamp */ '2026-08-30T19:24:47-07:00',
/* author */ (''),
/* organization */ (''),
/* preprocessor_version */ 'ST-DEVELOPER v20.1',
/* originating_system */ 'Autodesk Translation Framework v15.8.0.0',
/* authorisation */ '');

FILE_SCHEMA (('AUTOMOTIVE_DESIGN { 1 0 10303 214 3 1 1 }'));
ENDSEC;

DATA;
#10=MECHANICAL_DESIGN_GEOMETRIC_PRESENTATION_REPRESENTATION('',(#13),#3467);
#11=SHAPE_REPRESENTATION_RELATIONSHIP('SRR','None',#3474,#12);
#12=ADVANCED_BREP_SHAPE_REPRESENTATION('',(#14),#3466);
#13=STYLED_ITEM('',(#3484),#14);
#14=MANIFOLD_SOLID_BREP('C2',#1505);
#15=FACE_BOUND('',#188,.T.);
#16=FACE_BOUND('',#190,.T.);
#17=B_SPLINE_SURFACE_WITH_KNOTS('',3,3,((#2586,#2587,#2588,#2589,#2590,
#2591),(#2592,#2593,#2594,#2595,#2596,#2597),(#2598,#2599,#2600,#2601,#2602,
#2603),(#2604,#2605,#2606,#2607,#2608,#2609)),.UNSPECIFIED.,.F.,.F.,.F.,
(4,4),(4,2,4),(0.105038193483142,1.),(0.372730735443042,0.37765800319119,
0.58933318422542),.UNSPECIFIED.);
#18=B_SPLINE_SURFACE_WITH_KNOTS('',3,3,((#2650,#2651,#2652,#2653,#2654,
#2655),(#2656,#2657,#2658,#2659,#2660,#2661),(#2662,#2663,#2664,#2665,#2666,
#2667),(#2668,#2669,#2670,#2671,#2672,#2673)),.UNSPECIFIED.,.F.,.F.,.F.,
(4,4),(4,2,4),(0.105038193487151,1.),(0.372730735443042,0.37765800319119,
0.58933318422542),.UNSPECIFIED.);
#19=B_SPLINE_SURFACE_WITH_KNOTS('',3,1,((#2765,#2766),(#2767,#2768),(#2769,
#2770),(#2771,#2772),(#2773,#2774),(#2775,#2776),(#2777,#2778),(#2779,#2780),
(#2781,#2782),(#2783,#2784),(#2785,#2786),(#2787,#2788)),.UNSPECIFIED.,
 .F.,.F.,.F.,(4,2,2,2,2,4),(2,2),(-15.8238784647869,-11.8255865560315,-7.83627433721037,
-5.98128178669816,-4.11192512384652,0.),(0.,0.3),.UNSPECIFIED.);
#20=B_SPLINE_SURFACE_WITH_KNOTS('',3,1,((#2849,#2850),(#2851,#2852),(#2853,
#2854),(#2855,#2856),(#2857,#2858),(#2859,#2860),(#2861,#2862),(#2863,#2864),
(#2865,#2866),(#2867,#2868),(#2869,#2870),(#2871,#2872),(#2873,#2874),(#2875,
#2876),(#2877,#2878),(#2879,#2880),(#2881,#2882),(#2883,#2884),(#2885,#2886),
(#2887,#2888),(#2889,#2890),(#2891,#2892),(#2893,#2894),(#2895,#2896),(#2897,
#2898)),.UNSPECIFIED.,.F.,.F.,.F.,(4,3,3,3,3,3,3,3,4),(2,2),(-12.5557534702862,
-11.1166767222862,-9.96075821292983,-9.94521527208248,-9.81462883621717,
-9.6902305390348,-5.01635338074762,-1.98045762710186,0.),(0.,0.3),
 .UNSPECIFIED.);
#21=B_SPLINE_SURFACE_WITH_KNOTS('',3,3,((#2961,#2962,#2963,#2964),(#2965,
#2966,#2967,#2968),(#2969,#2970,#2971,#2972),(#2973,#2974,#2975,#2976)),
 .UNSPECIFIED.,.F.,.F.,.F.,(4,4),(4,4),(0.610444662318709,1.),(0.421127406542115,
0.516856282785942),.UNSPECIFIED.);
#22=B_SPLINE_SURFACE_WITH_KNOTS('',3,3,((#2981,#2982,#2983,#2984),(#2985,
#2986,#2987,#2988),(#2989,#2990,#2991,#2992),(#2993,#2994,#2995,#2996)),
 .UNSPECIFIED.,.F.,.F.,.F.,(4,4),(4,4),(0.223418163436321,0.998624753177164),
(0.469214122784557,0.564851736139157),.UNSPECIFIED.);
#23=B_SPLINE_SURFACE_WITH_KNOTS('',3,3,((#2997,#2998,#2999,#3000,#3001,
#3002),(#3003,#3004,#3005,#3006,#3007,#3008),(#3009,#3010,#3011,#3012,#3013,
#3014),(#3015,#3016,#3017,#3018,#3019,#3020)),.UNSPECIFIED.,.F.,.F.,.F.,
(4,4),(4,2,4),(0.60227594054326,1.),(0.37281402643437,0.37765800319119,
0.420786717453137),.UNSPECIFIED.);
#24=B_SPLINE_SURFACE_WITH_KNOTS('',3,3,((#3032,#3033,#3034,#3035),(#3036,
#3037,#3038,#3039),(#3040,#3041,#3042,#3043),(#3044,#3045,#3046,#3047)),
 .UNSPECIFIED.,.F.,.F.,.F.,(4,4),(4,4),(0.610719840615248,1.),(0.517195472597834,
0.589232439610038),.UNSPECIFIED.);
#25=B_SPLINE_SURFACE_WITH_KNOTS('',3,3,((#3052,#3053,#3054,#3055,#3056,
#3057),(#3058,#3059,#3060,#3061,#3062,#3063),(#3064,#3065,#3066,#3067,#3068,
#3069),(#3070,#3071,#3072,#3073,#3074,#3075)),.UNSPECIFIED.,.F.,.F.,.F.,
(4,4),(4,2,4),(0.107126881604954,0.596611217311493),(0.37281402643437,0.37765800319119,
0.420786717453137),.UNSPECIFIED.);
#26=B_SPLINE_SURFACE_WITH_KNOTS('',3,3,((#3082,#3083,#3084,#3085),(#3086,
#3087,#3088,#3089),(#3090,#3091,#3092,#3093),(#3094,#3095,#3096,#3097)),
 .UNSPECIFIED.,.F.,.F.,.F.,(4,4),(4,4),(0.409958017231291,0.803319339077099),
(0.565191449717272,0.589232439610038),.UNSPECIFIED.);
#27=B_SPLINE_SURFACE_WITH_KNOTS('',3,3,((#3098,#3099,#3100,#3101),(#3102,
#3103,#3104,#3105),(#3106,#3107,#3108,#3109),(#3110,#3111,#3112,#3113)),
 .UNSPECIFIED.,.F.,.F.,.F.,(4,4),(4,4),(0.106412138761198,0.208141871531083),
(0.408985431692599,0.43370828555984),.UNSPECIFIED.);
#28=B_SPLINE_SURFACE_WITH_KNOTS('',3,3,((#3114,#3115,#3116,#3117),(#3118,
#3119,#3120,#3121),(#3122,#3123,#3124,#3125),(#3126,#3127,#3128,#3129)),
 .UNSPECIFIED.,.F.,.F.,.F.,(4,4),(4,4),(0.105042460609144,0.607957447676528),
(0.517195472597834,0.589232439610038),.UNSPECIFIED.);
#29=B_SPLINE_SURFACE_WITH_KNOTS('',3,3,((#3130,#3131,#3132,#3133),(#3134,
#3135,#3136,#3137),(#3138,#3139,#3140,#3141),(#3142,#3143,#3144,#3145)),
 .UNSPECIFIED.,.F.,.F.,.F.,(4,4),(4,4),(0.105101648055494,0.607680316671728),
(0.421127406542115,0.516856282785942),.UNSPECIFIED.);
#30=B_SPLINE_SURFACE_WITH_KNOTS('',3,3,((#3146,#3147,#3148,#3149),(#3150,
#3151,#3152,#3153),(#3154,#3155,#3156,#3157),(#3158,#3159,#3160,#3161)),
 .UNSPECIFIED.,.F.,.F.,.F.,(4,4),(4,4),(0.105012851327707,0.220667669790648),
(0.502848095224821,0.531270003938185),.UNSPECIFIED.);
#31=B_SPLINE_SURFACE_WITH_KNOTS('',3,3,((#3162,#3163,#3164,#3165,#3166,
#3167),(#3168,#3169,#3170,#3171,#3172,#3173),(#3174,#3175,#3176,#3177,#3178,
#3179),(#3180,#3181,#3182,#3183,#3184,#3185)),.UNSPECIFIED.,.F.,.F.,.F.,
(4,4),(4,2,4),(0.21093657241311,0.998602649558988),(0.37281402643437,0.37765800319119,
0.468874610501793),.UNSPECIFIED.);
#32=B_SPLINE_SURFACE_WITH_KNOTS('',3,3,((#3186,#3187,#3188,#3189,#3190,
#3191),(#3192,#3193,#3194,#3195,#3196,#3197),(#3198,#3199,#3200,#3201,#3202,
#3203),(#3204,#3205,#3206,#3207,#3208,#3209)),.UNSPECIFIED.,.F.,.F.,.F.,
(4,4),(4,2,4),(0.107127226801272,0.596611217311489),(0.37281402643437,0.37765800319119,
0.420786717453137),.UNSPECIFIED.);
#33=B_SPLINE_SURFACE_WITH_KNOTS('',3,3,((#3216,#3217,#3218,#3219),(#3220,
#3221,#3222,#3223),(#3224,#3225,#3226,#3227),(#3228,#3229,#3230,#3231)),
 .UNSPECIFIED.,.F.,.F.,.F.,(4,4),(4,4),(0.223418163436318,0.998624753177161),
(0.469214122784557,0.564851736139157),.UNSPECIFIED.);
#34=B_SPLINE_SURFACE_WITH_KNOTS('',3,3,((#3232,#3233,#3234,#3235),(#3236,
#3237,#3238,#3239),(#3240,#3241,#3242,#3243),(#3244,#3245,#3246,#3247)),
 .UNSPECIFIED.,.F.,.F.,.F.,(4,4),(4,4),(0.106412279940973,0.20814187153108),
(0.408985463128138,0.433708249431549),.UNSPECIFIED.);
#35=B_SPLINE_SURFACE_WITH_KNOTS('',3,3,((#3248,#3249,#3250,#3251,#3252,
#3253),(#3254,#3255,#3256,#3257,#3258,#3259),(#3260,#3261,#3262,#3263,#3264,
#3265),(#3266,#3267,#3268,#3269,#3270,#3271)),.UNSPECIFIED.,.F.,.F.,.F.,
(4,4),(4,2,4),(0.602275940543255,1.),(0.37281402643437,0.37765800319119,
0.420786717453137),.UNSPECIFIED.);
#36=B_SPLINE_SURFACE_WITH_KNOTS('',3,3,((#3276,#3277,#3278,#3279),(#3280,
#3281,#3282,#3283),(#3284,#3285,#3286,#3287),(#3288,#3289,#3290,#3291)),
 .UNSPECIFIED.,.F.,.F.,.F.,(4,4),(4,4),(0.610719840615244,1.),(0.517195472597834,
0.589232439610038),.UNSPECIFIED.);
#37=B_SPLINE_SURFACE_WITH_KNOTS('',3,3,((#3292,#3293,#3294,#3295),(#3296,
#3297,#3298,#3299),(#3300,#3301,#3302,#3303),(#3304,#3305,#3306,#3307)),
 .UNSPECIFIED.,.F.,.F.,.F.,(4,4),(4,4),(0.610444662318705,1.),(0.421127406542115,
0.516856282785942),.UNSPECIFIED.);
#38=B_SPLINE_SURFACE_WITH_KNOTS('',3,3,((#3308,#3309,#3310,#3311),(#3312,
#3313,#3314,#3315),(#3316,#3317,#3318,#3319),(#3320,#3321,#3322,#3323)),
 .UNSPECIFIED.,.F.,.F.,.F.,(4,4),(4,4),(0.105101510321572,0.607680316671724),
(0.421127406542115,0.516856282785942),.UNSPECIFIED.);
#39=B_SPLINE_SURFACE_WITH_KNOTS('',3,3,((#3324,#3325,#3326,#3327),(#3328,
#3329,#3330,#3331),(#3332,#3333,#3334,#3335),(#3336,#3337,#3338,#3339)),
 .UNSPECIFIED.,.F.,.F.,.F.,(4,4),(4,4),(0.105014981439158,0.220667669790644),
(0.502848095224821,0.531270003938602),.UNSPECIFIED.);
#40=B_SPLINE_SURFACE_WITH_KNOTS('',3,3,((#3340,#3341,#3342,#3343),(#3344,
#3345,#3346,#3347),(#3348,#3349,#3350,#3351),(#3352,#3353,#3354,#3355)),
 .UNSPECIFIED.,.F.,.F.,.F.,(4,4),(4,4),(0.409958017231287,0.803319339077097),
(0.565191449717271,0.589232439610038),.UNSPECIFIED.);
#41=B_SPLINE_SURFACE_WITH_KNOTS('',3,3,((#3356,#3357,#3358,#3359),(#3360,
#3361,#3362,#3363),(#3364,#3365,#3366,#3367),(#3368,#3369,#3370,#3371)),
 .UNSPECIFIED.,.F.,.F.,.F.,(4,4),(4,4),(0.105042460613304,0.607957447676524),
(0.517195472597834,0.589232439610038),.UNSPECIFIED.);
#42=B_SPLINE_SURFACE_WITH_KNOTS('',3,3,((#3372,#3373,#3374,#3375,#3376,
#3377),(#3378,#3379,#3380,#3381,#3382,#3383),(#3384,#3385,#3386,#3387,#3388,
#3389),(#3390,#3391,#3392,#3393,#3394,#3395)),.UNSPECIFIED.,.F.,.F.,.F.,
(4,4),(4,2,4),(0.210936572413107,0.998602649558984),(0.37281402643437,0.37765800319119,
0.468874610501793),.UNSPECIFIED.);
#43=B_SPLINE_SURFACE_WITH_KNOTS('',3,3,((#3396,#3397,#3398,#3399,#3400,
#3401),(#3402,#3403,#3404,#3405,#3406,#3407),(#3408,#3409,#3410,#3411,#3412,
#3413),(#3414,#3415,#3416,#3417,#3418,#3419)),.UNSPECIFIED.,.F.,.F.,.F.,
(4,4),(4,2,4),(0.104945537503517,1.),(0.37281402643437,0.37765800319119,
0.589232439610038),.UNSPECIFIED.);
#44=B_SPLINE_SURFACE_WITH_KNOTS('',3,3,((#3440,#3441,#3442,#3443,#3444,
#3445),(#3446,#3447,#3448,#3449,#3450,#3451),(#3452,#3453,#3454,#3455,#3456,
#3457),(#3458,#3459,#3460,#3461,#3462,#3463)),.UNSPECIFIED.,.F.,.F.,.F.,
(4,4),(4,2,4),(0.104982622726761,1.),(0.37281402643437,0.37765800319119,
0.589232439610038),.UNSPECIFIED.);
#45=FACE_OUTER_BOUND('',#131,.T.);
#46=FACE_OUTER_BOUND('',#132,.T.);
#47=FACE_OUTER_BOUND('',#133,.T.);
#48=FACE_OUTER_BOUND('',#134,.T.);
#49=FACE_OUTER_BOUND('',#135,.T.);
#50=FACE_OUTER_BOUND('',#136,.T.);
#51=FACE_OUTER_BOUND('',#137,.T.);
#52=FACE_OUTER_BOUND('',#138,.T.);
#53=FACE_OUTER_BOUND('',#139,.T.);
#54=FACE_OUTER_BOUND('',#140,.T.);
#55=FACE_OUTER_BOUND('',#141,.T.);
#56=FACE_OUTER_BOUND('',#142,.T.);
#57=FACE_OUTER_BOUND('',#143,.T.);
#58=FACE_OUTER_BOUND('',#144,.T.);
#59=FACE_OUTER_BOUND('',#145,.T.);
#60=FACE_OUTER_BOUND('',#146,.T.);
#61=FACE_OUTER_BOUND('',#147,.T.);
#62=FACE_OUTER_BOUND('',#148,.T.);
#63=FACE_OUTER_BOUND('',#149,.T.);
#64=FACE_OUTER_BOUND('',#150,.T.);
#65=FACE_OUTER_BOUND('',#151,.T.);
#66=FACE_OUTER_BOUND('',#152,.T.);
#67=FACE_OUTER_BOUND('',#153,.T.);
#68=FACE_OUTER_BOUND('',#154,.T.);
#69=FACE_OUTER_BOUND('',#155,.T.);
#70=FACE_OUTER_BOUND('',#156,.T.);
#71=FACE_OUTER_BOUND('',#157,.T.);
#72=FACE_OUTER_BOUND('',#158,.T.);
#73=FACE_OUTER_BOUND('',#159,.T.);
#74=FACE_OUTER_BOUND('',#160,.T.);
#75=FACE_OUTER_BOUND('',#161,.T.);
#76=FACE_OUTER_BOUND('',#162,.T.);
#77=FACE_OUTER_BOUND('',#163,.T.);
#78=FACE_OUTER_BOUND('',#164,.T.);
#79=FACE_OUTER_BOUND('',#165,.T.);
#80=FACE_OUTER_BOUND('',#166,.T.);
#81=FACE_OUTER_BOUND('',#167,.T.);
#82=FACE_OUTER_BOUND('',#168,.T.);
#83=FACE_OUTER_BOUND('',#169,.T.);
#84=FACE_OUTER_BOUND('',#170,.T.);
#85=FACE_OUTER_BOUND('',#171,.T.);
#86=FACE_OUTER_BOUND('',#172,.T.);
#87=FACE_OUTER_BOUND('',#173,.T.);
#88=FACE_OUTER_BOUND('',#174,.T.);
#89=FACE_OUTER_BOUND('',#175,.T.);
#90=FACE_OUTER_BOUND('',#176,.T.);
#91=FACE_OUTER_BOUND('',#177,.T.);
#92=FACE_OUTER_BOUND('',#178,.T.);
#93=FACE_OUTER_BOUND('',#179,.T.);
#94=FACE_OUTER_BOUND('',#180,.T.);
#95=FACE_OUTER_BOUND('',#181,.T.);
#96=FACE_OUTER_BOUND('',#182,.T.);
#97=FACE_OUTER_BOUND('',#183,.T.);
#98=FACE_OUTER_BOUND('',#184,.T.);
#99=FACE_OUTER_BOUND('',#185,.T.);
#100=FACE_OUTER_BOUND('',#186,.T.);
#101=FACE_OUTER_BOUND('',#187,.T.);
#102=FACE_OUTER_BOUND('',#189,.T.);
#103=FACE_OUTER_BOUND('',#191,.T.);
#104=FACE_OUTER_BOUND('',#192,.T.);
#105=FACE_OUTER_BOUND('',#193,.T.);
#106=FACE_OUTER_BOUND('',#194,.T.);
#107=FACE_OUTER_BOUND('',#195,.T.);
#108=FACE_OUTER_BOUND('',#196,.T.);
#109=FACE_OUTER_BOUND('',#197,.T.);
#110=FACE_OUTER_BOUND('',#198,.T.);
#111=FACE_OUTER_BOUND('',#199,.T.);
#112=FACE_OUTER_BOUND('',#200,.T.);
#113=FACE_OUTER_BOUND('',#201,.T.);
#114=FACE_OUTER_BOUND('',#202,.T.);
#115=FACE_OUTER_BOUND('',#203,.T.);
#116=FACE_OUTER_BOUND('',#204,.T.);
#117=FACE_OUTER_BOUND('',#205,.T.);
#118=FACE_OUTER_BOUND('',#206,.T.);
#119=FACE_OUTER_BOUND('',#207,.T.);
#120=FACE_OUTER_BOUND('',#208,.T.);
#121=FACE_OUTER_BOUND('',#209,.T.);
#122=FACE_OUTER_BOUND('',#210,.T.);
#123=FACE_OUTER_BOUND('',#211,.T.);
#124=FACE_OUTER_BOUND('',#212,.T.);
#125=FACE_OUTER_BOUND('',#213,.T.);
#126=FACE_OUTER_BOUND('',#214,.T.);
#127=FACE_OUTER_BOUND('',#215,.T.);
#128=FACE_OUTER_BOUND('',#216,.T.);
#129=FACE_OUTER_BOUND('',#217,.T.);
#130=FACE_OUTER_BOUND('',#218,.T.);
#131=EDGE_LOOP('',(#893,#894,#895,#896));
#132=EDGE_LOOP('',(#897,#898,#899,#900));
#133=EDGE_LOOP('',(#901,#902,#903,#904));
#134=EDGE_LOOP('',(#905,#906,#907,#908));
#135=EDGE_LOOP('',(#909,#910,#911,#912));
#136=EDGE_LOOP('',(#913,#914,#915,#916));
#137=EDGE_LOOP('',(#917,#918,#919,#920));
#138=EDGE_LOOP('',(#921,#922,#923,#924));
#139=EDGE_LOOP('',(#925,#926,#927,#928));
#140=EDGE_LOOP('',(#929,#930,#931,#932));
#141=EDGE_LOOP('',(#933,#934,#935,#936));
#142=EDGE_LOOP('',(#937,#938,#939,#940));
#143=EDGE_LOOP('',(#941,#942,#943,#944));
#144=EDGE_LOOP('',(#945,#946,#947,#948));
#145=EDGE_LOOP('',(#949,#950,#951,#952));
#146=EDGE_LOOP('',(#953,#954,#955,#956));
#147=EDGE_LOOP('',(#957,#958,#959,#960));
#148=EDGE_LOOP('',(#961,#962,#963,#964));
#149=EDGE_LOOP('',(#965,#966,#967,#968));
#150=EDGE_LOOP('',(#969,#970,#971,#972));
#151=EDGE_LOOP('',(#973,#974,#975,#976));
#152=EDGE_LOOP('',(#977,#978,#979,#980));
#153=EDGE_LOOP('',(#981,#982,#983,#984));
#154=EDGE_LOOP('',(#985,#986,#987,#988));
#155=EDGE_LOOP('',(#989,#990,#991,#992));
#156=EDGE_LOOP('',(#993,#994,#995,#996));
#157=EDGE_LOOP('',(#997,#998,#999,#1000));
#158=EDGE_LOOP('',(#1001,#1002,#1003,#1004));
#159=EDGE_LOOP('',(#1005,#1006,#1007,#1008));
#160=EDGE_LOOP('',(#1009,#1010,#1011,#1012));
#161=EDGE_LOOP('',(#1013,#1014,#1015,#1016));
#162=EDGE_LOOP('',(#1017,#1018,#1019,#1020));
#163=EDGE_LOOP('',(#1021,#1022,#1023,#1024));
#164=EDGE_LOOP('',(#1025,#1026,#1027,#1028));
#165=EDGE_LOOP('',(#1029,#1030,#1031,#1032));
#166=EDGE_LOOP('',(#1033,#1034,#1035,#1036));
#167=EDGE_LOOP('',(#1037,#1038,#1039,#1040));
#168=EDGE_LOOP('',(#1041,#1042,#1043,#1044));
#169=EDGE_LOOP('',(#1045,#1046,#1047,#1048));
#170=EDGE_LOOP('',(#1049,#1050,#1051,#1052));
#171=EDGE_LOOP('',(#1053,#1054,#1055,#1056));
#172=EDGE_LOOP('',(#1057,#1058,#1059,#1060));
#173=EDGE_LOOP('',(#1061,#1062,#1063,#1064));
#174=EDGE_LOOP('',(#1065,#1066,#1067,#1068));
#175=EDGE_LOOP('',(#1069,#1070,#1071,#1072));
#176=EDGE_LOOP('',(#1073,#1074,#1075,#1076));
#177=EDGE_LOOP('',(#1077,#1078,#1079,#1080));
#178=EDGE_LOOP('',(#1081,#1082,#1083,#1084));
#179=EDGE_LOOP('',(#1085,#1086,#1087,#1088));
#180=EDGE_LOOP('',(#1089,#1090,#1091,#1092));
#181=EDGE_LOOP('',(#1093,#1094,#1095,#1096));
#182=EDGE_LOOP('',(#1097,#1098,#1099,#1100));
#183=EDGE_LOOP('',(#1101,#1102,#1103,#1104));
#184=EDGE_LOOP('',(#1105,#1106,#1107,#1108));
#185=EDGE_LOOP('',(#1109,#1110,#1111,#1112));
#186=EDGE_LOOP('',(#1113,#1114,#1115,#1116));
#187=EDGE_LOOP('',(#1117,#1118,#1119,#1120,#1121,#1122,#1123,#1124,#1125,
#1126,#1127,#1128,#1129,#1130,#1131,#1132,#1133,#1134,#1135,#1136,#1137,
#1138,#1139,#1140,#1141,#1142,#1143,#1144,#1145,#1146,#1147,#1148,#1149,
#1150));
#188=EDGE_LOOP('',(#1151,#1152,#1153,#1154));
#189=EDGE_LOOP('',(#1155,#1156,#1157,#1158,#1159,#1160,#1161,#1162,#1163,
#1164,#1165,#1166,#1167,#1168,#1169,#1170,#1171,#1172,#1173,#1174,#1175,
#1176,#1177,#1178,#1179,#1180,#1181,#1182,#1183,#1184,#1185,#1186,#1187,
#1188));
#190=EDGE_LOOP('',(#1189,#1190,#1191,#1192));
#191=EDGE_LOOP('',(#1193,#1194,#1195,#1196,#1197,#1198,#1199,#1200,#1201,
#1202,#1203,#1204,#1205,#1206,#1207,#1208,#1209,#1210,#1211,#1212,#1213,
#1214));
#192=EDGE_LOOP('',(#1215,#1216,#1217,#1218,#1219,#1220,#1221,#1222,#1223,
#1224,#1225,#1226,#1227,#1228,#1229,#1230,#1231,#1232,#1233,#1234));
#193=EDGE_LOOP('',(#1235,#1236,#1237,#1238,#1239,#1240,#1241,#1242,#1243,
#1244,#1245,#1246,#1247,#1248,#1249,#1250,#1251,#1252,#1253,#1254));
#194=EDGE_LOOP('',(#1255,#1256,#1257));
#195=EDGE_LOOP('',(#1258,#1259,#1260,#1261));
#196=EDGE_LOOP('',(#1262,#1263,#1264));
#197=EDGE_LOOP('',(#1265,#1266,#1267,#1268));
#198=EDGE_LOOP('',(#1269,#1270,#1271,#1272));
#199=EDGE_LOOP('',(#1273,#1274,#1275));
#200=EDGE_LOOP('',(#1276,#1277,#1278));
#201=EDGE_LOOP('',(#1279,#1280,#1281,#1282,#1283));
#202=EDGE_LOOP('',(#1284,#1285,#1286,#1287,#1288));
#203=EDGE_LOOP('',(#1289,#1290,#1291));
#204=EDGE_LOOP('',(#1292,#1293,#1294,#1295));
#205=EDGE_LOOP('',(#1296,#1297,#1298,#1299));
#206=EDGE_LOOP('',(#1300,#1301,#1302,#1303));
#207=EDGE_LOOP('',(#1304,#1305,#1306));
#208=EDGE_LOOP('',(#1307,#1308,#1309));
#209=EDGE_LOOP('',(#1310,#1311,#1312,#1313));
#210=EDGE_LOOP('',(#1314,#1315,#1316));
#211=EDGE_LOOP('',(#1317,#1318,#1319,#1320,#1321));
#212=EDGE_LOOP('',(#1322,#1323,#1324));
#213=EDGE_LOOP('',(#1325,#1326,#1327));
#214=EDGE_LOOP('',(#1328,#1329,#1330,#1331,#1332));
#215=EDGE_LOOP('',(#1333,#1334,#1335,#1336));
#216=EDGE_LOOP('',(#1337,#1338,#1339,#1340));
#217=EDGE_LOOP('',(#1341,#1342,#1343,#1344,#1345,#1346,#1347,#1348,#1349,
#1350,#1351,#1352,#1353,#1354,#1355,#1356));
#218=EDGE_LOOP('',(#1357,#1358,#1359,#1360));
#219=LINE('',#1758,#273);
#220=LINE('',#1764,#274);
#221=LINE('',#1776,#275);
#222=LINE('',#1785,#276);
#223=LINE('',#1791,#277);
#224=LINE('',#1803,#278);
#225=LINE('',#1812,#279);
#226=LINE('',#1818,#280);
#227=LINE('',#1826,#281);
#228=LINE('',#1838,#282);
#229=LINE('',#1860,#283);
#230=LINE('',#1866,#284);
#231=LINE('',#1875,#285);
#232=LINE('',#1881,#286);
#233=LINE('',#1919,#287);
#234=LINE('',#1948,#288);
#235=LINE('',#1954,#289);
#236=LINE('',#1962,#290);
#237=LINE('',#1974,#291);
#238=LINE('',#1996,#292);
#239=LINE('',#2002,#293);
#240=LINE('',#2045,#294);
#241=LINE('',#2071,#295);
#242=LINE('',#2077,#296);
#243=LINE('',#2100,#297);
#244=LINE('',#2135,#298);
#245=LINE('',#2141,#299);
#246=LINE('',#2150,#300);
#247=LINE('',#2179,#301);
#248=LINE('',#2185,#302);
#249=LINE('',#2194,#303);
#250=LINE('',#2200,#304);
#251=LINE('',#2221,#305);
#252=LINE('',#2241,#306);
#253=LINE('',#2253,#307);
#254=LINE('',#2265,#308);
#255=LINE('',#2308,#309);
#256=LINE('',#2320,#310);
#257=LINE('',#2332,#311);
#258=LINE('',#2341,#312);
#259=LINE('',#2347,#313);
#260=LINE('',#2359,#314);
#261=LINE('',#2371,#315);
#262=LINE('',#2400,#316);
#263=LINE('',#2432,#317);
#264=LINE('',#2438,#318);
#265=LINE('',#2446,#319);
#266=LINE('',#2458,#320);
#267=LINE('',#2480,#321);
#268=LINE('',#2486,#322);
#269=LINE('',#2498,#323);
#270=LINE('',#2524,#324);
#271=LINE('',#2573,#325);
#272=LINE('',#2585,#326);
#273=VECTOR('',#1581,10.);
#274=VECTOR('',#1582,10.);
#275=VECTOR('',#1585,10.);
#276=VECTOR('',#1588,10.);
#277=VECTOR('',#1589,10.);
#278=VECTOR('',#1592,10.);
#279=VECTOR('',#1595,10.);
#280=VECTOR('',#1596,10.);
#281=VECTOR('',#1599,10.);
#282=VECTOR('',#1602,10.);
#283=VECTOR('',#1607,10.);
#284=VECTOR('',#1608,10.);
#285=VECTOR('',#1611,10.);
#286=VECTOR('',#1612,10.);
#287=VECTOR('',#1619,10.);
#288=VECTOR('',#1624,10.);
#289=VECTOR('',#1625,10.);
#290=VECTOR('',#1628,10.);
#291=VECTOR('',#1631,10.);
#292=VECTOR('',#1636,10.);
#293=VECTOR('',#1637,10.);
#294=VECTOR('',#1642,10.);
#295=VECTOR('',#1647,10.);
#296=VECTOR('',#1648,10.);
#297=VECTOR('',#1651,10.);
#298=VECTOR('',#1658,10.);
#299=VECTOR('',#1659,10.);
#300=VECTOR('',#1662,10.);
#301=VECTOR('',#1667,10.);
#302=VECTOR('',#1668,10.);
#303=VECTOR('',#1671,10.);
#304=VECTOR('',#1672,10.);
#305=VECTOR('',#1677,10.);
#306=VECTOR('',#1680,10.);
#307=VECTOR('',#1683,10.);
#308=VECTOR('',#1686,10.);
#309=VECTOR('',#1691,10.);
#310=VECTOR('',#1694,10.);
#311=VECTOR('',#1697,10.);
#312=VECTOR('',#1700,10.);
#313=VECTOR('',#1701,10.);
#314=VECTOR('',#1704,10.);
#315=VECTOR('',#1707,10.);
#316=VECTOR('',#1712,10.);
#317=VECTOR('',#1717,10.);
#318=VECTOR('',#1718,10.);
#319=VECTOR('',#1721,10.);
#320=VECTOR('',#1724,10.);
#321=VECTOR('',#1729,10.);
#322=VECTOR('',#1730,10.);
#323=VECTOR('',#1733,10.);
#324=VECTOR('',#1736,10.);
#325=VECTOR('',#1741,10.);
#326=VECTOR('',#1744,10.);
#327=B_SPLINE_CURVE_WITH_KNOTS('',3,(#1753,#1754,#1755,#1756),
 .UNSPECIFIED.,.F.,.F.,(4,4),(-1.46581359867616,-0.0500494015111604),
 .UNSPECIFIED.);
#328=B_SPLINE_CURVE_WITH_KNOTS('',3,(#1760,#1761,#1762,#1763),
 .UNSPECIFIED.,.F.,.F.,(4,4),(-1.46581261043189,-0.0500494322978768),
 .UNSPECIFIED.);
#329=B_SPLINE_CURVE_WITH_KNOTS('',3,(#1767,#1768,#1769,#1770),
 .UNSPECIFIED.,.F.,.F.,(4,4),(-1.41579298146946,0.),.UNSPECIFIED.);
#330=B_SPLINE_CURVE_WITH_KNOTS('',3,(#1772,#1773,#1774,#1775),
 .UNSPECIFIED.,.F.,.F.,(4,4),(-1.415791076784,0.),.UNSPECIFIED.);
#331=B_SPLINE_CURVE_WITH_KNOTS('',3,(#1780,#1781,#1782,#1783),
 .UNSPECIFIED.,.F.,.F.,(4,4),(-1.46581359867632,-0.0500494015111586),
 .UNSPECIFIED.);
#332=B_SPLINE_CURVE_WITH_KNOTS('',3,(#1787,#1788,#1789,#1790),
 .UNSPECIFIED.,.F.,.F.,(4,4),(-1.46581261043214,-0.050049432297881),
 .UNSPECIFIED.);
#333=B_SPLINE_CURVE_WITH_KNOTS('',3,(#1794,#1795,#1796,#1797),
 .UNSPECIFIED.,.F.,.F.,(4,4),(-1.41579298147019,0.),.UNSPECIFIED.);
#334=B_SPLINE_CURVE_WITH_KNOTS('',3,(#1799,#1800,#1801,#1802),
 .UNSPECIFIED.,.F.,.F.,(4,4),(-1.41579107678432,0.),.UNSPECIFIED.);
#335=B_SPLINE_CURVE_WITH_KNOTS('',3,(#1807,#1808,#1809,#1810),
 .UNSPECIFIED.,.F.,.F.,(4,4),(-2.86844104941541,-0.0500030712855759),
 .UNSPECIFIED.);
#336=B_SPLINE_CURVE_WITH_KNOTS('',3,(#1814,#1815,#1816,#1817),
 .UNSPECIFIED.,.F.,.F.,(4,4),(-2.86842933388519,-0.050003012878082),
 .UNSPECIFIED.);
#337=B_SPLINE_CURVE_WITH_KNOTS('',3,(#1821,#1822,#1823,#1824),
 .UNSPECIFIED.,.F.,.F.,(4,4),(-2.87000440063324,-0.0500233592053831),
 .UNSPECIFIED.);
#338=B_SPLINE_CURVE_WITH_KNOTS('',3,(#1827,#1828,#1829,#1830),
 .UNSPECIFIED.,.F.,.F.,(4,4),(-2.86999231171005,-0.0500233238512306),
 .UNSPECIFIED.);
#339=B_SPLINE_CURVE_WITH_KNOTS('',3,(#1833,#1834,#1835,#1836),
 .UNSPECIFIED.,.F.,.F.,(4,4),(-2.87013274739358,-0.0500493341242738),
 .UNSPECIFIED.);
#340=B_SPLINE_CURVE_WITH_KNOTS('',3,(#1839,#1840,#1841,#1842),
 .UNSPECIFIED.,.F.,.F.,(4,4),(-2.87011370562496,-0.05004931293852),
 .UNSPECIFIED.);
#341=B_SPLINE_CURVE_WITH_KNOTS('',3,(#1844,#1845,#1846,#1847),
 .UNSPECIFIED.,.F.,.F.,(4,4),(-2.82841694404406,-0.0100047715178008),
 .UNSPECIFIED.);
#342=B_SPLINE_CURVE_WITH_KNOTS('',3,(#1848,#1849,#1850,#1851),
 .UNSPECIFIED.,.F.,.F.,(4,4),(-2.82840154541652,-0.0100047775362244),
 .UNSPECIFIED.);
#343=B_SPLINE_CURVE_WITH_KNOTS('',3,(#1855,#1856,#1857,#1858),
 .UNSPECIFIED.,.F.,.F.,(4,4),(-2.86763139036647,-0.0500031389366162),
 .UNSPECIFIED.);
#344=B_SPLINE_CURVE_WITH_KNOTS('',3,(#1862,#1863,#1864,#1865),
 .UNSPECIFIED.,.F.,.F.,(4,4),(-2.86761623216531,-0.0500030325557863),
 .UNSPECIFIED.);
#345=B_SPLINE_CURVE_WITH_KNOTS('',3,(#1870,#1871,#1872,#1873),
 .UNSPECIFIED.,.F.,.F.,(4,4),(-3.34930103003971,0.),.UNSPECIFIED.);
#346=B_SPLINE_CURVE_WITH_KNOTS('',3,(#1877,#1878,#1879,#1880),
 .UNSPECIFIED.,.F.,.F.,(4,4),(-3.34439130711292,0.),.UNSPECIFIED.);
#347=B_SPLINE_CURVE_WITH_KNOTS('',3,(#1883,#1884,#1885,#1886),
 .UNSPECIFIED.,.F.,.F.,(4,4),(-2.84697021523601,-0.0501541454062392),
 .UNSPECIFIED.);
#348=B_SPLINE_CURVE_WITH_KNOTS('',3,(#1887,#1888,#1889,#1890),
 .UNSPECIFIED.,.F.,.F.,(4,4),(-2.84618939741823,-0.0512372122971633),
 .UNSPECIFIED.);
#349=B_SPLINE_CURVE_WITH_KNOTS('',3,(#1892,#1893,#1894,#1895),
 .UNSPECIFIED.,.F.,.F.,(4,4),(-2.82774798634782,-0.0100006948910445),
 .UNSPECIFIED.);
#350=B_SPLINE_CURVE_WITH_KNOTS('',3,(#1896,#1897,#1898,#1899),
 .UNSPECIFIED.,.F.,.F.,(4,4),(-2.82773653731342,-0.0100006960951585),
 .UNSPECIFIED.);
#351=B_SPLINE_CURVE_WITH_KNOTS('',3,(#1903,#1904,#1905,#1906),
 .UNSPECIFIED.,.F.,.F.,(4,4),(-0.840693806664096,-0.000421822307960062),
 .UNSPECIFIED.);
#352=B_SPLINE_CURVE_WITH_KNOTS('',3,(#1908,#1909,#1910,#1911,#1912,#1913),
 .UNSPECIFIED.,.F.,.F.,(4,2,4),(-0.239924300991361,-0.15,0.),
 .UNSPECIFIED.);
#353=B_SPLINE_CURVE_WITH_KNOTS('',3,(#1915,#1916,#1917,#1918),
 .UNSPECIFIED.,.F.,.F.,(4,4),(-0.890295708122489,-0.0500235976053167),
 .UNSPECIFIED.);
#354=B_SPLINE_CURVE_WITH_KNOTS('',3,(#1922,#1923,#1924,#1925,#1926,#1927,
#1928),.UNSPECIFIED.,.F.,.F.,(4,3,4),(-0.886330680026042,-0.357629743076045,
-0.050023992385505),.UNSPECIFIED.);
#355=B_SPLINE_CURVE_WITH_KNOTS('',3,(#1930,#1931,#1932,#1933),
 .UNSPECIFIED.,.F.,.F.,(4,4),(-0.83717161608617,-0.000864609086610947),
 .UNSPECIFIED.);
#356=B_SPLINE_CURVE_WITH_KNOTS('',3,(#1934,#1935,#1936,#1937,#1938,#1939),
 .UNSPECIFIED.,.F.,.F.,(4,2,4),(-0.289959566215284,-0.149999999999999,-0.0500000000365257),
 .UNSPECIFIED.);
#357=B_SPLINE_CURVE_WITH_KNOTS('',3,(#1943,#1944,#1945,#1946),
 .UNSPECIFIED.,.F.,.F.,(4,4),(-2.8184150507418,0.),.UNSPECIFIED.);
#358=B_SPLINE_CURVE_WITH_KNOTS('',3,(#1950,#1951,#1952,#1953),
 .UNSPECIFIED.,.F.,.F.,(4,4),(-2.81839983858148,0.),.UNSPECIFIED.);
#359=B_SPLINE_CURVE_WITH_KNOTS('',3,(#1957,#1958,#1959,#1960),
 .UNSPECIFIED.,.F.,.F.,(4,4),(-2.86767457461047,-0.0500031907597522),
 .UNSPECIFIED.);
#360=B_SPLINE_CURVE_WITH_KNOTS('',3,(#1963,#1964,#1965,#1966),
 .UNSPECIFIED.,.F.,.F.,(4,4),(-2.86766015179937,-0.0500030935265237),
 .UNSPECIFIED.);
#361=B_SPLINE_CURVE_WITH_KNOTS('',3,(#1969,#1970,#1971,#1972),
 .UNSPECIFIED.,.F.,.F.,(4,4),(-2.81775507833122,0.),.UNSPECIFIED.);
#362=B_SPLINE_CURVE_WITH_KNOTS('',3,(#1975,#1976,#1977,#1978),
 .UNSPECIFIED.,.F.,.F.,(4,4),(-2.81774374243427,0.),.UNSPECIFIED.);
#363=B_SPLINE_CURVE_WITH_KNOTS('',3,(#1980,#1981,#1982,#1983),
 .UNSPECIFIED.,.F.,.F.,(4,4),(-2.86847179714696,-0.0500030312569657),
 .UNSPECIFIED.);
#364=B_SPLINE_CURVE_WITH_KNOTS('',3,(#1984,#1985,#1986,#1987),
 .UNSPECIFIED.,.F.,.F.,(4,4),(-2.8684607832214,-0.0500029766971495),
 .UNSPECIFIED.);
#365=B_SPLINE_CURVE_WITH_KNOTS('',3,(#1991,#1992,#1993,#1994),
 .UNSPECIFIED.,.F.,.F.,(4,4),(-2.83673407344072,-0.0512259066922219),
 .UNSPECIFIED.);
#366=B_SPLINE_CURVE_WITH_KNOTS('',3,(#1998,#1999,#2000,#2001),
 .UNSPECIFIED.,.F.,.F.,(4,4),(-2.83752269002137,-0.0501545355975045),
 .UNSPECIFIED.);
#367=B_SPLINE_CURVE_WITH_KNOTS('',3,(#2005,#2006,#2007,#2008,#2009,#2010,
#2011),.UNSPECIFIED.,.F.,.F.,(4,3,4),(-0.726892436678447,-0.220025286083636,
-0.0151116227900297),.UNSPECIFIED.);
#368=B_SPLINE_CURVE_WITH_KNOTS('',3,(#2013,#2014,#2015,#2016,#2017,#2018,
#2019),.UNSPECIFIED.,.F.,.F.,(4,3,4),(-0.726825378743366,-0.220497895159082,
-0.0150445840926837),.UNSPECIFIED.);
#369=B_SPLINE_CURVE_WITH_KNOTS('',3,(#2020,#2021,#2022,#2023,#2024,#2025),
 .UNSPECIFIED.,.F.,.F.,(4,2,4),(-0.3,-0.15,-0.0600217776260782),
 .UNSPECIFIED.);
#370=B_SPLINE_CURVE_WITH_KNOTS('',3,(#2029,#2030,#2031,#2032),
 .UNSPECIFIED.,.F.,.F.,(4,4),(-0.840943096419607,-0.000670985147910752),
 .UNSPECIFIED.);
#371=B_SPLINE_CURVE_WITH_KNOTS('',3,(#2034,#2035,#2036,#2037,#2038,#2039),
 .UNSPECIFIED.,.F.,.F.,(4,2,4),(-0.3,-0.15,-0.0600756990086345),
 .UNSPECIFIED.);
#372=B_SPLINE_CURVE_WITH_KNOTS('',3,(#2041,#2042,#2043,#2044),
 .UNSPECIFIED.,.F.,.F.,(4,4),(-0.890295468596831,-0.050023568918055),
 .UNSPECIFIED.);
#373=B_SPLINE_CURVE_WITH_KNOTS('',3,(#2048,#2049,#2050,#2051),
 .UNSPECIFIED.,.F.,.F.,(4,4),(-0.886330737454641,-0.0500240214006633),
 .UNSPECIFIED.);
#374=B_SPLINE_CURVE_WITH_KNOTS('',3,(#2053,#2054,#2055,#2056),
 .UNSPECIFIED.,.F.,.F.,(4,4),(-0.837413735935858,-0.00110683728131805),
 .UNSPECIFIED.);
#375=B_SPLINE_CURVE_WITH_KNOTS('',3,(#2057,#2058,#2059,#2060,#2061,#2062),
 .UNSPECIFIED.,.F.,.F.,(4,2,4),(-0.239959566178756,-0.15,0.),
 .UNSPECIFIED.);
#376=B_SPLINE_CURVE_WITH_KNOTS('',3,(#2066,#2067,#2068,#2069),
 .UNSPECIFIED.,.F.,.F.,(4,4),(-2.86771969436473,-0.0500030811985029),
 .UNSPECIFIED.);
#377=B_SPLINE_CURVE_WITH_KNOTS('',3,(#2073,#2074,#2075,#2076),
 .UNSPECIFIED.,.F.,.F.,(4,4),(-2.86770767374711,-0.0500029775632735),
 .UNSPECIFIED.);
#378=B_SPLINE_CURVE_WITH_KNOTS('',3,(#2081,#2082,#2083,#2084),
 .UNSPECIFIED.,.F.,.F.,(4,4),(-0.846984501184533,-0.000859315655406423),
 .UNSPECIFIED.);
#379=B_SPLINE_CURVE_WITH_KNOTS('',3,(#2086,#2087,#2088,#2089,#2090,#2091),
 .UNSPECIFIED.,.F.,.F.,(4,2,4),(-0.239959951467162,-0.15,0.),
 .UNSPECIFIED.);
#380=B_SPLINE_CURVE_WITH_KNOTS('',3,(#2093,#2094,#2095,#2096,#2097,#2098,
#2099),.UNSPECIFIED.,.F.,.F.,(4,3,4),(-0.896148907484545,-0.367631948868163,
-0.0500239305769409),.UNSPECIFIED.);
#381=B_SPLINE_CURVE_WITH_KNOTS('',3,(#2102,#2103,#2104,#2105),
 .UNSPECIFIED.,.F.,.F.,(4,4),(-2.86843655537669,-0.0500030254547061),
 .UNSPECIFIED.);
#382=B_SPLINE_CURVE_WITH_KNOTS('',3,(#2106,#2107,#2108,#2109),
 .UNSPECIFIED.,.F.,.F.,(4,4),(-2.86842483787116,-0.0500029667409696),
 .UNSPECIFIED.);
#383=B_SPLINE_CURVE_WITH_KNOTS('',3,(#2112,#2113,#2114,#2115),
 .UNSPECIFIED.,.F.,.F.,(4,4),(-0.770117982137471,-0.0104822845613731),
 .UNSPECIFIED.);
#384=B_SPLINE_CURVE_WITH_KNOTS('',3,(#2117,#2118,#2119,#2120),
 .UNSPECIFIED.,.F.,.F.,(4,4),(-0.770101866031412,-0.010466394945164),
 .UNSPECIFIED.);
#385=B_SPLINE_CURVE_WITH_KNOTS('',3,(#2121,#2122,#2123,#2124,#2125,#2126),
 .UNSPECIFIED.,.F.,.F.,(4,2,4),(-0.289998590355427,-0.15,-0.0500000001328227),
 .UNSPECIFIED.);
#386=B_SPLINE_CURVE_WITH_KNOTS('',3,(#2130,#2131,#2132,#2133),
 .UNSPECIFIED.,.F.,.F.,(4,4),(-1.42580103322706,0.),.UNSPECIFIED.);
#387=B_SPLINE_CURVE_WITH_KNOTS('',3,(#2137,#2138,#2139,#2140),
 .UNSPECIFIED.,.F.,.F.,(4,4),(-1.42580299667071,0.),.UNSPECIFIED.);
#388=B_SPLINE_CURVE_WITH_KNOTS('',3,(#2145,#2146,#2147,#2148),
 .UNSPECIFIED.,.F.,.F.,(4,4),(-0.900199257294479,-0.0500236843257946),
 .UNSPECIFIED.);
#389=B_SPLINE_CURVE_WITH_KNOTS('',3,(#2152,#2153,#2154,#2155),
 .UNSPECIFIED.,.F.,.F.,(4,4),(-0.850877252932175,-0.000701790090265275),
 .UNSPECIFIED.);
#390=B_SPLINE_CURVE_WITH_KNOTS('',3,(#2156,#2157,#2158,#2159,#2160,#2161),
 .UNSPECIFIED.,.F.,.F.,(4,2,4),(-0.239923863031329,-0.15,0.),
 .UNSPECIFIED.);
#391=B_SPLINE_CURVE_WITH_KNOTS('',3,(#2163,#2164,#2165,#2166),
 .UNSPECIFIED.,.F.,.F.,(4,4),(-2.87009875723455,-0.0500493925739338),
 .UNSPECIFIED.);
#392=B_SPLINE_CURVE_WITH_KNOTS('',3,(#2167,#2168,#2169,#2170),
 .UNSPECIFIED.,.F.,.F.,(4,4),(-2.87011864338264,-0.0500494172253857),
 .UNSPECIFIED.);
#393=B_SPLINE_CURVE_WITH_KNOTS('',3,(#2174,#2175,#2176,#2177),
 .UNSPECIFIED.,.F.,.F.,(4,4),(-1.42580103322693,0.),.UNSPECIFIED.);
#394=B_SPLINE_CURVE_WITH_KNOTS('',3,(#2181,#2182,#2183,#2184),
 .UNSPECIFIED.,.F.,.F.,(4,4),(-1.42580299667172,0.),.UNSPECIFIED.);
#395=B_SPLINE_CURVE_WITH_KNOTS('',3,(#2189,#2190,#2191,#2192),
 .UNSPECIFIED.,.F.,.F.,(4,4),(-2.82000431198093,0.),.UNSPECIFIED.);
#396=B_SPLINE_CURVE_WITH_KNOTS('',3,(#2196,#2197,#2198,#2199),
 .UNSPECIFIED.,.F.,.F.,(4,4),(-2.82001570394429,0.),.UNSPECIFIED.);
#397=B_SPLINE_CURVE_WITH_KNOTS('',3,(#2202,#2203,#2204,#2205),
 .UNSPECIFIED.,.F.,.F.,(4,4),(-2.87012628365831,-0.0500494031153225),
 .UNSPECIFIED.);
#398=B_SPLINE_CURVE_WITH_KNOTS('',3,(#2206,#2207,#2208,#2209),
 .UNSPECIFIED.,.F.,.F.,(4,4),(-2.87014514501508,-0.0500494241015019),
 .UNSPECIFIED.);
#399=B_SPLINE_CURVE_WITH_KNOTS('',3,(#2212,#2213,#2214,#2215),
 .UNSPECIFIED.,.F.,.F.,(4,4),(-1.47582180358029,-0.0500493445808323),
 .UNSPECIFIED.);
#400=B_SPLINE_CURVE_WITH_KNOTS('',3,(#2217,#2218,#2219,#2220),
 .UNSPECIFIED.,.F.,.F.,(4,4),(-1.47582282771603,-0.0500493140713214),
 .UNSPECIFIED.);
#401=B_SPLINE_CURVE_WITH_KNOTS('',3,(#2225,#2226,#2227,#2228),
 .UNSPECIFIED.,.F.,.F.,(4,4),(-0.847277367584373,-0.00115211836247943),
 .UNSPECIFIED.);
#402=B_SPLINE_CURVE_WITH_KNOTS('',3,(#2230,#2231,#2232,#2233,#2234,#2235),
 .UNSPECIFIED.,.F.,.F.,(4,2,4),(-0.289959951506525,-0.15,-0.0500000000393628),
 .UNSPECIFIED.);
#403=B_SPLINE_CURVE_WITH_KNOTS('',3,(#2237,#2238,#2239,#2240),
 .UNSPECIFIED.,.F.,.F.,(4,4),(-0.896148825891774,-0.0500239015717995),
 .UNSPECIFIED.);
#404=B_SPLINE_CURVE_WITH_KNOTS('',3,(#2244,#2245,#2246,#2247),
 .UNSPECIFIED.,.F.,.F.,(4,4),(-2.86838479652479,-0.0500234298803899),
 .UNSPECIFIED.);
#405=B_SPLINE_CURVE_WITH_KNOTS('',3,(#2249,#2250,#2251,#2252),
 .UNSPECIFIED.,.F.,.F.,(4,4),(-2.86840098575673,-0.0500234637074146),
 .UNSPECIFIED.);
#406=B_SPLINE_CURVE_WITH_KNOTS('',3,(#2257,#2258,#2259,#2260,#2261,#2262,
#2263),.UNSPECIFIED.,.F.,.F.,(4,3,4),(-0.809639510597936,-0.282508442203544,
-0.0500034840957276),.UNSPECIFIED.);
#407=B_SPLINE_CURVE_WITH_KNOTS('',3,(#2267,#2268,#2269,#2270,#2271,#2272,
#2273),.UNSPECIFIED.,.F.,.F.,(4,3,4),(-0.809639714855196,-0.282244918381977,
-0.050003478869633),.UNSPECIFIED.);
#408=B_SPLINE_CURVE_WITH_KNOTS('',3,(#2274,#2275,#2276,#2277,#2278,#2279),
 .UNSPECIFIED.,.F.,.F.,(4,2,4),(-0.239998590222601,-0.15,0.),
 .UNSPECIFIED.);
#409=B_SPLINE_CURVE_WITH_KNOTS('',3,(#2281,#2282,#2283,#2284),
 .UNSPECIFIED.,.F.,.F.,(4,4),(-2.86761640666682,-0.0500030793588522),
 .UNSPECIFIED.);
#410=B_SPLINE_CURVE_WITH_KNOTS('',3,(#2285,#2286,#2287,#2288),
 .UNSPECIFIED.,.F.,.F.,(4,4),(-2.86763157007977,-0.050003185544417),
 .UNSPECIFIED.);
#411=B_SPLINE_CURVE_WITH_KNOTS('',3,(#2292,#2293,#2294,#2295),
 .UNSPECIFIED.,.F.,.F.,(4,4),(-0.850588716715445,-0.000413103559068539),
 .UNSPECIFIED.);
#412=B_SPLINE_CURVE_WITH_KNOTS('',3,(#2297,#2298,#2299,#2300,#2301,#2302),
 .UNSPECIFIED.,.F.,.F.,(4,2,4),(-0.3,-0.15,-0.0600761369686712),
 .UNSPECIFIED.);
#413=B_SPLINE_CURVE_WITH_KNOTS('',3,(#2304,#2305,#2306,#2307),
 .UNSPECIFIED.,.F.,.F.,(4,4),(-0.900199054160636,-0.0500236556964608),
 .UNSPECIFIED.);
#414=B_SPLINE_CURVE_WITH_KNOTS('',3,(#2311,#2312,#2313,#2314),
 .UNSPECIFIED.,.F.,.F.,(4,4),(-2.86999857094748,-0.050023413287537),
 .UNSPECIFIED.);
#415=B_SPLINE_CURVE_WITH_KNOTS('',3,(#2316,#2317,#2318,#2319),
 .UNSPECIFIED.,.F.,.F.,(4,4),(-2.87001066653932,-0.050023449114978),
 .UNSPECIFIED.);
#416=B_SPLINE_CURVE_WITH_KNOTS('',3,(#2323,#2324,#2325,#2326),
 .UNSPECIFIED.,.F.,.F.,(4,4),(-1.47582180358044,-0.0500493445808311),
 .UNSPECIFIED.);
#417=B_SPLINE_CURVE_WITH_KNOTS('',3,(#2328,#2329,#2330,#2331),
 .UNSPECIFIED.,.F.,.F.,(4,4),(-1.47582282771618,-0.0500493140713201),
 .UNSPECIFIED.);
#418=B_SPLINE_CURVE_WITH_KNOTS('',3,(#2336,#2337,#2338,#2339),
 .UNSPECIFIED.,.F.,.F.,(4,4),(-2.80738359773544,-0.0100068797749436),
 .UNSPECIFIED.);
#419=B_SPLINE_CURVE_WITH_KNOTS('',3,(#2343,#2344,#2345,#2346),
 .UNSPECIFIED.,.F.,.F.,(4,4),(-2.80916839523474,-0.0100068563080118),
 .UNSPECIFIED.);
#420=B_SPLINE_CURVE_WITH_KNOTS('',3,(#2350,#2351,#2352,#2353),
 .UNSPECIFIED.,.F.,.F.,(4,4),(-2.8676658038316,-0.0500031430521406),
 .UNSPECIFIED.);
#421=B_SPLINE_CURVE_WITH_KNOTS('',3,(#2355,#2356,#2357,#2358),
 .UNSPECIFIED.,.F.,.F.,(4,4),(-2.86765123807824,-0.0500030438919268),
 .UNSPECIFIED.);
#422=B_SPLINE_CURVE_WITH_KNOTS('',3,(#2362,#2363,#2364,#2365),
 .UNSPECIFIED.,.F.,.F.,(4,4),(-2.8677196626909,-0.0500031393371817),
 .UNSPECIFIED.);
#423=B_SPLINE_CURVE_WITH_KNOTS('',3,(#2367,#2368,#2369,#2370),
 .UNSPECIFIED.,.F.,.F.,(4,4),(-2.86770764432447,-0.0500030357238908),
 .UNSPECIFIED.);
#424=B_SPLINE_CURVE_WITH_KNOTS('',3,(#2373,#2374,#2375,#2376),
 .UNSPECIFIED.,.F.,.F.,(4,4),(-3.35433587856551,0.),.UNSPECIFIED.);
#425=B_SPLINE_CURVE_WITH_KNOTS('',3,(#2377,#2378,#2379,#2380),
 .UNSPECIFIED.,.F.,.F.,(4,4),(-3.34940749174926,0.),.UNSPECIFIED.);
#426=B_SPLINE_CURVE_WITH_KNOTS('',3,(#2384,#2385,#2386,#2387),
 .UNSPECIFIED.,.F.,.F.,(4,4),(-0.759818680675626,-0.0108090037100531),
 .UNSPECIFIED.);
#427=B_SPLINE_CURVE_WITH_KNOTS('',3,(#2389,#2390,#2391,#2392,#2393,#2394),
 .UNSPECIFIED.,.F.,.F.,(4,2,4),(-0.289998480295477,-0.15,-0.050000000124846),
 .UNSPECIFIED.);
#428=B_SPLINE_CURVE_WITH_KNOTS('',3,(#2396,#2397,#2398,#2399),
 .UNSPECIFIED.,.F.,.F.,(4,4),(-0.7598354286252,-0.0108255373791288),
 .UNSPECIFIED.);
#429=B_SPLINE_CURVE_WITH_KNOTS('',3,(#2403,#2404,#2405,#2406,#2407,#2408,
#2409),.UNSPECIFIED.,.F.,.F.,(4,3,4),(-0.752428987917273,-0.246018467863054,
-0.0500032661548095),.UNSPECIFIED.);
#430=B_SPLINE_CURVE_WITH_KNOTS('',3,(#2411,#2412,#2413,#2414,#2415,#2416,
#2417),.UNSPECIFIED.,.F.,.F.,(4,3,4),(-0.752429013195933,-0.245479677558332,
-0.0500032612168657),.UNSPECIFIED.);
#431=B_SPLINE_CURVE_WITH_KNOTS('',3,(#2418,#2419,#2420,#2421,#2422,#2423),
 .UNSPECIFIED.,.F.,.F.,(4,2,4),(-0.239978664997257,-0.15,0.),
 .UNSPECIFIED.);
#432=B_SPLINE_CURVE_WITH_KNOTS('',3,(#2427,#2428,#2429,#2430),
 .UNSPECIFIED.,.F.,.F.,(4,4),(-2.87009159387706,-0.0500493044822031),
 .UNSPECIFIED.);
#433=B_SPLINE_CURVE_WITH_KNOTS('',3,(#2434,#2435,#2436,#2437),
 .UNSPECIFIED.,.F.,.F.,(4,4),(-2.87011145465834,-0.0500493285752249),
 .UNSPECIFIED.);
#434=B_SPLINE_CURVE_WITH_KNOTS('',3,(#2441,#2442,#2443,#2444),
 .UNSPECIFIED.,.F.,.F.,(4,4),(-2.82999713891248,-0.0100047698076206),
 .UNSPECIFIED.);
#435=B_SPLINE_CURVE_WITH_KNOTS('',3,(#2447,#2448,#2449,#2450),
 .UNSPECIFIED.,.F.,.F.,(4,4),(-2.83000865322529,-0.0100047638447324),
 .UNSPECIFIED.);
#436=B_SPLINE_CURVE_WITH_KNOTS('',3,(#2453,#2454,#2455,#2456),
 .UNSPECIFIED.,.F.,.F.,(4,4),(-2.86845805751377,-0.0500030208300282),
 .UNSPECIFIED.);
#437=B_SPLINE_CURVE_WITH_KNOTS('',3,(#2459,#2460,#2461,#2462),
 .UNSPECIFIED.,.F.,.F.,(4,4),(-2.86846920976321,-0.050003075913859),
 .UNSPECIFIED.);
#438=B_SPLINE_CURVE_WITH_KNOTS('',3,(#2464,#2465,#2466,#2467),
 .UNSPECIFIED.,.F.,.F.,(4,4),(-2.86838954893264,-0.0500235188919449),
 .UNSPECIFIED.);
#439=B_SPLINE_CURVE_WITH_KNOTS('',3,(#2468,#2469,#2470,#2471),
 .UNSPECIFIED.,.F.,.F.,(4,4),(-2.86840574322025,-0.0500235524087435),
 .UNSPECIFIED.);
#440=B_SPLINE_CURVE_WITH_KNOTS('',3,(#2475,#2476,#2477,#2478),
 .UNSPECIFIED.,.F.,.F.,(4,4),(-3.32979631643946,0.),.UNSPECIFIED.);
#441=B_SPLINE_CURVE_WITH_KNOTS('',3,(#2482,#2483,#2484,#2485),
 .UNSPECIFIED.,.F.,.F.,(4,4),(-3.33473477560304,0.),.UNSPECIFIED.);
#442=B_SPLINE_CURVE_WITH_KNOTS('',3,(#2489,#2490,#2491,#2492),
 .UNSPECIFIED.,.F.,.F.,(4,4),(-2.79025576451917,0.),.UNSPECIFIED.);
#443=B_SPLINE_CURVE_WITH_KNOTS('',3,(#2494,#2495,#2496,#2497),
 .UNSPECIFIED.,.F.,.F.,(4,4),(-2.78847708366344,0.),.UNSPECIFIED.);
#444=B_SPLINE_CURVE_WITH_KNOTS('',3,(#2502,#2503,#2504,#2505,#2506,#2507,
#2508),.UNSPECIFIED.,.F.,.F.,(4,3,4),(-0.799013975638083,-0.271658767802,
-0.0500035395553294),.UNSPECIFIED.);
#445=B_SPLINE_CURVE_WITH_KNOTS('',3,(#2510,#2511,#2512,#2513,#2514,#2515),
 .UNSPECIFIED.,.F.,.F.,(4,2,4),(-0.239998480170633,-0.15,0.),
 .UNSPECIFIED.);
#446=B_SPLINE_CURVE_WITH_KNOTS('',3,(#2517,#2518,#2519,#2520,#2521,#2522,
#2523),.UNSPECIFIED.,.F.,.F.,(4,3,4),(-0.799013783428338,-0.271923295341589,
-0.0500035449755038),.UNSPECIFIED.);
#447=B_SPLINE_CURVE_WITH_KNOTS('',3,(#2527,#2528,#2529,#2530,#2531,#2532,
#2533),.UNSPECIFIED.,.F.,.F.,(4,3,4),(-0.717214658508598,-0.210264876042726,
-0.0147884688140491),.UNSPECIFIED.);
#448=B_SPLINE_CURVE_WITH_KNOTS('',3,(#2535,#2536,#2537,#2538,#2539,#2540,
#2541),.UNSPECIFIED.,.F.,.F.,(4,3,4),(-0.71714834351662,-0.210737329891368,
-0.0147221719669099),.UNSPECIFIED.);
#449=B_SPLINE_CURVE_WITH_KNOTS('',3,(#2542,#2543,#2544,#2545,#2546,#2547),
 .UNSPECIFIED.,.F.,.F.,(4,2,4),(-0.3,-0.15,-0.0600213349853674),
 .UNSPECIFIED.);
#450=B_SPLINE_CURVE_WITH_KNOTS('',3,(#2551,#2552,#2553,#2554,#2555,#2556,
#2557),.UNSPECIFIED.,.F.,.F.,(4,3,4),(-0.761783698106342,-0.254916312075568,
-0.0500033150365532),.UNSPECIFIED.);
#451=B_SPLINE_CURVE_WITH_KNOTS('',3,(#2559,#2560,#2561,#2562,#2563,#2564),
 .UNSPECIFIED.,.F.,.F.,(4,2,4),(-0.239978222391356,-0.15,0.),
 .UNSPECIFIED.);
#452=B_SPLINE_CURVE_WITH_KNOTS('',3,(#2566,#2567,#2568,#2569,#2570,#2571,
#2572),.UNSPECIFIED.,.F.,.F.,(4,3,4),(-0.761783670766978,-0.255455932892848,
-0.0500033200663359),.UNSPECIFIED.);
#453=B_SPLINE_CURVE_WITH_KNOTS('',3,(#2576,#2577,#2578,#2579),
 .UNSPECIFIED.,.F.,.F.,(4,4),(-3.34108724990894,0.),.UNSPECIFIED.);
#454=B_SPLINE_CURVE_WITH_KNOTS('',3,(#2581,#2582,#2583,#2584),
 .UNSPECIFIED.,.F.,.F.,(4,4),(-3.33615821541501,0.),.UNSPECIFIED.);
#455=B_SPLINE_CURVE_WITH_KNOTS('',3,(#2610,#2611,#2612,#2613),
 .UNSPECIFIED.,.F.,.F.,(4,4),(0.407154999686933,0.409936585299365),
 .UNSPECIFIED.);
#456=B_SPLINE_CURVE_WITH_KNOTS('',3,(#2614,#2615,#2616,#2617),
 .UNSPECIFIED.,.F.,.F.,(4,4),(3.88791830686826E-8,0.0140867522136144),
 .UNSPECIFIED.);
#457=B_SPLINE_CURVE_WITH_KNOTS('',3,(#2618,#2619,#2620,#2621),
 .UNSPECIFIED.,.F.,.F.,(4,4),(5.36116234027999,5.37501885785553),
 .UNSPECIFIED.);
#458=B_SPLINE_CURVE_WITH_KNOTS('',3,(#2622,#2623,#2624,#2625),
 .UNSPECIFIED.,.F.,.F.,(4,4),(2.52953507416748,2.54395478575756),
 .UNSPECIFIED.);
#459=B_SPLINE_CURVE_WITH_KNOTS('',3,(#2626,#2627,#2628,#2629),
 .UNSPECIFIED.,.F.,.F.,(4,4),(1.50077239259087,1.51431925170421),
 .UNSPECIFIED.);
#460=B_SPLINE_CURVE_WITH_KNOTS('',3,(#2630,#2631,#2632,#2633),
 .UNSPECIFIED.,.F.,.F.,(4,4),(-0.599433750340871,-0.596601319226385),
 .UNSPECIFIED.);
#461=B_SPLINE_CURVE_WITH_KNOTS('',3,(#2634,#2635,#2636,#2637),
 .UNSPECIFIED.,.F.,.F.,(4,4),(-0.602266181455358,-0.599433750340871),
 .UNSPECIFIED.);
#462=B_SPLINE_CURVE_WITH_KNOTS('',3,(#2638,#2639,#2640,#2641),
 .UNSPECIFIED.,.F.,.F.,(4,4),(0.420762025168663,0.421103105220228),
 .UNSPECIFIED.);
#463=B_SPLINE_CURVE_WITH_KNOTS('',3,(#2642,#2643,#2644,#2645),
 .UNSPECIFIED.,.F.,.F.,(4,4),(0.516919143244262,0.517258564937814),
 .UNSPECIFIED.);
#464=B_SPLINE_CURVE_WITH_KNOTS('',3,(#2646,#2647,#2648,#2649),
 .UNSPECIFIED.,.F.,.F.,(4,4),(0.80331219509979,0.806093780712224),
 .UNSPECIFIED.);
#465=B_SPLINE_CURVE_WITH_KNOTS('',3,(#2674,#2675,#2676,#2677),
 .UNSPECIFIED.,.F.,.F.,(4,4),(-0.806093780712221,-0.803312195099788),
 .UNSPECIFIED.);
#466=B_SPLINE_CURVE_WITH_KNOTS('',3,(#2678,#2679,#2680,#2681),
 .UNSPECIFIED.,.F.,.F.,(4,4),(0.599433750340871,0.602266181455355),
 .UNSPECIFIED.);
#467=B_SPLINE_CURVE_WITH_KNOTS('',3,(#2682,#2683,#2684,#2685),
 .UNSPECIFIED.,.F.,.F.,(4,4),(0.59660131922638,0.599433750340871),
 .UNSPECIFIED.);
#468=B_SPLINE_CURVE_WITH_KNOTS('',3,(#2686,#2687,#2688,#2689),
 .UNSPECIFIED.,.F.,.F.,(4,4),(4.33210740454858,4.34565288076971),
 .UNSPECIFIED.);
#469=B_SPLINE_CURVE_WITH_KNOTS('',3,(#2690,#2691,#2692,#2693),
 .UNSPECIFIED.,.F.,.F.,(4,4),(3.29563646440923,3.31021843609134),
 .UNSPECIFIED.);
#470=B_SPLINE_CURVE_WITH_KNOTS('',3,(#2694,#2695,#2696,#2697),
 .UNSPECIFIED.,.F.,.F.,(4,4),(0.430475203358765,0.444494435810961),
 .UNSPECIFIED.);
#471=B_SPLINE_CURVE_WITH_KNOTS('',3,(#2698,#2699,#2700,#2701),
 .UNSPECIFIED.,.F.,.F.,(4,4),(2.40384069164291,2.41792659356856),
 .UNSPECIFIED.);
#472=B_SPLINE_CURVE_WITH_KNOTS('',3,(#2702,#2703,#2704,#2705),
 .UNSPECIFIED.,.F.,.F.,(4,4),(-0.409936585299361,-0.407154999686927),
 .UNSPECIFIED.);
#473=B_SPLINE_CURVE_WITH_KNOTS('',3,(#2707,#2708,#2709,#2710,#2711,#2712),
 .UNSPECIFIED.,.F.,.F.,(4,2,4),(-3.55096626241973,-2.27548313120986,-1.55096626241972),
 .UNSPECIFIED.);
#474=B_SPLINE_CURVE_WITH_KNOTS('',3,(#2714,#2715,#2716,#2717),
 .UNSPECIFIED.,.F.,.F.,(4,4),(-4.55096626241973,-3.56510839804347),
 .UNSPECIFIED.);
#475=B_SPLINE_CURVE_WITH_KNOTS('',3,(#2718,#2719,#2720,#2721),
 .UNSPECIFIED.,.F.,.F.,(4,4),(-0.985857864376274,0.),.UNSPECIFIED.);
#476=B_SPLINE_CURVE_WITH_KNOTS('',3,(#2722,#2723,#2724,#2725,#2726,#2727),
 .UNSPECIFIED.,.F.,.F.,(4,2,4),(-3.00000000000003,-2.27534582778547,-1.),
 .UNSPECIFIED.);
#477=B_SPLINE_CURVE_WITH_KNOTS('',3,(#2729,#2730,#2731,#2732),
 .UNSPECIFIED.,.F.,.F.,(4,4),(-4.54385441581405,-3.01414213562376),
 .UNSPECIFIED.);
#478=B_SPLINE_CURVE_WITH_KNOTS('',3,(#2734,#2735,#2736,#2737,#2738,#2739),
 .UNSPECIFIED.,.F.,.F.,(4,2,4),(-0.3,-0.15,0.),.UNSPECIFIED.);
#479=B_SPLINE_CURVE_WITH_KNOTS('',3,(#2741,#2742,#2743,#2744,#2745,#2746),
 .UNSPECIFIED.,.F.,.F.,(4,2,4),(-4.55069165557094,-2.27534582778547,-0.00683723975688721),
 .UNSPECIFIED.);
#480=B_SPLINE_CURVE_WITH_KNOTS('',3,(#2748,#2749,#2750,#2751,#2752,#2753),
 .UNSPECIFIED.,.F.,.F.,(4,2,4),(-4.54385441581405,-2.27548313120986,0.),
 .UNSPECIFIED.);
#481=B_SPLINE_CURVE_WITH_KNOTS('',3,(#2755,#2756,#2757,#2758,#2759,#2760),
 .UNSPECIFIED.,.F.,.F.,(4,2,4),(-0.3,-0.15,0.),.UNSPECIFIED.);
#482=B_SPLINE_CURVE_WITH_KNOTS('',3,(#2761,#2762,#2763,#2764),
 .UNSPECIFIED.,.F.,.F.,(4,4),(-1.53682412679599,-0.0071118466056781),
 .UNSPECIFIED.);
#483=B_SPLINE_CURVE_WITH_KNOTS('',3,(#2789,#2790,#2791,#2792),
 .UNSPECIFIED.,.F.,.F.,(4,4),(-14.7365205942892,-12.503682931795),
 .UNSPECIFIED.);
#484=B_SPLINE_CURVE_WITH_KNOTS('',3,(#2794,#2795,#2796,#2797,#2798,#2799,
#2800,#2801),.UNSPECIFIED.,.F.,.F.,(4,2,2,4),(-14.7365205942892,-11.8255865560315,
-7.83627433721037,-6.31208598592105),.UNSPECIFIED.);
#485=B_SPLINE_CURVE_WITH_KNOTS('',3,(#2803,#2804,#2805,#2806,#2807,#2808),
 .UNSPECIFIED.,.F.,.F.,(4,2,4),(-0.3,-0.15,0.),.UNSPECIFIED.);
#486=B_SPLINE_CURVE_WITH_KNOTS('',3,(#2809,#2810,#2811,#2812,#2813,#2814,
#2815,#2816,#2817,#2818,#2819,#2820,#2821,#2822,#2823,#2824,#2825,#2826,
#2827,#2828,#2829,#2830),.UNSPECIFIED.,.F.,.F.,(4,3,3,3,3,3,3,4),(-7.74584432208391,
-7.36798409438425,-6.99046551545978,-6.61564222218653,-6.52833850919873,
-6.51029976213834,-6.51029915905335,-6.31208598592105),.UNSPECIFIED.);
#487=B_SPLINE_CURVE_WITH_KNOTS('',3,(#2831,#2832,#2833,#2834,#2835,#2836,
#2837),.UNSPECIFIED.,.F.,.F.,(4,3,4),(-8.71332443781489,-7.83627433721037,
-7.75863917585117),.UNSPECIFIED.);
#488=B_SPLINE_CURVE_WITH_KNOTS('',3,(#2838,#2839,#2840,#2841),
 .UNSPECIFIED.,.F.,.F.,(4,4),(-11.3755513276002,-8.72688199219588),
 .UNSPECIFIED.);
#489=B_SPLINE_CURVE_WITH_KNOTS('',3,(#2842,#2843,#2844,#2845,#2846,#2847,
#2848),.UNSPECIFIED.,.F.,.F.,(4,3,4),(-12.4905990202149,-11.8255865560315,
-11.3885782304486),.UNSPECIFIED.);
#490=B_SPLINE_CURVE_WITH_KNOTS('',3,(#2899,#2900,#2901,#2902,#2903,#2904,
#2905),.UNSPECIFIED.,.F.,.F.,(4,3,4),(-4.77138421031895,-4.13227297223988,
-3.58586885801998),.UNSPECIFIED.);
#491=B_SPLINE_CURVE_WITH_KNOTS('',3,(#2906,#2907,#2908,#2909,#2910,#2911,
#2912,#2913,#2914,#2915),.UNSPECIFIED.,.F.,.F.,(4,3,3,4),(-7.63505221645672,
-6.33428296892233,-5.22667082831954,-4.78539679165404),.UNSPECIFIED.);
#492=B_SPLINE_CURVE_WITH_KNOTS('',3,(#2916,#2917,#2918,#2919,#2920,#2921,
#2922),.UNSPECIFIED.,.F.,.F.,(4,3,4),(-8.67655059045986,-7.99610183839039,
-7.64964142158056),.UNSPECIFIED.);
#493=B_SPLINE_CURVE_WITH_KNOTS('',3,(#2924,#2925,#2926,#2927,#2928,#2929,
#2930,#2931,#2932,#2933,#2934,#2935,#2936),.UNSPECIFIED.,.F.,.F.,(4,3,3,
3,4),(-10.1168888491999,-9.96075855746609,-9.94521527208248,-9.81325307894799,
-8.6902460412652),.UNSPECIFIED.);
#494=B_SPLINE_CURVE_WITH_KNOTS('',3,(#2938,#2939,#2940,#2941,#2942,#2943),
 .UNSPECIFIED.,.F.,.F.,(4,2,4),(-0.3,-0.15,0.),.UNSPECIFIED.);
#495=B_SPLINE_CURVE_WITH_KNOTS('',3,(#2944,#2945,#2946,#2947,#2948,#2949,
#2950,#2951,#2952,#2953,#2954,#2955,#2956),.UNSPECIFIED.,.F.,.F.,(4,3,3,
3,4),(-10.1168888491999,-9.96075821292983,-9.94521527208248,-9.65313854331853,
-1.16969551737871),.UNSPECIFIED.);
#496=B_SPLINE_CURVE_WITH_KNOTS('',3,(#2957,#2958,#2959,#2960),
 .UNSPECIFIED.,.F.,.F.,(4,4),(-3.57179225571805,-1.16969551737871),
 .UNSPECIFIED.);
#497=B_SPLINE_CURVE_WITH_KNOTS('',3,(#2977,#2978,#2979,#2980),
 .UNSPECIFIED.,.F.,.F.,(4,4),(0.421127406542115,0.516856282785942),
 .UNSPECIFIED.);
#498=B_SPLINE_CURVE_WITH_KNOTS('',3,(#3022,#3023,#3024,#3025),
 .UNSPECIFIED.,.F.,.F.,(4,4),(-1.98585786437625,0.),.UNSPECIFIED.);
#499=B_SPLINE_CURVE_WITH_KNOTS('',3,(#3026,#3027,#3028,#3029,#3030,#3031),
 .UNSPECIFIED.,.F.,.F.,(4,2,4),(0.37281402643437,0.37765800319119,0.420786717453137),
 .UNSPECIFIED.);
#500=B_SPLINE_CURVE_WITH_KNOTS('',3,(#3048,#3049,#3050,#3051),
 .UNSPECIFIED.,.F.,.F.,(4,4),(0.517195472597834,0.589232439610039),
 .UNSPECIFIED.);
#501=B_SPLINE_CURVE_WITH_KNOTS('',3,(#3076,#3077,#3078,#3079,#3080,#3081),
 .UNSPECIFIED.,.F.,.F.,(4,2,4),(-4.45271043202656,-2.23460917174576,-2.01414213562373),
 .UNSPECIFIED.);
#502=B_SPLINE_CURVE_WITH_KNOTS('',3,(#3210,#3211,#3212,#3213,#3214,#3215),
 .UNSPECIFIED.,.F.,.F.,(4,2,4),(-2.45480653371614,-2.23447433466995,-0.0162382373133356),
 .UNSPECIFIED.);
#503=B_SPLINE_CURVE_WITH_KNOTS('',3,(#3272,#3273,#3274,#3275),
 .UNSPECIFIED.,.F.,.F.,(4,4),(-4.4689486693399,-2.48309080496363),
 .UNSPECIFIED.);
#504=B_SPLINE_CURVE_WITH_KNOTS('',3,(#3421,#3422,#3423,#3424,#3425,#3426),
 .UNSPECIFIED.,.F.,.F.,(4,2,4),(0.37281402643437,0.37765800319119,0.589232439610038),
 .UNSPECIFIED.);
#505=B_SPLINE_CURVE_WITH_KNOTS('',3,(#3427,#3428,#3429,#3430,#3431,#3432),
 .UNSPECIFIED.,.F.,.F.,(4,2,4),(-4.46921834349151,-2.23460917174576,-0.0165079114649522),
 .UNSPECIFIED.);
#506=B_SPLINE_CURVE_WITH_KNOTS('',3,(#3434,#3435,#3436,#3437,#3438,#3439),
 .UNSPECIFIED.,.F.,.F.,(4,2,4),(-4.45271043202656,-2.23447433466995,0.),
 .UNSPECIFIED.);
#507=VERTEX_POINT('',#1751);
#508=VERTEX_POINT('',#1752);
#509=VERTEX_POINT('',#1757);
#510=VERTEX_POINT('',#1759);
#511=VERTEX_POINT('',#1766);
#512=VERTEX_POINT('',#1771);
#513=VERTEX_POINT('',#1778);
#514=VERTEX_POINT('',#1779);
#515=VERTEX_POINT('',#1784);
#516=VERTEX_POINT('',#1786);
#517=VERTEX_POINT('',#1793);
#518=VERTEX_POINT('',#1798);
#519=VERTEX_POINT('',#1805);
#520=VERTEX_POINT('',#1806);
#521=VERTEX_POINT('',#1811);
#522=VERTEX_POINT('',#1813);
#523=VERTEX_POINT('',#1820);
#524=VERTEX_POINT('',#1825);
#525=VERTEX_POINT('',#1832);
#526=VERTEX_POINT('',#1837);
#527=VERTEX_POINT('',#1853);
#528=VERTEX_POINT('',#1854);
#529=VERTEX_POINT('',#1859);
#530=VERTEX_POINT('',#1861);
#531=VERTEX_POINT('',#1868);
#532=VERTEX_POINT('',#1869);
#533=VERTEX_POINT('',#1874);
#534=VERTEX_POINT('',#1876);
#535=VERTEX_POINT('',#1901);
#536=VERTEX_POINT('',#1902);
#537=VERTEX_POINT('',#1907);
#538=VERTEX_POINT('',#1914);
#539=VERTEX_POINT('',#1921);
#540=VERTEX_POINT('',#1929);
#541=VERTEX_POINT('',#1941);
#542=VERTEX_POINT('',#1942);
#543=VERTEX_POINT('',#1947);
#544=VERTEX_POINT('',#1949);
#545=VERTEX_POINT('',#1956);
#546=VERTEX_POINT('',#1961);
#547=VERTEX_POINT('',#1968);
#548=VERTEX_POINT('',#1973);
#549=VERTEX_POINT('',#1989);
#550=VERTEX_POINT('',#1990);
#551=VERTEX_POINT('',#1995);
#552=VERTEX_POINT('',#1997);
#553=VERTEX_POINT('',#2004);
#554=VERTEX_POINT('',#2012);
#555=VERTEX_POINT('',#2027);
#556=VERTEX_POINT('',#2028);
#557=VERTEX_POINT('',#2033);
#558=VERTEX_POINT('',#2040);
#559=VERTEX_POINT('',#2047);
#560=VERTEX_POINT('',#2052);
#561=VERTEX_POINT('',#2064);
#562=VERTEX_POINT('',#2065);
#563=VERTEX_POINT('',#2070);
#564=VERTEX_POINT('',#2072);
#565=VERTEX_POINT('',#2079);
#566=VERTEX_POINT('',#2080);
#567=VERTEX_POINT('',#2085);
#568=VERTEX_POINT('',#2092);
#569=VERTEX_POINT('',#2111);
#570=VERTEX_POINT('',#2116);
#571=VERTEX_POINT('',#2128);
#572=VERTEX_POINT('',#2129);
#573=VERTEX_POINT('',#2134);
#574=VERTEX_POINT('',#2136);
#575=VERTEX_POINT('',#2143);
#576=VERTEX_POINT('',#2144);
#577=VERTEX_POINT('',#2149);
#578=VERTEX_POINT('',#2151);
#579=VERTEX_POINT('',#2172);
#580=VERTEX_POINT('',#2173);
#581=VERTEX_POINT('',#2178);
#582=VERTEX_POINT('',#2180);
#583=VERTEX_POINT('',#2187);
#584=VERTEX_POINT('',#2188);
#585=VERTEX_POINT('',#2193);
#586=VERTEX_POINT('',#2195);
#587=VERTEX_POINT('',#2211);
#588=VERTEX_POINT('',#2216);
#589=VERTEX_POINT('',#2223);
#590=VERTEX_POINT('',#2224);
#591=VERTEX_POINT('',#2229);
#592=VERTEX_POINT('',#2236);
#593=VERTEX_POINT('',#2243);
#594=VERTEX_POINT('',#2248);
#595=VERTEX_POINT('',#2255);
#596=VERTEX_POINT('',#2256);
#597=VERTEX_POINT('',#2264);
#598=VERTEX_POINT('',#2266);
#599=VERTEX_POINT('',#2290);
#600=VERTEX_POINT('',#2291);
#601=VERTEX_POINT('',#2296);
#602=VERTEX_POINT('',#2303);
#603=VERTEX_POINT('',#2310);
#604=VERTEX_POINT('',#2315);
#605=VERTEX_POINT('',#2322);
#606=VERTEX_POINT('',#2327);
#607=VERTEX_POINT('',#2334);
#608=VERTEX_POINT('',#2335);
#609=VERTEX_POINT('',#2340);
#610=VERTEX_POINT('',#2342);
#611=VERTEX_POINT('',#2349);
#612=VERTEX_POINT('',#2354);
#613=VERTEX_POINT('',#2361);
#614=VERTEX_POINT('',#2366);
#615=VERTEX_POINT('',#2382);
#616=VERTEX_POINT('',#2383);
#617=VERTEX_POINT('',#2388);
#618=VERTEX_POINT('',#2395);
#619=VERTEX_POINT('',#2402);
#620=VERTEX_POINT('',#2410);
#621=VERTEX_POINT('',#2425);
#622=VERTEX_POINT('',#2426);
#623=VERTEX_POINT('',#2431);
#624=VERTEX_POINT('',#2433);
#625=VERTEX_POINT('',#2440);
#626=VERTEX_POINT('',#2445);
#627=VERTEX_POINT('',#2452);
#628=VERTEX_POINT('',#2457);
#629=VERTEX_POINT('',#2473);
#630=VERTEX_POINT('',#2474);
#631=VERTEX_POINT('',#2479);
#632=VERTEX_POINT('',#2481);
#633=VERTEX_POINT('',#2488);
#634=VERTEX_POINT('',#2493);
#635=VERTEX_POINT('',#2500);
#636=VERTEX_POINT('',#2501);
#637=VERTEX_POINT('',#2509);
#638=VERTEX_POINT('',#2516);
#639=VERTEX_POINT('',#2526);
#640=VERTEX_POINT('',#2534);
#641=VERTEX_POINT('',#2549);
#642=VERTEX_POINT('',#2550);
#643=VERTEX_POINT('',#2558);
#644=VERTEX_POINT('',#2565);
#645=VERTEX_POINT('',#2575);
#646=VERTEX_POINT('',#2580);
#647=VERTEX_POINT('',#2713);
#648=VERTEX_POINT('',#2728);
#649=VERTEX_POINT('',#2733);
#650=VERTEX_POINT('',#2740);
#651=VERTEX_POINT('',#2747);
#652=VERTEX_POINT('',#2754);
#653=VERTEX_POINT('',#2793);
#654=VERTEX_POINT('',#2802);
#655=VERTEX_POINT('',#2923);
#656=VERTEX_POINT('',#2937);
#657=VERTEX_POINT('',#3021);
#658=VERTEX_POINT('',#3420);
#659=EDGE_CURVE('',#507,#508,#327,.T.);
#660=EDGE_CURVE('',#509,#507,#219,.T.);
#661=EDGE_CURVE('',#509,#510,#328,.T.);
#662=EDGE_CURVE('',#508,#510,#220,.T.);
#663=EDGE_CURVE('',#508,#511,#329,.T.);
#664=EDGE_CURVE('',#510,#512,#330,.T.);
#665=EDGE_CURVE('',#511,#512,#221,.T.);
#666=EDGE_CURVE('',#513,#514,#331,.T.);
#667=EDGE_CURVE('',#515,#513,#222,.T.);
#668=EDGE_CURVE('',#515,#516,#332,.T.);
#669=EDGE_CURVE('',#514,#516,#223,.T.);
#670=EDGE_CURVE('',#514,#517,#333,.T.);
#671=EDGE_CURVE('',#516,#518,#334,.T.);
#672=EDGE_CURVE('',#517,#518,#224,.T.);
#673=EDGE_CURVE('',#519,#520,#335,.T.);
#674=EDGE_CURVE('',#519,#521,#225,.T.);
#675=EDGE_CURVE('',#521,#522,#336,.T.);
#676=EDGE_CURVE('',#520,#522,#226,.T.);
#677=EDGE_CURVE('',#523,#519,#337,.T.);
#678=EDGE_CURVE('',#523,#524,#227,.T.);
#679=EDGE_CURVE('',#524,#521,#338,.T.);
#680=EDGE_CURVE('',#525,#523,#339,.T.);
#681=EDGE_CURVE('',#525,#526,#228,.T.);
#682=EDGE_CURVE('',#526,#524,#340,.T.);
#683=EDGE_CURVE('',#520,#525,#341,.T.);
#684=EDGE_CURVE('',#522,#526,#342,.T.);
#685=EDGE_CURVE('',#527,#528,#343,.T.);
#686=EDGE_CURVE('',#527,#529,#229,.T.);
#687=EDGE_CURVE('',#529,#530,#344,.T.);
#688=EDGE_CURVE('',#528,#530,#230,.T.);
#689=EDGE_CURVE('',#531,#532,#345,.T.);
#690=EDGE_CURVE('',#531,#533,#231,.T.);
#691=EDGE_CURVE('',#533,#534,#346,.T.);
#692=EDGE_CURVE('',#532,#534,#232,.T.);
#693=EDGE_CURVE('',#534,#529,#347,.T.);
#694=EDGE_CURVE('',#532,#527,#348,.T.);
#695=EDGE_CURVE('',#528,#531,#349,.T.);
#696=EDGE_CURVE('',#530,#533,#350,.T.);
#697=EDGE_CURVE('',#535,#536,#351,.T.);
#698=EDGE_CURVE('',#537,#536,#352,.T.);
#699=EDGE_CURVE('',#537,#538,#353,.T.);
#700=EDGE_CURVE('',#535,#538,#233,.T.);
#701=EDGE_CURVE('',#539,#535,#354,.T.);
#702=EDGE_CURVE('',#538,#540,#355,.T.);
#703=EDGE_CURVE('',#539,#540,#356,.T.);
#704=EDGE_CURVE('',#541,#542,#357,.T.);
#705=EDGE_CURVE('',#541,#543,#234,.T.);
#706=EDGE_CURVE('',#543,#544,#358,.T.);
#707=EDGE_CURVE('',#542,#544,#235,.T.);
#708=EDGE_CURVE('',#545,#541,#359,.T.);
#709=EDGE_CURVE('',#545,#546,#236,.T.);
#710=EDGE_CURVE('',#546,#543,#360,.T.);
#711=EDGE_CURVE('',#547,#545,#361,.T.);
#712=EDGE_CURVE('',#547,#548,#237,.T.);
#713=EDGE_CURVE('',#548,#546,#362,.T.);
#714=EDGE_CURVE('',#542,#547,#363,.T.);
#715=EDGE_CURVE('',#544,#548,#364,.T.);
#716=EDGE_CURVE('',#549,#550,#365,.T.);
#717=EDGE_CURVE('',#551,#549,#238,.T.);
#718=EDGE_CURVE('',#551,#552,#366,.T.);
#719=EDGE_CURVE('',#550,#552,#239,.T.);
#720=EDGE_CURVE('',#550,#553,#367,.T.);
#721=EDGE_CURVE('',#552,#554,#368,.T.);
#722=EDGE_CURVE('',#553,#554,#369,.T.);
#723=EDGE_CURVE('',#555,#556,#370,.T.);
#724=EDGE_CURVE('',#557,#556,#371,.T.);
#725=EDGE_CURVE('',#557,#558,#372,.T.);
#726=EDGE_CURVE('',#558,#555,#240,.T.);
#727=EDGE_CURVE('',#559,#555,#373,.T.);
#728=EDGE_CURVE('',#558,#560,#374,.T.);
#729=EDGE_CURVE('',#559,#560,#375,.T.);
#730=EDGE_CURVE('',#561,#562,#376,.T.);
#731=EDGE_CURVE('',#561,#563,#241,.T.);
#732=EDGE_CURVE('',#563,#564,#377,.T.);
#733=EDGE_CURVE('',#562,#564,#242,.T.);
#734=EDGE_CURVE('',#565,#566,#378,.T.);
#735=EDGE_CURVE('',#567,#566,#379,.T.);
#736=EDGE_CURVE('',#567,#568,#380,.T.);
#737=EDGE_CURVE('',#565,#568,#243,.T.);
#738=EDGE_CURVE('',#565,#561,#381,.T.);
#739=EDGE_CURVE('',#568,#563,#382,.T.);
#740=EDGE_CURVE('',#562,#569,#383,.T.);
#741=EDGE_CURVE('',#564,#570,#384,.T.);
#742=EDGE_CURVE('',#569,#570,#385,.T.);
#743=EDGE_CURVE('',#571,#572,#386,.T.);
#744=EDGE_CURVE('',#573,#572,#244,.T.);
#745=EDGE_CURVE('',#574,#573,#387,.T.);
#746=EDGE_CURVE('',#574,#571,#245,.T.);
#747=EDGE_CURVE('',#575,#576,#388,.T.);
#748=EDGE_CURVE('',#577,#576,#246,.T.);
#749=EDGE_CURVE('',#577,#578,#389,.T.);
#750=EDGE_CURVE('',#575,#578,#390,.T.);
#751=EDGE_CURVE('',#576,#571,#391,.T.);
#752=EDGE_CURVE('',#577,#574,#392,.T.);
#753=EDGE_CURVE('',#579,#580,#393,.T.);
#754=EDGE_CURVE('',#581,#580,#247,.T.);
#755=EDGE_CURVE('',#582,#581,#394,.T.);
#756=EDGE_CURVE('',#582,#579,#248,.T.);
#757=EDGE_CURVE('',#583,#584,#395,.T.);
#758=EDGE_CURVE('',#585,#584,#249,.T.);
#759=EDGE_CURVE('',#586,#585,#396,.T.);
#760=EDGE_CURVE('',#586,#583,#250,.T.);
#761=EDGE_CURVE('',#584,#579,#397,.T.);
#762=EDGE_CURVE('',#585,#582,#398,.T.);
#763=EDGE_CURVE('',#587,#583,#399,.T.);
#764=EDGE_CURVE('',#588,#586,#400,.T.);
#765=EDGE_CURVE('',#587,#588,#251,.T.);
#766=EDGE_CURVE('',#589,#590,#401,.T.);
#767=EDGE_CURVE('',#591,#590,#402,.T.);
#768=EDGE_CURVE('',#591,#592,#403,.T.);
#769=EDGE_CURVE('',#592,#589,#252,.T.);
#770=EDGE_CURVE('',#593,#589,#404,.T.);
#771=EDGE_CURVE('',#594,#592,#405,.T.);
#772=EDGE_CURVE('',#594,#593,#253,.T.);
#773=EDGE_CURVE('',#595,#596,#406,.T.);
#774=EDGE_CURVE('',#597,#596,#254,.T.);
#775=EDGE_CURVE('',#598,#597,#407,.T.);
#776=EDGE_CURVE('',#595,#598,#408,.T.);
#777=EDGE_CURVE('',#596,#593,#409,.T.);
#778=EDGE_CURVE('',#597,#594,#410,.T.);
#779=EDGE_CURVE('',#599,#600,#411,.T.);
#780=EDGE_CURVE('',#601,#600,#412,.T.);
#781=EDGE_CURVE('',#601,#602,#413,.T.);
#782=EDGE_CURVE('',#602,#599,#255,.T.);
#783=EDGE_CURVE('',#603,#599,#414,.T.);
#784=EDGE_CURVE('',#604,#602,#415,.T.);
#785=EDGE_CURVE('',#604,#603,#256,.T.);
#786=EDGE_CURVE('',#605,#603,#416,.T.);
#787=EDGE_CURVE('',#606,#604,#417,.T.);
#788=EDGE_CURVE('',#605,#606,#257,.T.);
#789=EDGE_CURVE('',#607,#608,#418,.T.);
#790=EDGE_CURVE('',#609,#607,#258,.T.);
#791=EDGE_CURVE('',#609,#610,#419,.T.);
#792=EDGE_CURVE('',#608,#610,#259,.T.);
#793=EDGE_CURVE('',#608,#611,#420,.T.);
#794=EDGE_CURVE('',#610,#612,#421,.T.);
#795=EDGE_CURVE('',#611,#612,#260,.T.);
#796=EDGE_CURVE('',#611,#613,#422,.T.);
#797=EDGE_CURVE('',#612,#614,#423,.T.);
#798=EDGE_CURVE('',#613,#614,#261,.T.);
#799=EDGE_CURVE('',#613,#607,#424,.T.);
#800=EDGE_CURVE('',#614,#609,#425,.T.);
#801=EDGE_CURVE('',#615,#616,#426,.T.);
#802=EDGE_CURVE('',#617,#616,#427,.T.);
#803=EDGE_CURVE('',#618,#617,#428,.T.);
#804=EDGE_CURVE('',#618,#615,#262,.T.);
#805=EDGE_CURVE('',#619,#615,#429,.T.);
#806=EDGE_CURVE('',#620,#618,#430,.T.);
#807=EDGE_CURVE('',#619,#620,#431,.T.);
#808=EDGE_CURVE('',#621,#622,#432,.T.);
#809=EDGE_CURVE('',#623,#622,#263,.T.);
#810=EDGE_CURVE('',#624,#623,#433,.T.);
#811=EDGE_CURVE('',#624,#621,#264,.T.);
#812=EDGE_CURVE('',#622,#625,#434,.T.);
#813=EDGE_CURVE('',#626,#625,#265,.T.);
#814=EDGE_CURVE('',#623,#626,#435,.T.);
#815=EDGE_CURVE('',#625,#627,#436,.T.);
#816=EDGE_CURVE('',#628,#627,#266,.T.);
#817=EDGE_CURVE('',#626,#628,#437,.T.);
#818=EDGE_CURVE('',#627,#621,#438,.T.);
#819=EDGE_CURVE('',#628,#624,#439,.T.);
#820=EDGE_CURVE('',#629,#630,#440,.T.);
#821=EDGE_CURVE('',#631,#630,#267,.T.);
#822=EDGE_CURVE('',#632,#631,#441,.T.);
#823=EDGE_CURVE('',#632,#629,#268,.T.);
#824=EDGE_CURVE('',#633,#629,#442,.T.);
#825=EDGE_CURVE('',#634,#632,#443,.T.);
#826=EDGE_CURVE('',#633,#634,#269,.T.);
#827=EDGE_CURVE('',#635,#636,#444,.T.);
#828=EDGE_CURVE('',#637,#635,#445,.T.);
#829=EDGE_CURVE('',#637,#638,#446,.T.);
#830=EDGE_CURVE('',#636,#638,#270,.T.);
#831=EDGE_CURVE('',#636,#639,#447,.T.);
#832=EDGE_CURVE('',#638,#640,#448,.T.);
#833=EDGE_CURVE('',#639,#640,#449,.T.);
#834=EDGE_CURVE('',#641,#642,#450,.T.);
#835=EDGE_CURVE('',#643,#641,#451,.T.);
#836=EDGE_CURVE('',#643,#644,#452,.T.);
#837=EDGE_CURVE('',#642,#644,#271,.T.);
#838=EDGE_CURVE('',#642,#645,#453,.T.);
#839=EDGE_CURVE('',#644,#646,#454,.T.);
#840=EDGE_CURVE('',#645,#646,#272,.T.);
#841=EDGE_CURVE('',#572,#515,#455,.T.);
#842=EDGE_CURVE('',#556,#575,#456,.T.);
#843=EDGE_CURVE('',#590,#559,#457,.T.);
#844=EDGE_CURVE('',#616,#595,#458,.T.);
#845=EDGE_CURVE('',#554,#619,#459,.T.);
#846=EDGE_CURVE('',#609,#551,#460,.T.);
#847=EDGE_CURVE('',#630,#609,#461,.T.);
#848=EDGE_CURVE('',#629,#546,#462,.T.);
#849=EDGE_CURVE('',#544,#584,#463,.T.);
#850=EDGE_CURVE('',#518,#587,#464,.T.);
#851=EDGE_CURVE('',#580,#509,#465,.T.);
#852=EDGE_CURVE('',#534,#633,#466,.T.);
#853=EDGE_CURVE('',#646,#534,#467,.T.);
#854=EDGE_CURVE('',#640,#643,#468,.T.);
#855=EDGE_CURVE('',#570,#637,#469,.T.);
#856=EDGE_CURVE('',#540,#567,#470,.T.);
#857=EDGE_CURVE('',#600,#537,#471,.T.);
#858=EDGE_CURVE('',#512,#605,#472,.T.);
#859=EDGE_CURVE('',#517,#513,#473,.T.);
#860=EDGE_CURVE('',#647,#588,#474,.T.);
#861=EDGE_CURVE('',#581,#647,#475,.T.);
#862=EDGE_CURVE('',#511,#507,#476,.T.);
#863=EDGE_CURVE('',#648,#606,#477,.T.);
#864=EDGE_CURVE('',#649,#648,#478,.T.);
#865=EDGE_CURVE('',#650,#649,#479,.T.);
#866=EDGE_CURVE('',#651,#650,#480,.T.);
#867=EDGE_CURVE('',#652,#651,#481,.T.);
#868=EDGE_CURVE('',#573,#652,#482,.T.);
#869=EDGE_CURVE('',#652,#578,#483,.T.);
#870=EDGE_CURVE('',#651,#653,#484,.T.);
#871=EDGE_CURVE('',#653,#654,#485,.T.);
#872=EDGE_CURVE('',#553,#654,#486,.T.);
#873=EDGE_CURVE('',#617,#620,#487,.T.);
#874=EDGE_CURVE('',#591,#598,#488,.T.);
#875=EDGE_CURVE('',#557,#560,#489,.T.);
#876=EDGE_CURVE('',#539,#536,#490,.T.);
#877=EDGE_CURVE('',#569,#566,#491,.T.);
#878=EDGE_CURVE('',#639,#635,#492,.T.);
#879=EDGE_CURVE('',#655,#641,#493,.T.);
#880=EDGE_CURVE('',#655,#656,#494,.T.);
#881=EDGE_CURVE('',#656,#649,#495,.T.);
#882=EDGE_CURVE('',#601,#648,#496,.T.);
#883=EDGE_CURVE('',#545,#542,#497,.T.);
#884=EDGE_CURVE('',#631,#657,#498,.T.);
#885=EDGE_CURVE('',#657,#632,#499,.T.);
#886=EDGE_CURVE('',#585,#647,#500,.T.);
#887=EDGE_CURVE('',#654,#549,#501,.T.);
#888=EDGE_CURVE('',#645,#655,#502,.T.);
#889=EDGE_CURVE('',#657,#634,#503,.T.);
#890=EDGE_CURVE('',#658,#650,#504,.T.);
#891=EDGE_CURVE('',#658,#653,#505,.T.);
#892=EDGE_CURVE('',#656,#658,#506,.T.);
#893=ORIENTED_EDGE('',*,*,#659,.F.);
#894=ORIENTED_EDGE('',*,*,#660,.F.);
#895=ORIENTED_EDGE('',*,*,#661,.T.);
#896=ORIENTED_EDGE('',*,*,#662,.F.);
#897=ORIENTED_EDGE('',*,*,#663,.F.);
#898=ORIENTED_EDGE('',*,*,#662,.T.);
#899=ORIENTED_EDGE('',*,*,#664,.T.);
#900=ORIENTED_EDGE('',*,*,#665,.F.);
#901=ORIENTED_EDGE('',*,*,#666,.F.);
#902=ORIENTED_EDGE('',*,*,#667,.F.);
#903=ORIENTED_EDGE('',*,*,#668,.T.);
#904=ORIENTED_EDGE('',*,*,#669,.F.);
#905=ORIENTED_EDGE('',*,*,#670,.F.);
#906=ORIENTED_EDGE('',*,*,#669,.T.);
#907=ORIENTED_EDGE('',*,*,#671,.T.);
#908=ORIENTED_EDGE('',*,*,#672,.F.);
#909=ORIENTED_EDGE('',*,*,#673,.F.);
#910=ORIENTED_EDGE('',*,*,#674,.T.);
#911=ORIENTED_EDGE('',*,*,#675,.T.);
#912=ORIENTED_EDGE('',*,*,#676,.F.);
#913=ORIENTED_EDGE('',*,*,#677,.F.);
#914=ORIENTED_EDGE('',*,*,#678,.T.);
#915=ORIENTED_EDGE('',*,*,#679,.T.);
#916=ORIENTED_EDGE('',*,*,#674,.F.);
#917=ORIENTED_EDGE('',*,*,#680,.F.);
#918=ORIENTED_EDGE('',*,*,#681,.T.);
#919=ORIENTED_EDGE('',*,*,#682,.T.);
#920=ORIENTED_EDGE('',*,*,#678,.F.);
#921=ORIENTED_EDGE('',*,*,#683,.F.);
#922=ORIENTED_EDGE('',*,*,#676,.T.);
#923=ORIENTED_EDGE('',*,*,#684,.T.);
#924=ORIENTED_EDGE('',*,*,#681,.F.);
#925=ORIENTED_EDGE('',*,*,#685,.F.);
#926=ORIENTED_EDGE('',*,*,#686,.T.);
#927=ORIENTED_EDGE('',*,*,#687,.T.);
#928=ORIENTED_EDGE('',*,*,#688,.F.);
#929=ORIENTED_EDGE('',*,*,#689,.F.);
#930=ORIENTED_EDGE('',*,*,#690,.T.);
#931=ORIENTED_EDGE('',*,*,#691,.T.);
#932=ORIENTED_EDGE('',*,*,#692,.F.);
#933=ORIENTED_EDGE('',*,*,#693,.T.);
#934=ORIENTED_EDGE('',*,*,#686,.F.);
#935=ORIENTED_EDGE('',*,*,#694,.F.);
#936=ORIENTED_EDGE('',*,*,#692,.T.);
#937=ORIENTED_EDGE('',*,*,#695,.F.);
#938=ORIENTED_EDGE('',*,*,#688,.T.);
#939=ORIENTED_EDGE('',*,*,#696,.T.);
#940=ORIENTED_EDGE('',*,*,#690,.F.);
#941=ORIENTED_EDGE('',*,*,#697,.T.);
#942=ORIENTED_EDGE('',*,*,#698,.F.);
#943=ORIENTED_EDGE('',*,*,#699,.T.);
#944=ORIENTED_EDGE('',*,*,#700,.F.);
#945=ORIENTED_EDGE('',*,*,#701,.T.);
#946=ORIENTED_EDGE('',*,*,#700,.T.);
#947=ORIENTED_EDGE('',*,*,#702,.T.);
#948=ORIENTED_EDGE('',*,*,#703,.F.);
#949=ORIENTED_EDGE('',*,*,#704,.F.);
#950=ORIENTED_EDGE('',*,*,#705,.T.);
#951=ORIENTED_EDGE('',*,*,#706,.T.);
#952=ORIENTED_EDGE('',*,*,#707,.F.);
#953=ORIENTED_EDGE('',*,*,#708,.F.);
#954=ORIENTED_EDGE('',*,*,#709,.T.);
#955=ORIENTED_EDGE('',*,*,#710,.T.);
#956=ORIENTED_EDGE('',*,*,#705,.F.);
#957=ORIENTED_EDGE('',*,*,#711,.F.);
#958=ORIENTED_EDGE('',*,*,#712,.T.);
#959=ORIENTED_EDGE('',*,*,#713,.T.);
#960=ORIENTED_EDGE('',*,*,#709,.F.);
#961=ORIENTED_EDGE('',*,*,#714,.F.);
#962=ORIENTED_EDGE('',*,*,#707,.T.);
#963=ORIENTED_EDGE('',*,*,#715,.T.);
#964=ORIENTED_EDGE('',*,*,#712,.F.);
#965=ORIENTED_EDGE('',*,*,#716,.F.);
#966=ORIENTED_EDGE('',*,*,#717,.F.);
#967=ORIENTED_EDGE('',*,*,#718,.T.);
#968=ORIENTED_EDGE('',*,*,#719,.F.);
#969=ORIENTED_EDGE('',*,*,#720,.F.);
#970=ORIENTED_EDGE('',*,*,#719,.T.);
#971=ORIENTED_EDGE('',*,*,#721,.T.);
#972=ORIENTED_EDGE('',*,*,#722,.F.);
#973=ORIENTED_EDGE('',*,*,#723,.T.);
#974=ORIENTED_EDGE('',*,*,#724,.F.);
#975=ORIENTED_EDGE('',*,*,#725,.T.);
#976=ORIENTED_EDGE('',*,*,#726,.T.);
#977=ORIENTED_EDGE('',*,*,#727,.T.);
#978=ORIENTED_EDGE('',*,*,#726,.F.);
#979=ORIENTED_EDGE('',*,*,#728,.T.);
#980=ORIENTED_EDGE('',*,*,#729,.F.);
#981=ORIENTED_EDGE('',*,*,#730,.F.);
#982=ORIENTED_EDGE('',*,*,#731,.T.);
#983=ORIENTED_EDGE('',*,*,#732,.T.);
#984=ORIENTED_EDGE('',*,*,#733,.F.);
#985=ORIENTED_EDGE('',*,*,#734,.T.);
#986=ORIENTED_EDGE('',*,*,#735,.F.);
#987=ORIENTED_EDGE('',*,*,#736,.T.);
#988=ORIENTED_EDGE('',*,*,#737,.F.);
#989=ORIENTED_EDGE('',*,*,#738,.F.);
#990=ORIENTED_EDGE('',*,*,#737,.T.);
#991=ORIENTED_EDGE('',*,*,#739,.T.);
#992=ORIENTED_EDGE('',*,*,#731,.F.);
#993=ORIENTED_EDGE('',*,*,#740,.F.);
#994=ORIENTED_EDGE('',*,*,#733,.T.);
#995=ORIENTED_EDGE('',*,*,#741,.T.);
#996=ORIENTED_EDGE('',*,*,#742,.F.);
#997=ORIENTED_EDGE('',*,*,#743,.T.);
#998=ORIENTED_EDGE('',*,*,#744,.F.);
#999=ORIENTED_EDGE('',*,*,#745,.F.);
#1000=ORIENTED_EDGE('',*,*,#746,.T.);
#1001=ORIENTED_EDGE('',*,*,#747,.T.);
#1002=ORIENTED_EDGE('',*,*,#748,.F.);
#1003=ORIENTED_EDGE('',*,*,#749,.T.);
#1004=ORIENTED_EDGE('',*,*,#750,.F.);
#1005=ORIENTED_EDGE('',*,*,#751,.T.);
#1006=ORIENTED_EDGE('',*,*,#746,.F.);
#1007=ORIENTED_EDGE('',*,*,#752,.F.);
#1008=ORIENTED_EDGE('',*,*,#748,.T.);
#1009=ORIENTED_EDGE('',*,*,#753,.T.);
#1010=ORIENTED_EDGE('',*,*,#754,.F.);
#1011=ORIENTED_EDGE('',*,*,#755,.F.);
#1012=ORIENTED_EDGE('',*,*,#756,.T.);
#1013=ORIENTED_EDGE('',*,*,#757,.T.);
#1014=ORIENTED_EDGE('',*,*,#758,.F.);
#1015=ORIENTED_EDGE('',*,*,#759,.F.);
#1016=ORIENTED_EDGE('',*,*,#760,.T.);
#1017=ORIENTED_EDGE('',*,*,#761,.T.);
#1018=ORIENTED_EDGE('',*,*,#756,.F.);
#1019=ORIENTED_EDGE('',*,*,#762,.F.);
#1020=ORIENTED_EDGE('',*,*,#758,.T.);
#1021=ORIENTED_EDGE('',*,*,#763,.T.);
#1022=ORIENTED_EDGE('',*,*,#760,.F.);
#1023=ORIENTED_EDGE('',*,*,#764,.F.);
#1024=ORIENTED_EDGE('',*,*,#765,.F.);
#1025=ORIENTED_EDGE('',*,*,#766,.T.);
#1026=ORIENTED_EDGE('',*,*,#767,.F.);
#1027=ORIENTED_EDGE('',*,*,#768,.T.);
#1028=ORIENTED_EDGE('',*,*,#769,.T.);
#1029=ORIENTED_EDGE('',*,*,#770,.T.);
#1030=ORIENTED_EDGE('',*,*,#769,.F.);
#1031=ORIENTED_EDGE('',*,*,#771,.F.);
#1032=ORIENTED_EDGE('',*,*,#772,.T.);
#1033=ORIENTED_EDGE('',*,*,#773,.T.);
#1034=ORIENTED_EDGE('',*,*,#774,.F.);
#1035=ORIENTED_EDGE('',*,*,#775,.F.);
#1036=ORIENTED_EDGE('',*,*,#776,.F.);
#1037=ORIENTED_EDGE('',*,*,#777,.T.);
#1038=ORIENTED_EDGE('',*,*,#772,.F.);
#1039=ORIENTED_EDGE('',*,*,#778,.F.);
#1040=ORIENTED_EDGE('',*,*,#774,.T.);
#1041=ORIENTED_EDGE('',*,*,#779,.T.);
#1042=ORIENTED_EDGE('',*,*,#780,.F.);
#1043=ORIENTED_EDGE('',*,*,#781,.T.);
#1044=ORIENTED_EDGE('',*,*,#782,.T.);
#1045=ORIENTED_EDGE('',*,*,#783,.T.);
#1046=ORIENTED_EDGE('',*,*,#782,.F.);
#1047=ORIENTED_EDGE('',*,*,#784,.F.);
#1048=ORIENTED_EDGE('',*,*,#785,.T.);
#1049=ORIENTED_EDGE('',*,*,#786,.T.);
#1050=ORIENTED_EDGE('',*,*,#785,.F.);
#1051=ORIENTED_EDGE('',*,*,#787,.F.);
#1052=ORIENTED_EDGE('',*,*,#788,.F.);
#1053=ORIENTED_EDGE('',*,*,#789,.F.);
#1054=ORIENTED_EDGE('',*,*,#790,.F.);
#1055=ORIENTED_EDGE('',*,*,#791,.T.);
#1056=ORIENTED_EDGE('',*,*,#792,.F.);
#1057=ORIENTED_EDGE('',*,*,#793,.F.);
#1058=ORIENTED_EDGE('',*,*,#792,.T.);
#1059=ORIENTED_EDGE('',*,*,#794,.T.);
#1060=ORIENTED_EDGE('',*,*,#795,.F.);
#1061=ORIENTED_EDGE('',*,*,#796,.F.);
#1062=ORIENTED_EDGE('',*,*,#795,.T.);
#1063=ORIENTED_EDGE('',*,*,#797,.T.);
#1064=ORIENTED_EDGE('',*,*,#798,.F.);
#1065=ORIENTED_EDGE('',*,*,#799,.F.);
#1066=ORIENTED_EDGE('',*,*,#798,.T.);
#1067=ORIENTED_EDGE('',*,*,#800,.T.);
#1068=ORIENTED_EDGE('',*,*,#790,.T.);
#1069=ORIENTED_EDGE('',*,*,#801,.T.);
#1070=ORIENTED_EDGE('',*,*,#802,.F.);
#1071=ORIENTED_EDGE('',*,*,#803,.F.);
#1072=ORIENTED_EDGE('',*,*,#804,.T.);
#1073=ORIENTED_EDGE('',*,*,#805,.T.);
#1074=ORIENTED_EDGE('',*,*,#804,.F.);
#1075=ORIENTED_EDGE('',*,*,#806,.F.);
#1076=ORIENTED_EDGE('',*,*,#807,.F.);
#1077=ORIENTED_EDGE('',*,*,#808,.T.);
#1078=ORIENTED_EDGE('',*,*,#809,.F.);
#1079=ORIENTED_EDGE('',*,*,#810,.F.);
#1080=ORIENTED_EDGE('',*,*,#811,.T.);
#1081=ORIENTED_EDGE('',*,*,#812,.T.);
#1082=ORIENTED_EDGE('',*,*,#813,.F.);
#1083=ORIENTED_EDGE('',*,*,#814,.F.);
#1084=ORIENTED_EDGE('',*,*,#809,.T.);
#1085=ORIENTED_EDGE('',*,*,#815,.T.);
#1086=ORIENTED_EDGE('',*,*,#816,.F.);
#1087=ORIENTED_EDGE('',*,*,#817,.F.);
#1088=ORIENTED_EDGE('',*,*,#813,.T.);
#1089=ORIENTED_EDGE('',*,*,#818,.T.);
#1090=ORIENTED_EDGE('',*,*,#811,.F.);
#1091=ORIENTED_EDGE('',*,*,#819,.F.);
#1092=ORIENTED_EDGE('',*,*,#816,.T.);
#1093=ORIENTED_EDGE('',*,*,#820,.T.);
#1094=ORIENTED_EDGE('',*,*,#821,.F.);
#1095=ORIENTED_EDGE('',*,*,#822,.F.);
#1096=ORIENTED_EDGE('',*,*,#823,.T.);
#1097=ORIENTED_EDGE('',*,*,#824,.T.);
#1098=ORIENTED_EDGE('',*,*,#823,.F.);
#1099=ORIENTED_EDGE('',*,*,#825,.F.);
#1100=ORIENTED_EDGE('',*,*,#826,.F.);
#1101=ORIENTED_EDGE('',*,*,#827,.F.);
#1102=ORIENTED_EDGE('',*,*,#828,.F.);
#1103=ORIENTED_EDGE('',*,*,#829,.T.);
#1104=ORIENTED_EDGE('',*,*,#830,.F.);
#1105=ORIENTED_EDGE('',*,*,#831,.F.);
#1106=ORIENTED_EDGE('',*,*,#830,.T.);
#1107=ORIENTED_EDGE('',*,*,#832,.T.);
#1108=ORIENTED_EDGE('',*,*,#833,.F.);
#1109=ORIENTED_EDGE('',*,*,#834,.F.);
#1110=ORIENTED_EDGE('',*,*,#835,.F.);
#1111=ORIENTED_EDGE('',*,*,#836,.T.);
#1112=ORIENTED_EDGE('',*,*,#837,.F.);
#1113=ORIENTED_EDGE('',*,*,#838,.F.);
#1114=ORIENTED_EDGE('',*,*,#837,.T.);
#1115=ORIENTED_EDGE('',*,*,#839,.T.);
#1116=ORIENTED_EDGE('',*,*,#840,.F.);
#1117=ORIENTED_EDGE('',*,*,#668,.F.);
#1118=ORIENTED_EDGE('',*,*,#841,.F.);
#1119=ORIENTED_EDGE('',*,*,#743,.F.);
#1120=ORIENTED_EDGE('',*,*,#751,.F.);
#1121=ORIENTED_EDGE('',*,*,#747,.F.);
#1122=ORIENTED_EDGE('',*,*,#842,.F.);
#1123=ORIENTED_EDGE('',*,*,#723,.F.);
#1124=ORIENTED_EDGE('',*,*,#727,.F.);
#1125=ORIENTED_EDGE('',*,*,#843,.F.);
#1126=ORIENTED_EDGE('',*,*,#766,.F.);
#1127=ORIENTED_EDGE('',*,*,#770,.F.);
#1128=ORIENTED_EDGE('',*,*,#777,.F.);
#1129=ORIENTED_EDGE('',*,*,#773,.F.);
#1130=ORIENTED_EDGE('',*,*,#844,.F.);
#1131=ORIENTED_EDGE('',*,*,#801,.F.);
#1132=ORIENTED_EDGE('',*,*,#805,.F.);
#1133=ORIENTED_EDGE('',*,*,#845,.F.);
#1134=ORIENTED_EDGE('',*,*,#721,.F.);
#1135=ORIENTED_EDGE('',*,*,#718,.F.);
#1136=ORIENTED_EDGE('',*,*,#846,.F.);
#1137=ORIENTED_EDGE('',*,*,#800,.F.);
#1138=ORIENTED_EDGE('',*,*,#797,.F.);
#1139=ORIENTED_EDGE('',*,*,#794,.F.);
#1140=ORIENTED_EDGE('',*,*,#791,.F.);
#1141=ORIENTED_EDGE('',*,*,#847,.F.);
#1142=ORIENTED_EDGE('',*,*,#820,.F.);
#1143=ORIENTED_EDGE('',*,*,#848,.T.);
#1144=ORIENTED_EDGE('',*,*,#713,.F.);
#1145=ORIENTED_EDGE('',*,*,#715,.F.);
#1146=ORIENTED_EDGE('',*,*,#849,.T.);
#1147=ORIENTED_EDGE('',*,*,#757,.F.);
#1148=ORIENTED_EDGE('',*,*,#763,.F.);
#1149=ORIENTED_EDGE('',*,*,#850,.F.);
#1150=ORIENTED_EDGE('',*,*,#671,.F.);
#1151=ORIENTED_EDGE('',*,*,#682,.F.);
#1152=ORIENTED_EDGE('',*,*,#684,.F.);
#1153=ORIENTED_EDGE('',*,*,#675,.F.);
#1154=ORIENTED_EDGE('',*,*,#679,.F.);
#1155=ORIENTED_EDGE('',*,*,#661,.F.);
#1156=ORIENTED_EDGE('',*,*,#851,.F.);
#1157=ORIENTED_EDGE('',*,*,#753,.F.);
#1158=ORIENTED_EDGE('',*,*,#761,.F.);
#1159=ORIENTED_EDGE('',*,*,#849,.F.);
#1160=ORIENTED_EDGE('',*,*,#706,.F.);
#1161=ORIENTED_EDGE('',*,*,#710,.F.);
#1162=ORIENTED_EDGE('',*,*,#848,.F.);
#1163=ORIENTED_EDGE('',*,*,#824,.F.);
#1164=ORIENTED_EDGE('',*,*,#852,.F.);
#1165=ORIENTED_EDGE('',*,*,#691,.F.);
#1166=ORIENTED_EDGE('',*,*,#696,.F.);
#1167=ORIENTED_EDGE('',*,*,#687,.F.);
#1168=ORIENTED_EDGE('',*,*,#693,.F.);
#1169=ORIENTED_EDGE('',*,*,#853,.F.);
#1170=ORIENTED_EDGE('',*,*,#839,.F.);
#1171=ORIENTED_EDGE('',*,*,#836,.F.);
#1172=ORIENTED_EDGE('',*,*,#854,.F.);
#1173=ORIENTED_EDGE('',*,*,#832,.F.);
#1174=ORIENTED_EDGE('',*,*,#829,.F.);
#1175=ORIENTED_EDGE('',*,*,#855,.F.);
#1176=ORIENTED_EDGE('',*,*,#741,.F.);
#1177=ORIENTED_EDGE('',*,*,#732,.F.);
#1178=ORIENTED_EDGE('',*,*,#739,.F.);
#1179=ORIENTED_EDGE('',*,*,#736,.F.);
#1180=ORIENTED_EDGE('',*,*,#856,.F.);
#1181=ORIENTED_EDGE('',*,*,#702,.F.);
#1182=ORIENTED_EDGE('',*,*,#699,.F.);
#1183=ORIENTED_EDGE('',*,*,#857,.F.);
#1184=ORIENTED_EDGE('',*,*,#779,.F.);
#1185=ORIENTED_EDGE('',*,*,#783,.F.);
#1186=ORIENTED_EDGE('',*,*,#786,.F.);
#1187=ORIENTED_EDGE('',*,*,#858,.F.);
#1188=ORIENTED_EDGE('',*,*,#664,.F.);
#1189=ORIENTED_EDGE('',*,*,#815,.F.);
#1190=ORIENTED_EDGE('',*,*,#812,.F.);
#1191=ORIENTED_EDGE('',*,*,#808,.F.);
#1192=ORIENTED_EDGE('',*,*,#818,.F.);
#1193=ORIENTED_EDGE('',*,*,#744,.T.);
#1194=ORIENTED_EDGE('',*,*,#841,.T.);
#1195=ORIENTED_EDGE('',*,*,#667,.T.);
#1196=ORIENTED_EDGE('',*,*,#859,.F.);
#1197=ORIENTED_EDGE('',*,*,#672,.T.);
#1198=ORIENTED_EDGE('',*,*,#850,.T.);
#1199=ORIENTED_EDGE('',*,*,#765,.T.);
#1200=ORIENTED_EDGE('',*,*,#860,.F.);
#1201=ORIENTED_EDGE('',*,*,#861,.F.);
#1202=ORIENTED_EDGE('',*,*,#754,.T.);
#1203=ORIENTED_EDGE('',*,*,#851,.T.);
#1204=ORIENTED_EDGE('',*,*,#660,.T.);
#1205=ORIENTED_EDGE('',*,*,#862,.F.);
#1206=ORIENTED_EDGE('',*,*,#665,.T.);
#1207=ORIENTED_EDGE('',*,*,#858,.T.);
#1208=ORIENTED_EDGE('',*,*,#788,.T.);
#1209=ORIENTED_EDGE('',*,*,#863,.F.);
#1210=ORIENTED_EDGE('',*,*,#864,.F.);
#1211=ORIENTED_EDGE('',*,*,#865,.F.);
#1212=ORIENTED_EDGE('',*,*,#866,.F.);
#1213=ORIENTED_EDGE('',*,*,#867,.F.);
#1214=ORIENTED_EDGE('',*,*,#868,.F.);
#1215=ORIENTED_EDGE('',*,*,#724,.T.);
#1216=ORIENTED_EDGE('',*,*,#842,.T.);
#1217=ORIENTED_EDGE('',*,*,#750,.T.);
#1218=ORIENTED_EDGE('',*,*,#869,.F.);
#1219=ORIENTED_EDGE('',*,*,#867,.T.);
#1220=ORIENTED_EDGE('',*,*,#870,.T.);
#1221=ORIENTED_EDGE('',*,*,#871,.T.);
#1222=ORIENTED_EDGE('',*,*,#872,.F.);
#1223=ORIENTED_EDGE('',*,*,#722,.T.);
#1224=ORIENTED_EDGE('',*,*,#845,.T.);
#1225=ORIENTED_EDGE('',*,*,#807,.T.);
#1226=ORIENTED_EDGE('',*,*,#873,.F.);
#1227=ORIENTED_EDGE('',*,*,#802,.T.);
#1228=ORIENTED_EDGE('',*,*,#844,.T.);
#1229=ORIENTED_EDGE('',*,*,#776,.T.);
#1230=ORIENTED_EDGE('',*,*,#874,.F.);
#1231=ORIENTED_EDGE('',*,*,#767,.T.);
#1232=ORIENTED_EDGE('',*,*,#843,.T.);
#1233=ORIENTED_EDGE('',*,*,#729,.T.);
#1234=ORIENTED_EDGE('',*,*,#875,.F.);
#1235=ORIENTED_EDGE('',*,*,#780,.T.);
#1236=ORIENTED_EDGE('',*,*,#857,.T.);
#1237=ORIENTED_EDGE('',*,*,#698,.T.);
#1238=ORIENTED_EDGE('',*,*,#876,.F.);
#1239=ORIENTED_EDGE('',*,*,#703,.T.);
#1240=ORIENTED_EDGE('',*,*,#856,.T.);
#1241=ORIENTED_EDGE('',*,*,#735,.T.);
#1242=ORIENTED_EDGE('',*,*,#877,.F.);
#1243=ORIENTED_EDGE('',*,*,#742,.T.);
#1244=ORIENTED_EDGE('',*,*,#855,.T.);
#1245=ORIENTED_EDGE('',*,*,#828,.T.);
#1246=ORIENTED_EDGE('',*,*,#878,.F.);
#1247=ORIENTED_EDGE('',*,*,#833,.T.);
#1248=ORIENTED_EDGE('',*,*,#854,.T.);
#1249=ORIENTED_EDGE('',*,*,#835,.T.);
#1250=ORIENTED_EDGE('',*,*,#879,.F.);
#1251=ORIENTED_EDGE('',*,*,#880,.T.);
#1252=ORIENTED_EDGE('',*,*,#881,.T.);
#1253=ORIENTED_EDGE('',*,*,#864,.T.);
#1254=ORIENTED_EDGE('',*,*,#882,.F.);
#1255=ORIENTED_EDGE('',*,*,#714,.T.);
#1256=ORIENTED_EDGE('',*,*,#711,.T.);
#1257=ORIENTED_EDGE('',*,*,#883,.T.);
#1258=ORIENTED_EDGE('',*,*,#673,.T.);
#1259=ORIENTED_EDGE('',*,*,#683,.T.);
#1260=ORIENTED_EDGE('',*,*,#680,.T.);
#1261=ORIENTED_EDGE('',*,*,#677,.T.);
#1262=ORIENTED_EDGE('',*,*,#822,.T.);
#1263=ORIENTED_EDGE('',*,*,#884,.T.);
#1264=ORIENTED_EDGE('',*,*,#885,.T.);
#1265=ORIENTED_EDGE('',*,*,#764,.T.);
#1266=ORIENTED_EDGE('',*,*,#759,.T.);
#1267=ORIENTED_EDGE('',*,*,#886,.T.);
#1268=ORIENTED_EDGE('',*,*,#860,.T.);
#1269=ORIENTED_EDGE('',*,*,#720,.T.);
#1270=ORIENTED_EDGE('',*,*,#872,.T.);
#1271=ORIENTED_EDGE('',*,*,#887,.T.);
#1272=ORIENTED_EDGE('',*,*,#716,.T.);
#1273=ORIENTED_EDGE('',*,*,#666,.T.);
#1274=ORIENTED_EDGE('',*,*,#670,.T.);
#1275=ORIENTED_EDGE('',*,*,#859,.T.);
#1276=ORIENTED_EDGE('',*,*,#803,.T.);
#1277=ORIENTED_EDGE('',*,*,#873,.T.);
#1278=ORIENTED_EDGE('',*,*,#806,.T.);
#1279=ORIENTED_EDGE('',*,*,#749,.F.);
#1280=ORIENTED_EDGE('',*,*,#752,.T.);
#1281=ORIENTED_EDGE('',*,*,#745,.T.);
#1282=ORIENTED_EDGE('',*,*,#868,.T.);
#1283=ORIENTED_EDGE('',*,*,#869,.T.);
#1284=ORIENTED_EDGE('',*,*,#768,.F.);
#1285=ORIENTED_EDGE('',*,*,#874,.T.);
#1286=ORIENTED_EDGE('',*,*,#775,.T.);
#1287=ORIENTED_EDGE('',*,*,#778,.T.);
#1288=ORIENTED_EDGE('',*,*,#771,.T.);
#1289=ORIENTED_EDGE('',*,*,#725,.F.);
#1290=ORIENTED_EDGE('',*,*,#875,.T.);
#1291=ORIENTED_EDGE('',*,*,#728,.F.);
#1292=ORIENTED_EDGE('',*,*,#789,.T.);
#1293=ORIENTED_EDGE('',*,*,#793,.T.);
#1294=ORIENTED_EDGE('',*,*,#796,.T.);
#1295=ORIENTED_EDGE('',*,*,#799,.T.);
#1296=ORIENTED_EDGE('',*,*,#834,.T.);
#1297=ORIENTED_EDGE('',*,*,#838,.T.);
#1298=ORIENTED_EDGE('',*,*,#888,.T.);
#1299=ORIENTED_EDGE('',*,*,#879,.T.);
#1300=ORIENTED_EDGE('',*,*,#810,.T.);
#1301=ORIENTED_EDGE('',*,*,#814,.T.);
#1302=ORIENTED_EDGE('',*,*,#817,.T.);
#1303=ORIENTED_EDGE('',*,*,#819,.T.);
#1304=ORIENTED_EDGE('',*,*,#827,.T.);
#1305=ORIENTED_EDGE('',*,*,#831,.T.);
#1306=ORIENTED_EDGE('',*,*,#878,.T.);
#1307=ORIENTED_EDGE('',*,*,#825,.T.);
#1308=ORIENTED_EDGE('',*,*,#885,.F.);
#1309=ORIENTED_EDGE('',*,*,#889,.T.);
#1310=ORIENTED_EDGE('',*,*,#755,.T.);
#1311=ORIENTED_EDGE('',*,*,#861,.T.);
#1312=ORIENTED_EDGE('',*,*,#886,.F.);
#1313=ORIENTED_EDGE('',*,*,#762,.T.);
#1314=ORIENTED_EDGE('',*,*,#704,.T.);
#1315=ORIENTED_EDGE('',*,*,#883,.F.);
#1316=ORIENTED_EDGE('',*,*,#708,.T.);
#1317=ORIENTED_EDGE('',*,*,#734,.F.);
#1318=ORIENTED_EDGE('',*,*,#738,.T.);
#1319=ORIENTED_EDGE('',*,*,#730,.T.);
#1320=ORIENTED_EDGE('',*,*,#740,.T.);
#1321=ORIENTED_EDGE('',*,*,#877,.T.);
#1322=ORIENTED_EDGE('',*,*,#697,.F.);
#1323=ORIENTED_EDGE('',*,*,#701,.F.);
#1324=ORIENTED_EDGE('',*,*,#876,.T.);
#1325=ORIENTED_EDGE('',*,*,#663,.T.);
#1326=ORIENTED_EDGE('',*,*,#862,.T.);
#1327=ORIENTED_EDGE('',*,*,#659,.T.);
#1328=ORIENTED_EDGE('',*,*,#781,.F.);
#1329=ORIENTED_EDGE('',*,*,#882,.T.);
#1330=ORIENTED_EDGE('',*,*,#863,.T.);
#1331=ORIENTED_EDGE('',*,*,#787,.T.);
#1332=ORIENTED_EDGE('',*,*,#784,.T.);
#1333=ORIENTED_EDGE('',*,*,#694,.T.);
#1334=ORIENTED_EDGE('',*,*,#685,.T.);
#1335=ORIENTED_EDGE('',*,*,#695,.T.);
#1336=ORIENTED_EDGE('',*,*,#689,.T.);
#1337=ORIENTED_EDGE('',*,*,#866,.T.);
#1338=ORIENTED_EDGE('',*,*,#890,.F.);
#1339=ORIENTED_EDGE('',*,*,#891,.T.);
#1340=ORIENTED_EDGE('',*,*,#870,.F.);
#1341=ORIENTED_EDGE('',*,*,#717,.T.);
#1342=ORIENTED_EDGE('',*,*,#887,.F.);
#1343=ORIENTED_EDGE('',*,*,#871,.F.);
#1344=ORIENTED_EDGE('',*,*,#891,.F.);
#1345=ORIENTED_EDGE('',*,*,#892,.F.);
#1346=ORIENTED_EDGE('',*,*,#880,.F.);
#1347=ORIENTED_EDGE('',*,*,#888,.F.);
#1348=ORIENTED_EDGE('',*,*,#840,.T.);
#1349=ORIENTED_EDGE('',*,*,#853,.T.);
#1350=ORIENTED_EDGE('',*,*,#852,.T.);
#1351=ORIENTED_EDGE('',*,*,#826,.T.);
#1352=ORIENTED_EDGE('',*,*,#889,.F.);
#1353=ORIENTED_EDGE('',*,*,#884,.F.);
#1354=ORIENTED_EDGE('',*,*,#821,.T.);
#1355=ORIENTED_EDGE('',*,*,#847,.T.);
#1356=ORIENTED_EDGE('',*,*,#846,.T.);
#1357=ORIENTED_EDGE('',*,*,#865,.T.);
#1358=ORIENTED_EDGE('',*,*,#881,.F.);
#1359=ORIENTED_EDGE('',*,*,#892,.T.);
#1360=ORIENTED_EDGE('',*,*,#890,.T.);
#1361=PLANE('',#1519);
#1362=PLANE('',#1520);
#1363=PLANE('',#1521);
#1364=PLANE('',#1522);
#1365=PLANE('',#1523);
#1366=PLANE('',#1524);
#1367=PLANE('',#1525);
#1368=PLANE('',#1526);
#1369=PLANE('',#1527);
#1370=PLANE('',#1528);
#1371=PLANE('',#1529);
#1372=PLANE('',#1530);
#1373=PLANE('',#1531);
#1374=PLANE('',#1532);
#1375=PLANE('',#1533);
#1376=PLANE('',#1534);
#1377=PLANE('',#1535);
#1378=PLANE('',#1536);
#1379=PLANE('',#1537);
#1380=PLANE('',#1538);
#1381=PLANE('',#1539);
#1382=PLANE('',#1540);
#1383=PLANE('',#1541);
#1384=PLANE('',#1542);
#1385=PLANE('',#1543);
#1386=PLANE('',#1544);
#1387=PLANE('',#1545);
#1388=PLANE('',#1546);
#1389=PLANE('',#1547);
#1390=PLANE('',#1548);
#1391=PLANE('',#1549);
#1392=PLANE('',#1550);
#1393=PLANE('',#1551);
#1394=PLANE('',#1552);
#1395=PLANE('',#1553);
#1396=PLANE('',#1554);
#1397=PLANE('',#1555);
#1398=PLANE('',#1556);
#1399=PLANE('',#1557);
#1400=PLANE('',#1558);
#1401=PLANE('',#1559);
#1402=PLANE('',#1560);
#1403=PLANE('',#1561);
#1404=PLANE('',#1562);
#1405=PLANE('',#1563);
#1406=PLANE('',#1564);
#1407=PLANE('',#1565);
#1408=PLANE('',#1566);
#1409=PLANE('',#1567);
#1410=PLANE('',#1568);
#1411=PLANE('',#1569);
#1412=PLANE('',#1570);
#1413=PLANE('',#1571);
#1414=PLANE('',#1572);
#1415=PLANE('',#1573);
#1416=PLANE('',#1574);
#1417=PLANE('',#1575);
#1418=PLANE('',#1576);
#1419=ADVANCED_FACE('',(#45),#1361,.T.);
#1420=ADVANCED_FACE('',(#46),#1362,.T.);
#1421=ADVANCED_FACE('',(#47),#1363,.T.);
#1422=ADVANCED_FACE('',(#48),#1364,.T.);
#1423=ADVANCED_FACE('',(#49),#1365,.T.);
#1424=ADVANCED_FACE('',(#50),#1366,.T.);
#1425=ADVANCED_FACE('',(#51),#1367,.T.);
#1426=ADVANCED_FACE('',(#52),#1368,.T.);
#1427=ADVANCED_FACE('',(#53),#1369,.T.);
#1428=ADVANCED_FACE('',(#54),#1370,.T.);
#1429=ADVANCED_FACE('',(#55),#1371,.T.);
#1430=ADVANCED_FACE('',(#56),#1372,.T.);
#1431=ADVANCED_FACE('',(#57),#1373,.T.);
#1432=ADVANCED_FACE('',(#58),#1374,.T.);
#1433=ADVANCED_FACE('',(#59),#1375,.T.);
#1434=ADVANCED_FACE('',(#60),#1376,.T.);
#1435=ADVANCED_FACE('',(#61),#1377,.T.);
#1436=ADVANCED_FACE('',(#62),#1378,.T.);
#1437=ADVANCED_FACE('',(#63),#1379,.T.);
#1438=ADVANCED_FACE('',(#64),#1380,.T.);
#1439=ADVANCED_FACE('',(#65),#1381,.T.);
#1440=ADVANCED_FACE('',(#66),#1382,.T.);
#1441=ADVANCED_FACE('',(#67),#1383,.T.);
#1442=ADVANCED_FACE('',(#68),#1384,.T.);
#1443=ADVANCED_FACE('',(#69),#1385,.T.);
#1444=ADVANCED_FACE('',(#70),#1386,.T.);
#1445=ADVANCED_FACE('',(#71),#1387,.T.);
#1446=ADVANCED_FACE('',(#72),#1388,.T.);
#1447=ADVANCED_FACE('',(#73),#1389,.T.);
#1448=ADVANCED_FACE('',(#74),#1390,.T.);
#1449=ADVANCED_FACE('',(#75),#1391,.T.);
#1450=ADVANCED_FACE('',(#76),#1392,.T.);
#1451=ADVANCED_FACE('',(#77),#1393,.T.);
#1452=ADVANCED_FACE('',(#78),#1394,.T.);
#1453=ADVANCED_FACE('',(#79),#1395,.T.);
#1454=ADVANCED_FACE('',(#80),#1396,.T.);
#1455=ADVANCED_FACE('',(#81),#1397,.T.);
#1456=ADVANCED_FACE('',(#82),#1398,.T.);
#1457=ADVANCED_FACE('',(#83),#1399,.T.);
#1458=ADVANCED_FACE('',(#84),#1400,.T.);
#1459=ADVANCED_FACE('',(#85),#1401,.T.);
#1460=ADVANCED_FACE('',(#86),#1402,.T.);
#1461=ADVANCED_FACE('',(#87),#1403,.T.);
#1462=ADVANCED_FACE('',(#88),#1404,.T.);
#1463=ADVANCED_FACE('',(#89),#1405,.T.);
#1464=ADVANCED_FACE('',(#90),#1406,.T.);
#1465=ADVANCED_FACE('',(#91),#1407,.T.);
#1466=ADVANCED_FACE('',(#92),#1408,.T.);
#1467=ADVANCED_FACE('',(#93),#1409,.T.);
#1468=ADVANCED_FACE('',(#94),#1410,.T.);
#1469=ADVANCED_FACE('',(#95),#1411,.T.);
#1470=ADVANCED_FACE('',(#96),#1412,.T.);
#1471=ADVANCED_FACE('',(#97),#1413,.T.);
#1472=ADVANCED_FACE('',(#98),#1414,.T.);
#1473=ADVANCED_FACE('',(#99),#1415,.T.);
#1474=ADVANCED_FACE('',(#100),#1416,.T.);
#1475=ADVANCED_FACE('',(#101,#15),#17,.T.);
#1476=ADVANCED_FACE('',(#102,#16),#18,.F.);
#1477=ADVANCED_FACE('',(#103),#1417,.F.);
#1478=ADVANCED_FACE('',(#104),#19,.T.);
#1479=ADVANCED_FACE('',(#105),#20,.T.);
#1480=ADVANCED_FACE('',(#106),#21,.T.);
#1481=ADVANCED_FACE('',(#107),#22,.T.);
#1482=ADVANCED_FACE('',(#108),#23,.T.);
#1483=ADVANCED_FACE('',(#109),#24,.T.);
#1484=ADVANCED_FACE('',(#110),#25,.T.);
#1485=ADVANCED_FACE('',(#111),#26,.T.);
#1486=ADVANCED_FACE('',(#112),#27,.T.);
#1487=ADVANCED_FACE('',(#113),#28,.T.);
#1488=ADVANCED_FACE('',(#114),#29,.T.);
#1489=ADVANCED_FACE('',(#115),#30,.T.);
#1490=ADVANCED_FACE('',(#116),#31,.T.);
#1491=ADVANCED_FACE('',(#117),#32,.F.);
#1492=ADVANCED_FACE('',(#118),#33,.F.);
#1493=ADVANCED_FACE('',(#119),#34,.F.);
#1494=ADVANCED_FACE('',(#120),#35,.F.);
#1495=ADVANCED_FACE('',(#121),#36,.F.);
#1496=ADVANCED_FACE('',(#122),#37,.F.);
#1497=ADVANCED_FACE('',(#123),#38,.F.);
#1498=ADVANCED_FACE('',(#124),#39,.F.);
#1499=ADVANCED_FACE('',(#125),#40,.F.);
#1500=ADVANCED_FACE('',(#126),#41,.F.);
#1501=ADVANCED_FACE('',(#127),#42,.F.);
#1502=ADVANCED_FACE('',(#128),#43,.F.);
#1503=ADVANCED_FACE('',(#129),#1418,.F.);
#1504=ADVANCED_FACE('',(#130),#44,.T.);
#1505=CLOSED_SHELL('',(#1419,#1420,#1421,#1422,#1423,#1424,#1425,#1426,
#1427,#1428,#1429,#1430,#1431,#1432,#1433,#1434,#1435,#1436,#1437,#1438,
#1439,#1440,#1441,#1442,#1443,#1444,#1445,#1446,#1447,#1448,#1449,#1450,
#1451,#1452,#1453,#1454,#1455,#1456,#1457,#1458,#1459,#1460,#1461,#1462,
#1463,#1464,#1465,#1466,#1467,#1468,#1469,#1470,#1471,#1472,#1473,#1474,
#1475,#1476,#1477,#1478,#1479,#1480,#1481,#1482,#1483,#1484,#1485,#1486,
#1487,#1488,#1489,#1490,#1491,#1492,#1493,#1494,#1495,#1496,#1497,#1498,
#1499,#1500,#1501,#1502,#1503,#1504));
#1506=DERIVED_UNIT_ELEMENT(#1508,1.);
#1507=DERIVED_UNIT_ELEMENT(#3469,-3.);
#1508=(
MASS_UNIT()
NAMED_UNIT(*)
SI_UNIT(.KILO.,.GRAM.)
);
#1509=DERIVED_UNIT((#1506,#1507));
#1510=MEASURE_REPRESENTATION_ITEM('density measure',
POSITIVE_RATIO_MEASURE(7850.),#1509);
#1511=PROPERTY_DEFINITION_REPRESENTATION(#1516,#1513);
#1512=PROPERTY_DEFINITION_REPRESENTATION(#1517,#1514);
#1513=REPRESENTATION('material name',(#1515),#3466);
#1514=REPRESENTATION('density',(#1510),#3466);
#1515=DESCRIPTIVE_REPRESENTATION_ITEM('Steel','Steel');
#1516=PROPERTY_DEFINITION('material property','material name',#3476);
#1517=PROPERTY_DEFINITION('material property','density of part',#3476);
#1518=AXIS2_PLACEMENT_3D('',#1749,#1577,#1578);
#1519=AXIS2_PLACEMENT_3D('',#1750,#1579,#1580);
#1520=AXIS2_PLACEMENT_3D('',#1765,#1583,#1584);
#1521=AXIS2_PLACEMENT_3D('',#1777,#1586,#1587);
#1522=AXIS2_PLACEMENT_3D('',#1792,#1590,#1591);
#1523=AXIS2_PLACEMENT_3D('',#1804,#1593,#1594);
#1524=AXIS2_PLACEMENT_3D('',#1819,#1597,#1598);
#1525=AXIS2_PLACEMENT_3D('',#1831,#1600,#1601);
#1526=AXIS2_PLACEMENT_3D('',#1843,#1603,#1604);
#1527=AXIS2_PLACEMENT_3D('',#1852,#1605,#1606);
#1528=AXIS2_PLACEMENT_3D('',#1867,#1609,#1610);
#1529=AXIS2_PLACEMENT_3D('',#1882,#1613,#1614);
#1530=AXIS2_PLACEMENT_3D('',#1891,#1615,#1616);
#1531=AXIS2_PLACEMENT_3D('',#1900,#1617,#1618);
#1532=AXIS2_PLACEMENT_3D('',#1920,#1620,#1621);
#1533=AXIS2_PLACEMENT_3D('',#1940,#1622,#1623);
#1534=AXIS2_PLACEMENT_3D('',#1955,#1626,#1627);
#1535=AXIS2_PLACEMENT_3D('',#1967,#1629,#1630);
#1536=AXIS2_PLACEMENT_3D('',#1979,#1632,#1633);
#1537=AXIS2_PLACEMENT_3D('',#1988,#1634,#1635);
#1538=AXIS2_PLACEMENT_3D('',#2003,#1638,#1639);
#1539=AXIS2_PLACEMENT_3D('',#2026,#1640,#1641);
#1540=AXIS2_PLACEMENT_3D('',#2046,#1643,#1644);
#1541=AXIS2_PLACEMENT_3D('',#2063,#1645,#1646);
#1542=AXIS2_PLACEMENT_3D('',#2078,#1649,#1650);
#1543=AXIS2_PLACEMENT_3D('',#2101,#1652,#1653);
#1544=AXIS2_PLACEMENT_3D('',#2110,#1654,#1655);
#1545=AXIS2_PLACEMENT_3D('',#2127,#1656,#1657);
#1546=AXIS2_PLACEMENT_3D('',#2142,#1660,#1661);
#1547=AXIS2_PLACEMENT_3D('',#2162,#1663,#1664);
#1548=AXIS2_PLACEMENT_3D('',#2171,#1665,#1666);
#1549=AXIS2_PLACEMENT_3D('',#2186,#1669,#1670);
#1550=AXIS2_PLACEMENT_3D('',#2201,#1673,#1674);
#1551=AXIS2_PLACEMENT_3D('',#2210,#1675,#1676);
#1552=AXIS2_PLACEMENT_3D('',#2222,#1678,#1679);
#1553=AXIS2_PLACEMENT_3D('',#2242,#1681,#1682);
#1554=AXIS2_PLACEMENT_3D('',#2254,#1684,#1685);
#1555=AXIS2_PLACEMENT_3D('',#2280,#1687,#1688);
#1556=AXIS2_PLACEMENT_3D('',#2289,#1689,#1690);
#1557=AXIS2_PLACEMENT_3D('',#2309,#1692,#1693);
#1558=AXIS2_PLACEMENT_3D('',#2321,#1695,#1696);
#1559=AXIS2_PLACEMENT_3D('',#2333,#1698,#1699);
#1560=AXIS2_PLACEMENT_3D('',#2348,#1702,#1703);
#1561=AXIS2_PLACEMENT_3D('',#2360,#1705,#1706);
#1562=AXIS2_PLACEMENT_3D('',#2372,#1708,#1709);
#1563=AXIS2_PLACEMENT_3D('',#2381,#1710,#1711);
#1564=AXIS2_PLACEMENT_3D('',#2401,#1713,#1714);
#1565=AXIS2_PLACEMENT_3D('',#2424,#1715,#1716);
#1566=AXIS2_PLACEMENT_3D('',#2439,#1719,#1720);
#1567=AXIS2_PLACEMENT_3D('',#2451,#1722,#1723);
#1568=AXIS2_PLACEMENT_3D('',#2463,#1725,#1726);
#1569=AXIS2_PLACEMENT_3D('',#2472,#1727,#1728);
#1570=AXIS2_PLACEMENT_3D('',#2487,#1731,#1732);
#1571=AXIS2_PLACEMENT_3D('',#2499,#1734,#1735);
#1572=AXIS2_PLACEMENT_3D('',#2525,#1737,#1738);
#1573=AXIS2_PLACEMENT_3D('',#2548,#1739,#1740);
#1574=AXIS2_PLACEMENT_3D('',#2574,#1742,#1743);
#1575=AXIS2_PLACEMENT_3D('',#2706,#1745,#1746);
#1576=AXIS2_PLACEMENT_3D('',#3433,#1747,#1748);
#1577=DIRECTION('axis',(0.,0.,1.));
#1578=DIRECTION('refdir',(1.,0.,0.));
#1579=DIRECTION('center_axis',(0.707106781186547,-0.707106781186548,0.));
#1580=DIRECTION('ref_axis',(0.707106781186548,0.707106781186547,0.));
#1581=DIRECTION('',(0.,0.,-1.));
#1582=DIRECTION('',(0.,0.,1.));
#1583=DIRECTION('center_axis',(-0.707106781186547,-0.707106781186548,0.));
#1584=DIRECTION('ref_axis',(0.707106781186548,-0.707106781186547,0.));
#1585=DIRECTION('',(0.,0.,1.));
#1586=DIRECTION('center_axis',(0.707106781186547,-0.707106781186548,0.));
#1587=DIRECTION('ref_axis',(0.707106781186548,0.707106781186547,0.));
#1588=DIRECTION('',(0.,0.,-1.));
#1589=DIRECTION('',(0.,0.,1.));
#1590=DIRECTION('center_axis',(-0.707106781186547,-0.707106781186548,0.));
#1591=DIRECTION('ref_axis',(0.707106781186548,-0.707106781186547,0.));
#1592=DIRECTION('',(0.,0.,1.));
#1593=DIRECTION('center_axis',(0.707106781186547,-0.707106781186548,0.));
#1594=DIRECTION('ref_axis',(0.707106781186548,0.707106781186547,0.));
#1595=DIRECTION('',(0.,0.,1.));
#1596=DIRECTION('',(0.,0.,1.));
#1597=DIRECTION('center_axis',(0.707106781186547,0.707106781186548,0.));
#1598=DIRECTION('ref_axis',(-0.707106781186548,0.707106781186547,0.));
#1599=DIRECTION('',(0.,0.,1.));
#1600=DIRECTION('center_axis',(-0.707106781186548,0.707106781186547,0.));
#1601=DIRECTION('ref_axis',(-0.707106781186547,-0.707106781186548,0.));
#1602=DIRECTION('',(0.,0.,1.));
#1603=DIRECTION('center_axis',(-0.707106781186547,-0.707106781186548,0.));
#1604=DIRECTION('ref_axis',(0.707106781186548,-0.707106781186547,0.));
#1605=DIRECTION('center_axis',(-0.707106781186548,0.707106781186547,0.));
#1606=DIRECTION('ref_axis',(-0.707106781186547,-0.707106781186548,0.));
#1607=DIRECTION('',(0.,0.,1.));
#1608=DIRECTION('',(0.,0.,1.));
#1609=DIRECTION('center_axis',(0.707106781186547,-0.707106781186548,0.));
#1610=DIRECTION('ref_axis',(0.707106781186548,0.707106781186547,0.));
#1611=DIRECTION('',(0.,0.,1.));
#1612=DIRECTION('',(0.,0.,1.));
#1613=DIRECTION('center_axis',(-0.707106781186547,-0.707106781186548,0.));
#1614=DIRECTION('ref_axis',(0.707106781186548,-0.707106781186547,0.));
#1615=DIRECTION('center_axis',(0.707106781186547,0.707106781186548,0.));
#1616=DIRECTION('ref_axis',(-0.707106781186548,0.707106781186547,0.));
#1617=DIRECTION('center_axis',(0.707106781186547,0.707106781186548,0.));
#1618=DIRECTION('ref_axis',(-0.707106781186548,0.707106781186547,0.));
#1619=DIRECTION('',(0.,0.,1.));
#1620=DIRECTION('center_axis',(0.707106781186547,-0.707106781186548,0.));
#1621=DIRECTION('ref_axis',(0.707106781186548,0.707106781186547,0.));
#1622=DIRECTION('center_axis',(-0.707106781186548,0.707106781186547,0.));
#1623=DIRECTION('ref_axis',(-0.707106781186547,-0.707106781186548,0.));
#1624=DIRECTION('',(0.,0.,1.));
#1625=DIRECTION('',(0.,0.,1.));
#1626=DIRECTION('center_axis',(-0.707106781186547,-0.707106781186548,0.));
#1627=DIRECTION('ref_axis',(0.707106781186548,-0.707106781186547,0.));
#1628=DIRECTION('',(0.,0.,1.));
#1629=DIRECTION('center_axis',(0.707106781186547,-0.707106781186548,0.));
#1630=DIRECTION('ref_axis',(0.707106781186548,0.707106781186547,0.));
#1631=DIRECTION('',(0.,0.,1.));
#1632=DIRECTION('center_axis',(0.707106781186547,0.707106781186548,0.));
#1633=DIRECTION('ref_axis',(-0.707106781186548,0.707106781186547,0.));
#1634=DIRECTION('center_axis',(-0.707106781186548,0.707106781186547,0.));
#1635=DIRECTION('ref_axis',(-0.707106781186547,-0.707106781186548,0.));
#1636=DIRECTION('',(0.,0.,-1.));
#1637=DIRECTION('',(0.,0.,1.));
#1638=DIRECTION('center_axis',(0.707106781186547,0.707106781186548,0.));
#1639=DIRECTION('ref_axis',(-0.707106781186548,0.707106781186547,0.));
#1640=DIRECTION('center_axis',(-0.707106781186548,0.707106781186547,0.));
#1641=DIRECTION('ref_axis',(-0.707106781186547,-0.707106781186548,0.));
#1642=DIRECTION('',(0.,0.,1.));
#1643=DIRECTION('center_axis',(-0.707106781186547,-0.707106781186548,0.));
#1644=DIRECTION('ref_axis',(0.707106781186548,-0.707106781186547,0.));
#1645=DIRECTION('center_axis',(0.707106781186547,-0.707106781186548,0.));
#1646=DIRECTION('ref_axis',(0.707106781186548,0.707106781186547,0.));
#1647=DIRECTION('',(0.,0.,1.));
#1648=DIRECTION('',(0.,0.,1.));
#1649=DIRECTION('center_axis',(-0.707106781186548,0.707106781186547,0.));
#1650=DIRECTION('ref_axis',(-0.707106781186547,-0.707106781186548,0.));
#1651=DIRECTION('',(0.,0.,1.));
#1652=DIRECTION('center_axis',(0.707106781186547,0.707106781186548,0.));
#1653=DIRECTION('ref_axis',(-0.707106781186548,0.707106781186547,0.));
#1654=DIRECTION('center_axis',(-0.707106781186547,-0.707106781186548,0.));
#1655=DIRECTION('ref_axis',(0.707106781186548,-0.707106781186547,0.));
#1656=DIRECTION('center_axis',(-0.707106781186548,0.707106781186547,0.));
#1657=DIRECTION('ref_axis',(-0.707106781186547,-0.707106781186548,0.));
#1658=DIRECTION('',(0.,0.,1.));
#1659=DIRECTION('',(0.,0.,1.));
#1660=DIRECTION('center_axis',(0.707106781186547,-0.707106781186548,0.));
#1661=DIRECTION('ref_axis',(0.707106781186548,0.707106781186547,0.));
#1662=DIRECTION('',(0.,0.,1.));
#1663=DIRECTION('center_axis',(-0.707106781186547,-0.707106781186548,0.));
#1664=DIRECTION('ref_axis',(0.707106781186548,-0.707106781186547,0.));
#1665=DIRECTION('center_axis',(-0.707106781186548,0.707106781186547,0.));
#1666=DIRECTION('ref_axis',(-0.707106781186547,-0.707106781186548,0.));
#1667=DIRECTION('',(0.,0.,1.));
#1668=DIRECTION('',(0.,0.,1.));
#1669=DIRECTION('center_axis',(0.707106781186547,-0.707106781186548,0.));
#1670=DIRECTION('ref_axis',(0.707106781186548,0.707106781186547,0.));
#1671=DIRECTION('',(0.,0.,1.));
#1672=DIRECTION('',(0.,0.,1.));
#1673=DIRECTION('center_axis',(-0.707106781186547,-0.707106781186548,0.));
#1674=DIRECTION('ref_axis',(0.707106781186548,-0.707106781186547,0.));
#1675=DIRECTION('center_axis',(0.707106781186547,0.707106781186548,0.));
#1676=DIRECTION('ref_axis',(-0.707106781186548,0.707106781186547,0.));
#1677=DIRECTION('',(0.,0.,-1.));
#1678=DIRECTION('center_axis',(0.707106781186547,0.707106781186548,0.));
#1679=DIRECTION('ref_axis',(-0.707106781186548,0.707106781186547,0.));
#1680=DIRECTION('',(0.,0.,1.));
#1681=DIRECTION('center_axis',(-0.707106781186548,0.707106781186547,0.));
#1682=DIRECTION('ref_axis',(-0.707106781186547,-0.707106781186548,0.));
#1683=DIRECTION('',(0.,0.,1.));
#1684=DIRECTION('center_axis',(0.707106781186547,-0.707106781186548,0.));
#1685=DIRECTION('ref_axis',(0.707106781186548,0.707106781186547,0.));
#1686=DIRECTION('',(0.,0.,1.));
#1687=DIRECTION('center_axis',(-0.707106781186547,-0.707106781186548,0.));
#1688=DIRECTION('ref_axis',(0.707106781186548,-0.707106781186547,0.));
#1689=DIRECTION('center_axis',(-0.707106781186547,-0.707106781186548,0.));
#1690=DIRECTION('ref_axis',(0.707106781186548,-0.707106781186547,0.));
#1691=DIRECTION('',(0.,0.,1.));
#1692=DIRECTION('center_axis',(0.707106781186547,-0.707106781186548,0.));
#1693=DIRECTION('ref_axis',(0.707106781186548,0.707106781186547,0.));
#1694=DIRECTION('',(0.,0.,1.));
#1695=DIRECTION('center_axis',(0.707106781186547,0.707106781186548,0.));
#1696=DIRECTION('ref_axis',(-0.707106781186548,0.707106781186547,0.));
#1697=DIRECTION('',(0.,0.,-1.));
#1698=DIRECTION('center_axis',(-0.707106781186547,-0.707106781186548,0.));
#1699=DIRECTION('ref_axis',(0.707106781186548,-0.707106781186547,0.));
#1700=DIRECTION('',(0.,0.,-1.));
#1701=DIRECTION('',(0.,0.,1.));
#1702=DIRECTION('center_axis',(-0.707106781186548,0.707106781186547,0.));
#1703=DIRECTION('ref_axis',(-0.707106781186547,-0.707106781186548,0.));
#1704=DIRECTION('',(0.,0.,1.));
#1705=DIRECTION('center_axis',(0.707106781186547,0.707106781186548,0.));
#1706=DIRECTION('ref_axis',(-0.707106781186548,0.707106781186547,0.));
#1707=DIRECTION('',(0.,0.,1.));
#1708=DIRECTION('center_axis',(0.707106781186547,-0.707106781186548,0.));
#1709=DIRECTION('ref_axis',(0.707106781186548,0.707106781186547,0.));
#1710=DIRECTION('center_axis',(-0.707106781186548,0.707106781186547,0.));
#1711=DIRECTION('ref_axis',(-0.707106781186547,-0.707106781186548,0.));
#1712=DIRECTION('',(0.,0.,1.));
#1713=DIRECTION('center_axis',(-0.707106781186547,-0.707106781186548,0.));
#1714=DIRECTION('ref_axis',(0.707106781186548,-0.707106781186547,0.));
#1715=DIRECTION('center_axis',(-0.707106781186548,0.707106781186547,0.));
#1716=DIRECTION('ref_axis',(-0.707106781186547,-0.707106781186548,0.));
#1717=DIRECTION('',(0.,0.,1.));
#1718=DIRECTION('',(0.,0.,1.));
#1719=DIRECTION('center_axis',(0.707106781186547,0.707106781186548,0.));
#1720=DIRECTION('ref_axis',(-0.707106781186548,0.707106781186547,0.));
#1721=DIRECTION('',(0.,0.,1.));
#1722=DIRECTION('center_axis',(0.707106781186547,-0.707106781186548,0.));
#1723=DIRECTION('ref_axis',(0.707106781186548,0.707106781186547,0.));
#1724=DIRECTION('',(0.,0.,1.));
#1725=DIRECTION('center_axis',(-0.707106781186547,-0.707106781186548,0.));
#1726=DIRECTION('ref_axis',(0.707106781186548,-0.707106781186547,0.));
#1727=DIRECTION('center_axis',(0.707106781186547,0.707106781186548,0.));
#1728=DIRECTION('ref_axis',(-0.707106781186548,0.707106781186547,0.));
#1729=DIRECTION('',(0.,0.,1.));
#1730=DIRECTION('',(0.,0.,1.));
#1731=DIRECTION('center_axis',(-0.707106781186548,0.707106781186547,0.));
#1732=DIRECTION('ref_axis',(-0.707106781186547,-0.707106781186548,0.));
#1733=DIRECTION('',(0.,0.,-1.));
#1734=DIRECTION('center_axis',(0.707106781186547,0.707106781186548,0.));
#1735=DIRECTION('ref_axis',(-0.707106781186548,0.707106781186547,0.));
#1736=DIRECTION('',(0.,0.,1.));
#1737=DIRECTION('center_axis',(0.707106781186547,-0.707106781186548,0.));
#1738=DIRECTION('ref_axis',(0.707106781186548,0.707106781186547,0.));
#1739=DIRECTION('center_axis',(-0.707106781186548,0.707106781186547,0.));
#1740=DIRECTION('ref_axis',(-0.707106781186547,-0.707106781186548,0.));
#1741=DIRECTION('',(0.,0.,1.));
#1742=DIRECTION('center_axis',(0.707106781186547,0.707106781186548,0.));
#1743=DIRECTION('ref_axis',(-0.707106781186548,0.707106781186547,0.));
#1744=DIRECTION('',(0.,0.,1.));
#1745=DIRECTION('center_axis',(0.,-1.,0.));
#1746=DIRECTION('ref_axis',(0.,0.,-1.));
#1747=DIRECTION('center_axis',(0.,1.,0.));
#1748=DIRECTION('ref_axis',(0.,0.,1.));
#1749=CARTESIAN_POINT('',(0.,0.,0.));
#1750=CARTESIAN_POINT('Origin',(-20.0000000000001,-7.00000000000014,0.));
#1751=CARTESIAN_POINT('',(-9.99999999999999,2.99999999999998,35.2408582088076));
#1752=CARTESIAN_POINT('',(-20.0000000000001,-7.00000000000014,35.9071513436935));
#1753=CARTESIAN_POINT('Ctrl Pts',(-9.99999999999999,2.99999999999997,35.2408582088077));
#1754=CARTESIAN_POINT('Ctrl Pts',(-13.3329845288741,-0.332984528874118,
35.4739130385811));
#1755=CARTESIAN_POINT('Ctrl Pts',(-16.6663174983469,-3.66631749834699,35.6970112347705));
#1756=CARTESIAN_POINT('Ctrl Pts',(-20.0000000000001,-7.00000000000014,35.9071513436935));
#1757=CARTESIAN_POINT('',(-9.99999999999998,2.99999999999998,37.639392672891));
#1758=CARTESIAN_POINT('',(-9.99999999999998,2.99999999999999,20.4637859366701));
#1759=CARTESIAN_POINT('',(-20.0000000000001,-7.00000000000014,38.3059599310506));
#1760=CARTESIAN_POINT('Ctrl Pts',(-9.99999999999998,2.99999999999998,37.639392672891));
#1761=CARTESIAN_POINT('Ctrl Pts',(-13.3329771311744,-0.33297713117445,37.8725305161144));
#1762=CARTESIAN_POINT('Ctrl Pts',(-16.6663218032058,-3.66632180320584,38.095722108481));
#1763=CARTESIAN_POINT('Ctrl Pts',(-20.0000000000001,-7.00000000000014,38.3059599310506));
#1764=CARTESIAN_POINT('',(-20.0000000000001,-7.00000000000014,0.));
#1765=CARTESIAN_POINT('Origin',(-39.9292893218815,12.9292893218812,0.));
#1766=CARTESIAN_POINT('',(-30.0000000000002,2.99999999999998,35.2408582088076));
#1767=CARTESIAN_POINT('Ctrl Pts',(-20.0000000000001,-7.00000000000013,35.9071513436935));
#1768=CARTESIAN_POINT('Ctrl Pts',(-23.3336825016538,-3.66631749834642,35.6970112347705));
#1769=CARTESIAN_POINT('Ctrl Pts',(-26.6670154711275,-0.332984528872767,
35.473913038581));
#1770=CARTESIAN_POINT('Ctrl Pts',(-30.0000000000002,2.99999999999998,35.2408582088076));
#1771=CARTESIAN_POINT('',(-30.0000000000002,2.99999999999999,37.639392672891));
#1772=CARTESIAN_POINT('Ctrl Pts',(-20.0000000000001,-7.00000000000013,38.3059599310506));
#1773=CARTESIAN_POINT('Ctrl Pts',(-23.3336781967949,-3.66632180320534,38.095722108481));
#1774=CARTESIAN_POINT('Ctrl Pts',(-26.6670228688269,-0.332977131173305,
37.8725305161143));
#1775=CARTESIAN_POINT('Ctrl Pts',(-30.0000000000002,2.99999999999998,37.639392672891));
#1776=CARTESIAN_POINT('',(-30.0000000000002,2.99999999999999,20.4637859366701));
#1777=CARTESIAN_POINT('Origin',(19.9999999999999,-7.00000000000009,0.));
#1778=CARTESIAN_POINT('',(30.,2.99999999999998,35.2408582088076));
#1779=CARTESIAN_POINT('',(20.,-7.00000000000009,35.9071513436935));
#1780=CARTESIAN_POINT('Ctrl Pts',(30.,2.99999999999997,35.2408582088076));
#1781=CARTESIAN_POINT('Ctrl Pts',(26.6670154711269,-0.332984528873103,35.473913038581));
#1782=CARTESIAN_POINT('Ctrl Pts',(23.3336825016535,-3.66631749834653,35.6970112347705));
#1783=CARTESIAN_POINT('Ctrl Pts',(20.,-7.00000000000008,35.9071513436935));
#1784=CARTESIAN_POINT('',(30.,2.99999999999998,37.639392672891));
#1785=CARTESIAN_POINT('',(30.,2.99999999999999,20.4637859366701));
#1786=CARTESIAN_POINT('',(20.,-7.00000000000009,38.3059599310506));
#1787=CARTESIAN_POINT('Ctrl Pts',(30.,2.99999999999999,37.639392672891));
#1788=CARTESIAN_POINT('Ctrl Pts',(26.667022868827,-0.332977131172998,37.8725305161143));
#1789=CARTESIAN_POINT('Ctrl Pts',(23.3336781967949,-3.66632180320517,38.095722108481));
#1790=CARTESIAN_POINT('Ctrl Pts',(20.,-7.00000000000008,38.3059599310506));
#1791=CARTESIAN_POINT('',(20.,-7.00000000000009,0.));
#1792=CARTESIAN_POINT('Origin',(0.0707106781185818,12.9292893218812,0.));
#1793=CARTESIAN_POINT('',(9.99999999999987,2.99999999999998,35.2408582088076));
#1794=CARTESIAN_POINT('Ctrl Pts',(20.,-7.00000000000009,35.9071513436935));
#1795=CARTESIAN_POINT('Ctrl Pts',(16.666317498347,-3.66631749834712,35.6970112347705));
#1796=CARTESIAN_POINT('Ctrl Pts',(13.3329845288743,-0.332984528874484,35.4739130385811));
#1797=CARTESIAN_POINT('Ctrl Pts',(9.99999999999987,2.99999999999997,35.2408582088077));
#1798=CARTESIAN_POINT('',(9.99999999999986,2.99999999999998,37.639392672891));
#1799=CARTESIAN_POINT('Ctrl Pts',(20.,-7.00000000000009,38.3059599310506));
#1800=CARTESIAN_POINT('Ctrl Pts',(16.6663218032055,-3.66632180320565,38.095722108481));
#1801=CARTESIAN_POINT('Ctrl Pts',(13.3329771311739,-0.332977131174064,37.8725305161143));
#1802=CARTESIAN_POINT('Ctrl Pts',(9.99999999999986,2.99999999999998,37.639392672891));
#1803=CARTESIAN_POINT('',(9.99999999999985,2.99999999999999,20.4637859366701));
#1804=CARTESIAN_POINT('Origin',(19.9999999999999,-47.0000000000001,0.));
#1805=CARTESIAN_POINT('',(39.9292893218813,-27.0707106781188,36.9912064244237));
#1806=CARTESIAN_POINT('',(20.,-47.0000000000001,37.6125380632768));
#1807=CARTESIAN_POINT('Ctrl Pts',(39.9292893218813,-27.0707106781188,36.9912064244237));
#1808=CARTESIAN_POINT('Ctrl Pts',(33.2893025578632,-33.7106974421368,37.2818664845623));
#1809=CARTESIAN_POINT('Ctrl Pts',(26.6427881696889,-40.3572118303112,37.4973056707213));
#1810=CARTESIAN_POINT('Ctrl Pts',(20.,-47.0000000000001,37.6125380632768));
#1811=CARTESIAN_POINT('',(39.9292893218813,-27.0707106781188,39.3906314523039));
#1812=CARTESIAN_POINT('',(39.9292893218813,-27.0707106781188,0.));
#1813=CARTESIAN_POINT('',(20.,-47.0000000000001,40.0124477126352));
#1814=CARTESIAN_POINT('Ctrl Pts',(39.9292893218813,-27.0707106781187,39.3906314523039));
#1815=CARTESIAN_POINT('Ctrl Pts',(33.2893413327578,-33.7106586672422,39.6814888287409));
#1816=CARTESIAN_POINT('Ctrl Pts',(26.6427630575475,-40.3572369424525,39.8971110816262));
#1817=CARTESIAN_POINT('Ctrl Pts',(20.,-47.0000000000001,40.0124477126352));
#1818=CARTESIAN_POINT('',(20.,-47.0000000000001,0.));
#1819=CARTESIAN_POINT('Origin',(39.9292893218813,-27.0707106781188,0.));
#1820=CARTESIAN_POINT('',(19.9999999999999,-7.14142135623741,35.9160581045634));
#1821=CARTESIAN_POINT('Ctrl Pts',(19.9999999999999,-7.14142135623741,35.9160581045634));
#1822=CARTESIAN_POINT('Ctrl Pts',(26.6404887037818,-13.7819100600193,36.3339117235158));
#1823=CARTESIAN_POINT('Ctrl Pts',(33.2856011124006,-20.427022468638,36.7003843364982));
#1824=CARTESIAN_POINT('Ctrl Pts',(39.9292893218813,-27.0707106781188,36.9912064244237));
#1825=CARTESIAN_POINT('',(19.9999999999999,-7.14142135623741,38.3148708518051));
#1826=CARTESIAN_POINT('',(19.9999999999999,-7.14142135623741,0.));
#1827=CARTESIAN_POINT('Ctrl Pts',(19.9999999999999,-7.14142135623741,38.3148708518051));
#1828=CARTESIAN_POINT('Ctrl Pts',(26.6404403814455,-13.7818617376829,38.7329169054302));
#1829=CARTESIAN_POINT('Ctrl Pts',(33.28562997388,-20.4270513301175,39.0996115028907));
#1830=CARTESIAN_POINT('Ctrl Pts',(39.9292893218813,-27.0707106781188,39.3906314523039));
#1831=CARTESIAN_POINT('Origin',(19.9999999999999,-7.14142135623741,0.));
#1832=CARTESIAN_POINT('',(0.0707106781185729,-27.0707106781188,36.9912064244237));
#1833=CARTESIAN_POINT('Ctrl Pts',(0.0707106781185729,-27.0707106781188,
36.9912064244237));
#1834=CARTESIAN_POINT('Ctrl Pts',(6.71436381438985,-20.4270575418475,36.7003858717996));
#1835=CARTESIAN_POINT('Ctrl Pts',(13.3594633444006,-13.7819580118367,36.3339147408901));
#1836=CARTESIAN_POINT('Ctrl Pts',(19.9999999999999,-7.1414213562374,35.9160581045634));
#1837=CARTESIAN_POINT('',(0.0707106781185729,-27.0707106781188,39.3906314523039));
#1838=CARTESIAN_POINT('',(0.0707106781185729,-27.0707106781188,0.));
#1839=CARTESIAN_POINT('Ctrl Pts',(0.0707106781185718,-27.0707106781188,
39.3906314523039));
#1840=CARTESIAN_POINT('Ctrl Pts',(6.71433309796231,-20.427088258275,39.0996131204978));
#1841=CARTESIAN_POINT('Ctrl Pts',(13.3595098111113,-13.781911545126,38.7329200410362));
#1842=CARTESIAN_POINT('Ctrl Pts',(19.9999999999999,-7.14142135623741,38.3148708518051));
#1843=CARTESIAN_POINT('Origin',(0.0707106781185818,-27.0707106781188,0.));
#1844=CARTESIAN_POINT('Ctrl Pts',(20.,-47.0000000000001,37.6125380632768));
#1845=CARTESIAN_POINT('Ctrl Pts',(13.3571475347547,-40.3571475347549,37.4973045553868));
#1846=CARTESIAN_POINT('Ctrl Pts',(6.71062712511026,-33.7106271251104,37.2818634064912));
#1847=CARTESIAN_POINT('Ctrl Pts',(0.0707106781185751,-27.0707106781188,
36.9912064244237));
#1848=CARTESIAN_POINT('Ctrl Pts',(20.,-47.0000000000001,40.0124477126352));
#1849=CARTESIAN_POINT('Ctrl Pts',(13.3571713769414,-40.3571713769415,39.8971099432287));
#1850=CARTESIAN_POINT('Ctrl Pts',(6.71058720806813,-33.7105872080683,39.6814856985314));
#1851=CARTESIAN_POINT('Ctrl Pts',(0.0707106781185762,-27.0707106781188,
39.3906314523039));
#1852=CARTESIAN_POINT('Origin',(-20.0000000000001,-47.1414213562375,0.));
#1853=CARTESIAN_POINT('',(-39.9292893218815,-67.0707106781188,37.6299384732448));
#1854=CARTESIAN_POINT('',(-20.0000000000001,-47.1414213562375,37.6149761602675));
#1855=CARTESIAN_POINT('Ctrl Pts',(-39.9292893218815,-67.0707106781188,37.6299384732448));
#1856=CARTESIAN_POINT('Ctrl Pts',(-33.2881616192891,-60.4295829755265,37.7423782829602));
#1857=CARTESIAN_POINT('Ctrl Pts',(-26.640923340515,-53.7823446967524,37.7287540566269));
#1858=CARTESIAN_POINT('Ctrl Pts',(-20.0000000000001,-47.1414213562375,37.6149761602676));
#1859=CARTESIAN_POINT('',(-39.9292893218815,-67.0707106781188,40.029852385011));
#1860=CARTESIAN_POINT('',(-39.9292893218815,-67.0707106781188,0.));
#1861=CARTESIAN_POINT('',(-20.0000000000001,-47.1414213562375,40.0148880263121));
#1862=CARTESIAN_POINT('Ctrl Pts',(-39.9292893218815,-67.0707106781188,40.029852385011));
#1863=CARTESIAN_POINT('Ctrl Pts',(-33.2881877956829,-60.4296091519203,40.1424205421242));
#1864=CARTESIAN_POINT('Ctrl Pts',(-26.6408902606915,-53.7823116169289,40.1287688933324));
#1865=CARTESIAN_POINT('Ctrl Pts',(-20.0000000000001,-47.1414213562375,40.0148880263121));
#1866=CARTESIAN_POINT('',(-20.0000000000001,-47.1414213562375,0.));
#1867=CARTESIAN_POINT('Origin',(-20.0000000000001,-87.0000000000001,0.));
#1868=CARTESIAN_POINT('',(-0.0707106781187505,-67.0707106781188,37.6299384732448));
#1869=CARTESIAN_POINT('',(-20.,-87.,36.888176915109));
#1870=CARTESIAN_POINT('Ctrl Pts',(-0.0707106781187489,-67.0707106781188,
37.6299384732448));
#1871=CARTESIAN_POINT('Ctrl Pts',(-6.65560489720255,-73.6556048972026,37.5184507431261));
#1872=CARTESIAN_POINT('Ctrl Pts',(-12.1121063240995,-79.1121063240995,37.3405950379484));
#1873=CARTESIAN_POINT('Ctrl Pts',(-20.0000000000001,-87.0000000000002,36.8881769151089));
#1874=CARTESIAN_POINT('',(-0.0707106781187505,-67.0707106781188,40.029852385011));
#1875=CARTESIAN_POINT('',(-0.0707106781187505,-67.0707106781188,0.));
#1876=CARTESIAN_POINT('',(-19.9999999999999,-87.,39.2871899584091));
#1877=CARTESIAN_POINT('Ctrl Pts',(-0.0707106781187511,-67.0707106781188,
40.029852385011));
#1878=CARTESIAN_POINT('Ctrl Pts',(-6.65983814804758,-73.6598381480476,39.9181651997831));
#1879=CARTESIAN_POINT('Ctrl Pts',(-12.1236803540051,-79.1236803540051,39.7393355253483));
#1880=CARTESIAN_POINT('Ctrl Pts',(-19.9999999999999,-87.,39.2871899584091));
#1881=CARTESIAN_POINT('',(-20.,-87.,22.3794056384557));
#1882=CARTESIAN_POINT('Origin',(-39.9292893218815,-67.0707106781188,0.));
#1883=CARTESIAN_POINT('Ctrl Pts',(-20.0000000000002,-87.,39.2871899584091));
#1884=CARTESIAN_POINT('Ctrl Pts',(-27.888133177957,-79.1118668220432,39.7400136893064));
#1885=CARTESIAN_POINT('Ctrl Pts',(-33.3768438047604,-73.6231561952398,39.9187869670924));
#1886=CARTESIAN_POINT('Ctrl Pts',(-39.9292893218815,-67.0707106781188,40.029852385011));
#1887=CARTESIAN_POINT('Ctrl Pts',(-20.0000000000001,-87.0000000000002,36.8881769151089));
#1888=CARTESIAN_POINT('Ctrl Pts',(-27.8997511797466,-79.1002488202537,37.341275137079));
#1889=CARTESIAN_POINT('Ctrl Pts',(-33.3821766314209,-73.6178233685794,37.5190904157961));
#1890=CARTESIAN_POINT('Ctrl Pts',(-39.9292893218815,-67.0707106781188,37.6299384732448));
#1891=CARTESIAN_POINT('Origin',(-0.0707106781187594,-67.0707106781188,0.));
#1892=CARTESIAN_POINT('Ctrl Pts',(-20.0000000000001,-47.1414213562375,37.6149761602676));
#1893=CARTESIAN_POINT('Ctrl Pts',(-13.3589985204929,-53.7824228357446,37.72875539537));
#1894=CARTESIAN_POINT('Ctrl Pts',(-6.71176523828497,-60.4296561179526,37.7423770445982));
#1895=CARTESIAN_POINT('Ctrl Pts',(-0.0707106781187472,-67.0707106781188,
37.6299384732448));
#1896=CARTESIAN_POINT('Ctrl Pts',(-20.0000000000001,-47.1414213562375,40.0148880263121));
#1897=CARTESIAN_POINT('Ctrl Pts',(-13.3590302694316,-53.782391086806,40.1287702561164));
#1898=CARTESIAN_POINT('Ctrl Pts',(-6.71173776065501,-60.4296835955825,40.1424192802875));
#1899=CARTESIAN_POINT('Ctrl Pts',(-0.070710678118745,-67.0707106781188,
40.029852385011));
#1900=CARTESIAN_POINT('Origin',(-40.0707106781188,-27.0707106781188,0.));
#1901=CARTESIAN_POINT('',(-40.0707106781188,-27.0707106781188,36.9912064244237));
#1902=CARTESIAN_POINT('',(-46.0091602602964,-21.1322610959412,36.7117609264362));
#1903=CARTESIAN_POINT('Ctrl Pts',(-40.0707106781188,-27.0707106781188,36.9912064244237));
#1904=CARTESIAN_POINT('Ctrl Pts',(-42.0503146798774,-25.0911066763603,36.9045508574467));
#1905=CARTESIAN_POINT('Ctrl Pts',(-44.02986829721,-23.1115530590276,36.8111861912805));
#1906=CARTESIAN_POINT('Ctrl Pts',(-46.0091602602964,-21.1322610959412,36.7117609264362));
#1907=CARTESIAN_POINT('',(-46.0091602602969,-21.1322610959399,39.1110039363498));
#1908=CARTESIAN_POINT('Ctrl Pts',(-46.0091602602969,-21.1322610959399,39.1110039363498));
#1909=CARTESIAN_POINT('Ctrl Pts',(-46.0091602602969,-21.1322610959399,38.8112562663786));
#1910=CARTESIAN_POINT('Ctrl Pts',(-46.0091602602964,-21.1322610959412,38.5115085964074));
#1911=CARTESIAN_POINT('Ctrl Pts',(-46.0091602602964,-21.1322610959412,37.7117609264362));
#1912=CARTESIAN_POINT('Ctrl Pts',(-46.0091602602964,-21.1322610959412,37.2117609264362));
#1913=CARTESIAN_POINT('Ctrl Pts',(-46.0091602602964,-21.1322610959412,36.7117609264362));
#1914=CARTESIAN_POINT('',(-40.0707106781188,-27.0707106781188,39.3906314523039));
#1915=CARTESIAN_POINT('Ctrl Pts',(-46.0091602602969,-21.1322610959399,39.1110039363498));
#1916=CARTESIAN_POINT('Ctrl Pts',(-44.0298695096057,-23.1115518466311,39.2104907429393));
#1917=CARTESIAN_POINT('Ctrl Pts',(-42.0503141487225,-25.091107207515,39.3039165755181));
#1918=CARTESIAN_POINT('Ctrl Pts',(-40.0707106781188,-27.0707106781188,39.3906314523039));
#1919=CARTESIAN_POINT('',(-40.0707106781188,-27.0707106781188,0.));
#1920=CARTESIAN_POINT('Origin',(-60.,-47.,0.));
#1921=CARTESIAN_POINT('',(-45.9820206237154,-32.9820206237155,37.2293905357045));
#1922=CARTESIAN_POINT('Ctrl Pts',(-45.9820206238077,-32.9820206237155,37.2293905357045));
#1923=CARTESIAN_POINT('Ctrl Pts',(-44.7362795598912,-31.7362795210784,37.1836659391536));
#1924=CARTESIAN_POINT('Ctrl Pts',(-43.4905525701212,-30.4905447461889,37.1350311213643));
#1925=CARTESIAN_POINT('Ctrl Pts',(-42.2448816864976,-29.2448758577304,37.0836489605269));
#1926=CARTESIAN_POINT('Ctrl Pts',(-41.5201325883007,-28.520127920349,37.0537540860301));
#1927=CARTESIAN_POINT('Ctrl Pts',(-40.7954034512355,-27.7954022854902,37.0229292144934));
#1928=CARTESIAN_POINT('Ctrl Pts',(-40.0707106781188,-27.0707106781188,36.9912064244237));
#1929=CARTESIAN_POINT('',(-45.9820206237156,-32.982020623716,39.6289861974921));
#1930=CARTESIAN_POINT('Ctrl Pts',(-40.0707106781188,-27.0707106781188,39.3906314523039));
#1931=CARTESIAN_POINT('Ctrl Pts',(-42.0409734788849,-29.0409734788849,39.4769371688638));
#1932=CARTESIAN_POINT('Ctrl Pts',(-44.0114904319996,-31.0114904319996,39.5566041557068));
#1933=CARTESIAN_POINT('Ctrl Pts',(-45.9820206237158,-32.9820206237158,39.6289861974921));
#1934=CARTESIAN_POINT('Ctrl Pts',(-45.9820206237154,-32.9820206237155,37.2293905357045));
#1935=CARTESIAN_POINT('Ctrl Pts',(-45.9820206237154,-32.9820206237155,37.6959224230888));
#1936=CARTESIAN_POINT('Ctrl Pts',(-45.9820206237154,-32.9820206237155,38.1624543104731));
#1937=CARTESIAN_POINT('Ctrl Pts',(-45.9820206237154,-32.9820206237155,38.9623195310689));
#1938=CARTESIAN_POINT('Ctrl Pts',(-45.9820206237156,-32.982020623716,39.2956528642805));
#1939=CARTESIAN_POINT('Ctrl Pts',(-45.9820206237156,-32.982020623716,39.6289861974921));
#1940=CARTESIAN_POINT('Origin',(-1.06581410364015E-13,-27.1414213562374,
0.));
#1941=CARTESIAN_POINT('',(-19.9292893218814,-47.0707106781188,37.6137608974272));
#1942=CARTESIAN_POINT('',(-1.06581410364015E-13,-27.1414213562374,36.9942988718998));
#1943=CARTESIAN_POINT('Ctrl Pts',(-19.9292893218815,-47.0707106781188,37.6137608974272));
#1944=CARTESIAN_POINT('Ctrl Pts',(-13.2864249179678,-40.4278462742052,37.4992381474139));
#1945=CARTESIAN_POINT('Ctrl Pts',(-6.63989965558813,-33.7813210118255,37.2844187650771));
#1946=CARTESIAN_POINT('Ctrl Pts',(2.99760216648792E-14,-27.1414213562373,
36.9942988718998));
#1947=CARTESIAN_POINT('',(-19.9292893218814,-47.0707106781188,40.0136716580758));
#1948=CARTESIAN_POINT('',(-19.9292893218814,-47.0707106781188,0.));
#1949=CARTESIAN_POINT('',(-1.06581410364015E-13,-27.1414213562374,39.3937260183809));
#1950=CARTESIAN_POINT('Ctrl Pts',(-19.9292893218814,-47.0707106781188,40.0136716580758));
#1951=CARTESIAN_POINT('Ctrl Pts',(-13.2864484387708,-40.4278697950082,39.8990451911417));
#1952=CARTESIAN_POINT('Ctrl Pts',(-6.63985947529296,-33.7812808315303,39.6840430256002));
#1953=CARTESIAN_POINT('Ctrl Pts',(1.55431223447522E-14,-27.1414213562373,
39.3937260183809));
#1954=CARTESIAN_POINT('',(-1.06581410364015E-13,-27.1414213562374,0.));
#1955=CARTESIAN_POINT('Origin',(-19.9292893218814,-47.0707106781188,0.));
#1956=CARTESIAN_POINT('',(-6.21724893790088E-14,-67.0000000000001,37.6311308974113));
#1957=CARTESIAN_POINT('Ctrl Pts',(-1.11022302462516E-15,-67.0000000000002,
37.6311308974113));
#1958=CARTESIAN_POINT('Ctrl Pts',(-6.64104405766245,-60.3589559423378,37.742674103545));
#1959=CARTESIAN_POINT('Ctrl Pts',(-13.2882741595856,-53.7117258404147,37.7282517665797));
#1960=CARTESIAN_POINT('Ctrl Pts',(-19.9292893218814,-47.0707106781188,37.6137608974272));
#1961=CARTESIAN_POINT('',(-6.21724893790088E-14,-67.0000000000001,40.0310461744941));
#1962=CARTESIAN_POINT('',(-6.21724893790088E-14,-67.0000000000001,0.));
#1963=CARTESIAN_POINT('Ctrl Pts',(1.88737914186277E-14,-67.0000000000002,
40.0310461744941));
#1964=CARTESIAN_POINT('Ctrl Pts',(-6.64101626796503,-60.3589837320352,40.1427165813499));
#1965=CARTESIAN_POINT('Ctrl Pts',(-13.2883055976651,-53.7116944023351,40.1282660785458));
#1966=CARTESIAN_POINT('Ctrl Pts',(-19.9292893218814,-47.0707106781188,40.0136716580758));
#1967=CARTESIAN_POINT('Origin',(-6.21724893790088E-14,-67.0000000000001,
0.));
#1968=CARTESIAN_POINT('',(19.9292893218813,-47.0707106781188,37.6137608974272));
#1969=CARTESIAN_POINT('Ctrl Pts',(19.9292893218813,-47.0707106781188,37.6137608974272));
#1970=CARTESIAN_POINT('Ctrl Pts',(13.2882741595853,-53.7117258404147,37.7282517665797));
#1971=CARTESIAN_POINT('Ctrl Pts',(6.64104405766233,-60.3589559423377,37.742674103545));
#1972=CARTESIAN_POINT('Ctrl Pts',(-1.77635683940025E-14,-67.0000000000001,
37.6311308974113));
#1973=CARTESIAN_POINT('',(19.9292893218813,-47.0707106781188,40.0136716580758));
#1974=CARTESIAN_POINT('',(19.9292893218813,-47.0707106781188,0.));
#1975=CARTESIAN_POINT('Ctrl Pts',(19.9292893218813,-47.0707106781188,40.0136716580758));
#1976=CARTESIAN_POINT('Ctrl Pts',(13.2883055976658,-53.7116944023342,40.1282660785457));
#1977=CARTESIAN_POINT('Ctrl Pts',(6.64101626796533,-60.3589837320347,40.1427165813499));
#1978=CARTESIAN_POINT('Ctrl Pts',(2.22044604925031E-15,-67.,40.0310461744941));
#1979=CARTESIAN_POINT('Origin',(19.9292893218813,-47.0707106781188,0.));
#1980=CARTESIAN_POINT('Ctrl Pts',(-2.44249065417534E-14,-27.1414213562375,
36.9942988718998));
#1981=CARTESIAN_POINT('Ctrl Pts',(6.63989965558762,-33.7813210118251,37.2844187650771));
#1982=CARTESIAN_POINT('Ctrl Pts',(13.2864249179675,-40.4278462742051,37.4992381474139));
#1983=CARTESIAN_POINT('Ctrl Pts',(19.9292893218813,-47.0707106781188,37.6137608974272));
#1984=CARTESIAN_POINT('Ctrl Pts',(-2.33146835171283E-14,-27.1414213562375,
39.3937260183809));
#1985=CARTESIAN_POINT('Ctrl Pts',(6.63985947529324,-33.7812808315308,39.6840430256003));
#1986=CARTESIAN_POINT('Ctrl Pts',(13.2864484387708,-40.4278697950084,39.8990451911417));
#1987=CARTESIAN_POINT('Ctrl Pts',(19.9292893218813,-47.0707106781188,40.0136716580758));
#1988=CARTESIAN_POINT('Origin',(39.9999999999999,-67.1414213562374,0.));
#1989=CARTESIAN_POINT('',(20.1414213562373,-87.,36.888176915109));
#1990=CARTESIAN_POINT('',(39.9999999999999,-67.1414213562374,37.6287365139578));
#1991=CARTESIAN_POINT('Ctrl Pts',(20.1414213562372,-87.0000000000001,36.8881769151089));
#1992=CARTESIAN_POINT('Ctrl Pts',(28.0099708693508,-79.1314504868865,37.3394855339191));
#1993=CARTESIAN_POINT('Ctrl Pts',(33.4750969911154,-73.6663243651219,37.5173842901201));
#1994=CARTESIAN_POINT('Ctrl Pts',(39.9999999999999,-67.1414213562374,37.6287365139578));
#1995=CARTESIAN_POINT('',(20.1414213562373,-87.,39.2871899584091));
#1996=CARTESIAN_POINT('',(20.1414213562373,-87.,22.3794056384557));
#1997=CARTESIAN_POINT('',(39.9999999999999,-67.1414213562374,40.0286490484542));
#1998=CARTESIAN_POINT('Ctrl Pts',(20.1414213562372,-87.0000000000001,39.2871899584091));
#1999=CARTESIAN_POINT('Ctrl Pts',(27.998351386624,-79.1430699696133,39.738222451078));
#2000=CARTESIAN_POINT('Ctrl Pts',(33.4697822192891,-73.6716391369482,39.9170783788976));
#2001=CARTESIAN_POINT('Ctrl Pts',(39.9999999999999,-67.1414213562374,40.0286490484542));
#2002=CARTESIAN_POINT('',(39.9999999999999,-67.1414213562374,0.));
#2003=CARTESIAN_POINT('Origin',(59.9292893218813,-87.0707106781187,0.));
#2004=CARTESIAN_POINT('',(45.032538819685,-72.1739601759121,37.5182515912521));
#2005=CARTESIAN_POINT('Ctrl Pts',(39.9999999999999,-67.1414213562374,37.6287365139578));
#2006=CARTESIAN_POINT('Ctrl Pts',(41.1946198766945,-68.3360395310569,37.6083494844154));
#2007=CARTESIAN_POINT('Ctrl Pts',(42.3892475441029,-69.5306632728512,37.5838769784018));
#2008=CARTESIAN_POINT('Ctrl Pts',(43.583797935249,-70.7252163747782,37.5551642909845));
#2009=CARTESIAN_POINT('Ctrl Pts',(44.0667246673352,-71.208144202765,37.5435564723386));
#2010=CARTESIAN_POINT('Ctrl Pts',(44.5496393610311,-71.6910604837877,37.5312556461072));
#2011=CARTESIAN_POINT('Ctrl Pts',(45.032538819685,-72.1739601759121,37.518251591252));
#2012=CARTESIAN_POINT('',(45.0325388196895,-72.173960175927,39.9180338149908));
#2013=CARTESIAN_POINT('Ctrl Pts',(39.9999999999999,-67.1370546233215,40.0288614774952));
#2014=CARTESIAN_POINT('Ctrl Pts',(41.1933478709596,-68.3305441895268,40.0084690747174));
#2015=CARTESIAN_POINT('Ctrl Pts',(42.3867040779445,-69.5240661440821,39.9839931890992));
#2016=CARTESIAN_POINT('Ctrl Pts',(43.5799827835662,-70.7175459095879,39.9552787706747));
#2017=CARTESIAN_POINT('Ctrl Pts',(44.0641813883102,-71.2018260987218,39.943627275285));
#2018=CARTESIAN_POINT('Ctrl Pts',(44.5483678273744,-71.6860993396822,39.9312779026803));
#2019=CARTESIAN_POINT('Ctrl Pts',(45.0325388196895,-72.1703606431806,39.9182202936966));
#2020=CARTESIAN_POINT('Ctrl Pts',(45.0325388196896,-72.173960175927,37.5182515912516));
#2021=CARTESIAN_POINT('Ctrl Pts',(45.0325388196896,-72.173960175927,38.0182515912516));
#2022=CARTESIAN_POINT('Ctrl Pts',(45.0325388196896,-72.173960175927,38.5182515912516));
#2023=CARTESIAN_POINT('Ctrl Pts',(45.0325388196896,-72.173960175927,39.3181789991646));
#2024=CARTESIAN_POINT('Ctrl Pts',(45.0325388196895,-72.173960175927,39.6181064070777));
#2025=CARTESIAN_POINT('Ctrl Pts',(45.0325388196895,-72.173960175927,39.9180338149908));
#2026=CARTESIAN_POINT('Origin',(60.,-7.14142135623728,0.));
#2027=CARTESIAN_POINT('',(40.0707106781186,-27.0707106781187,39.3906314523039));
#2028=CARTESIAN_POINT('',(46.0091602602967,-21.1322610959399,39.1110039363498));
#2029=CARTESIAN_POINT('Ctrl Pts',(40.0707106781186,-27.0707106781187,39.3906314523039));
#2030=CARTESIAN_POINT('Ctrl Pts',(42.0503141155262,-25.0911072407111,39.3039165769724));
#2031=CARTESIAN_POINT('Ctrl Pts',(44.0298694746268,-23.1115518816099,39.2104907446975));
#2032=CARTESIAN_POINT('Ctrl Pts',(46.0091602602967,-21.1322610959399,39.1110039363498));
#2033=CARTESIAN_POINT('',(46.0091602602964,-21.1322610959408,36.7117609264362));
#2034=CARTESIAN_POINT('Ctrl Pts',(46.0091602602964,-21.1322610959409,36.7117609264362));
#2035=CARTESIAN_POINT('Ctrl Pts',(46.0091602602964,-21.1322610959409,37.2117609264362));
#2036=CARTESIAN_POINT('Ctrl Pts',(46.0091602602964,-21.1322610959409,37.7117609264362));
#2037=CARTESIAN_POINT('Ctrl Pts',(46.0091602602964,-21.1322610959409,38.5115085964074));
#2038=CARTESIAN_POINT('Ctrl Pts',(46.0091602602967,-21.1322610959399,38.8112562663786));
#2039=CARTESIAN_POINT('Ctrl Pts',(46.0091602602967,-21.1322610959399,39.1110039363498));
#2040=CARTESIAN_POINT('',(40.0707106781186,-27.0707106781187,36.9912064244237));
#2041=CARTESIAN_POINT('Ctrl Pts',(46.0091602602964,-21.1322610959408,36.7117609264362));
#2042=CARTESIAN_POINT('Ctrl Pts',(44.0298682630485,-23.1115530931888,36.8111861929965));
#2043=CARTESIAN_POINT('Ctrl Pts',(42.0503146474707,-25.0911067087666,36.9045508588653));
#2044=CARTESIAN_POINT('Ctrl Pts',(40.0707106781186,-27.0707106781187,36.9912064244237));
#2045=CARTESIAN_POINT('',(40.0707106781186,-27.0707106781187,0.));
#2046=CARTESIAN_POINT('Origin',(40.0707106781186,-27.0707106781187,0.));
#2047=CARTESIAN_POINT('',(45.9820206237155,-32.9820206237156,39.6289861974921));
#2048=CARTESIAN_POINT('Ctrl Pts',(45.9820206237155,-32.9820206237156,39.6289861974921));
#2049=CARTESIAN_POINT('Ctrl Pts',(44.0114903961675,-31.0114903961676,39.5566041543906));
#2050=CARTESIAN_POINT('Ctrl Pts',(42.0409734415837,-29.0409734415838,39.4769371672299));
#2051=CARTESIAN_POINT('Ctrl Pts',(40.0707106781186,-27.0707106781187,39.3906314523039));
#2052=CARTESIAN_POINT('',(45.9820206237154,-32.9820206237156,37.2293905357045));
#2053=CARTESIAN_POINT('Ctrl Pts',(40.0707106781186,-27.0707106781187,36.9912064244237));
#2054=CARTESIAN_POINT('Ctrl Pts',(42.0409743216042,-29.0409743216043,37.0774531248249));
#2055=CARTESIAN_POINT('Ctrl Pts',(44.0114896288533,-31.0114896288534,37.1570627185198));
#2056=CARTESIAN_POINT('Ctrl Pts',(45.9820206237155,-32.9820206237155,37.2293905357045));
#2057=CARTESIAN_POINT('Ctrl Pts',(45.9820206237155,-32.9820206237156,39.6289861974921));
#2058=CARTESIAN_POINT('Ctrl Pts',(45.9820206237155,-32.9820206237156,39.3291209768962));
#2059=CARTESIAN_POINT('Ctrl Pts',(45.9820206237154,-32.9820206237155,39.0292557563004));
#2060=CARTESIAN_POINT('Ctrl Pts',(45.9820206237154,-32.9820206237155,38.2293905357045));
#2061=CARTESIAN_POINT('Ctrl Pts',(45.9820206237154,-32.9820206237155,37.7293905357045));
#2062=CARTESIAN_POINT('Ctrl Pts',(45.9820206237154,-32.9820206237155,37.2293905357045));
#2063=CARTESIAN_POINT('Origin',(-40.0000000000001,-67.0000000000002,0.));
#2064=CARTESIAN_POINT('',(-20.0707106781188,-47.0707106781188,37.6137608974272));
#2065=CARTESIAN_POINT('',(-40.0000000000001,-67.0000000000002,37.6311308974113));
#2066=CARTESIAN_POINT('Ctrl Pts',(-20.0707106781188,-47.0707106781188,37.6137608974272));
#2067=CARTESIAN_POINT('Ctrl Pts',(-26.7116281951293,-53.7116281951294,37.7282500831784));
#2068=CARTESIAN_POINT('Ctrl Pts',(-33.3588645524567,-60.3588645524567,37.7426756385326));
#2069=CARTESIAN_POINT('Ctrl Pts',(-40.0000000000001,-67.0000000000001,37.6311308974113));
#2070=CARTESIAN_POINT('',(-20.0707106781188,-47.0707106781188,40.0136716580758));
#2071=CARTESIAN_POINT('',(-20.0707106781188,-47.0707106781188,0.));
#2072=CARTESIAN_POINT('',(-40.0000000000001,-67.0000000000002,40.0310461744941));
#2073=CARTESIAN_POINT('Ctrl Pts',(-20.0707106781188,-47.0707106781188,40.0136716580758));
#2074=CARTESIAN_POINT('Ctrl Pts',(-26.7115950931766,-53.7115950931766,40.1282643649027));
#2075=CARTESIAN_POINT('Ctrl Pts',(-33.3588907153129,-60.3588907153129,40.1427181454501));
#2076=CARTESIAN_POINT('Ctrl Pts',(-40.0000000000001,-67.0000000000002,40.0310461744941));
#2077=CARTESIAN_POINT('',(-40.0000000000001,-67.0000000000002,0.));
#2078=CARTESIAN_POINT('Origin',(-40.0000000000001,-27.1414213562375,0.));
#2079=CARTESIAN_POINT('',(-40.0000000000001,-27.1414213562375,36.9942988718998));
#2080=CARTESIAN_POINT('',(-45.9807270986451,-33.1221484548825,37.2345216067791));
#2081=CARTESIAN_POINT('Ctrl Pts',(-40.0000000000001,-27.1414213562375,36.9942988718998));
#2082=CARTESIAN_POINT('Ctrl Pts',(-41.9933983110749,-29.1348196673123,37.0813972521565));
#2083=CARTESIAN_POINT('Ctrl Pts',(-43.9870556367143,-31.1284769929517,37.1616940807478));
#2084=CARTESIAN_POINT('Ctrl Pts',(-45.9807270986451,-33.1221484548825,37.2345216067791));
#2085=CARTESIAN_POINT('',(-45.9807270986452,-33.1221484548829,39.6341211214507));
#2086=CARTESIAN_POINT('Ctrl Pts',(-45.9807270986452,-33.1221484548829,39.6341211214507));
#2087=CARTESIAN_POINT('Ctrl Pts',(-45.9807270986452,-33.1221484548829,39.3342546165602));
#2088=CARTESIAN_POINT('Ctrl Pts',(-45.980727098645,-33.1221484548824,39.0343881116696));
#2089=CARTESIAN_POINT('Ctrl Pts',(-45.980727098645,-33.1221484548824,38.2345216067791));
#2090=CARTESIAN_POINT('Ctrl Pts',(-45.980727098645,-33.1221484548824,37.7345216067791));
#2091=CARTESIAN_POINT('Ctrl Pts',(-45.980727098645,-33.1221484548824,37.2345216067791));
#2092=CARTESIAN_POINT('',(-40.0000000000001,-27.1414213562375,39.3937260183809));
#2093=CARTESIAN_POINT('Ctrl Pts',(-45.9807270987503,-33.1187994764329,39.6342167066938));
#2094=CARTESIAN_POINT('Ctrl Pts',(-44.7354160597855,-31.8736395996483,39.5886854382998));
#2095=CARTESIAN_POINT('Ctrl Pts',(-43.4901176562522,-30.6284889153664,39.5402388308222));
#2096=CARTESIAN_POINT('Ctrl Pts',(-42.2448747294347,-29.3834057052777,39.4890400969948));
#2097=CARTESIAN_POINT('Ctrl Pts',(-41.4965560012844,-28.6351829576118,39.4582726294144));
#2098=CARTESIAN_POINT('Ctrl Pts',(-40.7482583056202,-27.8869845762187,39.4265112827893));
#2099=CARTESIAN_POINT('Ctrl Pts',(-40.0000000000001,-27.1388232018019,39.3937914733395));
#2100=CARTESIAN_POINT('',(-40.0000000000001,-27.1414213562375,0.));
#2101=CARTESIAN_POINT('Origin',(-20.0707106781188,-47.0707106781188,0.));
#2102=CARTESIAN_POINT('Ctrl Pts',(-40.0000000000001,-27.1414213562375,36.9942988718998));
#2103=CARTESIAN_POINT('Ctrl Pts',(-33.360012384468,-33.7814089717696,37.2844226083474));
#2104=CARTESIAN_POINT('Ctrl Pts',(-26.7134946195059,-40.4279267367317,37.499239534585));
#2105=CARTESIAN_POINT('Ctrl Pts',(-20.0707106781188,-47.0707106781188,37.6137608974272));
#2106=CARTESIAN_POINT('Ctrl Pts',(-40.0000000000001,-27.1414213562375,39.3937260183809));
#2107=CARTESIAN_POINT('Ctrl Pts',(-33.3600511375663,-33.7813702186714,39.6840469339069));
#2108=CARTESIAN_POINT('Ctrl Pts',(-26.7134695124183,-40.4279518438193,39.8990466069464));
#2109=CARTESIAN_POINT('Ctrl Pts',(-20.0707106781188,-47.0707106781188,40.0136716580758));
#2110=CARTESIAN_POINT('Origin',(-59.9292893218815,-47.0707106781189,0.));
#2111=CARTESIAN_POINT('',(-45.3713664840172,-61.628633515983,37.6943808764808));
#2112=CARTESIAN_POINT('Ctrl Pts',(-40.0000000000001,-67.0000000000002,37.6311308974113));
#2113=CARTESIAN_POINT('Ctrl Pts',(-41.790366944887,-65.2096330551133,37.6612019626616));
#2114=CARTESIAN_POINT('Ctrl Pts',(-43.5809059630307,-63.4190940369696,37.6821136151429));
#2115=CARTESIAN_POINT('Ctrl Pts',(-45.3713664840172,-61.628633515983,37.6943808764808));
#2116=CARTESIAN_POINT('',(-45.3713664840172,-61.6286335159831,40.0943667787068));
#2117=CARTESIAN_POINT('Ctrl Pts',(-40.0000000000001,-67.0000000000001,40.0310461744941));
#2118=CARTESIAN_POINT('Ctrl Pts',(-41.7903663732669,-65.2096336267334,40.0611516483036));
#2119=CARTESIAN_POINT('Ctrl Pts',(-43.5809064991922,-63.419093500808,40.0820862759881));
#2120=CARTESIAN_POINT('Ctrl Pts',(-45.3713664840172,-61.628633515983,40.0943667787068));
#2121=CARTESIAN_POINT('Ctrl Pts',(-45.3713664840172,-61.628633515983,37.6943808764808));
#2122=CARTESIAN_POINT('Ctrl Pts',(-45.3713664840172,-61.628633515983,38.1610428443322));
#2123=CARTESIAN_POINT('Ctrl Pts',(-45.3713664840172,-61.628633515983,38.6277048121836));
#2124=CARTESIAN_POINT('Ctrl Pts',(-45.3713664840172,-61.628633515983,39.4277001129256));
#2125=CARTESIAN_POINT('Ctrl Pts',(-45.3713664840172,-61.6286335159831,39.7610334458162));
#2126=CARTESIAN_POINT('Ctrl Pts',(-45.3713664840172,-61.6286335159831,40.0943667787068));
#2127=CARTESIAN_POINT('Origin',(39.9999999999999,12.8585786437626,0.));
#2128=CARTESIAN_POINT('',(20.0707106781186,-7.07071067811872,38.3104173404693));
#2129=CARTESIAN_POINT('',(30.1414213562373,2.99999999999998,37.639392672891));
#2130=CARTESIAN_POINT('Ctrl Pts',(20.0707106781186,-7.07071067811872,38.3104173404693));
#2131=CARTESIAN_POINT('Ctrl Pts',(23.427963519856,-3.7134578363813,38.0988777120732));
#2132=CARTESIAN_POINT('Ctrl Pts',(26.7848793386511,-0.356542017586174,37.8741788522948));
#2133=CARTESIAN_POINT('Ctrl Pts',(30.1414213562373,2.99999999999999,37.639392672891));
#2134=CARTESIAN_POINT('',(30.1414213562373,2.99999999999998,35.2408582088076));
#2135=CARTESIAN_POINT('',(30.1414213562373,2.99999999999999,20.4637859366701));
#2136=CARTESIAN_POINT('',(20.0707106781186,-7.07071067811872,35.9116066739591));
#2137=CARTESIAN_POINT('Ctrl Pts',(20.0707106781186,-7.07071067811872,35.9116066739591));
#2138=CARTESIAN_POINT('Ctrl Pts',(23.4279679138863,-3.71345344235098,35.7001655219038));
#2139=CARTESIAN_POINT('Ctrl Pts',(26.7848717820251,-0.356549574212182,35.4755607952935));
#2140=CARTESIAN_POINT('Ctrl Pts',(30.1414213562373,2.99999999999998,35.2408582088076));
#2141=CARTESIAN_POINT('',(20.0707106781186,-7.07071067811872,0.));
#2142=CARTESIAN_POINT('Origin',(40.,-27.0000000000001,0.));
#2143=CARTESIAN_POINT('',(46.008426600706,-20.9915733992934,39.1039222073673));
#2144=CARTESIAN_POINT('',(40.,-27.0000000000001,39.3875311761352));
#2145=CARTESIAN_POINT('Ctrl Pts',(46.008426600706,-20.9915733992934,39.1039222073673));
#2146=CARTESIAN_POINT('Ctrl Pts',(44.0058151092116,-22.9941848907878,39.204872074799));
#2147=CARTESIAN_POINT('Ctrl Pts',(42.0029316971218,-24.9970683028782,39.2996327750815));
#2148=CARTESIAN_POINT('Ctrl Pts',(40.,-27.0000000000001,39.3875311761352));
#2149=CARTESIAN_POINT('',(40.,-27.0000000000001,36.9881082683545));
#2150=CARTESIAN_POINT('',(40.,-27.0000000000001,0.));
#2151=CARTESIAN_POINT('',(46.0084266007057,-20.9915733992943,36.7046835770539));
#2152=CARTESIAN_POINT('Ctrl Pts',(40.,-27.0000000000001,36.9881082683545));
#2153=CARTESIAN_POINT('Ctrl Pts',(42.0029322521164,-24.9970677478837,36.900269917484));
#2154=CARTESIAN_POINT('Ctrl Pts',(44.0058138560671,-22.9941861439329,36.8055711539341));
#2155=CARTESIAN_POINT('Ctrl Pts',(46.0084266007057,-20.9915733992943,36.7046835770539));
#2156=CARTESIAN_POINT('Ctrl Pts',(46.008426600706,-20.9915733992934,39.1039222073673));
#2157=CARTESIAN_POINT('Ctrl Pts',(46.008426600706,-20.9915733992934,38.8041759972628));
#2158=CARTESIAN_POINT('Ctrl Pts',(46.0084266007057,-20.9915733992944,38.5044297871584));
#2159=CARTESIAN_POINT('Ctrl Pts',(46.0084266007057,-20.9915733992944,37.704683577054));
#2160=CARTESIAN_POINT('Ctrl Pts',(46.0084266007057,-20.9915733992944,37.204683577054));
#2161=CARTESIAN_POINT('Ctrl Pts',(46.0084266007057,-20.9915733992944,36.704683577054));
#2162=CARTESIAN_POINT('Origin',(20.0707106781186,-7.07071067811872,0.));
#2163=CARTESIAN_POINT('Ctrl Pts',(40.,-27.0000000000001,39.3875311761352));
#2164=CARTESIAN_POINT('Ctrl Pts',(33.3563381692903,-20.3563381692904,39.0959749273345));
#2165=CARTESIAN_POINT('Ctrl Pts',(26.7111558167114,-13.7111558167115,38.7288300615902));
#2166=CARTESIAN_POINT('Ctrl Pts',(20.0707106781186,-7.07071067811873,38.3104173404693));
#2167=CARTESIAN_POINT('Ctrl Pts',(40.,-27.0000000000001,36.9881082683545));
#2168=CARTESIAN_POINT('Ctrl Pts',(33.3563092856217,-20.3563092856217,36.6967500179975));
#2169=CARTESIAN_POINT('Ctrl Pts',(26.7112041931875,-13.7112041931877,36.3298271141695));
#2170=CARTESIAN_POINT('Ctrl Pts',(20.0707106781186,-7.07071067811872,35.9116066739591));
#2171=CARTESIAN_POINT('Origin',(-1.06581410364015E-13,12.8585786437626,
0.));
#2172=CARTESIAN_POINT('',(-19.9292893218814,-7.0707106781188,38.3104173404693));
#2173=CARTESIAN_POINT('',(-9.85857864376268,2.99999999999999,37.639392672891));
#2174=CARTESIAN_POINT('Ctrl Pts',(-19.9292893218814,-7.07071067811879,38.3104173404693));
#2175=CARTESIAN_POINT('Ctrl Pts',(-16.5720364801439,-3.71345783638123,38.0988777120732));
#2176=CARTESIAN_POINT('Ctrl Pts',(-13.2151206613485,-0.356542017585875,
37.8741788522948));
#2177=CARTESIAN_POINT('Ctrl Pts',(-9.85857864376268,2.99999999999999,37.639392672891));
#2178=CARTESIAN_POINT('',(-9.85857864376269,2.99999999999998,35.2408582088077));
#2179=CARTESIAN_POINT('',(-9.85857864376268,2.99999999999999,20.4637859366701));
#2180=CARTESIAN_POINT('',(-19.9292893218814,-7.0707106781188,35.9116066739591));
#2181=CARTESIAN_POINT('Ctrl Pts',(-19.9292893218814,-7.07071067811879,35.9116066739591));
#2182=CARTESIAN_POINT('Ctrl Pts',(-16.5720320861147,-3.71345344235202,35.7001655219038));
#2183=CARTESIAN_POINT('Ctrl Pts',(-13.2151282179772,-0.356549574214554,
35.4755607952937));
#2184=CARTESIAN_POINT('Ctrl Pts',(-9.85857864376269,2.99999999999998,35.2408582088077));
#2185=CARTESIAN_POINT('',(-19.9292893218814,-7.0707106781188,0.));
#2186=CARTESIAN_POINT('Origin',(-6.21724893790088E-14,-27.0000000000001,
0.));
#2187=CARTESIAN_POINT('',(19.9292893218813,-7.07071067811878,38.3104173404693));
#2188=CARTESIAN_POINT('',(-6.21724893790088E-14,-27.0000000000001,39.3875311761352));
#2189=CARTESIAN_POINT('Ctrl Pts',(19.9292893218813,-7.07071067811877,38.3104173404693));
#2190=CARTESIAN_POINT('Ctrl Pts',(13.2887821829878,-13.7112178170122,38.7288339682131));
#2191=CARTESIAN_POINT('Ctrl Pts',(6.6436159711785,-20.3563840288215,39.0959769398742));
#2192=CARTESIAN_POINT('Ctrl Pts',(-2.44249065417534E-14,-27.0000000000001,
39.3875311761352));
#2193=CARTESIAN_POINT('',(-6.21724893790088E-14,-27.0000000000001,36.9881082683545));
#2194=CARTESIAN_POINT('',(-6.21724893790088E-14,-27.0000000000001,0.));
#2195=CARTESIAN_POINT('',(19.9292893218813,-7.07071067811878,35.9116066739591));
#2196=CARTESIAN_POINT('Ctrl Pts',(19.9292893218813,-7.07071067811877,35.9116066739591));
#2197=CARTESIAN_POINT('Ctrl Pts',(13.2887361283059,-13.7112638716941,36.3298308727413));
#2198=CARTESIAN_POINT('Ctrl Pts',(6.64364717603017,-20.3563528239699,36.6967519273665));
#2199=CARTESIAN_POINT('Ctrl Pts',(-3.10862446895044E-14,-27.0000000000001,
36.9881082683545));
#2200=CARTESIAN_POINT('',(19.9292893218813,-7.07071067811878,0.));
#2201=CARTESIAN_POINT('Origin',(-19.9292893218814,-7.07071067811879,0.));
#2202=CARTESIAN_POINT('Ctrl Pts',(3.66373598126302E-14,-27.0000000000002,
39.3875311761352));
#2203=CARTESIAN_POINT('Ctrl Pts',(-6.64361597117835,-20.3563840288219,39.0959769398742));
#2204=CARTESIAN_POINT('Ctrl Pts',(-13.2887821829873,-13.7112178170129,38.7288339682131));
#2205=CARTESIAN_POINT('Ctrl Pts',(-19.9292893218814,-7.0707106781188,38.3104173404693));
#2206=CARTESIAN_POINT('Ctrl Pts',(2.22044604925031E-14,-27.0000000000002,
36.9881082683545));
#2207=CARTESIAN_POINT('Ctrl Pts',(-6.64364717603036,-20.3563528239698,36.6967519273665));
#2208=CARTESIAN_POINT('Ctrl Pts',(-13.2887361283064,-13.7112638716938,36.3298308727413));
#2209=CARTESIAN_POINT('Ctrl Pts',(-19.9292893218814,-7.07071067811879,35.9116066739591));
#2210=CARTESIAN_POINT('Origin',(19.9292893218813,-7.07071067811878,0.));
#2211=CARTESIAN_POINT('',(9.85857864376249,2.99999999999999,37.639392672891));
#2212=CARTESIAN_POINT('Ctrl Pts',(9.8585786437625,2.99999999999998,37.639392672891));
#2213=CARTESIAN_POINT('Ctrl Pts',(13.2151206613482,-0.356542017585729,37.8741788522948));
#2214=CARTESIAN_POINT('Ctrl Pts',(16.5720364801437,-3.71345783638116,38.0988777120732));
#2215=CARTESIAN_POINT('Ctrl Pts',(19.9292893218813,-7.07071067811878,38.3104173404693));
#2216=CARTESIAN_POINT('',(9.8585786437625,2.99999999999998,35.2408582088076));
#2217=CARTESIAN_POINT('Ctrl Pts',(9.8585786437625,2.99999999999997,35.2408582088077));
#2218=CARTESIAN_POINT('Ctrl Pts',(13.2151282179768,-0.356549574214332,35.4755607952937));
#2219=CARTESIAN_POINT('Ctrl Pts',(16.5720320861144,-3.71345344235191,35.7001655219038));
#2220=CARTESIAN_POINT('Ctrl Pts',(19.9292893218813,-7.07071067811878,35.9116066739591));
#2221=CARTESIAN_POINT('',(9.85857864376249,2.99999999999999,20.4637859366701));
#2222=CARTESIAN_POINT('Origin',(59.9292893218813,-47.0707106781187,0.));
#2223=CARTESIAN_POINT('',(39.9999999999999,-27.1414213562374,39.3937260183809));
#2224=CARTESIAN_POINT('',(45.9807270986451,-33.1221484548826,39.6341211214507));
#2225=CARTESIAN_POINT('Ctrl Pts',(39.9999999999999,-27.1414213562374,39.3937260183809));
#2226=CARTESIAN_POINT('Ctrl Pts',(41.9933973618422,-29.1348187180797,39.4808840611742));
#2227=CARTESIAN_POINT('Ctrl Pts',(43.9870563942751,-31.1284777505125,39.5612388806365));
#2228=CARTESIAN_POINT('Ctrl Pts',(45.9807270986451,-33.1221484548826,39.6341211214507));
#2229=CARTESIAN_POINT('',(45.9807270986451,-33.1221484548826,37.2345216067791));
#2230=CARTESIAN_POINT('Ctrl Pts',(45.980727098645,-33.1221484548825,37.2345216067791));
#2231=CARTESIAN_POINT('Ctrl Pts',(45.980727098645,-33.1221484548825,37.7010547784675));
#2232=CARTESIAN_POINT('Ctrl Pts',(45.980727098645,-33.1221484548825,38.1675879501559));
#2233=CARTESIAN_POINT('Ctrl Pts',(45.980727098645,-33.1221484548825,38.9674544550465));
#2234=CARTESIAN_POINT('Ctrl Pts',(45.9807270986451,-33.1221484548826,39.3007877882486));
#2235=CARTESIAN_POINT('Ctrl Pts',(45.9807270986451,-33.1221484548826,39.6341211214507));
#2236=CARTESIAN_POINT('',(39.9999999999999,-27.1414213562374,36.9942988718998));
#2237=CARTESIAN_POINT('Ctrl Pts',(45.9807270986451,-33.1221484548825,37.2345216067791));
#2238=CARTESIAN_POINT('Ctrl Pts',(43.9870556008271,-31.1284769570646,37.1616940794369));
#2239=CARTESIAN_POINT('Ctrl Pts',(41.993398273671,-29.1348196299085,37.0813972505222));
#2240=CARTESIAN_POINT('Ctrl Pts',(39.9999999999999,-27.1414213562374,36.9942988718998));
#2241=CARTESIAN_POINT('',(39.9999999999999,-27.1414213562374,0.));
#2242=CARTESIAN_POINT('Origin',(39.9999999999999,-27.1414213562374,0.));
#2243=CARTESIAN_POINT('',(20.0707106781186,-47.0707106781187,40.0136716580758));
#2244=CARTESIAN_POINT('Ctrl Pts',(20.0707106781186,-47.0707106781187,40.0136716580758));
#2245=CARTESIAN_POINT('Ctrl Pts',(26.7134695124172,-40.4279518438201,39.8990466069464));
#2246=CARTESIAN_POINT('Ctrl Pts',(33.3600511375241,-33.7813702187132,39.6840469339088));
#2247=CARTESIAN_POINT('Ctrl Pts',(39.9999999999999,-27.1414213562374,39.3937260183809));
#2248=CARTESIAN_POINT('',(20.0707106781186,-47.0707106781187,37.6137608974272));
#2249=CARTESIAN_POINT('Ctrl Pts',(20.0707106781186,-47.0707106781187,37.6137608974272));
#2250=CARTESIAN_POINT('Ctrl Pts',(26.7134946195047,-40.4279267367326,37.4992395345851));
#2251=CARTESIAN_POINT('Ctrl Pts',(33.3600123844285,-33.7814089718089,37.2844226083492));
#2252=CARTESIAN_POINT('Ctrl Pts',(39.9999999999999,-27.1414213562374,36.9942988718998));
#2253=CARTESIAN_POINT('',(20.0707106781186,-47.0707106781187,0.));
#2254=CARTESIAN_POINT('Origin',(40.,-67.0000000000001,0.));
#2255=CARTESIAN_POINT('',(45.3713664840173,-61.6286335159828,40.0943667787068));
#2256=CARTESIAN_POINT('',(40.,-67.0000000000001,40.0310461744941));
#2257=CARTESIAN_POINT('Ctrl Pts',(45.3713664840172,-61.6237826627905,40.0945862879501));
#2258=CARTESIAN_POINT('Ctrl Pts',(44.1289196523992,-62.8662999420036,40.0860650025275));
#2259=CARTESIAN_POINT('Ctrl Pts',(42.8864288804129,-64.1088804040065,40.0733752222141));
#2260=CARTESIAN_POINT('Ctrl Pts',(41.6439924524899,-65.3514418318481,40.056343979914));
#2261=CARTESIAN_POINT('Ctrl Pts',(41.0959833387305,-65.8995060800942,40.0488319046163));
#2262=CARTESIAN_POINT('Ctrl Pts',(40.5479841192413,-66.4475666230561,40.0404752052563));
#2263=CARTESIAN_POINT('Ctrl Pts',(39.9999999999999,-66.995616395677,40.0312590389842));
#2264=CARTESIAN_POINT('',(40.,-67.0000000000001,37.6311308974113));
#2265=CARTESIAN_POINT('',(40.,-67.0000000000001,0.));
#2266=CARTESIAN_POINT('',(45.3713664840174,-61.6286335159825,37.6943808764808));
#2267=CARTESIAN_POINT('Ctrl Pts',(45.3713664840174,-61.6286335159825,37.6943808764808));
#2268=CARTESIAN_POINT('Ctrl Pts',(44.1282980168918,-62.8717015675685,37.6858640505185));
#2269=CARTESIAN_POINT('Ctrl Pts',(42.8851863736101,-64.1148075017096,37.6731805011362));
#2270=CARTESIAN_POINT('Ctrl Pts',(41.6421288329788,-65.3578674252953,37.6561578743941));
#2271=CARTESIAN_POINT('Ctrl Pts',(41.0947410419665,-65.9052562656558,37.6486618593304));
#2272=CARTESIAN_POINT('Ctrl Pts',(40.5473630655054,-66.4526361817475,37.6403244390712));
#2273=CARTESIAN_POINT('Ctrl Pts',(40.,-67.,37.6311308974113));
#2274=CARTESIAN_POINT('Ctrl Pts',(45.3713664840173,-61.6286335159828,40.0943667787068));
#2275=CARTESIAN_POINT('Ctrl Pts',(45.3713664840173,-61.6286335159828,39.7943714779648));
#2276=CARTESIAN_POINT('Ctrl Pts',(45.3713664840173,-61.6286335159828,39.4943761772228));
#2277=CARTESIAN_POINT('Ctrl Pts',(45.3713664840173,-61.6286335159828,38.6943808764808));
#2278=CARTESIAN_POINT('Ctrl Pts',(45.3713664840173,-61.6286335159828,38.1943808764808));
#2279=CARTESIAN_POINT('Ctrl Pts',(45.3713664840173,-61.6286335159828,37.6943808764808));
#2280=CARTESIAN_POINT('Origin',(20.0707106781186,-47.0707106781187,0.));
#2281=CARTESIAN_POINT('Ctrl Pts',(40.,-67.0000000000001,40.0310461744941));
#2282=CARTESIAN_POINT('Ctrl Pts',(33.3588907153154,-60.3588907153155,40.1427181454501));
#2283=CARTESIAN_POINT('Ctrl Pts',(26.7115950932809,-53.7115950932811,40.1282643649045));
#2284=CARTESIAN_POINT('Ctrl Pts',(20.0707106781186,-47.0707106781187,40.0136716580758));
#2285=CARTESIAN_POINT('Ctrl Pts',(40.,-67.0000000000001,37.6311308974113));
#2286=CARTESIAN_POINT('Ctrl Pts',(33.3588645524592,-60.3588645524593,37.7426756385325));
#2287=CARTESIAN_POINT('Ctrl Pts',(26.7116281952301,-53.7116281952302,37.7282500831801));
#2288=CARTESIAN_POINT('Ctrl Pts',(20.0707106781186,-47.0707106781187,37.6137608974272));
#2289=CARTESIAN_POINT('Origin',(-59.9292893218815,-7.07071067811887,0.));
#2290=CARTESIAN_POINT('',(-40.0000000000001,-27.0000000000002,39.3875311761352));
#2291=CARTESIAN_POINT('',(-46.0084266007061,-20.9915733992933,39.1039222073672));
#2292=CARTESIAN_POINT('Ctrl Pts',(-40.0000000000001,-27.0000000000002,39.3875311761352));
#2293=CARTESIAN_POINT('Ctrl Pts',(-42.0029317310423,-24.997068268958,39.2996327735929));
#2294=CARTESIAN_POINT('Ctrl Pts',(-44.0058151449293,-22.9941848550701,39.2048720729985));
#2295=CARTESIAN_POINT('Ctrl Pts',(-46.0084266007061,-20.9915733992933,39.1039222073672));
#2296=CARTESIAN_POINT('',(-46.0084266007057,-20.9915733992946,36.704683577054));
#2297=CARTESIAN_POINT('Ctrl Pts',(-46.0084266007057,-20.9915733992946,36.704683577054));
#2298=CARTESIAN_POINT('Ctrl Pts',(-46.0084266007057,-20.9915733992946,37.204683577054));
#2299=CARTESIAN_POINT('Ctrl Pts',(-46.0084266007057,-20.9915733992946,37.704683577054));
#2300=CARTESIAN_POINT('Ctrl Pts',(-46.0084266007057,-20.9915733992946,38.5044297871584));
#2301=CARTESIAN_POINT('Ctrl Pts',(-46.0084266007061,-20.9915733992933,38.8041759972628));
#2302=CARTESIAN_POINT('Ctrl Pts',(-46.0084266007061,-20.9915733992933,39.1039222073672));
#2303=CARTESIAN_POINT('',(-40.0000000000001,-27.0000000000002,36.9881082683545));
#2304=CARTESIAN_POINT('Ctrl Pts',(-46.0084266007057,-20.9915733992946,36.704683577054));
#2305=CARTESIAN_POINT('Ctrl Pts',(-44.0058138910056,-22.9941861089947,36.805571152174));
#2306=CARTESIAN_POINT('Ctrl Pts',(-42.0029322851737,-24.9970677148266,36.900269916034));
#2307=CARTESIAN_POINT('Ctrl Pts',(-40.0000000000001,-27.0000000000002,36.9881082683545));
#2308=CARTESIAN_POINT('',(-40.0000000000001,-27.0000000000002,0.));
#2309=CARTESIAN_POINT('Origin',(-40.0000000000001,-27.0000000000002,0.));
#2310=CARTESIAN_POINT('',(-20.0707106781188,-7.07071067811881,38.3104173404693));
#2311=CARTESIAN_POINT('Ctrl Pts',(-20.0707106781188,-7.07071067811882,38.3104173404693));
#2312=CARTESIAN_POINT('Ctrl Pts',(-26.7111558167397,-13.7111558167398,38.728830061592));
#2313=CARTESIAN_POINT('Ctrl Pts',(-33.3563381692912,-20.3563381692912,39.0959749273346));
#2314=CARTESIAN_POINT('Ctrl Pts',(-40.0000000000001,-27.0000000000002,39.3875311761352));
#2315=CARTESIAN_POINT('',(-20.0707106781188,-7.07071067811881,35.9116066739591));
#2316=CARTESIAN_POINT('Ctrl Pts',(-20.0707106781188,-7.07071067811881,35.9116066739591));
#2317=CARTESIAN_POINT('Ctrl Pts',(-26.7112041932203,-13.7112041932204,36.3298271141716));
#2318=CARTESIAN_POINT('Ctrl Pts',(-33.3563092856231,-20.3563092856232,36.6967500179976));
#2319=CARTESIAN_POINT('Ctrl Pts',(-40.0000000000001,-27.0000000000002,36.9881082683545));
#2320=CARTESIAN_POINT('',(-20.0707106781188,-7.07071067811881,0.));
#2321=CARTESIAN_POINT('Origin',(-20.0707106781188,-7.0707106781188,0.));
#2322=CARTESIAN_POINT('',(-30.1414213562376,2.99999999999998,37.639392672891));
#2323=CARTESIAN_POINT('Ctrl Pts',(-30.1414213562376,2.99999999999998,37.639392672891));
#2324=CARTESIAN_POINT('Ctrl Pts',(-26.7848793386527,-0.35654201758492,37.8741788522947));
#2325=CARTESIAN_POINT('Ctrl Pts',(-23.4279635198568,-3.71345783638083,38.0988777120732));
#2326=CARTESIAN_POINT('Ctrl Pts',(-20.0707106781188,-7.07071067811881,38.3104173404693));
#2327=CARTESIAN_POINT('',(-30.1414213562376,2.99999999999998,35.2408582088076));
#2328=CARTESIAN_POINT('Ctrl Pts',(-30.1414213562376,2.99999999999997,35.2408582088076));
#2329=CARTESIAN_POINT('Ctrl Pts',(-26.7848717820242,-0.356549574213422,
35.4755607952936));
#2330=CARTESIAN_POINT('Ctrl Pts',(-23.427967913886,-3.71345344235156,35.7001655219038));
#2331=CARTESIAN_POINT('Ctrl Pts',(-20.0707106781188,-7.07071067811881,35.9116066739591));
#2332=CARTESIAN_POINT('',(-30.1414213562376,2.99999999999999,20.4637859366701));
#2333=CARTESIAN_POINT('Origin',(0.0707106781185818,-67.0707106781188,0.));
#2334=CARTESIAN_POINT('',(20.,-87.0000000000001,36.8881769151089));
#2335=CARTESIAN_POINT('',(0.0707106781185729,-67.0707106781188,37.6299384732448));
#2336=CARTESIAN_POINT('Ctrl Pts',(20.,-87.0000000000001,36.8881769151089));
#2337=CARTESIAN_POINT('Ctrl Pts',(12.1121063240994,-79.1121063240995,37.3405950379484));
#2338=CARTESIAN_POINT('Ctrl Pts',(6.65560489720245,-73.6556048972026,37.5184507431261));
#2339=CARTESIAN_POINT('Ctrl Pts',(0.0707106781185757,-67.0707106781188,
37.6299384732448));
#2340=CARTESIAN_POINT('',(20.,-87.0000000000001,39.2871899584091));
#2341=CARTESIAN_POINT('',(19.9999999999999,-87.,22.3794056384557));
#2342=CARTESIAN_POINT('',(0.0707106781185729,-67.0707106781188,40.029852385011));
#2343=CARTESIAN_POINT('Ctrl Pts',(19.9999999999999,-87.,39.2871899584091));
#2344=CARTESIAN_POINT('Ctrl Pts',(12.1236803540049,-79.1236803540051,39.7393355253483));
#2345=CARTESIAN_POINT('Ctrl Pts',(6.65983814804744,-73.6598381480476,39.9181651997831));
#2346=CARTESIAN_POINT('Ctrl Pts',(0.0707106781185773,-67.0707106781188,
40.029852385011));
#2347=CARTESIAN_POINT('',(0.0707106781185729,-67.0707106781188,0.));
#2348=CARTESIAN_POINT('Origin',(19.9999999999999,-47.1414213562374,0.));
#2349=CARTESIAN_POINT('',(19.9999999999999,-47.1414213562374,37.6149761602676));
#2350=CARTESIAN_POINT('Ctrl Pts',(0.0707106781185718,-67.0707106781188,
37.6299384732448));
#2351=CARTESIAN_POINT('Ctrl Pts',(6.71176523828426,-60.4296561179531,37.7423770445982));
#2352=CARTESIAN_POINT('Ctrl Pts',(13.3589985204726,-53.7824228357648,37.7287553953703));
#2353=CARTESIAN_POINT('Ctrl Pts',(19.9999999999999,-47.1414213562374,37.6149761602675));
#2354=CARTESIAN_POINT('',(19.9999999999999,-47.1414213562374,40.0148880263121));
#2355=CARTESIAN_POINT('Ctrl Pts',(0.0707106781185751,-67.0707106781188,
40.029852385011));
#2356=CARTESIAN_POINT('Ctrl Pts',(6.71173776065418,-60.4296835955831,40.1424192802875));
#2357=CARTESIAN_POINT('Ctrl Pts',(13.3590302694102,-53.7823910868271,40.1287702561167));
#2358=CARTESIAN_POINT('Ctrl Pts',(19.9999999999999,-47.1414213562374,40.0148880263121));
#2359=CARTESIAN_POINT('',(19.9999999999999,-47.1414213562374,0.));
#2360=CARTESIAN_POINT('Origin',(39.9292893218813,-67.0707106781188,0.));
#2361=CARTESIAN_POINT('',(39.9292893218813,-67.0707106781188,37.6299384732448));
#2362=CARTESIAN_POINT('Ctrl Pts',(19.9999999999999,-47.1414213562374,37.6149761602675));
#2363=CARTESIAN_POINT('Ctrl Pts',(26.6409233404135,-53.782344696651,37.7287540566252));
#2364=CARTESIAN_POINT('Ctrl Pts',(33.2881616192862,-60.4295829755237,37.7423782829603));
#2365=CARTESIAN_POINT('Ctrl Pts',(39.9292893218813,-67.0707106781188,37.6299384732448));
#2366=CARTESIAN_POINT('',(39.9292893218813,-67.0707106781188,40.029852385011));
#2367=CARTESIAN_POINT('Ctrl Pts',(19.9999999999999,-47.1414213562374,40.0148880263121));
#2368=CARTESIAN_POINT('Ctrl Pts',(26.6408902605864,-53.7823116168239,40.1287688933306));
#2369=CARTESIAN_POINT('Ctrl Pts',(33.2881877956801,-60.4296091519175,40.1424205421242));
#2370=CARTESIAN_POINT('Ctrl Pts',(39.9292893218813,-67.0707106781188,40.029852385011));
#2371=CARTESIAN_POINT('',(39.9292893218813,-67.0707106781188,0.));
#2372=CARTESIAN_POINT('Origin',(19.9999999999999,-87.0000000000001,0.));
#2373=CARTESIAN_POINT('Ctrl Pts',(39.9292893218813,-67.0707106781188,37.6299384732448));
#2374=CARTESIAN_POINT('Ctrl Pts',(33.3821766314209,-73.6178233685791,37.5190904157961));
#2375=CARTESIAN_POINT('Ctrl Pts',(27.8997511797468,-79.1002488202532,37.341275137079));
#2376=CARTESIAN_POINT('Ctrl Pts',(20.,-87.0000000000001,36.8881769151089));
#2377=CARTESIAN_POINT('Ctrl Pts',(39.9292893218813,-67.0707106781187,40.029852385011));
#2378=CARTESIAN_POINT('Ctrl Pts',(33.3768438047601,-73.6231561952399,39.9187869670924));
#2379=CARTESIAN_POINT('Ctrl Pts',(27.8881331779566,-79.1118668220435,39.7400136893063));
#2380=CARTESIAN_POINT('Ctrl Pts',(20.,-87.0000000000001,39.2871899584091));
#2381=CARTESIAN_POINT('Origin',(60.,-47.1414213562373,0.));
#2382=CARTESIAN_POINT('',(40.0707106781186,-67.0707106781187,40.029852385011));
#2383=CARTESIAN_POINT('',(45.3669332734022,-61.7744880828351,40.0933472313608));
#2384=CARTESIAN_POINT('Ctrl Pts',(40.0707106781186,-67.0707106781187,40.029852385011));
#2385=CARTESIAN_POINT('Ctrl Pts',(41.8360311365351,-65.3053902197022,40.0597749618507));
#2386=CARTESIAN_POINT('Ctrl Pts',(43.6015198375899,-63.5399015186474,40.0807747593875));
#2387=CARTESIAN_POINT('Ctrl Pts',(45.3669332734022,-61.7744880828351,40.0933472313608));
#2388=CARTESIAN_POINT('',(45.3669332734023,-61.7744880828348,37.6933624296545));
#2389=CARTESIAN_POINT('Ctrl Pts',(45.3669332734022,-61.7744880828351,37.6933624296545));
#2390=CARTESIAN_POINT('Ctrl Pts',(45.3669332734022,-61.7744880828351,38.1600240306394));
#2391=CARTESIAN_POINT('Ctrl Pts',(45.3669332734022,-61.7744880828351,38.6266856316244));
#2392=CARTESIAN_POINT('Ctrl Pts',(45.3669332734022,-61.7744880828351,39.4266805655265));
#2393=CARTESIAN_POINT('Ctrl Pts',(45.3669332734022,-61.7744880828351,39.7600138984436));
#2394=CARTESIAN_POINT('Ctrl Pts',(45.3669332734022,-61.7744880828351,40.0933472313608));
#2395=CARTESIAN_POINT('',(40.0707106781186,-67.0707106781187,37.6299384732448));
#2396=CARTESIAN_POINT('Ctrl Pts',(40.0707106781186,-67.0707106781187,37.6299384732448));
#2397=CARTESIAN_POINT('Ctrl Pts',(41.8360316880523,-65.305389668185,37.6598268246412));
#2398=CARTESIAN_POINT('Ctrl Pts',(43.6015193274176,-63.5399020288197,37.6808035359137));
#2399=CARTESIAN_POINT('Ctrl Pts',(45.3669332734024,-61.7744880828349,37.6933624296545));
#2400=CARTESIAN_POINT('',(40.0707106781186,-67.0707106781187,0.));
#2401=CARTESIAN_POINT('Origin',(40.0707106781186,-67.0707106781187,0.));
#2402=CARTESIAN_POINT('',(45.037117892137,-72.0371178921371,39.9217044543043));
#2403=CARTESIAN_POINT('Ctrl Pts',(45.037117892137,-72.0334930304891,39.921891930539));
#2404=CARTESIAN_POINT('Ctrl Pts',(43.843706431046,-70.8398612404047,39.9537481426829));
#2405=CARTESIAN_POINT('Ctrl Pts',(42.6501984533253,-69.646158060649,39.9813074868905));
#2406=CARTESIAN_POINT('Ctrl Pts',(41.4566591264026,-68.4524581146292,40.0047250577622));
#2407=CARTESIAN_POINT('Ctrl Pts',(40.994678494783,-67.9904153125303,40.0137892452073));
#2408=CARTESIAN_POINT('Ctrl Pts',(40.5326937218379,-67.5283729934083,40.0222329060627));
#2409=CARTESIAN_POINT('Ctrl Pts',(40.0707106781186,-67.0663354787883,40.0300650336157));
#2410=CARTESIAN_POINT('',(45.0371178921345,-72.0371178921288,37.5219178043321));
#2411=CARTESIAN_POINT('Ctrl Pts',(45.0371178921345,-72.0371178921288,37.521917804332));
#2412=CARTESIAN_POINT('Ctrl Pts',(43.8424361917254,-70.842435626658,37.5537608743201));
#2413=CARTESIAN_POINT('Ctrl Pts',(42.6476585625712,-69.647653047748,37.5813058005338));
#2414=CARTESIAN_POINT('Ctrl Pts',(41.4528494782264,-68.4528464081733,37.604707323128));
#2415=CARTESIAN_POINT('Ctrl Pts',(40.9921387491626,-67.9921366217973,37.6137308003319));
#2416=CARTESIAN_POINT('Ctrl Pts',(40.5314238951869,-67.5314232565279,37.6221382265141));
#2417=CARTESIAN_POINT('Ctrl Pts',(40.0707106781186,-67.0707106781187,37.6299384732448));
#2418=CARTESIAN_POINT('Ctrl Pts',(45.037117892137,-72.0371178921371,39.9217044543043));
#2419=CARTESIAN_POINT('Ctrl Pts',(45.037117892137,-72.0371178921371,39.6217755709802));
#2420=CARTESIAN_POINT('Ctrl Pts',(45.037117892137,-72.0371178921371,39.3218466876559));
#2421=CARTESIAN_POINT('Ctrl Pts',(45.037117892137,-72.0371178921371,38.5219178043318));
#2422=CARTESIAN_POINT('Ctrl Pts',(45.037117892137,-72.0371178921371,38.0219178043318));
#2423=CARTESIAN_POINT('Ctrl Pts',(45.037117892137,-72.0371178921371,37.5219178043318));
#2424=CARTESIAN_POINT('Origin',(-20.0000000000001,-7.14142135623746,0.));
#2425=CARTESIAN_POINT('',(-39.9292893218815,-27.0707106781188,39.3906314523039));
#2426=CARTESIAN_POINT('',(-20.0000000000001,-7.14142135623746,38.3148708518051));
#2427=CARTESIAN_POINT('Ctrl Pts',(-39.9292893218815,-27.0707106781188,39.3906314523039));
#2428=CARTESIAN_POINT('Ctrl Pts',(-33.2856299738792,-20.4270513301166,39.0996115028907));
#2429=CARTESIAN_POINT('Ctrl Pts',(-26.6404403814168,-13.7818617376542,38.7329169054283));
#2430=CARTESIAN_POINT('Ctrl Pts',(-20.0000000000001,-7.14142135623745,38.3148708518051));
#2431=CARTESIAN_POINT('',(-20.0000000000001,-7.14142135623746,35.9160581045634));
#2432=CARTESIAN_POINT('',(-20.0000000000001,-7.14142135623746,0.));
#2433=CARTESIAN_POINT('',(-39.9292893218815,-27.0707106781188,36.9912064244237));
#2434=CARTESIAN_POINT('Ctrl Pts',(-39.9292893218815,-27.0707106781188,36.9912064244237));
#2435=CARTESIAN_POINT('Ctrl Pts',(-33.2856011123999,-20.4270224686372,36.7003843364981));
#2436=CARTESIAN_POINT('Ctrl Pts',(-26.6404887037509,-13.7819100599883,36.3339117235138));
#2437=CARTESIAN_POINT('Ctrl Pts',(-20.0000000000001,-7.14142135623747,35.9160581045634));
#2438=CARTESIAN_POINT('',(-39.9292893218815,-27.0707106781188,0.));
#2439=CARTESIAN_POINT('Origin',(-0.0707106781187594,-27.0707106781188,0.));
#2440=CARTESIAN_POINT('',(-0.0707106781187505,-27.0707106781188,39.3906314523039));
#2441=CARTESIAN_POINT('Ctrl Pts',(-20.0000000000001,-7.14142135623747,38.3148708518051));
#2442=CARTESIAN_POINT('Ctrl Pts',(-13.3595098111049,-13.7819115451326,38.7329200410366));
#2443=CARTESIAN_POINT('Ctrl Pts',(-6.71433309796204,-20.4270882582755,39.0996131204978));
#2444=CARTESIAN_POINT('Ctrl Pts',(-0.0707106781187494,-27.0707106781188,
39.3906314523039));
#2445=CARTESIAN_POINT('',(-0.0707106781187505,-27.0707106781188,36.9912064244237));
#2446=CARTESIAN_POINT('',(-0.0707106781187505,-27.0707106781188,0.));
#2447=CARTESIAN_POINT('Ctrl Pts',(-20.0000000000001,-7.14142135623747,35.9160581045634));
#2448=CARTESIAN_POINT('Ctrl Pts',(-13.3594633443945,-13.7819580118431,36.3339147408905));
#2449=CARTESIAN_POINT('Ctrl Pts',(-6.71436381438986,-20.4270575418477,36.7003858717996));
#2450=CARTESIAN_POINT('Ctrl Pts',(-0.0707106781187505,-27.0707106781188,
36.9912064244237));
#2451=CARTESIAN_POINT('Origin',(-20.0000000000001,-47.0000000000001,0.));
#2452=CARTESIAN_POINT('',(-20.0000000000001,-47.0000000000001,40.0124477126352));
#2453=CARTESIAN_POINT('Ctrl Pts',(-0.0707106781187583,-27.0707106781188,
39.3906314523039));
#2454=CARTESIAN_POINT('Ctrl Pts',(-6.71058720805972,-33.7105872080598,39.6814856985311));
#2455=CARTESIAN_POINT('Ctrl Pts',(-13.3571713769415,-40.3571713769415,39.8971099432287));
#2456=CARTESIAN_POINT('Ctrl Pts',(-20.0000000000001,-47.0000000000001,40.0124477126352));
#2457=CARTESIAN_POINT('',(-20.0000000000001,-47.0000000000001,37.6125380632768));
#2458=CARTESIAN_POINT('',(-20.0000000000001,-47.0000000000001,0.));
#2459=CARTESIAN_POINT('Ctrl Pts',(-0.0707106781187583,-27.0707106781188,
36.9912064244237));
#2460=CARTESIAN_POINT('Ctrl Pts',(-6.71062712510284,-33.7106271251029,37.2818634064909));
#2461=CARTESIAN_POINT('Ctrl Pts',(-13.3571475347549,-40.357147534755,37.4973045553868));
#2462=CARTESIAN_POINT('Ctrl Pts',(-20.0000000000001,-47.0000000000001,37.6125380632768));
#2463=CARTESIAN_POINT('Origin',(-39.9292893218815,-27.0707106781188,0.));
#2464=CARTESIAN_POINT('Ctrl Pts',(-20.0000000000001,-47.0000000000001,40.0124477126352));
#2465=CARTESIAN_POINT('Ctrl Pts',(-26.6427630575467,-40.3572369424535,39.8971110816262));
#2466=CARTESIAN_POINT('Ctrl Pts',(-33.2893413327159,-33.7106586672844,39.6814888287427));
#2467=CARTESIAN_POINT('Ctrl Pts',(-39.9292893218815,-27.0707106781188,39.3906314523039));
#2468=CARTESIAN_POINT('Ctrl Pts',(-20.0000000000001,-47.0000000000001,37.6125380632768));
#2469=CARTESIAN_POINT('Ctrl Pts',(-26.6427881696879,-40.3572118303123,37.4973056707214));
#2470=CARTESIAN_POINT('Ctrl Pts',(-33.289302557824,-33.7106974421763,37.281866484564));
#2471=CARTESIAN_POINT('Ctrl Pts',(-39.9292893218815,-27.0707106781188,36.9912064244237));
#2472=CARTESIAN_POINT('Origin',(19.9292893218813,-87.0707106781188,0.));
#2473=CARTESIAN_POINT('',(-1.06581410364015E-13,-67.1414213562374,40.0286490484542));
#2474=CARTESIAN_POINT('',(19.8585786437625,-87.,39.2871899584091));
#2475=CARTESIAN_POINT('Ctrl Pts',(-7.21644966006352E-15,-67.1414213562375,
40.0286490484542));
#2476=CARTESIAN_POINT('Ctrl Pts',(6.57621601416168,-73.7176373703992,39.9162924857043));
#2477=CARTESIAN_POINT('Ctrl Pts',(12.0166314145151,-79.1580527707526,39.7373623530348));
#2478=CARTESIAN_POINT('Ctrl Pts',(19.8585786437626,-87.0000000000001,39.2871899584091));
#2479=CARTESIAN_POINT('',(19.8585786437625,-87.,36.888176915109));
#2480=CARTESIAN_POINT('',(19.8585786437625,-87.,22.3794056384557));
#2481=CARTESIAN_POINT('',(-1.06581410364015E-13,-67.1414213562374,37.6287365139578));
#2482=CARTESIAN_POINT('Ctrl Pts',(4.44089209850063E-15,-67.1414213562375,
37.6287365139578));
#2483=CARTESIAN_POINT('Ctrl Pts',(6.57202502657328,-73.7134463828108,37.5165801185555));
#2484=CARTESIAN_POINT('Ctrl Pts',(12.0049897571962,-79.1464111134337,37.3386274520461));
#2485=CARTESIAN_POINT('Ctrl Pts',(19.8585786437626,-87.0000000000001,36.8881769151089));
#2486=CARTESIAN_POINT('',(-1.06581410364015E-13,-67.1414213562374,0.));
#2487=CARTESIAN_POINT('Origin',(-1.06581410364015E-13,-67.1414213562374,
0.));
#2488=CARTESIAN_POINT('',(-19.8585786437626,-87.,39.2871899584091));
#2489=CARTESIAN_POINT('Ctrl Pts',(-19.8585786437626,-87.,39.2871899584091));
#2490=CARTESIAN_POINT('Ctrl Pts',(-12.0166314145152,-79.1580527707525,39.7373623530348));
#2491=CARTESIAN_POINT('Ctrl Pts',(-6.57621601416172,-73.717637370399,39.9162924857043));
#2492=CARTESIAN_POINT('Ctrl Pts',(8.88178419700125E-15,-67.1414213562373,
40.0286490484543));
#2493=CARTESIAN_POINT('',(-19.8585786437627,-87.,36.888176915109));
#2494=CARTESIAN_POINT('Ctrl Pts',(-19.8585786437628,-87.0000000000002,36.8881769151089));
#2495=CARTESIAN_POINT('Ctrl Pts',(-12.0049897571967,-79.146411113434,37.3386274520461));
#2496=CARTESIAN_POINT('Ctrl Pts',(-6.5720250265735,-73.7134463828108,37.5165801185555));
#2497=CARTESIAN_POINT('Ctrl Pts',(-6.66133814775094E-15,-67.1414213562373,
37.6287365139578));
#2498=CARTESIAN_POINT('',(-19.8585786437627,-87.,22.3794056384557));
#2499=CARTESIAN_POINT('Origin',(-40.0707106781188,-67.0707106781188,0.));
#2500=CARTESIAN_POINT('',(-45.3669332734022,-61.7744880828354,37.6933624296545));
#2501=CARTESIAN_POINT('',(-40.0707106781188,-67.0707106781188,37.6299384732448));
#2502=CARTESIAN_POINT('Ctrl Pts',(-45.3669332734022,-61.7744880828354,37.6933624296545));
#2503=CARTESIAN_POINT('Ctrl Pts',(-44.1239593067456,-63.0174616523578,37.6845200994929));
#2504=CARTESIAN_POINT('Ctrl Pts',(-42.8809436825596,-64.2604718348397,37.6715049442987));
#2505=CARTESIAN_POINT('Ctrl Pts',(-41.6379831919721,-65.5034347103831,37.6541446090888));
#2506=CARTESIAN_POINT('Ctrl Pts',(-41.1155484323472,-66.0258704724404,37.6468478022948));
#2507=CARTESIAN_POINT('Ctrl Pts',(-40.5931227829916,-66.5482978749892,37.6387833560429));
#2508=CARTESIAN_POINT('Ctrl Pts',(-40.0707106781188,-67.0707106781188,37.6299384732448));
#2509=CARTESIAN_POINT('',(-45.3669332734022,-61.7744880828354,40.0933472313608));
#2510=CARTESIAN_POINT('Ctrl Pts',(-45.3669332734022,-61.7744880828354,40.0933472313608));
#2511=CARTESIAN_POINT('Ctrl Pts',(-45.3669332734022,-61.7744880828354,39.7933522974587));
#2512=CARTESIAN_POINT('Ctrl Pts',(-45.3669332734022,-61.7744880828354,39.4933573635566));
#2513=CARTESIAN_POINT('Ctrl Pts',(-45.3669332734022,-61.7744880828354,38.6933624296545));
#2514=CARTESIAN_POINT('Ctrl Pts',(-45.3669332734022,-61.7744880828354,38.1933624296545));
#2515=CARTESIAN_POINT('Ctrl Pts',(-45.3669332734022,-61.7744880828354,37.6933624296545));
#2516=CARTESIAN_POINT('',(-40.0707106781188,-67.0707106781188,40.029852385011));
#2517=CARTESIAN_POINT('Ctrl Pts',(-45.3669332734021,-61.7696456613903,40.0935667903122));
#2518=CARTESIAN_POINT('Ctrl Pts',(-44.1245832816232,-63.0120680384978,40.0847197154162));
#2519=CARTESIAN_POINT('Ctrl Pts',(-42.8821908798279,-64.2545524175672,40.0716980336903));
#2520=CARTESIAN_POINT('Ctrl Pts',(-41.6398538635834,-65.4970165554982,40.0543287764059));
#2521=CARTESIAN_POINT('Ctrl Pts',(-41.116795438613,-66.0201285022331,40.0470158361656));
#2522=CARTESIAN_POINT('Ctrl Pts',(-40.5937462000399,-66.5432368588719,40.0389322250977));
#2523=CARTESIAN_POINT('Ctrl Pts',(-40.0707106781188,-67.0663354787883,40.0300650336157));
#2524=CARTESIAN_POINT('',(-40.0707106781188,-67.0707106781188,0.));
#2525=CARTESIAN_POINT('Origin',(-60.,-87.,0.));
#2526=CARTESIAN_POINT('',(-45.037117892137,-72.037117892137,37.5219178043318));
#2527=CARTESIAN_POINT('Ctrl Pts',(-40.0707106781188,-67.0707106781188,37.6299384732448));
#2528=CARTESIAN_POINT('Ctrl Pts',(-41.2655265436457,-68.2655248883469,37.6097092759669));
#2529=CARTESIAN_POINT('Ctrl Pts',(-42.460349717563,-69.4603443891823,37.5853963429197));
#2530=CARTESIAN_POINT('Ctrl Pts',(-43.6550956395084,-70.6550929775611,37.556844929655));
#2531=CARTESIAN_POINT('Ctrl Pts',(-44.1157815860276,-71.115779952239,37.5458356978153));
#2532=CARTESIAN_POINT('Ctrl Pts',(-44.576456594385,-71.5764563819212,37.5341962796508));
#2533=CARTESIAN_POINT('Ctrl Pts',(-45.037117892137,-72.037117892137,37.5219178043318));
#2534=CARTESIAN_POINT('',(-45.0371178906727,-72.0371178873086,39.9217044544781));
#2535=CARTESIAN_POINT('Ctrl Pts',(-40.0707106781188,-67.0663354787883,40.0300650336157));
#2536=CARTESIAN_POINT('Ctrl Pts',(-41.2642566559125,-68.2600221846744,40.0098305153286));
#2537=CARTESIAN_POINT('Ctrl Pts',(-42.4578104796588,-69.4537409557783,39.9855142497794));
#2538=CARTESIAN_POINT('Ctrl Pts',(-43.6512868182161,-70.6474172198616,39.9569611473991));
#2539=CARTESIAN_POINT('Ctrl Pts',(-44.113242515638,-71.1094503019226,39.945909174354));
#2540=CARTESIAN_POINT('Ctrl Pts',(-44.5751871553762,-71.5714770139452,39.9342224334242));
#2541=CARTESIAN_POINT('Ctrl Pts',(-45.0371178906727,-72.0334930256585,39.9218919306679));
#2542=CARTESIAN_POINT('Ctrl Pts',(-45.037117892137,-72.037117892137,37.5219178043318));
#2543=CARTESIAN_POINT('Ctrl Pts',(-45.037117892137,-72.037117892137,38.0219178043318));
#2544=CARTESIAN_POINT('Ctrl Pts',(-45.037117892137,-72.037117892137,38.5219178043318));
#2545=CARTESIAN_POINT('Ctrl Pts',(-45.037117892137,-72.037117892137,39.3218466877139));
#2546=CARTESIAN_POINT('Ctrl Pts',(-45.0371178906727,-72.0371178873086,39.621775571096));
#2547=CARTESIAN_POINT('Ctrl Pts',(-45.0371178906727,-72.0371178873086,39.9217044544781));
#2548=CARTESIAN_POINT('Origin',(-40.0000000000001,-67.1414213562375,0.));
#2549=CARTESIAN_POINT('',(-45.0325388196895,-72.1739601759269,37.5182515912516));
#2550=CARTESIAN_POINT('',(-40.0000000000001,-67.1414213562375,37.6287365139578));
#2551=CARTESIAN_POINT('Ctrl Pts',(-45.0325388196896,-72.1739601759269,37.5182515912516));
#2552=CARTESIAN_POINT('Ctrl Pts',(-43.8380546250058,-70.97947540894,37.5504179928604));
#2553=CARTESIAN_POINT('Ctrl Pts',(-42.6434735598286,-69.7848891435303,37.5782816644975));
#2554=CARTESIAN_POINT('Ctrl Pts',(-41.4488596034759,-68.5902776381243,37.6019973065041));
#2555=CARTESIAN_POINT('Ctrl Pts',(-40.9659089681671,-68.107327993668,37.6115849095226));
#2556=CARTESIAN_POINT('Ctrl Pts',(-40.4829535536607,-67.6243742224529,37.6204945714203));
#2557=CARTESIAN_POINT('Ctrl Pts',(-40.0000000000001,-67.1414213562375,37.6287365139578));
#2558=CARTESIAN_POINT('',(-45.0325388182352,-72.1739601711308,39.9180338151651));
#2559=CARTESIAN_POINT('Ctrl Pts',(-45.0325388182352,-72.1739601711308,39.9180338151651));
#2560=CARTESIAN_POINT('Ctrl Pts',(-45.0325388182352,-72.1739601711308,39.6181064071939));
#2561=CARTESIAN_POINT('Ctrl Pts',(-45.0325388196895,-72.1739601759269,39.3181789992228));
#2562=CARTESIAN_POINT('Ctrl Pts',(-45.0325388196895,-72.1739601759269,38.5182515912516));
#2563=CARTESIAN_POINT('Ctrl Pts',(-45.0325388196895,-72.1739601759269,38.0182515912516));
#2564=CARTESIAN_POINT('Ctrl Pts',(-45.0325388196895,-72.1739601759269,37.5182515912516));
#2565=CARTESIAN_POINT('',(-40.0000000000001,-67.1414213562375,40.0286490484542));
#2566=CARTESIAN_POINT('Ctrl Pts',(-45.0325388182351,-72.1703606383822,39.918220293826));
#2567=CARTESIAN_POINT('Ctrl Pts',(-43.8393268306309,-70.9769260899635,39.9504000314237));
#2568=CARTESIAN_POINT('Ctrl Pts',(-42.6460173778887,-69.7834190411665,39.9782783087204));
#2569=CARTESIAN_POINT('Ctrl Pts',(-41.4526751317494,-68.5899141202865,40.0020101809555));
#2570=CARTESIAN_POINT('Ctrl Pts',(-40.9684526329091,-68.1056256129145,40.011639863063));
#2571=CARTESIAN_POINT('Ctrl Pts',(-40.4842253347107,-67.6213374542813,40.0205868424862));
#2572=CARTESIAN_POINT('Ctrl Pts',(-40.0000000000001,-67.1370546233215,40.0288614774951));
#2573=CARTESIAN_POINT('',(-40.0000000000001,-67.1414213562375,0.));
#2574=CARTESIAN_POINT('Origin',(-20.0707106781188,-87.0707106781188,0.));
#2575=CARTESIAN_POINT('',(-20.1414213562376,-87.,36.888176915109));
#2576=CARTESIAN_POINT('Ctrl Pts',(-40.0000000000001,-67.1414213562375,37.6287365139578));
#2577=CARTESIAN_POINT('Ctrl Pts',(-33.4750969911156,-73.6663243651221,37.5173842901201));
#2578=CARTESIAN_POINT('Ctrl Pts',(-28.0099708693508,-79.1314504868868,37.3394855339191));
#2579=CARTESIAN_POINT('Ctrl Pts',(-20.1414213562374,-87.0000000000002,36.8881769151089));
#2580=CARTESIAN_POINT('',(-20.1414213562376,-87.,39.2871899584091));
#2581=CARTESIAN_POINT('Ctrl Pts',(-40.0000000000001,-67.1414213562375,40.0286490484542));
#2582=CARTESIAN_POINT('Ctrl Pts',(-33.4697822192894,-73.6716391369482,39.9170783788976));
#2583=CARTESIAN_POINT('Ctrl Pts',(-27.9983513866245,-79.1430699696131,39.738222451078));
#2584=CARTESIAN_POINT('Ctrl Pts',(-20.1414213562376,-87.,39.2871899584091));
#2585=CARTESIAN_POINT('',(-20.1414213562376,-87.,22.3794056384557));
#2586=CARTESIAN_POINT('Ctrl Pts',(44.6848333966451,-87.0000000000001,39.2871899584091));
#2587=CARTESIAN_POINT('Ctrl Pts',(44.7064635315526,-86.3225093355558,39.3260817777281));
#2588=CARTESIAN_POINT('Ctrl Pts',(44.7275491746185,-85.6449140965883,39.3639829350155));
#2589=CARTESIAN_POINT('Ctrl Pts',(45.6305371759686,-55.8611532903839,40.9862861897471));
#2590=CARTESIAN_POINT('Ctrl Pts',(46.660213365508,-26.3117690748769,39.6897165587828));
#2591=CARTESIAN_POINT('Ctrl Pts',(45.5016419025527,2.99999999999998,37.639392672891));
#2592=CARTESIAN_POINT('Ctrl Pts',(29.7898889310967,-87.0000000000001,39.2871899584091));
#2593=CARTESIAN_POINT('Ctrl Pts',(29.804309021035,-86.3225093355558,39.3260817777281));
#2594=CARTESIAN_POINT('Ctrl Pts',(29.8183661164123,-85.6449140965883,39.3639829350155));
#2595=CARTESIAN_POINT('Ctrl Pts',(30.4203581173126,-55.8611532903839,40.9862861897472));
#2596=CARTESIAN_POINT('Ctrl Pts',(31.1068089103386,-26.3117690748768,39.6897165587829));
#2597=CARTESIAN_POINT('Ctrl Pts',(30.3344279350351,2.99999999999998,37.639392672891));
#2598=CARTESIAN_POINT('Ctrl Pts',(14.8949444655484,-87.0000000000001,39.2871899584091));
#2599=CARTESIAN_POINT('Ctrl Pts',(14.9021545105175,-86.3225093355558,39.3260817777281));
#2600=CARTESIAN_POINT('Ctrl Pts',(14.9091830582062,-85.6449140965883,39.3639829350155));
#2601=CARTESIAN_POINT('Ctrl Pts',(15.2101790586563,-55.8611532903839,40.9862861897472));
#2602=CARTESIAN_POINT('Ctrl Pts',(15.5534044551693,-26.3117690748769,39.6897165587829));
#2603=CARTESIAN_POINT('Ctrl Pts',(15.1672139675175,2.99999999999998,37.639392672891));
#2604=CARTESIAN_POINT('Ctrl Pts',(3.94256548221553E-16,-87.0000000000001,
39.2871899584091));
#2605=CARTESIAN_POINT('Ctrl Pts',(2.1181094646907E-16,-86.3225093355558,
39.3260817777281));
#2606=CARTESIAN_POINT('Ctrl Pts',(2.717944978576E-17,-85.6449140965883,
39.3639829350156));
#2607=CARTESIAN_POINT('Ctrl Pts',(-8.18518354111948E-15,-55.8611532903839,
40.9862861897471));
#2608=CARTESIAN_POINT('Ctrl Pts',(-3.35209942683265E-14,-26.3117690748769,
39.6897165587829));
#2609=CARTESIAN_POINT('Ctrl Pts',(-4.92512258342068E-14,2.99999999999998,
37.639392672891));
#2610=CARTESIAN_POINT('Ctrl Pts',(30.1414213562373,2.99999999999998,37.639392672891));
#2611=CARTESIAN_POINT('Ctrl Pts',(30.0942809041582,2.99999999999998,37.639392672891));
#2612=CARTESIAN_POINT('Ctrl Pts',(30.0471404520791,2.99999999999998,37.639392672891));
#2613=CARTESIAN_POINT('Ctrl Pts',(30.,2.99999999999998,37.639392672891));
#2614=CARTESIAN_POINT('Ctrl Pts',(46.0091602602964,-21.130424297653,39.1110441177947));
#2615=CARTESIAN_POINT('Ctrl Pts',(46.008920141649,-21.0835342052739,39.1086867746383));
#2616=CARTESIAN_POINT('Ctrl Pts',(46.0086755836893,-21.036644102602,39.1063260218702));
#2617=CARTESIAN_POINT('Ctrl Pts',(46.008426600706,-20.989753992186,39.1039618680606));
#2618=CARTESIAN_POINT('Ctrl Pts',(45.980727098645,-33.1187994764329,39.6342167066939));
#2619=CARTESIAN_POINT('Ctrl Pts',(45.9811617047963,-33.0720955171927,39.6325089015012));
#2620=CARTESIAN_POINT('Ctrl Pts',(45.9815929379308,-33.0253919206428,39.6307970075639));
#2621=CARTESIAN_POINT('Ctrl Pts',(45.9820206237154,-32.9786886786103,39.6290810332636));
#2622=CARTESIAN_POINT('Ctrl Pts',(45.3669332734023,-61.76964566139,40.0935667903123));
#2623=CARTESIAN_POINT('Ctrl Pts',(45.3684126217588,-61.7210249868059,40.0939130097281));
#2624=CARTESIAN_POINT('Ctrl Pts',(45.3698902038909,-61.6724039511994,40.0942528391659));
#2625=CARTESIAN_POINT('Ctrl Pts',(45.3713664840172,-61.6237826627904,40.0945862879501));
#2626=CARTESIAN_POINT('Ctrl Pts',(45.0325388196895,-72.1703606431806,39.9182202936966));
#2627=CARTESIAN_POINT('Ctrl Pts',(45.0340657131898,-72.1247385825059,39.9194504457344));
#2628=CARTESIAN_POINT('Ctrl Pts',(45.0355920677398,-72.0791160424622,39.9206743219262));
#2629=CARTESIAN_POINT('Ctrl Pts',(45.037117892137,-72.0334930304891,39.921891930539));
#2630=CARTESIAN_POINT('Ctrl Pts',(20.,-87.0000000000001,39.2871899584091));
#2631=CARTESIAN_POINT('Ctrl Pts',(20.0471404520791,-87.0000000000001,39.2871899584091));
#2632=CARTESIAN_POINT('Ctrl Pts',(20.0942809041582,-87.0000000000001,39.2871899584091));
#2633=CARTESIAN_POINT('Ctrl Pts',(20.1414213562373,-87.0000000000001,39.2871899584091));
#2634=CARTESIAN_POINT('Ctrl Pts',(19.8585786437625,-87.0000000000001,39.2871899584091));
#2635=CARTESIAN_POINT('Ctrl Pts',(19.9057190958417,-87.0000000000001,39.2871899584091));
#2636=CARTESIAN_POINT('Ctrl Pts',(19.9528595479208,-87.0000000000001,39.2871899584091));
#2637=CARTESIAN_POINT('Ctrl Pts',(20.,-87.0000000000001,39.2871899584091));
#2638=CARTESIAN_POINT('Ctrl Pts',(-6.98853600930979E-15,-67.1370546233184,
40.0288614774952));
#2639=CARTESIAN_POINT('Ctrl Pts',(-7.01102918341849E-15,-67.0899093371435,
40.0296670192376));
#2640=CARTESIAN_POINT('Ctrl Pts',(-7.03355307123659E-15,-67.0427632603136,
40.0304662034327));
#2641=CARTESIAN_POINT('Ctrl Pts',(-7.05610756015667E-15,-66.995616395677,
40.0312590389842));
#2642=CARTESIAN_POINT('Ctrl Pts',(-3.08124312065814E-14,-27.1388232018018,
39.3937914733395));
#2643=CARTESIAN_POINT('Ctrl Pts',(-3.08431420373173E-14,-27.0916887661481,
39.391730113577));
#2644=CARTESIAN_POINT('Ctrl Pts',(-3.0873851845544E-14,-27.0445543426503,
39.3896649437387));
#2645=CARTESIAN_POINT('Ctrl Pts',(-3.09045605202886E-14,-26.997419934115,
39.3875959725992));
#2646=CARTESIAN_POINT('Ctrl Pts',(9.99999999999986,2.99999999999998,37.639392672891));
#2647=CARTESIAN_POINT('Ctrl Pts',(9.95285954792074,2.99999999999998,37.639392672891));
#2648=CARTESIAN_POINT('Ctrl Pts',(9.90571909584162,2.99999999999998,37.639392672891));
#2649=CARTESIAN_POINT('Ctrl Pts',(9.85857864376249,2.99999999999998,37.639392672891));
#2650=CARTESIAN_POINT('Ctrl Pts',(-44.6848333964449,-87.,39.2871899584091));
#2651=CARTESIAN_POINT('Ctrl Pts',(-44.7064635313523,-86.3225093355557,39.3260817777281));
#2652=CARTESIAN_POINT('Ctrl Pts',(-44.7275491744181,-85.6449140965882,39.3639829350155));
#2653=CARTESIAN_POINT('Ctrl Pts',(-45.6305371757642,-55.8611532903838,40.986286189747));
#2654=CARTESIAN_POINT('Ctrl Pts',(-46.6602133652989,-26.3117690748769,39.6897165587828));
#2655=CARTESIAN_POINT('Ctrl Pts',(-45.5016419023489,2.99999999999998,37.639392672891));
#2656=CARTESIAN_POINT('Ctrl Pts',(-29.7898889309633,-87.,39.2871899584091));
#2657=CARTESIAN_POINT('Ctrl Pts',(-29.8043090209015,-86.3225093355557,39.3260817777281));
#2658=CARTESIAN_POINT('Ctrl Pts',(-29.8183661162787,-85.6449140965882,39.3639829350155));
#2659=CARTESIAN_POINT('Ctrl Pts',(-30.4203581171762,-55.861153290384,40.9862861897469));
#2660=CARTESIAN_POINT('Ctrl Pts',(-31.1068089101993,-26.3117690748768,39.6897165587829));
#2661=CARTESIAN_POINT('Ctrl Pts',(-30.3344279348992,2.99999999999998,37.639392672891));
#2662=CARTESIAN_POINT('Ctrl Pts',(-14.8949444654816,-87.,39.2871899584091));
#2663=CARTESIAN_POINT('Ctrl Pts',(-14.9021545104508,-86.3225093355557,39.3260817777281));
#2664=CARTESIAN_POINT('Ctrl Pts',(-14.9091830581394,-85.6449140965882,39.3639829350155));
#2665=CARTESIAN_POINT('Ctrl Pts',(-15.210179058588,-55.8611532903838,40.986286189747));
#2666=CARTESIAN_POINT('Ctrl Pts',(-15.5534044550996,-26.3117690748769,39.6897165587829));
#2667=CARTESIAN_POINT('Ctrl Pts',(-15.1672139674496,2.99999999999998,37.639392672891));
#2668=CARTESIAN_POINT('Ctrl Pts',(-3.94256548221534E-16,-87.,39.2871899584091));
#2669=CARTESIAN_POINT('Ctrl Pts',(-2.11810946469058E-16,-86.3225093355557,
39.3260817777282));
#2670=CARTESIAN_POINT('Ctrl Pts',(-2.71794497857536E-17,-85.6449140965882,
39.3639829350156));
#2671=CARTESIAN_POINT('Ctrl Pts',(8.18518354111948E-15,-55.8611532903838,
40.986286189747));
#2672=CARTESIAN_POINT('Ctrl Pts',(3.35209942683265E-14,-26.3117690748769,
39.6897165587829));
#2673=CARTESIAN_POINT('Ctrl Pts',(4.92512258342068E-14,2.99999999999998,
37.639392672891));
#2674=CARTESIAN_POINT('Ctrl Pts',(-9.85857864376267,2.99999999999998,37.639392672891));
#2675=CARTESIAN_POINT('Ctrl Pts',(-9.90571909584177,2.99999999999998,37.639392672891));
#2676=CARTESIAN_POINT('Ctrl Pts',(-9.95285954792088,2.99999999999998,37.639392672891));
#2677=CARTESIAN_POINT('Ctrl Pts',(-9.99999999999998,2.99999999999998,37.639392672891));
#2678=CARTESIAN_POINT('Ctrl Pts',(-19.9999999999999,-87.,39.2871899584091));
#2679=CARTESIAN_POINT('Ctrl Pts',(-19.9528595479208,-87.,39.2871899584091));
#2680=CARTESIAN_POINT('Ctrl Pts',(-19.9057190958417,-87.,39.2871899584091));
#2681=CARTESIAN_POINT('Ctrl Pts',(-19.8585786437626,-87.,39.2871899584091));
#2682=CARTESIAN_POINT('Ctrl Pts',(-20.1414213562376,-87.,39.2871899584091));
#2683=CARTESIAN_POINT('Ctrl Pts',(-20.0942809041584,-87.,39.2871899584091));
#2684=CARTESIAN_POINT('Ctrl Pts',(-20.0471404520792,-87.,39.2871899584091));
#2685=CARTESIAN_POINT('Ctrl Pts',(-19.9999999999999,-87.,39.2871899584091));
#2686=CARTESIAN_POINT('Ctrl Pts',(-45.0370702919229,-72.0373124193085,39.9219249041804));
#2687=CARTESIAN_POINT('Ctrl Pts',(-45.035544617042,-72.0829294533841,39.9207075758226));
#2688=CARTESIAN_POINT('Ctrl Pts',(-45.0340183971549,-72.1285462176186,39.9194839830577));
#2689=CARTESIAN_POINT('Ctrl Pts',(-45.0324916420623,-72.1741627106068,39.9182541175202));
#2690=CARTESIAN_POINT('Ctrl Pts',(-45.3713664839606,-61.6237826627772,40.0945862879502));
#2691=CARTESIAN_POINT('Ctrl Pts',(-45.3698940990959,-61.6724028621401,40.0942528466347));
#2692=CARTESIAN_POINT('Ctrl Pts',(-45.3684124696172,-61.7210230121913,40.0939130237889));
#2693=CARTESIAN_POINT('Ctrl Pts',(-45.3669332734018,-61.7696456613903,40.0935667903122));
#2694=CARTESIAN_POINT('Ctrl Pts',(-45.9820206237156,-32.9786886786106,39.6290810332636));
#2695=CARTESIAN_POINT('Ctrl Pts',(-45.9815930457626,-33.0253920080815,39.6307970107766));
#2696=CARTESIAN_POINT('Ctrl Pts',(-45.9811617618689,-33.0720956012892,39.6325089045763));
#2697=CARTESIAN_POINT('Ctrl Pts',(-45.9807270986452,-33.1187994764332,39.6342167066938));
#2698=CARTESIAN_POINT('Ctrl Pts',(-46.0084266007061,-20.9897539921859,39.1039618680606));
#2699=CARTESIAN_POINT('Ctrl Pts',(-46.0086755836909,-21.0366441028881,39.1063260218846));
#2700=CARTESIAN_POINT('Ctrl Pts',(-46.0089201416521,-21.0835342058462,39.1086867746671));
#2701=CARTESIAN_POINT('Ctrl Pts',(-46.0091602603008,-21.1304242985115,39.1110441178378));
#2702=CARTESIAN_POINT('Ctrl Pts',(-30.0000000000002,2.99999999999998,37.639392672891));
#2703=CARTESIAN_POINT('Ctrl Pts',(-30.0471404520793,2.99999999999998,37.639392672891));
#2704=CARTESIAN_POINT('Ctrl Pts',(-30.0942809041585,2.99999999999998,37.639392672891));
#2705=CARTESIAN_POINT('Ctrl Pts',(-30.1414213562376,2.99999999999998,37.639392672891));
#2706=CARTESIAN_POINT('Origin',(0.00143879006058167,2.99999999999999,40.9275718733402));
#2707=CARTESIAN_POINT('Ctrl Pts',(9.99999999999987,2.99999999999998,35.2408582088076));
#2708=CARTESIAN_POINT('Ctrl Pts',(14.2516104373661,2.99999999999998,35.2408582088076));
#2709=CARTESIAN_POINT('Ctrl Pts',(18.5032208747323,2.99999999999998,35.2408582088076));
#2710=CARTESIAN_POINT('Ctrl Pts',(25.1698875413991,2.99999999999998,35.2408582088076));
#2711=CARTESIAN_POINT('Ctrl Pts',(27.5849437706995,2.99999999999998,35.2408582088076));
#2712=CARTESIAN_POINT('Ctrl Pts',(30.,2.99999999999998,35.2408582088076));
#2713=CARTESIAN_POINT('',(4.57923025128992E-14,2.99999999999999,35.2408582088077));
#2714=CARTESIAN_POINT('Ctrl Pts',(-4.90981684701012E-14,2.99999999999998,
35.2408582088077));
#2715=CARTESIAN_POINT('Ctrl Pts',(3.28619288125413,2.99999999999998,35.2408582088077));
#2716=CARTESIAN_POINT('Ctrl Pts',(6.57238576250832,2.99999999999998,35.2408582088077));
#2717=CARTESIAN_POINT('Ctrl Pts',(9.8585786437625,2.99999999999998,35.2408582088077));
#2718=CARTESIAN_POINT('Ctrl Pts',(-9.85857864376269,2.99999999999998,35.2408582088077));
#2719=CARTESIAN_POINT('Ctrl Pts',(-6.57238576250844,2.99999999999998,35.2408582088077));
#2720=CARTESIAN_POINT('Ctrl Pts',(-3.2861928812542,2.99999999999998,35.2408582088077));
#2721=CARTESIAN_POINT('Ctrl Pts',(4.90981684701012E-14,2.99999999999998,
35.2408582088077));
#2722=CARTESIAN_POINT('Ctrl Pts',(-30.0000000000002,2.99999999999998,35.2408582088076));
#2723=CARTESIAN_POINT('Ctrl Pts',(-27.5844860926183,2.99999999999998,35.2408582088076));
#2724=CARTESIAN_POINT('Ctrl Pts',(-25.1689721852365,2.99999999999998,35.2408582088076));
#2725=CARTESIAN_POINT('Ctrl Pts',(-18.5023055185698,2.99999999999998,35.2408582088076));
#2726=CARTESIAN_POINT('Ctrl Pts',(-14.2511527592849,2.99999999999998,35.2408582088077));
#2727=CARTESIAN_POINT('Ctrl Pts',(-9.99999999999999,2.99999999999998,35.2408582088077));
#2728=CARTESIAN_POINT('',(-45.4385441581404,2.99999999999999,35.2408582088076));
#2729=CARTESIAN_POINT('Ctrl Pts',(-45.4385441581404,2.99999999999999,35.2408582088076));
#2730=CARTESIAN_POINT('Ctrl Pts',(-40.3395032241728,2.99999999999999,35.2408582088076));
#2731=CARTESIAN_POINT('Ctrl Pts',(-35.2404622902052,2.99999999999998,35.2408582088076));
#2732=CARTESIAN_POINT('Ctrl Pts',(-30.1414213562376,2.99999999999998,35.2408582088076));
#2733=CARTESIAN_POINT('',(-45.4385441581404,2.99999999999999,38.2408582088076));
#2734=CARTESIAN_POINT('Ctrl Pts',(-45.4385441581404,2.99999999999999,38.2408582088076));
#2735=CARTESIAN_POINT('Ctrl Pts',(-45.4385441581404,2.99999999999999,37.7408582088076));
#2736=CARTESIAN_POINT('Ctrl Pts',(-45.4385441581404,2.99999999999999,37.2408582088076));
#2737=CARTESIAN_POINT('Ctrl Pts',(-45.4385441581404,2.99999999999999,36.2408582088076));
#2738=CARTESIAN_POINT('Ctrl Pts',(-45.4385441581404,2.99999999999999,35.7408582088076));
#2739=CARTESIAN_POINT('Ctrl Pts',(-45.4385441581404,2.99999999999999,35.2408582088076));
#2740=CARTESIAN_POINT('',(4.57923025128992E-14,2.99999999999999,38.2408582088077));
#2741=CARTESIAN_POINT('Ctrl Pts',(4.90981684701012E-14,2.99999999999998,
38.2408582088077));
#2742=CARTESIAN_POINT('Ctrl Pts',(-7.58448609261818,2.99999999999998,38.2408582088077));
#2743=CARTESIAN_POINT('Ctrl Pts',(-15.1689721852364,2.99999999999998,38.2408582088076));
#2744=CARTESIAN_POINT('Ctrl Pts',(-30.3151535712833,2.99999999999998,38.2408582088076));
#2745=CARTESIAN_POINT('Ctrl Pts',(-37.8768488647118,2.99999999999999,38.2408582088076));
#2746=CARTESIAN_POINT('Ctrl Pts',(-45.4385441581404,2.99999999999999,38.2408582088076));
#2747=CARTESIAN_POINT('',(45.4385441581404,2.99999999999999,38.2408582088076));
#2748=CARTESIAN_POINT('Ctrl Pts',(45.4385441581404,2.99999999999999,38.2408582088076));
#2749=CARTESIAN_POINT('Ctrl Pts',(37.8773065427931,2.99999999999999,38.2408582088076));
#2750=CARTESIAN_POINT('Ctrl Pts',(30.3160689274459,2.99999999999998,38.2408582088076));
#2751=CARTESIAN_POINT('Ctrl Pts',(15.169887541399,2.99999999999998,38.2408582088076));
#2752=CARTESIAN_POINT('Ctrl Pts',(7.58494377069949,2.99999999999998,38.2408582088077));
#2753=CARTESIAN_POINT('Ctrl Pts',(-4.90981684701012E-14,2.99999999999998,
38.2408582088077));
#2754=CARTESIAN_POINT('',(45.4385441581404,2.99999999999999,35.2408582088076));
#2755=CARTESIAN_POINT('Ctrl Pts',(45.4385441581404,2.99999999999999,35.2408582088076));
#2756=CARTESIAN_POINT('Ctrl Pts',(45.4385441581404,2.99999999999999,35.7408582088076));
#2757=CARTESIAN_POINT('Ctrl Pts',(45.4385441581404,2.99999999999999,36.2408582088076));
#2758=CARTESIAN_POINT('Ctrl Pts',(45.4385441581404,2.99999999999999,37.2408582088076));
#2759=CARTESIAN_POINT('Ctrl Pts',(45.4385441581404,2.99999999999999,37.7408582088076));
#2760=CARTESIAN_POINT('Ctrl Pts',(45.4385441581404,2.99999999999999,38.2408582088076));
#2761=CARTESIAN_POINT('Ctrl Pts',(30.1414213562373,2.99999999999998,35.2408582088076));
#2762=CARTESIAN_POINT('Ctrl Pts',(35.240462290205,2.99999999999998,35.2408582088076));
#2763=CARTESIAN_POINT('Ctrl Pts',(40.3395032241727,2.99999999999999,35.2408582088076));
#2764=CARTESIAN_POINT('Ctrl Pts',(45.4385441581404,2.99999999999999,35.2408582088076));
#2765=CARTESIAN_POINT('Ctrl Pts',(44.7819780336295,14.6523365413869,37.3901683273458));
#2766=CARTESIAN_POINT('Ctrl Pts',(44.7819780336295,14.6523365413869,34.3901683273458));
#2767=CARTESIAN_POINT('Ctrl Pts',(45.7624885994171,0.39013209778644,38.469527959049));
#2768=CARTESIAN_POINT('Ctrl Pts',(45.7624885994171,0.39013209778644,35.469527959049));
#2769=CARTESIAN_POINT('Ctrl Pts',(46.0685293209851,-13.9543876447822,39.4362220519454));
#2770=CARTESIAN_POINT('Ctrl Pts',(46.0685293209851,-13.9543876447822,36.4362220519454));
#2771=CARTESIAN_POINT('Ctrl Pts',(45.9573249059463,-42.5784407647966,40.6492302658366));
#2772=CARTESIAN_POINT('Ctrl Pts',(45.9573249059463,-42.5784407647966,37.6492302658366));
#2773=CARTESIAN_POINT('Ctrl Pts',(45.5406318900409,-56.9160297050184,40.9004703766613));
#2774=CARTESIAN_POINT('Ctrl Pts',(45.5406318900409,-56.9160297050184,37.9004703766613));
#2775=CARTESIAN_POINT('Ctrl Pts',(44.8436864491087,-77.8488233457523,40.3773811985672));
#2776=CARTESIAN_POINT('Ctrl Pts',(44.8436864491087,-77.8488233457523,37.3773811985672));
#2777=CARTESIAN_POINT('Ctrl Pts',(44.6425201972409,-84.1460771472875,40.0734628515183));
#2778=CARTESIAN_POINT('Ctrl Pts',(44.6425201972409,-84.1460771472875,37.0734628515183));
#2779=CARTESIAN_POINT('Ctrl Pts',(44.1629840680023,-96.5274253189845,39.3040370801807));
#2780=CARTESIAN_POINT('Ctrl Pts',(44.1629840680023,-96.5274253189845,36.3040370801807));
#2781=CARTESIAN_POINT('Ctrl Pts',(43.8710770038739,-102.733285557825,38.8346235969102));
#2782=CARTESIAN_POINT('Ctrl Pts',(43.8710770038739,-102.733285557825,35.8346235969102));
#2783=CARTESIAN_POINT('Ctrl Pts',(42.7738722077873,-122.562090837875,37.0674859877332));
#2784=CARTESIAN_POINT('Ctrl Pts',(42.7738722077873,-122.562090837875,34.0674859877332));
#2785=CARTESIAN_POINT('Ctrl Pts',(41.7740526758104,-136.12883711142,35.4536802166303));
#2786=CARTESIAN_POINT('Ctrl Pts',(41.7740526758104,-136.12883711142,32.4536802166303));
#2787=CARTESIAN_POINT('Ctrl Pts',(40.5334178355088,-149.630923137666,33.4485948593972));
#2788=CARTESIAN_POINT('Ctrl Pts',(40.5334178355088,-149.630923137666,30.4485948593972));
#2789=CARTESIAN_POINT('Ctrl Pts',(45.4385441581404,3.00000000000146,35.2408582088075));
#2790=CARTESIAN_POINT('Ctrl Pts',(45.7941228638032,-4.98562260537418,35.7992430140198));
#2791=CARTESIAN_POINT('Ctrl Pts',(45.965934929164,-12.9885443791694,36.3015071727771));
#2792=CARTESIAN_POINT('Ctrl Pts',(46.0084266007057,-20.9915733992943,36.704683577054));
#2793=CARTESIAN_POINT('',(44.5271043202656,-87.,39.8881769151089));
#2794=CARTESIAN_POINT('Ctrl Pts',(45.4385441581404,3.00000000000146,38.2408582088075));
#2795=CARTESIAN_POINT('Ctrl Pts',(45.902109501461,-7.41079745703386,38.9688203724888));
#2796=CARTESIAN_POINT('Ctrl Pts',(46.0533909898917,-17.8509990627338,39.6013496680975));
#2797=CARTESIAN_POINT('Ctrl Pts',(45.9573249059463,-42.5784407647966,40.6492302658366));
#2798=CARTESIAN_POINT('Ctrl Pts',(45.5406318900409,-56.9160297050184,40.9004703766613));
#2799=CARTESIAN_POINT('Ctrl Pts',(44.8831355346012,-76.6639679504354,40.4069895272754));
#2800=CARTESIAN_POINT('Ctrl Pts',(44.7099914108127,-81.8890881985523,40.1813184327581));
#2801=CARTESIAN_POINT('Ctrl Pts',(44.5271043202656,-87.,39.8881769151089));
#2802=CARTESIAN_POINT('',(44.5271043202656,-87.,36.8881769151089));
#2803=CARTESIAN_POINT('Ctrl Pts',(44.5271043202656,-87.,39.8881769151089));
#2804=CARTESIAN_POINT('Ctrl Pts',(44.5271043202656,-87.,39.3881769151089));
#2805=CARTESIAN_POINT('Ctrl Pts',(44.5271043202656,-87.,38.8881769151089));
#2806=CARTESIAN_POINT('Ctrl Pts',(44.5271043202656,-87.,37.8881769151089));
#2807=CARTESIAN_POINT('Ctrl Pts',(44.5271043202656,-87.,37.3881769151089));
#2808=CARTESIAN_POINT('Ctrl Pts',(44.5271043202656,-87.,36.8881769151089));
#2809=CARTESIAN_POINT('Ctrl Pts',(45.03253881969,-72.1739601759122,37.518251591252));
#2810=CARTESIAN_POINT('Ctrl Pts',(44.9874617733268,-73.5205715682668,37.4819885562978));
#2811=CARTESIAN_POINT('Ctrl Pts',(44.9423813432519,-74.8532329273089,37.4406328467329));
#2812=CARTESIAN_POINT('Ctrl Pts',(44.8974978085796,-76.1737720148173,37.3942260946974));
#2813=CARTESIAN_POINT('Ctrl Pts',(44.8526548561213,-77.4931171143674,37.3478613021189));
#2814=CARTESIAN_POINT('Ctrl Pts',(44.8080079657555,-78.8003619707074,37.2964548405578));
#2815=CARTESIAN_POINT('Ctrl Pts',(44.763732132803,-80.0973268385631,37.2400026363492));
#2816=CARTESIAN_POINT('Ctrl Pts',(44.719772406193,-81.3850320540636,37.18395347142));
#2817=CARTESIAN_POINT('Ctrl Pts',(44.6761780134999,-82.6626036466911,37.1229305349296));
#2818=CARTESIAN_POINT('Ctrl Pts',(44.6331027239829,-83.9318190168139,37.0568817958511));
#2819=CARTESIAN_POINT('Ctrl Pts',(44.6230696423138,-84.2274442257631,37.041497746185));
#2820=CARTESIAN_POINT('Ctrl Pts',(44.6130646634022,-84.5226160750327,37.0258408255162));
#2821=CARTESIAN_POINT('Ctrl Pts',(44.6030896312526,-84.8173569827448,37.0099099822374));
#2822=CARTESIAN_POINT('Ctrl Pts',(44.6010285839534,-84.878256531007,37.0066183415668));
#2823=CARTESIAN_POINT('Ctrl Pts',(44.5989632219915,-84.9391374717817,37.0033150173808));
#2824=CARTESIAN_POINT('Ctrl Pts',(44.5968935485512,-85.,37.));
#2825=CARTESIAN_POINT('Ctrl Pts',(44.5968934793563,-85.0000020348019,36.9999998891698));
#2826=CARTESIAN_POINT('Ctrl Pts',(44.5968934101614,-85.0000040696038,36.9999997783397));
#2827=CARTESIAN_POINT('Ctrl Pts',(44.5968933409665,-85.0000061044056,36.9999996675095));
#2828=CARTESIAN_POINT('Ctrl Pts',(44.5741513699118,-85.668775092569,36.9635736227295));
#2829=CARTESIAN_POINT('Ctrl Pts',(44.5508878838334,-86.335351142851,36.9262985228098));
#2830=CARTESIAN_POINT('Ctrl Pts',(44.5271043202656,-87.0000000000001,36.8881769151089));
#2831=CARTESIAN_POINT('Ctrl Pts',(45.3669332734022,-61.7744880828348,37.6933624296545));
#2832=CARTESIAN_POINT('Ctrl Pts',(45.2712431805417,-64.9196198458669,37.6709884273971));
#2833=CARTESIAN_POINT('Ctrl Pts',(45.1694881903388,-68.0633506007994,37.6219101889767));
#2834=CARTESIAN_POINT('Ctrl Pts',(45.0648981504263,-71.2047180505043,37.543410618133));
#2835=CARTESIAN_POINT('Ctrl Pts',(45.0556399967363,-71.4827871923678,37.5364619536897));
#2836=CARTESIAN_POINT('Ctrl Pts',(45.0463792624013,-71.7602484691622,37.5292974839907));
#2837=CARTESIAN_POINT('Ctrl Pts',(45.0371178921373,-72.0371178921289,37.521917804332));
#2838=CARTESIAN_POINT('Ctrl Pts',(45.9807137197315,-33.1221478337004,37.2345352000089));
#2839=CARTESIAN_POINT('Ctrl Pts',(45.8922909755347,-42.6192857863526,37.5815059252211));
#2840=CARTESIAN_POINT('Ctrl Pts',(45.6596890017715,-52.1302816262139,37.7595533348678));
#2841=CARTESIAN_POINT('Ctrl Pts',(45.3713293186599,-61.6286326559433,37.694419996798));
#2842=CARTESIAN_POINT('Ctrl Pts',(46.0091602602964,-21.1322610959408,36.7117609264362));
#2843=CARTESIAN_POINT('Ctrl Pts',(46.0213647078057,-23.5158264359268,36.8314939519936));
#2844=CARTESIAN_POINT('Ctrl Pts',(46.0221229910261,-25.8993922245507,36.9424183131624));
#2845=CARTESIAN_POINT('Ctrl Pts',(46.0128646051913,-28.2825038305127,37.0434079927347));
#2846=CARTESIAN_POINT('Ctrl Pts',(46.0067805211941,-29.8485490833298,37.1097726597868));
#2847=CARTESIAN_POINT('Ctrl Pts',(45.9963679099194,-31.4150944135886,37.1718769250262));
#2848=CARTESIAN_POINT('Ctrl Pts',(45.9820206237154,-32.9820206237156,37.2293905357045));
#2849=CARTESIAN_POINT('Ctrl Pts',(-40.5334178355088,-149.630923137666,33.4485948593972));
#2850=CARTESIAN_POINT('Ctrl Pts',(-40.5334178355088,-149.630923137666,30.4485948593972));
#2851=CARTESIAN_POINT('Ctrl Pts',(-42.0694424301352,-132.914049210416,35.9310823109721));
#2852=CARTESIAN_POINT('Ctrl Pts',(-42.0694424301352,-132.914049210416,32.9310823109721));
#2853=CARTESIAN_POINT('Ctrl Pts',(-43.0498484589213,-118.014687104619,37.512311936877));
#2854=CARTESIAN_POINT('Ctrl Pts',(-43.0498484589213,-118.014687104619,34.512311936877));
#2855=CARTESIAN_POINT('Ctrl Pts',(-43.670166716259,-106.30865565841,38.5109978802263));
#2856=CARTESIAN_POINT('Ctrl Pts',(-43.670166716259,-106.30865565841,35.5109978802263));
#2857=CARTESIAN_POINT('Ctrl Pts',(-44.1684287834801,-96.9059476801271,39.3131785620808));
#2858=CARTESIAN_POINT('Ctrl Pts',(-44.1684287834801,-96.9059476801271,36.3131785620808));
#2859=CARTESIAN_POINT('Ctrl Pts',(-44.441651094943,-89.5651872009697,39.7513465943514));
#2860=CARTESIAN_POINT('Ctrl Pts',(-44.441651094943,-89.5651872009697,36.7513465943514));
#2861=CARTESIAN_POINT('Ctrl Pts',(-44.5968935485512,-85.,40.));
#2862=CARTESIAN_POINT('Ctrl Pts',(-44.5968935485512,-85.,37.));
#2863=CARTESIAN_POINT('Ctrl Pts',(-44.5989810004381,-84.9386146739174,40.0033434927672));
#2864=CARTESIAN_POINT('Ctrl Pts',(-44.5989810004381,-84.9386146739174,37.0033434927672));
#2865=CARTESIAN_POINT('Ctrl Pts',(-44.6010463750108,-84.877730853855,40.0066467555126));
#2866=CARTESIAN_POINT('Ctrl Pts',(-44.6010463750108,-84.877730853855,37.0066467555126));
#2867=CARTESIAN_POINT('Ctrl Pts',(-44.6030898579173,-84.8173502852878,40.0099103442371));
#2868=CARTESIAN_POINT('Ctrl Pts',(-44.6030898579173,-84.8173502852878,37.0099103442371));
#2869=CARTESIAN_POINT('Ctrl Pts',(-44.6202584975026,-84.3100535438183,40.0373298926898));
#2870=CARTESIAN_POINT('Ctrl Pts',(-44.6202584975026,-84.3100535438183,37.0373298926898));
#2871=CARTESIAN_POINT('Ctrl Pts',(-44.6362686567394,-83.8382937914267,40.0619522465972));
#2872=CARTESIAN_POINT('Ctrl Pts',(-44.6362686567394,-83.8382937914267,37.0619522465972));
#2873=CARTESIAN_POINT('Ctrl Pts',(-44.6510591412321,-83.4030976423477,40.0840803706063));
#2874=CARTESIAN_POINT('Ctrl Pts',(-44.6510591412321,-83.4030976423477,37.0840803706063));
#2875=CARTESIAN_POINT('Ctrl Pts',(-44.665148744591,-82.9885242639795,40.1051599025526));
#2876=CARTESIAN_POINT('Ctrl Pts',(-44.665148744591,-82.9885242639795,37.1051599025526));
#2877=CARTESIAN_POINT('Ctrl Pts',(-44.679211802468,-82.5753686857261,40.1255892916479));
#2878=CARTESIAN_POINT('Ctrl Pts',(-44.679211802468,-82.5753686857261,37.1255892916479));
#2879=CARTESIAN_POINT('Ctrl Pts',(-44.693314912906,-82.1614535403745,40.1454858909202));
#2880=CARTESIAN_POINT('Ctrl Pts',(-44.693314912906,-82.1614535403745,37.1454858909202));
#2881=CARTESIAN_POINT('Ctrl Pts',(-45.2231952025072,-66.6098858168074,40.8930384135273));
#2882=CARTESIAN_POINT('Ctrl Pts',(-45.2231952025072,-66.6098858168074,37.8930384135273));
#2883=CARTESIAN_POINT('Ctrl Pts',(-45.7740859902146,-51.0147757087808,40.8388827775554));
#2884=CARTESIAN_POINT('Ctrl Pts',(-45.7740859902146,-51.0147757087808,37.8388827775554));
#2885=CARTESIAN_POINT('Ctrl Pts',(-45.9564409755546,-35.4319825318391,40.3155180987983));
#2886=CARTESIAN_POINT('Ctrl Pts',(-45.9564409755546,-35.4319825318391,37.3155180987983));
#2887=CARTESIAN_POINT('Ctrl Pts',(-46.074888830922,-25.3102497533178,39.9755689405219));
#2888=CARTESIAN_POINT('Ctrl Pts',(-46.074888830922,-25.3102497533178,36.9755689405219));
#2889=CARTESIAN_POINT('Ctrl Pts',(-46.0383341075947,-15.1966756673496,39.4371211136319));
#2890=CARTESIAN_POINT('Ctrl Pts',(-46.0383341075947,-15.1966756673496,36.4371211136319));
#2891=CARTESIAN_POINT('Ctrl Pts',(-45.7378840201618,-5.09154146116419,38.7854536305053));
#2892=CARTESIAN_POINT('Ctrl Pts',(-45.7378840201618,-5.09154146116419,35.7854536305053));
#2893=CARTESIAN_POINT('Ctrl Pts',(-45.5418862931301,1.50051298849693,38.3603402728603));
#2894=CARTESIAN_POINT('Ctrl Pts',(-45.5418862931301,1.50051298849693,35.3603402728603));
#2895=CARTESIAN_POINT('Ctrl Pts',(-45.2334717221451,8.0850485229945,37.887178842435));
#2896=CARTESIAN_POINT('Ctrl Pts',(-45.2334717221451,8.0850485229945,34.887178842435));
#2897=CARTESIAN_POINT('Ctrl Pts',(-44.7819780336295,14.6523365413869,37.3901683273458));
#2898=CARTESIAN_POINT('Ctrl Pts',(-44.7819780336295,14.6523365413869,34.3901683273458));
#2899=CARTESIAN_POINT('Ctrl Pts',(-45.9820206237154,-32.9820206237155,37.2293905357045));
#2900=CARTESIAN_POINT('Ctrl Pts',(-46.0015271516071,-30.8516323825068,37.151195200719));
#2901=CARTESIAN_POINT('Ctrl Pts',(-46.0137612455493,-28.7218497172366,37.064510490298));
#2902=CARTESIAN_POINT('Ctrl Pts',(-46.0177311918126,-26.5929705004269,36.9701637755492));
#2903=CARTESIAN_POINT('Ctrl Pts',(-46.0211252722829,-24.7728986671756,36.8895026479858));
#2904=CARTESIAN_POINT('Ctrl Pts',(-46.0184808176634,-22.9525940092046,36.8032012421559));
#2905=CARTESIAN_POINT('Ctrl Pts',(-46.0091602602964,-21.1322610959412,36.7117609264362));
#2906=CARTESIAN_POINT('Ctrl Pts',(-45.3713664840172,-61.628633515983,37.6943808764808));
#2907=CARTESIAN_POINT('Ctrl Pts',(-45.5029912952848,-57.2938161442596,37.7240806866288));
#2908=CARTESIAN_POINT('Ctrl Pts',(-45.623018259766,-52.9559788691351,37.7031377502574));
#2909=CARTESIAN_POINT('Ctrl Pts',(-45.723001343293,-48.6176401536796,37.6386063345294));
#2910=CARTESIAN_POINT('Ctrl Pts',(-45.8081374866784,-44.9235209696706,37.5836574804986));
#2911=CARTESIAN_POINT('Ctrl Pts',(-45.8787395993352,-41.2290380095832,37.4971039005168));
#2912=CARTESIAN_POINT('Ctrl Pts',(-45.9296236825492,-37.5357364925202,37.3832790149715));
#2913=CARTESIAN_POINT('Ctrl Pts',(-45.9498959637736,-36.0643206337429,37.337931040824));
#2914=CARTESIAN_POINT('Ctrl Pts',(-45.9670389794836,-34.5930921931908,37.2882542279444));
#2915=CARTESIAN_POINT('Ctrl Pts',(-45.980727098645,-33.1221484548825,37.2345216067791));
#2916=CARTESIAN_POINT('Ctrl Pts',(-45.037117892137,-72.0371178921371,37.5219178043318));
#2917=CARTESIAN_POINT('Ctrl Pts',(-45.1129267456516,-69.7708060041574,37.5823240982475));
#2918=CARTESIAN_POINT('Ctrl Pts',(-45.1873785300697,-67.5041010423038,37.627264085004));
#2919=CARTESIAN_POINT('Ctrl Pts',(-45.2592617725584,-65.2374799957689,37.6577929135732));
#2920=CARTESIAN_POINT('Ctrl Pts',(-45.2958621749818,-64.0833967967857,37.6733371123665));
#2921=CARTESIAN_POINT('Ctrl Pts',(-45.3318059148698,-62.9290503553647,37.6851490443854));
#2922=CARTESIAN_POINT('Ctrl Pts',(-45.3669332734022,-61.7744880828354,37.6933624296545));
#2923=CARTESIAN_POINT('',(-44.5271043202656,-87.,36.8881769151089));
#2924=CARTESIAN_POINT('Ctrl Pts',(-44.5271043202656,-87.0000000000001,36.8881769151089));
#2925=CARTESIAN_POINT('Ctrl Pts',(-44.5527300550709,-86.2838703374573,36.929251256492));
#2926=CARTESIAN_POINT('Ctrl Pts',(-44.5759249570135,-85.6166197051547,36.9664143915842));
#2927=CARTESIAN_POINT('Ctrl Pts',(-44.5968935485512,-85.,37.));
#2928=CARTESIAN_POINT('Ctrl Pts',(-44.5989810409829,-84.938613475041,37.0033435580667));
#2929=CARTESIAN_POINT('Ctrl Pts',(-44.6010464551827,-84.8777284842126,37.0066468840766));
#2930=CARTESIAN_POINT('Ctrl Pts',(-44.6030899768563,-84.8173467708925,37.0099105341913));
#2931=CARTESIAN_POINT('Ctrl Pts',(-44.6204394364534,-84.3047071893437,37.0376188607215));
#2932=CARTESIAN_POINT('Ctrl Pts',(-44.6366058484088,-83.8283575516448,37.0624708291814));
#2933=CARTESIAN_POINT('Ctrl Pts',(-44.6515261985446,-83.3893551522567,37.0847789132367));
#2934=CARTESIAN_POINT('Ctrl Pts',(-44.7784993702481,-79.653415544388,37.2746221918016));
#2935=CARTESIAN_POINT('Ctrl Pts',(-44.907335215448,-75.9142362906667,37.4175293158741));
#2936=CARTESIAN_POINT('Ctrl Pts',(-45.0325388196896,-72.1739601759269,37.5182515912516));
#2937=CARTESIAN_POINT('',(-44.5271043202656,-87.,39.8881769151089));
#2938=CARTESIAN_POINT('Ctrl Pts',(-44.5271043202656,-87.0000000000001,36.8881769151089));
#2939=CARTESIAN_POINT('Ctrl Pts',(-44.5271043202656,-87.0000000000001,37.3881769151089));
#2940=CARTESIAN_POINT('Ctrl Pts',(-44.5271043202656,-87.0000000000001,37.8881769151089));
#2941=CARTESIAN_POINT('Ctrl Pts',(-44.5271043202656,-87.0000000000001,38.8881769151089));
#2942=CARTESIAN_POINT('Ctrl Pts',(-44.5271043202656,-87.0000000000001,39.3881769151089));
#2943=CARTESIAN_POINT('Ctrl Pts',(-44.5271043202656,-87.0000000000001,39.8881769151089));
#2944=CARTESIAN_POINT('Ctrl Pts',(-44.5271043202656,-87.0000000000001,39.8881769151089));
#2945=CARTESIAN_POINT('Ctrl Pts',(-44.5527301116197,-86.2838687571577,39.9292513471317));
#2946=CARTESIAN_POINT('Ctrl Pts',(-44.5759250571218,-85.6166167609769,39.9664145576971));
#2947=CARTESIAN_POINT('Ctrl Pts',(-44.5968936873668,-84.9999959178746,40.0000002223423));
#2948=CARTESIAN_POINT('Ctrl Pts',(-44.5989811327736,-84.9386107758004,40.0033437045145));
#2949=CARTESIAN_POINT('Ctrl Pts',(-44.6010465004799,-84.8777271457768,40.0066469564194));
#2950=CARTESIAN_POINT('Ctrl Pts',(-44.6030899768563,-84.8173467708924,40.0099105341913));
#2951=CARTESIAN_POINT('Ctrl Pts',(-44.6414901677335,-83.6827029122451,40.0712383825715));
#2952=CARTESIAN_POINT('Ctrl Pts',(-44.6728012294808,-82.7630799269262,40.1172125054326));
#2953=CARTESIAN_POINT('Ctrl Pts',(-44.7059342724427,-81.7911909949964,40.1631319350133));
#2954=CARTESIAN_POINT('Ctrl Pts',(-45.6682919495945,-53.562429270431,41.4968734702587));
#2955=CARTESIAN_POINT('Ctrl Pts',(-46.6944036611567,-25.2042199849091,40.2130034829702));
#2956=CARTESIAN_POINT('Ctrl Pts',(-45.4385441581404,3.00000000000103,38.2408582088076));
#2957=CARTESIAN_POINT('Ctrl Pts',(-46.0097216773279,-20.9887764975417,36.7067584573797));
#2958=CARTESIAN_POINT('Ctrl Pts',(-45.9667842266224,-12.9844612702905,36.3025064732904));
#2959=CARTESIAN_POINT('Ctrl Pts',(-45.7941422339198,-4.98605762141527,35.7992734319796));
#2960=CARTESIAN_POINT('Ctrl Pts',(-45.4385441581404,3.00000000000103,35.2408582088076));
#2961=CARTESIAN_POINT('Ctrl Pts',(19.7137107717655,-67.0000000000002,37.6311308974113));
#2962=CARTESIAN_POINT('Ctrl Pts',(19.8799365226317,-53.7539698336715,37.8536116791177));
#2963=CARTESIAN_POINT('Ctrl Pts',(20.0165720641678,-40.445792574847,37.5756122888104));
#2964=CARTESIAN_POINT('Ctrl Pts',(20.0295889384689,-27.1414213562374,36.9942988718998));
#2965=CARTESIAN_POINT('Ctrl Pts',(13.1424738478436,-67.0000000000002,37.6311308974113));
#2966=CARTESIAN_POINT('Ctrl Pts',(13.2532910150878,-53.7539698336714,37.8536116791177));
#2967=CARTESIAN_POINT('Ctrl Pts',(13.3443813761119,-40.445792574847,37.5756122888104));
#2968=CARTESIAN_POINT('Ctrl Pts',(13.3530592923126,-27.1414213562374,36.9942988718998));
#2969=CARTESIAN_POINT('Ctrl Pts',(6.57123692392181,-67.0000000000002,37.6311308974113));
#2970=CARTESIAN_POINT('Ctrl Pts',(6.62664550754388,-53.7539698336715,37.8536116791177));
#2971=CARTESIAN_POINT('Ctrl Pts',(6.67219068805593,-40.4457925748469,37.5756122888104));
#2972=CARTESIAN_POINT('Ctrl Pts',(6.67652964615629,-27.1414213562374,36.9942988718998));
#2973=CARTESIAN_POINT('Ctrl Pts',(-6.90515391366715E-15,-67.0000000000002,
37.6311308974113));
#2974=CARTESIAN_POINT('Ctrl Pts',(-1.32400254598358E-14,-53.7539698336715,
37.8536116791177));
#2975=CARTESIAN_POINT('Ctrl Pts',(-2.19859610997272E-14,-40.445792574847,
37.5756122888104));
#2976=CARTESIAN_POINT('Ctrl Pts',(-3.06526901213101E-14,-27.1414213562374,
36.9942988718998));
#2977=CARTESIAN_POINT('Ctrl Pts',(6.28719241633346E-15,-67.0000000000001,
37.6311308974113));
#2978=CARTESIAN_POINT('Ctrl Pts',(1.21372506903565E-14,-53.7539698336714,
37.8536116791177));
#2979=CARTESIAN_POINT('Ctrl Pts',(2.03408335784733E-14,-40.4457925748469,
37.5756122888104));
#2980=CARTESIAN_POINT('Ctrl Pts',(2.84812555571317E-14,-27.1414213562374,
36.9942988718998));
#2981=CARTESIAN_POINT('Ctrl Pts',(39.7304030179527,-47.0000000000001,37.6125380632768));
#2982=CARTESIAN_POINT('Ctrl Pts',(39.9550009735167,-33.7208476425242,37.3821847149278));
#2983=CARTESIAN_POINT('Ctrl Pts',(40.0267439609393,-20.412733200033,36.7511571356057));
#2984=CARTESIAN_POINT('Ctrl Pts',(39.7587210539865,-7.14142135623737,35.9160581045634));
#2985=CARTESIAN_POINT('Ctrl Pts',(26.5103881689227,-47.0000000000001,37.6125380632768));
#2986=CARTESIAN_POINT('Ctrl Pts',(26.6602527192837,-33.7208476425242,37.3821847149279));
#2987=CARTESIAN_POINT('Ctrl Pts',(26.7081237273909,-20.412733200033,36.7511571356057));
#2988=CARTESIAN_POINT('Ctrl Pts',(26.5292835757249,-7.14142135623737,35.9160581045634));
#2989=CARTESIAN_POINT('Ctrl Pts',(13.2903733198927,-47.0000000000001,37.6125380632768));
#2990=CARTESIAN_POINT('Ctrl Pts',(13.3655044650508,-33.7208476425242,37.3821847149279));
#2991=CARTESIAN_POINT('Ctrl Pts',(13.3895034938424,-20.412733200033,36.7511571356057));
#2992=CARTESIAN_POINT('Ctrl Pts',(13.2998460974632,-7.14142135623737,35.9160581045634));
#2993=CARTESIAN_POINT('Ctrl Pts',(0.0703584708627451,-47.0000000000001,
37.6125380632768));
#2994=CARTESIAN_POINT('Ctrl Pts',(0.0707562108178348,-33.7208476425242,
37.3821847149279));
#2995=CARTESIAN_POINT('Ctrl Pts',(0.0708832602939633,-20.412733200033,36.7511571356057));
#2996=CARTESIAN_POINT('Ctrl Pts',(0.0704086192015688,-7.14142135623737,
35.9160581045634));
#2997=CARTESIAN_POINT('Ctrl Pts',(19.8585786437626,-87.0000000000001,36.8881769151089));
#2998=CARTESIAN_POINT('Ctrl Pts',(19.8680206159146,-86.3333849351088,36.9264112966443));
#2999=CARTESIAN_POINT('Ctrl Pts',(19.8772287256061,-85.6667182684421,36.9636856582747));
#3000=CARTESIAN_POINT('Ctrl Pts',(19.966105863369,-79.0638233549797,37.3233274944349));
#3001=CARTESIAN_POINT('Ctrl Pts',(20.0487249734348,-73.1089533961795,37.526896231801));
#3002=CARTESIAN_POINT('Ctrl Pts',(20.1252813511403,-67.1414213562374,37.6287365139578));
#3003=CARTESIAN_POINT('Ctrl Pts',(13.239052429175,-87.0000000000001,36.8881769151089));
#3004=CARTESIAN_POINT('Ctrl Pts',(13.2453470772764,-86.3333849351088,36.9264112966443));
#3005=CARTESIAN_POINT('Ctrl Pts',(13.2514858170707,-85.6667182684421,36.9636856582747));
#3006=CARTESIAN_POINT('Ctrl Pts',(13.310737242246,-79.0638233549797,37.3233274944349));
#3007=CARTESIAN_POINT('Ctrl Pts',(13.3658166489565,-73.1089533961795,37.526896231801));
#3008=CARTESIAN_POINT('Ctrl Pts',(13.4168542340935,-67.1414213562374,37.6287365139578));
#3009=CARTESIAN_POINT('Ctrl Pts',(6.61952621458753,-87.0000000000001,36.888176915109));
#3010=CARTESIAN_POINT('Ctrl Pts',(6.6226735386382,-86.3333849351088,36.9264112966443));
#3011=CARTESIAN_POINT('Ctrl Pts',(6.62574290853535,-85.6667182684421,36.9636856582747));
#3012=CARTESIAN_POINT('Ctrl Pts',(6.65536862112301,-79.0638233549797,37.3233274944349));
#3013=CARTESIAN_POINT('Ctrl Pts',(6.68290832447824,-73.1089533961795,37.526896231801));
#3014=CARTESIAN_POINT('Ctrl Pts',(6.70842711704675,-67.1414213562374,37.6287365139578));
#3015=CARTESIAN_POINT('Ctrl Pts',(5.44964161319713E-16,-87.0000000000001,
36.888176915109));
#3016=CARTESIAN_POINT('Ctrl Pts',(3.65422986652272E-16,-86.3333849351088,
36.9264112966443));
#3017=CARTESIAN_POINT('Ctrl Pts',(1.83768266212367E-16,-85.6667182684421,
36.9636856582747));
#3018=CARTESIAN_POINT('Ctrl Pts',(-1.63619468915232E-15,-79.0638233549797,
37.3233274944349));
#3019=CARTESIAN_POINT('Ctrl Pts',(-3.99130755814466E-15,-73.1089533961795,
37.526896231801));
#3020=CARTESIAN_POINT('Ctrl Pts',(-6.83761019774064E-15,-67.1414213562374,
37.6287365139578));
#3021=CARTESIAN_POINT('',(-4.81686073773619E-16,-87.,36.888176915109));
#3022=CARTESIAN_POINT('Ctrl Pts',(19.8585786437625,-87.,36.888176915109));
#3023=CARTESIAN_POINT('Ctrl Pts',(13.239052429175,-87.,36.888176915109));
#3024=CARTESIAN_POINT('Ctrl Pts',(6.6195262145875,-87.,36.888176915109));
#3025=CARTESIAN_POINT('Ctrl Pts',(5.44964161319703E-16,-87.,36.888176915109));
#3026=CARTESIAN_POINT('Ctrl Pts',(-4.81686073773619E-16,-87.,36.888176915109));
#3027=CARTESIAN_POINT('Ctrl Pts',(-3.2321023333859E-16,-86.3333849351087,
36.9264112966443));
#3028=CARTESIAN_POINT('Ctrl Pts',(-1.62648208747382E-16,-85.666718268442,
36.9636856582746));
#3029=CARTESIAN_POINT('Ctrl Pts',(1.44815065646355E-15,-79.0638233549798,
37.3233274944349));
#3030=CARTESIAN_POINT('Ctrl Pts',(3.59675797529256E-15,-73.1089533961795,
37.526896231801));
#3031=CARTESIAN_POINT('Ctrl Pts',(6.22482271040335E-15,-67.1414213562374,
37.6287365139578));
#3032=CARTESIAN_POINT('Ctrl Pts',(20.0155738325844,-27.0000000000001,36.9881082683545));
#3033=CARTESIAN_POINT('Ctrl Pts',(20.0247026095354,-16.9883443155844,36.5490483227922));
#3034=CARTESIAN_POINT('Ctrl Pts',(19.9636905441163,-6.97897621489594,35.9386258050651));
#3035=CARTESIAN_POINT('Ctrl Pts',(19.7924980299587,2.99999999999998,35.2408582088076));
#3036=CARTESIAN_POINT('Ctrl Pts',(13.3437158883896,-27.0000000000001,36.9881082683545));
#3037=CARTESIAN_POINT('Ctrl Pts',(13.3498017396902,-16.9883443155844,36.5490483227922));
#3038=CARTESIAN_POINT('Ctrl Pts',(13.3091270294108,-6.97897621489594,35.9386258050651));
#3039=CARTESIAN_POINT('Ctrl Pts',(13.1949986866391,2.99999999999998,35.2408582088076));
#3040=CARTESIAN_POINT('Ctrl Pts',(6.67185794419476,-27.0000000000001,36.9881082683545));
#3041=CARTESIAN_POINT('Ctrl Pts',(6.6749008698451,-16.9883443155844,36.5490483227922));
#3042=CARTESIAN_POINT('Ctrl Pts',(6.65456351470539,-6.97897621489594,35.9386258050651));
#3043=CARTESIAN_POINT('Ctrl Pts',(6.59749934331952,2.99999999999998,35.2408582088077));
#3044=CARTESIAN_POINT('Ctrl Pts',(-3.07448117749094E-14,-27.0000000000001,
36.9881082683545));
#3045=CARTESIAN_POINT('Ctrl Pts',(-3.72661688716664E-14,-16.9883443155844,
36.5490483227922));
#3046=CARTESIAN_POINT('Ctrl Pts',(-4.37376769334948E-14,-6.97897621489594,
35.9386258050651));
#3047=CARTESIAN_POINT('Ctrl Pts',(-4.90981684701012E-14,2.99999999999998,
35.2408582088077));
#3048=CARTESIAN_POINT('Ctrl Pts',(2.85677833312691E-14,-27.0000000000001,
36.9881082683545));
#3049=CARTESIAN_POINT('Ctrl Pts',(3.46931752094768E-14,-16.9883443155844,
36.5490483227922));
#3050=CARTESIAN_POINT('Ctrl Pts',(4.07779519286059E-14,-6.97897621489581,
35.9386258050651));
#3051=CARTESIAN_POINT('Ctrl Pts',(4.57923025128993E-14,3.00000000000017,
35.2408582088076));
#3052=CARTESIAN_POINT('Ctrl Pts',(44.5816405091735,-87.0000000000001,36.8881769151089));
#3053=CARTESIAN_POINT('Ctrl Pts',(44.6028373236953,-86.3333849351088,36.9264112966443));
#3054=CARTESIAN_POINT('Ctrl Pts',(44.6235091272216,-85.6667182684421,36.9636856582746));
#3055=CARTESIAN_POINT('Ctrl Pts',(44.8230344143183,-79.0638233549797,37.3233274944349));
#3056=CARTESIAN_POINT('Ctrl Pts',(45.0085107029397,-73.1089533961795,37.526896231801));
#3057=CARTESIAN_POINT('Ctrl Pts',(45.1803764225754,-67.1414213562374,37.6287365139578));
#3058=CARTESIAN_POINT('Ctrl Pts',(36.4349007915281,-87.0000000000001,36.8881769151089));
#3059=CARTESIAN_POINT('Ctrl Pts',(36.4522241521173,-86.3333849351088,36.9264112966443));
#3060=CARTESIAN_POINT('Ctrl Pts',(36.4691184409335,-85.6667182684421,36.9636856582746));
#3061=CARTESIAN_POINT('Ctrl Pts',(36.6321829661,-79.0638233549797,37.3233274944349));
#3062=CARTESIAN_POINT('Ctrl Pts',(36.7837657723386,-73.1089533961795,37.526896231801));
#3063=CARTESIAN_POINT('Ctrl Pts',(36.9242251716085,-67.1414213562374,37.6287365139578));
#3064=CARTESIAN_POINT('Ctrl Pts',(28.2881610738827,-87.0000000000001,36.8881769151089));
#3065=CARTESIAN_POINT('Ctrl Pts',(28.3016109805393,-86.3333849351088,36.9264112966443));
#3066=CARTESIAN_POINT('Ctrl Pts',(28.3147277546454,-85.6667182684421,36.9636856582746));
#3067=CARTESIAN_POINT('Ctrl Pts',(28.4413315178816,-79.0638233549797,37.3233274944349));
#3068=CARTESIAN_POINT('Ctrl Pts',(28.5590208417374,-73.1089533961795,37.526896231801));
#3069=CARTESIAN_POINT('Ctrl Pts',(28.6680739206417,-67.1414213562374,37.6287365139578));
#3070=CARTESIAN_POINT('Ctrl Pts',(20.1414213562372,-87.0000000000001,36.8881769151089));
#3071=CARTESIAN_POINT('Ctrl Pts',(20.1509978089612,-86.3333849351088,36.9264112966443));
#3072=CARTESIAN_POINT('Ctrl Pts',(20.1603370683572,-85.6667182684421,36.9636856582746));
#3073=CARTESIAN_POINT('Ctrl Pts',(20.2504800696632,-79.0638233549797,37.3233274944349));
#3074=CARTESIAN_POINT('Ctrl Pts',(20.3342759111362,-73.1089533961795,37.526896231801));
#3075=CARTESIAN_POINT('Ctrl Pts',(20.4119226696749,-67.1414213562374,37.6287365139578));
#3076=CARTESIAN_POINT('Ctrl Pts',(44.5271043202656,-87.,36.8881769151089));
#3077=CARTESIAN_POINT('Ctrl Pts',(37.1334334526629,-87.,36.8881769151089));
#3078=CARTESIAN_POINT('Ctrl Pts',(29.7397625850602,-87.,36.888176915109));
#3079=CARTESIAN_POINT('Ctrl Pts',(21.6112015970508,-87.,36.888176915109));
#3080=CARTESIAN_POINT('Ctrl Pts',(20.8763114766441,-87.,36.888176915109));
#3081=CARTESIAN_POINT('Ctrl Pts',(20.1414213562373,-87.,36.888176915109));
#3082=CARTESIAN_POINT('Ctrl Pts',(30.2062457181415,-7.00000000000008,35.9071513436935));
#3083=CARTESIAN_POINT('Ctrl Pts',(30.1545935374008,-3.66397814431052,35.6968637725836));
#3084=CARTESIAN_POINT('Ctrl Pts',(30.0865968991125,-0.330296600102981,35.4737250884791));
#3085=CARTESIAN_POINT('Ctrl Pts',(30.,2.99999999999998,35.2408582088076));
#3086=CARTESIAN_POINT('Ctrl Pts',(23.4937466696656,-7.00000000000008,35.9071513436935));
#3087=CARTESIAN_POINT('Ctrl Pts',(23.4535727513117,-3.66397814431052,35.6968637725836));
#3088=CARTESIAN_POINT('Ctrl Pts',(23.4006864770875,-0.330296600102976,35.4737250884791));
#3089=CARTESIAN_POINT('Ctrl Pts',(23.3333333333333,2.99999999999998,35.2408582088076));
#3090=CARTESIAN_POINT('Ctrl Pts',(16.7812476211896,-7.00000000000008,35.9071513436935));
#3091=CARTESIAN_POINT('Ctrl Pts',(16.7525519652226,-3.66397814431052,35.6968637725836));
#3092=CARTESIAN_POINT('Ctrl Pts',(16.7147760550624,-0.330296600102985,35.4737250884791));
#3093=CARTESIAN_POINT('Ctrl Pts',(16.6666666666666,2.99999999999998,35.2408582088077));
#3094=CARTESIAN_POINT('Ctrl Pts',(10.0687485727137,-7.00000000000008,35.9071513436935));
#3095=CARTESIAN_POINT('Ctrl Pts',(10.0515311791335,-3.66397814431052,35.6968637725836));
#3096=CARTESIAN_POINT('Ctrl Pts',(10.0288656330374,-0.330296600102981,35.4737250884791));
#3097=CARTESIAN_POINT('Ctrl Pts',(9.99999999999986,2.99999999999998,35.2408582088077));
#3098=CARTESIAN_POINT('Ctrl Pts',(45.0726921675615,-72.0371309247925,37.5219174569591));
#3099=CARTESIAN_POINT('Ctrl Pts',(45.1747169390398,-68.6205685397552,37.6129826256266));
#3100=CARTESIAN_POINT('Ctrl Pts',(45.2740392071598,-65.1993031353688,37.6689989085644));
#3101=CARTESIAN_POINT('Ctrl Pts',(45.3669436680693,-61.7744707744671,37.6933625527834));
#3102=CARTESIAN_POINT('Ctrl Pts',(43.3622716898748,-72.0371309247925,37.5219174569591));
#3103=CARTESIAN_POINT('Ctrl Pts',(43.4604248208991,-68.6205685397552,37.6129826256266));
#3104=CARTESIAN_POINT('Ctrl Pts',(43.5559780032798,-65.1993031353688,37.6689989085644));
#3105=CARTESIAN_POINT('Ctrl Pts',(43.6453569216764,-61.7744707744671,37.6933625527834));
#3106=CARTESIAN_POINT('Ctrl Pts',(41.6518512121881,-72.0371309247925,37.5219174569591));
#3107=CARTESIAN_POINT('Ctrl Pts',(41.7461327027584,-68.6205685397552,37.6129826256266));
#3108=CARTESIAN_POINT('Ctrl Pts',(41.8379167993997,-65.1993031353688,37.6689989085644));
#3109=CARTESIAN_POINT('Ctrl Pts',(41.9237701752834,-61.7744707744671,37.6933625527834));
#3110=CARTESIAN_POINT('Ctrl Pts',(39.9414307345014,-72.0371309247925,37.5219174569591));
#3111=CARTESIAN_POINT('Ctrl Pts',(40.0318405846176,-68.6205685397552,37.6129826256266));
#3112=CARTESIAN_POINT('Ctrl Pts',(40.1198555955196,-65.1993031353688,37.6689989085644));
#3113=CARTESIAN_POINT('Ctrl Pts',(40.2021834288904,-61.7744707744671,37.6933625527834));
#3114=CARTESIAN_POINT('Ctrl Pts',(46.0159303649508,-27.0000000000001,36.9881082683545));
#3115=CARTESIAN_POINT('Ctrl Pts',(46.0369174806842,-16.9883443155844,36.5490483227922));
#3116=CARTESIAN_POINT('Ctrl Pts',(45.8966503578313,-6.97897621489593,35.9386258050651));
#3117=CARTESIAN_POINT('Ctrl Pts',(45.5030776890501,2.99999999999998,35.2408582088076));
#3118=CARTESIAN_POINT('Ctrl Pts',(37.396489402372,-27.0000000000001,36.9881082683545));
#3119=CARTESIAN_POINT('Ctrl Pts',(37.413545331588,-16.9883443155844,36.5490483227922));
#3120=CARTESIAN_POINT('Ctrl Pts',(37.2995522441578,-6.97897621489593,35.9386258050651));
#3121=CARTESIAN_POINT('Ctrl Pts',(36.979701357293,2.99999999999998,35.2408582088076));
#3122=CARTESIAN_POINT('Ctrl Pts',(28.7770484397932,-27.0000000000001,36.9881082683545));
#3123=CARTESIAN_POINT('Ctrl Pts',(28.7901731824917,-16.9883443155844,36.5490483227922));
#3124=CARTESIAN_POINT('Ctrl Pts',(28.7024541304843,-6.97897621489592,35.9386258050651));
#3125=CARTESIAN_POINT('Ctrl Pts',(28.4563250255359,2.99999999999998,35.2408582088076));
#3126=CARTESIAN_POINT('Ctrl Pts',(20.1576074772143,-27.0000000000001,36.9881082683545));
#3127=CARTESIAN_POINT('Ctrl Pts',(20.1668010333954,-16.9883443155844,36.5490483227922));
#3128=CARTESIAN_POINT('Ctrl Pts',(20.1053560168108,-6.97897621489593,35.9386258050651));
#3129=CARTESIAN_POINT('Ctrl Pts',(19.9329486937788,2.99999999999998,35.2408582088076));
#3130=CARTESIAN_POINT('Ctrl Pts',(45.2869350613209,-67.,37.6311308974113));
#3131=CARTESIAN_POINT('Ctrl Pts',(45.6687939042424,-53.7539698336713,37.8536116791177));
#3132=CARTESIAN_POINT('Ctrl Pts',(45.98267721968,-40.4457925748469,37.5756122888104));
#3133=CARTESIAN_POINT('Ctrl Pts',(46.0125799786278,-27.1414213562374,36.9942988718998));
#3134=CARTESIAN_POINT('Ctrl Pts',(36.8091574905039,-67.,37.6311308974113));
#3135=CARTESIAN_POINT('Ctrl Pts',(37.1195318240553,-53.7539698336714,37.8536116791177));
#3136=CARTESIAN_POINT('Ctrl Pts',(37.3746557439218,-40.4457925748469,37.5756122888104));
#3137=CARTESIAN_POINT('Ctrl Pts',(37.3989606645798,-27.1414213562374,36.9942988718998));
#3138=CARTESIAN_POINT('Ctrl Pts',(28.331379919687,-67.,37.6311308974113));
#3139=CARTESIAN_POINT('Ctrl Pts',(28.5702697438682,-53.7539698336713,37.8536116791177));
#3140=CARTESIAN_POINT('Ctrl Pts',(28.7666342681636,-40.4457925748469,37.5756122888104));
#3141=CARTESIAN_POINT('Ctrl Pts',(28.7853413505318,-27.1414213562374,36.9942988718998));
#3142=CARTESIAN_POINT('Ctrl Pts',(19.8536023488701,-67.,37.6311308974113));
#3143=CARTESIAN_POINT('Ctrl Pts',(20.0210076636811,-53.7539698336713,37.8536116791177));
#3144=CARTESIAN_POINT('Ctrl Pts',(20.1586127924054,-40.4457925748469,37.5756122888104));
#3145=CARTESIAN_POINT('Ctrl Pts',(20.1717220364838,-27.1414213562374,36.9942988718998));
#3146=CARTESIAN_POINT('Ctrl Pts',(45.98644955777,-32.9820206237156,37.2293905357045));
#3147=CARTESIAN_POINT('Ctrl Pts',(46.018633232102,-29.0320406492749,37.0844075690729));
#3148=CARTESIAN_POINT('Ctrl Pts',(46.0285681856205,-25.0815454395997,36.9101443125847));
#3149=CARTESIAN_POINT('Ctrl Pts',(46.010600652821,-21.1322610959408,36.7117609264362));
#3150=CARTESIAN_POINT('Ctrl Pts',(44.0055814588075,-32.9820206237156,37.2293905357045));
#3151=CARTESIAN_POINT('Ctrl Pts',(44.0363788201189,-29.0320406492749,37.0844075690729));
#3152=CARTESIAN_POINT('Ctrl Pts',(44.0458858251292,-25.0815454395997,36.9101443125847));
#3153=CARTESIAN_POINT('Ctrl Pts',(44.0286922445021,-21.1322610959408,36.7117609264362));
#3154=CARTESIAN_POINT('Ctrl Pts',(42.024713359845,-32.9820206237156,37.2293905357045));
#3155=CARTESIAN_POINT('Ctrl Pts',(42.0541244081358,-29.0320406492749,37.0844075690729));
#3156=CARTESIAN_POINT('Ctrl Pts',(42.0632034646378,-25.0815454395997,36.9101443125847));
#3157=CARTESIAN_POINT('Ctrl Pts',(42.0467838361832,-21.1322610959408,36.7117609264362));
#3158=CARTESIAN_POINT('Ctrl Pts',(40.0438452608825,-32.9820206237156,37.2293905357045));
#3159=CARTESIAN_POINT('Ctrl Pts',(40.0718699961527,-29.0320406492749,37.0844075690729));
#3160=CARTESIAN_POINT('Ctrl Pts',(40.0805211041464,-25.0815454395997,36.9101443125847));
#3161=CARTESIAN_POINT('Ctrl Pts',(40.0648754278643,-21.1322610959408,36.7117609264362));
#3162=CARTESIAN_POINT('Ctrl Pts',(39.3983661764256,-87.0000000000001,36.8881769151089));
#3163=CARTESIAN_POINT('Ctrl Pts',(39.4170985481096,-86.3333849351088,36.9264112966443));
#3164=CARTESIAN_POINT('Ctrl Pts',(39.4353669490826,-85.6667182684421,36.9636856582746));
#3165=CARTESIAN_POINT('Ctrl Pts',(39.788445433106,-72.4450721932849,37.6838329775717));
#3166=CARTESIAN_POINT('Ctrl Pts',(40.14782463069,-59.8065261308963,37.8319654107894));
#3167=CARTESIAN_POINT('Ctrl Pts',(40.3665326017946,-47.1414213562374,37.6149761602675));
#3168=CARTESIAN_POINT('Ctrl Pts',(26.2888342735019,-87.0000000000001,36.8881769151089));
#3169=CARTESIAN_POINT('Ctrl Pts',(26.3013335789946,-86.3333849351088,36.9264112966443));
#3170=CARTESIAN_POINT('Ctrl Pts',(26.3135232967984,-85.6667182684421,36.9636856582746));
#3171=CARTESIAN_POINT('Ctrl Pts',(26.5491173747473,-72.4450721932849,37.6838329775717));
#3172=CARTESIAN_POINT('Ctrl Pts',(26.7889156477092,-59.8065261308963,37.8319654107894));
#3173=CARTESIAN_POINT('Ctrl Pts',(26.9348500649111,-47.1414213562374,37.6149761602676));
#3174=CARTESIAN_POINT('Ctrl Pts',(13.1793023705782,-87.0000000000001,36.8881769151089));
#3175=CARTESIAN_POINT('Ctrl Pts',(13.1855686098795,-86.3333849351088,36.9264112966443));
#3176=CARTESIAN_POINT('Ctrl Pts',(13.1916796445141,-85.6667182684421,36.9636856582746));
#3177=CARTESIAN_POINT('Ctrl Pts',(13.3097893163886,-72.4450721932849,37.6838329775717));
#3178=CARTESIAN_POINT('Ctrl Pts',(13.4300066647285,-59.8065261308963,37.8319654107894));
#3179=CARTESIAN_POINT('Ctrl Pts',(13.5031675280276,-47.1414213562374,37.6149761602675));
#3180=CARTESIAN_POINT('Ctrl Pts',(0.0697704676544886,-87.0000000000001,
36.888176915109));
#3181=CARTESIAN_POINT('Ctrl Pts',(0.0698036407644297,-86.3333849351088,
36.9264112966443));
#3182=CARTESIAN_POINT('Ctrl Pts',(0.0698359922298045,-85.6667182684421,
36.9636856582746));
#3183=CARTESIAN_POINT('Ctrl Pts',(0.0704612580298785,-72.4450721932849,
37.6838329775717));
#3184=CARTESIAN_POINT('Ctrl Pts',(0.071097681747761,-59.8065261308963,37.8319654107894));
#3185=CARTESIAN_POINT('Ctrl Pts',(0.0714849911441741,-47.1414213562374,
37.6149761602676));
#3186=CARTESIAN_POINT('Ctrl Pts',(-44.5816232733336,-87.0000000000002,36.8881769151089));
#3187=CARTESIAN_POINT('Ctrl Pts',(-44.6028200796604,-86.3333849351088,36.9264112966443));
#3188=CARTESIAN_POINT('Ctrl Pts',(-44.6234918751947,-85.6667182684421,36.9636856582746));
#3189=CARTESIAN_POINT('Ctrl Pts',(-44.8230170851524,-79.0638233549798,37.3233274944349));
#3190=CARTESIAN_POINT('Ctrl Pts',(-45.0084933020663,-73.1089533961795,37.526896231801));
#3191=CARTESIAN_POINT('Ctrl Pts',(-45.1803589552564,-67.1414213562375,37.6287365139578));
#3192=CARTESIAN_POINT('Ctrl Pts',(-36.4348893009682,-87.0000000000002,36.8881769151089));
#3193=CARTESIAN_POINT('Ctrl Pts',(-36.4522126560941,-86.3333849351088,36.9264112966443));
#3194=CARTESIAN_POINT('Ctrl Pts',(-36.4691069395823,-85.6667182684421,36.9636856582746));
#3195=CARTESIAN_POINT('Ctrl Pts',(-36.6321714133228,-79.0638233549798,37.3233274944349));
#3196=CARTESIAN_POINT('Ctrl Pts',(-36.7837541717563,-73.1089533961795,37.526896231801));
#3197=CARTESIAN_POINT('Ctrl Pts',(-36.9242135267293,-67.1414213562375,37.6287365139578));
#3198=CARTESIAN_POINT('Ctrl Pts',(-28.2881553286028,-87.0000000000002,36.8881769151089));
#3199=CARTESIAN_POINT('Ctrl Pts',(-28.3016052325278,-86.3333849351088,36.9264112966443));
#3200=CARTESIAN_POINT('Ctrl Pts',(-28.3147220039699,-85.6667182684421,36.9636856582746));
#3201=CARTESIAN_POINT('Ctrl Pts',(-28.4413257414931,-79.0638233549798,37.3233274944349));
#3202=CARTESIAN_POINT('Ctrl Pts',(-28.5590150414464,-73.1089533961795,37.526896231801));
#3203=CARTESIAN_POINT('Ctrl Pts',(-28.6680680982022,-67.1414213562375,37.6287365139578));
#3204=CARTESIAN_POINT('Ctrl Pts',(-20.1414213562374,-87.0000000000002,36.8881769151089));
#3205=CARTESIAN_POINT('Ctrl Pts',(-20.1509978089614,-86.3333849351088,36.9264112966443));
#3206=CARTESIAN_POINT('Ctrl Pts',(-20.1603370683574,-85.6667182684421,36.9636856582746));
#3207=CARTESIAN_POINT('Ctrl Pts',(-20.2504800696634,-79.0638233549798,37.3233274944349));
#3208=CARTESIAN_POINT('Ctrl Pts',(-20.3342759111364,-73.1089533961795,37.526896231801));
#3209=CARTESIAN_POINT('Ctrl Pts',(-20.4119226696751,-67.1414213562375,37.6287365139578));
#3210=CARTESIAN_POINT('Ctrl Pts',(-20.1414213562376,-87.,36.888176915109));
#3211=CARTESIAN_POINT('Ctrl Pts',(-20.8758620197249,-87.,36.888176915109));
#3212=CARTESIAN_POINT('Ctrl Pts',(-21.6103026832122,-87.,36.888176915109));
#3213=CARTESIAN_POINT('Ctrl Pts',(-29.7388636712215,-87.,36.888176915109));
#3214=CARTESIAN_POINT('Ctrl Pts',(-37.1329839957435,-87.,36.8881769151089));
#3215=CARTESIAN_POINT('Ctrl Pts',(-44.5271043202656,-87.,36.8881769151089));
#3216=CARTESIAN_POINT('Ctrl Pts',(-39.7304030179529,-47.0000000000002,37.6125380632768));
#3217=CARTESIAN_POINT('Ctrl Pts',(-39.9550009735169,-33.7208476425243,37.3821847149278));
#3218=CARTESIAN_POINT('Ctrl Pts',(-40.0267439609395,-20.4127332000331,36.7511571356057));
#3219=CARTESIAN_POINT('Ctrl Pts',(-39.7587210539867,-7.14142135623748,35.9160581045634));
#3220=CARTESIAN_POINT('Ctrl Pts',(-26.5103881689229,-47.0000000000002,37.6125380632768));
#3221=CARTESIAN_POINT('Ctrl Pts',(-26.6602527192839,-33.7208476425243,37.3821847149279));
#3222=CARTESIAN_POINT('Ctrl Pts',(-26.708123727391,-20.4127332000331,36.7511571356057));
#3223=CARTESIAN_POINT('Ctrl Pts',(-26.529283575725,-7.14142135623748,35.9160581045634));
#3224=CARTESIAN_POINT('Ctrl Pts',(-13.2903733198929,-47.0000000000002,37.6125380632768));
#3225=CARTESIAN_POINT('Ctrl Pts',(-13.365504465051,-33.7208476425243,37.3821847149279));
#3226=CARTESIAN_POINT('Ctrl Pts',(-13.3895034938426,-20.4127332000331,36.7511571356057));
#3227=CARTESIAN_POINT('Ctrl Pts',(-13.2998460974634,-7.14142135623748,35.9160581045634));
#3228=CARTESIAN_POINT('Ctrl Pts',(-0.0703584708629272,-47.0000000000002,
37.6125380632768));
#3229=CARTESIAN_POINT('Ctrl Pts',(-0.0707562108180181,-33.7208476425243,
37.3821847149279));
#3230=CARTESIAN_POINT('Ctrl Pts',(-0.0708832602941472,-20.4127332000331,
36.7511571356057));
#3231=CARTESIAN_POINT('Ctrl Pts',(-0.0704086192017518,-7.14142135623748,
35.9160581045634));
#3232=CARTESIAN_POINT('Ctrl Pts',(-45.0726854356134,-72.0371178921371,37.5219178043318));
#3233=CARTESIAN_POINT('Ctrl Pts',(-45.1747099052818,-68.6205648320894,37.6129826350017));
#3234=CARTESIAN_POINT('Ctrl Pts',(-45.2740318820659,-65.1993087798426,37.6689987758265));
#3235=CARTESIAN_POINT('Ctrl Pts',(-45.3669360931604,-61.774485788916,37.6933624459731));
#3236=CARTESIAN_POINT('Ctrl Pts',(-43.3622673168672,-72.0371178921371,37.5219178043318));
#3237=CARTESIAN_POINT('Ctrl Pts',(-43.460420162296,-68.6205648320894,37.6129826350017));
#3238=CARTESIAN_POINT('Ctrl Pts',(-43.5559730690315,-65.1993087798426,37.6689987758265));
#3239=CARTESIAN_POINT('Ctrl Pts',(-43.6453517514288,-61.774485788916,37.6933624459731));
#3240=CARTESIAN_POINT('Ctrl Pts',(-41.6518491981209,-72.0371178921371,37.5219178043318));
#3241=CARTESIAN_POINT('Ctrl Pts',(-41.7461304193101,-68.6205648320894,37.6129826350017));
#3242=CARTESIAN_POINT('Ctrl Pts',(-41.8379142559972,-65.1993087798426,37.6689987758265));
#3243=CARTESIAN_POINT('Ctrl Pts',(-41.9237674096972,-61.774485788916,37.6933624459731));
#3244=CARTESIAN_POINT('Ctrl Pts',(-39.9414310793747,-72.0371178921371,37.5219178043318));
#3245=CARTESIAN_POINT('Ctrl Pts',(-40.0318406763243,-68.6205648320894,37.6129826350017));
#3246=CARTESIAN_POINT('Ctrl Pts',(-40.1198554429628,-65.1993087798426,37.6689987758265));
#3247=CARTESIAN_POINT('Ctrl Pts',(-40.2021830679657,-61.774485788916,37.6933624459731));
#3248=CARTESIAN_POINT('Ctrl Pts',(-19.8585786437628,-87.0000000000002,36.8881769151089));
#3249=CARTESIAN_POINT('Ctrl Pts',(-19.8680206159148,-86.3333849351088,36.9264112966443));
#3250=CARTESIAN_POINT('Ctrl Pts',(-19.8772287256063,-85.6667182684421,36.9636856582746));
#3251=CARTESIAN_POINT('Ctrl Pts',(-19.9661058633692,-79.0638233549798,37.3233274944349));
#3252=CARTESIAN_POINT('Ctrl Pts',(-20.048724973435,-73.1089533961795,37.526896231801));
#3253=CARTESIAN_POINT('Ctrl Pts',(-20.1252813511405,-67.1414213562373,37.6287365139578));
#3254=CARTESIAN_POINT('Ctrl Pts',(-13.2390524291752,-87.0000000000002,36.8881769151089));
#3255=CARTESIAN_POINT('Ctrl Pts',(-13.2453470772765,-86.3333849351088,36.9264112966443));
#3256=CARTESIAN_POINT('Ctrl Pts',(-13.2514858170709,-85.6667182684421,36.9636856582746));
#3257=CARTESIAN_POINT('Ctrl Pts',(-13.3107372422461,-79.0638233549798,37.3233274944349));
#3258=CARTESIAN_POINT('Ctrl Pts',(-13.3658166489567,-73.1089533961795,37.526896231801));
#3259=CARTESIAN_POINT('Ctrl Pts',(-13.4168542340937,-67.1414213562373,37.6287365139578));
#3260=CARTESIAN_POINT('Ctrl Pts',(-6.6195262145876,-87.0000000000002,36.8881769151089));
#3261=CARTESIAN_POINT('Ctrl Pts',(-6.62267353863827,-86.3333849351088,36.9264112966443));
#3262=CARTESIAN_POINT('Ctrl Pts',(-6.62574290853544,-85.6667182684421,36.9636856582746));
#3263=CARTESIAN_POINT('Ctrl Pts',(-6.65536862112306,-79.0638233549798,37.3233274944349));
#3264=CARTESIAN_POINT('Ctrl Pts',(-6.68290832447833,-73.1089533961795,37.526896231801));
#3265=CARTESIAN_POINT('Ctrl Pts',(-6.70842711704683,-67.1414213562373,37.6287365139578));
#3266=CARTESIAN_POINT('Ctrl Pts',(-5.44964161319723E-16,-87.0000000000002,
36.8881769151089));
#3267=CARTESIAN_POINT('Ctrl Pts',(-3.65422986652278E-16,-86.3333849351088,
36.9264112966443));
#3268=CARTESIAN_POINT('Ctrl Pts',(-1.83768266212368E-16,-85.6667182684421,
36.9636856582746));
#3269=CARTESIAN_POINT('Ctrl Pts',(1.63619468915233E-15,-79.0638233549798,
37.3233274944349));
#3270=CARTESIAN_POINT('Ctrl Pts',(3.99130755814468E-15,-73.1089533961795,
37.526896231801));
#3271=CARTESIAN_POINT('Ctrl Pts',(6.83761019774069E-15,-67.1414213562373,
37.6287365139578));
#3272=CARTESIAN_POINT('Ctrl Pts',(-5.44964161319703E-16,-87.,36.888176915109));
#3273=CARTESIAN_POINT('Ctrl Pts',(-6.61952621458756,-87.,36.888176915109));
#3274=CARTESIAN_POINT('Ctrl Pts',(-13.2390524291751,-87.,36.888176915109));
#3275=CARTESIAN_POINT('Ctrl Pts',(-19.8585786437627,-87.,36.888176915109));
#3276=CARTESIAN_POINT('Ctrl Pts',(-20.0155738325845,-27.0000000000002,36.9881082683545));
#3277=CARTESIAN_POINT('Ctrl Pts',(-20.0247026095356,-16.9883443155845,36.5490483227922));
#3278=CARTESIAN_POINT('Ctrl Pts',(-19.9636905441164,-6.97897621489597,35.9386258050651));
#3279=CARTESIAN_POINT('Ctrl Pts',(-19.7924980299588,2.99999999999998,35.2408582088076));
#3280=CARTESIAN_POINT('Ctrl Pts',(-13.3437158883897,-27.0000000000002,36.9881082683545));
#3281=CARTESIAN_POINT('Ctrl Pts',(-13.3498017396904,-16.9883443155845,36.5490483227922));
#3282=CARTESIAN_POINT('Ctrl Pts',(-13.3091270294109,-6.97897621489597,35.9386258050651));
#3283=CARTESIAN_POINT('Ctrl Pts',(-13.1949986866392,2.99999999999998,35.2408582088076));
#3284=CARTESIAN_POINT('Ctrl Pts',(-6.67185794419482,-27.0000000000002,36.9881082683545));
#3285=CARTESIAN_POINT('Ctrl Pts',(-6.67490086984516,-16.9883443155845,36.5490483227922));
#3286=CARTESIAN_POINT('Ctrl Pts',(-6.65456351470545,-6.97897621489598,35.9386258050651));
#3287=CARTESIAN_POINT('Ctrl Pts',(-6.59749934331958,2.99999999999998,35.2408582088077));
#3288=CARTESIAN_POINT('Ctrl Pts',(3.07448117749093E-14,-27.0000000000002,
36.9881082683545));
#3289=CARTESIAN_POINT('Ctrl Pts',(3.72661688716663E-14,-16.9883443155845,
36.5490483227922));
#3290=CARTESIAN_POINT('Ctrl Pts',(4.37376769334948E-14,-6.97897621489597,
35.9386258050651));
#3291=CARTESIAN_POINT('Ctrl Pts',(4.90981684701012E-14,2.99999999999998,
35.2408582088077));
#3292=CARTESIAN_POINT('Ctrl Pts',(-19.7137107717656,-67.0000000000002,37.6311308974113));
#3293=CARTESIAN_POINT('Ctrl Pts',(-19.8799365226318,-53.7539698336714,37.8536116791177));
#3294=CARTESIAN_POINT('Ctrl Pts',(-20.016572064168,-40.4457925748469,37.5756122888104));
#3295=CARTESIAN_POINT('Ctrl Pts',(-20.0295889384691,-27.1414213562373,36.9942988718998));
#3296=CARTESIAN_POINT('Ctrl Pts',(-13.1424738478438,-67.0000000000002,37.6311308974113));
#3297=CARTESIAN_POINT('Ctrl Pts',(-13.2532910150879,-53.7539698336714,37.8536116791177));
#3298=CARTESIAN_POINT('Ctrl Pts',(-13.344381376112,-40.4457925748469,37.5756122888104));
#3299=CARTESIAN_POINT('Ctrl Pts',(-13.3530592923127,-27.1414213562373,36.9942988718998));
#3300=CARTESIAN_POINT('Ctrl Pts',(-6.57123692392187,-67.0000000000002,37.6311308974113));
#3301=CARTESIAN_POINT('Ctrl Pts',(-6.62664550754394,-53.7539698336714,37.8536116791177));
#3302=CARTESIAN_POINT('Ctrl Pts',(-6.67219068805599,-40.4457925748469,37.5756122888104));
#3303=CARTESIAN_POINT('Ctrl Pts',(-6.67652964615635,-27.1414213562373,36.9942988718998));
#3304=CARTESIAN_POINT('Ctrl Pts',(6.90515391366714E-15,-67.0000000000002,
37.6311308974113));
#3305=CARTESIAN_POINT('Ctrl Pts',(1.32400254598358E-14,-53.7539698336714,
37.8536116791177));
#3306=CARTESIAN_POINT('Ctrl Pts',(2.19859610997273E-14,-40.4457925748469,
37.5756122888104));
#3307=CARTESIAN_POINT('Ctrl Pts',(3.06526901213102E-14,-27.1414213562373,
36.9942988718998));
#3308=CARTESIAN_POINT('Ctrl Pts',(-45.2869420314389,-67.0000000000002,37.6311308974113));
#3309=CARTESIAN_POINT('Ctrl Pts',(-45.6688009331325,-53.7539698336715,37.8536116791177));
#3310=CARTESIAN_POINT('Ctrl Pts',(-45.9826842968798,-40.445792574847,37.5756122888104));
#3311=CARTESIAN_POINT('Ctrl Pts',(-46.01258706043,-27.1414213562375,36.9942988718998));
#3312=CARTESIAN_POINT('Ctrl Pts',(-36.8091621372494,-67.0000000000002,37.6311308974113));
#3313=CARTESIAN_POINT('Ctrl Pts',(-37.1195365099821,-53.7539698336715,37.8536116791177));
#3314=CARTESIAN_POINT('Ctrl Pts',(-37.3746604620551,-40.445792574847,37.5756122888104));
#3315=CARTESIAN_POINT('Ctrl Pts',(-37.3989653857813,-27.1414213562375,36.9942988718998));
#3316=CARTESIAN_POINT('Ctrl Pts',(-28.3313822430599,-67.0000000000002,37.6311308974113));
#3317=CARTESIAN_POINT('Ctrl Pts',(-28.5702720868317,-53.7539698336715,37.8536116791177));
#3318=CARTESIAN_POINT('Ctrl Pts',(-28.7666366272303,-40.445792574847,37.5756122888104));
#3319=CARTESIAN_POINT('Ctrl Pts',(-28.7853437111327,-27.1414213562375,36.9942988718998));
#3320=CARTESIAN_POINT('Ctrl Pts',(-19.8536023488703,-67.0000000000002,37.6311308974113));
#3321=CARTESIAN_POINT('Ctrl Pts',(-20.0210076636813,-53.7539698336715,37.8536116791177));
#3322=CARTESIAN_POINT('Ctrl Pts',(-20.1586127924056,-40.445792574847,37.5756122888104));
#3323=CARTESIAN_POINT('Ctrl Pts',(-20.171722036484,-27.1414213562375,36.9942988718998));
#3324=CARTESIAN_POINT('Ctrl Pts',(-45.9863401078601,-32.9820206237155,37.2293905357045));
#3325=CARTESIAN_POINT('Ctrl Pts',(-46.0185237055939,-29.032040649217,37.0844075690707));
#3326=CARTESIAN_POINT('Ctrl Pts',(-46.0284586354666,-25.0815454394838,36.9101443125796));
#3327=CARTESIAN_POINT('Ctrl Pts',(-46.0104911454295,-21.1322610957671,36.7117609264275));
#3328=CARTESIAN_POINT('Ctrl Pts',(-44.0055084922009,-32.9820206237155,37.2293905357045));
#3329=CARTESIAN_POINT('Ctrl Pts',(-44.036305802447,-29.032040649217,37.0844075690707));
#3330=CARTESIAN_POINT('Ctrl Pts',(-44.0458127916933,-25.0815454394838,36.9101443125796));
#3331=CARTESIAN_POINT('Ctrl Pts',(-44.0286192395743,-21.1322610957671,36.7117609264275));
#3332=CARTESIAN_POINT('Ctrl Pts',(-42.0246768765418,-32.9820206237155,37.2293905357045));
#3333=CARTESIAN_POINT('Ctrl Pts',(-42.0540878993002,-29.032040649217,37.0844075690707));
#3334=CARTESIAN_POINT('Ctrl Pts',(-42.0631669479201,-25.0815454394838,36.9101443125796));
#3335=CARTESIAN_POINT('Ctrl Pts',(-42.0467473337191,-21.1322610957671,36.7117609264275));
#3336=CARTESIAN_POINT('Ctrl Pts',(-40.0438452608827,-32.9820206237155,37.2293905357045));
#3337=CARTESIAN_POINT('Ctrl Pts',(-40.0718699961534,-29.032040649217,37.0844075690707));
#3338=CARTESIAN_POINT('Ctrl Pts',(-40.0805211041469,-25.0815454394838,36.9101443125796));
#3339=CARTESIAN_POINT('Ctrl Pts',(-40.0648754278638,-21.1322610957671,36.7117609264275));
#3340=CARTESIAN_POINT('Ctrl Pts',(-30.2062457181417,-7.00000000000012,35.9071513436935));
#3341=CARTESIAN_POINT('Ctrl Pts',(-30.154593537401,-3.66397814431054,35.6968637725836));
#3342=CARTESIAN_POINT('Ctrl Pts',(-30.0865968991128,-0.330296600102996,
35.4737250884791));
#3343=CARTESIAN_POINT('Ctrl Pts',(-30.0000000000002,2.99999999999998,35.2408582088076));
#3344=CARTESIAN_POINT('Ctrl Pts',(-23.4937466696658,-7.00000000000012,35.9071513436935));
#3345=CARTESIAN_POINT('Ctrl Pts',(-23.4535727513119,-3.66397814431054,35.6968637725836));
#3346=CARTESIAN_POINT('Ctrl Pts',(-23.4006864770877,-0.330296600102994,
35.4737250884791));
#3347=CARTESIAN_POINT('Ctrl Pts',(-23.3333333333335,2.99999999999998,35.2408582088076));
#3348=CARTESIAN_POINT('Ctrl Pts',(-16.7812476211898,-7.00000000000012,35.9071513436935));
#3349=CARTESIAN_POINT('Ctrl Pts',(-16.7525519652227,-3.66397814431054,35.6968637725836));
#3350=CARTESIAN_POINT('Ctrl Pts',(-16.7147760550626,-0.330296600102996,
35.4737250884791));
#3351=CARTESIAN_POINT('Ctrl Pts',(-16.6666666666667,2.99999999999998,35.2408582088077));
#3352=CARTESIAN_POINT('Ctrl Pts',(-10.0687485727138,-7.00000000000012,35.9071513436935));
#3353=CARTESIAN_POINT('Ctrl Pts',(-10.0515311791336,-3.66397814431054,35.6968637725836));
#3354=CARTESIAN_POINT('Ctrl Pts',(-10.0288656330375,-0.330296600102996,
35.4737250884791));
#3355=CARTESIAN_POINT('Ctrl Pts',(-9.99999999999999,2.99999999999998,35.2408582088077));
#3356=CARTESIAN_POINT('Ctrl Pts',(-46.0159303647369,-27.0000000000002,36.9881082683545));
#3357=CARTESIAN_POINT('Ctrl Pts',(-46.0369174804702,-16.9883443155845,36.5490483227922));
#3358=CARTESIAN_POINT('Ctrl Pts',(-45.8966503576179,-6.97897621489596,35.9386258050651));
#3359=CARTESIAN_POINT('Ctrl Pts',(-45.5030776888385,2.99999999999998,35.2408582088076));
#3360=CARTESIAN_POINT('Ctrl Pts',(-37.3964894022294,-27.0000000000002,36.9881082683545));
#3361=CARTESIAN_POINT('Ctrl Pts',(-37.4135453314453,-16.9883443155845,36.5490483227922));
#3362=CARTESIAN_POINT('Ctrl Pts',(-37.2995522440156,-6.97897621489596,35.9386258050651));
#3363=CARTESIAN_POINT('Ctrl Pts',(-36.979701357152,2.99999999999998,35.2408582088076));
#3364=CARTESIAN_POINT('Ctrl Pts',(-28.777048439722,-27.0000000000002,36.9881082683545));
#3365=CARTESIAN_POINT('Ctrl Pts',(-28.7901731824205,-16.9883443155845,36.5490483227922));
#3366=CARTESIAN_POINT('Ctrl Pts',(-28.7024541304133,-6.97897621489596,35.9386258050651));
#3367=CARTESIAN_POINT('Ctrl Pts',(-28.4563250254655,2.99999999999998,35.2408582088076));
#3368=CARTESIAN_POINT('Ctrl Pts',(-20.1576074772145,-27.0000000000002,36.9881082683545));
#3369=CARTESIAN_POINT('Ctrl Pts',(-20.1668010333956,-16.9883443155845,36.5490483227922));
#3370=CARTESIAN_POINT('Ctrl Pts',(-20.105356016811,-6.97897621489596,35.9386258050651));
#3371=CARTESIAN_POINT('Ctrl Pts',(-19.9329486937789,2.99999999999998,35.2408582088076));
#3372=CARTESIAN_POINT('Ctrl Pts',(-39.3983661764257,-87.0000000000002,36.8881769151089));
#3373=CARTESIAN_POINT('Ctrl Pts',(-39.4170985481098,-86.3333849351088,36.9264112966443));
#3374=CARTESIAN_POINT('Ctrl Pts',(-39.4353669490828,-85.6667182684421,36.9636856582746));
#3375=CARTESIAN_POINT('Ctrl Pts',(-39.7884454331061,-72.445072193285,37.6838329775717));
#3376=CARTESIAN_POINT('Ctrl Pts',(-40.1478246306901,-59.8065261308963,37.8319654107894));
#3377=CARTESIAN_POINT('Ctrl Pts',(-40.3665326017947,-47.1414213562374,37.6149761602675));
#3378=CARTESIAN_POINT('Ctrl Pts',(-26.288834273502,-87.0000000000002,36.8881769151089));
#3379=CARTESIAN_POINT('Ctrl Pts',(-26.3013335789947,-86.3333849351088,36.9264112966443));
#3380=CARTESIAN_POINT('Ctrl Pts',(-26.3135232967985,-85.6667182684421,36.9636856582746));
#3381=CARTESIAN_POINT('Ctrl Pts',(-26.5491173747474,-72.445072193285,37.6838329775717));
#3382=CARTESIAN_POINT('Ctrl Pts',(-26.7889156477094,-59.8065261308963,37.8319654107894));
#3383=CARTESIAN_POINT('Ctrl Pts',(-26.9348500649113,-47.1414213562374,37.6149761602675));
#3384=CARTESIAN_POINT('Ctrl Pts',(-13.1793023705784,-87.0000000000002,36.8881769151089));
#3385=CARTESIAN_POINT('Ctrl Pts',(-13.1855686098797,-86.3333849351088,36.9264112966443));
#3386=CARTESIAN_POINT('Ctrl Pts',(-13.1916796445142,-85.6667182684421,36.9636856582746));
#3387=CARTESIAN_POINT('Ctrl Pts',(-13.3097893163888,-72.445072193285,37.6838329775717));
#3388=CARTESIAN_POINT('Ctrl Pts',(-13.4300066647287,-59.8065261308963,37.8319654107894));
#3389=CARTESIAN_POINT('Ctrl Pts',(-13.5031675280278,-47.1414213562374,37.6149761602676));
#3390=CARTESIAN_POINT('Ctrl Pts',(-0.0697704676546661,-87.0000000000002,
36.8881769151089));
#3391=CARTESIAN_POINT('Ctrl Pts',(-0.0698036407646073,-86.3333849351088,
36.9264112966443));
#3392=CARTESIAN_POINT('Ctrl Pts',(-0.0698359922299821,-85.6667182684421,
36.9636856582746));
#3393=CARTESIAN_POINT('Ctrl Pts',(-0.0704612580300574,-72.445072193285,
37.6838329775717));
#3394=CARTESIAN_POINT('Ctrl Pts',(-0.0710976817479406,-59.8065261308963,
37.8319654107894));
#3395=CARTESIAN_POINT('Ctrl Pts',(-0.0714849911443539,-47.1414213562374,
37.6149761602676));
#3396=CARTESIAN_POINT('Ctrl Pts',(44.6905562067722,-87.0000000000001,39.8881769151089));
#3397=CARTESIAN_POINT('Ctrl Pts',(44.7118048064193,-86.3333849351088,39.9264112966443));
#3398=CARTESIAN_POINT('Ctrl Pts',(44.7325271124366,-85.6667182684421,39.9636856582746));
#3399=CARTESIAN_POINT('Ctrl Pts',(45.6348413003052,-55.8791868794239,41.5861319676331));
#3400=CARTESIAN_POINT('Ctrl Pts',(46.6640639322277,-26.3085113972944,40.2902196971182));
#3401=CARTESIAN_POINT('Ctrl Pts',(45.5080056318978,2.99999999999998,38.2408582088076));
#3402=CARTESIAN_POINT('Ctrl Pts',(29.7937041378481,-87.0000000000001,39.8881769151089));
#3403=CARTESIAN_POINT('Ctrl Pts',(29.8078698709462,-86.3333849351088,39.9264112966443));
#3404=CARTESIAN_POINT('Ctrl Pts',(29.8216847416244,-85.6667182684421,39.9636856582746));
#3405=CARTESIAN_POINT('Ctrl Pts',(30.4232275335368,-55.8791868794239,41.5861319676331));
#3406=CARTESIAN_POINT('Ctrl Pts',(31.1093759548184,-26.3085113972944,40.2902196971182));
#3407=CARTESIAN_POINT('Ctrl Pts',(30.3386704212652,2.99999999999998,38.2408582088076));
#3408=CARTESIAN_POINT('Ctrl Pts',(14.8968520689241,-87.0000000000001,39.8881769151089));
#3409=CARTESIAN_POINT('Ctrl Pts',(14.9039349354731,-86.3333849351088,39.9264112966443));
#3410=CARTESIAN_POINT('Ctrl Pts',(14.9108423708122,-85.6667182684421,39.9636856582746));
#3411=CARTESIAN_POINT('Ctrl Pts',(15.2116137667684,-55.8791868794239,41.5861319676332));
#3412=CARTESIAN_POINT('Ctrl Pts',(15.5546879774092,-26.3085113972944,40.2902196971182));
#3413=CARTESIAN_POINT('Ctrl Pts',(15.1693352106326,2.99999999999998,38.2408582088076));
#3414=CARTESIAN_POINT('Ctrl Pts',(5.44964161319713E-16,-87.0000000000001,
39.8881769151089));
#3415=CARTESIAN_POINT('Ctrl Pts',(3.65422986652272E-16,-86.3333849351088,
39.9264112966443));
#3416=CARTESIAN_POINT('Ctrl Pts',(1.83768266212367E-16,-85.6667182684421,
39.9636856582746));
#3417=CARTESIAN_POINT('Ctrl Pts',(-8.02660072652227E-15,-55.8791868794239,
41.5861319676332));
#3418=CARTESIAN_POINT('Ctrl Pts',(-3.33542660985125E-14,-26.3085113972944,
40.2902196971182));
#3419=CARTESIAN_POINT('Ctrl Pts',(-4.90981684701012E-14,2.99999999999998,
38.2408582088077));
#3420=CARTESIAN_POINT('',(-4.81686073773619E-16,-87.,39.888176915109));
#3421=CARTESIAN_POINT('Ctrl Pts',(-4.81686073773619E-16,-87.,39.888176915109));
#3422=CARTESIAN_POINT('Ctrl Pts',(-3.2321023333859E-16,-86.3333849351087,
39.9264112966443));
#3423=CARTESIAN_POINT('Ctrl Pts',(-1.62648208747382E-16,-85.666718268442,
39.9636856582746));
#3424=CARTESIAN_POINT('Ctrl Pts',(7.10412225901193E-15,-55.8791868794238,
41.586131967633));
#3425=CARTESIAN_POINT('Ctrl Pts',(3.10650250763203E-14,-26.3085113972944,
40.2902196971182));
#3426=CARTESIAN_POINT('Ctrl Pts',(4.57923025128992E-14,2.99999999999999,
38.2408582088077));
#3427=CARTESIAN_POINT('Ctrl Pts',(5.44964161319703E-16,-87.,39.888176915109));
#3428=CARTESIAN_POINT('Ctrl Pts',(7.44869723915252,-87.,39.888176915109));
#3429=CARTESIAN_POINT('Ctrl Pts',(14.897394478305,-87.,39.8881769151089));
#3430=CARTESIAN_POINT('Ctrl Pts',(29.7397625850602,-87.,39.8881769151089));
#3431=CARTESIAN_POINT('Ctrl Pts',(37.1334334526629,-87.,39.8881769151089));
#3432=CARTESIAN_POINT('Ctrl Pts',(44.5271043202656,-87.,39.8881769151089));
#3433=CARTESIAN_POINT('Origin',(-0.458861168187337,-87.,44.7588112769113));
#3434=CARTESIAN_POINT('Ctrl Pts',(-44.5271043202656,-87.,39.8881769151089));
#3435=CARTESIAN_POINT('Ctrl Pts',(-37.1329839957436,-87.,39.8881769151089));
#3436=CARTESIAN_POINT('Ctrl Pts',(-29.7388636712215,-87.,39.888176915109));
#3437=CARTESIAN_POINT('Ctrl Pts',(-14.8964955644663,-87.,39.888176915109));
#3438=CARTESIAN_POINT('Ctrl Pts',(-7.44824778223316,-87.,39.888176915109));
#3439=CARTESIAN_POINT('Ctrl Pts',(-5.44964161319694E-16,-87.,39.888176915109));
#3440=CARTESIAN_POINT('Ctrl Pts',(-44.6887045214019,-87.0000000000002,39.8881769151089));
#3441=CARTESIAN_POINT('Ctrl Pts',(-44.7099522406455,-86.3333849351088,39.9264112966443));
#3442=CARTESIAN_POINT('Ctrl Pts',(-44.7306736880656,-85.6667182684421,39.9636856582746));
#3443=CARTESIAN_POINT('Ctrl Pts',(-45.632950489915,-55.8791868794234,41.5861319676328));
#3444=CARTESIAN_POINT('Ctrl Pts',(-46.6621304775599,-26.3085113972944,40.2902196971182));
#3445=CARTESIAN_POINT('Ctrl Pts',(-45.5061200767512,2.99999999999998,38.2408582088076));
#3446=CARTESIAN_POINT('Ctrl Pts',(-29.7924696809346,-87.0000000000002,39.8881769151089));
#3447=CARTESIAN_POINT('Ctrl Pts',(-29.806634827097,-86.3333849351088,39.9264112966443));
#3448=CARTESIAN_POINT('Ctrl Pts',(-29.8204491253771,-85.6667182684421,39.9636856582746));
#3449=CARTESIAN_POINT('Ctrl Pts',(-30.4219669932766,-55.8791868794234,41.5861319676328));
#3450=CARTESIAN_POINT('Ctrl Pts',(-31.1080869850399,-26.3085113972944,40.2902196971182));
#3451=CARTESIAN_POINT('Ctrl Pts',(-30.3374133845008,2.99999999999998,38.2408582088076));
#3452=CARTESIAN_POINT('Ctrl Pts',(-14.8962348404673,-87.0000000000002,39.8881769151089));
#3453=CARTESIAN_POINT('Ctrl Pts',(-14.9033174135485,-86.3333849351088,39.9264112966443));
#3454=CARTESIAN_POINT('Ctrl Pts',(-14.9102245626885,-85.6667182684421,39.9636856582746));
#3455=CARTESIAN_POINT('Ctrl Pts',(-15.2109834966384,-55.8791868794234,41.5861319676328));
#3456=CARTESIAN_POINT('Ctrl Pts',(-15.55404349252,-26.3085113972944,40.2902196971182));
#3457=CARTESIAN_POINT('Ctrl Pts',(-15.1687066922504,2.99999999999998,38.2408582088076));
#3458=CARTESIAN_POINT('Ctrl Pts',(-5.44964161319731E-16,-87.0000000000002,
39.8881769151089));
#3459=CARTESIAN_POINT('Ctrl Pts',(-3.65422986652284E-16,-86.3333849351088,
39.9264112966443));
#3460=CARTESIAN_POINT('Ctrl Pts',(-1.83768266212373E-16,-85.6667182684421,
39.9636856582746));
#3461=CARTESIAN_POINT('Ctrl Pts',(8.02660072652227E-15,-55.8791868794234,
41.5861319676328));
#3462=CARTESIAN_POINT('Ctrl Pts',(3.33542660985125E-14,-26.3085113972944,
40.2902196971182));
#3463=CARTESIAN_POINT('Ctrl Pts',(4.90981684701012E-14,2.99999999999998,
38.2408582088077));
#3464=UNCERTAINTY_MEASURE_WITH_UNIT(LENGTH_MEASURE(0.01),#3468,
'DISTANCE_ACCURACY_VALUE',
'Maximum model space distance between geometric entities at asserted c
onnectivities');
#3465=UNCERTAINTY_MEASURE_WITH_UNIT(LENGTH_MEASURE(0.01),#3468,
'DISTANCE_ACCURACY_VALUE',
'Maximum model space distance between geometric entities at asserted c
onnectivities');
#3466=(
GEOMETRIC_REPRESENTATION_CONTEXT(3)
GLOBAL_UNCERTAINTY_ASSIGNED_CONTEXT((#3464))
GLOBAL_UNIT_ASSIGNED_CONTEXT((#3468,#3470,#3471))
REPRESENTATION_CONTEXT('','3D')
);
#3467=(
GEOMETRIC_REPRESENTATION_CONTEXT(3)
GLOBAL_UNCERTAINTY_ASSIGNED_CONTEXT((#3465))
GLOBAL_UNIT_ASSIGNED_CONTEXT((#3468,#3470,#3471))
REPRESENTATION_CONTEXT('','3D')
);
#3468=(
LENGTH_UNIT()
NAMED_UNIT(*)
SI_UNIT(.MILLI.,.METRE.)
);
#3469=(
LENGTH_UNIT()
NAMED_UNIT(*)
SI_UNIT($,.METRE.)
);
#3470=(
NAMED_UNIT(*)
PLANE_ANGLE_UNIT()
SI_UNIT($,.RADIAN.)
);
#3471=(
NAMED_UNIT(*)
SI_UNIT($,.STERADIAN.)
SOLID_ANGLE_UNIT()
);
#3472=SHAPE_DEFINITION_REPRESENTATION(#3473,#3474);
#3473=PRODUCT_DEFINITION_SHAPE('',$,#3476);
#3474=SHAPE_REPRESENTATION('',(#1518),#3466);
#3475=PRODUCT_DEFINITION_CONTEXT('part definition',#3480,'design');
#3476=PRODUCT_DEFINITION('C2','C2',#3477,#3475);
#3477=PRODUCT_DEFINITION_FORMATION('',$,#3482);
#3478=PRODUCT_RELATED_PRODUCT_CATEGORY('C2','C2',(#3482));
#3479=APPLICATION_PROTOCOL_DEFINITION('international standard',
'automotive_design',2009,#3480);
#3480=APPLICATION_CONTEXT(
'Core Data for Automotive Mechanical Design Process');
#3481=PRODUCT_CONTEXT('part definition',#3480,'mechanical');
#3482=PRODUCT('C2','C2',$,(#3481));
#3483=PRESENTATION_STYLE_ASSIGNMENT((#3485));
#3484=PRESENTATION_STYLE_ASSIGNMENT((#3486));
#3485=SURFACE_STYLE_USAGE(.BOTH.,#3487);
#3486=SURFACE_STYLE_USAGE(.BOTH.,#3488);
#3487=SURFACE_SIDE_STYLE('',(#3489));
#3488=SURFACE_SIDE_STYLE('',(#3490));
#3489=SURFACE_STYLE_FILL_AREA(#3491);
#3490=SURFACE_STYLE_FILL_AREA(#3492);
#3491=FILL_AREA_STYLE('Steel - Satin',(#3493));
#3492=FILL_AREA_STYLE('Paint - Enamel Glossy (Red)',(#3494));
#3493=FILL_AREA_STYLE_COLOUR('Steel - Satin',#3495);
#3494=FILL_AREA_STYLE_COLOUR('Paint - Enamel Glossy (Red)',#3496);
#3495=COLOUR_RGB('Steel - Satin',0.627450980392157,0.627450980392157,0.627450980392157);
#3496=COLOUR_RGB('Paint - Enamel Glossy (Red)',0.768627450980392,0.207843137254902,
0.152941176470588);
ENDSEC;
END-ISO-10303-21;
