ISO-10303-21;
HEADER;
/* Generated by software containing ST-Developer
 * from STEP Tools, Inc. (www.steptools.com) 
 */

FILE_DESCRIPTION(
/* description */ (''),
/* implementation_level */ '2;1');

FILE_NAME(
/* name */ 'Right Tail.step',
/* time_stamp */ '2026-07-02T23:22:49-07:00',
/* author */ (''),
/* organization */ (''),
/* preprocessor_version */ 'ST-DEVELOPER v20.1',
/* originating_system */ 'Autodesk Translation Framework v15.8.0.0',
/* authorisation */ '');

FILE_SCHEMA (('AUTOMOTIVE_DESIGN { 1 0 10303 214 3 1 1 }'));
ENDSEC;

DATA;
#10=MECHANICAL_DESIGN_GEOMETRIC_PRESENTATION_REPRESENTATION('',(#13),#1229);
#11=SHAPE_REPRESENTATION_RELATIONSHIP('SRR','None',#1236,#12);
#12=ADVANCED_BREP_SHAPE_REPRESENTATION('',(#14),#1228);
#13=STYLED_ITEM('',(#1246),#14);
#14=MANIFOLD_SOLID_BREP('right stabilizer',#261);
#15=CYLINDRICAL_SURFACE('',#283,1.025);
#16=CYLINDRICAL_SURFACE('',#288,2.5);
#17=FACE_BOUND('',#46,.T.);
#18=CIRCLE('',#281,2.5);
#19=CIRCLE('',#282,1.025);
#20=CIRCLE('',#284,1.025);
#21=CIRCLE('',#287,2.5);
#22=(
BOUNDED_CURVE()
B_SPLINE_CURVE(5,(#782,#783,#784,#785,#786,#787,#788,#789,#790,#791,#792,
#793,#794,#795,#796,#797,#798,#799,#800,#801,#802,#803,#804,#805,#806,#807,
#808,#809,#810,#811,#812,#813,#814,#815,#816,#817,#818,#819,#820,#821,#822,
#823,#824,#825,#826,#827,#828,#829,#830,#831,#832,#833,#834,#835,#836,#837,
#838,#839,#840,#841,#842,#843,#844,#845,#846,#847,#848,#849,#850,#851,#852,
#853,#854,#855,#856),.UNSPECIFIED.,.F.,.F.)
B_SPLINE_CURVE_WITH_KNOTS((6,1,1,1,1,1,1,1,1,1,1,1,1,1,1,1,1,1,1,1,1,1,
1,1,1,1,1,1,1,1,1,1,1,1,1,1,1,1,1,1,1,1,1,1,1,1,1,1,1,1,1,1,1,1,1,1,1,1,
1,1,1,1,1,1,1,1,1,1,1,1,6),(0.,0.0142857142857143,0.0285714285714286,0.0428571428571429,
0.0571428571428571,0.0714285714285714,0.0857142857142857,0.1,0.114285714285714,
0.128571428571429,0.142857142857143,0.157142857142857,0.171428571428571,
0.185714285714286,0.2,0.214285714285714,0.228571428571429,0.242857142857143,
0.257142857142857,0.271428571428571,0.285714285714286,0.3,0.314285714285714,
0.328571428571429,0.342857142857143,0.357142857142857,0.371428571428571,
0.385714285714286,0.4,0.414285714285714,0.428571428571429,0.442857142857143,
0.457142857142857,0.471428571428572,0.485714285714286,0.5,0.514285714285714,
0.528571428571429,0.542857142857143,0.557142857142857,0.571428571428571,
0.585714285714286,0.6,0.614285714285714,0.628571428571428,0.642857142857142,
0.657142857142857,0.671428571428571,0.685714285714285,0.699999999999999,
0.714285714285714,0.728571428571428,0.742857142857142,0.757142857142856,
0.771428571428571,0.785714285714285,0.799999999999999,0.814285714285713,
0.828571428571428,0.842857142857142,0.857142857142856,0.87142857142857,
0.885714285714284,0.899999999999999,0.914285714285713,0.928571428571427,
0.942857142857141,0.957142857142856,0.97142857142857,0.985714285714284,
1.),.UNSPECIFIED.)
CURVE()
GEOMETRIC_REPRESENTATION_ITEM()
RATIONAL_B_SPLINE_CURVE((1.,1.,1.,1.,1.,1.,1.,1.,1.,1.,1.,1.,1.,1.,1.,1.,
1.,1.,1.,1.,1.,1.,1.,1.,1.,1.,1.,1.,1.,1.,1.,1.,1.,1.,1.,1.,1.,1.,1.,1.,
1.,1.,1.,1.,1.,1.,1.,1.,1.,1.,1.,1.,1.,1.,1.,1.,1.,1.,1.,1.,1.,1.,1.,1.,
1.,1.,1.,1.,1.,1.,1.,1.,1.,1.,1.))
REPRESENTATION_ITEM('')
);
#23=(
BOUNDED_CURVE()
B_SPLINE_CURVE(5,(#1116,#1117,#1118,#1119,#1120,#1121,#1122,#1123,#1124,
#1125,#1126,#1127,#1128,#1129,#1130,#1131,#1132,#1133,#1134,#1135,#1136,
#1137,#1138,#1139,#1140,#1141,#1142,#1143,#1144,#1145,#1146,#1147,#1148,
#1149,#1150,#1151,#1152,#1153,#1154,#1155,#1156,#1157,#1158,#1159,#1160,
#1161,#1162,#1163,#1164,#1165,#1166,#1167,#1168,#1169,#1170,#1171,#1172,
#1173,#1174,#1175,#1176,#1177,#1178,#1179,#1180,#1181,#1182,#1183,#1184,
#1185,#1186,#1187,#1188,#1189,#1190),.UNSPECIFIED.,.F.,.F.)
B_SPLINE_CURVE_WITH_KNOTS((6,1,1,1,1,1,1,1,1,1,1,1,1,1,1,1,1,1,1,1,1,1,
1,1,1,1,1,1,1,1,1,1,1,1,1,1,1,1,1,1,1,1,1,1,1,1,1,1,1,1,1,1,1,1,1,1,1,1,
1,1,1,1,1,1,1,1,1,1,1,1,6),(-1.,-0.985714285714284,-0.97142857142857,-0.957142857142856,
-0.942857142857141,-0.928571428571427,-0.914285714285713,-0.899999999999999,
-0.885714285714284,-0.87142857142857,-0.857142857142856,-0.842857142857142,
-0.828571428571428,-0.814285714285713,-0.799999999999999,-0.785714285714285,
-0.771428571428571,-0.757142857142856,-0.742857142857142,-0.728571428571428,
-0.714285714285714,-0.699999999999999,-0.685714285714285,-0.671428571428571,
-0.657142857142857,-0.642857142857142,-0.628571428571428,-0.614285714285714,
-0.6,-0.585714285714286,-0.571428571428571,-0.557142857142857,-0.542857142857143,
-0.528571428571429,-0.514285714285714,-0.5,-0.485714285714286,-0.471428571428572,
-0.457142857142857,-0.442857142857143,-0.428571428571429,-0.414285714285714,
-0.4,-0.385714285714286,-0.371428571428571,-0.357142857142857,-0.342857142857143,
-0.328571428571429,-0.314285714285714,-0.3,-0.285714285714286,-0.271428571428571,
-0.257142857142857,-0.242857142857143,-0.228571428571429,-0.214285714285714,
-0.2,-0.185714285714286,-0.171428571428571,-0.157142857142857,-0.142857142857143,
-0.128571428571429,-0.114285714285714,-0.1,-0.0857142857142857,-0.0714285714285714,
-0.0571428571428571,-0.0428571428571429,-0.0285714285714286,-0.0142857142857143,
0.),.UNSPECIFIED.)
CURVE()
GEOMETRIC_REPRESENTATION_ITEM()
RATIONAL_B_SPLINE_CURVE((1.,1.,1.,1.,1.,1.,1.,1.,1.,1.,1.,1.,1.,1.,1.,1.,
1.,1.,1.,1.,1.,1.,1.,1.,1.,1.,1.,1.,1.,1.,1.,1.,1.,1.,1.,1.,1.,1.,1.,1.,
1.,1.,1.,1.,1.,1.,1.,1.,1.,1.,1.,1.,1.,1.,1.,1.,1.,1.,1.,1.,1.,1.,1.,1.,
1.,1.,1.,1.,1.,1.,1.,1.,1.,1.,1.))
REPRESENTATION_ITEM('')
);
#24=B_SPLINE_SURFACE_WITH_KNOTS('',3,3,((#516,#517,#518,#519),(#520,#521,
#522,#523),(#524,#525,#526,#527),(#528,#529,#530,#531),(#532,#533,#534,
#535),(#536,#537,#538,#539),(#540,#541,#542,#543),(#544,#545,#546,#547),
(#548,#549,#550,#551),(#552,#553,#554,#555),(#556,#557,#558,#559),(#560,
#561,#562,#563),(#564,#565,#566,#567),(#568,#569,#570,#571),(#572,#573,
#574,#575),(#576,#577,#578,#579),(#580,#581,#582,#583),(#584,#585,#586,
#587),(#588,#589,#590,#591),(#592,#593,#594,#595),(#596,#597,#598,#599),
(#600,#601,#602,#603),(#604,#605,#606,#607),(#608,#609,#610,#611),(#612,
#613,#614,#615),(#616,#617,#618,#619),(#620,#621,#622,#623),(#624,#625,
#626,#627),(#628,#629,#630,#631),(#632,#633,#634,#635),(#636,#637,#638,
#639),(#640,#641,#642,#643),(#644,#645,#646,#647),(#648,#649,#650,#651),
(#652,#653,#654,#655),(#656,#657,#658,#659),(#660,#661,#662,#663),(#664,
#665,#666,#667)),.UNSPECIFIED.,.F.,.F.,.F.,(4,1,1,1,1,1,1,1,1,1,1,1,1,1,
1,1,1,1,1,1,1,1,1,1,1,1,1,1,1,1,1,1,1,1,1,4),(4,4),(0.,0.0178571428571429,
0.0357142857142857,0.0535714285714286,0.0714285714285714,0.107142857142857,
0.142857142857143,0.214285714285714,0.25,0.285714285714286,0.321428571428571,
0.357142857142857,0.392857142857143,0.428571428571429,0.433035714285714,
0.4375,0.446428571428571,0.464285714285714,0.5,0.535714285714286,0.571428571428571,
0.589285714285714,0.607142857142857,0.642857142857143,0.678571428571428,
0.696428571428571,0.705357142857143,0.714285714285714,0.75,0.785714285714286,
0.821428571428571,0.857142857142857,0.892857142857143,0.928571428571429,
0.964285714285714,1.),(0.0615384615384494,1.),.UNSPECIFIED.);
#25=B_SPLINE_SURFACE_WITH_KNOTS('',3,3,((#972,#973,#974,#975),(#976,#977,
#978,#979),(#980,#981,#982,#983),(#984,#985,#986,#987),(#988,#989,#990,
#991),(#992,#993,#994,#995),(#996,#997,#998,#999),(#1000,#1001,#1002,#1003),
(#1004,#1005,#1006,#1007),(#1008,#1009,#1010,#1011),(#1012,#1013,#1014,
#1015),(#1016,#1017,#1018,#1019),(#1020,#1021,#1022,#1023),(#1024,#1025,
#1026,#1027),(#1028,#1029,#1030,#1031),(#1032,#1033,#1034,#1035),(#1036,
#1037,#1038,#1039),(#1040,#1041,#1042,#1043),(#1044,#1045,#1046,#1047),
(#1048,#1049,#1050,#1051),(#1052,#1053,#1054,#1055),(#1056,#1057,#1058,
#1059),(#1060,#1061,#1062,#1063),(#1064,#1065,#1066,#1067),(#1068,#1069,
#1070,#1071),(#1072,#1073,#1074,#1075),(#1076,#1077,#1078,#1079),(#1080,
#1081,#1082,#1083),(#1084,#1085,#1086,#1087),(#1088,#1089,#1090,#1091),
(#1092,#1093,#1094,#1095),(#1096,#1097,#1098,#1099),(#1100,#1101,#1102,
#1103),(#1104,#1105,#1106,#1107),(#1108,#1109,#1110,#1111),(#1112,#1113,
#1114,#1115)),.UNSPECIFIED.,.F.,.F.,.F.,(4,1,1,1,1,1,1,1,1,1,1,1,1,1,1,
1,1,1,1,1,1,1,1,1,1,1,1,1,1,1,1,1,1,4),(4,4),(0.,0.0357142857142857,0.0714285714285714,
0.107142857142857,0.142857142857143,0.178571428571429,0.214285714285714,
0.25,0.285714285714286,0.321428571428571,0.357142857142857,0.392857142857143,
0.428571428571429,0.433035714285714,0.4375,0.446428571428571,0.464285714285714,
0.5,0.535714285714286,0.571428571428571,0.589285714285714,0.607142857142857,
0.642857142857143,0.714285714285714,0.732142857142857,0.75,0.785714285714286,
0.857142857142857,0.892857142857143,0.928571428571429,0.946428571428571,
0.964285714285714,0.973214285714286,1.),(0.0615384615381575,1.),
 .UNSPECIFIED.);
#26=FACE_OUTER_BOUND('',#39,.T.);
#27=FACE_OUTER_BOUND('',#40,.T.);
#28=FACE_OUTER_BOUND('',#41,.T.);
#29=FACE_OUTER_BOUND('',#42,.T.);
#30=FACE_OUTER_BOUND('',#43,.T.);
#31=FACE_OUTER_BOUND('',#44,.T.);
#32=FACE_OUTER_BOUND('',#45,.T.);
#33=FACE_OUTER_BOUND('',#47,.T.);
#34=FACE_OUTER_BOUND('',#48,.T.);
#35=FACE_OUTER_BOUND('',#49,.T.);
#36=FACE_OUTER_BOUND('',#50,.T.);
#37=FACE_OUTER_BOUND('',#51,.T.);
#38=FACE_OUTER_BOUND('',#52,.T.);
#39=EDGE_LOOP('',(#163,#164,#165,#166,#167,#168));
#40=EDGE_LOOP('',(#169,#170,#171,#172,#173,#174,#175,#176,#177,#178,#179,
#180,#181,#182,#183,#184));
#41=EDGE_LOOP('',(#185,#186,#187,#188));
#42=EDGE_LOOP('',(#189,#190,#191,#192));
#43=EDGE_LOOP('',(#193,#194,#195,#196));
#44=EDGE_LOOP('',(#197,#198,#199,#200));
#45=EDGE_LOOP('',(#201,#202,#203));
#46=EDGE_LOOP('',(#204));
#47=EDGE_LOOP('',(#205,#206,#207,#208));
#48=EDGE_LOOP('',(#209));
#49=EDGE_LOOP('',(#210,#211,#212,#213,#214,#215,#216,#217,#218,#219,#220,
#221));
#50=EDGE_LOOP('',(#222,#223,#224));
#51=EDGE_LOOP('',(#225,#226,#227,#228,#229,#230,#231,#232,#233,#234,#235,
#236));
#52=EDGE_LOOP('',(#237,#238));
#53=LINE('',#379,#65);
#54=LINE('',#381,#66);
#55=LINE('',#383,#67);
#56=LINE('',#669,#68);
#57=LINE('',#780,#69);
#58=LINE('',#857,#70);
#59=LINE('',#916,#71);
#60=LINE('',#917,#72);
#61=LINE('',#920,#73);
#62=LINE('',#921,#74);
#63=LINE('',#923,#75);
#64=LINE('',#970,#76);
#65=VECTOR('',#294,10.);
#66=VECTOR('',#295,10.);
#67=VECTOR('',#296,10.);
#68=VECTOR('',#297,130.);
#69=VECTOR('',#298,130.);
#70=VECTOR('',#299,131.529464376618);
#71=VECTOR('',#302,10.);
#72=VECTOR('',#303,10.);
#73=VECTOR('',#306,10.);
#74=VECTOR('',#307,10.);
#75=VECTOR('',#310,10.);
#76=VECTOR('',#323,1.025);
#77=B_SPLINE_CURVE_WITH_KNOTS('',3,(#338,#339,#340,#341,#342,#343,#344,
#345,#346,#347,#348,#349,#350,#351,#352,#353,#354,#355,#356,#357,#358,#359,
#360,#361,#362,#363,#364,#365,#366,#367,#368,#369,#370,#371,#372,#373,#374,
#375,#376,#377),.UNSPECIFIED.,.F.,.F.,(4,3,3,3,3,3,3,3,3,3,3,3,3,4),(-0.328239962333431,
-0.327361230284112,-0.326482498234793,-0.325603766185473,-0.324725034136154,
-0.323846302086835,-0.322967570037515,-0.322088837988196,-0.321210105938877,
-0.320990422926547,-0.320770739914217,-0.320331373889557,-0.319452641840238,
-0.318908210240625),.UNSPECIFIED.);
#78=B_SPLINE_CURVE_WITH_KNOTS('',3,(#385,#386,#387,#388,#389,#390,#391,
#392,#393,#394,#395,#396,#397,#398,#399,#400,#401,#402,#403,#404,#405,#406,
#407,#408,#409,#410,#411,#412,#413,#414,#415),.UNSPECIFIED.,.F.,.F.,(4,
3,3,3,3,3,3,3,3,3,4),(-0.274826411810218,-0.263062558457439,-0.230179738650259,
-0.197296918843079,-0.131531279228719,-0.0986484594215396,-0.0657656396143597,
-0.0493242297107698,-0.0328828198071799,-0.0164414099035899,0.),
 .UNSPECIFIED.);
#79=B_SPLINE_CURVE_WITH_KNOTS('',3,(#416,#417,#418,#419,#420,#421,#422,
#423,#424,#425,#426,#427,#428,#429,#430,#431,#432,#433,#434,#435,#436,#437,
#438,#439,#440,#441,#442,#443,#444,#445,#446,#447,#448,#449,#450,#451,#452,
#453,#454,#455,#456,#457,#458,#459,#460,#461,#462,#463,#464,#465,#466,#467,
#468,#469,#470,#471,#472,#473,#474,#475,#476,#477,#478,#479,#480,#481,#482,
#483,#484,#485,#486,#487,#488,#489,#490,#491,#492,#493,#494,#495,#496,#497,
#498,#499,#500,#501,#502,#503,#504,#505,#506,#507,#508,#509,#510,#511,#512,
#513,#514,#515),.UNSPECIFIED.,.F.,.F.,(4,3,3,3,3,3,3,3,3,3,3,3,3,3,3,3,
3,3,3,3,3,3,3,3,3,3,3,3,3,3,3,3,3,4),(-5.81810078430695,-5.66225879901301,
-5.6103114705817,-5.50641681371907,-5.40252215685645,-5.1947328431312,-4.98694352940595,
-4.57136490195546,-4.36357558823021,-4.25968093136758,-4.15578627450496,
-3.74020764705446,-3.53241833332922,-3.42852367646659,-3.32462901960397,
-3.11683970587872,-2.90905039215347,-2.70126107842822,-2.5973664215656,
-2.54541909313429,-2.51944542891863,-2.49347176470298,-2.28568245097773,
-2.07789313725248,-1.87010382352723,-1.66231450980198,-1.45452519607674,
-1.24673588235149,-1.03894656862624,-0.831157254900992,-0.623367941175744,
-0.415578627450496,-0.207789313725248,0.),.UNSPECIFIED.);
#80=B_SPLINE_CURVE_WITH_KNOTS('',3,(#671,#672,#673,#674,#675,#676,#677,
#678,#679,#680,#681,#682,#683,#684,#685,#686,#687,#688,#689,#690,#691,#692,
#693,#694,#695,#696,#697,#698,#699,#700,#701,#702,#703,#704),
 .UNSPECIFIED.,.F.,.F.,(4,3,3,3,3,3,3,3,3,3,3,4),(-0.515427089467766,-0.511085777186778,
-0.496053842563637,-0.481021907940497,-0.420894169447934,-0.360766430955373,
-0.30063869246281,-0.240510953970249,-0.180383215477686,-0.120255476985124,
-0.060127738492562,0.),.UNSPECIFIED.);
#81=B_SPLINE_CURVE_WITH_KNOTS('',3,(#706,#707,#708,#709),.UNSPECIFIED.,
 .F.,.F.,(4,4),(-0.245408362916755,-0.22540427489351),.UNSPECIFIED.);
#82=B_SPLINE_CURVE_WITH_KNOTS('',3,(#711,#712,#713,#714),.UNSPECIFIED.,
 .F.,.F.,(4,4),(-0.254943380217728,-0.234941737555449),.UNSPECIFIED.);
#83=B_SPLINE_CURVE_WITH_KNOTS('',3,(#716,#717,#718,#719,#720,#721),
 .UNSPECIFIED.,.F.,.F.,(4,2,4),(-11.3981026266235,-0.347776970979319,-0.254943380217728),
 .UNSPECIFIED.);
#84=B_SPLINE_CURVE_WITH_KNOTS('',3,(#723,#724,#725,#726),.UNSPECIFIED.,
 .F.,.F.,(4,4),(-11.4275580745878,-11.3981026266235),.UNSPECIFIED.);
#85=B_SPLINE_CURVE_WITH_KNOTS('',3,(#728,#729,#730,#731,#732,#733,#734),
 .UNSPECIFIED.,.F.,.F.,(4,3,4),(-0.265250044062337,-0.258294184890555,-0.245263524373095),
 .UNSPECIFIED.);
#86=B_SPLINE_CURVE_WITH_KNOTS('',3,(#736,#737,#738,#739,#740,#741,#742,
#743,#744,#745,#746,#747,#748,#749,#750,#751,#752,#753,#754,#755,#756,#757,
#758,#759,#760,#761,#762,#763,#764,#765,#766,#767,#768,#769,#770,#771,#772,
#773,#774,#775,#776,#777,#778),.UNSPECIFIED.,.F.,.F.,(4,3,3,3,3,3,3,3,3,
3,3,3,3,3,4),(-3.87296808668934,-3.55205696350849,-3.23114584032765,-2.91023471714681,
-2.58932359396597,-2.26841247078512,-1.94750134760428,-1.62659022442344,
-1.3056791012426,-1.22545132044739,-1.14522353965218,-0.984767978061756,
-0.663856854880914,-0.342945731700072,-0.18178297718409),.UNSPECIFIED.);
#87=B_SPLINE_CURVE_WITH_KNOTS('',3,(#859,#860,#861,#862),.UNSPECIFIED.,
 .F.,.F.,(4,4),(-2.40696166907204,-0.75752268334161),.UNSPECIFIED.);
#88=B_SPLINE_CURVE_WITH_KNOTS('',3,(#864,#865,#866,#867,#868,#869,#870,
#871,#872,#873,#874,#875,#876,#877,#878,#879,#880,#881,#882,#883,#884,#885,
#886,#887,#888,#889,#890,#891,#892,#893,#894,#895,#896,#897,#898,#899,#900,
#901,#902,#903,#904,#905,#906,#907,#908,#909),.UNSPECIFIED.,.F.,.F.,(4,
3,3,3,3,3,3,3,3,3,3,3,3,3,3,4),(-0.48786882894559,-0.46894639691356,-0.447406258371829,
-0.404325981288366,-0.361245704204904,-0.318165427121441,-0.29662528857971,
-0.285855219308844,-0.280470184673412,-0.275085150037979,-0.232004872954516,
-0.188924595871054,-0.145844318787591,-0.102764041704129,-0.0596837646206664,
-0.0457042967816611),.UNSPECIFIED.);
#89=B_SPLINE_CURVE_WITH_KNOTS('',3,(#910,#911,#912,#913),.UNSPECIFIED.,
 .F.,.F.,(4,4),(-3.08452376942112,-1.21431000258771),.UNSPECIFIED.);
#90=B_SPLINE_CURVE_WITH_KNOTS('',3,(#927,#928,#929,#930,#931,#932,#933,
#934,#935,#936,#937,#938,#939,#940,#941,#942,#943,#944,#945,#946,#947,#948,
#949,#950,#951,#952,#953,#954,#955,#956,#957,#958,#959,#960,#961,#962,#963),
 .UNSPECIFIED.,.F.,.F.,(4,3,3,3,3,3,3,3,3,3,3,3,4),(-0.318047760176527,
-0.3041613113595,-0.276510283054091,-0.248859254748682,-0.221208226443272,
-0.193557198137863,-0.165906169832454,-0.138255141527045,-0.110604113221636,
-0.0829530849162272,-0.0553020566108181,-0.0276510283054091,0.),
 .UNSPECIFIED.);
#91=B_SPLINE_CURVE_WITH_KNOTS('',3,(#1192,#1193,#1194,#1195),
 .UNSPECIFIED.,.F.,.F.,(4,4),(-0.24526037659701,-0.225274376924547),
 .UNSPECIFIED.);
#92=B_SPLINE_CURVE_WITH_KNOTS('',3,(#1197,#1198,#1199,#1200),
 .UNSPECIFIED.,.F.,.F.,(4,4),(-0.255102502240063,-0.235077960956388),
 .UNSPECIFIED.);
#93=B_SPLINE_CURVE_WITH_KNOTS('',3,(#1202,#1203,#1204,#1205),
 .UNSPECIFIED.,.F.,.F.,(4,4),(-9.015059917003,-0.255102502240063),
 .UNSPECIFIED.);
#94=B_SPLINE_CURVE_WITH_KNOTS('',3,(#1207,#1208,#1209,#1210),
 .UNSPECIFIED.,.F.,.F.,(4,4),(-9.02905692224306,-9.015059917003),
 .UNSPECIFIED.);
#95=B_SPLINE_CURVE_WITH_KNOTS('',3,(#1212,#1213,#1214,#1215),
 .UNSPECIFIED.,.F.,.F.,(4,4),(-0.265419146113944,-0.24541412565527),
 .UNSPECIFIED.);
#96=B_SPLINE_CURVE_WITH_KNOTS('',3,(#1216,#1217,#1218,#1219,#1220,#1221),
 .UNSPECIFIED.,.F.,.F.,(4,2,4),(-3.81297235124628,-1.32796921460323,-0.219204907094045),
 .UNSPECIFIED.);
#97=VERTEX_POINT('',#336);
#98=VERTEX_POINT('',#337);
#99=VERTEX_POINT('',#378);
#100=VERTEX_POINT('',#380);
#101=VERTEX_POINT('',#382);
#102=VERTEX_POINT('',#384);
#103=VERTEX_POINT('',#668);
#104=VERTEX_POINT('',#670);
#105=VERTEX_POINT('',#705);
#106=VERTEX_POINT('',#710);
#107=VERTEX_POINT('',#715);
#108=VERTEX_POINT('',#722);
#109=VERTEX_POINT('',#727);
#110=VERTEX_POINT('',#735);
#111=VERTEX_POINT('',#779);
#112=VERTEX_POINT('',#781);
#113=VERTEX_POINT('',#858);
#114=VERTEX_POINT('',#863);
#115=VERTEX_POINT('',#915);
#116=VERTEX_POINT('',#919);
#117=VERTEX_POINT('',#926);
#118=VERTEX_POINT('',#965);
#119=VERTEX_POINT('',#968);
#120=VERTEX_POINT('',#1191);
#121=VERTEX_POINT('',#1196);
#122=VERTEX_POINT('',#1201);
#123=VERTEX_POINT('',#1206);
#124=VERTEX_POINT('',#1211);
#125=EDGE_CURVE('',#97,#98,#77,.T.);
#126=EDGE_CURVE('',#98,#99,#53,.T.);
#127=EDGE_CURVE('',#99,#100,#54,.T.);
#128=EDGE_CURVE('',#100,#101,#55,.T.);
#129=EDGE_CURVE('',#101,#102,#78,.T.);
#130=EDGE_CURVE('',#102,#97,#79,.T.);
#131=EDGE_CURVE('',#97,#103,#56,.T.);
#132=EDGE_CURVE('',#104,#103,#80,.T.);
#133=EDGE_CURVE('',#105,#104,#81,.T.);
#134=EDGE_CURVE('',#106,#105,#82,.T.);
#135=EDGE_CURVE('',#107,#106,#83,.T.);
#136=EDGE_CURVE('',#108,#107,#84,.T.);
#137=EDGE_CURVE('',#109,#108,#85,.T.);
#138=EDGE_CURVE('',#110,#109,#86,.T.);
#139=EDGE_CURVE('',#110,#111,#57,.T.);
#140=EDGE_CURVE('',#112,#111,#22,.T.);
#141=EDGE_CURVE('',#102,#112,#58,.T.);
#142=EDGE_CURVE('',#113,#101,#87,.T.);
#143=EDGE_CURVE('',#114,#113,#88,.T.);
#144=EDGE_CURVE('',#98,#114,#89,.T.);
#145=EDGE_CURVE('',#115,#114,#59,.T.);
#146=EDGE_CURVE('',#99,#115,#60,.T.);
#147=EDGE_CURVE('',#115,#116,#61,.T.);
#148=EDGE_CURVE('',#116,#100,#62,.T.);
#149=EDGE_CURVE('',#116,#113,#63,.T.);
#150=EDGE_CURVE('',#117,#110,#90,.T.);
#151=EDGE_CURVE('',#109,#117,#18,.T.);
#152=EDGE_CURVE('',#118,#118,#19,.T.);
#153=EDGE_CURVE('',#119,#119,#20,.T.);
#154=EDGE_CURVE('',#119,#118,#64,.T.);
#155=EDGE_CURVE('',#111,#112,#23,.T.);
#156=EDGE_CURVE('',#120,#117,#91,.T.);
#157=EDGE_CURVE('',#121,#120,#92,.T.);
#158=EDGE_CURVE('',#122,#121,#93,.T.);
#159=EDGE_CURVE('',#123,#122,#94,.T.);
#160=EDGE_CURVE('',#124,#123,#95,.T.);
#161=EDGE_CURVE('',#103,#124,#96,.T.);
#162=EDGE_CURVE('',#124,#104,#21,.T.);
#163=ORIENTED_EDGE('',*,*,#125,.T.);
#164=ORIENTED_EDGE('',*,*,#126,.T.);
#165=ORIENTED_EDGE('',*,*,#127,.T.);
#166=ORIENTED_EDGE('',*,*,#128,.T.);
#167=ORIENTED_EDGE('',*,*,#129,.T.);
#168=ORIENTED_EDGE('',*,*,#130,.T.);
#169=ORIENTED_EDGE('',*,*,#125,.F.);
#170=ORIENTED_EDGE('',*,*,#131,.T.);
#171=ORIENTED_EDGE('',*,*,#132,.F.);
#172=ORIENTED_EDGE('',*,*,#133,.F.);
#173=ORIENTED_EDGE('',*,*,#134,.F.);
#174=ORIENTED_EDGE('',*,*,#135,.F.);
#175=ORIENTED_EDGE('',*,*,#136,.F.);
#176=ORIENTED_EDGE('',*,*,#137,.F.);
#177=ORIENTED_EDGE('',*,*,#138,.F.);
#178=ORIENTED_EDGE('',*,*,#139,.T.);
#179=ORIENTED_EDGE('',*,*,#140,.F.);
#180=ORIENTED_EDGE('',*,*,#141,.F.);
#181=ORIENTED_EDGE('',*,*,#129,.F.);
#182=ORIENTED_EDGE('',*,*,#142,.F.);
#183=ORIENTED_EDGE('',*,*,#143,.F.);
#184=ORIENTED_EDGE('',*,*,#144,.F.);
#185=ORIENTED_EDGE('',*,*,#126,.F.);
#186=ORIENTED_EDGE('',*,*,#144,.T.);
#187=ORIENTED_EDGE('',*,*,#145,.F.);
#188=ORIENTED_EDGE('',*,*,#146,.F.);
#189=ORIENTED_EDGE('',*,*,#127,.F.);
#190=ORIENTED_EDGE('',*,*,#146,.T.);
#191=ORIENTED_EDGE('',*,*,#147,.T.);
#192=ORIENTED_EDGE('',*,*,#148,.T.);
#193=ORIENTED_EDGE('',*,*,#143,.T.);
#194=ORIENTED_EDGE('',*,*,#149,.F.);
#195=ORIENTED_EDGE('',*,*,#147,.F.);
#196=ORIENTED_EDGE('',*,*,#145,.T.);
#197=ORIENTED_EDGE('',*,*,#128,.F.);
#198=ORIENTED_EDGE('',*,*,#148,.F.);
#199=ORIENTED_EDGE('',*,*,#149,.T.);
#200=ORIENTED_EDGE('',*,*,#142,.T.);
#201=ORIENTED_EDGE('',*,*,#150,.T.);
#202=ORIENTED_EDGE('',*,*,#138,.T.);
#203=ORIENTED_EDGE('',*,*,#151,.T.);
#204=ORIENTED_EDGE('',*,*,#152,.T.);
#205=ORIENTED_EDGE('',*,*,#153,.F.);
#206=ORIENTED_EDGE('',*,*,#154,.T.);
#207=ORIENTED_EDGE('',*,*,#152,.F.);
#208=ORIENTED_EDGE('',*,*,#154,.F.);
#209=ORIENTED_EDGE('',*,*,#153,.T.);
#210=ORIENTED_EDGE('',*,*,#130,.F.);
#211=ORIENTED_EDGE('',*,*,#141,.T.);
#212=ORIENTED_EDGE('',*,*,#155,.F.);
#213=ORIENTED_EDGE('',*,*,#139,.F.);
#214=ORIENTED_EDGE('',*,*,#150,.F.);
#215=ORIENTED_EDGE('',*,*,#156,.F.);
#216=ORIENTED_EDGE('',*,*,#157,.F.);
#217=ORIENTED_EDGE('',*,*,#158,.F.);
#218=ORIENTED_EDGE('',*,*,#159,.F.);
#219=ORIENTED_EDGE('',*,*,#160,.F.);
#220=ORIENTED_EDGE('',*,*,#161,.F.);
#221=ORIENTED_EDGE('',*,*,#131,.F.);
#222=ORIENTED_EDGE('',*,*,#161,.T.);
#223=ORIENTED_EDGE('',*,*,#162,.T.);
#224=ORIENTED_EDGE('',*,*,#132,.T.);
#225=ORIENTED_EDGE('',*,*,#158,.T.);
#226=ORIENTED_EDGE('',*,*,#157,.T.);
#227=ORIENTED_EDGE('',*,*,#156,.T.);
#228=ORIENTED_EDGE('',*,*,#151,.F.);
#229=ORIENTED_EDGE('',*,*,#137,.T.);
#230=ORIENTED_EDGE('',*,*,#136,.T.);
#231=ORIENTED_EDGE('',*,*,#135,.T.);
#232=ORIENTED_EDGE('',*,*,#134,.T.);
#233=ORIENTED_EDGE('',*,*,#133,.T.);
#234=ORIENTED_EDGE('',*,*,#162,.F.);
#235=ORIENTED_EDGE('',*,*,#160,.T.);
#236=ORIENTED_EDGE('',*,*,#159,.T.);
#237=ORIENTED_EDGE('',*,*,#155,.T.);
#238=ORIENTED_EDGE('',*,*,#140,.T.);
#239=PLANE('',#275);
#240=PLANE('',#276);
#241=PLANE('',#277);
#242=PLANE('',#278);
#243=PLANE('',#279);
#244=PLANE('',#280);
#245=PLANE('',#285);
#246=PLANE('',#286);
#247=PLANE('',#289);
#248=ADVANCED_FACE('',(#26),#239,.T.);
#249=ADVANCED_FACE('',(#27),#24,.T.);
#250=ADVANCED_FACE('',(#28),#240,.T.);
#251=ADVANCED_FACE('',(#29),#241,.F.);
#252=ADVANCED_FACE('',(#30),#242,.T.);
#253=ADVANCED_FACE('',(#31),#243,.T.);
#254=ADVANCED_FACE('',(#32,#17),#244,.T.);
#255=ADVANCED_FACE('',(#33),#15,.F.);
#256=ADVANCED_FACE('',(#34),#245,.T.);
#257=ADVANCED_FACE('',(#35),#25,.T.);
#258=ADVANCED_FACE('',(#36),#246,.F.);
#259=ADVANCED_FACE('',(#37),#16,.F.);
#260=ADVANCED_FACE('',(#38),#247,.F.);
#261=CLOSED_SHELL('',(#248,#249,#250,#251,#252,#253,#254,#255,#256,#257,
#258,#259,#260));
#262=DERIVED_UNIT_ELEMENT(#264,1.);
#263=DERIVED_UNIT_ELEMENT(#1231,-3.);
#264=(
MASS_UNIT()
NAMED_UNIT(*)
SI_UNIT(.KILO.,.GRAM.)
);
#265=DERIVED_UNIT((#262,#263));
#266=MEASURE_REPRESENTATION_ITEM('density measure',
POSITIVE_RATIO_MEASURE(7850.),#265);
#267=PROPERTY_DEFINITION_REPRESENTATION(#272,#269);
#268=PROPERTY_DEFINITION_REPRESENTATION(#273,#270);
#269=REPRESENTATION('material name',(#271),#1228);
#270=REPRESENTATION('density',(#266),#1228);
#271=DESCRIPTIVE_REPRESENTATION_ITEM('Steel','Steel');
#272=PROPERTY_DEFINITION('material property','material name',#1238);
#273=PROPERTY_DEFINITION('material property','density of part',#1238);
#274=AXIS2_PLACEMENT_3D('',#334,#290,#291);
#275=AXIS2_PLACEMENT_3D('',#335,#292,#293);
#276=AXIS2_PLACEMENT_3D('',#914,#300,#301);
#277=AXIS2_PLACEMENT_3D('',#918,#304,#305);
#278=AXIS2_PLACEMENT_3D('',#922,#308,#309);
#279=AXIS2_PLACEMENT_3D('',#924,#311,#312);
#280=AXIS2_PLACEMENT_3D('',#925,#313,#314);
#281=AXIS2_PLACEMENT_3D('',#964,#315,#316);
#282=AXIS2_PLACEMENT_3D('',#966,#317,#318);
#283=AXIS2_PLACEMENT_3D('',#967,#319,#320);
#284=AXIS2_PLACEMENT_3D('',#969,#321,#322);
#285=AXIS2_PLACEMENT_3D('',#971,#324,#325);
#286=AXIS2_PLACEMENT_3D('',#1222,#326,#327);
#287=AXIS2_PLACEMENT_3D('',#1223,#328,#329);
#288=AXIS2_PLACEMENT_3D('',#1224,#330,#331);
#289=AXIS2_PLACEMENT_3D('',#1225,#332,#333);
#290=DIRECTION('axis',(0.,0.,1.));
#291=DIRECTION('refdir',(1.,0.,0.));
#292=DIRECTION('center_axis',(0.819152044288992,5.28213832069033E-17,-0.573576436351046));
#293=DIRECTION('ref_axis',(-0.573576436351046,0.,-0.819152044288992));
#294=DIRECTION('',(-0.573576436351046,0.,-0.819152044288992));
#295=DIRECTION('',(4.32687440361071E-17,-1.,-3.02971007429486E-17));
#296=DIRECTION('',(0.573576436351046,0.,0.819152044288992));
#297=DIRECTION('',(-0.819152044288992,0.,0.573576436351046));
#298=DIRECTION('',(-0.819152044288992,0.,0.573576436351046));
#299=DIRECTION('',(-0.809626696666604,0.1520571841054,0.566906716141782));
#300=DIRECTION('center_axis',(0.,-1.,0.));
#301=DIRECTION('ref_axis',(0.819152044288992,0.,-0.573576436351046));
#302=DIRECTION('',(0.573576436351046,0.,0.819152044288992));
#303=DIRECTION('',(-0.819152044288992,0.,0.573576436351046));
#304=DIRECTION('center_axis',(-0.573576436351046,0.,-0.819152044288992));
#305=DIRECTION('ref_axis',(0.,1.,0.));
#306=DIRECTION('',(0.,-1.,0.));
#307=DIRECTION('',(0.819152044288992,0.,-0.573576436351046));
#308=DIRECTION('center_axis',(0.819152044288992,0.,-0.573576436351046));
#309=DIRECTION('ref_axis',(0.,1.,0.));
#310=DIRECTION('',(0.573576436351046,0.,0.819152044288992));
#311=DIRECTION('center_axis',(0.,1.,0.));
#312=DIRECTION('ref_axis',(-0.819152044288992,0.,0.573576436351046));
#313=DIRECTION('center_axis',(0.819152044288993,2.6625822408117E-16,-0.573576436351045));
#314=DIRECTION('ref_axis',(-0.573576436351045,-2.2186712959341E-31,-0.819152044288993));
#315=DIRECTION('center_axis',(0.819152044288993,2.6625822408117E-16,-0.573576436351045));
#316=DIRECTION('ref_axis',(-0.573576436351045,-2.2186712959341E-31,-0.819152044288993));
#317=DIRECTION('center_axis',(-0.819152044288993,-2.6625822408117E-16,0.573576436351045));
#318=DIRECTION('ref_axis',(-2.31795654554633E-16,1.,1.30707912576483E-17));
#319=DIRECTION('center_axis',(-0.819152044288993,-1.97372982155583E-16,
0.573576436351044));
#320=DIRECTION('ref_axis',(-2.31795654554633E-16,1.,1.30707912576483E-17));
#321=DIRECTION('center_axis',(0.819152044288993,1.74584753021204E-16,-0.573576436351044));
#322=DIRECTION('ref_axis',(-2.1312863007348E-16,1.,-1.50472085493933E-32));
#323=DIRECTION('',(0.819152044288993,1.97372982155583E-16,-0.573576436351044));
#324=DIRECTION('center_axis',(0.819152044288993,1.74584753021204E-16,-0.573576436351044));
#325=DIRECTION('ref_axis',(-2.1312863007348E-16,1.,-1.50472085493933E-32));
#326=DIRECTION('center_axis',(0.819152044288993,2.6625822408117E-16,-0.573576436351045));
#327=DIRECTION('ref_axis',(-0.573576436351045,-2.2186712959341E-31,-0.819152044288993));
#328=DIRECTION('center_axis',(-0.819152044288993,-2.6625822408117E-16,0.573576436351045));
#329=DIRECTION('ref_axis',(-0.573576436351045,-2.2186712959341E-31,-0.819152044288993));
#330=DIRECTION('center_axis',(0.819152044288993,2.66453525910038E-16,-0.573576436351045));
#331=DIRECTION('ref_axis',(-0.573576436351045,-2.07075987620516E-31,-0.819152044288993));
#332=DIRECTION('center_axis',(0.819152044288993,2.6625822408117E-16,-0.573576436351045));
#333=DIRECTION('ref_axis',(-0.573576436351045,0.,-0.819152044288993));
#334=CARTESIAN_POINT('',(0.,0.,0.));
#335=CARTESIAN_POINT('Origin',(-22.9362572400918,45.758946482023,16.0601402178293));
#336=CARTESIAN_POINT('',(-22.9362572400918,80.,16.0601402178293));
#337=CARTESIAN_POINT('',(-21.3345693088532,54.,18.3475876442505));
#338=CARTESIAN_POINT('Ctrl Pts',(-22.9362572400918,80.,16.0601402178293));
#339=CARTESIAN_POINT('Ctrl Pts',(-22.8925386615546,79.5389728334141,16.1225768186248));
#340=CARTESIAN_POINT('Ctrl Pts',(-22.8416201901384,78.9494304090077,16.1952959320842));
#341=CARTESIAN_POINT('Ctrl Pts',(-22.7868968524865,78.2842741640313,16.273448957674));
#342=CARTESIAN_POINT('Ctrl Pts',(-22.7321735148347,77.6191179190549,16.3516019832637));
#343=CARTESIAN_POINT('Ctrl Pts',(-22.6736453109473,76.8783478535085,16.4351889209837));
#344=CARTESIAN_POINT('Ctrl Pts',(-22.6163985941779,76.1387926731816,16.5169457054305));
#345=CARTESIAN_POINT('Ctrl Pts',(-22.5591518774085,75.3992374928546,16.5987024898773));
#346=CARTESIAN_POINT('Ctrl Pts',(-22.5031866477571,74.6608971977469,16.6786291210508));
#347=CARTESIAN_POINT('Ctrl Pts',(-22.4488210428381,73.9210900236505,16.7562712513512));
#348=CARTESIAN_POINT('Ctrl Pts',(-22.3944554379191,73.181282849554,16.8339133816516));
#349=CARTESIAN_POINT('Ctrl Pts',(-22.3416894577326,72.4400087964687,16.9092710110788));
#350=CARTESIAN_POINT('Ctrl Pts',(-22.2878080983054,71.6467973156719,16.9862215671452));
#351=CARTESIAN_POINT('Ctrl Pts',(-22.2339267388782,70.853585834875,17.0631721232117));
#352=CARTESIAN_POINT('Ctrl Pts',(-22.1789300002105,70.0084369263666,17.1417156059174));
#353=CARTESIAN_POINT('Ctrl Pts',(-22.1219586125468,69.0977935703936,17.2230791796507));
#354=CARTESIAN_POINT('Ctrl Pts',(-22.0649872248831,68.1871502144207,17.304442753384));
#355=CARTESIAN_POINT('Ctrl Pts',(-22.0060411882235,67.2110124109832,17.3886264181448));
#356=CARTESIAN_POINT('Ctrl Pts',(-21.9478477536448,66.2213269107753,17.4717352557438));
#357=CARTESIAN_POINT('Ctrl Pts',(-21.8896543190662,65.2316414105674,17.5548440933428));
#358=CARTESIAN_POINT('Ctrl Pts',(-21.8322134865684,64.2284082135892,17.6368781037801));
#359=CARTESIAN_POINT('Ctrl Pts',(-21.7788958045702,63.273276390612,17.7130236450499));
#360=CARTESIAN_POINT('Ctrl Pts',(-21.7255781225721,62.3181445676348,17.7891691863197));
#361=CARTESIAN_POINT('Ctrl Pts',(-21.6763835910734,61.4111141186586,17.8594262584222));
#362=CARTESIAN_POINT('Ctrl Pts',(-21.6322340088725,60.5649165967811,17.9224783962409));
#363=CARTESIAN_POINT('Ctrl Pts',(-21.6211966133223,60.3533672163117,17.9382414306956));
#364=CARTESIAN_POINT('Ctrl Pts',(-21.6104745271032,60.145619893786,17.9535541567576));
#365=CARTESIAN_POINT('Ctrl Pts',(-21.6000123195103,59.9405153033902,17.9684957376774));
#366=CARTESIAN_POINT('Ctrl Pts',(-21.5895501119175,59.7354107129944,17.9834373185973));
#367=CARTESIAN_POINT('Ctrl Pts',(-21.579347782951,59.5329488547286,17.9980077543749));
#368=CARTESIAN_POINT('Ctrl Pts',(-21.5693771097988,59.3324940301805,18.0122473513631));
#369=CARTESIAN_POINT('Ctrl Pts',(-21.5494357634944,58.9315843810845,18.0407265453395));
#370=CARTESIAN_POINT('Ctrl Pts',(-21.5304210404473,58.5387028668597,18.0678823841579));
#371=CARTESIAN_POINT('Ctrl Pts',(-21.5119247500245,58.1451995725497,18.0942978244573));
#372=CARTESIAN_POINT('Ctrl Pts',(-21.474932169179,57.3581929839297,18.1471287050561));
#373=CARTESIAN_POINT('Ctrl Pts',(-21.4400133188307,56.5686992749687,18.1969979915788));
#374=CARTESIAN_POINT('Ctrl Pts',(-21.4036989748568,55.7023250534581,18.2488602495412));
#375=CARTESIAN_POINT('Ctrl Pts',(-21.3811998792634,55.1655499311149,18.2809922880664));
#376=CARTESIAN_POINT('Ctrl Pts',(-21.3581651084298,54.5992633969901,18.3138893501181));
#377=CARTESIAN_POINT('Ctrl Pts',(-21.3344872234436,53.9990361379945,18.3477048743651));
#378=CARTESIAN_POINT('',(-22.9362572400918,54.,16.0601402178293));
#379=CARTESIAN_POINT('',(-22.9362572400918,54.,16.0601402178293));
#380=CARTESIAN_POINT('',(-22.9362572400918,30.,16.0601402178293));
#381=CARTESIAN_POINT('',(-22.9362572400918,43.8794732410115,16.0601402178293));
#382=CARTESIAN_POINT('',(-21.1434160855378,30.,18.6205827391108));
#383=CARTESIAN_POINT('',(-22.9362572400918,30.,16.0601402178293));
#384=CARTESIAN_POINT('',(-22.9362572400918,21.2307692295385,16.0601402178293));
#385=CARTESIAN_POINT('Ctrl Pts',(-21.1432027032774,29.999905186915,18.6208874805609));
#386=CARTESIAN_POINT('Ctrl Pts',(-21.1550311277618,29.8060519184646,18.6039947397105));
#387=CARTESIAN_POINT('Ctrl Pts',(-21.1674246367683,29.6150388400493,18.5862949745264));
#388=CARTESIAN_POINT('Ctrl Pts',(-21.1803394894072,29.426197062029,18.5678506534728));
#389=CARTESIAN_POINT('Ctrl Pts',(-21.2164396310381,28.8983385472641,18.5162943081595));
#390=CARTESIAN_POINT('Ctrl Pts',(-21.2566132281547,28.3874452258101,18.4589204655138));
#391=CARTESIAN_POINT('Ctrl Pts',(-21.3009489394371,27.8862755065874,18.3956025078182));
#392=CARTESIAN_POINT('Ctrl Pts',(-21.3452846507196,27.3851057873647,18.3322845501227));
#393=CARTESIAN_POINT('Ctrl Pts',(-21.393782476168,26.8936596703733,18.2630224773773));
#394=CARTESIAN_POINT('Ctrl Pts',(-21.4471820731462,26.4259818666856,18.1867599493919));
#395=CARTESIAN_POINT('Ctrl Pts',(-21.5539812671028,25.4906262593103,18.0342348934211));
#396=CARTESIAN_POINT('Ctrl Pts',(-21.6803875471792,24.6503439051497,17.8537080164903));
#397=CARTESIAN_POINT('Ctrl Pts',(-21.8260507986016,23.8465802611564,17.6456793343158));
#398=CARTESIAN_POINT('Ctrl Pts',(-21.8988824243128,23.4446984391598,17.5416649932286));
#399=CARTESIAN_POINT('Ctrl Pts',(-21.9765282928605,23.051946294705,17.4307752008304));
#400=CARTESIAN_POINT('Ctrl Pts',(-22.0701815125167,22.7152195184595,17.2970245418534));
#401=CARTESIAN_POINT('Ctrl Pts',(-22.163834732173,22.378492742214,17.1632738828763));
#402=CARTESIAN_POINT('Ctrl Pts',(-22.2734953029378,22.0977913341778,17.0066623573204));
#403=CARTESIAN_POINT('Ctrl Pts',(-22.3726908285255,21.8881296860404,16.8649964651746));
#404=CARTESIAN_POINT('Ctrl Pts',(-22.4222885913193,21.7832988619718,16.7941635191017));
#405=CARTESIAN_POINT('Ctrl Pts',(-22.4692700928188,21.6962279778778,16.7270669813814));
#406=CARTESIAN_POINT('Ctrl Pts',(-22.5141853907615,21.6221910824532,16.6629212881523));
#407=CARTESIAN_POINT('Ctrl Pts',(-22.5591006887042,21.5481541870287,16.5987755949232));
#408=CARTESIAN_POINT('Ctrl Pts',(-22.6019497830901,21.4871512802734,16.5375807461853));
#409=CARTESIAN_POINT('Ctrl Pts',(-22.6496683713395,21.4346878379534,16.4694315394924));
#410=CARTESIAN_POINT('Ctrl Pts',(-22.6973869595889,21.3822243956334,16.4012823327995));
#411=CARTESIAN_POINT('Ctrl Pts',(-22.7499750417018,21.3383004177486,16.3261787681515));
#412=CARTESIAN_POINT('Ctrl Pts',(-22.8006294141061,21.303581809579,16.2538368271695));
#413=CARTESIAN_POINT('Ctrl Pts',(-22.8512837865105,21.2688632014094,16.1814948861874));
#414=CARTESIAN_POINT('Ctrl Pts',(-22.9000044492063,21.243349962955,16.1119145688713));
#415=CARTESIAN_POINT('Ctrl Pts',(-22.9362572400918,21.2307692295385,16.0601402178293));
#416=CARTESIAN_POINT('Ctrl Pts',(-22.9362572400918,21.2307692295385,16.0601402178293));
#417=CARTESIAN_POINT('Ctrl Pts',(-22.99063642642,21.2496403296632,15.9824786912663));
#418=CARTESIAN_POINT('Ctrl Pts',(-23.0723756320933,21.2968625812618,15.8657430076115));
#419=CARTESIAN_POINT('Ctrl Pts',(-23.1485026771577,21.3623961208595,15.7570223199434));
#420=CARTESIAN_POINT('Ctrl Pts',(-23.1738783588459,21.3842406340588,15.7207820907208));
#421=CARTESIAN_POINT('Ctrl Pts',(-23.1986304671331,21.4081197348135,15.6854324166077));
#422=CARTESIAN_POINT('Ctrl Pts',(-23.2223399397153,21.4342449476639,15.6515717805986));
#423=CARTESIAN_POINT('Ctrl Pts',(-23.2697588848797,21.4864953733646,15.5838505085802));
#424=CARTESIAN_POINT('Ctrl Pts',(-23.3130072872242,21.5477302474477,15.5220853889772));
#425=CARTESIAN_POINT('Ctrl Pts',(-23.3580651034221,21.6218267171742,15.4577361585859));
#426=CARTESIAN_POINT('Ctrl Pts',(-23.4031229196201,21.6959231869007,15.3933869281947));
#427=CARTESIAN_POINT('Ctrl Pts',(-23.4499901496716,21.7828812522705,15.3264535870151));
#428=CARTESIAN_POINT('Ctrl Pts',(-23.499540925008,21.8876466084176,15.2556877459858));
#429=CARTESIAN_POINT('Ctrl Pts',(-23.5986424756809,22.0971773207117,15.1141560639273));
#430=CARTESIAN_POINT('Ctrl Pts',(-23.7084782074934,22.3779371961146,14.9572943824702));
#431=CARTESIAN_POINT('Ctrl Pts',(-23.802231272485,22.7145673794622,14.8234011295766));
#432=CARTESIAN_POINT('Ctrl Pts',(-23.8959843374765,23.0511975628098,14.689507876683));
#433=CARTESIAN_POINT('Ctrl Pts',(-23.973654735647,23.4436980541021,14.5785830523529));
#434=CARTESIAN_POINT('Ctrl Pts',(-24.0463894530901,23.8456378647393,14.4747071106155));
#435=CARTESIAN_POINT('Ctrl Pts',(-24.1918588879764,24.6495174860137,14.2669552271409));
#436=CARTESIAN_POINT('Ctrl Pts',(-24.317585599953,25.4911543846676,14.0873988740373));
#437=CARTESIAN_POINT('Ctrl Pts',(-24.4245286361643,26.4258670252882,13.9346683900371));
#438=CARTESIAN_POINT('Ctrl Pts',(-24.4780001542699,26.8932233455985,13.858303148037));
#439=CARTESIAN_POINT('Ctrl Pts',(-24.5267757534343,27.3838486014004,13.7886443733128));
#440=CARTESIAN_POINT('Ctrl Pts',(-24.5710493918205,27.885633013717,13.7254150649003));
#441=CARTESIAN_POINT('Ctrl Pts',(-24.5931862110135,28.1365252198754,13.6938004106941));
#442=CARTESIAN_POINT('Ctrl Pts',(-24.6141975400121,28.3902072151623,13.6637931230659));
#443=CARTESIAN_POINT('Ctrl Pts',(-24.6343595472091,28.646211070876,13.6349987926755));
#444=CARTESIAN_POINT('Ctrl Pts',(-24.6545215544061,28.9022149265897,13.6062044622851));
#445=CARTESIAN_POINT('Ctrl Pts',(-24.6738342398017,29.1605406427301,13.5786230891327));
#446=CARTESIAN_POINT('Ctrl Pts',(-24.6919327712637,29.4245402702702,13.5527757075002));
#447=CARTESIAN_POINT('Ctrl Pts',(-24.7643268971117,30.4805387804302,13.4493861809705));
#448=CARTESIAN_POINT('Ctrl Pts',(-24.8172945600235,31.627319872984,13.3737405187613));
#449=CARTESIAN_POINT('Ctrl Pts',(-24.8544783755553,32.8934417287547,13.3206365267265));
#450=CARTESIAN_POINT('Ctrl Pts',(-24.8730702833212,33.5265026566401,13.2940845307091));
#451=CARTESIAN_POINT('Ctrl Pts',(-24.8877162292421,34.1893987753296,13.2731679522353));
#452=CARTESIAN_POINT('Ctrl Pts',(-24.9002895011158,34.8742714411934,13.2552114590707));
#453=CARTESIAN_POINT('Ctrl Pts',(-24.9065761370526,35.2167077741252,13.2462332124884));
#454=CARTESIAN_POINT('Ctrl Pts',(-24.9123446044776,35.5646382438506,13.2379949872334));
#455=CARTESIAN_POINT('Ctrl Pts',(-24.917307819036,35.9222940676567,13.2309067822547));
#456=CARTESIAN_POINT('Ctrl Pts',(-24.9222710335945,36.2799498914628,13.2238185772761));
#457=CARTESIAN_POINT('Ctrl Pts',(-24.9264289952863,36.6473310693495,13.2178803925737));
#458=CARTESIAN_POINT('Ctrl Pts',(-24.9295761322142,37.0279079472329,13.2133858152433));
#459=CARTESIAN_POINT('Ctrl Pts',(-24.9358704060698,37.7890617029998,13.2043966605825));
#460=CARTESIAN_POINT('Ctrl Pts',(-24.9381213808693,38.6029982587534,13.2011819354094));
#461=CARTESIAN_POINT('Ctrl Pts',(-24.9333307757549,39.5047905287178,13.2080236285547));
#462=CARTESIAN_POINT('Ctrl Pts',(-24.9285401706405,40.4065827986821,13.2148653216999));
#463=CARTESIAN_POINT('Ctrl Pts',(-24.9167079856121,41.396230782857,13.2317634331636));
#464=CARTESIAN_POINT('Ctrl Pts',(-24.896832560404,42.4724989474736,13.2601484820578));
#465=CARTESIAN_POINT('Ctrl Pts',(-24.8769571351958,43.5487671120902,13.288533530952));
#466=CARTESIAN_POINT('Ctrl Pts',(-24.8490384698079,44.7116554571485,13.3284055172766));
#467=CARTESIAN_POINT('Ctrl Pts',(-24.8156695648013,45.9051814533981,13.376061252449));
#468=CARTESIAN_POINT('Ctrl Pts',(-24.798985112298,46.5019444515229,13.3998891200352));
#469=CARTESIAN_POINT('Ctrl Pts',(-24.78093809989,47.1063668624456,13.4256629248334));
#470=CARTESIAN_POINT('Ctrl Pts',(-24.7620649512073,47.7086643991341,13.4526165745055));
#471=CARTESIAN_POINT('Ctrl Pts',(-24.7526283768659,48.0098131674784,13.4660933993415));
#472=CARTESIAN_POINT('Ctrl Pts',(-24.7429852684559,48.3104307172641,13.4798651853961));
#473=CARTESIAN_POINT('Ctrl Pts',(-24.7331907973037,48.6095020682777,13.4938531398493));
#474=CARTESIAN_POINT('Ctrl Pts',(-24.7282935617276,48.7590377437845,13.5008471170759));
#475=CARTESIAN_POINT('Ctrl Pts',(-24.7233584854659,48.9081868695983,13.5078951364021));
#476=CARTESIAN_POINT('Ctrl Pts',(-24.7183948729351,49.0567935811031,13.5149839097442));
#477=CARTESIAN_POINT('Ctrl Pts',(-24.7134312604042,49.205400292608,13.5220726830864));
#478=CARTESIAN_POINT('Ctrl Pts',(-24.7084391116043,49.3534645898041,13.5292022104444));
#479=CARTESIAN_POINT('Ctrl Pts',(-24.7034259731307,49.5008453052763,13.5363617141629));
#480=CARTESIAN_POINT('Ctrl Pts',(-24.6633208653422,50.6798910290538,13.5936377439113));
#481=CARTESIAN_POINT('Ctrl Pts',(-24.6218724184416,51.8151875225069,13.6528322607349));
#482=CARTESIAN_POINT('Ctrl Pts',(-24.5822924570827,52.8545162520818,13.7093583036566));
#483=CARTESIAN_POINT('Ctrl Pts',(-24.5427124957237,53.8938449816566,13.7658843465784));
#484=CARTESIAN_POINT('Ctrl Pts',(-24.5050010199062,54.8372059473532,13.8197419155983));
#485=CARTESIAN_POINT('Ctrl Pts',(-24.4687028991306,55.7033441481232,13.8715810044326));
#486=CARTESIAN_POINT('Ctrl Pts',(-24.4324047783549,56.5694823488932,13.9234200932668));
#487=CARTESIAN_POINT('Ctrl Pts',(-24.397520012621,57.3583977847368,13.9732407019154));
#488=CARTESIAN_POINT('Ctrl Pts',(-24.3605184667882,58.1456411645428,14.0260843858429));
#489=CARTESIAN_POINT('Ctrl Pts',(-24.3235169209554,58.9328845443489,14.0789280697703));
#490=CARTESIAN_POINT('Ctrl Pts',(-24.2843985950237,59.7184558681174,14.1347948289768));
#491=CARTESIAN_POINT('Ctrl Pts',(-24.240252157979,60.5646155125505,14.1978424750469));
#492=CARTESIAN_POINT('Ctrl Pts',(-24.1961057209343,61.4107751569836,14.2608901211171));
#493=CARTESIAN_POINT('Ctrl Pts',(-24.1469311727766,62.3175231220814,14.3311186540509));
#494=CARTESIAN_POINT('Ctrl Pts',(-24.0936092195648,63.2728030011743,14.407270295246));
#495=CARTESIAN_POINT('Ctrl Pts',(-24.040287266353,64.2280828802671,14.483421936441));
#496=CARTESIAN_POINT('Ctrl Pts',(-23.9828179080871,65.2318946733551,14.5654966858971));
#497=CARTESIAN_POINT('Ctrl Pts',(-23.9246252142262,66.2216076194256,14.6486044656416));
#498=CARTESIAN_POINT('Ctrl Pts',(-23.8664325203653,67.2113205654961,14.731712245386));
#499=CARTESIAN_POINT('Ctrl Pts',(-23.8075164909093,68.186934664549,14.8158530554188));
#500=CARTESIAN_POINT('Ctrl Pts',(-23.7505570711499,69.0973887408303,14.8971995372133));
#501=CARTESIAN_POINT('Ctrl Pts',(-23.6935976513906,70.0078428171115,14.9785460190078));
#502=CARTESIAN_POINT('Ctrl Pts',(-23.6385948413278,70.8531368706211,15.0570981725641));
#503=CARTESIAN_POINT('Ctrl Pts',(-23.5847112216692,71.6464198519205,15.1340519565755));
#504=CARTESIAN_POINT('Ctrl Pts',(-23.5308276020107,72.4397028332199,15.2110057405869));
#505=CARTESIAN_POINT('Ctrl Pts',(-23.4780631727563,73.1809747423091,15.2863611550535));
#506=CARTESIAN_POINT('Ctrl Pts',(-23.4236976184663,73.9208077837022,15.3640032130481));
#507=CARTESIAN_POINT('Ctrl Pts',(-23.3693320641764,74.6606408250954,15.4416452710427));
#508=CARTESIAN_POINT('Ctrl Pts',(-23.3133653848509,75.3990349987923,15.5215739725654));
#509=CARTESIAN_POINT('Ctrl Pts',(-23.2561179917111,76.1386256576002,15.6033317229691));
#510=CARTESIAN_POINT('Ctrl Pts',(-23.1988705985713,76.8782163164081,15.6850894733729));
#511=CARTESIAN_POINT('Ctrl Pts',(-23.1403424916172,77.6190034603269,15.7686762726578));
#512=CARTESIAN_POINT('Ctrl Pts',(-23.0856187966316,78.2841925895784,15.8468298085731));
#513=CARTESIAN_POINT('Ctrl Pts',(-23.030895101646,78.9493817188299,15.9249833444883));
#514=CARTESIAN_POINT('Ctrl Pts',(-22.979975818629,79.5389728334141,15.9977036170338));
#515=CARTESIAN_POINT('Ctrl Pts',(-22.9362572400918,80.,16.0601402178293));
#516=CARTESIAN_POINT('Ctrl Pts',(-22.9362572400905,21.2307692295382,16.0601402178284));
#517=CARTESIAN_POINT('Ctrl Pts',(-56.2484403745099,27.4871794796922,39.3855819627712));
#518=CARTESIAN_POINT('Ctrl Pts',(-89.5606235089294,33.7435897298461,62.7110237077141));
#519=CARTESIAN_POINT('Ctrl Pts',(-122.872806643349,39.99999998,86.0364654526569));
#520=CARTESIAN_POINT('Ctrl Pts',(-22.900004449205,21.2433499629547,16.1119145688704));
#521=CARTESIAN_POINT('Ctrl Pts',(-56.2190451183507,27.4974641416444,39.4275627392628));
#522=CARTESIAN_POINT('Ctrl Pts',(-89.5379080488511,33.7513889453861,62.743464746747));
#523=CARTESIAN_POINT('Ctrl Pts',(-122.856948717997,40.0055031240758,86.0591129171394));
#524=CARTESIAN_POINT('Ctrl Pts',(-22.8025631238134,21.2943764398636,16.2510752035027));
#525=CARTESIAN_POINT('Ctrl Pts',(-56.1331718862404,27.5420728647864,39.5502024245334));
#526=CARTESIAN_POINT('Ctrl Pts',(-89.4638814063087,33.7900597689661,62.8491857487399));
#527=CARTESIAN_POINT('Ctrl Pts',(-122.794490168736,40.0377561938889,86.1483129697706));
#528=CARTESIAN_POINT('Ctrl Pts',(-22.6447988774747,21.4261483735179,16.4763858974465));
#529=CARTESIAN_POINT('Ctrl Pts',(-55.9895366349313,27.6593195814622,39.7553348223887));
#530=CARTESIAN_POINT('Ctrl Pts',(-89.3340760268381,33.8921812304365,63.0345670426951));
#531=CARTESIAN_POINT('Ctrl Pts',(-122.678813784295,40.1253524383809,86.3135159676373));
#532=CARTESIAN_POINT('Ctrl Pts',(-22.5162515943171,21.6091570937836,16.6599704436601));
#533=CARTESIAN_POINT('Ctrl Pts',(-55.8763817091288,27.8188895561074,39.9169368041264));
#534=CARTESIAN_POINT('Ctrl Pts',(-89.2366813288597,34.0290586062355,63.1736610864802));
#535=CARTESIAN_POINT('Ctrl Pts',(-122.596811443671,40.2387910685593,86.4306274469465));
#536=CARTESIAN_POINT('Ctrl Pts',(-22.3283255883189,21.9574406301594,16.9283565945415));
#537=CARTESIAN_POINT('Ctrl Pts',(-55.7132881831833,28.1233024623696,40.149858498118));
#538=CARTESIAN_POINT('Ctrl Pts',(-89.0977488163,34.2884049257722,63.372077277364));
#539=CARTESIAN_POINT('Ctrl Pts',(-122.482711411164,40.4542667579825,86.5935791809405));
#540=CARTESIAN_POINT('Ctrl Pts',(-22.0541741614069,22.65919415025,17.3198854084314));
#541=CARTESIAN_POINT('Ctrl Pts',(-55.4659844544013,28.7398282565494,40.5030448254381));
#542=CARTESIAN_POINT('Ctrl Pts',(-88.8778629201843,34.8209842430529,63.6861068816126));
#543=CARTESIAN_POINT('Ctrl Pts',(-122.289673213179,40.9016183493523,86.8692662986193));
#544=CARTESIAN_POINT('Ctrl Pts',(-21.7435906872161,24.2302027280691,17.763444578024));
#545=CARTESIAN_POINT('Ctrl Pts',(-55.1879814223808,30.1360582231265,40.9000743014862));
#546=CARTESIAN_POINT('Ctrl Pts',(-88.6322663800533,36.041698565235,64.0368550908643));
#547=CARTESIAN_POINT('Ctrl Pts',(-122.076657115218,41.9475540602924,87.1734848143265));
#548=CARTESIAN_POINT('Ctrl Pts',(-21.4907781270633,25.9107674363904,18.1244983318856));
#549=CARTESIAN_POINT('Ctrl Pts',(-54.9615243538022,31.6333851747352,41.2234885125897));
#550=CARTESIAN_POINT('Ctrl Pts',(-88.4316249711019,37.3543371311358,64.3234007191273));
#551=CARTESIAN_POINT('Ctrl Pts',(-121.902371197841,43.0769548694806,87.4223908998314));
#552=CARTESIAN_POINT('Ctrl Pts',(-21.29678682527,27.8765519043558,18.4015466228671));
#553=CARTESIAN_POINT('Ctrl Pts',(-54.7868817289251,33.3839284948381,41.4729040292));
#554=CARTESIAN_POINT('Ctrl Pts',(-88.2769550244939,38.8916378648696,64.5442922950799));
#555=CARTESIAN_POINT('Ctrl Pts',(-121.767049928149,44.3990144553519,87.6156497014127));
#556=CARTESIAN_POINT('Ctrl Pts',(-21.1762660339201,29.409231868718,18.5736681508044));
#557=CARTESIAN_POINT('Ctrl Pts',(-54.6790580783225,34.7521736733842,41.6268921608879));
#558=CARTESIAN_POINT('Ctrl Pts',(-88.1815552647231,40.0944212114414,64.6805372718396));
#559=CARTESIAN_POINT('Ctrl Pts',(-121.684347309125,45.4373630161077,87.7337612819232));
#560=CARTESIAN_POINT('Ctrl Pts',(-21.0801859754847,31.043702992945,18.7108846947467));
#561=CARTESIAN_POINT('Ctrl Pts',(-54.5921331155336,36.2080528772794,41.751033873231));
#562=CARTESIAN_POINT('Ctrl Pts',(-88.1040696277842,41.3726311204781,64.7911982297856));
#563=CARTESIAN_POINT('Ctrl Pts',(-121.616016767833,46.5369810048124,87.8313474082699));
#564=CARTESIAN_POINT('Ctrl Pts',(-21.0142785316035,32.8676177294819,18.8050102793552));
#565=CARTESIAN_POINT('Ctrl Pts',(-54.5325176220249,37.8340684844429,41.8361736214564));
#566=CARTESIAN_POINT('Ctrl Pts',(-88.0506093705469,42.8002593360907,64.8675473895994));
#567=CARTESIAN_POINT('Ctrl Pts',(-121.568848460968,47.7667100910518,87.8987107317006));
#568=CARTESIAN_POINT('Ctrl Pts',(-20.9693959492741,34.847077087199,18.8691092498464));
#569=CARTESIAN_POINT('Ctrl Pts',(-54.4919496303628,39.6007717150694,41.8941107178863));
#570=CARTESIAN_POINT('Ctrl Pts',(-88.0144926303054,44.3546478710287,64.9191274401853));
#571=CARTESIAN_POINT('Ctrl Pts',(-121.537046311394,49.108342498899,87.9441289082253));
#572=CARTESIAN_POINT('Ctrl Pts',(-20.9475676833395,36.3531255243516,18.9002832443315));
#573=CARTESIAN_POINT('Ctrl Pts',(-54.4721441138662,40.9441122584026,41.9223959267934));
#574=CARTESIAN_POINT('Ctrl Pts',(-87.9966468255033,45.5350128114374,64.9446138907421));
#575=CARTESIAN_POINT('Ctrl Pts',(-121.52122325603,50.1259995454883,87.966726573204));
#576=CARTESIAN_POINT('Ctrl Pts',(-20.9403258834943,37.3125608355285,18.9106256063456));
#577=CARTESIAN_POINT('Ctrl Pts',(-54.4653608554149,41.7989000313823,41.9320834238298));
#578=CARTESIAN_POINT('Ctrl Pts',(-87.9903673938909,46.2853942831558,64.9535818484827));
#579=CARTESIAN_POINT('Ctrl Pts',(-121.515402365812,50.7717334790096,87.9750396659668));
#580=CARTESIAN_POINT('Ctrl Pts',(-20.9379967963877,37.7035873983815,18.9139518874545));
#581=CARTESIAN_POINT('Ctrl Pts',(-54.4631607399519,42.1473321303731,41.9352255143429));
#582=CARTESIAN_POINT('Ctrl Pts',(-87.9882783821904,46.591059763924,64.9565652663789));
#583=CARTESIAN_POINT('Ctrl Pts',(-121.513442325755,51.0348044959155,87.9778388932672));
#584=CARTESIAN_POINT('Ctrl Pts',(-20.9355297615857,38.408676287299,18.9174751782895));
#585=CARTESIAN_POINT('Ctrl Pts',(-54.4607111413258,42.7752995869697,41.9387239037381));
#586=CARTESIAN_POINT('Ctrl Pts',(-87.9858717030916,47.142227003154,64.9600023603364));
#587=CARTESIAN_POINT('Ctrl Pts',(-121.511053082832,51.5088503028247,87.9812510857849));
#588=CARTESIAN_POINT('Ctrl Pts',(-20.9377573183952,39.9097752758786,18.9142938974721));
#589=CARTESIAN_POINT('Ctrl Pts',(-54.4621822014595,44.1124590612345,41.9366230121402));
#590=CARTESIAN_POINT('Ctrl Pts',(-87.9865671222735,48.3151224431703,64.9590091988178));
#591=CARTESIAN_POINT('Ctrl Pts',(-121.510992005338,52.5178062285263,87.9813383134859));
#592=CARTESIAN_POINT('Ctrl Pts',(-20.9674442919211,42.384910247336,18.8718965054048));
#593=CARTESIAN_POINT('Ctrl Pts',(-54.4878965071659,46.3184182335237,41.899899177701));
#594=CARTESIAN_POINT('Ctrl Pts',(-88.0083049632637,50.2516991031313,64.927964344537));
#595=CARTESIAN_POINT('Ctrl Pts',(-121.528757178508,54.185207089319,87.9559670168332));
#596=CARTESIAN_POINT('Ctrl Pts',(-21.0513725487122,45.8758932769448,18.7520345327594));
#597=CARTESIAN_POINT('Ctrl Pts',(-54.5623741595724,49.4390140709225,41.7935340668698));
#598=CARTESIAN_POINT('Ctrl Pts',(-88.0733283404369,53.001825925953,64.8351013380359));
#599=CARTESIAN_POINT('Ctrl Pts',(-121.584329951297,56.5649467199307,87.8766008721462));
#600=CARTESIAN_POINT('Ctrl Pts',(-21.1483248229881,48.9342162193776,18.6135723355031));
#601=CARTESIAN_POINT('Ctrl Pts',(-54.6490217228284,52.1802427606259,41.6697885221167));
#602=CARTESIAN_POINT('Ctrl Pts',(-88.1496862428983,55.4261297570393,64.7260509518358));
#603=CARTESIAN_POINT('Ctrl Pts',(-121.650383142739,58.6721562982875,87.7822671384494));
#604=CARTESIAN_POINT('Ctrl Pts',(-21.2298584594541,51.2480453593447,18.4971302351018));
#605=CARTESIAN_POINT('Ctrl Pts',(-54.7219826231831,54.2562375573736,41.5655895577049));
#606=CARTESIAN_POINT('Ctrl Pts',(-88.214062687241,57.2639885491174,64.6341118611672));
#607=CARTESIAN_POINT('Ctrl Pts',(-121.70618685097,60.2721807471463,87.7025711837703));
#608=CARTESIAN_POINT('Ctrl Pts',(-21.3108198744822,53.4210687308569,18.3815053516063));
#609=CARTESIAN_POINT('Ctrl Pts',(-54.7944157397765,56.2060877195304,41.46214434662));
#610=CARTESIAN_POINT('Ctrl Pts',(-88.2779863054151,58.9910557332216,64.5428194732878));
#611=CARTESIAN_POINT('Ctrl Pts',(-121.761582170709,61.7760747218951,87.6234584683014));
#612=CARTESIAN_POINT('Ctrl Pts',(-21.4050944684811,55.7792055660076,18.2468672781005));
#613=CARTESIAN_POINT('Ctrl Pts',(-54.8786259599953,58.3209339982325,41.3418796884674));
#614=CARTESIAN_POINT('Ctrl Pts',(-88.3521352302785,60.8625943597993,64.4369238340428));
#615=CARTESIAN_POINT('Ctrl Pts',(-121.825666721793,63.4043227920241,87.5319362444097));
#616=CARTESIAN_POINT('Ctrl Pts',(-21.4923915943518,57.7529398384101,18.1221940617939));
#617=CARTESIAN_POINT('Ctrl Pts',(-54.9564126168631,60.0866969206951,41.2307888295105));
#618=CARTESIAN_POINT('Ctrl Pts',(-88.4204123857435,62.420344658497,64.3394139505591));
#619=CARTESIAN_POINT('Ctrl Pts',(-121.884433408255,64.7541017407819,87.4480087182757));
#620=CARTESIAN_POINT('Ctrl Pts',(-21.5589431250166,59.1280251381968,18.0271486259294));
#621=CARTESIAN_POINT('Ctrl Pts',(-55.0159037641816,61.3171919443184,41.1458266660488));
#622=CARTESIAN_POINT('Ctrl Pts',(-88.4728440417567,63.506248138049,64.2645337855338));
#623=CARTESIAN_POINT('Ctrl Pts',(-121.929804680922,65.6954149441706,87.3832118256532));
#624=CARTESIAN_POINT('Ctrl Pts',(-21.5997524408827,59.9378725712603,17.9688668828187));
#625=CARTESIAN_POINT('Ctrl Pts',(-55.0524654116202,62.0424268895449,41.0936112221361));
#626=CARTESIAN_POINT('Ctrl Pts',(-88.5051612252425,64.1469880761062,64.2183800643549));
#627=CARTESIAN_POINT('Ctrl Pts',(-121.95787419598,66.2515423943909,87.3431244036724));
#628=CARTESIAN_POINT('Ctrl Pts',(-21.6640849581975,61.1843565064145,17.8769905264469));
#629=CARTESIAN_POINT('Ctrl Pts',(-55.1101833937885,63.1594877000395,41.0111814009493));
#630=CARTESIAN_POINT('Ctrl Pts',(-88.5562524509253,65.1342012409636,64.1454142322342));
#631=CARTESIAN_POINT('Ctrl Pts',(-122.002350886516,67.1093324345886,87.2796051067367));
#632=CARTESIAN_POINT('Ctrl Pts',(-21.7747726540694,63.2251750166108,17.7189121142164));
#633=CARTESIAN_POINT('Ctrl Pts',(-55.2098317395521,64.9916105544188,40.8688688145717));
#634=CARTESIAN_POINT('Ctrl Pts',(-88.6448688886002,66.7578979373314,64.0188568434036));
#635=CARTESIAN_POINT('Ctrl Pts',(-122.079927974083,68.5243334751394,87.1688135437588));
#636=CARTESIAN_POINT('Ctrl Pts',(-21.9470951515626,66.2348746075456,17.4728100829047));
#637=CARTESIAN_POINT('Ctrl Pts',(-55.3648192218271,67.6940878069869,40.6475237506907));
#638=CARTESIAN_POINT('Ctrl Pts',(-88.7825258210894,69.1531777604445,63.8222623696548));
#639=CARTESIAN_POINT('Ctrl Pts',(-122.200249891354,70.6123909598857,86.9969760374408));
#640=CARTESIAN_POINT('Ctrl Pts',(-22.1239332615414,69.1632880178582,17.2202590886222));
#641=CARTESIAN_POINT('Ctrl Pts',(-55.5224496012617,70.3102411552403,40.422404238499));
#642=CARTESIAN_POINT('Ctrl Pts',(-88.9209489780866,71.4570373123875,63.624573613902));
#643=CARTESIAN_POINT('Ctrl Pts',(-122.319465317807,72.6039904497696,86.8267187637787));
#644=CARTESIAN_POINT('Ctrl Pts',(-22.2889234775447,71.6987347433834,16.9846286405051));
#645=CARTESIAN_POINT('Ctrl Pts',(-55.6678614580696,72.5573438722569,40.214734585042));
#646=CARTESIAN_POINT('Ctrl Pts',(-89.0467676965374,73.4157079336983,63.4448858619349));
#647=CARTESIAN_POINT('Ctrl Pts',(-122.425705677062,74.2743170625718,86.6749918064718));
#648=CARTESIAN_POINT('Ctrl Pts',(-22.4472214181044,73.9225569026394,16.7585557522235));
#649=CARTESIAN_POINT('Ctrl Pts',(-55.8083039209623,74.5350948889748,40.0141619615999));
#650=CARTESIAN_POINT('Ctrl Pts',(-89.1693679540528,75.1474824630247,63.2697945485385));
#651=CARTESIAN_POINT('Ctrl Pts',(-122.530450456911,75.7600204493601,86.525400757915));
#652=CARTESIAN_POINT('Ctrl Pts',(-22.6151171070586,76.1375777879621,16.5187758587028));
#653=CARTESIAN_POINT('Ctrl Pts',(-55.9615080524125,76.5482358960369,39.7953637866447));
#654=CARTESIAN_POINT('Ctrl Pts',(-89.3078357090284,76.9584204690356,63.0720421002717));
#655=CARTESIAN_POINT('Ctrl Pts',(-122.654226654382,77.3690785771104,86.3486300282135));
#656=CARTESIAN_POINT('Ctrl Pts',(-22.7907017187208,78.3598879846012,16.2680150455428));
#657=CARTESIAN_POINT('Ctrl Pts',(-56.1233697426553,78.5869219962098,39.5642013363564));
#658=CARTESIAN_POINT('Ctrl Pts',(-89.4560541852032,78.8140812909539,62.8603641789598));
#659=CARTESIAN_POINT('Ctrl Pts',(-122.788722209138,79.0411153025624,86.1565504697734));
#660=CARTESIAN_POINT('Ctrl Pts',(-22.8925386615533,79.5389728334141,16.1225768186239));
#661=CARTESIAN_POINT('Ctrl Pts',(-56.2126039757252,79.6219799534081,39.4367616442644));
#662=CARTESIAN_POINT('Ctrl Pts',(-89.5325500288919,79.704068803526,62.7511167922718));
#663=CARTESIAN_POINT('Ctrl Pts',(-122.852615343064,79.78707592352,86.0653016179124));
#664=CARTESIAN_POINT('Ctrl Pts',(-22.9362572400905,80.,16.0601402178284));
#665=CARTESIAN_POINT('Ctrl Pts',(-56.2484403745099,80.,39.3855819627712));
#666=CARTESIAN_POINT('Ctrl Pts',(-89.5606235089294,80.,62.7110237077141));
#667=CARTESIAN_POINT('Ctrl Pts',(-122.872806643349,80.,86.0364654526569));
#668=CARTESIAN_POINT('',(-24.410730919812,80.,17.0925778032612));
#669=CARTESIAN_POINT('',(-16.3830408857799,80.,11.4715287270209));
#670=CARTESIAN_POINT('',(-23.0417035415319,59.2563201250476,19.0477515247273));
#671=CARTESIAN_POINT('Ctrl Pts',(-23.0416689906475,59.2560495436429,19.0478008685047));
#672=CARTESIAN_POINT('Ctrl Pts',(-23.0444979445229,59.3133661686616,19.0437607036663));
#673=CARTESIAN_POINT('Ctrl Pts',(-23.047344930222,59.3708236414964,19.039694786715));
#674=CARTESIAN_POINT('Ctrl Pts',(-23.0502111725045,59.4284479072272,19.0356013685123));
#675=CARTESIAN_POINT('Ctrl Pts',(-23.0601356294006,59.6279737968909,19.0214277751782));
#676=CARTESIAN_POINT('Ctrl Pts',(-23.0702909559968,59.8294993884222,19.006924465742));
#677=CARTESIAN_POINT('Ctrl Pts',(-23.0807052638704,60.0336584421973,18.9920512927108));
#678=CARTESIAN_POINT('Ctrl Pts',(-23.091119571744,60.2378174959724,18.9771781196795));
#679=CARTESIAN_POINT('Ctrl Pts',(-23.1017928608949,60.4446100119914,18.9619350830532));
#680=CARTESIAN_POINT('Ctrl Pts',(-23.1127803605204,60.6551902767123,18.946243307364));
#681=CARTESIAN_POINT('Ctrl Pts',(-23.1567303590222,61.497511335596,18.8834762046072));
#682=CARTESIAN_POINT('Ctrl Pts',(-23.2057077251165,62.4004363737118,18.8135292768442));
#683=CARTESIAN_POINT('Ctrl Pts',(-23.2587889436339,63.3512490996439,18.7377214404231));
#684=CARTESIAN_POINT('Ctrl Pts',(-23.3118701621514,64.302061825576,18.6619136040019));
#685=CARTESIAN_POINT('Ctrl Pts',(-23.369055233092,65.3007622393244,18.5802448589227));
#686=CARTESIAN_POINT('Ctrl Pts',(-23.426979090574,66.2858777864468,18.4975210173169));
#687=CARTESIAN_POINT('Ctrl Pts',(-23.484902948056,67.2709933335693,18.4147971757111));
#688=CARTESIAN_POINT('Ctrl Pts',(-23.5435655920794,68.2425240140659,18.3310182375789));
#689=CARTESIAN_POINT('Ctrl Pts',(-23.6002508513135,69.1487366711436,18.2500632975919));
#690=CARTESIAN_POINT('Ctrl Pts',(-23.6569361105477,70.0549493282212,18.1691083576049));
#691=CARTESIAN_POINT('Ctrl Pts',(-23.7116439849926,70.8958439618799,18.0909774157633));
#692=CARTESIAN_POINT('Ctrl Pts',(-23.7652491930018,71.6851130365326,18.0144212447939));
#693=CARTESIAN_POINT('Ctrl Pts',(-23.8188544010111,72.4743821111853,17.9378650738245));
#694=CARTESIAN_POINT('Ctrl Pts',(-23.8713569425846,73.2120256268321,17.8628836737275));
#695=CARTESIAN_POINT('Ctrl Pts',(-23.9254824430246,73.9485282195955,17.7855844481601));
#696=CARTESIAN_POINT('Ctrl Pts',(-23.9796079434646,74.6850308123589,17.7082852225928));
#697=CARTESIAN_POINT('Ctrl Pts',(-24.0353564027712,75.420392482239,17.6286681715552));
#698=CARTESIAN_POINT('Ctrl Pts',(-24.0923935082921,76.1571038104972,17.5472107429951));
#699=CARTESIAN_POINT('Ctrl Pts',(-24.149430613813,76.8938151387554,17.465753314435));
#700=CARTESIAN_POINT('Ctrl Pts',(-24.2077563655483,77.6318761253918,17.3824555083525));
#701=CARTESIAN_POINT('Ctrl Pts',(-24.262238998976,78.2940839220217,17.3046462440207));
#702=CARTESIAN_POINT('Ctrl Pts',(-24.3167216324036,78.9562917186517,17.226836979689));
#703=CARTESIAN_POINT('Ctrl Pts',(-24.3673611475236,79.5426463252752,17.1545162571079));
#704=CARTESIAN_POINT('Ctrl Pts',(-24.4107309198121,80.,17.0925778032613));
#705=CARTESIAN_POINT('',(-23.2056755440512,59.2555282918446,19.1622645952921));
#706=CARTESIAN_POINT('Ctrl Pts',(-23.2056409450877,59.2552569615666,19.1623140077333));
#707=CARTESIAN_POINT('Ctrl Pts',(-23.1509835546373,59.2555212394816,19.1241430089315));
#708=CARTESIAN_POINT('Ctrl Pts',(-23.0963262644708,59.2557854393243,19.0859719813141));
#709=CARTESIAN_POINT('Ctrl Pts',(-23.0416689906189,59.2560495430656,19.0478008685453));
#710=CARTESIAN_POINT('',(-23.3696478191564,59.2547358600101,19.2767772765639));
#711=CARTESIAN_POINT('Ctrl Pts',(-23.3696478191564,59.2547358600101,19.2767772765638));
#712=CARTESIAN_POINT('Ctrl Pts',(-23.314990045799,59.2550001054961,19.2386062363775));
#713=CARTESIAN_POINT('Ctrl Pts',(-23.2603326455913,59.2552642491676,19.2004353598492));
#714=CARTESIAN_POINT('Ctrl Pts',(-23.2056755440512,59.2555282918446,19.1622645952921));
#715=CARTESIAN_POINT('',(-105.070863206232,58.7908709773831,76.2426502162643));
#716=CARTESIAN_POINT('Ctrl Pts',(-105.070863205903,58.7908709773831,76.2426502160338));
#717=CARTESIAN_POINT('Ctrl Pts',(-84.5182876809121,58.9160767789284,61.9360427037577));
#718=CARTESIAN_POINT('Ctrl Pts',(-54.3303581626778,59.1045300561375,40.8981261651537));
#719=CARTESIAN_POINT('Ctrl Pts',(-23.8770219222188,59.2522807824501,19.6311071724933));
#720=CARTESIAN_POINT('Ctrl Pts',(-23.6233308515689,59.2535094178763,19.4539404617801));
#721=CARTESIAN_POINT('Ctrl Pts',(-23.3696478191564,59.2547358600101,19.2767772765639));
#722=CARTESIAN_POINT('',(-105.23501076019,58.7898708932088,76.3569125740922));
#723=CARTESIAN_POINT('Ctrl Pts',(-105.23501076019,58.7898708932088,76.3569125740922));
#724=CARTESIAN_POINT('Ctrl Pts',(-105.180363505287,58.7902038704882,76.3188730152758));
#725=CARTESIAN_POINT('Ctrl Pts',(-105.125647593058,58.7905372321988,76.2807855204813));
#726=CARTESIAN_POINT('Ctrl Pts',(-105.070863205903,58.7908709773831,76.2426502160338));
#727=CARTESIAN_POINT('',(-105.399158721886,58.7888706025647,76.4711743489103));
#728=CARTESIAN_POINT('Ctrl Pts',(-105.399117276541,58.7891509432577,76.471233538998));
#729=CARTESIAN_POINT('Ctrl Pts',(-105.380074697169,58.7892676062243,76.4579781428231));
#730=CARTESIAN_POINT('Ctrl Pts',(-105.361032091718,58.7893842702333,76.4447227103969));
#731=CARTESIAN_POINT('Ctrl Pts',(-105.341989470981,58.7895009352054,76.4314672492553));
#732=CARTESIAN_POINT('Ctrl Pts',(-105.306316246429,58.789719487883,76.4066353183791));
#733=CARTESIAN_POINT('Ctrl Pts',(-105.270642968235,58.7899380439413,76.3818032867294));
#734=CARTESIAN_POINT('Ctrl Pts',(-105.234969707363,58.790156602919,76.3569712038454));
#735=CARTESIAN_POINT('',(-106.653596166427,80.,74.6796520129061));
#736=CARTESIAN_POINT('Ctrl Pts',(-106.653596166427,80.,74.6796520129062));
#737=CARTESIAN_POINT('Ctrl Pts',(-106.629575553375,79.7467256914866,74.7139570035564));
#738=CARTESIAN_POINT('Ctrl Pts',(-106.594556169056,79.338646327421,74.76396986747));
#739=CARTESIAN_POINT('Ctrl Pts',(-106.553517905931,78.8410402469869,74.8225785811519));
#740=CARTESIAN_POINT('Ctrl Pts',(-106.512479642806,78.3434341665528,74.8811872948339));
#741=CARTESIAN_POINT('Ctrl Pts',(-106.465422500876,77.75630136975,74.9483918582844));
#742=CARTESIAN_POINT('Ctrl Pts',(-106.420071853506,77.1781727659798,75.0131592949301));
#743=CARTESIAN_POINT('Ctrl Pts',(-106.374721206136,76.6000441622095,75.0779267315759));
#744=CARTESIAN_POINT('Ctrl Pts',(-106.331077053327,76.0309197514718,75.1402570414171));
#745=CARTESIAN_POINT('Ctrl Pts',(-106.29034874139,75.4787733585639,75.1984230989275));
#746=CARTESIAN_POINT('Ctrl Pts',(-106.249620429453,74.9266269656561,75.256589156438));
#747=CARTESIAN_POINT('Ctrl Pts',(-106.211807958389,74.3914585905781,75.3105909616178));
#748=CARTESIAN_POINT('Ctrl Pts',(-106.173606087029,73.8220871924145,75.365148888054));
#749=CARTESIAN_POINT('Ctrl Pts',(-106.13540421567,73.2527157942509,75.4197068144902));
#750=CARTESIAN_POINT('Ctrl Pts',(-106.096812944014,72.6491413730017,75.4748208621829));
#751=CARTESIAN_POINT('Ctrl Pts',(-106.05608941631,71.9900813816738,75.5329800871007));
#752=CARTESIAN_POINT('Ctrl Pts',(-106.015365888607,71.3310213903459,75.5911393120185));
#753=CARTESIAN_POINT('Ctrl Pts',(-105.972510104855,70.6164758289393,75.6523437141614));
#754=CARTESIAN_POINT('Ctrl Pts',(-105.929621918688,69.8862634227042,75.7135943917477));
#755=CARTESIAN_POINT('Ctrl Pts',(-105.886733732522,69.1560510164692,75.7748450693339));
#756=CARTESIAN_POINT('Ctrl Pts',(-105.843813143942,68.4101717654056,75.8361420223634));
#757=CARTESIAN_POINT('Ctrl Pts',(-105.803919191913,67.7002114987888,75.8931164904346));
#758=CARTESIAN_POINT('Ctrl Pts',(-105.764025239884,66.9902512321719,75.9500909585057));
#759=CARTESIAN_POINT('Ctrl Pts',(-105.727157924407,66.3162099500018,76.0027429416185));
#760=CARTESIAN_POINT('Ctrl Pts',(-105.694345489931,65.6902901384512,76.0496039545121));
#761=CARTESIAN_POINT('Ctrl Pts',(-105.686142381312,65.5338101855635,76.0613192077355));
#762=CARTESIAN_POINT('Ctrl Pts',(-105.678192702755,65.3803378245896,76.0726725253201));
#763=CARTESIAN_POINT('Ctrl Pts',(-105.670450686436,65.2289371761819,76.0837292704945));
#764=CARTESIAN_POINT('Ctrl Pts',(-105.662708670117,65.0775365277741,76.0947860156689));
#765=CARTESIAN_POINT('Ctrl Pts',(-105.655174316035,64.9282075919326,76.1055461884331));
#766=CARTESIAN_POINT('Ctrl Pts',(-105.647827184443,64.780478198281,76.1160389797716));
#767=CARTESIAN_POINT('Ctrl Pts',(-105.633132921259,64.4850194109778,76.1370245624485));
#768=CARTESIAN_POINT('Ctrl Pts',(-105.619187548034,64.1959587924343,76.1569406194228));
#769=CARTESIAN_POINT('Ctrl Pts',(-105.60566415753,63.9065157107947,76.1762540226158));
#770=CARTESIAN_POINT('Ctrl Pts',(-105.578617376521,63.3276295475156,76.2148808290018));
#771=CARTESIAN_POINT('Ctrl Pts',(-105.553258526395,62.7472135318521,76.2510970202626));
#772=CARTESIAN_POINT('Ctrl Pts',(-105.526782195482,62.1076647525696,76.2889091394821));
#773=CARTESIAN_POINT('Ctrl Pts',(-105.500305864569,61.468115973287,76.3267212587016));
#774=CARTESIAN_POINT('Ctrl Pts',(-105.472712052868,60.7694344303852,76.3661293058796));
#775=CARTESIAN_POINT('Ctrl Pts',(-105.443665349771,59.9990318433282,76.407612297011));
#776=CARTESIAN_POINT('Ctrl Pts',(-105.429077987904,59.6121328110177,76.4284452087843));
#777=CARTESIAN_POINT('Ctrl Pts',(-105.414124194292,59.2071451152533,76.4498014393242));
#778=CARTESIAN_POINT('Ctrl Pts',(-105.399117276541,58.7891509432577,76.471233538998));
#779=CARTESIAN_POINT('',(-122.872806643349,80.,86.0364654526569));
#780=CARTESIAN_POINT('',(-16.3830408857799,80.,11.4715287270209));
#781=CARTESIAN_POINT('',(-122.872806643349,39.99999998,86.0364654526569));
#782=CARTESIAN_POINT('Ctrl Pts',(-122.872806643349,39.99999998,86.0364654526569));
#783=CARTESIAN_POINT('Ctrl Pts',(-122.86519483918,40.0026414891564,86.0473362356085));
#784=CARTESIAN_POINT('Ctrl Pts',(-122.844918897458,40.0116951368463,86.0762932813632));
#785=CARTESIAN_POINT('Ctrl Pts',(-122.799352806546,40.0365852949077,86.1413684032744));
#786=CARTESIAN_POINT('Ctrl Pts',(-122.722214438973,40.0875570898934,86.2515334091673));
#787=CARTESIAN_POINT('Ctrl Pts',(-122.644313477187,40.1664589800604,86.3627875124647));
#788=CARTESIAN_POINT('Ctrl Pts',(-122.581690432897,40.2662000883909,86.4522224883442));
#789=CARTESIAN_POINT('Ctrl Pts',(-122.511282649222,40.4011224226417,86.5527752242591));
#790=CARTESIAN_POINT('Ctrl Pts',(-122.427856356416,40.5801182405657,86.6719203180393));
#791=CARTESIAN_POINT('Ctrl Pts',(-122.340894629925,40.8049148726761,86.7961145343903));
#792=CARTESIAN_POINT('Ctrl Pts',(-122.261291433607,41.0713309343363,86.9097996805424));
#793=CARTESIAN_POINT('Ctrl Pts',(-122.192005356499,41.3695839214024,87.0087504534593));
#794=CARTESIAN_POINT('Ctrl Pts',(-122.131147038491,41.6882149027884,87.0956651390162));
#795=CARTESIAN_POINT('Ctrl Pts',(-122.07481774895,42.0172593289054,87.1761117015946));
#796=CARTESIAN_POINT('Ctrl Pts',(-122.020570144114,42.3526468949116,87.253585310312));
#797=CARTESIAN_POINT('Ctrl Pts',(-121.96811199918,42.695940122205,87.3285033054373));
#798=CARTESIAN_POINT('Ctrl Pts',(-121.918076669175,43.050831632777,87.3999611622503));
#799=CARTESIAN_POINT('Ctrl Pts',(-121.871415414837,43.4207902726651,87.4666003396249));
#800=CARTESIAN_POINT('Ctrl Pts',(-121.828420331214,43.8057705092244,87.5280036826004));
#801=CARTESIAN_POINT('Ctrl Pts',(-121.788851458237,44.2032190515312,87.584513889672));
#802=CARTESIAN_POINT('Ctrl Pts',(-121.752249591913,44.6099926365797,87.6367867721058));
#803=CARTESIAN_POINT('Ctrl Pts',(-121.718164032076,45.0237940513313,87.685465996445));
#804=CARTESIAN_POINT('Ctrl Pts',(-121.686475510874,45.4452327895182,87.7307218948375));
#805=CARTESIAN_POINT('Ctrl Pts',(-121.657366799391,45.8774163459751,87.7722934431208));
#806=CARTESIAN_POINT('Ctrl Pts',(-121.631127582299,46.3243548369888,87.8097669287087));
#807=CARTESIAN_POINT('Ctrl Pts',(-121.608017273583,46.7897920527643,87.8427718700362));
#808=CARTESIAN_POINT('Ctrl Pts',(-121.588090051815,47.2757380692177,87.8712308920852));
#809=CARTESIAN_POINT('Ctrl Pts',(-121.571076353689,47.7814861221931,87.8955289711498));
#810=CARTESIAN_POINT('Ctrl Pts',(-121.556546925249,48.3051404493082,87.9162791454165));
#811=CARTESIAN_POINT('Ctrl Pts',(-121.544044005105,48.8448473525921,87.9341351658983));
#812=CARTESIAN_POINT('Ctrl Pts',(-121.533227732929,49.4001697432444,87.9495824034473));
#813=CARTESIAN_POINT('Ctrl Pts',(-121.524009883103,49.9733326114431,87.9627468573018));
#814=CARTESIAN_POINT('Ctrl Pts',(-121.516710212919,50.5707132813822,87.9731718667254));
#815=CARTESIAN_POINT('Ctrl Pts',(-121.511943323327,51.2013582221375,87.9799796905945));
#816=CARTESIAN_POINT('Ctrl Pts',(-121.510480410733,51.8752197948643,87.982068946299));
#817=CARTESIAN_POINT('Ctrl Pts',(-121.513120983827,52.6015057248549,87.9782978170985));
#818=CARTESIAN_POINT('Ctrl Pts',(-121.520558776715,53.3869558702864,87.9676755480113));
#819=CARTESIAN_POINT('Ctrl Pts',(-121.533253910664,54.2342038889353,87.9495450177667));
#820=CARTESIAN_POINT('Ctrl Pts',(-121.55129281473,55.1399614135346,87.9237827928815));
#821=CARTESIAN_POINT('Ctrl Pts',(-121.574279922517,56.0936663705301,87.8909538007149));
#822=CARTESIAN_POINT('Ctrl Pts',(-121.601469313438,57.0796469178639,87.8521233262664));
#823=CARTESIAN_POINT('Ctrl Pts',(-121.631872649009,58.0789382477891,87.808702863172));
#824=CARTESIAN_POINT('Ctrl Pts',(-121.664375653675,59.0712245874359,87.7622837618456));
#825=CARTESIAN_POINT('Ctrl Pts',(-121.697851024428,60.0367306272615,87.7144759778291));
#826=CARTESIAN_POINT('Ctrl Pts',(-121.731272057208,60.9581217959942,87.6667457964812));
#827=CARTESIAN_POINT('Ctrl Pts',(-121.763827754154,61.8224334297119,87.6202514427802));
#828=CARTESIAN_POINT('Ctrl Pts',(-121.795033580386,62.6229236049691,87.5756849042482));
#829=CARTESIAN_POINT('Ctrl Pts',(-121.824853967339,63.3611330042962,87.5330969780597));
#830=CARTESIAN_POINT('Ctrl Pts',(-121.85379297472,64.0483869848513,87.4917677923519));
#831=CARTESIAN_POINT('Ctrl Pts',(-121.882704762464,64.7023853456311,87.4504774803149));
#832=CARTESIAN_POINT('Ctrl Pts',(-121.912627373898,65.3442014673311,87.407743562438));
#833=CARTESIAN_POINT('Ctrl Pts',(-121.944610953874,65.9951836277811,87.3620662764475));
#834=CARTESIAN_POINT('Ctrl Pts',(-121.979541540375,66.6737802660774,87.3121802289617));
#835=CARTESIAN_POINT('Ctrl Pts',(-122.017982594935,67.3926732480225,87.2572807135141));
#836=CARTESIAN_POINT('Ctrl Pts',(-122.059969550473,68.1550949702893,87.1973171266532));
#837=CARTESIAN_POINT('Ctrl Pts',(-122.104957725571,68.9538095325485,87.1330673540597));
#838=CARTESIAN_POINT('Ctrl Pts',(-122.152043637627,69.7748412214672,87.0658217026124));
#839=CARTESIAN_POINT('Ctrl Pts',(-122.200123544404,70.6001147935632,86.9971564795845));
#840=CARTESIAN_POINT('Ctrl Pts',(-122.248078980947,71.4105582655127,86.928669018473));
#841=CARTESIAN_POINT('Ctrl Pts',(-122.294945731216,72.1889308610543,86.8617363624931));
#842=CARTESIAN_POINT('Ctrl Pts',(-122.34010148431,72.9229432145488,86.7972472637201));
#843=CARTESIAN_POINT('Ctrl Pts',(-122.383419080999,73.6078527963012,86.7353833243512));
#844=CARTESIAN_POINT('Ctrl Pts',(-122.425503904079,74.2503334785887,86.6752799681561));
#845=CARTESIAN_POINT('Ctrl Pts',(-122.467492271883,74.8657119662445,86.615314364369));
#846=CARTESIAN_POINT('Ctrl Pts',(-122.510674776197,75.4725689530575,86.5536433569079));
#847=CARTESIAN_POINT('Ctrl Pts',(-122.556185881656,76.0883249549398,86.4886467623615));
#848=CARTESIAN_POINT('Ctrl Pts',(-122.604645749862,76.7241452967322,86.4194388981758));
#849=CARTESIAN_POINT('Ctrl Pts',(-122.655868481355,77.3807581971588,86.3462852562945));
#850=CARTESIAN_POINT('Ctrl Pts',(-122.708427276598,78.0423355650076,86.2712235176314));
#851=CARTESIAN_POINT('Ctrl Pts',(-122.759680393048,78.6765957532414,86.1980264815336));
#852=CARTESIAN_POINT('Ctrl Pts',(-122.806507032299,79.2444859953324,86.1311511100255));
#853=CARTESIAN_POINT('Ctrl Pts',(-122.838001338248,79.61497212217,86.0861725797602));
#854=CARTESIAN_POINT('Ctrl Pts',(-122.85722713099,79.8324371476455,86.058715302178));
#855=CARTESIAN_POINT('Ctrl Pts',(-122.86796073128,79.9488982216448,86.0433861323182));
#856=CARTESIAN_POINT('Ctrl Pts',(-122.872806643349,80.,86.0364654526569));
#857=CARTESIAN_POINT('',(-16.3830408857799,20.,11.4715287270209));
#858=CARTESIAN_POINT('',(-36.9905828499448,30.,29.1139722288139));
#859=CARTESIAN_POINT('Ctrl Pts',(-36.9905828499448,30.,29.1139722288139));
#860=CARTESIAN_POINT('Ctrl Pts',(-31.6520565384208,30.,25.6113969833879));
#861=CARTESIAN_POINT('Ctrl Pts',(-26.193098748401,30.,21.9925990523157));
#862=CARTESIAN_POINT('Ctrl Pts',(-21.1434160855383,30.,18.6205827391111));
#863=CARTESIAN_POINT('',(-36.9282118243971,54.,29.2030472846284));
#864=CARTESIAN_POINT('Ctrl Pts',(-36.9282319565549,54.0010441002252,29.2030185329277));
#865=CARTESIAN_POINT('Ctrl Pts',(-36.9116258178623,53.5619197234336,29.2267345568013));
#866=CARTESIAN_POINT('Ctrl Pts',(-36.8947126862364,53.1057909654492,29.2508890120206));
#867=CARTESIAN_POINT('Ctrl Pts',(-36.8777465503879,52.6367445885628,29.2751191651147));
#868=CARTESIAN_POINT('Ctrl Pts',(-36.858433339693,52.1028108995144,29.3027012884724));
#869=CARTESIAN_POINT('Ctrl Pts',(-36.8390514453197,51.552138363288,29.3303815022885));
#870=CARTESIAN_POINT('Ctrl Pts',(-36.8199875984349,50.9910111128161,29.3576074972179));
#871=CARTESIAN_POINT('Ctrl Pts',(-36.7818599046652,49.8687566118725,29.4120594870768));
#872=CARTESIAN_POINT('Ctrl Pts',(-36.745004400849,48.7046832539474,29.4646946013893));
#873=CARTESIAN_POINT('Ctrl Pts',(-36.7133245537558,47.5696585849198,29.5099381118694));
#874=CARTESIAN_POINT('Ctrl Pts',(-36.6816447066625,46.4346339158922,29.5551816223495));
#875=CARTESIAN_POINT('Ctrl Pts',(-36.6551405162921,45.3286579357621,29.5930335289973));
#876=CARTESIAN_POINT('Ctrl Pts',(-36.6363222924206,44.3057981399893,29.6199087379098));
#877=CARTESIAN_POINT('Ctrl Pts',(-36.6175040685491,43.2829383442165,29.6467839468223));
#878=CARTESIAN_POINT('Ctrl Pts',(-36.6063718111764,42.3431947328009,29.6626824579996));
#879=CARTESIAN_POINT('Ctrl Pts',(-36.6019475869934,41.4872866199913,29.669000904948));
#880=CARTESIAN_POINT('Ctrl Pts',(-36.5997354749019,41.0593325635865,29.6721601284222));
#881=CARTESIAN_POINT('Ctrl Pts',(-36.5992003711078,40.6523373818331,29.6729243358392));
#882=CARTESIAN_POINT('Ctrl Pts',(-36.5999580895272,40.2617855821531,29.6718422017888));
#883=CARTESIAN_POINT('Ctrl Pts',(-36.600336948737,40.0665096823132,29.6713011347636));
#884=CARTESIAN_POINT('Ctrl Pts',(-36.6010390135001,39.8753446279915,29.6702984823715));
#885=CARTESIAN_POINT('Ctrl Pts',(-36.6020297000858,39.6879180615971,29.6688836352989));
#886=CARTESIAN_POINT('Ctrl Pts',(-36.6025250433786,39.5942047783998,29.6681762117625));
#887=CARTESIAN_POINT('Ctrl Pts',(-36.6030925421271,39.5014261171844,29.6673657395561));
#888=CARTESIAN_POINT('Ctrl Pts',(-36.6037275220171,39.4095088696014,29.6664588942919));
#889=CARTESIAN_POINT('Ctrl Pts',(-36.604362501907,39.3175916220183,29.6655520490277));
#890=CARTESIAN_POINT('Ctrl Pts',(-36.6050649629385,39.2265357880676,29.6645488307059));
#891=CARTESIAN_POINT('Ctrl Pts',(-36.605825891185,39.1362507871802,29.6634621125473));
#892=CARTESIAN_POINT('Ctrl Pts',(-36.6119133171571,38.4139707800807,29.6547683672791));
#893=CARTESIAN_POINT('Ctrl Pts',(-36.621742644894,37.7410240890295,29.640730632464));
#894=CARTESIAN_POINT('Ctrl Pts',(-36.6338002816952,37.0912031285373,29.6235105425004));
#895=CARTESIAN_POINT('Ctrl Pts',(-36.6458579184964,36.4413821680451,29.6062904525367));
#896=CARTESIAN_POINT('Ctrl Pts',(-36.6601438643619,35.8146869381119,29.5858880074244));
#897=CARTESIAN_POINT('Ctrl Pts',(-36.6777829501308,35.212769018271,29.5606967822428));
#898=CARTESIAN_POINT('Ctrl Pts',(-36.6954220358997,34.6108510984301,29.5355055570612));
#899=CARTESIAN_POINT('Ctrl Pts',(-36.716414261572,34.0337104886815,29.5055255518102));
#900=CARTESIAN_POINT('Ctrl Pts',(-36.7422077316699,33.4866250505549,29.4686886589029));
#901=CARTESIAN_POINT('Ctrl Pts',(-36.7680012017678,32.9395396124283,29.4318517659956));
#902=CARTESIAN_POINT('Ctrl Pts',(-36.7985959162913,32.4225093459236,29.3881579854319));
#903=CARTESIAN_POINT('Ctrl Pts',(-36.8329943300166,31.921363061975,29.3390319594351));
#904=CARTESIAN_POINT('Ctrl Pts',(-36.8673927437419,31.4202167780265,29.2899059334382));
#905=CARTESIAN_POINT('Ctrl Pts',(-36.9055948566689,30.934954476634,29.2353476620082));
#906=CARTESIAN_POINT('Ctrl Pts',(-36.9478097451626,30.4591544130316,29.1750585531511));
#907=CARTESIAN_POINT('Ctrl Pts',(-36.9615083960529,30.3047581988652,29.155494852187));
#908=CARTESIAN_POINT('Ctrl Pts',(-36.975629588252,30.1513583490041,29.135327699695));
#909=CARTESIAN_POINT('Ctrl Pts',(-36.9901945926436,29.999401756752,29.114526717705));
#910=CARTESIAN_POINT('Ctrl Pts',(-21.334569308853,54.,18.3475876442503));
#911=CARTESIAN_POINT('Ctrl Pts',(-26.5113320377112,54.,21.9521480254517));
#912=CARTESIAN_POINT('Ctrl Pts',(-31.7357818762949,54.,25.5891466776095));
#913=CARTESIAN_POINT('Ctrl Pts',(-36.9282118243971,54.,29.2030472846284));
#914=CARTESIAN_POINT('Origin',(-38.5001460815826,54.,26.9580925084992));
#915=CARTESIAN_POINT('',(-38.5001460815826,54.,26.9580925084992));
#916=CARTESIAN_POINT('',(-38.5001460815826,54.,26.9580925084992));
#917=CARTESIAN_POINT('',(-9.82982453146791,54.,6.88291723621256));
#918=CARTESIAN_POINT('Origin',(-24.1649853065253,42.,16.9205048723559));
#919=CARTESIAN_POINT('',(-38.5001460815826,30.,26.9580925084992));
#920=CARTESIAN_POINT('',(-38.5001460815826,54.,26.9580925084992));
#921=CARTESIAN_POINT('',(-38.5001460815826,30.,26.9580925084992));
#922=CARTESIAN_POINT('Origin',(-38.5001460815826,30.,26.9580925084992));
#923=CARTESIAN_POINT('',(-38.5001460815826,30.,26.9580925084992));
#924=CARTESIAN_POINT('Origin',(-9.82982453146791,30.,6.88291723621256));
#925=CARTESIAN_POINT('Origin',(-106.653596166427,68.75,74.6796520129063));
#926=CARTESIAN_POINT('',(-107.908033610967,58.7888706025637,72.8881296769028));
#927=CARTESIAN_POINT('Ctrl Pts',(-107.907999629996,58.7889371261165,72.8881782067598));
#928=CARTESIAN_POINT('Ctrl Pts',(-107.892984016857,59.2071396085401,72.9096227247351));
#929=CARTESIAN_POINT('Ctrl Pts',(-107.878018168748,59.6124142111837,72.9309961708803));
#930=CARTESIAN_POINT('Ctrl Pts',(-107.863422756668,59.9995195877511,72.9518405795499));
#931=CARTESIAN_POINT('Ctrl Pts',(-107.834360023793,60.770333052423,72.9933464635758));
#932=CARTESIAN_POINT('Ctrl Pts',(-107.806766059579,61.4691060356014,73.0327547285663));
#933=CARTESIAN_POINT('Ctrl Pts',(-107.780303704106,62.1084801817075,73.070546888789));
#934=CARTESIAN_POINT('Ctrl Pts',(-107.753841348633,62.7478543278136,73.1083390490117));
#935=CARTESIAN_POINT('Ctrl Pts',(-107.728510601901,63.3278296368473,73.1445151044666));
#936=CARTESIAN_POINT('Ctrl Pts',(-107.701456360293,63.9069032517894,73.1831525656917));
#937=CARTESIAN_POINT('Ctrl Pts',(-107.674402118686,64.4859768667316,73.2217900269168));
#938=CARTESIAN_POINT('Ctrl Pts',(-107.645624382204,65.0641487875821,73.2628888939122));
#939=CARTESIAN_POINT('Ctrl Pts',(-107.612812426983,65.6901024036773,73.3097492223584));
#940=CARTESIAN_POINT('Ctrl Pts',(-107.580000471762,66.3160560197725,73.3566095508045));
#941=CARTESIAN_POINT('Ctrl Pts',(-107.543154297802,66.9897913311123,73.4092313407015));
#942=CARTESIAN_POINT('Ctrl Pts',(-107.503257744537,67.6998489969589,73.4662095237232));
#943=CARTESIAN_POINT('Ctrl Pts',(-107.463361191272,68.4099066628054,73.523187706745));
#944=CARTESIAN_POINT('Ctrl Pts',(-107.420414258701,69.1562866831586,73.5845222828916));
#945=CARTESIAN_POINT('Ctrl Pts',(-107.377528075447,69.8865157820765,73.6457701000221));
#946=CARTESIAN_POINT('Ctrl Pts',(-107.334641892194,70.6167448809944,73.7070179171525));
#947=CARTESIAN_POINT('Ctrl Pts',(-107.291816458257,71.3308230584769,73.7681789752668));
#948=CARTESIAN_POINT('Ctrl Pts',(-107.251105238201,71.9897133842308,73.8263206230424));
#949=CARTESIAN_POINT('Ctrl Pts',(-107.210394018144,72.6486037099848,73.8844622708179));
#950=CARTESIAN_POINT('Ctrl Pts',(-107.171797011968,73.25230618401,73.9395845082547));
#951=CARTESIAN_POINT('Ctrl Pts',(-107.133592826087,73.8217417280958,73.994145740169));
#952=CARTESIAN_POINT('Ctrl Pts',(-107.095388640207,74.3911772721817,74.0487069720832));
#953=CARTESIAN_POINT('Ctrl Pts',(-107.057577274622,74.9263458863281,74.102707198475));
#954=CARTESIAN_POINT('Ctrl Pts',(-107.016848775438,75.4785166438497,74.1608735234034));
#955=CARTESIAN_POINT('Ctrl Pts',(-106.976120276253,76.0306874013713,74.2190398483317));
#956=CARTESIAN_POINT('Ctrl Pts',(-106.932474643468,76.5998603022682,74.2813722717967));
#957=CARTESIAN_POINT('Ctrl Pts',(-106.887123224514,77.1780210610572,74.346140810379));
#958=CARTESIAN_POINT('Ctrl Pts',(-106.841771805559,77.7561818198463,74.4109093489614));
#959=CARTESIAN_POINT('Ctrl Pts',(-106.794714600436,78.3433304365275,74.478114002661));
#960=CARTESIAN_POINT('Ctrl Pts',(-106.753675842661,78.8409664857686,74.5367234227764));
#961=CARTESIAN_POINT('Ctrl Pts',(-106.712637084886,79.3386025350098,74.5953328428918));
#962=CARTESIAN_POINT('Ctrl Pts',(-106.67761677446,79.7467260168108,74.6453470294231));
#963=CARTESIAN_POINT('Ctrl Pts',(-106.653596166427,80.,74.6796520129062));
#964=CARTESIAN_POINT('Origin',(-106.653596166427,60.,74.6796520129063));
#965=CARTESIAN_POINT('',(-106.653596166427,58.975,74.6796520129062));
#966=CARTESIAN_POINT('Origin',(-106.653596166427,60.,74.6796520129062));
#967=CARTESIAN_POINT('Origin',(-114.681286200459,60.,80.3007010891465));
#968=CARTESIAN_POINT('',(-114.681286200459,58.975,80.3007010891465));
#969=CARTESIAN_POINT('Origin',(-114.681286200459,60.,80.3007010891465));
#970=CARTESIAN_POINT('',(-114.681286200459,58.975,80.3007010891465));
#971=CARTESIAN_POINT('Origin',(-114.681286200459,60.,80.3007010891465));
#972=CARTESIAN_POINT('Ctrl Pts',(-22.9362572400594,80.,16.0601402178066));
#973=CARTESIAN_POINT('Ctrl Pts',(-56.2484403744892,80.,39.3855819627567));
#974=CARTESIAN_POINT('Ctrl Pts',(-89.560623508919,80.,62.7110237077068));
#975=CARTESIAN_POINT('Ctrl Pts',(-122.872806643349,80.,86.0364654526569));
#976=CARTESIAN_POINT('Ctrl Pts',(-22.9799758185966,79.538972833414,15.9977036170111));
#977=CARTESIAN_POINT('Ctrl Pts',(-56.2842767914911,79.6219787724587,39.3344022552467));
#978=CARTESIAN_POINT('Ctrl Pts',(-89.5886969707392,79.7040699844753,62.6709306491659));
#979=CARTESIAN_POINT('Ctrl Pts',(-122.892997943634,79.78707592352,86.0076292874015));
#980=CARTESIAN_POINT('Ctrl Pts',(-23.0818143846307,78.3597906042455,15.8522630719201));
#981=CARTESIAN_POINT('Ctrl Pts',(-56.373512596034,78.5868267882793,39.2069603188587));
#982=CARTESIAN_POINT('Ctrl Pts',(-89.6651947204017,78.8139925701591,62.5616805404651));
#983=CARTESIAN_POINT('Ctrl Pts',(-122.956892931805,79.0410287541928,85.9163777874037));
#984=CARTESIAN_POINT('Ctrl Pts',(-23.2573987054931,76.1374291724889,15.6015026740653));
#985=CARTESIAN_POINT('Ctrl Pts',(-56.535374072877,76.5480844353747,38.975798173337));
#986=CARTESIAN_POINT('Ctrl Pts',(-89.8134133681131,76.9582881054195,62.350002374174));
#987=CARTESIAN_POINT('Ctrl Pts',(-123.091388735497,77.3689433683053,85.7242978734458));
#988=CARTESIAN_POINT('Ctrl Pts',(-23.4252987434696,73.9222466513978,15.3617165694973));
#989=CARTESIAN_POINT('Ctrl Pts',(-56.6885824359984,74.5347894004787,38.7569939549291));
#990=CARTESIAN_POINT('Ctrl Pts',(-89.9518856524793,75.1472005012152,62.1522434572673));
#991=CARTESIAN_POINT('Ctrl Pts',(-123.215169345008,75.7597432502961,85.5475208426991));
#992=CARTESIAN_POINT('Ctrl Pts',(-23.5835920312328,71.6984309241298,15.1356503260977));
#993=CARTESIAN_POINT('Ctrl Pts',(-56.8290204535872,72.557031360907,38.5564276800389));
#994=CARTESIAN_POINT('Ctrl Pts',(-90.0744825488688,73.4154341800375,61.9771569440561));
#995=CARTESIAN_POINT('Ctrl Pts',(-123.319910971223,74.2740346168148,85.3979342979973));
#996=CARTESIAN_POINT('Ctrl Pts',(-23.748600461421,69.1625487636009,14.8999938654287));
#997=CARTESIAN_POINT('Ctrl Pts',(-56.974450140125,70.309518141609,38.3487325630888));
#998=CARTESIAN_POINT('Ctrl Pts',(-90.2003186647827,71.4563657441511,61.7974443459383));
#999=CARTESIAN_POINT('Ctrl Pts',(-123.426168343487,72.6033351221592,85.2461830435984));
#1000=CARTESIAN_POINT('Ctrl Pts',(-23.925348549789,66.2357064664417,14.6475714353305));
#1001=CARTESIAN_POINT('Ctrl Pts',(-57.1319910386746,67.6949029264064,38.1237408428447));
#1002=CARTESIAN_POINT('Ctrl Pts',(-90.3386503139354,69.1539187407752,61.5998862769315));
#1003=CARTESIAN_POINT('Ctrl Pts',(-123.545292802821,70.6131152007399,85.0760556844458));
#1004=CARTESIAN_POINT('Ctrl Pts',(-24.0977566245866,63.2242710871774,14.401347186962));
#1005=CARTESIAN_POINT('Ctrl Pts',(-57.2870631604202,64.9907458425192,37.9022749012725));
#1006=CARTESIAN_POINT('Ctrl Pts',(-90.4763864420774,66.7571149368691,61.4031787000691));
#1007=CARTESIAN_POINT('Ctrl Pts',(-123.665692977911,68.5235896922109,84.9041064143797));
#1008=CARTESIAN_POINT('Ctrl Pts',(-24.2452802690597,60.5040271918839,14.1906615881604));
#1009=CARTESIAN_POINT('Ctrl Pts',(-57.419869979799,62.5486414153887,37.7126071068949));
#1010=CARTESIAN_POINT('Ctrl Pts',(-90.5944763800803,64.5931946887908,61.2345287904939));
#1011=CARTESIAN_POINT('Ctrl Pts',(-123.76906609082,66.6378089122956,84.7564743092284));
#1012=CARTESIAN_POINT('Ctrl Pts',(-24.3626352468549,58.1473132205781,14.023061310541));
#1013=CARTESIAN_POINT('Ctrl Pts',(-57.5248797258129,60.4395549323969,37.5626376474367));
#1014=CARTESIAN_POINT('Ctrl Pts',(-90.6871443538908,62.7316086561677,61.1021852084077));
#1015=CARTESIAN_POINT('Ctrl Pts',(-123.849388832849,65.0238503679865,84.6417615453033));
#1016=CARTESIAN_POINT('Ctrl Pts',(-24.4672895440566,55.7805669130472,13.8735994845954));
#1017=CARTESIAN_POINT('Ctrl Pts',(-57.6181262653945,58.3222416783362,37.4294677877978));
#1018=CARTESIAN_POINT('Ctrl Pts',(-90.7689906094971,60.8636924089867,60.9852966416038));
#1019=CARTESIAN_POINT('Ctrl Pts',(-123.919827330835,63.4053671742757,84.5411649448062));
#1020=CARTESIAN_POINT('Ctrl Pts',(-24.5804239715089,52.9504840159574,13.7120267775355));
#1021=CARTESIAN_POINT('Ctrl Pts',(-57.7191816971477,55.7841695637331,37.2851456743688));
#1022=CARTESIAN_POINT('Ctrl Pts',(-90.857970668344,58.6175313940023,60.8582199479224));
#1023=CARTESIAN_POINT('Ctrl Pts',(-123.996728393983,61.451216941778,84.4313388447557));
#1024=CARTESIAN_POINT('Ctrl Pts',(-24.6685019211726,50.5379789673691,13.5862384292855));
#1025=CARTESIAN_POINT('Ctrl Pts',(-57.7980302209557,53.6188530906547,37.1725383122581));
#1026=CARTESIAN_POINT('Ctrl Pts',(-90.9275855678218,56.699647874453,60.7587995679935));
#1027=CARTESIAN_POINT('Ctrl Pts',(-124.057113867605,59.7805219977386,84.3450994509661));
#1028=CARTESIAN_POINT('Ctrl Pts',(-24.718423409172,49.0573359954089,13.5149431557054));
#1029=CARTESIAN_POINT('Ctrl Pts',(-57.8426787736488,52.291003526288,37.1087735707255));
#1030=CARTESIAN_POINT('Ctrl Pts',(-90.9669607226667,55.5245632766643,60.7025660190865));
#1031=CARTESIAN_POINT('Ctrl Pts',(-124.091216087143,58.7582308075435,84.2963964341066));
#1032=CARTESIAN_POINT('Ctrl Pts',(-24.7381637142187,48.4607394921537,13.4867510784004));
#1033=CARTESIAN_POINT('Ctrl Pts',(-57.860329211799,51.7560583103989,37.0835661326631));
#1034=CARTESIAN_POINT('Ctrl Pts',(-90.9825235116441,55.0512645650041,60.6803400530293));
#1035=CARTESIAN_POINT('Ctrl Pts',(-124.104689009224,58.3465833832493,84.277155107292));
#1036=CARTESIAN_POINT('Ctrl Pts',(-24.7719145936538,47.4085780679036,13.4385498272095));
#1037=CARTESIAN_POINT('Ctrl Pts',(-57.8904936245024,50.8129252451293,37.0404868867861));
#1038=CARTESIAN_POINT('Ctrl Pts',(-91.0090980983452,54.2171573147076,60.6423876100019));
#1039=CARTESIAN_POINT('Ctrl Pts',(-124.127677129194,57.6215044919334,84.2443246695786));
#1040=CARTESIAN_POINT('Ctrl Pts',(-24.8350791370818,45.2930996296741,13.348341510416));
#1041=CARTESIAN_POINT('Ctrl Pts',(-57.9468672411342,48.9179615579275,36.9599770185605));
#1042=CARTESIAN_POINT('Ctrl Pts',(-91.0586909131917,52.5427161762982,60.5715617303304));
#1043=CARTESIAN_POINT('Ctrl Pts',(-124.170479017244,56.1675781045516,84.1831972384749));
#1044=CARTESIAN_POINT('Ctrl Pts',(-24.9048758005516,42.3858787670281,13.2486615446043));
#1045=CARTESIAN_POINT('Ctrl Pts',(-58.0087938323509,46.3193413932029,36.8715366807501));
#1046=CARTESIAN_POINT('Ctrl Pts',(-91.1127465896968,50.2526322671048,60.4943622236767));
#1047=CARTESIAN_POINT('Ctrl Pts',(-124.216664621496,54.1860948932796,84.1172373598225));
#1048=CARTESIAN_POINT('Ctrl Pts',(-24.9403723556366,39.416934814503,13.1979672102133));
#1049=CARTESIAN_POINT('Ctrl Pts',(-58.0395154753211,43.6734747316314,36.8276616275783));
#1050=CARTESIAN_POINT('Ctrl Pts',(-91.1387479073311,47.9293882720333,60.4572284937233));
#1051=CARTESIAN_POINT('Ctrl Pts',(-124.237891027016,52.1859281891617,84.0869229110882));
#1052=CARTESIAN_POINT('Ctrl Pts',(-24.9347449186379,37.3820934251186,13.2060040231461));
#1053=CARTESIAN_POINT('Ctrl Pts',(-58.033773290534,41.8612330346306,36.8358623173362));
#1054=CARTESIAN_POINT('Ctrl Pts',(-91.1328408084498,46.3402947781489,60.4656647052164));
#1055=CARTESIAN_POINT('Ctrl Pts',(-124.231869180346,50.8194343876609,84.0955229994065));
#1056=CARTESIAN_POINT('Ctrl Pts',(-24.9181130718705,35.9125687135715,13.2297567619555));
#1057=CARTESIAN_POINT('Ctrl Pts',(-58.0184780986526,40.5516060582596,36.8577061151345));
#1058=CARTESIAN_POINT('Ctrl Pts',(-91.1189899277729,45.1896019062886,60.4854458128466));
#1059=CARTESIAN_POINT('Ctrl Pts',(-124.219354954555,49.8286392509767,84.1133951660257));
#1060=CARTESIAN_POINT('Ctrl Pts',(-24.8950392021704,34.5208468346698,13.2627096629754));
#1061=CARTESIAN_POINT('Ctrl Pts',(-57.9976073651158,39.3095911405807,36.8875126116343));
#1062=CARTESIAN_POINT('Ctrl Pts',(-91.1001727377401,44.0986480598404,60.5123195452848));
#1063=CARTESIAN_POINT('Ctrl Pts',(-124.202740900685,48.8873923657514,84.1371224939436));
#1064=CARTESIAN_POINT('Ctrl Pts',(-24.8437783914472,32.200710419256,13.3359176876338));
#1065=CARTESIAN_POINT('Ctrl Pts',(-57.9512562958825,37.2391749691784,36.9537087987704));
#1066=CARTESIAN_POINT('Ctrl Pts',(-91.0589460033635,42.2764473302097,60.5711974238099));
#1067=CARTESIAN_POINT('Ctrl Pts',(-124.166423907799,47.3149118801321,84.1889885349464));
#1068=CARTESIAN_POINT('Ctrl Pts',(-24.7510849813516,30.1938435072867,13.4682975964999));
#1069=CARTESIAN_POINT('Ctrl Pts',(-57.8672545692164,35.4515748293798,37.0736756972711));
#1070=CARTESIAN_POINT('Ctrl Pts',(-90.9834953211371,40.7088228729496,60.6789521652379));
#1071=CARTESIAN_POINT('Ctrl Pts',(-124.099664909002,45.9665541950427,84.2843302660091));
#1072=CARTESIAN_POINT('Ctrl Pts',(-24.6352088689784,28.643889210444,13.6337858354147));
#1073=CARTESIAN_POINT('Ctrl Pts',(-57.7630932393767,34.0689849765676,37.2224334928615));
#1074=CARTESIAN_POINT('Ctrl Pts',(-90.8910374746639,39.4946705052157,60.8109956543863));
#1075=CARTESIAN_POINT('Ctrl Pts',(-124.018921845062,44.9197662713393,84.3996433118331));
#1076=CARTESIAN_POINT('Ctrl Pts',(-24.5511635529843,27.629161229296,13.7538149859277));
#1077=CARTESIAN_POINT('Ctrl Pts',(-57.6878938026362,33.1634089125544,37.3298294185506));
#1078=CARTESIAN_POINT('Ctrl Pts',(-90.824449937552,38.6988242759186,60.9060925127864));
#1079=CARTESIAN_POINT('Ctrl Pts',(-123.961180187204,44.233071959177,84.4821069454092));
#1080=CARTESIAN_POINT('Ctrl Pts',(-24.380448955909,25.911972833989,13.9976206974626));
#1081=CARTESIAN_POINT('Ctrl Pts',(-57.5340857858355,31.6344804171232,37.5494900311655));
#1082=CARTESIAN_POINT('Ctrl Pts',(-90.687946846714,37.3568652888338,61.1010391298813));
#1083=CARTESIAN_POINT('Ctrl Pts',(-123.84158367664,43.0793728719679,84.6529084635842));
#1084=CARTESIAN_POINT('Ctrl Pts',(-24.1289955319559,24.228699036681,14.3567334036698));
#1085=CARTESIAN_POINT('Ctrl Pts',(-57.3088932447254,30.1346447583563,37.871098309885));
#1086=CARTESIAN_POINT('Ctrl Pts',(-90.4892412135007,36.0401990752602,61.3848201838833));
#1087=CARTESIAN_POINT('Ctrl Pts',(-123.66913892627,41.9461447969355,84.8991850900985));
#1088=CARTESIAN_POINT('Ctrl Pts',(-23.8183139392737,22.6586970715116,14.8004327009903));
#1089=CARTESIAN_POINT('Ctrl Pts',(-57.030902136597,28.7392858632435,38.2681107568506));
#1090=CARTESIAN_POINT('Ctrl Pts',(-90.2434436230708,34.8204404632877,61.7358555227171));
#1091=CARTESIAN_POINT('Ctrl Pts',(-123.456031820394,40.9010292550195,85.2035335785774));
#1092=CARTESIAN_POINT('Ctrl Pts',(-23.5437246097423,21.9567973830042,15.1925869046331));
#1093=CARTESIAN_POINT('Ctrl Pts',(-56.7831112608816,28.1226908506508,38.6219928020924));
#1094=CARTESIAN_POINT('Ctrl Pts',(-90.0231784761446,34.2877953042058,62.050426753255));
#1095=CARTESIAN_POINT('Ctrl Pts',(-123.262565127284,40.4536887718524,85.4798326507142));
#1096=CARTESIAN_POINT('Ctrl Pts',(-23.3562556895363,21.6089651215248,15.4603202693515));
#1097=CARTESIAN_POINT('Ctrl Pts',(-56.6204989686226,27.8186710915071,38.8542272231538));
#1098=CARTESIAN_POINT('Ctrl Pts',(-89.8846385145646,34.0288455698949,62.2482823232396));
#1099=CARTESIAN_POINT('Ctrl Pts',(-123.148881793651,40.2385515398773,85.6421892770419));
#1100=CARTESIAN_POINT('Ctrl Pts',(-23.2481346836752,21.4558779363169,15.614733068359));
#1101=CARTESIAN_POINT('Ctrl Pts',(-56.5251995247548,27.6851867559456,38.9903289339573));
#1102=CARTESIAN_POINT('Ctrl Pts',(-89.8025644264217,33.9143429626188,62.3654962686258));
#1103=CARTESIAN_POINT('Ctrl Pts',(-123.079629267501,40.1436517822475,85.7410921342241));
#1104=CARTESIAN_POINT('Ctrl Pts',(-23.099622033952,21.3126033317885,15.8268311130371));
#1105=CARTESIAN_POINT('Ctrl Pts',(-56.3911264601876,27.5584939019003,39.1818051138767));
#1106=CARTESIAN_POINT('Ctrl Pts',(-89.6826105037603,33.8046804088548,62.5368082241759));
#1107=CARTESIAN_POINT('Ctrl Pts',(-122.974114929996,40.0505709789665,85.8917822250154));
#1108=CARTESIAN_POINT('Ctrl Pts',(-22.9906364263877,21.2496403296572,15.9824786912437));
#1109=CARTESIAN_POINT('Ctrl Pts',(-56.2924838339579,27.5025231131894,39.3226813839066));
#1110=CARTESIAN_POINT('Ctrl Pts',(-89.5947461238066,33.7553719125815,62.6622915632703));
#1111=CARTESIAN_POINT('Ctrl Pts',(-122.896593531377,40.0082546961137,86.0024942559332));
#1112=CARTESIAN_POINT('Ctrl Pts',(-22.9362572400594,21.2307692295324,16.0601402178066));
#1113=CARTESIAN_POINT('Ctrl Pts',(-56.2484403744892,27.4871794796883,39.3855819627567));
#1114=CARTESIAN_POINT('Ctrl Pts',(-89.560623508919,33.7435897298441,62.7110237077068));
#1115=CARTESIAN_POINT('Ctrl Pts',(-122.872806643349,39.99999998,86.0364654526569));
#1116=CARTESIAN_POINT('Ctrl Pts',(-122.872806643349,80.,86.0364654526569));
#1117=CARTESIAN_POINT('Ctrl Pts',(-122.877652555417,79.9488982216448,86.0295447729956));
#1118=CARTESIAN_POINT('Ctrl Pts',(-122.888386155708,79.8324371476455,86.0142156031358));
#1119=CARTESIAN_POINT('Ctrl Pts',(-122.907611948449,79.6149721221698,85.9867583255537));
#1120=CARTESIAN_POINT('Ctrl Pts',(-122.939106254399,79.2444859953323,85.9417797952884));
#1121=CARTESIAN_POINT('Ctrl Pts',(-122.985932893649,78.6765957532415,85.8749044237803));
#1122=CARTESIAN_POINT('Ctrl Pts',(-123.037186010099,78.0423355650077,85.8017073876825));
#1123=CARTESIAN_POINT('Ctrl Pts',(-123.089744805342,77.3807581971588,85.7266456490194));
#1124=CARTESIAN_POINT('Ctrl Pts',(-123.140967536835,76.7241452967321,85.6534920071381));
#1125=CARTESIAN_POINT('Ctrl Pts',(-123.189427405041,76.0883249549398,85.5842841429524));
#1126=CARTESIAN_POINT('Ctrl Pts',(-123.234938510501,75.4725689530577,85.519287548406));
#1127=CARTESIAN_POINT('Ctrl Pts',(-123.278121014814,74.8657119662452,85.4576165409448));
#1128=CARTESIAN_POINT('Ctrl Pts',(-123.320109382619,74.2503334785895,85.3976509371578));
#1129=CARTESIAN_POINT('Ctrl Pts',(-123.362194205699,73.6078527963018,85.3375475809627));
#1130=CARTESIAN_POINT('Ctrl Pts',(-123.405511802388,72.9229432145486,85.2756836415938));
#1131=CARTESIAN_POINT('Ctrl Pts',(-123.450667555481,72.1889308610528,85.2111945428208));
#1132=CARTESIAN_POINT('Ctrl Pts',(-123.497534305751,71.4105582655096,85.144261886841));
#1133=CARTESIAN_POINT('Ctrl Pts',(-123.545489742294,70.6001147935587,85.0757744257294));
#1134=CARTESIAN_POINT('Ctrl Pts',(-123.593569649071,69.7748412214621,85.0071092027015));
#1135=CARTESIAN_POINT('Ctrl Pts',(-123.640655561126,68.9538095325439,84.9398635512543));
#1136=CARTESIAN_POINT('Ctrl Pts',(-123.685643736224,68.155094970286,84.8756137786607));
#1137=CARTESIAN_POINT('Ctrl Pts',(-123.727630691762,67.3926732480215,84.8156501917998));
#1138=CARTESIAN_POINT('Ctrl Pts',(-123.766071746323,66.673780266079,84.7607506763522));
#1139=CARTESIAN_POINT('Ctrl Pts',(-123.801002332824,65.9951836277856,84.7108646288663));
#1140=CARTESIAN_POINT('Ctrl Pts',(-123.8329859128,65.344201467338,84.6651873428758));
#1141=CARTESIAN_POINT('Ctrl Pts',(-123.862908524234,64.7023853456393,84.6224534249989));
#1142=CARTESIAN_POINT('Ctrl Pts',(-123.891820311977,64.0483869848593,84.5811631129619));
#1143=CARTESIAN_POINT('Ctrl Pts',(-123.920759319358,63.3611330043017,84.5398339272541));
#1144=CARTESIAN_POINT('Ctrl Pts',(-123.950579706312,62.62292360497,84.4972460010657));
#1145=CARTESIAN_POINT('Ctrl Pts',(-123.981785532544,61.8224334297069,84.4526794625337));
#1146=CARTESIAN_POINT('Ctrl Pts',(-124.01434122949,60.9581217959831,84.4061851088328));
#1147=CARTESIAN_POINT('Ctrl Pts',(-124.047762262269,60.0367306272459,84.358454927485));
#1148=CARTESIAN_POINT('Ctrl Pts',(-124.081237633023,59.0712245874182,84.3106471434685));
#1149=CARTESIAN_POINT('Ctrl Pts',(-124.113740637688,58.0789382477724,84.2642280421422));
#1150=CARTESIAN_POINT('Ctrl Pts',(-124.14414397326,57.0796469178504,84.2208075790477));
#1151=CARTESIAN_POINT('Ctrl Pts',(-124.171333364181,56.0936663705213,84.1819771045991));
#1152=CARTESIAN_POINT('Ctrl Pts',(-124.194320471968,55.1399614135306,84.1491481124324));
#1153=CARTESIAN_POINT('Ctrl Pts',(-124.212359376034,54.2342038889353,84.1233858875472));
#1154=CARTESIAN_POINT('Ctrl Pts',(-124.225054509983,53.3869558702889,84.1052553573026));
#1155=CARTESIAN_POINT('Ctrl Pts',(-124.23249230287,52.6015057248584,84.0946330882154));
#1156=CARTESIAN_POINT('Ctrl Pts',(-124.235132875964,51.8752197948677,84.0908619590148));
#1157=CARTESIAN_POINT('Ctrl Pts',(-124.233669963371,51.2013582221399,84.0929512147194));
#1158=CARTESIAN_POINT('Ctrl Pts',(-124.228903073779,50.5707132813835,84.0997590385885));
#1159=CARTESIAN_POINT('Ctrl Pts',(-124.221603403594,49.9733326114436,84.110184048012));
#1160=CARTESIAN_POINT('Ctrl Pts',(-124.212385553769,49.4001697432443,84.1233485018666));
#1161=CARTESIAN_POINT('Ctrl Pts',(-124.201569281593,48.8448473525918,84.1387957394156));
#1162=CARTESIAN_POINT('Ctrl Pts',(-124.189066361449,48.3051404493081,84.1566517598974));
#1163=CARTESIAN_POINT('Ctrl Pts',(-124.174536933008,47.7814861221932,84.1774019341641));
#1164=CARTESIAN_POINT('Ctrl Pts',(-124.157523234883,47.2757380692179,84.2017000132287));
#1165=CARTESIAN_POINT('Ctrl Pts',(-124.137596013114,46.7897920527643,84.2301590352777));
#1166=CARTESIAN_POINT('Ctrl Pts',(-124.114485704399,46.3243548369886,84.2631639766052));
#1167=CARTESIAN_POINT('Ctrl Pts',(-124.088246487307,45.8774163459748,84.3006374621931));
#1168=CARTESIAN_POINT('Ctrl Pts',(-124.059137775824,45.4452327895178,84.3422090104764));
#1169=CARTESIAN_POINT('Ctrl Pts',(-124.027449254621,45.0237940513309,84.3874649088688));
#1170=CARTESIAN_POINT('Ctrl Pts',(-123.993363694785,44.6099926365799,84.4361441332081));
#1171=CARTESIAN_POINT('Ctrl Pts',(-123.956761828461,44.2032190515319,84.4884170156419));
#1172=CARTESIAN_POINT('Ctrl Pts',(-123.917192955483,43.8057705092251,84.5449272227135));
#1173=CARTESIAN_POINT('Ctrl Pts',(-123.87419787186,43.4207902726654,84.6063305656889));
#1174=CARTESIAN_POINT('Ctrl Pts',(-123.827536617523,43.0508316327768,84.6729697430636));
#1175=CARTESIAN_POINT('Ctrl Pts',(-123.777501287518,42.6959401222047,84.7444275998766));
#1176=CARTESIAN_POINT('Ctrl Pts',(-123.725043142584,42.3526468949115,84.8193455950018));
#1177=CARTESIAN_POINT('Ctrl Pts',(-123.670795537747,42.0172593289054,84.8968192037193));
#1178=CARTESIAN_POINT('Ctrl Pts',(-123.614466248207,41.6882149027884,84.9772657662976));
#1179=CARTESIAN_POINT('Ctrl Pts',(-123.553607930199,41.3695839214022,85.0641804518546));
#1180=CARTESIAN_POINT('Ctrl Pts',(-123.484321853091,41.0713309343361,85.1631312247714));
#1181=CARTESIAN_POINT('Ctrl Pts',(-123.404718656773,40.8049148726762,85.2768163709236));
#1182=CARTESIAN_POINT('Ctrl Pts',(-123.317756930282,40.5801182405659,85.4010105872746));
#1183=CARTESIAN_POINT('Ctrl Pts',(-123.234330637476,40.4011224226419,85.5201556810547));
#1184=CARTESIAN_POINT('Ctrl Pts',(-123.163922853801,40.2662000883909,85.6207084169697));
#1185=CARTESIAN_POINT('Ctrl Pts',(-123.10129980951,40.1664589800602,85.7101433928491));
#1186=CARTESIAN_POINT('Ctrl Pts',(-123.023398847725,40.0875570898934,85.8213974961466));
#1187=CARTESIAN_POINT('Ctrl Pts',(-122.946260480152,40.0365852949078,85.9315625020394));
#1188=CARTESIAN_POINT('Ctrl Pts',(-122.900694389239,40.0116951368463,85.9966376239507));
#1189=CARTESIAN_POINT('Ctrl Pts',(-122.880418447518,40.0026414891564,86.0255946697053));
#1190=CARTESIAN_POINT('Ctrl Pts',(-122.872806643349,39.99999998,86.0364654526569));
#1191=CARTESIAN_POINT('',(-107.744520754947,58.7898708932078,72.7729608771805));
#1192=CARTESIAN_POINT('Ctrl Pts',(-107.744520754947,58.7898708932078,72.7729608771805));
#1193=CARTESIAN_POINT('Ctrl Pts',(-107.799025222742,58.789537496843,72.8113504604159));
#1194=CARTESIAN_POINT('Ctrl Pts',(-107.853529593249,58.7892040662454,72.849740120161));
#1195=CARTESIAN_POINT('Ctrl Pts',(-107.908033610967,58.7888706025637,72.8881296769028));
#1196=CARTESIAN_POINT('',(-107.581007490197,58.7908709773862,72.6577926597702));
#1197=CARTESIAN_POINT('Ctrl Pts',(-107.581007489533,58.7908709773862,72.6577926593049));
#1198=CARTESIAN_POINT('Ctrl Pts',(-107.635510105798,58.790537661589,72.6961806488261));
#1199=CARTESIAN_POINT('Ctrl Pts',(-107.690014484072,58.7902043006018,72.7345700239662));
#1200=CARTESIAN_POINT('Ctrl Pts',(-107.744520754947,58.7898708932078,72.7729608771805));
#1201=CARTESIAN_POINT('',(-26.1071356558985,59.2547358600098,15.3672394790399));
#1202=CARTESIAN_POINT('Ctrl Pts',(-26.1071356558985,59.2547358600098,15.3672394790399));
#1203=CARTESIAN_POINT('Ctrl Pts',(-60.2380313891455,59.0894422013986,39.3289688831824));
#1204=CARTESIAN_POINT('Ctrl Pts',(-83.7382342289638,58.9366836652854,55.86454138426));
#1205=CARTESIAN_POINT('Ctrl Pts',(-107.581007489533,58.7908709773862,72.6577926593049));
#1206=CARTESIAN_POINT('',(-25.9434471132881,59.2555282918443,15.2523215857712));
#1207=CARTESIAN_POINT('Ctrl Pts',(-25.9434028169482,59.2559100280963,15.2523848475019));
#1208=CARTESIAN_POINT('Ctrl Pts',(-25.9979961418626,59.2556721532722,15.2907148968236));
#1209=CARTESIAN_POINT('Ctrl Pts',(-26.052555582198,59.2553831085479,15.3290158694756));
#1210=CARTESIAN_POINT('Ctrl Pts',(-26.1070911562042,59.2551211741666,15.3673030311897));
#1211=CARTESIAN_POINT('',(-25.7797582980917,59.2563201250473,15.1374040817956));
#1212=CARTESIAN_POINT('Ctrl Pts',(-25.7797142178743,59.2566980312129,15.1374670348705));
#1213=CARTESIAN_POINT('Ctrl Pts',(-25.8342771280397,59.2564354947985,15.1757729100694));
#1214=CARTESIAN_POINT('Ctrl Pts',(-25.8888399690557,59.2561728341588,15.2140788304278));
#1215=CARTESIAN_POINT('Ctrl Pts',(-25.9434028170823,59.2559100253673,15.2523848473093));
#1216=CARTESIAN_POINT('Ctrl Pts',(-24.410730919812,80.,17.0925778032612));
#1217=CARTESIAN_POINT('Ctrl Pts',(-24.5218802196338,78.827893118226,16.93384015227));
#1218=CARTESIAN_POINT('Ctrl Pts',(-24.8365710432044,75.1944662719895,16.4844150798501));
#1219=CARTESIAN_POINT('Ctrl Pts',(-25.3348457934242,67.3697624654193,15.7728049885138));
#1220=CARTESIAN_POINT('Ctrl Pts',(-25.5874883748485,63.1519047845598,15.4119939894319));
#1221=CARTESIAN_POINT('Ctrl Pts',(-25.7797582980917,59.2563201250473,15.1374040817956));
#1222=CARTESIAN_POINT('Origin',(-24.4107309198119,68.75,17.0925778032614));
#1223=CARTESIAN_POINT('Origin',(-24.4107309198119,60.,17.0925778032614));
#1224=CARTESIAN_POINT('Origin',(-24.5745613286697,60.,17.2072930905316));
#1225=CARTESIAN_POINT('Origin',(-122.872806643349,57.076923542964,86.036465452657));
#1226=UNCERTAINTY_MEASURE_WITH_UNIT(LENGTH_MEASURE(0.01),#1230,
'DISTANCE_ACCURACY_VALUE',
'Maximum model space distance between geometric entities at asserted c
onnectivities');
#1227=UNCERTAINTY_MEASURE_WITH_UNIT(LENGTH_MEASURE(0.01),#1230,
'DISTANCE_ACCURACY_VALUE',
'Maximum model space distance between geometric entities at asserted c
onnectivities');
#1228=(
GEOMETRIC_REPRESENTATION_CONTEXT(3)
GLOBAL_UNCERTAINTY_ASSIGNED_CONTEXT((#1226))
GLOBAL_UNIT_ASSIGNED_CONTEXT((#1230,#1232,#1233))
REPRESENTATION_CONTEXT('','3D')
);
#1229=(
GEOMETRIC_REPRESENTATION_CONTEXT(3)
GLOBAL_UNCERTAINTY_ASSIGNED_CONTEXT((#1227))
GLOBAL_UNIT_ASSIGNED_CONTEXT((#1230,#1232,#1233))
REPRESENTATION_CONTEXT('','3D')
);
#1230=(
LENGTH_UNIT()
NAMED_UNIT(*)
SI_UNIT(.MILLI.,.METRE.)
);
#1231=(
LENGTH_UNIT()
NAMED_UNIT(*)
SI_UNIT($,.METRE.)
);
#1232=(
NAMED_UNIT(*)
PLANE_ANGLE_UNIT()
SI_UNIT($,.RADIAN.)
);
#1233=(
NAMED_UNIT(*)
SI_UNIT($,.STERADIAN.)
SOLID_ANGLE_UNIT()
);
#1234=SHAPE_DEFINITION_REPRESENTATION(#1235,#1236);
#1235=PRODUCT_DEFINITION_SHAPE('',$,#1238);
#1236=SHAPE_REPRESENTATION('',(#274),#1228);
#1237=PRODUCT_DEFINITION_CONTEXT('part definition',#1242,'design');
#1238=PRODUCT_DEFINITION('right stabilizer','right stabilizer',#1239,#1237);
#1239=PRODUCT_DEFINITION_FORMATION('',$,#1244);
#1240=PRODUCT_RELATED_PRODUCT_CATEGORY('right stabilizer',
'right stabilizer',(#1244));
#1241=APPLICATION_PROTOCOL_DEFINITION('international standard',
'automotive_design',2009,#1242);
#1242=APPLICATION_CONTEXT(
'Core Data for Automotive Mechanical Design Process');
#1243=PRODUCT_CONTEXT('part definition',#1242,'mechanical');
#1244=PRODUCT('right stabilizer','right stabilizer',$,(#1243));
#1245=PRESENTATION_STYLE_ASSIGNMENT((#1247));
#1246=PRESENTATION_STYLE_ASSIGNMENT((#1248));
#1247=SURFACE_STYLE_USAGE(.BOTH.,#1249);
#1248=SURFACE_STYLE_USAGE(.BOTH.,#1250);
#1249=SURFACE_SIDE_STYLE('',(#1251));
#1250=SURFACE_SIDE_STYLE('',(#1252));
#1251=SURFACE_STYLE_FILL_AREA(#1253);
#1252=SURFACE_STYLE_FILL_AREA(#1254);
#1253=FILL_AREA_STYLE('Steel - Satin',(#1255));
#1254=FILL_AREA_STYLE('Paint - Enamel Glossy (Dark Grey)',(#1256));
#1255=FILL_AREA_STYLE_COLOUR('Steel - Satin',#1257);
#1256=FILL_AREA_STYLE_COLOUR('Paint - Enamel Glossy (Dark Grey)',#1258);
#1257=COLOUR_RGB('Steel - Satin',0.627450980392157,0.627450980392157,0.627450980392157);
#1258=COLOUR_RGB('Paint - Enamel Glossy (Dark Grey)',0.349019607843137,
0.349019607843137,0.349019607843137);
ENDSEC;
END-ISO-10303-21;
