ISO-10303-21;
HEADER;
/* Generated by software containing ST-Developer
 * from STEP Tools, Inc. (www.steptools.com) 
 */

FILE_DESCRIPTION(
/* description */ (''),
/* implementation_level */ '2;1');

FILE_NAME(
/* name */ 'Tail Clamp.step',
/* time_stamp */ '2026-07-02T23:22:01-07:00',
/* author */ (''),
/* organization */ (''),
/* preprocessor_version */ 'ST-DEVELOPER v20.1',
/* originating_system */ 'Autodesk Translation Framework v15.8.0.0',
/* authorisation */ '');

FILE_SCHEMA (('AUTOMOTIVE_DESIGN { 1 0 10303 214 3 1 1 }'));
ENDSEC;

DATA;
#10=MECHANICAL_DESIGN_GEOMETRIC_PRESENTATION_REPRESENTATION('',(#13),#5607);
#11=SHAPE_REPRESENTATION_RELATIONSHIP('SRR','None',#5614,#12);
#12=ADVANCED_BREP_SHAPE_REPRESENTATION('',(#14),#5606);
#13=STYLED_ITEM('',(#5624),#14);
#14=MANIFOLD_SOLID_BREP('base',#1924);
#15=(
BOUNDED_SURFACE()
B_SPLINE_SURFACE(2,2,((#5098,#5099,#5100,#5101,#5102,#5103,#5104,#5105,
#5106),(#5107,#5108,#5109,#5110,#5111,#5112,#5113,#5114,#5115),(#5116,#5117,
#5118,#5119,#5120,#5121,#5122,#5123,#5124)),.UNSPECIFIED.,.F.,.F.,.F.)
B_SPLINE_SURFACE_WITH_KNOTS((3,3),(3,2,2,2,3),(-1.31811607165282,3.70074341541719E-16),
(-4.25513082295581,-2.69683579861059,-1.13854077426538,0.419754250079839,
1.97804927442506),.UNSPECIFIED.)
GEOMETRIC_REPRESENTATION_ITEM()
RATIONAL_B_SPLINE_SURFACE(((1.,0.711512816760748,1.,0.711512816760748,1.,
0.711512816760748,1.,0.711512816760748,1.),(0.790569415042096,0.562500271341498,
0.790569415042096,0.562500271341498,0.790569415042096,0.562500271341498,
0.790569415042096,0.562500271341498,0.790569415042096),(1.,0.711512816760748,
1.,0.711512816760748,1.,0.711512816760748,1.,0.711512816760748,1.)))
REPRESENTATION_ITEM('')
SURFACE()
);
#16=CYLINDRICAL_SURFACE('',#1980,20.);
#17=CYLINDRICAL_SURFACE('',#2021,20.);
#18=CYLINDRICAL_SURFACE('',#2068,3.25);
#19=CYLINDRICAL_SURFACE('',#2072,3.25);
#20=CYLINDRICAL_SURFACE('',#2076,3.25);
#21=CYLINDRICAL_SURFACE('',#2080,3.25);
#22=CYLINDRICAL_SURFACE('',#2084,1.65);
#23=CYLINDRICAL_SURFACE('',#2085,1.65);
#24=CYLINDRICAL_SURFACE('',#2086,1.65);
#25=CYLINDRICAL_SURFACE('',#2087,1.65);
#26=CYLINDRICAL_SURFACE('',#2088,1.65);
#27=CYLINDRICAL_SURFACE('',#2089,1.65);
#28=CYLINDRICAL_SURFACE('',#2090,1.65);
#29=CYLINDRICAL_SURFACE('',#2091,1.65);
#30=CYLINDRICAL_SURFACE('',#2092,11.);
#31=CYLINDRICAL_SURFACE('',#2093,11.);
#32=ELLIPSE('',#1975,20.1529518249814,20.);
#33=ELLIPSE('',#1978,20.1391481438932,20.);
#34=ELLIPSE('',#1984,20.1529518249814,20.);
#35=ELLIPSE('',#1987,20.1391481438932,20.);
#36=ELLIPSE('',#2022,23.094010767585,20.);
#37=ELLIPSE('',#2023,23.094010767585,20.);
#38=ELLIPSE('',#2024,23.094010767585,20.);
#39=ELLIPSE('',#2025,23.094010767585,20.);
#40=ELLIPSE('',#2026,23.094010767585,20.);
#41=ELLIPSE('',#2027,23.094010767585,20.);
#42=ELLIPSE('',#2028,23.094010767585,20.);
#43=ELLIPSE('',#2029,23.094010767585,20.);
#44=ELLIPSE('',#2030,23.094010767585,20.);
#45=ELLIPSE('',#2031,23.094010767585,20.);
#46=ELLIPSE('',#2032,23.094010767585,20.);
#47=ELLIPSE('',#2033,23.094010767585,20.);
#48=ELLIPSE('',#2034,23.094010767585,20.);
#49=ELLIPSE('',#2035,23.094010767585,20.);
#50=FACE_BOUND('',#534,.T.);
#51=FACE_BOUND('',#535,.T.);
#52=FACE_BOUND('',#536,.T.);
#53=FACE_BOUND('',#537,.T.);
#54=FACE_BOUND('',#564,.T.);
#55=FACE_BOUND('',#565,.T.);
#56=FACE_BOUND('',#566,.T.);
#57=FACE_BOUND('',#567,.T.);
#58=FACE_BOUND('',#572,.T.);
#59=FACE_BOUND('',#573,.T.);
#60=FACE_BOUND('',#574,.T.);
#61=FACE_BOUND('',#575,.T.);
#62=FACE_BOUND('',#576,.T.);
#63=FACE_BOUND('',#577,.T.);
#64=FACE_BOUND('',#585,.T.);
#65=FACE_BOUND('',#593,.T.);
#66=FACE_BOUND('',#601,.T.);
#67=FACE_BOUND('',#609,.T.);
#68=FACE_BOUND('',#612,.T.);
#69=FACE_BOUND('',#615,.T.);
#70=FACE_BOUND('',#618,.T.);
#71=FACE_BOUND('',#621,.T.);
#72=FACE_BOUND('',#631,.T.);
#73=PLANE('',#1966);
#74=PLANE('',#1971);
#75=PLANE('',#1974);
#76=PLANE('',#1976);
#77=PLANE('',#1977);
#78=PLANE('',#1979);
#79=PLANE('',#1983);
#80=PLANE('',#1985);
#81=PLANE('',#1986);
#82=PLANE('',#1989);
#83=PLANE('',#1990);
#84=PLANE('',#1991);
#85=PLANE('',#1993);
#86=PLANE('',#1994);
#87=PLANE('',#1995);
#88=PLANE('',#1996);
#89=PLANE('',#1997);
#90=PLANE('',#1998);
#91=PLANE('',#2001);
#92=PLANE('',#2004);
#93=PLANE('',#2005);
#94=PLANE('',#2007);
#95=PLANE('',#2013);
#96=PLANE('',#2018);
#97=PLANE('',#2019);
#98=PLANE('',#2020);
#99=PLANE('',#2036);
#100=PLANE('',#2037);
#101=PLANE('',#2038);
#102=PLANE('',#2039);
#103=PLANE('',#2040);
#104=PLANE('',#2041);
#105=PLANE('',#2042);
#106=PLANE('',#2044);
#107=PLANE('',#2045);
#108=PLANE('',#2046);
#109=PLANE('',#2047);
#110=PLANE('',#2048);
#111=PLANE('',#2049);
#112=PLANE('',#2050);
#113=PLANE('',#2052);
#114=PLANE('',#2053);
#115=PLANE('',#2054);
#116=PLANE('',#2055);
#117=PLANE('',#2056);
#118=PLANE('',#2057);
#119=PLANE('',#2058);
#120=PLANE('',#2060);
#121=PLANE('',#2061);
#122=PLANE('',#2062);
#123=PLANE('',#2063);
#124=PLANE('',#2064);
#125=PLANE('',#2065);
#126=PLANE('',#2066);
#127=PLANE('',#2070);
#128=PLANE('',#2074);
#129=PLANE('',#2078);
#130=PLANE('',#2082);
#131=TOROIDAL_SURFACE('',#1961,16.,4.);
#132=LINE('',#3592,#259);
#133=LINE('',#4176,#260);
#134=LINE('',#4183,#261);
#135=LINE('',#4773,#262);
#136=LINE('',#4781,#263);
#137=LINE('',#4829,#264);
#138=LINE('',#4831,#265);
#139=LINE('',#4849,#266);
#140=LINE('',#4860,#267);
#141=LINE('',#4864,#268);
#142=LINE('',#4866,#269);
#143=LINE('',#4868,#270);
#144=LINE('',#4874,#271);
#145=LINE('',#4875,#272);
#146=LINE('',#4878,#273);
#147=LINE('',#4880,#274);
#148=LINE('',#4881,#275);
#149=LINE('',#4884,#276);
#150=LINE('',#4891,#277);
#151=LINE('',#4896,#278);
#152=LINE('',#4897,#279);
#153=LINE('',#4900,#280);
#154=LINE('',#4902,#281);
#155=LINE('',#4903,#282);
#156=LINE('',#4907,#283);
#157=LINE('',#4908,#284);
#158=LINE('',#5036,#285);
#159=LINE('',#5038,#286);
#160=LINE('',#5040,#287);
#161=LINE('',#5041,#288);
#162=LINE('',#5044,#289);
#163=LINE('',#5047,#290);
#164=LINE('',#5050,#291);
#165=LINE('',#5052,#292);
#166=LINE('',#5053,#293);
#167=LINE('',#5057,#294);
#168=LINE('',#5059,#295);
#169=LINE('',#5061,#296);
#170=LINE('',#5062,#297);
#171=LINE('',#5065,#298);
#172=LINE('',#5066,#299);
#173=LINE('',#5067,#300);
#174=LINE('',#5070,#301);
#175=LINE('',#5071,#302);
#176=LINE('',#5075,#303);
#177=LINE('',#5076,#304);
#178=LINE('',#5077,#305);
#179=LINE('',#5085,#306);
#180=LINE('',#5086,#307);
#181=LINE('',#5090,#308);
#182=LINE('',#5091,#309);
#183=LINE('',#5094,#310);
#184=LINE('',#5097,#311);
#185=LINE('',#5236,#312);
#186=LINE('',#5237,#313);
#187=LINE('',#5247,#314);
#188=LINE('',#5248,#315);
#189=LINE('',#5250,#316);
#190=LINE('',#5252,#317);
#191=LINE('',#5255,#318);
#192=LINE('',#5260,#319);
#193=LINE('',#5420,#320);
#194=LINE('',#5425,#321);
#195=LINE('',#5430,#322);
#196=LINE('',#5436,#323);
#197=LINE('',#5442,#324);
#198=LINE('',#5448,#325);
#199=LINE('',#5452,#326);
#200=LINE('',#5454,#327);
#201=LINE('',#5455,#328);
#202=LINE('',#5458,#329);
#203=LINE('',#5459,#330);
#204=LINE('',#5462,#331);
#205=LINE('',#5463,#332);
#206=LINE('',#5466,#333);
#207=LINE('',#5467,#334);
#208=LINE('',#5470,#335);
#209=LINE('',#5471,#336);
#210=LINE('',#5473,#337);
#211=LINE('',#5479,#338);
#212=LINE('',#5481,#339);
#213=LINE('',#5482,#340);
#214=LINE('',#5485,#341);
#215=LINE('',#5486,#342);
#216=LINE('',#5489,#343);
#217=LINE('',#5490,#344);
#218=LINE('',#5493,#345);
#219=LINE('',#5494,#346);
#220=LINE('',#5497,#347);
#221=LINE('',#5498,#348);
#222=LINE('',#5500,#349);
#223=LINE('',#5506,#350);
#224=LINE('',#5508,#351);
#225=LINE('',#5509,#352);
#226=LINE('',#5512,#353);
#227=LINE('',#5513,#354);
#228=LINE('',#5516,#355);
#229=LINE('',#5517,#356);
#230=LINE('',#5520,#357);
#231=LINE('',#5521,#358);
#232=LINE('',#5524,#359);
#233=LINE('',#5525,#360);
#234=LINE('',#5527,#361);
#235=LINE('',#5533,#362);
#236=LINE('',#5535,#363);
#237=LINE('',#5536,#364);
#238=LINE('',#5539,#365);
#239=LINE('',#5540,#366);
#240=LINE('',#5543,#367);
#241=LINE('',#5544,#368);
#242=LINE('',#5547,#369);
#243=LINE('',#5548,#370);
#244=LINE('',#5551,#371);
#245=LINE('',#5552,#372);
#246=LINE('',#5554,#373);
#247=LINE('',#5561,#374);
#248=LINE('',#5568,#375);
#249=LINE('',#5575,#376);
#250=LINE('',#5582,#377);
#251=LINE('',#5587,#378);
#252=LINE('',#5589,#379);
#253=LINE('',#5591,#380);
#254=LINE('',#5593,#381);
#255=LINE('',#5595,#382);
#256=LINE('',#5597,#383);
#257=LINE('',#5599,#384);
#258=LINE('',#5601,#385);
#259=VECTOR('',#2118,10.);
#260=VECTOR('',#2137,10.);
#261=VECTOR('',#2138,10.);
#262=VECTOR('',#2145,10.);
#263=VECTOR('',#2146,10.);
#264=VECTOR('',#2159,10.);
#265=VECTOR('',#2160,10.);
#266=VECTOR('',#2161,10.);
#267=VECTOR('',#2172,10.);
#268=VECTOR('',#2175,10.);
#269=VECTOR('',#2176,10.);
#270=VECTOR('',#2177,10.);
#271=VECTOR('',#2184,10.);
#272=VECTOR('',#2185,10.);
#273=VECTOR('',#2188,10.);
#274=VECTOR('',#2189,10.);
#275=VECTOR('',#2190,10.);
#276=VECTOR('',#2195,10.);
#277=VECTOR('',#2204,10.);
#278=VECTOR('',#2209,10.);
#279=VECTOR('',#2210,10.);
#280=VECTOR('',#2213,10.);
#281=VECTOR('',#2214,10.);
#282=VECTOR('',#2215,10.);
#283=VECTOR('',#2220,10.);
#284=VECTOR('',#2221,10.);
#285=VECTOR('',#2228,10.);
#286=VECTOR('',#2229,10.);
#287=VECTOR('',#2230,10.);
#288=VECTOR('',#2231,10.);
#289=VECTOR('',#2234,10.);
#290=VECTOR('',#2237,10.);
#291=VECTOR('',#2240,10.);
#292=VECTOR('',#2241,10.);
#293=VECTOR('',#2242,10.);
#294=VECTOR('',#2245,10.);
#295=VECTOR('',#2246,10.);
#296=VECTOR('',#2247,10.);
#297=VECTOR('',#2248,10.);
#298=VECTOR('',#2251,10.);
#299=VECTOR('',#2252,10.);
#300=VECTOR('',#2253,10.);
#301=VECTOR('',#2256,10.);
#302=VECTOR('',#2257,10.);
#303=VECTOR('',#2260,10.);
#304=VECTOR('',#2261,10.);
#305=VECTOR('',#2262,10.);
#306=VECTOR('',#2273,10.);
#307=VECTOR('',#2274,10.);
#308=VECTOR('',#2279,10.);
#309=VECTOR('',#2280,10.);
#310=VECTOR('',#2283,10.);
#311=VECTOR('',#2288,10.);
#312=VECTOR('',#2301,10.);
#313=VECTOR('',#2302,10.);
#314=VECTOR('',#2313,10.);
#315=VECTOR('',#2314,10.);
#316=VECTOR('',#2317,10.);
#317=VECTOR('',#2320,10.);
#318=VECTOR('',#2323,10.);
#319=VECTOR('',#2328,10.);
#320=VECTOR('',#2333,10.);
#321=VECTOR('',#2338,10.);
#322=VECTOR('',#2341,10.);
#323=VECTOR('',#2346,10.);
#324=VECTOR('',#2351,10.);
#325=VECTOR('',#2356,10.);
#326=VECTOR('',#2361,10.);
#327=VECTOR('',#2362,10.);
#328=VECTOR('',#2363,10.);
#329=VECTOR('',#2366,10.);
#330=VECTOR('',#2367,10.);
#331=VECTOR('',#2370,10.);
#332=VECTOR('',#2371,10.);
#333=VECTOR('',#2374,10.);
#334=VECTOR('',#2375,10.);
#335=VECTOR('',#2378,10.);
#336=VECTOR('',#2379,10.);
#337=VECTOR('',#2382,10.);
#338=VECTOR('',#2389,10.);
#339=VECTOR('',#2390,10.);
#340=VECTOR('',#2391,10.);
#341=VECTOR('',#2394,10.);
#342=VECTOR('',#2395,10.);
#343=VECTOR('',#2398,10.);
#344=VECTOR('',#2399,10.);
#345=VECTOR('',#2402,10.);
#346=VECTOR('',#2403,10.);
#347=VECTOR('',#2406,10.);
#348=VECTOR('',#2407,10.);
#349=VECTOR('',#2410,10.);
#350=VECTOR('',#2417,10.);
#351=VECTOR('',#2418,10.);
#352=VECTOR('',#2419,10.);
#353=VECTOR('',#2422,10.);
#354=VECTOR('',#2423,10.);
#355=VECTOR('',#2426,10.);
#356=VECTOR('',#2427,10.);
#357=VECTOR('',#2430,10.);
#358=VECTOR('',#2431,10.);
#359=VECTOR('',#2434,10.);
#360=VECTOR('',#2435,10.);
#361=VECTOR('',#2438,10.);
#362=VECTOR('',#2445,10.);
#363=VECTOR('',#2446,10.);
#364=VECTOR('',#2447,10.);
#365=VECTOR('',#2450,10.);
#366=VECTOR('',#2451,10.);
#367=VECTOR('',#2454,10.);
#368=VECTOR('',#2455,10.);
#369=VECTOR('',#2458,10.);
#370=VECTOR('',#2459,10.);
#371=VECTOR('',#2462,10.);
#372=VECTOR('',#2463,10.);
#373=VECTOR('',#2466,10.);
#374=VECTOR('',#2475,3.25);
#375=VECTOR('',#2484,3.25);
#376=VECTOR('',#2493,3.25);
#377=VECTOR('',#2502,3.25);
#378=VECTOR('',#2509,1.65);
#379=VECTOR('',#2512,1.65);
#380=VECTOR('',#2515,1.65);
#381=VECTOR('',#2518,1.65);
#382=VECTOR('',#2521,1.65);
#383=VECTOR('',#2524,1.65);
#384=VECTOR('',#2527,1.65);
#385=VECTOR('',#2530,1.65);
#386=CONICAL_SURFACE('',#1946,10.8328389548944,0.174532925199433);
#387=CONICAL_SURFACE('',#1947,10.8328389548944,0.174532925199433);
#388=CONICAL_SURFACE('',#1948,10.8328389548944,0.174532925199433);
#389=CONICAL_SURFACE('',#1957,10.8328389548944,0.174532925199433);
#390=CONICAL_SURFACE('',#1958,10.8328389548944,0.174532925199433);
#391=CONICAL_SURFACE('',#1959,10.8328389548944,0.174532925199433);
#392=CONICAL_SURFACE('',#1960,10.8328389548944,0.174532925199433);
#393=CONICAL_SURFACE('',#1988,10.8328389548944,0.174532925199433);
#394=FACE_OUTER_BOUND('',#502,.T.);
#395=FACE_OUTER_BOUND('',#503,.T.);
#396=FACE_OUTER_BOUND('',#504,.T.);
#397=FACE_OUTER_BOUND('',#505,.T.);
#398=FACE_OUTER_BOUND('',#506,.T.);
#399=FACE_OUTER_BOUND('',#507,.T.);
#400=FACE_OUTER_BOUND('',#508,.T.);
#401=FACE_OUTER_BOUND('',#509,.T.);
#402=FACE_OUTER_BOUND('',#510,.T.);
#403=FACE_OUTER_BOUND('',#511,.T.);
#404=FACE_OUTER_BOUND('',#512,.T.);
#405=FACE_OUTER_BOUND('',#513,.T.);
#406=FACE_OUTER_BOUND('',#514,.T.);
#407=FACE_OUTER_BOUND('',#515,.T.);
#408=FACE_OUTER_BOUND('',#516,.T.);
#409=FACE_OUTER_BOUND('',#517,.T.);
#410=FACE_OUTER_BOUND('',#518,.T.);
#411=FACE_OUTER_BOUND('',#519,.T.);
#412=FACE_OUTER_BOUND('',#520,.T.);
#413=FACE_OUTER_BOUND('',#521,.T.);
#414=FACE_OUTER_BOUND('',#522,.T.);
#415=FACE_OUTER_BOUND('',#523,.T.);
#416=FACE_OUTER_BOUND('',#524,.T.);
#417=FACE_OUTER_BOUND('',#525,.T.);
#418=FACE_OUTER_BOUND('',#526,.T.);
#419=FACE_OUTER_BOUND('',#527,.T.);
#420=FACE_OUTER_BOUND('',#528,.T.);
#421=FACE_OUTER_BOUND('',#529,.T.);
#422=FACE_OUTER_BOUND('',#530,.T.);
#423=FACE_OUTER_BOUND('',#531,.T.);
#424=FACE_OUTER_BOUND('',#532,.T.);
#425=FACE_OUTER_BOUND('',#533,.T.);
#426=FACE_OUTER_BOUND('',#538,.T.);
#427=FACE_OUTER_BOUND('',#539,.T.);
#428=FACE_OUTER_BOUND('',#540,.T.);
#429=FACE_OUTER_BOUND('',#541,.T.);
#430=FACE_OUTER_BOUND('',#542,.T.);
#431=FACE_OUTER_BOUND('',#543,.T.);
#432=FACE_OUTER_BOUND('',#544,.T.);
#433=FACE_OUTER_BOUND('',#545,.T.);
#434=FACE_OUTER_BOUND('',#546,.T.);
#435=FACE_OUTER_BOUND('',#547,.T.);
#436=FACE_OUTER_BOUND('',#548,.T.);
#437=FACE_OUTER_BOUND('',#549,.T.);
#438=FACE_OUTER_BOUND('',#550,.T.);
#439=FACE_OUTER_BOUND('',#551,.T.);
#440=FACE_OUTER_BOUND('',#552,.T.);
#441=FACE_OUTER_BOUND('',#553,.T.);
#442=FACE_OUTER_BOUND('',#554,.T.);
#443=FACE_OUTER_BOUND('',#555,.T.);
#444=FACE_OUTER_BOUND('',#556,.T.);
#445=FACE_OUTER_BOUND('',#557,.T.);
#446=FACE_OUTER_BOUND('',#558,.T.);
#447=FACE_OUTER_BOUND('',#559,.T.);
#448=FACE_OUTER_BOUND('',#560,.T.);
#449=FACE_OUTER_BOUND('',#561,.T.);
#450=FACE_OUTER_BOUND('',#562,.T.);
#451=FACE_OUTER_BOUND('',#563,.T.);
#452=FACE_OUTER_BOUND('',#568,.T.);
#453=FACE_OUTER_BOUND('',#569,.T.);
#454=FACE_OUTER_BOUND('',#570,.T.);
#455=FACE_OUTER_BOUND('',#571,.T.);
#456=FACE_OUTER_BOUND('',#578,.T.);
#457=FACE_OUTER_BOUND('',#579,.T.);
#458=FACE_OUTER_BOUND('',#580,.T.);
#459=FACE_OUTER_BOUND('',#581,.T.);
#460=FACE_OUTER_BOUND('',#582,.T.);
#461=FACE_OUTER_BOUND('',#583,.T.);
#462=FACE_OUTER_BOUND('',#584,.T.);
#463=FACE_OUTER_BOUND('',#586,.T.);
#464=FACE_OUTER_BOUND('',#587,.T.);
#465=FACE_OUTER_BOUND('',#588,.T.);
#466=FACE_OUTER_BOUND('',#589,.T.);
#467=FACE_OUTER_BOUND('',#590,.T.);
#468=FACE_OUTER_BOUND('',#591,.T.);
#469=FACE_OUTER_BOUND('',#592,.T.);
#470=FACE_OUTER_BOUND('',#594,.T.);
#471=FACE_OUTER_BOUND('',#595,.T.);
#472=FACE_OUTER_BOUND('',#596,.T.);
#473=FACE_OUTER_BOUND('',#597,.T.);
#474=FACE_OUTER_BOUND('',#598,.T.);
#475=FACE_OUTER_BOUND('',#599,.T.);
#476=FACE_OUTER_BOUND('',#600,.T.);
#477=FACE_OUTER_BOUND('',#602,.T.);
#478=FACE_OUTER_BOUND('',#603,.T.);
#479=FACE_OUTER_BOUND('',#604,.T.);
#480=FACE_OUTER_BOUND('',#605,.T.);
#481=FACE_OUTER_BOUND('',#606,.T.);
#482=FACE_OUTER_BOUND('',#607,.T.);
#483=FACE_OUTER_BOUND('',#608,.T.);
#484=FACE_OUTER_BOUND('',#610,.T.);
#485=FACE_OUTER_BOUND('',#611,.T.);
#486=FACE_OUTER_BOUND('',#613,.T.);
#487=FACE_OUTER_BOUND('',#614,.T.);
#488=FACE_OUTER_BOUND('',#616,.T.);
#489=FACE_OUTER_BOUND('',#617,.T.);
#490=FACE_OUTER_BOUND('',#619,.T.);
#491=FACE_OUTER_BOUND('',#620,.T.);
#492=FACE_OUTER_BOUND('',#622,.T.);
#493=FACE_OUTER_BOUND('',#623,.T.);
#494=FACE_OUTER_BOUND('',#624,.T.);
#495=FACE_OUTER_BOUND('',#625,.T.);
#496=FACE_OUTER_BOUND('',#626,.T.);
#497=FACE_OUTER_BOUND('',#627,.T.);
#498=FACE_OUTER_BOUND('',#628,.T.);
#499=FACE_OUTER_BOUND('',#629,.T.);
#500=FACE_OUTER_BOUND('',#630,.T.);
#501=FACE_OUTER_BOUND('',#632,.T.);
#502=EDGE_LOOP('',(#1230,#1231,#1232,#1233));
#503=EDGE_LOOP('',(#1234,#1235,#1236,#1237));
#504=EDGE_LOOP('',(#1238,#1239,#1240,#1241));
#505=EDGE_LOOP('',(#1242,#1243,#1244,#1245));
#506=EDGE_LOOP('',(#1246,#1247,#1248,#1249));
#507=EDGE_LOOP('',(#1250,#1251,#1252,#1253));
#508=EDGE_LOOP('',(#1254,#1255,#1256,#1257));
#509=EDGE_LOOP('',(#1258,#1259,#1260,#1261));
#510=EDGE_LOOP('',(#1262,#1263,#1264,#1265));
#511=EDGE_LOOP('',(#1266,#1267,#1268,#1269,#1270));
#512=EDGE_LOOP('',(#1271,#1272,#1273,#1274));
#513=EDGE_LOOP('',(#1275,#1276,#1277));
#514=EDGE_LOOP('',(#1278,#1279,#1280,#1281));
#515=EDGE_LOOP('',(#1282,#1283,#1284));
#516=EDGE_LOOP('',(#1285,#1286,#1287,#1288));
#517=EDGE_LOOP('',(#1289,#1290,#1291,#1292));
#518=EDGE_LOOP('',(#1293,#1294,#1295,#1296));
#519=EDGE_LOOP('',(#1297,#1298,#1299,#1300));
#520=EDGE_LOOP('',(#1301,#1302,#1303,#1304));
#521=EDGE_LOOP('',(#1305,#1306,#1307,#1308));
#522=EDGE_LOOP('',(#1309,#1310,#1311,#1312));
#523=EDGE_LOOP('',(#1313,#1314,#1315,#1316));
#524=EDGE_LOOP('',(#1317,#1318,#1319,#1320));
#525=EDGE_LOOP('',(#1321,#1322,#1323,#1324,#1325));
#526=EDGE_LOOP('',(#1326,#1327,#1328,#1329));
#527=EDGE_LOOP('',(#1330,#1331,#1332));
#528=EDGE_LOOP('',(#1333,#1334,#1335,#1336));
#529=EDGE_LOOP('',(#1337,#1338,#1339,#1340,#1341));
#530=EDGE_LOOP('',(#1342,#1343,#1344,#1345));
#531=EDGE_LOOP('',(#1346,#1347,#1348,#1349,#1350));
#532=EDGE_LOOP('',(#1351,#1352,#1353,#1354,#1355,#1356,#1357,#1358));
#533=EDGE_LOOP('',(#1359,#1360,#1361,#1362,#1363));
#534=EDGE_LOOP('',(#1364));
#535=EDGE_LOOP('',(#1365));
#536=EDGE_LOOP('',(#1366));
#537=EDGE_LOOP('',(#1367));
#538=EDGE_LOOP('',(#1368,#1369,#1370,#1371,#1372,#1373,#1374,#1375));
#539=EDGE_LOOP('',(#1376,#1377,#1378,#1379));
#540=EDGE_LOOP('',(#1380,#1381,#1382,#1383));
#541=EDGE_LOOP('',(#1384,#1385,#1386,#1387));
#542=EDGE_LOOP('',(#1388,#1389,#1390,#1391,#1392,#1393));
#543=EDGE_LOOP('',(#1394,#1395,#1396,#1397,#1398,#1399,#1400,#1401));
#544=EDGE_LOOP('',(#1402,#1403,#1404,#1405,#1406));
#545=EDGE_LOOP('',(#1407,#1408,#1409,#1410));
#546=EDGE_LOOP('',(#1411,#1412,#1413,#1414,#1415));
#547=EDGE_LOOP('',(#1416,#1417,#1418));
#548=EDGE_LOOP('',(#1419,#1420,#1421,#1422));
#549=EDGE_LOOP('',(#1423,#1424,#1425,#1426,#1427,#1428));
#550=EDGE_LOOP('',(#1429,#1430,#1431,#1432));
#551=EDGE_LOOP('',(#1433,#1434,#1435,#1436));
#552=EDGE_LOOP('',(#1437,#1438,#1439,#1440));
#553=EDGE_LOOP('',(#1441,#1442,#1443,#1444));
#554=EDGE_LOOP('',(#1445,#1446,#1447,#1448,#1449));
#555=EDGE_LOOP('',(#1450,#1451,#1452,#1453));
#556=EDGE_LOOP('',(#1454,#1455,#1456,#1457,#1458));
#557=EDGE_LOOP('',(#1459,#1460,#1461,#1462,#1463,#1464,#1465));
#558=EDGE_LOOP('',(#1466,#1467,#1468,#1469,#1470,#1471,#1472,#1473,#1474,
#1475,#1476));
#559=EDGE_LOOP('',(#1477,#1478,#1479,#1480));
#560=EDGE_LOOP('',(#1481,#1482,#1483,#1484,#1485,#1486));
#561=EDGE_LOOP('',(#1487,#1488,#1489,#1490));
#562=EDGE_LOOP('',(#1491,#1492,#1493,#1494,#1495,#1496,#1497,#1498,#1499,
#1500,#1501,#1502,#1503,#1504,#1505,#1506));
#563=EDGE_LOOP('',(#1507,#1508,#1509,#1510,#1511));
#564=EDGE_LOOP('',(#1512));
#565=EDGE_LOOP('',(#1513));
#566=EDGE_LOOP('',(#1514));
#567=EDGE_LOOP('',(#1515));
#568=EDGE_LOOP('',(#1516,#1517,#1518,#1519));
#569=EDGE_LOOP('',(#1520,#1521,#1522,#1523));
#570=EDGE_LOOP('',(#1524,#1525,#1526,#1527));
#571=EDGE_LOOP('',(#1528,#1529,#1530,#1531,#1532,#1533,#1534,#1535,#1536,
#1537,#1538,#1539,#1540,#1541,#1542,#1543,#1544,#1545,#1546,#1547,#1548,
#1549,#1550,#1551,#1552,#1553,#1554,#1555,#1556,#1557,#1558,#1559,#1560,
#1561,#1562,#1563,#1564,#1565,#1566,#1567));
#572=EDGE_LOOP('',(#1568,#1569));
#573=EDGE_LOOP('',(#1570,#1571));
#574=EDGE_LOOP('',(#1572,#1573));
#575=EDGE_LOOP('',(#1574,#1575,#1576,#1577,#1578,#1579));
#576=EDGE_LOOP('',(#1580,#1581,#1582,#1583,#1584,#1585));
#577=EDGE_LOOP('',(#1586,#1587,#1588,#1589,#1590,#1591));
#578=EDGE_LOOP('',(#1592,#1593,#1594,#1595));
#579=EDGE_LOOP('',(#1596,#1597,#1598,#1599));
#580=EDGE_LOOP('',(#1600,#1601,#1602,#1603));
#581=EDGE_LOOP('',(#1604,#1605,#1606,#1607));
#582=EDGE_LOOP('',(#1608,#1609,#1610,#1611));
#583=EDGE_LOOP('',(#1612,#1613,#1614,#1615));
#584=EDGE_LOOP('',(#1616,#1617,#1618,#1619,#1620,#1621));
#585=EDGE_LOOP('',(#1622));
#586=EDGE_LOOP('',(#1623,#1624,#1625,#1626));
#587=EDGE_LOOP('',(#1627,#1628,#1629,#1630));
#588=EDGE_LOOP('',(#1631,#1632,#1633,#1634));
#589=EDGE_LOOP('',(#1635,#1636,#1637,#1638));
#590=EDGE_LOOP('',(#1639,#1640,#1641,#1642));
#591=EDGE_LOOP('',(#1643,#1644,#1645,#1646));
#592=EDGE_LOOP('',(#1647,#1648,#1649,#1650,#1651,#1652));
#593=EDGE_LOOP('',(#1653));
#594=EDGE_LOOP('',(#1654,#1655,#1656,#1657));
#595=EDGE_LOOP('',(#1658,#1659,#1660,#1661));
#596=EDGE_LOOP('',(#1662,#1663,#1664,#1665,#1666));
#597=EDGE_LOOP('',(#1667,#1668,#1669,#1670));
#598=EDGE_LOOP('',(#1671,#1672,#1673,#1674));
#599=EDGE_LOOP('',(#1675,#1676,#1677,#1678,#1679));
#600=EDGE_LOOP('',(#1680,#1681,#1682,#1683,#1684,#1685));
#601=EDGE_LOOP('',(#1686));
#602=EDGE_LOOP('',(#1687,#1688,#1689,#1690));
#603=EDGE_LOOP('',(#1691,#1692,#1693,#1694));
#604=EDGE_LOOP('',(#1695,#1696,#1697,#1698));
#605=EDGE_LOOP('',(#1699,#1700,#1701,#1702));
#606=EDGE_LOOP('',(#1703,#1704,#1705,#1706));
#607=EDGE_LOOP('',(#1707,#1708,#1709,#1710));
#608=EDGE_LOOP('',(#1711,#1712,#1713,#1714,#1715,#1716));
#609=EDGE_LOOP('',(#1717));
#610=EDGE_LOOP('',(#1718,#1719,#1720,#1721,#1722));
#611=EDGE_LOOP('',(#1723));
#612=EDGE_LOOP('',(#1724));
#613=EDGE_LOOP('',(#1725,#1726,#1727,#1728,#1729));
#614=EDGE_LOOP('',(#1730));
#615=EDGE_LOOP('',(#1731));
#616=EDGE_LOOP('',(#1732,#1733,#1734,#1735,#1736,#1737,#1738));
#617=EDGE_LOOP('',(#1739));
#618=EDGE_LOOP('',(#1740));
#619=EDGE_LOOP('',(#1741,#1742,#1743,#1744,#1745));
#620=EDGE_LOOP('',(#1746));
#621=EDGE_LOOP('',(#1747));
#622=EDGE_LOOP('',(#1748,#1749,#1750,#1751));
#623=EDGE_LOOP('',(#1752,#1753,#1754,#1755));
#624=EDGE_LOOP('',(#1756,#1757,#1758,#1759));
#625=EDGE_LOOP('',(#1760,#1761,#1762,#1763));
#626=EDGE_LOOP('',(#1764,#1765,#1766,#1767));
#627=EDGE_LOOP('',(#1768,#1769,#1770,#1771));
#628=EDGE_LOOP('',(#1772,#1773,#1774,#1775));
#629=EDGE_LOOP('',(#1776,#1777,#1778,#1779));
#630=EDGE_LOOP('',(#1780,#1781,#1782,#1783));
#631=EDGE_LOOP('',(#1784,#1785,#1786,#1787));
#632=EDGE_LOOP('',(#1788,#1789,#1790,#1791));
#633=B_SPLINE_CURVE_WITH_KNOTS('',3,(#2605,#2606,#2607,#2608,#2609,#2610,
#2611,#2612,#2613,#2614,#2615,#2616,#2617),.UNSPECIFIED.,.F.,.F.,(4,1,1,
1,1,1,1,1,1,1,4),(-1.48008786267169,-1.37436730105228,-1.26864673943288,
-1.16292617781347,-1.05720561619407,-0.845764492955252,-0.740043931335846,
-0.634323369716439,-0.422882246477626,-0.211441123238813,0.),
 .UNSPECIFIED.);
#634=B_SPLINE_CURVE_WITH_KNOTS('',3,(#2620,#2621,#2622,#2623,#2624,#2625,
#2626,#2627,#2628,#2629,#2630,#2631,#2632),.UNSPECIFIED.,.F.,.F.,(4,1,1,
1,1,1,1,1,1,1,4),(0.,0.211441123238813,0.422882246477626,0.634323369716439,
0.740043931335846,0.845764492955252,1.05720561619407,1.16292617781347,1.26864673943288,
1.37436730105228,1.48008786267169),.UNSPECIFIED.);
#635=B_SPLINE_CURVE_WITH_KNOTS('',3,(#2656,#2657,#2658,#2659),
 .UNSPECIFIED.,.F.,.F.,(4,4),(-0.154401790914801,0.),.UNSPECIFIED.);
#636=B_SPLINE_CURVE_WITH_KNOTS('',3,(#2660,#2661,#2662,#2663),
 .UNSPECIFIED.,.F.,.F.,(4,4),(0.,0.154401790914801),.UNSPECIFIED.);
#637=B_SPLINE_CURVE_WITH_KNOTS('',3,(#2785,#2786,#2787,#2788,#2789,#2790,
#2791,#2792,#2793,#2794,#2795,#2796,#2797,#2798,#2799,#2800,#2801,#2802,
#2803,#2804,#2805,#2806,#2807,#2808),.UNSPECIFIED.,.F.,.F.,(4,1,1,1,1,1,
1,1,1,1,1,1,1,1,1,1,1,1,1,1,1,4),(-6.61067934111,-6.49263149573303,-6.37458365035607,
-6.31555972766759,-6.2565358049791,-6.13848795960214,-5.90239226884821,
-5.78434442347125,-5.66629657809428,-5.43020088734035,-5.19410519658643,
-4.9580095058325,-4.72191381507857,-4.24972243357071,-3.46273679772428,
-2.83314828904714,-1.88876552603143,-1.53462198990053,-0.944382763015714,
-0.472191381507857,-0.236095690753928,0.),.UNSPECIFIED.);
#638=B_SPLINE_CURVE_WITH_KNOTS('',3,(#2811,#2812,#2813,#2814,#2815,#2816,
#2817,#2818,#2819,#2820,#2821,#2822,#2823,#2824,#2825,#2826,#2827,#2828,
#2829,#2830,#2831,#2832,#2833,#2834),.UNSPECIFIED.,.F.,.F.,(4,1,1,1,1,1,
1,1,1,1,1,1,1,1,1,1,1,1,1,1,1,4),(0.,0.236095690753928,0.472191381507857,
0.944382763015714,1.53462198990053,1.88876552603143,2.83314828904714,3.46273679772428,
4.24972243357071,4.72191381507857,4.9580095058325,5.19410519658643,5.43020088734035,
5.66629657809428,5.78434442347125,5.90239226884821,6.13848795960214,6.2565358049791,
6.31555972766759,6.37458365035607,6.49263149573303,6.61067934111),
 .UNSPECIFIED.);
#639=B_SPLINE_CURVE_WITH_KNOTS('',3,(#2856,#2857,#2858,#2859),
 .UNSPECIFIED.,.F.,.F.,(4,4),(-0.035817520685302,0.),.UNSPECIFIED.);
#640=B_SPLINE_CURVE_WITH_KNOTS('',3,(#2862,#2863,#2864,#2865),
 .UNSPECIFIED.,.F.,.F.,(4,4),(0.,0.035817520685302),.UNSPECIFIED.);
#641=B_SPLINE_CURVE_WITH_KNOTS('',3,(#2922,#2923,#2924,#2925,#2926,#2927,
#2928,#2929,#2930,#2931,#2932),.UNSPECIFIED.,.F.,.F.,(4,1,1,1,1,1,1,1,4),
(-1.06141997361217,-0.909788548810432,-0.758157124008694,-0.606525699206955,
-0.454894274405216,-0.303262849603477,-0.151631424801739,-0.0758157124008693,
0.),.UNSPECIFIED.);
#642=B_SPLINE_CURVE_WITH_KNOTS('',3,(#2935,#2936,#2937,#2938,#2939,#2940,
#2941,#2942,#2943,#2944,#2945),.UNSPECIFIED.,.F.,.F.,(4,1,1,1,1,1,1,1,4),
(0.,0.0758157124008693,0.151631424801739,0.303262849603477,0.454894274405216,
0.606525699206955,0.758157124008694,0.909788548810432,1.06141997361217),
 .UNSPECIFIED.);
#643=B_SPLINE_CURVE_WITH_KNOTS('',3,(#2967,#2968,#2969,#2970),
 .UNSPECIFIED.,.F.,.F.,(4,4),(-0.0358175206853122,0.),.UNSPECIFIED.);
#644=B_SPLINE_CURVE_WITH_KNOTS('',3,(#2973,#2974,#2975,#2976),
 .UNSPECIFIED.,.F.,.F.,(4,4),(0.,0.0358175206853122),.UNSPECIFIED.);
#645=B_SPLINE_CURVE_WITH_KNOTS('',3,(#3020,#3021,#3022,#3023,#3024,#3025,
#3026,#3027),.UNSPECIFIED.,.F.,.F.,(4,1,1,1,1,4),(-2.6551333693232,-1.89652383523086,
-1.51721906818469,-0.758609534092344,-0.379304767046172,-2.60155261443543E-16),
 .UNSPECIFIED.);
#646=B_SPLINE_CURVE_WITH_KNOTS('',3,(#3028,#3029,#3030,#3031,#3032,#3033,
#3034,#3035),.UNSPECIFIED.,.F.,.F.,(4,1,1,1,1,4),(2.60155261443543E-16,
0.379304767046172,0.758609534092344,1.51721906818469,1.89652383523086,2.6551333693232),
 .UNSPECIFIED.);
#647=B_SPLINE_CURVE_WITH_KNOTS('',3,(#3063,#3064,#3065,#3066,#3067,#3068,
#3069,#3070,#3071,#3072),.UNSPECIFIED.,.F.,.F.,(4,2,2,2,4),(0.,0.095081710087518,
0.211835002220859,0.277670208027737,0.34224144834993),.UNSPECIFIED.);
#648=B_SPLINE_CURVE_WITH_KNOTS('',3,(#3073,#3074,#3075,#3076),
 .UNSPECIFIED.,.F.,.F.,(4,4),(-2.65790894059763,-2.52322496119174),
 .UNSPECIFIED.);
#649=B_SPLINE_CURVE_WITH_KNOTS('',3,(#3077,#3078,#3079,#3080,#3081),
 .UNSPECIFIED.,.F.,.F.,(4,1,4),(2.52322496119174,2.68881650525539,2.85440804931904),
 .UNSPECIFIED.);
#650=B_SPLINE_CURVE_WITH_KNOTS('',3,(#3109,#3110,#3111,#3112,#3113,#3114,
#3115,#3116,#3117,#3118),.UNSPECIFIED.,.F.,.F.,(4,2,2,2,4),(0.,0.127137079698713,
0.241993536525492,0.303880588584549,0.368350846079753),.UNSPECIFIED.);
#651=B_SPLINE_CURVE_WITH_KNOTS('',3,(#3119,#3120,#3121,#3122,#3123),
 .UNSPECIFIED.,.F.,.F.,(4,1,4),(2.16424934101908,2.32153665256612,2.53125306796217),
 .UNSPECIFIED.);
#652=B_SPLINE_CURVE_WITH_KNOTS('',3,(#3124,#3125,#3126,#3127),
 .UNSPECIFIED.,.F.,.F.,(4,4),(-2.53125306796217,-2.37447199862635),
 .UNSPECIFIED.);
#653=B_SPLINE_CURVE_WITH_KNOTS('',3,(#3130,#3131,#3132,#3133,#3134),
 .UNSPECIFIED.,.F.,.F.,(4,1,4),(0.,0.292920590975464,0.585993325338193),
 .UNSPECIFIED.);
#654=B_SPLINE_CURVE_WITH_KNOTS('',3,(#3135,#3136,#3137,#3138),
 .UNSPECIFIED.,.F.,.F.,(4,4),(0.,0.585993325338201),.UNSPECIFIED.);
#655=B_SPLINE_CURVE_WITH_KNOTS('',3,(#3335,#3336,#3337,#3338,#3339),
 .UNSPECIFIED.,.F.,.F.,(4,1,4),(0.,0.292920590975464,0.5533744923471),
 .UNSPECIFIED.);
#656=B_SPLINE_CURVE_WITH_KNOTS('',3,(#3340,#3341,#3342,#3343,#3344,#3345,
#3346,#3347,#3348,#3349,#3350,#3351,#3352,#3353,#3354,#3355,#3356,#3357,
#3358,#3359,#3360,#3361,#3362,#3363,#3364,#3365,#3366,#3367,#3368,#3369,
#3370,#3371,#3372,#3373,#3374,#3375,#3376,#3377,#3378,#3379,#3380,#3381,
#3382,#3383,#3384,#3385,#3386,#3387,#3388,#3389,#3390,#3391,#3392,#3393,
#3394,#3395,#3396,#3397,#3398,#3399,#3400,#3401,#3402,#3403,#3404,#3405,
#3406,#3407,#3408,#3409,#3410,#3411,#3412,#3413,#3414,#3415,#3416,#3417,
#3418,#3419,#3420,#3421,#3422,#3423,#3424,#3425,#3426,#3427,#3428,#3429,
#3430,#3431,#3432,#3433,#3434,#3435,#3436,#3437,#3438,#3439,#3440,#3441,
#3442,#3443,#3444,#3445,#3446,#3447,#3448),.UNSPECIFIED.,.F.,.F.,(4,3,3,
3,3,3,3,3,3,3,3,3,3,3,3,3,3,3,3,3,3,3,3,3,3,3,3,3,3,3,3,3,3,3,3,3,4),(-5.81810078430695,
-5.80511395219912,-5.79212712009129,-5.76615345587563,-5.74017979165998,
-5.71420612744432,-5.66225879901301,-5.6103114705817,-5.58433780636604,
-5.53239047793473,-5.50641681371907,-5.48044314950342,-5.45446948528776,
-5.40252215685645,-5.29862749999383,-5.1947328431312,-4.98694352940595,
-4.84841732025579,-4.77915421568071,-4.70989111110562,-4.605996454243,-4.43283869280529,
-4.15578627450496,-3.6016814379043,-3.32462901960397,-2.49347176470298,
-1.66231450980198,-1.45452519607674,-1.24673588235149,-1.03894656862624,
-0.986999240194928,-0.831157254900992,-0.727262598038368,-0.623367941175744,
-0.415578627450496,-0.207789313725248,0.),.UNSPECIFIED.);
#657=B_SPLINE_CURVE_WITH_KNOTS('',3,(#3450,#3451,#3452,#3453),
 .UNSPECIFIED.,.F.,.F.,(4,4),(0.,0.5533744923471),.UNSPECIFIED.);
#658=B_SPLINE_CURVE_WITH_KNOTS('',3,(#3535,#3536,#3537,#3538),
 .UNSPECIFIED.,.F.,.F.,(4,4),(0.,0.668899177900247),.UNSPECIFIED.);
#659=B_SPLINE_CURVE_WITH_KNOTS('',3,(#3539,#3540,#3541,#3542,#3543,#3544,
#3545,#3546,#3547,#3548,#3549,#3550,#3551,#3552,#3553,#3554,#3555,#3556,
#3557,#3558,#3559,#3560,#3561,#3562,#3563,#3564,#3565,#3566,#3567,#3568,
#3569,#3570,#3571,#3572,#3573,#3574,#3575,#3576,#3577,#3578,#3579,#3580,
#3581,#3582,#3583,#3584,#3585,#3586,#3587,#3588,#3589,#3590),
 .UNSPECIFIED.,.F.,.F.,(4,3,3,3,3,3,3,3,3,3,3,3,3,3,3,3,3,4),(-0.274826411810218,
-0.255195953823774,-0.245380724830552,-0.23556549583733,-0.233111688589024,
-0.230657881340719,-0.225750266844108,-0.215935037850886,-0.196304579864442,
-0.157043663891553,-0.137413205905109,-0.117782747918665,-0.0981522899322208,
-0.0785218319457766,-0.0588913739593325,-0.0392609159728883,-0.0196304579864442,
0.),.UNSPECIFIED.);
#660=B_SPLINE_CURVE_WITH_KNOTS('',3,(#3615,#3616,#3617,#3618,#3619,#3620,
#3621),.UNSPECIFIED.,.F.,.F.,(4,3,4),(0.,0.187585050256262,0.328273837948458),
 .UNSPECIFIED.);
#661=B_SPLINE_CURVE_WITH_KNOTS('',3,(#3623,#3624,#3625,#3626),
 .UNSPECIFIED.,.F.,.F.,(4,4),(2.49495694801019,2.52322496119175),
 .UNSPECIFIED.);
#662=B_SPLINE_CURVE_WITH_KNOTS('',3,(#3629,#3630,#3631,#3632),
 .UNSPECIFIED.,.F.,.F.,(4,4),(-2.52322496119175,-2.49495694801019),
 .UNSPECIFIED.);
#663=B_SPLINE_CURVE_WITH_KNOTS('',3,(#3674,#3675,#3676,#3677,#3678,#3679,
#3680,#3681),.UNSPECIFIED.,.F.,.F.,(4,1,1,1,1,4),(-2.65518706463212,-1.89656218902294,
-1.13793731341377,-0.758624875609178,-0.379312437804589,0.),
 .UNSPECIFIED.);
#664=B_SPLINE_CURVE_WITH_KNOTS('',3,(#3684,#3685,#3686,#3687,#3688,#3689,
#3690,#3691),.UNSPECIFIED.,.F.,.F.,(4,1,1,1,1,4),(0.,0.379312437804589,
0.758624875609178,1.13793731341377,1.89656218902294,2.65518706463212),
 .UNSPECIFIED.);
#665=B_SPLINE_CURVE_WITH_KNOTS('',3,(#3715,#3716,#3717,#3718),
 .UNSPECIFIED.,.F.,.F.,(4,4),(-0.0358175206853124,-1.24339942702837E-15),
 .UNSPECIFIED.);
#666=B_SPLINE_CURVE_WITH_KNOTS('',3,(#3719,#3720,#3721,#3722),
 .UNSPECIFIED.,.F.,.F.,(4,4),(1.24339942702837E-15,0.0358175206853124),
 .UNSPECIFIED.);
#667=B_SPLINE_CURVE_WITH_KNOTS('',3,(#3769,#3770,#3771,#3772,#3773,#3774,
#3775,#3776,#3777),.UNSPECIFIED.,.F.,.F.,(4,1,1,1,1,1,4),(-1.06141997361218,
-0.909788548810436,-0.758157124008697,-0.606525699206957,-0.454894274405218,
-0.303262849603479,0.),.UNSPECIFIED.);
#668=B_SPLINE_CURVE_WITH_KNOTS('',3,(#3780,#3781,#3782,#3783,#3784,#3785,
#3786,#3787,#3788),.UNSPECIFIED.,.F.,.F.,(4,1,1,1,1,1,4),(0.,0.303262849603479,
0.454894274405218,0.606525699206957,0.758157124008697,0.909788548810436,
1.06141997361218),.UNSPECIFIED.);
#669=B_SPLINE_CURVE_WITH_KNOTS('',3,(#3812,#3813,#3814,#3815),
 .UNSPECIFIED.,.F.,.F.,(4,4),(-0.035817520685309,0.),.UNSPECIFIED.);
#670=B_SPLINE_CURVE_WITH_KNOTS('',3,(#3816,#3817,#3818,#3819),
 .UNSPECIFIED.,.F.,.F.,(4,4),(0.,0.035817520685309),.UNSPECIFIED.);
#671=B_SPLINE_CURVE_WITH_KNOTS('',3,(#3948,#3949,#3950,#3951,#3952,#3953,
#3954,#3955,#3956,#3957,#3958,#3959,#3960,#3961,#3962,#3963,#3964,#3965,
#3966,#3967,#3968,#3969,#3970,#3971,#3972),.UNSPECIFIED.,.F.,.F.,(4,1,1,
1,1,1,1,1,1,1,1,1,1,1,1,1,1,1,1,1,1,1,4),(-6.61228138993546,-6.49420493654376,
-6.37612848315205,-6.3170902564562,-6.25805202976035,-6.13997557636865,
-5.90382266958524,-5.66766976280183,-5.54959330941013,-5.43151685601842,
-5.19536394923501,-4.9592110424516,-4.7230581356682,-4.48690522888479,-4.25075232210138,
-2.83383488140093,-2.51896433902305,-1.88922325426729,-0.94461162713366,
-0.472305813566843,-0.236152906783435,-0.11807645339173,-2.60627283354502E-14),
 .UNSPECIFIED.);
#672=B_SPLINE_CURVE_WITH_KNOTS('',3,(#3973,#3974,#3975,#3976,#3977,#3978,
#3979,#3980,#3981,#3982,#3983,#3984,#3985,#3986,#3987,#3988,#3989,#3990,
#3991,#3992,#3993,#3994,#3995,#3996,#3997),.UNSPECIFIED.,.F.,.F.,(4,1,1,
1,1,1,1,1,1,1,1,1,1,1,1,1,1,1,1,1,1,1,4),(2.60627283354502E-14,0.11807645339173,
0.236152906783435,0.472305813566843,0.94461162713366,1.88922325426729,2.51896433902305,
2.83383488140093,4.25075232210138,4.48690522888479,4.7230581356682,4.9592110424516,
5.19536394923501,5.43151685601842,5.54959330941013,5.66766976280183,5.90382266958524,
6.13997557636865,6.25805202976035,6.3170902564562,6.37612848315205,6.49420493654376,
6.61228138993546),.UNSPECIFIED.);
#673=B_SPLINE_CURVE_WITH_KNOTS('',3,(#4021,#4022,#4023,#4024),
 .UNSPECIFIED.,.F.,.F.,(4,4),(-0.154401790923628,0.),.UNSPECIFIED.);
#674=B_SPLINE_CURVE_WITH_KNOTS('',3,(#4025,#4026,#4027,#4028),
 .UNSPECIFIED.,.F.,.F.,(4,4),(0.,0.154401790923628),.UNSPECIFIED.);
#675=B_SPLINE_CURVE_WITH_KNOTS('',3,(#4107,#4108,#4109,#4110,#4111,#4112,
#4113,#4114,#4115,#4116,#4117,#4118,#4119,#4120,#4121),.UNSPECIFIED.,.F.,
 .F.,(4,1,1,1,1,1,1,1,1,1,1,1,4),(-1.48003842699096,-1.26860436599227,-1.05717030499357,
-0.845736243994872,-0.792877728745198,-0.634302182996175,-0.581443667746501,
-0.528585152496827,-0.422868121997478,-0.31715109149813,-0.211434060998781,
-0.105717030499432,-8.37808432405193E-14),.UNSPECIFIED.);
#676=B_SPLINE_CURVE_WITH_KNOTS('',3,(#4122,#4123,#4124,#4125,#4126,#4127,
#4128,#4129,#4130,#4131,#4132,#4133,#4134,#4135,#4136),.UNSPECIFIED.,.F.,
 .F.,(4,1,1,1,1,1,1,1,1,1,1,1,4),(8.37808432405193E-14,0.105717030499432,
0.211434060998781,0.31715109149813,0.422868121997478,0.528585152496827,
0.581443667746501,0.634302182996175,0.792877728745198,0.845736243994872,
1.05717030499357,1.26860436599227,1.48003842699096),.UNSPECIFIED.);
#677=B_SPLINE_CURVE_WITH_KNOTS('',3,(#4159,#4160,#4161,#4162,#4163,#4164,
#4165),.UNSPECIFIED.,.F.,.F.,(4,3,4),(0.,0.138596475103845,0.323391775242305),
 .UNSPECIFIED.);
#678=B_SPLINE_CURVE_WITH_KNOTS('',3,(#4166,#4167,#4168,#4169),
 .UNSPECIFIED.,.F.,.F.,(4,4),(-5.10631526239859,-5.06250613592434),
 .UNSPECIFIED.);
#679=B_SPLINE_CURVE_WITH_KNOTS('',3,(#4170,#4171,#4172,#4173),
 .UNSPECIFIED.,.F.,.F.,(4,4),(5.06250613592434,5.10631526239859),
 .UNSPECIFIED.);
#680=B_SPLINE_CURVE_WITH_KNOTS('',3,(#4178,#4179,#4180,#4181),
 .UNSPECIFIED.,.F.,.F.,(4,4),(0.,0.668899177900247),.UNSPECIFIED.);
#681=B_SPLINE_CURVE_WITH_KNOTS('',3,(#4184,#4185,#4186,#4187,#4188,#4189),
 .UNSPECIFIED.,.F.,.F.,(4,2,4),(0.,0.0569221570861148,0.112915068813502),
 .UNSPECIFIED.);
#682=B_SPLINE_CURVE_WITH_KNOTS('',3,(#4271,#4272,#4273,#4274),
 .UNSPECIFIED.,.F.,.F.,(4,4),(0.,0.553374492347117),.UNSPECIFIED.);
#683=B_SPLINE_CURVE_WITH_KNOTS('',3,(#4275,#4276,#4277,#4278,#4279,#4280,
#4281,#4282,#4283,#4284,#4285,#4286,#4287,#4288,#4289,#4290,#4291,#4292,
#4293,#4294,#4295,#4296,#4297,#4298,#4299,#4300,#4301,#4302,#4303,#4304,
#4305,#4306,#4307,#4308,#4309,#4310,#4311,#4312,#4313,#4314,#4315,#4316,
#4317,#4318,#4319,#4320,#4321,#4322,#4323,#4324,#4325,#4326),
 .UNSPECIFIED.,.F.,.F.,(4,3,3,3,3,3,3,3,3,3,3,3,3,3,3,3,3,4),(-0.274826411810218,
-0.255195953823774,-0.245380724830552,-0.23556549583733,-0.233111688589024,
-0.230657881340719,-0.225750266844108,-0.215935037850886,-0.196304579864442,
-0.157043663891553,-0.137413205905109,-0.117782747918665,-0.0981522899322208,
-0.0785218319457766,-0.0588913739593325,-0.0392609159728883,-0.0196304579864442,
0.),.UNSPECIFIED.);
#684=B_SPLINE_CURVE_WITH_KNOTS('',3,(#4328,#4329,#4330,#4331,#4332),
 .UNSPECIFIED.,.F.,.F.,(4,1,4),(0.,0.300328387734331,0.553374492347488),
 .UNSPECIFIED.);
#685=B_SPLINE_CURVE_WITH_KNOTS('',3,(#4529,#4530,#4531,#4532,#4533),
 .UNSPECIFIED.,.F.,.F.,(4,1,4),(0.,0.300328387734331,0.585993325338193),
 .UNSPECIFIED.);
#686=B_SPLINE_CURVE_WITH_KNOTS('',3,(#4534,#4535,#4536,#4537,#4538,#4539,
#4540,#4541,#4542,#4543,#4544,#4545,#4546,#4547,#4548,#4549,#4550,#4551,
#4552,#4553,#4554,#4555,#4556,#4557,#4558,#4559,#4560,#4561,#4562,#4563,
#4564,#4565,#4566,#4567,#4568,#4569,#4570,#4571,#4572,#4573,#4574,#4575,
#4576,#4577,#4578,#4579,#4580,#4581,#4582,#4583,#4584,#4585,#4586,#4587,
#4588,#4589,#4590,#4591,#4592,#4593,#4594,#4595,#4596,#4597,#4598,#4599,
#4600,#4601,#4602,#4603,#4604,#4605,#4606,#4607,#4608,#4609,#4610,#4611,
#4612,#4613,#4614,#4615,#4616,#4617,#4618,#4619,#4620,#4621,#4622,#4623,
#4624,#4625,#4626,#4627,#4628,#4629,#4630,#4631,#4632,#4633,#4634,#4635,
#4636,#4637,#4638,#4639,#4640,#4641,#4642),.UNSPECIFIED.,.F.,.F.,(4,3,3,
3,3,3,3,3,3,3,3,3,3,3,3,3,3,3,3,3,3,3,3,3,3,3,3,3,3,3,3,3,3,3,3,3,4),(-5.81810078430695,
-5.80511395219912,-5.79212712009129,-5.76615345587563,-5.74017979165998,
-5.71420612744432,-5.66225879901301,-5.6103114705817,-5.58433780636604,
-5.53239047793473,-5.50641681371907,-5.48044314950342,-5.45446948528776,
-5.40252215685645,-5.29862749999383,-5.1947328431312,-4.98694352940595,
-4.84841732025579,-4.79646999182448,-4.70989111110562,-4.64062800653054,
-4.43283869280529,-4.15578627450496,-3.6016814379043,-3.32462901960397,
-2.49347176470298,-1.66231450980198,-1.45452519607674,-1.24673588235149,
-1.03894656862624,-0.986999240194928,-0.831157254900992,-0.727262598038368,
-0.623367941175744,-0.415578627450496,-0.207789313725248,0.),
 .UNSPECIFIED.);
#687=B_SPLINE_CURVE_WITH_KNOTS('',3,(#4644,#4645,#4646,#4647),
 .UNSPECIFIED.,.F.,.F.,(4,4),(0.,0.585993325338193),.UNSPECIFIED.);
#688=B_SPLINE_CURVE_WITH_KNOTS('',3,(#4721,#4722,#4723,#4724),
 .UNSPECIFIED.,.F.,.F.,(4,4),(0.,0.657950058596496),.UNSPECIFIED.);
#689=B_SPLINE_CURVE_WITH_KNOTS('',3,(#4725,#4726,#4727,#4728,#4729,#4730,
#4731,#4732,#4733,#4734,#4735,#4736,#4737,#4738,#4739,#4740,#4741,#4742,
#4743,#4744,#4745,#4746,#4747,#4748,#4749,#4750,#4751,#4752,#4753,#4754,
#4755,#4756,#4757,#4758,#4759,#4760,#4761,#4762,#4763,#4764,#4765,#4766,
#4767,#4768,#4769,#4770),.UNSPECIFIED.,.F.,.F.,(4,3,3,3,3,3,3,3,3,3,3,3,
3,3,3,4),(-0.328239962333431,-0.327573408612517,-0.326906854891602,-0.326573578031145,
-0.326240301170687,-0.325573747449772,-0.325240470589315,-0.324907193728858,
-0.324240640007943,-0.323740724717257,-0.323574086287028,-0.322907532566114,
-0.322240978845199,-0.321574425124284,-0.320241317682455,-0.318908210240625),
 .UNSPECIFIED.);
#690=B_SPLINE_CURVE_WITH_KNOTS('',3,(#4775,#4776,#4777,#4778,#4779,#4780),
 .UNSPECIFIED.,.F.,.F.,(4,2,4),(-0.105149801528045,-0.0560248235344568,
0.),.UNSPECIFIED.);
#691=B_SPLINE_CURVE_WITH_KNOTS('',3,(#4787,#4788,#4789,#4790,#4791,#4792,
#4793,#4794,#4795,#4796,#4797,#4798,#4799,#4800,#4801,#4802,#4803,#4804),
 .UNSPECIFIED.,.F.,.F.,(4,2,2,2,2,2,2,2,4),(2.37014780337146,2.44418739074678,
2.5182269781221,2.59227842445008,2.66632987077807,2.74039926903835,2.81446866729863,
2.88856052082997,2.96265237436131),.UNSPECIFIED.);
#692=B_SPLINE_CURVE_WITH_KNOTS('',3,(#4808,#4809,#4810,#4811,#4812,#4813,
#4814,#4815,#4816,#4817,#4818,#4819,#4820,#4821,#4822,#4823,#4824,#4825),
 .UNSPECIFIED.,.F.,.F.,(4,2,2,2,2,2,2,2,4),(1.7776432323816,1.85173508591294,
1.92582693944428,1.99989633770457,2.07396573596485,2.14801718229283,2.22206862862082,
2.29610821599614,2.37014780337146),.UNSPECIFIED.);
#693=B_SPLINE_CURVE_WITH_KNOTS('',3,(#4833,#4834,#4835,#4836,#4837,#4838,
#4839,#4840,#4841,#4842,#4843,#4844,#4845,#4846,#4847,#4848),
 .UNSPECIFIED.,.F.,.F.,(4,2,2,2,2,2,2,4),(7.74076627323577,7.96286599743401,
8.18496572163225,8.40710007926648,8.62923443690072,8.85145615936444,9.07367788182817,
9.23403778265921),.UNSPECIFIED.);
#694=B_SPLINE_CURVE_WITH_KNOTS('',3,(#4910,#4911,#4912,#4913),
 .UNSPECIFIED.,.F.,.F.,(4,4),(0.,0.657950058596495),.UNSPECIFIED.);
#695=B_SPLINE_CURVE_WITH_KNOTS('',3,(#4986,#4987,#4988,#4989,#4990,#4991,
#4992,#4993,#4994,#4995,#4996,#4997,#4998,#4999,#5000,#5001,#5002,#5003,
#5004,#5005,#5006,#5007,#5008,#5009,#5010,#5011,#5012,#5013,#5014,#5015,
#5016,#5017,#5018,#5019,#5020,#5021,#5022,#5023,#5024,#5025,#5026,#5027,
#5028,#5029,#5030,#5031),.UNSPECIFIED.,.F.,.F.,(4,3,3,3,3,3,3,3,3,3,3,3,
3,3,3,4),(-0.328239962333431,-0.327573408612517,-0.326906854891602,-0.326573578031145,
-0.326240301170687,-0.325573747449772,-0.325240470589315,-0.324907193728858,
-0.324240640007943,-0.323740724717257,-0.323574086287028,-0.322907532566114,
-0.322240978845199,-0.321574425124284,-0.320241317682455,-0.318908210240625),
 .UNSPECIFIED.);
#696=B_SPLINE_CURVE_WITH_KNOTS('',3,(#5128,#5129,#5130,#5131,#5132,#5133,
#5134,#5135),.UNSPECIFIED.,.F.,.F.,(4,2,2,4),(1.08698391498849,1.24734381581953,
1.46956553828325,1.50756211839522),.UNSPECIFIED.);
#697=B_SPLINE_CURVE_WITH_KNOTS('',3,(#5137,#5138,#5139,#5140,#5141,#5142,
#5143),.UNSPECIFIED.,.F.,.F.,(4,3,4),(-0.0492981622669857,0.,0.0492981622939955),
 .UNSPECIFIED.);
#698=B_SPLINE_CURVE_WITH_KNOTS('',3,(#5145,#5146,#5147,#5148,#5149,#5150,
#5151,#5152),.UNSPECIFIED.,.F.,.F.,(4,2,2,4),(8.81345957925247,8.85145615936444,
9.07367788182817,9.23403778265921),.UNSPECIFIED.);
#699=B_SPLINE_CURVE_WITH_KNOTS('',3,(#5156,#5157,#5158,#5159,#5160,#5161,
#5162,#5163,#5164,#5165,#5166,#5167,#5168,#5169,#5170,#5171),
 .UNSPECIFIED.,.F.,.F.,(4,2,2,2,2,2,2,4),(1.08698391498849,1.24734381581953,
1.46956553828325,1.69178726074698,1.91392161838121,2.13605597601545,2.35815570021369,
2.58025542441192),.UNSPECIFIED.);
#700=B_SPLINE_CURVE_WITH_KNOTS('',3,(#5175,#5176,#5177,#5178,#5179,#5180,
#5181,#5182,#5183,#5184,#5185,#5186,#5187,#5188),.UNSPECIFIED.,.F.,.F.,
(4,2,2,2,2,2,4),(0.,0.0744548007875517,0.192216369522984,0.383202605972555,
0.472796651605759,0.530234172530767,0.540155172220959),.UNSPECIFIED.);
#701=B_SPLINE_CURVE_WITH_KNOTS('',3,(#5190,#5191,#5192,#5193,#5194,#5195,
#5196,#5197,#5198,#5199,#5200,#5201,#5202,#5203),.UNSPECIFIED.,.F.,.F.,
(4,2,2,2,2,2,4),(0.540155172220959,0.580917828546665,0.640911756165661,
0.738717310151467,0.855598325122824,0.923085956067877,0.981950283612462),
 .UNSPECIFIED.);
#702=B_SPLINE_CURVE_WITH_KNOTS('',3,(#5207,#5208,#5209,#5210),
 .UNSPECIFIED.,.F.,.F.,(4,4),(6.01318100935847,6.13077742357183),
 .UNSPECIFIED.);
#703=B_SPLINE_CURVE_WITH_KNOTS('',3,(#5212,#5213,#5214,#5215,#5216,#5217),
 .UNSPECIFIED.,.F.,.F.,(4,2,4),(8.99909156384465,9.16336573892729,9.44218133684192),
 .UNSPECIFIED.);
#704=B_SPLINE_CURVE_WITH_KNOTS('',3,(#5219,#5220,#5221,#5222,#5223,#5224,
#5225,#5226,#5227,#5228),.UNSPECIFIED.,.F.,.F.,(4,2,2,2,4),(3.01957852351169,
3.06836037245903,3.2475482532454,3.42673613403177,3.52135920978853),
 .UNSPECIFIED.);
#705=B_SPLINE_CURVE_WITH_KNOTS('',3,(#5230,#5231,#5232,#5233),
 .UNSPECIFIED.,.F.,.F.,(4,4),(0.942207345598305,1.05892536904501),
 .UNSPECIFIED.);
#706=B_SPLINE_CURVE_WITH_KNOTS('',3,(#5262,#5263,#5264,#5265),
 .UNSPECIFIED.,.F.,.F.,(4,4),(2.63627508583632,2.67399144828769),
 .UNSPECIFIED.);
#707=B_SPLINE_CURVE_WITH_KNOTS('',3,(#5266,#5267,#5268,#5269,#5270,#5271,
#5272,#5273,#5274,#5275,#5276,#5277,#5278,#5279,#5280,#5281,#5282,#5283,
#5284,#5285,#5286,#5287),.UNSPECIFIED.,.F.,.F.,(4,2,2,2,2,2,2,2,2,2,4),
(0.,0.118823578124235,0.237647156248469,0.417296978567332,0.596946800886194,
0.836164583408941,1.07538236593169,1.24474897553635,1.2908723498401,1.33699572414384,
1.37437963173941),.UNSPECIFIED.);
#708=B_SPLINE_CURVE_WITH_KNOTS('',3,(#5290,#5291,#5292,#5293,#5294,#5295,
#5296,#5297,#5298,#5299,#5300,#5301,#5302,#5303,#5304,#5305,#5306,#5307,
#5308,#5309,#5310,#5311,#5312,#5313,#5314,#5315,#5316,#5317,#5318,#5319),
 .UNSPECIFIED.,.F.,.F.,(4,2,2,2,2,2,2,2,2,2,2,2,2,2,4),(0.,0.118823578124235,
0.237647156248469,0.417296978567332,0.596946800886194,0.836164583408942,
1.07538236593169,1.24474897553635,1.2908723498401,1.33699572414384,1.38311909844759,
1.42924247275134,1.598609082356,1.83782686487875,2.07704464740149),
 .UNSPECIFIED.);
#709=B_SPLINE_CURVE_WITH_KNOTS('',3,(#5320,#5321,#5322,#5323,#5324,#5325,
#5326,#5327,#5328,#5329),.UNSPECIFIED.,.F.,.F.,(4,2,2,2,4),(2.07704464740149,
2.25669446972036,2.43634429203922,2.55516787016346,2.67399144828769),
 .UNSPECIFIED.);
#710=B_SPLINE_CURVE_WITH_KNOTS('',3,(#5332,#5333,#5334,#5335,#5336,#5337,
#5338,#5339,#5340,#5341,#5342,#5343,#5344,#5345,#5346,#5347,#5348,#5349,
#5350,#5351,#5352,#5353,#5354,#5355,#5356,#5357,#5358,#5359,#5360,#5361),
 .UNSPECIFIED.,.F.,.F.,(4,2,2,2,2,2,2,2,2,2,2,2,2,2,4),(0.,0.118823578124235,
0.237647156248469,0.417296978567332,0.596946800886194,0.836164583408942,
1.07538236593169,1.24474897553635,1.2908723498401,1.33699572414384,1.38311909844759,
1.42924247275134,1.598609082356,1.83782686487875,2.07704464740149),
 .UNSPECIFIED.);
#711=B_SPLINE_CURVE_WITH_KNOTS('',3,(#5362,#5363,#5364,#5365,#5366,#5367,
#5368,#5369,#5370,#5371),.UNSPECIFIED.,.F.,.F.,(4,2,2,2,4),(2.07704464740149,
2.25669446972036,2.43634429203922,2.55516787016346,2.67399144828769),
 .UNSPECIFIED.);
#712=B_SPLINE_CURVE_WITH_KNOTS('',3,(#5374,#5375,#5376,#5377,#5378,#5379,
#5380,#5381,#5382,#5383,#5384,#5385,#5386,#5387,#5388,#5389,#5390,#5391,
#5392,#5393,#5394,#5395,#5396,#5397,#5398,#5399,#5400,#5401,#5402,#5403),
 .UNSPECIFIED.,.F.,.F.,(4,2,2,2,2,2,2,2,2,2,2,2,2,2,4),(0.,0.118823578124235,
0.23764715624847,0.417296978567332,0.596946800886195,0.836164583408942,
1.07538236593169,1.24474897553635,1.2908723498401,1.33699572414385,1.38311909844759,
1.42924247275134,1.598609082356,1.83782686487875,2.0770446474015),
 .UNSPECIFIED.);
#713=B_SPLINE_CURVE_WITH_KNOTS('',3,(#5404,#5405,#5406,#5407,#5408,#5409,
#5410,#5411,#5412,#5413),.UNSPECIFIED.,.F.,.F.,(4,2,2,2,4),(2.0770446474015,
2.25669446972036,2.43634429203922,2.55516787016346,2.67399144828769),
 .UNSPECIFIED.);
#714=CIRCLE('',#1938,3.);
#715=CIRCLE('',#1939,3.);
#716=CIRCLE('',#1940,3.);
#717=CIRCLE('',#1941,3.);
#718=CIRCLE('',#1942,3.);
#719=CIRCLE('',#1943,3.00000000000001);
#720=CIRCLE('',#1944,3.);
#721=CIRCLE('',#1945,3.);
#722=CIRCLE('',#1949,3.00000000000001);
#723=CIRCLE('',#1950,3.);
#724=CIRCLE('',#1951,3.);
#725=CIRCLE('',#1952,3.);
#726=CIRCLE('',#1953,3.);
#727=CIRCLE('',#1954,2.99999999999999);
#728=CIRCLE('',#1955,3.);
#729=CIRCLE('',#1956,3.);
#730=CIRCLE('',#1962,20.);
#731=CIRCLE('',#1963,20.);
#732=CIRCLE('',#1964,16.);
#733=CIRCLE('',#1965,20.);
#734=CIRCLE('',#1967,1.65);
#735=CIRCLE('',#1968,1.65);
#736=CIRCLE('',#1969,1.65);
#737=CIRCLE('',#1970,1.65);
#738=CIRCLE('',#1972,11.);
#739=CIRCLE('',#1973,11.);
#740=CIRCLE('',#1981,20.);
#741=CIRCLE('',#1982,20.);
#742=CIRCLE('',#1992,11.);
#743=CIRCLE('',#1999,11.);
#744=CIRCLE('',#2000,20.);
#745=CIRCLE('',#2002,20.);
#746=CIRCLE('',#2003,20.);
#747=CIRCLE('',#2006,20.);
#748=CIRCLE('',#2008,11.);
#749=CIRCLE('',#2009,11.);
#750=CIRCLE('',#2010,20.);
#751=CIRCLE('',#2011,20.);
#752=CIRCLE('',#2012,20.);
#753=CIRCLE('',#2014,1.65);
#754=CIRCLE('',#2015,1.65);
#755=CIRCLE('',#2016,1.65);
#756=CIRCLE('',#2017,1.65);
#757=CIRCLE('',#2043,1.65);
#758=CIRCLE('',#2051,1.65);
#759=CIRCLE('',#2059,1.65);
#760=CIRCLE('',#2067,1.65);
#761=CIRCLE('',#2069,3.25);
#762=CIRCLE('',#2071,1.65);
#763=CIRCLE('',#2073,3.25);
#764=CIRCLE('',#2075,1.65);
#765=CIRCLE('',#2077,3.25);
#766=CIRCLE('',#2079,1.65);
#767=CIRCLE('',#2081,3.25);
#768=CIRCLE('',#2083,1.65);
#769=VERTEX_POINT('',#2601);
#770=VERTEX_POINT('',#2602);
#771=VERTEX_POINT('',#2604);
#772=VERTEX_POINT('',#2618);
#773=VERTEX_POINT('',#2653);
#774=VERTEX_POINT('',#2654);
#775=VERTEX_POINT('',#2784);
#776=VERTEX_POINT('',#2809);
#777=VERTEX_POINT('',#2855);
#778=VERTEX_POINT('',#2860);
#779=VERTEX_POINT('',#2921);
#780=VERTEX_POINT('',#2933);
#781=VERTEX_POINT('',#2966);
#782=VERTEX_POINT('',#2971);
#783=VERTEX_POINT('',#3017);
#784=VERTEX_POINT('',#3018);
#785=VERTEX_POINT('',#3061);
#786=VERTEX_POINT('',#3062);
#787=VERTEX_POINT('',#3107);
#788=VERTEX_POINT('',#3108);
#789=VERTEX_POINT('',#3129);
#790=VERTEX_POINT('',#3334);
#791=VERTEX_POINT('',#3534);
#792=VERTEX_POINT('',#3613);
#793=VERTEX_POINT('',#3614);
#794=VERTEX_POINT('',#3622);
#795=VERTEX_POINT('',#3627);
#796=VERTEX_POINT('',#3673);
#797=VERTEX_POINT('',#3682);
#798=VERTEX_POINT('',#3712);
#799=VERTEX_POINT('',#3713);
#800=VERTEX_POINT('',#3768);
#801=VERTEX_POINT('',#3778);
#802=VERTEX_POINT('',#3809);
#803=VERTEX_POINT('',#3810);
#804=VERTEX_POINT('',#3945);
#805=VERTEX_POINT('',#3946);
#806=VERTEX_POINT('',#4018);
#807=VERTEX_POINT('',#4019);
#808=VERTEX_POINT('',#4104);
#809=VERTEX_POINT('',#4105);
#810=VERTEX_POINT('',#4157);
#811=VERTEX_POINT('',#4158);
#812=VERTEX_POINT('',#4175);
#813=VERTEX_POINT('',#4177);
#814=VERTEX_POINT('',#4182);
#815=VERTEX_POINT('',#4270);
#816=VERTEX_POINT('',#4528);
#817=VERTEX_POINT('',#4720);
#818=VERTEX_POINT('',#4772);
#819=VERTEX_POINT('',#4774);
#820=VERTEX_POINT('',#4784);
#821=VERTEX_POINT('',#4786);
#822=VERTEX_POINT('',#4805);
#823=VERTEX_POINT('',#4807);
#824=VERTEX_POINT('',#4828);
#825=VERTEX_POINT('',#4830);
#826=VERTEX_POINT('',#4832);
#827=VERTEX_POINT('',#4850);
#828=VERTEX_POINT('',#4852);
#829=VERTEX_POINT('',#4854);
#830=VERTEX_POINT('',#4856);
#831=VERTEX_POINT('',#4859);
#832=VERTEX_POINT('',#4861);
#833=VERTEX_POINT('',#4863);
#834=VERTEX_POINT('',#4865);
#835=VERTEX_POINT('',#4867);
#836=VERTEX_POINT('',#4871);
#837=VERTEX_POINT('',#4873);
#838=VERTEX_POINT('',#4877);
#839=VERTEX_POINT('',#4879);
#840=VERTEX_POINT('',#4887);
#841=VERTEX_POINT('',#4889);
#842=VERTEX_POINT('',#4893);
#843=VERTEX_POINT('',#4895);
#844=VERTEX_POINT('',#4899);
#845=VERTEX_POINT('',#4901);
#846=VERTEX_POINT('',#4906);
#847=VERTEX_POINT('',#5034);
#848=VERTEX_POINT('',#5035);
#849=VERTEX_POINT('',#5037);
#850=VERTEX_POINT('',#5039);
#851=VERTEX_POINT('',#5043);
#852=VERTEX_POINT('',#5045);
#853=VERTEX_POINT('',#5049);
#854=VERTEX_POINT('',#5051);
#855=VERTEX_POINT('',#5055);
#856=VERTEX_POINT('',#5056);
#857=VERTEX_POINT('',#5058);
#858=VERTEX_POINT('',#5060);
#859=VERTEX_POINT('',#5064);
#860=VERTEX_POINT('',#5069);
#861=VERTEX_POINT('',#5073);
#862=VERTEX_POINT('',#5074);
#863=VERTEX_POINT('',#5082);
#864=VERTEX_POINT('',#5084);
#865=VERTEX_POINT('',#5089);
#866=VERTEX_POINT('',#5093);
#867=VERTEX_POINT('',#5125);
#868=VERTEX_POINT('',#5127);
#869=VERTEX_POINT('',#5136);
#870=VERTEX_POINT('',#5144);
#871=VERTEX_POINT('',#5153);
#872=VERTEX_POINT('',#5155);
#873=VERTEX_POINT('',#5172);
#874=VERTEX_POINT('',#5174);
#875=VERTEX_POINT('',#5189);
#876=VERTEX_POINT('',#5204);
#877=VERTEX_POINT('',#5206);
#878=VERTEX_POINT('',#5211);
#879=VERTEX_POINT('',#5218);
#880=VERTEX_POINT('',#5229);
#881=VERTEX_POINT('',#5238);
#882=VERTEX_POINT('',#5240);
#883=VERTEX_POINT('',#5242);
#884=VERTEX_POINT('',#5244);
#885=VERTEX_POINT('',#5254);
#886=VERTEX_POINT('',#5256);
#887=VERTEX_POINT('',#5258);
#888=VERTEX_POINT('',#5261);
#889=VERTEX_POINT('',#5288);
#890=VERTEX_POINT('',#5289);
#891=VERTEX_POINT('',#5330);
#892=VERTEX_POINT('',#5331);
#893=VERTEX_POINT('',#5372);
#894=VERTEX_POINT('',#5373);
#895=VERTEX_POINT('',#5414);
#896=VERTEX_POINT('',#5415);
#897=VERTEX_POINT('',#5417);
#898=VERTEX_POINT('',#5419);
#899=VERTEX_POINT('',#5421);
#900=VERTEX_POINT('',#5423);
#901=VERTEX_POINT('',#5426);
#902=VERTEX_POINT('',#5427);
#903=VERTEX_POINT('',#5429);
#904=VERTEX_POINT('',#5431);
#905=VERTEX_POINT('',#5433);
#906=VERTEX_POINT('',#5435);
#907=VERTEX_POINT('',#5438);
#908=VERTEX_POINT('',#5439);
#909=VERTEX_POINT('',#5441);
#910=VERTEX_POINT('',#5443);
#911=VERTEX_POINT('',#5445);
#912=VERTEX_POINT('',#5447);
#913=VERTEX_POINT('',#5451);
#914=VERTEX_POINT('',#5453);
#915=VERTEX_POINT('',#5457);
#916=VERTEX_POINT('',#5461);
#917=VERTEX_POINT('',#5465);
#918=VERTEX_POINT('',#5469);
#919=VERTEX_POINT('',#5475);
#920=VERTEX_POINT('',#5478);
#921=VERTEX_POINT('',#5480);
#922=VERTEX_POINT('',#5484);
#923=VERTEX_POINT('',#5488);
#924=VERTEX_POINT('',#5492);
#925=VERTEX_POINT('',#5496);
#926=VERTEX_POINT('',#5502);
#927=VERTEX_POINT('',#5505);
#928=VERTEX_POINT('',#5507);
#929=VERTEX_POINT('',#5511);
#930=VERTEX_POINT('',#5515);
#931=VERTEX_POINT('',#5519);
#932=VERTEX_POINT('',#5523);
#933=VERTEX_POINT('',#5529);
#934=VERTEX_POINT('',#5532);
#935=VERTEX_POINT('',#5534);
#936=VERTEX_POINT('',#5538);
#937=VERTEX_POINT('',#5542);
#938=VERTEX_POINT('',#5546);
#939=VERTEX_POINT('',#5550);
#940=VERTEX_POINT('',#5556);
#941=VERTEX_POINT('',#5559);
#942=VERTEX_POINT('',#5563);
#943=VERTEX_POINT('',#5566);
#944=VERTEX_POINT('',#5570);
#945=VERTEX_POINT('',#5573);
#946=VERTEX_POINT('',#5577);
#947=VERTEX_POINT('',#5580);
#948=VERTEX_POINT('',#5584);
#949=EDGE_CURVE('',#769,#770,#714,.T.);
#950=EDGE_CURVE('',#770,#771,#633,.T.);
#951=EDGE_CURVE('',#771,#772,#715,.T.);
#952=EDGE_CURVE('',#772,#769,#634,.T.);
#953=EDGE_CURVE('',#773,#774,#716,.T.);
#954=EDGE_CURVE('',#774,#770,#635,.T.);
#955=EDGE_CURVE('',#769,#773,#636,.T.);
#956=EDGE_CURVE('',#773,#775,#637,.T.);
#957=EDGE_CURVE('',#775,#776,#717,.T.);
#958=EDGE_CURVE('',#776,#774,#638,.T.);
#959=EDGE_CURVE('',#775,#777,#639,.T.);
#960=EDGE_CURVE('',#777,#778,#718,.T.);
#961=EDGE_CURVE('',#778,#776,#640,.T.);
#962=EDGE_CURVE('',#777,#779,#641,.T.);
#963=EDGE_CURVE('',#779,#780,#719,.T.);
#964=EDGE_CURVE('',#780,#778,#642,.T.);
#965=EDGE_CURVE('',#779,#781,#643,.T.);
#966=EDGE_CURVE('',#781,#782,#720,.T.);
#967=EDGE_CURVE('',#782,#780,#644,.T.);
#968=EDGE_CURVE('',#783,#784,#721,.T.);
#969=EDGE_CURVE('',#784,#782,#645,.T.);
#970=EDGE_CURVE('',#781,#783,#646,.T.);
#971=EDGE_CURVE('',#785,#786,#647,.T.);
#972=EDGE_CURVE('',#786,#784,#648,.T.);
#973=EDGE_CURVE('',#783,#785,#649,.T.);
#974=EDGE_CURVE('',#787,#788,#650,.T.);
#975=EDGE_CURVE('',#788,#772,#651,.T.);
#976=EDGE_CURVE('',#771,#787,#652,.T.);
#977=EDGE_CURVE('',#789,#775,#653,.T.);
#978=EDGE_CURVE('',#789,#781,#654,.T.);
#979=EDGE_CURVE('',#790,#773,#655,.T.);
#980=EDGE_CURVE('',#790,#789,#656,.T.);
#981=EDGE_CURVE('',#790,#769,#657,.T.);
#982=EDGE_CURVE('',#791,#772,#658,.T.);
#983=EDGE_CURVE('',#791,#790,#659,.T.);
#984=EDGE_CURVE('',#791,#788,#132,.T.);
#985=EDGE_CURVE('',#792,#793,#660,.F.);
#986=EDGE_CURVE('',#792,#794,#661,.T.);
#987=EDGE_CURVE('',#794,#795,#722,.T.);
#988=EDGE_CURVE('',#795,#793,#662,.T.);
#989=EDGE_CURVE('',#794,#796,#663,.T.);
#990=EDGE_CURVE('',#796,#797,#723,.T.);
#991=EDGE_CURVE('',#797,#795,#664,.T.);
#992=EDGE_CURVE('',#798,#799,#724,.T.);
#993=EDGE_CURVE('',#799,#797,#665,.T.);
#994=EDGE_CURVE('',#796,#798,#666,.T.);
#995=EDGE_CURVE('',#798,#800,#667,.T.);
#996=EDGE_CURVE('',#800,#801,#725,.T.);
#997=EDGE_CURVE('',#801,#799,#668,.T.);
#998=EDGE_CURVE('',#802,#803,#726,.T.);
#999=EDGE_CURVE('',#803,#801,#669,.T.);
#1000=EDGE_CURVE('',#800,#802,#670,.T.);
#1001=EDGE_CURVE('',#804,#805,#727,.T.);
#1002=EDGE_CURVE('',#805,#803,#671,.T.);
#1003=EDGE_CURVE('',#802,#804,#672,.T.);
#1004=EDGE_CURVE('',#806,#807,#728,.T.);
#1005=EDGE_CURVE('',#807,#805,#673,.T.);
#1006=EDGE_CURVE('',#804,#806,#674,.T.);
#1007=EDGE_CURVE('',#808,#809,#729,.T.);
#1008=EDGE_CURVE('',#809,#807,#675,.T.);
#1009=EDGE_CURVE('',#806,#808,#676,.T.);
#1010=EDGE_CURVE('',#810,#811,#677,.T.);
#1011=EDGE_CURVE('',#811,#809,#678,.T.);
#1012=EDGE_CURVE('',#808,#810,#679,.T.);
#1013=EDGE_CURVE('',#812,#810,#133,.T.);
#1014=EDGE_CURVE('',#813,#808,#680,.T.);
#1015=EDGE_CURVE('',#813,#814,#134,.T.);
#1016=EDGE_CURVE('',#812,#814,#681,.T.);
#1017=EDGE_CURVE('',#815,#806,#682,.T.);
#1018=EDGE_CURVE('',#813,#815,#683,.T.);
#1019=EDGE_CURVE('',#815,#804,#684,.T.);
#1020=EDGE_CURVE('',#816,#802,#685,.T.);
#1021=EDGE_CURVE('',#815,#816,#686,.T.);
#1022=EDGE_CURVE('',#816,#796,#687,.T.);
#1023=EDGE_CURVE('',#817,#794,#688,.T.);
#1024=EDGE_CURVE('',#816,#817,#689,.T.);
#1025=EDGE_CURVE('',#792,#818,#135,.T.);
#1026=EDGE_CURVE('',#819,#818,#690,.T.);
#1027=EDGE_CURVE('',#817,#819,#136,.T.);
#1028=EDGE_CURVE('',#780,#799,#730,.T.);
#1029=EDGE_CURVE('',#801,#820,#731,.T.);
#1030=EDGE_CURVE('',#820,#821,#691,.T.);
#1031=EDGE_CURVE('',#821,#822,#732,.T.);
#1032=EDGE_CURVE('',#822,#823,#692,.T.);
#1033=EDGE_CURVE('',#823,#778,#733,.T.);
#1034=EDGE_CURVE('',#824,#822,#137,.T.);
#1035=EDGE_CURVE('',#825,#824,#138,.T.);
#1036=EDGE_CURVE('',#826,#825,#693,.T.);
#1037=EDGE_CURVE('',#826,#823,#139,.T.);
#1038=EDGE_CURVE('',#827,#827,#734,.T.);
#1039=EDGE_CURVE('',#828,#828,#735,.T.);
#1040=EDGE_CURVE('',#829,#829,#736,.T.);
#1041=EDGE_CURVE('',#830,#830,#737,.T.);
#1042=EDGE_CURVE('',#821,#831,#140,.T.);
#1043=EDGE_CURVE('',#831,#832,#738,.T.);
#1044=EDGE_CURVE('',#832,#833,#141,.T.);
#1045=EDGE_CURVE('',#833,#834,#142,.T.);
#1046=EDGE_CURVE('',#834,#835,#143,.T.);
#1047=EDGE_CURVE('',#835,#824,#739,.T.);
#1048=EDGE_CURVE('',#814,#836,#32,.T.);
#1049=EDGE_CURVE('',#837,#813,#144,.T.);
#1050=EDGE_CURVE('',#837,#836,#145,.T.);
#1051=EDGE_CURVE('',#836,#838,#146,.T.);
#1052=EDGE_CURVE('',#839,#837,#147,.T.);
#1053=EDGE_CURVE('',#839,#838,#148,.T.);
#1054=EDGE_CURVE('',#838,#819,#33,.T.);
#1055=EDGE_CURVE('',#817,#839,#149,.T.);
#1056=EDGE_CURVE('',#840,#812,#740,.T.);
#1057=EDGE_CURVE('',#818,#841,#741,.T.);
#1058=EDGE_CURVE('',#841,#840,#150,.T.);
#1059=EDGE_CURVE('',#842,#787,#34,.T.);
#1060=EDGE_CURVE('',#843,#842,#151,.T.);
#1061=EDGE_CURVE('',#843,#791,#152,.T.);
#1062=EDGE_CURVE('',#844,#842,#153,.T.);
#1063=EDGE_CURVE('',#845,#844,#154,.T.);
#1064=EDGE_CURVE('',#845,#843,#155,.T.);
#1065=EDGE_CURVE('',#786,#844,#35,.T.);
#1066=EDGE_CURVE('',#846,#785,#156,.T.);
#1067=EDGE_CURVE('',#846,#845,#157,.T.);
#1068=EDGE_CURVE('',#846,#783,#694,.T.);
#1069=EDGE_CURVE('',#789,#846,#695,.T.);
#1070=EDGE_CURVE('',#847,#848,#158,.T.);
#1071=EDGE_CURVE('',#849,#847,#159,.T.);
#1072=EDGE_CURVE('',#849,#850,#160,.T.);
#1073=EDGE_CURVE('',#850,#848,#161,.T.);
#1074=EDGE_CURVE('',#849,#851,#162,.T.);
#1075=EDGE_CURVE('',#852,#847,#742,.T.);
#1076=EDGE_CURVE('',#852,#851,#163,.T.);
#1077=EDGE_CURVE('',#853,#852,#164,.T.);
#1078=EDGE_CURVE('',#853,#854,#165,.T.);
#1079=EDGE_CURVE('',#851,#854,#166,.T.);
#1080=EDGE_CURVE('',#855,#856,#167,.T.);
#1081=EDGE_CURVE('',#857,#855,#168,.T.);
#1082=EDGE_CURVE('',#858,#857,#169,.T.);
#1083=EDGE_CURVE('',#858,#856,#170,.T.);
#1084=EDGE_CURVE('',#859,#849,#171,.T.);
#1085=EDGE_CURVE('',#855,#859,#172,.T.);
#1086=EDGE_CURVE('',#856,#850,#173,.T.);
#1087=EDGE_CURVE('',#860,#851,#174,.T.);
#1088=EDGE_CURVE('',#859,#860,#175,.T.);
#1089=EDGE_CURVE('',#861,#862,#176,.T.);
#1090=EDGE_CURVE('',#860,#861,#177,.T.);
#1091=EDGE_CURVE('',#854,#862,#178,.T.);
#1092=EDGE_CURVE('',#848,#853,#743,.T.);
#1093=EDGE_CURVE('',#862,#858,#744,.T.);
#1094=EDGE_CURVE('',#863,#861,#745,.T.);
#1095=EDGE_CURVE('',#864,#863,#179,.T.);
#1096=EDGE_CURVE('',#864,#841,#180,.T.);
#1097=EDGE_CURVE('',#857,#793,#746,.T.);
#1098=EDGE_CURVE('',#865,#864,#181,.T.);
#1099=EDGE_CURVE('',#840,#865,#182,.T.);
#1100=EDGE_CURVE('',#865,#866,#183,.T.);
#1101=EDGE_CURVE('',#811,#866,#747,.T.);
#1102=EDGE_CURVE('',#866,#863,#184,.T.);
#1103=EDGE_CURVE('',#867,#825,#748,.T.);
#1104=EDGE_CURVE('',#867,#868,#696,.T.);
#1105=EDGE_CURVE('',#868,#869,#697,.T.);
#1106=EDGE_CURVE('',#869,#870,#698,.T.);
#1107=EDGE_CURVE('',#871,#870,#749,.T.);
#1108=EDGE_CURVE('',#871,#872,#699,.T.);
#1109=EDGE_CURVE('',#872,#873,#750,.T.);
#1110=EDGE_CURVE('',#873,#874,#700,.T.);
#1111=EDGE_CURVE('',#874,#875,#701,.T.);
#1112=EDGE_CURVE('',#875,#876,#751,.T.);
#1113=EDGE_CURVE('',#876,#877,#702,.T.);
#1114=EDGE_CURVE('',#877,#878,#703,.T.);
#1115=EDGE_CURVE('',#878,#879,#704,.T.);
#1116=EDGE_CURVE('',#879,#880,#705,.T.);
#1117=EDGE_CURVE('',#880,#826,#752,.T.);
#1118=EDGE_CURVE('',#872,#820,#185,.T.);
#1119=EDGE_CURVE('',#831,#871,#186,.T.);
#1120=EDGE_CURVE('',#881,#881,#753,.T.);
#1121=EDGE_CURVE('',#882,#882,#754,.T.);
#1122=EDGE_CURVE('',#883,#883,#755,.T.);
#1123=EDGE_CURVE('',#884,#884,#756,.T.);
#1124=EDGE_CURVE('',#833,#869,#187,.T.);
#1125=EDGE_CURVE('',#870,#832,#188,.T.);
#1126=EDGE_CURVE('',#868,#834,#189,.T.);
#1127=EDGE_CURVE('',#835,#867,#190,.T.);
#1128=EDGE_CURVE('',#880,#885,#191,.T.);
#1129=EDGE_CURVE('',#885,#886,#36,.T.);
#1130=EDGE_CURVE('',#886,#887,#37,.T.);
#1131=EDGE_CURVE('',#887,#876,#192,.T.);
#1132=EDGE_CURVE('',#875,#888,#706,.T.);
#1133=EDGE_CURVE('',#888,#873,#707,.T.);
#1134=EDGE_CURVE('',#889,#890,#708,.T.);
#1135=EDGE_CURVE('',#890,#889,#709,.T.);
#1136=EDGE_CURVE('',#891,#892,#710,.T.);
#1137=EDGE_CURVE('',#892,#891,#711,.T.);
#1138=EDGE_CURVE('',#893,#894,#712,.T.);
#1139=EDGE_CURVE('',#894,#893,#713,.T.);
#1140=EDGE_CURVE('',#895,#896,#38,.T.);
#1141=EDGE_CURVE('',#896,#897,#39,.T.);
#1142=EDGE_CURVE('',#897,#898,#193,.T.);
#1143=EDGE_CURVE('',#898,#899,#40,.T.);
#1144=EDGE_CURVE('',#899,#900,#41,.T.);
#1145=EDGE_CURVE('',#900,#895,#194,.T.);
#1146=EDGE_CURVE('',#901,#902,#42,.T.);
#1147=EDGE_CURVE('',#902,#903,#195,.T.);
#1148=EDGE_CURVE('',#903,#904,#43,.T.);
#1149=EDGE_CURVE('',#904,#905,#44,.T.);
#1150=EDGE_CURVE('',#905,#906,#196,.T.);
#1151=EDGE_CURVE('',#906,#901,#45,.T.);
#1152=EDGE_CURVE('',#907,#908,#46,.T.);
#1153=EDGE_CURVE('',#908,#909,#197,.T.);
#1154=EDGE_CURVE('',#909,#910,#47,.T.);
#1155=EDGE_CURVE('',#910,#911,#48,.T.);
#1156=EDGE_CURVE('',#911,#912,#198,.T.);
#1157=EDGE_CURVE('',#912,#907,#49,.T.);
#1158=EDGE_CURVE('',#913,#910,#199,.T.);
#1159=EDGE_CURVE('',#913,#914,#200,.T.);
#1160=EDGE_CURVE('',#914,#911,#201,.T.);
#1161=EDGE_CURVE('',#914,#915,#202,.T.);
#1162=EDGE_CURVE('',#915,#912,#203,.T.);
#1163=EDGE_CURVE('',#915,#916,#204,.T.);
#1164=EDGE_CURVE('',#916,#907,#205,.T.);
#1165=EDGE_CURVE('',#916,#917,#206,.T.);
#1166=EDGE_CURVE('',#917,#908,#207,.T.);
#1167=EDGE_CURVE('',#917,#918,#208,.T.);
#1168=EDGE_CURVE('',#918,#909,#209,.T.);
#1169=EDGE_CURVE('',#918,#913,#210,.T.);
#1170=EDGE_CURVE('',#919,#919,#757,.T.);
#1171=EDGE_CURVE('',#920,#904,#211,.T.);
#1172=EDGE_CURVE('',#920,#921,#212,.T.);
#1173=EDGE_CURVE('',#921,#905,#213,.T.);
#1174=EDGE_CURVE('',#921,#922,#214,.T.);
#1175=EDGE_CURVE('',#922,#906,#215,.T.);
#1176=EDGE_CURVE('',#922,#923,#216,.T.);
#1177=EDGE_CURVE('',#923,#901,#217,.T.);
#1178=EDGE_CURVE('',#923,#924,#218,.T.);
#1179=EDGE_CURVE('',#924,#902,#219,.T.);
#1180=EDGE_CURVE('',#924,#925,#220,.T.);
#1181=EDGE_CURVE('',#925,#903,#221,.T.);
#1182=EDGE_CURVE('',#925,#920,#222,.T.);
#1183=EDGE_CURVE('',#926,#926,#758,.T.);
#1184=EDGE_CURVE('',#927,#885,#223,.T.);
#1185=EDGE_CURVE('',#927,#928,#224,.T.);
#1186=EDGE_CURVE('',#928,#886,#225,.T.);
#1187=EDGE_CURVE('',#928,#929,#226,.T.);
#1188=EDGE_CURVE('',#929,#887,#227,.T.);
#1189=EDGE_CURVE('',#929,#930,#228,.T.);
#1190=EDGE_CURVE('',#930,#877,#229,.T.);
#1191=EDGE_CURVE('',#930,#931,#230,.T.);
#1192=EDGE_CURVE('',#931,#878,#231,.T.);
#1193=EDGE_CURVE('',#931,#932,#232,.T.);
#1194=EDGE_CURVE('',#932,#879,#233,.T.);
#1195=EDGE_CURVE('',#932,#927,#234,.T.);
#1196=EDGE_CURVE('',#933,#933,#759,.T.);
#1197=EDGE_CURVE('',#934,#898,#235,.T.);
#1198=EDGE_CURVE('',#934,#935,#236,.T.);
#1199=EDGE_CURVE('',#935,#899,#237,.T.);
#1200=EDGE_CURVE('',#935,#936,#238,.T.);
#1201=EDGE_CURVE('',#936,#900,#239,.T.);
#1202=EDGE_CURVE('',#936,#937,#240,.T.);
#1203=EDGE_CURVE('',#937,#895,#241,.T.);
#1204=EDGE_CURVE('',#937,#938,#242,.T.);
#1205=EDGE_CURVE('',#938,#896,#243,.T.);
#1206=EDGE_CURVE('',#938,#939,#244,.T.);
#1207=EDGE_CURVE('',#939,#897,#245,.T.);
#1208=EDGE_CURVE('',#939,#934,#246,.T.);
#1209=EDGE_CURVE('',#940,#940,#760,.T.);
#1210=EDGE_CURVE('',#941,#941,#761,.T.);
#1211=EDGE_CURVE('',#941,#894,#247,.T.);
#1212=EDGE_CURVE('',#942,#942,#762,.T.);
#1213=EDGE_CURVE('',#943,#943,#763,.T.);
#1214=EDGE_CURVE('',#943,#892,#248,.T.);
#1215=EDGE_CURVE('',#944,#944,#764,.T.);
#1216=EDGE_CURVE('',#945,#945,#765,.T.);
#1217=EDGE_CURVE('',#945,#874,#249,.T.);
#1218=EDGE_CURVE('',#946,#946,#766,.T.);
#1219=EDGE_CURVE('',#947,#947,#767,.T.);
#1220=EDGE_CURVE('',#947,#890,#250,.T.);
#1221=EDGE_CURVE('',#948,#948,#768,.T.);
#1222=EDGE_CURVE('',#919,#827,#251,.T.);
#1223=EDGE_CURVE('',#884,#942,#252,.T.);
#1224=EDGE_CURVE('',#926,#828,#253,.T.);
#1225=EDGE_CURVE('',#883,#944,#254,.T.);
#1226=EDGE_CURVE('',#933,#829,#255,.T.);
#1227=EDGE_CURVE('',#882,#946,#256,.T.);
#1228=EDGE_CURVE('',#940,#830,#257,.T.);
#1229=EDGE_CURVE('',#881,#948,#258,.T.);
#1230=ORIENTED_EDGE('',*,*,#949,.T.);
#1231=ORIENTED_EDGE('',*,*,#950,.T.);
#1232=ORIENTED_EDGE('',*,*,#951,.T.);
#1233=ORIENTED_EDGE('',*,*,#952,.T.);
#1234=ORIENTED_EDGE('',*,*,#953,.T.);
#1235=ORIENTED_EDGE('',*,*,#954,.T.);
#1236=ORIENTED_EDGE('',*,*,#949,.F.);
#1237=ORIENTED_EDGE('',*,*,#955,.T.);
#1238=ORIENTED_EDGE('',*,*,#953,.F.);
#1239=ORIENTED_EDGE('',*,*,#956,.T.);
#1240=ORIENTED_EDGE('',*,*,#957,.T.);
#1241=ORIENTED_EDGE('',*,*,#958,.T.);
#1242=ORIENTED_EDGE('',*,*,#957,.F.);
#1243=ORIENTED_EDGE('',*,*,#959,.T.);
#1244=ORIENTED_EDGE('',*,*,#960,.T.);
#1245=ORIENTED_EDGE('',*,*,#961,.T.);
#1246=ORIENTED_EDGE('',*,*,#960,.F.);
#1247=ORIENTED_EDGE('',*,*,#962,.T.);
#1248=ORIENTED_EDGE('',*,*,#963,.T.);
#1249=ORIENTED_EDGE('',*,*,#964,.T.);
#1250=ORIENTED_EDGE('',*,*,#963,.F.);
#1251=ORIENTED_EDGE('',*,*,#965,.T.);
#1252=ORIENTED_EDGE('',*,*,#966,.T.);
#1253=ORIENTED_EDGE('',*,*,#967,.T.);
#1254=ORIENTED_EDGE('',*,*,#968,.T.);
#1255=ORIENTED_EDGE('',*,*,#969,.T.);
#1256=ORIENTED_EDGE('',*,*,#966,.F.);
#1257=ORIENTED_EDGE('',*,*,#970,.T.);
#1258=ORIENTED_EDGE('',*,*,#971,.T.);
#1259=ORIENTED_EDGE('',*,*,#972,.T.);
#1260=ORIENTED_EDGE('',*,*,#968,.F.);
#1261=ORIENTED_EDGE('',*,*,#973,.T.);
#1262=ORIENTED_EDGE('',*,*,#974,.T.);
#1263=ORIENTED_EDGE('',*,*,#975,.T.);
#1264=ORIENTED_EDGE('',*,*,#951,.F.);
#1265=ORIENTED_EDGE('',*,*,#976,.T.);
#1266=ORIENTED_EDGE('',*,*,#965,.F.);
#1267=ORIENTED_EDGE('',*,*,#962,.F.);
#1268=ORIENTED_EDGE('',*,*,#959,.F.);
#1269=ORIENTED_EDGE('',*,*,#977,.F.);
#1270=ORIENTED_EDGE('',*,*,#978,.T.);
#1271=ORIENTED_EDGE('',*,*,#956,.F.);
#1272=ORIENTED_EDGE('',*,*,#979,.F.);
#1273=ORIENTED_EDGE('',*,*,#980,.T.);
#1274=ORIENTED_EDGE('',*,*,#977,.T.);
#1275=ORIENTED_EDGE('',*,*,#955,.F.);
#1276=ORIENTED_EDGE('',*,*,#981,.F.);
#1277=ORIENTED_EDGE('',*,*,#979,.T.);
#1278=ORIENTED_EDGE('',*,*,#952,.F.);
#1279=ORIENTED_EDGE('',*,*,#982,.F.);
#1280=ORIENTED_EDGE('',*,*,#983,.T.);
#1281=ORIENTED_EDGE('',*,*,#981,.T.);
#1282=ORIENTED_EDGE('',*,*,#975,.F.);
#1283=ORIENTED_EDGE('',*,*,#984,.F.);
#1284=ORIENTED_EDGE('',*,*,#982,.T.);
#1285=ORIENTED_EDGE('',*,*,#985,.F.);
#1286=ORIENTED_EDGE('',*,*,#986,.T.);
#1287=ORIENTED_EDGE('',*,*,#987,.T.);
#1288=ORIENTED_EDGE('',*,*,#988,.T.);
#1289=ORIENTED_EDGE('',*,*,#987,.F.);
#1290=ORIENTED_EDGE('',*,*,#989,.T.);
#1291=ORIENTED_EDGE('',*,*,#990,.T.);
#1292=ORIENTED_EDGE('',*,*,#991,.T.);
#1293=ORIENTED_EDGE('',*,*,#992,.T.);
#1294=ORIENTED_EDGE('',*,*,#993,.T.);
#1295=ORIENTED_EDGE('',*,*,#990,.F.);
#1296=ORIENTED_EDGE('',*,*,#994,.T.);
#1297=ORIENTED_EDGE('',*,*,#992,.F.);
#1298=ORIENTED_EDGE('',*,*,#995,.T.);
#1299=ORIENTED_EDGE('',*,*,#996,.T.);
#1300=ORIENTED_EDGE('',*,*,#997,.T.);
#1301=ORIENTED_EDGE('',*,*,#998,.T.);
#1302=ORIENTED_EDGE('',*,*,#999,.T.);
#1303=ORIENTED_EDGE('',*,*,#996,.F.);
#1304=ORIENTED_EDGE('',*,*,#1000,.T.);
#1305=ORIENTED_EDGE('',*,*,#1001,.T.);
#1306=ORIENTED_EDGE('',*,*,#1002,.T.);
#1307=ORIENTED_EDGE('',*,*,#998,.F.);
#1308=ORIENTED_EDGE('',*,*,#1003,.T.);
#1309=ORIENTED_EDGE('',*,*,#1004,.T.);
#1310=ORIENTED_EDGE('',*,*,#1005,.T.);
#1311=ORIENTED_EDGE('',*,*,#1001,.F.);
#1312=ORIENTED_EDGE('',*,*,#1006,.T.);
#1313=ORIENTED_EDGE('',*,*,#1007,.T.);
#1314=ORIENTED_EDGE('',*,*,#1008,.T.);
#1315=ORIENTED_EDGE('',*,*,#1004,.F.);
#1316=ORIENTED_EDGE('',*,*,#1009,.T.);
#1317=ORIENTED_EDGE('',*,*,#1010,.T.);
#1318=ORIENTED_EDGE('',*,*,#1011,.T.);
#1319=ORIENTED_EDGE('',*,*,#1007,.F.);
#1320=ORIENTED_EDGE('',*,*,#1012,.T.);
#1321=ORIENTED_EDGE('',*,*,#1013,.T.);
#1322=ORIENTED_EDGE('',*,*,#1012,.F.);
#1323=ORIENTED_EDGE('',*,*,#1014,.F.);
#1324=ORIENTED_EDGE('',*,*,#1015,.T.);
#1325=ORIENTED_EDGE('',*,*,#1016,.F.);
#1326=ORIENTED_EDGE('',*,*,#1009,.F.);
#1327=ORIENTED_EDGE('',*,*,#1017,.F.);
#1328=ORIENTED_EDGE('',*,*,#1018,.F.);
#1329=ORIENTED_EDGE('',*,*,#1014,.T.);
#1330=ORIENTED_EDGE('',*,*,#1006,.F.);
#1331=ORIENTED_EDGE('',*,*,#1019,.F.);
#1332=ORIENTED_EDGE('',*,*,#1017,.T.);
#1333=ORIENTED_EDGE('',*,*,#1003,.F.);
#1334=ORIENTED_EDGE('',*,*,#1020,.F.);
#1335=ORIENTED_EDGE('',*,*,#1021,.F.);
#1336=ORIENTED_EDGE('',*,*,#1019,.T.);
#1337=ORIENTED_EDGE('',*,*,#1000,.F.);
#1338=ORIENTED_EDGE('',*,*,#995,.F.);
#1339=ORIENTED_EDGE('',*,*,#994,.F.);
#1340=ORIENTED_EDGE('',*,*,#1022,.F.);
#1341=ORIENTED_EDGE('',*,*,#1020,.T.);
#1342=ORIENTED_EDGE('',*,*,#989,.F.);
#1343=ORIENTED_EDGE('',*,*,#1023,.F.);
#1344=ORIENTED_EDGE('',*,*,#1024,.F.);
#1345=ORIENTED_EDGE('',*,*,#1022,.T.);
#1346=ORIENTED_EDGE('',*,*,#986,.F.);
#1347=ORIENTED_EDGE('',*,*,#1025,.T.);
#1348=ORIENTED_EDGE('',*,*,#1026,.F.);
#1349=ORIENTED_EDGE('',*,*,#1027,.F.);
#1350=ORIENTED_EDGE('',*,*,#1023,.T.);
#1351=ORIENTED_EDGE('',*,*,#964,.F.);
#1352=ORIENTED_EDGE('',*,*,#1028,.T.);
#1353=ORIENTED_EDGE('',*,*,#997,.F.);
#1354=ORIENTED_EDGE('',*,*,#1029,.T.);
#1355=ORIENTED_EDGE('',*,*,#1030,.T.);
#1356=ORIENTED_EDGE('',*,*,#1031,.T.);
#1357=ORIENTED_EDGE('',*,*,#1032,.T.);
#1358=ORIENTED_EDGE('',*,*,#1033,.T.);
#1359=ORIENTED_EDGE('',*,*,#1032,.F.);
#1360=ORIENTED_EDGE('',*,*,#1034,.F.);
#1361=ORIENTED_EDGE('',*,*,#1035,.F.);
#1362=ORIENTED_EDGE('',*,*,#1036,.F.);
#1363=ORIENTED_EDGE('',*,*,#1037,.T.);
#1364=ORIENTED_EDGE('',*,*,#1038,.T.);
#1365=ORIENTED_EDGE('',*,*,#1039,.T.);
#1366=ORIENTED_EDGE('',*,*,#1040,.T.);
#1367=ORIENTED_EDGE('',*,*,#1041,.T.);
#1368=ORIENTED_EDGE('',*,*,#1031,.F.);
#1369=ORIENTED_EDGE('',*,*,#1042,.T.);
#1370=ORIENTED_EDGE('',*,*,#1043,.T.);
#1371=ORIENTED_EDGE('',*,*,#1044,.T.);
#1372=ORIENTED_EDGE('',*,*,#1045,.T.);
#1373=ORIENTED_EDGE('',*,*,#1046,.T.);
#1374=ORIENTED_EDGE('',*,*,#1047,.T.);
#1375=ORIENTED_EDGE('',*,*,#1034,.T.);
#1376=ORIENTED_EDGE('',*,*,#1048,.F.);
#1377=ORIENTED_EDGE('',*,*,#1015,.F.);
#1378=ORIENTED_EDGE('',*,*,#1049,.F.);
#1379=ORIENTED_EDGE('',*,*,#1050,.T.);
#1380=ORIENTED_EDGE('',*,*,#1051,.F.);
#1381=ORIENTED_EDGE('',*,*,#1050,.F.);
#1382=ORIENTED_EDGE('',*,*,#1052,.F.);
#1383=ORIENTED_EDGE('',*,*,#1053,.T.);
#1384=ORIENTED_EDGE('',*,*,#1054,.F.);
#1385=ORIENTED_EDGE('',*,*,#1053,.F.);
#1386=ORIENTED_EDGE('',*,*,#1055,.F.);
#1387=ORIENTED_EDGE('',*,*,#1027,.T.);
#1388=ORIENTED_EDGE('',*,*,#1024,.T.);
#1389=ORIENTED_EDGE('',*,*,#1055,.T.);
#1390=ORIENTED_EDGE('',*,*,#1052,.T.);
#1391=ORIENTED_EDGE('',*,*,#1049,.T.);
#1392=ORIENTED_EDGE('',*,*,#1018,.T.);
#1393=ORIENTED_EDGE('',*,*,#1021,.T.);
#1394=ORIENTED_EDGE('',*,*,#1056,.T.);
#1395=ORIENTED_EDGE('',*,*,#1016,.T.);
#1396=ORIENTED_EDGE('',*,*,#1048,.T.);
#1397=ORIENTED_EDGE('',*,*,#1051,.T.);
#1398=ORIENTED_EDGE('',*,*,#1054,.T.);
#1399=ORIENTED_EDGE('',*,*,#1026,.T.);
#1400=ORIENTED_EDGE('',*,*,#1057,.T.);
#1401=ORIENTED_EDGE('',*,*,#1058,.T.);
#1402=ORIENTED_EDGE('',*,*,#1059,.F.);
#1403=ORIENTED_EDGE('',*,*,#1060,.F.);
#1404=ORIENTED_EDGE('',*,*,#1061,.T.);
#1405=ORIENTED_EDGE('',*,*,#984,.T.);
#1406=ORIENTED_EDGE('',*,*,#974,.F.);
#1407=ORIENTED_EDGE('',*,*,#1062,.F.);
#1408=ORIENTED_EDGE('',*,*,#1063,.F.);
#1409=ORIENTED_EDGE('',*,*,#1064,.T.);
#1410=ORIENTED_EDGE('',*,*,#1060,.T.);
#1411=ORIENTED_EDGE('',*,*,#1065,.F.);
#1412=ORIENTED_EDGE('',*,*,#971,.F.);
#1413=ORIENTED_EDGE('',*,*,#1066,.F.);
#1414=ORIENTED_EDGE('',*,*,#1067,.T.);
#1415=ORIENTED_EDGE('',*,*,#1063,.T.);
#1416=ORIENTED_EDGE('',*,*,#973,.F.);
#1417=ORIENTED_EDGE('',*,*,#1068,.F.);
#1418=ORIENTED_EDGE('',*,*,#1066,.T.);
#1419=ORIENTED_EDGE('',*,*,#970,.F.);
#1420=ORIENTED_EDGE('',*,*,#978,.F.);
#1421=ORIENTED_EDGE('',*,*,#1069,.T.);
#1422=ORIENTED_EDGE('',*,*,#1068,.T.);
#1423=ORIENTED_EDGE('',*,*,#1069,.F.);
#1424=ORIENTED_EDGE('',*,*,#980,.F.);
#1425=ORIENTED_EDGE('',*,*,#983,.F.);
#1426=ORIENTED_EDGE('',*,*,#1061,.F.);
#1427=ORIENTED_EDGE('',*,*,#1064,.F.);
#1428=ORIENTED_EDGE('',*,*,#1067,.F.);
#1429=ORIENTED_EDGE('',*,*,#1070,.F.);
#1430=ORIENTED_EDGE('',*,*,#1071,.F.);
#1431=ORIENTED_EDGE('',*,*,#1072,.T.);
#1432=ORIENTED_EDGE('',*,*,#1073,.T.);
#1433=ORIENTED_EDGE('',*,*,#1074,.F.);
#1434=ORIENTED_EDGE('',*,*,#1071,.T.);
#1435=ORIENTED_EDGE('',*,*,#1075,.F.);
#1436=ORIENTED_EDGE('',*,*,#1076,.T.);
#1437=ORIENTED_EDGE('',*,*,#1077,.F.);
#1438=ORIENTED_EDGE('',*,*,#1078,.T.);
#1439=ORIENTED_EDGE('',*,*,#1079,.F.);
#1440=ORIENTED_EDGE('',*,*,#1076,.F.);
#1441=ORIENTED_EDGE('',*,*,#1080,.F.);
#1442=ORIENTED_EDGE('',*,*,#1081,.F.);
#1443=ORIENTED_EDGE('',*,*,#1082,.F.);
#1444=ORIENTED_EDGE('',*,*,#1083,.T.);
#1445=ORIENTED_EDGE('',*,*,#1084,.F.);
#1446=ORIENTED_EDGE('',*,*,#1085,.F.);
#1447=ORIENTED_EDGE('',*,*,#1080,.T.);
#1448=ORIENTED_EDGE('',*,*,#1086,.T.);
#1449=ORIENTED_EDGE('',*,*,#1072,.F.);
#1450=ORIENTED_EDGE('',*,*,#1074,.T.);
#1451=ORIENTED_EDGE('',*,*,#1087,.F.);
#1452=ORIENTED_EDGE('',*,*,#1088,.F.);
#1453=ORIENTED_EDGE('',*,*,#1084,.T.);
#1454=ORIENTED_EDGE('',*,*,#1089,.F.);
#1455=ORIENTED_EDGE('',*,*,#1090,.F.);
#1456=ORIENTED_EDGE('',*,*,#1087,.T.);
#1457=ORIENTED_EDGE('',*,*,#1079,.T.);
#1458=ORIENTED_EDGE('',*,*,#1091,.T.);
#1459=ORIENTED_EDGE('',*,*,#1091,.F.);
#1460=ORIENTED_EDGE('',*,*,#1078,.F.);
#1461=ORIENTED_EDGE('',*,*,#1092,.F.);
#1462=ORIENTED_EDGE('',*,*,#1073,.F.);
#1463=ORIENTED_EDGE('',*,*,#1086,.F.);
#1464=ORIENTED_EDGE('',*,*,#1083,.F.);
#1465=ORIENTED_EDGE('',*,*,#1093,.F.);
#1466=ORIENTED_EDGE('',*,*,#1081,.T.);
#1467=ORIENTED_EDGE('',*,*,#1085,.T.);
#1468=ORIENTED_EDGE('',*,*,#1088,.T.);
#1469=ORIENTED_EDGE('',*,*,#1090,.T.);
#1470=ORIENTED_EDGE('',*,*,#1094,.F.);
#1471=ORIENTED_EDGE('',*,*,#1095,.F.);
#1472=ORIENTED_EDGE('',*,*,#1096,.T.);
#1473=ORIENTED_EDGE('',*,*,#1057,.F.);
#1474=ORIENTED_EDGE('',*,*,#1025,.F.);
#1475=ORIENTED_EDGE('',*,*,#985,.T.);
#1476=ORIENTED_EDGE('',*,*,#1097,.F.);
#1477=ORIENTED_EDGE('',*,*,#1058,.F.);
#1478=ORIENTED_EDGE('',*,*,#1096,.F.);
#1479=ORIENTED_EDGE('',*,*,#1098,.F.);
#1480=ORIENTED_EDGE('',*,*,#1099,.F.);
#1481=ORIENTED_EDGE('',*,*,#1056,.F.);
#1482=ORIENTED_EDGE('',*,*,#1099,.T.);
#1483=ORIENTED_EDGE('',*,*,#1100,.T.);
#1484=ORIENTED_EDGE('',*,*,#1101,.F.);
#1485=ORIENTED_EDGE('',*,*,#1010,.F.);
#1486=ORIENTED_EDGE('',*,*,#1013,.F.);
#1487=ORIENTED_EDGE('',*,*,#1102,.F.);
#1488=ORIENTED_EDGE('',*,*,#1100,.F.);
#1489=ORIENTED_EDGE('',*,*,#1098,.T.);
#1490=ORIENTED_EDGE('',*,*,#1095,.T.);
#1491=ORIENTED_EDGE('',*,*,#1036,.T.);
#1492=ORIENTED_EDGE('',*,*,#1103,.F.);
#1493=ORIENTED_EDGE('',*,*,#1104,.T.);
#1494=ORIENTED_EDGE('',*,*,#1105,.T.);
#1495=ORIENTED_EDGE('',*,*,#1106,.T.);
#1496=ORIENTED_EDGE('',*,*,#1107,.F.);
#1497=ORIENTED_EDGE('',*,*,#1108,.T.);
#1498=ORIENTED_EDGE('',*,*,#1109,.T.);
#1499=ORIENTED_EDGE('',*,*,#1110,.T.);
#1500=ORIENTED_EDGE('',*,*,#1111,.T.);
#1501=ORIENTED_EDGE('',*,*,#1112,.T.);
#1502=ORIENTED_EDGE('',*,*,#1113,.T.);
#1503=ORIENTED_EDGE('',*,*,#1114,.T.);
#1504=ORIENTED_EDGE('',*,*,#1115,.T.);
#1505=ORIENTED_EDGE('',*,*,#1116,.T.);
#1506=ORIENTED_EDGE('',*,*,#1117,.T.);
#1507=ORIENTED_EDGE('',*,*,#1030,.F.);
#1508=ORIENTED_EDGE('',*,*,#1118,.F.);
#1509=ORIENTED_EDGE('',*,*,#1108,.F.);
#1510=ORIENTED_EDGE('',*,*,#1119,.F.);
#1511=ORIENTED_EDGE('',*,*,#1042,.F.);
#1512=ORIENTED_EDGE('',*,*,#1120,.T.);
#1513=ORIENTED_EDGE('',*,*,#1121,.T.);
#1514=ORIENTED_EDGE('',*,*,#1122,.T.);
#1515=ORIENTED_EDGE('',*,*,#1123,.T.);
#1516=ORIENTED_EDGE('',*,*,#1106,.F.);
#1517=ORIENTED_EDGE('',*,*,#1124,.F.);
#1518=ORIENTED_EDGE('',*,*,#1044,.F.);
#1519=ORIENTED_EDGE('',*,*,#1125,.F.);
#1520=ORIENTED_EDGE('',*,*,#1105,.F.);
#1521=ORIENTED_EDGE('',*,*,#1126,.T.);
#1522=ORIENTED_EDGE('',*,*,#1045,.F.);
#1523=ORIENTED_EDGE('',*,*,#1124,.T.);
#1524=ORIENTED_EDGE('',*,*,#1104,.F.);
#1525=ORIENTED_EDGE('',*,*,#1127,.F.);
#1526=ORIENTED_EDGE('',*,*,#1046,.F.);
#1527=ORIENTED_EDGE('',*,*,#1126,.F.);
#1528=ORIENTED_EDGE('',*,*,#1065,.T.);
#1529=ORIENTED_EDGE('',*,*,#1062,.T.);
#1530=ORIENTED_EDGE('',*,*,#1059,.T.);
#1531=ORIENTED_EDGE('',*,*,#976,.F.);
#1532=ORIENTED_EDGE('',*,*,#950,.F.);
#1533=ORIENTED_EDGE('',*,*,#954,.F.);
#1534=ORIENTED_EDGE('',*,*,#958,.F.);
#1535=ORIENTED_EDGE('',*,*,#961,.F.);
#1536=ORIENTED_EDGE('',*,*,#1033,.F.);
#1537=ORIENTED_EDGE('',*,*,#1037,.F.);
#1538=ORIENTED_EDGE('',*,*,#1117,.F.);
#1539=ORIENTED_EDGE('',*,*,#1128,.T.);
#1540=ORIENTED_EDGE('',*,*,#1129,.T.);
#1541=ORIENTED_EDGE('',*,*,#1130,.T.);
#1542=ORIENTED_EDGE('',*,*,#1131,.T.);
#1543=ORIENTED_EDGE('',*,*,#1112,.F.);
#1544=ORIENTED_EDGE('',*,*,#1132,.T.);
#1545=ORIENTED_EDGE('',*,*,#1133,.T.);
#1546=ORIENTED_EDGE('',*,*,#1109,.F.);
#1547=ORIENTED_EDGE('',*,*,#1118,.T.);
#1548=ORIENTED_EDGE('',*,*,#1029,.F.);
#1549=ORIENTED_EDGE('',*,*,#999,.F.);
#1550=ORIENTED_EDGE('',*,*,#1002,.F.);
#1551=ORIENTED_EDGE('',*,*,#1005,.F.);
#1552=ORIENTED_EDGE('',*,*,#1008,.F.);
#1553=ORIENTED_EDGE('',*,*,#1011,.F.);
#1554=ORIENTED_EDGE('',*,*,#1101,.T.);
#1555=ORIENTED_EDGE('',*,*,#1102,.T.);
#1556=ORIENTED_EDGE('',*,*,#1094,.T.);
#1557=ORIENTED_EDGE('',*,*,#1089,.T.);
#1558=ORIENTED_EDGE('',*,*,#1093,.T.);
#1559=ORIENTED_EDGE('',*,*,#1082,.T.);
#1560=ORIENTED_EDGE('',*,*,#1097,.T.);
#1561=ORIENTED_EDGE('',*,*,#988,.F.);
#1562=ORIENTED_EDGE('',*,*,#991,.F.);
#1563=ORIENTED_EDGE('',*,*,#993,.F.);
#1564=ORIENTED_EDGE('',*,*,#1028,.F.);
#1565=ORIENTED_EDGE('',*,*,#967,.F.);
#1566=ORIENTED_EDGE('',*,*,#969,.F.);
#1567=ORIENTED_EDGE('',*,*,#972,.F.);
#1568=ORIENTED_EDGE('',*,*,#1134,.T.);
#1569=ORIENTED_EDGE('',*,*,#1135,.T.);
#1570=ORIENTED_EDGE('',*,*,#1136,.T.);
#1571=ORIENTED_EDGE('',*,*,#1137,.T.);
#1572=ORIENTED_EDGE('',*,*,#1138,.T.);
#1573=ORIENTED_EDGE('',*,*,#1139,.T.);
#1574=ORIENTED_EDGE('',*,*,#1140,.T.);
#1575=ORIENTED_EDGE('',*,*,#1141,.T.);
#1576=ORIENTED_EDGE('',*,*,#1142,.T.);
#1577=ORIENTED_EDGE('',*,*,#1143,.T.);
#1578=ORIENTED_EDGE('',*,*,#1144,.T.);
#1579=ORIENTED_EDGE('',*,*,#1145,.T.);
#1580=ORIENTED_EDGE('',*,*,#1146,.T.);
#1581=ORIENTED_EDGE('',*,*,#1147,.T.);
#1582=ORIENTED_EDGE('',*,*,#1148,.T.);
#1583=ORIENTED_EDGE('',*,*,#1149,.T.);
#1584=ORIENTED_EDGE('',*,*,#1150,.T.);
#1585=ORIENTED_EDGE('',*,*,#1151,.T.);
#1586=ORIENTED_EDGE('',*,*,#1152,.T.);
#1587=ORIENTED_EDGE('',*,*,#1153,.T.);
#1588=ORIENTED_EDGE('',*,*,#1154,.T.);
#1589=ORIENTED_EDGE('',*,*,#1155,.T.);
#1590=ORIENTED_EDGE('',*,*,#1156,.T.);
#1591=ORIENTED_EDGE('',*,*,#1157,.T.);
#1592=ORIENTED_EDGE('',*,*,#1155,.F.);
#1593=ORIENTED_EDGE('',*,*,#1158,.F.);
#1594=ORIENTED_EDGE('',*,*,#1159,.T.);
#1595=ORIENTED_EDGE('',*,*,#1160,.T.);
#1596=ORIENTED_EDGE('',*,*,#1156,.F.);
#1597=ORIENTED_EDGE('',*,*,#1160,.F.);
#1598=ORIENTED_EDGE('',*,*,#1161,.T.);
#1599=ORIENTED_EDGE('',*,*,#1162,.T.);
#1600=ORIENTED_EDGE('',*,*,#1157,.F.);
#1601=ORIENTED_EDGE('',*,*,#1162,.F.);
#1602=ORIENTED_EDGE('',*,*,#1163,.T.);
#1603=ORIENTED_EDGE('',*,*,#1164,.T.);
#1604=ORIENTED_EDGE('',*,*,#1152,.F.);
#1605=ORIENTED_EDGE('',*,*,#1164,.F.);
#1606=ORIENTED_EDGE('',*,*,#1165,.T.);
#1607=ORIENTED_EDGE('',*,*,#1166,.T.);
#1608=ORIENTED_EDGE('',*,*,#1153,.F.);
#1609=ORIENTED_EDGE('',*,*,#1166,.F.);
#1610=ORIENTED_EDGE('',*,*,#1167,.T.);
#1611=ORIENTED_EDGE('',*,*,#1168,.T.);
#1612=ORIENTED_EDGE('',*,*,#1154,.F.);
#1613=ORIENTED_EDGE('',*,*,#1168,.F.);
#1614=ORIENTED_EDGE('',*,*,#1169,.T.);
#1615=ORIENTED_EDGE('',*,*,#1158,.T.);
#1616=ORIENTED_EDGE('',*,*,#1163,.F.);
#1617=ORIENTED_EDGE('',*,*,#1161,.F.);
#1618=ORIENTED_EDGE('',*,*,#1159,.F.);
#1619=ORIENTED_EDGE('',*,*,#1169,.F.);
#1620=ORIENTED_EDGE('',*,*,#1167,.F.);
#1621=ORIENTED_EDGE('',*,*,#1165,.F.);
#1622=ORIENTED_EDGE('',*,*,#1170,.F.);
#1623=ORIENTED_EDGE('',*,*,#1149,.F.);
#1624=ORIENTED_EDGE('',*,*,#1171,.F.);
#1625=ORIENTED_EDGE('',*,*,#1172,.T.);
#1626=ORIENTED_EDGE('',*,*,#1173,.T.);
#1627=ORIENTED_EDGE('',*,*,#1150,.F.);
#1628=ORIENTED_EDGE('',*,*,#1173,.F.);
#1629=ORIENTED_EDGE('',*,*,#1174,.T.);
#1630=ORIENTED_EDGE('',*,*,#1175,.T.);
#1631=ORIENTED_EDGE('',*,*,#1151,.F.);
#1632=ORIENTED_EDGE('',*,*,#1175,.F.);
#1633=ORIENTED_EDGE('',*,*,#1176,.T.);
#1634=ORIENTED_EDGE('',*,*,#1177,.T.);
#1635=ORIENTED_EDGE('',*,*,#1146,.F.);
#1636=ORIENTED_EDGE('',*,*,#1177,.F.);
#1637=ORIENTED_EDGE('',*,*,#1178,.T.);
#1638=ORIENTED_EDGE('',*,*,#1179,.T.);
#1639=ORIENTED_EDGE('',*,*,#1147,.F.);
#1640=ORIENTED_EDGE('',*,*,#1179,.F.);
#1641=ORIENTED_EDGE('',*,*,#1180,.T.);
#1642=ORIENTED_EDGE('',*,*,#1181,.T.);
#1643=ORIENTED_EDGE('',*,*,#1148,.F.);
#1644=ORIENTED_EDGE('',*,*,#1181,.F.);
#1645=ORIENTED_EDGE('',*,*,#1182,.T.);
#1646=ORIENTED_EDGE('',*,*,#1171,.T.);
#1647=ORIENTED_EDGE('',*,*,#1176,.F.);
#1648=ORIENTED_EDGE('',*,*,#1174,.F.);
#1649=ORIENTED_EDGE('',*,*,#1172,.F.);
#1650=ORIENTED_EDGE('',*,*,#1182,.F.);
#1651=ORIENTED_EDGE('',*,*,#1180,.F.);
#1652=ORIENTED_EDGE('',*,*,#1178,.F.);
#1653=ORIENTED_EDGE('',*,*,#1183,.F.);
#1654=ORIENTED_EDGE('',*,*,#1129,.F.);
#1655=ORIENTED_EDGE('',*,*,#1184,.F.);
#1656=ORIENTED_EDGE('',*,*,#1185,.T.);
#1657=ORIENTED_EDGE('',*,*,#1186,.T.);
#1658=ORIENTED_EDGE('',*,*,#1130,.F.);
#1659=ORIENTED_EDGE('',*,*,#1186,.F.);
#1660=ORIENTED_EDGE('',*,*,#1187,.T.);
#1661=ORIENTED_EDGE('',*,*,#1188,.T.);
#1662=ORIENTED_EDGE('',*,*,#1113,.F.);
#1663=ORIENTED_EDGE('',*,*,#1131,.F.);
#1664=ORIENTED_EDGE('',*,*,#1188,.F.);
#1665=ORIENTED_EDGE('',*,*,#1189,.T.);
#1666=ORIENTED_EDGE('',*,*,#1190,.T.);
#1667=ORIENTED_EDGE('',*,*,#1114,.F.);
#1668=ORIENTED_EDGE('',*,*,#1190,.F.);
#1669=ORIENTED_EDGE('',*,*,#1191,.T.);
#1670=ORIENTED_EDGE('',*,*,#1192,.T.);
#1671=ORIENTED_EDGE('',*,*,#1115,.F.);
#1672=ORIENTED_EDGE('',*,*,#1192,.F.);
#1673=ORIENTED_EDGE('',*,*,#1193,.T.);
#1674=ORIENTED_EDGE('',*,*,#1194,.T.);
#1675=ORIENTED_EDGE('',*,*,#1116,.F.);
#1676=ORIENTED_EDGE('',*,*,#1194,.F.);
#1677=ORIENTED_EDGE('',*,*,#1195,.T.);
#1678=ORIENTED_EDGE('',*,*,#1184,.T.);
#1679=ORIENTED_EDGE('',*,*,#1128,.F.);
#1680=ORIENTED_EDGE('',*,*,#1189,.F.);
#1681=ORIENTED_EDGE('',*,*,#1187,.F.);
#1682=ORIENTED_EDGE('',*,*,#1185,.F.);
#1683=ORIENTED_EDGE('',*,*,#1195,.F.);
#1684=ORIENTED_EDGE('',*,*,#1193,.F.);
#1685=ORIENTED_EDGE('',*,*,#1191,.F.);
#1686=ORIENTED_EDGE('',*,*,#1196,.F.);
#1687=ORIENTED_EDGE('',*,*,#1143,.F.);
#1688=ORIENTED_EDGE('',*,*,#1197,.F.);
#1689=ORIENTED_EDGE('',*,*,#1198,.T.);
#1690=ORIENTED_EDGE('',*,*,#1199,.T.);
#1691=ORIENTED_EDGE('',*,*,#1144,.F.);
#1692=ORIENTED_EDGE('',*,*,#1199,.F.);
#1693=ORIENTED_EDGE('',*,*,#1200,.T.);
#1694=ORIENTED_EDGE('',*,*,#1201,.T.);
#1695=ORIENTED_EDGE('',*,*,#1145,.F.);
#1696=ORIENTED_EDGE('',*,*,#1201,.F.);
#1697=ORIENTED_EDGE('',*,*,#1202,.T.);
#1698=ORIENTED_EDGE('',*,*,#1203,.T.);
#1699=ORIENTED_EDGE('',*,*,#1140,.F.);
#1700=ORIENTED_EDGE('',*,*,#1203,.F.);
#1701=ORIENTED_EDGE('',*,*,#1204,.T.);
#1702=ORIENTED_EDGE('',*,*,#1205,.T.);
#1703=ORIENTED_EDGE('',*,*,#1141,.F.);
#1704=ORIENTED_EDGE('',*,*,#1205,.F.);
#1705=ORIENTED_EDGE('',*,*,#1206,.T.);
#1706=ORIENTED_EDGE('',*,*,#1207,.T.);
#1707=ORIENTED_EDGE('',*,*,#1142,.F.);
#1708=ORIENTED_EDGE('',*,*,#1207,.F.);
#1709=ORIENTED_EDGE('',*,*,#1208,.T.);
#1710=ORIENTED_EDGE('',*,*,#1197,.T.);
#1711=ORIENTED_EDGE('',*,*,#1202,.F.);
#1712=ORIENTED_EDGE('',*,*,#1200,.F.);
#1713=ORIENTED_EDGE('',*,*,#1198,.F.);
#1714=ORIENTED_EDGE('',*,*,#1208,.F.);
#1715=ORIENTED_EDGE('',*,*,#1206,.F.);
#1716=ORIENTED_EDGE('',*,*,#1204,.F.);
#1717=ORIENTED_EDGE('',*,*,#1209,.F.);
#1718=ORIENTED_EDGE('',*,*,#1210,.F.);
#1719=ORIENTED_EDGE('',*,*,#1211,.T.);
#1720=ORIENTED_EDGE('',*,*,#1138,.F.);
#1721=ORIENTED_EDGE('',*,*,#1139,.F.);
#1722=ORIENTED_EDGE('',*,*,#1211,.F.);
#1723=ORIENTED_EDGE('',*,*,#1210,.T.);
#1724=ORIENTED_EDGE('',*,*,#1212,.F.);
#1725=ORIENTED_EDGE('',*,*,#1213,.F.);
#1726=ORIENTED_EDGE('',*,*,#1214,.T.);
#1727=ORIENTED_EDGE('',*,*,#1136,.F.);
#1728=ORIENTED_EDGE('',*,*,#1137,.F.);
#1729=ORIENTED_EDGE('',*,*,#1214,.F.);
#1730=ORIENTED_EDGE('',*,*,#1213,.T.);
#1731=ORIENTED_EDGE('',*,*,#1215,.F.);
#1732=ORIENTED_EDGE('',*,*,#1216,.F.);
#1733=ORIENTED_EDGE('',*,*,#1217,.T.);
#1734=ORIENTED_EDGE('',*,*,#1110,.F.);
#1735=ORIENTED_EDGE('',*,*,#1133,.F.);
#1736=ORIENTED_EDGE('',*,*,#1132,.F.);
#1737=ORIENTED_EDGE('',*,*,#1111,.F.);
#1738=ORIENTED_EDGE('',*,*,#1217,.F.);
#1739=ORIENTED_EDGE('',*,*,#1216,.T.);
#1740=ORIENTED_EDGE('',*,*,#1218,.F.);
#1741=ORIENTED_EDGE('',*,*,#1219,.F.);
#1742=ORIENTED_EDGE('',*,*,#1220,.T.);
#1743=ORIENTED_EDGE('',*,*,#1134,.F.);
#1744=ORIENTED_EDGE('',*,*,#1135,.F.);
#1745=ORIENTED_EDGE('',*,*,#1220,.F.);
#1746=ORIENTED_EDGE('',*,*,#1219,.T.);
#1747=ORIENTED_EDGE('',*,*,#1221,.F.);
#1748=ORIENTED_EDGE('',*,*,#1170,.T.);
#1749=ORIENTED_EDGE('',*,*,#1222,.T.);
#1750=ORIENTED_EDGE('',*,*,#1038,.F.);
#1751=ORIENTED_EDGE('',*,*,#1222,.F.);
#1752=ORIENTED_EDGE('',*,*,#1123,.F.);
#1753=ORIENTED_EDGE('',*,*,#1223,.T.);
#1754=ORIENTED_EDGE('',*,*,#1212,.T.);
#1755=ORIENTED_EDGE('',*,*,#1223,.F.);
#1756=ORIENTED_EDGE('',*,*,#1183,.T.);
#1757=ORIENTED_EDGE('',*,*,#1224,.T.);
#1758=ORIENTED_EDGE('',*,*,#1039,.F.);
#1759=ORIENTED_EDGE('',*,*,#1224,.F.);
#1760=ORIENTED_EDGE('',*,*,#1122,.F.);
#1761=ORIENTED_EDGE('',*,*,#1225,.T.);
#1762=ORIENTED_EDGE('',*,*,#1215,.T.);
#1763=ORIENTED_EDGE('',*,*,#1225,.F.);
#1764=ORIENTED_EDGE('',*,*,#1196,.T.);
#1765=ORIENTED_EDGE('',*,*,#1226,.T.);
#1766=ORIENTED_EDGE('',*,*,#1040,.F.);
#1767=ORIENTED_EDGE('',*,*,#1226,.F.);
#1768=ORIENTED_EDGE('',*,*,#1121,.F.);
#1769=ORIENTED_EDGE('',*,*,#1227,.T.);
#1770=ORIENTED_EDGE('',*,*,#1218,.T.);
#1771=ORIENTED_EDGE('',*,*,#1227,.F.);
#1772=ORIENTED_EDGE('',*,*,#1209,.T.);
#1773=ORIENTED_EDGE('',*,*,#1228,.T.);
#1774=ORIENTED_EDGE('',*,*,#1041,.F.);
#1775=ORIENTED_EDGE('',*,*,#1228,.F.);
#1776=ORIENTED_EDGE('',*,*,#1120,.F.);
#1777=ORIENTED_EDGE('',*,*,#1229,.T.);
#1778=ORIENTED_EDGE('',*,*,#1221,.T.);
#1779=ORIENTED_EDGE('',*,*,#1229,.F.);
#1780=ORIENTED_EDGE('',*,*,#1125,.T.);
#1781=ORIENTED_EDGE('',*,*,#1043,.F.);
#1782=ORIENTED_EDGE('',*,*,#1119,.T.);
#1783=ORIENTED_EDGE('',*,*,#1107,.T.);
#1784=ORIENTED_EDGE('',*,*,#1077,.T.);
#1785=ORIENTED_EDGE('',*,*,#1075,.T.);
#1786=ORIENTED_EDGE('',*,*,#1070,.T.);
#1787=ORIENTED_EDGE('',*,*,#1092,.T.);
#1788=ORIENTED_EDGE('',*,*,#1035,.T.);
#1789=ORIENTED_EDGE('',*,*,#1047,.F.);
#1790=ORIENTED_EDGE('',*,*,#1127,.T.);
#1791=ORIENTED_EDGE('',*,*,#1103,.T.);
#1792=B_SPLINE_SURFACE_WITH_KNOTS('',3,3,((#2536,#2537,#2538,#2539,#2540,
#2541,#2542,#2543,#2544,#2545,#2546,#2547,#2548),(#2549,#2550,#2551,#2552,
#2553,#2554,#2555,#2556,#2557,#2558,#2559,#2560,#2561),(#2562,#2563,#2564,
#2565,#2566,#2567,#2568,#2569,#2570,#2571,#2572,#2573,#2574),(#2575,#2576,
#2577,#2578,#2579,#2580,#2581,#2582,#2583,#2584,#2585,#2586,#2587),(#2588,
#2589,#2590,#2591,#2592,#2593,#2594,#2595,#2596,#2597,#2598,#2599,#2600)),
 .UNSPECIFIED.,.F.,.F.,.F.,(4,1,4),(4,1,1,1,1,1,1,1,1,1,4),(0.,0.571428571428571,
1.),(0.,0.211441123238813,0.422882246477626,0.634323369716439,0.740043931335846,
0.845764492955252,1.05720561619407,1.16292617781347,1.26864673943288,1.37436730105228,
1.48008786267169),.UNSPECIFIED.);
#1793=B_SPLINE_SURFACE_WITH_KNOTS('',3,3,((#2633,#2634,#2635,#2636),(#2637,
#2638,#2639,#2640),(#2641,#2642,#2643,#2644),(#2645,#2646,#2647,#2648),
(#2649,#2650,#2651,#2652)),.UNSPECIFIED.,.F.,.F.,.F.,(4,1,4),(4,4),(0.,
0.571428571428571,1.),(0.,0.154401790914801),.UNSPECIFIED.);
#1794=B_SPLINE_SURFACE_WITH_KNOTS('',3,3,((#2664,#2665,#2666,#2667,#2668,
#2669,#2670,#2671,#2672,#2673,#2674,#2675,#2676,#2677,#2678,#2679,#2680,
#2681,#2682,#2683,#2684,#2685,#2686,#2687),(#2688,#2689,#2690,#2691,#2692,
#2693,#2694,#2695,#2696,#2697,#2698,#2699,#2700,#2701,#2702,#2703,#2704,
#2705,#2706,#2707,#2708,#2709,#2710,#2711),(#2712,#2713,#2714,#2715,#2716,
#2717,#2718,#2719,#2720,#2721,#2722,#2723,#2724,#2725,#2726,#2727,#2728,
#2729,#2730,#2731,#2732,#2733,#2734,#2735),(#2736,#2737,#2738,#2739,#2740,
#2741,#2742,#2743,#2744,#2745,#2746,#2747,#2748,#2749,#2750,#2751,#2752,
#2753,#2754,#2755,#2756,#2757,#2758,#2759),(#2760,#2761,#2762,#2763,#2764,
#2765,#2766,#2767,#2768,#2769,#2770,#2771,#2772,#2773,#2774,#2775,#2776,
#2777,#2778,#2779,#2780,#2781,#2782,#2783)),.UNSPECIFIED.,.F.,.F.,.F.,(4,
1,4),(4,1,1,1,1,1,1,1,1,1,1,1,1,1,1,1,1,1,1,1,1,4),(0.,0.571428571428571,
1.),(0.,0.236095690753928,0.472191381507857,0.944382763015714,1.53462198990053,
1.88876552603143,2.83314828904714,3.46273679772428,4.24972243357071,4.72191381507857,
4.9580095058325,5.19410519658643,5.43020088734035,5.66629657809428,5.78434442347125,
5.90239226884821,6.13848795960214,6.2565358049791,6.31555972766759,6.37458365035607,
6.49263149573303,6.61067934111),.UNSPECIFIED.);
#1795=B_SPLINE_SURFACE_WITH_KNOTS('',3,3,((#2835,#2836,#2837,#2838),(#2839,
#2840,#2841,#2842),(#2843,#2844,#2845,#2846),(#2847,#2848,#2849,#2850),
(#2851,#2852,#2853,#2854)),.UNSPECIFIED.,.F.,.F.,.F.,(4,1,4),(4,4),(0.,
0.571428571428571,1.),(0.,0.035817520685302),.UNSPECIFIED.);
#1796=B_SPLINE_SURFACE_WITH_KNOTS('',3,3,((#2866,#2867,#2868,#2869,#2870,
#2871,#2872,#2873,#2874,#2875,#2876),(#2877,#2878,#2879,#2880,#2881,#2882,
#2883,#2884,#2885,#2886,#2887),(#2888,#2889,#2890,#2891,#2892,#2893,#2894,
#2895,#2896,#2897,#2898),(#2899,#2900,#2901,#2902,#2903,#2904,#2905,#2906,
#2907,#2908,#2909),(#2910,#2911,#2912,#2913,#2914,#2915,#2916,#2917,#2918,
#2919,#2920)),.UNSPECIFIED.,.F.,.F.,.F.,(4,1,4),(4,1,1,1,1,1,1,1,4),(0.,
0.571428571428571,1.),(0.,0.0758157124008693,0.151631424801739,0.303262849603477,
0.454894274405216,0.606525699206955,0.758157124008694,0.909788548810432,
1.06141997361217),.UNSPECIFIED.);
#1797=B_SPLINE_SURFACE_WITH_KNOTS('',3,3,((#2946,#2947,#2948,#2949),(#2950,
#2951,#2952,#2953),(#2954,#2955,#2956,#2957),(#2958,#2959,#2960,#2961),
(#2962,#2963,#2964,#2965)),.UNSPECIFIED.,.F.,.F.,.F.,(4,1,4),(4,4),(0.,
0.571428571428571,1.),(0.,0.0358175206853122),.UNSPECIFIED.);
#1798=B_SPLINE_SURFACE_WITH_KNOTS('',3,3,((#2977,#2978,#2979,#2980,#2981,
#2982,#2983,#2984),(#2985,#2986,#2987,#2988,#2989,#2990,#2991,#2992),(#2993,
#2994,#2995,#2996,#2997,#2998,#2999,#3000),(#3001,#3002,#3003,#3004,#3005,
#3006,#3007,#3008),(#3009,#3010,#3011,#3012,#3013,#3014,#3015,#3016)),
 .UNSPECIFIED.,.F.,.F.,.F.,(4,1,4),(4,1,1,1,1,4),(0.,0.571428571428571,
1.),(2.60155261443543E-16,0.379304767046172,0.758609534092344,1.51721906818469,
1.89652383523086,2.6551333693232),.UNSPECIFIED.);
#1799=B_SPLINE_SURFACE_WITH_KNOTS('',3,3,((#3036,#3037,#3038,#3039,#3040),
(#3041,#3042,#3043,#3044,#3045),(#3046,#3047,#3048,#3049,#3050),(#3051,
#3052,#3053,#3054,#3055),(#3056,#3057,#3058,#3059,#3060)),.UNSPECIFIED.,
 .F.,.F.,.F.,(4,1,4),(4,1,4),(0.,0.571428571428571,1.),(2.52322496119174,
2.68881650525539,2.85440804931904),.UNSPECIFIED.);
#1800=B_SPLINE_SURFACE_WITH_KNOTS('',3,3,((#3082,#3083,#3084,#3085,#3086),
(#3087,#3088,#3089,#3090,#3091),(#3092,#3093,#3094,#3095,#3096),(#3097,
#3098,#3099,#3100,#3101),(#3102,#3103,#3104,#3105,#3106)),.UNSPECIFIED.,
 .F.,.F.,.F.,(4,1,4),(4,1,4),(0.,0.571428571428571,1.),(2.16424934101908,
2.32153665256612,2.53125306796217),.UNSPECIFIED.);
#1801=B_SPLINE_SURFACE_WITH_KNOTS('',3,3,((#3139,#3140,#3141,#3142,#3143),
(#3144,#3145,#3146,#3147,#3148),(#3149,#3150,#3151,#3152,#3153),(#3154,
#3155,#3156,#3157,#3158),(#3159,#3160,#3161,#3162,#3163),(#3164,#3165,#3166,
#3167,#3168),(#3169,#3170,#3171,#3172,#3173),(#3174,#3175,#3176,#3177,#3178),
(#3179,#3180,#3181,#3182,#3183),(#3184,#3185,#3186,#3187,#3188),(#3189,
#3190,#3191,#3192,#3193),(#3194,#3195,#3196,#3197,#3198),(#3199,#3200,#3201,
#3202,#3203),(#3204,#3205,#3206,#3207,#3208),(#3209,#3210,#3211,#3212,#3213),
(#3214,#3215,#3216,#3217,#3218),(#3219,#3220,#3221,#3222,#3223),(#3224,
#3225,#3226,#3227,#3228),(#3229,#3230,#3231,#3232,#3233),(#3234,#3235,#3236,
#3237,#3238),(#3239,#3240,#3241,#3242,#3243),(#3244,#3245,#3246,#3247,#3248),
(#3249,#3250,#3251,#3252,#3253),(#3254,#3255,#3256,#3257,#3258),(#3259,
#3260,#3261,#3262,#3263),(#3264,#3265,#3266,#3267,#3268),(#3269,#3270,#3271,
#3272,#3273),(#3274,#3275,#3276,#3277,#3278),(#3279,#3280,#3281,#3282,#3283),
(#3284,#3285,#3286,#3287,#3288),(#3289,#3290,#3291,#3292,#3293),(#3294,
#3295,#3296,#3297,#3298),(#3299,#3300,#3301,#3302,#3303),(#3304,#3305,#3306,
#3307,#3308),(#3309,#3310,#3311,#3312,#3313),(#3314,#3315,#3316,#3317,#3318),
(#3319,#3320,#3321,#3322,#3323),(#3324,#3325,#3326,#3327,#3328),(#3329,
#3330,#3331,#3332,#3333)),.UNSPECIFIED.,.F.,.F.,.F.,(4,1,1,1,1,1,1,1,1,
1,1,1,1,1,1,1,1,1,1,1,1,1,1,1,1,1,1,1,1,1,1,1,1,1,1,1,4),(4,1,4),(0.,0.207789313725248,
0.415578627450496,0.623367941175744,0.727262598038368,0.831157254900992,
0.986999240194928,1.03894656862624,1.24673588235149,1.45452519607674,1.66231450980198,
2.49347176470298,3.32462901960397,3.6016814379043,4.15578627450496,4.43283869280529,
4.605996454243,4.70989111110562,4.77915421568071,4.84841732025579,4.98694352940595,
5.1947328431312,5.29862749999383,5.40252215685645,5.45446948528776,5.48044314950342,
5.50641681371907,5.53239047793473,5.58433780636604,5.6103114705817,5.66225879901301,
5.71420612744432,5.74017979165998,5.76615345587563,5.79212712009129,5.80511395219912,
5.81810078430695),(0.,0.292920590975464,0.683481378942749),
 .UNSPECIFIED.);
#1802=B_SPLINE_SURFACE_WITH_KNOTS('',3,3,((#3454,#3455,#3456,#3457),(#3458,
#3459,#3460,#3461),(#3462,#3463,#3464,#3465),(#3466,#3467,#3468,#3469),
(#3470,#3471,#3472,#3473),(#3474,#3475,#3476,#3477),(#3478,#3479,#3480,
#3481),(#3482,#3483,#3484,#3485),(#3486,#3487,#3488,#3489),(#3490,#3491,
#3492,#3493),(#3494,#3495,#3496,#3497),(#3498,#3499,#3500,#3501),(#3502,
#3503,#3504,#3505),(#3506,#3507,#3508,#3509),(#3510,#3511,#3512,#3513),
(#3514,#3515,#3516,#3517),(#3518,#3519,#3520,#3521),(#3522,#3523,#3524,
#3525),(#3526,#3527,#3528,#3529),(#3530,#3531,#3532,#3533)),
 .UNSPECIFIED.,.F.,.F.,.F.,(4,1,1,1,1,1,1,1,1,1,1,1,1,1,1,1,1,4),(4,4),
(0.,0.0196304579864442,0.0392609159728883,0.0588913739593325,0.0785218319457766,
0.0981522899322208,0.117782747918665,0.137413205905109,0.157043663891553,
0.196304579864442,0.215935037850886,0.225750266844108,0.230657881340719,
0.233111688589024,0.23556549583733,0.245380724830552,0.255195953823774,
0.274826411810218),(0.,0.668899177900247),.UNSPECIFIED.);
#1803=B_SPLINE_SURFACE_WITH_KNOTS('',3,3,((#3593,#3594,#3595,#3596),(#3597,
#3598,#3599,#3600),(#3601,#3602,#3603,#3604),(#3605,#3606,#3607,#3608),
(#3609,#3610,#3611,#3612)),.UNSPECIFIED.,.F.,.F.,.F.,(4,1,4),(4,4),(0.,
0.571428571428571,1.),(2.49495694801019,2.52322496119175),.UNSPECIFIED.);
#1804=B_SPLINE_SURFACE_WITH_KNOTS('',3,3,((#3633,#3634,#3635,#3636,#3637,
#3638,#3639,#3640),(#3641,#3642,#3643,#3644,#3645,#3646,#3647,#3648),(#3649,
#3650,#3651,#3652,#3653,#3654,#3655,#3656),(#3657,#3658,#3659,#3660,#3661,
#3662,#3663,#3664),(#3665,#3666,#3667,#3668,#3669,#3670,#3671,#3672)),
 .UNSPECIFIED.,.F.,.F.,.F.,(4,1,4),(4,1,1,1,1,4),(0.,0.571428571428571,
1.),(0.,0.379312437804589,0.758624875609178,1.13793731341377,1.89656218902294,
2.65518706463212),.UNSPECIFIED.);
#1805=B_SPLINE_SURFACE_WITH_KNOTS('',3,3,((#3692,#3693,#3694,#3695),(#3696,
#3697,#3698,#3699),(#3700,#3701,#3702,#3703),(#3704,#3705,#3706,#3707),
(#3708,#3709,#3710,#3711)),.UNSPECIFIED.,.F.,.F.,.F.,(4,1,4),(4,4),(0.,
0.571428571428571,1.),(1.24339942702837E-15,0.0358175206853124),
 .UNSPECIFIED.);
#1806=B_SPLINE_SURFACE_WITH_KNOTS('',3,3,((#3723,#3724,#3725,#3726,#3727,
#3728,#3729,#3730,#3731),(#3732,#3733,#3734,#3735,#3736,#3737,#3738,#3739,
#3740),(#3741,#3742,#3743,#3744,#3745,#3746,#3747,#3748,#3749),(#3750,#3751,
#3752,#3753,#3754,#3755,#3756,#3757,#3758),(#3759,#3760,#3761,#3762,#3763,
#3764,#3765,#3766,#3767)),.UNSPECIFIED.,.F.,.F.,.F.,(4,1,4),(4,1,1,1,1,
1,4),(0.,0.571428571428571,1.),(0.,0.303262849603479,0.454894274405218,
0.606525699206957,0.758157124008697,0.909788548810436,1.06141997361218),
 .UNSPECIFIED.);
#1807=B_SPLINE_SURFACE_WITH_KNOTS('',3,3,((#3789,#3790,#3791,#3792),(#3793,
#3794,#3795,#3796),(#3797,#3798,#3799,#3800),(#3801,#3802,#3803,#3804),
(#3805,#3806,#3807,#3808)),.UNSPECIFIED.,.F.,.F.,.F.,(4,1,4),(4,4),(0.,
0.571428571428571,1.),(0.,0.035817520685309),.UNSPECIFIED.);
#1808=B_SPLINE_SURFACE_WITH_KNOTS('',3,3,((#3820,#3821,#3822,#3823,#3824,
#3825,#3826,#3827,#3828,#3829,#3830,#3831,#3832,#3833,#3834,#3835,#3836,
#3837,#3838,#3839,#3840,#3841,#3842,#3843,#3844),(#3845,#3846,#3847,#3848,
#3849,#3850,#3851,#3852,#3853,#3854,#3855,#3856,#3857,#3858,#3859,#3860,
#3861,#3862,#3863,#3864,#3865,#3866,#3867,#3868,#3869),(#3870,#3871,#3872,
#3873,#3874,#3875,#3876,#3877,#3878,#3879,#3880,#3881,#3882,#3883,#3884,
#3885,#3886,#3887,#3888,#3889,#3890,#3891,#3892,#3893,#3894),(#3895,#3896,
#3897,#3898,#3899,#3900,#3901,#3902,#3903,#3904,#3905,#3906,#3907,#3908,
#3909,#3910,#3911,#3912,#3913,#3914,#3915,#3916,#3917,#3918,#3919),(#3920,
#3921,#3922,#3923,#3924,#3925,#3926,#3927,#3928,#3929,#3930,#3931,#3932,
#3933,#3934,#3935,#3936,#3937,#3938,#3939,#3940,#3941,#3942,#3943,#3944)),
 .UNSPECIFIED.,.F.,.F.,.F.,(4,1,4),(4,1,1,1,1,1,1,1,1,1,1,1,1,1,1,1,1,1,
1,1,1,1,4),(0.,0.571428571428571,1.),(2.60627283354502E-14,0.11807645339173,
0.236152906783435,0.472305813566843,0.94461162713366,1.88922325426729,2.51896433902305,
2.83383488140093,4.25075232210138,4.48690522888479,4.7230581356682,4.9592110424516,
5.19536394923501,5.43151685601842,5.54959330941013,5.66766976280183,5.90382266958524,
6.13997557636865,6.25805202976035,6.3170902564562,6.37612848315205,6.49420493654376,
6.61228138993546),.UNSPECIFIED.);
#1809=B_SPLINE_SURFACE_WITH_KNOTS('',3,3,((#3998,#3999,#4000,#4001),(#4002,
#4003,#4004,#4005),(#4006,#4007,#4008,#4009),(#4010,#4011,#4012,#4013),
(#4014,#4015,#4016,#4017)),.UNSPECIFIED.,.F.,.F.,.F.,(4,1,4),(4,4),(0.,
0.571428571428571,1.),(0.,0.154401790923628),.UNSPECIFIED.);
#1810=B_SPLINE_SURFACE_WITH_KNOTS('',3,3,((#4029,#4030,#4031,#4032,#4033,
#4034,#4035,#4036,#4037,#4038,#4039,#4040,#4041,#4042,#4043),(#4044,#4045,
#4046,#4047,#4048,#4049,#4050,#4051,#4052,#4053,#4054,#4055,#4056,#4057,
#4058),(#4059,#4060,#4061,#4062,#4063,#4064,#4065,#4066,#4067,#4068,#4069,
#4070,#4071,#4072,#4073),(#4074,#4075,#4076,#4077,#4078,#4079,#4080,#4081,
#4082,#4083,#4084,#4085,#4086,#4087,#4088),(#4089,#4090,#4091,#4092,#4093,
#4094,#4095,#4096,#4097,#4098,#4099,#4100,#4101,#4102,#4103)),
 .UNSPECIFIED.,.F.,.F.,.F.,(4,1,4),(4,1,1,1,1,1,1,1,1,1,1,1,4),(0.,0.571428571428571,
1.),(8.37808432405193E-14,0.105717030499432,0.211434060998781,0.31715109149813,
0.422868121997478,0.528585152496827,0.581443667746501,0.634302182996175,
0.792877728745198,0.845736243994872,1.05717030499357,1.26860436599227,1.48003842699096),
 .UNSPECIFIED.);
#1811=B_SPLINE_SURFACE_WITH_KNOTS('',3,3,((#4137,#4138,#4139,#4140),(#4141,
#4142,#4143,#4144),(#4145,#4146,#4147,#4148),(#4149,#4150,#4151,#4152),
(#4153,#4154,#4155,#4156)),.UNSPECIFIED.,.F.,.F.,.F.,(4,1,4),(4,4),(0.,
0.571428571428571,1.),(5.06250613592434,5.10631526239859),.UNSPECIFIED.);
#1812=B_SPLINE_SURFACE_WITH_KNOTS('',3,3,((#4190,#4191,#4192,#4193),(#4194,
#4195,#4196,#4197),(#4198,#4199,#4200,#4201),(#4202,#4203,#4204,#4205),
(#4206,#4207,#4208,#4209),(#4210,#4211,#4212,#4213),(#4214,#4215,#4216,
#4217),(#4218,#4219,#4220,#4221),(#4222,#4223,#4224,#4225),(#4226,#4227,
#4228,#4229),(#4230,#4231,#4232,#4233),(#4234,#4235,#4236,#4237),(#4238,
#4239,#4240,#4241),(#4242,#4243,#4244,#4245),(#4246,#4247,#4248,#4249),
(#4250,#4251,#4252,#4253),(#4254,#4255,#4256,#4257),(#4258,#4259,#4260,
#4261),(#4262,#4263,#4264,#4265),(#4266,#4267,#4268,#4269)),
 .UNSPECIFIED.,.F.,.F.,.F.,(4,1,1,1,1,1,1,1,1,1,1,1,1,1,1,1,1,4),(4,4),
(0.,0.0196304579864442,0.0392609159728883,0.0588913739593325,0.0785218319457766,
0.0981522899322208,0.117782747918665,0.137413205905109,0.157043663891553,
0.196304579864442,0.215935037850886,0.225750266844108,0.230657881340719,
0.233111688589024,0.23556549583733,0.245380724830552,0.255195953823774,
0.274826411810218),(0.,0.668899177900247),.UNSPECIFIED.);
#1813=B_SPLINE_SURFACE_WITH_KNOTS('',3,3,((#4333,#4334,#4335,#4336,#4337),
(#4338,#4339,#4340,#4341,#4342),(#4343,#4344,#4345,#4346,#4347),(#4348,
#4349,#4350,#4351,#4352),(#4353,#4354,#4355,#4356,#4357),(#4358,#4359,#4360,
#4361,#4362),(#4363,#4364,#4365,#4366,#4367),(#4368,#4369,#4370,#4371,#4372),
(#4373,#4374,#4375,#4376,#4377),(#4378,#4379,#4380,#4381,#4382),(#4383,
#4384,#4385,#4386,#4387),(#4388,#4389,#4390,#4391,#4392),(#4393,#4394,#4395,
#4396,#4397),(#4398,#4399,#4400,#4401,#4402),(#4403,#4404,#4405,#4406,#4407),
(#4408,#4409,#4410,#4411,#4412),(#4413,#4414,#4415,#4416,#4417),(#4418,
#4419,#4420,#4421,#4422),(#4423,#4424,#4425,#4426,#4427),(#4428,#4429,#4430,
#4431,#4432),(#4433,#4434,#4435,#4436,#4437),(#4438,#4439,#4440,#4441,#4442),
(#4443,#4444,#4445,#4446,#4447),(#4448,#4449,#4450,#4451,#4452),(#4453,
#4454,#4455,#4456,#4457),(#4458,#4459,#4460,#4461,#4462),(#4463,#4464,#4465,
#4466,#4467),(#4468,#4469,#4470,#4471,#4472),(#4473,#4474,#4475,#4476,#4477),
(#4478,#4479,#4480,#4481,#4482),(#4483,#4484,#4485,#4486,#4487),(#4488,
#4489,#4490,#4491,#4492),(#4493,#4494,#4495,#4496,#4497),(#4498,#4499,#4500,
#4501,#4502),(#4503,#4504,#4505,#4506,#4507),(#4508,#4509,#4510,#4511,#4512),
(#4513,#4514,#4515,#4516,#4517),(#4518,#4519,#4520,#4521,#4522),(#4523,
#4524,#4525,#4526,#4527)),.UNSPECIFIED.,.F.,.F.,.F.,(4,1,1,1,1,1,1,1,1,
1,1,1,1,1,1,1,1,1,1,1,1,1,1,1,1,1,1,1,1,1,1,1,1,1,1,1,4),(4,1,4),(0.,0.207789313725248,
0.415578627450496,0.623367941175744,0.727262598038368,0.831157254900992,
0.986999240194928,1.03894656862624,1.24673588235149,1.45452519607674,1.66231450980198,
2.49347176470298,3.32462901960397,3.6016814379043,4.15578627450496,4.43283869280529,
4.64062800653054,4.70989111110562,4.79646999182448,4.84841732025579,4.98694352940595,
5.1947328431312,5.29862749999383,5.40252215685645,5.45446948528776,5.48044314950342,
5.50641681371907,5.53239047793473,5.58433780636604,5.6103114705817,5.66225879901301,
5.71420612744432,5.74017979165998,5.76615345587563,5.79212712009129,5.80511395219912,
5.81810078430695),(0.,0.300328387734331,0.700766238046773),
 .UNSPECIFIED.);
#1814=B_SPLINE_SURFACE_WITH_KNOTS('',3,3,((#4648,#4649,#4650,#4651),(#4652,
#4653,#4654,#4655),(#4656,#4657,#4658,#4659),(#4660,#4661,#4662,#4663),
(#4664,#4665,#4666,#4667),(#4668,#4669,#4670,#4671),(#4672,#4673,#4674,
#4675),(#4676,#4677,#4678,#4679),(#4680,#4681,#4682,#4683),(#4684,#4685,
#4686,#4687),(#4688,#4689,#4690,#4691),(#4692,#4693,#4694,#4695),(#4696,
#4697,#4698,#4699),(#4700,#4701,#4702,#4703),(#4704,#4705,#4706,#4707),
(#4708,#4709,#4710,#4711),(#4712,#4713,#4714,#4715),(#4716,#4717,#4718,
#4719)),.UNSPECIFIED.,.F.,.F.,.F.,(4,1,1,1,1,1,1,1,1,1,1,1,1,1,1,4),(4,
4),(0.318908210240625,0.320241317682455,0.321574425124284,0.322240978845199,
0.322907532566114,0.323574086287028,0.323740724717257,0.324240640007943,
0.324907193728858,0.325240470589315,0.325573747449772,0.326240301170687,
0.326573578031145,0.326906854891602,0.327573408612517,0.328239962333431),
(0.,0.657950058596496),.UNSPECIFIED.);
#1815=B_SPLINE_SURFACE_WITH_KNOTS('',3,3,((#4914,#4915,#4916,#4917),(#4918,
#4919,#4920,#4921),(#4922,#4923,#4924,#4925),(#4926,#4927,#4928,#4929),
(#4930,#4931,#4932,#4933),(#4934,#4935,#4936,#4937),(#4938,#4939,#4940,
#4941),(#4942,#4943,#4944,#4945),(#4946,#4947,#4948,#4949),(#4950,#4951,
#4952,#4953),(#4954,#4955,#4956,#4957),(#4958,#4959,#4960,#4961),(#4962,
#4963,#4964,#4965),(#4966,#4967,#4968,#4969),(#4970,#4971,#4972,#4973),
(#4974,#4975,#4976,#4977),(#4978,#4979,#4980,#4981),(#4982,#4983,#4984,
#4985)),.UNSPECIFIED.,.F.,.F.,.F.,(4,1,1,1,1,1,1,1,1,1,1,1,1,1,1,4),(4,
4),(0.318908210240625,0.320241317682455,0.321574425124284,0.322240978845199,
0.322907532566114,0.323574086287028,0.323740724717257,0.324240640007943,
0.324907193728858,0.325240470589315,0.325573747449772,0.326240301170687,
0.326573578031145,0.326906854891602,0.327573408612517,0.328239962333431),
(0.,0.657950058596495),.UNSPECIFIED.);
#1816=ADVANCED_FACE('',(#394),#1792,.T.);
#1817=ADVANCED_FACE('',(#395),#1793,.T.);
#1818=ADVANCED_FACE('',(#396),#1794,.T.);
#1819=ADVANCED_FACE('',(#397),#1795,.T.);
#1820=ADVANCED_FACE('',(#398),#1796,.T.);
#1821=ADVANCED_FACE('',(#399),#1797,.T.);
#1822=ADVANCED_FACE('',(#400),#1798,.T.);
#1823=ADVANCED_FACE('',(#401),#1799,.T.);
#1824=ADVANCED_FACE('',(#402),#1800,.T.);
#1825=ADVANCED_FACE('',(#403),#386,.T.);
#1826=ADVANCED_FACE('',(#404),#1801,.F.);
#1827=ADVANCED_FACE('',(#405),#387,.T.);
#1828=ADVANCED_FACE('',(#406),#1802,.F.);
#1829=ADVANCED_FACE('',(#407),#388,.T.);
#1830=ADVANCED_FACE('',(#408),#1803,.T.);
#1831=ADVANCED_FACE('',(#409),#1804,.T.);
#1832=ADVANCED_FACE('',(#410),#1805,.T.);
#1833=ADVANCED_FACE('',(#411),#1806,.T.);
#1834=ADVANCED_FACE('',(#412),#1807,.T.);
#1835=ADVANCED_FACE('',(#413),#1808,.T.);
#1836=ADVANCED_FACE('',(#414),#1809,.T.);
#1837=ADVANCED_FACE('',(#415),#1810,.T.);
#1838=ADVANCED_FACE('',(#416),#1811,.T.);
#1839=ADVANCED_FACE('',(#417),#389,.T.);
#1840=ADVANCED_FACE('',(#418),#1812,.T.);
#1841=ADVANCED_FACE('',(#419),#390,.T.);
#1842=ADVANCED_FACE('',(#420),#1813,.T.);
#1843=ADVANCED_FACE('',(#421),#391,.T.);
#1844=ADVANCED_FACE('',(#422),#1814,.T.);
#1845=ADVANCED_FACE('',(#423),#392,.T.);
#1846=ADVANCED_FACE('',(#424),#131,.T.);
#1847=ADVANCED_FACE('',(#425,#50,#51,#52,#53),#73,.F.);
#1848=ADVANCED_FACE('',(#426),#74,.T.);
#1849=ADVANCED_FACE('',(#427),#75,.T.);
#1850=ADVANCED_FACE('',(#428),#76,.T.);
#1851=ADVANCED_FACE('',(#429),#77,.T.);
#1852=ADVANCED_FACE('',(#430),#78,.T.);
#1853=ADVANCED_FACE('',(#431),#16,.F.);
#1854=ADVANCED_FACE('',(#432),#79,.F.);
#1855=ADVANCED_FACE('',(#433),#80,.F.);
#1856=ADVANCED_FACE('',(#434),#81,.F.);
#1857=ADVANCED_FACE('',(#435),#393,.T.);
#1858=ADVANCED_FACE('',(#436),#1815,.F.);
#1859=ADVANCED_FACE('',(#437),#82,.F.);
#1860=ADVANCED_FACE('',(#438),#83,.F.);
#1861=ADVANCED_FACE('',(#439),#84,.F.);
#1862=ADVANCED_FACE('',(#440),#85,.F.);
#1863=ADVANCED_FACE('',(#441),#86,.F.);
#1864=ADVANCED_FACE('',(#442),#87,.F.);
#1865=ADVANCED_FACE('',(#443),#88,.F.);
#1866=ADVANCED_FACE('',(#444),#89,.F.);
#1867=ADVANCED_FACE('',(#445),#90,.T.);
#1868=ADVANCED_FACE('',(#446),#91,.F.);
#1869=ADVANCED_FACE('',(#447),#92,.T.);
#1870=ADVANCED_FACE('',(#448),#93,.F.);
#1871=ADVANCED_FACE('',(#449),#94,.F.);
#1872=ADVANCED_FACE('',(#450),#15,.T.);
#1873=ADVANCED_FACE('',(#451,#54,#55,#56,#57),#95,.F.);
#1874=ADVANCED_FACE('',(#452),#96,.F.);
#1875=ADVANCED_FACE('',(#453),#97,.F.);
#1876=ADVANCED_FACE('',(#454),#98,.F.);
#1877=ADVANCED_FACE('',(#455,#58,#59,#60,#61,#62,#63),#17,.T.);
#1878=ADVANCED_FACE('',(#456),#99,.F.);
#1879=ADVANCED_FACE('',(#457),#100,.F.);
#1880=ADVANCED_FACE('',(#458),#101,.F.);
#1881=ADVANCED_FACE('',(#459),#102,.F.);
#1882=ADVANCED_FACE('',(#460),#103,.F.);
#1883=ADVANCED_FACE('',(#461),#104,.F.);
#1884=ADVANCED_FACE('',(#462,#64),#105,.F.);
#1885=ADVANCED_FACE('',(#463),#106,.F.);
#1886=ADVANCED_FACE('',(#464),#107,.F.);
#1887=ADVANCED_FACE('',(#465),#108,.F.);
#1888=ADVANCED_FACE('',(#466),#109,.F.);
#1889=ADVANCED_FACE('',(#467),#110,.F.);
#1890=ADVANCED_FACE('',(#468),#111,.F.);
#1891=ADVANCED_FACE('',(#469,#65),#112,.F.);
#1892=ADVANCED_FACE('',(#470),#113,.F.);
#1893=ADVANCED_FACE('',(#471),#114,.F.);
#1894=ADVANCED_FACE('',(#472),#115,.F.);
#1895=ADVANCED_FACE('',(#473),#116,.F.);
#1896=ADVANCED_FACE('',(#474),#117,.F.);
#1897=ADVANCED_FACE('',(#475),#118,.F.);
#1898=ADVANCED_FACE('',(#476,#66),#119,.F.);
#1899=ADVANCED_FACE('',(#477),#120,.F.);
#1900=ADVANCED_FACE('',(#478),#121,.F.);
#1901=ADVANCED_FACE('',(#479),#122,.F.);
#1902=ADVANCED_FACE('',(#480),#123,.F.);
#1903=ADVANCED_FACE('',(#481),#124,.F.);
#1904=ADVANCED_FACE('',(#482),#125,.F.);
#1905=ADVANCED_FACE('',(#483,#67),#126,.F.);
#1906=ADVANCED_FACE('',(#484),#18,.F.);
#1907=ADVANCED_FACE('',(#485,#68),#127,.T.);
#1908=ADVANCED_FACE('',(#486),#19,.F.);
#1909=ADVANCED_FACE('',(#487,#69),#128,.T.);
#1910=ADVANCED_FACE('',(#488),#20,.F.);
#1911=ADVANCED_FACE('',(#489,#70),#129,.T.);
#1912=ADVANCED_FACE('',(#490),#21,.F.);
#1913=ADVANCED_FACE('',(#491,#71),#130,.T.);
#1914=ADVANCED_FACE('',(#492),#22,.F.);
#1915=ADVANCED_FACE('',(#493),#23,.F.);
#1916=ADVANCED_FACE('',(#494),#24,.F.);
#1917=ADVANCED_FACE('',(#495),#25,.F.);
#1918=ADVANCED_FACE('',(#496),#26,.F.);
#1919=ADVANCED_FACE('',(#497),#27,.F.);
#1920=ADVANCED_FACE('',(#498),#28,.F.);
#1921=ADVANCED_FACE('',(#499),#29,.F.);
#1922=ADVANCED_FACE('',(#500,#72),#30,.F.);
#1923=ADVANCED_FACE('',(#501),#31,.F.);
#1924=CLOSED_SHELL('',(#1816,#1817,#1818,#1819,#1820,#1821,#1822,#1823,
#1824,#1825,#1826,#1827,#1828,#1829,#1830,#1831,#1832,#1833,#1834,#1835,
#1836,#1837,#1838,#1839,#1840,#1841,#1842,#1843,#1844,#1845,#1846,#1847,
#1848,#1849,#1850,#1851,#1852,#1853,#1854,#1855,#1856,#1857,#1858,#1859,
#1860,#1861,#1862,#1863,#1864,#1865,#1866,#1867,#1868,#1869,#1870,#1871,
#1872,#1873,#1874,#1875,#1876,#1877,#1878,#1879,#1880,#1881,#1882,#1883,
#1884,#1885,#1886,#1887,#1888,#1889,#1890,#1891,#1892,#1893,#1894,#1895,
#1896,#1897,#1898,#1899,#1900,#1901,#1902,#1903,#1904,#1905,#1906,#1907,
#1908,#1909,#1910,#1911,#1912,#1913,#1914,#1915,#1916,#1917,#1918,#1919,
#1920,#1921,#1922,#1923));
#1925=DERIVED_UNIT_ELEMENT(#1927,1.);
#1926=DERIVED_UNIT_ELEMENT(#5609,-3.);
#1927=(
MASS_UNIT()
NAMED_UNIT(*)
SI_UNIT(.KILO.,.GRAM.)
);
#1928=DERIVED_UNIT((#1925,#1926));
#1929=MEASURE_REPRESENTATION_ITEM('density measure',
POSITIVE_RATIO_MEASURE(7850.),#1928);
#1930=PROPERTY_DEFINITION_REPRESENTATION(#1935,#1932);
#1931=PROPERTY_DEFINITION_REPRESENTATION(#1936,#1933);
#1932=REPRESENTATION('material name',(#1934),#5606);
#1933=REPRESENTATION('density',(#1929),#5606);
#1934=DESCRIPTIVE_REPRESENTATION_ITEM('Steel','Steel');
#1935=PROPERTY_DEFINITION('material property','material name',#5616);
#1936=PROPERTY_DEFINITION('material property','density of part',#5616);
#1937=AXIS2_PLACEMENT_3D('',#2535,#2094,#2095);
#1938=AXIS2_PLACEMENT_3D('',#2603,#2096,#2097);
#1939=AXIS2_PLACEMENT_3D('',#2619,#2098,#2099);
#1940=AXIS2_PLACEMENT_3D('',#2655,#2100,#2101);
#1941=AXIS2_PLACEMENT_3D('',#2810,#2102,#2103);
#1942=AXIS2_PLACEMENT_3D('',#2861,#2104,#2105);
#1943=AXIS2_PLACEMENT_3D('',#2934,#2106,#2107);
#1944=AXIS2_PLACEMENT_3D('',#2972,#2108,#2109);
#1945=AXIS2_PLACEMENT_3D('',#3019,#2110,#2111);
#1946=AXIS2_PLACEMENT_3D('',#3128,#2112,#2113);
#1947=AXIS2_PLACEMENT_3D('',#3449,#2114,#2115);
#1948=AXIS2_PLACEMENT_3D('',#3591,#2116,#2117);
#1949=AXIS2_PLACEMENT_3D('',#3628,#2119,#2120);
#1950=AXIS2_PLACEMENT_3D('',#3683,#2121,#2122);
#1951=AXIS2_PLACEMENT_3D('',#3714,#2123,#2124);
#1952=AXIS2_PLACEMENT_3D('',#3779,#2125,#2126);
#1953=AXIS2_PLACEMENT_3D('',#3811,#2127,#2128);
#1954=AXIS2_PLACEMENT_3D('',#3947,#2129,#2130);
#1955=AXIS2_PLACEMENT_3D('',#4020,#2131,#2132);
#1956=AXIS2_PLACEMENT_3D('',#4106,#2133,#2134);
#1957=AXIS2_PLACEMENT_3D('',#4174,#2135,#2136);
#1958=AXIS2_PLACEMENT_3D('',#4327,#2139,#2140);
#1959=AXIS2_PLACEMENT_3D('',#4643,#2141,#2142);
#1960=AXIS2_PLACEMENT_3D('',#4771,#2143,#2144);
#1961=AXIS2_PLACEMENT_3D('',#4782,#2147,#2148);
#1962=AXIS2_PLACEMENT_3D('',#4783,#2149,#2150);
#1963=AXIS2_PLACEMENT_3D('',#4785,#2151,#2152);
#1964=AXIS2_PLACEMENT_3D('',#4806,#2153,#2154);
#1965=AXIS2_PLACEMENT_3D('',#4826,#2155,#2156);
#1966=AXIS2_PLACEMENT_3D('',#4827,#2157,#2158);
#1967=AXIS2_PLACEMENT_3D('',#4851,#2162,#2163);
#1968=AXIS2_PLACEMENT_3D('',#4853,#2164,#2165);
#1969=AXIS2_PLACEMENT_3D('',#4855,#2166,#2167);
#1970=AXIS2_PLACEMENT_3D('',#4857,#2168,#2169);
#1971=AXIS2_PLACEMENT_3D('',#4858,#2170,#2171);
#1972=AXIS2_PLACEMENT_3D('',#4862,#2173,#2174);
#1973=AXIS2_PLACEMENT_3D('',#4869,#2178,#2179);
#1974=AXIS2_PLACEMENT_3D('',#4870,#2180,#2181);
#1975=AXIS2_PLACEMENT_3D('',#4872,#2182,#2183);
#1976=AXIS2_PLACEMENT_3D('',#4876,#2186,#2187);
#1977=AXIS2_PLACEMENT_3D('',#4882,#2191,#2192);
#1978=AXIS2_PLACEMENT_3D('',#4883,#2193,#2194);
#1979=AXIS2_PLACEMENT_3D('',#4885,#2196,#2197);
#1980=AXIS2_PLACEMENT_3D('',#4886,#2198,#2199);
#1981=AXIS2_PLACEMENT_3D('',#4888,#2200,#2201);
#1982=AXIS2_PLACEMENT_3D('',#4890,#2202,#2203);
#1983=AXIS2_PLACEMENT_3D('',#4892,#2205,#2206);
#1984=AXIS2_PLACEMENT_3D('',#4894,#2207,#2208);
#1985=AXIS2_PLACEMENT_3D('',#4898,#2211,#2212);
#1986=AXIS2_PLACEMENT_3D('',#4904,#2216,#2217);
#1987=AXIS2_PLACEMENT_3D('',#4905,#2218,#2219);
#1988=AXIS2_PLACEMENT_3D('',#4909,#2222,#2223);
#1989=AXIS2_PLACEMENT_3D('',#5032,#2224,#2225);
#1990=AXIS2_PLACEMENT_3D('',#5033,#2226,#2227);
#1991=AXIS2_PLACEMENT_3D('',#5042,#2232,#2233);
#1992=AXIS2_PLACEMENT_3D('',#5046,#2235,#2236);
#1993=AXIS2_PLACEMENT_3D('',#5048,#2238,#2239);
#1994=AXIS2_PLACEMENT_3D('',#5054,#2243,#2244);
#1995=AXIS2_PLACEMENT_3D('',#5063,#2249,#2250);
#1996=AXIS2_PLACEMENT_3D('',#5068,#2254,#2255);
#1997=AXIS2_PLACEMENT_3D('',#5072,#2258,#2259);
#1998=AXIS2_PLACEMENT_3D('',#5078,#2263,#2264);
#1999=AXIS2_PLACEMENT_3D('',#5079,#2265,#2266);
#2000=AXIS2_PLACEMENT_3D('',#5080,#2267,#2268);
#2001=AXIS2_PLACEMENT_3D('',#5081,#2269,#2270);
#2002=AXIS2_PLACEMENT_3D('',#5083,#2271,#2272);
#2003=AXIS2_PLACEMENT_3D('',#5087,#2275,#2276);
#2004=AXIS2_PLACEMENT_3D('',#5088,#2277,#2278);
#2005=AXIS2_PLACEMENT_3D('',#5092,#2281,#2282);
#2006=AXIS2_PLACEMENT_3D('',#5095,#2284,#2285);
#2007=AXIS2_PLACEMENT_3D('',#5096,#2286,#2287);
#2008=AXIS2_PLACEMENT_3D('',#5126,#2289,#2290);
#2009=AXIS2_PLACEMENT_3D('',#5154,#2291,#2292);
#2010=AXIS2_PLACEMENT_3D('',#5173,#2293,#2294);
#2011=AXIS2_PLACEMENT_3D('',#5205,#2295,#2296);
#2012=AXIS2_PLACEMENT_3D('',#5234,#2297,#2298);
#2013=AXIS2_PLACEMENT_3D('',#5235,#2299,#2300);
#2014=AXIS2_PLACEMENT_3D('',#5239,#2303,#2304);
#2015=AXIS2_PLACEMENT_3D('',#5241,#2305,#2306);
#2016=AXIS2_PLACEMENT_3D('',#5243,#2307,#2308);
#2017=AXIS2_PLACEMENT_3D('',#5245,#2309,#2310);
#2018=AXIS2_PLACEMENT_3D('',#5246,#2311,#2312);
#2019=AXIS2_PLACEMENT_3D('',#5249,#2315,#2316);
#2020=AXIS2_PLACEMENT_3D('',#5251,#2318,#2319);
#2021=AXIS2_PLACEMENT_3D('',#5253,#2321,#2322);
#2022=AXIS2_PLACEMENT_3D('',#5257,#2324,#2325);
#2023=AXIS2_PLACEMENT_3D('',#5259,#2326,#2327);
#2024=AXIS2_PLACEMENT_3D('',#5416,#2329,#2330);
#2025=AXIS2_PLACEMENT_3D('',#5418,#2331,#2332);
#2026=AXIS2_PLACEMENT_3D('',#5422,#2334,#2335);
#2027=AXIS2_PLACEMENT_3D('',#5424,#2336,#2337);
#2028=AXIS2_PLACEMENT_3D('',#5428,#2339,#2340);
#2029=AXIS2_PLACEMENT_3D('',#5432,#2342,#2343);
#2030=AXIS2_PLACEMENT_3D('',#5434,#2344,#2345);
#2031=AXIS2_PLACEMENT_3D('',#5437,#2347,#2348);
#2032=AXIS2_PLACEMENT_3D('',#5440,#2349,#2350);
#2033=AXIS2_PLACEMENT_3D('',#5444,#2352,#2353);
#2034=AXIS2_PLACEMENT_3D('',#5446,#2354,#2355);
#2035=AXIS2_PLACEMENT_3D('',#5449,#2357,#2358);
#2036=AXIS2_PLACEMENT_3D('',#5450,#2359,#2360);
#2037=AXIS2_PLACEMENT_3D('',#5456,#2364,#2365);
#2038=AXIS2_PLACEMENT_3D('',#5460,#2368,#2369);
#2039=AXIS2_PLACEMENT_3D('',#5464,#2372,#2373);
#2040=AXIS2_PLACEMENT_3D('',#5468,#2376,#2377);
#2041=AXIS2_PLACEMENT_3D('',#5472,#2380,#2381);
#2042=AXIS2_PLACEMENT_3D('',#5474,#2383,#2384);
#2043=AXIS2_PLACEMENT_3D('',#5476,#2385,#2386);
#2044=AXIS2_PLACEMENT_3D('',#5477,#2387,#2388);
#2045=AXIS2_PLACEMENT_3D('',#5483,#2392,#2393);
#2046=AXIS2_PLACEMENT_3D('',#5487,#2396,#2397);
#2047=AXIS2_PLACEMENT_3D('',#5491,#2400,#2401);
#2048=AXIS2_PLACEMENT_3D('',#5495,#2404,#2405);
#2049=AXIS2_PLACEMENT_3D('',#5499,#2408,#2409);
#2050=AXIS2_PLACEMENT_3D('',#5501,#2411,#2412);
#2051=AXIS2_PLACEMENT_3D('',#5503,#2413,#2414);
#2052=AXIS2_PLACEMENT_3D('',#5504,#2415,#2416);
#2053=AXIS2_PLACEMENT_3D('',#5510,#2420,#2421);
#2054=AXIS2_PLACEMENT_3D('',#5514,#2424,#2425);
#2055=AXIS2_PLACEMENT_3D('',#5518,#2428,#2429);
#2056=AXIS2_PLACEMENT_3D('',#5522,#2432,#2433);
#2057=AXIS2_PLACEMENT_3D('',#5526,#2436,#2437);
#2058=AXIS2_PLACEMENT_3D('',#5528,#2439,#2440);
#2059=AXIS2_PLACEMENT_3D('',#5530,#2441,#2442);
#2060=AXIS2_PLACEMENT_3D('',#5531,#2443,#2444);
#2061=AXIS2_PLACEMENT_3D('',#5537,#2448,#2449);
#2062=AXIS2_PLACEMENT_3D('',#5541,#2452,#2453);
#2063=AXIS2_PLACEMENT_3D('',#5545,#2456,#2457);
#2064=AXIS2_PLACEMENT_3D('',#5549,#2460,#2461);
#2065=AXIS2_PLACEMENT_3D('',#5553,#2464,#2465);
#2066=AXIS2_PLACEMENT_3D('',#5555,#2467,#2468);
#2067=AXIS2_PLACEMENT_3D('',#5557,#2469,#2470);
#2068=AXIS2_PLACEMENT_3D('',#5558,#2471,#2472);
#2069=AXIS2_PLACEMENT_3D('',#5560,#2473,#2474);
#2070=AXIS2_PLACEMENT_3D('',#5562,#2476,#2477);
#2071=AXIS2_PLACEMENT_3D('',#5564,#2478,#2479);
#2072=AXIS2_PLACEMENT_3D('',#5565,#2480,#2481);
#2073=AXIS2_PLACEMENT_3D('',#5567,#2482,#2483);
#2074=AXIS2_PLACEMENT_3D('',#5569,#2485,#2486);
#2075=AXIS2_PLACEMENT_3D('',#5571,#2487,#2488);
#2076=AXIS2_PLACEMENT_3D('',#5572,#2489,#2490);
#2077=AXIS2_PLACEMENT_3D('',#5574,#2491,#2492);
#2078=AXIS2_PLACEMENT_3D('',#5576,#2494,#2495);
#2079=AXIS2_PLACEMENT_3D('',#5578,#2496,#2497);
#2080=AXIS2_PLACEMENT_3D('',#5579,#2498,#2499);
#2081=AXIS2_PLACEMENT_3D('',#5581,#2500,#2501);
#2082=AXIS2_PLACEMENT_3D('',#5583,#2503,#2504);
#2083=AXIS2_PLACEMENT_3D('',#5585,#2505,#2506);
#2084=AXIS2_PLACEMENT_3D('',#5586,#2507,#2508);
#2085=AXIS2_PLACEMENT_3D('',#5588,#2510,#2511);
#2086=AXIS2_PLACEMENT_3D('',#5590,#2513,#2514);
#2087=AXIS2_PLACEMENT_3D('',#5592,#2516,#2517);
#2088=AXIS2_PLACEMENT_3D('',#5594,#2519,#2520);
#2089=AXIS2_PLACEMENT_3D('',#5596,#2522,#2523);
#2090=AXIS2_PLACEMENT_3D('',#5598,#2525,#2526);
#2091=AXIS2_PLACEMENT_3D('',#5600,#2528,#2529);
#2092=AXIS2_PLACEMENT_3D('',#5602,#2531,#2532);
#2093=AXIS2_PLACEMENT_3D('',#5603,#2533,#2534);
#2094=DIRECTION('axis',(0.,0.,1.));
#2095=DIRECTION('refdir',(1.,0.,0.));
#2096=DIRECTION('center_axis',(-0.589706872622459,-0.189445098883075,-0.785083663625108));
#2097=DIRECTION('ref_axis',(0.0319732587589357,0.965860043556482,-0.257083813153229));
#2098=DIRECTION('center_axis',(0.0947990273510848,0.992992488335162,0.0705624724852504));
#2099=DIRECTION('ref_axis',(0.597088964186325,0.,-0.802175023823917));
#2100=DIRECTION('center_axis',(-0.536045696313754,0.189445098882479,-0.822657623785807));
#2101=DIRECTION('ref_axis',(0.252515260686576,0.9658600435566,0.0578828073026264));
#2102=DIRECTION('center_axis',(0.0725204300749229,0.985334225094072,0.154457929806189));
#2103=DIRECTION('ref_axis',(0.699541663085431,-0.160636388748241,0.69630267284967));
#2104=DIRECTION('center_axis',(0.112096029085259,0.965101665879276,0.236671195502038));
#2105=DIRECTION('ref_axis',(0.689035951709559,-0.247105608006806,0.68129896208881));
#2106=DIRECTION('center_axis',(0.184059076031875,-0.965101665879279,0.18628212755746));
#2107=DIRECTION('ref_axis',(-0.404547432263714,-0.247105608006788,-0.880499967938915));
#2108=DIRECTION('center_axis',(0.120339528972452,-0.985334225094077,0.120974636287706));
#2109=DIRECTION('ref_axis',(-0.415053143639563,-0.160636388748211,-0.895503678699786));
#2110=DIRECTION('center_axis',(0.0603654521797977,-0.997097184196081,0.0464027741775737));
#2111=DIRECTION('ref_axis',(-0.421286146289591,-0.0675942586471745,-0.904405329010397));
#2112=DIRECTION('center_axis',(0.819152044288992,0.,-0.573576436351046));
#2113=DIRECTION('ref_axis',(0.565894614109118,0.163114463972143,0.808181265166035));
#2114=DIRECTION('center_axis',(0.819152044288992,0.,-0.573576436351046));
#2115=DIRECTION('ref_axis',(-0.11197210889775,-0.980759991584503,-0.159912744133033));
#2116=DIRECTION('center_axis',(0.819152044288992,0.,-0.573576436351046));
#2117=DIRECTION('ref_axis',(0.570361355532746,-0.105731854528354,0.814560433026822));
#2118=DIRECTION('',(0.877568912524543,0.12202744939697,-0.463661628091177));
#2119=DIRECTION('center_axis',(0.0603654521798057,0.99709718419608,-0.0464027741775797));
#2120=DIRECTION('ref_axis',(0.42128614628959,-0.0675942586471832,-0.904405329010397));
#2121=DIRECTION('center_axis',(0.120339528972457,0.985334225094077,-0.120974636287702));
#2122=DIRECTION('ref_axis',(0.415053143639586,-0.160636388748211,-0.895503678699776));
#2123=DIRECTION('center_axis',(0.184059076031871,0.965101665879275,-0.186282127557482));
#2124=DIRECTION('ref_axis',(0.40454743226371,-0.247105608006806,-0.880499967938912));
#2125=DIRECTION('center_axis',(0.112096029085237,-0.965101665879279,-0.236671195502035));
#2126=DIRECTION('ref_axis',(-0.689035951709562,-0.247105608006789,0.681298962088813));
#2127=DIRECTION('center_axis',(0.0725204300749203,-0.985334225094073,-0.154457929806183));
#2128=DIRECTION('ref_axis',(-0.699541663085432,-0.160636388748235,0.69630267284967));
#2129=DIRECTION('center_axis',(-0.536045696306225,-0.189445098914022,0.822657623783449));
#2130=DIRECTION('ref_axis',(-0.252515260704862,0.965860043550253,0.0578828073287612));
#2131=DIRECTION('center_axis',(-0.589706872622455,0.189445098882551,0.785083663625237));
#2132=DIRECTION('ref_axis',(-0.0319732587592939,0.965860043556576,-0.257083813152833));
#2133=DIRECTION('center_axis',(-0.0947990273510848,0.992992488335162,0.0705624724852504));
#2134=DIRECTION('ref_axis',(0.419452025224277,0.104125550079887,-0.901785932666846));
#2135=DIRECTION('center_axis',(-0.819152044288992,0.,-0.573576436351046));
#2136=DIRECTION('ref_axis',(-0.570361355532746,-0.105731854528354,0.814560433026822));
#2137=DIRECTION('',(0.90630778703665,0.,0.4226182617407));
#2138=DIRECTION('',(-0.877568912524543,0.12202744939697,-0.463661628091177));
#2139=DIRECTION('center_axis',(-0.819152044288992,0.,-0.573576436351046));
#2140=DIRECTION('ref_axis',(0.11197210889775,-0.980759991584503,-0.159912744133033));
#2141=DIRECTION('center_axis',(-0.819152044288992,0.,-0.573576436351046));
#2142=DIRECTION('ref_axis',(-0.565894614109118,0.163114463972143,0.808181265166035));
#2143=DIRECTION('center_axis',(-0.819152044288992,0.,-0.573576436351046));
#2144=DIRECTION('ref_axis',(0.,-1.,0.));
#2145=DIRECTION('',(-0.90630778703665,0.,-0.4226182617407));
#2146=DIRECTION('',(-0.880633059330574,-0.116370861066207,-0.459285572937779));
#2147=DIRECTION('center_axis',(0.,1.,0.));
#2148=DIRECTION('ref_axis',(0.,0.,1.));
#2149=DIRECTION('center_axis',(0.,1.,0.));
#2150=DIRECTION('ref_axis',(4.9789962505148E-17,0.,1.));
#2151=DIRECTION('center_axis',(0.,1.,0.));
#2152=DIRECTION('ref_axis',(4.9789962505148E-17,0.,1.));
#2153=DIRECTION('center_axis',(0.,-1.,0.));
#2154=DIRECTION('ref_axis',(4.9789962505148E-17,0.,1.));
#2155=DIRECTION('center_axis',(0.,1.,0.));
#2156=DIRECTION('ref_axis',(4.9789962505148E-17,0.,1.));
#2157=DIRECTION('center_axis',(-1.,0.,0.));
#2158=DIRECTION('ref_axis',(0.,0.,1.));
#2159=DIRECTION('',(0.,0.,-1.));
#2160=DIRECTION('',(0.,1.,0.));
#2161=DIRECTION('',(0.,1.,0.));
#2162=DIRECTION('center_axis',(-1.,0.,0.));
#2163=DIRECTION('ref_axis',(0.,1.,0.));
#2164=DIRECTION('center_axis',(-1.,0.,0.));
#2165=DIRECTION('ref_axis',(0.,1.,0.));
#2166=DIRECTION('center_axis',(-1.,0.,0.));
#2167=DIRECTION('ref_axis',(0.,1.,0.));
#2168=DIRECTION('center_axis',(-1.,0.,0.));
#2169=DIRECTION('ref_axis',(0.,1.,0.));
#2170=DIRECTION('center_axis',(0.,1.,0.));
#2171=DIRECTION('ref_axis',(-1.,0.,0.));
#2172=DIRECTION('',(0.,0.,1.));
#2173=DIRECTION('center_axis',(0.,-1.,0.));
#2174=DIRECTION('ref_axis',(0.0454545454545451,0.,0.998966407992541));
#2175=DIRECTION('',(3.97855543622136E-16,0.,1.));
#2176=DIRECTION('',(-1.,0.,0.));
#2177=DIRECTION('',(0.,0.,-1.));
#2178=DIRECTION('center_axis',(0.,-1.,0.));
#2179=DIRECTION('ref_axis',(-0.0454545454545457,0.,-0.998966407992541));
#2180=DIRECTION('center_axis',(0.100730716518496,0.992410450523092,0.070532407035516));
#2181=DIRECTION('ref_axis',(0.573576436351046,0.,-0.819152044288992));
#2182=DIRECTION('center_axis',(0.100730716518496,0.992410450523092,0.070532407035516));
#2183=DIRECTION('ref_axis',(0.812935049319748,-0.122969499033513,0.569223249608575));
#2184=DIRECTION('',(-0.573576436351046,0.,0.819152044288992));
#2185=DIRECTION('',(-0.899634445316799,0.121128934697355,-0.419506431391248));
#2186=DIRECTION('center_axis',(-0.4226182617407,-9.17233693572535E-18,0.90630778703665));
#2187=DIRECTION('ref_axis',(4.32687440361071E-17,1.,3.02971007429486E-17));
#2188=DIRECTION('',(0.,1.,0.));
#2189=DIRECTION('',(-4.32687440361071E-17,-1.,-3.02971007429486E-17));
#2190=DIRECTION('',(-0.900232729628232,-0.115590817385952,-0.419785415947423));
#2191=DIRECTION('center_axis',(0.0961271811880378,-0.993090663870237,0.0673089768947147));
#2192=DIRECTION('ref_axis',(-0.573576436351046,0.,0.819152044288992));
#2193=DIRECTION('center_axis',(0.0961271811880378,-0.993090663870237,0.0673089768947147));
#2194=DIRECTION('ref_axis',(0.813492247473617,0.117349620083625,0.569613403956185));
#2195=DIRECTION('',(0.573576436351046,0.,-0.819152044288992));
#2196=DIRECTION('center_axis',(0.819152044288992,-5.28213832069033E-17,
0.573576436351046));
#2197=DIRECTION('ref_axis',(0.573576436351046,0.,-0.819152044288992));
#2198=DIRECTION('center_axis',(0.,-1.,0.));
#2199=DIRECTION('ref_axis',(1.,0.,0.));
#2200=DIRECTION('center_axis',(0.,-1.,0.));
#2201=DIRECTION('ref_axis',(0.,0.,-1.));
#2202=DIRECTION('center_axis',(0.,1.,0.));
#2203=DIRECTION('ref_axis',(0.,0.,-1.));
#2204=DIRECTION('',(0.,-1.,0.));
#2205=DIRECTION('center_axis',(0.100730716518496,-0.992410450523092,-0.070532407035516));
#2206=DIRECTION('ref_axis',(-0.573576436351046,0.,-0.819152044288992));
#2207=DIRECTION('center_axis',(-0.100730716518496,0.992410450523092,0.070532407035516));
#2208=DIRECTION('ref_axis',(0.812935049319748,0.122969499033513,-0.569223249608575));
#2209=DIRECTION('',(0.899634445316799,0.121128934697355,-0.419506431391248));
#2210=DIRECTION('',(0.573576436351046,0.,0.819152044288992));
#2211=DIRECTION('center_axis',(-0.4226182617407,9.17233693572535E-18,-0.90630778703665));
#2212=DIRECTION('ref_axis',(-4.32687440361071E-17,1.,3.02971007429486E-17));
#2213=DIRECTION('',(0.,-1.,0.));
#2214=DIRECTION('',(0.900232729628232,-0.115590817385952,-0.419785415947423));
#2215=DIRECTION('',(4.32687440361071E-17,-1.,-3.02971007429486E-17));
#2216=DIRECTION('center_axis',(0.0961271811880378,0.993090663870237,-0.0673089768947147));
#2217=DIRECTION('ref_axis',(0.573576436351046,0.,0.819152044288992));
#2218=DIRECTION('center_axis',(-0.0961271811880378,-0.993090663870237,0.0673089768947147));
#2219=DIRECTION('ref_axis',(0.813492247473617,-0.117349620083625,-0.569613403956185));
#2220=DIRECTION('',(0.880633059330574,-0.116370861066207,-0.459285572937779));
#2221=DIRECTION('',(-0.573576436351046,0.,-0.819152044288992));
#2222=DIRECTION('center_axis',(0.819152044288992,0.,-0.573576436351046));
#2223=DIRECTION('ref_axis',(0.,-1.,0.));
#2224=DIRECTION('center_axis',(0.819152044288992,5.28213832069033E-17,-0.573576436351046));
#2225=DIRECTION('ref_axis',(-0.573576436351046,0.,-0.819152044288992));
#2226=DIRECTION('center_axis',(0.880628309529178,0.,-0.473807746302002));
#2227=DIRECTION('ref_axis',(-0.473807746302002,0.,-0.880628309529178));
#2228=DIRECTION('',(0.,1.,0.));
#2229=DIRECTION('',(-0.473807746302002,0.,-0.880628309529178));
#2230=DIRECTION('',(0.,1.,0.));
#2231=DIRECTION('',(-0.473807746302002,0.,-0.880628309529178));
#2232=DIRECTION('center_axis',(0.,-1.,0.));
#2233=DIRECTION('ref_axis',(1.,0.,0.));
#2234=DIRECTION('',(-0.573576436351047,0.,0.819152044288991));
#2235=DIRECTION('center_axis',(0.,1.,0.));
#2236=DIRECTION('ref_axis',(0.,0.,-1.));
#2237=DIRECTION('',(0.551067189399226,0.,0.834460875516424));
#2238=DIRECTION('center_axis',(-0.834460875516424,0.,0.551067189399226));
#2239=DIRECTION('ref_axis',(0.551067189399226,0.,0.834460875516424));
#2240=DIRECTION('',(0.,-1.,0.));
#2241=DIRECTION('',(0.551067189399226,0.,0.834460875516424));
#2242=DIRECTION('',(0.,1.,0.));
#2243=DIRECTION('center_axis',(0.819152044288992,0.,0.573576436351046));
#2244=DIRECTION('ref_axis',(0.573576436351046,0.,-0.819152044288992));
#2245=DIRECTION('',(0.,1.,0.));
#2246=DIRECTION('',(0.573576436351046,0.,-0.819152044288992));
#2247=DIRECTION('',(0.,-1.,0.));
#2248=DIRECTION('',(0.573576436351046,0.,-0.819152044288992));
#2249=DIRECTION('center_axis',(0.573576436351046,0.,-0.819152044288992));
#2250=DIRECTION('ref_axis',(-0.819152044288992,0.,-0.573576436351046));
#2251=DIRECTION('',(0.,1.,0.));
#2252=DIRECTION('',(-0.819152044288992,0.,-0.573576436351046));
#2253=DIRECTION('',(-0.819152044288992,0.,-0.573576436351046));
#2254=DIRECTION('center_axis',(-0.819152044288991,0.,-0.573576436351047));
#2255=DIRECTION('ref_axis',(-0.573576436351047,0.,0.819152044288991));
#2256=DIRECTION('',(0.,1.,0.));
#2257=DIRECTION('',(-0.573576436351047,0.,0.819152044288991));
#2258=DIRECTION('center_axis',(-0.573576436351047,0.,0.819152044288991));
#2259=DIRECTION('ref_axis',(0.819152044288991,0.,0.573576436351047));
#2260=DIRECTION('',(0.,1.,0.));
#2261=DIRECTION('',(0.819152044288991,0.,0.573576436351047));
#2262=DIRECTION('',(0.819152044288991,0.,0.573576436351047));
#2263=DIRECTION('center_axis',(0.,-1.,0.));
#2264=DIRECTION('ref_axis',(1.,0.,0.));
#2265=DIRECTION('center_axis',(0.,-1.,0.));
#2266=DIRECTION('ref_axis',(0.,0.,-1.));
#2267=DIRECTION('center_axis',(0.,1.,0.));
#2268=DIRECTION('ref_axis',(0.,0.,-1.));
#2269=DIRECTION('center_axis',(0.,1.,0.));
#2270=DIRECTION('ref_axis',(-0.819152044288992,0.,-0.573576436351046));
#2271=DIRECTION('center_axis',(0.,1.,0.));
#2272=DIRECTION('ref_axis',(0.,0.,-1.));
#2273=DIRECTION('',(-0.573576436351046,0.,0.819152044288992));
#2274=DIRECTION('',(0.819152044288992,0.,0.573576436351046));
#2275=DIRECTION('center_axis',(0.,1.,0.));
#2276=DIRECTION('ref_axis',(0.,0.,-1.));
#2277=DIRECTION('center_axis',(-0.573576436351046,0.,0.819152044288992));
#2278=DIRECTION('ref_axis',(0.,1.,0.));
#2279=DIRECTION('',(0.,1.,0.));
#2280=DIRECTION('',(-0.819152044288992,0.,-0.573576436351046));
#2281=DIRECTION('center_axis',(0.,-1.,0.));
#2282=DIRECTION('ref_axis',(0.819152044288992,0.,0.573576436351046));
#2283=DIRECTION('',(-0.573576436351046,0.,0.819152044288992));
#2284=DIRECTION('center_axis',(0.,-1.,0.));
#2285=DIRECTION('ref_axis',(0.,0.,-1.));
#2286=DIRECTION('center_axis',(-0.819152044288992,0.,-0.573576436351046));
#2287=DIRECTION('ref_axis',(0.,-1.,0.));
#2288=DIRECTION('',(0.,1.,0.));
#2289=DIRECTION('center_axis',(0.,-1.,0.));
#2290=DIRECTION('ref_axis',(1.,0.,0.));
#2291=DIRECTION('center_axis',(0.,-1.,0.));
#2292=DIRECTION('ref_axis',(1.,0.,0.));
#2293=DIRECTION('center_axis',(0.,-1.,0.));
#2294=DIRECTION('ref_axis',(0.539017643371498,0.,-0.842294473527066));
#2295=DIRECTION('center_axis',(0.,-1.,0.));
#2296=DIRECTION('ref_axis',(0.539017643371498,0.,-0.842294473527066));
#2297=DIRECTION('center_axis',(0.,-1.,0.));
#2298=DIRECTION('ref_axis',(0.539017643371498,0.,-0.842294473527066));
#2299=DIRECTION('center_axis',(1.,0.,0.));
#2300=DIRECTION('ref_axis',(0.,0.,-1.));
#2301=DIRECTION('',(0.,1.,0.));
#2302=DIRECTION('',(0.,-1.,0.));
#2303=DIRECTION('center_axis',(1.,0.,0.));
#2304=DIRECTION('ref_axis',(0.,1.,0.));
#2305=DIRECTION('center_axis',(1.,0.,0.));
#2306=DIRECTION('ref_axis',(0.,1.,0.));
#2307=DIRECTION('center_axis',(1.,0.,0.));
#2308=DIRECTION('ref_axis',(0.,1.,0.));
#2309=DIRECTION('center_axis',(1.,0.,0.));
#2310=DIRECTION('ref_axis',(0.,1.,0.));
#2311=DIRECTION('center_axis',(1.,0.,0.));
#2312=DIRECTION('ref_axis',(0.,0.,-1.));
#2313=DIRECTION('',(0.,-1.,0.));
#2314=DIRECTION('',(0.,1.,0.));
#2315=DIRECTION('center_axis',(0.,0.,1.));
#2316=DIRECTION('ref_axis',(0.,-1.,0.));
#2317=DIRECTION('',(0.,1.,0.));
#2318=DIRECTION('center_axis',(-1.,0.,0.));
#2319=DIRECTION('ref_axis',(0.,0.,1.));
#2320=DIRECTION('',(0.,-1.,0.));
#2321=DIRECTION('center_axis',(0.,-1.,0.));
#2322=DIRECTION('ref_axis',(-1.22464679914735E-16,0.,1.));
#2323=DIRECTION('',(0.,1.,0.));
#2324=DIRECTION('center_axis',(0.,0.866025403784439,-0.5));
#2325=DIRECTION('ref_axis',(0.,-0.5,-0.866025403784439));
#2326=DIRECTION('center_axis',(0.,0.866025403784439,0.499999999999999));
#2327=DIRECTION('ref_axis',(0.,0.499999999999999,-0.866025403784439));
#2328=DIRECTION('',(0.,-1.,0.));
#2329=DIRECTION('center_axis',(0.,0.866025403784438,-0.5));
#2330=DIRECTION('ref_axis',(0.,-0.5,-0.866025403784438));
#2331=DIRECTION('center_axis',(0.,0.866025403784438,0.5));
#2332=DIRECTION('ref_axis',(0.,0.5,-0.866025403784438));
#2333=DIRECTION('',(0.,-1.,0.));
#2334=DIRECTION('center_axis',(0.,-0.866025403784439,0.5));
#2335=DIRECTION('ref_axis',(0.,-0.5,-0.866025403784439));
#2336=DIRECTION('center_axis',(0.,-0.866025403784438,-0.500000000000001));
#2337=DIRECTION('ref_axis',(0.,0.500000000000001,-0.866025403784438));
#2338=DIRECTION('',(0.,1.,0.));
#2339=DIRECTION('center_axis',(0.,0.866025403784438,0.5));
#2340=DIRECTION('ref_axis',(0.,0.5,-0.866025403784438));
#2341=DIRECTION('',(0.,-1.,0.));
#2342=DIRECTION('center_axis',(0.,-0.866025403784439,0.5));
#2343=DIRECTION('ref_axis',(0.,-0.5,-0.866025403784439));
#2344=DIRECTION('center_axis',(0.,-0.866025403784438,-0.500000000000001));
#2345=DIRECTION('ref_axis',(0.,0.500000000000001,-0.866025403784438));
#2346=DIRECTION('',(0.,1.,0.));
#2347=DIRECTION('center_axis',(0.,0.866025403784438,-0.5));
#2348=DIRECTION('ref_axis',(0.,-0.5,-0.866025403784438));
#2349=DIRECTION('center_axis',(0.,-0.866025403784438,-0.5));
#2350=DIRECTION('ref_axis',(0.,0.5,-0.866025403784438));
#2351=DIRECTION('',(0.,1.,0.));
#2352=DIRECTION('center_axis',(0.,0.866025403784439,-0.499999999999999));
#2353=DIRECTION('ref_axis',(0.,-0.499999999999999,-0.866025403784439));
#2354=DIRECTION('center_axis',(0.,0.866025403784439,0.499999999999999));
#2355=DIRECTION('ref_axis',(0.,0.499999999999999,-0.866025403784439));
#2356=DIRECTION('',(0.,-1.,0.));
#2357=DIRECTION('center_axis',(0.,-0.866025403784439,0.499999999999999));
#2358=DIRECTION('ref_axis',(0.,-0.499999999999999,-0.866025403784439));
#2359=DIRECTION('center_axis',(0.,0.866025403784439,0.499999999999999));
#2360=DIRECTION('ref_axis',(0.,0.499999999999999,-0.866025403784439));
#2361=DIRECTION('',(-1.,0.,0.));
#2362=DIRECTION('',(0.,-0.499999999999999,0.866025403784439));
#2363=DIRECTION('',(-1.,0.,0.));
#2364=DIRECTION('center_axis',(0.,0.,1.));
#2365=DIRECTION('ref_axis',(0.,1.,0.));
#2366=DIRECTION('',(0.,-1.,0.));
#2367=DIRECTION('',(-1.,0.,0.));
#2368=DIRECTION('center_axis',(0.,-0.866025403784439,0.499999999999999));
#2369=DIRECTION('ref_axis',(0.,0.499999999999999,0.866025403784439));
#2370=DIRECTION('',(0.,-0.499999999999999,-0.866025403784439));
#2371=DIRECTION('',(-1.,0.,0.));
#2372=DIRECTION('center_axis',(0.,-0.866025403784438,-0.5));
#2373=DIRECTION('ref_axis',(0.,-0.5,0.866025403784438));
#2374=DIRECTION('',(0.,0.5,-0.866025403784438));
#2375=DIRECTION('',(-1.,0.,0.));
#2376=DIRECTION('center_axis',(0.,6.8677238799413E-16,-1.));
#2377=DIRECTION('ref_axis',(0.,-1.,-6.8677238799413E-16));
#2378=DIRECTION('',(0.,1.,6.8677238799413E-16));
#2379=DIRECTION('',(-1.,0.,0.));
#2380=DIRECTION('center_axis',(0.,0.866025403784439,-0.499999999999999));
#2381=DIRECTION('ref_axis',(0.,-0.499999999999999,-0.866025403784439));
#2382=DIRECTION('',(0.,0.499999999999999,0.866025403784439));
#2383=DIRECTION('center_axis',(1.,0.,0.));
#2384=DIRECTION('ref_axis',(0.,1.,0.));
#2385=DIRECTION('center_axis',(-1.,0.,0.));
#2386=DIRECTION('ref_axis',(0.,1.,0.));
#2387=DIRECTION('center_axis',(0.,-0.866025403784438,-0.500000000000001));
#2388=DIRECTION('ref_axis',(0.,-0.500000000000001,0.866025403784438));
#2389=DIRECTION('',(-1.,0.,0.));
#2390=DIRECTION('',(0.,0.500000000000001,-0.866025403784438));
#2391=DIRECTION('',(-1.,0.,0.));
#2392=DIRECTION('center_axis',(0.,0.,-1.));
#2393=DIRECTION('ref_axis',(0.,-1.,0.));
#2394=DIRECTION('',(0.,1.,0.));
#2395=DIRECTION('',(-1.,0.,0.));
#2396=DIRECTION('center_axis',(0.,0.866025403784438,-0.5));
#2397=DIRECTION('ref_axis',(0.,-0.5,-0.866025403784438));
#2398=DIRECTION('',(0.,0.5,0.866025403784438));
#2399=DIRECTION('',(-1.,0.,0.));
#2400=DIRECTION('center_axis',(0.,0.866025403784438,0.5));
#2401=DIRECTION('ref_axis',(0.,0.5,-0.866025403784438));
#2402=DIRECTION('',(0.,-0.5,0.866025403784438));
#2403=DIRECTION('',(-1.,0.,0.));
#2404=DIRECTION('center_axis',(0.,0.,1.));
#2405=DIRECTION('ref_axis',(0.,1.,0.));
#2406=DIRECTION('',(0.,-1.,0.));
#2407=DIRECTION('',(-1.,0.,0.));
#2408=DIRECTION('center_axis',(0.,-0.866025403784439,0.5));
#2409=DIRECTION('ref_axis',(0.,0.5,0.866025403784439));
#2410=DIRECTION('',(0.,-0.5,-0.866025403784439));
#2411=DIRECTION('center_axis',(1.,0.,0.));
#2412=DIRECTION('ref_axis',(0.,1.,0.));
#2413=DIRECTION('center_axis',(-1.,0.,0.));
#2414=DIRECTION('ref_axis',(0.,1.,0.));
#2415=DIRECTION('center_axis',(0.,0.866025403784439,-0.5));
#2416=DIRECTION('ref_axis',(0.,-0.5,-0.866025403784439));
#2417=DIRECTION('',(-1.,0.,0.));
#2418=DIRECTION('',(0.,0.5,0.866025403784439));
#2419=DIRECTION('',(-1.,0.,0.));
#2420=DIRECTION('center_axis',(0.,0.866025403784439,0.499999999999999));
#2421=DIRECTION('ref_axis',(0.,0.499999999999999,-0.866025403784439));
#2422=DIRECTION('',(0.,-0.499999999999999,0.866025403784439));
#2423=DIRECTION('',(-1.,0.,0.));
#2424=DIRECTION('center_axis',(0.,0.,1.));
#2425=DIRECTION('ref_axis',(0.,1.,0.));
#2426=DIRECTION('',(0.,-1.,0.));
#2427=DIRECTION('',(-1.,0.,0.));
#2428=DIRECTION('center_axis',(0.,-0.866025403784439,0.499999999999999));
#2429=DIRECTION('ref_axis',(0.,0.499999999999999,0.866025403784439));
#2430=DIRECTION('',(0.,-0.499999999999999,-0.866025403784439));
#2431=DIRECTION('',(-1.,0.,0.));
#2432=DIRECTION('center_axis',(0.,-0.866025403784439,-0.499999999999999));
#2433=DIRECTION('ref_axis',(0.,-0.499999999999999,0.866025403784439));
#2434=DIRECTION('',(0.,0.499999999999999,-0.866025403784439));
#2435=DIRECTION('',(-1.,0.,0.));
#2436=DIRECTION('center_axis',(0.,0.,-1.));
#2437=DIRECTION('ref_axis',(0.,-1.,0.));
#2438=DIRECTION('',(0.,1.,0.));
#2439=DIRECTION('center_axis',(1.,0.,0.));
#2440=DIRECTION('ref_axis',(0.,1.,0.));
#2441=DIRECTION('center_axis',(-1.,0.,0.));
#2442=DIRECTION('ref_axis',(0.,1.,0.));
#2443=DIRECTION('center_axis',(0.,-0.866025403784439,0.5));
#2444=DIRECTION('ref_axis',(0.,0.5,0.866025403784439));
#2445=DIRECTION('',(-1.,0.,0.));
#2446=DIRECTION('',(0.,-0.5,-0.866025403784439));
#2447=DIRECTION('',(-1.,0.,0.));
#2448=DIRECTION('center_axis',(0.,-0.866025403784438,-0.500000000000001));
#2449=DIRECTION('ref_axis',(0.,-0.500000000000001,0.866025403784438));
#2450=DIRECTION('',(0.,0.500000000000001,-0.866025403784438));
#2451=DIRECTION('',(-1.,0.,0.));
#2452=DIRECTION('center_axis',(0.,0.,-1.));
#2453=DIRECTION('ref_axis',(0.,-1.,0.));
#2454=DIRECTION('',(0.,1.,0.));
#2455=DIRECTION('',(-1.,0.,0.));
#2456=DIRECTION('center_axis',(0.,0.866025403784438,-0.5));
#2457=DIRECTION('ref_axis',(0.,-0.5,-0.866025403784438));
#2458=DIRECTION('',(0.,0.5,0.866025403784438));
#2459=DIRECTION('',(-1.,0.,0.));
#2460=DIRECTION('center_axis',(0.,0.866025403784438,0.5));
#2461=DIRECTION('ref_axis',(0.,0.5,-0.866025403784438));
#2462=DIRECTION('',(0.,-0.5,0.866025403784438));
#2463=DIRECTION('',(-1.,0.,0.));
#2464=DIRECTION('center_axis',(0.,0.,1.));
#2465=DIRECTION('ref_axis',(0.,1.,0.));
#2466=DIRECTION('',(0.,-1.,0.));
#2467=DIRECTION('center_axis',(1.,0.,0.));
#2468=DIRECTION('ref_axis',(0.,1.,0.));
#2469=DIRECTION('center_axis',(-1.,0.,0.));
#2470=DIRECTION('ref_axis',(0.,1.,0.));
#2471=DIRECTION('center_axis',(1.,0.,0.));
#2472=DIRECTION('ref_axis',(0.,1.,0.));
#2473=DIRECTION('center_axis',(1.,0.,0.));
#2474=DIRECTION('ref_axis',(0.,1.,0.));
#2475=DIRECTION('',(1.,0.,0.));
#2476=DIRECTION('center_axis',(1.,0.,0.));
#2477=DIRECTION('ref_axis',(0.,1.,0.));
#2478=DIRECTION('center_axis',(1.,0.,0.));
#2479=DIRECTION('ref_axis',(0.,1.,0.));
#2480=DIRECTION('center_axis',(1.,0.,0.));
#2481=DIRECTION('ref_axis',(0.,1.,0.));
#2482=DIRECTION('center_axis',(1.,0.,0.));
#2483=DIRECTION('ref_axis',(0.,1.,0.));
#2484=DIRECTION('',(1.,0.,0.));
#2485=DIRECTION('center_axis',(1.,0.,0.));
#2486=DIRECTION('ref_axis',(0.,1.,0.));
#2487=DIRECTION('center_axis',(1.,0.,0.));
#2488=DIRECTION('ref_axis',(0.,1.,0.));
#2489=DIRECTION('center_axis',(1.,0.,0.));
#2490=DIRECTION('ref_axis',(0.,1.,0.));
#2491=DIRECTION('center_axis',(1.,0.,0.));
#2492=DIRECTION('ref_axis',(0.,1.,0.));
#2493=DIRECTION('',(1.,0.,0.));
#2494=DIRECTION('center_axis',(1.,0.,0.));
#2495=DIRECTION('ref_axis',(0.,1.,0.));
#2496=DIRECTION('center_axis',(1.,0.,0.));
#2497=DIRECTION('ref_axis',(0.,1.,0.));
#2498=DIRECTION('center_axis',(1.,0.,0.));
#2499=DIRECTION('ref_axis',(0.,1.,0.));
#2500=DIRECTION('center_axis',(1.,0.,0.));
#2501=DIRECTION('ref_axis',(0.,1.,0.));
#2502=DIRECTION('',(1.,0.,0.));
#2503=DIRECTION('center_axis',(1.,0.,0.));
#2504=DIRECTION('ref_axis',(0.,1.,0.));
#2505=DIRECTION('center_axis',(1.,0.,0.));
#2506=DIRECTION('ref_axis',(0.,1.,0.));
#2507=DIRECTION('center_axis',(1.,0.,0.));
#2508=DIRECTION('ref_axis',(0.,1.,0.));
#2509=DIRECTION('',(1.,0.,0.));
#2510=DIRECTION('center_axis',(1.,0.,0.));
#2511=DIRECTION('ref_axis',(0.,1.,0.));
#2512=DIRECTION('',(1.,0.,0.));
#2513=DIRECTION('center_axis',(1.,0.,0.));
#2514=DIRECTION('ref_axis',(0.,1.,0.));
#2515=DIRECTION('',(1.,0.,0.));
#2516=DIRECTION('center_axis',(1.,0.,0.));
#2517=DIRECTION('ref_axis',(0.,1.,0.));
#2518=DIRECTION('',(1.,0.,0.));
#2519=DIRECTION('center_axis',(1.,0.,0.));
#2520=DIRECTION('ref_axis',(0.,1.,0.));
#2521=DIRECTION('',(1.,0.,0.));
#2522=DIRECTION('center_axis',(1.,0.,0.));
#2523=DIRECTION('ref_axis',(0.,1.,0.));
#2524=DIRECTION('',(1.,0.,0.));
#2525=DIRECTION('center_axis',(1.,0.,0.));
#2526=DIRECTION('ref_axis',(0.,1.,0.));
#2527=DIRECTION('',(1.,0.,0.));
#2528=DIRECTION('center_axis',(1.,0.,0.));
#2529=DIRECTION('ref_axis',(0.,1.,0.));
#2530=DIRECTION('',(1.,0.,0.));
#2531=DIRECTION('center_axis',(0.,-1.,0.));
#2532=DIRECTION('ref_axis',(0.,0.,-1.));
#2533=DIRECTION('center_axis',(0.,-1.,0.));
#2534=DIRECTION('ref_axis',(0.,0.,-1.));
#2535=CARTESIAN_POINT('',(0.,0.,0.));
#2536=CARTESIAN_POINT('Ctrl Pts',(-11.9417792837265,29.5629179430792,16.0435004764783));
#2537=CARTESIAN_POINT('Ctrl Pts',(-11.9998790310455,28.8630531194082,16.0002546549108));
#2538=CARTESIAN_POINT('Ctrl Pts',(-12.1403045911047,27.4650239311689,15.8946416710886));
#2539=CARTESIAN_POINT('Ctrl Pts',(-12.4076340951298,25.3919211274736,15.6877180560147));
#2540=CARTESIAN_POINT('Ctrl Pts',(-12.7218559182806,23.6885380718,15.434136705784));
#2541=CARTESIAN_POINT('Ctrl Pts',(-13.0119660465818,22.3476146282696,15.1894150744297));
#2542=CARTESIAN_POINT('Ctrl Pts',(-13.3487210263676,21.0330651689388,14.8966948839852));
#2543=CARTESIAN_POINT('Ctrl Pts',(-13.8248053697792,19.8212245656126,14.4618119977887));
#2544=CARTESIAN_POINT('Ctrl Pts',(-14.4135889911001,18.7828163469843,13.870879797892));
#2545=CARTESIAN_POINT('Ctrl Pts',(-14.9075999851973,18.125442988542,13.3403615136795));
#2546=CARTESIAN_POINT('Ctrl Pts',(-15.4465136662307,17.6489437977996,12.7143341085392));
#2547=CARTESIAN_POINT('Ctrl Pts',(-15.8105461936563,17.4429747820151,12.2522309068802));
#2548=CARTESIAN_POINT('Ctrl Pts',(-15.9912538509447,17.3762139745153,12.0116526870638));
#2549=CARTESIAN_POINT('Ctrl Pts',(-12.432534603671,29.6357268754295,15.6782128809387));
#2550=CARTESIAN_POINT('Ctrl Pts',(-12.4902224586592,28.9461898887443,15.6324665736818));
#2551=CARTESIAN_POINT('Ctrl Pts',(-12.6303517413248,27.5641387874441,15.5207016874588));
#2552=CARTESIAN_POINT('Ctrl Pts',(-12.894480401583,25.53123803,15.3030729161675));
#2553=CARTESIAN_POINT('Ctrl Pts',(-13.2029829081589,23.872653613374,15.0383581661893));
#2554=CARTESIAN_POINT('Ctrl Pts',(-13.4872132557193,22.5635164216521,14.782956763724));
#2555=CARTESIAN_POINT('Ctrl Pts',(-13.8065562159131,21.3317823744523,14.4868103252617));
#2556=CARTESIAN_POINT('Ctrl Pts',(-14.2377372531408,20.2446885689869,14.0670812390254));
#2557=CARTESIAN_POINT('Ctrl Pts',(-14.7671021102561,19.3178977353504,13.5028738765209));
#2558=CARTESIAN_POINT('Ctrl Pts',(-15.1814455452613,18.7730478057897,13.0321809077293));
#2559=CARTESIAN_POINT('Ctrl Pts',(-15.628822989981,18.3801918809611,12.4899767940774));
#2560=CARTESIAN_POINT('Ctrl Pts',(-15.9366407415052,18.2087976602878,12.0882894116694));
#2561=CARTESIAN_POINT('Ctrl Pts',(-16.0816156155819,18.1560296795927,11.8913530118751));
#2562=CARTESIAN_POINT('Ctrl Pts',(-13.4941964163632,29.7628449386844,15.3156579161848));
#2563=CARTESIAN_POINT('Ctrl Pts',(-13.5538163069143,29.0912985050074,15.2671057315003));
#2564=CARTESIAN_POINT('Ctrl Pts',(-13.6988932774379,27.7375625523114,15.1473422761201));
#2565=CARTESIAN_POINT('Ctrl Pts',(-13.9699843403758,25.7749162772944,14.9179890092188));
#2566=CARTESIAN_POINT('Ctrl Pts',(-14.2836314421076,24.1949988185301,14.6416683191496));
#2567=CARTESIAN_POINT('Ctrl Pts',(-14.5730739645948,22.9411985846613,14.37503152712));
#2568=CARTESIAN_POINT('Ctrl Pts',(-14.8825717995501,21.8539689120852,14.0840467617194));
#2569=CARTESIAN_POINT('Ctrl Pts',(-15.268848263499,20.9845417049066,13.7088176346603));
#2570=CARTESIAN_POINT('Ctrl Pts',(-15.7382975585266,20.2507702675911,13.2071668546182));
#2571=CARTESIAN_POINT('Ctrl Pts',(-16.053407111381,19.900762998083,12.8528096809807));
#2572=CARTESIAN_POINT('Ctrl Pts',(-16.3806472908883,19.6520689306149,12.4595151178149));
#2573=CARTESIAN_POINT('Ctrl Pts',(-16.611256379306,19.5407130678836,12.1571334180379));
#2574=CARTESIAN_POINT('Ctrl Pts',(-16.7037573804031,19.5119158124405,12.0314849456377));
#2575=CARTESIAN_POINT('Ctrl Pts',(-14.5742357074032,29.8494689022389,15.5476470826012));
#2576=CARTESIAN_POINT('Ctrl Pts',(-14.6372140705178,29.1899075731382,15.5004928856237));
#2577=CARTESIAN_POINT('Ctrl Pts',(-14.7909116788714,27.8542992828322,15.3832168208063));
#2578=CARTESIAN_POINT('Ctrl Pts',(-15.0769275600847,25.9363246595751,15.1620034844843));
#2579=CARTESIAN_POINT('Ctrl Pts',(-15.4072096885114,24.4036037205705,14.8978422480242));
#2580=CARTESIAN_POINT('Ctrl Pts',(-15.7129262093371,23.1805686794357,14.6408220033394));
#2581=CARTESIAN_POINT('Ctrl Pts',(-16.0327854886969,22.1772718133808,14.3794381922321));
#2582=CARTESIAN_POINT('Ctrl Pts',(-16.4207602838575,21.4196514215309,14.0732151758656));
#2583=CARTESIAN_POINT('Ctrl Pts',(-16.8967021145599,20.767403162413,13.6428311469178));
#2584=CARTESIAN_POINT('Ctrl Pts',(-17.1990256633219,20.4921388171526,13.3783684841026));
#2585=CARTESIAN_POINT('Ctrl Pts',(-17.5112864785461,20.286620464801,13.0683475773781));
#2586=CARTESIAN_POINT('Ctrl Pts',(-17.7332030774894,20.1906163531784,12.8052029250581));
#2587=CARTESIAN_POINT('Ctrl Pts',(-17.8133434730286,20.1685396314296,12.7064911963387));
#2588=CARTESIAN_POINT('Ctrl Pts',(-14.9914022519583,29.8752945933189,15.7446677499495));
#2589=CARTESIAN_POINT('Ctrl Pts',(-15.0555484703794,29.2191847387737,15.6987460552435));
#2590=CARTESIAN_POINT('Ctrl Pts',(-15.2122965762949,27.8887902728711,15.5840623850724));
#2591=CARTESIAN_POINT('Ctrl Pts',(-15.5035679472279,25.9830283455882,15.3691756129828));
#2592=CARTESIAN_POINT('Ctrl Pts',(-15.8398327908677,24.462359028115,15.1133896550046));
#2593=CARTESIAN_POINT('Ctrl Pts',(-16.1514886369042,23.2459972157491,14.8633373353302));
#2594=CARTESIAN_POINT('Ctrl Pts',(-16.4756440968318,22.2626215293413,14.6168434884616));
#2595=CARTESIAN_POINT('Ctrl Pts',(-16.8672887317595,21.5258012620045,14.3393084066096));
#2596=CARTESIAN_POINT('Ctrl Pts',(-17.3518896159409,20.8803413193007,13.9346552683897));
#2597=CARTESIAN_POINT('Ctrl Pts',(-17.6600668521017,20.6076845139392,13.6957854750069));
#2598=CARTESIAN_POINT('Ctrl Pts',(-17.98195708214,20.3966521196529,13.4012428429566));
#2599=CARTESIAN_POINT('Ctrl Pts',(-18.2114494328121,20.2970927493004,13.1399512955709));
#2600=CARTESIAN_POINT('Ctrl Pts',(-18.2940221523094,20.2737941051848,13.042149150664));
#2601=CARTESIAN_POINT('',(-18.2940221523096,20.2737941051847,13.0421491506637));
#2602=CARTESIAN_POINT('',(-15.9912538509447,17.3762139745153,12.0116526870638));
#2603=CARTESIAN_POINT('Origin',(-18.3899419285864,17.3762139745153,13.8134005901234));
#2604=CARTESIAN_POINT('',(-11.9417792837265,29.5629179430792,16.0435004764783));
#2605=CARTESIAN_POINT('Ctrl Pts',(-15.9912538509447,17.3762139745153,12.0116526870638));
#2606=CARTESIAN_POINT('Ctrl Pts',(-15.8105461936563,17.4429747820151,12.2522309068802));
#2607=CARTESIAN_POINT('Ctrl Pts',(-15.4465136662307,17.6489437977996,12.7143341085392));
#2608=CARTESIAN_POINT('Ctrl Pts',(-14.9075999851973,18.125442988542,13.3403615136795));
#2609=CARTESIAN_POINT('Ctrl Pts',(-14.4135889911001,18.7828163469843,13.870879797892));
#2610=CARTESIAN_POINT('Ctrl Pts',(-13.8248053697792,19.8212245656126,14.4618119977887));
#2611=CARTESIAN_POINT('Ctrl Pts',(-13.3487210263676,21.0330651689388,14.8966948839852));
#2612=CARTESIAN_POINT('Ctrl Pts',(-13.0119660465818,22.3476146282696,15.1894150744297));
#2613=CARTESIAN_POINT('Ctrl Pts',(-12.7218559182806,23.6885380718,15.434136705784));
#2614=CARTESIAN_POINT('Ctrl Pts',(-12.4076340951298,25.3919211274736,15.6877180560147));
#2615=CARTESIAN_POINT('Ctrl Pts',(-12.1403045911047,27.4650239311689,15.8946416710886));
#2616=CARTESIAN_POINT('Ctrl Pts',(-11.9998790310455,28.8630531194082,16.0002546549108));
#2617=CARTESIAN_POINT('Ctrl Pts',(-11.9417792837265,29.5629179430792,16.0435004764783));
#2618=CARTESIAN_POINT('',(-14.9914022519583,29.8752945933189,15.7446677499495));
#2619=CARTESIAN_POINT('Origin',(-13.7330461762855,29.5629179430792,18.4500255479501));
#2620=CARTESIAN_POINT('Ctrl Pts',(-14.9914022519583,29.8752945933189,15.7446677499495));
#2621=CARTESIAN_POINT('Ctrl Pts',(-15.0555484703794,29.2191847387737,15.6987460552435));
#2622=CARTESIAN_POINT('Ctrl Pts',(-15.2122965762949,27.8887902728711,15.5840623850724));
#2623=CARTESIAN_POINT('Ctrl Pts',(-15.5035679472279,25.9830283455882,15.3691756129828));
#2624=CARTESIAN_POINT('Ctrl Pts',(-15.8398327908677,24.462359028115,15.1133896550046));
#2625=CARTESIAN_POINT('Ctrl Pts',(-16.1514886369042,23.2459972157491,14.8633373353302));
#2626=CARTESIAN_POINT('Ctrl Pts',(-16.4756440968318,22.2626215293413,14.6168434884616));
#2627=CARTESIAN_POINT('Ctrl Pts',(-16.8672887317595,21.5258012620045,14.3393084066096));
#2628=CARTESIAN_POINT('Ctrl Pts',(-17.3518896159409,20.8803413193007,13.9346552683897));
#2629=CARTESIAN_POINT('Ctrl Pts',(-17.6600668521017,20.6076845139392,13.6957854750069));
#2630=CARTESIAN_POINT('Ctrl Pts',(-17.98195708214,20.3966521196529,13.4012428429566));
#2631=CARTESIAN_POINT('Ctrl Pts',(-18.2114494328121,20.2970927493004,13.1399512955709));
#2632=CARTESIAN_POINT('Ctrl Pts',(-18.2940221523094,20.2737941051848,13.042149150664));
#2633=CARTESIAN_POINT('Ctrl Pts',(-15.9912538509451,17.3762139745151,12.0116526870633));
#2634=CARTESIAN_POINT('Ctrl Pts',(-16.2551721038369,17.2787117660233,11.6602952271164));
#2635=CARTESIAN_POINT('Ctrl Pts',(-16.5166896738434,17.2787117660232,11.2868094307835));
#2636=CARTESIAN_POINT('Ctrl Pts',(-16.7565923275333,17.3762139745149,10.9186360672408));
#2637=CARTESIAN_POINT('Ctrl Pts',(-16.0816156155822,18.1560296795926,11.8913530118747));
#2638=CARTESIAN_POINT('Ctrl Pts',(-16.283596584213,18.0824954283808,11.6166949440245));
#2639=CARTESIAN_POINT('Ctrl Pts',(-16.48544055441,18.0824954283807,11.3284318803148));
#2640=CARTESIAN_POINT('Ctrl Pts',(-16.6744531541682,18.1560296795924,11.0446932628213));
#2641=CARTESIAN_POINT('Ctrl Pts',(-16.7037130575913,19.5119586212043,12.0314413230543));
#2642=CARTESIAN_POINT('Ctrl Pts',(-16.8126918064731,19.4795126797777,11.883706848618));
#2643=CARTESIAN_POINT('Ctrl Pts',(-16.9173108945687,19.4795126797775,11.7342953064873));
#2644=CARTESIAN_POINT('Ctrl Pts',(-17.0188629627207,19.5119586212042,11.5813606142188));
#2645=CARTESIAN_POINT('Ctrl Pts',(-17.8133434730288,20.1685396314295,12.7064911963385));
#2646=CARTESIAN_POINT('Ctrl Pts',(-17.8968274540999,20.1482346308267,12.6097580599419));
#2647=CARTESIAN_POINT('Ctrl Pts',(-17.9703720897481,20.1482346308264,12.5047254351345));
#2648=CARTESIAN_POINT('Ctrl Pts',(-18.0327183010349,20.1685396314295,12.3931914729922));
#2649=CARTESIAN_POINT('Ctrl Pts',(-18.2940221523096,20.2737941051847,13.0421491506637));
#2650=CARTESIAN_POINT('Ctrl Pts',(-18.3800047534719,20.2517786029677,12.9487436670921));
#2651=CARTESIAN_POINT('Ctrl Pts',(-18.4541707325227,20.2517786029674,12.8428236719428));
#2652=CARTESIAN_POINT('Ctrl Pts',(-18.5125353946036,20.2737941051847,12.7300798992348));
#2653=CARTESIAN_POINT('',(-18.5125353946036,20.2737941051847,12.7300798992348));
#2654=CARTESIAN_POINT('',(-16.7565923275333,17.3762139745149,10.9186360672408));
#2655=CARTESIAN_POINT('Origin',(-19.2700811766633,17.3762139745149,12.5564314773269));
#2656=CARTESIAN_POINT('Ctrl Pts',(-16.7565923275333,17.3762139745149,10.9186360672408));
#2657=CARTESIAN_POINT('Ctrl Pts',(-16.5166896738434,17.2787117660232,11.2868094307835));
#2658=CARTESIAN_POINT('Ctrl Pts',(-16.2551721038369,17.2787117660233,11.6602952271164));
#2659=CARTESIAN_POINT('Ctrl Pts',(-15.9912538509451,17.3762139745151,12.0116526870633));
#2660=CARTESIAN_POINT('Ctrl Pts',(-18.2940221523096,20.2737941051847,13.0421491506637));
#2661=CARTESIAN_POINT('Ctrl Pts',(-18.3800047534719,20.2517786029677,12.9487436670921));
#2662=CARTESIAN_POINT('Ctrl Pts',(-18.4541707325227,20.2517786029674,12.8428236719428));
#2663=CARTESIAN_POINT('Ctrl Pts',(-18.5125353946036,20.2737941051847,12.7300798992348));
#2664=CARTESIAN_POINT('Ctrl Pts',(-18.7207996598548,80.1685403585891,11.8639557053884));
#2665=CARTESIAN_POINT('Ctrl Pts',(-18.7729754952166,79.4447338460641,11.7493927476503));
#2666=CARTESIAN_POINT('Ctrl Pts',(-18.8692297180372,77.9114831020087,11.5381906932706));
#2667=CARTESIAN_POINT('Ctrl Pts',(-19.049251637288,74.8160137159944,11.1290327013112));
#2668=CARTESIAN_POINT('Ctrl Pts',(-19.264824017457,70.5861871831662,10.6038319333523));
#2669=CARTESIAN_POINT('Ctrl Pts',(-19.4492399446808,65.9201883259657,10.120260399335));
#2670=CARTESIAN_POINT('Ctrl Pts',(-19.6761639053292,59.6935362325827,9.48189345323681));
#2671=CARTESIAN_POINT('Ctrl Pts',(-19.8373904531591,53.3729492836085,8.97637592703189));
#2672=CARTESIAN_POINT('Ctrl Pts',(-19.984163788559,45.536176077363,8.48297208116713));
#2673=CARTESIAN_POINT('Ctrl Pts',(-20.0506973272293,39.38350135463,8.23475993114362));
#2674=CARTESIAN_POINT('Ctrl Pts',(-20.015920124638,34.5251458053701,8.36435027576975));
#2675=CARTESIAN_POINT('Ctrl Pts',(-19.9699872576993,31.4726985676328,8.52901990032363));
#2676=CARTESIAN_POINT('Ctrl Pts',(-19.9089793311297,29.2999686950065,8.75616883079666));
#2677=CARTESIAN_POINT('Ctrl Pts',(-19.8075322088529,27.0627467520813,9.09694912997997));
#2678=CARTESIAN_POINT('Ctrl Pts',(-19.6989151028709,25.3629647960437,9.46690151151837));
#2679=CARTESIAN_POINT('Ctrl Pts',(-19.570186276301,23.9810254321472,9.86179101744399));
#2680=CARTESIAN_POINT('Ctrl Pts',(-19.4261912698459,22.6729284974985,10.2841959292572));
#2681=CARTESIAN_POINT('Ctrl Pts',(-19.3029780510941,21.7966991996572,10.7477979246116));
#2682=CARTESIAN_POINT('Ctrl Pts',(-19.1151253556951,21.1278966973599,11.3023729384296));
#2683=CARTESIAN_POINT('Ctrl Pts',(-19.0045060148764,20.8304781329115,11.6156333816843));
#2684=CARTESIAN_POINT('Ctrl Pts',(-18.9126202863743,20.6206089076002,11.8961067438858));
#2685=CARTESIAN_POINT('Ctrl Pts',(-18.771138767544,20.4173769347298,12.2601431549421));
#2686=CARTESIAN_POINT('Ctrl Pts',(-18.5836210136869,20.2998094298851,12.6060886944386));
#2687=CARTESIAN_POINT('Ctrl Pts',(-18.5125353946036,20.2737941051847,12.7300798992348));
#2688=CARTESIAN_POINT('Ctrl Pts',(-18.22245303202,80.2088857500885,11.3725985640532));
#2689=CARTESIAN_POINT('Ctrl Pts',(-18.2777615182438,79.4814153313177,11.2597088648481));
#2690=CARTESIAN_POINT('Ctrl Pts',(-18.378332108128,77.9469167316792,11.0524489772417));
#2691=CARTESIAN_POINT('Ctrl Pts',(-18.5663442719309,74.8511926262389,10.651079644268));
#2692=CARTESIAN_POINT('Ctrl Pts',(-18.792660513118,70.6174244662507,10.135388670584));
#2693=CARTESIAN_POINT('Ctrl Pts',(-18.9862960617365,65.9499035937643,9.6608158363743));
#2694=CARTESIAN_POINT('Ctrl Pts',(-19.2256080936798,59.7215498293556,9.0340765711327));
#2695=CARTESIAN_POINT('Ctrl Pts',(-19.3969422880069,53.3927146626891,8.53733338614987));
#2696=CARTESIAN_POINT('Ctrl Pts',(-19.5529332337341,45.5548651517207,8.05286547146265));
#2697=CARTESIAN_POINT('Ctrl Pts',(-19.624907204992,39.3864835126522,7.80851772826145));
#2698=CARTESIAN_POINT('Ctrl Pts',(-19.5873176825387,34.5136252408878,7.93608691667154));
#2699=CARTESIAN_POINT('Ctrl Pts',(-19.5378392500749,31.4512353945627,8.09814436526662));
#2700=CARTESIAN_POINT('Ctrl Pts',(-19.4701809202453,29.25935726107,8.32297245643728));
#2701=CARTESIAN_POINT('Ctrl Pts',(-19.3607507630277,27.0126967291917,8.658715332226));
#2702=CARTESIAN_POINT('Ctrl Pts',(-19.2394161526661,25.2915148149157,9.02596142758454));
#2703=CARTESIAN_POINT('Ctrl Pts',(-19.0987616340402,23.8999227914922,9.41653140473422));
#2704=CARTESIAN_POINT('Ctrl Pts',(-18.9411603963322,22.5766112109343,9.83485746142805));
#2705=CARTESIAN_POINT('Ctrl Pts',(-18.7810807323329,21.6606396838252,10.3079514501672));
#2706=CARTESIAN_POINT('Ctrl Pts',(-18.5566977699321,20.9800736376864,10.8654936637876));
#2707=CARTESIAN_POINT('Ctrl Pts',(-18.4237749798828,20.6784851058777,11.1800325725509));
#2708=CARTESIAN_POINT('Ctrl Pts',(-18.3066081963806,20.4668181463836,11.4631450519586));
#2709=CARTESIAN_POINT('Ctrl Pts',(-18.1404178719924,20.2693877657672,11.8241274344716));
#2710=CARTESIAN_POINT('Ctrl Pts',(-17.946242284223,20.1575184878694,12.1601801184971));
#2711=CARTESIAN_POINT('Ctrl Pts',(-17.8727792698453,20.1334548068444,12.2808953309114));
#2712=CARTESIAN_POINT('Ctrl Pts',(-17.6674124397869,80.3512232013202,10.2039842695622));
#2713=CARTESIAN_POINT('Ctrl Pts',(-17.7253022500452,79.6086835900421,10.096282675638));
#2714=CARTESIAN_POINT('Ctrl Pts',(-17.828036441666,78.0676645811001,9.9009034345022));
#2715=CARTESIAN_POINT('Ctrl Pts',(-18.0199599574699,74.9667174180137,9.52265976204372));
#2716=CARTESIAN_POINT('Ctrl Pts',(-18.2523117928879,70.7155258082813,9.0354510240515));
#2717=CARTESIAN_POINT('Ctrl Pts',(-18.4510923649113,66.0403289754291,8.58723039945162));
#2718=CARTESIAN_POINT('Ctrl Pts',(-18.6971433016888,59.8028198789399,7.9948339068963));
#2719=CARTESIAN_POINT('Ctrl Pts',(-18.875313966049,53.4483006487864,7.52381587789094));
#2720=CARTESIAN_POINT('Ctrl Pts',(-19.0367882701205,45.6060388395156,7.06516431120697));
#2721=CARTESIAN_POINT('Ctrl Pts',(-19.113081572296,39.3944647552489,6.8324443698001));
#2722=CARTESIAN_POINT('Ctrl Pts',(-19.0731803909245,34.4825506635891,6.95395873315672));
#2723=CARTESIAN_POINT('Ctrl Pts',(-19.0210091723657,31.3926821216755,7.10811887303891));
#2724=CARTESIAN_POINT('Ctrl Pts',(-18.9463240338229,29.1469008190268,7.32465159031065));
#2725=CARTESIAN_POINT('Ctrl Pts',(-18.8303041974046,26.8715033256181,7.64475046516774));
#2726=CARTESIAN_POINT('Ctrl Pts',(-18.6946438216047,25.083567341969,8.00076426926264));
#2727=CARTESIAN_POINT('Ctrl Pts',(-18.5415602179056,23.6550765870505,8.37698796879939));
#2728=CARTESIAN_POINT('Ctrl Pts',(-18.3691904611325,22.27681106342,8.78112229372382));
#2729=CARTESIAN_POINT('Ctrl Pts',(-18.1498656213369,21.2035323670849,9.27417461832038));
#2730=CARTESIAN_POINT('Ctrl Pts',(-17.8587001184071,20.4166964210029,9.85526708077284));
#2731=CARTESIAN_POINT('Ctrl Pts',(-17.6781491545836,20.049534799083,10.1936596957748));
#2732=CARTESIAN_POINT('Ctrl Pts',(-17.4987593511038,19.7657524550314,10.5174374906489));
#2733=CARTESIAN_POINT('Ctrl Pts',(-17.2524102960102,19.5020365176697,10.9373132470734));
#2734=CARTESIAN_POINT('Ctrl Pts',(-17.0113646943338,19.3632234341119,11.3114533401239));
#2735=CARTESIAN_POINT('Ctrl Pts',(-16.9074275315847,19.3275479083783,11.4662821340998));
#2736=CARTESIAN_POINT('Ctrl Pts',(-17.8836778911347,80.5607371986704,8.96897063884236));
#2737=CARTESIAN_POINT('Ctrl Pts',(-17.9364826261334,79.7951509688863,8.86365295564636));
#2738=CARTESIAN_POINT('Ctrl Pts',(-18.0279504743954,78.2433111752087,8.67673782783292));
#2739=CARTESIAN_POINT('Ctrl Pts',(-18.1983141509183,75.132149979959,8.31563169767146));
#2740=CARTESIAN_POINT('Ctrl Pts',(-18.4045924291385,70.853490916907,7.84981664618248));
#2741=CARTESIAN_POINT('Ctrl Pts',(-18.5799421509881,66.1656077268705,7.42273952458494));
#2742=CARTESIAN_POINT('Ctrl Pts',(-18.7964979702158,59.9130969508998,6.85859957885068));
#2743=CARTESIAN_POINT('Ctrl Pts',(-18.9530369018111,53.5226375286172,6.40925239630086));
#2744=CARTESIAN_POINT('Ctrl Pts',(-19.0937683631523,45.6734919728256,5.97338310490873));
#2745=CARTESIAN_POINT('Ctrl Pts',(-19.1606850272807,39.4048757141136,5.7507203331823));
#2746=CARTESIAN_POINT('Ctrl Pts',(-19.1256905295926,34.4416162833243,5.86701157257487));
#2747=CARTESIAN_POINT('Ctrl Pts',(-19.0799505213241,31.315221731841,6.01435679586687));
#2748=CARTESIAN_POINT('Ctrl Pts',(-19.0127886002055,28.9966889743861,6.22502459258126));
#2749=CARTESIAN_POINT('Ctrl Pts',(-18.9099885611522,26.6810433836355,6.53262569311783));
#2750=CARTESIAN_POINT('Ctrl Pts',(-18.7854439345011,24.798963244706,6.88362807720057));
#2751=CARTESIAN_POINT('Ctrl Pts',(-18.6454421906442,23.3142933068571,7.2528240312498));
#2752=CARTESIAN_POINT('Ctrl Pts',(-18.4865611164271,21.8540016714088,7.65181570669736));
#2753=CARTESIAN_POINT('Ctrl Pts',(-18.2559156709903,20.5378099500381,8.19623567196786));
#2754=CARTESIAN_POINT('Ctrl Pts',(-17.9396920989848,19.5594331654824,8.85580855432656));
#2755=CARTESIAN_POINT('Ctrl Pts',(-17.7301627572659,19.0684177676487,9.26383285417392));
#2756=CARTESIAN_POINT('Ctrl Pts',(-17.5005098059077,18.6425756195234,9.69207618437528));
#2757=CARTESIAN_POINT('Ctrl Pts',(-17.1680954307114,18.2318057331571,10.2735835779859));
#2758=CARTESIAN_POINT('Ctrl Pts',(-16.854387093513,18.0239953970656,10.7720682455796));
#2759=CARTESIAN_POINT('Ctrl Pts',(-16.6949879475094,17.961075753323,11.0131789639262));
#2760=CARTESIAN_POINT('Ctrl Pts',(-18.1038475209662,80.6504495248338,8.50004146681689));
#2761=CARTESIAN_POINT('Ctrl Pts',(-18.1534758138135,79.8750056431769,8.39434044759945));
#2762=CARTESIAN_POINT('Ctrl Pts',(-18.2385318480322,78.3185321907855,8.20874890454856));
#2763=CARTESIAN_POINT('Ctrl Pts',(-18.3966333565074,75.2029954566799,7.85073042269467));
#2764=CARTESIAN_POINT('Ctrl Pts',(-18.5877128383428,70.9125789780225,7.38885672600642));
#2765=CARTESIAN_POINT('Ctrl Pts',(-18.7494092848846,66.2192597482683,6.96645348979697));
#2766=CARTESIAN_POINT('Ctrl Pts',(-18.9484696428361,59.9603301032044,6.40887371113578));
#2767=CARTESIAN_POINT('Ctrl Pts',(-19.0918232336045,53.5544787069058,5.96478517205738));
#2768=CARTESIAN_POINT('Ctrl Pts',(-19.2199580353309,45.702382484905,5.5350159717073));
#2769=CARTESIAN_POINT('Ctrl Pts',(-19.2808347391978,39.4093352327046,5.31486423764899));
#2770=CARTESIAN_POINT('Ctrl Pts',(-19.2489867672546,34.4240748732512,5.42984642231168));
#2771=CARTESIAN_POINT('Ctrl Pts',(-19.2073290042234,31.2820319688214,5.57548830154253));
#2772=CARTESIAN_POINT('Ctrl Pts',(-19.1455429521092,28.9323182829651,5.78548495632022));
#2773=CARTESIAN_POINT('Ctrl Pts',(-19.0512659395779,26.5994225648019,6.09047326099085));
#2774=CARTESIAN_POINT('Ctrl Pts',(-18.9353401788919,24.6770048179942,6.44284203820304));
#2775=CARTESIAN_POINT('Ctrl Pts',(-18.8047222642817,23.1682676365453,6.8129017429024));
#2776=CARTESIAN_POINT('Ctrl Pts',(-18.6557856411238,21.6728381139375,7.21409113688628));
#2777=CARTESIAN_POINT('Ctrl Pts',(-18.4288870173573,20.2525770769075,7.78825359118559));
#2778=CARTESIAN_POINT('Ctrl Pts',(-18.1106522821858,19.1922618173912,8.49169081678628));
#2779=CARTESIAN_POINT('Ctrl Pts',(-17.8938412314871,18.6482978406623,8.93635487116597));
#2780=CARTESIAN_POINT('Ctrl Pts',(-17.6481323874803,18.161732565121,9.41704341670621));
#2781=CARTESIAN_POINT('Ctrl Pts',(-17.2839846615142,17.6881050769985,10.0779523195722));
#2782=CARTESIAN_POINT('Ctrl Pts',(-16.9400098332534,17.4507592603158,10.6371492267457));
#2783=CARTESIAN_POINT('Ctrl Pts',(-16.7565923275333,17.3762139745148,10.9186360672409));
#2784=CARTESIAN_POINT('',(-18.7207996598548,80.1685403585891,11.8639557053884));
#2785=CARTESIAN_POINT('Ctrl Pts',(-18.5125353946036,20.2737941051847,12.7300798992348));
#2786=CARTESIAN_POINT('Ctrl Pts',(-18.5836210136869,20.2998094298851,12.6060886944386));
#2787=CARTESIAN_POINT('Ctrl Pts',(-18.771138767544,20.4173769347298,12.2601431549421));
#2788=CARTESIAN_POINT('Ctrl Pts',(-18.9126202863743,20.6206089076002,11.8961067438858));
#2789=CARTESIAN_POINT('Ctrl Pts',(-19.0045060148764,20.8304781329115,11.6156333816843));
#2790=CARTESIAN_POINT('Ctrl Pts',(-19.1151253556951,21.1278966973599,11.3023729384296));
#2791=CARTESIAN_POINT('Ctrl Pts',(-19.3029780510941,21.7966991996572,10.7477979246116));
#2792=CARTESIAN_POINT('Ctrl Pts',(-19.4261912698459,22.6729284974985,10.2841959292572));
#2793=CARTESIAN_POINT('Ctrl Pts',(-19.570186276301,23.9810254321472,9.86179101744399));
#2794=CARTESIAN_POINT('Ctrl Pts',(-19.6989151028709,25.3629647960437,9.46690151151837));
#2795=CARTESIAN_POINT('Ctrl Pts',(-19.8075322088529,27.0627467520813,9.09694912997997));
#2796=CARTESIAN_POINT('Ctrl Pts',(-19.9089793311297,29.2999686950065,8.75616883079666));
#2797=CARTESIAN_POINT('Ctrl Pts',(-19.9699872576993,31.4726985676328,8.52901990032363));
#2798=CARTESIAN_POINT('Ctrl Pts',(-20.015920124638,34.5251458053701,8.36435027576975));
#2799=CARTESIAN_POINT('Ctrl Pts',(-20.0506973272293,39.38350135463,8.23475993114362));
#2800=CARTESIAN_POINT('Ctrl Pts',(-19.984163788559,45.536176077363,8.48297208116713));
#2801=CARTESIAN_POINT('Ctrl Pts',(-19.8373904531591,53.3729492836085,8.97637592703189));
#2802=CARTESIAN_POINT('Ctrl Pts',(-19.6761639053292,59.6935362325827,9.48189345323681));
#2803=CARTESIAN_POINT('Ctrl Pts',(-19.4492399446808,65.9201883259657,10.120260399335));
#2804=CARTESIAN_POINT('Ctrl Pts',(-19.264824017457,70.5861871831662,10.6038319333523));
#2805=CARTESIAN_POINT('Ctrl Pts',(-19.049251637288,74.8160137159944,11.1290327013112));
#2806=CARTESIAN_POINT('Ctrl Pts',(-18.8692297180372,77.9114831020087,11.5381906932706));
#2807=CARTESIAN_POINT('Ctrl Pts',(-18.7729754952166,79.4447338460641,11.7493927476503));
#2808=CARTESIAN_POINT('Ctrl Pts',(-18.7207996598548,80.1685403585891,11.8639557053884));
#2809=CARTESIAN_POINT('',(-18.1038475209662,80.6504495248338,8.50004146681689));
#2810=CARTESIAN_POINT('Origin',(-20.8194246491111,80.6504495248338,9.77504768683942));
#2811=CARTESIAN_POINT('Ctrl Pts',(-18.1038475209662,80.6504495248338,8.50004146681689));
#2812=CARTESIAN_POINT('Ctrl Pts',(-18.1534758138135,79.8750056431769,8.39434044759945));
#2813=CARTESIAN_POINT('Ctrl Pts',(-18.2385318480322,78.3185321907855,8.20874890454856));
#2814=CARTESIAN_POINT('Ctrl Pts',(-18.3966333565074,75.2029954566799,7.85073042269467));
#2815=CARTESIAN_POINT('Ctrl Pts',(-18.5877128383428,70.9125789780225,7.38885672600642));
#2816=CARTESIAN_POINT('Ctrl Pts',(-18.7494092848846,66.2192597482683,6.96645348979697));
#2817=CARTESIAN_POINT('Ctrl Pts',(-18.9484696428361,59.9603301032044,6.40887371113578));
#2818=CARTESIAN_POINT('Ctrl Pts',(-19.0918232336045,53.5544787069058,5.96478517205738));
#2819=CARTESIAN_POINT('Ctrl Pts',(-19.2199580353309,45.702382484905,5.5350159717073));
#2820=CARTESIAN_POINT('Ctrl Pts',(-19.2808347391978,39.4093352327046,5.31486423764899));
#2821=CARTESIAN_POINT('Ctrl Pts',(-19.2489867672546,34.4240748732512,5.42984642231168));
#2822=CARTESIAN_POINT('Ctrl Pts',(-19.2073290042234,31.2820319688214,5.57548830154253));
#2823=CARTESIAN_POINT('Ctrl Pts',(-19.1455429521092,28.9323182829651,5.78548495632022));
#2824=CARTESIAN_POINT('Ctrl Pts',(-19.0512659395779,26.5994225648019,6.09047326099085));
#2825=CARTESIAN_POINT('Ctrl Pts',(-18.9353401788919,24.6770048179942,6.44284203820304));
#2826=CARTESIAN_POINT('Ctrl Pts',(-18.8047222642817,23.1682676365453,6.8129017429024));
#2827=CARTESIAN_POINT('Ctrl Pts',(-18.6557856411238,21.6728381139375,7.21409113688628));
#2828=CARTESIAN_POINT('Ctrl Pts',(-18.4288870173573,20.2525770769075,7.78825359118559));
#2829=CARTESIAN_POINT('Ctrl Pts',(-18.1106522821858,19.1922618173912,8.49169081678628));
#2830=CARTESIAN_POINT('Ctrl Pts',(-17.8938412314871,18.6482978406623,8.93635487116597));
#2831=CARTESIAN_POINT('Ctrl Pts',(-17.6481323874803,18.161732565121,9.41704341670621));
#2832=CARTESIAN_POINT('Ctrl Pts',(-17.2839846615142,17.6881050769985,10.0779523195722));
#2833=CARTESIAN_POINT('Ctrl Pts',(-16.9400098332534,17.4507592603158,10.6371492267457));
#2834=CARTESIAN_POINT('Ctrl Pts',(-16.7565923275333,17.3762139745148,10.9186360672409));
#2835=CARTESIAN_POINT('Ctrl Pts',(-18.7192490776232,80.2586831759796,11.8890665376355));
#2836=CARTESIAN_POINT('Ctrl Pts',(-18.7199071139106,80.2290483706675,11.8789835692068));
#2837=CARTESIAN_POINT('Ctrl Pts',(-18.7204134772964,80.1989484294919,11.8705828405257));
#2838=CARTESIAN_POINT('Ctrl Pts',(-18.7207996598548,80.1685403585891,11.8639557053884));
#2839=CARTESIAN_POINT('Ctrl Pts',(-18.2146333038766,80.3197891741259,11.4008832383881));
#2840=CARTESIAN_POINT('Ctrl Pts',(-18.2178075483258,80.2835854508652,11.3895546027222));
#2841=CARTESIAN_POINT('Ctrl Pts',(-18.2203892317875,80.2463345378091,11.3800747460809));
#2842=CARTESIAN_POINT('Ctrl Pts',(-18.22245303202,80.2088857500885,11.3725985640532));
#2843=CARTESIAN_POINT('Ctrl Pts',(-17.6478224908798,80.5383667518449,10.2411019427485));
#2844=CARTESIAN_POINT('Ctrl Pts',(-17.6558385398522,80.4769742356139,10.2261746872424));
#2845=CARTESIAN_POINT('Ctrl Pts',(-17.6625036674776,80.4145290902387,10.2137270522444));
#2846=CARTESIAN_POINT('Ctrl Pts',(-17.6677441834881,80.3512609603364,10.2038991521771));
#2847=CARTESIAN_POINT('Ctrl Pts',(-17.8567324576449,80.8615794530287,9.02204721991618));
#2848=CARTESIAN_POINT('Ctrl Pts',(-17.8676261020472,80.7624877694676,9.0006836411041));
#2849=CARTESIAN_POINT('Ctrl Pts',(-17.8766075529225,80.6620818385511,8.98293899501381));
#2850=CARTESIAN_POINT('Ctrl Pts',(-17.8836778911347,80.5607371986704,8.96897063884235));
#2851=CARTESIAN_POINT('Ctrl Pts',(-18.0750929850016,81.,8.56101708814703));
#2852=CARTESIAN_POINT('Ctrl Pts',(-18.0867306714958,80.8847748370633,8.53644614484123));
#2853=CARTESIAN_POINT('Ctrl Pts',(-18.0963185296493,80.7680902881319,8.51607711926868));
#2854=CARTESIAN_POINT('Ctrl Pts',(-18.1038475209662,80.6504495248338,8.50004146681688));
#2855=CARTESIAN_POINT('',(-18.7192490776232,80.2586831759796,11.8890665376355));
#2856=CARTESIAN_POINT('Ctrl Pts',(-18.7207996598548,80.1685403585891,11.8639557053884));
#2857=CARTESIAN_POINT('Ctrl Pts',(-18.7204134772964,80.1989484294919,11.8705828405257));
#2858=CARTESIAN_POINT('Ctrl Pts',(-18.7199071139106,80.2290483706675,11.8789835692068));
#2859=CARTESIAN_POINT('Ctrl Pts',(-18.7192490776232,80.2586831759796,11.8890665376355));
#2860=CARTESIAN_POINT('',(-18.0750929850016,81.,8.56101708814703));
#2861=CARTESIAN_POINT('Origin',(-20.7863569327519,81.,9.84516965136909));
#2862=CARTESIAN_POINT('Ctrl Pts',(-18.0750929850016,81.,8.56101708814703));
#2863=CARTESIAN_POINT('Ctrl Pts',(-18.0867306714958,80.8847748370633,8.53644614484123));
#2864=CARTESIAN_POINT('Ctrl Pts',(-18.0963185296493,80.7680902881319,8.51607711926868));
#2865=CARTESIAN_POINT('Ctrl Pts',(-18.1038475209662,80.6504495248338,8.50004146681688));
#2866=CARTESIAN_POINT('Ctrl Pts',(-17.5744283459263,80.2586831759796,13.5240399836854));
#2867=CARTESIAN_POINT('Ctrl Pts',(-17.5940076576515,80.3214118024621,13.5154314256179));
#2868=CARTESIAN_POINT('Ctrl Pts',(-17.6222994337262,80.4442654625411,13.4800261974174));
#2869=CARTESIAN_POINT('Ctrl Pts',(-17.6464217033165,80.6743497317303,13.3436874166043));
#2870=CARTESIAN_POINT('Ctrl Pts',(-17.6442719357101,80.9224063436934,13.0682595559856));
#2871=CARTESIAN_POINT('Ctrl Pts',(-17.7126212854914,81.1044178395192,12.6614592632));
#2872=CARTESIAN_POINT('Ctrl Pts',(-17.9565597472229,81.1040003408465,12.3149783230418));
#2873=CARTESIAN_POINT('Ctrl Pts',(-18.3149255380982,80.922273710257,12.1103948227473));
#2874=CARTESIAN_POINT('Ctrl Pts',(-18.6265441629784,80.6246555262584,12.0002772684909));
#2875=CARTESIAN_POINT('Ctrl Pts',(-18.7164633186447,80.3841404289447,11.9317522076602));
#2876=CARTESIAN_POINT('Ctrl Pts',(-18.7192490776232,80.2586831759796,11.8890665376355));
#2877=CARTESIAN_POINT('Ctrl Pts',(-16.9430973427714,80.3197891741259,13.2168247867413));
#2878=CARTESIAN_POINT('Ctrl Pts',(-16.9633676726389,80.3717144324401,13.2093828174592));
#2879=CARTESIAN_POINT('Ctrl Pts',(-16.995995490253,80.4760678330716,13.1829410202646));
#2880=CARTESIAN_POINT('Ctrl Pts',(-17.0412639790101,80.6909008254093,13.0799053770448));
#2881=CARTESIAN_POINT('Ctrl Pts',(-17.0908815554744,80.9670818870119,12.8415161804775));
#2882=CARTESIAN_POINT('Ctrl Pts',(-17.246612777538,81.2003495218732,12.4054553934939));
#2883=CARTESIAN_POINT('Ctrl Pts',(-17.5556160791109,81.1993886371211,11.9654841166706));
#2884=CARTESIAN_POINT('Ctrl Pts',(-17.9125713540928,80.9671425517303,11.6683612808054));
#2885=CARTESIAN_POINT('Ctrl Pts',(-18.1603664585894,80.6354320411839,11.5153272091055));
#2886=CARTESIAN_POINT('Ctrl Pts',(-18.2145126988925,80.4236396907539,11.4440696039837));
#2887=CARTESIAN_POINT('Ctrl Pts',(-18.2146333038766,80.319789174126,11.4008832383881));
#2888=CARTESIAN_POINT('Ctrl Pts',(-15.6593989590699,80.5383668893978,13.0808663799586));
#2889=CARTESIAN_POINT('Ctrl Pts',(-15.6861082521013,80.5988927580638,13.0669342531138));
#2890=CARTESIAN_POINT('Ctrl Pts',(-15.7419379206523,80.7214612894612,13.0293875828874));
#2891=CARTESIAN_POINT('Ctrl Pts',(-15.8700231470734,80.9810165117087,12.9026871707541));
#2892=CARTESIAN_POINT('Ctrl Pts',(-16.0767550052584,81.327922926104,12.6073444213428));
#2893=CARTESIAN_POINT('Ctrl Pts',(-16.4429123013199,81.625350294217,12.0159299092509));
#2894=CARTESIAN_POINT('Ctrl Pts',(-16.9153015706505,81.6239612969557,11.3422049786881));
#2895=CARTESIAN_POINT('Ctrl Pts',(-17.3469164776386,81.3282174162035,10.7942786217893));
#2896=CARTESIAN_POINT('Ctrl Pts',(-17.5935511798081,80.9111093609212,10.4411232796868));
#2897=CARTESIAN_POINT('Ctrl Pts',(-17.6399098859943,80.6594186267289,10.3008290408596));
#2898=CARTESIAN_POINT('Ctrl Pts',(-17.6478234871085,80.5383668893978,10.2411018536831));
#2899=CARTESIAN_POINT('Ctrl Pts',(-14.5853133914291,80.8615794530287,13.6941178385505));
#2900=CARTESIAN_POINT('Ctrl Pts',(-14.621872146038,80.9738081041496,13.6619015964166));
#2901=CARTESIAN_POINT('Ctrl Pts',(-14.7062655820341,81.1947002675929,13.5712477457225));
#2902=CARTESIAN_POINT('Ctrl Pts',(-14.9215065506936,81.6123797763768,13.2862534911824));
#2903=CARTESIAN_POINT('Ctrl Pts',(-15.278993279634,82.0657673513415,12.7373650630336));
#2904=CARTESIAN_POINT('Ctrl Pts',(-15.8546503882852,82.3925698808684,11.834133032783));
#2905=CARTESIAN_POINT('Ctrl Pts',(-16.5429202023881,82.3918467557484,10.8518634624851));
#2906=CARTESIAN_POINT('Ctrl Pts',(-17.1954521414215,82.0658064231101,10.0007828395262));
#2907=CARTESIAN_POINT('Ctrl Pts',(-17.6670750304929,81.5214866617782,9.37283107901573));
#2908=CARTESIAN_POINT('Ctrl Pts',(-17.821193388622,81.0860367552692,9.11279241128219));
#2909=CARTESIAN_POINT('Ctrl Pts',(-17.8567324576449,80.8615794530287,9.0220472199162));
#2910=CARTESIAN_POINT('Ctrl Pts',(-14.2267704775089,81.,14.0569912065236));
#2911=CARTESIAN_POINT('Ctrl Pts',(-14.2672185064168,81.1393711815966,14.0160546493979));
#2912=CARTESIAN_POINT('Ctrl Pts',(-14.3615454914091,81.4119158538776,13.8989442823452));
#2913=CARTESIAN_POINT('Ctrl Pts',(-14.6043962140756,81.9122623362663,13.532977138696));
#2914=CARTESIAN_POINT('Ctrl Pts',(-15.0094384844677,82.4192360776344,12.854333679521));
#2915=CARTESIAN_POINT('Ctrl Pts',(-15.6610792567143,82.7575214263052,11.8000339041792));
#2916=CARTESIAN_POINT('Ctrl Pts',(-16.4446313835723,82.7571680159218,10.6818567927806));
#2917=CARTESIAN_POINT('Ctrl Pts',(-17.2126853539124,82.4191656715684,9.70774091556227));
#2918=CARTESIAN_POINT('Ctrl Pts',(-17.8117823721998,81.8107925614874,8.97268448020011));
#2919=CARTESIAN_POINT('Ctrl Pts',(-18.0258255049877,81.2787423631919,8.66503677099774));
#2920=CARTESIAN_POINT('Ctrl Pts',(-18.0750929850016,81.,8.56101708814704));
#2921=CARTESIAN_POINT('',(-17.5744283459263,80.2586831759796,13.5240399836854));
#2922=CARTESIAN_POINT('Ctrl Pts',(-18.7192490776232,80.2586831759796,11.8890665376355));
#2923=CARTESIAN_POINT('Ctrl Pts',(-18.7164633186447,80.3841404289447,11.9317522076602));
#2924=CARTESIAN_POINT('Ctrl Pts',(-18.6265441629784,80.6246555262584,12.0002772684909));
#2925=CARTESIAN_POINT('Ctrl Pts',(-18.3149255380982,80.922273710257,12.1103948227473));
#2926=CARTESIAN_POINT('Ctrl Pts',(-17.9565597472229,81.1040003408465,12.3149783230418));
#2927=CARTESIAN_POINT('Ctrl Pts',(-17.7126212854914,81.1044178395192,12.6614592632));
#2928=CARTESIAN_POINT('Ctrl Pts',(-17.6442719357101,80.9224063436934,13.0682595559856));
#2929=CARTESIAN_POINT('Ctrl Pts',(-17.6464217033165,80.6743497317303,13.3436874166043));
#2930=CARTESIAN_POINT('Ctrl Pts',(-17.6222994337262,80.4442654625411,13.4800261974174));
#2931=CARTESIAN_POINT('Ctrl Pts',(-17.5940076576515,80.3214118024621,13.5154314256179));
#2932=CARTESIAN_POINT('Ctrl Pts',(-17.5744283459263,80.2586831759796,13.5240399836854));
#2933=CARTESIAN_POINT('',(-14.2267704775089,81.,14.0569912065236));
#2934=CARTESIAN_POINT('Origin',(-16.3607860491352,81.,16.1655398875022));
#2935=CARTESIAN_POINT('Ctrl Pts',(-14.2267704775089,81.,14.0569912065236));
#2936=CARTESIAN_POINT('Ctrl Pts',(-14.2672185064168,81.1393711815966,14.0160546493979));
#2937=CARTESIAN_POINT('Ctrl Pts',(-14.3615454914091,81.4119158538776,13.8989442823452));
#2938=CARTESIAN_POINT('Ctrl Pts',(-14.6043962140756,81.9122623362663,13.532977138696));
#2939=CARTESIAN_POINT('Ctrl Pts',(-15.0094384844677,82.4192360776344,12.854333679521));
#2940=CARTESIAN_POINT('Ctrl Pts',(-15.6610792567143,82.7575214263052,11.8000339041792));
#2941=CARTESIAN_POINT('Ctrl Pts',(-16.4446313835723,82.7571680159218,10.6818567927806));
#2942=CARTESIAN_POINT('Ctrl Pts',(-17.2126853539124,82.4191656715684,9.70774091556227));
#2943=CARTESIAN_POINT('Ctrl Pts',(-17.8117823721998,81.8107925614874,8.97268448020011));
#2944=CARTESIAN_POINT('Ctrl Pts',(-18.0258255049877,81.2787423631919,8.66503677099774));
#2945=CARTESIAN_POINT('Ctrl Pts',(-18.0750929850016,81.,8.56101708814704));
#2946=CARTESIAN_POINT('Ctrl Pts',(-17.551362212519,80.1685403585891,13.5340854648106));
#2947=CARTESIAN_POINT('Ctrl Pts',(-17.5574576002905,80.1989484294919,13.5314559582006));
#2948=CARTESIAN_POINT('Ctrl Pts',(-17.5651785165636,80.2290483706675,13.528106913836));
#2949=CARTESIAN_POINT('Ctrl Pts',(-17.5744283459263,80.2586831759796,13.5240399836854));
#2950=CARTESIAN_POINT('Ctrl Pts',(-16.9191929475579,80.2088857500885,13.2338468559442));
#2951=CARTESIAN_POINT('Ctrl Pts',(-16.9255123993897,80.246334537809,13.2293505132464));
#2952=CARTESIAN_POINT('Ctrl Pts',(-16.9335375629741,80.283585450865,13.223682222421));
#2953=CARTESIAN_POINT('Ctrl Pts',(-16.9430973427715,80.3197891741259,13.2168247867413));
#2954=CARTESIAN_POINT('Ctrl Pts',(-15.6312532886127,80.3512610155538,13.1123103877739));
#2955=CARTESIAN_POINT('Ctrl Pts',(-15.6386961317467,80.4145291454558,13.10402457376));
#2956=CARTESIAN_POINT('Ctrl Pts',(-15.6481134828475,80.476974322545,13.0935040683666));
#2957=CARTESIAN_POINT('Ctrl Pts',(-15.6593988644768,80.5383668387763,13.0808660242317));
#2958=CARTESIAN_POINT('Ctrl Pts',(-14.5446536008816,80.5607371986703,13.7375915234308));
#2959=CARTESIAN_POINT('Ctrl Pts',(-14.5553613640117,80.6620818385506,13.7261701196066));
#2960=CARTESIAN_POINT('Ctrl Pts',(-14.5689640398855,80.7624877694671,13.7116612900961));
#2961=CARTESIAN_POINT('Ctrl Pts',(-14.5853133914291,80.8615794530287,13.6941178385505));
#2962=CARTESIAN_POINT('Ctrl Pts',(-14.1793067666089,80.6504495248337,14.1048665225304));
#2963=CARTESIAN_POINT('Ctrl Pts',(-14.191800284198,80.7680902881313,14.0923070687981));
#2964=CARTESIAN_POINT('Ctrl Pts',(-14.2076616666013,80.8847748370628,14.0763308121964));
#2965=CARTESIAN_POINT('Ctrl Pts',(-14.2267704775089,81.,14.0569912065236));
#2966=CARTESIAN_POINT('',(-17.551362212519,80.1685403585891,13.5340854648106));
#2967=CARTESIAN_POINT('Ctrl Pts',(-17.5744283459263,80.2586831759796,13.5240399836854));
#2968=CARTESIAN_POINT('Ctrl Pts',(-17.5651785165636,80.2290483706675,13.528106913836));
#2969=CARTESIAN_POINT('Ctrl Pts',(-17.5574576002905,80.1989484294919,13.5314559582006));
#2970=CARTESIAN_POINT('Ctrl Pts',(-17.551362212519,80.1685403585891,13.5340854648106));
#2971=CARTESIAN_POINT('',(-14.1793067666089,80.6504495248337,14.1048665225304));
#2972=CARTESIAN_POINT('Origin',(-16.3062027816003,80.6504495248337,16.2205965009099));
#2973=CARTESIAN_POINT('Ctrl Pts',(-14.1793067666089,80.6504495248337,14.1048665225304));
#2974=CARTESIAN_POINT('Ctrl Pts',(-14.191800284198,80.7680902881313,14.0923070687981));
#2975=CARTESIAN_POINT('Ctrl Pts',(-14.2076616666013,80.8847748370628,14.0763308121964));
#2976=CARTESIAN_POINT('Ctrl Pts',(-14.2267704775089,81.,14.0569912065236));
#2977=CARTESIAN_POINT('Ctrl Pts',(-14.179306766609,80.6504495248337,14.1048665225304));
#2978=CARTESIAN_POINT('Ctrl Pts',(-14.0470013839906,79.4046429624606,14.237870163793));
#2979=CARTESIAN_POINT('Ctrl Pts',(-13.8230524378691,76.9015367498712,14.4568527996722));
#2980=CARTESIAN_POINT('Ctrl Pts',(-13.3761263993386,71.8931754993797,14.8737814565897));
#2981=CARTESIAN_POINT('Ctrl Pts',(-13.0043421186871,66.8673325265785,15.1981375768428));
#2982=CARTESIAN_POINT('Ctrl Pts',(-12.551568463788,60.5820777328498,15.5741834232327));
#2983=CARTESIAN_POINT('Ctrl Pts',(-12.3216381451805,56.8037696551387,15.7545315078207));
#2984=CARTESIAN_POINT('Ctrl Pts',(-12.1889024711127,54.2824115539794,15.8565650930365));
#2985=CARTESIAN_POINT('Ctrl Pts',(-14.6664358789725,80.5308330899492,13.615166523731));
#2986=CARTESIAN_POINT('Ctrl Pts',(-14.5372730727383,79.3062089992266,13.7543799891534));
#2987=CARTESIAN_POINT('Ctrl Pts',(-14.3141194218388,76.8024543263542,13.9874673645904));
#2988=CARTESIAN_POINT('Ctrl Pts',(-13.8701781248863,71.8113322745609,14.4300234589161));
#2989=CARTESIAN_POINT('Ctrl Pts',(-13.4988622369786,66.796152908742,14.7751440487056));
#2990=CARTESIAN_POINT('Ctrl Pts',(-13.0457899040331,60.5166819722487,15.1762720740512));
#2991=CARTESIAN_POINT('Ctrl Pts',(-12.8155365725251,56.7523272853604,15.3682046849207));
#2992=CARTESIAN_POINT('Ctrl Pts',(-12.6824069183059,54.2348798043444,15.4772094418847));
#2993=CARTESIAN_POINT('Ctrl Pts',(-15.8334471500077,80.3223649516003,13.0780853066369));
#2994=CARTESIAN_POINT('Ctrl Pts',(-15.7012174416444,79.1345068424542,13.2253016692852));
#2995=CARTESIAN_POINT('Ctrl Pts',(-15.4668702489229,76.6296888800503,13.4796176365777));
#2996=CARTESIAN_POINT('Ctrl Pts',(-15.003140658187,71.6684803097143,13.9581850512055));
#2997=CARTESIAN_POINT('Ctrl Pts',(-14.6144142072652,66.6719672260566,14.333026617228));
#2998=CARTESIAN_POINT('Ctrl Pts',(-14.1390948088209,60.4025211019569,14.7685940703499));
#2999=CARTESIAN_POINT('Ctrl Pts',(-13.8984754642245,56.6625594252236,14.9765144293797));
#3000=CARTESIAN_POINT('Ctrl Pts',(-13.7588161386306,54.1519145623693,15.0947650695665));
#3001=CARTESIAN_POINT('Ctrl Pts',(-17.0772352637982,80.1987994022136,13.3089065081608));
#3002=CARTESIAN_POINT('Ctrl Pts',(-16.9361103669442,79.0314838562412,13.4534107710301));
#3003=CARTESIAN_POINT('Ctrl Pts',(-16.6836749667335,76.5244924601826,13.709373400968));
#3004=CARTESIAN_POINT('Ctrl Pts',(-16.1865036968274,71.5785000695776,14.1875507652267));
#3005=CARTESIAN_POINT('Ctrl Pts',(-15.7705002738209,66.5921434689581,14.5623921493577));
#3006=CARTESIAN_POINT('Ctrl Pts',(-15.2624802996682,60.3270732330714,14.998426918536));
#3007=CARTESIAN_POINT('Ctrl Pts',(-15.0062380548356,56.6024927035706,15.205163587295));
#3008=CARTESIAN_POINT('Ctrl Pts',(-14.8574101331109,54.0960374739585,15.3232478685216));
#3009=CARTESIAN_POINT('Ctrl Pts',(-17.5513622125191,80.1685403585891,13.5340854648106));
#3010=CARTESIAN_POINT('Ctrl Pts',(-17.4070779267391,79.0056929565747,13.6758045486655));
#3011=CARTESIAN_POINT('Ctrl Pts',(-17.1484334987827,76.4976089499838,13.9292100269999));
#3012=CARTESIAN_POINT('Ctrl Pts',(-16.639720582564,71.5542849614897,14.401177309005));
#3013=CARTESIAN_POINT('Ctrl Pts',(-16.2142152068651,66.5700909175992,14.7712640752055));
#3014=CARTESIAN_POINT('Ctrl Pts',(-15.6948673255238,60.3054274020724,15.2018004784352));
#3015=CARTESIAN_POINT('Ctrl Pts',(-15.4331117569997,56.5850080974838,15.4053957640125));
#3016=CARTESIAN_POINT('Ctrl Pts',(-15.2810962806483,54.0796287780379,15.5218338699608));
#3017=CARTESIAN_POINT('',(-15.2810962806483,54.0796287780379,15.5218338699608));
#3018=CARTESIAN_POINT('',(-12.1889024711127,54.2824115539794,15.8565650930365));
#3019=CARTESIAN_POINT('Origin',(-14.0172378417796,54.2824115539794,18.235049856992));
#3020=CARTESIAN_POINT('Ctrl Pts',(-12.1889024711127,54.2824115539794,15.8565650930365));
#3021=CARTESIAN_POINT('Ctrl Pts',(-12.3216381451805,56.8037696551387,15.7545315078207));
#3022=CARTESIAN_POINT('Ctrl Pts',(-12.551568463788,60.5820777328498,15.5741834232327));
#3023=CARTESIAN_POINT('Ctrl Pts',(-13.0043421186871,66.8673325265785,15.1981375768428));
#3024=CARTESIAN_POINT('Ctrl Pts',(-13.3761263993386,71.8931754993797,14.8737814565897));
#3025=CARTESIAN_POINT('Ctrl Pts',(-13.8230524378691,76.9015367498712,14.4568527996722));
#3026=CARTESIAN_POINT('Ctrl Pts',(-14.0470013839906,79.4046429624606,14.237870163793));
#3027=CARTESIAN_POINT('Ctrl Pts',(-14.179306766609,80.6504495248337,14.1048665225304));
#3028=CARTESIAN_POINT('Ctrl Pts',(-17.5513622125191,80.1685403585891,13.5340854648106));
#3029=CARTESIAN_POINT('Ctrl Pts',(-17.4070779267391,79.0056929565747,13.6758045486655));
#3030=CARTESIAN_POINT('Ctrl Pts',(-17.1484334987827,76.4976089499838,13.9292100269999));
#3031=CARTESIAN_POINT('Ctrl Pts',(-16.639720582564,71.5542849614897,14.401177309005));
#3032=CARTESIAN_POINT('Ctrl Pts',(-16.2142152068651,66.5700909175992,14.7712640752055));
#3033=CARTESIAN_POINT('Ctrl Pts',(-15.6948673255238,60.3054274020724,15.2018004784352));
#3034=CARTESIAN_POINT('Ctrl Pts',(-15.4331117569997,56.5850080974838,15.4053957640125));
#3035=CARTESIAN_POINT('Ctrl Pts',(-15.2810962806483,54.0796287780379,15.5218338699608));
#3036=CARTESIAN_POINT('Ctrl Pts',(-12.1889024711127,54.2824115539795,15.8565650930365));
#3037=CARTESIAN_POINT('Ctrl Pts',(-12.1599285336212,53.7320420129377,15.8788372873116));
#3038=CARTESIAN_POINT('Ctrl Pts',(-12.2770224342508,52.6134803765786,15.7910090318479));
#3039=CARTESIAN_POINT('Ctrl Pts',(-12.6992550480485,51.6710358319525,15.4545627621347));
#3040=CARTESIAN_POINT('Ctrl Pts',(-12.9571193068343,51.2796976320386,15.2352571119906));
#3041=CARTESIAN_POINT('Ctrl Pts',(-12.6824069183059,54.2348798043446,15.4772094418848));
#3042=CARTESIAN_POINT('Ctrl Pts',(-12.6575455663033,53.7773536821862,15.4978079379806));
#3043=CARTESIAN_POINT('Ctrl Pts',(-12.7592611526163,52.8451858499781,15.4160775671614));
#3044=CARTESIAN_POINT('Ctrl Pts',(-13.1172387478777,52.078555233326,15.1105229737199));
#3045=CARTESIAN_POINT('Ctrl Pts',(-13.3306979930068,51.7675397072692,14.9175398872896));
#3046=CARTESIAN_POINT('Ctrl Pts',(-13.7588147953162,54.1519133788552,15.0947378908382));
#3047=CARTESIAN_POINT('Ctrl Pts',(-13.7386054866437,53.8561501284281,15.1100899587384));
#3048=CARTESIAN_POINT('Ctrl Pts',(-13.822379637138,53.2500509935412,15.0474215611849));
#3049=CARTESIAN_POINT('Ctrl Pts',(-14.1049260789173,52.789984215353,14.8264016630754));
#3050=CARTESIAN_POINT('Ctrl Pts',(-14.2645968379553,52.617952835346,14.6960616653395));
#3051=CARTESIAN_POINT('Ctrl Pts',(-14.8574101331109,54.0960374739586,15.3232478685216));
#3052=CARTESIAN_POINT('Ctrl Pts',(-14.8390436518984,53.9091750220566,15.3302524996393));
#3053=CARTESIAN_POINT('Ctrl Pts',(-14.9150983914051,53.5255795975464,15.301772830349));
#3054=CARTESIAN_POINT('Ctrl Pts',(-15.1724840802425,53.2374646125399,15.2005283221412));
#3055=CARTESIAN_POINT('Ctrl Pts',(-15.3184145918802,53.1306328490409,15.1396432913692));
#3056=CARTESIAN_POINT('Ctrl Pts',(-15.2810962806483,54.0796287780379,15.5218338699608));
#3057=CARTESIAN_POINT('Ctrl Pts',(-15.2633753113845,53.9245560733333,15.5251691285716));
#3058=CARTESIAN_POINT('Ctrl Pts',(-15.3363888781673,53.607713352807,15.512203988826));
#3059=CARTESIAN_POINT('Ctrl Pts',(-15.587055713706,53.3576736313908,15.4607637027681));
#3060=CARTESIAN_POINT('Ctrl Pts',(-15.7317161386923,53.2596134781327,15.425474283778));
#3061=CARTESIAN_POINT('',(-15.7317161386906,53.2596134781333,15.425474283778));
#3062=CARTESIAN_POINT('',(-12.2854809688582,52.9501863122429,15.78185532071));
#3063=CARTESIAN_POINT('Ctrl Pts',(-15.7317161386923,53.2596134781327,15.425474283778));
#3064=CARTESIAN_POINT('Ctrl Pts',(-15.4526091478898,53.2227310098842,15.2799087581332));
#3065=CARTESIAN_POINT('Ctrl Pts',(-15.1399424632072,53.1860359247912,15.1850361325117));
#3066=CARTESIAN_POINT('Ctrl Pts',(-14.4449364883172,53.1113660103672,15.0759120609494));
#3067=CARTESIAN_POINT('Ctrl Pts',(-14.0254348322362,53.0709589823721,15.0788488081002));
#3068=CARTESIAN_POINT('Ctrl Pts',(-13.3588782441101,53.0161789559784,15.2225543520997));
#3069=CARTESIAN_POINT('Ctrl Pts',(-13.1249031591195,52.9988410276676,15.3008979980056));
#3070=CARTESIAN_POINT('Ctrl Pts',(-12.6830002603427,52.9700466002772,15.5071617631938));
#3071=CARTESIAN_POINT('Ctrl Pts',(-12.4762107896769,52.9585849755528,15.6333805351892));
#3072=CARTESIAN_POINT('Ctrl Pts',(-12.285480968861,52.9501863122292,15.7818553207079));
#3073=CARTESIAN_POINT('Ctrl Pts',(-12.2858542602461,52.9502812767824,15.7817252385474));
#3074=CARTESIAN_POINT('Ctrl Pts',(-12.1996690290204,53.381229617567,15.8490104526587));
#3075=CARTESIAN_POINT('Ctrl Pts',(-12.1653365020744,53.8347681652398,15.8746801953023));
#3076=CARTESIAN_POINT('Ctrl Pts',(-12.1889024711127,54.2824115539795,15.8565650930365));
#3077=CARTESIAN_POINT('Ctrl Pts',(-15.2810962806483,54.0796287780379,15.5218338699608));
#3078=CARTESIAN_POINT('Ctrl Pts',(-15.2633753113845,53.9245560733333,15.5251691285716));
#3079=CARTESIAN_POINT('Ctrl Pts',(-15.3363888781673,53.607713352807,15.512203988826));
#3080=CARTESIAN_POINT('Ctrl Pts',(-15.587055713706,53.3576736313908,15.4607637027681));
#3081=CARTESIAN_POINT('Ctrl Pts',(-15.7317161386923,53.2596134781327,15.425474283778));
#3082=CARTESIAN_POINT('Ctrl Pts',(-12.8087433113678,32.8596381405917,15.3602114172784));
#3083=CARTESIAN_POINT('Ctrl Pts',(-12.5499471949359,32.5064439226668,15.576019190707));
#3084=CARTESIAN_POINT('Ctrl Pts',(-12.0354482302467,31.5095855199299,15.9780017629499));
#3085=CARTESIAN_POINT('Ctrl Pts',(-11.8841534512653,30.2570740269754,16.086393545438));
#3086=CARTESIAN_POINT('Ctrl Pts',(-11.9417792837265,29.5629179430792,16.0435004764783));
#3087=CARTESIAN_POINT('Ctrl Pts',(-13.1670876929267,32.3477109300522,15.0613912333781));
#3088=CARTESIAN_POINT('Ctrl Pts',(-12.9524387693756,32.068448781906,15.2511636649235));
#3089=CARTESIAN_POINT('Ctrl Pts',(-12.5155906229903,31.2612112767133,15.6161182093472));
#3090=CARTESIAN_POINT('Ctrl Pts',(-12.3827916339586,30.2137758837364,15.7180793545225));
#3091=CARTESIAN_POINT('Ctrl Pts',(-12.432534603671,29.6357268754295,15.6782128809387));
#3092=CARTESIAN_POINT('Ctrl Pts',(-14.0719452014131,31.4553033434967,14.8764700260499));
#3093=CARTESIAN_POINT('Ctrl Pts',(-13.9107638269001,31.3038754369718,15.0038586501168));
#3094=CARTESIAN_POINT('Ctrl Pts',(-13.564787215286,30.8266995849913,15.2661381335099));
#3095=CARTESIAN_POINT('Ctrl Pts',(-13.4533529118164,30.1385530783366,15.3457406566354));
#3096=CARTESIAN_POINT('Ctrl Pts',(-13.4942430178989,29.76283382701,15.3158768936239));
#3097=CARTESIAN_POINT('Ctrl Pts',(-15.1030812068253,30.9182496191799,15.3487011625444));
#3098=CARTESIAN_POINT('Ctrl Pts',(-14.9550092734288,30.8242120302833,15.4072265041853));
#3099=CARTESIAN_POINT('Ctrl Pts',(-14.638412668012,30.525340464485,15.5255400572533));
#3100=CARTESIAN_POINT('Ctrl Pts',(-14.5369373027189,30.0877548329266,15.5610486237553));
#3101=CARTESIAN_POINT('Ctrl Pts',(-14.5742357074032,29.8494689022389,15.5476470826013));
#3102=CARTESIAN_POINT('Ctrl Pts',(-15.5089508236847,30.7834819748137,15.6436252609584));
#3103=CARTESIAN_POINT('Ctrl Pts',(-15.361780679961,30.6958399403876,15.6769459163022));
#3104=CARTESIAN_POINT('Ctrl Pts',(-15.052603946763,30.433229210387,15.7357782381038));
#3105=CARTESIAN_POINT('Ctrl Pts',(-14.9554096358391,30.0730003638081,15.75075461179));
#3106=CARTESIAN_POINT('Ctrl Pts',(-14.9914022519583,29.8752945933189,15.7446677499496));
#3107=CARTESIAN_POINT('',(-12.0425062383379,31.1122736193687,15.9680319231768));
#3108=CARTESIAN_POINT('',(-15.5089508236847,30.7834819748136,15.6436252609584));
#3109=CARTESIAN_POINT('Ctrl Pts',(-12.0425062383396,31.1122736193766,15.9680319231755));
#3110=CARTESIAN_POINT('Ctrl Pts',(-12.3806138883577,31.0960778228817,15.7130434872704));
#3111=CARTESIAN_POINT('Ctrl Pts',(-12.7647396027506,31.0702482538277,15.5278842855474));
#3112=CARTESIAN_POINT('Ctrl Pts',(-13.5424961618231,31.0060284690424,15.3207229176711));
#3113=CARTESIAN_POINT('Ctrl Pts',(-13.9267409623009,30.9694802124298,15.2862085382225));
#3114=CARTESIAN_POINT('Ctrl Pts',(-14.5100749223917,30.9072008956472,15.3294084967243));
#3115=CARTESIAN_POINT('Ctrl Pts',(-14.7140201842712,30.8841274571324,15.3627941310857));
#3116=CARTESIAN_POINT('Ctrl Pts',(-15.117131587943,30.8356825181213,15.4687250575201));
#3117=CARTESIAN_POINT('Ctrl Pts',(-15.3208886012394,30.8096323466026,15.5442629943638));
#3118=CARTESIAN_POINT('Ctrl Pts',(-15.5089508236847,30.7834819748136,15.6436252609584));
#3119=CARTESIAN_POINT('Ctrl Pts',(-15.5089508236847,30.7834819748137,15.6436252609584));
#3120=CARTESIAN_POINT('Ctrl Pts',(-15.361780679961,30.6958399403876,15.6769459163022));
#3121=CARTESIAN_POINT('Ctrl Pts',(-15.052603946763,30.433229210387,15.7357782381038));
#3122=CARTESIAN_POINT('Ctrl Pts',(-14.9554096358391,30.0730003638081,15.75075461179));
#3123=CARTESIAN_POINT('Ctrl Pts',(-14.9914022519583,29.8752945933189,15.7446677499496));
#3124=CARTESIAN_POINT('Ctrl Pts',(-11.9417792837265,29.5629179430792,16.0435004764783));
#3125=CARTESIAN_POINT('Ctrl Pts',(-11.8986990145088,30.0818593569579,16.0755667370326));
#3126=CARTESIAN_POINT('Ctrl Pts',(-11.936142880259,30.6128529951922,16.0490444036122));
#3127=CARTESIAN_POINT('Ctrl Pts',(-12.043463834604,31.1120102234582,15.967679121261));
#3128=CARTESIAN_POINT('Origin',(27.3892354309748,80.,-19.178149114569));
#3129=CARTESIAN_POINT('',(-22.9362572400918,80.,16.0601402178293));
#3130=CARTESIAN_POINT('Ctrl Pts',(-22.9362572400918,80.,16.0601402178293));
#3131=CARTESIAN_POINT('Ctrl Pts',(-22.2338633889204,80.0280827666496,15.3609577106356));
#3132=CARTESIAN_POINT('Ctrl Pts',(-20.8287108621748,80.0842628861793,13.9622295398219));
#3133=CARTESIAN_POINT('Ctrl Pts',(-19.4235583354291,80.140443005709,12.5635013690083));
#3134=CARTESIAN_POINT('Ctrl Pts',(-18.7207996598548,80.1685403585891,11.8639557053884));
#3135=CARTESIAN_POINT('Ctrl Pts',(-22.9362572400918,80.,16.0601402178293));
#3136=CARTESIAN_POINT('Ctrl Pts',(-21.1412922309009,80.0561801195297,15.218121966823));
#3137=CARTESIAN_POINT('Ctrl Pts',(-19.3463272217099,80.1123602390594,14.3761037158168));
#3138=CARTESIAN_POINT('Ctrl Pts',(-17.551362212519,80.1685403585891,13.5340854648105));
#3139=CARTESIAN_POINT('Ctrl Pts',(-22.9362572400918,80.,16.0601402178293));
#3140=CARTESIAN_POINT('Ctrl Pts',(-22.2338633889204,80.0280827666496,15.3609577106356));
#3141=CARTESIAN_POINT('Ctrl Pts',(-20.5949444028539,80.0936092221654,13.7295318605168));
#3142=CARTESIAN_POINT('Ctrl Pts',(-18.9560254167874,80.1591356776812,12.0981060103981));
#3143=CARTESIAN_POINT('Ctrl Pts',(-18.0195002818923,80.1965793665474,11.1658626674731));
#3144=CARTESIAN_POINT('Ctrl Pts',(-23.001058840027,79.3166452568228,15.9675939420481));
#3145=CARTESIAN_POINT('Ctrl Pts',(-22.2989071383891,79.3421033226096,15.2680656094808));
#3146=CARTESIAN_POINT('Ctrl Pts',(-20.6606482035299,79.4007028296762,13.635697108546));
#3147=CARTESIAN_POINT('Ctrl Pts',(-19.0224364174798,79.4589041300498,12.0032612721335));
#3148=CARTESIAN_POINT('Ctrl Pts',(-18.0862341486293,79.4928482177654,11.0705568287104));
#3149=CARTESIAN_POINT('Ctrl Pts',(-23.1307327691197,77.7579982757616,15.782400378688));
#3150=CARTESIAN_POINT('Ctrl Pts',(-22.4287293033534,77.7815971670614,15.0826603433562));
#3151=CARTESIAN_POINT('Ctrl Pts',(-20.7906968349808,77.8368824683186,13.4499684147599));
#3152=CARTESIAN_POINT('Ctrl Pts',(-19.1526522704851,77.8922775213932,11.8172937612178));
#3153=CARTESIAN_POINT('Ctrl Pts',(-18.2166476494634,77.9237427097929,10.884307047442));
#3154=CARTESIAN_POINT('Ctrl Pts',(-23.3394567257869,75.0776709752549,15.4843116760143));
#3155=CARTESIAN_POINT('Ctrl Pts',(-22.6375264023021,75.1003486864895,14.784467182679));
#3156=CARTESIAN_POINT('Ctrl Pts',(-20.9997221211024,75.152975582689,13.1514493690267));
#3157=CARTESIAN_POINT('Ctrl Pts',(-19.3619342813576,75.2054597145455,11.5184080745433));
#3158=CARTESIAN_POINT('Ctrl Pts',(-18.4260271833778,75.2356966628582,10.5852820834294));
#3159=CARTESIAN_POINT('Ctrl Pts',(-23.5102703607097,72.7491774766032,15.2403645237751));
#3160=CARTESIAN_POINT('Ctrl Pts',(-22.8084550656673,72.770291038695,14.5403557527989));
#3161=CARTESIAN_POINT('Ctrl Pts',(-21.1708826004605,72.8195795086857,12.9070068715984));
#3162=CARTESIAN_POINT('Ctrl Pts',(-19.5333084269032,72.8688796333506,11.2736604301752));
#3163=CARTESIAN_POINT('Ctrl Pts',(-18.5975547001801,72.897031049473,10.3403154022069));
#3164=CARTESIAN_POINT('Ctrl Pts',(-23.6328412135494,70.9389473863456,15.0653152046074));
#3165=CARTESIAN_POINT('Ctrl Pts',(-22.9311217115224,70.9586508469205,14.3651696270272));
#3166=CARTESIAN_POINT('Ctrl Pts',(-21.293776324063,71.0046327552371,12.7314964451944));
#3167=CARTESIAN_POINT('Ctrl Pts',(-19.6564309947832,71.0506182192135,11.0978231802723));
#3168=CARTESIAN_POINT('Ctrl Pts',(-18.7208049920806,71.07688949998,10.1642957434987));
#3169=CARTESIAN_POINT('Ctrl Pts',(-23.7307764219545,69.4247834208725,14.9254492319337));
#3170=CARTESIAN_POINT('Ctrl Pts',(-23.0291148524905,69.4435826928846,14.2252209180793));
#3171=CARTESIAN_POINT('Ctrl Pts',(-21.3919059462439,69.4874284495569,12.5913528208743));
#3172=CARTESIAN_POINT('Ctrl Pts',(-19.7546977457255,69.5312646751453,10.9574837157851));
#3173=CARTESIAN_POINT('Ctrl Pts',(-18.8191489864401,69.5563303711615,10.0238459639791));
#3174=CARTESIAN_POINT('Ctrl Pts',(-23.8049349906443,68.2231848291692,14.8195398198765));
#3175=CARTESIAN_POINT('Ctrl Pts',(-23.1033078063431,68.2414323050389,14.1192623989203));
#3176=CARTESIAN_POINT('Ctrl Pts',(-21.4661762586074,68.2840275314454,12.4852838223123));
#3177=CARTESIAN_POINT('Ctrl Pts',(-19.8290439909892,68.3266315801602,10.851306273803));
#3178=CARTESIAN_POINT('Ctrl Pts',(-18.8935410785876,68.3509615479865,9.91760304586134));
#3179=CARTESIAN_POINT('Ctrl Pts',(-23.8897786565223,66.8167612649757,14.6983705075682));
#3180=CARTESIAN_POINT('Ctrl Pts',(-23.1881810427826,66.8345075268938,13.9980508554734));
#3181=CARTESIAN_POINT('Ctrl Pts',(-21.5511228824386,66.8758833074739,12.3639674708082));
#3182=CARTESIAN_POINT('Ctrl Pts',(-19.9140661798764,66.9172431309925,10.7298820042149));
#3183=CARTESIAN_POINT('Ctrl Pts',(-18.9786026948902,66.9409048135501,9.79612246808861));
#3184=CARTESIAN_POINT('Ctrl Pts',(-23.9779275131441,65.3225130202357,14.5724808936871));
#3185=CARTESIAN_POINT('Ctrl Pts',(-23.2763601761515,65.3397671754173,13.8721180019164));
#3186=CARTESIAN_POINT('Ctrl Pts',(-21.6393648959481,65.3800816817519,12.2379448151037));
#3187=CARTESIAN_POINT('Ctrl Pts',(-20.0023672208776,65.4204233807214,10.6037750485158));
#3188=CARTESIAN_POINT('Ctrl Pts',(-19.0669441048874,65.4434289209636,9.66995785948822));
#3189=CARTESIAN_POINT('Ctrl Pts',(-24.0856954610028,63.4170483570377,14.418572313762));
#3190=CARTESIAN_POINT('Ctrl Pts',(-23.3841537942323,63.4338130578538,13.7181727611148));
#3191=CARTESIAN_POINT('Ctrl Pts',(-21.7472272264888,63.4728881783797,12.0839014427395));
#3192=CARTESIAN_POINT('Ctrl Pts',(-20.1103026372875,63.5119422066264,10.4496272987131));
#3193=CARTESIAN_POINT('Ctrl Pts',(-19.1749137482602,63.5342951410478,9.51576122851679));
#3194=CARTESIAN_POINT('Ctrl Pts',(-24.2885255443876,59.7890432033411,14.1289009344686));
#3195=CARTESIAN_POINT('Ctrl Pts',(-23.5870629370374,59.8044905537951,13.428388473268));
#3196=CARTESIAN_POINT('Ctrl Pts',(-21.9503115884324,59.8405894151836,11.7938669160292));
#3197=CARTESIAN_POINT('Ctrl Pts',(-20.3135576278757,59.8767155846793,10.1593490890441));
#3198=CARTESIAN_POINT('Ctrl Pts',(-19.3782741514088,59.8973120519513,9.22533247410986));
#3199=CARTESIAN_POINT('Ctrl Pts',(-24.5136652718777,54.8556736471556,13.8073680814152));
#3200=CARTESIAN_POINT('Ctrl Pts',(-23.8123816983544,54.8671166832668,13.1065999334114));
#3201=CARTESIAN_POINT('Ctrl Pts',(-22.1760554705129,54.8938023167106,11.4714712408017));
#3202=CARTESIAN_POINT('Ctrl Pts',(-20.5397302896669,54.9204806154842,9.8363410529274));
#3203=CARTESIAN_POINT('Ctrl Pts',(-19.6046855249692,54.9357379969658,8.9019835222557));
#3204=CARTESIAN_POINT('Ctrl Pts',(-24.700834475355,49.7318316491362,13.5400627565456));
#3205=CARTESIAN_POINT('Ctrl Pts',(-23.9995761299361,49.7424601154938,12.8392585790749));
#3206=CARTESIAN_POINT('Ctrl Pts',(-22.3633096395399,49.7672118588405,11.2040445725517));
#3207=CARTESIAN_POINT('Ctrl Pts',(-20.7270446286882,49.7919397828629,9.56882845302007));
#3208=CARTESIAN_POINT('Ctrl Pts',(-19.7920335014629,49.8061110713398,8.6344228830591));
#3209=CARTESIAN_POINT('Ctrl Pts',(-24.8497452947318,44.8389233986998,13.3273960666704));
#3210=CARTESIAN_POINT('Ctrl Pts',(-24.1485752645137,44.8467459132647,12.6264657620216));
#3211=CARTESIAN_POINT('Ctrl Pts',(-22.5125089116328,44.8650436535016,10.9909659295049));
#3212=CARTESIAN_POINT('Ctrl Pts',(-20.876441095683,44.8833638213372,9.35546818646699));
#3213=CARTESIAN_POINT('Ctrl Pts',(-19.9415477220589,44.8937938407571,8.42089444693526));
#3214=CARTESIAN_POINT('Ctrl Pts',(-24.9264789618341,41.4218131480709,13.2178090329482));
#3215=CARTESIAN_POINT('Ctrl Pts',(-24.2253831622357,41.4267459893649,12.5167727159878));
#3216=CARTESIAN_POINT('Ctrl Pts',(-22.5894973014945,41.43819066242,10.8810151139816));
#3217=CARTESIAN_POINT('Ctrl Pts',(-20.9536135930692,41.4496029440017,9.24525443814968));
#3218=CARTESIAN_POINT('Ctrl Pts',(-20.0188191936047,41.456180065727,8.31053934886918));
#3219=CARTESIAN_POINT('Ctrl Pts',(-24.9409590250356,38.1389194718541,13.1971293595494));
#3220=CARTESIAN_POINT('Ctrl Pts',(-24.2398992031331,38.1382181724422,12.4960416611144));
#3221=CARTESIAN_POINT('Ctrl Pts',(-22.6040868467883,38.1366296105192,10.8601790839509));
#3222=CARTESIAN_POINT('Ctrl Pts',(-20.9682714615296,38.1350647646706,9.22432083252486));
#3223=CARTESIAN_POINT('Ctrl Pts',(-20.0335250323263,38.134129698788,8.28953723461151));
#3224=CARTESIAN_POINT('Ctrl Pts',(-24.9235972247287,36.2679008373318,13.2219245800511));
#3225=CARTESIAN_POINT('Ctrl Pts',(-24.2225045436191,36.2641840376642,12.5208838094273));
#3226=CARTESIAN_POINT('Ctrl Pts',(-22.5866215943929,36.2554781437876,10.8851220493467));
#3227=CARTESIAN_POINT('Ctrl Pts',(-20.9507386319514,36.2467556987873,9.2493603081394));
#3228=CARTESIAN_POINT('Ctrl Pts',(-20.015948390472,36.2417999658971,8.31463928064091));
#3229=CARTESIAN_POINT('Ctrl Pts',(-24.9048776800953,35.0774845988752,13.2486588604064));
#3230=CARTESIAN_POINT('Ctrl Pts',(-24.2037598210378,35.0722101131241,12.5476540476187));
#3231=CARTESIAN_POINT('Ctrl Pts',(-22.5678182609092,35.0599247072643,10.9119759925816));
#3232=CARTESIAN_POINT('Ctrl Pts',(-20.9318767558524,35.0476500808202,9.27629785889371));
#3233=CARTESIAN_POINT('Ctrl Pts',(-19.9970529437756,35.0406174331521,8.3416247751768));
#3234=CARTESIAN_POINT('Ctrl Pts',(-24.8882283262668,34.2274968545938,13.2724366018902));
#3235=CARTESIAN_POINT('Ctrl Pts',(-24.1870931005395,34.2211402679723,12.5714565912773));
#3236=CARTESIAN_POINT('Ctrl Pts',(-22.5511027290358,34.2062472715683,10.9358482461081));
#3237=CARTESIAN_POINT('Ctrl Pts',(-20.9151083002162,34.1913240313873,9.3002456953866));
#3238=CARTESIAN_POINT('Ctrl Pts',(-19.9802613325799,34.1828485825586,8.36560568123599));
#3239=CARTESIAN_POINT('Ctrl Pts',(-24.8657631995652,33.2624273690333,13.3045201278103));
#3240=CARTESIAN_POINT('Ctrl Pts',(-24.1645814177294,33.2545038971583,12.603606606211));
#3241=CARTESIAN_POINT('Ctrl Pts',(-22.5285044989467,33.2361035683996,10.9681218633659));
#3242=CARTESIAN_POINT('Ctrl Pts',(-20.892434478922,33.217746784979,9.33262726807319));
#3243=CARTESIAN_POINT('Ctrl Pts',(-19.9575254364742,33.2071821558125,8.39807590594078));
#3244=CARTESIAN_POINT('Ctrl Pts',(-24.8197982810214,31.6390733227099,13.3701648346087));
#3245=CARTESIAN_POINT('Ctrl Pts',(-24.1185540035261,31.6278991093628,12.6693405660609));
#3246=CARTESIAN_POINT('Ctrl Pts',(-22.4823082292206,31.6017911493334,11.034096973894));
#3247=CARTESIAN_POINT('Ctrl Pts',(-20.8460579269446,31.5756659266321,9.39885984833929));
#3248=CARTESIAN_POINT('Ctrl Pts',(-19.9110655569509,31.5607669755027,8.4644274902755));
#3249=CARTESIAN_POINT('Ctrl Pts',(-24.716912878282,29.6292761674129,13.5171004174538));
#3250=CARTESIAN_POINT('Ctrl Pts',(-24.0152144749321,29.6092122169845,12.8169247078401));
#3251=CARTESIAN_POINT('Ctrl Pts',(-22.3779278340781,29.5623652535642,11.1831676271597));
#3252=CARTESIAN_POINT('Ctrl Pts',(-20.7406459726332,29.5155028712746,9.54940372077588));
#3253=CARTESIAN_POINT('Ctrl Pts',(-19.8050481015,29.48875093737,8.61583610795755));
#3254=CARTESIAN_POINT('Ctrl Pts',(-24.5584975835933,27.696026213819,13.743340904801));
#3255=CARTESIAN_POINT('Ctrl Pts',(-23.8562560288917,27.6694861460193,13.0439408957075));
#3256=CARTESIAN_POINT('Ctrl Pts',(-22.2177287620018,27.6077195851363,11.4119556126275));
#3257=CARTESIAN_POINT('Ctrl Pts',(-20.5792195343035,27.5460325339699,9.77994456691196));
#3258=CARTESIAN_POINT('Ctrl Pts',(-19.6428974613681,27.5106457769037,8.84741122145399));
#3259=CARTESIAN_POINT('Ctrl Pts',(-24.4354944728128,26.4744254362902,13.9190075522853));
#3260=CARTESIAN_POINT('Ctrl Pts',(-23.7326507040959,26.441601348232,13.2204675939374));
#3261=CARTESIAN_POINT('Ctrl Pts',(-22.0926889014182,26.3649192561834,11.5905310402833));
#3262=CARTESIAN_POINT('Ctrl Pts',(-20.4527305670934,26.2881912468787,9.96058953330799));
#3263=CARTESIAN_POINT('Ctrl Pts',(-19.5156055421375,26.2444257961344,9.02920292217745));
#3264=CARTESIAN_POINT('Ctrl Pts',(-24.3269779726184,25.6285224360554,14.0739851757366));
#3265=CARTESIAN_POINT('Ctrl Pts',(-23.6232954115725,25.5891242011945,13.3766431369814));
#3266=CARTESIAN_POINT('Ctrl Pts',(-21.9814170172195,25.4973781529861,11.7494437599081));
#3267=CARTESIAN_POINT('Ctrl Pts',(-20.3395622288273,25.4057229768104,10.122210670029));
#3268=CARTESIAN_POINT('Ctrl Pts',(-19.4013188140995,25.3531919969958,9.19242128502213));
#3269=CARTESIAN_POINT('Ctrl Pts',(-24.2589094196294,25.1495166100756,14.1711971440096));
#3270=CARTESIAN_POINT('Ctrl Pts',(-23.5547710419712,25.1068923166805,13.4745060788407));
#3271=CARTESIAN_POINT('Ctrl Pts',(-21.9117975643025,25.0074342645344,11.848870642822));
#3272=CARTESIAN_POINT('Ctrl Pts',(-20.2688320593365,24.9079755339196,10.2232238206038));
#3273=CARTESIAN_POINT('Ctrl Pts',(-19.3299808891256,24.8511431427261,9.29430240037864));
#3274=CARTESIAN_POINT('Ctrl Pts',(-24.1961709887338,24.7337114172208,14.2607969090393));
#3275=CARTESIAN_POINT('Ctrl Pts',(-23.4916104610525,24.6884023392795,13.5647087365844));
#3276=CARTESIAN_POINT('Ctrl Pts',(-21.8477121600729,24.582841986652,11.9403940851338));
#3277=CARTESIAN_POINT('Ctrl Pts',(-20.2038516947811,24.4773614241727,10.316025398721));
#3278=CARTESIAN_POINT('Ctrl Pts',(-19.2644376578728,24.4169493202509,9.38790783544782));
#3279=CARTESIAN_POINT('Ctrl Pts',(-24.1006033621266,24.1417966038372,14.3972816244874));
#3280=CARTESIAN_POINT('Ctrl Pts',(-23.3955661012382,24.0932805493084,13.7018742976121));
#3281=CARTESIAN_POINT('Ctrl Pts',(-21.7504578228487,23.980052669271,12.0792876729875));
#3282=CARTESIAN_POINT('Ctrl Pts',(-20.1053389591459,23.8668130050595,10.4567161657571));
#3283=CARTESIAN_POINT('Ctrl Pts',(-19.1652892779614,23.8021249323544,9.52950639658998));
#3284=CARTESIAN_POINT('Ctrl Pts',(-23.9924968885577,23.5243708824975,14.5516736692308));
#3285=CARTESIAN_POINT('Ctrl Pts',(-23.2864917835574,23.4705818946364,13.8576485669947));
#3286=CARTESIAN_POINT('Ctrl Pts',(-21.6392657614158,23.3452598786342,12.2380863938885));
#3287=CARTESIAN_POINT('Ctrl Pts',(-19.9920988877838,23.2200299530655,10.6184397479563));
#3288=CARTESIAN_POINT('Ctrl Pts',(-19.0507587477834,23.1483113025842,9.69307294497477));
#3289=CARTESIAN_POINT('Ctrl Pts',(-23.8338541164085,22.8016716422159,14.7782390280596));
#3290=CARTESIAN_POINT('Ctrl Pts',(-23.1246158218819,22.7317605283678,14.088831399001));
#3291=CARTESIAN_POINT('Ctrl Pts',(-21.4697661533972,22.5687565263585,12.4801569212238));
#3292=CARTESIAN_POINT('Ctrl Pts',(-19.814936173527,22.4058130160683,10.8714543251911));
#3293=CARTESIAN_POINT('Ctrl Pts',(-18.8692851141581,22.3125981976042,9.95224415311292));
#3294=CARTESIAN_POINT('Ctrl Pts',(-23.6539849082658,22.2121919604307,15.0351188791429));
#3295=CARTESIAN_POINT('Ctrl Pts',(-22.936954579526,22.1165036512678,14.3568394282142));
#3296=CARTESIAN_POINT('Ctrl Pts',(-21.2638063182973,21.89310191328,12.7742980491906));
#3297=CARTESIAN_POINT('Ctrl Pts',(-19.5906196108793,21.6696361679354,11.1918115770156));
#3298=CARTESIAN_POINT('Ctrl Pts',(-18.6345791725596,21.5420517557183,10.2874389757774));
#3299=CARTESIAN_POINT('Ctrl Pts',(-23.453307419258,21.7813800864642,15.3217160350673));
#3300=CARTESIAN_POINT('Ctrl Pts',(-22.7279694418589,21.6677526619898,14.6553011360122));
#3301=CARTESIAN_POINT('Ctrl Pts',(-21.0359405946249,21.4033666408696,13.0997240282582));
#3302=CARTESIAN_POINT('Ctrl Pts',(-19.3441233083125,21.1393500464616,11.5438447801958));
#3303=CARTESIAN_POINT('Ctrl Pts',(-18.3770060051136,20.987846813829,10.6552915814556));
#3304=CARTESIAN_POINT('Ctrl Pts',(-23.3121717152129,21.5436227303253,15.5232787094795));
#3305=CARTESIAN_POINT('Ctrl Pts',(-22.5774963156938,21.4135061961958,14.8701990312132));
#3306=CARTESIAN_POINT('Ctrl Pts',(-20.8629529199892,21.1093710097626,13.3467760309802));
#3307=CARTESIAN_POINT('Ctrl Pts',(-19.1482602938085,20.8049729109217,11.8235661539541));
#3308=CARTESIAN_POINT('Ctrl Pts',(-18.1686930944497,20.631484198749,10.9527932495989));
#3309=CARTESIAN_POINT('Ctrl Pts',(-23.2160282856016,21.4205726389923,15.6605857568403));
#3310=CARTESIAN_POINT('Ctrl Pts',(-22.4675109006344,21.2721907208245,15.027274482501));
#3311=CARTESIAN_POINT('Ctrl Pts',(-20.7212434032317,20.9263009593693,13.5491581948738));
#3312=CARTESIAN_POINT('Ctrl Pts',(-18.9751113793196,20.5805772554165,12.0708484310509));
#3313=CARTESIAN_POINT('Ctrl Pts',(-17.9770881993634,20.3827346978594,11.2264333985985));
#3314=CARTESIAN_POINT('Ctrl Pts',(-23.0963135984218,21.3161904779411,15.831556048714));
#3315=CARTESIAN_POINT('Ctrl Pts',(-22.3345055231012,21.1569153256266,15.217225847311));
#3316=CARTESIAN_POINT('Ctrl Pts',(-20.5571066334871,20.7852375513408,13.7835697954175));
#3317=CARTESIAN_POINT('Ctrl Pts',(-18.7797837917589,20.4135420397648,12.3498051358876));
#3318=CARTESIAN_POINT('Ctrl Pts',(-17.7640396913315,20.2011751700122,11.5306982006837));
#3319=CARTESIAN_POINT('Ctrl Pts',(-22.9974875143906,21.2567443067113,15.9726943236371));
#3320=CARTESIAN_POINT('Ctrl Pts',(-22.2271173419881,21.092265418143,15.3705920641153));
#3321=CARTESIAN_POINT('Ctrl Pts',(-20.4295310491933,20.7084154169268,13.9657666118358));
#3322=CARTESIAN_POINT('Ctrl Pts',(-18.6319170281496,20.3245327077511,12.5609807595995));
#3323=CARTESIAN_POINT('Ctrl Pts',(-17.6047567982796,20.1052275229934,11.7581777469038));
#3324=CARTESIAN_POINT('Ctrl Pts',(-22.9548632247467,21.2372260271306,16.0335681179308));
#3325=CARTESIAN_POINT('Ctrl Pts',(-22.1785667291675,21.0698690246891,15.4399295250411));
#3326=CARTESIAN_POINT('Ctrl Pts',(-20.3673760147515,20.6793642733542,14.0545332003828));
#3327=CARTESIAN_POINT('Ctrl Pts',(-18.55626853653,20.2888570022543,12.6690180021191));
#3328=CARTESIAN_POINT('Ctrl Pts',(-17.5212065424244,20.0657143323324,11.8774998782662));
#3329=CARTESIAN_POINT('Ctrl Pts',(-22.9362572400918,21.2307692295385,16.0601402178293));
#3330=CARTESIAN_POINT('Ctrl Pts',(-22.1557133617528,21.0619156937315,15.4725675161619));
#3331=CARTESIAN_POINT('Ctrl Pts',(-20.3344443122951,20.667924110182,14.1015645456046));
#3332=CARTESIAN_POINT('Ctrl Pts',(-18.5131752628373,20.2739325266325,12.7305615750473));
#3333=CARTESIAN_POINT('Ctrl Pts',(-17.4724500917187,20.0487944788899,11.9471313061574));
#3334=CARTESIAN_POINT('',(-22.9362572400918,21.2307692295385,16.0601402178293));
#3335=CARTESIAN_POINT('Ctrl Pts',(-22.9362572400918,21.2307692295385,16.0601402178293));
#3336=CARTESIAN_POINT('Ctrl Pts',(-22.1557133617528,21.0619156937315,15.4725675161619));
#3337=CARTESIAN_POINT('Ctrl Pts',(-20.6811394132567,20.7429239856136,14.3625474099637));
#3338=CARTESIAN_POINT('Ctrl Pts',(-19.2065654647606,20.4239322774956,13.2525273037656));
#3339=CARTESIAN_POINT('Ctrl Pts',(-18.5125353946036,20.2737941051846,12.7300798992348));
#3340=CARTESIAN_POINT('Ctrl Pts',(-22.9362572400918,21.2307692295385,16.0601402178293));
#3341=CARTESIAN_POINT('Ctrl Pts',(-22.9548632247467,21.2372260271306,16.0335681179308));
#3342=CARTESIAN_POINT('Ctrl Pts',(-22.9761753695687,21.2469851669209,16.003131220784));
#3343=CARTESIAN_POINT('Ctrl Pts',(-22.9991847024836,21.2592955082198,15.9702704878451));
#3344=CARTESIAN_POINT('Ctrl Pts',(-23.0221940353984,21.2716058495187,15.9374097549063));
#3345=CARTESIAN_POINT('Ctrl Pts',(-23.0469005564062,21.2864673923262,15.9021251861755));
#3346=CARTESIAN_POINT('Ctrl Pts',(-23.0713525495567,21.3033338982679,15.8672041208968));
#3347=CARTESIAN_POINT('Ctrl Pts',(-23.1202565358577,21.3370669101513,15.7973619903392));
#3348=CARTESIAN_POINT('Ctrl Pts',(-23.1681424107297,21.3788197745718,15.7289738735898));
#3349=CARTESIAN_POINT('Ctrl Pts',(-23.2081092531008,21.4202045553376,15.6718953073216));
#3350=CARTESIAN_POINT('Ctrl Pts',(-23.248076095472,21.4615893361033,15.6148167410534));
#3351=CARTESIAN_POINT('Ctrl Pts',(-23.2801239053425,21.5026060332143,15.5690477252664));
#3352=CARTESIAN_POINT('Ctrl Pts',(-23.3137897732834,21.5528340512872,15.5209678830714));
#3353=CARTESIAN_POINT('Ctrl Pts',(-23.3474556412242,21.6030620693601,15.4728880408765));
#3354=CARTESIAN_POINT('Ctrl Pts',(-23.3827395672355,21.6625014083948,15.4224973722734));
#3355=CARTESIAN_POINT('Ctrl Pts',(-23.4196406838435,21.7308484260157,15.3697971161431));
#3356=CARTESIAN_POINT('Ctrl Pts',(-23.4934429170596,21.8675424612575,15.2643966038824));
#3357=CARTESIAN_POINT('Ctrl Pts',(-23.5737139126627,22.0398672108441,15.1497577415127));
#3358=CARTESIAN_POINT('Ctrl Pts',(-23.6498232520928,22.2439255219944,15.0410623401111));
#3359=CARTESIAN_POINT('Ctrl Pts',(-23.7259325915229,22.4479838331448,14.9323669387096));
#3360=CARTESIAN_POINT('Ctrl Pts',(-23.79788027478,22.6837757058589,14.8296149982763));
#3361=CARTESIAN_POINT('Ctrl Pts',(-23.8641675751054,22.955092794172,14.7349469224442));
#3362=CARTESIAN_POINT('Ctrl Pts',(-23.8973112252682,23.0907513383285,14.6876128845281));
#3363=CARTESIAN_POINT('Ctrl Pts',(-23.929039779698,23.2352911863848,14.6422998127623));
#3364=CARTESIAN_POINT('Ctrl Pts',(-23.9592010221153,23.383103228534,14.5992250945232));
#3365=CARTESIAN_POINT('Ctrl Pts',(-24.0195235069499,23.6787273128324,14.5130756580449));
#3366=CARTESIAN_POINT('Ctrl Pts',(-24.0735767437343,23.9874401735023,14.4358796356732));
#3367=CARTESIAN_POINT('Ctrl Pts',(-24.1234503648649,24.2876493981868,14.3646527230666));
#3368=CARTESIAN_POINT('Ctrl Pts',(-24.1483871754302,24.437754010529,14.3290392667633));
#3369=CARTESIAN_POINT('Ctrl Pts',(-24.172279082082,24.5857327138749,14.2949180879013));
#3370=CARTESIAN_POINT('Ctrl Pts',(-24.1946814405571,24.7290229310237,14.2629242042987));
#3371=CARTESIAN_POINT('Ctrl Pts',(-24.2170837990323,24.8723131481724,14.2309303206961));
#3372=CARTESIAN_POINT('Ctrl Pts',(-24.2379966093308,25.010914879124,14.2010637323528));
#3373=CARTESIAN_POINT('Ctrl Pts',(-24.2569615836037,25.1400914728473,14.1739789421471));
#3374=CARTESIAN_POINT('Ctrl Pts',(-24.2759265578766,25.2692680665706,14.1468941519413));
#3375=CARTESIAN_POINT('Ctrl Pts',(-24.2929436961239,25.3890195230655,14.1225911598731));
#3376=CARTESIAN_POINT('Ctrl Pts',(-24.3094559073456,25.5091349226448,14.0990092783299));
#3377=CARTESIAN_POINT('Ctrl Pts',(-24.342480329789,25.7493657218033,14.0518455152435));
#3378=CARTESIAN_POINT('Ctrl Pts',(-24.3734850441303,25.9910522932989,14.0075661942574));
#3379=CARTESIAN_POINT('Ctrl Pts',(-24.4023550610765,26.2336167261313,13.9663355371011));
#3380=CARTESIAN_POINT('Ctrl Pts',(-24.4600950949689,26.718745591796,13.8838742227884));
#3381=CARTESIAN_POINT('Ctrl Pts',(-24.5092963392811,27.2073859028075,13.8136075637947));
#3382=CARTESIAN_POINT('Ctrl Pts',(-24.5536988732733,27.6933623025125,13.7501941733795));
#3383=CARTESIAN_POINT('Ctrl Pts',(-24.5981014072655,28.1793387022175,13.6867807829642));
#3384=CARTESIAN_POINT('Ctrl Pts',(-24.6377052309376,28.662651190616,13.6302206611274));
#3385=CARTESIAN_POINT('Ctrl Pts',(-24.6720220418016,29.1394592973916,13.5812111760943));
#3386=CARTESIAN_POINT('Ctrl Pts',(-24.7406556635295,30.093075510943,13.483192206028));
#3387=CARTESIAN_POINT('Ctrl Pts',(-24.7881412340246,31.0206741980031,13.4153757831765));
#3388=CARTESIAN_POINT('Ctrl Pts',(-24.8209249377858,31.8787198867242,13.3685558019963));
#3389=CARTESIAN_POINT('Ctrl Pts',(-24.8427807402933,32.4507503458716,13.3373424812095));
#3390=CARTESIAN_POINT('Ctrl Pts',(-24.8581023798079,32.9918683613127,13.3154609122767));
#3391=CARTESIAN_POINT('Ctrl Pts',(-24.8706979685466,33.4939308616466,13.2974725473257));
#3392=CARTESIAN_POINT('Ctrl Pts',(-24.876995762916,33.7449621118135,13.2884783648503));
#3393=CARTESIAN_POINT('Ctrl Pts',(-24.8826120445914,33.9862294832036,13.2804574833702));
#3394=CARTESIAN_POINT('Ctrl Pts',(-24.8877986645475,34.2282899895103,13.2730502224182));
#3395=CARTESIAN_POINT('Ctrl Pts',(-24.8929852845035,34.470350495817,13.2656429614663));
#3396=CARTESIAN_POINT('Ctrl Pts',(-24.8977422427402,34.7132041370403,13.2588493210423));
#3397=CARTESIAN_POINT('Ctrl Pts',(-24.9020939812529,34.9541496208508,13.2526343943595));
#3398=CARTESIAN_POINT('Ctrl Pts',(-24.908621589022,35.3155678465666,13.2433120043353));
#3399=CARTESIAN_POINT('Ctrl Pts',(-24.914237452412,35.6726927181035,13.2352917202288));
#3400=CARTESIAN_POINT('Ctrl Pts',(-24.9189681186149,36.027451760554,13.2285356287206));
#3401=CARTESIAN_POINT('Ctrl Pts',(-24.9268525622863,36.6187168313047,13.2172754762071));
#3402=CARTESIAN_POINT('Ctrl Pts',(-24.9322781248821,37.2034101545929,13.2095269698003));
#3403=CARTESIAN_POINT('Ctrl Pts',(-24.9346567162408,37.7809199501056,13.2061299892926));
#3404=CARTESIAN_POINT('Ctrl Pts',(-24.9384624624146,38.7049356229259,13.2006948204803));
#3405=CARTESIAN_POINT('Ctrl Pts',(-24.9344679622211,39.6105614646409,13.2063995579696));
#3406=CARTESIAN_POINT('Ctrl Pts',(-24.9254104898336,40.4990712133367,13.219334969106));
#3407=CARTESIAN_POINT('Ctrl Pts',(-24.9072955450585,42.2760907107281,13.2452057913787));
#3408=CARTESIAN_POINT('Ctrl Pts',(-24.8689287115073,43.9846458360425,13.2999993082398));
#3409=CARTESIAN_POINT('Ctrl Pts',(-24.8230484737954,45.6414771556888,13.3655230782769));
#3410=CARTESIAN_POINT('Ctrl Pts',(-24.8001083549395,46.4698928155119,13.3982849632955));
#3411=CARTESIAN_POINT('Ctrl Pts',(-24.7752898850434,47.285377523918,13.433729411608));
#3412=CARTESIAN_POINT('Ctrl Pts',(-24.7499914182114,48.0799854122947,13.4698593665878));
#3413=CARTESIAN_POINT('Ctrl Pts',(-24.6740960177154,50.4638090774247,13.578249231527));
#3414=CARTESIAN_POINT('Ctrl Pts',(-24.5938806447965,52.6597413622901,13.6928086564711));
#3415=CARTESIAN_POINT('Ctrl Pts',(-24.5037419077838,54.8540118505419,13.8215401140661));
#3416=CARTESIAN_POINT('Ctrl Pts',(-24.413603170771,57.0482823387936,13.9502715716612));
#3417=CARTESIAN_POINT('Ctrl Pts',(-24.3135410696643,59.2408910304316,14.0931750619072));
#3418=CARTESIAN_POINT('Ctrl Pts',(-24.1853526049711,61.6143488507307,14.2762471622462));
#3419=CARTESIAN_POINT('Ctrl Pts',(-24.1533054887977,62.2077133058055,14.3220151873309));
#3420=CARTESIAN_POINT('Ctrl Pts',(-24.1195004749003,62.8123808314216,14.3702937505465));
#3421=CARTESIAN_POINT('Ctrl Pts',(-24.0846366433084,63.432292038096,14.4200844621418));
#3422=CARTESIAN_POINT('Ctrl Pts',(-24.0497728117166,64.0522032447704,14.469875173737));
#3423=CARTESIAN_POINT('Ctrl Pts',(-24.0138501624303,64.687358132503,14.5211780337121));
#3424=CARTESIAN_POINT('Ctrl Pts',(-23.9763002029824,65.3369907418671,14.5748049334509));
#3425=CARTESIAN_POINT('Ctrl Pts',(-23.9387502435344,65.9866233512312,14.6284318331898));
#3426=CARTESIAN_POINT('Ctrl Pts',(-23.8995729739247,66.6507336822268,14.6843827726925));
#3427=CARTESIAN_POINT('Ctrl Pts',(-23.8578000536516,67.3461251741033,14.7440406855164));
#3428=CARTESIAN_POINT('Ctrl Pts',(-23.8473568235833,67.5199730470724,14.7589551637223));
#3429=CARTESIAN_POINT('Ctrl Pts',(-23.8367513653486,67.6957759925966,14.7741013277609));
#3430=CARTESIAN_POINT('Ctrl Pts',(-23.8257073313104,67.8776948097274,14.7898738429588));
#3431=CARTESIAN_POINT('Ctrl Pts',(-23.792575229196,68.4234512611198,14.8371913885527));
#3432=CARTESIAN_POINT('Ctrl Pts',(-23.7554959448511,69.0242505569714,14.8901460945813));
#3433=CARTESIAN_POINT('Ctrl Pts',(-23.7154808918089,69.6539267235766,14.9472935128231));
#3434=CARTESIAN_POINT('Ctrl Pts',(-23.6888041897809,70.0737108346467,14.985391791651));
#3435=CARTESIAN_POINT('Ctrl Pts',(-23.6608227016651,70.5063291104962,15.0253534981292));
#3436=CARTESIAN_POINT('Ctrl Pts',(-23.6315106010023,70.9489170097031,15.0672155162642));
#3437=CARTESIAN_POINT('Ctrl Pts',(-23.6021985003394,71.39150490891,15.1090775343993));
#3438=CARTESIAN_POINT('Ctrl Pts',(-23.5715557871295,71.8440624314744,15.1528398641912));
#3439=CARTESIAN_POINT('Ctrl Pts',(-23.5397397359947,72.3010003464274,15.1982778942018));
#3440=CARTESIAN_POINT('Ctrl Pts',(-23.4761076337251,73.2148761763335,15.2891539542229));
#3441=CARTESIAN_POINT('Ctrl Pts',(-23.407782179756,74.1462735757942,15.3867328151186));
#3442=CARTESIAN_POINT('Ctrl Pts',(-23.3388321266603,75.0586934922757,15.4852036960121));
#3443=CARTESIAN_POINT('Ctrl Pts',(-23.2698820735645,75.9711134087571,15.5836745769056));
#3444=CARTESIAN_POINT('Ctrl Pts',(-23.2003074213421,76.8645558422594,15.6830374777968));
#3445=CARTESIAN_POINT('Ctrl Pts',(-23.1331016129577,77.7009388042758,15.7790173190824));
#3446=CARTESIAN_POINT('Ctrl Pts',(-23.0658958045733,78.5373217662922,15.8749971603681));
#3447=CARTESIAN_POINT('Ctrl Pts',(-23.001058840027,79.3166452568228,15.9675939420481));
#3448=CARTESIAN_POINT('Ctrl Pts',(-22.9362572400918,80.,16.0601402178293));
#3449=CARTESIAN_POINT('Origin',(27.3892354309748,21.2307692295385,-19.178149114569));
#3450=CARTESIAN_POINT('Ctrl Pts',(-22.9362572400918,21.2307692295385,16.0601402178293));
#3451=CARTESIAN_POINT('Ctrl Pts',(-21.3888455441644,20.9117775214205,15.0541431954407));
#3452=CARTESIAN_POINT('Ctrl Pts',(-19.8414338482371,20.5927858133026,14.0481461730521));
#3453=CARTESIAN_POINT('Ctrl Pts',(-18.2940221523098,20.2737941051847,13.0421491506635));
#3454=CARTESIAN_POINT('Ctrl Pts',(-22.9362572400918,21.2307692295385,16.0601402178293));
#3455=CARTESIAN_POINT('Ctrl Pts',(-21.065801652432,20.8451835289543,14.844127209366));
#3456=CARTESIAN_POINT('Ctrl Pts',(-19.1953460647722,20.4595978283701,13.6281142009027));
#3457=CARTESIAN_POINT('Ctrl Pts',(-17.3248904771125,20.0740121277859,12.4121011924394));
#3458=CARTESIAN_POINT('Ctrl Pts',(-22.8994474602581,21.2435432537142,16.1127100315274));
#3459=CARTESIAN_POINT('Ctrl Pts',(-21.0089748970647,20.8662008025221,14.9252842267735));
#3460=CARTESIAN_POINT('Ctrl Pts',(-19.1201766914833,20.4843869069775,13.7354671915334));
#3461=CARTESIAN_POINT('Ctrl Pts',(-17.2297041282899,20.1070444557854,12.5480413867794));
#3462=CARTESIAN_POINT('Ctrl Pts',(-22.7971803235197,21.3001748024862,16.2587626390156));
#3463=CARTESIAN_POINT('Ctrl Pts',(-20.892051198952,20.9301822633717,15.0922685731741));
#3464=CARTESIAN_POINT('Ctrl Pts',(-18.9854867282824,20.5619093378829,13.9278243940068));
#3465=CARTESIAN_POINT('Ctrl Pts',(-17.0803576037147,20.1919167987684,12.7613303281653));
#3466=CARTESIAN_POINT('Ctrl Pts',(-22.6486377363646,21.4189052504637,16.4709034387773));
#3467=CARTESIAN_POINT('Ctrl Pts',(-20.6994186664494,21.0838162799262,15.3673763405012));
#3468=CARTESIAN_POINT('Ctrl Pts',(-18.7509017967759,20.7469060123107,14.2628463963496));
#3469=CARTESIAN_POINT('Ctrl Pts',(-16.8016827268607,20.4118170417731,13.1593192980735));
#3470=CARTESIAN_POINT('Ctrl Pts',(-22.4870479648218,21.6498539295859,16.7016775489161));
#3471=CARTESIAN_POINT('Ctrl Pts',(-20.4955872179065,21.3785879417172,15.6584778174491));
#3472=CARTESIAN_POINT('Ctrl Pts',(-18.5023997221303,21.1083968959517,14.6177441389259));
#3473=CARTESIAN_POINT('Ctrl Pts',(-16.510938975215,20.837130908083,13.574544407459));
#3474=CARTESIAN_POINT('Ctrl Pts',(-22.2931086037962,22.0475111157418,16.9786516607937));
#3475=CARTESIAN_POINT('Ctrl Pts',(-20.2863626937795,21.8110948989746,15.9572814045427));
#3476=CARTESIAN_POINT('Ctrl Pts',(-18.2792788528904,21.5742353857031,14.9363937635935));
#3477=CARTESIAN_POINT('Ctrl Pts',(-16.2725329428738,21.3378191689359,13.9150235073424));
#3478=CARTESIAN_POINT('Ctrl Pts',(-22.1537559462366,22.426070139698,17.1776678809217));
#3479=CARTESIAN_POINT('Ctrl Pts',(-20.1307606095606,22.2305746141154,16.1795042109648));
#3480=CARTESIAN_POINT('Ctrl Pts',(-18.1082007626761,22.0343333178844,15.1807185971303));
#3481=CARTESIAN_POINT('Ctrl Pts',(-16.0852054260001,21.8388377923018,14.1825549271735));
#3482=CARTESIAN_POINT('Ctrl Pts',(-22.0446762890397,22.7945404328193,17.3334497759234));
#3483=CARTESIAN_POINT('Ctrl Pts',(-20.0131577939337,22.6309804993052,16.3474584376897));
#3484=CARTESIAN_POINT('Ctrl Pts',(-17.9822800136702,22.4660331207681,15.3605520638305));
#3485=CARTESIAN_POINT('Ctrl Pts',(-15.9507615185642,22.3024731872539,14.3745607255968));
#3486=CARTESIAN_POINT('Ctrl Pts',(-21.9666772232431,23.1281544567462,17.4448439862687));
#3487=CARTESIAN_POINT('Ctrl Pts',(-19.9302102794892,22.9844821682984,16.4659197651077));
#3488=CARTESIAN_POINT('Ctrl Pts',(-17.8941557565673,22.8403165033503,15.4864065459577));
#3489=CARTESIAN_POINT('Ctrl Pts',(-15.8576888128134,22.6966442149025,14.5074823247968));
#3490=CARTESIAN_POINT('Ctrl Pts',(-21.9028623756415,23.4186786749916,17.5359810336714));
#3491=CARTESIAN_POINT('Ctrl Pts',(-19.8631158553426,23.2909251821716,16.5617405332162));
#3492=CARTESIAN_POINT('Ctrl Pts',(-17.823955800962,23.1615957137254,15.5866624726288));
#3493=CARTESIAN_POINT('Ctrl Pts',(-15.784209280663,23.0338422209054,14.6124219721737));
#3494=CARTESIAN_POINT('Ctrl Pts',(-21.7654659277,24.1518903484286,17.7322034969324));
#3495=CARTESIAN_POINT('Ctrl Pts',(-19.722168358841,24.0431829213189,16.7630344194002));
#3496=CARTESIAN_POINT('Ctrl Pts',(-17.6792061534965,23.9337277891982,15.7933863931331));
#3497=CARTESIAN_POINT('Ctrl Pts',(-15.6359085846375,23.8250203620885,14.8242173156009));
#3498=CARTESIAN_POINT('Ctrl Pts',(-21.6131002342789,25.1403008938238,17.9498042582876));
#3499=CARTESIAN_POINT('Ctrl Pts',(-19.5684166513128,25.0415659287659,16.9826146140398));
#3500=CARTESIAN_POINT('Ctrl Pts',(-17.5233558771324,24.9449206262501,16.0159636546727));
#3501=CARTESIAN_POINT('Ctrl Pts',(-15.4786722941663,24.8461856611922,15.0487740104249));
#3502=CARTESIAN_POINT('Ctrl Pts',(-21.5339172899502,25.7171879476922,18.0628892223985));
#3503=CARTESIAN_POINT('Ctrl Pts',(-19.4876486424072,25.6292824717823,17.0979632849667));
#3504=CARTESIAN_POINT('Ctrl Pts',(-17.4415782388151,25.5408569816999,16.1327542258316));
#3505=CARTESIAN_POINT('Ctrl Pts',(-15.3953095912721,25.45295150579,15.1678282883998));
#3506=CARTESIAN_POINT('Ctrl Pts',(-21.4948882797383,26.0264082778056,18.1186284255377));
#3507=CARTESIAN_POINT('Ctrl Pts',(-19.4480813030019,25.9431394017303,17.1544713018705));
#3508=CARTESIAN_POINT('Ctrl Pts',(-17.4011907332118,25.8606105372475,16.1904335614562));
#3509=CARTESIAN_POINT('Ctrl Pts',(-15.3543837564754,25.7773416611722,15.226276437789));
#3510=CARTESIAN_POINT('Ctrl Pts',(-21.472803858304,26.2083961206308,18.1501682479892));
#3511=CARTESIAN_POINT('Ctrl Pts',(-19.425595632377,26.1282583053679,17.1865841675537));
#3512=CARTESIAN_POINT('Ctrl Pts',(-17.3784358145804,26.0482668790868,16.2229309531433));
#3513=CARTESIAN_POINT('Ctrl Pts',(-15.3312275886534,25.9681290638238,15.2593468727078));
#3514=CARTESIAN_POINT('Ctrl Pts',(-21.4398019785292,26.4890300724411,18.1972998168083));
#3515=CARTESIAN_POINT('Ctrl Pts',(-19.3921090008826,26.4131215807343,17.2344080335749));
#3516=CARTESIAN_POINT('Ctrl Pts',(-17.3443909402838,26.3376744908924,16.2715520725098));
#3517=CARTESIAN_POINT('Ctrl Pts',(-15.2966979626372,26.2617659991856,15.3086602892764));
#3518=CARTESIAN_POINT('Ctrl Pts',(-21.3929122979896,26.9125415533368,18.2642652206078));
#3519=CARTESIAN_POINT('Ctrl Pts',(-19.3445296992682,26.8427946174974,17.3023583183378));
#3520=CARTESIAN_POINT('Ctrl Pts',(-17.2961751044297,26.7732442119327,16.3404114223782));
#3521=CARTESIAN_POINT('Ctrl Pts',(-15.2477925057083,26.7034972760932,15.3785045201082));
#3522=CARTESIAN_POINT('Ctrl Pts',(-21.2892810436786,27.9772138876084,18.4122659898884));
#3523=CARTESIAN_POINT('Ctrl Pts',(-19.2397862063308,27.9190987802046,17.4519475289955));
#3524=CARTESIAN_POINT('Ctrl Pts',(-17.1902995556437,27.8612140401295,16.4916173763397));
#3525=CARTESIAN_POINT('Ctrl Pts',(-15.140804718296,27.8030989327258,15.5312989154469));
#3526=CARTESIAN_POINT('Ctrl Pts',(-21.1982136809082,29.1014895319424,18.5423236625084));
#3527=CARTESIAN_POINT('Ctrl Pts',(-19.1480811018466,29.051408844485,17.582915991173));
#3528=CARTESIAN_POINT('Ctrl Pts',(-17.0978300609893,29.0023082540691,16.6236775008151));
#3529=CARTESIAN_POINT('Ctrl Pts',(-15.0476974819277,28.9522275666117,15.6642698294797));
#3530=CARTESIAN_POINT('Ctrl Pts',(-21.1434160855378,30.,18.6205827391108));
#3531=CARTESIAN_POINT('Ctrl Pts',(-19.092744807678,29.9584315311063,17.6619444093904));
#3532=CARTESIAN_POINT('Ctrl Pts',(-17.0420735298181,29.9168630622126,16.70330607967));
#3533=CARTESIAN_POINT('Ctrl Pts',(-14.9914022519583,29.8752945933189,15.7446677499495));
#3534=CARTESIAN_POINT('',(-21.1434160855378,30.,18.6205827391108));
#3535=CARTESIAN_POINT('Ctrl Pts',(-21.1434160855378,30.,18.6205827391108));
#3536=CARTESIAN_POINT('Ctrl Pts',(-19.092744807678,29.9584315311063,17.6619444093904));
#3537=CARTESIAN_POINT('Ctrl Pts',(-17.0420735298181,29.9168630622126,16.70330607967));
#3538=CARTESIAN_POINT('Ctrl Pts',(-14.9914022519583,29.8752945933189,15.7446677499495));
#3539=CARTESIAN_POINT('Ctrl Pts',(-21.1434160855378,30.,18.6205827391108));
#3540=CARTESIAN_POINT('Ctrl Pts',(-21.1982136809081,29.1014895319424,18.5423236625084));
#3541=CARTESIAN_POINT('Ctrl Pts',(-21.2589252560884,28.3519724357197,18.4556185474284));
#3542=CARTESIAN_POINT('Ctrl Pts',(-21.3137061992522,27.747242625555,18.3773832526415));
#3543=CARTESIAN_POINT('Ctrl Pts',(-21.3410966708341,27.4448777204726,18.3382656052481));
#3544=CARTESIAN_POINT('Ctrl Pts',(-21.3670044844118,27.1787096369047,18.3012654129279));
#3545=CARTESIAN_POINT('Ctrl Pts',(-21.3903783202095,26.9515119326995,18.2678841159235));
#3546=CARTESIAN_POINT('Ctrl Pts',(-21.4137521560072,26.7243142284943,18.2345028189191));
#3547=CARTESIAN_POINT('Ctrl Pts',(-21.4345920140248,26.5360869036518,18.2047404172305));
#3548=CARTESIAN_POINT('Ctrl Pts',(-21.4563609881749,26.3487699977178,18.1736511001892));
#3549=CARTESIAN_POINT('Ctrl Pts',(-21.4618032317124,26.3019407712343,18.1658787709289));
#3550=CARTESIAN_POINT('Ctrl Pts',(-21.4673035450082,26.2551684459326,18.158023509459));
#3551=CARTESIAN_POINT('Ctrl Pts',(-21.4728142543354,26.2090338029285,18.1501534009177));
#3552=CARTESIAN_POINT('Ctrl Pts',(-21.4783249636626,26.1628991599245,18.1422832923763));
#3553=CARTESIAN_POINT('Ctrl Pts',(-21.4838460690212,26.1174021992182,18.1343983367635));
#3554=CARTESIAN_POINT('Ctrl Pts',(-21.4893853302227,26.0723461144562,18.1264874519197));
#3555=CARTESIAN_POINT('Ctrl Pts',(-21.5004638526258,25.9822339449322,18.1106656822321));
#3556=CARTESIAN_POINT('Ctrl Pts',(-21.5116149984006,25.8938852791856,18.0947401956209));
#3557=CARTESIAN_POINT('Ctrl Pts',(-21.5228197119804,25.8075153565988,18.0787382062558));
#3558=CARTESIAN_POINT('Ctrl Pts',(-21.54522913914,25.6347755114253,18.0467342275255));
#3559=CARTESIAN_POINT('Ctrl Pts',(-21.5678528375197,25.4699506388915,18.0144242377795));
#3560=CARTESIAN_POINT('Ctrl Pts',(-21.5901908123166,25.3130002217072,17.9825223035986));
#3561=CARTESIAN_POINT('Ctrl Pts',(-21.6348667619105,24.9990993873388,17.9187184352369));
#3562=CARTESIAN_POINT('Ctrl Pts',(-21.6783998171736,24.7166963743687,17.8565467891354));
#3563=CARTESIAN_POINT('Ctrl Pts',(-21.7188715580109,24.4673267262689,17.7987471531293));
#3564=CARTESIAN_POINT('Ctrl Pts',(-21.7998150396854,23.9685874300694,17.6831478811172));
#3565=CARTESIAN_POINT('Ctrl Pts',(-21.8685132636561,23.6019815933509,17.5850366494866));
#3566=CARTESIAN_POINT('Ctrl Pts',(-21.9126842875136,23.3829382416963,17.5219538898089));
#3567=CARTESIAN_POINT('Ctrl Pts',(-21.9347697994423,23.2734165658689,17.49041250997));
#3568=CARTESIAN_POINT('Ctrl Pts',(-21.9507235113427,23.2007855113076,17.4676282481193));
#3569=CARTESIAN_POINT('Ctrl Pts',(-21.9717002115923,23.1088676467058,17.4376704154698));
#3570=CARTESIAN_POINT('Ctrl Pts',(-21.992676911842,23.0169497821039,17.4077125828202));
#3571=CARTESIAN_POINT('Ctrl Pts',(-22.0186766004408,22.9057451074616,17.3705811793718));
#3572=CARTESIAN_POINT('Ctrl Pts',(-22.0498563876064,22.7887310546203,17.3260518284807));
#3573=CARTESIAN_POINT('Ctrl Pts',(-22.081036174772,22.6717170017789,17.2815224775895));
#3574=CARTESIAN_POINT('Ctrl Pts',(-22.1173960605043,22.5488935707384,17.2295951792556));
#3575=CARTESIAN_POINT('Ctrl Pts',(-22.158801446297,22.4243886845588,17.1704621600673));
#3576=CARTESIAN_POINT('Ctrl Pts',(-22.2002068320898,22.2998837983792,17.111329140879));
#3577=CARTESIAN_POINT('Ctrl Pts',(-22.246657717943,22.1736974570605,17.0449904008364));
#3578=CARTESIAN_POINT('Ctrl Pts',(-22.3022063877072,22.0443280887085,16.9656586788355));
#3579=CARTESIAN_POINT('Ctrl Pts',(-22.3577550574714,21.9149587203565,16.8863269568345));
#3580=CARTESIAN_POINT('Ctrl Pts',(-22.4224015111466,21.7824063249712,16.7940022528753));
#3581=CARTESIAN_POINT('Ctrl Pts',(-22.4816563665747,21.6776386807582,16.7093775492059));
#3582=CARTESIAN_POINT('Ctrl Pts',(-22.5409112220028,21.5728710365451,16.6247528455365));
#3583=CARTESIAN_POINT('Ctrl Pts',(-22.5947744791837,21.4958881435044,16.5478281421569));
#3584=CARTESIAN_POINT('Ctrl Pts',(-22.6464632056333,21.4376082889878,16.4740089905068));
#3585=CARTESIAN_POINT('Ctrl Pts',(-22.698151932083,21.3793284344712,16.4001898388567));
#3586=CARTESIAN_POINT('Ctrl Pts',(-22.7476661278013,21.3397516184787,16.3294762389361));
#3587=CARTESIAN_POINT('Ctrl Pts',(-22.7979900098451,21.3058053232895,16.2576062871038));
#3588=CARTESIAN_POINT('Ctrl Pts',(-22.8483138918889,21.2718590281002,16.1857363352715));
#3589=CARTESIAN_POINT('Ctrl Pts',(-22.8994474602581,21.2435432537142,16.1127100315274));
#3590=CARTESIAN_POINT('Ctrl Pts',(-22.9362572400918,21.2307692295385,16.0601402178293));
#3591=CARTESIAN_POINT('Origin',(29.1820765855287,30.,-16.6177065932876));
#3592=CARTESIAN_POINT('',(-21.1434160855378,30.,18.6205827391108));
#3593=CARTESIAN_POINT('Ctrl Pts',(12.1814763279849,54.,15.8622707854438));
#3594=CARTESIAN_POINT('Ctrl Pts',(12.1814763279849,54.0942308522874,15.8622707854438));
#3595=CARTESIAN_POINT('Ctrl Pts',(12.1839563511187,54.1884583661589,15.8603671632745));
#3596=CARTESIAN_POINT('Ctrl Pts',(12.1889024711127,54.2824115539794,15.8565650930365));
#3597=CARTESIAN_POINT('Ctrl Pts',(12.6760277581682,54.,15.482478596719));
#3598=CARTESIAN_POINT('Ctrl Pts',(12.6760277581682,54.0783652753624,15.482478596719));
#3599=CARTESIAN_POINT('Ctrl Pts',(12.6781628548177,54.1567758496696,15.4807257963125));
#3600=CARTESIAN_POINT('Ctrl Pts',(12.6824069183059,54.2348798043444,15.4772094418848));
#3601=CARTESIAN_POINT('Ctrl Pts',(13.7536338361423,54.,15.0986757413665));
#3602=CARTESIAN_POINT('Ctrl Pts',(13.7536338361423,54.0507207205718,15.0986757413665));
#3603=CARTESIAN_POINT('Ctrl Pts',(13.7553648787932,54.1014238474663,15.0973586312886));
#3604=CARTESIAN_POINT('Ctrl Pts',(13.7588147953162,54.1519133788551,15.0947378908382));
#3605=CARTESIAN_POINT('Ctrl Pts',(14.8527016979909,54.,15.3250431381586));
#3606=CARTESIAN_POINT('Ctrl Pts',(14.8527016979909,54.0320509719712,15.3250431381586));
#3607=CARTESIAN_POINT('Ctrl Pts',(14.8542748043358,54.0641383194249,15.324443624053));
#3608=CARTESIAN_POINT('Ctrl Pts',(14.8574101331109,54.0960374739585,15.3232478685216));
#3609=CARTESIAN_POINT('Ctrl Pts',(15.2765525624048,54.,15.5226880421504));
#3610=CARTESIAN_POINT('Ctrl Pts',(15.2765525624048,54.0265787068976,15.5226880421504));
#3611=CARTESIAN_POINT('Ctrl Pts',(15.2780711467529,54.0531564283444,15.5224032295553));
#3612=CARTESIAN_POINT('Ctrl Pts',(15.2810962806483,54.0796287780379,15.5218338699608));
#3613=CARTESIAN_POINT('',(15.2765525624048,54.,15.5226880421504));
#3614=CARTESIAN_POINT('',(12.1814763279849,54.,15.8622707854438));
#3615=CARTESIAN_POINT('Ctrl Pts',(12.1814763279849,54.,15.8622707854438));
#3616=CARTESIAN_POINT('Ctrl Pts',(12.6760277581682,54.,15.482478596719));
#3617=CARTESIAN_POINT('Ctrl Pts',(13.2918026598677,54.,15.2631626793747));
#3618=CARTESIAN_POINT('Ctrl Pts',(13.9145854909956,54.,15.2430860280368));
#3619=CARTESIAN_POINT('Ctrl Pts',(14.3816726143415,54.,15.2280285395334));
#3620=CARTESIAN_POINT('Ctrl Pts',(14.8527016979909,54.,15.3250431381586));
#3621=CARTESIAN_POINT('Ctrl Pts',(15.2765525624048,54.,15.5226880421504));
#3622=CARTESIAN_POINT('',(15.2810962806483,54.0796287780379,15.5218338699608));
#3623=CARTESIAN_POINT('Ctrl Pts',(15.2765525624048,54.,15.5226880421504));
#3624=CARTESIAN_POINT('Ctrl Pts',(15.2765525624048,54.0265787068976,15.5226880421504));
#3625=CARTESIAN_POINT('Ctrl Pts',(15.2780711467529,54.0531564283444,15.5224032295553));
#3626=CARTESIAN_POINT('Ctrl Pts',(15.2810962806483,54.0796287780379,15.5218338699608));
#3627=CARTESIAN_POINT('',(12.1889024711127,54.2824115539794,15.8565650930365));
#3628=CARTESIAN_POINT('Origin',(14.0172378417796,54.2824115539794,18.235049856992));
#3629=CARTESIAN_POINT('Ctrl Pts',(12.1889024711127,54.2824115539794,15.8565650930365));
#3630=CARTESIAN_POINT('Ctrl Pts',(12.1839563511187,54.1884583661589,15.8603671632745));
#3631=CARTESIAN_POINT('Ctrl Pts',(12.1814763279849,54.0942308522874,15.8622707854438));
#3632=CARTESIAN_POINT('Ctrl Pts',(12.1814763279849,54.,15.8622707854438));
#3633=CARTESIAN_POINT('Ctrl Pts',(17.5513622125191,80.1685403585891,13.5340854648106));
#3634=CARTESIAN_POINT('Ctrl Pts',(17.4070750088483,79.0056694400722,13.6758074146798));
#3635=CARTESIAN_POINT('Ctrl Pts',(17.149487159925,76.4990112079101,13.9281191544051));
#3636=CARTESIAN_POINT('Ctrl Pts',(16.7660516432303,72.7873848096802,14.2842079394041));
#3637=CARTESIAN_POINT('Ctrl Pts',(16.3179164956388,67.8276556904613,14.6827569989879));
#3638=CARTESIAN_POINT('Ctrl Pts',(15.7887684452743,61.5483190077388,15.1282382735712));
#3639=CARTESIAN_POINT('Ctrl Pts',(15.43311483124,56.5850587642857,15.4053934092607));
#3640=CARTESIAN_POINT('Ctrl Pts',(15.2810962806483,54.0796287780379,15.5218338699608));
#3641=CARTESIAN_POINT('Ctrl Pts',(16.919192947558,80.2088857500885,13.2338468559442));
#3642=CARTESIAN_POINT('Ctrl Pts',(16.7791526911378,79.0401264747314,13.3793764744535));
#3643=CARTESIAN_POINT('Ctrl Pts',(16.5297780738853,76.5346930145878,13.6349713271085));
#3644=CARTESIAN_POINT('Ctrl Pts',(16.1580019189382,72.8209007341739,13.997393910144));
#3645=CARTESIAN_POINT('Ctrl Pts',(15.7232070018886,67.856844288699,14.4029809275265));
#3646=CARTESIAN_POINT('Ctrl Pts',(15.2096595571178,61.5786157799315,14.8557098330779));
#3647=CARTESIAN_POINT('Ctrl Pts',(14.8639369224374,56.608362101152,15.1383558188248));
#3648=CARTESIAN_POINT('Ctrl Pts',(14.7161814172651,54.1015070392654,15.2570525347085));
#3649=CARTESIAN_POINT('Ctrl Pts',(15.6312532562626,80.3512610039688,13.1123102612344));
#3650=CARTESIAN_POINT('Ctrl Pts',(15.5004644266768,79.1582885612327,13.2588832305968));
#3651=CARTESIAN_POINT('Ctrl Pts',(15.2701643586383,76.6544934627059,13.5099214391094));
#3652=CARTESIAN_POINT('Ctrl Pts',(14.9250268081514,72.9281455789771,13.8681190846823));
#3653=CARTESIAN_POINT('Ctrl Pts',(14.5207460870818,67.9464911857006,14.269338355778));
#3654=CARTESIAN_POINT('Ctrl Pts',(14.0428363298492,61.6676039248126,14.7156498140112));
#3655=CARTESIAN_POINT('Ctrl Pts',(13.7195771425109,56.6751874639108,14.9965856092285));
#3656=CARTESIAN_POINT('Ctrl Pts',(13.5815098799705,54.1635421179294,15.1139585433511));
#3657=CARTESIAN_POINT('Ctrl Pts',(14.5446536008816,80.5607371986704,13.7375915234308));
#3658=CARTESIAN_POINT('Ctrl Pts',(14.4146698558585,79.3307461106302,13.8751863382845));
#3659=CARTESIAN_POINT('Ctrl Pts',(14.1922370992375,76.8274607546988,14.1038470720966));
#3660=CARTESIAN_POINT('Ctrl Pts',(13.8571471523277,73.0802499988019,14.4326014582834));
#3661=CARTESIAN_POINT('Ctrl Pts',(13.4654426815187,68.0714212381965,14.8001871594938));
#3662=CARTESIAN_POINT('Ctrl Pts',(13.0046268357633,61.7890379962568,15.2074403758085));
#3663=CARTESIAN_POINT('Ctrl Pts',(12.6920783328459,56.7652451662808,15.4648293478838));
#3664=CARTESIAN_POINT('Ctrl Pts',(12.5590308065076,54.2467627417532,15.5720483546727));
#3665=CARTESIAN_POINT('Ctrl Pts',(14.179306766609,80.6504495248337,14.1048665225304));
#3666=CARTESIAN_POINT('Ctrl Pts',(14.0469987083516,79.404617768258,14.237872853553));
#3667=CARTESIAN_POINT('Ctrl Pts',(13.8239524514413,76.9015420043253,14.4559273700964));
#3668=CARTESIAN_POINT('Ctrl Pts',(13.4872369162738,73.1454047731336,14.770273178413));
#3669=CARTESIAN_POINT('Ctrl Pts',(13.0944523193742,68.1249376874792,15.1212674930323));
#3670=CARTESIAN_POINT('Ctrl Pts',(12.6339553913482,61.841056169981,15.5091683421938));
#3671=CARTESIAN_POINT('Ctrl Pts',(12.3216408295214,56.8038206450828,15.7545294443745));
#3672=CARTESIAN_POINT('Ctrl Pts',(12.1889024711127,54.2824115539794,15.8565650930365));
#3673=CARTESIAN_POINT('',(17.5513622125191,80.1685403585891,13.5340854648106));
#3674=CARTESIAN_POINT('Ctrl Pts',(15.2810962806483,54.0796287780379,15.5218338699608));
#3675=CARTESIAN_POINT('Ctrl Pts',(15.43311483124,56.5850587642857,15.4053934092607));
#3676=CARTESIAN_POINT('Ctrl Pts',(15.7887684452743,61.5483190077388,15.1282382735712));
#3677=CARTESIAN_POINT('Ctrl Pts',(16.3179164956388,67.8276556904613,14.6827569989879));
#3678=CARTESIAN_POINT('Ctrl Pts',(16.7660516432303,72.7873848096802,14.2842079394041));
#3679=CARTESIAN_POINT('Ctrl Pts',(17.149487159925,76.4990112079101,13.9281191544051));
#3680=CARTESIAN_POINT('Ctrl Pts',(17.4070750088483,79.0056694400722,13.6758074146798));
#3681=CARTESIAN_POINT('Ctrl Pts',(17.5513622125191,80.1685403585891,13.5340854648106));
#3682=CARTESIAN_POINT('',(14.179306766609,80.6504495248337,14.1048665225304));
#3683=CARTESIAN_POINT('Origin',(16.3062027816003,80.6504495248337,16.2205965009099));
#3684=CARTESIAN_POINT('Ctrl Pts',(14.179306766609,80.6504495248337,14.1048665225304));
#3685=CARTESIAN_POINT('Ctrl Pts',(14.0469987083516,79.404617768258,14.237872853553));
#3686=CARTESIAN_POINT('Ctrl Pts',(13.8239524514413,76.9015420043253,14.4559273700964));
#3687=CARTESIAN_POINT('Ctrl Pts',(13.4872369162738,73.1454047731336,14.770273178413));
#3688=CARTESIAN_POINT('Ctrl Pts',(13.0944523193742,68.1249376874792,15.1212674930323));
#3689=CARTESIAN_POINT('Ctrl Pts',(12.6339553913482,61.841056169981,15.5091683421938));
#3690=CARTESIAN_POINT('Ctrl Pts',(12.3216408295214,56.8038206450828,15.7545294443745));
#3691=CARTESIAN_POINT('Ctrl Pts',(12.1889024711127,54.2824115539794,15.8565650930365));
#3692=CARTESIAN_POINT('Ctrl Pts',(14.179306766609,80.6504495248338,14.1048665225304));
#3693=CARTESIAN_POINT('Ctrl Pts',(14.191800284198,80.7680902881313,14.0923070687981));
#3694=CARTESIAN_POINT('Ctrl Pts',(14.2076616666014,80.8847748370631,14.0763308121963));
#3695=CARTESIAN_POINT('Ctrl Pts',(14.2267704775089,81.,14.0569912065236));
#3696=CARTESIAN_POINT('Ctrl Pts',(14.6664358789725,80.5308330899493,13.615166523731));
#3697=CARTESIAN_POINT('Ctrl Pts',(14.6765376566085,80.6266899569648,13.6041135302985));
#3698=CARTESIAN_POINT('Ctrl Pts',(14.6894151105014,80.7217839352544,13.5901208824096));
#3699=CARTESIAN_POINT('Ctrl Pts',(14.7048276960692,80.815439270705,13.5731600492261));
#3700=CARTESIAN_POINT('Ctrl Pts',(15.8334471646749,80.3223649657124,13.0780854361696));
#3701=CARTESIAN_POINT('Ctrl Pts',(15.8406308211616,80.3803714646508,13.070375299479));
#3702=CARTESIAN_POINT('Ctrl Pts',(15.8497094775632,80.4376207734041,13.0605840956993));
#3703=CARTESIAN_POINT('Ctrl Pts',(15.8605892909227,80.4938145416724,13.048836262526));
#3704=CARTESIAN_POINT('Ctrl Pts',(17.0772352637982,80.1987994022136,13.3089065081608));
#3705=CARTESIAN_POINT('Ctrl Pts',(17.0835060189398,80.234534766575,13.3048847159031));
#3706=CARTESIAN_POINT('Ctrl Pts',(17.0914361821683,80.269902108964,13.299776918009));
#3707=CARTESIAN_POINT('Ctrl Pts',(17.1009300935602,80.3045126745894,13.2936285859774));
#3708=CARTESIAN_POINT('Ctrl Pts',(17.5513622125191,80.1685403585891,13.5340854648106));
#3709=CARTESIAN_POINT('Ctrl Pts',(17.5574576002906,80.1989484294922,13.5314559582006));
#3710=CARTESIAN_POINT('Ctrl Pts',(17.5651785165635,80.2290483706669,13.5281069138362));
#3711=CARTESIAN_POINT('Ctrl Pts',(17.5744283459263,80.2586831759797,13.5240399836854));
#3712=CARTESIAN_POINT('',(17.5744283459263,80.2586831759796,13.5240399836854));
#3713=CARTESIAN_POINT('',(14.2267704775089,81.,14.0569912065236));
#3714=CARTESIAN_POINT('Origin',(16.3607860491352,81.,16.1655398875021));
#3715=CARTESIAN_POINT('Ctrl Pts',(14.2267704775089,81.,14.0569912065236));
#3716=CARTESIAN_POINT('Ctrl Pts',(14.2076616666014,80.8847748370631,14.0763308121963));
#3717=CARTESIAN_POINT('Ctrl Pts',(14.191800284198,80.7680902881313,14.0923070687981));
#3718=CARTESIAN_POINT('Ctrl Pts',(14.179306766609,80.6504495248338,14.1048665225304));
#3719=CARTESIAN_POINT('Ctrl Pts',(17.5513622125191,80.1685403585891,13.5340854648106));
#3720=CARTESIAN_POINT('Ctrl Pts',(17.5574576002906,80.1989484294922,13.5314559582006));
#3721=CARTESIAN_POINT('Ctrl Pts',(17.5651785165635,80.2290483706669,13.5281069138362));
#3722=CARTESIAN_POINT('Ctrl Pts',(17.5744283459263,80.2586831759797,13.5240399836854));
#3723=CARTESIAN_POINT('Ctrl Pts',(18.7192490776232,80.2586831759796,11.8890665376355));
#3724=CARTESIAN_POINT('Ctrl Pts',(18.7136775596663,80.5095976819098,11.9744378776848));
#3725=CARTESIAN_POINT('Ctrl Pts',(18.4355335283783,80.8612912759524,12.0430293157866));
#3726=CARTESIAN_POINT('Ctrl Pts',(17.9542809093915,81.1050069150683,12.31333151466));
#3727=CARTESIAN_POINT('Ctrl Pts',(17.7129656604512,81.1042978646315,12.6613750758017));
#3728=CARTESIAN_POINT('Ctrl Pts',(17.6434332918723,80.9225034994296,13.0681626702522));
#3729=CARTESIAN_POINT('Ctrl Pts',(17.6469390907245,80.6248132914861,13.3986412752646));
#3730=CARTESIAN_POINT('Ctrl Pts',(17.6135869693768,80.3841404289447,13.5068228675503));
#3731=CARTESIAN_POINT('Ctrl Pts',(17.5744283459263,80.2586831759796,13.5240399836854));
#3732=CARTESIAN_POINT('Ctrl Pts',(18.2146333038766,80.319789174126,11.4008832383881));
#3733=CARTESIAN_POINT('Ctrl Pts',(18.2143920939084,80.5274902073826,11.4872559695795));
#3734=CARTESIAN_POINT('Ctrl Pts',(18.0324139968662,80.8870648504456,11.5698809900705));
#3735=CARTESIAN_POINT('Ctrl Pts',(17.5534170877697,81.2039119106369,11.9643053824563));
#3736=CARTESIAN_POINT('Ctrl Pts',(17.247207919432,81.2005913411411,12.404591107865));
#3737=CARTESIAN_POINT('Ctrl Pts',(17.0902922390943,80.9687633213625,12.8413447036853));
#3738=CARTESIAN_POINT('Ctrl Pts',(17.0318447429207,80.6360023403634,13.1263209772392));
#3739=CARTESIAN_POINT('Ctrl Pts',(16.9836380025063,80.4236396907541,13.2019408481771));
#3740=CARTESIAN_POINT('Ctrl Pts',(16.9430973427715,80.3197891741259,13.2168247867413));
#3741=CARTESIAN_POINT('Ctrl Pts',(17.6478234871082,80.5383668893977,10.2411018536832));
#3742=CARTESIAN_POINT('Ctrl Pts',(17.6319962848795,80.780470364062,10.3605562280365));
#3743=CARTESIAN_POINT('Ctrl Pts',(17.4919321243636,81.2254198203568,10.6116075707617));
#3744=CARTESIAN_POINT('Ctrl Pts',(16.9125559602811,81.6305391420512,11.3428526498495));
#3745=CARTESIAN_POINT('Ctrl Pts',(16.4427955532246,81.6256386561091,12.016344220722));
#3746=CARTESIAN_POINT('Ctrl Pts',(16.0751806824452,81.3305566744883,12.6094873622482));
#3747=CARTESIAN_POINT('Ctrl Pts',(15.8285568551736,80.9118654743037,12.9613287765622));
#3748=CARTESIAN_POINT('Ctrl Pts',(15.7128175451326,80.6594186267293,13.0530021262688));
#3749=CARTESIAN_POINT('Ctrl Pts',(15.6593989590698,80.5383668893977,13.0808663799583));
#3750=CARTESIAN_POINT('Ctrl Pts',(17.8567324576449,80.8615794530287,9.02204721991618));
#3751=CARTESIAN_POINT('Ctrl Pts',(17.7856543195988,81.3104940575122,9.2035376026488));
#3752=CARTESIAN_POINT('Ctrl Pts',(17.4137532217526,81.9561525476077,9.71694361296113));
#3753=CARTESIAN_POINT('Ctrl Pts',(16.54120920894,82.3937378079309,10.8518966967845));
#3754=CARTESIAN_POINT('Ctrl Pts',(15.8547246088462,82.3924264088911,11.8340320627899));
#3755=CARTESIAN_POINT('Ctrl Pts',(15.278000631093,82.0662925666465,12.7384050722661));
#3756=CARTESIAN_POINT('Ctrl Pts',(14.8498639158689,81.5217347299829,13.3958269970563));
#3757=CARTESIAN_POINT('Ctrl Pts',(14.6584309006467,81.0860367552697,13.6296853542828));
#3758=CARTESIAN_POINT('Ctrl Pts',(14.5853133914291,80.8615794530287,13.6941178385505));
#3759=CARTESIAN_POINT('Ctrl Pts',(18.0750929850016,81.,8.56101708814703));
#3760=CARTESIAN_POINT('Ctrl Pts',(17.9765580249734,81.5574847263864,8.76905645384909));
#3761=CARTESIAN_POINT('Ctrl Pts',(17.4695323460445,82.3073051348477,9.38298630486363));
#3762=CARTESIAN_POINT('Ctrl Pts',(16.443314426425,82.7563978261559,10.6815018004842));
#3763=CARTESIAN_POINT('Ctrl Pts',(15.6613878708163,82.7571107376613,11.7997681529856));
#3764=CARTESIAN_POINT('Ctrl Pts',(15.0087095566543,82.4185875856347,12.8547785923073));
#3765=CARTESIAN_POINT('Ctrl Pts',(14.5233865828573,81.8107376386005,13.6687006455308));
#3766=CARTESIAN_POINT('Ctrl Pts',(14.3076665353246,81.2787423631924,13.9751180922724));
#3767=CARTESIAN_POINT('Ctrl Pts',(14.2267704775089,81.,14.0569912065236));
#3768=CARTESIAN_POINT('',(18.7192490776232,80.2586831759796,11.8890665376355));
#3769=CARTESIAN_POINT('Ctrl Pts',(17.5744283459263,80.2586831759796,13.5240399836854));
#3770=CARTESIAN_POINT('Ctrl Pts',(17.6135869693768,80.3841404289447,13.5068228675503));
#3771=CARTESIAN_POINT('Ctrl Pts',(17.6469390907245,80.6248132914861,13.3986412752646));
#3772=CARTESIAN_POINT('Ctrl Pts',(17.6434332918723,80.9225034994296,13.0681626702522));
#3773=CARTESIAN_POINT('Ctrl Pts',(17.7129656604512,81.1042978646315,12.6613750758017));
#3774=CARTESIAN_POINT('Ctrl Pts',(17.9542809093915,81.1050069150683,12.31333151466));
#3775=CARTESIAN_POINT('Ctrl Pts',(18.4355335283783,80.8612912759524,12.0430293157866));
#3776=CARTESIAN_POINT('Ctrl Pts',(18.7136775596663,80.5095976819098,11.9744378776848));
#3777=CARTESIAN_POINT('Ctrl Pts',(18.7192490776232,80.2586831759796,11.8890665376355));
#3778=CARTESIAN_POINT('',(18.0750929850016,81.,8.56101708814703));
#3779=CARTESIAN_POINT('Origin',(20.7863569327519,81.,9.84516965136909));
#3780=CARTESIAN_POINT('Ctrl Pts',(18.0750929850016,81.,8.56101708814703));
#3781=CARTESIAN_POINT('Ctrl Pts',(17.9765580249734,81.5574847263864,8.76905645384909));
#3782=CARTESIAN_POINT('Ctrl Pts',(17.4695323460445,82.3073051348477,9.38298630486363));
#3783=CARTESIAN_POINT('Ctrl Pts',(16.443314426425,82.7563978261559,10.6815018004842));
#3784=CARTESIAN_POINT('Ctrl Pts',(15.6613878708163,82.7571107376613,11.7997681529856));
#3785=CARTESIAN_POINT('Ctrl Pts',(15.0087095566543,82.4185875856347,12.8547785923073));
#3786=CARTESIAN_POINT('Ctrl Pts',(14.5233865828573,81.8107376386005,13.6687006455308));
#3787=CARTESIAN_POINT('Ctrl Pts',(14.3076665353246,81.2787423631924,13.9751180922724));
#3788=CARTESIAN_POINT('Ctrl Pts',(14.2267704775089,81.,14.0569912065236));
#3789=CARTESIAN_POINT('Ctrl Pts',(18.0750929850016,81.,8.56101708814703));
#3790=CARTESIAN_POINT('Ctrl Pts',(18.0867306714958,80.8847748370631,8.5364461448412));
#3791=CARTESIAN_POINT('Ctrl Pts',(18.0963185296493,80.7680902881313,8.5160771192686));
#3792=CARTESIAN_POINT('Ctrl Pts',(18.1038475209662,80.6504495248338,8.50004146681688));
#3793=CARTESIAN_POINT('Ctrl Pts',(17.7839456151927,80.8154392707049,9.1757239305059));
#3794=CARTESIAN_POINT('Ctrl Pts',(17.7946121702526,80.721783935255,9.15543989098443));
#3795=CARTESIAN_POINT('Ctrl Pts',(17.8033566095931,80.6266899569649,9.13855327515019));
#3796=CARTESIAN_POINT('Ctrl Pts',(17.8102880145242,80.5308330899493,9.12528036285084));
#3797=CARTESIAN_POINT('Ctrl Pts',(17.6865355551035,80.4938144358036,10.4411140105584));
#3798=CARTESIAN_POINT('Ctrl Pts',(17.693853791922,80.437620667537,10.4268723346436));
#3799=CARTESIAN_POINT('Ctrl Pts',(17.6999494395773,80.3803713973887,10.4149924034598));
#3800=CARTESIAN_POINT('Ctrl Pts',(17.7047376429095,80.32236489845,10.4056049524129));
#3801=CARTESIAN_POINT('Ctrl Pts',(18.3407872473132,80.3045126745893,11.5229290632));
#3802=CARTESIAN_POINT('Ctrl Pts',(18.3433176806183,80.2699021089662,11.5119048513206));
#3803=CARTESIAN_POINT('Ctrl Pts',(18.345405165044,80.2345347665756,11.5027059656848));
#3804=CARTESIAN_POINT('Ctrl Pts',(18.3470396889787,80.1987994022136,11.495437849387));
#3805=CARTESIAN_POINT('Ctrl Pts',(18.7192490776232,80.2586831759796,11.8890665376355));
#3806=CARTESIAN_POINT('Ctrl Pts',(18.7199071139104,80.2290483706693,11.8789835692073));
#3807=CARTESIAN_POINT('Ctrl Pts',(18.7204134772963,80.1989484294929,11.8705828405259));
#3808=CARTESIAN_POINT('Ctrl Pts',(18.7207996598548,80.1685403585891,11.8639557053884));
#3809=CARTESIAN_POINT('',(18.7207996598548,80.1685403585891,11.8639557053884));
#3810=CARTESIAN_POINT('',(18.1038475209662,80.6504495248338,8.50004146681688));
#3811=CARTESIAN_POINT('Origin',(20.8194246491111,80.6504495248338,9.77504768683941));
#3812=CARTESIAN_POINT('Ctrl Pts',(18.1038475209662,80.6504495248338,8.50004146681688));
#3813=CARTESIAN_POINT('Ctrl Pts',(18.0963185296493,80.7680902881313,8.5160771192686));
#3814=CARTESIAN_POINT('Ctrl Pts',(18.0867306714958,80.8847748370631,8.5364461448412));
#3815=CARTESIAN_POINT('Ctrl Pts',(18.0750929850016,81.,8.56101708814703));
#3816=CARTESIAN_POINT('Ctrl Pts',(18.7192490776232,80.2586831759796,11.8890665376355));
#3817=CARTESIAN_POINT('Ctrl Pts',(18.7199071139104,80.2290483706693,11.8789835692073));
#3818=CARTESIAN_POINT('Ctrl Pts',(18.7204134772963,80.1989484294929,11.8705828405259));
#3819=CARTESIAN_POINT('Ctrl Pts',(18.7207996598548,80.1685403585891,11.8639557053884));
#3820=CARTESIAN_POINT('Ctrl Pts',(18.1038475209662,80.6504495248336,8.50004146681685));
#3821=CARTESIAN_POINT('Ctrl Pts',(18.1286676809131,80.2626336224851,8.44717814928137));
#3822=CARTESIAN_POINT('Ctrl Pts',(18.1745905503182,79.4825755270341,8.34817146380246));
#3823=CARTESIAN_POINT('Ctrl Pts',(18.2581172011968,77.932819876399,8.16451637071838));
#3824=CARTESIAN_POINT('Ctrl Pts',(18.398235554293,75.1829882394542,7.84661434588567));
#3825=CARTESIAN_POINT('Ctrl Pts',(18.6356755872333,69.7506139999295,7.27389377647298));
#3826=CARTESIAN_POINT('Ctrl Pts',(18.8616670214722,62.9354314727948,6.66298029789669));
#3827=CARTESIAN_POINT('Ctrl Pts',(19.0247979893546,56.6792137557922,6.17163595097972));
#3828=CARTESIAN_POINT('Ctrl Pts',(19.1721927520643,48.8639611061884,5.70541460862931));
#3829=CARTESIAN_POINT('Ctrl Pts',(19.2777587121324,42.3246588456924,5.32690163602715));
#3830=CARTESIAN_POINT('Ctrl Pts',(19.259345461821,36.0035701304454,5.39230740444294));
#3831=CARTESIAN_POINT('Ctrl Pts',(19.2386084449282,33.6411782994832,5.46619009044124));
#3832=CARTESIAN_POINT('Ctrl Pts',(19.2072190803234,31.2831040827619,5.57573643366528));
#3833=CARTESIAN_POINT('Ctrl Pts',(19.1462064355442,28.9350329851633,5.78342107609095));
#3834=CARTESIAN_POINT('Ctrl Pts',(19.0659917474766,26.9896209535548,6.0426186949901));
#3835=CARTESIAN_POINT('Ctrl Pts',(18.9829121807619,25.4459632287615,6.29826336000676));
#3836=CARTESIAN_POINT('Ctrl Pts',(18.8733672357854,23.9220615419664,6.62166462086038));
#3837=CARTESIAN_POINT('Ctrl Pts',(18.7090890220828,22.0318278060828,7.07984478704645));
#3838=CARTESIAN_POINT('Ctrl Pts',(18.4301757761829,20.2524969139264,7.78480085476291));
#3839=CARTESIAN_POINT('Ctrl Pts',(18.1106695574618,19.1928161746552,8.49173851867762));
#3840=CARTESIAN_POINT('Ctrl Pts',(17.8941109745172,18.6485938764785,8.93574591222597));
#3841=CARTESIAN_POINT('Ctrl Pts',(17.648227397185,18.1619040495207,9.41688586146114));
#3842=CARTESIAN_POINT('Ctrl Pts',(17.2841143534562,17.6881424156241,10.077700081983));
#3843=CARTESIAN_POINT('Ctrl Pts',(16.9400542831713,17.450777325842,10.6370810104242));
#3844=CARTESIAN_POINT('Ctrl Pts',(16.7565923275892,17.3762139745376,10.9186360671551));
#3845=CARTESIAN_POINT('Ctrl Pts',(17.8102880145242,80.5308330899491,9.12528036285081));
#3846=CARTESIAN_POINT('Ctrl Pts',(17.8372600476183,80.149611632663,9.07267532516303));
#3847=CARTESIAN_POINT('Ctrl Pts',(17.88752411116,79.3764587927083,8.97328090278375));
#3848=CARTESIAN_POINT('Ctrl Pts',(17.9794393794835,77.8337812084202,8.78809330427008));
#3849=CARTESIAN_POINT('Ctrl Pts',(18.1341036331467,75.0878619149838,8.46634353532802));
#3850=CARTESIAN_POINT('Ctrl Pts',(18.3965624073011,69.6774017467677,7.88732521416678));
#3851=CARTESIAN_POINT('Ctrl Pts',(18.6487199234566,62.8645030555156,7.26643833557124));
#3852=CARTESIAN_POINT('Ctrl Pts',(18.8314969213472,56.6285770079592,6.76768018379607));
#3853=CARTESIAN_POINT('Ctrl Pts',(18.9975126988607,48.8234015116733,6.29305443249561));
#3854=CARTESIAN_POINT('Ctrl Pts',(19.117196491322,42.2959668915014,5.90805449568928));
#3855=CARTESIAN_POINT('Ctrl Pts',(19.0963492935824,36.0204685548711,5.97464155097686));
#3856=CARTESIAN_POINT('Ctrl Pts',(19.0728840140632,33.6673951336153,6.04966870481746));
#3857=CARTESIAN_POINT('Ctrl Pts',(19.037517251985,31.328769106534,6.16078069592505));
#3858=CARTESIAN_POINT('Ctrl Pts',(18.9692701722612,29.0187092872472,6.36987942759064));
#3859=CARTESIAN_POINT('Ctrl Pts',(18.8797744716267,27.0968251015785,6.6309628804935));
#3860=CARTESIAN_POINT('Ctrl Pts',(18.787605387074,25.5847167485249,6.88742067357845));
#3861=CARTESIAN_POINT('Ctrl Pts',(18.6682848051603,24.1054676640242,7.20715576963266));
#3862=CARTESIAN_POINT('Ctrl Pts',(18.4853815075751,22.2394426691227,7.67211953557924));
#3863=CARTESIAN_POINT('Ctrl Pts',(18.1997026900172,20.6313391374511,8.33007906944868));
#3864=CARTESIAN_POINT('Ctrl Pts',(17.8828041396862,19.6816869817214,8.97796627505624));
#3865=CARTESIAN_POINT('Ctrl Pts',(17.6757493748286,19.2081751763691,9.37315163148019));
#3866=CARTESIAN_POINT('Ctrl Pts',(17.4511287144871,18.8027982952509,9.7841703591485));
#3867=CARTESIAN_POINT('Ctrl Pts',(17.1293020597708,18.4130538421025,10.3389108736431));
#3868=CARTESIAN_POINT('Ctrl Pts',(16.8257619358669,18.2149648187971,10.8173112590628));
#3869=CARTESIAN_POINT('Ctrl Pts',(16.6744531542143,18.1560296796104,11.0446932627519));
#3870=CARTESIAN_POINT('Ctrl Pts',(17.7043955703869,80.3223352074074,10.4056337521886));
#3871=CARTESIAN_POINT('Ctrl Pts',(17.7333830292508,79.9525590669209,10.3512800157666));
#3872=CARTESIAN_POINT('Ctrl Pts',(17.7882970786375,79.1914168560967,10.2472792794791));
#3873=CARTESIAN_POINT('Ctrl Pts',(17.889398627246,77.6610281352082,10.0522730330504));
#3874=CARTESIAN_POINT('Ctrl Pts',(18.0607068589867,74.9219476305461,9.71207486367334));
#3875=CARTESIAN_POINT('Ctrl Pts',(18.3504877580165,69.5496519879802,9.10189055635288));
#3876=CARTESIAN_POINT('Ctrl Pts',(18.6313374158878,62.7407387859975,8.44436240957275));
#3877=CARTESIAN_POINT('Ctrl Pts',(18.8341889018301,56.5401820738077,7.91834965622915));
#3878=CARTESIAN_POINT('Ctrl Pts',(19.0196212025366,48.7525857116584,7.41614100384887));
#3879=CARTESIAN_POINT('Ctrl Pts',(19.153011619074,42.2458861766402,7.01022424476022));
#3880=CARTESIAN_POINT('Ctrl Pts',(19.1296962617545,36.0500053294905,7.08050825319899));
#3881=CARTESIAN_POINT('Ctrl Pts',(19.1036435876431,33.7132221052311,7.15941632036948));
#3882=CARTESIAN_POINT('Ctrl Pts',(19.0644475740369,31.4086243706019,7.2760594926153));
#3883=CARTESIAN_POINT('Ctrl Pts',(18.9902178983351,29.1650066404576,7.49323157418262));
#3884=CARTESIAN_POINT('Ctrl Pts',(18.8928281886194,27.2842189382045,7.76493673492991));
#3885=CARTESIAN_POINT('Ctrl Pts',(18.7933479887966,25.8271926862141,8.03041909066401));
#3886=CARTESIAN_POINT('Ctrl Pts',(18.6688300667299,24.4259256482824,8.3540775912582));
#3887=CARTESIAN_POINT('Ctrl Pts',(18.4657822746251,22.6027068832064,8.8444190695447));
#3888=CARTESIAN_POINT('Ctrl Pts',(18.2025647633404,21.2933788919233,9.44912439629803));
#3889=CARTESIAN_POINT('Ctrl Pts',(17.9197027327,20.534664001129,10.0262273602954));
#3890=CARTESIAN_POINT('Ctrl Pts',(17.7464790576702,20.1834501675563,10.3580848741243));
#3891=CARTESIAN_POINT('Ctrl Pts',(17.5773462310285,19.918603659344,10.6717117153186));
#3892=CARTESIAN_POINT('Ctrl Pts',(17.3461152023478,19.6739068465657,11.0748603202624));
#3893=CARTESIAN_POINT('Ctrl Pts',(17.1156160340231,19.5439556416685,11.4363859152687));
#3894=CARTESIAN_POINT('Ctrl Pts',(17.01908051696,19.5117927611599,11.5814641780643));
#3895=CARTESIAN_POINT('Ctrl Pts',(18.3470396889787,80.1987994022134,11.495437849387));
#3896=CARTESIAN_POINT('Ctrl Pts',(18.3742838661719,79.8354170947337,11.4387697037803));
#3897=CARTESIAN_POINT('Ctrl Pts',(18.4266884620913,79.0807577910884,11.3296191040297));
#3898=CARTESIAN_POINT('Ctrl Pts',(18.5238494092448,77.5566559608557,11.1243376684581));
#3899=CARTESIAN_POINT('Ctrl Pts',(18.6891725872258,74.8197645602325,10.7655615669947));
#3900=CARTESIAN_POINT('Ctrl Pts',(18.9664651618871,69.4684603167231,10.1240376306433));
#3901=CARTESIAN_POINT('Ctrl Pts',(19.235909948675,62.6596658057085,9.43177322135977));
#3902=CARTESIAN_POINT('Ctrl Pts',(19.4276838888966,56.4809770162766,8.88015691159899));
#3903=CARTESIAN_POINT('Ctrl Pts',(19.6038032833296,48.7040586217986,8.35260796468054));
#3904=CARTESIAN_POINT('Ctrl Pts',(19.7282324918765,42.2110349763604,7.92778265575105));
#3905=CARTESIAN_POINT('Ctrl Pts',(19.7063804161654,36.0704741780196,8.00142361556517));
#3906=CARTESIAN_POINT('Ctrl Pts',(19.6822560537067,33.7448257023729,8.0838531801923));
#3907=CARTESIAN_POINT('Ctrl Pts',(19.646043671633,31.4634572588656,8.20560979754164));
#3908=CARTESIAN_POINT('Ctrl Pts',(19.5794958163609,29.2645368818972,8.43050845847246));
#3909=CARTESIAN_POINT('Ctrl Pts',(19.4907938234783,27.4098008564772,8.71276457864746));
#3910=CARTESIAN_POINT('Ctrl Pts',(19.4010402082468,25.9878502296644,8.98758093134639));
#3911=CARTESIAN_POINT('Ctrl Pts',(19.2934882099135,24.6336564487489,9.31839020265241));
#3912=CARTESIAN_POINT('Ctrl Pts',(19.1002970465594,22.8350106082247,9.83326838122937));
#3913=CARTESIAN_POINT('Ctrl Pts',(18.9112450402358,21.6928756564191,10.4159794096004));
#3914=CARTESIAN_POINT('Ctrl Pts',(18.6963598734692,21.0179241598656,10.9741013815776));
#3915=CARTESIAN_POINT('Ctrl Pts',(18.5690847273209,20.7166103629134,11.2881638464633));
#3916=CARTESIAN_POINT('Ctrl Pts',(18.4583355370788,20.5053718639487,11.5709261749317));
#3917=CARTESIAN_POINT('Ctrl Pts',(18.298341090351,20.3062474760913,11.9327718522535));
#3918=CARTESIAN_POINT('Ctrl Pts',(18.1057049022551,20.193196528517,12.2713755314503));
#3919=CARTESIAN_POINT('Ctrl Pts',(18.0327183010573,20.1685396314371,12.3931914729549));
#3920=CARTESIAN_POINT('Ctrl Pts',(18.7207996598548,80.1685403585889,11.8639557053884));
#3921=CARTESIAN_POINT('Ctrl Pts',(18.746893899748,79.8065493977718,11.8066603447802));
#3922=CARTESIAN_POINT('Ctrl Pts',(18.7974090574889,79.0532205499561,11.6960818872069));
#3923=CARTESIAN_POINT('Ctrl Pts',(18.8913102369745,77.5302490402289,11.4879554308036));
#3924=CARTESIAN_POINT('Ctrl Pts',(19.0513468730004,74.7931793202099,11.1239383081847));
#3925=CARTESIAN_POINT('Ctrl Pts',(19.3185755425045,69.4463575168695,10.4736319978926));
#3926=CARTESIAN_POINT('Ctrl Pts',(19.5782142926249,62.6366919923613,9.77144053287363));
#3927=CARTESIAN_POINT('Ctrl Pts',(19.7614869817637,56.4637019019876,9.21257544984745));
#3928=CARTESIAN_POINT('Ctrl Pts',(19.9300742343429,48.6894945077741,8.67773012446469));
#3929=CARTESIAN_POINT('Ctrl Pts',(20.0479151931151,42.2003926544682,8.24752426335774));
#3930=CARTESIAN_POINT('Ctrl Pts',(20.0271628391666,36.0767177329306,8.32213695622346));
#3931=CARTESIAN_POINT('Ctrl Pts',(20.0044038339244,33.7544121165954,8.405547414351));
#3932=CARTESIAN_POINT('Ctrl Pts',(19.9702595228924,31.480024269493,8.52873588153351));
#3933=CARTESIAN_POINT('Ctrl Pts',(19.9085010949848,29.2942601350452,8.75556804595708));
#3934=CARTESIAN_POINT('Ctrl Pts',(19.8253704406007,27.4466054308304,9.04062597214256));
#3935=CARTESIAN_POINT('Ctrl Pts',(19.7416308682933,26.0342337207816,9.31776243494268));
#3936=CARTESIAN_POINT('Ctrl Pts',(19.6433835992098,24.6919504907061,9.6500721723944));
#3937=CARTESIAN_POINT('Ctrl Pts',(19.4580483677703,22.8992935057369,10.1718598608999));
#3938=CARTESIAN_POINT('Ctrl Pts',(19.3025681345393,21.7943101955053,10.7465293183363));
#3939=CARTESIAN_POINT('Ctrl Pts',(19.1152141933711,21.1282519879902,11.3023292946535));
#3940=CARTESIAN_POINT('Ctrl Pts',(19.0044930570048,20.8302515461723,11.6153946025783));
#3941=CARTESIAN_POINT('Ctrl Pts',(18.912627665607,20.6205695937975,11.896071057826));
#3942=CARTESIAN_POINT('Ctrl Pts',(18.7711527054993,20.4172569414587,12.2600461784331));
#3943=CARTESIAN_POINT('Ctrl Pts',(18.5836382407802,20.2998157345176,12.6060586460509));
#3944=CARTESIAN_POINT('Ctrl Pts',(18.5125353946254,20.2737941051927,12.7300798991968));
#3945=CARTESIAN_POINT('',(18.512535394613,20.2737941051883,12.7300798992146));
#3946=CARTESIAN_POINT('',(16.7565923275892,17.3762139745376,10.9186360671551));
#3947=CARTESIAN_POINT('Origin',(19.2700811767276,17.3762139745376,12.5564314772283));
#3948=CARTESIAN_POINT('Ctrl Pts',(16.7565923275892,17.3762139745376,10.9186360671551));
#3949=CARTESIAN_POINT('Ctrl Pts',(16.9400542831713,17.450777325842,10.6370810104242));
#3950=CARTESIAN_POINT('Ctrl Pts',(17.2841143534562,17.6881424156241,10.077700081983));
#3951=CARTESIAN_POINT('Ctrl Pts',(17.648227397185,18.1619040495207,9.41688586146114));
#3952=CARTESIAN_POINT('Ctrl Pts',(17.8941109745172,18.6485938764785,8.93574591222597));
#3953=CARTESIAN_POINT('Ctrl Pts',(18.1106695574618,19.1928161746552,8.49173851867762));
#3954=CARTESIAN_POINT('Ctrl Pts',(18.4301757761829,20.2524969139264,7.78480085476291));
#3955=CARTESIAN_POINT('Ctrl Pts',(18.7090890220828,22.0318278060828,7.07984478704645));
#3956=CARTESIAN_POINT('Ctrl Pts',(18.8733672357854,23.9220615419664,6.62166462086038));
#3957=CARTESIAN_POINT('Ctrl Pts',(18.9829121807619,25.4459632287615,6.29826336000676));
#3958=CARTESIAN_POINT('Ctrl Pts',(19.0659917474766,26.9896209535548,6.0426186949901));
#3959=CARTESIAN_POINT('Ctrl Pts',(19.1462064355442,28.9350329851633,5.78342107609095));
#3960=CARTESIAN_POINT('Ctrl Pts',(19.2072190803234,31.2831040827619,5.57573643366528));
#3961=CARTESIAN_POINT('Ctrl Pts',(19.2386084449282,33.6411782994832,5.46619009044124));
#3962=CARTESIAN_POINT('Ctrl Pts',(19.259345461821,36.0035701304454,5.39230740444294));
#3963=CARTESIAN_POINT('Ctrl Pts',(19.2777587121324,42.3246588456924,5.32690163602715));
#3964=CARTESIAN_POINT('Ctrl Pts',(19.1721927520643,48.8639611061884,5.70541460862931));
#3965=CARTESIAN_POINT('Ctrl Pts',(19.0247979893546,56.6792137557922,6.17163595097972));
#3966=CARTESIAN_POINT('Ctrl Pts',(18.8616670214722,62.9354314727948,6.66298029789669));
#3967=CARTESIAN_POINT('Ctrl Pts',(18.6356755872333,69.7506139999295,7.27389377647298));
#3968=CARTESIAN_POINT('Ctrl Pts',(18.398235554293,75.1829882394542,7.84661434588567));
#3969=CARTESIAN_POINT('Ctrl Pts',(18.2581172011968,77.932819876399,8.16451637071838));
#3970=CARTESIAN_POINT('Ctrl Pts',(18.1745905503182,79.4825755270341,8.34817146380246));
#3971=CARTESIAN_POINT('Ctrl Pts',(18.1286676809131,80.2626336224851,8.44717814928137));
#3972=CARTESIAN_POINT('Ctrl Pts',(18.1038475209662,80.6504495248336,8.50004146681685));
#3973=CARTESIAN_POINT('Ctrl Pts',(18.7207996598548,80.1685403585889,11.8639557053884));
#3974=CARTESIAN_POINT('Ctrl Pts',(18.746893899748,79.8065493977718,11.8066603447802));
#3975=CARTESIAN_POINT('Ctrl Pts',(18.7974090574889,79.0532205499561,11.6960818872069));
#3976=CARTESIAN_POINT('Ctrl Pts',(18.8913102369745,77.5302490402289,11.4879554308036));
#3977=CARTESIAN_POINT('Ctrl Pts',(19.0513468730004,74.7931793202099,11.1239383081847));
#3978=CARTESIAN_POINT('Ctrl Pts',(19.3185755425045,69.4463575168695,10.4736319978926));
#3979=CARTESIAN_POINT('Ctrl Pts',(19.5782142926249,62.6366919923613,9.77144053287363));
#3980=CARTESIAN_POINT('Ctrl Pts',(19.7614869817637,56.4637019019876,9.21257544984745));
#3981=CARTESIAN_POINT('Ctrl Pts',(19.9300742343429,48.6894945077741,8.67773012446469));
#3982=CARTESIAN_POINT('Ctrl Pts',(20.0479151931151,42.2003926544682,8.24752426335774));
#3983=CARTESIAN_POINT('Ctrl Pts',(20.0271628391666,36.0767177329306,8.32213695622346));
#3984=CARTESIAN_POINT('Ctrl Pts',(20.0044038339244,33.7544121165954,8.405547414351));
#3985=CARTESIAN_POINT('Ctrl Pts',(19.9702595228924,31.480024269493,8.52873588153351));
#3986=CARTESIAN_POINT('Ctrl Pts',(19.9085010949848,29.2942601350452,8.75556804595708));
#3987=CARTESIAN_POINT('Ctrl Pts',(19.8253704406007,27.4466054308304,9.04062597214256));
#3988=CARTESIAN_POINT('Ctrl Pts',(19.7416308682933,26.0342337207816,9.31776243494268));
#3989=CARTESIAN_POINT('Ctrl Pts',(19.6433835992098,24.6919504907061,9.6500721723944));
#3990=CARTESIAN_POINT('Ctrl Pts',(19.4580483677703,22.8992935057369,10.1718598608999));
#3991=CARTESIAN_POINT('Ctrl Pts',(19.3025681345393,21.7943101955053,10.7465293183363));
#3992=CARTESIAN_POINT('Ctrl Pts',(19.1152141933711,21.1282519879902,11.3023292946535));
#3993=CARTESIAN_POINT('Ctrl Pts',(19.0044930570048,20.8302515461723,11.6153946025783));
#3994=CARTESIAN_POINT('Ctrl Pts',(18.912627665607,20.6205695937975,11.896071057826));
#3995=CARTESIAN_POINT('Ctrl Pts',(18.7711527054993,20.4172569414587,12.2600461784331));
#3996=CARTESIAN_POINT('Ctrl Pts',(18.5836382407802,20.2998157345176,12.6060586460509));
#3997=CARTESIAN_POINT('Ctrl Pts',(18.5125353946254,20.2737941051927,12.7300798991968));
#3998=CARTESIAN_POINT('Ctrl Pts',(16.756592327575,17.3762139745318,10.9186360671768));
#3999=CARTESIAN_POINT('Ctrl Pts',(16.5166896738738,17.2787117660234,11.28680943074));
#4000=CARTESIAN_POINT('Ctrl Pts',(16.2551721038525,17.2787117660177,11.6602952270955));
#4001=CARTESIAN_POINT('Ctrl Pts',(15.9912538509456,17.3762139745149,12.0116526870625));
#4002=CARTESIAN_POINT('Ctrl Pts',(16.674453154201,18.1560296796052,11.0446932627719));
#4003=CARTESIAN_POINT('Ctrl Pts',(16.4854405544338,18.0824954283809,11.3284318802806));
#4004=CARTESIAN_POINT('Ctrl Pts',(16.2835965842248,18.0824954283766,11.6166949440083));
#4005=CARTESIAN_POINT('Ctrl Pts',(16.0816156155826,18.1560296795925,11.8913530118741));
#4006=CARTESIAN_POINT('Ctrl Pts',(17.0188629627383,19.5119586212098,11.5813606141923));
#4007=CARTESIAN_POINT('Ctrl Pts',(16.917310894582,19.4795126797778,11.7342953064681));
#4008=CARTESIAN_POINT('Ctrl Pts',(16.8126918064793,19.4795126797759,11.8837068486096));
#4009=CARTESIAN_POINT('Ctrl Pts',(16.7037130575916,19.5119586212042,12.031441323054));
#4010=CARTESIAN_POINT('Ctrl Pts',(18.0327183010457,20.168539631433,12.3931914729728));
#4011=CARTESIAN_POINT('Ctrl Pts',(17.970372089758,20.1482346308269,12.50472543512));
#4012=CARTESIAN_POINT('Ctrl Pts',(17.8968274541045,20.1482346308257,12.6097580599366));
#4013=CARTESIAN_POINT('Ctrl Pts',(17.813343473029,20.1685396314295,12.7064911963383));
#4014=CARTESIAN_POINT('Ctrl Pts',(18.5125353946137,20.2737941051885,12.7300798992152));
#4015=CARTESIAN_POINT('Ctrl Pts',(18.4541707325327,20.2517786029679,12.8428236719281));
#4016=CARTESIAN_POINT('Ctrl Pts',(18.3800047534767,20.2517786029665,12.948743667087));
#4017=CARTESIAN_POINT('Ctrl Pts',(18.2940221523098,20.2737941051847,13.0421491506635));
#4018=CARTESIAN_POINT('',(18.2940221523096,20.2737941051846,13.0421491506634));
#4019=CARTESIAN_POINT('',(15.9912538509456,17.3762139745149,12.0116526870625));
#4020=CARTESIAN_POINT('Origin',(18.3899419285875,17.3762139745149,13.8134005901219));
#4021=CARTESIAN_POINT('Ctrl Pts',(15.9912538509456,17.3762139745149,12.0116526870625));
#4022=CARTESIAN_POINT('Ctrl Pts',(16.2551721038525,17.2787117660177,11.6602952270955));
#4023=CARTESIAN_POINT('Ctrl Pts',(16.5166896738738,17.2787117660234,11.28680943074));
#4024=CARTESIAN_POINT('Ctrl Pts',(16.756592327575,17.3762139745318,10.9186360671768));
#4025=CARTESIAN_POINT('Ctrl Pts',(18.5125353946137,20.2737941051885,12.7300798992152));
#4026=CARTESIAN_POINT('Ctrl Pts',(18.4541707325327,20.2517786029679,12.8428236719281));
#4027=CARTESIAN_POINT('Ctrl Pts',(18.3800047534767,20.2517786029665,12.948743667087));
#4028=CARTESIAN_POINT('Ctrl Pts',(18.2940221523098,20.2737941051847,13.0421491506635));
#4029=CARTESIAN_POINT('Ctrl Pts',(15.991253850946,17.3762139745148,12.0116526870621));
#4030=CARTESIAN_POINT('Ctrl Pts',(15.8105522293845,17.4429725521698,12.2522228714447));
#4031=CARTESIAN_POINT('Ctrl Pts',(15.4463678307834,17.6489765426454,12.7144253553221));
#4032=CARTESIAN_POINT('Ctrl Pts',(14.907864057141,18.1252769870139,13.3400352952246));
#4033=CARTESIAN_POINT('Ctrl Pts',(14.4129991563485,18.7828440732829,13.871357321041));
#4034=CARTESIAN_POINT('Ctrl Pts',(13.9721931294134,19.5619149353651,14.3138998439065));
#4035=CARTESIAN_POINT('Ctrl Pts',(13.6491909108507,20.2818122274891,14.6198949996969));
#4036=CARTESIAN_POINT('Ctrl Pts',(13.425484084771,20.8947509504321,14.8246484129495));
#4037=CARTESIAN_POINT('Ctrl Pts',(13.1731131236445,21.6856850918427,15.0505767717559));
#4038=CARTESIAN_POINT('Ctrl Pts',(12.9747506895552,22.5148551675325,15.2211772618542));
#4039=CARTESIAN_POINT('Ctrl Pts',(12.6904014752303,23.8590038828279,15.4596253014429));
#4040=CARTESIAN_POINT('Ctrl Pts',(12.4079561826181,25.392210272111,15.6874340223718));
#4041=CARTESIAN_POINT('Ctrl Pts',(12.140302913226,27.4650466654482,15.8946730773502));
#4042=CARTESIAN_POINT('Ctrl Pts',(11.9998770904847,28.8630764952462,16.0002560993431));
#4043=CARTESIAN_POINT('Ctrl Pts',(11.9417792837265,29.5629179430792,16.0435004764783));
#4044=CARTESIAN_POINT('Ctrl Pts',(16.0816156155829,18.1560296795924,11.8913530118738));
#4045=CARTESIAN_POINT('Ctrl Pts',(15.9366455837402,18.2087958978101,12.0882828338929));
#4046=CARTESIAN_POINT('Ctrl Pts',(15.6287029279943,18.3801991273769,12.4900584515962));
#4047=CARTESIAN_POINT('Ctrl Pts',(15.1815273492495,18.7729079010919,13.031731208941));
#4048=CARTESIAN_POINT('Ctrl Pts',(14.7666548641536,19.3178453677231,13.5033115213805));
#4049=CARTESIAN_POINT('Ctrl Pts',(14.3698707926521,20.0133091505626,13.9257042905624));
#4050=CARTESIAN_POINT('Ctrl Pts',(14.0787462154411,20.6581311712794,14.2192606185142));
#4051=CARTESIAN_POINT('Ctrl Pts',(13.8742982079442,21.2139409227667,14.4189792294106));
#4052=CARTESIAN_POINT('Ctrl Pts',(13.6410702068512,21.9391594762937,14.641828794425));
#4053=CARTESIAN_POINT('Ctrl Pts',(13.4507594515352,22.7259233556292,14.815924314371));
#4054=CARTESIAN_POINT('Ctrl Pts',(13.1717195969063,24.0404523361477,15.0653690078124));
#4055=CARTESIAN_POINT('Ctrl Pts',(12.8948420109214,25.530821940182,15.3026503126879));
#4056=CARTESIAN_POINT('Ctrl Pts',(12.6302255872331,27.564712569134,15.5208466478121));
#4057=CARTESIAN_POINT('Ctrl Pts',(12.4902205318557,28.9462129196273,15.6324681016315));
#4058=CARTESIAN_POINT('Ctrl Pts',(12.432534603671,29.6357268754295,15.6782128809387));
#4059=CARTESIAN_POINT('Ctrl Pts',(16.7037573804036,19.5119158124403,12.031484945637));
#4060=CARTESIAN_POINT('Ctrl Pts',(16.6112594688868,19.5407121060403,12.1571292213145));
#4061=CARTESIAN_POINT('Ctrl Pts',(16.3805880650212,19.6520190137862,12.4595334707968));
#4062=CARTESIAN_POINT('Ctrl Pts',(16.0539165469736,19.9002492868582,12.8523031737188));
#4063=CARTESIAN_POINT('Ctrl Pts',(15.7379713243507,20.250629039206,13.2073842779628));
#4064=CARTESIAN_POINT('Ctrl Pts',(15.3864993670774,20.8007803664228,13.5832367353995));
#4065=CARTESIAN_POINT('Ctrl Pts',(15.1273978997915,21.315173936831,13.8439291733322));
#4066=CARTESIAN_POINT('Ctrl Pts',(14.9404940595573,21.7717706287067,14.0265143643754));
#4067=CARTESIAN_POINT('Ctrl Pts',(14.7233311347522,22.3827055175381,14.2346333496813));
#4068=CARTESIAN_POINT('Ctrl Pts',(14.5363538176829,23.0949313512222,14.4092785048784));
#4069=CARTESIAN_POINT('Ctrl Pts',(14.251217967326,24.3581345269184,14.6704972184756));
#4070=CARTESIAN_POINT('Ctrl Pts',(13.970617444145,25.7731461085277,14.9173782214719));
#4071=CARTESIAN_POINT('Ctrl Pts',(13.6985931218687,27.7390895783827,15.1476916055149));
#4072=CARTESIAN_POINT('Ctrl Pts',(13.5538143155799,29.0913209349968,15.2671073531678));
#4073=CARTESIAN_POINT('Ctrl Pts',(13.4941964163632,29.7628449386844,15.3156579161848));
#4074=CARTESIAN_POINT('Ctrl Pts',(17.8133434730289,20.1685396314295,12.7064911963382));
#4075=CARTESIAN_POINT('Ctrl Pts',(17.7332057542197,20.1906156158044,12.8051996280357));
#4076=CARTESIAN_POINT('Ctrl Pts',(17.5112335549254,20.28657879079,13.0683106892941));
#4077=CARTESIAN_POINT('Ctrl Pts',(17.1995074663533,20.4916975510275,13.3778012640932));
#4078=CARTESIAN_POINT('Ctrl Pts',(16.8964197146417,20.7672722268928,13.6428681946883));
#4079=CARTESIAN_POINT('Ctrl Pts',(16.5399594085239,21.2562045559207,13.9654835332231));
#4080=CARTESIAN_POINT('Ctrl Pts',(16.279074837406,21.7077732861988,14.1817427297042));
#4081=CARTESIAN_POINT('Ctrl Pts',(16.0898786140585,22.1121381809072,14.3353100400226));
#4082=CARTESIAN_POINT('Ctrl Pts',(15.8687996745635,22.6604292706958,14.5133057034416));
#4083=CARTESIAN_POINT('Ctrl Pts',(15.6741755764987,23.3295263505483,14.6736235701572));
#4084=CARTESIAN_POINT('Ctrl Pts',(15.3727917323101,24.5639579093142,14.9262073146719));
#4085=CARTESIAN_POINT('Ctrl Pts',(15.0776616313329,25.9337422410968,15.1611908373186));
#4086=CARTESIAN_POINT('Ctrl Pts',(14.7905086710872,27.8564162922013,15.3837886340036));
#4087=CARTESIAN_POINT('Ctrl Pts',(14.6372119670087,29.1899296028191,15.5004944605977));
#4088=CARTESIAN_POINT('Ctrl Pts',(14.5742357074032,29.8494689022389,15.5476470826012));
#4089=CARTESIAN_POINT('Ctrl Pts',(18.2940221523098,20.2737941051846,13.0421491506635));
#4090=CARTESIAN_POINT('Ctrl Pts',(18.2114521907833,20.2970919711136,13.1399480289291));
#4091=CARTESIAN_POINT('Ctrl Pts',(17.9819088170654,20.3966231308015,13.401177190633));
#4092=CARTESIAN_POINT('Ctrl Pts',(17.6605489331635,20.607159997464,13.6951555445692));
#4093=CARTESIAN_POINT('Ctrl Pts',(17.3516219555714,20.8802661392899,13.9346179516107));
#4094=CARTESIAN_POINT('Ctrl Pts',(16.9886456448634,21.3638081179427,14.2379590615019));
#4095=CARTESIAN_POINT('Ctrl Pts',(16.7244307311581,21.8057598631676,14.4367022722151));
#4096=CARTESIAN_POINT('Ctrl Pts',(16.5331595202215,22.2000764351818,14.5779228696773));
#4097=CARTESIAN_POINT('Ctrl Pts',(16.3096209798088,22.7351612640961,14.7425000553688));
#4098=CARTESIAN_POINT('Ctrl Pts',(16.1119942895141,23.3938040822543,14.8951462307196));
#4099=CARTESIAN_POINT('Ctrl Pts',(15.8047342087655,24.6220249758083,15.1411676699139));
#4100=CARTESIAN_POINT('Ctrl Pts',(15.5043353205985,25.9801784207081,15.3682820384388));
#4101=CARTESIAN_POINT('Ctrl Pts',(15.2118676977862,27.8910588982747,15.5847082485626));
#4102=CARTESIAN_POINT('Ctrl Pts',(15.0555463278634,29.2192066531736,15.6987475890513));
#4103=CARTESIAN_POINT('Ctrl Pts',(14.9914022519583,29.8752945933189,15.7446677499495));
#4104=CARTESIAN_POINT('',(14.9914022519583,29.8752945933189,15.7446677499495));
#4105=CARTESIAN_POINT('',(11.9417792837265,29.5629179430792,16.0435004764783));
#4106=CARTESIAN_POINT('Origin',(13.7330461762855,29.5629179430792,18.4500255479501));
#4107=CARTESIAN_POINT('Ctrl Pts',(11.9417792837265,29.5629179430792,16.0435004764783));
#4108=CARTESIAN_POINT('Ctrl Pts',(11.9998770904847,28.8630764952462,16.0002560993431));
#4109=CARTESIAN_POINT('Ctrl Pts',(12.140302913226,27.4650466654482,15.8946730773502));
#4110=CARTESIAN_POINT('Ctrl Pts',(12.4079561826181,25.392210272111,15.6874340223718));
#4111=CARTESIAN_POINT('Ctrl Pts',(12.6904014752303,23.8590038828279,15.4596253014429));
#4112=CARTESIAN_POINT('Ctrl Pts',(12.9747506895552,22.5148551675325,15.2211772618542));
#4113=CARTESIAN_POINT('Ctrl Pts',(13.1731131236445,21.6856850918427,15.0505767717559));
#4114=CARTESIAN_POINT('Ctrl Pts',(13.425484084771,20.8947509504321,14.8246484129495));
#4115=CARTESIAN_POINT('Ctrl Pts',(13.6491909108507,20.2818122274891,14.6198949996969));
#4116=CARTESIAN_POINT('Ctrl Pts',(13.9721931294134,19.5619149353651,14.3138998439065));
#4117=CARTESIAN_POINT('Ctrl Pts',(14.4129991563485,18.7828440732829,13.871357321041));
#4118=CARTESIAN_POINT('Ctrl Pts',(14.907864057141,18.1252769870139,13.3400352952246));
#4119=CARTESIAN_POINT('Ctrl Pts',(15.4463678307834,17.6489765426454,12.7144253553221));
#4120=CARTESIAN_POINT('Ctrl Pts',(15.8105522293845,17.4429725521698,12.2522228714447));
#4121=CARTESIAN_POINT('Ctrl Pts',(15.991253850946,17.3762139745148,12.0116526870621));
#4122=CARTESIAN_POINT('Ctrl Pts',(18.2940221523098,20.2737941051846,13.0421491506635));
#4123=CARTESIAN_POINT('Ctrl Pts',(18.2114521907833,20.2970919711136,13.1399480289291));
#4124=CARTESIAN_POINT('Ctrl Pts',(17.9819088170654,20.3966231308015,13.401177190633));
#4125=CARTESIAN_POINT('Ctrl Pts',(17.6605489331635,20.607159997464,13.6951555445692));
#4126=CARTESIAN_POINT('Ctrl Pts',(17.3516219555714,20.8802661392899,13.9346179516107));
#4127=CARTESIAN_POINT('Ctrl Pts',(16.9886456448634,21.3638081179427,14.2379590615019));
#4128=CARTESIAN_POINT('Ctrl Pts',(16.7244307311581,21.8057598631676,14.4367022722151));
#4129=CARTESIAN_POINT('Ctrl Pts',(16.5331595202215,22.2000764351818,14.5779228696773));
#4130=CARTESIAN_POINT('Ctrl Pts',(16.3096209798088,22.7351612640961,14.7425000553688));
#4131=CARTESIAN_POINT('Ctrl Pts',(16.1119942895141,23.3938040822543,14.8951462307196));
#4132=CARTESIAN_POINT('Ctrl Pts',(15.8047342087655,24.6220249758083,15.1411676699139));
#4133=CARTESIAN_POINT('Ctrl Pts',(15.5043353205985,25.9801784207081,15.3682820384388));
#4134=CARTESIAN_POINT('Ctrl Pts',(15.2118676977862,27.8910588982747,15.5847082485626));
#4135=CARTESIAN_POINT('Ctrl Pts',(15.0555463278634,29.2192066531736,15.6987475890513));
#4136=CARTESIAN_POINT('Ctrl Pts',(14.9914022519583,29.8752945933189,15.7446677499495));
#4137=CARTESIAN_POINT('Ctrl Pts',(11.9417792837265,29.5629179430792,16.0435004764783));
#4138=CARTESIAN_POINT('Ctrl Pts',(11.9297414211791,29.7079250547774,16.0524607091782));
#4139=CARTESIAN_POINT('Ctrl Pts',(11.9236811813644,29.8539576417085,16.0569557228379));
#4140=CARTESIAN_POINT('Ctrl Pts',(11.9236811813644,30.0000000000001,16.0569557228379));
#4141=CARTESIAN_POINT('Ctrl Pts',(12.432534603671,29.6357268754295,15.6782128809387));
#4142=CARTESIAN_POINT('Ctrl Pts',(12.4221434473696,29.7564795693253,15.6865408669956));
#4143=CARTESIAN_POINT('Ctrl Pts',(12.4168921291246,29.8782705009918,15.69070385058));
#4144=CARTESIAN_POINT('Ctrl Pts',(12.4168921291246,30.,15.69070385058));
#4145=CARTESIAN_POINT('Ctrl Pts',(13.4942429018514,29.7628340040903,15.3158742457489));
#4146=CARTESIAN_POINT('Ctrl Pts',(13.4857010820538,29.8413206221697,15.3221126957448));
#4147=CARTESIAN_POINT('Ctrl Pts',(13.4813886306784,29.9206444403758,15.3252628640209));
#4148=CARTESIAN_POINT('Ctrl Pts',(13.4813886306784,30.,15.3252628640209));
#4149=CARTESIAN_POINT('Ctrl Pts',(14.5742357074032,29.8494689022389,15.5476470826013));
#4150=CARTESIAN_POINT('Ctrl Pts',(14.5664441831918,29.8992461142649,15.5504466241167));
#4151=CARTESIAN_POINT('Ctrl Pts',(14.5625112409935,29.949648463996,15.5518564125104));
#4152=CARTESIAN_POINT('Ctrl Pts',(14.5625112409935,30.,15.5518564125104));
#4153=CARTESIAN_POINT('Ctrl Pts',(14.9914022519583,29.8752945933189,15.7446677499496));
#4154=CARTESIAN_POINT('Ctrl Pts',(14.9838835030386,29.9165947323074,15.7459392770243));
#4155=CARTESIAN_POINT('Ctrl Pts',(14.9800881437912,29.9582957689029,15.7465757201536));
#4156=CARTESIAN_POINT('Ctrl Pts',(14.9800881437912,30.,15.7465757201536));
#4157=CARTESIAN_POINT('',(14.9800881437912,30.,15.7465757201536));
#4158=CARTESIAN_POINT('',(11.9236811813644,30.,16.0569557228379));
#4159=CARTESIAN_POINT('Ctrl Pts',(14.9800881437912,30.,15.7465757201536));
#4160=CARTESIAN_POINT('Ctrl Pts',(14.5625112409935,30.,15.5518564125104));
#4161=CARTESIAN_POINT('Ctrl Pts',(14.0991729794299,30.,15.4547448917292));
#4162=CARTESIAN_POINT('Ctrl Pts',(13.6388884929449,30.,15.4663744079977));
#4163=CARTESIAN_POINT('Ctrl Pts',(13.0251758442982,30.,15.4818804296891));
#4164=CARTESIAN_POINT('Ctrl Pts',(12.4168921291246,30.,15.69070385058));
#4165=CARTESIAN_POINT('Ctrl Pts',(11.9236811813644,30.,16.0569557228379));
#4166=CARTESIAN_POINT('Ctrl Pts',(11.9236811813644,30.0000000000001,16.0569557228379));
#4167=CARTESIAN_POINT('Ctrl Pts',(11.9236811813644,29.8539576417085,16.0569557228379));
#4168=CARTESIAN_POINT('Ctrl Pts',(11.9297414211791,29.7079250547774,16.0524607091782));
#4169=CARTESIAN_POINT('Ctrl Pts',(11.9417792837265,29.5629179430792,16.0435004764783));
#4170=CARTESIAN_POINT('Ctrl Pts',(14.9914022519583,29.8752945933189,15.7446677499496));
#4171=CARTESIAN_POINT('Ctrl Pts',(14.9838835030386,29.9165947323074,15.7459392770243));
#4172=CARTESIAN_POINT('Ctrl Pts',(14.9800881437912,29.9582957689029,15.7465757201536));
#4173=CARTESIAN_POINT('Ctrl Pts',(14.9800881437912,30.,15.7465757201536));
#4174=CARTESIAN_POINT('Origin',(-29.1820765855287,30.,-16.6177065932876));
#4175=CARTESIAN_POINT('',(13.280620107964,30.,14.9541007602578));
#4176=CARTESIAN_POINT('',(-35.3955377488418,30.,-7.7439644179324));
#4177=CARTESIAN_POINT('',(21.1434160855378,30.,18.6205827391108));
#4178=CARTESIAN_POINT('Ctrl Pts',(21.1434160855378,30.,18.6205827391108));
#4179=CARTESIAN_POINT('Ctrl Pts',(19.092744807678,29.9584315311063,17.6619444093904));
#4180=CARTESIAN_POINT('Ctrl Pts',(17.0420735298181,29.9168630622126,16.70330607967));
#4181=CARTESIAN_POINT('Ctrl Pts',(14.9914022519583,29.8752945933189,15.7446677499495));
#4182=CARTESIAN_POINT('',(13.6200453288343,31.0461374955361,14.6456261470959));
#4183=CARTESIAN_POINT('',(21.1434160855378,30.,18.6205827391108));
#4184=CARTESIAN_POINT('Ctrl Pts',(13.280620107964,30.,14.9541007602578));
#4185=CARTESIAN_POINT('Ctrl Pts',(13.280620107964,30.1897405236204,14.9541007602578));
#4186=CARTESIAN_POINT('Ctrl Pts',(13.3112383145385,30.3910397394804,14.9270757476692));
#4187=CARTESIAN_POINT('Ctrl Pts',(13.4315825581179,30.7549424100772,14.8188741203111));
#4188=CARTESIAN_POINT('Ctrl Pts',(13.5201240225474,30.9182123619008,14.7385503216771));
#4189=CARTESIAN_POINT('Ctrl Pts',(13.6200453288344,31.0461374955358,14.6456261470958));
#4190=CARTESIAN_POINT('Ctrl Pts',(22.9362572400918,21.2307692295385,16.0601402178293));
#4191=CARTESIAN_POINT('Ctrl Pts',(21.065801652432,20.8451835289543,14.844127209366));
#4192=CARTESIAN_POINT('Ctrl Pts',(19.1953460647722,20.4595978283701,13.6281142009027));
#4193=CARTESIAN_POINT('Ctrl Pts',(17.3248904771125,20.0740121277859,12.4121011924394));
#4194=CARTESIAN_POINT('Ctrl Pts',(22.8994474602581,21.2435432537142,16.1127100315274));
#4195=CARTESIAN_POINT('Ctrl Pts',(21.0089748970647,20.8662008025221,14.9252842267735));
#4196=CARTESIAN_POINT('Ctrl Pts',(19.1201766914833,20.4843869069775,13.7354671915334));
#4197=CARTESIAN_POINT('Ctrl Pts',(17.2297041282899,20.1070444557854,12.5480413867794));
#4198=CARTESIAN_POINT('Ctrl Pts',(22.7971803235197,21.3001748024862,16.2587626390156));
#4199=CARTESIAN_POINT('Ctrl Pts',(20.892051198952,20.9301822633717,15.0922685731741));
#4200=CARTESIAN_POINT('Ctrl Pts',(18.9854867282824,20.5619093378829,13.9278243940068));
#4201=CARTESIAN_POINT('Ctrl Pts',(17.0803576037147,20.1919167987684,12.7613303281653));
#4202=CARTESIAN_POINT('Ctrl Pts',(22.6486377363646,21.4189052504637,16.4709034387773));
#4203=CARTESIAN_POINT('Ctrl Pts',(20.6994186664494,21.0838162799262,15.3673763405012));
#4204=CARTESIAN_POINT('Ctrl Pts',(18.7509017967759,20.7469060123107,14.2628463963496));
#4205=CARTESIAN_POINT('Ctrl Pts',(16.8016827268607,20.4118170417731,13.1593192980735));
#4206=CARTESIAN_POINT('Ctrl Pts',(22.4870479648218,21.6498539295859,16.7016775489161));
#4207=CARTESIAN_POINT('Ctrl Pts',(20.4955872179065,21.3785879417172,15.6584778174491));
#4208=CARTESIAN_POINT('Ctrl Pts',(18.5023997221303,21.1083968959517,14.6177441389259));
#4209=CARTESIAN_POINT('Ctrl Pts',(16.510938975215,20.837130908083,13.574544407459));
#4210=CARTESIAN_POINT('Ctrl Pts',(22.2931086037962,22.0475111157418,16.9786516607937));
#4211=CARTESIAN_POINT('Ctrl Pts',(20.2863626937795,21.8110948989746,15.9572814045427));
#4212=CARTESIAN_POINT('Ctrl Pts',(18.2792788528904,21.5742353857031,14.9363937635935));
#4213=CARTESIAN_POINT('Ctrl Pts',(16.2725329428738,21.3378191689359,13.9150235073424));
#4214=CARTESIAN_POINT('Ctrl Pts',(22.1537559462366,22.426070139698,17.1776678809217));
#4215=CARTESIAN_POINT('Ctrl Pts',(20.1307606095606,22.2305746141154,16.1795042109648));
#4216=CARTESIAN_POINT('Ctrl Pts',(18.1082007626761,22.0343333178844,15.1807185971303));
#4217=CARTESIAN_POINT('Ctrl Pts',(16.0852054260001,21.8388377923018,14.1825549271735));
#4218=CARTESIAN_POINT('Ctrl Pts',(22.0446762890397,22.7945404328193,17.3334497759234));
#4219=CARTESIAN_POINT('Ctrl Pts',(20.0131577939337,22.6309804993052,16.3474584376897));
#4220=CARTESIAN_POINT('Ctrl Pts',(17.9822800136702,22.4660331207681,15.3605520638305));
#4221=CARTESIAN_POINT('Ctrl Pts',(15.9507615185642,22.3024731872539,14.3745607255968));
#4222=CARTESIAN_POINT('Ctrl Pts',(21.9666772232431,23.1281544567462,17.4448439862687));
#4223=CARTESIAN_POINT('Ctrl Pts',(19.9302102794892,22.9844821682984,16.4659197651077));
#4224=CARTESIAN_POINT('Ctrl Pts',(17.8941557565673,22.8403165033503,15.4864065459577));
#4225=CARTESIAN_POINT('Ctrl Pts',(15.8576888128134,22.6966442149025,14.5074823247968));
#4226=CARTESIAN_POINT('Ctrl Pts',(21.9028623756415,23.4186786749916,17.5359810336714));
#4227=CARTESIAN_POINT('Ctrl Pts',(19.8631158553426,23.2909251821716,16.5617405332162));
#4228=CARTESIAN_POINT('Ctrl Pts',(17.823955800962,23.1615957137254,15.5866624726288));
#4229=CARTESIAN_POINT('Ctrl Pts',(15.784209280663,23.0338422209054,14.6124219721737));
#4230=CARTESIAN_POINT('Ctrl Pts',(21.7654659277,24.1518903484286,17.7322034969324));
#4231=CARTESIAN_POINT('Ctrl Pts',(19.722168358841,24.0431829213189,16.7630344194002));
#4232=CARTESIAN_POINT('Ctrl Pts',(17.6792061534965,23.9337277891982,15.7933863931331));
#4233=CARTESIAN_POINT('Ctrl Pts',(15.6359085846375,23.8250203620885,14.8242173156009));
#4234=CARTESIAN_POINT('Ctrl Pts',(21.6131002342789,25.1403008938238,17.9498042582876));
#4235=CARTESIAN_POINT('Ctrl Pts',(19.5684166513128,25.0415659287659,16.9826146140398));
#4236=CARTESIAN_POINT('Ctrl Pts',(17.5233558771324,24.9449206262501,16.0159636546727));
#4237=CARTESIAN_POINT('Ctrl Pts',(15.4786722941663,24.8461856611922,15.0487740104249));
#4238=CARTESIAN_POINT('Ctrl Pts',(21.5339172899502,25.7171879476922,18.0628892223985));
#4239=CARTESIAN_POINT('Ctrl Pts',(19.4876486424072,25.6292824717823,17.0979632849667));
#4240=CARTESIAN_POINT('Ctrl Pts',(17.4415782388151,25.5408569816999,16.1327542258316));
#4241=CARTESIAN_POINT('Ctrl Pts',(15.3953095912721,25.45295150579,15.1678282883998));
#4242=CARTESIAN_POINT('Ctrl Pts',(21.4948882797383,26.0264082778056,18.1186284255377));
#4243=CARTESIAN_POINT('Ctrl Pts',(19.4480813030019,25.9431394017303,17.1544713018705));
#4244=CARTESIAN_POINT('Ctrl Pts',(17.4011907332118,25.8606105372475,16.1904335614562));
#4245=CARTESIAN_POINT('Ctrl Pts',(15.3543837564754,25.7773416611722,15.226276437789));
#4246=CARTESIAN_POINT('Ctrl Pts',(21.472803858304,26.2083961206308,18.1501682479892));
#4247=CARTESIAN_POINT('Ctrl Pts',(19.425595632377,26.1282583053679,17.1865841675537));
#4248=CARTESIAN_POINT('Ctrl Pts',(17.3784358145804,26.0482668790868,16.2229309531433));
#4249=CARTESIAN_POINT('Ctrl Pts',(15.3312275886534,25.9681290638238,15.2593468727078));
#4250=CARTESIAN_POINT('Ctrl Pts',(21.4398019785292,26.4890300724411,18.1972998168083));
#4251=CARTESIAN_POINT('Ctrl Pts',(19.3921090008826,26.4131215807343,17.2344080335749));
#4252=CARTESIAN_POINT('Ctrl Pts',(17.3443909402838,26.3376744908924,16.2715520725098));
#4253=CARTESIAN_POINT('Ctrl Pts',(15.2966979626372,26.2617659991856,15.3086602892764));
#4254=CARTESIAN_POINT('Ctrl Pts',(21.3929122979896,26.9125415533368,18.2642652206078));
#4255=CARTESIAN_POINT('Ctrl Pts',(19.3445296992682,26.8427946174974,17.3023583183378));
#4256=CARTESIAN_POINT('Ctrl Pts',(17.2961751044297,26.7732442119327,16.3404114223782));
#4257=CARTESIAN_POINT('Ctrl Pts',(15.2477925057083,26.7034972760932,15.3785045201082));
#4258=CARTESIAN_POINT('Ctrl Pts',(21.2892810436786,27.9772138876084,18.4122659898884));
#4259=CARTESIAN_POINT('Ctrl Pts',(19.2397862063308,27.9190987802046,17.4519475289955));
#4260=CARTESIAN_POINT('Ctrl Pts',(17.1902995556437,27.8612140401295,16.4916173763397));
#4261=CARTESIAN_POINT('Ctrl Pts',(15.140804718296,27.8030989327258,15.5312989154469));
#4262=CARTESIAN_POINT('Ctrl Pts',(21.1982136809082,29.1014895319424,18.5423236625084));
#4263=CARTESIAN_POINT('Ctrl Pts',(19.1480811018466,29.051408844485,17.582915991173));
#4264=CARTESIAN_POINT('Ctrl Pts',(17.0978300609893,29.0023082540691,16.6236775008151));
#4265=CARTESIAN_POINT('Ctrl Pts',(15.0476974819277,28.9522275666117,15.6642698294797));
#4266=CARTESIAN_POINT('Ctrl Pts',(21.1434160855378,30.,18.6205827391108));
#4267=CARTESIAN_POINT('Ctrl Pts',(19.092744807678,29.9584315311063,17.6619444093904));
#4268=CARTESIAN_POINT('Ctrl Pts',(17.0420735298181,29.9168630622126,16.70330607967));
#4269=CARTESIAN_POINT('Ctrl Pts',(14.9914022519583,29.8752945933189,15.7446677499495));
#4270=CARTESIAN_POINT('',(22.9362572400918,21.2307692295385,16.0601402178293));
#4271=CARTESIAN_POINT('Ctrl Pts',(22.9362572400918,21.2307692295385,16.0601402178293));
#4272=CARTESIAN_POINT('Ctrl Pts',(21.3888455441644,20.9117775214205,15.0541431954407));
#4273=CARTESIAN_POINT('Ctrl Pts',(19.841433848237,20.5927858133026,14.048146173052));
#4274=CARTESIAN_POINT('Ctrl Pts',(18.2940221523096,20.2737941051846,13.0421491506634));
#4275=CARTESIAN_POINT('Ctrl Pts',(21.1434160855378,30.,18.6205827391108));
#4276=CARTESIAN_POINT('Ctrl Pts',(21.1982136809081,29.1014895319424,18.5423236625084));
#4277=CARTESIAN_POINT('Ctrl Pts',(21.2589252560884,28.3519724357197,18.4556185474284));
#4278=CARTESIAN_POINT('Ctrl Pts',(21.3137061992522,27.747242625555,18.3773832526415));
#4279=CARTESIAN_POINT('Ctrl Pts',(21.3410966708341,27.4448777204726,18.3382656052481));
#4280=CARTESIAN_POINT('Ctrl Pts',(21.3670044844118,27.1787096369047,18.3012654129279));
#4281=CARTESIAN_POINT('Ctrl Pts',(21.3903783202095,26.9515119326995,18.2678841159235));
#4282=CARTESIAN_POINT('Ctrl Pts',(21.4137521560072,26.7243142284943,18.2345028189191));
#4283=CARTESIAN_POINT('Ctrl Pts',(21.4345920140248,26.5360869036518,18.2047404172305));
#4284=CARTESIAN_POINT('Ctrl Pts',(21.4563609881749,26.3487699977178,18.1736511001892));
#4285=CARTESIAN_POINT('Ctrl Pts',(21.4618032317124,26.3019407712343,18.1658787709289));
#4286=CARTESIAN_POINT('Ctrl Pts',(21.4673035450082,26.2551684459326,18.158023509459));
#4287=CARTESIAN_POINT('Ctrl Pts',(21.4728142543354,26.2090338029285,18.1501534009177));
#4288=CARTESIAN_POINT('Ctrl Pts',(21.4783249636626,26.1628991599245,18.1422832923763));
#4289=CARTESIAN_POINT('Ctrl Pts',(21.4838460690212,26.1174021992182,18.1343983367635));
#4290=CARTESIAN_POINT('Ctrl Pts',(21.4893853302227,26.0723461144562,18.1264874519197));
#4291=CARTESIAN_POINT('Ctrl Pts',(21.5004638526258,25.9822339449322,18.1106656822321));
#4292=CARTESIAN_POINT('Ctrl Pts',(21.5116149984006,25.8938852791856,18.0947401956209));
#4293=CARTESIAN_POINT('Ctrl Pts',(21.5228197119804,25.8075153565988,18.0787382062558));
#4294=CARTESIAN_POINT('Ctrl Pts',(21.54522913914,25.6347755114253,18.0467342275255));
#4295=CARTESIAN_POINT('Ctrl Pts',(21.5678528375197,25.4699506388915,18.0144242377795));
#4296=CARTESIAN_POINT('Ctrl Pts',(21.5901908123166,25.3130002217072,17.9825223035986));
#4297=CARTESIAN_POINT('Ctrl Pts',(21.6348667619105,24.9990993873388,17.9187184352369));
#4298=CARTESIAN_POINT('Ctrl Pts',(21.6783998171736,24.7166963743687,17.8565467891354));
#4299=CARTESIAN_POINT('Ctrl Pts',(21.7188715580109,24.4673267262689,17.7987471531293));
#4300=CARTESIAN_POINT('Ctrl Pts',(21.7998150396854,23.9685874300694,17.6831478811172));
#4301=CARTESIAN_POINT('Ctrl Pts',(21.8685132636561,23.6019815933509,17.5850366494866));
#4302=CARTESIAN_POINT('Ctrl Pts',(21.9126842875136,23.3829382416963,17.5219538898089));
#4303=CARTESIAN_POINT('Ctrl Pts',(21.9347697994423,23.2734165658689,17.49041250997));
#4304=CARTESIAN_POINT('Ctrl Pts',(21.9507235113427,23.2007855113076,17.4676282481193));
#4305=CARTESIAN_POINT('Ctrl Pts',(21.9717002115923,23.1088676467058,17.4376704154698));
#4306=CARTESIAN_POINT('Ctrl Pts',(21.992676911842,23.0169497821039,17.4077125828202));
#4307=CARTESIAN_POINT('Ctrl Pts',(22.0186766004408,22.9057451074616,17.3705811793718));
#4308=CARTESIAN_POINT('Ctrl Pts',(22.0498563876064,22.7887310546203,17.3260518284807));
#4309=CARTESIAN_POINT('Ctrl Pts',(22.081036174772,22.6717170017789,17.2815224775895));
#4310=CARTESIAN_POINT('Ctrl Pts',(22.1173960605043,22.5488935707384,17.2295951792556));
#4311=CARTESIAN_POINT('Ctrl Pts',(22.158801446297,22.4243886845588,17.1704621600673));
#4312=CARTESIAN_POINT('Ctrl Pts',(22.2002068320898,22.2998837983792,17.111329140879));
#4313=CARTESIAN_POINT('Ctrl Pts',(22.246657717943,22.1736974570605,17.0449904008364));
#4314=CARTESIAN_POINT('Ctrl Pts',(22.3022063877072,22.0443280887085,16.9656586788355));
#4315=CARTESIAN_POINT('Ctrl Pts',(22.3577550574714,21.9149587203565,16.8863269568345));
#4316=CARTESIAN_POINT('Ctrl Pts',(22.4224015111466,21.7824063249712,16.7940022528753));
#4317=CARTESIAN_POINT('Ctrl Pts',(22.4816563665747,21.6776386807582,16.7093775492059));
#4318=CARTESIAN_POINT('Ctrl Pts',(22.5409112220028,21.5728710365451,16.6247528455365));
#4319=CARTESIAN_POINT('Ctrl Pts',(22.5947744791837,21.4958881435044,16.5478281421569));
#4320=CARTESIAN_POINT('Ctrl Pts',(22.6464632056333,21.4376082889878,16.4740089905068));
#4321=CARTESIAN_POINT('Ctrl Pts',(22.698151932083,21.3793284344712,16.4001898388567));
#4322=CARTESIAN_POINT('Ctrl Pts',(22.7476661278013,21.3397516184787,16.3294762389361));
#4323=CARTESIAN_POINT('Ctrl Pts',(22.7979900098451,21.3058053232895,16.2576062871038));
#4324=CARTESIAN_POINT('Ctrl Pts',(22.8483138918889,21.2718590281002,16.1857363352715));
#4325=CARTESIAN_POINT('Ctrl Pts',(22.8994474602581,21.2435432537142,16.1127100315274));
#4326=CARTESIAN_POINT('Ctrl Pts',(22.9362572400918,21.2307692295385,16.0601402178293));
#4327=CARTESIAN_POINT('Origin',(-27.3892354309748,21.2307692295385,-19.178149114569));
#4328=CARTESIAN_POINT('Ctrl Pts',(22.9362572400918,21.2307692295385,16.0601402178293));
#4329=CARTESIAN_POINT('Ctrl Pts',(22.1359738467093,21.0576454829174,15.4577081334858));
#4330=CARTESIAN_POINT('Ctrl Pts',(20.6613998982122,20.7386537747992,14.3476880272868));
#4331=CARTESIAN_POINT('Ctrl Pts',(19.1868259497151,20.419662066681,13.2376679210879));
#4332=CARTESIAN_POINT('Ctrl Pts',(18.5125353946005,20.273794105184,12.7300798992324));
#4333=CARTESIAN_POINT('Ctrl Pts',(22.9362572400918,80.,16.0601402178293));
#4334=CARTESIAN_POINT('Ctrl Pts',(22.2161002440462,80.0287929640007,15.3432757788417));
#4335=CARTESIAN_POINT('Ctrl Pts',(20.5357339199397,80.0959765466688,13.6705920878706));
#4336=CARTESIAN_POINT('Ctrl Pts',(18.8553675958332,80.163160129337,11.9979083968995));
#4337=CARTESIAN_POINT('Ctrl Pts',(17.8951582677724,80.2015507480045,11.042089144916));
#4338=CARTESIAN_POINT('Ctrl Pts',(23.001058840027,79.3166452568228,15.9675939420481));
#4339=CARTESIAN_POINT('Ctrl Pts',(22.2811501174286,79.3427471442269,15.2503749318317));
#4340=CARTESIAN_POINT('Ctrl Pts',(20.6014756513197,79.4027009449162,13.5767031652405));
#4341=CARTESIAN_POINT('Ctrl Pts',(18.9218192972463,79.462501774863,11.9030055319818));
#4342=CARTESIAN_POINT('Ctrl Pts',(17.9619410004485,79.4973042914017,10.9467135183599));
#4343=CARTESIAN_POINT('Ctrl Pts',(23.130731419178,77.7579973555302,15.7824023066045));
#4344=CARTESIAN_POINT('Ctrl Pts',(22.410974681019,77.7821930470772,15.064966240114));
#4345=CARTESIAN_POINT('Ctrl Pts',(20.7315130889785,77.8389143358684,13.3909904578461));
#4346=CARTESIAN_POINT('Ctrl Pts',(19.0520467976011,77.8956782160973,11.7170213869271));
#4347=CARTESIAN_POINT('Ctrl Pts',(18.0923711467224,77.9279391381599,10.7604399649397));
#4348=CARTESIAN_POINT('Ctrl Pts',(23.3394567290026,75.0776695757345,15.4843116714219));
#4349=CARTESIAN_POINT('Ctrl Pts',(22.6197749832151,75.1009207971339,14.7667685047254));
#4350=CARTESIAN_POINT('Ctrl Pts',(20.9405567249129,75.1548336908376,13.0924452058643));
#4351=CARTESIAN_POINT('Ctrl Pts',(19.2613447663793,75.2086918789041,11.4181129100014));
#4352=CARTESIAN_POINT('Ctrl Pts',(18.3017691053293,75.2396935074366,10.4613886877394));
#4353=CARTESIAN_POINT('Ctrl Pts',(23.5102703649642,72.7491742969173,15.240364517699));
#4354=CARTESIAN_POINT('Ctrl Pts',(22.7907065560664,72.7708218034449,14.5226529196685));
#4355=CARTESIAN_POINT('Ctrl Pts',(21.1117201789076,72.8213611597027,12.8479984602147));
#4356=CARTESIAN_POINT('Ctrl Pts',(19.4327331329028,72.8719051034085,11.1733449559719));
#4357=CARTESIAN_POINT('Ctrl Pts',(18.4733147210391,72.9007684454453,10.216396158598));
#4358=CARTESIAN_POINT('Ctrl Pts',(23.6328413710393,70.9389439402501,15.0653149796884));
#4359=CARTESIAN_POINT('Ctrl Pts',(22.9133757784857,70.9591456975293,14.3474631141819));
#4360=CARTESIAN_POINT('Ctrl Pts',(21.2346228524429,71.0062916956163,12.672475251982));
#4361=CARTESIAN_POINT('Ctrl Pts',(19.5558699462333,71.0534390718894,10.9974873614575));
#4362=CARTESIAN_POINT('Ctrl Pts',(18.596582489495,71.0803747482616,10.0403515407822));
#4363=CARTESIAN_POINT('Ctrl Pts',(23.7307764188345,69.42478143062,14.9254492363896));
#4364=CARTESIAN_POINT('Ctrl Pts',(23.0113702225956,69.4440561107727,14.2075125441545));
#4365=CARTESIAN_POINT('Ctrl Pts',(21.3327574305174,69.4890078247476,12.5323245499124));
#4366=CARTESIAN_POINT('Ctrl Pts',(19.6541449065012,69.5339559116397,10.8571361728382));
#4367=CARTESIAN_POINT('Ctrl Pts',(18.6949366448493,69.5596554851766,9.89988724985807));
#4368=CARTESIAN_POINT('Ctrl Pts',(23.804934969636,68.2231862327741,14.8195398498795));
#4369=CARTESIAN_POINT('Ctrl Pts',(23.0855640305502,68.2418952022768,14.1015528052115));
#4370=CARTESIAN_POINT('Ctrl Pts',(21.4070301113984,68.2855704828505,12.4262521687567));
#4371=CARTESIAN_POINT('Ctrl Pts',(19.7284959141854,68.3292491456979,10.7509519294147));
#4372=CARTESIAN_POINT('Ctrl Pts',(18.769334662071,68.3541944383682,9.79363586985744));
#4373=CARTESIAN_POINT('Ctrl Pts',(23.8897779840639,66.8167657209043,14.6983714679382));
#4374=CARTESIAN_POINT('Ctrl Pts',(23.1704373588541,66.8349607259748,13.9803411305687));
#4375=CARTESIAN_POINT('Ctrl Pts',(21.4919793784946,66.8773778459326,12.3049320422792));
#4376=CARTESIAN_POINT('Ctrl Pts',(19.8135219578881,66.9197888683433,10.6295221545795));
#4377=CARTESIAN_POINT('Ctrl Pts',(18.8544011242751,66.944048875104,9.67214837142007));
#4378=CARTESIAN_POINT('Ctrl Pts',(23.9779282801469,65.3225174441355,14.5724797982936));
#4379=CARTESIAN_POINT('Ctrl Pts',(23.2586187066939,65.3402080526737,13.8544051144194));
#4380=CARTESIAN_POINT('Ctrl Pts',(21.5802239788331,65.3815507576333,12.1789056921999));
#4381=CARTESIAN_POINT('Ctrl Pts',(19.9018283300071,65.4229038609586,10.5034075852551));
#4382=CARTESIAN_POINT('Ctrl Pts',(18.9427488987366,65.4464913390095,9.54597467342278));
#4383=CARTESIAN_POINT('Ctrl Pts',(24.0856933810264,63.417046465581,14.4185752842762));
#4384=CARTESIAN_POINT('Ctrl Pts',(23.3664101130172,63.4342350092351,13.7004630323349));
#4385=CARTESIAN_POINT('Ctrl Pts',(21.6880872074083,63.4742914942095,12.0248610373095));
#4386=CARTESIAN_POINT('Ctrl Pts',(20.0097650612993,63.5143399143923,10.349257957606));
#4387=CARTESIAN_POINT('Ctrl Pts',(19.0507207039537,63.5372579725977,9.39177495501753));
#4388=CARTESIAN_POINT('Ctrl Pts',(24.2885316773883,59.7890538897622,14.1288921756359));
#4389=CARTESIAN_POINT('Ctrl Pts',(23.5693295009968,59.8048923146307,13.4106641128626));
#4390=CARTESIAN_POINT('Ctrl Pts',(21.8911848691042,59.8419139661113,11.7348075165846));
#4391=CARTESIAN_POINT('Ctrl Pts',(20.2130392362412,59.8789461299557,10.0589523498406));
#4392=CARTESIAN_POINT('Ctrl Pts',(19.2541030010524,59.9000640297804,9.10131493280949));
#4393=CARTESIAN_POINT('Ctrl Pts',(24.5136592439244,54.8556352558461,13.8073766902247));
#4394=CARTESIAN_POINT('Ctrl Pts',(23.7946405485464,54.8673667592884,13.0888865894075));
#4395=CARTESIAN_POINT('Ctrl Pts',(22.1169327982349,54.8947204555485,11.4124060615704));
#4396=CARTESIAN_POINT('Ctrl Pts',(20.4392254564829,54.9220709637051,9.73592495024973));
#4397=CARTESIAN_POINT('Ctrl Pts',(19.4805338626456,54.9377129682948,8.77793814916019));
#4398=CARTESIAN_POINT('Ctrl Pts',(24.7008375684556,49.7318802573436,13.5400583391403));
#4399=CARTESIAN_POINT('Ctrl Pts',(23.9818448547813,49.7427785170189,12.8215311326046));
#4400=CARTESIAN_POINT('Ctrl Pts',(22.3041986304348,49.7681546972317,11.1449627365832));
#4401=CARTESIAN_POINT('Ctrl Pts',(20.6265529597956,49.79352233384,9.46839354978579));
#4402=CARTESIAN_POINT('Ctrl Pts',(19.66789600823,49.8080533467405,8.51035727440498));
#4403=CARTESIAN_POINT('Ctrl Pts',(24.849739167938,44.8388543961774,13.3274048166386));
#4404=CARTESIAN_POINT('Ctrl Pts',(24.1308368531419,44.8468732418156,12.6087485071254));
#4405=CARTESIAN_POINT('Ctrl Pts',(22.4533947375561,44.8656324037021,10.9318886135842));
#4406=CARTESIAN_POINT('Ctrl Pts',(20.7759520778911,44.8843993737422,9.25502949706869));
#4407=CARTESIAN_POINT('Ctrl Pts',(19.817415658163,44.8950911679265,8.29682108438437));
#4408=CARTESIAN_POINT('Ctrl Pts',(24.9265019808261,41.4220149535283,13.2177761584207));
#4409=CARTESIAN_POINT('Ctrl Pts',(24.2076761610788,41.4270775903967,12.4990106026559));
#4410=CARTESIAN_POINT('Ctrl Pts',(22.5304207111283,41.4388265324713,10.8218841229598));
#4411=CARTESIAN_POINT('Ctrl Pts',(20.8531660329687,41.4505651954355,9.14475654103188));
#4412=CARTESIAN_POINT('Ctrl Pts',(19.8947316066391,41.4573153779269,8.18640246667886));
#4413=CARTESIAN_POINT('Ctrl Pts',(24.9414215610166,38.025254670628,13.1964687897101));
#4414=CARTESIAN_POINT('Ctrl Pts',(24.2226331776058,38.0243288717304,12.4776497693161));
#4415=CARTESIAN_POINT('Ctrl Pts',(22.5454530667669,38.0222041618423,10.8004156942178));
#4416=CARTESIAN_POINT('Ctrl Pts',(20.8682717946976,38.0200851625966,9.12318327752855));
#4417=CARTESIAN_POINT('Ctrl Pts',(19.9098872834831,38.0188507640665,8.16475791700327));
#4418=CARTESIAN_POINT('Ctrl Pts',(24.922199817726,36.1504710476538,13.2239202840767));
#4419=CARTESIAN_POINT('Ctrl Pts',(24.2033745292809,36.1464819907961,12.5051539695338));
#4420=CARTESIAN_POINT('Ctrl Pts',(22.5261156641108,36.1371470908366,10.8280323672768));
#4421=CARTESIAN_POINT('Ctrl Pts',(20.8488568216628,36.127807829854,9.15091073256913));
#4422=CARTESIAN_POINT('Ctrl Pts',(19.890423103736,36.1224890873771,8.19255564651196));
#4423=CARTESIAN_POINT('Ctrl Pts',(24.9014985994716,34.8962383516104,13.2534846876638));
#4424=CARTESIAN_POINT('Ctrl Pts',(24.1826458525629,34.8905995000691,12.534757587871));
#4425=CARTESIAN_POINT('Ctrl Pts',(22.505321511642,34.8774482489346,10.857729494677));
#4426=CARTESIAN_POINT('Ctrl Pts',(20.8279969671897,34.8642979744423,9.18070169215573));
#4427=CARTESIAN_POINT('Ctrl Pts',(19.8695266379781,34.8567795057205,8.22239889243198));
#4428=CARTESIAN_POINT('Ctrl Pts',(24.8869722621666,34.1678095313156,13.2742304473313));
#4429=CARTESIAN_POINT('Ctrl Pts',(24.1681045859845,34.1612112751202,12.5555246687505));
#4430=CARTESIAN_POINT('Ctrl Pts',(22.4907349107702,34.1457372711635,10.8785613196371));
#4431=CARTESIAN_POINT('Ctrl Pts',(20.8133633424774,34.1302507037538,9.20160067412007));
#4432=CARTESIAN_POINT('Ctrl Pts',(19.854873107568,34.1214530288266,8.24332630267899));
#4433=CARTESIAN_POINT('Ctrl Pts',(24.8638780665827,33.1962018866318,13.3072123767218));
#4434=CARTESIAN_POINT('Ctrl Pts',(24.1449592089427,33.1879317953767,12.588579692838));
#4435=CARTESIAN_POINT('Ctrl Pts',(22.4675028566029,33.1687662420547,10.9117401314887));
#4436=CARTESIAN_POINT('Ctrl Pts',(20.7900498807037,33.1496218217106,9.23489574808239));
#4437=CARTESIAN_POINT('Ctrl Pts',(19.8314914038505,33.1385950333704,8.27671883623731));
#4438=CARTESIAN_POINT('Ctrl Pts',(24.8197886793561,31.6378688504396,13.3701785472078));
#4439=CARTESIAN_POINT('Ctrl Pts',(24.1008119427824,31.6264183877411,12.651628523008));
#4440=CARTESIAN_POINT('Ctrl Pts',(22.4231847819337,31.5996394593266,10.9750329014902));
#4441=CARTESIAN_POINT('Ctrl Pts',(20.7455552434151,31.5728506855071,9.29844067563692));
#4442=CARTESIAN_POINT('Ctrl Pts',(19.78691959465,31.5575834019091,8.34037397670386));
#4443=CARTESIAN_POINT('Ctrl Pts',(24.7169235986449,29.6299005450279,13.5170851071889));
#4444=CARTESIAN_POINT('Ctrl Pts',(23.9974786601591,29.6093253136069,12.7992037446166));
#4445=CARTESIAN_POINT('Ctrl Pts',(22.3187876962416,29.5612942089689,11.124127391331));
#4446=CARTESIAN_POINT('Ctrl Pts',(20.6400989679083,29.5132595268744,9.4490478453004));
#4447=CARTESIAN_POINT('Ctrl Pts',(19.6808390499272,29.4858258849797,8.49187269520395));
#4448=CARTESIAN_POINT('Ctrl Pts',(24.5584979053256,27.6959257830819,13.7433404453196));
#4449=CARTESIAN_POINT('Ctrl Pts',(23.8384975133674,27.6687163421746,13.0262523525168));
#4450=CARTESIAN_POINT('Ctrl Pts',(22.1585378120091,27.6054105796364,11.3529879440783));
#4451=CARTESIAN_POINT('Ctrl Pts',(20.4785847426664,27.5421342545983,9.67971406414008));
#4452=CARTESIAN_POINT('Ctrl Pts',(19.5185842200553,27.5058550000552,8.72359660706967));
#4453=CARTESIAN_POINT('Ctrl Pts',(24.4354975970099,26.4744887491559,13.9190030904693));
#4454=CARTESIAN_POINT('Ctrl Pts',(23.7148790362399,26.4408334903879,13.2027978342229));
#4455=CARTESIAN_POINT('Ctrl Pts',(22.0334443398686,26.3621977331628,11.5316399369722));
#4456=CARTESIAN_POINT('Ctrl Pts',(20.3520110293522,26.2835447864847,9.86048006051564));
#4457=CARTESIAN_POINT('Ctrl Pts',(19.3911862816588,26.2386711081273,8.90553971885373));
#4458=CARTESIAN_POINT('Ctrl Pts',(24.3269806007101,25.6285280388297,14.0739814224326));
#4459=CARTESIAN_POINT('Ctrl Pts',(23.6055024095043,25.5881338635177,13.3590038456795));
#4460=CARTESIAN_POINT('Ctrl Pts',(21.9221087514084,25.4940953041549,11.690643635711));
#4461=CARTESIAN_POINT('Ctrl Pts',(20.2387240170664,25.4000912646904,10.0222706813014));
#4462=CARTESIAN_POINT('Ctrl Pts',(19.2767530954586,25.3462323642744,9.06896724563069));
#4463=CARTESIAN_POINT('Ctrl Pts',(24.2589122614309,25.1495323855638,14.1711930854963));
#4464=CARTESIAN_POINT('Ctrl Pts',(23.53696657205,25.1058299542146,13.4568831653302));
#4465=CARTESIAN_POINT('Ctrl Pts',(21.8524452570533,25.003855611193,11.790133416317));
#4466=CARTESIAN_POINT('Ctrl Pts',(20.1679269394897,24.901880945816,10.1233793865257));
#4467=CARTESIAN_POINT('Ctrl Pts',(19.2053326869817,24.8436110373504,9.17096615963762));
#4468=CARTESIAN_POINT('Ctrl Pts',(24.1961738587498,24.7337212980277,14.2607928102315));
#4469=CARTESIAN_POINT('Ctrl Pts',(23.4737954156063,24.6872664720942,13.5471009264889));
#4470=CARTESIAN_POINT('Ctrl Pts',(21.7883353869433,24.5790609908353,11.8816917995271));
#4471=CARTESIAN_POINT('Ctrl Pts',(20.102889788268,24.4708859415075,10.2162620644072));
#4472=CARTESIAN_POINT('Ctrl Pts',(19.1397185307432,24.4089461735962,9.26467288608371));
#4473=CARTESIAN_POINT('Ctrl Pts',(24.1006063334518,24.1418073858452,14.3972773809952));
#4474=CARTESIAN_POINT('Ctrl Pts',(23.3777390624409,24.0920643284434,13.6842836157969));
#4475=CARTESIAN_POINT('Ctrl Pts',(21.6910229744315,23.975968216499,12.0206683274871));
#4476=CARTESIAN_POINT('Ctrl Pts',(20.0043027364678,23.8598674414239,10.3570589659262));
#4477=CARTESIAN_POINT('Ctrl Pts',(19.0404797084533,23.7935433648881,9.40640061232851));
#4478=CARTESIAN_POINT('Ctrl Pts',(23.9924999548548,23.5243794780866,14.5516692901046));
#4479=CARTESIAN_POINT('Ctrl Pts',(23.2686403853494,23.4692302245916,13.8400926740233));
#4480=CARTESIAN_POINT('Ctrl Pts',(21.5797753140431,23.3407673137203,12.1795464519255));
#4481=CARTESIAN_POINT('Ctrl Pts',(19.8909328665708,23.2123395928573,10.5189679196442));
#4482=CARTESIAN_POINT('Ctrl Pts',(18.925786773897,23.138807254864,9.5701990982025));
#4483=CARTESIAN_POINT('Ctrl Pts',(23.83385711837,22.8016791301026,14.7782347408143));
#4484=CARTESIAN_POINT('Ctrl Pts',(23.106682583348,22.7299999896512,14.071392386128));
#4485=CARTESIAN_POINT('Ctrl Pts',(21.4099884889665,22.5628921557531,12.4220271677297));
#4486=CARTESIAN_POINT('Ctrl Pts',(19.7133018753109,22.3958074128305,10.7726512657477));
#4487=CARTESIAN_POINT('Ctrl Pts',(18.7437358286149,22.300235225562,9.83019479283262));
#4488=CARTESIAN_POINT('Ctrl Pts',(23.6539878867586,22.2121981828677,15.0351146254143));
#4489=CARTESIAN_POINT('Ctrl Pts',(22.9188242672904,22.1140899798692,14.3396818657555));
#4490=CARTESIAN_POINT('Ctrl Pts',(21.2033502051607,21.8850171322338,12.7171372208636));
#4491=CARTESIAN_POINT('Ctrl Pts',(19.4878612928232,21.6559195500725,11.0946137842663));
#4492=CARTESIAN_POINT('Ctrl Pts',(18.5076431335323,21.5251086127412,10.1673701047213));
#4493=CARTESIAN_POINT('Ctrl Pts',(23.4533098706717,21.7813845952198,15.3217125340858));
#4494=CARTESIAN_POINT('Ctrl Pts',(22.7096285031623,21.6648835923888,14.638444379314));
#4495=CARTESIAN_POINT('Ctrl Pts',(20.9748766288962,21.3939292031208,13.043431303399));
#4496=CARTESIAN_POINT('Ctrl Pts',(19.2402059627188,21.1231166297661,11.4483022503139));
#4497=CARTESIAN_POINT('Ctrl Pts',(18.2486308060396,20.9677819593248,10.5372780439516));
#4498=CARTESIAN_POINT('Ctrl Pts',(23.3121735744323,21.5436256369173,15.5232760542391));
#4499=CARTESIAN_POINT('Ctrl Pts',(22.5589186483887,21.410218531012,14.8536803580053));
#4500=CARTESIAN_POINT('Ctrl Pts',(20.8009673719255,21.0983073798433,13.2917994620957));
#4501=CARTESIAN_POINT('Ctrl Pts',(19.0429587358095,20.7862951865738,11.7300004842598));
#4502=CARTESIAN_POINT('Ctrl Pts',(18.0386188344181,20.6084190453667,10.8372062226148));
#4503=CARTESIAN_POINT('Ctrl Pts',(23.2160298313683,21.4205750220932,15.6605835492567));
#4504=CARTESIAN_POINT('Ctrl Pts',(22.4485828629151,21.2684406071193,15.0112561901018));
#4505=CARTESIAN_POINT('Ctrl Pts',(20.6581964566351,20.9138564500699,13.4956974601884));
#4506=CARTESIAN_POINT('Ctrl Pts',(18.8678620574582,20.5593360404637,11.9800644564345));
#4507=CARTESIAN_POINT('Ctrl Pts',(17.844599432854,20.3564901538319,11.1142946442279));
#4508=CARTESIAN_POINT('Ctrl Pts',(23.0963138784238,21.3161908326713,15.8315556488296));
#4509=CARTESIAN_POINT('Ctrl Pts',(22.3152401062047,21.1528877024175,15.2016893823112));
#4510=CARTESIAN_POINT('Ctrl Pts',(20.4929161316999,20.7718046819102,13.7317422267983));
#4511=CARTESIAN_POINT('Ctrl Pts',(18.670621363147,20.3907148411053,12.2617533608634));
#4512=CARTESIAN_POINT('Ctrl Pts',(17.629189666855,20.1729773341003,11.4219316721722));
#4513=CARTESIAN_POINT('Ctrl Pts',(22.997487663666,21.2567445234618,15.9726941104497));
#4514=CARTESIAN_POINT('Ctrl Pts',(22.207635263382,21.0881060559246,15.3553650241043));
#4515=CARTESIAN_POINT('Ctrl Pts',(20.3645801099665,20.6945382008463,13.9150250604301));
#4516=CARTESIAN_POINT('Ctrl Pts',(18.5215143005453,20.3009577783469,12.4747003151093));
#4517=CARTESIAN_POINT('Ctrl Pts',(17.4683777668332,20.0761064882974,11.6515948666486));
#4518=CARTESIAN_POINT('Ctrl Pts',(22.9548632247467,21.2372260271306,16.0335681179308));
#4519=CARTESIAN_POINT('Ctrl Pts',(22.158934628131,21.0656366607152,15.4249167392652));
#4520=CARTESIAN_POINT('Ctrl Pts',(20.301966603737,20.665255456085,14.004446414547));
#4521=CARTESIAN_POINT('Ctrl Pts',(18.4450305542452,20.2648732833096,12.5839304249359));
#4522=CARTESIAN_POINT('Ctrl Pts',(17.3837924254241,20.0360874614224,11.7723952533817));
#4523=CARTESIAN_POINT('Ctrl Pts',(22.9362572400918,21.2307692295385,16.0601402178293));
#4524=CARTESIAN_POINT('Ctrl Pts',(22.1359738467093,21.0576454829174,15.4577081334858));
#4525=CARTESIAN_POINT('Ctrl Pts',(20.2686459288167,20.6536900741348,14.0520332700176));
#4526=CARTESIAN_POINT('Ctrl Pts',(18.4013180109241,20.2497346653522,12.6463584065495));
#4527=CARTESIAN_POINT('Ctrl Pts',(17.3342734864141,20.0189030031908,11.8431156274248));
#4528=CARTESIAN_POINT('',(22.9362572400918,80.,16.0601402178293));
#4529=CARTESIAN_POINT('Ctrl Pts',(22.9362572400918,80.,16.0601402178293));
#4530=CARTESIAN_POINT('Ctrl Pts',(22.2161002440462,80.0287929640007,15.3432757788417));
#4531=CARTESIAN_POINT('Ctrl Pts',(20.8109477173005,80.0849730835303,13.9445476080281));
#4532=CARTESIAN_POINT('Ctrl Pts',(19.4057951905548,80.1411532030601,12.5458194372144));
#4533=CARTESIAN_POINT('Ctrl Pts',(18.7207996598548,80.1685403585891,11.8639557053884));
#4534=CARTESIAN_POINT('Ctrl Pts',(22.9362572400918,21.2307692295385,16.0601402178293));
#4535=CARTESIAN_POINT('Ctrl Pts',(22.9548632247467,21.2372260271306,16.0335681179308));
#4536=CARTESIAN_POINT('Ctrl Pts',(22.9761754442064,21.2469852752962,16.0031311141903));
#4537=CARTESIAN_POINT('Ctrl Pts',(22.9991848307809,21.2592956880302,15.9702703046175));
#4538=CARTESIAN_POINT('Ctrl Pts',(23.0221942173555,21.2716061007641,15.9374094950447));
#4539=CARTESIAN_POINT('Ctrl Pts',(23.0469007710449,21.2864676780665,15.9021248796397));
#4540=CARTESIAN_POINT('Ctrl Pts',(23.0713528703675,21.3033343422296,15.8672036627315));
#4541=CARTESIAN_POINT('Ctrl Pts',(23.1202570690127,21.3370676705557,15.7973612289151));
#4542=CARTESIAN_POINT('Ctrl Pts',(23.1681434501905,21.3788213463244,15.7289723890859));
#4543=CARTESIAN_POINT('Ctrl Pts',(23.2081105979567,21.4202066200128,15.6718933866683));
#4544=CARTESIAN_POINT('Ctrl Pts',(23.2480777457229,21.4615918937012,15.6148143842508));
#4545=CARTESIAN_POINT('Ctrl Pts',(23.2801256600776,21.5026087653093,15.569045219245));
#4546=CARTESIAN_POINT('Ctrl Pts',(23.3137916542849,21.5528370709011,15.5209651967228));
#4547=CARTESIAN_POINT('Ctrl Pts',(23.3474576484922,21.6030653764929,15.4728851742007));
#4548=CARTESIAN_POINT('Ctrl Pts',(23.382741722552,21.6625051160685,15.4224942941624));
#4549=CARTESIAN_POINT('Ctrl Pts',(23.4196429729977,21.7308525149621,15.3697938468921));
#4550=CARTESIAN_POINT('Ctrl Pts',(23.4934454738891,21.8675473127494,15.2643929523515));
#4551=CARTESIAN_POINT('Ctrl Pts',(23.5737166803239,22.0398727478085,15.1497537888829));
#4552=CARTESIAN_POINT('Ctrl Pts',(23.6498261298635,22.2439316547851,15.0410582302286));
#4553=CARTESIAN_POINT('Ctrl Pts',(23.7259355794032,22.4479905617616,14.9323626715743));
#4554=CARTESIAN_POINT('Ctrl Pts',(23.7978832720477,22.6837829406556,14.8296107177343));
#4555=CARTESIAN_POINT('Ctrl Pts',(23.8641705926585,22.9551004930827,14.7349426129317));
#4556=CARTESIAN_POINT('Ctrl Pts',(23.8973142529639,23.0907592692962,14.6876085605304));
#4557=CARTESIAN_POINT('Ctrl Pts',(23.9290428202609,23.235299338893,14.6422954703885));
#4558=CARTESIAN_POINT('Ctrl Pts',(23.9592040633419,23.3831117109374,14.5992207512014));
#4559=CARTESIAN_POINT('Ctrl Pts',(24.0195265495041,23.6787364550262,14.5130713128272));
#4560=CARTESIAN_POINT('Ctrl Pts',(24.0735797388026,23.9874504089056,14.4358753582725));
#4561=CARTESIAN_POINT('Ctrl Pts',(24.1234533103347,24.2876596975928,14.3646485164997));
#4562=CARTESIAN_POINT('Ctrl Pts',(24.1483900961008,24.4377643419365,14.3290350956133));
#4563=CARTESIAN_POINT('Ctrl Pts',(24.1722819774253,24.5857428199821,14.2949139529224));
#4564=CARTESIAN_POINT('Ctrl Pts',(24.1946843185344,24.7290339069276,14.2629200941211));
#4565=CARTESIAN_POINT('Ctrl Pts',(24.2170866596435,24.8723249938731,14.2309262353198));
#4566=CARTESIAN_POINT('Ctrl Pts',(24.2379994605372,25.0109286897184,14.201059660408));
#4567=CARTESIAN_POINT('Ctrl Pts',(24.256964403394,25.1401049942994,14.1739749150692));
#4568=CARTESIAN_POINT('Ctrl Pts',(24.2759293462507,25.2692812988803,14.1468901697304));
#4569=CARTESIAN_POINT('Ctrl Pts',(24.2929464310705,25.3890302121968,14.1225872539644));
#4570=CARTESIAN_POINT('Ctrl Pts',(24.309458630298,25.5091466644233,14.0990053895508));
#4571=CARTESIAN_POINT('Ctrl Pts',(24.3424830287529,25.7493795688763,14.0518416607235));
#4572=CARTESIAN_POINT('Ctrl Pts',(24.3734878848386,25.9910826289695,14.0075621373054));
#4573=CARTESIAN_POINT('Ctrl Pts',(24.4023578094501,26.23364713796,13.9663316120167));
#4574=CARTESIAN_POINT('Ctrl Pts',(24.4600976586731,26.7187761559411,13.8838705614393));
#4575=CARTESIAN_POINT('Ctrl Pts',(24.5092977819993,27.2073509695115,13.8136055033795));
#4576=CARTESIAN_POINT('Ctrl Pts',(24.5537010553274,27.6933852215399,13.7501910570832));
#4577=CARTESIAN_POINT('Ctrl Pts',(24.5981043286554,28.1794194735684,13.6867766107869));
#4578=CARTESIAN_POINT('Ctrl Pts',(24.6377107519853,28.6629131640549,13.6302127762542));
#4579=CARTESIAN_POINT('Ctrl Pts',(24.6720277327214,29.1397013914622,13.5812030486185));
#4580=CARTESIAN_POINT('Ctrl Pts',(24.7406616941936,30.0932778462767,13.4831835933471));
#4581=CARTESIAN_POINT('Ctrl Pts',(24.7881378852911,31.0200324487745,13.4153805656635));
#4582=CARTESIAN_POINT('Ctrl Pts',(24.8209302568619,31.878560283712,13.3685482055684));
#4583=CARTESIAN_POINT('Ctrl Pts',(24.8427918379091,32.4509121736703,13.3373266321716));
#4584=CARTESIAN_POINT('Ctrl Pts',(24.8581272769444,32.9929410558241,13.3154253554808));
#4585=CARTESIAN_POINT('Ctrl Pts',(24.8707075587118,33.4940789853874,13.2974588511504));
#4586=CARTESIAN_POINT('Ctrl Pts',(24.8754251643746,33.6820057089737,13.2907214120265));
#4587=CARTESIAN_POINT('Ctrl Pts',(24.8797553260466,33.8641821423519,13.2845373002658));
#4588=CARTESIAN_POINT('Ctrl Pts',(24.8838235212139,34.0463326151159,13.2787273154465));
#4589=CARTESIAN_POINT('Ctrl Pts',(24.8906038464928,34.3499167363893,13.2690440074144));
#4590=CARTESIAN_POINT('Ctrl Pts',(24.8966564870366,34.6534287448455,13.2603999408863));
#4591=CARTESIAN_POINT('Ctrl Pts',(24.9020848058834,34.9542267665989,13.2526474981453));
#4592=CARTESIAN_POINT('Ctrl Pts',(24.9064274609608,35.1948651840017,13.2464455439526));
#4593=CARTESIAN_POINT('Ctrl Pts',(24.9103705501521,35.4337666499147,13.2408142289836));
#4594=CARTESIAN_POINT('Ctrl Pts',(24.9139285465234,35.6715297375674,13.2357328835579));
#4595=CARTESIAN_POINT('Ctrl Pts',(24.9246025356373,36.3848190005256,13.2204888472809));
#4596=CARTESIAN_POINT('Ctrl Pts',(24.9318106893713,37.0878628591409,13.2101945368934));
#4597=CARTESIAN_POINT('Ctrl Pts',(24.934650813203,37.7807530883125,13.2061384197043));
#4598=CARTESIAN_POINT('Ctrl Pts',(24.9384376449785,38.704606727208,13.2007302634522));
#4599=CARTESIAN_POINT('Ctrl Pts',(24.934459090261,39.6104094693148,13.2064122284417));
#4600=CARTESIAN_POINT('Ctrl Pts',(24.9254098193754,40.4990145842734,13.2193359266195));
#4601=CARTESIAN_POINT('Ctrl Pts',(24.907311277604,42.2762248141905,13.2451833229752));
#4602=CARTESIAN_POINT('Ctrl Pts',(24.86892987116,43.9846445355151,13.2999976520841));
#4603=CARTESIAN_POINT('Ctrl Pts',(24.8230468246826,45.6414568562158,13.3655254334542));
#4604=CARTESIAN_POINT('Ctrl Pts',(24.8001053014439,46.4698630165661,13.3982893241392));
#4605=CARTESIAN_POINT('Ctrl Pts',(24.7752883681968,47.2853673267605,13.4337315778894));
#4606=CARTESIAN_POINT('Ctrl Pts',(24.7499907280997,48.0799868093528,13.4698603521694));
#4607=CARTESIAN_POINT('Ctrl Pts',(24.6740978078082,50.4638452571296,13.5782466750095));
#4608=CARTESIAN_POINT('Ctrl Pts',(24.5938785258663,52.6597402564879,13.6928116826171));
#4609=CARTESIAN_POINT('Ctrl Pts',(24.5037405367762,54.8540030081484,13.8215420720678));
#4610=CARTESIAN_POINT('Ctrl Pts',(24.4136025476862,57.0482657598088,13.9502724615186));
#4611=CARTESIAN_POINT('Ctrl Pts',(24.3135458514479,59.2408962637715,14.0931682328125));
#4612=CARTESIAN_POINT('Ctrl Pts',(24.1853540874739,61.6143517383341,14.2762450450127));
#4613=CARTESIAN_POINT('Ctrl Pts',(24.1533061464804,62.2077156069747,14.3220142480628));
#4614=CARTESIAN_POINT('Ctrl Pts',(24.1194997637534,62.8123810362779,14.3702947661695));
#4615=CARTESIAN_POINT('Ctrl Pts',(24.0846357222433,63.4322922473552,14.4200857775591));
#4616=CARTESIAN_POINT('Ctrl Pts',(24.0497716807332,64.0522034584325,14.4698767889487));
#4617=CARTESIAN_POINT('Ctrl Pts',(24.01384998044,64.687360451284,14.5211782936212));
#4618=CARTESIAN_POINT('Ctrl Pts',(23.9763001756083,65.3369941203251,14.5748049725451));
#4619=CARTESIAN_POINT('Ctrl Pts',(23.9387503707767,65.9866277893661,14.628431651469));
#4620=CARTESIAN_POINT('Ctrl Pts',(23.8995724614065,66.6507381345967,14.6843835046444));
#4621=CARTESIAN_POINT('Ctrl Pts',(23.8577996737612,67.3461284083907,14.744041228056));
#4622=CARTESIAN_POINT('Ctrl Pts',(23.8473564768499,67.5199759768392,14.7589556589089));
#4623=CARTESIAN_POINT('Ctrl Pts',(23.8367511000465,67.6957785408229,14.7741017066515));
#4624=CARTESIAN_POINT('Ctrl Pts',(23.8257071278271,67.8776969303876,14.7898741335631));
#4625=CARTESIAN_POINT('Ctrl Pts',(23.7925752111691,68.4234520990817,14.8371914142978));
#4626=CARTESIAN_POINT('Ctrl Pts',(23.7554959357683,69.0242496980047,14.8901461075529));
#4627=CARTESIAN_POINT('Ctrl Pts',(23.7154809276035,69.6539248114787,14.9472934617031));
#4628=CARTESIAN_POINT('Ctrl Pts',(23.6888042554937,70.0737082204615,14.9853916978033));
#4629=CARTESIAN_POINT('Ctrl Pts',(23.6608228132665,70.5063260803558,15.0253533387458));
#4630=CARTESIAN_POINT('Ctrl Pts',(23.6315107163935,70.9489138048863,15.0672153514684));
#4631=CARTESIAN_POINT('Ctrl Pts',(23.6021986195206,71.3915015294169,15.109077364191));
#4632=CARTESIAN_POINT('Ctrl Pts',(23.5715558680018,71.8440591185837,15.1528397486937));
#4633=CARTESIAN_POINT('Ctrl Pts',(23.5397397912585,72.3009971966161,15.198277815277));
#4634=CARTESIAN_POINT('Ctrl Pts',(23.4761076377719,73.2148733526808,15.2891539484436));
#4635=CARTESIAN_POINT('Ctrl Pts',(23.4077821833872,74.1462714642076,15.3867328099327));
#4636=CARTESIAN_POINT('Ctrl Pts',(23.3388319045575,75.0586918166037,15.4852040132077));
#4637=CARTESIAN_POINT('Ctrl Pts',(23.2698816257277,75.9711121689997,15.5836752164828));
#4638=CARTESIAN_POINT('Ctrl Pts',(23.2003065224529,76.864554762265,15.6830387615436));
#4639=CARTESIAN_POINT('Ctrl Pts',(23.1331008260277,77.7009380342207,15.779018442935));
#4640=CARTESIAN_POINT('Ctrl Pts',(23.0658951296025,78.5373213061765,15.8749981243263));
#4641=CARTESIAN_POINT('Ctrl Pts',(23.001058840027,79.3166452568228,15.9675939420481));
#4642=CARTESIAN_POINT('Ctrl Pts',(22.9362572400918,80.,16.0601402178293));
#4643=CARTESIAN_POINT('Origin',(-27.3892354309748,80.,-19.178149114569));
#4644=CARTESIAN_POINT('Ctrl Pts',(22.9362572400918,80.,16.0601402178293));
#4645=CARTESIAN_POINT('Ctrl Pts',(21.1412922309009,80.0561801195297,15.2181219668231));
#4646=CARTESIAN_POINT('Ctrl Pts',(19.34632722171,80.1123602390594,14.3761037158168));
#4647=CARTESIAN_POINT('Ctrl Pts',(17.5513622125191,80.1685403585891,13.5340854648106));
#4648=CARTESIAN_POINT('Ctrl Pts',(21.3345693088533,54.,18.3475876442505));
#4649=CARTESIAN_POINT('Ctrl Pts',(19.3167449661183,54.0265429260126,17.4056697194873));
#4650=CARTESIAN_POINT('Ctrl Pts',(17.2989206233833,54.0530858520253,16.463751794724));
#4651=CARTESIAN_POINT('Ctrl Pts',(15.2810962806483,54.0796287780379,15.5218338699608));
#4652=CARTESIAN_POINT('Ctrl Pts',(21.3687695542767,54.8666708002534,18.2987446319189));
#4653=CARTESIAN_POINT('Ctrl Pts',(19.3509753860066,54.8939437310467,17.3567836135538));
#4654=CARTESIAN_POINT('Ctrl Pts',(17.333176537561,54.9212020064872,16.414829279172));
#4655=CARTESIAN_POINT('Ctrl Pts',(15.3153823692908,54.9484749372806,15.472868260807));
#4656=CARTESIAN_POINT('Ctrl Pts',(21.4415924488399,56.6557343098166,18.1947427602032));
#4657=CARTESIAN_POINT('Ctrl Pts',(19.4238639639952,56.6847271948009,17.2526879361851));
#4658=CARTESIAN_POINT('Ctrl Pts',(17.4061227672676,56.7136491567975,16.3106512666171));
#4659=CARTESIAN_POINT('Ctrl Pts',(15.3883942824228,56.7426420417818,15.3685964425991));
#4660=CARTESIAN_POINT('Ctrl Pts',(21.552556463687,59.0307092246228,18.0362697235792));
#4661=CARTESIAN_POINT('Ctrl Pts',(19.5350224541768,59.0638567466167,17.0939371599997));
#4662=CARTESIAN_POINT('Ctrl Pts',(17.5174697752239,59.0968915063156,16.1516312591477));
#4663=CARTESIAN_POINT('Ctrl Pts',(15.4999357657137,59.1300390283095,15.2092986955682));
#4664=CARTESIAN_POINT('Ctrl Pts',(21.6532586063789,60.9766129430475,17.8924521592192));
#4665=CARTESIAN_POINT('Ctrl Pts',(19.6358520721347,61.0122018923505,16.9499375420925));
#4666=CARTESIAN_POINT('Ctrl Pts',(17.6184242490271,61.0476604272547,16.007453328614));
#4667=CARTESIAN_POINT('Ctrl Pts',(15.6010177147829,61.0832493765577,15.0649387114873));
#4668=CARTESIAN_POINT('Ctrl Pts',(21.7346479621782,62.482510358117,17.7762161129643));
#4669=CARTESIAN_POINT('Ctrl Pts',(19.7173127764115,62.5194214226656,16.8335995996518));
#4670=CARTESIAN_POINT('Ctrl Pts',(17.6999560375102,62.5562066003043,15.8910138674057));
#4671=CARTESIAN_POINT('Ctrl Pts',(15.6826208517435,62.5931176648528,14.9483973540932));
#4672=CARTESIAN_POINT('Ctrl Pts',(21.7964331267793,63.5899317423223,17.687977753293));
#4673=CARTESIAN_POINT('Ctrl Pts',(19.7791415773206,63.6276207456773,16.7452989208742));
#4674=CARTESIAN_POINT('Ctrl Pts',(17.7618268388746,63.6651679357662,15.8026532057616));
#4675=CARTESIAN_POINT('Ctrl Pts',(15.7445352894159,63.7028569391213,14.8599743733428));
#4676=CARTESIAN_POINT('Ctrl Pts',(21.8593350599019,64.6982329085295,17.5981444828837));
#4677=CARTESIAN_POINT('Ctrl Pts',(19.8420843468313,64.7366438816119,16.6554073300587));
#4678=CARTESIAN_POINT('Ctrl Pts',(17.8248117538022,64.7749387704565,15.7127014250528));
#4679=CARTESIAN_POINT('Ctrl Pts',(15.8075610407316,64.8133497435389,14.7699642722278));
#4680=CARTESIAN_POINT('Ctrl Pts',(21.9318800434263,65.9576267140981,17.4945395092643));
#4681=CARTESIAN_POINT('Ctrl Pts',(19.9146769407318,65.9968613052947,16.5517343617755));
#4682=CARTESIAN_POINT('Ctrl Pts',(17.8974492136109,66.0359487258366,15.6089643816123));
#4683=CARTESIAN_POINT('Ctrl Pts',(15.8802461109164,66.0751833170332,14.6661592341234));
#4684=CARTESIAN_POINT('Ctrl Pts',(22.0262298476044,67.5485523014856,17.3597940244907));
#4685=CARTESIAN_POINT('Ctrl Pts',(20.0090934571779,67.5889186077028,16.4168936020095));
#4686=CARTESIAN_POINT('Ctrl Pts',(17.9919309987058,67.6291406663638,15.4740304085555));
#4687=CARTESIAN_POINT('Ctrl Pts',(15.9747946082793,67.669506972581,14.5311299860742));
#4688=CARTESIAN_POINT('Ctrl Pts',(22.1179141326162,69.0379972687494,17.2288552956016));
#4689=CARTESIAN_POINT('Ctrl Pts',(20.1008671981753,69.0798165632546,16.2858271167327));
#4690=CARTESIAN_POINT('Ctrl Pts',(18.0837922428973,69.1214708034277,15.3428389557666));
#4691=CARTESIAN_POINT('Ctrl Pts',(16.0667453084565,69.1632900979328,14.3998107768976));
#4692=CARTESIAN_POINT('Ctrl Pts',(22.2130765940189,70.5413295761004,17.0929492160326));
#4693=CARTESIAN_POINT('Ctrl Pts',(20.1961434326387,70.5849542655194,16.1497585523939));
#4694=CARTESIAN_POINT('Ctrl Pts',(18.1791835183946,70.6284324979768,15.2066060958045));
#4695=CARTESIAN_POINT('Ctrl Pts',(16.1622503570144,70.6720571873958,14.2634154321658));
#4696=CARTESIAN_POINT('Ctrl Pts',(22.3145785514426,72.0535177373651,16.9479893978576));
#4697=CARTESIAN_POINT('Ctrl Pts',(20.2978144402007,72.0996720936127,16.0045573056008));
#4698=CARTESIAN_POINT('Ctrl Pts',(18.2810202436174,72.1456630313584,15.0611681796644));
#4699=CARTESIAN_POINT('Ctrl Pts',(16.2642561323756,72.1918173876061,14.1177360874076));
#4700=CARTESIAN_POINT('Ctrl Pts',(22.4137530558292,73.44774261549,16.8063535270982));
#4701=CARTESIAN_POINT('Ctrl Pts',(20.3971568922008,73.4962516682361,15.862681580792));
#4702=CARTESIAN_POINT('Ctrl Pts',(18.380533198697,73.5446059648409,14.9190489512225));
#4703=CARTESIAN_POINT('Ctrl Pts',(16.3639370350685,73.593115017587,13.9753770049164));
#4704=CARTESIAN_POINT('Ctrl Pts',(22.5424876484917,75.1917877186536,16.6225014751885));
#4705=CARTESIAN_POINT('Ctrl Pts',(20.5260709990459,75.2427253699684,15.6785731560602));
#4706=CARTESIAN_POINT('Ctrl Pts',(18.5096099639914,75.293403298759,14.7347082261505));
#4707=CARTESIAN_POINT('Ctrl Pts',(16.4931933145457,75.3443409500738,13.7907799070222));
#4708=CARTESIAN_POINT('Ctrl Pts',(22.7322216092141,77.6459565596295,16.3515332973715));
#4709=CARTESIAN_POINT('Ctrl Pts',(20.7159521499423,77.698773236061,15.4073947688897));
#4710=CARTESIAN_POINT('Ctrl Pts',(18.6997013491855,77.7517374449275,14.4632295932868));
#4711=CARTESIAN_POINT('Ctrl Pts',(16.6834318899137,77.8045541213589,13.519091064805));
#4712=CARTESIAN_POINT('Ctrl Pts',(22.8752913649941,79.3570942698692,16.1472085108294));
#4713=CARTESIAN_POINT('Ctrl Pts',(20.8593679553655,79.414255368626,15.2025757722393));
#4714=CARTESIAN_POINT('Ctrl Pts',(18.8433344909521,79.4707151654108,14.2581002081708));
#4715=CARTESIAN_POINT('Ctrl Pts',(16.8274110813234,79.5278762641676,13.3134674695808));
#4716=CARTESIAN_POINT('Ctrl Pts',(22.9362572400918,80.,16.0601402178293));
#4717=CARTESIAN_POINT('Ctrl Pts',(20.9208804739926,80.0630787269039,15.1147267913724));
#4718=CARTESIAN_POINT('Ctrl Pts',(18.9055037078933,80.1261574538078,14.1693133649154));
#4719=CARTESIAN_POINT('Ctrl Pts',(16.8901269417941,80.1892361807117,13.2238999384585));
#4720=CARTESIAN_POINT('',(21.3345693088532,54.,18.3475876442505));
#4721=CARTESIAN_POINT('Ctrl Pts',(21.3345693088533,54.,18.3475876442505));
#4722=CARTESIAN_POINT('Ctrl Pts',(19.3167449661183,54.0265429260126,17.4056697194873));
#4723=CARTESIAN_POINT('Ctrl Pts',(17.2989206233833,54.0530858520253,16.463751794724));
#4724=CARTESIAN_POINT('Ctrl Pts',(15.2810962806483,54.0796287780379,15.5218338699608));
#4725=CARTESIAN_POINT('Ctrl Pts',(22.9362572400918,80.,16.0601402178293));
#4726=CARTESIAN_POINT('Ctrl Pts',(22.8752913649941,79.3570942698692,16.1472085108294));
#4727=CARTESIAN_POINT('Ctrl Pts',(22.8037564871041,78.5015254147494,16.2493709041005));
#4728=CARTESIAN_POINT('Ctrl Pts',(22.7300422560146,77.5829072189943,16.3546457362994));
#4729=CARTESIAN_POINT('Ctrl Pts',(22.6563280249252,76.6642890232392,16.4599205684983));
#4730=CARTESIAN_POINT('Ctrl Pts',(22.5804344406362,75.6826214868488,16.5683078396251));
#4731=CARTESIAN_POINT('Ctrl Pts',(22.5122250483191,74.7740506069974,16.6657209473039));
#4732=CARTESIAN_POINT('Ctrl Pts',(22.4781203521605,74.3197651670718,16.7144275011433));
#4733=CARTESIAN_POINT('Ctrl Pts',(22.4459367039949,73.8837538912809,16.7603905141207));
#4734=CARTESIAN_POINT('Ctrl Pts',(22.4174480668637,73.4914701436198,16.8010765044544));
#4735=CARTESIAN_POINT('Ctrl Pts',(22.3889594297326,73.0991863959587,16.841762494788));
#4736=CARTESIAN_POINT('Ctrl Pts',(22.3641658036359,72.7506301764275,16.8771714624779));
#4737=CARTESIAN_POINT('Ctrl Pts',(22.3391782231195,72.3922436833013,16.9128574257857));
#4738=CARTESIAN_POINT('Ctrl Pts',(22.2892030620866,71.6754706970489,16.9842293524014));
#4739=CARTESIAN_POINT('Ctrl Pts',(22.2384520833748,70.9193766164166,17.0567092614889));
#4740=CARTESIAN_POINT('Ctrl Pts',(22.1898142700033,70.1662344870888,17.1261712577077));
#4741=CARTESIAN_POINT('Ctrl Pts',(22.1654953633175,69.7896634224249,17.1609022558171));
#4742=CARTESIAN_POINT('Ctrl Pts',(22.1417047479668,69.413830345587,17.1948787757094));
#4743=CARTESIAN_POINT('Ctrl Pts',(22.118348904665,69.0397331862601,17.2282343767667));
#4744=CARTESIAN_POINT('Ctrl Pts',(22.0949930613632,68.6656360269333,17.2615899778239));
#4745=CARTESIAN_POINT('Ctrl Pts',(22.0720719901103,68.2932747851174,17.2943246600462));
#4746=CARTESIAN_POINT('Ctrl Pts',(22.0498024015581,67.9271876174337,17.3261289285479));
#4747=CARTESIAN_POINT('Ctrl Pts',(22.0052632244537,67.1950132820661,17.3897374655515));
#4748=CARTESIAN_POINT('Ctrl Pts',(21.9633299781523,66.4879352432272,17.4496243476731));
#4749=CARTESIAN_POINT('Ctrl Pts',(21.9246314487305,65.8250749964195,17.5048915753308));
#4750=CARTESIAN_POINT('Ctrl Pts',(21.8956075516641,65.3279298113138,17.546341996074));
#4751=CARTESIAN_POINT('Ctrl Pts',(21.8684031828424,64.8556571342256,17.5851938611813));
#4752=CARTESIAN_POINT('Ctrl Pts',(21.8439109219463,64.4258792619578,17.6201724347607));
#4753=CARTESIAN_POINT('Ctrl Pts',(21.8357468349809,64.2826199712018,17.6318319592872));
#4754=CARTESIAN_POINT('Ctrl Pts',(21.8278840933406,64.1440823254259,17.6430611180884));
#4755=CARTESIAN_POINT('Ctrl Pts',(21.8202208963706,64.0086428447117,17.6540052975664));
#4756=CARTESIAN_POINT('Ctrl Pts',(21.7895681084903,63.466884921855,17.6977820154787));
#4757=CARTESIAN_POINT('Ctrl Pts',(21.7621080353343,62.974697639986,17.7369990642215));
#4758=CARTESIAN_POINT('Ctrl Pts',(21.734813106123,62.4776210965399,17.7759802629687));
#4759=CARTESIAN_POINT('Ctrl Pts',(21.7075181769118,61.9805445530938,17.8149614617159));
#4760=CARTESIAN_POINT('Ctrl Pts',(21.6803883916453,61.4785787480707,17.8537068104675));
#4761=CARTESIAN_POINT('Ctrl Pts',(21.6542357311756,60.984357880756,17.8910566803884));
#4762=CARTESIAN_POINT('Ctrl Pts',(21.6280830707059,60.4901370134413,17.9284065503092));
#4763=CARTESIAN_POINT('Ctrl Pts',(21.6029075350329,60.0036610838351,17.9643609413992));
#4764=CARTESIAN_POINT('Ctrl Pts',(21.5787262435945,59.5210121364439,17.9988954045675));
#4765=CARTESIAN_POINT('Ctrl Pts',(21.5303636607176,58.5557142416616,18.067964330904));
#4766=CARTESIAN_POINT('Ctrl Pts',(21.4859780547788,57.6057242757392,18.1313535455536));
#4767=CARTESIAN_POINT('Ctrl Pts',(21.4455795281686,56.6834634153872,18.1890486208073));
#4768=CARTESIAN_POINT('Ctrl Pts',(21.4051810015584,55.7612025550351,18.246743696061));
#4769=CARTESIAN_POINT('Ctrl Pts',(21.3687695542767,54.8666708002534,18.2987446319189));
#4770=CARTESIAN_POINT('Ctrl Pts',(21.3345693088533,54.,18.3475876442505));
#4771=CARTESIAN_POINT('Origin',(-28.9909233622133,54.,-16.8907016881478));
#4772=CARTESIAN_POINT('',(13.5448612915082,54.,14.7151871409711));
#4773=CARTESIAN_POINT('',(-35.2043845255264,54.,-8.01695951279265));
#4774=CARTESIAN_POINT('',(13.8393796224602,53.0095515170376,14.4385446519182));
#4775=CARTESIAN_POINT('Ctrl Pts',(13.8393796224603,53.0095515170378,14.438544651918));
#4776=CARTESIAN_POINT('Ctrl Pts',(13.7560044878584,53.1291097992788,14.5184599180786));
#4777=CARTESIAN_POINT('Ctrl Pts',(13.6831745624933,53.2749785125463,14.5868291145565));
#4778=CARTESIAN_POINT('Ctrl Pts',(13.5741038264133,53.6149103117228,14.6884312688247));
#4779=CARTESIAN_POINT('Ctrl Pts',(13.5448612915082,53.8132505882183,14.7151871409711));
#4780=CARTESIAN_POINT('Ctrl Pts',(13.5448612915082,53.9999999999998,14.7151871409711));
#4781=CARTESIAN_POINT('',(21.3345693088532,54.,18.3475876442505));
#4782=CARTESIAN_POINT('Origin',(0.,81.,0.));
#4783=CARTESIAN_POINT('Origin',(0.,81.,0.));
#4784=CARTESIAN_POINT('',(0.500000000000012,81.,-19.9937490231322));
#4785=CARTESIAN_POINT('Origin',(0.,81.,0.));
#4786=CARTESIAN_POINT('',(0.5,85.,-15.9921855917195));
#4787=CARTESIAN_POINT('Ctrl Pts',(0.5,81.,-19.9937490231322));
#4788=CARTESIAN_POINT('Ctrl Pts',(0.5,81.2467986245844,-19.9937490231322));
#4789=CARTESIAN_POINT('Ctrl Pts',(0.5,81.5163338789851,-19.969394345578));
#4790=CARTESIAN_POINT('Ctrl Pts',(0.5,82.0442017541783,-19.8643748937629));
#4791=CARTESIAN_POINT('Ctrl Pts',(0.5,82.3025344023684,-19.7837102572122));
#4792=CARTESIAN_POINT('Ctrl Pts',(0.5,82.7585836530765,-19.5947754787278));
#4793=CARTESIAN_POINT('Ctrl Pts',(0.5,82.9983116049812,-19.4690921244294));
#4794=CARTESIAN_POINT('Ctrl Pts',(0.5,83.4458629416533,-19.1699854535996));
#4795=CARTESIAN_POINT('Ctrl Pts',(0.5,83.6536865490879,-18.9965624702437));
#4796=CARTESIAN_POINT('Ctrl Pts',(0.5,84.0027759435511,-18.6474035105492));
#4797=CARTESIAN_POINT('Ctrl Pts',(0.5,84.1761944869045,-18.4394915416658));
#4798=CARTESIAN_POINT('Ctrl Pts',(0.5,84.475281695459,-17.991768521976));
#4799=CARTESIAN_POINT('Ctrl Pts',(0.5,84.6009508418742,-17.7519577926296));
#4800=CARTESIAN_POINT('Ctrl Pts',(0.5,84.7899115678838,-17.2956659452971));
#4801=CARTESIAN_POINT('Ctrl Pts',(0.5,84.8705986978477,-17.0371402085082));
#4802=CARTESIAN_POINT('Ctrl Pts',(0.5,84.9756426426454,-16.5088864003311));
#4803=CARTESIAN_POINT('Ctrl Pts',(0.5,85.,-16.2391584368239));
#4804=CARTESIAN_POINT('Ctrl Pts',(0.5,85.,-15.9921855917195));
#4805=CARTESIAN_POINT('',(-0.5,85.,-15.9921855917195));
#4806=CARTESIAN_POINT('Origin',(0.,85.,0.));
#4807=CARTESIAN_POINT('',(-0.500000000000001,81.,-19.9937490231322));
#4808=CARTESIAN_POINT('Ctrl Pts',(-0.5,85.,-15.9921855917195));
#4809=CARTESIAN_POINT('Ctrl Pts',(-0.5,85.,-16.2391584368239));
#4810=CARTESIAN_POINT('Ctrl Pts',(-0.5,84.9756426426454,-16.5088864003311));
#4811=CARTESIAN_POINT('Ctrl Pts',(-0.5,84.8705986978477,-17.0371402085082));
#4812=CARTESIAN_POINT('Ctrl Pts',(-0.5,84.7899115678838,-17.2956659452971));
#4813=CARTESIAN_POINT('Ctrl Pts',(-0.5,84.6009508418742,-17.7519577926296));
#4814=CARTESIAN_POINT('Ctrl Pts',(-0.5,84.475281695459,-17.991768521976));
#4815=CARTESIAN_POINT('Ctrl Pts',(-0.5,84.1761944869045,-18.4394915416658));
#4816=CARTESIAN_POINT('Ctrl Pts',(-0.5,84.0027759435511,-18.6474035105492));
#4817=CARTESIAN_POINT('Ctrl Pts',(-0.5,83.6536865490879,-18.9965624702437));
#4818=CARTESIAN_POINT('Ctrl Pts',(-0.5,83.4458629416533,-19.1699854535996));
#4819=CARTESIAN_POINT('Ctrl Pts',(-0.5,82.9983116049812,-19.4690921244294));
#4820=CARTESIAN_POINT('Ctrl Pts',(-0.5,82.7585836530765,-19.5947754787278));
#4821=CARTESIAN_POINT('Ctrl Pts',(-0.5,82.3025344023684,-19.7837102572122));
#4822=CARTESIAN_POINT('Ctrl Pts',(-0.5,82.0442017541783,-19.8643748937629));
#4823=CARTESIAN_POINT('Ctrl Pts',(-0.5,81.5163338789851,-19.969394345578));
#4824=CARTESIAN_POINT('Ctrl Pts',(-0.5,81.2467986245844,-19.9937490231322));
#4825=CARTESIAN_POINT('Ctrl Pts',(-0.5,81.,-19.9937490231322));
#4826=CARTESIAN_POINT('Origin',(0.,81.,0.));
#4827=CARTESIAN_POINT('Origin',(-0.5,28.4065862824873,-45.3330045835787));
#4828=CARTESIAN_POINT('',(-0.5,85.,-10.988630487918));
#4829=CARTESIAN_POINT('',(-0.5,85.,-10.988630487918));
#4830=CARTESIAN_POINT('',(-0.5,0.,-10.988630487918));
#4831=CARTESIAN_POINT('',(-0.5,40.,-10.988630487918));
#4832=CARTESIAN_POINT('',(-0.5,11.6189500386223,-19.9937490231322));
#4833=CARTESIAN_POINT('Ctrl Pts',(-0.5,11.6189500386223,-19.9937490231322));
#4834=CARTESIAN_POINT('Ctrl Pts',(-0.5,10.8786176246281,-19.9937490231322));
#4835=CARTESIAN_POINT('Ctrl Pts',(-0.5,10.0700801104432,-19.9206976816611));
#4836=CARTESIAN_POINT('Ctrl Pts',(-0.5,8.48660540322543,-19.6056908707741));
#4837=CARTESIAN_POINT('Ctrl Pts',(-0.5,7.71166817400697,-19.3637355832558));
#4838=CARTESIAN_POINT('Ctrl Pts',(-0.5,6.34362572127798,-18.7970169019239));
#4839=CARTESIAN_POINT('Ctrl Pts',(-0.5,5.62449511271124,-18.4200219945904));
#4840=CARTESIAN_POINT('Ctrl Pts',(-0.5,4.28193620851877,-17.5228214811994));
#4841=CARTESIAN_POINT('Ctrl Pts',(-0.5,3.65850752720026,-17.0026164522876));
#4842=CARTESIAN_POINT('Ctrl Pts',(-0.5,2.61123030276832,-15.9551790328534));
#4843=CARTESIAN_POINT('Ctrl Pts',(-0.5,2.09094060689706,-15.3314085761051));
#4844=CARTESIAN_POINT('Ctrl Pts',(-0.5,1.19364128145177,-13.9881501795602));
#4845=CARTESIAN_POINT('Ctrl Pts',(-0.5,0.816630154837402,-13.2686632397903));
#4846=CARTESIAN_POINT('Ctrl Pts',(-0.5,0.328719627010313,-12.0904178541141));
#4847=CARTESIAN_POINT('Ctrl Pts',(-0.5,0.144666909601155,-11.5495027326199));
#4848=CARTESIAN_POINT('Ctrl Pts',(-0.5,-5.89805981832114E-16,-10.988630487918));
#4849=CARTESIAN_POINT('',(-0.500000000000001,80.,-19.9937490231322));
#4850=CARTESIAN_POINT('',(-0.5,26.35,-15.5));
#4851=CARTESIAN_POINT('Origin',(-0.5,28.,-15.5));
#4852=CARTESIAN_POINT('',(-0.5,56.35,-15.5));
#4853=CARTESIAN_POINT('Origin',(-0.5,58.,-15.5));
#4854=CARTESIAN_POINT('',(-0.5,10.35,-15.5));
#4855=CARTESIAN_POINT('Origin',(-0.5,12.,-15.5));
#4856=CARTESIAN_POINT('',(-0.5,68.35,-15.5));
#4857=CARTESIAN_POINT('Origin',(-0.5,70.,-15.5));
#4858=CARTESIAN_POINT('Origin',(2.22044604925031E-15,85.,0.00312548843389493));
#4859=CARTESIAN_POINT('',(0.49999999999999,85.,-10.988630487918));
#4860=CARTESIAN_POINT('',(0.5,85.,-19.9937490231322));
#4861=CARTESIAN_POINT('',(0.499999999999998,85.,10.988630487918));
#4862=CARTESIAN_POINT('Origin',(2.22044604925031E-15,85.,-2.22044604925031E-15));
#4863=CARTESIAN_POINT('',(0.5,85.,15.));
#4864=CARTESIAN_POINT('',(0.499999999999998,85.,10.988630487918));
#4865=CARTESIAN_POINT('',(-0.5,85.,15.));
#4866=CARTESIAN_POINT('',(0.5,85.,15.));
#4867=CARTESIAN_POINT('',(-0.499999999999979,85.,10.988630487918));
#4868=CARTESIAN_POINT('',(-0.5,85.,15.));
#4869=CARTESIAN_POINT('Origin',(2.22044604925031E-15,85.,-2.22044604925031E-15));
#4870=CARTESIAN_POINT('Origin',(22.9362572400918,30.,16.0601402178293));
#4871=CARTESIAN_POINT('',(15.5275266129218,30.9975292220082,12.6053923891724));
#4872=CARTESIAN_POINT('Origin',(0.,33.4694777459504,0.));
#4873=CARTESIAN_POINT('',(22.9362572400918,30.,16.0601402178293));
#4874=CARTESIAN_POINT('',(22.9362572400918,30.,16.0601402178293));
#4875=CARTESIAN_POINT('',(21.6285960963525,30.176066625851,15.450367812232));
#4876=CARTESIAN_POINT('Origin',(22.9362572400918,54.,16.0601402178293));
#4877=CARTESIAN_POINT('',(15.5275266129218,53.0487112934225,12.6053923891724));
#4878=CARTESIAN_POINT('',(15.5275266129218,-3379.05249806889,12.6053923891724));
#4879=CARTESIAN_POINT('',(22.9362572400918,54.,16.0601402178293));
#4880=CARTESIAN_POINT('',(22.9362572400918,43.8794732410115,16.0601402178293));
#4881=CARTESIAN_POINT('',(22.7194565193701,53.9721625623094,15.9590443814633));
#4882=CARTESIAN_POINT('Origin',(21.3345693088532,54.,18.3475876442505));
#4883=CARTESIAN_POINT('Origin',(0.,50.6913500631089,0.));
#4884=CARTESIAN_POINT('',(22.9362572400918,54.,16.0601402178293));
#4885=CARTESIAN_POINT('Origin',(22.9362572400918,45.758946482023,16.0601402178293));
#4886=CARTESIAN_POINT('Origin',(0.,-3379.05249806889,0.));
#4887=CARTESIAN_POINT('',(16.3830408857798,30.,11.4715287270209));
#4888=CARTESIAN_POINT('Origin',(0.,30.,0.));
#4889=CARTESIAN_POINT('',(16.3830408857798,54.,11.4715287270209));
#4890=CARTESIAN_POINT('Origin',(0.,54.,0.));
#4891=CARTESIAN_POINT('',(16.3830408857798,40.,11.4715287270209));
#4892=CARTESIAN_POINT('Origin',(-22.9362572400918,30.,16.0601402178293));
#4893=CARTESIAN_POINT('',(-15.5275266129218,30.9975292220082,12.6053923891724));
#4894=CARTESIAN_POINT('Origin',(0.,33.4694777459503,0.));
#4895=CARTESIAN_POINT('',(-22.9362572400918,30.,16.0601402178293));
#4896=CARTESIAN_POINT('',(-21.6285960963525,30.176066625851,15.450367812232));
#4897=CARTESIAN_POINT('',(-22.9362572400918,30.,16.0601402178293));
#4898=CARTESIAN_POINT('Origin',(-22.9362572400918,54.,16.0601402178293));
#4899=CARTESIAN_POINT('',(-15.5275266129218,53.0487112934225,12.6053923891724));
#4900=CARTESIAN_POINT('',(-15.5275266129218,40.,12.6053923891724));
#4901=CARTESIAN_POINT('',(-22.9362572400918,54.,16.0601402178293));
#4902=CARTESIAN_POINT('',(-22.7194565193701,53.9721625623094,15.9590443814633));
#4903=CARTESIAN_POINT('',(-22.9362572400918,43.8794732410115,16.0601402178293));
#4904=CARTESIAN_POINT('Origin',(-21.3345693088532,54.,18.3475876442505));
#4905=CARTESIAN_POINT('Origin',(0.,50.6913500631088,0.));
#4906=CARTESIAN_POINT('',(-21.3345693088532,54.,18.3475876442505));
#4907=CARTESIAN_POINT('',(-21.3345693088532,54.,18.3475876442505));
#4908=CARTESIAN_POINT('',(-22.9362572400918,54.,16.0601402178293));
#4909=CARTESIAN_POINT('Origin',(28.9909233622133,54.,-16.8907016881478));
#4910=CARTESIAN_POINT('Ctrl Pts',(-21.3345693088533,54.,18.3475876442505));
#4911=CARTESIAN_POINT('Ctrl Pts',(-19.3167449661183,54.0265429260126,17.4056697194873));
#4912=CARTESIAN_POINT('Ctrl Pts',(-17.2989206233833,54.0530858520253,16.463751794724));
#4913=CARTESIAN_POINT('Ctrl Pts',(-15.2810962806483,54.0796287780379,15.5218338699608));
#4914=CARTESIAN_POINT('Ctrl Pts',(-21.3345693088533,54.,18.3475876442505));
#4915=CARTESIAN_POINT('Ctrl Pts',(-19.3167449661183,54.0265429260126,17.4056697194873));
#4916=CARTESIAN_POINT('Ctrl Pts',(-17.2989206233833,54.0530858520253,16.463751794724));
#4917=CARTESIAN_POINT('Ctrl Pts',(-15.2810962806483,54.0796287780379,15.5218338699608));
#4918=CARTESIAN_POINT('Ctrl Pts',(-21.3687695542767,54.8666708002534,18.2987446319189));
#4919=CARTESIAN_POINT('Ctrl Pts',(-19.3509753860066,54.8939437310467,17.3567836135538));
#4920=CARTESIAN_POINT('Ctrl Pts',(-17.333176537561,54.9212020064872,16.414829279172));
#4921=CARTESIAN_POINT('Ctrl Pts',(-15.3153823692908,54.9484749372806,15.472868260807));
#4922=CARTESIAN_POINT('Ctrl Pts',(-21.4415924488399,56.6557343098166,18.1947427602032));
#4923=CARTESIAN_POINT('Ctrl Pts',(-19.4238639639952,56.6847271948009,17.2526879361851));
#4924=CARTESIAN_POINT('Ctrl Pts',(-17.4061227672676,56.7136491567975,16.3106512666171));
#4925=CARTESIAN_POINT('Ctrl Pts',(-15.3883942824228,56.7426420417818,15.3685964425991));
#4926=CARTESIAN_POINT('Ctrl Pts',(-21.552556463687,59.0307092246228,18.0362697235792));
#4927=CARTESIAN_POINT('Ctrl Pts',(-19.5350224541768,59.0638567466167,17.0939371599997));
#4928=CARTESIAN_POINT('Ctrl Pts',(-17.5174697752239,59.0968915063156,16.1516312591477));
#4929=CARTESIAN_POINT('Ctrl Pts',(-15.4999357657137,59.1300390283095,15.2092986955682));
#4930=CARTESIAN_POINT('Ctrl Pts',(-21.6532586063789,60.9766129430475,17.8924521592192));
#4931=CARTESIAN_POINT('Ctrl Pts',(-19.6358520721347,61.0122018923505,16.9499375420925));
#4932=CARTESIAN_POINT('Ctrl Pts',(-17.6184242490271,61.0476604272547,16.007453328614));
#4933=CARTESIAN_POINT('Ctrl Pts',(-15.6010177147829,61.0832493765577,15.0649387114873));
#4934=CARTESIAN_POINT('Ctrl Pts',(-21.7346479621782,62.482510358117,17.7762161129643));
#4935=CARTESIAN_POINT('Ctrl Pts',(-19.7173127764115,62.5194214226656,16.8335995996518));
#4936=CARTESIAN_POINT('Ctrl Pts',(-17.6999560375102,62.5562066003043,15.8910138674057));
#4937=CARTESIAN_POINT('Ctrl Pts',(-15.6826208517435,62.5931176648528,14.9483973540932));
#4938=CARTESIAN_POINT('Ctrl Pts',(-21.7964331267793,63.5899317423223,17.687977753293));
#4939=CARTESIAN_POINT('Ctrl Pts',(-19.7791415773206,63.6276207456773,16.7452989208742));
#4940=CARTESIAN_POINT('Ctrl Pts',(-17.7618268388746,63.6651679357662,15.8026532057616));
#4941=CARTESIAN_POINT('Ctrl Pts',(-15.7445352894159,63.7028569391213,14.8599743733428));
#4942=CARTESIAN_POINT('Ctrl Pts',(-21.8593350599019,64.6982329085295,17.5981444828837));
#4943=CARTESIAN_POINT('Ctrl Pts',(-19.8420843468313,64.7366438816119,16.6554073300587));
#4944=CARTESIAN_POINT('Ctrl Pts',(-17.8248117538022,64.7749387704565,15.7127014250528));
#4945=CARTESIAN_POINT('Ctrl Pts',(-15.8075610407316,64.8133497435389,14.7699642722278));
#4946=CARTESIAN_POINT('Ctrl Pts',(-21.9318800434263,65.9576267140981,17.4945395092643));
#4947=CARTESIAN_POINT('Ctrl Pts',(-19.9146769407318,65.9968613052947,16.5517343617755));
#4948=CARTESIAN_POINT('Ctrl Pts',(-17.8974492136109,66.0359487258366,15.6089643816123));
#4949=CARTESIAN_POINT('Ctrl Pts',(-15.8802461109164,66.0751833170332,14.6661592341234));
#4950=CARTESIAN_POINT('Ctrl Pts',(-22.0262298476044,67.5485523014856,17.3597940244907));
#4951=CARTESIAN_POINT('Ctrl Pts',(-20.0090934571779,67.5889186077028,16.4168936020095));
#4952=CARTESIAN_POINT('Ctrl Pts',(-17.9919309987058,67.6291406663638,15.4740304085555));
#4953=CARTESIAN_POINT('Ctrl Pts',(-15.9747946082793,67.669506972581,14.5311299860742));
#4954=CARTESIAN_POINT('Ctrl Pts',(-22.1179141326162,69.0379972687494,17.2288552956016));
#4955=CARTESIAN_POINT('Ctrl Pts',(-20.1008671981753,69.0798165632546,16.2858271167327));
#4956=CARTESIAN_POINT('Ctrl Pts',(-18.0837922428973,69.1214708034277,15.3428389557666));
#4957=CARTESIAN_POINT('Ctrl Pts',(-16.0667453084565,69.1632900979328,14.3998107768976));
#4958=CARTESIAN_POINT('Ctrl Pts',(-22.2130765940189,70.5413295761004,17.0929492160326));
#4959=CARTESIAN_POINT('Ctrl Pts',(-20.1961434326387,70.5849542655194,16.1497585523939));
#4960=CARTESIAN_POINT('Ctrl Pts',(-18.1791835183946,70.6284324979768,15.2066060958045));
#4961=CARTESIAN_POINT('Ctrl Pts',(-16.1622503570144,70.6720571873958,14.2634154321658));
#4962=CARTESIAN_POINT('Ctrl Pts',(-22.3145785514426,72.0535177373651,16.9479893978576));
#4963=CARTESIAN_POINT('Ctrl Pts',(-20.2978144402007,72.0996720936127,16.0045573056008));
#4964=CARTESIAN_POINT('Ctrl Pts',(-18.2810202436174,72.1456630313584,15.0611681796644));
#4965=CARTESIAN_POINT('Ctrl Pts',(-16.2642561323756,72.1918173876061,14.1177360874076));
#4966=CARTESIAN_POINT('Ctrl Pts',(-22.4137530558292,73.44774261549,16.8063535270982));
#4967=CARTESIAN_POINT('Ctrl Pts',(-20.3971568922008,73.4962516682361,15.862681580792));
#4968=CARTESIAN_POINT('Ctrl Pts',(-18.380533198697,73.5446059648409,14.9190489512225));
#4969=CARTESIAN_POINT('Ctrl Pts',(-16.3639370350685,73.593115017587,13.9753770049164));
#4970=CARTESIAN_POINT('Ctrl Pts',(-22.5424876484917,75.1917877186536,16.6225014751885));
#4971=CARTESIAN_POINT('Ctrl Pts',(-20.5260709990459,75.2427253699684,15.6785731560602));
#4972=CARTESIAN_POINT('Ctrl Pts',(-18.5096099639914,75.293403298759,14.7347082261505));
#4973=CARTESIAN_POINT('Ctrl Pts',(-16.4931933145457,75.3443409500738,13.7907799070222));
#4974=CARTESIAN_POINT('Ctrl Pts',(-22.7322216092141,77.6459565596295,16.3515332973715));
#4975=CARTESIAN_POINT('Ctrl Pts',(-20.7159521499423,77.698773236061,15.4073947688897));
#4976=CARTESIAN_POINT('Ctrl Pts',(-18.6997013491855,77.7517374449275,14.4632295932869));
#4977=CARTESIAN_POINT('Ctrl Pts',(-16.6834318899137,77.8045541213589,13.519091064805));
#4978=CARTESIAN_POINT('Ctrl Pts',(-22.8752913649941,79.3570942698692,16.1472085108294));
#4979=CARTESIAN_POINT('Ctrl Pts',(-20.8593679553655,79.414255368626,15.2025757722393));
#4980=CARTESIAN_POINT('Ctrl Pts',(-18.8433344909521,79.4707151654108,14.2581002081708));
#4981=CARTESIAN_POINT('Ctrl Pts',(-16.8274110813234,79.5278762641676,13.3134674695808));
#4982=CARTESIAN_POINT('Ctrl Pts',(-22.9362572400918,80.,16.0601402178293));
#4983=CARTESIAN_POINT('Ctrl Pts',(-20.9208804739926,80.0630787269039,15.1147267913724));
#4984=CARTESIAN_POINT('Ctrl Pts',(-18.9055037078933,80.1261574538078,14.1693133649154));
#4985=CARTESIAN_POINT('Ctrl Pts',(-16.8901269417941,80.1892361807117,13.2238999384585));
#4986=CARTESIAN_POINT('Ctrl Pts',(-22.9362572400918,80.,16.0601402178293));
#4987=CARTESIAN_POINT('Ctrl Pts',(-22.8752913649941,79.3570942698692,16.1472085108294));
#4988=CARTESIAN_POINT('Ctrl Pts',(-22.8037564871041,78.5015254147494,16.2493709041005));
#4989=CARTESIAN_POINT('Ctrl Pts',(-22.7300422560146,77.5829072189943,16.3546457362994));
#4990=CARTESIAN_POINT('Ctrl Pts',(-22.6563280249252,76.6642890232392,16.4599205684983));
#4991=CARTESIAN_POINT('Ctrl Pts',(-22.5804344406362,75.6826214868488,16.5683078396251));
#4992=CARTESIAN_POINT('Ctrl Pts',(-22.5122250483191,74.7740506069974,16.6657209473039));
#4993=CARTESIAN_POINT('Ctrl Pts',(-22.4781203521605,74.3197651670718,16.7144275011433));
#4994=CARTESIAN_POINT('Ctrl Pts',(-22.4459367039949,73.8837538912809,16.7603905141207));
#4995=CARTESIAN_POINT('Ctrl Pts',(-22.4174480668637,73.4914701436198,16.8010765044544));
#4996=CARTESIAN_POINT('Ctrl Pts',(-22.3889594297326,73.0991863959587,16.841762494788));
#4997=CARTESIAN_POINT('Ctrl Pts',(-22.3641658036359,72.7506301764275,16.8771714624779));
#4998=CARTESIAN_POINT('Ctrl Pts',(-22.3391782231195,72.3922436833013,16.9128574257857));
#4999=CARTESIAN_POINT('Ctrl Pts',(-22.2892030620866,71.6754706970489,16.9842293524014));
#5000=CARTESIAN_POINT('Ctrl Pts',(-22.2384520833748,70.9193766164166,17.0567092614889));
#5001=CARTESIAN_POINT('Ctrl Pts',(-22.1898142700033,70.1662344870888,17.1261712577077));
#5002=CARTESIAN_POINT('Ctrl Pts',(-22.1654953633175,69.7896634224249,17.1609022558171));
#5003=CARTESIAN_POINT('Ctrl Pts',(-22.1417047479668,69.413830345587,17.1948787757094));
#5004=CARTESIAN_POINT('Ctrl Pts',(-22.118348904665,69.0397331862601,17.2282343767667));
#5005=CARTESIAN_POINT('Ctrl Pts',(-22.0949930613632,68.6656360269333,17.2615899778239));
#5006=CARTESIAN_POINT('Ctrl Pts',(-22.0720719901103,68.2932747851174,17.2943246600462));
#5007=CARTESIAN_POINT('Ctrl Pts',(-22.0498024015581,67.9271876174337,17.3261289285479));
#5008=CARTESIAN_POINT('Ctrl Pts',(-22.0052632244537,67.1950132820661,17.3897374655515));
#5009=CARTESIAN_POINT('Ctrl Pts',(-21.9633299781523,66.4879352432272,17.4496243476731));
#5010=CARTESIAN_POINT('Ctrl Pts',(-21.9246314487305,65.8250749964195,17.5048915753308));
#5011=CARTESIAN_POINT('Ctrl Pts',(-21.8956075516641,65.3279298113138,17.546341996074));
#5012=CARTESIAN_POINT('Ctrl Pts',(-21.8684031828424,64.8556571342256,17.5851938611813));
#5013=CARTESIAN_POINT('Ctrl Pts',(-21.8439109219463,64.4258792619578,17.6201724347607));
#5014=CARTESIAN_POINT('Ctrl Pts',(-21.8357468349809,64.2826199712018,17.6318319592872));
#5015=CARTESIAN_POINT('Ctrl Pts',(-21.8278840933406,64.1440823254259,17.6430611180884));
#5016=CARTESIAN_POINT('Ctrl Pts',(-21.8202208963706,64.0086428447117,17.6540052975664));
#5017=CARTESIAN_POINT('Ctrl Pts',(-21.7895681084903,63.466884921855,17.6977820154787));
#5018=CARTESIAN_POINT('Ctrl Pts',(-21.7621080353343,62.974697639986,17.7369990642215));
#5019=CARTESIAN_POINT('Ctrl Pts',(-21.734813106123,62.4776210965399,17.7759802629687));
#5020=CARTESIAN_POINT('Ctrl Pts',(-21.7075181769118,61.9805445530938,17.8149614617159));
#5021=CARTESIAN_POINT('Ctrl Pts',(-21.6803883916453,61.4785787480707,17.8537068104675));
#5022=CARTESIAN_POINT('Ctrl Pts',(-21.6542357311756,60.984357880756,17.8910566803884));
#5023=CARTESIAN_POINT('Ctrl Pts',(-21.6280830707059,60.4901370134413,17.9284065503092));
#5024=CARTESIAN_POINT('Ctrl Pts',(-21.6029075350329,60.0036610838351,17.9643609413992));
#5025=CARTESIAN_POINT('Ctrl Pts',(-21.5787262435945,59.5210121364439,17.9988954045675));
#5026=CARTESIAN_POINT('Ctrl Pts',(-21.5303636607176,58.5557142416616,18.067964330904));
#5027=CARTESIAN_POINT('Ctrl Pts',(-21.4859780547788,57.6057242757392,18.1313535455536));
#5028=CARTESIAN_POINT('Ctrl Pts',(-21.4455795281686,56.6834634153872,18.1890486208073));
#5029=CARTESIAN_POINT('Ctrl Pts',(-21.4051810015584,55.7612025550351,18.246743696061));
#5030=CARTESIAN_POINT('Ctrl Pts',(-21.3687695542767,54.8666708002534,18.2987446319189));
#5031=CARTESIAN_POINT('Ctrl Pts',(-21.3345693088533,54.,18.3475876442505));
#5032=CARTESIAN_POINT('Origin',(-22.9362572400918,45.758946482023,16.0601402178293));
#5033=CARTESIAN_POINT('Origin',(10.2801881504781,59.,8.41903982594037));
#5034=CARTESIAN_POINT('',(9.08626257436116,59.,6.19998648625654));
#5035=CARTESIAN_POINT('',(9.08626257436116,64.,6.19998648625654));
#5036=CARTESIAN_POINT('',(9.08626257436116,40.,6.19998648625654));
#5037=CARTESIAN_POINT('',(10.2801881504781,59.,8.41903982594037));
#5038=CARTESIAN_POINT('',(10.2801881504781,59.,8.41903982594037));
#5039=CARTESIAN_POINT('',(10.2801881504781,64.,8.41903982594037));
#5040=CARTESIAN_POINT('',(10.2801881504781,54.,8.41903982594037));
#5041=CARTESIAN_POINT('',(10.2801881504781,64.,8.41903982594037));
#5042=CARTESIAN_POINT('Origin',(4.39307571591749,59.,9.70003206165045));
#5043=CARTESIAN_POINT('',(4.83121200514317,59.,16.2009842466858));
#5044=CARTESIAN_POINT('',(9.01085306370344,59.,10.2318382000054));
#5045=CARTESIAN_POINT('',(1.34226440896237,59.,10.9177985993713));
#5046=CARTESIAN_POINT('Origin',(0.,59.,0.));
#5047=CARTESIAN_POINT('',(-0.83098145238222,59.,7.62693193364376));
#5048=CARTESIAN_POINT('Origin',(-0.83098145238222,59.,7.62693193364376));
#5049=CARTESIAN_POINT('',(1.34226440896237,64.,10.9177985993713));
#5050=CARTESIAN_POINT('',(1.34226440896237,40.,10.9177985993713));
#5051=CARTESIAN_POINT('',(4.83121200514317,64.,16.2009842466858));
#5052=CARTESIAN_POINT('',(-0.83098145238222,64.,7.62693193364376));
#5053=CARTESIAN_POINT('',(4.83121200514317,54.,16.2009842466858));
#5054=CARTESIAN_POINT('Origin',(10.256789643355,54.,17.1696903353545));
#5055=CARTESIAN_POINT('',(14.3759483719231,54.,11.2869220076956));
#5056=CARTESIAN_POINT('',(14.3759483719231,64.,11.2869220076956));
#5057=CARTESIAN_POINT('',(14.3759483719231,54.,11.2869220076956));
#5058=CARTESIAN_POINT('',(10.256789643355,54.,17.1696903353545));
#5059=CARTESIAN_POINT('',(12.6031572258145,54.,13.8187301493806));
#5060=CARTESIAN_POINT('',(10.256789643355,64.,17.1696903353545));
#5061=CARTESIAN_POINT('',(10.256789643355,40.,17.1696903353545));
#5062=CARTESIAN_POINT('',(14.3759483719231,64.,11.2869220076956));
#5063=CARTESIAN_POINT('Origin',(14.3759483719231,54.,11.2869220076956));
#5064=CARTESIAN_POINT('',(10.2801881504781,54.,8.41903982594037));
#5065=CARTESIAN_POINT('',(10.2801881504781,54.,8.41903982594037));
#5066=CARTESIAN_POINT('',(26.1512590085773,54.,19.5320832802419));
#5067=CARTESIAN_POINT('',(10.2801881504781,64.,8.41903982594037));
#5068=CARTESIAN_POINT('Origin',(10.2801881504781,54.,8.41903982594037));
#5069=CARTESIAN_POINT('',(4.83121200514317,54.,16.2009842466858));
#5070=CARTESIAN_POINT('',(4.83121200514317,54.,16.2009842466858));
#5071=CARTESIAN_POINT('',(10.5669763686536,54.,8.00946380379586));
#5072=CARTESIAN_POINT('Origin',(4.83121200514317,54.,16.2009842466858));
#5073=CARTESIAN_POINT('',(7.92108999349164,54.,18.3645401062756));
#5074=CARTESIAN_POINT('',(7.92108999349164,64.,18.3645401062756));
#5075=CARTESIAN_POINT('',(7.92108999349164,40.,18.3645401062756));
#5076=CARTESIAN_POINT('',(18.6544027525199,54.,25.8800866101097));
#5077=CARTESIAN_POINT('',(8.92697222658813,64.,19.068866428441));
#5078=CARTESIAN_POINT('Origin',(7.77602971669881,64.,12.1549874597942));
#5079=CARTESIAN_POINT('Origin',(0.,64.,0.));
#5080=CARTESIAN_POINT('Origin',(0.,64.,0.));
#5081=CARTESIAN_POINT('Origin',(38.5001460815826,54.,26.9580925084992));
#5082=CARTESIAN_POINT('',(0.652601549851184,54.,19.9893499448364));
#5083=CARTESIAN_POINT('Origin',(0.,54.,0.));
#5084=CARTESIAN_POINT('',(9.82982453146791,54.,6.88291723621256));
#5085=CARTESIAN_POINT('',(9.82982453146791,54.,6.88291723621256));
#5086=CARTESIAN_POINT('',(9.82982453146791,54.,6.88291723621256));
#5087=CARTESIAN_POINT('Origin',(0.,54.,0.));
#5088=CARTESIAN_POINT('Origin',(24.1649853065253,42.,16.9205048723559));
#5089=CARTESIAN_POINT('',(9.82982453146791,30.,6.88291723621256));
#5090=CARTESIAN_POINT('',(9.82982453146791,30.,6.88291723621256));
#5091=CARTESIAN_POINT('',(38.5001460815826,30.,26.9580925084992));
#5092=CARTESIAN_POINT('Origin',(9.82982453146791,30.,6.88291723621256));
#5093=CARTESIAN_POINT('',(0.652601549851184,30.,19.9893499448364));
#5094=CARTESIAN_POINT('',(9.82982453146791,30.,6.88291723621256));
#5095=CARTESIAN_POINT('Origin',(0.,30.,0.));
#5096=CARTESIAN_POINT('Origin',(9.82982453146791,54.,6.88291723621256));
#5097=CARTESIAN_POINT('',(0.652601549851183,40.,19.9893499448364));
#5098=CARTESIAN_POINT('Ctrl Pts',(0.275000000000009,-2.22044604925031E-15,
-10.9965619627227));
#5099=CARTESIAN_POINT('Ctrl Pts',(11.134942795216,-2.22044604925031E-15,
-10.7249785097482));
#5100=CARTESIAN_POINT('Ctrl Pts',(10.9991404570982,-2.22044604925031E-15,
0.137510745125905));
#5101=CARTESIAN_POINT('Ctrl Pts',(10.8633381189804,-2.22044604925031E-15,
11.));
#5102=CARTESIAN_POINT('Ctrl Pts',(-3.33066907387547E-15,-2.22044604925031E-15,
11.));
#5103=CARTESIAN_POINT('Ctrl Pts',(-10.8633381189804,-2.22044604925031E-15,
11.));
#5104=CARTESIAN_POINT('Ctrl Pts',(-10.9991404570982,-2.22044604925031E-15,
0.137510745125898));
#5105=CARTESIAN_POINT('Ctrl Pts',(-11.134942795216,-2.22044604925031E-15,
-10.7249785097482));
#5106=CARTESIAN_POINT('Ctrl Pts',(-0.275000000000001,-2.22044604925031E-15,
-10.9965619627227));
#5107=CARTESIAN_POINT('Ctrl Pts',(0.500000000000016,2.32379000772445,-19.9937490231322));
#5108=CARTESIAN_POINT('Ctrl Pts',(20.2453505367564,2.32379000772445,-19.4999609268149));
#5109=CARTESIAN_POINT('Ctrl Pts',(19.998437194724,2.32379000772445,0.250019536592555));
#5110=CARTESIAN_POINT('Ctrl Pts',(19.7515238526917,2.32379000772445,20.));
#5111=CARTESIAN_POINT('Ctrl Pts',(-5.55111512312578E-15,2.32379000772445,
20.));
#5112=CARTESIAN_POINT('Ctrl Pts',(-19.7515238526917,2.32379000772445,20.));
#5113=CARTESIAN_POINT('Ctrl Pts',(-19.998437194724,2.32379000772445,0.250019536592542));
#5114=CARTESIAN_POINT('Ctrl Pts',(-20.2453505367564,2.32379000772445,-19.4999609268149));
#5115=CARTESIAN_POINT('Ctrl Pts',(-0.500000000000003,2.32379000772445,-19.9937490231322));
#5116=CARTESIAN_POINT('Ctrl Pts',(0.500000000000016,11.6189500386223,-19.9937490231322));
#5117=CARTESIAN_POINT('Ctrl Pts',(20.2453505367564,11.6189500386223,-19.4999609268149));
#5118=CARTESIAN_POINT('Ctrl Pts',(19.998437194724,11.6189500386223,0.250019536592555));
#5119=CARTESIAN_POINT('Ctrl Pts',(19.7515238526917,11.6189500386223,20.));
#5120=CARTESIAN_POINT('Ctrl Pts',(-5.55111512312578E-15,11.6189500386223,
20.));
#5121=CARTESIAN_POINT('Ctrl Pts',(-19.7515238526917,11.6189500386223,20.));
#5122=CARTESIAN_POINT('Ctrl Pts',(-19.998437194724,11.6189500386223,0.250019536592542));
#5123=CARTESIAN_POINT('Ctrl Pts',(-20.2453505367564,11.6189500386223,-19.4999609268149));
#5124=CARTESIAN_POINT('Ctrl Pts',(-0.500000000000003,11.6189500386223,-19.9937490231322));
#5125=CARTESIAN_POINT('',(-0.5,0.,10.988630487918));
#5126=CARTESIAN_POINT('Origin',(0.,0.,0.));
#5127=CARTESIAN_POINT('',(-0.5,1.87814430619651,15.));
#5128=CARTESIAN_POINT('Ctrl Pts',(-0.5,-1.00613961606655E-15,10.988630487918));
#5129=CARTESIAN_POINT('Ctrl Pts',(-0.5,0.144666909601156,11.5495027326199));
#5130=CARTESIAN_POINT('Ctrl Pts',(-0.5,0.328719627010313,12.0904178541141));
#5131=CARTESIAN_POINT('Ctrl Pts',(-0.5,0.816630154837402,13.2686632397903));
#5132=CARTESIAN_POINT('Ctrl Pts',(-0.5,1.19364128145177,13.9881501795602));
#5133=CARTESIAN_POINT('Ctrl Pts',(-0.5,1.71900330452718,14.7746178929642));
#5134=CARTESIAN_POINT('Ctrl Pts',(-0.5,1.79770354073253,14.8881341283378));
#5135=CARTESIAN_POINT('Ctrl Pts',(-0.5,1.87814430619651,15.));
#5136=CARTESIAN_POINT('',(0.5,1.87814430619651,15.));
#5137=CARTESIAN_POINT('Ctrl Pts',(-0.5,1.87814430619651,15.));
#5138=CARTESIAN_POINT('Ctrl Pts',(-0.33115242066919,1.87409712948202,15.));
#5139=CARTESIAN_POINT('Ctrl Pts',(-0.164327207556619,1.87215569381329,15.));
#5140=CARTESIAN_POINT('Ctrl Pts',(0.,1.87215569381329,15.));
#5141=CARTESIAN_POINT('Ctrl Pts',(0.164327207646652,1.87215569381329,15.));
#5142=CARTESIAN_POINT('Ctrl Pts',(0.331152420742657,1.87409712948378,15.));
#5143=CARTESIAN_POINT('Ctrl Pts',(0.5,1.87814430619651,15.));
#5144=CARTESIAN_POINT('',(0.5,0.,10.988630487918));
#5145=CARTESIAN_POINT('Ctrl Pts',(0.5,1.87814430619651,15.));
#5146=CARTESIAN_POINT('Ctrl Pts',(0.5,1.79770354073253,14.8881341283378));
#5147=CARTESIAN_POINT('Ctrl Pts',(0.5,1.71900330452718,14.7746178929642));
#5148=CARTESIAN_POINT('Ctrl Pts',(0.5,1.19364128145177,13.9881501795602));
#5149=CARTESIAN_POINT('Ctrl Pts',(0.5,0.816630154837402,13.2686632397903));
#5150=CARTESIAN_POINT('Ctrl Pts',(0.5,0.328719627010313,12.0904178541141));
#5151=CARTESIAN_POINT('Ctrl Pts',(0.5,0.144666909601155,11.5495027326199));
#5152=CARTESIAN_POINT('Ctrl Pts',(0.5,-5.89805981832114E-16,10.988630487918));
#5153=CARTESIAN_POINT('',(0.5,0.,-10.988630487918));
#5154=CARTESIAN_POINT('Origin',(0.,0.,0.));
#5155=CARTESIAN_POINT('',(0.5,11.6189500386223,-19.9937490231322));
#5156=CARTESIAN_POINT('Ctrl Pts',(0.5,-1.00613961606655E-15,-10.988630487918));
#5157=CARTESIAN_POINT('Ctrl Pts',(0.5,0.144666909601156,-11.5495027326199));
#5158=CARTESIAN_POINT('Ctrl Pts',(0.5,0.328719627010313,-12.0904178541141));
#5159=CARTESIAN_POINT('Ctrl Pts',(0.5,0.816630154837402,-13.2686632397903));
#5160=CARTESIAN_POINT('Ctrl Pts',(0.5,1.19364128145177,-13.9881501795602));
#5161=CARTESIAN_POINT('Ctrl Pts',(0.5,2.09094060689706,-15.3314085761051));
#5162=CARTESIAN_POINT('Ctrl Pts',(0.5,2.61123030276832,-15.9551790328534));
#5163=CARTESIAN_POINT('Ctrl Pts',(0.5,3.65850752720026,-17.0026164522876));
#5164=CARTESIAN_POINT('Ctrl Pts',(0.5,4.28193620851877,-17.5228214811994));
#5165=CARTESIAN_POINT('Ctrl Pts',(0.5,5.62449511271124,-18.4200219945904));
#5166=CARTESIAN_POINT('Ctrl Pts',(0.5,6.34362572127798,-18.7970169019239));
#5167=CARTESIAN_POINT('Ctrl Pts',(0.5,7.71166817400697,-19.3637355832558));
#5168=CARTESIAN_POINT('Ctrl Pts',(0.5,8.48660540322544,-19.6056908707741));
#5169=CARTESIAN_POINT('Ctrl Pts',(0.5,10.0700801104432,-19.9206976816611));
#5170=CARTESIAN_POINT('Ctrl Pts',(0.5,10.8786176246281,-19.9937490231322));
#5171=CARTESIAN_POINT('Ctrl Pts',(0.5,11.6189500386222,-19.9937490231322));
#5172=CARTESIAN_POINT('',(7.01979937794314,11.6189500387709,-18.727584379557));
#5173=CARTESIAN_POINT('Origin',(0.,11.6189500386223,0.));
#5174=CARTESIAN_POINT('',(12.0810239863211,8.75,-15.5));
#5175=CARTESIAN_POINT('Ctrl Pts',(7.0197993780368,11.6189500386223,-18.7275843795219));
#5176=CARTESIAN_POINT('Ctrl Pts',(7.09388906856826,11.3837180382986,-18.6998127912075));
#5177=CARTESIAN_POINT('Ctrl Pts',(7.21089328358703,11.166137560739,-18.6480205183133));
#5178=CARTESIAN_POINT('Ctrl Pts',(7.56466319374078,10.659231459745,-18.4786001132125));
#5179=CARTESIAN_POINT('Ctrl Pts',(7.85589110216327,10.3666123604379,-18.3286107555905));
#5180=CARTESIAN_POINT('Ctrl Pts',(8.74688612973072,9.67213995414498,-17.828878138521));
#5181=CARTESIAN_POINT('Ctrl Pts',(9.44246126661104,9.3019382825251,-17.4015074633771));
#5182=CARTESIAN_POINT('Ctrl Pts',(10.5600309225578,8.94230645947346,-16.6341257708944));
#5183=CARTESIAN_POINT('Ctrl Pts',(10.9206716237449,8.85866128794025,-16.3760143465156));
#5184=CARTESIAN_POINT('Ctrl Pts',(11.5073987746714,8.77538027044714,-15.9407868221794));
#5185=CARTESIAN_POINT('Ctrl Pts',(11.7363828997877,8.7562236298833,-15.7670899553739));
#5186=CARTESIAN_POINT('Ctrl Pts',(12.0026900786702,8.75042963656638,-15.5609508206689));
#5187=CARTESIAN_POINT('Ctrl Pts',(12.0418791927497,8.75,-15.5305102703274));
#5188=CARTESIAN_POINT('Ctrl Pts',(12.0810239863211,8.75,-15.5));
#5189=CARTESIAN_POINT('',(15.7920174404116,11.6189500386256,-12.2724156204773));
#5190=CARTESIAN_POINT('Ctrl Pts',(12.0810239863211,8.75,-15.5));
#5191=CARTESIAN_POINT('Ctrl Pts',(12.2418591659518,8.75,-15.3746416991636));
#5192=CARTESIAN_POINT('Ctrl Pts',(12.4019447718828,8.7572520828759,-15.2481046520941));
#5193=CARTESIAN_POINT('Ctrl Pts',(12.7941057628086,8.79412194328962,-14.9340532582286));
#5194=CARTESIAN_POINT('Ctrl Pts',(13.0254753298101,8.83276922745553,-14.7451538854107));
#5195=CARTESIAN_POINT('Ctrl Pts',(13.6210661382075,8.98278958471965,-14.2503418585907));
#5196=CARTESIAN_POINT('Ctrl Pts',(13.9819106365939,9.12587958964559,-13.941604473744));
#5197=CARTESIAN_POINT('Ctrl Pts',(14.7136946216903,9.5707951758796,-13.2994648816765));
#5198=CARTESIAN_POINT('Ctrl Pts',(15.0407644041292,9.87867876937027,-13.0016565658555));
#5199=CARTESIAN_POINT('Ctrl Pts',(15.4287890326813,10.4392893914375,-12.6388053442086));
#5200=CARTESIAN_POINT('Ctrl Pts',(15.5496703125221,10.6689815352998,-12.522989090893));
#5201=CARTESIAN_POINT('Ctrl Pts',(15.7171038902863,11.1419142716514,-12.3566356326307));
#5202=CARTESIAN_POINT('Ctrl Pts',(15.7696891965808,11.3755852124452,-12.3011473736133));
#5203=CARTESIAN_POINT('Ctrl Pts',(15.792017440411,11.6189500386222,-12.2724156204781));
#5204=CARTESIAN_POINT('',(-15.4502427165401,11.6189500386223,-12.7));
#5205=CARTESIAN_POINT('Origin',(0.,11.6189500386223,0.));
#5206=CARTESIAN_POINT('',(-15.3675977711344,10.383419246269,-12.7));
#5207=CARTESIAN_POINT('Ctrl Pts',(-15.4502427165401,11.6189500386223,-12.7));
#5208=CARTESIAN_POINT('Ctrl Pts',(-15.4502427165401,11.2269619912444,-12.7));
#5209=CARTESIAN_POINT('Ctrl Pts',(-15.4243719655832,10.806211926977,-12.7));
#5210=CARTESIAN_POINT('Ctrl Pts',(-15.3675977711344,10.383419246269,-12.7));
#5211=CARTESIAN_POINT('',(-12.0877460124681,8.7668384925381,-15.5));
#5212=CARTESIAN_POINT('Ctrl Pts',(-15.3675977711344,10.383419246269,-12.7));
#5213=CARTESIAN_POINT('Ctrl Pts',(-15.0112622592525,10.155826991405,-13.0942013488336));
#5214=CARTESIAN_POINT('Ctrl Pts',(-14.6391897146053,9.94141396497205,-13.4655756044202));
#5215=CARTESIAN_POINT('Ctrl Pts',(-13.6226599754592,9.4056678523621,-14.3935150914181));
#5216=CARTESIAN_POINT('Ctrl Pts',(-12.887012748671,9.07203217613974,-14.9713890338529));
#5217=CARTESIAN_POINT('Ctrl Pts',(-12.0877460124681,8.7668384925381,-15.5));
#5218=CARTESIAN_POINT('',(-7.90968148887021,10.383419246269,-18.3));
#5219=CARTESIAN_POINT('Ctrl Pts',(-12.0877460124681,8.7668384925381,-15.5));
#5220=CARTESIAN_POINT('Ctrl Pts',(-11.9746521010911,8.82887232716686,-15.6074457533653));
#5221=CARTESIAN_POINT('Ctrl Pts',(-11.8610286114035,8.88908349758538,-15.7117345597134));
#5222=CARTESIAN_POINT('Ctrl Pts',(-11.3307577533475,9.16123210493457,-16.1831097748513));
#5223=CARTESIAN_POINT('Ctrl Pts',(-10.8464102607071,9.38256809629591,-16.5664749574328));
#5224=CARTESIAN_POINT('Ctrl Pts',(-9.82286536460115,9.79098697997178,-17.27387721473));
#5225=CARTESIAN_POINT('Ctrl Pts',(-9.28375266644398,9.97812293978613,-17.5980062050516));
#5226=CARTESIAN_POINT('Ctrl Pts',(-8.50681736197354,10.2176008317322,-18.0127940811916));
#5227=CARTESIAN_POINT('Ctrl Pts',(-8.21350439894745,10.3023221694102,-18.1595357425351));
#5228=CARTESIAN_POINT('Ctrl Pts',(-7.90968148887021,10.383419246269,-18.3));
#5229=CARTESIAN_POINT('',(-8.06907677494767,11.6189500386223,-18.3));
#5230=CARTESIAN_POINT('Ctrl Pts',(-7.90968148887021,10.383419246269,-18.3));
#5231=CARTESIAN_POINT('Ctrl Pts',(-8.01322619165157,10.7802975664601,-18.3));
#5232=CARTESIAN_POINT('Ctrl Pts',(-8.06907677494767,11.2298899604666,-18.3));
#5233=CARTESIAN_POINT('Ctrl Pts',(-8.06907677494767,11.6189500386223,-18.3));
#5234=CARTESIAN_POINT('Origin',(0.,11.6189500386223,0.));
#5235=CARTESIAN_POINT('Origin',(0.5,28.4065862824873,-45.3330045835787));
#5236=CARTESIAN_POINT('',(0.500000000000012,80.,-19.9937490231322));
#5237=CARTESIAN_POINT('',(0.5,40.,-10.988630487918));
#5238=CARTESIAN_POINT('',(0.5,68.35,-15.5));
#5239=CARTESIAN_POINT('Origin',(0.5,70.,-15.5));
#5240=CARTESIAN_POINT('',(0.5,10.35,-15.5));
#5241=CARTESIAN_POINT('Origin',(0.5,12.,-15.5));
#5242=CARTESIAN_POINT('',(0.5,56.35,-15.5));
#5243=CARTESIAN_POINT('Origin',(0.5,58.,-15.5));
#5244=CARTESIAN_POINT('',(0.5,26.35,-15.5));
#5245=CARTESIAN_POINT('Origin',(0.5,28.,-15.5));
#5246=CARTESIAN_POINT('Origin',(0.5,28.4065862824873,-45.3330045835787));
#5247=CARTESIAN_POINT('',(0.5,-84.7944367705086,15.));
#5248=CARTESIAN_POINT('',(0.5,40.,10.988630487918));
#5249=CARTESIAN_POINT('Origin',(0.,141.607609335483,15.));
#5250=CARTESIAN_POINT('',(-0.5,-84.7944367705086,15.));
#5251=CARTESIAN_POINT('Origin',(-0.5,28.4065862824873,-45.3330045835787));
#5252=CARTESIAN_POINT('',(-0.5,40.,10.988630487918));
#5253=CARTESIAN_POINT('Origin',(0.,40.,0.));
#5254=CARTESIAN_POINT('',(-8.06907677494767,13.616580753731,-18.3));
#5255=CARTESIAN_POINT('',(-8.06907677494767,40.,-18.3));
#5256=CARTESIAN_POINT('',(-12.6392246597645,15.2331615074619,-15.5));
#5257=CARTESIAN_POINT('Origin',(0.,24.1820906799011,0.));
#5258=CARTESIAN_POINT('',(-15.4502427165401,13.616580753731,-12.7));
#5259=CARTESIAN_POINT('Origin',(0.,6.28423233502273,0.));
#5260=CARTESIAN_POINT('',(-15.4502427165401,40.,-12.7));
#5261=CARTESIAN_POINT('',(15.8094117537624,12.,-12.25));
#5262=CARTESIAN_POINT('Ctrl Pts',(15.7920174404113,11.6189500386257,-12.2724156204777));
#5263=CARTESIAN_POINT('Ctrl Pts',(15.8037270848689,11.7465783290418,-12.2573477711468));
#5264=CARTESIAN_POINT('Ctrl Pts',(15.8094117537624,11.8742787918288,-12.25));
#5265=CARTESIAN_POINT('Ctrl Pts',(15.8094117537624,12.,-12.25));
#5266=CARTESIAN_POINT('Ctrl Pts',(15.8094117537624,12.,-12.25));
#5267=CARTESIAN_POINT('Ctrl Pts',(15.8094117537624,12.3960785937475,-12.25));
#5268=CARTESIAN_POINT('Ctrl Pts',(15.750246691736,12.8110075374537,-12.3273939020678));
#5269=CARTESIAN_POINT('Ctrl Pts',(15.5171804469077,13.5575414257682,-12.6195097160104));
#5270=CARTESIAN_POINT('Ctrl Pts',(15.3426545682349,13.8893226757966,-12.8332815098441));
#5271=CARTESIAN_POINT('Ctrl Pts',(14.8500999247215,14.5381272612385,-13.4045004671598));
#5272=CARTESIAN_POINT('Ctrl Pts',(14.4626462366849,14.8252721986465,-13.8277588258736));
#5273=CARTESIAN_POINT('Ctrl Pts',(13.5895100202448,15.1807476132164,-14.6867380018248));
#5274=CARTESIAN_POINT('Ctrl Pts',(13.1033200340883,15.25,-15.1215609226042));
#5275=CARTESIAN_POINT('Ctrl Pts',(12.0212453882474,15.25,-16.003921215986));
#5276=CARTESIAN_POINT('Ctrl Pts',(11.3232310888193,15.1293356027264,-16.5069230172534));
#5277=CARTESIAN_POINT('Ctrl Pts',(9.91118408570859,14.6886916213712,-17.3914488049419));
#5278=CARTESIAN_POINT('Ctrl Pts',(9.19643196742966,14.3729064374341,-17.7739084830619));
#5279=CARTESIAN_POINT('Ctrl Pts',(8.12026856861132,13.7121695934233,-18.2840079294781));
#5280=CARTESIAN_POINT('Ctrl Pts',(7.60440420782026,13.3304778293931,-18.5011625603768));
#5281=CARTESIAN_POINT('Ctrl Pts',(7.19394304501932,12.7632656284349,-18.6616205482083));
#5282=CARTESIAN_POINT('Ctrl Pts',(7.10936370813754,12.6207599454944,-18.6938734874829));
#5283=CARTESIAN_POINT('Ctrl Pts',(6.99161125096773,12.3162682030953,-18.7382317859677));
#5284=CARTESIAN_POINT('Ctrl Pts',(6.95970545353753,12.1537445810125,-18.75));
#5285=CARTESIAN_POINT('Ctrl Pts',(6.95970545353753,11.8753869746815,-18.75));
#5286=CARTESIAN_POINT('Ctrl Pts',(6.98015309067441,11.7448255203357,-18.7424452915181));
#5287=CARTESIAN_POINT('Ctrl Pts',(7.01979937798521,11.6189500387861,-18.7275843795413));
#5288=CARTESIAN_POINT('',(15.8094117537624,70.,-12.25));
#5289=CARTESIAN_POINT('',(12.6392246597645,66.75,-15.5));
#5290=CARTESIAN_POINT('Ctrl Pts',(15.8094117537624,70.,-12.25));
#5291=CARTESIAN_POINT('Ctrl Pts',(15.8094117537624,70.3960785937474,-12.25));
#5292=CARTESIAN_POINT('Ctrl Pts',(15.750246691736,70.8110075374537,-12.3273939020678));
#5293=CARTESIAN_POINT('Ctrl Pts',(15.5171804469077,71.5575414257682,-12.6195097160104));
#5294=CARTESIAN_POINT('Ctrl Pts',(15.3426545682349,71.8893226757966,-12.8332815098441));
#5295=CARTESIAN_POINT('Ctrl Pts',(14.8500999247215,72.5381272612385,-13.4045004671598));
#5296=CARTESIAN_POINT('Ctrl Pts',(14.4626462366849,72.8252721986465,-13.8277588258736));
#5297=CARTESIAN_POINT('Ctrl Pts',(13.5895100202448,73.1807476132164,-14.6867380018248));
#5298=CARTESIAN_POINT('Ctrl Pts',(13.1033200340883,73.25,-15.1215609226042));
#5299=CARTESIAN_POINT('Ctrl Pts',(12.0212453882474,73.25,-16.003921215986));
#5300=CARTESIAN_POINT('Ctrl Pts',(11.3232310888193,73.1293356027264,-16.5069230172534));
#5301=CARTESIAN_POINT('Ctrl Pts',(9.91118408570859,72.6886916213712,-17.3914488049419));
#5302=CARTESIAN_POINT('Ctrl Pts',(9.19643196742965,72.3729064374341,-17.7739084830619));
#5303=CARTESIAN_POINT('Ctrl Pts',(8.12026856861132,71.7121695934233,-18.2840079294781));
#5304=CARTESIAN_POINT('Ctrl Pts',(7.60440420782025,71.3304778293931,-18.5011625603768));
#5305=CARTESIAN_POINT('Ctrl Pts',(7.19394304501931,70.7632656284349,-18.6616205482083));
#5306=CARTESIAN_POINT('Ctrl Pts',(7.10936370813754,70.6207599454944,-18.6938734874829));
#5307=CARTESIAN_POINT('Ctrl Pts',(6.99161125096772,70.3162682030953,-18.7382317859677));
#5308=CARTESIAN_POINT('Ctrl Pts',(6.95970545353752,70.1537445810125,-18.75));
#5309=CARTESIAN_POINT('Ctrl Pts',(6.95970545353752,69.8462554189875,-18.75));
#5310=CARTESIAN_POINT('Ctrl Pts',(6.99161125096772,69.6837317969047,-18.7382317859677));
#5311=CARTESIAN_POINT('Ctrl Pts',(7.10936370813754,69.3792400545056,-18.6938734874829));
#5312=CARTESIAN_POINT('Ctrl Pts',(7.19394304501931,69.2367343715651,-18.6616205482083));
#5313=CARTESIAN_POINT('Ctrl Pts',(7.60440420782025,68.6695221706069,-18.5011625603768));
#5314=CARTESIAN_POINT('Ctrl Pts',(8.12026856861132,68.2878304065767,-18.2840079294781));
#5315=CARTESIAN_POINT('Ctrl Pts',(9.19643196742965,67.6270935625659,-17.7739084830619));
#5316=CARTESIAN_POINT('Ctrl Pts',(9.91118408570858,67.3113083786288,-17.3914488049419));
#5317=CARTESIAN_POINT('Ctrl Pts',(11.3232310888193,66.8706643972736,-16.5069230172534));
#5318=CARTESIAN_POINT('Ctrl Pts',(12.0212453882474,66.75,-16.003921215986));
#5319=CARTESIAN_POINT('Ctrl Pts',(12.6392246597645,66.75,-15.5));
#5320=CARTESIAN_POINT('Ctrl Pts',(12.6392246597645,66.75,-15.5));
#5321=CARTESIAN_POINT('Ctrl Pts',(13.1033200340883,66.75,-15.1215609226042));
#5322=CARTESIAN_POINT('Ctrl Pts',(13.5895100202448,66.8192523867836,-14.6867380018248));
#5323=CARTESIAN_POINT('Ctrl Pts',(14.4626462366849,67.1747278013535,-13.8277588258736));
#5324=CARTESIAN_POINT('Ctrl Pts',(14.8500999247215,67.4618727387615,-13.4045004671598));
#5325=CARTESIAN_POINT('Ctrl Pts',(15.3426545682349,68.1106773242034,-12.8332815098441));
#5326=CARTESIAN_POINT('Ctrl Pts',(15.5171804469077,68.4424585742318,-12.6195097160104));
#5327=CARTESIAN_POINT('Ctrl Pts',(15.750246691736,69.1889924625462,-12.3273939020678));
#5328=CARTESIAN_POINT('Ctrl Pts',(15.8094117537624,69.6039214062526,-12.25));
#5329=CARTESIAN_POINT('Ctrl Pts',(15.8094117537624,70.,-12.25));
#5330=CARTESIAN_POINT('',(15.8094117537624,58.,-12.25));
#5331=CARTESIAN_POINT('',(12.6392246597645,54.75,-15.5));
#5332=CARTESIAN_POINT('Ctrl Pts',(15.8094117537624,58.,-12.25));
#5333=CARTESIAN_POINT('Ctrl Pts',(15.8094117537624,58.3960785937474,-12.25));
#5334=CARTESIAN_POINT('Ctrl Pts',(15.750246691736,58.8110075374537,-12.3273939020678));
#5335=CARTESIAN_POINT('Ctrl Pts',(15.5171804469077,59.5575414257682,-12.6195097160104));
#5336=CARTESIAN_POINT('Ctrl Pts',(15.3426545682349,59.8893226757966,-12.8332815098441));
#5337=CARTESIAN_POINT('Ctrl Pts',(14.8500999247215,60.5381272612385,-13.4045004671598));
#5338=CARTESIAN_POINT('Ctrl Pts',(14.4626462366849,60.8252721986465,-13.8277588258736));
#5339=CARTESIAN_POINT('Ctrl Pts',(13.5895100202448,61.1807476132164,-14.6867380018248));
#5340=CARTESIAN_POINT('Ctrl Pts',(13.1033200340883,61.25,-15.1215609226042));
#5341=CARTESIAN_POINT('Ctrl Pts',(12.0212453882474,61.25,-16.003921215986));
#5342=CARTESIAN_POINT('Ctrl Pts',(11.3232310888193,61.1293356027264,-16.5069230172534));
#5343=CARTESIAN_POINT('Ctrl Pts',(9.91118408570858,60.6886916213712,-17.3914488049419));
#5344=CARTESIAN_POINT('Ctrl Pts',(9.19643196742965,60.3729064374341,-17.7739084830619));
#5345=CARTESIAN_POINT('Ctrl Pts',(8.12026856861132,59.7121695934233,-18.2840079294781));
#5346=CARTESIAN_POINT('Ctrl Pts',(7.60440420782025,59.3304778293931,-18.5011625603768));
#5347=CARTESIAN_POINT('Ctrl Pts',(7.19394304501931,58.7632656284349,-18.6616205482083));
#5348=CARTESIAN_POINT('Ctrl Pts',(7.10936370813753,58.6207599454944,-18.6938734874829));
#5349=CARTESIAN_POINT('Ctrl Pts',(6.99161125096772,58.3162682030953,-18.7382317859677));
#5350=CARTESIAN_POINT('Ctrl Pts',(6.95970545353752,58.1537445810125,-18.75));
#5351=CARTESIAN_POINT('Ctrl Pts',(6.95970545353752,57.8462554189875,-18.75));
#5352=CARTESIAN_POINT('Ctrl Pts',(6.99161125096772,57.6837317969047,-18.7382317859677));
#5353=CARTESIAN_POINT('Ctrl Pts',(7.10936370813753,57.3792400545056,-18.6938734874829));
#5354=CARTESIAN_POINT('Ctrl Pts',(7.19394304501931,57.2367343715651,-18.6616205482083));
#5355=CARTESIAN_POINT('Ctrl Pts',(7.60440420782025,56.6695221706069,-18.5011625603768));
#5356=CARTESIAN_POINT('Ctrl Pts',(8.12026856861132,56.2878304065767,-18.2840079294781));
#5357=CARTESIAN_POINT('Ctrl Pts',(9.19643196742965,55.6270935625659,-17.7739084830619));
#5358=CARTESIAN_POINT('Ctrl Pts',(9.91118408570858,55.3113083786288,-17.3914488049419));
#5359=CARTESIAN_POINT('Ctrl Pts',(11.3232310888193,54.8706643972736,-16.5069230172534));
#5360=CARTESIAN_POINT('Ctrl Pts',(12.0212453882474,54.75,-16.003921215986));
#5361=CARTESIAN_POINT('Ctrl Pts',(12.6392246597645,54.75,-15.5));
#5362=CARTESIAN_POINT('Ctrl Pts',(12.6392246597645,54.75,-15.5));
#5363=CARTESIAN_POINT('Ctrl Pts',(13.1033200340883,54.75,-15.1215609226042));
#5364=CARTESIAN_POINT('Ctrl Pts',(13.5895100202448,54.8192523867836,-14.6867380018248));
#5365=CARTESIAN_POINT('Ctrl Pts',(14.4626462366849,55.1747278013535,-13.8277588258736));
#5366=CARTESIAN_POINT('Ctrl Pts',(14.8500999247215,55.4618727387615,-13.4045004671598));
#5367=CARTESIAN_POINT('Ctrl Pts',(15.3426545682349,56.1106773242034,-12.8332815098441));
#5368=CARTESIAN_POINT('Ctrl Pts',(15.5171804469077,56.4424585742318,-12.6195097160104));
#5369=CARTESIAN_POINT('Ctrl Pts',(15.750246691736,57.1889924625463,-12.3273939020678));
#5370=CARTESIAN_POINT('Ctrl Pts',(15.8094117537624,57.6039214062526,-12.25));
#5371=CARTESIAN_POINT('Ctrl Pts',(15.8094117537624,58.,-12.25));
#5372=CARTESIAN_POINT('',(15.8094117537624,28.,-12.25));
#5373=CARTESIAN_POINT('',(12.6392246597645,24.75,-15.5));
#5374=CARTESIAN_POINT('Ctrl Pts',(15.8094117537624,28.,-12.25));
#5375=CARTESIAN_POINT('Ctrl Pts',(15.8094117537624,28.3960785937474,-12.25));
#5376=CARTESIAN_POINT('Ctrl Pts',(15.750246691736,28.8110075374538,-12.3273939020678));
#5377=CARTESIAN_POINT('Ctrl Pts',(15.5171804469077,29.5575414257682,-12.6195097160104));
#5378=CARTESIAN_POINT('Ctrl Pts',(15.3426545682349,29.8893226757966,-12.8332815098441));
#5379=CARTESIAN_POINT('Ctrl Pts',(14.8500999247215,30.5381272612385,-13.4045004671598));
#5380=CARTESIAN_POINT('Ctrl Pts',(14.4626462366849,30.8252721986465,-13.8277588258736));
#5381=CARTESIAN_POINT('Ctrl Pts',(13.5895100202448,31.1807476132164,-14.6867380018248));
#5382=CARTESIAN_POINT('Ctrl Pts',(13.1033200340883,31.25,-15.1215609226042));
#5383=CARTESIAN_POINT('Ctrl Pts',(12.0212453882474,31.25,-16.003921215986));
#5384=CARTESIAN_POINT('Ctrl Pts',(11.3232310888193,31.1293356027264,-16.5069230172534));
#5385=CARTESIAN_POINT('Ctrl Pts',(9.91118408570859,30.6886916213712,-17.3914488049419));
#5386=CARTESIAN_POINT('Ctrl Pts',(9.19643196742966,30.3729064374341,-17.7739084830619));
#5387=CARTESIAN_POINT('Ctrl Pts',(8.12026856861132,29.7121695934233,-18.2840079294781));
#5388=CARTESIAN_POINT('Ctrl Pts',(7.60440420782026,29.3304778293931,-18.5011625603768));
#5389=CARTESIAN_POINT('Ctrl Pts',(7.19394304501931,28.7632656284349,-18.6616205482083));
#5390=CARTESIAN_POINT('Ctrl Pts',(7.10936370813754,28.6207599454944,-18.6938734874829));
#5391=CARTESIAN_POINT('Ctrl Pts',(6.99161125096772,28.3162682030953,-18.7382317859677));
#5392=CARTESIAN_POINT('Ctrl Pts',(6.95970545353752,28.1537445810125,-18.75));
#5393=CARTESIAN_POINT('Ctrl Pts',(6.95970545353752,27.8462554189875,-18.75));
#5394=CARTESIAN_POINT('Ctrl Pts',(6.99161125096772,27.6837317969047,-18.7382317859677));
#5395=CARTESIAN_POINT('Ctrl Pts',(7.10936370813754,27.3792400545056,-18.6938734874829));
#5396=CARTESIAN_POINT('Ctrl Pts',(7.19394304501931,27.2367343715651,-18.6616205482083));
#5397=CARTESIAN_POINT('Ctrl Pts',(7.60440420782026,26.6695221706069,-18.5011625603768));
#5398=CARTESIAN_POINT('Ctrl Pts',(8.12026856861132,26.2878304065767,-18.2840079294781));
#5399=CARTESIAN_POINT('Ctrl Pts',(9.19643196742965,25.6270935625659,-17.7739084830619));
#5400=CARTESIAN_POINT('Ctrl Pts',(9.91118408570859,25.3113083786288,-17.3914488049419));
#5401=CARTESIAN_POINT('Ctrl Pts',(11.3232310888193,24.8706643972736,-16.5069230172534));
#5402=CARTESIAN_POINT('Ctrl Pts',(12.0212453882474,24.75,-16.003921215986));
#5403=CARTESIAN_POINT('Ctrl Pts',(12.6392246597645,24.75,-15.5));
#5404=CARTESIAN_POINT('Ctrl Pts',(12.6392246597645,24.75,-15.5));
#5405=CARTESIAN_POINT('Ctrl Pts',(13.1033200340883,24.75,-15.1215609226042));
#5406=CARTESIAN_POINT('Ctrl Pts',(13.5895100202448,24.8192523867836,-14.6867380018248));
#5407=CARTESIAN_POINT('Ctrl Pts',(14.4626462366849,25.1747278013535,-13.8277588258736));
#5408=CARTESIAN_POINT('Ctrl Pts',(14.8500999247215,25.4618727387615,-13.4045004671598));
#5409=CARTESIAN_POINT('Ctrl Pts',(15.3426545682349,26.1106773242034,-12.8332815098441));
#5410=CARTESIAN_POINT('Ctrl Pts',(15.5171804469077,26.4424585742318,-12.6195097160104));
#5411=CARTESIAN_POINT('Ctrl Pts',(15.750246691736,27.1889924625463,-12.3273939020678));
#5412=CARTESIAN_POINT('Ctrl Pts',(15.8094117537624,27.6039214062525,-12.25));
#5413=CARTESIAN_POINT('Ctrl Pts',(15.8094117537624,28.,-12.25));
#5414=CARTESIAN_POINT('',(-8.06907677494767,71.616580753731,-18.3));
#5415=CARTESIAN_POINT('',(-12.6392246597645,73.2331615074619,-15.5));
#5416=CARTESIAN_POINT('Origin',(0.,82.1820906799011,0.));
#5417=CARTESIAN_POINT('',(-15.4502427165401,71.616580753731,-12.7));
#5418=CARTESIAN_POINT('Origin',(0.,64.2842323350227,0.));
#5419=CARTESIAN_POINT('',(-15.4502427165401,68.383419246269,-12.7));
#5420=CARTESIAN_POINT('',(-15.4502427165401,40.,-12.7));
#5421=CARTESIAN_POINT('',(-12.6392246597645,66.7668384925381,-15.5));
#5422=CARTESIAN_POINT('Origin',(0.,75.7157676649773,0.));
#5423=CARTESIAN_POINT('',(-8.06907677494767,68.383419246269,-18.3));
#5424=CARTESIAN_POINT('Origin',(0.,57.8179093200989,0.));
#5425=CARTESIAN_POINT('',(-8.06907677494767,40.,-18.3));
#5426=CARTESIAN_POINT('',(-12.6392246597645,61.2331615074619,-15.5));
#5427=CARTESIAN_POINT('',(-15.4502427165401,59.616580753731,-12.7));
#5428=CARTESIAN_POINT('Origin',(0.,52.2842323350227,0.));
#5429=CARTESIAN_POINT('',(-15.4502427165401,56.383419246269,-12.7));
#5430=CARTESIAN_POINT('',(-15.4502427165401,40.,-12.7));
#5431=CARTESIAN_POINT('',(-12.6392246597645,54.7668384925381,-15.5));
#5432=CARTESIAN_POINT('Origin',(0.,63.7157676649773,0.));
#5433=CARTESIAN_POINT('',(-8.06907677494767,56.383419246269,-18.3));
#5434=CARTESIAN_POINT('Origin',(0.,45.8179093200989,0.));
#5435=CARTESIAN_POINT('',(-8.06907677494767,59.616580753731,-18.3));
#5436=CARTESIAN_POINT('',(-8.06907677494767,40.,-18.3));
#5437=CARTESIAN_POINT('Origin',(0.,70.1820906799011,0.));
#5438=CARTESIAN_POINT('',(-12.6392246597645,24.7668384925381,-15.5));
#5439=CARTESIAN_POINT('',(-8.06907677494767,26.3834192462691,-18.3));
#5440=CARTESIAN_POINT('Origin',(0.,15.8179093200989,0.));
#5441=CARTESIAN_POINT('',(-8.06907677494767,29.616580753731,-18.3));
#5442=CARTESIAN_POINT('',(-8.06907677494769,40.,-18.3));
#5443=CARTESIAN_POINT('',(-12.6392246597645,31.2331615074619,-15.5));
#5444=CARTESIAN_POINT('Origin',(0.,40.1820906799011,0.));
#5445=CARTESIAN_POINT('',(-15.4502427165401,29.616580753731,-12.7));
#5446=CARTESIAN_POINT('Origin',(0.,22.2842323350227,0.));
#5447=CARTESIAN_POINT('',(-15.4502427165401,26.383419246269,-12.7));
#5448=CARTESIAN_POINT('',(-15.4502427165401,40.,-12.7));
#5449=CARTESIAN_POINT('Origin',(0.,33.7157676649773,0.));
#5450=CARTESIAN_POINT('Origin',(-5.,29.616580753731,-12.7));
#5451=CARTESIAN_POINT('',(-5.,31.2331615074619,-15.5));
#5452=CARTESIAN_POINT('',(-5.,31.2331615074619,-15.5));
#5453=CARTESIAN_POINT('',(-5.,29.616580753731,-12.7));
#5454=CARTESIAN_POINT('',(-5.,31.2331615074619,-15.5));
#5455=CARTESIAN_POINT('',(-5.,29.616580753731,-12.7));
#5456=CARTESIAN_POINT('Origin',(-5.,26.383419246269,-12.7));
#5457=CARTESIAN_POINT('',(-5.,26.383419246269,-12.7));
#5458=CARTESIAN_POINT('',(-5.,29.616580753731,-12.7));
#5459=CARTESIAN_POINT('',(-5.,26.383419246269,-12.7));
#5460=CARTESIAN_POINT('Origin',(-5.,24.7668384925381,-15.5));
#5461=CARTESIAN_POINT('',(-5.,24.7668384925381,-15.5));
#5462=CARTESIAN_POINT('',(-5.,26.383419246269,-12.7));
#5463=CARTESIAN_POINT('',(-5.,24.7668384925381,-15.5));
#5464=CARTESIAN_POINT('Origin',(-5.,26.3834192462691,-18.3));
#5465=CARTESIAN_POINT('',(-5.,26.3834192462691,-18.3));
#5466=CARTESIAN_POINT('',(-5.,24.7668384925381,-15.5));
#5467=CARTESIAN_POINT('',(-5.,26.3834192462691,-18.3));
#5468=CARTESIAN_POINT('Origin',(-5.,29.616580753731,-18.3));
#5469=CARTESIAN_POINT('',(-5.,29.616580753731,-18.3));
#5470=CARTESIAN_POINT('',(-5.,26.3834192462691,-18.3));
#5471=CARTESIAN_POINT('',(-5.,29.616580753731,-18.3));
#5472=CARTESIAN_POINT('Origin',(-5.,31.2331615074619,-15.5));
#5473=CARTESIAN_POINT('',(-5.,29.616580753731,-18.3));
#5474=CARTESIAN_POINT('Origin',(-5.,28.,-15.5));
#5475=CARTESIAN_POINT('',(-5.,26.35,-15.5));
#5476=CARTESIAN_POINT('Origin',(-5.,28.,-15.5));
#5477=CARTESIAN_POINT('Origin',(-5.,56.383419246269,-18.3));
#5478=CARTESIAN_POINT('',(-5.,54.7668384925381,-15.5));
#5479=CARTESIAN_POINT('',(-5.,54.7668384925381,-15.5));
#5480=CARTESIAN_POINT('',(-5.,56.383419246269,-18.3));
#5481=CARTESIAN_POINT('',(-5.,54.7668384925381,-15.5));
#5482=CARTESIAN_POINT('',(-5.,56.383419246269,-18.3));
#5483=CARTESIAN_POINT('Origin',(-5.,59.616580753731,-18.3));
#5484=CARTESIAN_POINT('',(-5.,59.616580753731,-18.3));
#5485=CARTESIAN_POINT('',(-5.,56.383419246269,-18.3));
#5486=CARTESIAN_POINT('',(-5.,59.616580753731,-18.3));
#5487=CARTESIAN_POINT('Origin',(-5.,61.2331615074619,-15.5));
#5488=CARTESIAN_POINT('',(-5.,61.2331615074619,-15.5));
#5489=CARTESIAN_POINT('',(-5.,59.616580753731,-18.3));
#5490=CARTESIAN_POINT('',(-5.,61.2331615074619,-15.5));
#5491=CARTESIAN_POINT('Origin',(-5.,59.616580753731,-12.7));
#5492=CARTESIAN_POINT('',(-5.,59.616580753731,-12.7));
#5493=CARTESIAN_POINT('',(-5.,61.2331615074619,-15.5));
#5494=CARTESIAN_POINT('',(-5.,59.616580753731,-12.7));
#5495=CARTESIAN_POINT('Origin',(-5.,56.383419246269,-12.7));
#5496=CARTESIAN_POINT('',(-5.,56.383419246269,-12.7));
#5497=CARTESIAN_POINT('',(-5.,59.616580753731,-12.7));
#5498=CARTESIAN_POINT('',(-5.,56.383419246269,-12.7));
#5499=CARTESIAN_POINT('Origin',(-5.,54.7668384925381,-15.5));
#5500=CARTESIAN_POINT('',(-5.,56.383419246269,-12.7));
#5501=CARTESIAN_POINT('Origin',(-5.,58.,-15.5));
#5502=CARTESIAN_POINT('',(-5.,56.35,-15.5));
#5503=CARTESIAN_POINT('Origin',(-5.,58.,-15.5));
#5504=CARTESIAN_POINT('Origin',(-5.,15.2331615074619,-15.5));
#5505=CARTESIAN_POINT('',(-5.,13.616580753731,-18.3));
#5506=CARTESIAN_POINT('',(-5.,13.616580753731,-18.3));
#5507=CARTESIAN_POINT('',(-5.,15.2331615074619,-15.5));
#5508=CARTESIAN_POINT('',(-5.,13.616580753731,-18.3));
#5509=CARTESIAN_POINT('',(-5.,15.2331615074619,-15.5));
#5510=CARTESIAN_POINT('Origin',(-5.,13.616580753731,-12.7));
#5511=CARTESIAN_POINT('',(-5.,13.616580753731,-12.7));
#5512=CARTESIAN_POINT('',(-5.,15.2331615074619,-15.5));
#5513=CARTESIAN_POINT('',(-5.,13.616580753731,-12.7));
#5514=CARTESIAN_POINT('Origin',(-5.,10.383419246269,-12.7));
#5515=CARTESIAN_POINT('',(-5.,10.383419246269,-12.7));
#5516=CARTESIAN_POINT('',(-5.,13.616580753731,-12.7));
#5517=CARTESIAN_POINT('',(-5.,10.383419246269,-12.7));
#5518=CARTESIAN_POINT('Origin',(-5.,8.7668384925381,-15.5));
#5519=CARTESIAN_POINT('',(-5.,8.7668384925381,-15.5));
#5520=CARTESIAN_POINT('',(-5.,10.383419246269,-12.7));
#5521=CARTESIAN_POINT('',(-5.,8.7668384925381,-15.5));
#5522=CARTESIAN_POINT('Origin',(-5.,10.383419246269,-18.3));
#5523=CARTESIAN_POINT('',(-5.,10.383419246269,-18.3));
#5524=CARTESIAN_POINT('',(-5.,8.7668384925381,-15.5));
#5525=CARTESIAN_POINT('',(-5.,10.383419246269,-18.3));
#5526=CARTESIAN_POINT('Origin',(-5.,13.616580753731,-18.3));
#5527=CARTESIAN_POINT('',(-5.,10.383419246269,-18.3));
#5528=CARTESIAN_POINT('Origin',(-5.,12.,-15.5));
#5529=CARTESIAN_POINT('',(-5.,10.35,-15.5));
#5530=CARTESIAN_POINT('Origin',(-5.,12.,-15.5));
#5531=CARTESIAN_POINT('Origin',(-5.,66.7668384925381,-15.5));
#5532=CARTESIAN_POINT('',(-5.,68.383419246269,-12.7));
#5533=CARTESIAN_POINT('',(-5.,68.383419246269,-12.7));
#5534=CARTESIAN_POINT('',(-5.,66.7668384925381,-15.5));
#5535=CARTESIAN_POINT('',(-5.,68.383419246269,-12.7));
#5536=CARTESIAN_POINT('',(-5.,66.7668384925381,-15.5));
#5537=CARTESIAN_POINT('Origin',(-5.,68.383419246269,-18.3));
#5538=CARTESIAN_POINT('',(-5.,68.383419246269,-18.3));
#5539=CARTESIAN_POINT('',(-5.,66.7668384925381,-15.5));
#5540=CARTESIAN_POINT('',(-5.,68.383419246269,-18.3));
#5541=CARTESIAN_POINT('Origin',(-5.,71.616580753731,-18.3));
#5542=CARTESIAN_POINT('',(-5.,71.616580753731,-18.3));
#5543=CARTESIAN_POINT('',(-5.,68.383419246269,-18.3));
#5544=CARTESIAN_POINT('',(-5.,71.616580753731,-18.3));
#5545=CARTESIAN_POINT('Origin',(-5.,73.2331615074619,-15.5));
#5546=CARTESIAN_POINT('',(-5.,73.2331615074619,-15.5));
#5547=CARTESIAN_POINT('',(-5.,71.616580753731,-18.3));
#5548=CARTESIAN_POINT('',(-5.,73.2331615074619,-15.5));
#5549=CARTESIAN_POINT('Origin',(-5.,71.616580753731,-12.7));
#5550=CARTESIAN_POINT('',(-5.,71.616580753731,-12.7));
#5551=CARTESIAN_POINT('',(-5.,73.2331615074619,-15.5));
#5552=CARTESIAN_POINT('',(-5.,71.616580753731,-12.7));
#5553=CARTESIAN_POINT('Origin',(-5.,68.383419246269,-12.7));
#5554=CARTESIAN_POINT('',(-5.,71.616580753731,-12.7));
#5555=CARTESIAN_POINT('Origin',(-5.,70.,-15.5));
#5556=CARTESIAN_POINT('',(-5.,68.35,-15.5));
#5557=CARTESIAN_POINT('Origin',(-5.,70.,-15.5));
#5558=CARTESIAN_POINT('Origin',(5.,28.,-15.5));
#5559=CARTESIAN_POINT('',(5.,24.75,-15.5));
#5560=CARTESIAN_POINT('Origin',(5.,28.,-15.5));
#5561=CARTESIAN_POINT('',(5.,24.75,-15.5));
#5562=CARTESIAN_POINT('Origin',(5.,28.,-15.5));
#5563=CARTESIAN_POINT('',(5.,26.35,-15.5));
#5564=CARTESIAN_POINT('Origin',(5.,28.,-15.5));
#5565=CARTESIAN_POINT('Origin',(5.,58.,-15.5));
#5566=CARTESIAN_POINT('',(5.,54.75,-15.5));
#5567=CARTESIAN_POINT('Origin',(5.,58.,-15.5));
#5568=CARTESIAN_POINT('',(5.,54.75,-15.5));
#5569=CARTESIAN_POINT('Origin',(5.,58.,-15.5));
#5570=CARTESIAN_POINT('',(5.,56.35,-15.5));
#5571=CARTESIAN_POINT('Origin',(5.,58.,-15.5));
#5572=CARTESIAN_POINT('Origin',(5.,12.,-15.5));
#5573=CARTESIAN_POINT('',(5.,8.75,-15.5));
#5574=CARTESIAN_POINT('Origin',(5.,12.,-15.5));
#5575=CARTESIAN_POINT('',(5.,8.75,-15.5));
#5576=CARTESIAN_POINT('Origin',(5.,12.,-15.5));
#5577=CARTESIAN_POINT('',(5.,10.35,-15.5));
#5578=CARTESIAN_POINT('Origin',(5.,12.,-15.5));
#5579=CARTESIAN_POINT('Origin',(5.,70.,-15.5));
#5580=CARTESIAN_POINT('',(5.,66.75,-15.5));
#5581=CARTESIAN_POINT('Origin',(5.,70.,-15.5));
#5582=CARTESIAN_POINT('',(5.,66.75,-15.5));
#5583=CARTESIAN_POINT('Origin',(5.,70.,-15.5));
#5584=CARTESIAN_POINT('',(5.,68.35,-15.5));
#5585=CARTESIAN_POINT('Origin',(5.,70.,-15.5));
#5586=CARTESIAN_POINT('Origin',(0.,28.,-15.5));
#5587=CARTESIAN_POINT('',(0.,26.35,-15.5));
#5588=CARTESIAN_POINT('Origin',(0.,28.,-15.5));
#5589=CARTESIAN_POINT('',(0.,26.35,-15.5));
#5590=CARTESIAN_POINT('Origin',(0.,58.,-15.5));
#5591=CARTESIAN_POINT('',(0.,56.35,-15.5));
#5592=CARTESIAN_POINT('Origin',(0.,58.,-15.5));
#5593=CARTESIAN_POINT('',(0.,56.35,-15.5));
#5594=CARTESIAN_POINT('Origin',(0.,12.,-15.5));
#5595=CARTESIAN_POINT('',(0.,10.35,-15.5));
#5596=CARTESIAN_POINT('Origin',(0.,12.,-15.5));
#5597=CARTESIAN_POINT('',(0.,10.35,-15.5));
#5598=CARTESIAN_POINT('Origin',(0.,70.,-15.5));
#5599=CARTESIAN_POINT('',(0.,68.35,-15.5));
#5600=CARTESIAN_POINT('Origin',(0.,70.,-15.5));
#5601=CARTESIAN_POINT('',(0.,68.35,-15.5));
#5602=CARTESIAN_POINT('Origin',(0.,40.,0.));
#5603=CARTESIAN_POINT('Origin',(0.,40.,0.));
#5604=UNCERTAINTY_MEASURE_WITH_UNIT(LENGTH_MEASURE(0.01),#5608,
'DISTANCE_ACCURACY_VALUE',
'Maximum model space distance between geometric entities at asserted c
onnectivities');
#5605=UNCERTAINTY_MEASURE_WITH_UNIT(LENGTH_MEASURE(0.01),#5608,
'DISTANCE_ACCURACY_VALUE',
'Maximum model space distance between geometric entities at asserted c
onnectivities');
#5606=(
GEOMETRIC_REPRESENTATION_CONTEXT(3)
GLOBAL_UNCERTAINTY_ASSIGNED_CONTEXT((#5604))
GLOBAL_UNIT_ASSIGNED_CONTEXT((#5608,#5610,#5611))
REPRESENTATION_CONTEXT('','3D')
);
#5607=(
GEOMETRIC_REPRESENTATION_CONTEXT(3)
GLOBAL_UNCERTAINTY_ASSIGNED_CONTEXT((#5605))
GLOBAL_UNIT_ASSIGNED_CONTEXT((#5608,#5610,#5611))
REPRESENTATION_CONTEXT('','3D')
);
#5608=(
LENGTH_UNIT()
NAMED_UNIT(*)
SI_UNIT(.MILLI.,.METRE.)
);
#5609=(
LENGTH_UNIT()
NAMED_UNIT(*)
SI_UNIT($,.METRE.)
);
#5610=(
NAMED_UNIT(*)
PLANE_ANGLE_UNIT()
SI_UNIT($,.RADIAN.)
);
#5611=(
NAMED_UNIT(*)
SI_UNIT($,.STERADIAN.)
SOLID_ANGLE_UNIT()
);
#5612=SHAPE_DEFINITION_REPRESENTATION(#5613,#5614);
#5613=PRODUCT_DEFINITION_SHAPE('',$,#5616);
#5614=SHAPE_REPRESENTATION('',(#1937),#5606);
#5615=PRODUCT_DEFINITION_CONTEXT('part definition',#5620,'design');
#5616=PRODUCT_DEFINITION('base','base',#5617,#5615);
#5617=PRODUCT_DEFINITION_FORMATION('',$,#5622);
#5618=PRODUCT_RELATED_PRODUCT_CATEGORY('base','base',(#5622));
#5619=APPLICATION_PROTOCOL_DEFINITION('international standard',
'automotive_design',2009,#5620);
#5620=APPLICATION_CONTEXT(
'Core Data for Automotive Mechanical Design Process');
#5621=PRODUCT_CONTEXT('part definition',#5620,'mechanical');
#5622=PRODUCT('base','base',$,(#5621));
#5623=PRESENTATION_STYLE_ASSIGNMENT((#5625));
#5624=PRESENTATION_STYLE_ASSIGNMENT((#5626));
#5625=SURFACE_STYLE_USAGE(.BOTH.,#5627);
#5626=SURFACE_STYLE_USAGE(.BOTH.,#5628);
#5627=SURFACE_SIDE_STYLE('',(#5629));
#5628=SURFACE_SIDE_STYLE('',(#5630));
#5629=SURFACE_STYLE_FILL_AREA(#5631);
#5630=SURFACE_STYLE_FILL_AREA(#5632);
#5631=FILL_AREA_STYLE('Steel - Satin',(#5633));
#5632=FILL_AREA_STYLE('ABS (White)',(#5634));
#5633=FILL_AREA_STYLE_COLOUR('Steel - Satin',#5635);
#5634=FILL_AREA_STYLE_COLOUR('ABS (White)',#5636);
#5635=COLOUR_RGB('Steel - Satin',0.627450980392157,0.627450980392157,0.627450980392157);
#5636=COLOUR_RGB('ABS (White)',0.964705882352941,0.964705882352941,0.952941176470588);
ENDSEC;
END-ISO-10303-21;
