ISO-10303-21;
HEADER;
/* Generated by software containing ST-Developer
 * from STEP Tools, Inc. (www.steptools.com) 
 */

FILE_DESCRIPTION(
/* description */ (''),
/* implementation_level */ '2;1');

FILE_NAME(
/* name */ 'Back Motor Mount.step',
/* time_stamp */ '2026-07-02T23:21:11-07:00',
/* author */ (''),
/* organization */ (''),
/* preprocessor_version */ 'ST-DEVELOPER v20.1',
/* originating_system */ 'Autodesk Translation Framework v15.8.0.0',
/* authorisation */ '');

FILE_SCHEMA (('AUTOMOTIVE_DESIGN { 1 0 10303 214 3 1 1 }'));
ENDSEC;

DATA;
#10=MECHANICAL_DESIGN_GEOMETRIC_PRESENTATION_REPRESENTATION('',(#13),#2373);
#11=SHAPE_REPRESENTATION_RELATIONSHIP('SRR','None',#2380,#12);
#12=ADVANCED_BREP_SHAPE_REPRESENTATION('',(#14),#2372);
#13=STYLED_ITEM('',(#2390),#14);
#14=MANIFOLD_SOLID_BREP('Body1',#928);
#15=CONICAL_SURFACE('',#1015,1.85,0.785398163397449);
#16=CONICAL_SURFACE('',#1028,1.85,0.785398163397449);
#17=CONICAL_SURFACE('',#1031,1.85,0.785398163397449);
#18=CONICAL_SURFACE('',#1034,1.85,0.785398163397449);
#19=CYLINDRICAL_SURFACE('',#944,21.);
#20=CYLINDRICAL_SURFACE('',#961,11.1);
#21=CYLINDRICAL_SURFACE('',#973,5.);
#22=CYLINDRICAL_SURFACE('',#979,5.);
#23=CYLINDRICAL_SURFACE('',#981,5.);
#24=CYLINDRICAL_SURFACE('',#986,5.);
#25=CYLINDRICAL_SURFACE('',#995,4.);
#26=CYLINDRICAL_SURFACE('',#999,2.2);
#27=CYLINDRICAL_SURFACE('',#1000,2.2);
#28=CYLINDRICAL_SURFACE('',#1013,11.1);
#29=CYLINDRICAL_SURFACE('',#1027,1.45);
#30=CYLINDRICAL_SURFACE('',#1030,1.45);
#31=CYLINDRICAL_SURFACE('',#1033,1.45);
#32=CYLINDRICAL_SURFACE('',#1036,1.45);
#33=CYLINDRICAL_SURFACE('',#1037,2.75);
#34=CYLINDRICAL_SURFACE('',#1038,2.75);
#35=CYLINDRICAL_SURFACE('',#1039,2.75);
#36=CYLINDRICAL_SURFACE('',#1040,2.75);
#37=CYLINDRICAL_SURFACE('',#1041,4.);
#38=FACE_BOUND('',#312,.T.);
#39=FACE_BOUND('',#316,.T.);
#40=FACE_BOUND('',#326,.T.);
#41=FACE_BOUND('',#332,.T.);
#42=FACE_BOUND('',#345,.T.);
#43=FACE_BOUND('',#348,.T.);
#44=FACE_BOUND('',#362,.T.);
#45=FACE_BOUND('',#363,.T.);
#46=FACE_BOUND('',#364,.T.);
#47=FACE_BOUND('',#365,.T.);
#48=FACE_BOUND('',#366,.T.);
#49=FACE_BOUND('',#367,.T.);
#50=FACE_BOUND('',#368,.T.);
#51=FACE_BOUND('',#369,.T.);
#52=FACE_BOUND('',#370,.T.);
#53=CIRCLE('',#943,2.2);
#54=CIRCLE('',#945,21.);
#55=CIRCLE('',#946,21.);
#56=CIRCLE('',#947,21.);
#57=CIRCLE('',#948,21.);
#58=CIRCLE('',#949,21.);
#59=CIRCLE('',#950,21.);
#60=CIRCLE('',#951,21.);
#61=CIRCLE('',#952,21.);
#62=CIRCLE('',#953,21.);
#63=CIRCLE('',#954,21.);
#64=CIRCLE('',#955,21.);
#65=CIRCLE('',#956,21.);
#66=CIRCLE('',#957,21.);
#67=CIRCLE('',#958,21.);
#68=CIRCLE('',#960,2.2);
#69=CIRCLE('',#963,1.45);
#70=CIRCLE('',#965,1.45);
#71=CIRCLE('',#967,1.45);
#72=CIRCLE('',#969,1.45);
#73=CIRCLE('',#970,8.);
#74=CIRCLE('',#971,8.);
#75=CIRCLE('',#974,5.);
#76=CIRCLE('',#975,8.);
#77=CIRCLE('',#976,8.);
#78=CIRCLE('',#978,4.);
#79=CIRCLE('',#980,5.);
#80=CIRCLE('',#982,5.);
#81=CIRCLE('',#985,5.);
#82=CIRCLE('',#994,2.2);
#83=CIRCLE('',#996,4.);
#84=CIRCLE('',#998,2.2);
#85=CIRCLE('',#1004,4.);
#86=CIRCLE('',#1006,2.75);
#87=CIRCLE('',#1008,2.75);
#88=CIRCLE('',#1010,2.75);
#89=CIRCLE('',#1012,2.75);
#90=CIRCLE('',#1016,2.25);
#91=CIRCLE('',#1017,1.45);
#92=CIRCLE('',#1019,2.25);
#93=CIRCLE('',#1020,2.25);
#94=CIRCLE('',#1021,4.);
#95=CIRCLE('',#1022,2.75);
#96=CIRCLE('',#1023,2.75);
#97=CIRCLE('',#1024,2.75);
#98=CIRCLE('',#1025,2.75);
#99=CIRCLE('',#1026,2.25);
#100=CIRCLE('',#1029,1.45);
#101=CIRCLE('',#1032,1.45);
#102=CIRCLE('',#1035,1.45);
#103=LINE('',#1585,#164);
#104=LINE('',#1587,#165);
#105=LINE('',#1589,#166);
#106=LINE('',#1590,#167);
#107=LINE('',#1597,#168);
#108=LINE('',#1603,#169);
#109=LINE('',#1606,#170);
#110=LINE('',#1610,#171);
#111=LINE('',#1628,#172);
#112=LINE('',#1632,#173);
#113=LINE('',#1640,#174);
#114=LINE('',#1644,#175);
#115=LINE('',#1670,#176);
#116=LINE('',#1674,#177);
#117=LINE('',#1700,#178);
#118=LINE('',#1965,#179);
#119=LINE('',#1966,#180);
#120=LINE('',#1970,#181);
#121=LINE('',#2107,#182);
#122=LINE('',#2109,#183);
#123=LINE('',#2110,#184);
#124=LINE('',#2113,#185);
#125=LINE('',#2115,#186);
#126=LINE('',#2117,#187);
#127=LINE('',#2119,#188);
#128=LINE('',#2121,#189);
#129=LINE('',#2122,#190);
#130=LINE('',#2243,#191);
#131=LINE('',#2245,#192);
#132=LINE('',#2246,#193);
#133=LINE('',#2259,#194);
#134=LINE('',#2261,#195);
#135=LINE('',#2262,#196);
#136=LINE('',#2265,#197);
#137=LINE('',#2266,#198);
#138=LINE('',#2269,#199);
#139=LINE('',#2270,#200);
#140=LINE('',#2273,#201);
#141=LINE('',#2274,#202);
#142=LINE('',#2277,#203);
#143=LINE('',#2278,#204);
#144=LINE('',#2280,#205);
#145=LINE('',#2286,#206);
#146=LINE('',#2292,#207);
#147=LINE('',#2294,#208);
#148=LINE('',#2296,#209);
#149=LINE('',#2297,#210);
#150=LINE('',#2299,#211);
#151=LINE('',#2321,#212);
#152=LINE('',#2341,#213);
#153=LINE('',#2344,#214);
#154=LINE('',#2347,#215);
#155=LINE('',#2350,#216);
#156=LINE('',#2353,#217);
#157=LINE('',#2356,#218);
#158=LINE('',#2359,#219);
#159=LINE('',#2361,#220);
#160=LINE('',#2363,#221);
#161=LINE('',#2365,#222);
#162=LINE('',#2367,#223);
#163=LINE('',#2369,#224);
#164=VECTOR('',#1046,10.);
#165=VECTOR('',#1047,10.);
#166=VECTOR('',#1048,10.);
#167=VECTOR('',#1049,10.);
#168=VECTOR('',#1056,21.);
#169=VECTOR('',#1061,10.);
#170=VECTOR('',#1064,10.);
#171=VECTOR('',#1067,10.);
#172=VECTOR('',#1068,10.);
#173=VECTOR('',#1071,10.);
#174=VECTOR('',#1078,10.);
#175=VECTOR('',#1081,10.);
#176=VECTOR('',#1082,10.);
#177=VECTOR('',#1085,10.);
#178=VECTOR('',#1088,10.);
#179=VECTOR('',#1095,10.);
#180=VECTOR('',#1096,10.);
#181=VECTOR('',#1101,10.);
#182=VECTOR('',#1124,10.);
#183=VECTOR('',#1125,10.);
#184=VECTOR('',#1126,10.);
#185=VECTOR('',#1127,10.);
#186=VECTOR('',#1128,10.);
#187=VECTOR('',#1129,10.);
#188=VECTOR('',#1130,10.);
#189=VECTOR('',#1131,10.);
#190=VECTOR('',#1132,10.);
#191=VECTOR('',#1143,10.);
#192=VECTOR('',#1144,10.);
#193=VECTOR('',#1145,10.);
#194=VECTOR('',#1166,10.);
#195=VECTOR('',#1167,10.);
#196=VECTOR('',#1168,10.);
#197=VECTOR('',#1171,10.);
#198=VECTOR('',#1172,10.);
#199=VECTOR('',#1175,10.);
#200=VECTOR('',#1176,10.);
#201=VECTOR('',#1179,10.);
#202=VECTOR('',#1180,10.);
#203=VECTOR('',#1183,10.);
#204=VECTOR('',#1184,10.);
#205=VECTOR('',#1187,10.);
#206=VECTOR('',#1194,4.);
#207=VECTOR('',#1203,2.2);
#208=VECTOR('',#1206,2.2);
#209=VECTOR('',#1209,10.);
#210=VECTOR('',#1210,10.);
#211=VECTOR('',#1213,10.);
#212=VECTOR('',#1242,1.85);
#213=VECTOR('',#1265,1.45);
#214=VECTOR('',#1268,1.85);
#215=VECTOR('',#1273,1.45);
#216=VECTOR('',#1276,1.85);
#217=VECTOR('',#1281,1.45);
#218=VECTOR('',#1284,1.85);
#219=VECTOR('',#1289,1.45);
#220=VECTOR('',#1292,2.75);
#221=VECTOR('',#1295,2.75);
#222=VECTOR('',#1298,2.75);
#223=VECTOR('',#1301,2.75);
#224=VECTOR('',#1304,4.);
#225=PLANE('',#942);
#226=PLANE('',#959);
#227=PLANE('',#962);
#228=PLANE('',#964);
#229=PLANE('',#966);
#230=PLANE('',#968);
#231=PLANE('',#972);
#232=PLANE('',#977);
#233=PLANE('',#983);
#234=PLANE('',#984);
#235=PLANE('',#987);
#236=PLANE('',#988);
#237=PLANE('',#989);
#238=PLANE('',#990);
#239=PLANE('',#991);
#240=PLANE('',#992);
#241=PLANE('',#993);
#242=PLANE('',#997);
#243=PLANE('',#1001);
#244=PLANE('',#1002);
#245=PLANE('',#1003);
#246=PLANE('',#1005);
#247=PLANE('',#1007);
#248=PLANE('',#1009);
#249=PLANE('',#1011);
#250=PLANE('',#1014);
#251=PLANE('',#1018);
#252=FACE_OUTER_BOUND('',#310,.T.);
#253=FACE_OUTER_BOUND('',#311,.T.);
#254=FACE_OUTER_BOUND('',#313,.T.);
#255=FACE_OUTER_BOUND('',#314,.T.);
#256=FACE_OUTER_BOUND('',#315,.T.);
#257=FACE_OUTER_BOUND('',#317,.T.);
#258=FACE_OUTER_BOUND('',#318,.T.);
#259=FACE_OUTER_BOUND('',#319,.T.);
#260=FACE_OUTER_BOUND('',#320,.T.);
#261=FACE_OUTER_BOUND('',#321,.T.);
#262=FACE_OUTER_BOUND('',#322,.T.);
#263=FACE_OUTER_BOUND('',#323,.T.);
#264=FACE_OUTER_BOUND('',#324,.T.);
#265=FACE_OUTER_BOUND('',#325,.T.);
#266=FACE_OUTER_BOUND('',#327,.T.);
#267=FACE_OUTER_BOUND('',#328,.T.);
#268=FACE_OUTER_BOUND('',#329,.T.);
#269=FACE_OUTER_BOUND('',#330,.T.);
#270=FACE_OUTER_BOUND('',#331,.T.);
#271=FACE_OUTER_BOUND('',#333,.T.);
#272=FACE_OUTER_BOUND('',#334,.T.);
#273=FACE_OUTER_BOUND('',#335,.T.);
#274=FACE_OUTER_BOUND('',#336,.T.);
#275=FACE_OUTER_BOUND('',#337,.T.);
#276=FACE_OUTER_BOUND('',#338,.T.);
#277=FACE_OUTER_BOUND('',#339,.T.);
#278=FACE_OUTER_BOUND('',#340,.T.);
#279=FACE_OUTER_BOUND('',#341,.T.);
#280=FACE_OUTER_BOUND('',#342,.T.);
#281=FACE_OUTER_BOUND('',#343,.T.);
#282=FACE_OUTER_BOUND('',#344,.T.);
#283=FACE_OUTER_BOUND('',#346,.T.);
#284=FACE_OUTER_BOUND('',#347,.T.);
#285=FACE_OUTER_BOUND('',#349,.T.);
#286=FACE_OUTER_BOUND('',#350,.T.);
#287=FACE_OUTER_BOUND('',#351,.T.);
#288=FACE_OUTER_BOUND('',#352,.T.);
#289=FACE_OUTER_BOUND('',#353,.T.);
#290=FACE_OUTER_BOUND('',#354,.T.);
#291=FACE_OUTER_BOUND('',#355,.T.);
#292=FACE_OUTER_BOUND('',#356,.T.);
#293=FACE_OUTER_BOUND('',#357,.T.);
#294=FACE_OUTER_BOUND('',#358,.T.);
#295=FACE_OUTER_BOUND('',#359,.T.);
#296=FACE_OUTER_BOUND('',#360,.T.);
#297=FACE_OUTER_BOUND('',#361,.T.);
#298=FACE_OUTER_BOUND('',#371,.T.);
#299=FACE_OUTER_BOUND('',#372,.T.);
#300=FACE_OUTER_BOUND('',#373,.T.);
#301=FACE_OUTER_BOUND('',#374,.T.);
#302=FACE_OUTER_BOUND('',#375,.T.);
#303=FACE_OUTER_BOUND('',#376,.T.);
#304=FACE_OUTER_BOUND('',#377,.T.);
#305=FACE_OUTER_BOUND('',#378,.T.);
#306=FACE_OUTER_BOUND('',#379,.T.);
#307=FACE_OUTER_BOUND('',#380,.T.);
#308=FACE_OUTER_BOUND('',#381,.T.);
#309=FACE_OUTER_BOUND('',#382,.T.);
#310=EDGE_LOOP('',(#608,#609,#610,#611));
#311=EDGE_LOOP('',(#612,#613,#614,#615,#616));
#312=EDGE_LOOP('',(#617));
#313=EDGE_LOOP('',(#618,#619,#620,#621,#622,#623,#624,#625,#626,#627,#628,
#629,#630,#631,#632,#633,#634,#635,#636,#637,#638,#639,#640,#641,#642,#643,
#644,#645,#646,#647,#648,#649));
#314=EDGE_LOOP('',(#650,#651,#652,#653));
#315=EDGE_LOOP('',(#654,#655,#656,#657,#658));
#316=EDGE_LOOP('',(#659));
#317=EDGE_LOOP('',(#660,#661,#662,#663));
#318=EDGE_LOOP('',(#664));
#319=EDGE_LOOP('',(#665));
#320=EDGE_LOOP('',(#666));
#321=EDGE_LOOP('',(#667));
#322=EDGE_LOOP('',(#668,#669,#670,#671,#672));
#323=EDGE_LOOP('',(#673,#674,#675));
#324=EDGE_LOOP('',(#676,#677,#678));
#325=EDGE_LOOP('',(#679,#680,#681,#682));
#326=EDGE_LOOP('',(#683,#684,#685,#686,#687,#688));
#327=EDGE_LOOP('',(#689,#690,#691,#692));
#328=EDGE_LOOP('',(#693,#694,#695,#696));
#329=EDGE_LOOP('',(#697,#698,#699));
#330=EDGE_LOOP('',(#700,#701,#702));
#331=EDGE_LOOP('',(#703,#704,#705,#706));
#332=EDGE_LOOP('',(#707));
#333=EDGE_LOOP('',(#708,#709,#710,#711));
#334=EDGE_LOOP('',(#712,#713,#714,#715));
#335=EDGE_LOOP('',(#716,#717,#718,#719,#720,#721));
#336=EDGE_LOOP('',(#722,#723,#724,#725,#726,#727));
#337=EDGE_LOOP('',(#728,#729,#730,#731));
#338=EDGE_LOOP('',(#732,#733,#734,#735));
#339=EDGE_LOOP('',(#736,#737,#738,#739));
#340=EDGE_LOOP('',(#740,#741,#742,#743));
#341=EDGE_LOOP('',(#744,#745,#746,#747));
#342=EDGE_LOOP('',(#748,#749,#750,#751));
#343=EDGE_LOOP('',(#752,#753,#754,#755));
#344=EDGE_LOOP('',(#756,#757,#758,#759,#760,#761));
#345=EDGE_LOOP('',(#762));
#346=EDGE_LOOP('',(#763,#764,#765,#766));
#347=EDGE_LOOP('',(#767));
#348=EDGE_LOOP('',(#768));
#349=EDGE_LOOP('',(#769,#770,#771,#772));
#350=EDGE_LOOP('',(#773,#774,#775,#776));
#351=EDGE_LOOP('',(#777,#778,#779,#780,#781));
#352=EDGE_LOOP('',(#782,#783,#784,#785,#786));
#353=EDGE_LOOP('',(#787));
#354=EDGE_LOOP('',(#788));
#355=EDGE_LOOP('',(#789));
#356=EDGE_LOOP('',(#790));
#357=EDGE_LOOP('',(#791));
#358=EDGE_LOOP('',(#792,#793,#794,#795));
#359=EDGE_LOOP('',(#796,#797,#798,#799));
#360=EDGE_LOOP('',(#800,#801,#802,#803));
#361=EDGE_LOOP('',(#804));
#362=EDGE_LOOP('',(#805));
#363=EDGE_LOOP('',(#806));
#364=EDGE_LOOP('',(#807));
#365=EDGE_LOOP('',(#808));
#366=EDGE_LOOP('',(#809));
#367=EDGE_LOOP('',(#810));
#368=EDGE_LOOP('',(#811));
#369=EDGE_LOOP('',(#812));
#370=EDGE_LOOP('',(#813));
#371=EDGE_LOOP('',(#814,#815,#816,#817));
#372=EDGE_LOOP('',(#818,#819,#820,#821));
#373=EDGE_LOOP('',(#822,#823,#824,#825));
#374=EDGE_LOOP('',(#826,#827,#828,#829));
#375=EDGE_LOOP('',(#830,#831,#832,#833));
#376=EDGE_LOOP('',(#834,#835,#836,#837));
#377=EDGE_LOOP('',(#838,#839,#840,#841));
#378=EDGE_LOOP('',(#842,#843,#844,#845));
#379=EDGE_LOOP('',(#846,#847,#848,#849));
#380=EDGE_LOOP('',(#850,#851,#852,#853));
#381=EDGE_LOOP('',(#854,#855,#856,#857));
#382=EDGE_LOOP('',(#858,#859,#860,#861));
#383=B_SPLINE_CURVE_WITH_KNOTS('',3,(#1368,#1369,#1370,#1371,#1372,#1373,
#1374),.UNSPECIFIED.,.F.,.F.,(4,3,4),(0.,0.070740706794832,0.141464832427395),
 .UNSPECIFIED.);
#384=B_SPLINE_CURVE_WITH_KNOTS('',3,(#1376,#1377,#1378,#1379,#1380,#1381,
#1382,#1383,#1384,#1385,#1386,#1387,#1388,#1389,#1390,#1391,#1392,#1393,
#1394,#1395,#1396,#1397,#1398,#1399,#1400,#1401,#1402,#1403,#1404,#1405,
#1406,#1407,#1408,#1409,#1410,#1411,#1412,#1413,#1414,#1415,#1416,#1417,
#1418,#1419,#1420,#1421,#1422,#1423,#1424,#1425,#1426,#1427,#1428,#1429,
#1430,#1431,#1432,#1433,#1434,#1435,#1436,#1437,#1438,#1439,#1440,#1441,
#1442,#1443,#1444,#1445,#1446,#1447,#1448,#1449,#1450,#1451,#1452,#1453,
#1454,#1455,#1456,#1457,#1458,#1459,#1460,#1461,#1462,#1463,#1464,#1465,
#1466,#1467,#1468,#1469,#1470,#1471,#1472,#1473,#1474,#1475,#1476,#1477,
#1478,#1479,#1480,#1481,#1482,#1483,#1484,#1485,#1486,#1487,#1488,#1489,
#1490,#1491,#1492,#1493,#1494,#1495,#1496,#1497,#1498,#1499,#1500,#1501,
#1502,#1503,#1504,#1505,#1506,#1507,#1508,#1509,#1510,#1511,#1512,#1513,
#1514,#1515,#1516,#1517,#1518,#1519,#1520,#1521,#1522,#1523,#1524,#1525,
#1526,#1527,#1528,#1529,#1530,#1531,#1532,#1533,#1534,#1535,#1536,#1537,
#1538,#1539,#1540,#1541,#1542,#1543,#1544,#1545,#1546,#1547,#1548,#1549,
#1550,#1551,#1552,#1553,#1554,#1555,#1556,#1557,#1558,#1559),
 .UNSPECIFIED.,.F.,.F.,(4,3,3,3,3,3,3,3,3,3,3,3,3,3,3,3,3,3,3,3,3,3,3,3,
3,3,3,3,3,3,3,3,3,3,3,3,3,3,3,3,3,3,3,3,3,3,3,3,3,3,3,3,3,3,3,3,3,3,3,3,
3,4),(-5.051013319019,-4.97251304206268,-4.89327058322433,-4.813471889689,
-4.73168988633167,-4.70716463145928,-4.64339346143913,-4.59332231882211,
-4.52836342836882,-4.46212047623534,-4.39552615650298,-4.35955949128534,
-4.29860617778646,-4.28006404541283,-4.21817396370101,-4.15728970497744,
-4.1238243156078,-4.0664302024643,-4.00864965971759,-3.95167372845153,-3.89678001746585,
-3.85145376187499,-3.78851217671093,-3.77368996581961,-3.7134837178391,
-3.65656552102231,-3.63714862010607,-3.59065441398732,-3.54409811694929,
-3.49747779448072,-3.45070294117459,-3.42284347833715,-3.37613140323225,
-3.32963692656802,-3.28323545500791,-3.23691992868486,-3.20853833656823,
-3.18915213995867,-3.12660101737762,-3.06041710608847,-2.99423319479932,
-2.95474445969011,-2.89960334773787,-2.84139594796594,-2.78128112376332,
-2.72158964017991,-2.65969405397987,-2.59814052050708,-2.56562291126148,
-2.50175101427746,-2.48622853378055,-2.41910175123073,-2.35171859683033,
-2.28555392294831,-2.25242551061759,-2.18752841433941,-2.13852232521503,
-2.04133931562149,-2.01840889868006,-1.92222419452192,-1.82610433488254,
-1.79467363765531),.UNSPECIFIED.);
#385=B_SPLINE_CURVE_WITH_KNOTS('',3,(#1561,#1562,#1563,#1564,#1565,#1566,
#1567),.UNSPECIFIED.,.F.,.F.,(4,3,4),(0.,0.0707398427842007,0.141496923814335),
 .UNSPECIFIED.);
#386=B_SPLINE_CURVE_WITH_KNOTS('',3,(#1568,#1569,#1570,#1571,#1572,#1573,
#1574,#1575,#1576,#1577,#1578,#1579,#1580,#1581,#1582),.UNSPECIFIED.,.F.,
 .F.,(4,1,1,1,1,1,1,1,1,1,1,1,4),(1.78425174417266,2.01833627762473,2.2524208110768,
2.48650534452887,2.72058987798094,2.95467441143301,3.18875894488508,3.65692801178923,
3.77397027851526,4.12509707869337,4.35918161214544,4.59326614559751,5.06143521250165),
 .UNSPECIFIED.);
#387=B_SPLINE_CURVE_WITH_KNOTS('',3,(#1612,#1613,#1614,#1615,#1616,#1617,
#1618,#1619,#1620,#1621,#1622,#1623,#1624,#1625,#1626),.UNSPECIFIED.,.F.,
 .F.,(4,1,1,1,1,1,1,1,1,1,1,1,4),(-1.6385917341645,-1.40450720071243,-1.17042266726035,
-0.936338133808284,-0.702253600356213,-0.468169066904142,-0.234084533452071,
0.234084533452072,0.351126800178107,0.702253600356214,0.936338133808285,
1.17042266726036,1.6385917341645),.UNSPECIFIED.);
#388=B_SPLINE_CURVE_WITH_KNOTS('',3,(#1646,#1647,#1648,#1649,#1650,#1651,
#1652,#1653,#1654,#1655,#1656,#1657,#1658,#1659,#1660,#1661,#1662,#1663,
#1664,#1665,#1666,#1667,#1668),.UNSPECIFIED.,.F.,.F.,(4,2,2,2,2,3,2,2,2,
2,4),(-1.63208681174513,-1.28432115312213,-0.857220567075677,-0.428610283537838,
-0.21430514176892,0.,0.21430514176892,0.428610283537839,0.857220567075678,
1.28432115312213,1.63208681174513),.UNSPECIFIED.);
#389=B_SPLINE_CURVE_WITH_KNOTS('',3,(#1675,#1676,#1677,#1678,#1679,#1680,
#1681,#1682,#1683,#1684,#1685,#1686,#1687,#1688,#1689,#1690,#1691,#1692,
#1693,#1694,#1695,#1696),.UNSPECIFIED.,.F.,.F.,(4,2,2,2,2,2,2,2,2,2,4),
(1.79075666659203,2.13852232521503,2.56562291126148,2.99423319479932,3.20853833656824,
3.42284347833715,3.63714862010607,3.85145376187499,4.28006404541283,4.70716463145928,
5.05493029008228),.UNSPECIFIED.);
#390=B_SPLINE_CURVE_WITH_KNOTS('',3,(#1765,#1766,#1767,#1768,#1769,#1770,
#1771),.UNSPECIFIED.,.F.,.F.,(4,3,4),(0.,0.0707407068190141,0.141464832473009),
 .UNSPECIFIED.);
#391=B_SPLINE_CURVE_WITH_KNOTS('',3,(#1773,#1774,#1775,#1776,#1777,#1778,
#1779,#1780,#1781,#1782,#1783,#1784,#1785,#1786,#1787,#1788,#1789,#1790,
#1791,#1792,#1793,#1794,#1795,#1796,#1797,#1798,#1799,#1800,#1801,#1802,
#1803,#1804,#1805,#1806,#1807,#1808,#1809,#1810,#1811,#1812,#1813,#1814,
#1815,#1816,#1817,#1818,#1819,#1820,#1821,#1822,#1823,#1824,#1825,#1826,
#1827,#1828,#1829,#1830,#1831,#1832,#1833,#1834,#1835,#1836,#1837,#1838,
#1839,#1840,#1841,#1842,#1843,#1844,#1845,#1846,#1847,#1848,#1849,#1850,
#1851,#1852,#1853,#1854,#1855,#1856,#1857,#1858,#1859,#1860,#1861,#1862,
#1863,#1864,#1865,#1866,#1867,#1868,#1869,#1870,#1871,#1872,#1873,#1874,
#1875,#1876,#1877,#1878,#1879,#1880,#1881,#1882,#1883,#1884,#1885,#1886,
#1887,#1888,#1889,#1890,#1891,#1892,#1893,#1894,#1895,#1896,#1897,#1898,
#1899,#1900,#1901,#1902,#1903,#1904,#1905,#1906,#1907,#1908,#1909,#1910,
#1911,#1912,#1913,#1914,#1915,#1916,#1917,#1918,#1919,#1920,#1921,#1922,
#1923,#1924,#1925,#1926,#1927,#1928,#1929,#1930,#1931,#1932,#1933,#1934,
#1935,#1936,#1937,#1938,#1939,#1940,#1941,#1942,#1943,#1944,#1945,#1946,
#1947,#1948,#1949,#1950,#1951,#1952,#1953,#1954,#1955,#1956),
 .UNSPECIFIED.,.F.,.F.,(4,3,3,3,3,3,3,3,3,3,3,3,3,3,3,3,3,3,3,3,3,3,3,3,
3,3,3,3,3,3,3,3,3,3,3,3,3,3,3,3,3,3,3,3,3,3,3,3,3,3,3,3,3,3,3,3,3,3,3,3,
3,4),(-1.62816984068184,-1.5496695637167,-1.47042710487844,-1.39062841134514,
-1.30884640799057,-1.28432115312213,-1.22054998310217,-1.17047884048496,
-1.10551995003163,-1.03927699789782,-0.972682678165834,-0.936716012948181,
-0.875762699449269,-0.857220567075677,-0.795330485363787,-0.734446226640106,
-0.700980837270644,-0.643586724126936,-0.585806181380306,-0.528830250114253,
-0.473936539128575,-0.428610283537839,-0.365668698373785,-0.350846487482457,
-0.290640239501356,-0.233722042685161,-0.214305141768919,-0.167810935650343,
-0.121254638612351,-0.0746343161436487,-0.0278594628372391,0.,0.0467120751049551,
0.0932065517691727,0.13960802332939,0.185923549652318,0.21430514176892,
0.233691338378481,0.296242460959429,0.362426372248634,0.428610283537839,
0.468099018647044,0.523240130599208,0.581447530371147,0.641562354573743,
0.701253838157246,0.763149424357271,0.824702957829852,0.857220567075678,
0.921092464059391,0.936614944556608,1.00374172710583,1.07112488150654,1.13728955538849,
1.17041796771956,1.23531506399768,1.28432115312213,1.38150416271428,1.4044345796571,
1.50061928381459,1.59673914345381,1.62816984068184),.UNSPECIFIED.);
#392=B_SPLINE_CURVE_WITH_KNOTS('',3,(#1957,#1958,#1959,#1960,#1961,#1962,
#1963),.UNSPECIFIED.,.F.,.F.,(4,3,4),(0.,0.070739842789379,0.14149692384028),
 .UNSPECIFIED.);
#393=B_SPLINE_CURVE_WITH_KNOTS('',3,(#2026,#2027,#2028,#2029,#2030,#2031,
#2032,#2033),.UNSPECIFIED.,.F.,.F.,(4,1,1,1,1,4),(-8.15399132137085,-7.84570178777233,
-7.53741225417382,-7.2291227205753,-6.61254365337827,-5.99596458618124),
 .UNSPECIFIED.);
#394=B_SPLINE_CURVE_WITH_KNOTS('',3,(#2067,#2068,#2069,#2070,#2071,#2072,
#2073,#2074),.UNSPECIFIED.,.F.,.F.,(4,2,1,1,4),(-7.01427454522074,-7.01233871858423,
-6.37404166491122,-6.16127598035355,-5.94851029579588),.UNSPECIFIED.);
#395=B_SPLINE_CURVE_WITH_KNOTS('',3,(#2099,#2100,#2101,#2102,#2103,#2104),
 .UNSPECIFIED.,.F.,.F.,(4,2,4),(-1.06382842269293,0.,0.00193582663677627),
 .UNSPECIFIED.);
#396=B_SPLINE_CURVE_WITH_KNOTS('',3,(#2163,#2164,#2165,#2166,#2167,#2168,
#2169),.UNSPECIFIED.,.F.,.F.,(4,1,1,1,4),(-8.15399132137085,-7.84570178777233,
-7.2291227205753,-6.61254365337827,-5.99596458618124),.UNSPECIFIED.);
#397=B_SPLINE_CURVE_WITH_KNOTS('',3,(#2203,#2204,#2205,#2206,#2207,#2208,
#2209,#2210),.UNSPECIFIED.,.F.,.F.,(4,2,1,1,4),(-7.0142745452194,-7.01233871858214,
-6.37404166490957,-6.16127598035205,-5.94851029579453),.UNSPECIFIED.);
#398=B_SPLINE_CURVE_WITH_KNOTS('',3,(#2235,#2236,#2237,#2238,#2239,#2240),
 .UNSPECIFIED.,.F.,.F.,(4,2,4),(-1.06382842269275,0.,0.00193582663696482),
 .UNSPECIFIED.);
#399=VERTEX_POINT('',#1366);
#400=VERTEX_POINT('',#1367);
#401=VERTEX_POINT('',#1375);
#402=VERTEX_POINT('',#1560);
#403=VERTEX_POINT('',#1584);
#404=VERTEX_POINT('',#1586);
#405=VERTEX_POINT('',#1588);
#406=VERTEX_POINT('',#1591);
#407=VERTEX_POINT('',#1594);
#408=VERTEX_POINT('',#1596);
#409=VERTEX_POINT('',#1598);
#410=VERTEX_POINT('',#1600);
#411=VERTEX_POINT('',#1602);
#412=VERTEX_POINT('',#1605);
#413=VERTEX_POINT('',#1607);
#414=VERTEX_POINT('',#1609);
#415=VERTEX_POINT('',#1611);
#416=VERTEX_POINT('',#1627);
#417=VERTEX_POINT('',#1629);
#418=VERTEX_POINT('',#1631);
#419=VERTEX_POINT('',#1633);
#420=VERTEX_POINT('',#1635);
#421=VERTEX_POINT('',#1637);
#422=VERTEX_POINT('',#1639);
#423=VERTEX_POINT('',#1641);
#424=VERTEX_POINT('',#1643);
#425=VERTEX_POINT('',#1645);
#426=VERTEX_POINT('',#1669);
#427=VERTEX_POINT('',#1671);
#428=VERTEX_POINT('',#1673);
#429=VERTEX_POINT('',#1697);
#430=VERTEX_POINT('',#1699);
#431=VERTEX_POINT('',#1701);
#432=VERTEX_POINT('',#1764);
#433=VERTEX_POINT('',#1772);
#434=VERTEX_POINT('',#1967);
#435=VERTEX_POINT('',#1972);
#436=VERTEX_POINT('',#1975);
#437=VERTEX_POINT('',#1978);
#438=VERTEX_POINT('',#1981);
#439=VERTEX_POINT('',#2023);
#440=VERTEX_POINT('',#2025);
#441=VERTEX_POINT('',#2106);
#442=VERTEX_POINT('',#2108);
#443=VERTEX_POINT('',#2111);
#444=VERTEX_POINT('',#2112);
#445=VERTEX_POINT('',#2114);
#446=VERTEX_POINT('',#2116);
#447=VERTEX_POINT('',#2118);
#448=VERTEX_POINT('',#2120);
#449=VERTEX_POINT('',#2160);
#450=VERTEX_POINT('',#2162);
#451=VERTEX_POINT('',#2242);
#452=VERTEX_POINT('',#2244);
#453=VERTEX_POINT('',#2247);
#454=VERTEX_POINT('',#2258);
#455=VERTEX_POINT('',#2260);
#456=VERTEX_POINT('',#2264);
#457=VERTEX_POINT('',#2268);
#458=VERTEX_POINT('',#2272);
#459=VERTEX_POINT('',#2276);
#460=VERTEX_POINT('',#2282);
#461=VERTEX_POINT('',#2285);
#462=VERTEX_POINT('',#2289);
#463=VERTEX_POINT('',#2301);
#464=VERTEX_POINT('',#2304);
#465=VERTEX_POINT('',#2307);
#466=VERTEX_POINT('',#2310);
#467=VERTEX_POINT('',#2313);
#468=VERTEX_POINT('',#2318);
#469=VERTEX_POINT('',#2320);
#470=VERTEX_POINT('',#2324);
#471=VERTEX_POINT('',#2326);
#472=VERTEX_POINT('',#2328);
#473=VERTEX_POINT('',#2330);
#474=VERTEX_POINT('',#2332);
#475=VERTEX_POINT('',#2334);
#476=VERTEX_POINT('',#2336);
#477=VERTEX_POINT('',#2338);
#478=VERTEX_POINT('',#2343);
#479=VERTEX_POINT('',#2349);
#480=VERTEX_POINT('',#2355);
#481=EDGE_CURVE('',#399,#400,#383,.T.);
#482=EDGE_CURVE('',#400,#401,#384,.T.);
#483=EDGE_CURVE('',#401,#402,#385,.T.);
#484=EDGE_CURVE('',#402,#399,#386,.T.);
#485=EDGE_CURVE('',#399,#403,#103,.T.);
#486=EDGE_CURVE('',#403,#404,#104,.T.);
#487=EDGE_CURVE('',#404,#405,#105,.T.);
#488=EDGE_CURVE('',#400,#405,#106,.T.);
#489=EDGE_CURVE('',#406,#406,#53,.T.);
#490=EDGE_CURVE('',#407,#407,#54,.T.);
#491=EDGE_CURVE('',#407,#408,#107,.T.);
#492=EDGE_CURVE('',#408,#409,#55,.T.);
#493=EDGE_CURVE('',#409,#410,#56,.T.);
#494=EDGE_CURVE('',#411,#410,#108,.T.);
#495=EDGE_CURVE('',#403,#411,#57,.T.);
#496=EDGE_CURVE('',#412,#402,#109,.T.);
#497=EDGE_CURVE('',#413,#412,#58,.T.);
#498=EDGE_CURVE('',#414,#413,#110,.T.);
#499=EDGE_CURVE('',#415,#414,#387,.T.);
#500=EDGE_CURVE('',#416,#415,#111,.T.);
#501=EDGE_CURVE('',#417,#416,#59,.T.);
#502=EDGE_CURVE('',#418,#417,#112,.T.);
#503=EDGE_CURVE('',#418,#419,#60,.T.);
#504=EDGE_CURVE('',#419,#420,#61,.T.);
#505=EDGE_CURVE('',#420,#421,#62,.T.);
#506=EDGE_CURVE('',#422,#421,#113,.T.);
#507=EDGE_CURVE('',#423,#422,#63,.T.);
#508=EDGE_CURVE('',#424,#423,#114,.T.);
#509=EDGE_CURVE('',#425,#424,#388,.T.);
#510=EDGE_CURVE('',#426,#425,#115,.T.);
#511=EDGE_CURVE('',#427,#426,#64,.T.);
#512=EDGE_CURVE('',#428,#427,#116,.T.);
#513=EDGE_CURVE('',#405,#428,#389,.T.);
#514=EDGE_CURVE('',#429,#404,#65,.T.);
#515=EDGE_CURVE('',#430,#429,#117,.T.);
#516=EDGE_CURVE('',#430,#431,#66,.T.);
#517=EDGE_CURVE('',#431,#408,#67,.T.);
#518=EDGE_CURVE('',#414,#432,#390,.T.);
#519=EDGE_CURVE('',#432,#433,#391,.T.);
#520=EDGE_CURVE('',#433,#415,#392,.T.);
#521=EDGE_CURVE('',#433,#424,#118,.T.);
#522=EDGE_CURVE('',#416,#423,#119,.T.);
#523=EDGE_CURVE('',#434,#434,#68,.T.);
#524=EDGE_CURVE('',#432,#425,#120,.T.);
#525=EDGE_CURVE('',#435,#435,#69,.T.);
#526=EDGE_CURVE('',#436,#436,#70,.T.);
#527=EDGE_CURVE('',#437,#437,#71,.T.);
#528=EDGE_CURVE('',#438,#438,#72,.T.);
#529=EDGE_CURVE('',#431,#439,#73,.T.);
#530=EDGE_CURVE('',#439,#440,#393,.T.);
#531=EDGE_CURVE('',#440,#409,#74,.T.);
#532=EDGE_CURVE('',#430,#439,#394,.T.);
#533=EDGE_CURVE('',#440,#410,#395,.T.);
#534=EDGE_CURVE('',#441,#439,#121,.T.);
#535=EDGE_CURVE('',#442,#441,#122,.T.);
#536=EDGE_CURVE('',#440,#442,#123,.T.);
#537=EDGE_CURVE('',#443,#444,#124,.T.);
#538=EDGE_CURVE('',#444,#445,#125,.T.);
#539=EDGE_CURVE('',#445,#446,#126,.T.);
#540=EDGE_CURVE('',#446,#447,#127,.T.);
#541=EDGE_CURVE('',#447,#448,#128,.T.);
#542=EDGE_CURVE('',#448,#443,#129,.T.);
#543=EDGE_CURVE('',#429,#441,#75,.T.);
#544=EDGE_CURVE('',#419,#449,#76,.T.);
#545=EDGE_CURVE('',#449,#450,#396,.T.);
#546=EDGE_CURVE('',#450,#420,#77,.T.);
#547=EDGE_CURVE('',#418,#449,#397,.T.);
#548=EDGE_CURVE('',#450,#421,#398,.T.);
#549=EDGE_CURVE('',#451,#449,#130,.T.);
#550=EDGE_CURVE('',#451,#452,#131,.T.);
#551=EDGE_CURVE('',#450,#452,#132,.T.);
#552=EDGE_CURVE('',#453,#453,#78,.T.);
#553=EDGE_CURVE('',#417,#451,#79,.T.);
#554=EDGE_CURVE('',#442,#411,#80,.T.);
#555=EDGE_CURVE('',#452,#422,#81,.T.);
#556=EDGE_CURVE('',#443,#454,#133,.T.);
#557=EDGE_CURVE('',#454,#455,#134,.T.);
#558=EDGE_CURVE('',#444,#455,#135,.T.);
#559=EDGE_CURVE('',#448,#456,#136,.T.);
#560=EDGE_CURVE('',#456,#454,#137,.T.);
#561=EDGE_CURVE('',#447,#457,#138,.T.);
#562=EDGE_CURVE('',#457,#456,#139,.T.);
#563=EDGE_CURVE('',#446,#458,#140,.T.);
#564=EDGE_CURVE('',#458,#457,#141,.T.);
#565=EDGE_CURVE('',#445,#459,#142,.T.);
#566=EDGE_CURVE('',#459,#458,#143,.T.);
#567=EDGE_CURVE('',#455,#459,#144,.T.);
#568=EDGE_CURVE('',#460,#460,#82,.T.);
#569=EDGE_CURVE('',#453,#461,#145,.T.);
#570=EDGE_CURVE('',#461,#461,#83,.T.);
#571=EDGE_CURVE('',#462,#462,#84,.T.);
#572=EDGE_CURVE('',#406,#460,#146,.T.);
#573=EDGE_CURVE('',#462,#434,#147,.T.);
#574=EDGE_CURVE('',#401,#428,#148,.T.);
#575=EDGE_CURVE('',#412,#427,#149,.T.);
#576=EDGE_CURVE('',#413,#426,#150,.T.);
#577=EDGE_CURVE('',#463,#463,#85,.T.);
#578=EDGE_CURVE('',#464,#464,#86,.T.);
#579=EDGE_CURVE('',#465,#465,#87,.T.);
#580=EDGE_CURVE('',#466,#466,#88,.T.);
#581=EDGE_CURVE('',#467,#467,#89,.T.);
#582=EDGE_CURVE('',#468,#468,#90,.T.);
#583=EDGE_CURVE('',#468,#469,#151,.T.);
#584=EDGE_CURVE('',#469,#469,#91,.T.);
#585=EDGE_CURVE('',#470,#470,#92,.T.);
#586=EDGE_CURVE('',#471,#471,#93,.T.);
#587=EDGE_CURVE('',#472,#472,#94,.T.);
#588=EDGE_CURVE('',#473,#473,#95,.T.);
#589=EDGE_CURVE('',#474,#474,#96,.T.);
#590=EDGE_CURVE('',#475,#475,#97,.T.);
#591=EDGE_CURVE('',#476,#476,#98,.T.);
#592=EDGE_CURVE('',#477,#477,#99,.T.);
#593=EDGE_CURVE('',#469,#435,#152,.T.);
#594=EDGE_CURVE('',#470,#478,#153,.T.);
#595=EDGE_CURVE('',#478,#478,#100,.T.);
#596=EDGE_CURVE('',#478,#437,#154,.T.);
#597=EDGE_CURVE('',#477,#479,#155,.T.);
#598=EDGE_CURVE('',#479,#479,#101,.T.);
#599=EDGE_CURVE('',#479,#436,#156,.T.);
#600=EDGE_CURVE('',#471,#480,#157,.T.);
#601=EDGE_CURVE('',#480,#480,#102,.T.);
#602=EDGE_CURVE('',#480,#438,#158,.T.);
#603=EDGE_CURVE('',#476,#467,#159,.T.);
#604=EDGE_CURVE('',#475,#466,#160,.T.);
#605=EDGE_CURVE('',#474,#465,#161,.T.);
#606=EDGE_CURVE('',#473,#464,#162,.T.);
#607=EDGE_CURVE('',#472,#463,#163,.T.);
#608=ORIENTED_EDGE('',*,*,#481,.T.);
#609=ORIENTED_EDGE('',*,*,#482,.T.);
#610=ORIENTED_EDGE('',*,*,#483,.T.);
#611=ORIENTED_EDGE('',*,*,#484,.T.);
#612=ORIENTED_EDGE('',*,*,#481,.F.);
#613=ORIENTED_EDGE('',*,*,#485,.T.);
#614=ORIENTED_EDGE('',*,*,#486,.T.);
#615=ORIENTED_EDGE('',*,*,#487,.T.);
#616=ORIENTED_EDGE('',*,*,#488,.F.);
#617=ORIENTED_EDGE('',*,*,#489,.T.);
#618=ORIENTED_EDGE('',*,*,#490,.F.);
#619=ORIENTED_EDGE('',*,*,#491,.T.);
#620=ORIENTED_EDGE('',*,*,#492,.T.);
#621=ORIENTED_EDGE('',*,*,#493,.T.);
#622=ORIENTED_EDGE('',*,*,#494,.F.);
#623=ORIENTED_EDGE('',*,*,#495,.F.);
#624=ORIENTED_EDGE('',*,*,#485,.F.);
#625=ORIENTED_EDGE('',*,*,#484,.F.);
#626=ORIENTED_EDGE('',*,*,#496,.F.);
#627=ORIENTED_EDGE('',*,*,#497,.F.);
#628=ORIENTED_EDGE('',*,*,#498,.F.);
#629=ORIENTED_EDGE('',*,*,#499,.F.);
#630=ORIENTED_EDGE('',*,*,#500,.F.);
#631=ORIENTED_EDGE('',*,*,#501,.F.);
#632=ORIENTED_EDGE('',*,*,#502,.F.);
#633=ORIENTED_EDGE('',*,*,#503,.T.);
#634=ORIENTED_EDGE('',*,*,#504,.T.);
#635=ORIENTED_EDGE('',*,*,#505,.T.);
#636=ORIENTED_EDGE('',*,*,#506,.F.);
#637=ORIENTED_EDGE('',*,*,#507,.F.);
#638=ORIENTED_EDGE('',*,*,#508,.F.);
#639=ORIENTED_EDGE('',*,*,#509,.F.);
#640=ORIENTED_EDGE('',*,*,#510,.F.);
#641=ORIENTED_EDGE('',*,*,#511,.F.);
#642=ORIENTED_EDGE('',*,*,#512,.F.);
#643=ORIENTED_EDGE('',*,*,#513,.F.);
#644=ORIENTED_EDGE('',*,*,#487,.F.);
#645=ORIENTED_EDGE('',*,*,#514,.F.);
#646=ORIENTED_EDGE('',*,*,#515,.F.);
#647=ORIENTED_EDGE('',*,*,#516,.T.);
#648=ORIENTED_EDGE('',*,*,#517,.T.);
#649=ORIENTED_EDGE('',*,*,#491,.F.);
#650=ORIENTED_EDGE('',*,*,#518,.T.);
#651=ORIENTED_EDGE('',*,*,#519,.T.);
#652=ORIENTED_EDGE('',*,*,#520,.T.);
#653=ORIENTED_EDGE('',*,*,#499,.T.);
#654=ORIENTED_EDGE('',*,*,#520,.F.);
#655=ORIENTED_EDGE('',*,*,#521,.T.);
#656=ORIENTED_EDGE('',*,*,#508,.T.);
#657=ORIENTED_EDGE('',*,*,#522,.F.);
#658=ORIENTED_EDGE('',*,*,#500,.T.);
#659=ORIENTED_EDGE('',*,*,#523,.T.);
#660=ORIENTED_EDGE('',*,*,#519,.F.);
#661=ORIENTED_EDGE('',*,*,#524,.T.);
#662=ORIENTED_EDGE('',*,*,#509,.T.);
#663=ORIENTED_EDGE('',*,*,#521,.F.);
#664=ORIENTED_EDGE('',*,*,#525,.F.);
#665=ORIENTED_EDGE('',*,*,#526,.F.);
#666=ORIENTED_EDGE('',*,*,#527,.F.);
#667=ORIENTED_EDGE('',*,*,#528,.F.);
#668=ORIENTED_EDGE('',*,*,#529,.T.);
#669=ORIENTED_EDGE('',*,*,#530,.T.);
#670=ORIENTED_EDGE('',*,*,#531,.T.);
#671=ORIENTED_EDGE('',*,*,#492,.F.);
#672=ORIENTED_EDGE('',*,*,#517,.F.);
#673=ORIENTED_EDGE('',*,*,#529,.F.);
#674=ORIENTED_EDGE('',*,*,#516,.F.);
#675=ORIENTED_EDGE('',*,*,#532,.T.);
#676=ORIENTED_EDGE('',*,*,#531,.F.);
#677=ORIENTED_EDGE('',*,*,#533,.T.);
#678=ORIENTED_EDGE('',*,*,#493,.F.);
#679=ORIENTED_EDGE('',*,*,#530,.F.);
#680=ORIENTED_EDGE('',*,*,#534,.F.);
#681=ORIENTED_EDGE('',*,*,#535,.F.);
#682=ORIENTED_EDGE('',*,*,#536,.F.);
#683=ORIENTED_EDGE('',*,*,#537,.T.);
#684=ORIENTED_EDGE('',*,*,#538,.T.);
#685=ORIENTED_EDGE('',*,*,#539,.T.);
#686=ORIENTED_EDGE('',*,*,#540,.T.);
#687=ORIENTED_EDGE('',*,*,#541,.T.);
#688=ORIENTED_EDGE('',*,*,#542,.T.);
#689=ORIENTED_EDGE('',*,*,#532,.F.);
#690=ORIENTED_EDGE('',*,*,#515,.T.);
#691=ORIENTED_EDGE('',*,*,#543,.T.);
#692=ORIENTED_EDGE('',*,*,#534,.T.);
#693=ORIENTED_EDGE('',*,*,#544,.T.);
#694=ORIENTED_EDGE('',*,*,#545,.T.);
#695=ORIENTED_EDGE('',*,*,#546,.T.);
#696=ORIENTED_EDGE('',*,*,#504,.F.);
#697=ORIENTED_EDGE('',*,*,#544,.F.);
#698=ORIENTED_EDGE('',*,*,#503,.F.);
#699=ORIENTED_EDGE('',*,*,#547,.T.);
#700=ORIENTED_EDGE('',*,*,#546,.F.);
#701=ORIENTED_EDGE('',*,*,#548,.T.);
#702=ORIENTED_EDGE('',*,*,#505,.F.);
#703=ORIENTED_EDGE('',*,*,#545,.F.);
#704=ORIENTED_EDGE('',*,*,#549,.F.);
#705=ORIENTED_EDGE('',*,*,#550,.T.);
#706=ORIENTED_EDGE('',*,*,#551,.F.);
#707=ORIENTED_EDGE('',*,*,#552,.T.);
#708=ORIENTED_EDGE('',*,*,#547,.F.);
#709=ORIENTED_EDGE('',*,*,#502,.T.);
#710=ORIENTED_EDGE('',*,*,#553,.T.);
#711=ORIENTED_EDGE('',*,*,#549,.T.);
#712=ORIENTED_EDGE('',*,*,#533,.F.);
#713=ORIENTED_EDGE('',*,*,#536,.T.);
#714=ORIENTED_EDGE('',*,*,#554,.T.);
#715=ORIENTED_EDGE('',*,*,#494,.T.);
#716=ORIENTED_EDGE('',*,*,#554,.F.);
#717=ORIENTED_EDGE('',*,*,#535,.T.);
#718=ORIENTED_EDGE('',*,*,#543,.F.);
#719=ORIENTED_EDGE('',*,*,#514,.T.);
#720=ORIENTED_EDGE('',*,*,#486,.F.);
#721=ORIENTED_EDGE('',*,*,#495,.T.);
#722=ORIENTED_EDGE('',*,*,#553,.F.);
#723=ORIENTED_EDGE('',*,*,#501,.T.);
#724=ORIENTED_EDGE('',*,*,#522,.T.);
#725=ORIENTED_EDGE('',*,*,#507,.T.);
#726=ORIENTED_EDGE('',*,*,#555,.F.);
#727=ORIENTED_EDGE('',*,*,#550,.F.);
#728=ORIENTED_EDGE('',*,*,#548,.F.);
#729=ORIENTED_EDGE('',*,*,#551,.T.);
#730=ORIENTED_EDGE('',*,*,#555,.T.);
#731=ORIENTED_EDGE('',*,*,#506,.T.);
#732=ORIENTED_EDGE('',*,*,#537,.F.);
#733=ORIENTED_EDGE('',*,*,#556,.T.);
#734=ORIENTED_EDGE('',*,*,#557,.T.);
#735=ORIENTED_EDGE('',*,*,#558,.F.);
#736=ORIENTED_EDGE('',*,*,#542,.F.);
#737=ORIENTED_EDGE('',*,*,#559,.T.);
#738=ORIENTED_EDGE('',*,*,#560,.T.);
#739=ORIENTED_EDGE('',*,*,#556,.F.);
#740=ORIENTED_EDGE('',*,*,#541,.F.);
#741=ORIENTED_EDGE('',*,*,#561,.T.);
#742=ORIENTED_EDGE('',*,*,#562,.T.);
#743=ORIENTED_EDGE('',*,*,#559,.F.);
#744=ORIENTED_EDGE('',*,*,#540,.F.);
#745=ORIENTED_EDGE('',*,*,#563,.T.);
#746=ORIENTED_EDGE('',*,*,#564,.T.);
#747=ORIENTED_EDGE('',*,*,#561,.F.);
#748=ORIENTED_EDGE('',*,*,#539,.F.);
#749=ORIENTED_EDGE('',*,*,#565,.T.);
#750=ORIENTED_EDGE('',*,*,#566,.T.);
#751=ORIENTED_EDGE('',*,*,#563,.F.);
#752=ORIENTED_EDGE('',*,*,#538,.F.);
#753=ORIENTED_EDGE('',*,*,#558,.T.);
#754=ORIENTED_EDGE('',*,*,#567,.T.);
#755=ORIENTED_EDGE('',*,*,#565,.F.);
#756=ORIENTED_EDGE('',*,*,#567,.F.);
#757=ORIENTED_EDGE('',*,*,#557,.F.);
#758=ORIENTED_EDGE('',*,*,#560,.F.);
#759=ORIENTED_EDGE('',*,*,#562,.F.);
#760=ORIENTED_EDGE('',*,*,#564,.F.);
#761=ORIENTED_EDGE('',*,*,#566,.F.);
#762=ORIENTED_EDGE('',*,*,#568,.F.);
#763=ORIENTED_EDGE('',*,*,#552,.F.);
#764=ORIENTED_EDGE('',*,*,#569,.T.);
#765=ORIENTED_EDGE('',*,*,#570,.T.);
#766=ORIENTED_EDGE('',*,*,#569,.F.);
#767=ORIENTED_EDGE('',*,*,#570,.F.);
#768=ORIENTED_EDGE('',*,*,#571,.F.);
#769=ORIENTED_EDGE('',*,*,#489,.F.);
#770=ORIENTED_EDGE('',*,*,#572,.T.);
#771=ORIENTED_EDGE('',*,*,#568,.T.);
#772=ORIENTED_EDGE('',*,*,#572,.F.);
#773=ORIENTED_EDGE('',*,*,#571,.T.);
#774=ORIENTED_EDGE('',*,*,#573,.T.);
#775=ORIENTED_EDGE('',*,*,#523,.F.);
#776=ORIENTED_EDGE('',*,*,#573,.F.);
#777=ORIENTED_EDGE('',*,*,#483,.F.);
#778=ORIENTED_EDGE('',*,*,#574,.T.);
#779=ORIENTED_EDGE('',*,*,#512,.T.);
#780=ORIENTED_EDGE('',*,*,#575,.F.);
#781=ORIENTED_EDGE('',*,*,#496,.T.);
#782=ORIENTED_EDGE('',*,*,#518,.F.);
#783=ORIENTED_EDGE('',*,*,#498,.T.);
#784=ORIENTED_EDGE('',*,*,#576,.T.);
#785=ORIENTED_EDGE('',*,*,#510,.T.);
#786=ORIENTED_EDGE('',*,*,#524,.F.);
#787=ORIENTED_EDGE('',*,*,#577,.F.);
#788=ORIENTED_EDGE('',*,*,#578,.F.);
#789=ORIENTED_EDGE('',*,*,#579,.F.);
#790=ORIENTED_EDGE('',*,*,#580,.F.);
#791=ORIENTED_EDGE('',*,*,#581,.F.);
#792=ORIENTED_EDGE('',*,*,#482,.F.);
#793=ORIENTED_EDGE('',*,*,#488,.T.);
#794=ORIENTED_EDGE('',*,*,#513,.T.);
#795=ORIENTED_EDGE('',*,*,#574,.F.);
#796=ORIENTED_EDGE('',*,*,#511,.T.);
#797=ORIENTED_EDGE('',*,*,#576,.F.);
#798=ORIENTED_EDGE('',*,*,#497,.T.);
#799=ORIENTED_EDGE('',*,*,#575,.T.);
#800=ORIENTED_EDGE('',*,*,#582,.T.);
#801=ORIENTED_EDGE('',*,*,#583,.T.);
#802=ORIENTED_EDGE('',*,*,#584,.T.);
#803=ORIENTED_EDGE('',*,*,#583,.F.);
#804=ORIENTED_EDGE('',*,*,#490,.T.);
#805=ORIENTED_EDGE('',*,*,#585,.F.);
#806=ORIENTED_EDGE('',*,*,#586,.F.);
#807=ORIENTED_EDGE('',*,*,#587,.T.);
#808=ORIENTED_EDGE('',*,*,#588,.T.);
#809=ORIENTED_EDGE('',*,*,#589,.T.);
#810=ORIENTED_EDGE('',*,*,#590,.T.);
#811=ORIENTED_EDGE('',*,*,#591,.T.);
#812=ORIENTED_EDGE('',*,*,#592,.F.);
#813=ORIENTED_EDGE('',*,*,#582,.F.);
#814=ORIENTED_EDGE('',*,*,#584,.F.);
#815=ORIENTED_EDGE('',*,*,#593,.T.);
#816=ORIENTED_EDGE('',*,*,#525,.T.);
#817=ORIENTED_EDGE('',*,*,#593,.F.);
#818=ORIENTED_EDGE('',*,*,#585,.T.);
#819=ORIENTED_EDGE('',*,*,#594,.T.);
#820=ORIENTED_EDGE('',*,*,#595,.T.);
#821=ORIENTED_EDGE('',*,*,#594,.F.);
#822=ORIENTED_EDGE('',*,*,#595,.F.);
#823=ORIENTED_EDGE('',*,*,#596,.T.);
#824=ORIENTED_EDGE('',*,*,#527,.T.);
#825=ORIENTED_EDGE('',*,*,#596,.F.);
#826=ORIENTED_EDGE('',*,*,#592,.T.);
#827=ORIENTED_EDGE('',*,*,#597,.T.);
#828=ORIENTED_EDGE('',*,*,#598,.T.);
#829=ORIENTED_EDGE('',*,*,#597,.F.);
#830=ORIENTED_EDGE('',*,*,#598,.F.);
#831=ORIENTED_EDGE('',*,*,#599,.T.);
#832=ORIENTED_EDGE('',*,*,#526,.T.);
#833=ORIENTED_EDGE('',*,*,#599,.F.);
#834=ORIENTED_EDGE('',*,*,#586,.T.);
#835=ORIENTED_EDGE('',*,*,#600,.T.);
#836=ORIENTED_EDGE('',*,*,#601,.T.);
#837=ORIENTED_EDGE('',*,*,#600,.F.);
#838=ORIENTED_EDGE('',*,*,#601,.F.);
#839=ORIENTED_EDGE('',*,*,#602,.T.);
#840=ORIENTED_EDGE('',*,*,#528,.T.);
#841=ORIENTED_EDGE('',*,*,#602,.F.);
#842=ORIENTED_EDGE('',*,*,#591,.F.);
#843=ORIENTED_EDGE('',*,*,#603,.T.);
#844=ORIENTED_EDGE('',*,*,#581,.T.);
#845=ORIENTED_EDGE('',*,*,#603,.F.);
#846=ORIENTED_EDGE('',*,*,#590,.F.);
#847=ORIENTED_EDGE('',*,*,#604,.T.);
#848=ORIENTED_EDGE('',*,*,#580,.T.);
#849=ORIENTED_EDGE('',*,*,#604,.F.);
#850=ORIENTED_EDGE('',*,*,#589,.F.);
#851=ORIENTED_EDGE('',*,*,#605,.T.);
#852=ORIENTED_EDGE('',*,*,#579,.T.);
#853=ORIENTED_EDGE('',*,*,#605,.F.);
#854=ORIENTED_EDGE('',*,*,#588,.F.);
#855=ORIENTED_EDGE('',*,*,#606,.T.);
#856=ORIENTED_EDGE('',*,*,#578,.T.);
#857=ORIENTED_EDGE('',*,*,#606,.F.);
#858=ORIENTED_EDGE('',*,*,#587,.F.);
#859=ORIENTED_EDGE('',*,*,#607,.T.);
#860=ORIENTED_EDGE('',*,*,#577,.T.);
#861=ORIENTED_EDGE('',*,*,#607,.F.);
#862=B_SPLINE_SURFACE_WITH_KNOTS('',3,3,((#1306,#1307,#1308,#1309,#1310,
#1311,#1312,#1313,#1314,#1315,#1316,#1317,#1318,#1319,#1320),(#1321,#1322,
#1323,#1324,#1325,#1326,#1327,#1328,#1329,#1330,#1331,#1332,#1333,#1334,
#1335),(#1336,#1337,#1338,#1339,#1340,#1341,#1342,#1343,#1344,#1345,#1346,
#1347,#1348,#1349,#1350),(#1351,#1352,#1353,#1354,#1355,#1356,#1357,#1358,
#1359,#1360,#1361,#1362,#1363,#1364,#1365)),.UNSPECIFIED.,.F.,.F.,.F.,(4,
4),(4,1,1,1,1,1,1,1,1,1,1,1,4),(0.,1.),(1.78425174417266,2.01833627762473,
2.2524208110768,2.48650534452887,2.72058987798094,2.95467441143301,3.18875894488508,
3.65692801178923,3.77397027851526,4.12509707869337,4.35918161214544,4.59326614559751,
5.06143521250165),.UNSPECIFIED.);
#863=B_SPLINE_SURFACE_WITH_KNOTS('',3,3,((#1704,#1705,#1706,#1707,#1708,
#1709,#1710,#1711,#1712,#1713,#1714,#1715,#1716,#1717,#1718),(#1719,#1720,
#1721,#1722,#1723,#1724,#1725,#1726,#1727,#1728,#1729,#1730,#1731,#1732,
#1733),(#1734,#1735,#1736,#1737,#1738,#1739,#1740,#1741,#1742,#1743,#1744,
#1745,#1746,#1747,#1748),(#1749,#1750,#1751,#1752,#1753,#1754,#1755,#1756,
#1757,#1758,#1759,#1760,#1761,#1762,#1763)),.UNSPECIFIED.,.F.,.F.,.F.,(4,
4),(4,1,1,1,1,1,1,1,1,1,1,1,4),(0.,1.),(-1.6385917341645,-1.40450720071243,
-1.17042266726035,-0.936338133808284,-0.702253600356213,-0.468169066904142,
-0.234084533452071,0.234084533452072,0.351126800178107,0.702253600356214,
0.936338133808285,1.17042266726036,1.6385917341645),.UNSPECIFIED.);
#864=B_SPLINE_SURFACE_WITH_KNOTS('',3,3,((#1983,#1984,#1985,#1986,#1987,
#1988,#1989,#1990),(#1991,#1992,#1993,#1994,#1995,#1996,#1997,#1998),(#1999,
#2000,#2001,#2002,#2003,#2004,#2005,#2006),(#2007,#2008,#2009,#2010,#2011,
#2012,#2013,#2014),(#2015,#2016,#2017,#2018,#2019,#2020,#2021,#2022)),
 .UNSPECIFIED.,.F.,.F.,.F.,(4,1,4),(4,1,1,1,1,4),(0.,0.571428571428571,
1.),(-8.15399132137085,-7.84570178777233,-7.53741225417382,-7.2291227205753,
-6.61254365337827,-5.99596458618124),.UNSPECIFIED.);
#865=B_SPLINE_SURFACE_WITH_KNOTS('',3,3,((#2035,#2036,#2037,#2038,#2039,
#2040,#2041,#2042),(#2043,#2044,#2045,#2046,#2047,#2048,#2049,#2050),(#2051,
#2052,#2053,#2054,#2055,#2056,#2057,#2058),(#2059,#2060,#2061,#2062,#2063,
#2064,#2065,#2066)),.UNSPECIFIED.,.F.,.F.,.F.,(4,4),(4,2,1,1,4),(0.,1.),
(-7.01427454522074,-7.01233871858423,-6.37404166491122,-6.16127598035355,
-5.94851029579588),.UNSPECIFIED.);
#866=B_SPLINE_SURFACE_WITH_KNOTS('',3,3,((#2075,#2076,#2077,#2078,#2079,
#2080),(#2081,#2082,#2083,#2084,#2085,#2086),(#2087,#2088,#2089,#2090,#2091,
#2092),(#2093,#2094,#2095,#2096,#2097,#2098)),.UNSPECIFIED.,.F.,.F.,.F.,
(4,4),(4,2,4),(0.,1.),(-1.06382842269293,0.,0.00193582663677627),
 .UNSPECIFIED.);
#867=B_SPLINE_SURFACE_WITH_KNOTS('',3,3,((#2125,#2126,#2127,#2128,#2129,
#2130,#2131),(#2132,#2133,#2134,#2135,#2136,#2137,#2138),(#2139,#2140,#2141,
#2142,#2143,#2144,#2145),(#2146,#2147,#2148,#2149,#2150,#2151,#2152),(#2153,
#2154,#2155,#2156,#2157,#2158,#2159)),.UNSPECIFIED.,.F.,.F.,.F.,(4,1,4),
(4,1,1,1,4),(0.,0.571428571428571,1.),(-8.15399132137085,-7.84570178777233,
-7.2291227205753,-6.61254365337827,-5.99596458618124),.UNSPECIFIED.);
#868=B_SPLINE_SURFACE_WITH_KNOTS('',3,3,((#2171,#2172,#2173,#2174,#2175,
#2176,#2177,#2178),(#2179,#2180,#2181,#2182,#2183,#2184,#2185,#2186),(#2187,
#2188,#2189,#2190,#2191,#2192,#2193,#2194),(#2195,#2196,#2197,#2198,#2199,
#2200,#2201,#2202)),.UNSPECIFIED.,.F.,.F.,.F.,(4,4),(4,2,1,1,4),(0.,1.),
(-7.0142745452194,-7.01233871858214,-6.37404166490957,-6.16127598035205,
-5.94851029579453),.UNSPECIFIED.);
#869=B_SPLINE_SURFACE_WITH_KNOTS('',3,3,((#2211,#2212,#2213,#2214,#2215,
#2216),(#2217,#2218,#2219,#2220,#2221,#2222),(#2223,#2224,#2225,#2226,#2227,
#2228),(#2229,#2230,#2231,#2232,#2233,#2234)),.UNSPECIFIED.,.F.,.F.,.F.,
(4,4),(4,2,4),(0.,1.),(-1.06382842269275,0.,0.00193582663696482),
 .UNSPECIFIED.);
#870=ADVANCED_FACE('',(#252),#862,.T.);
#871=ADVANCED_FACE('',(#253,#38),#225,.T.);
#872=ADVANCED_FACE('',(#254),#19,.T.);
#873=ADVANCED_FACE('',(#255),#863,.T.);
#874=ADVANCED_FACE('',(#256,#39),#226,.T.);
#875=ADVANCED_FACE('',(#257),#20,.F.);
#876=ADVANCED_FACE('',(#258),#227,.T.);
#877=ADVANCED_FACE('',(#259),#228,.T.);
#878=ADVANCED_FACE('',(#260),#229,.T.);
#879=ADVANCED_FACE('',(#261),#230,.T.);
#880=ADVANCED_FACE('',(#262),#864,.T.);
#881=ADVANCED_FACE('',(#263),#865,.T.);
#882=ADVANCED_FACE('',(#264),#866,.T.);
#883=ADVANCED_FACE('',(#265,#40),#231,.T.);
#884=ADVANCED_FACE('',(#266),#21,.T.);
#885=ADVANCED_FACE('',(#267),#867,.T.);
#886=ADVANCED_FACE('',(#268),#868,.T.);
#887=ADVANCED_FACE('',(#269),#869,.T.);
#888=ADVANCED_FACE('',(#270,#41),#232,.T.);
#889=ADVANCED_FACE('',(#271),#22,.T.);
#890=ADVANCED_FACE('',(#272),#23,.T.);
#891=ADVANCED_FACE('',(#273),#233,.T.);
#892=ADVANCED_FACE('',(#274),#234,.T.);
#893=ADVANCED_FACE('',(#275),#24,.T.);
#894=ADVANCED_FACE('',(#276),#235,.F.);
#895=ADVANCED_FACE('',(#277),#236,.F.);
#896=ADVANCED_FACE('',(#278),#237,.F.);
#897=ADVANCED_FACE('',(#279),#238,.F.);
#898=ADVANCED_FACE('',(#280),#239,.F.);
#899=ADVANCED_FACE('',(#281),#240,.F.);
#900=ADVANCED_FACE('',(#282,#42),#241,.F.);
#901=ADVANCED_FACE('',(#283),#25,.F.);
#902=ADVANCED_FACE('',(#284,#43),#242,.T.);
#903=ADVANCED_FACE('',(#285),#26,.F.);
#904=ADVANCED_FACE('',(#286),#27,.F.);
#905=ADVANCED_FACE('',(#287),#243,.T.);
#906=ADVANCED_FACE('',(#288),#244,.T.);
#907=ADVANCED_FACE('',(#289),#245,.T.);
#908=ADVANCED_FACE('',(#290),#246,.T.);
#909=ADVANCED_FACE('',(#291),#247,.T.);
#910=ADVANCED_FACE('',(#292),#248,.T.);
#911=ADVANCED_FACE('',(#293),#249,.T.);
#912=ADVANCED_FACE('',(#294),#28,.F.);
#913=ADVANCED_FACE('',(#295),#250,.T.);
#914=ADVANCED_FACE('',(#296),#15,.F.);
#915=ADVANCED_FACE('',(#297,#44,#45,#46,#47,#48,#49,#50,#51,#52),#251,.T.);
#916=ADVANCED_FACE('',(#298),#29,.F.);
#917=ADVANCED_FACE('',(#299),#16,.F.);
#918=ADVANCED_FACE('',(#300),#30,.F.);
#919=ADVANCED_FACE('',(#301),#17,.F.);
#920=ADVANCED_FACE('',(#302),#31,.F.);
#921=ADVANCED_FACE('',(#303),#18,.F.);
#922=ADVANCED_FACE('',(#304),#32,.F.);
#923=ADVANCED_FACE('',(#305),#33,.F.);
#924=ADVANCED_FACE('',(#306),#34,.F.);
#925=ADVANCED_FACE('',(#307),#35,.F.);
#926=ADVANCED_FACE('',(#308),#36,.F.);
#927=ADVANCED_FACE('',(#309),#37,.F.);
#928=CLOSED_SHELL('',(#870,#871,#872,#873,#874,#875,#876,#877,#878,#879,
#880,#881,#882,#883,#884,#885,#886,#887,#888,#889,#890,#891,#892,#893,#894,
#895,#896,#897,#898,#899,#900,#901,#902,#903,#904,#905,#906,#907,#908,#909,
#910,#911,#912,#913,#914,#915,#916,#917,#918,#919,#920,#921,#922,#923,#924,
#925,#926,#927));
#929=DERIVED_UNIT_ELEMENT(#931,1.);
#930=DERIVED_UNIT_ELEMENT(#2375,-3.);
#931=(
MASS_UNIT()
NAMED_UNIT(*)
SI_UNIT(.KILO.,.GRAM.)
);
#932=DERIVED_UNIT((#929,#930));
#933=MEASURE_REPRESENTATION_ITEM('density measure',
POSITIVE_RATIO_MEASURE(7850.),#932);
#934=PROPERTY_DEFINITION_REPRESENTATION(#939,#936);
#935=PROPERTY_DEFINITION_REPRESENTATION(#940,#937);
#936=REPRESENTATION('material name',(#938),#2372);
#937=REPRESENTATION('density',(#933),#2372);
#938=DESCRIPTIVE_REPRESENTATION_ITEM('Steel','Steel');
#939=PROPERTY_DEFINITION('material property','material name',#2382);
#940=PROPERTY_DEFINITION('material property','density of part',#2382);
#941=AXIS2_PLACEMENT_3D('',#1305,#1042,#1043);
#942=AXIS2_PLACEMENT_3D('',#1583,#1044,#1045);
#943=AXIS2_PLACEMENT_3D('',#1592,#1050,#1051);
#944=AXIS2_PLACEMENT_3D('',#1593,#1052,#1053);
#945=AXIS2_PLACEMENT_3D('',#1595,#1054,#1055);
#946=AXIS2_PLACEMENT_3D('',#1599,#1057,#1058);
#947=AXIS2_PLACEMENT_3D('',#1601,#1059,#1060);
#948=AXIS2_PLACEMENT_3D('',#1604,#1062,#1063);
#949=AXIS2_PLACEMENT_3D('',#1608,#1065,#1066);
#950=AXIS2_PLACEMENT_3D('',#1630,#1069,#1070);
#951=AXIS2_PLACEMENT_3D('',#1634,#1072,#1073);
#952=AXIS2_PLACEMENT_3D('',#1636,#1074,#1075);
#953=AXIS2_PLACEMENT_3D('',#1638,#1076,#1077);
#954=AXIS2_PLACEMENT_3D('',#1642,#1079,#1080);
#955=AXIS2_PLACEMENT_3D('',#1672,#1083,#1084);
#956=AXIS2_PLACEMENT_3D('',#1698,#1086,#1087);
#957=AXIS2_PLACEMENT_3D('',#1702,#1089,#1090);
#958=AXIS2_PLACEMENT_3D('',#1703,#1091,#1092);
#959=AXIS2_PLACEMENT_3D('',#1964,#1093,#1094);
#960=AXIS2_PLACEMENT_3D('',#1968,#1097,#1098);
#961=AXIS2_PLACEMENT_3D('',#1969,#1099,#1100);
#962=AXIS2_PLACEMENT_3D('',#1971,#1102,#1103);
#963=AXIS2_PLACEMENT_3D('',#1973,#1104,#1105);
#964=AXIS2_PLACEMENT_3D('',#1974,#1106,#1107);
#965=AXIS2_PLACEMENT_3D('',#1976,#1108,#1109);
#966=AXIS2_PLACEMENT_3D('',#1977,#1110,#1111);
#967=AXIS2_PLACEMENT_3D('',#1979,#1112,#1113);
#968=AXIS2_PLACEMENT_3D('',#1980,#1114,#1115);
#969=AXIS2_PLACEMENT_3D('',#1982,#1116,#1117);
#970=AXIS2_PLACEMENT_3D('',#2024,#1118,#1119);
#971=AXIS2_PLACEMENT_3D('',#2034,#1120,#1121);
#972=AXIS2_PLACEMENT_3D('',#2105,#1122,#1123);
#973=AXIS2_PLACEMENT_3D('',#2123,#1133,#1134);
#974=AXIS2_PLACEMENT_3D('',#2124,#1135,#1136);
#975=AXIS2_PLACEMENT_3D('',#2161,#1137,#1138);
#976=AXIS2_PLACEMENT_3D('',#2170,#1139,#1140);
#977=AXIS2_PLACEMENT_3D('',#2241,#1141,#1142);
#978=AXIS2_PLACEMENT_3D('',#2248,#1146,#1147);
#979=AXIS2_PLACEMENT_3D('',#2249,#1148,#1149);
#980=AXIS2_PLACEMENT_3D('',#2250,#1150,#1151);
#981=AXIS2_PLACEMENT_3D('',#2251,#1152,#1153);
#982=AXIS2_PLACEMENT_3D('',#2252,#1154,#1155);
#983=AXIS2_PLACEMENT_3D('',#2253,#1156,#1157);
#984=AXIS2_PLACEMENT_3D('',#2254,#1158,#1159);
#985=AXIS2_PLACEMENT_3D('',#2255,#1160,#1161);
#986=AXIS2_PLACEMENT_3D('',#2256,#1162,#1163);
#987=AXIS2_PLACEMENT_3D('',#2257,#1164,#1165);
#988=AXIS2_PLACEMENT_3D('',#2263,#1169,#1170);
#989=AXIS2_PLACEMENT_3D('',#2267,#1173,#1174);
#990=AXIS2_PLACEMENT_3D('',#2271,#1177,#1178);
#991=AXIS2_PLACEMENT_3D('',#2275,#1181,#1182);
#992=AXIS2_PLACEMENT_3D('',#2279,#1185,#1186);
#993=AXIS2_PLACEMENT_3D('',#2281,#1188,#1189);
#994=AXIS2_PLACEMENT_3D('',#2283,#1190,#1191);
#995=AXIS2_PLACEMENT_3D('',#2284,#1192,#1193);
#996=AXIS2_PLACEMENT_3D('',#2287,#1195,#1196);
#997=AXIS2_PLACEMENT_3D('',#2288,#1197,#1198);
#998=AXIS2_PLACEMENT_3D('',#2290,#1199,#1200);
#999=AXIS2_PLACEMENT_3D('',#2291,#1201,#1202);
#1000=AXIS2_PLACEMENT_3D('',#2293,#1204,#1205);
#1001=AXIS2_PLACEMENT_3D('',#2295,#1207,#1208);
#1002=AXIS2_PLACEMENT_3D('',#2298,#1211,#1212);
#1003=AXIS2_PLACEMENT_3D('',#2300,#1214,#1215);
#1004=AXIS2_PLACEMENT_3D('',#2302,#1216,#1217);
#1005=AXIS2_PLACEMENT_3D('',#2303,#1218,#1219);
#1006=AXIS2_PLACEMENT_3D('',#2305,#1220,#1221);
#1007=AXIS2_PLACEMENT_3D('',#2306,#1222,#1223);
#1008=AXIS2_PLACEMENT_3D('',#2308,#1224,#1225);
#1009=AXIS2_PLACEMENT_3D('',#2309,#1226,#1227);
#1010=AXIS2_PLACEMENT_3D('',#2311,#1228,#1229);
#1011=AXIS2_PLACEMENT_3D('',#2312,#1230,#1231);
#1012=AXIS2_PLACEMENT_3D('',#2314,#1232,#1233);
#1013=AXIS2_PLACEMENT_3D('',#2315,#1234,#1235);
#1014=AXIS2_PLACEMENT_3D('',#2316,#1236,#1237);
#1015=AXIS2_PLACEMENT_3D('',#2317,#1238,#1239);
#1016=AXIS2_PLACEMENT_3D('',#2319,#1240,#1241);
#1017=AXIS2_PLACEMENT_3D('',#2322,#1243,#1244);
#1018=AXIS2_PLACEMENT_3D('',#2323,#1245,#1246);
#1019=AXIS2_PLACEMENT_3D('',#2325,#1247,#1248);
#1020=AXIS2_PLACEMENT_3D('',#2327,#1249,#1250);
#1021=AXIS2_PLACEMENT_3D('',#2329,#1251,#1252);
#1022=AXIS2_PLACEMENT_3D('',#2331,#1253,#1254);
#1023=AXIS2_PLACEMENT_3D('',#2333,#1255,#1256);
#1024=AXIS2_PLACEMENT_3D('',#2335,#1257,#1258);
#1025=AXIS2_PLACEMENT_3D('',#2337,#1259,#1260);
#1026=AXIS2_PLACEMENT_3D('',#2339,#1261,#1262);
#1027=AXIS2_PLACEMENT_3D('',#2340,#1263,#1264);
#1028=AXIS2_PLACEMENT_3D('',#2342,#1266,#1267);
#1029=AXIS2_PLACEMENT_3D('',#2345,#1269,#1270);
#1030=AXIS2_PLACEMENT_3D('',#2346,#1271,#1272);
#1031=AXIS2_PLACEMENT_3D('',#2348,#1274,#1275);
#1032=AXIS2_PLACEMENT_3D('',#2351,#1277,#1278);
#1033=AXIS2_PLACEMENT_3D('',#2352,#1279,#1280);
#1034=AXIS2_PLACEMENT_3D('',#2354,#1282,#1283);
#1035=AXIS2_PLACEMENT_3D('',#2357,#1285,#1286);
#1036=AXIS2_PLACEMENT_3D('',#2358,#1287,#1288);
#1037=AXIS2_PLACEMENT_3D('',#2360,#1290,#1291);
#1038=AXIS2_PLACEMENT_3D('',#2362,#1293,#1294);
#1039=AXIS2_PLACEMENT_3D('',#2364,#1296,#1297);
#1040=AXIS2_PLACEMENT_3D('',#2366,#1299,#1300);
#1041=AXIS2_PLACEMENT_3D('',#2368,#1302,#1303);
#1042=DIRECTION('axis',(0.,0.,1.));
#1043=DIRECTION('refdir',(1.,0.,0.));
#1044=DIRECTION('center_axis',(1.,0.,0.));
#1045=DIRECTION('ref_axis',(0.,0.,-1.));
#1046=DIRECTION('',(0.,0.,-1.));
#1047=DIRECTION('',(0.,1.,0.));
#1048=DIRECTION('',(0.,0.,1.));
#1049=DIRECTION('',(0.,1.,0.));
#1050=DIRECTION('center_axis',(-1.,0.,0.));
#1051=DIRECTION('ref_axis',(0.,1.,0.));
#1052=DIRECTION('center_axis',(0.,0.,1.));
#1053=DIRECTION('ref_axis',(1.,0.,0.));
#1054=DIRECTION('center_axis',(0.,0.,1.));
#1055=DIRECTION('ref_axis',(1.,0.,0.));
#1056=DIRECTION('',(0.,0.,-1.));
#1057=DIRECTION('center_axis',(0.,0.,1.));
#1058=DIRECTION('ref_axis',(1.,0.,0.));
#1059=DIRECTION('center_axis',(0.,0.,1.));
#1060=DIRECTION('ref_axis',(1.,0.,0.));
#1061=DIRECTION('',(0.,0.,1.));
#1062=DIRECTION('center_axis',(0.,0.,-1.));
#1063=DIRECTION('ref_axis',(1.,0.,0.));
#1064=DIRECTION('',(0.,0.,-1.));
#1065=DIRECTION('center_axis',(0.,0.,-1.));
#1066=DIRECTION('ref_axis',(1.,0.,0.));
#1067=DIRECTION('',(0.,0.,1.));
#1068=DIRECTION('',(0.,0.,1.));
#1069=DIRECTION('center_axis',(0.,0.,-1.));
#1070=DIRECTION('ref_axis',(1.,0.,0.));
#1071=DIRECTION('',(0.,0.,-1.));
#1072=DIRECTION('center_axis',(0.,0.,1.));
#1073=DIRECTION('ref_axis',(1.,0.,0.));
#1074=DIRECTION('center_axis',(0.,0.,1.));
#1075=DIRECTION('ref_axis',(1.,0.,0.));
#1076=DIRECTION('center_axis',(0.,0.,1.));
#1077=DIRECTION('ref_axis',(1.,0.,0.));
#1078=DIRECTION('',(0.,0.,1.));
#1079=DIRECTION('center_axis',(0.,0.,-1.));
#1080=DIRECTION('ref_axis',(1.,0.,0.));
#1081=DIRECTION('',(0.,0.,-1.));
#1082=DIRECTION('',(0.,0.,-1.));
#1083=DIRECTION('center_axis',(0.,0.,-1.));
#1084=DIRECTION('ref_axis',(1.,0.,0.));
#1085=DIRECTION('',(0.,0.,1.));
#1086=DIRECTION('center_axis',(0.,0.,-1.));
#1087=DIRECTION('ref_axis',(1.,0.,0.));
#1088=DIRECTION('',(0.,0.,-1.));
#1089=DIRECTION('center_axis',(0.,0.,1.));
#1090=DIRECTION('ref_axis',(1.,0.,0.));
#1091=DIRECTION('center_axis',(0.,0.,1.));
#1092=DIRECTION('ref_axis',(1.,0.,0.));
#1093=DIRECTION('center_axis',(-1.,0.,0.));
#1094=DIRECTION('ref_axis',(0.,0.,1.));
#1095=DIRECTION('',(0.,1.,0.));
#1096=DIRECTION('',(0.,1.,0.));
#1097=DIRECTION('center_axis',(1.,0.,0.));
#1098=DIRECTION('ref_axis',(0.,1.,0.));
#1099=DIRECTION('center_axis',(0.,1.,0.));
#1100=DIRECTION('ref_axis',(1.,0.,0.));
#1101=DIRECTION('',(0.,1.,0.));
#1102=DIRECTION('center_axis',(0.,0.,1.));
#1103=DIRECTION('ref_axis',(1.,0.,0.));
#1104=DIRECTION('center_axis',(0.,0.,-1.));
#1105=DIRECTION('ref_axis',(1.,0.,0.));
#1106=DIRECTION('center_axis',(0.,0.,1.));
#1107=DIRECTION('ref_axis',(1.,0.,0.));
#1108=DIRECTION('center_axis',(0.,0.,-1.));
#1109=DIRECTION('ref_axis',(1.,0.,0.));
#1110=DIRECTION('center_axis',(0.,0.,1.));
#1111=DIRECTION('ref_axis',(1.,0.,0.));
#1112=DIRECTION('center_axis',(0.,0.,-1.));
#1113=DIRECTION('ref_axis',(1.,0.,0.));
#1114=DIRECTION('center_axis',(0.,0.,1.));
#1115=DIRECTION('ref_axis',(1.,0.,0.));
#1116=DIRECTION('center_axis',(0.,0.,-1.));
#1117=DIRECTION('ref_axis',(1.,0.,0.));
#1118=DIRECTION('center_axis',(-1.30176377668181E-16,0.905663198439684,
0.42399784314546));
#1119=DIRECTION('ref_axis',(0.70767205584929,-0.299571883104522,0.639888231039805));
#1120=DIRECTION('center_axis',(2.72077426112087E-16,-0.905663198406258,
0.423997843216858));
#1121=DIRECTION('ref_axis',(1.,-9.91151605234109E-13,-2.11775041947249E-12));
#1122=DIRECTION('center_axis',(-1.,0.,-1.79550893470376E-16));
#1123=DIRECTION('ref_axis',(-1.79550893470376E-16,0.,1.));
#1124=DIRECTION('',(-1.79550893470376E-16,-2.035915764866E-16,1.));
#1125=DIRECTION('',(0.,1.,0.));
#1126=DIRECTION('',(1.79550893470376E-16,-2.035915764866E-16,-1.));
#1127=DIRECTION('',(-1.55495635017539E-16,-0.499999999999999,0.866025403784439));
#1128=DIRECTION('',(0.,-1.,0.));
#1129=DIRECTION('',(1.55495635017539E-16,-0.5,-0.866025403784439));
#1130=DIRECTION('',(1.55495635017539E-16,0.5,-0.866025403784439));
#1131=DIRECTION('',(0.,1.,0.));
#1132=DIRECTION('',(-1.55495635017539E-16,0.500000000000001,0.866025403784438));
#1133=DIRECTION('center_axis',(1.79550893470376E-16,2.035915764866E-16,
-1.));
#1134=DIRECTION('ref_axis',(-0.935414346693486,0.353553390593273,-9.59739895507561E-17));
#1135=DIRECTION('center_axis',(0.,0.,1.));
#1136=DIRECTION('ref_axis',(-0.935414346693486,0.353553390593273,-9.59739895507561E-17));
#1137=DIRECTION('center_axis',(1.8901789866893E-16,-0.905663198439684,0.423997843145459));
#1138=DIRECTION('ref_axis',(-0.70767205584929,0.299571883104522,0.639888231039805));
#1139=DIRECTION('center_axis',(-1.45409012450623E-15,0.905663198406259,
0.423997843216856));
#1140=DIRECTION('ref_axis',(-1.,9.90041382209483E-13,-2.11816675310672E-12));
#1141=DIRECTION('center_axis',(1.,0.,-1.79550893470376E-16));
#1142=DIRECTION('ref_axis',(-1.79550893470376E-16,0.,-1.));
#1143=DIRECTION('',(1.79550893470376E-16,2.035915764866E-16,1.));
#1144=DIRECTION('',(0.,1.,0.));
#1145=DIRECTION('',(-1.79550893470376E-16,2.035915764866E-16,-1.));
#1146=DIRECTION('center_axis',(-1.,0.,1.79550893470376E-16));
#1147=DIRECTION('ref_axis',(0.,1.,0.));
#1148=DIRECTION('center_axis',(-1.79550893470376E-16,-2.035915764866E-16,
-1.));
#1149=DIRECTION('ref_axis',(0.935414346693485,-0.353553390593274,-9.5973989550756E-17));
#1150=DIRECTION('center_axis',(0.,0.,1.));
#1151=DIRECTION('ref_axis',(0.935414346693485,-0.353553390593274,-9.5973989550756E-17));
#1152=DIRECTION('center_axis',(-1.79550893470376E-16,2.035915764866E-16,
1.));
#1153=DIRECTION('ref_axis',(-0.935414346693486,-0.353553390593273,-9.59739895507561E-17));
#1154=DIRECTION('center_axis',(0.,0.,1.));
#1155=DIRECTION('ref_axis',(-0.935414346693486,-0.353553390593273,-9.59739895507561E-17));
#1156=DIRECTION('center_axis',(0.,0.,-1.));
#1157=DIRECTION('ref_axis',(-1.,0.,0.));
#1158=DIRECTION('center_axis',(0.,0.,-1.));
#1159=DIRECTION('ref_axis',(-1.,0.,0.));
#1160=DIRECTION('center_axis',(0.,0.,1.));
#1161=DIRECTION('ref_axis',(0.935414346693485,0.353553390593274,-9.5973989550756E-17));
#1162=DIRECTION('center_axis',(1.79550893470376E-16,-2.035915764866E-16,
1.));
#1163=DIRECTION('ref_axis',(0.935414346693485,0.353553390593274,-9.5973989550756E-17));
#1164=DIRECTION('center_axis',(0.,0.866025403784439,0.499999999999999));
#1165=DIRECTION('ref_axis',(0.,-0.499999999999999,0.866025403784439));
#1166=DIRECTION('',(1.,0.,0.));
#1167=DIRECTION('',(0.,-0.499999999999999,0.866025403784439));
#1168=DIRECTION('',(1.,0.,0.));
#1169=DIRECTION('center_axis',(0.,0.866025403784438,-0.500000000000001));
#1170=DIRECTION('ref_axis',(0.,0.500000000000001,0.866025403784438));
#1171=DIRECTION('',(1.,0.,0.));
#1172=DIRECTION('',(0.,0.500000000000001,0.866025403784438));
#1173=DIRECTION('center_axis',(0.,0.,-1.));
#1174=DIRECTION('ref_axis',(0.,1.,0.));
#1175=DIRECTION('',(1.,0.,0.));
#1176=DIRECTION('',(0.,1.,0.));
#1177=DIRECTION('center_axis',(0.,-0.866025403784439,-0.5));
#1178=DIRECTION('ref_axis',(0.,0.5,-0.866025403784439));
#1179=DIRECTION('',(1.,0.,0.));
#1180=DIRECTION('',(0.,0.5,-0.866025403784439));
#1181=DIRECTION('center_axis',(0.,-0.866025403784439,0.5));
#1182=DIRECTION('ref_axis',(0.,-0.5,-0.866025403784439));
#1183=DIRECTION('',(1.,0.,0.));
#1184=DIRECTION('',(0.,-0.5,-0.866025403784439));
#1185=DIRECTION('center_axis',(0.,0.,1.));
#1186=DIRECTION('ref_axis',(0.,-1.,0.));
#1187=DIRECTION('',(0.,-1.,0.));
#1188=DIRECTION('center_axis',(1.,0.,0.));
#1189=DIRECTION('ref_axis',(0.,1.,0.));
#1190=DIRECTION('center_axis',(-1.,0.,0.));
#1191=DIRECTION('ref_axis',(0.,1.,0.));
#1192=DIRECTION('center_axis',(-1.,0.,0.));
#1193=DIRECTION('ref_axis',(0.,1.,0.));
#1194=DIRECTION('',(-1.,0.,0.));
#1195=DIRECTION('center_axis',(-1.,0.,0.));
#1196=DIRECTION('ref_axis',(0.,1.,0.));
#1197=DIRECTION('center_axis',(1.,0.,0.));
#1198=DIRECTION('ref_axis',(0.,1.,0.));
#1199=DIRECTION('center_axis',(1.,0.,0.));
#1200=DIRECTION('ref_axis',(0.,1.,0.));
#1201=DIRECTION('center_axis',(-1.,0.,0.));
#1202=DIRECTION('ref_axis',(0.,1.,0.));
#1203=DIRECTION('',(-1.,0.,0.));
#1204=DIRECTION('center_axis',(-1.,0.,0.));
#1205=DIRECTION('ref_axis',(0.,1.,0.));
#1206=DIRECTION('',(-1.,0.,0.));
#1207=DIRECTION('center_axis',(1.,0.,0.));
#1208=DIRECTION('ref_axis',(0.,0.,-1.));
#1209=DIRECTION('',(0.,1.,0.));
#1210=DIRECTION('',(0.,1.,0.));
#1211=DIRECTION('center_axis',(-1.,0.,0.));
#1212=DIRECTION('ref_axis',(0.,0.,1.));
#1213=DIRECTION('',(0.,1.,0.));
#1214=DIRECTION('center_axis',(0.,0.,1.));
#1215=DIRECTION('ref_axis',(1.,0.,0.));
#1216=DIRECTION('center_axis',(0.,0.,-1.));
#1217=DIRECTION('ref_axis',(1.,0.,0.));
#1218=DIRECTION('center_axis',(0.,0.,1.));
#1219=DIRECTION('ref_axis',(1.,0.,0.));
#1220=DIRECTION('center_axis',(0.,0.,-1.));
#1221=DIRECTION('ref_axis',(1.,0.,0.));
#1222=DIRECTION('center_axis',(0.,0.,1.));
#1223=DIRECTION('ref_axis',(1.,0.,0.));
#1224=DIRECTION('center_axis',(0.,0.,-1.));
#1225=DIRECTION('ref_axis',(1.,0.,0.));
#1226=DIRECTION('center_axis',(0.,0.,1.));
#1227=DIRECTION('ref_axis',(1.,0.,0.));
#1228=DIRECTION('center_axis',(0.,0.,-1.));
#1229=DIRECTION('ref_axis',(1.,0.,0.));
#1230=DIRECTION('center_axis',(0.,0.,1.));
#1231=DIRECTION('ref_axis',(1.,0.,0.));
#1232=DIRECTION('center_axis',(0.,0.,-1.));
#1233=DIRECTION('ref_axis',(1.,0.,0.));
#1234=DIRECTION('center_axis',(0.,1.,0.));
#1235=DIRECTION('ref_axis',(-1.,0.,1.22464679914735E-16));
#1236=DIRECTION('center_axis',(0.,0.,-1.));
#1237=DIRECTION('ref_axis',(-1.,0.,0.));
#1238=DIRECTION('center_axis',(0.,0.,1.));
#1239=DIRECTION('ref_axis',(1.,0.,0.));
#1240=DIRECTION('center_axis',(0.,0.,1.));
#1241=DIRECTION('ref_axis',(1.,0.,0.));
#1242=DIRECTION('',(0.707106781186548,8.65956056235493E-17,-0.707106781186547));
#1243=DIRECTION('center_axis',(0.,0.,-1.));
#1244=DIRECTION('ref_axis',(1.,0.,0.));
#1245=DIRECTION('center_axis',(0.,0.,1.));
#1246=DIRECTION('ref_axis',(1.,0.,0.));
#1247=DIRECTION('center_axis',(0.,0.,1.));
#1248=DIRECTION('ref_axis',(1.,0.,0.));
#1249=DIRECTION('center_axis',(0.,0.,1.));
#1250=DIRECTION('ref_axis',(1.,0.,0.));
#1251=DIRECTION('center_axis',(0.,0.,-1.));
#1252=DIRECTION('ref_axis',(1.,0.,0.));
#1253=DIRECTION('center_axis',(0.,0.,-1.));
#1254=DIRECTION('ref_axis',(1.,0.,0.));
#1255=DIRECTION('center_axis',(0.,0.,-1.));
#1256=DIRECTION('ref_axis',(1.,0.,0.));
#1257=DIRECTION('center_axis',(0.,0.,-1.));
#1258=DIRECTION('ref_axis',(1.,0.,0.));
#1259=DIRECTION('center_axis',(0.,0.,-1.));
#1260=DIRECTION('ref_axis',(1.,0.,0.));
#1261=DIRECTION('center_axis',(0.,0.,1.));
#1262=DIRECTION('ref_axis',(1.,0.,0.));
#1263=DIRECTION('center_axis',(0.,0.,1.));
#1264=DIRECTION('ref_axis',(1.,0.,0.));
#1265=DIRECTION('',(0.,0.,-1.));
#1266=DIRECTION('center_axis',(0.,0.,1.));
#1267=DIRECTION('ref_axis',(1.,0.,0.));
#1268=DIRECTION('',(0.707106781186548,8.65956056235493E-17,-0.707106781186547));
#1269=DIRECTION('center_axis',(0.,0.,-1.));
#1270=DIRECTION('ref_axis',(1.,0.,0.));
#1271=DIRECTION('center_axis',(0.,0.,1.));
#1272=DIRECTION('ref_axis',(1.,0.,0.));
#1273=DIRECTION('',(0.,0.,-1.));
#1274=DIRECTION('center_axis',(0.,0.,1.));
#1275=DIRECTION('ref_axis',(1.,0.,0.));
#1276=DIRECTION('',(0.707106781186548,8.65956056235493E-17,-0.707106781186547));
#1277=DIRECTION('center_axis',(0.,0.,-1.));
#1278=DIRECTION('ref_axis',(1.,0.,0.));
#1279=DIRECTION('center_axis',(0.,0.,1.));
#1280=DIRECTION('ref_axis',(1.,0.,0.));
#1281=DIRECTION('',(0.,0.,-1.));
#1282=DIRECTION('center_axis',(0.,0.,1.));
#1283=DIRECTION('ref_axis',(1.,0.,0.));
#1284=DIRECTION('',(0.707106781186548,8.65956056235493E-17,-0.707106781186547));
#1285=DIRECTION('center_axis',(0.,0.,-1.));
#1286=DIRECTION('ref_axis',(1.,0.,0.));
#1287=DIRECTION('center_axis',(0.,0.,1.));
#1288=DIRECTION('ref_axis',(1.,0.,0.));
#1289=DIRECTION('',(0.,0.,-1.));
#1290=DIRECTION('center_axis',(0.,0.,1.));
#1291=DIRECTION('ref_axis',(1.,0.,0.));
#1292=DIRECTION('',(0.,0.,-1.));
#1293=DIRECTION('center_axis',(0.,0.,1.));
#1294=DIRECTION('ref_axis',(1.,0.,0.));
#1295=DIRECTION('',(0.,0.,-1.));
#1296=DIRECTION('center_axis',(0.,0.,1.));
#1297=DIRECTION('ref_axis',(1.,0.,0.));
#1298=DIRECTION('',(0.,0.,-1.));
#1299=DIRECTION('center_axis',(0.,0.,1.));
#1300=DIRECTION('ref_axis',(1.,0.,0.));
#1301=DIRECTION('',(0.,0.,-1.));
#1302=DIRECTION('center_axis',(0.,0.,1.));
#1303=DIRECTION('ref_axis',(1.,0.,0.));
#1304=DIRECTION('',(0.,0.,-1.));
#1305=CARTESIAN_POINT('',(0.,0.,0.));
#1306=CARTESIAN_POINT('Ctrl Pts',(-0.699160110812096,-19.9877781900376,
-4.92204102104322));
#1307=CARTESIAN_POINT('Ctrl Pts',(-1.45423658367124,-19.9613770846556,-4.96969595020829));
#1308=CARTESIAN_POINT('Ctrl Pts',(-2.98784872699566,-19.82034139152,-5.22369250666418));
#1309=CARTESIAN_POINT('Ctrl Pts',(-5.19600485597497,-19.3591809101003,-6.09604580267169));
#1310=CARTESIAN_POINT('Ctrl Pts',(-7.14116753996622,-18.7382012774384,-7.40170336604041));
#1311=CARTESIAN_POINT('Ctrl Pts',(-8.72172776731013,-18.0833336386581,-9.00773363819155));
#1312=CARTESIAN_POINT('Ctrl Pts',(-10.058332279835,-17.4223447907067,-11.0794893399073));
#1313=CARTESIAN_POINT('Ctrl Pts',(-11.1928319528244,-16.774654194463,-14.3011424197765));
#1314=CARTESIAN_POINT('Ctrl Pts',(-11.1933180745094,-16.7757588004382,-17.2703913206109));
#1315=CARTESIAN_POINT('Ctrl Pts',(-10.2496142734445,-17.3150479903284,-20.5326882944778));
#1316=CARTESIAN_POINT('Ctrl Pts',(-8.99518341991579,-17.9712972402229,-22.7225436534848));
#1317=CARTESIAN_POINT('Ctrl Pts',(-7.13734401446599,-18.7386034270975,-24.5990548917757));
#1318=CARTESIAN_POINT('Ctrl Pts',(-4.54845980426206,-19.5691167610836,-26.3435545846993));
#1319=CARTESIAN_POINT('Ctrl Pts',(-2.20931305653039,-19.9349759792735,-26.9826491206266));
#1320=CARTESIAN_POINT('Ctrl Pts',(-0.699160110812096,-19.9877781900376,
-27.0779589789568));
#1321=CARTESIAN_POINT('Ctrl Pts',(-0.732773407208064,-20.3201042507537,
-4.59018673656476));
#1322=CARTESIAN_POINT('Ctrl Pts',(-1.52396824734852,-20.2915313388003,-4.64103142167004));
#1323=CARTESIAN_POINT('Ctrl Pts',(-3.12904808098657,-20.1388035468852,-4.91218690366466));
#1324=CARTESIAN_POINT('Ctrl Pts',(-5.41882714038398,-19.6432683473521,-5.83567992432799));
#1325=CARTESIAN_POINT('Ctrl Pts',(-7.41069963757976,-18.982583681925,-7.20196767999754));
#1326=CARTESIAN_POINT('Ctrl Pts',(-9.00980141637074,-18.291601972968,-8.86548762940694));
#1327=CARTESIAN_POINT('Ctrl Pts',(-10.3476479602758,-17.5985239007033,-10.9928479234111));
#1328=CARTESIAN_POINT('Ctrl Pts',(-11.4707581792549,-16.9228085394919,-14.2771853771572));
#1329=CARTESIAN_POINT('Ctrl Pts',(-11.4714226576884,-16.9239505400103,-17.2883862599059));
#1330=CARTESIAN_POINT('Ctrl Pts',(-10.5373159004304,-17.4864920438678,-20.6107939294575));
#1331=CARTESIAN_POINT('Ctrl Pts',(-9.28671529852411,-18.1733617586463,-22.8548060297302));
#1332=CARTESIAN_POINT('Ctrl Pts',(-7.4066094090184,-18.9829908998846,-24.79882685171));
#1333=CARTESIAN_POINT('Ctrl Pts',(-4.75637834222404,-19.8666506824158,-26.6243987016108));
#1334=CARTESIAN_POINT('Ctrl Pts',(-2.31516308748898,-20.2629584268469,-27.3081238932247));
#1335=CARTESIAN_POINT('Ctrl Pts',(-0.732773407208063,-20.3201042507537,
-27.4098132634352));
#1336=CARTESIAN_POINT('Ctrl Pts',(-0.766386703604031,-20.6524303114698,
-4.2583324520863));
#1337=CARTESIAN_POINT('Ctrl Pts',(-1.59369991102581,-20.621685592945,-4.31236689313178));
#1338=CARTESIAN_POINT('Ctrl Pts',(-3.27024743497749,-20.4572657022505,-4.60068130066514));
#1339=CARTESIAN_POINT('Ctrl Pts',(-5.64164942479299,-19.9273557846038,-5.57531404598428));
#1340=CARTESIAN_POINT('Ctrl Pts',(-7.6802317351933,-19.2269660864116,-7.00223199395466));
#1341=CARTESIAN_POINT('Ctrl Pts',(-9.29787506543134,-18.499870307278,-8.72324162062231));
#1342=CARTESIAN_POINT('Ctrl Pts',(-10.6369636407166,-17.7747030106999,-10.9062065069148));
#1343=CARTESIAN_POINT('Ctrl Pts',(-11.7486844056854,-17.0709628845208,-14.2532283345378));
#1344=CARTESIAN_POINT('Ctrl Pts',(-11.7495272408675,-17.0721422795825,-17.3063811992009));
#1345=CARTESIAN_POINT('Ctrl Pts',(-10.8250175274164,-17.6579360974073,-20.6888995644373));
#1346=CARTESIAN_POINT('Ctrl Pts',(-9.57824717713243,-18.3754262770698,-22.9870684059755));
#1347=CARTESIAN_POINT('Ctrl Pts',(-7.67587480357081,-19.2273783726717,-24.9985988116442));
#1348=CARTESIAN_POINT('Ctrl Pts',(-4.96429688018603,-20.1641846037479,-26.9052428185223));
#1349=CARTESIAN_POINT('Ctrl Pts',(-2.42101311844758,-20.5909408744202,-27.6335986658227));
#1350=CARTESIAN_POINT('Ctrl Pts',(-0.766386703604031,-20.6524303114699,
-27.7416675479137));
#1351=CARTESIAN_POINT('Ctrl Pts',(-0.799999999999999,-20.984756372186,-3.92647816760784));
#1352=CARTESIAN_POINT('Ctrl Pts',(-1.66343157470309,-20.9518398470898,-3.98370236459352));
#1353=CARTESIAN_POINT('Ctrl Pts',(-3.41144678896841,-20.7757278576157,-4.28917569766563));
#1354=CARTESIAN_POINT('Ctrl Pts',(-5.86447170920199,-20.2114432218555,-5.31494816764058));
#1355=CARTESIAN_POINT('Ctrl Pts',(-7.94976383280685,-19.4713484908982,-6.80249630791178));
#1356=CARTESIAN_POINT('Ctrl Pts',(-9.58594871449195,-18.708138641588,-8.58099561183769));
#1357=CARTESIAN_POINT('Ctrl Pts',(-10.9262793211575,-17.9508821206965,-10.8195650904185));
#1358=CARTESIAN_POINT('Ctrl Pts',(-12.0266106321159,-17.2191172295497,-14.2292712919185));
#1359=CARTESIAN_POINT('Ctrl Pts',(-12.0276318240465,-17.2203340191547,-17.3243761384958));
#1360=CARTESIAN_POINT('Ctrl Pts',(-11.1127191544023,-17.8293801509468,-20.767005199417));
#1361=CARTESIAN_POINT('Ctrl Pts',(-9.86977905574074,-18.5774907954932,-23.1193307822209));
#1362=CARTESIAN_POINT('Ctrl Pts',(-7.94514019812322,-19.4717658454589,-25.1983707715785));
#1363=CARTESIAN_POINT('Ctrl Pts',(-5.17221541814802,-20.46171852508,-27.1860869354339));
#1364=CARTESIAN_POINT('Ctrl Pts',(-2.52686314940618,-20.9189233219936,-27.9590734384208));
#1365=CARTESIAN_POINT('Ctrl Pts',(-0.799999999999999,-20.984756372186,-28.0735218323922));
#1366=CARTESIAN_POINT('',(-0.8,-20.984756372186,-28.0735218323922));
#1367=CARTESIAN_POINT('',(-0.800000000000002,-19.9839979618491,-27.0711336366246));
#1368=CARTESIAN_POINT('Ctrl Pts',(-0.799999999999999,-20.984756372186,-28.0735218323922));
#1369=CARTESIAN_POINT('Ctrl Pts',(-0.800000000000002,-20.8181374675885,
-27.9066659313345));
#1370=CARTESIAN_POINT('Ctrl Pts',(-0.800006324601112,-20.6509749452213,
-27.7392502767888));
#1371=CARTESIAN_POINT('Ctrl Pts',(-0.80002150291412,-20.4843505743173,-27.5723553108838));
#1372=CARTESIAN_POINT('Ctrl Pts',(-0.800036677669437,-20.3177652590837,
-27.405499464075));
#1373=CARTESIAN_POINT('Ctrl Pts',(-0.80006059185308,-20.1505586722441,-27.2380030033723));
#1374=CARTESIAN_POINT('Ctrl Pts',(-0.800083246790366,-19.9839686492215,
-27.0711025644576));
#1375=CARTESIAN_POINT('',(-0.800000000000002,-19.9839979618491,-4.92886636337543));
#1376=CARTESIAN_POINT('Ctrl Pts',(-0.800000015590491,-19.9839974761102,
-27.0711341214624));
#1377=CARTESIAN_POINT('Ctrl Pts',(-1.05326741401196,-19.9738617506932,-27.0528354721412));
#1378=CARTESIAN_POINT('Ctrl Pts',(-1.3078042050359,-19.9585950683608,-27.0254619418326));
#1379=CARTESIAN_POINT('Ctrl Pts',(-1.5625933573559,-19.9384367875841,-26.9890440009284));
#1380=CARTESIAN_POINT('Ctrl Pts',(-1.81979141700621,-19.9180879200816,-26.9522817461317));
#1381=CARTESIAN_POINT('Ctrl Pts',(-2.07724661669613,-19.8927538823826,-26.9063023638682));
#1382=CARTESIAN_POINT('Ctrl Pts',(-2.33385983682382,-19.862681959583,-26.8511369672653));
#1383=CARTESIAN_POINT('Ctrl Pts',(-2.59227432837637,-19.8323989498597,-26.7955843425513));
#1384=CARTESIAN_POINT('Ctrl Pts',(-2.84983465019999,-19.7973107959453,-26.7307155771624));
#1385=CARTESIAN_POINT('Ctrl Pts',(-3.10536750962861,-19.7576798415987,-26.656574358778));
#1386=CARTESIAN_POINT('Ctrl Pts',(-3.36725136062732,-19.7170639029431,-26.5805904409694));
#1387=CARTESIAN_POINT('Ctrl Pts',(-3.62700515744522,-19.671676103495,-26.4948668150774));
#1388=CARTESIAN_POINT('Ctrl Pts',(-3.8833191635833,-19.6218165085785,-26.3994732720556));
#1389=CARTESIAN_POINT('Ctrl Pts',(-3.96018407358597,-19.6068643281114,-26.3708661108252));
#1390=CARTESIAN_POINT('Ctrl Pts',(-4.03673936138005,-19.5915101341531,-26.3413895047579));
#1391=CARTESIAN_POINT('Ctrl Pts',(-4.11294905865353,-19.5757623981207,-26.3110458326579));
#1392=CARTESIAN_POINT('Ctrl Pts',(-4.31111138509211,-19.5348147481501,-26.2321454712715));
#1393=CARTESIAN_POINT('Ctrl Pts',(-4.50744739779559,-19.4913919259343,-26.1474849819749));
#1394=CARTESIAN_POINT('Ctrl Pts',(-4.70117109752673,-19.4456894352235,-26.0571571362076));
#1395=CARTESIAN_POINT('Ctrl Pts',(-4.85327693147126,-19.4098052585711,-25.9862345163737));
#1396=CARTESIAN_POINT('Ctrl Pts',(-5.00377210357929,-19.3725162063232,-25.9118189589492));
#1397=CARTESIAN_POINT('Ctrl Pts',(-5.15227950882092,-19.3339263053233,-25.8339755708532));
#1398=CARTESIAN_POINT('Ctrl Pts',(-5.34494290263204,-19.283862395841,-25.7329868604794));
#1399=CARTESIAN_POINT('Ctrl Pts',(-5.53425955788543,-19.231608651505,-25.6262273841934));
#1400=CARTESIAN_POINT('Ctrl Pts',(-5.71973166850424,-19.1776947110014,-25.5143203573555));
#1401=CARTESIAN_POINT('Ctrl Pts',(-5.90887006141829,-19.1227150376235,-25.4002012310821));
#1402=CARTESIAN_POINT('Ctrl Pts',(-6.09400976670651,-19.0660095369074,-25.2807296282977));
#1403=CARTESIAN_POINT('Ctrl Pts',(-6.27465293718213,-19.008152695009,-25.1566108102135));
#1404=CARTESIAN_POINT('Ctrl Pts',(-6.45625427988621,-18.949988967337,-25.0318336378488));
#1405=CARTESIAN_POINT('Ctrl Pts',(-6.63331068240199,-18.8906623908967,-24.9023605915379));
#1406=CARTESIAN_POINT('Ctrl Pts',(-6.80535564359465,-18.8307588435731,-24.7689420823769));
#1407=CARTESIAN_POINT('Ctrl Pts',(-6.89827473258703,-18.7984057714102,-24.696884602518));
#1408=CARTESIAN_POINT('Ctrl Pts',(-6.98973274782108,-18.7658843723732,-24.623676771929));
#1409=CARTESIAN_POINT('Ctrl Pts',(-7.07966180832878,-18.7332860416375,-24.5494396504875));
#1410=CARTESIAN_POINT('Ctrl Pts',(-7.23206610226639,-18.6780411013338,-24.423628750058));
#1411=CARTESIAN_POINT('Ctrl Pts',(-7.38007876723946,-18.6225749760061,-24.2948580350342));
#1412=CARTESIAN_POINT('Ctrl Pts',(-7.52385912171227,-18.5670392336532,-24.16284513339));
#1413=CARTESIAN_POINT('Ctrl Pts',(-7.56759742259089,-18.5501451383684,-24.1226865176101));
#1414=CARTESIAN_POINT('Ctrl Pts',(-7.61094418215369,-18.5332445966344,-24.0822282156409));
#1415=CARTESIAN_POINT('Ctrl Pts',(-7.65390416319232,-18.5163418553819,-24.0414632104025));
#1416=CARTESIAN_POINT('Ctrl Pts',(-7.79729634070694,-18.4599237468172,-23.9053974411398));
#1417=CARTESIAN_POINT('Ctrl Pts',(-7.93788605377185,-18.4029807682511,-23.7646032351798));
#1418=CARTESIAN_POINT('Ctrl Pts',(-8.07560585409743,-18.3456699469177,-23.6186304344809));
#1419=CARTESIAN_POINT('Ctrl Pts',(-8.21108746476042,-18.2892905275145,-23.4750299492572));
#1420=CARTESIAN_POINT('Ctrl Pts',(-8.34379206544881,-18.2325553223073,-23.3264170433915));
#1421=CARTESIAN_POINT('Ctrl Pts',(-8.47369811485462,-18.1756228137756,-23.1723873162712));
#1422=CARTESIAN_POINT('Ctrl Pts',(-8.54510173569158,-18.1443295270419,-23.0877239747006));
#1423=CARTESIAN_POINT('Ctrl Pts',(-8.61566057585726,-18.1129767726374,-23.0014245889062));
#1424=CARTESIAN_POINT('Ctrl Pts',(-8.68537605074993,-18.0815917236429,-22.9134264832459));
#1425=CARTESIAN_POINT('Ctrl Pts',(-8.80494011168605,-18.0277654545651,-22.7625071804136));
#1426=CARTESIAN_POINT('Ctrl Pts',(-8.92202298395114,-17.973843652764,-22.6065881649161));
#1427=CARTESIAN_POINT('Ctrl Pts',(-9.0359957319409,-17.9202943303333,-22.4461418484497));
#1428=CARTESIAN_POINT('Ctrl Pts',(-9.15073584859218,-17.8663844649429,-22.284615260802));
#1429=CARTESIAN_POINT('Ctrl Pts',(-9.26232306040043,-17.8128527534866,-22.1185006720231));
#1430=CARTESIAN_POINT('Ctrl Pts',(-9.37013948356555,-17.7601790942301,-21.9483262686671));
#1431=CARTESIAN_POINT('Ctrl Pts',(-9.47645453052759,-17.7082389315617,-21.7805215951915));
#1432=CARTESIAN_POINT('Ctrl Pts',(-9.57910246813121,-17.6571337008295,-21.6087699960375));
#1433=CARTESIAN_POINT('Ctrl Pts',(-9.67752402088872,-17.6073164885774,-21.4336143750051));
#1434=CARTESIAN_POINT('Ctrl Pts',(-9.77234869776154,-17.5593198768378,-21.2648599233478));
#1435=CARTESIAN_POINT('Ctrl Pts',(-9.8632499283815,-17.5125193084754,-21.0929463259859));
#1436=CARTESIAN_POINT('Ctrl Pts',(-9.94976506073028,-17.4673058254801,-20.9183841384044));
#1437=CARTESIAN_POINT('Ctrl Pts',(-10.0212014225813,-17.4299726255634,-20.7742464915093));
#1438=CARTESIAN_POINT('Ctrl Pts',(-10.089647898608,-17.3937213704387,-20.6283036040958));
#1439=CARTESIAN_POINT('Ctrl Pts',(-10.1548668063537,-17.3587613377059,-20.4808522895573));
#1440=CARTESIAN_POINT('Ctrl Pts',(-10.2454320070893,-17.3102146433252,-20.276096362764));
#1441=CARTESIAN_POINT('Ctrl Pts',(-10.3302590921717,-17.2641331996479,-20.0678764156204));
#1442=CARTESIAN_POINT('Ctrl Pts',(-10.40877549437,-17.2209675902003,-19.8564252573925));
#1443=CARTESIAN_POINT('Ctrl Pts',(-10.4272654429275,-17.2108024543077,-19.8066302982681));
#1444=CARTESIAN_POINT('Ctrl Pts',(-10.4454052360889,-17.2007991310898,-19.7566560946602));
#1445=CARTESIAN_POINT('Ctrl Pts',(-10.4631870330375,-17.1909637237593,-19.7065055989408));
#1446=CARTESIAN_POINT('Ctrl Pts',(-10.5354148055657,-17.1510133427354,-19.5027996063757));
#1447=CARTESIAN_POINT('Ctrl Pts',(-10.6017390882001,-17.1138312470342,-19.2961846648834));
#1448=CARTESIAN_POINT('Ctrl Pts',(-10.6620158044282,-17.0797726342676,-19.0874704870315));
#1449=CARTESIAN_POINT('Ctrl Pts',(-10.7190006210015,-17.0475740686737,-18.8901548420294));
#1450=CARTESIAN_POINT('Ctrl Pts',(-10.7705801885547,-17.0181670954665,-18.6909622348755));
#1451=CARTESIAN_POINT('Ctrl Pts',(-10.8165993951486,-16.9918768001131,-18.4905869416851));
#1452=CARTESIAN_POINT('Ctrl Pts',(-10.8322982476185,-16.9829082085468,-18.422231522302));
#1453=CARTESIAN_POINT('Ctrl Pts',(-10.8473497269093,-16.9743025545229,-18.3537386272128));
#1454=CARTESIAN_POINT('Ctrl Pts',(-10.861750571442,-16.9660598874343,-18.2851099715168));
#1455=CARTESIAN_POINT('Ctrl Pts',(-10.8962337176906,-16.9463226356331,-18.1207771113273));
#1456=CARTESIAN_POINT('Ctrl Pts',(-10.9269828051421,-16.9286754592777,-17.9556925659904));
#1457=CARTESIAN_POINT('Ctrl Pts',(-10.9539469921895,-16.9131665761617,-17.7902143071698));
#1458=CARTESIAN_POINT('Ctrl Pts',(-10.980947188695,-16.8976369816304,-17.6245150595839));
#1459=CARTESIAN_POINT('Ctrl Pts',(-11.0041523477661,-16.8842513841679,-17.4584212550656));
#1460=CARTESIAN_POINT('Ctrl Pts',(-11.023556450261,-16.8730316969653,-17.2922950080114));
#1461=CARTESIAN_POINT('Ctrl Pts',(-11.0429872377822,-16.861796580157,-17.1259402998216));
#1462=CARTESIAN_POINT('Ctrl Pts',(-11.0586065078889,-16.8527333102302,-16.9595532736661));
#1463=CARTESIAN_POINT('Ctrl Pts',(-11.070453489729,-16.8458376074354,-16.7934970726631));
#1464=CARTESIAN_POINT('Ctrl Pts',(-11.0823397403672,-16.838919047683,-16.6268904506749));
#1465=CARTESIAN_POINT('Ctrl Pts',(-11.0904286632699,-16.8341824186849,-16.46061706776));
#1466=CARTESIAN_POINT('Ctrl Pts',(-11.0948053641096,-16.8315973552346,-16.2950399722639));
#1467=CARTESIAN_POINT('Ctrl Pts',(-11.0974121608342,-16.8300576715363,-16.1964209790944));
#1468=CARTESIAN_POINT('Ctrl Pts',(-11.0987029200625,-16.8292807574836,-16.0980489061087));
#1469=CARTESIAN_POINT('Ctrl Pts',(-11.0987032045951,-16.8292559094796,-15.9999993597006));
#1470=CARTESIAN_POINT('Ctrl Pts',(-11.0987036816722,-16.8292142467298,-15.8355992848483));
#1471=CARTESIAN_POINT('Ctrl Pts',(-11.0950892177058,-16.8312961108305,-15.6702863495691));
#1472=CARTESIAN_POINT('Ctrl Pts',(-11.0877387031587,-16.8355517871734,-15.5044217286472));
#1473=CARTESIAN_POINT('Ctrl Pts',(-11.0804224294476,-16.8397876393374,-15.339329753402));
#1474=CARTESIAN_POINT('Ctrl Pts',(-11.0694048132479,-16.8461771395246,-15.1736914356566));
#1475=CARTESIAN_POINT('Ctrl Pts',(-11.0546111645077,-16.854744715435,-15.0078684867511));
#1476=CARTESIAN_POINT('Ctrl Pts',(-11.0398471082037,-16.8632951532174,-14.8423772413453));
#1477=CARTESIAN_POINT('Ctrl Pts',(-11.0213220973195,-16.8740150012752,-14.6767023158975));
#1478=CARTESIAN_POINT('Ctrl Pts',(-10.9990068149236,-16.8869028040429,-14.5112056036289));
#1479=CARTESIAN_POINT('Ctrl Pts',(-10.9767328651013,-16.8997667359024,-14.3460154259097));
#1480=CARTESIAN_POINT('Ctrl Pts',(-10.9506826798107,-16.9147906260739,-14.1810030115892));
#1481=CARTESIAN_POINT('Ctrl Pts',(-10.9208719499472,-16.9319468580929,-14.016527419442));
#1482=CARTESIAN_POINT('Ctrl Pts',(-10.9026042966815,-16.9424599887443,-13.915738773818));
#1483=CARTESIAN_POINT('Ctrl Pts',(-10.8829254025537,-16.9537733188851,-13.8151516801913));
#1484=CARTESIAN_POINT('Ctrl Pts',(-10.8618471824859,-16.9658755694898,-13.7148480956486));
#1485=CARTESIAN_POINT('Ctrl Pts',(-10.8474495927828,-16.9741420757759,-13.6463352017067));
#1486=CARTESIAN_POINT('Ctrl Pts',(-10.832393209759,-16.9827695637029,-13.5779705335399));
#1487=CARTESIAN_POINT('Ctrl Pts',(-10.816682097689,-16.99175776595,-13.5097579316355));
#1488=CARTESIAN_POINT('Ctrl Pts',(-10.7659889309596,-17.0207589234161,-13.2896644852919));
#1489=CARTESIAN_POINT('Ctrl Pts',(-10.7084823994069,-17.0535129021182,-13.0711561708043));
#1490=CARTESIAN_POINT('Ctrl Pts',(-10.6445370218276,-17.0895458368521,-12.8549156535457));
#1491=CARTESIAN_POINT('Ctrl Pts',(-10.576877881233,-17.1276714604623,-12.6261165110072));
#1492=CARTESIAN_POINT('Ctrl Pts',(-10.502010317409,-17.1694679262565,-12.3998557373678));
#1493=CARTESIAN_POINT('Ctrl Pts',(-10.4203352242642,-17.2144101777496,-12.1769179396771));
#1494=CARTESIAN_POINT('Ctrl Pts',(-10.3386601311194,-17.2593524292427,-11.9539801419865));
#1495=CARTESIAN_POINT('Ctrl Pts',(-10.2501772643333,-17.3074407973308,-11.7343645735431));
#1496=CARTESIAN_POINT('Ctrl Pts',(-10.1552481759127,-17.3581827128735,-11.5188423293102));
#1497=CARTESIAN_POINT('Ctrl Pts',(-10.098608585508,-17.3884579568529,-11.3902506421936));
#1498=CARTESIAN_POINT('Ctrl Pts',(-10.0395004503605,-17.4197468858754,-11.262780098072));
#1499=CARTESIAN_POINT('Ctrl Pts',(-9.97798827964237,-17.4519263459442,-11.1367163158048));
#1500=CARTESIAN_POINT('Ctrl Pts',(-9.89209417635913,-17.4968609635081,-10.9606839077802));
#1501=CARTESIAN_POINT('Ctrl Pts',(-9.80151043425177,-17.5435327422445,-10.787395831363));
#1502=CARTESIAN_POINT('Ctrl Pts',(-9.70679900975514,-17.5915175092169,-10.6173208399818));
#1503=CARTESIAN_POINT('Ctrl Pts',(-9.60682087087721,-17.6421706138649,-10.437788315808));
#1504=CARTESIAN_POINT('Ctrl Pts',(-9.502243589005,-17.6942863734972,-10.2618367996446));
#1505=CARTESIAN_POINT('Ctrl Pts',(-9.39377602576598,-17.747345922145,-10.0899919857569));
#1506=CARTESIAN_POINT('Ctrl Pts',(-9.28175404022205,-17.8021442029774,-9.91251591196784));
#1507=CARTESIAN_POINT('Ctrl Pts',(-9.16558339699912,-17.8579484706958,-9.73942079264673));
#1508=CARTESIAN_POINT('Ctrl Pts',(-9.04608552608085,-17.914175102782,-9.57124870473474));
#1509=CARTESIAN_POINT('Ctrl Pts',(-8.92742918307754,-17.9700057756759,-9.40426091831203));
#1510=CARTESIAN_POINT('Ctrl Pts',(-8.80549335355531,-18.0262521291313,-9.24212751311518));
#1511=CARTESIAN_POINT('Ctrl Pts',(-8.68110748200137,-18.0823420100758,-9.08533504765926));
#1512=CARTESIAN_POINT('Ctrl Pts',(-8.55212867342351,-18.1405030047861,-8.92275303463924));
#1513=CARTESIAN_POINT('Ctrl Pts',(-8.4205137928881,-18.1984960438377,-8.76591231742397));
#1514=CARTESIAN_POINT('Ctrl Pts',(-8.28608720138923,-18.2561662538188,-8.61441804594287));
#1515=CARTESIAN_POINT('Ctrl Pts',(-8.15240348971522,-18.3135177617111,-8.46376097517192));
#1516=CARTESIAN_POINT('Ctrl Pts',(-8.01593855301461,-18.3705498749098,-8.31839057273087));
#1517=CARTESIAN_POINT('Ctrl Pts',(-7.87656220613997,-18.4271143607993,-8.17789080641981));
#1518=CARTESIAN_POINT('Ctrl Pts',(-7.80293222374825,-18.4569963471867,-8.10366734202648));
#1519=CARTESIAN_POINT('Ctrl Pts',(-7.72849048212083,-18.486747907473,-8.03080279498457));
#1520=CARTESIAN_POINT('Ctrl Pts',(-7.65322333454767,-18.5163478272269,-7.95923389585642));
#1521=CARTESIAN_POINT('Ctrl Pts',(-7.50538173094873,-18.5744887259314,-7.81865648385033));
#1522=CARTESIAN_POINT('Ctrl Pts',(-7.35304565216994,-18.6325643395722,-7.68183067352629));
#1523=CARTESIAN_POINT('Ctrl Pts',(-7.19586959341432,-18.6904231321092,-7.54842127924831));
#1524=CARTESIAN_POINT('Ctrl Pts',(-7.1576718504034,-18.7044842766992,-7.51599943460977));
#1525=CARTESIAN_POINT('Ctrl Pts',(-7.11918831458308,-18.7185326094242,-7.48377913287524));
#1526=CARTESIAN_POINT('Ctrl Pts',(-7.08041416076665,-18.7325659463854,-7.45175512713388));
#1527=CARTESIAN_POINT('Ctrl Pts',(-6.91273579310455,-18.7932529454017,-7.31326769465156));
#1528=CARTESIAN_POINT('Ctrl Pts',(-6.73961845904773,-18.853660315041,-7.17845249380674));
#1529=CARTESIAN_POINT('Ctrl Pts',(-6.56156057336171,-18.9132258503452,-7.04802553831002));
#1530=CARTESIAN_POINT('Ctrl Pts',(-6.38282264570241,-18.9730188794446,-6.91710045377036));
#1531=CARTESIAN_POINT('Ctrl Pts',(-6.19910682790381,-19.0319629740328,-6.79059792886568));
#1532=CARTESIAN_POINT('Ctrl Pts',(-6.01096337562652,-19.0894855173189,-6.66921743134042));
#1533=CARTESIAN_POINT('Ctrl Pts',(-5.82622209609254,-19.1459678881913,-6.55003184102693));
#1534=CARTESIAN_POINT('Ctrl Pts',(-5.63721246531052,-19.201079040218,-6.43578528396522));
#1535=CARTESIAN_POINT('Ctrl Pts',(-5.4444915758746,-19.2542825064596,-6.32710660390773));
#1536=CARTESIAN_POINT('Ctrl Pts',(-5.34799692524941,-19.280921289116,-6.27269158282076));
#1537=CARTESIAN_POINT('Ctrl Pts',(-5.25057238910825,-19.3070819669342,-6.21967183096855));
#1538=CARTESIAN_POINT('Ctrl Pts',(-5.15229068506417,-19.3326984713484,-6.16812237808163));
#1539=CARTESIAN_POINT('Ctrl Pts',(-4.95976116852531,-19.3828800718634,-6.06713927712002));
#1540=CARTESIAN_POINT('Ctrl Pts',(-4.76394138499004,-19.4309721283225,-5.97180120188594));
#1541=CARTESIAN_POINT('Ctrl Pts',(-4.56564106053846,-19.4766213434179,-5.8823709175628));
#1542=CARTESIAN_POINT('Ctrl Pts',(-4.41589748292426,-19.5110926777567,-5.81483895180008));
#1543=CARTESIAN_POINT('Ctrl Pts',(-4.26473994161066,-19.5441713449283,-5.75067493691134));
#1544=CARTESIAN_POINT('Ctrl Pts',(-4.11252123599621,-19.5757137634077,-5.68997468970758));
#1545=CARTESIAN_POINT('Ctrl Pts',(-3.81065932062281,-19.638264911897,-5.56960122568027));
#1546=CARTESIAN_POINT('Ctrl Pts',(-3.50339566311029,-19.6950152484601,-5.46237454714067));
#1547=CARTESIAN_POINT('Ctrl Pts',(-3.19288242419081,-19.7448565510847,-5.36907240177186));
#1548=CARTESIAN_POINT('Ctrl Pts',(-3.1196165512359,-19.7566166504566,-5.34705767817167));
#1549=CARTESIAN_POINT('Ctrl Pts',(-3.04616987257619,-19.7679921748745,-5.32581798355292));
#1550=CARTESIAN_POINT('Ctrl Pts',(-2.97257082920908,-19.7789687112368,-5.30536317535873));
#1551=CARTESIAN_POINT('Ctrl Pts',(-2.66384978716829,-19.8250112627255,-5.21956274356567));
#1552=CARTESIAN_POINT('Ctrl Pts',(-2.35244754108497,-19.8640317338843,-5.14757602359359));
#1553=CARTESIAN_POINT('Ctrl Pts',(-2.04037468713345,-19.8958439691951,-5.08925409994976));
#1554=CARTESIAN_POINT('Ctrl Pts',(-1.7285122222891,-19.9276347577582,-5.03097149500119));
#1555=CARTESIAN_POINT('Ctrl Pts',(-1.41598111277592,-19.9522269817356,-4.98633509827331));
#1556=CARTESIAN_POINT('Ctrl Pts',(-1.10478327158084,-19.9694592527555,-4.95515126385098));
#1557=CARTESIAN_POINT('Ctrl Pts',(-1.00302318619304,-19.9750941162998,-4.94495431119428));
#1558=CARTESIAN_POINT('Ctrl Pts',(-0.901405557260343,-19.9799422092369,
-4.93619543459384));
#1559=CARTESIAN_POINT('Ctrl Pts',(-0.799999983794868,-19.983998466133,-4.92886686672009));
#1560=CARTESIAN_POINT('',(-0.8,-20.984756372186,-3.92647816760784));
#1561=CARTESIAN_POINT('Ctrl Pts',(-0.800079838771936,-19.9839897833056,
-4.92887813680392));
#1562=CARTESIAN_POINT('Ctrl Pts',(-0.800060374681075,-20.1505720216023,
-4.76198439011478));
#1563=CARTESIAN_POINT('Ctrl Pts',(-0.800037136672139,-20.3177725097231,
-4.59449361045714));
#1564=CARTESIAN_POINT('Ctrl Pts',(-0.800022020077752,-20.4843535339477,
-4.42764186983052));
#1565=CARTESIAN_POINT('Ctrl Pts',(-0.800006899799675,-20.6509751514865,
-4.26074946992016));
#1566=CARTESIAN_POINT('Ctrl Pts',(-0.800000000000004,-20.8181366982673,
-4.09333483908104));
#1567=CARTESIAN_POINT('Ctrl Pts',(-0.800000000000004,-20.984756372186,-3.92647816760784));
#1568=CARTESIAN_POINT('Ctrl Pts',(-0.799999999999999,-20.984756372186,-3.92647816760784));
#1569=CARTESIAN_POINT('Ctrl Pts',(-1.66343157470309,-20.9518398470898,-3.98370236459352));
#1570=CARTESIAN_POINT('Ctrl Pts',(-3.41144678896841,-20.7757278576157,-4.28917569766563));
#1571=CARTESIAN_POINT('Ctrl Pts',(-5.86447170920199,-20.2114432218555,-5.31494816764058));
#1572=CARTESIAN_POINT('Ctrl Pts',(-7.94976383280685,-19.4713484908982,-6.80249630791178));
#1573=CARTESIAN_POINT('Ctrl Pts',(-9.58594871449195,-18.708138641588,-8.58099561183769));
#1574=CARTESIAN_POINT('Ctrl Pts',(-10.9262793211575,-17.9508821206965,-10.8195650904185));
#1575=CARTESIAN_POINT('Ctrl Pts',(-12.0266106321159,-17.2191172295497,-14.2292712919185));
#1576=CARTESIAN_POINT('Ctrl Pts',(-12.0276318240465,-17.2203340191547,-17.3243761384958));
#1577=CARTESIAN_POINT('Ctrl Pts',(-11.1127191544023,-17.8293801509468,-20.767005199417));
#1578=CARTESIAN_POINT('Ctrl Pts',(-9.86977905574074,-18.5774907954932,-23.1193307822209));
#1579=CARTESIAN_POINT('Ctrl Pts',(-7.94514019812322,-19.4717658454589,-25.1983707715785));
#1580=CARTESIAN_POINT('Ctrl Pts',(-5.17221541814802,-20.46171852508,-27.1860869354339));
#1581=CARTESIAN_POINT('Ctrl Pts',(-2.52686314940618,-20.9189233219936,-27.9590734384208));
#1582=CARTESIAN_POINT('Ctrl Pts',(-0.799999999999999,-20.984756372186,-28.0735218323922));
#1583=CARTESIAN_POINT('Origin',(-0.8,0.,-27.0711336366246));
#1584=CARTESIAN_POINT('',(-0.8,-20.984756372186,-37.1));
#1585=CARTESIAN_POINT('',(-0.8,-20.984756372186,0.));
#1586=CARTESIAN_POINT('',(-0.8,20.984756372186,-37.1));
#1587=CARTESIAN_POINT('',(-0.8,0.,-37.1));
#1588=CARTESIAN_POINT('',(-0.8,20.984756372186,-27.0711336366246));
#1589=CARTESIAN_POINT('',(-0.8,20.984756372186,0.));
#1590=CARTESIAN_POINT('',(-0.8,0.,-27.0711336366246));
#1591=CARTESIAN_POINT('',(-0.800000000000001,-2.2,-32.1));
#1592=CARTESIAN_POINT('Origin',(-0.800000000000001,0.,-32.1));
#1593=CARTESIAN_POINT('Origin',(0.,0.,0.));
#1594=CARTESIAN_POINT('',(-21.,-2.22044604925031E-15,3.));
#1595=CARTESIAN_POINT('Origin',(0.,0.,3.));
#1596=CARTESIAN_POINT('',(-21.,-2.57175827820944E-15,0.));
#1597=CARTESIAN_POINT('',(-21.,-2.57175827820944E-15,0.));
#1598=CARTESIAN_POINT('',(-19.3386235529631,-8.18643017906959,0.));
#1599=CARTESIAN_POINT('Origin',(0.,0.,0.));
#1600=CARTESIAN_POINT('',(-15.75,-13.8901943830891,0.));
#1601=CARTESIAN_POINT('Origin',(0.,0.,0.));
#1602=CARTESIAN_POINT('',(-15.75,-13.8901943830891,-37.1));
#1603=CARTESIAN_POINT('',(-15.75,-13.8901943830891,0.));
#1604=CARTESIAN_POINT('Origin',(0.,0.,-37.1));
#1605=CARTESIAN_POINT('',(-0.8,-20.984756372186,-2.5));
#1606=CARTESIAN_POINT('',(-0.8,-20.984756372186,0.));
#1607=CARTESIAN_POINT('',(0.8,-20.984756372186,-2.5));
#1608=CARTESIAN_POINT('Origin',(0.,0.,-2.5));
#1609=CARTESIAN_POINT('',(0.800000000000001,-20.984756372186,-3.92647816760785));
#1610=CARTESIAN_POINT('',(0.8,-20.984756372186,0.));
#1611=CARTESIAN_POINT('',(0.800000000000001,-20.984756372186,-28.0735218323922));
#1612=CARTESIAN_POINT('Ctrl Pts',(0.800000000000001,-20.984756372186,-28.0735218323922));
#1613=CARTESIAN_POINT('Ctrl Pts',(1.66343157470309,-20.9518398470898,-28.0162976354065));
#1614=CARTESIAN_POINT('Ctrl Pts',(3.41144678896838,-20.7757278576157,-27.7108243023344));
#1615=CARTESIAN_POINT('Ctrl Pts',(5.86447170920201,-20.2114432218555,-26.6850518323594));
#1616=CARTESIAN_POINT('Ctrl Pts',(7.94976383280684,-19.4713484908982,-25.1975036920882));
#1617=CARTESIAN_POINT('Ctrl Pts',(9.58594871449195,-18.7081386415879,-23.4190043881623));
#1618=CARTESIAN_POINT('Ctrl Pts',(10.9262793211575,-17.9508821206965,-21.1804349095815));
#1619=CARTESIAN_POINT('Ctrl Pts',(12.0266106321159,-17.2191172295497,-17.7707287080815));
#1620=CARTESIAN_POINT('Ctrl Pts',(12.0276318240465,-17.2203340191547,-14.6756238615041));
#1621=CARTESIAN_POINT('Ctrl Pts',(11.1127191544023,-17.8293801509468,-11.232994800583));
#1622=CARTESIAN_POINT('Ctrl Pts',(9.86977905574074,-18.5774907954932,-8.8806692177791));
#1623=CARTESIAN_POINT('Ctrl Pts',(7.94514019812321,-19.4717658454589,-6.80162922842149));
#1624=CARTESIAN_POINT('Ctrl Pts',(5.172215418148,-20.46171852508,-4.81391306456614));
#1625=CARTESIAN_POINT('Ctrl Pts',(2.52686314940618,-20.9189233219936,-4.0409265615792));
#1626=CARTESIAN_POINT('Ctrl Pts',(0.799999999999992,-20.984756372186,-3.92647816760784));
#1627=CARTESIAN_POINT('',(0.8,-20.984756372186,-37.1));
#1628=CARTESIAN_POINT('',(0.8,-20.984756372186,0.));
#1629=CARTESIAN_POINT('',(15.75,-13.8901943830891,-37.1));
#1630=CARTESIAN_POINT('Origin',(0.,0.,-37.1));
#1631=CARTESIAN_POINT('',(15.75,-13.8901943830891,0.));
#1632=CARTESIAN_POINT('',(15.75,-13.8901943830891,0.));
#1633=CARTESIAN_POINT('',(19.3386235532057,-8.1864301784965,0.));
#1634=CARTESIAN_POINT('Origin',(0.,0.,0.));
#1635=CARTESIAN_POINT('',(19.3386235529631,8.18643017906961,0.));
#1636=CARTESIAN_POINT('Origin',(0.,0.,0.));
#1637=CARTESIAN_POINT('',(15.75,13.8901943830891,0.));
#1638=CARTESIAN_POINT('Origin',(0.,0.,0.));
#1639=CARTESIAN_POINT('',(15.75,13.8901943830891,-37.1));
#1640=CARTESIAN_POINT('',(15.75,13.8901943830891,0.));
#1641=CARTESIAN_POINT('',(0.8,20.984756372186,-37.1));
#1642=CARTESIAN_POINT('Origin',(0.,0.,-37.1));
#1643=CARTESIAN_POINT('',(0.8,20.984756372186,-27.0711336366246));
#1644=CARTESIAN_POINT('',(0.8,20.984756372186,0.));
#1645=CARTESIAN_POINT('',(0.8,20.984756372186,-4.92886636337543));
#1646=CARTESIAN_POINT('Ctrl Pts',(0.799999999999998,20.984756372186,-4.92886636337543));
#1647=CARTESIAN_POINT('Ctrl Pts',(1.97658152033789,20.9399016595757,-5.01388613164527));
#1648=CARTESIAN_POINT('Ctrl Pts',(3.17691158223246,20.7892769395854,-5.29641937974984));
#1649=CARTESIAN_POINT('Ctrl Pts',(5.6512027305133,20.2732530045441,-6.33252697608911));
#1650=CARTESIAN_POINT('Ctrl Pts',(6.88073401844632,19.8681910313762,-7.18296347610497));
#1651=CARTESIAN_POINT('Ctrl Pts',(8.82045870491111,19.0865591369532,-9.12268816256976));
#1652=CARTESIAN_POINT('Ctrl Pts',(9.66841565862317,18.6533651232006,-10.3511178149762));
#1653=CARTESIAN_POINT('Ctrl Pts',(10.5235207237509,18.1758659328793,-12.3930591499839));
#1654=CARTESIAN_POINT('Ctrl Pts',(10.7416658871958,18.045637395233,-13.1068506939811));
#1655=CARTESIAN_POINT('Ctrl Pts',(11.0299691215355,17.8708756460769,-14.5531137017197));
#1656=CARTESIAN_POINT('Ctrl Pts',(11.1,17.8266654200947,-15.2856495274369));
#1657=CARTESIAN_POINT('Ctrl Pts',(11.1,17.8266654200947,-16.));
#1658=CARTESIAN_POINT('Ctrl Pts',(11.1,17.8266654200947,-16.7143504725631));
#1659=CARTESIAN_POINT('Ctrl Pts',(11.0299691215355,17.8708756460769,-17.4468862982803));
#1660=CARTESIAN_POINT('Ctrl Pts',(10.7416658871958,18.045637395233,-18.8931493060189));
#1661=CARTESIAN_POINT('Ctrl Pts',(10.5235207237509,18.1758659328793,-19.6069408500161));
#1662=CARTESIAN_POINT('Ctrl Pts',(9.66841565862317,18.6533651232006,-21.6488821850238));
#1663=CARTESIAN_POINT('Ctrl Pts',(8.82045870491111,19.0865591369532,-22.8773118374303));
#1664=CARTESIAN_POINT('Ctrl Pts',(6.88073401844632,19.8681910313762,-24.817036523895));
#1665=CARTESIAN_POINT('Ctrl Pts',(5.65120273051329,20.2732530045441,-25.6674730239109));
#1666=CARTESIAN_POINT('Ctrl Pts',(3.17691158223246,20.7892769395854,-26.7035806202502));
#1667=CARTESIAN_POINT('Ctrl Pts',(1.97658152033789,20.9399016595757,-26.9861138683547));
#1668=CARTESIAN_POINT('Ctrl Pts',(0.8,20.984756372186,-27.0711336366246));
#1669=CARTESIAN_POINT('',(0.8,20.984756372186,-2.5));
#1670=CARTESIAN_POINT('',(0.8,20.984756372186,0.));
#1671=CARTESIAN_POINT('',(-0.8,20.984756372186,-2.5));
#1672=CARTESIAN_POINT('Origin',(0.,0.,-2.5));
#1673=CARTESIAN_POINT('',(-0.8,20.984756372186,-4.92886636337543));
#1674=CARTESIAN_POINT('',(-0.8,20.984756372186,0.));
#1675=CARTESIAN_POINT('Ctrl Pts',(-0.799999999999998,20.984756372186,-27.0711336366246));
#1676=CARTESIAN_POINT('Ctrl Pts',(-1.97658152033789,20.9399016595757,-26.9861138683547));
#1677=CARTESIAN_POINT('Ctrl Pts',(-3.17691158223246,20.7892769395854,-26.7035806202502));
#1678=CARTESIAN_POINT('Ctrl Pts',(-5.6512027305133,20.2732530045441,-25.6674730239109));
#1679=CARTESIAN_POINT('Ctrl Pts',(-6.88073401844632,19.8681910313762,-24.817036523895));
#1680=CARTESIAN_POINT('Ctrl Pts',(-8.82045870491111,19.0865591369532,-22.8773118374302));
#1681=CARTESIAN_POINT('Ctrl Pts',(-9.66841565862317,18.6533651232006,-21.6488821850238));
#1682=CARTESIAN_POINT('Ctrl Pts',(-10.5235207237509,18.1758659328793,-19.6069408500161));
#1683=CARTESIAN_POINT('Ctrl Pts',(-10.7416658871958,18.045637395233,-18.8931493060189));
#1684=CARTESIAN_POINT('Ctrl Pts',(-11.0299691215355,17.8708756460769,-17.4468862982803));
#1685=CARTESIAN_POINT('Ctrl Pts',(-11.1,17.8266654200947,-16.7143504725631));
#1686=CARTESIAN_POINT('Ctrl Pts',(-11.1,17.8266654200947,-15.2856495274369));
#1687=CARTESIAN_POINT('Ctrl Pts',(-11.0299691215355,17.8708756460769,-14.5531137017197));
#1688=CARTESIAN_POINT('Ctrl Pts',(-10.7416658871958,18.045637395233,-13.1068506939811));
#1689=CARTESIAN_POINT('Ctrl Pts',(-10.5235207237509,18.1758659328793,-12.3930591499839));
#1690=CARTESIAN_POINT('Ctrl Pts',(-9.66841565862316,18.6533651232006,-10.3511178149762));
#1691=CARTESIAN_POINT('Ctrl Pts',(-8.82045870491111,19.0865591369532,-9.12268816256975));
#1692=CARTESIAN_POINT('Ctrl Pts',(-6.88073401844632,19.8681910313762,-7.18296347610497));
#1693=CARTESIAN_POINT('Ctrl Pts',(-5.6512027305133,20.2732530045441,-6.33252697608911));
#1694=CARTESIAN_POINT('Ctrl Pts',(-3.17691158223246,20.7892769395854,-5.29641937974984));
#1695=CARTESIAN_POINT('Ctrl Pts',(-1.97658152033789,20.9399016595757,-5.01388613164527));
#1696=CARTESIAN_POINT('Ctrl Pts',(-0.799999999999998,20.984756372186,-4.92886636337543));
#1697=CARTESIAN_POINT('',(-15.75,13.8901943830891,-37.1));
#1698=CARTESIAN_POINT('Origin',(0.,0.,-37.1));
#1699=CARTESIAN_POINT('',(-15.75,13.8901943830891,0.));
#1700=CARTESIAN_POINT('',(-15.75,13.8901943830891,0.));
#1701=CARTESIAN_POINT('',(-19.3386235532057,8.18643017849649,0.));
#1702=CARTESIAN_POINT('Origin',(0.,0.,0.));
#1703=CARTESIAN_POINT('Origin',(0.,0.,0.));
#1704=CARTESIAN_POINT('Ctrl Pts',(0.699160110812097,-19.9877781900376,-27.0779589789568));
#1705=CARTESIAN_POINT('Ctrl Pts',(1.45423658367123,-19.9613770846556,-27.0303040497917));
#1706=CARTESIAN_POINT('Ctrl Pts',(2.98784872699568,-19.82034139152,-26.7763074933358));
#1707=CARTESIAN_POINT('Ctrl Pts',(5.19600485597496,-19.3591809101003,-25.9039541973283));
#1708=CARTESIAN_POINT('Ctrl Pts',(7.14116753996622,-18.7382012774384,-24.5982966339596));
#1709=CARTESIAN_POINT('Ctrl Pts',(8.72172776731013,-18.0833336386581,-22.9922663618085));
#1710=CARTESIAN_POINT('Ctrl Pts',(10.058332279835,-17.4223447907067,-20.9205106600927));
#1711=CARTESIAN_POINT('Ctrl Pts',(11.1928319528244,-16.774654194463,-17.6988575802235));
#1712=CARTESIAN_POINT('Ctrl Pts',(11.1933180745094,-16.7757588004382,-14.7296086793891));
#1713=CARTESIAN_POINT('Ctrl Pts',(10.2496142734445,-17.3150479903284,-11.4673117055222));
#1714=CARTESIAN_POINT('Ctrl Pts',(8.9951834199158,-17.9712972402229,-9.27745634651516));
#1715=CARTESIAN_POINT('Ctrl Pts',(7.137344014466,-18.7386034270976,-7.40094510822428));
#1716=CARTESIAN_POINT('Ctrl Pts',(4.54845980426206,-19.5691167610836,-5.65644541530076));
#1717=CARTESIAN_POINT('Ctrl Pts',(2.20931305653039,-19.9349759792735,-5.01735087937337));
#1718=CARTESIAN_POINT('Ctrl Pts',(0.699160110812089,-19.9877781900376,-4.92204102104322));
#1719=CARTESIAN_POINT('Ctrl Pts',(0.732773407208065,-20.3201042507537,-27.4098132634352));
#1720=CARTESIAN_POINT('Ctrl Pts',(1.52396824734852,-20.2915313388003,-27.35896857833));
#1721=CARTESIAN_POINT('Ctrl Pts',(3.12904808098658,-20.1388035468852,-27.0878130963354));
#1722=CARTESIAN_POINT('Ctrl Pts',(5.41882714038397,-19.6432683473521,-26.164320075672));
#1723=CARTESIAN_POINT('Ctrl Pts',(7.41069963757976,-18.982583681925,-24.7980323200025));
#1724=CARTESIAN_POINT('Ctrl Pts',(9.00980141637073,-18.291601972968,-23.1345123705931));
#1725=CARTESIAN_POINT('Ctrl Pts',(10.3476479602758,-17.5985239007033,-21.0071520765889));
#1726=CARTESIAN_POINT('Ctrl Pts',(11.4707581792549,-16.9228085394919,-17.7228146228428));
#1727=CARTESIAN_POINT('Ctrl Pts',(11.4714226576884,-16.9239505400104,-14.7116137400941));
#1728=CARTESIAN_POINT('Ctrl Pts',(10.5373159004304,-17.4864920438678,-11.3892060705425));
#1729=CARTESIAN_POINT('Ctrl Pts',(9.28671529852411,-18.1733617586463,-9.14519397026981));
#1730=CARTESIAN_POINT('Ctrl Pts',(7.4066094090184,-18.9829908998847,-7.20117314829002));
#1731=CARTESIAN_POINT('Ctrl Pts',(4.75637834222404,-19.8666506824158,-5.37560129838922));
#1732=CARTESIAN_POINT('Ctrl Pts',(2.31516308748899,-20.2629584268469,-4.69187610677531));
#1733=CARTESIAN_POINT('Ctrl Pts',(0.732773407208057,-20.3201042507537,-4.59018673656476));
#1734=CARTESIAN_POINT('Ctrl Pts',(0.766386703604033,-20.6524303114698,-27.7416675479137));
#1735=CARTESIAN_POINT('Ctrl Pts',(1.59369991102581,-20.621685592945,-27.6876331068682));
#1736=CARTESIAN_POINT('Ctrl Pts',(3.27024743497748,-20.4572657022505,-27.3993186993349));
#1737=CARTESIAN_POINT('Ctrl Pts',(5.64164942479299,-19.9273557846038,-26.4246859540157));
#1738=CARTESIAN_POINT('Ctrl Pts',(7.6802317351933,-19.2269660864116,-24.9977680060453));
#1739=CARTESIAN_POINT('Ctrl Pts',(9.29787506543134,-18.499870307278,-23.2767583793777));
#1740=CARTESIAN_POINT('Ctrl Pts',(10.6369636407166,-17.7747030106999,-21.0937934930852));
#1741=CARTESIAN_POINT('Ctrl Pts',(11.7486844056854,-17.0709628845208,-17.7467716654622));
#1742=CARTESIAN_POINT('Ctrl Pts',(11.7495272408675,-17.0721422795825,-14.6936188007991));
#1743=CARTESIAN_POINT('Ctrl Pts',(10.8250175274164,-17.6579360974073,-11.3111004355627));
#1744=CARTESIAN_POINT('Ctrl Pts',(9.57824717713243,-18.3754262770698,-9.01293159402445));
#1745=CARTESIAN_POINT('Ctrl Pts',(7.67587480357081,-19.2273783726718,-7.00140118835575));
#1746=CARTESIAN_POINT('Ctrl Pts',(4.96429688018602,-20.1641846037479,-5.09475718147768));
#1747=CARTESIAN_POINT('Ctrl Pts',(2.42101311844759,-20.5909408744202,-4.36640133417726));
#1748=CARTESIAN_POINT('Ctrl Pts',(0.766386703604024,-20.6524303114698,-4.2583324520863));
#1749=CARTESIAN_POINT('Ctrl Pts',(0.800000000000001,-20.984756372186,-28.0735218323922));
#1750=CARTESIAN_POINT('Ctrl Pts',(1.66343157470309,-20.9518398470898,-28.0162976354065));
#1751=CARTESIAN_POINT('Ctrl Pts',(3.41144678896838,-20.7757278576157,-27.7108243023344));
#1752=CARTESIAN_POINT('Ctrl Pts',(5.86447170920201,-20.2114432218555,-26.6850518323594));
#1753=CARTESIAN_POINT('Ctrl Pts',(7.94976383280684,-19.4713484908982,-25.1975036920882));
#1754=CARTESIAN_POINT('Ctrl Pts',(9.58594871449195,-18.7081386415879,-23.4190043881623));
#1755=CARTESIAN_POINT('Ctrl Pts',(10.9262793211575,-17.9508821206965,-21.1804349095815));
#1756=CARTESIAN_POINT('Ctrl Pts',(12.0266106321159,-17.2191172295497,-17.7707287080815));
#1757=CARTESIAN_POINT('Ctrl Pts',(12.0276318240465,-17.2203340191547,-14.6756238615041));
#1758=CARTESIAN_POINT('Ctrl Pts',(11.1127191544023,-17.8293801509468,-11.232994800583));
#1759=CARTESIAN_POINT('Ctrl Pts',(9.86977905574074,-18.5774907954932,-8.8806692177791));
#1760=CARTESIAN_POINT('Ctrl Pts',(7.94514019812321,-19.4717658454589,-6.80162922842149));
#1761=CARTESIAN_POINT('Ctrl Pts',(5.172215418148,-20.46171852508,-4.81391306456614));
#1762=CARTESIAN_POINT('Ctrl Pts',(2.52686314940618,-20.9189233219936,-4.0409265615792));
#1763=CARTESIAN_POINT('Ctrl Pts',(0.799999999999992,-20.984756372186,-3.92647816760784));
#1764=CARTESIAN_POINT('',(0.800000000000002,-19.9839979618491,-4.92886636337543));
#1765=CARTESIAN_POINT('Ctrl Pts',(0.799999999999991,-20.984756372186,-3.92647816760784));
#1766=CARTESIAN_POINT('Ctrl Pts',(0.799999999999991,-20.8181374675316,-4.09333406872256));
#1767=CARTESIAN_POINT('Ctrl Pts',(0.800006324601114,-20.6509749451975,-4.26074972323502));
#1768=CARTESIAN_POINT('Ctrl Pts',(0.800021502914123,-20.4843505743173,-4.42764468911616));
#1769=CARTESIAN_POINT('Ctrl Pts',(0.800036677669433,-20.317765259114,-4.59450053589467));
#1770=CARTESIAN_POINT('Ctrl Pts',(0.800060591853073,-20.1505586722551,-4.7619969966167));
#1771=CARTESIAN_POINT('Ctrl Pts',(0.80008324679036,-19.9839686492215,-4.92889743554238));
#1772=CARTESIAN_POINT('',(0.800000000000001,-19.9839979618491,-27.0711336366246));
#1773=CARTESIAN_POINT('Ctrl Pts',(0.800000015590487,-19.9839974761102,-4.92886587853761));
#1774=CARTESIAN_POINT('Ctrl Pts',(1.05326741404045,-19.973861750692,-4.9471645278609));
#1775=CARTESIAN_POINT('Ctrl Pts',(1.30780420509317,-19.9585950683573,-4.9745380581736));
#1776=CARTESIAN_POINT('Ctrl Pts',(1.56259335744191,-19.9384367875773,-5.01095599908392));
#1777=CARTESIAN_POINT('Ctrl Pts',(1.819791417092,-19.9180879200737,-5.0477182538826));
#1778=CARTESIAN_POINT('Ctrl Pts',(2.07724661678158,-19.8927538823737,-5.09369763614815));
#1779=CARTESIAN_POINT('Ctrl Pts',(2.3338598369088,-19.8626819595731,-5.14886303275292));
#1780=CARTESIAN_POINT('Ctrl Pts',(2.59227432845458,-19.8323989498494,-5.20441565746757));
#1781=CARTESIAN_POINT('Ctrl Pts',(2.84983465027136,-19.797310795935,-5.26928442285662));
#1782=CARTESIAN_POINT('Ctrl Pts',(3.10536750969314,-19.7576798415887,-5.34342564124069));
#1783=CARTESIAN_POINT('Ctrl Pts',(3.36725136068266,-19.7170639029337,-5.4194095590484));
#1784=CARTESIAN_POINT('Ctrl Pts',(3.62700515749139,-19.6716761034865,-5.50513318493872));
#1785=CARTESIAN_POINT('Ctrl Pts',(3.88331916362047,-19.6218165085713,-5.6005267279582));
#1786=CARTESIAN_POINT('Ctrl Pts',(3.96018407361067,-19.6068643281065,-5.62913388918428));
#1787=CARTESIAN_POINT('Ctrl Pts',(4.03673936139239,-19.5915101341505,-5.65861049524698));
#1788=CARTESIAN_POINT('Ctrl Pts',(4.1129490586536,-19.5757623981207,-5.68895416734211));
#1789=CARTESIAN_POINT('Ctrl Pts',(4.31111138509155,-19.5348147481502,-5.7678545287283));
#1790=CARTESIAN_POINT('Ctrl Pts',(4.50744739779441,-19.4913919259346,-5.85251501802461));
#1791=CARTESIAN_POINT('Ctrl Pts',(4.70117109752495,-19.445689435224,-5.94284286379161));
#1792=CARTESIAN_POINT('Ctrl Pts',(4.85327693147009,-19.4098052585714,-6.01376548362577));
#1793=CARTESIAN_POINT('Ctrl Pts',(5.00377210357873,-19.3725162063233,-6.08818104105053));
#1794=CARTESIAN_POINT('Ctrl Pts',(5.15227950882095,-19.3339263053233,-6.16602442914678));
#1795=CARTESIAN_POINT('Ctrl Pts',(5.34494290263216,-19.283862395841,-6.26701313952068));
#1796=CARTESIAN_POINT('Ctrl Pts',(5.53425955788565,-19.231608651505,-6.37377261580675));
#1797=CARTESIAN_POINT('Ctrl Pts',(5.71973166850455,-19.1776947110013,-6.48567964264466));
#1798=CARTESIAN_POINT('Ctrl Pts',(5.90887006141954,-19.1227150376232,-6.59979876891863));
#1799=CARTESIAN_POINT('Ctrl Pts',(6.09400976670866,-19.0660095369067,-6.7192703717037));
#1800=CARTESIAN_POINT('Ctrl Pts',(6.27465293718513,-19.0081526950081,-6.84338918978857));
#1801=CARTESIAN_POINT('Ctrl Pts',(6.45625427988814,-18.9499889673364,-6.96816636215257));
#1802=CARTESIAN_POINT('Ctrl Pts',(6.63331068240288,-18.8906623908964,-7.09763940846284));
#1803=CARTESIAN_POINT('Ctrl Pts',(6.80535564359456,-18.8307588435731,-7.23105791762307));
#1804=CARTESIAN_POINT('Ctrl Pts',(6.89827473258696,-18.7984057714102,-7.30311539748197));
#1805=CARTESIAN_POINT('Ctrl Pts',(6.98973274782105,-18.7658843723733,-7.37632322807095));
#1806=CARTESIAN_POINT('Ctrl Pts',(7.07966180832879,-18.7332860416375,-7.4505603495125));
#1807=CARTESIAN_POINT('Ctrl Pts',(7.2320661022665,-18.6780411013338,-7.57637124994213));
#1808=CARTESIAN_POINT('Ctrl Pts',(7.38007876723965,-18.622574976006,-7.70514196496593));
#1809=CARTESIAN_POINT('Ctrl Pts',(7.52385912171255,-18.5670392336531,-7.83715486661024));
#1810=CARTESIAN_POINT('Ctrl Pts',(7.56759742259107,-18.5501451383684,-7.87731348239007));
#1811=CARTESIAN_POINT('Ctrl Pts',(7.61094418215379,-18.5332445966344,-7.91777178435914));
#1812=CARTESIAN_POINT('Ctrl Pts',(7.65390416319233,-18.5163418553819,-7.9585367895975));
#1813=CARTESIAN_POINT('Ctrl Pts',(7.79729634070711,-18.4599237468171,-8.0946025588604));
#1814=CARTESIAN_POINT('Ctrl Pts',(7.9378860537722,-18.4029807682509,-8.23539676482058));
#1815=CARTESIAN_POINT('Ctrl Pts',(8.07560585409793,-18.3456699469175,-8.38136956551961));
#1816=CARTESIAN_POINT('Ctrl Pts',(8.21108746476116,-18.2892905275142,-8.5249700507436));
#1817=CARTESIAN_POINT('Ctrl Pts',(8.34379206544978,-18.2325553223069,-8.67358295660957));
#1818=CARTESIAN_POINT('Ctrl Pts',(8.4736981148558,-18.175622813775,-8.82761268373022));
#1819=CARTESIAN_POINT('Ctrl Pts',(8.54510173569236,-18.1443295270415,-8.91227602530031));
#1820=CARTESIAN_POINT('Ctrl Pts',(8.61566057585764,-18.1129767726372,-8.99857541109428));
#1821=CARTESIAN_POINT('Ctrl Pts',(8.68537605074993,-18.0815917236429,-9.08657351675407));
#1822=CARTESIAN_POINT('Ctrl Pts',(8.80494011168648,-18.0277654545649,-9.23749281958695));
#1823=CARTESIAN_POINT('Ctrl Pts',(8.92202298395198,-17.9738436527636,-9.39341183508503));
#1824=CARTESIAN_POINT('Ctrl Pts',(9.03599573194213,-17.9202943303327,-9.553858151552));
#1825=CARTESIAN_POINT('Ctrl Pts',(9.15073584859324,-17.8663844649424,-9.71538473919952));
#1826=CARTESIAN_POINT('Ctrl Pts',(9.26232306040131,-17.8128527534862,-9.88149932797824));
#1827=CARTESIAN_POINT('Ctrl Pts',(9.37013948356627,-17.7601790942297,-10.051673731334));
#1828=CARTESIAN_POINT('Ctrl Pts',(9.47645453052828,-17.7082389315614,-10.2194784048097));
#1829=CARTESIAN_POINT('Ctrl Pts',(9.57910246813186,-17.6571337008292,-10.3912300039636));
#1830=CARTESIAN_POINT('Ctrl Pts',(9.67752402088933,-17.6073164885771,-10.566385624996));
#1831=CARTESIAN_POINT('Ctrl Pts',(9.77234869776214,-17.5593198768375,-10.7351400766533));
#1832=CARTESIAN_POINT('Ctrl Pts',(9.86324992838207,-17.5125193084751,-10.9070536740152));
#1833=CARTESIAN_POINT('Ctrl Pts',(9.94976506073084,-17.4673058254798,-11.0816158615967));
#1834=CARTESIAN_POINT('Ctrl Pts',(10.0212014225816,-17.4299726255632,-11.2257535084915));
#1835=CARTESIAN_POINT('Ctrl Pts',(10.0896478986082,-17.3937213704386,-11.3716963959046));
#1836=CARTESIAN_POINT('Ctrl Pts',(10.1548668063537,-17.3587613377059,-11.5191477104427));
#1837=CARTESIAN_POINT('Ctrl Pts',(10.2454320070893,-17.3102146433252,-11.723903637236));
#1838=CARTESIAN_POINT('Ctrl Pts',(10.3302590921716,-17.2641331996479,-11.9321235843795));
#1839=CARTESIAN_POINT('Ctrl Pts',(10.4087754943699,-17.2209675902003,-12.1435747426074));
#1840=CARTESIAN_POINT('Ctrl Pts',(10.4272654429275,-17.2108024543077,-12.1933697017318));
#1841=CARTESIAN_POINT('Ctrl Pts',(10.4454052360889,-17.2007991310898,-12.2433439053397));
#1842=CARTESIAN_POINT('Ctrl Pts',(10.4631870330375,-17.1909637237593,-12.2934944010591));
#1843=CARTESIAN_POINT('Ctrl Pts',(10.5354148055664,-17.151013342735,-12.4972003936263));
#1844=CARTESIAN_POINT('Ctrl Pts',(10.6017390882014,-17.1138312470335,-12.7038153351207));
#1845=CARTESIAN_POINT('Ctrl Pts',(10.66201580443,-17.0797726342665,-12.9125295129747));
#1846=CARTESIAN_POINT('Ctrl Pts',(10.7190006210026,-17.0475740686731,-13.1098451579747));
#1847=CARTESIAN_POINT('Ctrl Pts',(10.7705801885552,-17.0181670954662,-13.3090377651266));
#1848=CARTESIAN_POINT('Ctrl Pts',(10.8165993951486,-16.9918768001131,-13.5094130583149));
#1849=CARTESIAN_POINT('Ctrl Pts',(10.8322982476185,-16.9829082085468,-13.577768477698));
#1850=CARTESIAN_POINT('Ctrl Pts',(10.8473497269093,-16.9743025545229,-13.6462613727872));
#1851=CARTESIAN_POINT('Ctrl Pts',(10.861750571442,-16.9660598874343,-13.7148900284832));
#1852=CARTESIAN_POINT('Ctrl Pts',(10.8962337176905,-16.9463226356332,-13.8792228886721));
#1853=CARTESIAN_POINT('Ctrl Pts',(10.9269828051419,-16.9286754592779,-14.0443074340084));
#1854=CARTESIAN_POINT('Ctrl Pts',(10.9539469921892,-16.9131665761619,-14.2097856928283));
#1855=CARTESIAN_POINT('Ctrl Pts',(10.9809471886947,-16.8976369816306,-14.3754849404141));
#1856=CARTESIAN_POINT('Ctrl Pts',(11.0041523477659,-16.8842513841681,-14.5415787449322));
#1857=CARTESIAN_POINT('Ctrl Pts',(11.0235564502607,-16.8730316969655,-14.7077049919863));
#1858=CARTESIAN_POINT('Ctrl Pts',(11.0429872377821,-16.8617965801571,-14.8740597001765));
#1859=CARTESIAN_POINT('Ctrl Pts',(11.0586065078888,-16.8527333102303,-15.0404467263325));
#1860=CARTESIAN_POINT('Ctrl Pts',(11.070453489729,-16.8458376074354,-15.206502927336));
#1861=CARTESIAN_POINT('Ctrl Pts',(11.0823397403672,-16.838919047683,-15.3731095493252));
#1862=CARTESIAN_POINT('Ctrl Pts',(11.09042866327,-16.8341824186849,-15.5393829322411));
#1863=CARTESIAN_POINT('Ctrl Pts',(11.0948053641096,-16.8315973552346,-15.7049600277381));
#1864=CARTESIAN_POINT('Ctrl Pts',(11.0974121608342,-16.8300576715363,-15.803579020907));
#1865=CARTESIAN_POINT('Ctrl Pts',(11.0987029200625,-16.8292807574836,-15.901951093892));
#1866=CARTESIAN_POINT('Ctrl Pts',(11.0987032045951,-16.8292559094796,-16.0000006402994));
#1867=CARTESIAN_POINT('Ctrl Pts',(11.0987036816722,-16.8292142467298,-16.1644007151519));
#1868=CARTESIAN_POINT('Ctrl Pts',(11.0950892177058,-16.8312961108305,-16.3297136504313));
#1869=CARTESIAN_POINT('Ctrl Pts',(11.0877387031587,-16.8355517871734,-16.4955782713533));
#1870=CARTESIAN_POINT('Ctrl Pts',(11.0804224294476,-16.8397876393374,-16.6606702465985));
#1871=CARTESIAN_POINT('Ctrl Pts',(11.0694048132479,-16.8461771395247,-16.8263085643439));
#1872=CARTESIAN_POINT('Ctrl Pts',(11.0546111645076,-16.854744715435,-16.9921315132493));
#1873=CARTESIAN_POINT('Ctrl Pts',(11.0398471082037,-16.8632951532174,-17.1576227586555));
#1874=CARTESIAN_POINT('Ctrl Pts',(11.0213220973194,-16.8740150012753,-17.3232976841036));
#1875=CARTESIAN_POINT('Ctrl Pts',(10.9990068149234,-16.886902804043,-17.4887943963726));
#1876=CARTESIAN_POINT('Ctrl Pts',(10.9767328651011,-16.8997667359025,-17.6539845740914));
#1877=CARTESIAN_POINT('Ctrl Pts',(10.9506826798106,-16.9147906260739,-17.8189969884114));
#1878=CARTESIAN_POINT('Ctrl Pts',(10.9208719499471,-16.9319468580929,-17.9834725805582));
#1879=CARTESIAN_POINT('Ctrl Pts',(10.9026042966815,-16.9424599887443,-18.0842612261821));
#1880=CARTESIAN_POINT('Ctrl Pts',(10.8829254025537,-16.9537733188851,-18.1848483198088));
#1881=CARTESIAN_POINT('Ctrl Pts',(10.8618471824859,-16.9658755694898,-18.2851519043514));
#1882=CARTESIAN_POINT('Ctrl Pts',(10.8474495927828,-16.9741420757759,-18.3536647982933));
#1883=CARTESIAN_POINT('Ctrl Pts',(10.832393209759,-16.9827695637029,-18.4220294664601));
#1884=CARTESIAN_POINT('Ctrl Pts',(10.816682097689,-16.99175776595,-18.4902420683645));
#1885=CARTESIAN_POINT('Ctrl Pts',(10.7659889309597,-17.0207589234161,-18.7103355147078));
#1886=CARTESIAN_POINT('Ctrl Pts',(10.7084823994071,-17.0535129021181,-18.928843829195));
#1887=CARTESIAN_POINT('Ctrl Pts',(10.6445370218279,-17.089545836852,-19.1450843464533));
#1888=CARTESIAN_POINT('Ctrl Pts',(10.5768778812333,-17.1276714604622,-19.3738834889919));
#1889=CARTESIAN_POINT('Ctrl Pts',(10.5020103174093,-17.1694679262564,-19.6001442626315));
#1890=CARTESIAN_POINT('Ctrl Pts',(10.4203352242644,-17.2144101777495,-19.8230820603224));
#1891=CARTESIAN_POINT('Ctrl Pts',(10.3386601311195,-17.2593524292426,-20.0460198580132));
#1892=CARTESIAN_POINT('Ctrl Pts',(10.2501772643334,-17.3074407973308,-20.2656354264568));
#1893=CARTESIAN_POINT('Ctrl Pts',(10.1552481759127,-17.3581827128734,-20.4811576706898));
#1894=CARTESIAN_POINT('Ctrl Pts',(10.098608585508,-17.3884579568529,-20.6097493578065));
#1895=CARTESIAN_POINT('Ctrl Pts',(10.0395004503605,-17.4197468858754,-20.737219901928));
#1896=CARTESIAN_POINT('Ctrl Pts',(9.97798827964238,-17.4519263459442,-20.8632836841952));
#1897=CARTESIAN_POINT('Ctrl Pts',(9.89209417635925,-17.496860963508,-21.0393160922196));
#1898=CARTESIAN_POINT('Ctrl Pts',(9.80151043425201,-17.5435327422444,-21.2126041686365));
#1899=CARTESIAN_POINT('Ctrl Pts',(9.70679900975552,-17.5915175092167,-21.3826791600176));
#1900=CARTESIAN_POINT('Ctrl Pts',(9.60682087087758,-17.6421706138647,-21.5622116841914));
#1901=CARTESIAN_POINT('Ctrl Pts',(9.50224358900537,-17.6942863734971,-21.7381632003548));
#1902=CARTESIAN_POINT('Ctrl Pts',(9.39377602576634,-17.7473459221448,-21.9100080142425));
#1903=CARTESIAN_POINT('Ctrl Pts',(9.28175404022247,-17.8021442029772,-22.0874840880315));
#1904=CARTESIAN_POINT('Ctrl Pts',(9.1655833969996,-17.8579484706955,-22.2605792073526));
#1905=CARTESIAN_POINT('Ctrl Pts',(9.0460855260814,-17.9141751027818,-22.4287512952645));
#1906=CARTESIAN_POINT('Ctrl Pts',(8.92742918307791,-17.9700057756757,-22.5957390816875));
#1907=CARTESIAN_POINT('Ctrl Pts',(8.80549335355549,-18.0262521291313,-22.7578724868846));
#1908=CARTESIAN_POINT('Ctrl Pts',(8.68110748200136,-18.0823420100758,-22.9146649523408));
#1909=CARTESIAN_POINT('Ctrl Pts',(8.55212867342352,-18.1405030047861,-23.0772469653608));
#1910=CARTESIAN_POINT('Ctrl Pts',(8.42051379288814,-18.1984960438377,-23.234087682576));
#1911=CARTESIAN_POINT('Ctrl Pts',(8.28608720138929,-18.2561662538187,-23.3855819540571));
#1912=CARTESIAN_POINT('Ctrl Pts',(8.15240348971575,-18.3135177617108,-23.5362390248275));
#1913=CARTESIAN_POINT('Ctrl Pts',(8.01593855301561,-18.3705498749094,-23.6816094272681));
#1914=CARTESIAN_POINT('Ctrl Pts',(7.87656220614147,-18.4271143607987,-23.8221091935787));
#1915=CARTESIAN_POINT('Ctrl Pts',(7.80293222374927,-18.4569963471863,-23.8963326579725));
#1916=CARTESIAN_POINT('Ctrl Pts',(7.72849048212134,-18.4867479074728,-23.969197205015));
#1917=CARTESIAN_POINT('Ctrl Pts',(7.65322333454767,-18.5163478272269,-24.0407661041436));
#1918=CARTESIAN_POINT('Ctrl Pts',(7.50538173094944,-18.5744887259311,-24.181343516149));
#1919=CARTESIAN_POINT('Ctrl Pts',(7.35304565217139,-18.6325643395717,-24.3181693264724));
#1920=CARTESIAN_POINT('Ctrl Pts',(7.19586959341657,-18.6904231321083,-24.4515787207498));
#1921=CARTESIAN_POINT('Ctrl Pts',(7.15767185040491,-18.7044842766986,-24.484000565389));
#1922=CARTESIAN_POINT('Ctrl Pts',(7.11918831458384,-18.7185326094239,-24.5162208671241));
#1923=CARTESIAN_POINT('Ctrl Pts',(7.08041416076664,-18.7325659463854,-24.5482448728661));
#1924=CARTESIAN_POINT('Ctrl Pts',(6.91273579310601,-18.7932529454012,-24.6867323053472));
#1925=CARTESIAN_POINT('Ctrl Pts',(6.73961845905076,-18.8536603150399,-24.8215475061909));
#1926=CARTESIAN_POINT('Ctrl Pts',(6.5615605733664,-18.9132258503437,-24.9519744616865));
#1927=CARTESIAN_POINT('Ctrl Pts',(6.38282264570638,-18.9730188794433,-25.0828995462269));
#1928=CARTESIAN_POINT('Ctrl Pts',(6.19910682790701,-19.0319629740318,-25.2094020711322));
#1929=CARTESIAN_POINT('Ctrl Pts',(6.0109633756289,-19.0894855173182,-25.330782568658));
#1930=CARTESIAN_POINT('Ctrl Pts',(5.82622209609518,-19.1459678881905,-25.4499681589714));
#1931=CARTESIAN_POINT('Ctrl Pts',(5.63721246531342,-19.2010790402172,-25.5642147160331));
#1932=CARTESIAN_POINT('Ctrl Pts',(5.44449157587776,-19.2542825064587,-25.6728933960905));
#1933=CARTESIAN_POINT('Ctrl Pts',(5.34799692525154,-19.2809212891154,-25.7273084171781));
#1934=CARTESIAN_POINT('Ctrl Pts',(5.25057238910932,-19.3070819669339,-25.7803281690309));
#1935=CARTESIAN_POINT('Ctrl Pts',(5.15229068506417,-19.3326984713484,-25.8318776219184));
#1936=CARTESIAN_POINT('Ctrl Pts',(4.95976116852552,-19.3828800718634,-25.9328607228799));
#1937=CARTESIAN_POINT('Ctrl Pts',(4.76394138499048,-19.4309721283224,-26.0281987981139));
#1938=CARTESIAN_POINT('Ctrl Pts',(4.56564106053912,-19.4766213434178,-26.1176290824369));
#1939=CARTESIAN_POINT('Ctrl Pts',(4.41589748292473,-19.5110926777566,-26.1851610481997));
#1940=CARTESIAN_POINT('Ctrl Pts',(4.26473994161094,-19.5441713449282,-26.2493250630886));
#1941=CARTESIAN_POINT('Ctrl Pts',(4.11252123599629,-19.5757137634077,-26.3100253102924));
#1942=CARTESIAN_POINT('Ctrl Pts',(3.81065932062723,-19.6382649118961,-26.430398774318));
#1943=CARTESIAN_POINT('Ctrl Pts',(3.50339566311918,-19.6950152484584,-26.5376254528562));
#1944=CARTESIAN_POINT('Ctrl Pts',(3.19288242420423,-19.7448565510825,-26.6309275982241));
#1945=CARTESIAN_POINT('Ctrl Pts',(3.11961655124487,-19.7566166504553,-26.6529423218257));
#1946=CARTESIAN_POINT('Ctrl Pts',(3.04616987258068,-19.7679921748738,-26.6741820164458));
#1947=CARTESIAN_POINT('Ctrl Pts',(2.97257082920908,-19.7789687112367,-26.6946368246413));
#1948=CARTESIAN_POINT('Ctrl Pts',(2.66384978717039,-19.8250112627252,-26.7804372564337));
#1949=CARTESIAN_POINT('Ctrl Pts',(2.35244754108919,-19.8640317338837,-26.8524239764054));
#1950=CARTESIAN_POINT('Ctrl Pts',(2.0403746871398,-19.8958439691945,-26.9107459000491));
#1951=CARTESIAN_POINT('Ctrl Pts',(1.72851222229597,-19.9276347577576,-26.9690285049977));
#1952=CARTESIAN_POINT('Ctrl Pts',(1.41598111278329,-19.952226981735,-27.0136649017257));
#1953=CARTESIAN_POINT('Ctrl Pts',(1.10478327158872,-19.9694592527551,-27.0448487361482));
#1954=CARTESIAN_POINT('Ctrl Pts',(1.00302318619828,-19.9750941162995,-27.0550456888053));
#1955=CARTESIAN_POINT('Ctrl Pts',(0.901405557262958,-19.9799422092368,-27.063804565406));
#1956=CARTESIAN_POINT('Ctrl Pts',(0.799999983794871,-19.983998466133,-27.0711331332799));
#1957=CARTESIAN_POINT('Ctrl Pts',(0.80007983877194,-19.9839897833056,-27.0711218631961));
#1958=CARTESIAN_POINT('Ctrl Pts',(0.800060374681079,-20.1505720216145,-27.2380156098974));
#1959=CARTESIAN_POINT('Ctrl Pts',(0.800037136672135,-20.3177725097551,-27.4055063895749));
#1960=CARTESIAN_POINT('Ctrl Pts',(0.800022020077751,-20.4843535339477,-27.5723581301695));
#1961=CARTESIAN_POINT('Ctrl Pts',(0.800006899799673,-20.6509751514911,-27.7392505300845));
#1962=CARTESIAN_POINT('Ctrl Pts',(0.800000000000005,-20.8181366982763,-27.906665160928));
#1963=CARTESIAN_POINT('Ctrl Pts',(0.800000000000003,-20.984756372186,-28.0735218323922));
#1964=CARTESIAN_POINT('Origin',(0.8,0.,-37.1));
#1965=CARTESIAN_POINT('',(0.8,0.,-27.0711336366246));
#1966=CARTESIAN_POINT('',(0.8,0.,-37.1));
#1967=CARTESIAN_POINT('',(0.800000000000001,-2.2,-32.1));
#1968=CARTESIAN_POINT('Origin',(0.800000000000001,0.,-32.1));
#1969=CARTESIAN_POINT('Origin',(0.,0.,-16.));
#1970=CARTESIAN_POINT('',(0.8,0.,-4.92886636337543));
#1971=CARTESIAN_POINT('Origin',(-17.,0.,-4.));
#1972=CARTESIAN_POINT('',(10.217261889578,-11.667261889578,-4.));
#1973=CARTESIAN_POINT('Origin',(11.667261889578,-11.667261889578,-4.));
#1974=CARTESIAN_POINT('Origin',(-17.,0.,-4.));
#1975=CARTESIAN_POINT('',(-13.117261889578,11.667261889578,-4.));
#1976=CARTESIAN_POINT('Origin',(-11.667261889578,11.667261889578,-4.));
#1977=CARTESIAN_POINT('Origin',(-17.,0.,-4.));
#1978=CARTESIAN_POINT('',(10.217261889578,11.667261889578,-4.));
#1979=CARTESIAN_POINT('Origin',(11.667261889578,11.667261889578,-4.));
#1980=CARTESIAN_POINT('Origin',(-17.,0.,-4.));
#1981=CARTESIAN_POINT('',(-13.117261889578,-11.667261889578,-4.));
#1982=CARTESIAN_POINT('Origin',(-11.667261889578,-11.667261889578,-4.));
#1983=CARTESIAN_POINT('Ctrl Pts',(-19.3386235532057,8.18643017849649,0.));
#1984=CARTESIAN_POINT('Ctrl Pts',(-19.5974549984133,7.57499836102981,0.));
#1985=CARTESIAN_POINT('Ctrl Pts',(-20.1106434269919,6.19556503812147,0.));
#1986=CARTESIAN_POINT('Ctrl Pts',(-20.6942586630474,3.8482259503863,0.));
#1987=CARTESIAN_POINT('Ctrl Pts',(-21.1228323874909,0.44981239773353,0.));
#1988=CARTESIAN_POINT('Ctrl Pts',(-20.8395717989337,-3.94073232056652,0.));
#1989=CARTESIAN_POINT('Ctrl Pts',(-19.8583859056692,-6.95860703074731,0.));
#1990=CARTESIAN_POINT('Ctrl Pts',(-19.3386235529631,-8.18643017906959,0.));
#1991=CARTESIAN_POINT('Ctrl Pts',(-18.4938982229604,8.54516522697543,-0.766261283282964));
#1992=CARTESIAN_POINT('Ctrl Pts',(-18.664380943932,7.8737770076571,-0.805837944271921));
#1993=CARTESIAN_POINT('Ctrl Pts',(-19.0077203699661,6.389383820192,-0.837059681417687));
#1994=CARTESIAN_POINT('Ctrl Pts',(-19.4053379237851,3.94117981758632,-0.820085832706335));
#1995=CARTESIAN_POINT('Ctrl Pts',(-19.7031508683202,0.453972019708534,-0.785940561448841));
#1996=CARTESIAN_POINT('Ctrl Pts',(-19.5039200608052,-4.01380226710508,-0.817587743458954));
#1997=CARTESIAN_POINT('Ctrl Pts',(-18.8362465030731,-7.19694295056255,-0.845735623850717));
#1998=CARTESIAN_POINT('Ctrl Pts',(-18.4938982228003,-8.54516522760469,-0.766261283245601));
#1999=CARTESIAN_POINT('Ctrl Pts',(-17.3542565676745,9.31550484671311,-2.41171362502304));
#2000=CARTESIAN_POINT('Ctrl Pts',(-17.3960618926831,8.5371435836845,-2.583464439675));
#2001=CARTESIAN_POINT('Ctrl Pts',(-17.4805699563706,6.85336255499639,-2.79844759274265));
#2002=CARTESIAN_POINT('Ctrl Pts',(-17.5810728748353,4.18286388228052,-2.91333481247196));
#2003=CARTESIAN_POINT('Ctrl Pts',(-17.6576629548102,0.470649473298426,-2.9433849098685));
#2004=CARTESIAN_POINT('Ctrl Pts',(-17.6053975465273,-4.22393205472463,-2.94404543238296));
#2005=CARTESIAN_POINT('Ctrl Pts',(-17.4382063136347,-7.75246879137054,-2.75660837847891));
#2006=CARTESIAN_POINT('Ctrl Pts',(-17.3542565676354,-9.31550484744269,-2.41171362486215));
#2007=CARTESIAN_POINT('Ctrl Pts',(-17.,10.2028131979702,-4.30701222711063));
#2008=CARTESIAN_POINT('Ctrl Pts',(-16.9999461413635,9.31686259209405,-4.66405179225949));
#2009=CARTESIAN_POINT('Ctrl Pts',(-17.0000336229649,7.42285321141795,-5.17983879496895));
#2010=CARTESIAN_POINT('Ctrl Pts',(-16.9998843440912,4.49319554586784,-5.57517964836283));
#2011=CARTESIAN_POINT('Ctrl Pts',(-16.9997701943238,0.496096432239055,-5.78978625331249));
#2012=CARTESIAN_POINT('Ctrl Pts',(-16.999966378866,-4.50678299991358,-5.67527377874199));
#2013=CARTESIAN_POINT('Ctrl Pts',(-16.9998918458629,-8.42372576643582,-5.02398741606836));
#2014=CARTESIAN_POINT('Ctrl Pts',(-17.,-10.2028131988006,-4.30701222677602));
#2015=CARTESIAN_POINT('Ctrl Pts',(-17.,10.5830052433327,-5.11910584831844));
#2016=CARTESIAN_POINT('Ctrl Pts',(-17.,9.65093218607257,-5.55546780562568));
#2017=CARTESIAN_POINT('Ctrl Pts',(-17.,7.66680682190146,-6.20007175766608));
#2018=CARTESIAN_POINT('Ctrl Pts',(-17.,4.62611015024892,-6.7152969043037));
#2019=CARTESIAN_POINT('Ctrl Pts',(-17.,0.506991446147389,-7.00873047004936));
#2020=CARTESIAN_POINT('Ctrl Pts',(-17.,-4.62789847338747,-6.84512123458713));
#2021=CARTESIAN_POINT('Ctrl Pts',(-17.,-8.71129879553602,-5.99536923011136));
#2022=CARTESIAN_POINT('Ctrl Pts',(-17.,-10.5830052442063,-5.11910584790943));
#2023=CARTESIAN_POINT('',(-17.,10.5830052434737,-5.11910584861973));
#2024=CARTESIAN_POINT('Origin',(-25.,10.5830052433327,-5.11910584831844));
#2025=CARTESIAN_POINT('',(-17.,-10.5830052442142,-5.11910584792638));
#2026=CARTESIAN_POINT('Ctrl Pts',(-17.,10.5830052433327,-5.11910584831844));
#2027=CARTESIAN_POINT('Ctrl Pts',(-17.,9.65093218607257,-5.55546780562568));
#2028=CARTESIAN_POINT('Ctrl Pts',(-17.,7.66680682190146,-6.20007175766608));
#2029=CARTESIAN_POINT('Ctrl Pts',(-17.,4.62611015024892,-6.7152969043037));
#2030=CARTESIAN_POINT('Ctrl Pts',(-17.,0.506991446147389,-7.00873047004936));
#2031=CARTESIAN_POINT('Ctrl Pts',(-17.,-4.62789847338747,-6.84512123458713));
#2032=CARTESIAN_POINT('Ctrl Pts',(-17.,-8.71129879553602,-5.99536923011136));
#2033=CARTESIAN_POINT('Ctrl Pts',(-17.,-10.5830052442063,-5.11910584790943));
#2034=CARTESIAN_POINT('Origin',(-25.,-10.5830052442063,-5.11910584790944));
#2035=CARTESIAN_POINT('Ctrl Pts',(-15.75,13.8901943830891,0.));
#2036=CARTESIAN_POINT('Ctrl Pts',(-15.7526704253132,13.8871664054004,0.));
#2037=CARTESIAN_POINT('Ctrl Pts',(-15.7553373152942,13.8841414762253,0.));
#2038=CARTESIAN_POINT('Ctrl Pts',(-16.6392064809426,12.8803849390324,0.));
#2039=CARTESIAN_POINT('Ctrl Pts',(-17.692779513626,11.4291307359679,0.));
#2040=CARTESIAN_POINT('Ctrl Pts',(-18.7749131395707,9.44024790101681,0.));
#2041=CARTESIAN_POINT('Ctrl Pts',(-19.1602567068336,8.60778224785438,0.));
#2042=CARTESIAN_POINT('Ctrl Pts',(-19.3386235532057,8.18643017849648,0.));
#2043=CARTESIAN_POINT('Ctrl Pts',(-15.75,13.8901943830891,0.));
#2044=CARTESIAN_POINT('Ctrl Pts',(-15.7522597627734,13.8876637022084,-0.00110606732315802));
#2045=CARTESIAN_POINT('Ctrl Pts',(-15.7544939550742,13.885063291597,-0.0021433338048698));
#2046=CARTESIAN_POINT('Ctrl Pts',(-16.5017952191559,13.0395174607567,-0.361555829542958));
#2047=CARTESIAN_POINT('Ctrl Pts',(-17.2533570152144,11.6973840355202,-0.840207082727668));
#2048=CARTESIAN_POINT('Ctrl Pts',(-17.7238965229221,9.89734362932051,-1.22008794608256));
#2049=CARTESIAN_POINT('Ctrl Pts',(-17.8277085912973,9.171342914024,-1.31357027563151));
#2050=CARTESIAN_POINT('Ctrl Pts',(-17.8603542252196,8.81421651353174,-1.34095724571582));
#2051=CARTESIAN_POINT('Ctrl Pts',(-15.75,13.8901943830891,0.));
#2052=CARTESIAN_POINT('Ctrl Pts',(-15.7518625342413,13.8881103764305,-0.00213403606830275));
#2053=CARTESIAN_POINT('Ctrl Pts',(-15.7536413555392,13.8860335852544,-0.00435869177557053));
#2054=CARTESIAN_POINT('Ctrl Pts',(-16.3630145107206,13.1963893401405,-0.72068638476641));
#2055=CARTESIAN_POINT('Ctrl Pts',(-16.9222985743924,12.0565303710748,-1.68030173733438));
#2056=CARTESIAN_POINT('Ctrl Pts',(-17.0827728769605,10.563560838499,-2.70221603448607));
#2057=CARTESIAN_POINT('Ctrl Pts',(-17.0441840692184,9.97733509062063,-3.06154623652919));
#2058=CARTESIAN_POINT('Ctrl Pts',(-16.9999999999368,9.69589047123337,-3.22422073215128));
#2059=CARTESIAN_POINT('Ctrl Pts',(-15.75,13.8901943830891,0.));
#2060=CARTESIAN_POINT('Ctrl Pts',(-15.7514183577681,13.88858611655,-0.00324866119052305));
#2061=CARTESIAN_POINT('Ctrl Pts',(-15.7528343682702,13.8869789111142,-0.00649388895923863));
#2062=CARTESIAN_POINT('Ctrl Pts',(-16.2218629121533,13.3535414401684,-1.08254455971795));
#2063=CARTESIAN_POINT('Ctrl Pts',(-16.6968339893343,12.5078830526321,-2.52024618263802));
#2064=CARTESIAN_POINT('Ctrl Pts',(-16.962754852171,11.3230340131135,-4.18706153702191));
#2065=CARTESIAN_POINT('Ctrl Pts',(-17.0000000000176,10.8300488982471,-4.81839854378417));
#2066=CARTESIAN_POINT('Ctrl Pts',(-17.,10.5830052439023,-5.11910584831844));
#2067=CARTESIAN_POINT('Ctrl Pts',(-15.75,13.8901943830891,0.));
#2068=CARTESIAN_POINT('Ctrl Pts',(-15.7514183577681,13.88858611655,-0.00324866119052305));
#2069=CARTESIAN_POINT('Ctrl Pts',(-15.7528343682702,13.8869789111142,-0.00649388895923863));
#2070=CARTESIAN_POINT('Ctrl Pts',(-16.2218629121533,13.3535414401684,-1.08254455971795));
#2071=CARTESIAN_POINT('Ctrl Pts',(-16.6968339893343,12.5078830526321,-2.52024618263802));
#2072=CARTESIAN_POINT('Ctrl Pts',(-16.962754852171,11.3230340131135,-4.18706153702191));
#2073=CARTESIAN_POINT('Ctrl Pts',(-17.0000000000176,10.8300488982471,-4.81839854378417));
#2074=CARTESIAN_POINT('Ctrl Pts',(-17.,10.5830052439023,-5.11910584831844));
#2075=CARTESIAN_POINT('Ctrl Pts',(-19.3386235529631,-8.18643017906959,0.));
#2076=CARTESIAN_POINT('Ctrl Pts',(-18.4467893211245,-10.2931905256328,0.));
#2077=CARTESIAN_POINT('Ctrl Pts',(-17.2251920188652,-12.2158337118856,0.));
#2078=CARTESIAN_POINT('Ctrl Pts',(-15.7553391932686,-13.8841381762544,0.));
#2079=CARTESIAN_POINT('Ctrl Pts',(-15.7526704253232,-13.8871664053891,0.));
#2080=CARTESIAN_POINT('Ctrl Pts',(-15.75,-13.8901943830891,0.));
#2081=CARTESIAN_POINT('Ctrl Pts',(-17.8603542251751,-8.81421651401708,-1.34095724567815));
#2082=CARTESIAN_POINT('Ctrl Pts',(-17.7074166658587,-10.5989205184719,-1.20855481417334));
#2083=CARTESIAN_POINT('Ctrl Pts',(-17.0022321538698,-12.4799189910305,-0.598210502733163));
#2084=CARTESIAN_POINT('Ctrl Pts',(-15.7544930214348,-13.8850798242026,-0.00216595384790814));
#2085=CARTESIAN_POINT('Ctrl Pts',(-15.7522530694732,-13.8876396424408,-0.00108288706642263));
#2086=CARTESIAN_POINT('Ctrl Pts',(-15.75,-13.8901943830891,-7.04289663186204E-16));
#2087=CARTESIAN_POINT('Ctrl Pts',(-16.9999999999965,-9.69589047161626,-3.2242207319306));
#2088=CARTESIAN_POINT('Ctrl Pts',(-17.2305751291995,-11.103181886983,-2.41746541582177));
#2089=CARTESIAN_POINT('Ctrl Pts',(-16.7711471817567,-12.7422799005738,-1.1956001867321));
#2090=CARTESIAN_POINT('Ctrl Pts',(-15.7536587869217,-13.8860250690531,-0.00433294832584107));
#2091=CARTESIAN_POINT('Ctrl Pts',(-15.7518357136233,-13.8881128794924,-0.00216577413284527));
#2092=CARTESIAN_POINT('Ctrl Pts',(-15.75,-13.8901943830891,-1.40857932637241E-15));
#2093=CARTESIAN_POINT('Ctrl Pts',(-17.,-10.5830052442383,-5.11910584790943));
#2094=CARTESIAN_POINT('Ctrl Pts',(-17.000000000005,-11.8182235158419,-3.61556932531529));
#2095=CARTESIAN_POINT('Ctrl Pts',(-16.5338749061819,-13.0012878334018,-1.7942556513846));
#2096=CARTESIAN_POINT('Ctrl Pts',(-15.7528340177898,-13.8869759890738,-0.00649832543597548));
#2097=CARTESIAN_POINT('Ctrl Pts',(-15.7514183577734,-13.8885861165441,-0.00324866119926791));
#2098=CARTESIAN_POINT('Ctrl Pts',(-15.75,-13.8901943830891,-2.11286898955861E-15));
#2099=CARTESIAN_POINT('Ctrl Pts',(-17.,-10.5830052442383,-5.11910584790943));
#2100=CARTESIAN_POINT('Ctrl Pts',(-17.000000000005,-11.8182235158419,-3.61556932531529));
#2101=CARTESIAN_POINT('Ctrl Pts',(-16.5338749061819,-13.0012878334018,-1.7942556513846));
#2102=CARTESIAN_POINT('Ctrl Pts',(-15.7528340177898,-13.8869759890738,-0.00649832543597548));
#2103=CARTESIAN_POINT('Ctrl Pts',(-15.7514183577734,-13.8885861165441,-0.00324866119926791));
#2104=CARTESIAN_POINT('Ctrl Pts',(-15.75,-13.8901943830891,-2.11286898955861E-15));
#2105=CARTESIAN_POINT('Origin',(-17.,0.,-37.1));
#2106=CARTESIAN_POINT('',(-17.,10.5830052442584,-37.1));
#2107=CARTESIAN_POINT('',(-17.,10.5830052442584,-8.97754467351878E-16));
#2108=CARTESIAN_POINT('',(-17.,-10.5830052442584,-37.1));
#2109=CARTESIAN_POINT('',(-17.,0.,-37.1));
#2110=CARTESIAN_POINT('',(-17.,-10.5830052442584,-8.97754467351878E-16));
#2111=CARTESIAN_POINT('',(-17.,4.04145188432738,-32.1));
#2112=CARTESIAN_POINT('',(-17.,2.02072594216369,-28.6));
#2113=CARTESIAN_POINT('',(-17.,4.61880215351701,-33.1));
#2114=CARTESIAN_POINT('',(-17.,-2.02072594216369,-28.6));
#2115=CARTESIAN_POINT('',(-17.,1.01036297108185,-28.6));
#2116=CARTESIAN_POINT('',(-17.,-4.04145188432738,-32.1));
#2117=CARTESIAN_POINT('',(-17.,-3.60843918243516,-31.35));
#2118=CARTESIAN_POINT('',(-17.,-2.02072594216369,-35.6));
#2119=CARTESIAN_POINT('',(-17.,-2.45373864405591,-34.85));
#2120=CARTESIAN_POINT('',(-17.,2.02072594216369,-35.6));
#2121=CARTESIAN_POINT('',(-17.,-1.01036297108185,-35.6));
#2122=CARTESIAN_POINT('',(-17.,1.44337567297406,-36.6));
#2123=CARTESIAN_POINT('Origin',(-12.,10.5830052442584,0.));
#2124=CARTESIAN_POINT('Origin',(-12.,10.5830052442584,-37.1));
#2125=CARTESIAN_POINT('Ctrl Pts',(19.3386235532057,-8.1864301784965,0.));
#2126=CARTESIAN_POINT('Ctrl Pts',(19.5974549984133,-7.57499836102982,0.));
#2127=CARTESIAN_POINT('Ctrl Pts',(20.3683711504143,-5.51506015509512,0.));
#2128=CARTESIAN_POINT('Ctrl Pts',(21.1806953547418,-1.33419333661237,0.));
#2129=CARTESIAN_POINT('Ctrl Pts',(20.8389627130376,3.9439228030458,0.));
#2130=CARTESIAN_POINT('Ctrl Pts',(19.8583859056692,6.95860703074729,0.));
#2131=CARTESIAN_POINT('Ctrl Pts',(19.3386235529631,8.18643017906961,0.));
#2132=CARTESIAN_POINT('Ctrl Pts',(18.4938982229604,-8.54516522697544,-0.766261283282963));
#2133=CARTESIAN_POINT('Ctrl Pts',(18.664380943932,-7.87377700765711,-0.805837944271921));
#2134=CARTESIAN_POINT('Ctrl Pts',(19.1792400004958,-5.6566642305726,-0.850463489255379));
#2135=CARTESIAN_POINT('Ctrl Pts',(19.743535275624,-1.35380776684389,-0.777953735827229));
#2136=CARTESIAN_POINT('Ctrl Pts',(19.5036222630326,4.01708316461134,-0.81836292575622));
#2137=CARTESIAN_POINT('Ctrl Pts',(18.8362465030731,7.19694295056253,-0.845735623850714));
#2138=CARTESIAN_POINT('Ctrl Pts',(18.4938982228003,8.54516522760471,-0.766261283245599));
#2139=CARTESIAN_POINT('Ctrl Pts',(17.3542565676745,-9.31550484671312,-2.41171362502304));
#2140=CARTESIAN_POINT('Ctrl Pts',(17.3960618926831,-8.53714358368451,-2.583464439675));
#2141=CARTESIAN_POINT('Ctrl Pts',(17.5229091773294,-6.01986300887518,-2.90155384721696));
#2142=CARTESIAN_POINT('Ctrl Pts',(17.6682289709033,-1.41508207064782,-2.93937698494535));
#2143=CARTESIAN_POINT('Ctrl Pts',(17.6054095240279,4.22689278655868,-2.94617398524763));
#2144=CARTESIAN_POINT('Ctrl Pts',(17.4382063136347,7.75246879137054,-2.7566083784789));
#2145=CARTESIAN_POINT('Ctrl Pts',(17.3542565676354,9.31550484744271,-2.41171362486215));
#2146=CARTESIAN_POINT('Ctrl Pts',(17.,-10.2028131979702,-4.30701222711063));
#2147=CARTESIAN_POINT('Ctrl Pts',(16.9999461413635,-9.31686259209405,-4.66405179225949));
#2148=CARTESIAN_POINT('Ctrl Pts',(16.9999983818171,-6.48212345000736,-5.43001707963367));
#2149=CARTESIAN_POINT('Ctrl Pts',(16.9997208868365,-1.50071069562998,-5.80654769612509));
#2150=CARTESIAN_POINT('Ctrl Pts',(16.9999524811458,4.50902283546158,-5.67873319241713));
#2151=CARTESIAN_POINT('Ctrl Pts',(16.9998918458629,8.42372576643583,-5.02398741606835));
#2152=CARTESIAN_POINT('Ctrl Pts',(17.,10.2028131988006,-4.30701222677601));
#2153=CARTESIAN_POINT('Ctrl Pts',(17.,-10.5830052433327,-5.11910584831844));
#2154=CARTESIAN_POINT('Ctrl Pts',(17.,-9.65093218607258,-5.55546780562567));
#2155=CARTESIAN_POINT('Ctrl Pts',(17.,-6.68011362921489,-6.51318994091516));
#2156=CARTESIAN_POINT('Ctrl Pts',(17.,-1.53736855277499,-7.03433499609956));
#2157=CARTESIAN_POINT('Ctrl Pts',(17.,4.62982739594066,-6.84914291530706));
#2158=CARTESIAN_POINT('Ctrl Pts',(17.,8.71129879553605,-5.99536923011136));
#2159=CARTESIAN_POINT('Ctrl Pts',(17.,10.5830052442063,-5.11910584790942));
#2160=CARTESIAN_POINT('',(17.,-10.5830052434737,-5.11910584861973));
#2161=CARTESIAN_POINT('Origin',(25.,-10.5830052433327,-5.11910584831844));
#2162=CARTESIAN_POINT('',(17.,10.5830052442142,-5.11910584792637));
#2163=CARTESIAN_POINT('Ctrl Pts',(17.,-10.5830052433327,-5.11910584831844));
#2164=CARTESIAN_POINT('Ctrl Pts',(17.,-9.65093218607258,-5.55546780562567));
#2165=CARTESIAN_POINT('Ctrl Pts',(17.,-6.68011362921489,-6.51318994091516));
#2166=CARTESIAN_POINT('Ctrl Pts',(17.,-1.53736855277499,-7.03433499609956));
#2167=CARTESIAN_POINT('Ctrl Pts',(17.,4.62982739594066,-6.84914291530706));
#2168=CARTESIAN_POINT('Ctrl Pts',(17.,8.71129879553605,-5.99536923011136));
#2169=CARTESIAN_POINT('Ctrl Pts',(17.,10.5830052442063,-5.11910584790942));
#2170=CARTESIAN_POINT('Origin',(25.,10.5830052442063,-5.11910584790943));
#2171=CARTESIAN_POINT('Ctrl Pts',(15.75,-13.8901943830891,0.));
#2172=CARTESIAN_POINT('Ctrl Pts',(15.7526704253185,-13.8871664053945,0.));
#2173=CARTESIAN_POINT('Ctrl Pts',(15.7553373153079,-13.8841414762098,0.));
#2174=CARTESIAN_POINT('Ctrl Pts',(16.6392064809514,-12.8803849390236,0.));
#2175=CARTESIAN_POINT('Ctrl Pts',(17.6927795136276,-11.4291307359663,0.));
#2176=CARTESIAN_POINT('Ctrl Pts',(18.7749131395748,-9.44024790100986,0.));
#2177=CARTESIAN_POINT('Ctrl Pts',(19.1602567068337,-8.60778224785404,0.));
#2178=CARTESIAN_POINT('Ctrl Pts',(19.3386235532057,-8.1864301784965,0.));
#2179=CARTESIAN_POINT('Ctrl Pts',(15.75,-13.8901943830891,-4.02451235885184E-16));
#2180=CARTESIAN_POINT('Ctrl Pts',(15.7522597627784,-13.8876637022027,-0.00110606732425117));
#2181=CARTESIAN_POINT('Ctrl Pts',(15.7544939550876,-13.8850632915818,-0.00214333380542661));
#2182=CARTESIAN_POINT('Ctrl Pts',(16.5017952191639,-13.0395174607483,-0.361555829544242));
#2183=CARTESIAN_POINT('Ctrl Pts',(17.2533570152161,-11.6973840355185,-0.840207082727764));
#2184=CARTESIAN_POINT('Ctrl Pts',(17.7238965229244,-9.8973436293142,-1.22008794608361));
#2185=CARTESIAN_POINT('Ctrl Pts',(17.8277085912972,-9.17134291402379,-1.31357027563134));
#2186=CARTESIAN_POINT('Ctrl Pts',(17.8603542252196,-8.81421651353175,-1.34095724571582));
#2187=CARTESIAN_POINT('Ctrl Pts',(15.75,-13.8901943830891,-8.04902471770367E-16));
#2188=CARTESIAN_POINT('Ctrl Pts',(15.7518625342451,-13.8881103764263,-0.0021340360717482));
#2189=CARTESIAN_POINT('Ctrl Pts',(15.7536413555493,-13.8860335852429,-0.00435869178490617));
#2190=CARTESIAN_POINT('Ctrl Pts',(16.363014510734,-13.1963893401251,-0.720686384909503));
#2191=CARTESIAN_POINT('Ctrl Pts',(16.9222985743925,-12.0565303710752,-1.6803017373103));
#2192=CARTESIAN_POINT('Ctrl Pts',(17.0827728769627,-10.5635608384925,-2.70221603451105));
#2193=CARTESIAN_POINT('Ctrl Pts',(17.0441840692183,-9.97733509062057,-3.06154623652927));
#2194=CARTESIAN_POINT('Ctrl Pts',(16.9999999999368,-9.69589047123338,-3.22422073215127));
#2195=CARTESIAN_POINT('Ctrl Pts',(15.75,-13.8901943830891,-1.20735370765555E-15));
#2196=CARTESIAN_POINT('Ctrl Pts',(15.7514183577717,-13.888586116546,-0.00324866119506534));
#2197=CARTESIAN_POINT('Ctrl Pts',(15.7528343682799,-13.8869789111031,-0.00649388896912741));
#2198=CARTESIAN_POINT('Ctrl Pts',(16.2218629121665,-13.3535414401537,-1.08254455986251));
#2199=CARTESIAN_POINT('Ctrl Pts',(16.6968339893342,-12.5078830526325,-2.52024618261378));
#2200=CARTESIAN_POINT('Ctrl Pts',(16.9627548521735,-11.3230340131078,-4.1870615370489));
#2201=CARTESIAN_POINT('Ctrl Pts',(17.0000000000176,-10.830048898247,-4.81839854378436));
#2202=CARTESIAN_POINT('Ctrl Pts',(17.,-10.5830052439023,-5.11910584831844));
#2203=CARTESIAN_POINT('Ctrl Pts',(15.75,-13.8901943830891,-1.20735370765555E-15));
#2204=CARTESIAN_POINT('Ctrl Pts',(15.7514183577717,-13.888586116546,-0.00324866119506534));
#2205=CARTESIAN_POINT('Ctrl Pts',(15.7528343682799,-13.8869789111031,-0.00649388896912741));
#2206=CARTESIAN_POINT('Ctrl Pts',(16.2218629121665,-13.3535414401537,-1.08254455986251));
#2207=CARTESIAN_POINT('Ctrl Pts',(16.6968339893342,-12.5078830526325,-2.52024618261378));
#2208=CARTESIAN_POINT('Ctrl Pts',(16.9627548521735,-11.3230340131078,-4.1870615370489));
#2209=CARTESIAN_POINT('Ctrl Pts',(17.0000000000176,-10.830048898247,-4.81839854378436));
#2210=CARTESIAN_POINT('Ctrl Pts',(17.,-10.5830052439023,-5.11910584831844));
#2211=CARTESIAN_POINT('Ctrl Pts',(19.3386235529631,8.1864301790696,0.));
#2212=CARTESIAN_POINT('Ctrl Pts',(18.4467893211246,10.2931905256326,0.));
#2213=CARTESIAN_POINT('Ctrl Pts',(17.2251920188282,12.2158337119262,0.));
#2214=CARTESIAN_POINT('Ctrl Pts',(15.75533919327,13.8841381762528,0.));
#2215=CARTESIAN_POINT('Ctrl Pts',(15.7526704253164,13.8871664053968,0.));
#2216=CARTESIAN_POINT('Ctrl Pts',(15.75,13.8901943830891,0.));
#2217=CARTESIAN_POINT('Ctrl Pts',(17.8603542251751,8.8142165140171,-1.34095724567815));
#2218=CARTESIAN_POINT('Ctrl Pts',(17.7074166658587,10.5989205184715,-1.20855481417344));
#2219=CARTESIAN_POINT('Ctrl Pts',(17.0022321538411,12.4799189910618,-0.59821050283011));
#2220=CARTESIAN_POINT('Ctrl Pts',(15.7544930214359,13.8850798242013,-0.00216595384728587));
#2221=CARTESIAN_POINT('Ctrl Pts',(15.752253069468,13.8876396424467,-0.00108288706414267));
#2222=CARTESIAN_POINT('Ctrl Pts',(15.75,13.8901943830891,-3.0183842683099E-16));
#2223=CARTESIAN_POINT('Ctrl Pts',(16.9999999999965,9.69589047161627,-3.2242207319306));
#2224=CARTESIAN_POINT('Ctrl Pts',(17.2305751291994,11.1031818869826,-2.41746541582207));
#2225=CARTESIAN_POINT('Ctrl Pts',(16.7711471817368,12.7422799005968,-1.19560018692599));
#2226=CARTESIAN_POINT('Ctrl Pts',(15.7536587869226,13.8860250690521,-0.00433294832459666));
#2227=CARTESIAN_POINT('Ctrl Pts',(15.7518357136197,13.8881128794965,-0.00216577412828534));
#2228=CARTESIAN_POINT('Ctrl Pts',(15.75,13.8901943830891,-6.0367685366198E-16));
#2229=CARTESIAN_POINT('Ctrl Pts',(17.,10.5830052442383,-5.11910584790943));
#2230=CARTESIAN_POINT('Ctrl Pts',(17.000000000005,11.8182235158412,-3.61556932531575));
#2231=CARTESIAN_POINT('Ctrl Pts',(16.5338749061701,13.0012878334151,-1.79425565167543));
#2232=CARTESIAN_POINT('Ctrl Pts',(15.7528340177905,13.8869759890729,-0.00649832543410874));
#2233=CARTESIAN_POINT('Ctrl Pts',(15.7514183577713,13.8885861165464,-0.003248661192428));
#2234=CARTESIAN_POINT('Ctrl Pts',(15.75,13.8901943830891,-9.05515280492969E-16));
#2235=CARTESIAN_POINT('Ctrl Pts',(17.,10.5830052442383,-5.11910584790943));
#2236=CARTESIAN_POINT('Ctrl Pts',(17.000000000005,11.8182235158412,-3.61556932531575));
#2237=CARTESIAN_POINT('Ctrl Pts',(16.5338749061701,13.0012878334151,-1.79425565167543));
#2238=CARTESIAN_POINT('Ctrl Pts',(15.7528340177905,13.8869759890729,-0.00649832543410874));
#2239=CARTESIAN_POINT('Ctrl Pts',(15.7514183577713,13.8885861165464,-0.003248661192428));
#2240=CARTESIAN_POINT('Ctrl Pts',(15.75,13.8901943830891,-9.05515280492969E-16));
#2241=CARTESIAN_POINT('Origin',(17.,0.,0.));
#2242=CARTESIAN_POINT('',(17.,-10.5830052442584,-37.1));
#2243=CARTESIAN_POINT('',(17.,-10.5830052442584,-8.97754467351879E-16));
#2244=CARTESIAN_POINT('',(17.,10.5830052442584,-37.1));
#2245=CARTESIAN_POINT('',(17.,0.,-37.1));
#2246=CARTESIAN_POINT('',(17.,10.5830052442584,-8.97754467351879E-16));
#2247=CARTESIAN_POINT('',(17.,-4.,-32.1));
#2248=CARTESIAN_POINT('Origin',(17.,0.,-32.1));
#2249=CARTESIAN_POINT('Origin',(12.,-10.5830052442584,0.));
#2250=CARTESIAN_POINT('Origin',(12.,-10.5830052442584,-37.1));
#2251=CARTESIAN_POINT('Origin',(-12.,-10.5830052442584,0.));
#2252=CARTESIAN_POINT('Origin',(-12.,-10.5830052442584,-37.1));
#2253=CARTESIAN_POINT('Origin',(-0.800000000000001,0.,-37.1));
#2254=CARTESIAN_POINT('Origin',(17.,0.,-37.1));
#2255=CARTESIAN_POINT('Origin',(12.,10.5830052442584,-37.1));
#2256=CARTESIAN_POINT('Origin',(12.,10.5830052442584,0.));
#2257=CARTESIAN_POINT('Origin',(-17.,4.04145188432738,-32.1));
#2258=CARTESIAN_POINT('',(-7.,4.04145188432738,-32.1));
#2259=CARTESIAN_POINT('',(-17.,4.04145188432738,-32.1));
#2260=CARTESIAN_POINT('',(-7.,2.02072594216369,-28.6));
#2261=CARTESIAN_POINT('',(-7.,4.04145188432738,-32.1));
#2262=CARTESIAN_POINT('',(-17.,2.02072594216369,-28.6));
#2263=CARTESIAN_POINT('Origin',(-17.,2.02072594216369,-35.6));
#2264=CARTESIAN_POINT('',(-7.,2.02072594216369,-35.6));
#2265=CARTESIAN_POINT('',(-17.,2.02072594216369,-35.6));
#2266=CARTESIAN_POINT('',(-7.,2.02072594216369,-35.6));
#2267=CARTESIAN_POINT('Origin',(-17.,-2.02072594216369,-35.6));
#2268=CARTESIAN_POINT('',(-7.,-2.02072594216369,-35.6));
#2269=CARTESIAN_POINT('',(-17.,-2.02072594216369,-35.6));
#2270=CARTESIAN_POINT('',(-7.,-2.02072594216369,-35.6));
#2271=CARTESIAN_POINT('Origin',(-17.,-4.04145188432738,-32.1));
#2272=CARTESIAN_POINT('',(-7.,-4.04145188432738,-32.1));
#2273=CARTESIAN_POINT('',(-17.,-4.04145188432738,-32.1));
#2274=CARTESIAN_POINT('',(-7.,-4.04145188432738,-32.1));
#2275=CARTESIAN_POINT('Origin',(-17.,-2.02072594216369,-28.6));
#2276=CARTESIAN_POINT('',(-7.,-2.02072594216369,-28.6));
#2277=CARTESIAN_POINT('',(-17.,-2.02072594216369,-28.6));
#2278=CARTESIAN_POINT('',(-7.,-2.02072594216369,-28.6));
#2279=CARTESIAN_POINT('Origin',(-17.,2.02072594216369,-28.6));
#2280=CARTESIAN_POINT('',(-7.,2.02072594216369,-28.6));
#2281=CARTESIAN_POINT('Origin',(-7.,-5.55111512312578E-16,-32.1));
#2282=CARTESIAN_POINT('',(-7.,-2.2,-32.1));
#2283=CARTESIAN_POINT('Origin',(-7.,0.,-32.1));
#2284=CARTESIAN_POINT('Origin',(17.,0.,-32.1));
#2285=CARTESIAN_POINT('',(8.00000000000001,-4.,-32.1));
#2286=CARTESIAN_POINT('',(17.,-4.,-32.1));
#2287=CARTESIAN_POINT('Origin',(8.00000000000001,0.,-32.1));
#2288=CARTESIAN_POINT('Origin',(8.00000000000001,0.,-32.1));
#2289=CARTESIAN_POINT('',(8.00000000000001,-2.2,-32.1));
#2290=CARTESIAN_POINT('Origin',(8.00000000000001,0.,-32.1));
#2291=CARTESIAN_POINT('Origin',(17.,0.,-32.1));
#2292=CARTESIAN_POINT('',(17.,-2.2,-32.1));
#2293=CARTESIAN_POINT('Origin',(17.,0.,-32.1));
#2294=CARTESIAN_POINT('',(17.,-2.2,-32.1));
#2295=CARTESIAN_POINT('Origin',(-0.8,0.,-2.5));
#2296=CARTESIAN_POINT('',(-0.8,0.,-4.92886636337543));
#2297=CARTESIAN_POINT('',(-0.8,0.,-2.5));
#2298=CARTESIAN_POINT('Origin',(0.8,0.,-4.92886636337543));
#2299=CARTESIAN_POINT('',(0.8,0.,-2.5));
#2300=CARTESIAN_POINT('Origin',(-17.,0.,0.));
#2301=CARTESIAN_POINT('',(-4.,-4.89858719658941E-16,0.));
#2302=CARTESIAN_POINT('Origin',(0.,0.,0.));
#2303=CARTESIAN_POINT('Origin',(-17.,0.,0.));
#2304=CARTESIAN_POINT('',(-8.40685424949238,-5.65685424949238,0.));
#2305=CARTESIAN_POINT('Origin',(-5.65685424949238,-5.65685424949238,0.));
#2306=CARTESIAN_POINT('Origin',(-17.,0.,0.));
#2307=CARTESIAN_POINT('',(2.90685424949238,5.65685424949238,0.));
#2308=CARTESIAN_POINT('Origin',(5.65685424949238,5.65685424949238,0.));
#2309=CARTESIAN_POINT('Origin',(-17.,0.,0.));
#2310=CARTESIAN_POINT('',(3.9675144212722,-6.7175144212722,0.));
#2311=CARTESIAN_POINT('Origin',(6.7175144212722,-6.7175144212722,0.));
#2312=CARTESIAN_POINT('Origin',(-17.,0.,0.));
#2313=CARTESIAN_POINT('',(-9.4675144212722,6.7175144212722,0.));
#2314=CARTESIAN_POINT('Origin',(-6.7175144212722,6.7175144212722,0.));
#2315=CARTESIAN_POINT('Origin',(0.,0.,-16.));
#2316=CARTESIAN_POINT('Origin',(0.8,0.,-2.5));
#2317=CARTESIAN_POINT('Origin',(11.667261889578,-11.667261889578,2.6));
#2318=CARTESIAN_POINT('',(9.41726188957803,-11.667261889578,3.));
#2319=CARTESIAN_POINT('Origin',(11.667261889578,-11.667261889578,3.));
#2320=CARTESIAN_POINT('',(10.217261889578,-11.667261889578,2.2));
#2321=CARTESIAN_POINT('',(9.81726188957803,-11.667261889578,2.6));
#2322=CARTESIAN_POINT('Origin',(11.667261889578,-11.667261889578,2.2));
#2323=CARTESIAN_POINT('Origin',(0.,0.,3.));
#2324=CARTESIAN_POINT('',(9.41726188957803,11.667261889578,3.));
#2325=CARTESIAN_POINT('Origin',(11.667261889578,11.667261889578,3.));
#2326=CARTESIAN_POINT('',(-13.917261889578,-11.667261889578,3.));
#2327=CARTESIAN_POINT('Origin',(-11.667261889578,-11.667261889578,3.));
#2328=CARTESIAN_POINT('',(-4.,0.,3.));
#2329=CARTESIAN_POINT('Origin',(0.,0.,3.));
#2330=CARTESIAN_POINT('',(-8.40685424949238,-5.65685424949238,3.));
#2331=CARTESIAN_POINT('Origin',(-5.65685424949238,-5.65685424949238,3.));
#2332=CARTESIAN_POINT('',(2.90685424949238,5.65685424949238,3.));
#2333=CARTESIAN_POINT('Origin',(5.65685424949238,5.65685424949238,3.));
#2334=CARTESIAN_POINT('',(3.9675144212722,-6.7175144212722,3.));
#2335=CARTESIAN_POINT('Origin',(6.7175144212722,-6.7175144212722,3.));
#2336=CARTESIAN_POINT('',(-9.4675144212722,6.7175144212722,3.));
#2337=CARTESIAN_POINT('Origin',(-6.7175144212722,6.7175144212722,3.));
#2338=CARTESIAN_POINT('',(-13.917261889578,11.667261889578,3.));
#2339=CARTESIAN_POINT('Origin',(-11.667261889578,11.667261889578,3.));
#2340=CARTESIAN_POINT('Origin',(11.667261889578,-11.667261889578,0.));
#2341=CARTESIAN_POINT('',(10.217261889578,-11.667261889578,0.));
#2342=CARTESIAN_POINT('Origin',(11.667261889578,11.667261889578,2.6));
#2343=CARTESIAN_POINT('',(10.217261889578,11.667261889578,2.2));
#2344=CARTESIAN_POINT('',(9.81726188957803,11.667261889578,2.6));
#2345=CARTESIAN_POINT('Origin',(11.667261889578,11.667261889578,2.2));
#2346=CARTESIAN_POINT('Origin',(11.667261889578,11.667261889578,0.));
#2347=CARTESIAN_POINT('',(10.217261889578,11.667261889578,0.));
#2348=CARTESIAN_POINT('Origin',(-11.667261889578,11.667261889578,2.6));
#2349=CARTESIAN_POINT('',(-13.117261889578,11.667261889578,2.2));
#2350=CARTESIAN_POINT('',(-13.517261889578,11.667261889578,2.6));
#2351=CARTESIAN_POINT('Origin',(-11.667261889578,11.667261889578,2.2));
#2352=CARTESIAN_POINT('Origin',(-11.667261889578,11.667261889578,0.));
#2353=CARTESIAN_POINT('',(-13.117261889578,11.667261889578,0.));
#2354=CARTESIAN_POINT('Origin',(-11.667261889578,-11.667261889578,2.6));
#2355=CARTESIAN_POINT('',(-13.117261889578,-11.667261889578,2.2));
#2356=CARTESIAN_POINT('',(-13.517261889578,-11.667261889578,2.6));
#2357=CARTESIAN_POINT('Origin',(-11.667261889578,-11.667261889578,2.2));
#2358=CARTESIAN_POINT('Origin',(-11.667261889578,-11.667261889578,0.));
#2359=CARTESIAN_POINT('',(-13.117261889578,-11.667261889578,0.));
#2360=CARTESIAN_POINT('Origin',(-6.7175144212722,6.7175144212722,0.));
#2361=CARTESIAN_POINT('',(-9.4675144212722,6.7175144212722,0.));
#2362=CARTESIAN_POINT('Origin',(6.7175144212722,-6.7175144212722,0.));
#2363=CARTESIAN_POINT('',(3.9675144212722,-6.7175144212722,0.));
#2364=CARTESIAN_POINT('Origin',(5.65685424949238,5.65685424949238,0.));
#2365=CARTESIAN_POINT('',(2.90685424949238,5.65685424949238,0.));
#2366=CARTESIAN_POINT('Origin',(-5.65685424949238,-5.65685424949238,0.));
#2367=CARTESIAN_POINT('',(-8.40685424949238,-5.65685424949238,0.));
#2368=CARTESIAN_POINT('Origin',(0.,0.,0.));
#2369=CARTESIAN_POINT('',(-4.,-4.89858719658941E-16,0.));
#2370=UNCERTAINTY_MEASURE_WITH_UNIT(LENGTH_MEASURE(0.01),#2374,
'DISTANCE_ACCURACY_VALUE',
'Maximum model space distance between geometric entities at asserted c
onnectivities');
#2371=UNCERTAINTY_MEASURE_WITH_UNIT(LENGTH_MEASURE(0.01),#2374,
'DISTANCE_ACCURACY_VALUE',
'Maximum model space distance between geometric entities at asserted c
onnectivities');
#2372=(
GEOMETRIC_REPRESENTATION_CONTEXT(3)
GLOBAL_UNCERTAINTY_ASSIGNED_CONTEXT((#2370))
GLOBAL_UNIT_ASSIGNED_CONTEXT((#2374,#2376,#2377))
REPRESENTATION_CONTEXT('','3D')
);
#2373=(
GEOMETRIC_REPRESENTATION_CONTEXT(3)
GLOBAL_UNCERTAINTY_ASSIGNED_CONTEXT((#2371))
GLOBAL_UNIT_ASSIGNED_CONTEXT((#2374,#2376,#2377))
REPRESENTATION_CONTEXT('','3D')
);
#2374=(
LENGTH_UNIT()
NAMED_UNIT(*)
SI_UNIT(.MILLI.,.METRE.)
);
#2375=(
LENGTH_UNIT()
NAMED_UNIT(*)
SI_UNIT($,.METRE.)
);
#2376=(
NAMED_UNIT(*)
PLANE_ANGLE_UNIT()
SI_UNIT($,.RADIAN.)
);
#2377=(
NAMED_UNIT(*)
SI_UNIT($,.STERADIAN.)
SOLID_ANGLE_UNIT()
);
#2378=SHAPE_DEFINITION_REPRESENTATION(#2379,#2380);
#2379=PRODUCT_DEFINITION_SHAPE('',$,#2382);
#2380=SHAPE_REPRESENTATION('',(#941),#2372);
#2381=PRODUCT_DEFINITION_CONTEXT('part definition',#2386,'design');
#2382=PRODUCT_DEFINITION('FusionComponent','FusionComponent',#2383,#2381);
#2383=PRODUCT_DEFINITION_FORMATION('',$,#2388);
#2384=PRODUCT_RELATED_PRODUCT_CATEGORY('FusionComponent',
'FusionComponent',(#2388));
#2385=APPLICATION_PROTOCOL_DEFINITION('international standard',
'automotive_design',2009,#2386);
#2386=APPLICATION_CONTEXT(
'Core Data for Automotive Mechanical Design Process');
#2387=PRODUCT_CONTEXT('part definition',#2386,'mechanical');
#2388=PRODUCT('FusionComponent','FusionComponent',$,(#2387));
#2389=PRESENTATION_STYLE_ASSIGNMENT((#2391));
#2390=PRESENTATION_STYLE_ASSIGNMENT((#2392));
#2391=SURFACE_STYLE_USAGE(.BOTH.,#2393);
#2392=SURFACE_STYLE_USAGE(.BOTH.,#2394);
#2393=SURFACE_SIDE_STYLE('',(#2395));
#2394=SURFACE_SIDE_STYLE('',(#2396));
#2395=SURFACE_STYLE_FILL_AREA(#2397);
#2396=SURFACE_STYLE_FILL_AREA(#2398);
#2397=FILL_AREA_STYLE('Steel - Satin',(#2399));
#2398=FILL_AREA_STYLE('Paint - Enamel Glossy (Red)',(#2400));
#2399=FILL_AREA_STYLE_COLOUR('Steel - Satin',#2401);
#2400=FILL_AREA_STYLE_COLOUR('Paint - Enamel Glossy (Red)',#2402);
#2401=COLOUR_RGB('Steel - Satin',0.627450980392157,0.627450980392157,0.627450980392157);
#2402=COLOUR_RGB('Paint - Enamel Glossy (Red)',0.768627450980392,0.207843137254902,
0.152941176470588);
ENDSEC;
END-ISO-10303-21;
