ISO-10303-21;
HEADER;
/* Generated by software containing ST-Developer
 * from STEP Tools, Inc. (www.steptools.com) 
 */

FILE_DESCRIPTION(
/* description */ (''),
/* implementation_level */ '2;1');

FILE_NAME(
/* name */ 'F1.step',
/* time_stamp */ '2026-07-02T23:32:31-07:00',
/* author */ (''),
/* organization */ (''),
/* preprocessor_version */ 'ST-DEVELOPER v20.1',
/* originating_system */ 'Autodesk Translation Framework v15.8.0.0',
/* authorisation */ '');

FILE_SCHEMA (('AUTOMOTIVE_DESIGN { 1 0 10303 214 3 1 1 }'));
ENDSEC;

DATA;
#10=MECHANICAL_DESIGN_GEOMETRIC_PRESENTATION_REPRESENTATION('',(#13),#5941);
#11=SHAPE_REPRESENTATION_RELATIONSHIP('SRR','None',#5948,#12);
#12=ADVANCED_BREP_SHAPE_REPRESENTATION('',(#14),#5940);
#13=STYLED_ITEM('',(#5958),#14);
#14=MANIFOLD_SOLID_BREP('F1',#3315);
#15=FACE_BOUND('',#309,.T.);
#16=FACE_BOUND('',#310,.T.);
#17=FACE_BOUND('',#311,.T.);
#18=FACE_BOUND('',#312,.T.);
#19=FACE_BOUND('',#313,.T.);
#20=FACE_BOUND('',#314,.T.);
#21=FACE_BOUND('',#315,.T.);
#22=FACE_BOUND('',#316,.T.);
#23=FACE_BOUND('',#317,.T.);
#24=FACE_BOUND('',#318,.T.);
#25=FACE_BOUND('',#319,.T.);
#26=FACE_BOUND('',#320,.T.);
#27=FACE_BOUND('',#321,.T.);
#28=FACE_BOUND('',#322,.T.);
#29=FACE_BOUND('',#323,.T.);
#30=FACE_BOUND('',#324,.T.);
#31=FACE_BOUND('',#325,.T.);
#32=FACE_BOUND('',#326,.T.);
#33=FACE_BOUND('',#327,.T.);
#34=FACE_BOUND('',#328,.T.);
#35=FACE_BOUND('',#329,.T.);
#36=FACE_BOUND('',#331,.T.);
#37=FACE_BOUND('',#332,.T.);
#38=FACE_BOUND('',#333,.T.);
#39=FACE_BOUND('',#334,.T.);
#40=FACE_BOUND('',#335,.T.);
#41=FACE_BOUND('',#336,.T.);
#42=ELLIPSE('',#3351,3.24717660087665,3.);
#43=ELLIPSE('',#3352,3.24717660087665,3.);
#44=ELLIPSE('',#3354,3.24717660087772,3.);
#45=ELLIPSE('',#3356,3.2471766008767,3.);
#46=ELLIPSE('',#3358,3.24717660087766,3.);
#47=ELLIPSE('',#3360,3.24717660087767,3.);
#48=ELLIPSE('',#3362,3.24717660087669,3.);
#49=ELLIPSE('',#3364,3.24717660087772,3.);
#50=CYLINDRICAL_SURFACE('',#3350,3.);
#51=CYLINDRICAL_SURFACE('',#3353,3.);
#52=CYLINDRICAL_SURFACE('',#3355,3.);
#53=CYLINDRICAL_SURFACE('',#3357,3.);
#54=CYLINDRICAL_SURFACE('',#3359,3.);
#55=CYLINDRICAL_SURFACE('',#3361,3.);
#56=CYLINDRICAL_SURFACE('',#3363,3.);
#57=CYLINDRICAL_SURFACE('',#3365,3.);
#58=B_SPLINE_SURFACE_WITH_KNOTS('',3,3,((#4251,#4252,#4253,#4254),(#4255,
#4256,#4257,#4258),(#4259,#4260,#4261,#4262),(#4263,#4264,#4265,#4266)),
 .UNSPECIFIED.,.F.,.F.,.F.,(4,4),(4,4),(0.,1.),(0.,0.370391756809895),
 .UNSPECIFIED.);
#59=B_SPLINE_SURFACE_WITH_KNOTS('',3,3,((#4278,#4279,#4280,#4281),(#4282,
#4283,#4284,#4285),(#4286,#4287,#4288,#4289),(#4290,#4291,#4292,#4293)),
 .UNSPECIFIED.,.F.,.F.,.F.,(4,4),(4,4),(0.,1.),(0.,0.370391756809895),
 .UNSPECIFIED.);
#60=B_SPLINE_SURFACE_WITH_KNOTS('',3,3,((#4300,#4301,#4302,#4303),(#4304,
#4305,#4306,#4307),(#4308,#4309,#4310,#4311),(#4312,#4313,#4314,#4315)),
 .UNSPECIFIED.,.F.,.F.,.F.,(4,4),(4,4),(0.,1.),(0.,0.370391756809895),
 .UNSPECIFIED.);
#61=B_SPLINE_SURFACE_WITH_KNOTS('',3,1,((#4401,#4402),(#4403,#4404),(#4405,
#4406),(#4407,#4408),(#4409,#4410),(#4411,#4412),(#4413,#4414),(#4415,#4416),
(#4417,#4418),(#4419,#4420),(#4421,#4422),(#4423,#4424)),.UNSPECIFIED.,
 .F.,.F.,.F.,(4,2,2,2,2,4),(2,2),(-15.8286246159809,-11.821605949838,-7.8232839924034,
-5.99228477541892,-4.12338070139221,0.),(0.,0.3),.UNSPECIFIED.);
#62=B_SPLINE_SURFACE_WITH_KNOTS('',3,3,((#4435,#4436,#4437,#4438),(#4439,
#4440,#4441,#4442),(#4443,#4444,#4445,#4446),(#4447,#4448,#4449,#4450)),
 .UNSPECIFIED.,.F.,.F.,.F.,(4,4),(4,4),(0.100278483712542,1.),(0.158931515903028,
0.370391756809895),.UNSPECIFIED.);
#63=B_SPLINE_SURFACE_WITH_KNOTS('',3,1,((#4486,#4487),(#4488,#4489),(#4490,
#4491),(#4492,#4493),(#4494,#4495),(#4496,#4497),(#4498,#4499)),
 .UNSPECIFIED.,.F.,.F.,.F.,(4,3,4),(2,2),(-0.614897287383664,-0.377657875005808,
-0.223614547291374),(0.,8.10055864104025),.UNSPECIFIED.);
#64=B_SPLINE_SURFACE_WITH_KNOTS('',3,3,((#4506,#4507,#4508,#4509),(#4510,
#4511,#4512,#4513),(#4514,#4515,#4516,#4517),(#4518,#4519,#4520,#4521)),
 .UNSPECIFIED.,.F.,.F.,.F.,(4,4),(4,4),(0.,1.),(0.,0.370391756810181),
 .UNSPECIFIED.);
#65=B_SPLINE_SURFACE_WITH_KNOTS('',3,3,((#4615,#4616,#4617,#4618),(#4619,
#4620,#4621,#4622),(#4623,#4624,#4625,#4626),(#4627,#4628,#4629,#4630)),
 .UNSPECIFIED.,.F.,.F.,.F.,(4,4),(4,4),(0.,1.),(0.,0.370391756809895),
 .UNSPECIFIED.);
#66=B_SPLINE_SURFACE_WITH_KNOTS('',3,3,((#4639,#4640,#4641,#4642),(#4643,
#4644,#4645,#4646),(#4647,#4648,#4649,#4650),(#4651,#4652,#4653,#4654)),
 .UNSPECIFIED.,.F.,.F.,.F.,(4,4),(4,4),(0.,1.),(0.,0.370391756809895),
 .UNSPECIFIED.);
#67=B_SPLINE_SURFACE_WITH_KNOTS('',3,3,((#4665,#4666,#4667,#4668),(#4669,
#4670,#4671,#4672),(#4673,#4674,#4675,#4676),(#4677,#4678,#4679,#4680)),
 .UNSPECIFIED.,.F.,.F.,.F.,(4,4),(4,4),(0.,1.),(0.,0.37039175680999),
 .UNSPECIFIED.);
#68=B_SPLINE_SURFACE_WITH_KNOTS('',3,3,((#4714,#4715,#4716,#4717),(#4718,
#4719,#4720,#4721),(#4722,#4723,#4724,#4725),(#4726,#4727,#4728,#4729)),
 .UNSPECIFIED.,.F.,.F.,.F.,(4,4),(4,4),(0.,1.),(0.,0.370391756810532),
 .UNSPECIFIED.);
#69=B_SPLINE_SURFACE_WITH_KNOTS('',3,1,((#4746,#4747),(#4748,#4749),(#4750,
#4751),(#4752,#4753)),.UNSPECIFIED.,.F.,.F.,.F.,(4,4),(2,2),(0.127597010312948,
0.143500889261829),(0.,8.10055864104025),.UNSPECIFIED.);
#70=B_SPLINE_SURFACE_WITH_KNOTS('',3,1,((#4780,#4781),(#4782,#4783),(#4784,
#4785),(#4786,#4787)),.UNSPECIFIED.,.F.,.F.,.F.,(4,4),(2,2),(-0.143500889261829,
-0.127597010312948),(0.,8.10055864104025),.UNSPECIFIED.);
#71=B_SPLINE_SURFACE_WITH_KNOTS('',3,1,((#4803,#4804),(#4805,#4806),(#4807,
#4808),(#4809,#4810)),.UNSPECIFIED.,.F.,.F.,.F.,(4,4),(2,2),(-0.116957376316322,
-0.100941737261376),(0.,8.10055864104025),.UNSPECIFIED.);
#72=B_SPLINE_SURFACE_WITH_KNOTS('',3,1,((#4826,#4827),(#4828,#4829),(#4830,
#4831),(#4832,#4833)),.UNSPECIFIED.,.F.,.F.,.F.,(4,4),(2,2),(0.100941737261376,
0.116957376316321),(0.,8.10055864104025),.UNSPECIFIED.);
#73=B_SPLINE_SURFACE_WITH_KNOTS('',3,1,((#4854,#4855),(#4856,#4857),(#4858,
#4859),(#4860,#4861)),.UNSPECIFIED.,.F.,.F.,.F.,(4,4),(2,2),(-0.0902268201627439,
-0.0740970698598012),(0.,8.10055864104025),.UNSPECIFIED.);
#74=B_SPLINE_SURFACE_WITH_KNOTS('',3,1,((#4878,#4879),(#4880,#4881),(#4882,
#4883),(#4884,#4885)),.UNSPECIFIED.,.F.,.F.,.F.,(4,4),(2,2),(0.0740970698598006,
0.0902268201627436),(0.,8.10055864104025),.UNSPECIFIED.);
#75=B_SPLINE_SURFACE_WITH_KNOTS('',3,3,((#4908,#4909,#4910,#4911),(#4912,
#4913,#4914,#4915),(#4916,#4917,#4918,#4919),(#4920,#4921,#4922,#4923)),
 .UNSPECIFIED.,.F.,.F.,.F.,(4,4),(4,4),(0.,1.),(0.,0.370391756809895),
 .UNSPECIFIED.);
#76=B_SPLINE_SURFACE_WITH_KNOTS('',3,3,((#4962,#4963,#4964,#4965),(#4966,
#4967,#4968,#4969),(#4970,#4971,#4972,#4973),(#4974,#4975,#4976,#4977)),
 .UNSPECIFIED.,.F.,.F.,.F.,(4,4),(4,4),(0.,1.),(0.,0.370391756809895),
 .UNSPECIFIED.);
#77=B_SPLINE_SURFACE_WITH_KNOTS('',3,3,((#5015,#5016,#5017,#5018),(#5019,
#5020,#5021,#5022),(#5023,#5024,#5025,#5026),(#5027,#5028,#5029,#5030)),
 .UNSPECIFIED.,.F.,.F.,.F.,(4,4),(4,4),(0.,1.),(0.,0.370391756809895),
 .UNSPECIFIED.);
#78=B_SPLINE_SURFACE_WITH_KNOTS('',3,3,((#5042,#5043,#5044,#5045),(#5046,
#5047,#5048,#5049),(#5050,#5051,#5052,#5053),(#5054,#5055,#5056,#5057)),
 .UNSPECIFIED.,.F.,.F.,.F.,(4,4),(4,4),(0.,1.),(0.,0.370391756809895),
 .UNSPECIFIED.);
#79=B_SPLINE_SURFACE_WITH_KNOTS('',3,3,((#5064,#5065,#5066,#5067),(#5068,
#5069,#5070,#5071),(#5072,#5073,#5074,#5075),(#5076,#5077,#5078,#5079)),
 .UNSPECIFIED.,.F.,.F.,.F.,(4,4),(4,4),(0.,1.),(0.,0.370391756809895),
 .UNSPECIFIED.);
#80=B_SPLINE_SURFACE_WITH_KNOTS('',3,3,((#5086,#5087,#5088,#5089),(#5090,
#5091,#5092,#5093),(#5094,#5095,#5096,#5097),(#5098,#5099,#5100,#5101)),
 .UNSPECIFIED.,.F.,.F.,.F.,(4,4),(4,4),(0.,1.),(0.,0.370391756809895),
 .UNSPECIFIED.);
#81=B_SPLINE_SURFACE_WITH_KNOTS('',3,3,((#5103,#5104,#5105,#5106),(#5107,
#5108,#5109,#5110),(#5111,#5112,#5113,#5114),(#5115,#5116,#5117,#5118)),
 .UNSPECIFIED.,.F.,.F.,.F.,(4,4),(4,4),(0.,1.),(0.,0.134533463211235),
 .UNSPECIFIED.);
#82=B_SPLINE_SURFACE_WITH_KNOTS('',3,3,((#5137,#5138,#5139,#5140),(#5141,
#5142,#5143,#5144),(#5145,#5146,#5147,#5148),(#5149,#5150,#5151,#5152)),
 .UNSPECIFIED.,.F.,.F.,.F.,(4,4),(4,4),(0.,1.),(0.,0.134533463211235),
 .UNSPECIFIED.);
#83=B_SPLINE_SURFACE_WITH_KNOTS('',3,3,((#5166,#5167,#5168,#5169),(#5170,
#5171,#5172,#5173),(#5174,#5175,#5176,#5177),(#5178,#5179,#5180,#5181)),
 .UNSPECIFIED.,.F.,.F.,.F.,(4,4),(4,4),(0.,1.),(0.,0.370391756809895),
 .UNSPECIFIED.);
#84=B_SPLINE_SURFACE_WITH_KNOTS('',3,1,((#5201,#5202),(#5203,#5204),(#5205,
#5206),(#5207,#5208),(#5209,#5210),(#5211,#5212),(#5213,#5214)),
 .UNSPECIFIED.,.F.,.F.,.F.,(4,3,4),(2,2),(0.223614547291374,0.377657875005808,
0.614897287383664),(0.,8.10055864104025),.UNSPECIFIED.);
#85=B_SPLINE_SURFACE_WITH_KNOTS('',3,1,((#5226,#5227),(#5228,#5229),(#5230,
#5231),(#5232,#5233),(#5234,#5235),(#5236,#5237),(#5238,#5239),(#5240,#5241),
(#5242,#5243),(#5244,#5245),(#5246,#5247),(#5248,#5249),(#5250,#5251),(#5252,
#5253),(#5254,#5255),(#5256,#5257),(#5258,#5259),(#5260,#5261),(#5262,#5263),
(#5264,#5265),(#5266,#5267),(#5268,#5269),(#5270,#5271),(#5272,#5273),(#5274,
#5275)),.UNSPECIFIED.,.F.,.F.,.F.,(4,3,3,3,3,3,3,3,4),(2,2),(-12.5885565368221,
-11.1467161433254,-9.97658220380688,-9.96234369396098,-9.8312313349002,
-9.68816082523428,-4.99986131360479,-1.94736962662632,0.),(0.,0.3),
 .UNSPECIFIED.);
#86=B_SPLINE_SURFACE_WITH_KNOTS('',3,3,((#5292,#5293,#5294,#5295),(#5296,
#5297,#5298,#5299),(#5300,#5301,#5302,#5303),(#5304,#5305,#5306,#5307)),
 .UNSPECIFIED.,.F.,.F.,.F.,(4,4),(4,4),(0.100278488061643,1.),(0.158931515903028,
0.370391756809894),.UNSPECIFIED.);
#87=B_SPLINE_SURFACE_WITH_KNOTS('',3,3,((#5886,#5887,#5888,#5889),(#5890,
#5891,#5892,#5893),(#5894,#5895,#5896,#5897),(#5898,#5899,#5900,#5901)),
 .UNSPECIFIED.,.F.,.F.,.F.,(4,4),(4,4),(0.,1.),(0.,0.370391756809895),
 .UNSPECIFIED.);
#88=B_SPLINE_SURFACE_WITH_KNOTS('',3,3,((#5906,#5907,#5908,#5909),(#5910,
#5911,#5912,#5913),(#5914,#5915,#5916,#5917),(#5918,#5919,#5920,#5921)),
 .UNSPECIFIED.,.F.,.F.,.F.,(4,4),(4,4),(0.,1.),(0.,0.370391756809895),
 .UNSPECIFIED.);
#89=B_SPLINE_SURFACE_WITH_KNOTS('',3,3,((#5922,#5923,#5924,#5925),(#5926,
#5927,#5928,#5929),(#5930,#5931,#5932,#5933),(#5934,#5935,#5936,#5937)),
 .UNSPECIFIED.,.F.,.F.,.F.,(4,4),(4,4),(0.,1.),(0.,0.370391756809895),
 .UNSPECIFIED.);
#90=FACE_OUTER_BOUND('',#250,.T.);
#91=FACE_OUTER_BOUND('',#251,.T.);
#92=FACE_OUTER_BOUND('',#252,.T.);
#93=FACE_OUTER_BOUND('',#253,.T.);
#94=FACE_OUTER_BOUND('',#254,.T.);
#95=FACE_OUTER_BOUND('',#255,.T.);
#96=FACE_OUTER_BOUND('',#256,.T.);
#97=FACE_OUTER_BOUND('',#257,.T.);
#98=FACE_OUTER_BOUND('',#258,.T.);
#99=FACE_OUTER_BOUND('',#259,.T.);
#100=FACE_OUTER_BOUND('',#260,.T.);
#101=FACE_OUTER_BOUND('',#261,.T.);
#102=FACE_OUTER_BOUND('',#262,.T.);
#103=FACE_OUTER_BOUND('',#263,.T.);
#104=FACE_OUTER_BOUND('',#264,.T.);
#105=FACE_OUTER_BOUND('',#265,.T.);
#106=FACE_OUTER_BOUND('',#266,.T.);
#107=FACE_OUTER_BOUND('',#267,.T.);
#108=FACE_OUTER_BOUND('',#268,.T.);
#109=FACE_OUTER_BOUND('',#269,.T.);
#110=FACE_OUTER_BOUND('',#270,.T.);
#111=FACE_OUTER_BOUND('',#271,.T.);
#112=FACE_OUTER_BOUND('',#272,.T.);
#113=FACE_OUTER_BOUND('',#273,.T.);
#114=FACE_OUTER_BOUND('',#274,.T.);
#115=FACE_OUTER_BOUND('',#275,.T.);
#116=FACE_OUTER_BOUND('',#276,.T.);
#117=FACE_OUTER_BOUND('',#277,.T.);
#118=FACE_OUTER_BOUND('',#278,.T.);
#119=FACE_OUTER_BOUND('',#279,.T.);
#120=FACE_OUTER_BOUND('',#280,.T.);
#121=FACE_OUTER_BOUND('',#281,.T.);
#122=FACE_OUTER_BOUND('',#282,.T.);
#123=FACE_OUTER_BOUND('',#283,.T.);
#124=FACE_OUTER_BOUND('',#284,.T.);
#125=FACE_OUTER_BOUND('',#285,.T.);
#126=FACE_OUTER_BOUND('',#286,.T.);
#127=FACE_OUTER_BOUND('',#287,.T.);
#128=FACE_OUTER_BOUND('',#288,.T.);
#129=FACE_OUTER_BOUND('',#289,.T.);
#130=FACE_OUTER_BOUND('',#290,.T.);
#131=FACE_OUTER_BOUND('',#291,.T.);
#132=FACE_OUTER_BOUND('',#292,.T.);
#133=FACE_OUTER_BOUND('',#293,.T.);
#134=FACE_OUTER_BOUND('',#294,.T.);
#135=FACE_OUTER_BOUND('',#295,.T.);
#136=FACE_OUTER_BOUND('',#296,.T.);
#137=FACE_OUTER_BOUND('',#297,.T.);
#138=FACE_OUTER_BOUND('',#298,.T.);
#139=FACE_OUTER_BOUND('',#299,.T.);
#140=FACE_OUTER_BOUND('',#300,.T.);
#141=FACE_OUTER_BOUND('',#301,.T.);
#142=FACE_OUTER_BOUND('',#302,.T.);
#143=FACE_OUTER_BOUND('',#303,.T.);
#144=FACE_OUTER_BOUND('',#304,.T.);
#145=FACE_OUTER_BOUND('',#305,.T.);
#146=FACE_OUTER_BOUND('',#306,.T.);
#147=FACE_OUTER_BOUND('',#307,.T.);
#148=FACE_OUTER_BOUND('',#308,.T.);
#149=FACE_OUTER_BOUND('',#330,.T.);
#150=FACE_OUTER_BOUND('',#337,.T.);
#151=FACE_OUTER_BOUND('',#338,.T.);
#152=FACE_OUTER_BOUND('',#339,.T.);
#153=FACE_OUTER_BOUND('',#340,.T.);
#154=FACE_OUTER_BOUND('',#341,.T.);
#155=FACE_OUTER_BOUND('',#342,.T.);
#156=FACE_OUTER_BOUND('',#343,.T.);
#157=FACE_OUTER_BOUND('',#344,.T.);
#158=FACE_OUTER_BOUND('',#345,.T.);
#159=FACE_OUTER_BOUND('',#346,.T.);
#160=FACE_OUTER_BOUND('',#347,.T.);
#161=FACE_OUTER_BOUND('',#348,.T.);
#162=FACE_OUTER_BOUND('',#349,.T.);
#163=FACE_OUTER_BOUND('',#350,.T.);
#164=FACE_OUTER_BOUND('',#351,.T.);
#165=FACE_OUTER_BOUND('',#352,.T.);
#166=FACE_OUTER_BOUND('',#353,.T.);
#167=FACE_OUTER_BOUND('',#354,.T.);
#168=FACE_OUTER_BOUND('',#355,.T.);
#169=FACE_OUTER_BOUND('',#356,.T.);
#170=FACE_OUTER_BOUND('',#357,.T.);
#171=FACE_OUTER_BOUND('',#358,.T.);
#172=FACE_OUTER_BOUND('',#359,.T.);
#173=FACE_OUTER_BOUND('',#360,.T.);
#174=FACE_OUTER_BOUND('',#361,.T.);
#175=FACE_OUTER_BOUND('',#362,.T.);
#176=FACE_OUTER_BOUND('',#363,.T.);
#177=FACE_OUTER_BOUND('',#364,.T.);
#178=FACE_OUTER_BOUND('',#365,.T.);
#179=FACE_OUTER_BOUND('',#366,.T.);
#180=FACE_OUTER_BOUND('',#367,.T.);
#181=FACE_OUTER_BOUND('',#368,.T.);
#182=FACE_OUTER_BOUND('',#369,.T.);
#183=FACE_OUTER_BOUND('',#370,.T.);
#184=FACE_OUTER_BOUND('',#371,.T.);
#185=FACE_OUTER_BOUND('',#372,.T.);
#186=FACE_OUTER_BOUND('',#373,.T.);
#187=FACE_OUTER_BOUND('',#374,.T.);
#188=FACE_OUTER_BOUND('',#375,.T.);
#189=FACE_OUTER_BOUND('',#376,.T.);
#190=FACE_OUTER_BOUND('',#377,.T.);
#191=FACE_OUTER_BOUND('',#378,.T.);
#192=FACE_OUTER_BOUND('',#379,.T.);
#193=FACE_OUTER_BOUND('',#380,.T.);
#194=FACE_OUTER_BOUND('',#381,.T.);
#195=FACE_OUTER_BOUND('',#382,.T.);
#196=FACE_OUTER_BOUND('',#383,.T.);
#197=FACE_OUTER_BOUND('',#384,.T.);
#198=FACE_OUTER_BOUND('',#385,.T.);
#199=FACE_OUTER_BOUND('',#386,.T.);
#200=FACE_OUTER_BOUND('',#387,.T.);
#201=FACE_OUTER_BOUND('',#388,.T.);
#202=FACE_OUTER_BOUND('',#389,.T.);
#203=FACE_OUTER_BOUND('',#390,.T.);
#204=FACE_OUTER_BOUND('',#391,.T.);
#205=FACE_OUTER_BOUND('',#392,.T.);
#206=FACE_OUTER_BOUND('',#393,.T.);
#207=FACE_OUTER_BOUND('',#394,.T.);
#208=FACE_OUTER_BOUND('',#395,.T.);
#209=FACE_OUTER_BOUND('',#396,.T.);
#210=FACE_OUTER_BOUND('',#397,.T.);
#211=FACE_OUTER_BOUND('',#398,.T.);
#212=FACE_OUTER_BOUND('',#399,.T.);
#213=FACE_OUTER_BOUND('',#400,.T.);
#214=FACE_OUTER_BOUND('',#401,.T.);
#215=FACE_OUTER_BOUND('',#402,.T.);
#216=FACE_OUTER_BOUND('',#403,.T.);
#217=FACE_OUTER_BOUND('',#404,.T.);
#218=FACE_OUTER_BOUND('',#405,.T.);
#219=FACE_OUTER_BOUND('',#406,.T.);
#220=FACE_OUTER_BOUND('',#407,.T.);
#221=FACE_OUTER_BOUND('',#408,.T.);
#222=FACE_OUTER_BOUND('',#409,.T.);
#223=FACE_OUTER_BOUND('',#410,.T.);
#224=FACE_OUTER_BOUND('',#411,.T.);
#225=FACE_OUTER_BOUND('',#412,.T.);
#226=FACE_OUTER_BOUND('',#413,.T.);
#227=FACE_OUTER_BOUND('',#414,.T.);
#228=FACE_OUTER_BOUND('',#415,.T.);
#229=FACE_OUTER_BOUND('',#416,.T.);
#230=FACE_OUTER_BOUND('',#417,.T.);
#231=FACE_OUTER_BOUND('',#418,.T.);
#232=FACE_OUTER_BOUND('',#419,.T.);
#233=FACE_OUTER_BOUND('',#420,.T.);
#234=FACE_OUTER_BOUND('',#421,.T.);
#235=FACE_OUTER_BOUND('',#422,.T.);
#236=FACE_OUTER_BOUND('',#423,.T.);
#237=FACE_OUTER_BOUND('',#424,.T.);
#238=FACE_OUTER_BOUND('',#425,.T.);
#239=FACE_OUTER_BOUND('',#426,.T.);
#240=FACE_OUTER_BOUND('',#427,.T.);
#241=FACE_OUTER_BOUND('',#428,.T.);
#242=FACE_OUTER_BOUND('',#429,.T.);
#243=FACE_OUTER_BOUND('',#430,.T.);
#244=FACE_OUTER_BOUND('',#431,.T.);
#245=FACE_OUTER_BOUND('',#432,.T.);
#246=FACE_OUTER_BOUND('',#433,.T.);
#247=FACE_OUTER_BOUND('',#434,.T.);
#248=FACE_OUTER_BOUND('',#435,.T.);
#249=FACE_OUTER_BOUND('',#436,.T.);
#250=EDGE_LOOP('',(#2065,#2066,#2067,#2068,#2069,#2070,#2071,#2072,#2073,
#2074,#2075,#2076,#2077,#2078,#2079,#2080,#2081,#2082,#2083,#2084,#2085,
#2086,#2087,#2088,#2089));
#251=EDGE_LOOP('',(#2090,#2091,#2092,#2093));
#252=EDGE_LOOP('',(#2094,#2095,#2096,#2097));
#253=EDGE_LOOP('',(#2098,#2099,#2100,#2101,#2102,#2103,#2104,#2105,#2106,
#2107,#2108,#2109,#2110,#2111,#2112,#2113,#2114,#2115,#2116));
#254=EDGE_LOOP('',(#2117,#2118,#2119,#2120));
#255=EDGE_LOOP('',(#2121,#2122,#2123,#2124,#2125,#2126,#2127,#2128));
#256=EDGE_LOOP('',(#2129,#2130,#2131,#2132));
#257=EDGE_LOOP('',(#2133,#2134,#2135,#2136,#2137,#2138,#2139,#2140,#2141,
#2142,#2143,#2144,#2145,#2146,#2147,#2148,#2149,#2150,#2151,#2152,#2153,
#2154,#2155,#2156,#2157));
#258=EDGE_LOOP('',(#2158,#2159,#2160,#2161,#2162));
#259=EDGE_LOOP('',(#2163,#2164,#2165,#2166,#2167,#2168));
#260=EDGE_LOOP('',(#2169,#2170,#2171,#2172,#2173,#2174,#2175));
#261=EDGE_LOOP('',(#2176,#2177,#2178,#2179));
#262=EDGE_LOOP('',(#2180,#2181,#2182,#2183,#2184,#2185));
#263=EDGE_LOOP('',(#2186,#2187,#2188,#2189));
#264=EDGE_LOOP('',(#2190,#2191,#2192,#2193));
#265=EDGE_LOOP('',(#2194,#2195,#2196,#2197));
#266=EDGE_LOOP('',(#2198,#2199,#2200,#2201));
#267=EDGE_LOOP('',(#2202,#2203,#2204,#2205));
#268=EDGE_LOOP('',(#2206,#2207,#2208,#2209));
#269=EDGE_LOOP('',(#2210,#2211,#2212,#2213));
#270=EDGE_LOOP('',(#2214,#2215,#2216,#2217));
#271=EDGE_LOOP('',(#2218,#2219,#2220,#2221));
#272=EDGE_LOOP('',(#2222,#2223,#2224,#2225));
#273=EDGE_LOOP('',(#2226,#2227,#2228,#2229));
#274=EDGE_LOOP('',(#2230,#2231,#2232,#2233));
#275=EDGE_LOOP('',(#2234,#2235,#2236,#2237));
#276=EDGE_LOOP('',(#2238,#2239,#2240,#2241));
#277=EDGE_LOOP('',(#2242,#2243,#2244,#2245));
#278=EDGE_LOOP('',(#2246,#2247,#2248,#2249));
#279=EDGE_LOOP('',(#2250,#2251,#2252,#2253));
#280=EDGE_LOOP('',(#2254,#2255,#2256,#2257));
#281=EDGE_LOOP('',(#2258,#2259,#2260,#2261,#2262,#2263,#2264,#2265,#2266,
#2267,#2268,#2269,#2270,#2271,#2272,#2273,#2274,#2275,#2276,#2277,#2278,
#2279,#2280,#2281,#2282));
#282=EDGE_LOOP('',(#2283,#2284,#2285,#2286,#2287,#2288,#2289,#2290,#2291,
#2292,#2293,#2294,#2295,#2296,#2297,#2298,#2299,#2300,#2301));
#283=EDGE_LOOP('',(#2302,#2303,#2304,#2305,#2306));
#284=EDGE_LOOP('',(#2307,#2308,#2309,#2310));
#285=EDGE_LOOP('',(#2311,#2312,#2313,#2314));
#286=EDGE_LOOP('',(#2315,#2316,#2317,#2318));
#287=EDGE_LOOP('',(#2319,#2320,#2321,#2322));
#288=EDGE_LOOP('',(#2323,#2324,#2325,#2326,#2327,#2328,#2329,#2330,#2331,
#2332));
#289=EDGE_LOOP('',(#2333,#2334,#2335,#2336,#2337,#2338,#2339,#2340,#2341,
#2342));
#290=EDGE_LOOP('',(#2343,#2344,#2345,#2346,#2347,#2348));
#291=EDGE_LOOP('',(#2349,#2350,#2351,#2352));
#292=EDGE_LOOP('',(#2353,#2354,#2355,#2356,#2357,#2358));
#293=EDGE_LOOP('',(#2359,#2360,#2361,#2362));
#294=EDGE_LOOP('',(#2363,#2364,#2365,#2366));
#295=EDGE_LOOP('',(#2367,#2368,#2369,#2370));
#296=EDGE_LOOP('',(#2371,#2372,#2373,#2374));
#297=EDGE_LOOP('',(#2375,#2376,#2377,#2378,#2379,#2380,#2381,#2382));
#298=EDGE_LOOP('',(#2383,#2384,#2385,#2386,#2387,#2388));
#299=EDGE_LOOP('',(#2389,#2390,#2391,#2392));
#300=EDGE_LOOP('',(#2393,#2394,#2395,#2396,#2397));
#301=EDGE_LOOP('',(#2398,#2399,#2400,#2401));
#302=EDGE_LOOP('',(#2402,#2403,#2404,#2405));
#303=EDGE_LOOP('',(#2406,#2407,#2408,#2409));
#304=EDGE_LOOP('',(#2410,#2411,#2412,#2413,#2414));
#305=EDGE_LOOP('',(#2415,#2416,#2417,#2418));
#306=EDGE_LOOP('',(#2419,#2420,#2421,#2422));
#307=EDGE_LOOP('',(#2423,#2424,#2425,#2426));
#308=EDGE_LOOP('',(#2427,#2428,#2429,#2430,#2431,#2432,#2433,#2434));
#309=EDGE_LOOP('',(#2435,#2436,#2437,#2438));
#310=EDGE_LOOP('',(#2439,#2440,#2441,#2442));
#311=EDGE_LOOP('',(#2443,#2444,#2445,#2446));
#312=EDGE_LOOP('',(#2447,#2448,#2449,#2450));
#313=EDGE_LOOP('',(#2451,#2452,#2453,#2454));
#314=EDGE_LOOP('',(#2455,#2456,#2457,#2458));
#315=EDGE_LOOP('',(#2459,#2460,#2461,#2462,#2463));
#316=EDGE_LOOP('',(#2464,#2465,#2466,#2467,#2468));
#317=EDGE_LOOP('',(#2469,#2470,#2471,#2472,#2473));
#318=EDGE_LOOP('',(#2474,#2475,#2476,#2477,#2478));
#319=EDGE_LOOP('',(#2479,#2480,#2481,#2482,#2483));
#320=EDGE_LOOP('',(#2484,#2485,#2486,#2487,#2488));
#321=EDGE_LOOP('',(#2489,#2490,#2491,#2492,#2493));
#322=EDGE_LOOP('',(#2494,#2495,#2496,#2497,#2498));
#323=EDGE_LOOP('',(#2499,#2500,#2501,#2502,#2503));
#324=EDGE_LOOP('',(#2504,#2505,#2506,#2507,#2508));
#325=EDGE_LOOP('',(#2509,#2510,#2511,#2512,#2513));
#326=EDGE_LOOP('',(#2514,#2515,#2516,#2517,#2518));
#327=EDGE_LOOP('',(#2519,#2520,#2521,#2522));
#328=EDGE_LOOP('',(#2523,#2524,#2525,#2526,#2527));
#329=EDGE_LOOP('',(#2528,#2529,#2530,#2531));
#330=EDGE_LOOP('',(#2532,#2533,#2534,#2535,#2536,#2537,#2538,#2539,#2540,
#2541,#2542,#2543,#2544,#2545,#2546,#2547,#2548,#2549,#2550,#2551,#2552,
#2553,#2554,#2555,#2556,#2557,#2558,#2559,#2560,#2561,#2562,#2563,#2564,
#2565,#2566,#2567,#2568,#2569,#2570,#2571,#2572,#2573,#2574,#2575,#2576,
#2577,#2578,#2579,#2580,#2581,#2582,#2583,#2584,#2585,#2586,#2587,#2588,
#2589,#2590,#2591,#2592,#2593,#2594,#2595,#2596,#2597,#2598,#2599,#2600,
#2601,#2602,#2603,#2604,#2605,#2606,#2607,#2608,#2609,#2610));
#331=EDGE_LOOP('',(#2611,#2612,#2613,#2614));
#332=EDGE_LOOP('',(#2615,#2616,#2617,#2618));
#333=EDGE_LOOP('',(#2619,#2620,#2621,#2622));
#334=EDGE_LOOP('',(#2623,#2624,#2625,#2626));
#335=EDGE_LOOP('',(#2627,#2628,#2629,#2630));
#336=EDGE_LOOP('',(#2631,#2632,#2633,#2634));
#337=EDGE_LOOP('',(#2635,#2636,#2637,#2638));
#338=EDGE_LOOP('',(#2639,#2640,#2641,#2642));
#339=EDGE_LOOP('',(#2643,#2644,#2645,#2646));
#340=EDGE_LOOP('',(#2647,#2648,#2649,#2650));
#341=EDGE_LOOP('',(#2651,#2652,#2653,#2654));
#342=EDGE_LOOP('',(#2655,#2656,#2657,#2658));
#343=EDGE_LOOP('',(#2659,#2660,#2661,#2662));
#344=EDGE_LOOP('',(#2663,#2664,#2665,#2666));
#345=EDGE_LOOP('',(#2667,#2668,#2669,#2670));
#346=EDGE_LOOP('',(#2671,#2672,#2673,#2674));
#347=EDGE_LOOP('',(#2675,#2676,#2677,#2678));
#348=EDGE_LOOP('',(#2679,#2680,#2681,#2682));
#349=EDGE_LOOP('',(#2683,#2684,#2685,#2686));
#350=EDGE_LOOP('',(#2687,#2688,#2689,#2690));
#351=EDGE_LOOP('',(#2691,#2692,#2693,#2694));
#352=EDGE_LOOP('',(#2695,#2696,#2697,#2698));
#353=EDGE_LOOP('',(#2699,#2700,#2701,#2702));
#354=EDGE_LOOP('',(#2703,#2704,#2705,#2706));
#355=EDGE_LOOP('',(#2707,#2708,#2709,#2710));
#356=EDGE_LOOP('',(#2711,#2712,#2713,#2714));
#357=EDGE_LOOP('',(#2715,#2716,#2717,#2718));
#358=EDGE_LOOP('',(#2719,#2720,#2721,#2722));
#359=EDGE_LOOP('',(#2723,#2724,#2725,#2726));
#360=EDGE_LOOP('',(#2727,#2728,#2729,#2730));
#361=EDGE_LOOP('',(#2731,#2732,#2733,#2734));
#362=EDGE_LOOP('',(#2735,#2736,#2737,#2738));
#363=EDGE_LOOP('',(#2739,#2740,#2741,#2742));
#364=EDGE_LOOP('',(#2743,#2744,#2745,#2746));
#365=EDGE_LOOP('',(#2747,#2748,#2749,#2750));
#366=EDGE_LOOP('',(#2751,#2752,#2753,#2754));
#367=EDGE_LOOP('',(#2755,#2756,#2757,#2758));
#368=EDGE_LOOP('',(#2759,#2760,#2761,#2762));
#369=EDGE_LOOP('',(#2763,#2764,#2765,#2766));
#370=EDGE_LOOP('',(#2767,#2768,#2769,#2770));
#371=EDGE_LOOP('',(#2771,#2772,#2773,#2774));
#372=EDGE_LOOP('',(#2775,#2776,#2777,#2778));
#373=EDGE_LOOP('',(#2779,#2780,#2781,#2782));
#374=EDGE_LOOP('',(#2783,#2784,#2785,#2786));
#375=EDGE_LOOP('',(#2787,#2788,#2789,#2790));
#376=EDGE_LOOP('',(#2791,#2792,#2793,#2794));
#377=EDGE_LOOP('',(#2795,#2796,#2797,#2798));
#378=EDGE_LOOP('',(#2799,#2800,#2801,#2802));
#379=EDGE_LOOP('',(#2803,#2804,#2805,#2806));
#380=EDGE_LOOP('',(#2807,#2808,#2809,#2810));
#381=EDGE_LOOP('',(#2811,#2812,#2813,#2814));
#382=EDGE_LOOP('',(#2815,#2816,#2817,#2818));
#383=EDGE_LOOP('',(#2819,#2820,#2821,#2822));
#384=EDGE_LOOP('',(#2823,#2824,#2825,#2826));
#385=EDGE_LOOP('',(#2827,#2828,#2829,#2830));
#386=EDGE_LOOP('',(#2831,#2832,#2833,#2834));
#387=EDGE_LOOP('',(#2835,#2836,#2837,#2838));
#388=EDGE_LOOP('',(#2839,#2840,#2841,#2842));
#389=EDGE_LOOP('',(#2843,#2844,#2845,#2846));
#390=EDGE_LOOP('',(#2847,#2848,#2849,#2850));
#391=EDGE_LOOP('',(#2851,#2852,#2853,#2854));
#392=EDGE_LOOP('',(#2855,#2856,#2857,#2858));
#393=EDGE_LOOP('',(#2859,#2860,#2861,#2862));
#394=EDGE_LOOP('',(#2863,#2864,#2865,#2866));
#395=EDGE_LOOP('',(#2867,#2868,#2869,#2870));
#396=EDGE_LOOP('',(#2871,#2872,#2873,#2874));
#397=EDGE_LOOP('',(#2875,#2876,#2877,#2878));
#398=EDGE_LOOP('',(#2879,#2880,#2881,#2882));
#399=EDGE_LOOP('',(#2883,#2884,#2885,#2886));
#400=EDGE_LOOP('',(#2887,#2888,#2889,#2890));
#401=EDGE_LOOP('',(#2891,#2892,#2893,#2894));
#402=EDGE_LOOP('',(#2895,#2896,#2897,#2898));
#403=EDGE_LOOP('',(#2899,#2900,#2901,#2902));
#404=EDGE_LOOP('',(#2903,#2904,#2905,#2906));
#405=EDGE_LOOP('',(#2907,#2908,#2909,#2910));
#406=EDGE_LOOP('',(#2911,#2912,#2913,#2914));
#407=EDGE_LOOP('',(#2915,#2916,#2917,#2918));
#408=EDGE_LOOP('',(#2919,#2920,#2921,#2922));
#409=EDGE_LOOP('',(#2923,#2924,#2925,#2926));
#410=EDGE_LOOP('',(#2927,#2928,#2929,#2930));
#411=EDGE_LOOP('',(#2931,#2932,#2933,#2934));
#412=EDGE_LOOP('',(#2935,#2936,#2937,#2938));
#413=EDGE_LOOP('',(#2939,#2940,#2941,#2942));
#414=EDGE_LOOP('',(#2943,#2944,#2945,#2946));
#415=EDGE_LOOP('',(#2947,#2948,#2949,#2950));
#416=EDGE_LOOP('',(#2951,#2952,#2953,#2954));
#417=EDGE_LOOP('',(#2955,#2956,#2957,#2958));
#418=EDGE_LOOP('',(#2959,#2960,#2961,#2962));
#419=EDGE_LOOP('',(#2963,#2964,#2965,#2966));
#420=EDGE_LOOP('',(#2967,#2968,#2969,#2970));
#421=EDGE_LOOP('',(#2971,#2972,#2973,#2974));
#422=EDGE_LOOP('',(#2975,#2976,#2977,#2978));
#423=EDGE_LOOP('',(#2979,#2980,#2981,#2982));
#424=EDGE_LOOP('',(#2983,#2984,#2985,#2986));
#425=EDGE_LOOP('',(#2987,#2988,#2989,#2990));
#426=EDGE_LOOP('',(#2991,#2992,#2993,#2994));
#427=EDGE_LOOP('',(#2995,#2996,#2997,#2998));
#428=EDGE_LOOP('',(#2999,#3000,#3001,#3002));
#429=EDGE_LOOP('',(#3003,#3004,#3005,#3006));
#430=EDGE_LOOP('',(#3007,#3008,#3009,#3010));
#431=EDGE_LOOP('',(#3011,#3012,#3013,#3014));
#432=EDGE_LOOP('',(#3015,#3016,#3017,#3018));
#433=EDGE_LOOP('',(#3019,#3020,#3021,#3022));
#434=EDGE_LOOP('',(#3023,#3024,#3025,#3026));
#435=EDGE_LOOP('',(#3027,#3028,#3029,#3030));
#436=EDGE_LOOP('',(#3031,#3032,#3033,#3034));
#437=LINE('',#4115,#797);
#438=LINE('',#4273,#798);
#439=LINE('',#4299,#799);
#440=LINE('',#4400,#800);
#441=LINE('',#4434,#801);
#442=LINE('',#4505,#802);
#443=LINE('',#4528,#803);
#444=LINE('',#4530,#804);
#445=LINE('',#4532,#805);
#446=LINE('',#4534,#806);
#447=LINE('',#4536,#807);
#448=LINE('',#4538,#808);
#449=LINE('',#4540,#809);
#450=LINE('',#4637,#810);
#451=LINE('',#4638,#811);
#452=LINE('',#4661,#812);
#453=LINE('',#4663,#813);
#454=LINE('',#4664,#814);
#455=LINE('',#4701,#815);
#456=LINE('',#4702,#816);
#457=LINE('',#4713,#817);
#458=LINE('',#4736,#818);
#459=LINE('',#4761,#819);
#460=LINE('',#4767,#820);
#461=LINE('',#4777,#821);
#462=LINE('',#4779,#822);
#463=LINE('',#4788,#823);
#464=LINE('',#4790,#824);
#465=LINE('',#4801,#825);
#466=LINE('',#4802,#826);
#467=LINE('',#4811,#827);
#468=LINE('',#4813,#828);
#469=LINE('',#4825,#829);
#470=LINE('',#4844,#830);
#471=LINE('',#4862,#831);
#472=LINE('',#4863,#832);
#473=LINE('',#4865,#833);
#474=LINE('',#4877,#834);
#475=LINE('',#4896,#835);
#476=LINE('',#4906,#836);
#477=LINE('',#4945,#837);
#478=LINE('',#4947,#838);
#479=LINE('',#4949,#839);
#480=LINE('',#4951,#840);
#481=LINE('',#4953,#841);
#482=LINE('',#4955,#842);
#483=LINE('',#4957,#843);
#484=LINE('',#4983,#844);
#485=LINE('',#5037,#845);
#486=LINE('',#5059,#846);
#487=LINE('',#5085,#847);
#488=LINE('',#5102,#848);
#489=LINE('',#5125,#849);
#490=LINE('',#5127,#850);
#491=LINE('',#5129,#851);
#492=LINE('',#5131,#852);
#493=LINE('',#5133,#853);
#494=LINE('',#5135,#854);
#495=LINE('',#5136,#855);
#496=LINE('',#5154,#856);
#497=LINE('',#5156,#857);
#498=LINE('',#5158,#858);
#499=LINE('',#5160,#859);
#500=LINE('',#5162,#860);
#501=LINE('',#5164,#861);
#502=LINE('',#5165,#862);
#503=LINE('',#5188,#863);
#504=LINE('',#5190,#864);
#505=LINE('',#5191,#865);
#506=LINE('',#5193,#866);
#507=LINE('',#5196,#867);
#508=LINE('',#5220,#868);
#509=LINE('',#5277,#869);
#510=LINE('',#5287,#870);
#511=LINE('',#5313,#871);
#512=LINE('',#5318,#872);
#513=LINE('',#5323,#873);
#514=LINE('',#5327,#874);
#515=LINE('',#5330,#875);
#516=LINE('',#5333,#876);
#517=LINE('',#5335,#877);
#518=LINE('',#5338,#878);
#519=LINE('',#5342,#879);
#520=LINE('',#5346,#880);
#521=LINE('',#5349,#881);
#522=LINE('',#5353,#882);
#523=LINE('',#5355,#883);
#524=LINE('',#5357,#884);
#525=LINE('',#5358,#885);
#526=LINE('',#5361,#886);
#527=LINE('',#5363,#887);
#528=LINE('',#5365,#888);
#529=LINE('',#5366,#889);
#530=LINE('',#5369,#890);
#531=LINE('',#5371,#891);
#532=LINE('',#5373,#892);
#533=LINE('',#5374,#893);
#534=LINE('',#5377,#894);
#535=LINE('',#5379,#895);
#536=LINE('',#5381,#896);
#537=LINE('',#5382,#897);
#538=LINE('',#5385,#898);
#539=LINE('',#5387,#899);
#540=LINE('',#5389,#900);
#541=LINE('',#5390,#901);
#542=LINE('',#5393,#902);
#543=LINE('',#5395,#903);
#544=LINE('',#5397,#904);
#545=LINE('',#5398,#905);
#546=LINE('',#5401,#906);
#547=LINE('',#5403,#907);
#548=LINE('',#5405,#908);
#549=LINE('',#5407,#909);
#550=LINE('',#5408,#910);
#551=LINE('',#5411,#911);
#552=LINE('',#5413,#912);
#553=LINE('',#5415,#913);
#554=LINE('',#5417,#914);
#555=LINE('',#5418,#915);
#556=LINE('',#5421,#916);
#557=LINE('',#5423,#917);
#558=LINE('',#5425,#918);
#559=LINE('',#5427,#919);
#560=LINE('',#5428,#920);
#561=LINE('',#5431,#921);
#562=LINE('',#5433,#922);
#563=LINE('',#5435,#923);
#564=LINE('',#5437,#924);
#565=LINE('',#5438,#925);
#566=LINE('',#5441,#926);
#567=LINE('',#5443,#927);
#568=LINE('',#5445,#928);
#569=LINE('',#5447,#929);
#570=LINE('',#5448,#930);
#571=LINE('',#5451,#931);
#572=LINE('',#5453,#932);
#573=LINE('',#5455,#933);
#574=LINE('',#5457,#934);
#575=LINE('',#5458,#935);
#576=LINE('',#5461,#936);
#577=LINE('',#5463,#937);
#578=LINE('',#5465,#938);
#579=LINE('',#5467,#939);
#580=LINE('',#5468,#940);
#581=LINE('',#5471,#941);
#582=LINE('',#5473,#942);
#583=LINE('',#5475,#943);
#584=LINE('',#5477,#944);
#585=LINE('',#5478,#945);
#586=LINE('',#5481,#946);
#587=LINE('',#5483,#947);
#588=LINE('',#5485,#948);
#589=LINE('',#5487,#949);
#590=LINE('',#5488,#950);
#591=LINE('',#5491,#951);
#592=LINE('',#5493,#952);
#593=LINE('',#5495,#953);
#594=LINE('',#5497,#954);
#595=LINE('',#5498,#955);
#596=LINE('',#5501,#956);
#597=LINE('',#5503,#957);
#598=LINE('',#5505,#958);
#599=LINE('',#5507,#959);
#600=LINE('',#5508,#960);
#601=LINE('',#5511,#961);
#602=LINE('',#5513,#962);
#603=LINE('',#5515,#963);
#604=LINE('',#5517,#964);
#605=LINE('',#5518,#965);
#606=LINE('',#5521,#966);
#607=LINE('',#5523,#967);
#608=LINE('',#5525,#968);
#609=LINE('',#5526,#969);
#610=LINE('',#5529,#970);
#611=LINE('',#5531,#971);
#612=LINE('',#5533,#972);
#613=LINE('',#5535,#973);
#614=LINE('',#5536,#974);
#615=LINE('',#5539,#975);
#616=LINE('',#5541,#976);
#617=LINE('',#5543,#977);
#618=LINE('',#5544,#978);
#619=LINE('',#5547,#979);
#620=LINE('',#5549,#980);
#621=LINE('',#5551,#981);
#622=LINE('',#5552,#982);
#623=LINE('',#5554,#983);
#624=LINE('',#5556,#984);
#625=LINE('',#5558,#985);
#626=LINE('',#5559,#986);
#627=LINE('',#5561,#987);
#628=LINE('',#5563,#988);
#629=LINE('',#5565,#989);
#630=LINE('',#5566,#990);
#631=LINE('',#5568,#991);
#632=LINE('',#5569,#992);
#633=LINE('',#5571,#993);
#634=LINE('',#5572,#994);
#635=LINE('',#5574,#995);
#636=LINE('',#5576,#996);
#637=LINE('',#5578,#997);
#638=LINE('',#5579,#998);
#639=LINE('',#5581,#999);
#640=LINE('',#5583,#1000);
#641=LINE('',#5585,#1001);
#642=LINE('',#5586,#1002);
#643=LINE('',#5588,#1003);
#644=LINE('',#5590,#1004);
#645=LINE('',#5592,#1005);
#646=LINE('',#5593,#1006);
#647=LINE('',#5595,#1007);
#648=LINE('',#5597,#1008);
#649=LINE('',#5599,#1009);
#650=LINE('',#5600,#1010);
#651=LINE('',#5602,#1011);
#652=LINE('',#5604,#1012);
#653=LINE('',#5606,#1013);
#654=LINE('',#5607,#1014);
#655=LINE('',#5609,#1015);
#656=LINE('',#5611,#1016);
#657=LINE('',#5613,#1017);
#658=LINE('',#5614,#1018);
#659=LINE('',#5616,#1019);
#660=LINE('',#5618,#1020);
#661=LINE('',#5620,#1021);
#662=LINE('',#5621,#1022);
#663=LINE('',#5622,#1023);
#664=LINE('',#5624,#1024);
#665=LINE('',#5626,#1025);
#666=LINE('',#5628,#1026);
#667=LINE('',#5629,#1027);
#668=LINE('',#5631,#1028);
#669=LINE('',#5633,#1029);
#670=LINE('',#5635,#1030);
#671=LINE('',#5636,#1031);
#672=LINE('',#5638,#1032);
#673=LINE('',#5640,#1033);
#674=LINE('',#5642,#1034);
#675=LINE('',#5643,#1035);
#676=LINE('',#5646,#1036);
#677=LINE('',#5648,#1037);
#678=LINE('',#5650,#1038);
#679=LINE('',#5651,#1039);
#680=LINE('',#5654,#1040);
#681=LINE('',#5656,#1041);
#682=LINE('',#5658,#1042);
#683=LINE('',#5659,#1043);
#684=LINE('',#5662,#1044);
#685=LINE('',#5664,#1045);
#686=LINE('',#5666,#1046);
#687=LINE('',#5667,#1047);
#688=LINE('',#5670,#1048);
#689=LINE('',#5672,#1049);
#690=LINE('',#5674,#1050);
#691=LINE('',#5675,#1051);
#692=LINE('',#5678,#1052);
#693=LINE('',#5680,#1053);
#694=LINE('',#5682,#1054);
#695=LINE('',#5683,#1055);
#696=LINE('',#5686,#1056);
#697=LINE('',#5688,#1057);
#698=LINE('',#5690,#1058);
#699=LINE('',#5691,#1059);
#700=LINE('',#5693,#1060);
#701=LINE('',#5694,#1061);
#702=LINE('',#5696,#1062);
#703=LINE('',#5698,#1063);
#704=LINE('',#5701,#1064);
#705=LINE('',#5702,#1065);
#706=LINE('',#5704,#1066);
#707=LINE('',#5706,#1067);
#708=LINE('',#5708,#1068);
#709=LINE('',#5711,#1069);
#710=LINE('',#5712,#1070);
#711=LINE('',#5714,#1071);
#712=LINE('',#5716,#1072);
#713=LINE('',#5719,#1073);
#714=LINE('',#5720,#1074);
#715=LINE('',#5722,#1075);
#716=LINE('',#5724,#1076);
#717=LINE('',#5727,#1077);
#718=LINE('',#5728,#1078);
#719=LINE('',#5730,#1079);
#720=LINE('',#5732,#1080);
#721=LINE('',#5734,#1081);
#722=LINE('',#5737,#1082);
#723=LINE('',#5738,#1083);
#724=LINE('',#5740,#1084);
#725=LINE('',#5742,#1085);
#726=LINE('',#5744,#1086);
#727=LINE('',#5747,#1087);
#728=LINE('',#5748,#1088);
#729=LINE('',#5750,#1089);
#730=LINE('',#5752,#1090);
#731=LINE('',#5755,#1091);
#732=LINE('',#5756,#1092);
#733=LINE('',#5758,#1093);
#734=LINE('',#5760,#1094);
#735=LINE('',#5762,#1095);
#736=LINE('',#5765,#1096);
#737=LINE('',#5766,#1097);
#738=LINE('',#5768,#1098);
#739=LINE('',#5770,#1099);
#740=LINE('',#5773,#1100);
#741=LINE('',#5774,#1101);
#742=LINE('',#5776,#1102);
#743=LINE('',#5778,#1103);
#744=LINE('',#5781,#1104);
#745=LINE('',#5782,#1105);
#746=LINE('',#5784,#1106);
#747=LINE('',#5786,#1107);
#748=LINE('',#5789,#1108);
#749=LINE('',#5790,#1109);
#750=LINE('',#5792,#1110);
#751=LINE('',#5794,#1111);
#752=LINE('',#5796,#1112);
#753=LINE('',#5799,#1113);
#754=LINE('',#5800,#1114);
#755=LINE('',#5802,#1115);
#756=LINE('',#5804,#1116);
#757=LINE('',#5806,#1117);
#758=LINE('',#5809,#1118);
#759=LINE('',#5810,#1119);
#760=LINE('',#5812,#1120);
#761=LINE('',#5814,#1121);
#762=LINE('',#5816,#1122);
#763=LINE('',#5819,#1123);
#764=LINE('',#5820,#1124);
#765=LINE('',#5822,#1125);
#766=LINE('',#5824,#1126);
#767=LINE('',#5826,#1127);
#768=LINE('',#5829,#1128);
#769=LINE('',#5830,#1129);
#770=LINE('',#5832,#1130);
#771=LINE('',#5834,#1131);
#772=LINE('',#5836,#1132);
#773=LINE('',#5839,#1133);
#774=LINE('',#5840,#1134);
#775=LINE('',#5842,#1135);
#776=LINE('',#5844,#1136);
#777=LINE('',#5847,#1137);
#778=LINE('',#5848,#1138);
#779=LINE('',#5850,#1139);
#780=LINE('',#5852,#1140);
#781=LINE('',#5854,#1141);
#782=LINE('',#5857,#1142);
#783=LINE('',#5858,#1143);
#784=LINE('',#5860,#1144);
#785=LINE('',#5862,#1145);
#786=LINE('',#5864,#1146);
#787=LINE('',#5867,#1147);
#788=LINE('',#5868,#1148);
#789=LINE('',#5870,#1149);
#790=LINE('',#5872,#1150);
#791=LINE('',#5874,#1151);
#792=LINE('',#5877,#1152);
#793=LINE('',#5878,#1153);
#794=LINE('',#5880,#1154);
#795=LINE('',#5882,#1155);
#796=LINE('',#5884,#1156);
#797=VECTOR('',#3469,10.);
#798=VECTOR('',#3470,10.);
#799=VECTOR('',#3471,10.);
#800=VECTOR('',#3472,10.);
#801=VECTOR('',#3473,10.);
#802=VECTOR('',#3474,10.);
#803=VECTOR('',#3475,10.);
#804=VECTOR('',#3476,10.);
#805=VECTOR('',#3477,10.);
#806=VECTOR('',#3478,10.);
#807=VECTOR('',#3479,10.);
#808=VECTOR('',#3480,10.);
#809=VECTOR('',#3481,10.);
#810=VECTOR('',#3482,10.);
#811=VECTOR('',#3483,10.);
#812=VECTOR('',#3484,10.);
#813=VECTOR('',#3485,10.);
#814=VECTOR('',#3486,10.);
#815=VECTOR('',#3487,10.);
#816=VECTOR('',#3488,10.);
#817=VECTOR('',#3491,10.);
#818=VECTOR('',#3492,10.);
#819=VECTOR('',#3493,10.);
#820=VECTOR('',#3494,10.);
#821=VECTOR('',#3497,10.);
#822=VECTOR('',#3500,10.);
#823=VECTOR('',#3501,10.);
#824=VECTOR('',#3504,10.);
#825=VECTOR('',#3509,10.);
#826=VECTOR('',#3510,10.);
#827=VECTOR('',#3511,10.);
#828=VECTOR('',#3514,10.);
#829=VECTOR('',#3517,10.);
#830=VECTOR('',#3518,10.);
#831=VECTOR('',#3521,10.);
#832=VECTOR('',#3522,10.);
#833=VECTOR('',#3525,10.);
#834=VECTOR('',#3528,10.);
#835=VECTOR('',#3529,10.);
#836=VECTOR('',#3532,10.);
#837=VECTOR('',#3535,10.);
#838=VECTOR('',#3536,10.);
#839=VECTOR('',#3537,10.);
#840=VECTOR('',#3538,10.);
#841=VECTOR('',#3539,10.);
#842=VECTOR('',#3540,10.);
#843=VECTOR('',#3541,10.);
#844=VECTOR('',#3542,10.);
#845=VECTOR('',#3545,10.);
#846=VECTOR('',#3546,10.);
#847=VECTOR('',#3547,10.);
#848=VECTOR('',#3548,10.);
#849=VECTOR('',#3549,10.);
#850=VECTOR('',#3550,10.);
#851=VECTOR('',#3551,10.);
#852=VECTOR('',#3552,10.);
#853=VECTOR('',#3553,10.);
#854=VECTOR('',#3554,10.);
#855=VECTOR('',#3555,10.);
#856=VECTOR('',#3556,10.);
#857=VECTOR('',#3557,10.);
#858=VECTOR('',#3558,10.);
#859=VECTOR('',#3559,10.);
#860=VECTOR('',#3560,10.);
#861=VECTOR('',#3561,10.);
#862=VECTOR('',#3562,10.);
#863=VECTOR('',#3563,10.);
#864=VECTOR('',#3564,10.);
#865=VECTOR('',#3565,10.);
#866=VECTOR('',#3568,10.);
#867=VECTOR('',#3571,10.);
#868=VECTOR('',#3572,10.);
#869=VECTOR('',#3575,10.);
#870=VECTOR('',#3578,10.);
#871=VECTOR('',#3581,10.);
#872=VECTOR('',#3586,10.);
#873=VECTOR('',#3593,10.);
#874=VECTOR('',#3598,10.);
#875=VECTOR('',#3601,10.);
#876=VECTOR('',#3604,10.);
#877=VECTOR('',#3607,10.);
#878=VECTOR('',#3610,10.);
#879=VECTOR('',#3615,10.);
#880=VECTOR('',#3620,10.);
#881=VECTOR('',#3625,10.);
#882=VECTOR('',#3628,10.);
#883=VECTOR('',#3629,10.);
#884=VECTOR('',#3630,10.);
#885=VECTOR('',#3631,10.);
#886=VECTOR('',#3632,10.);
#887=VECTOR('',#3633,10.);
#888=VECTOR('',#3634,10.);
#889=VECTOR('',#3635,10.);
#890=VECTOR('',#3636,10.);
#891=VECTOR('',#3637,10.);
#892=VECTOR('',#3638,10.);
#893=VECTOR('',#3639,10.);
#894=VECTOR('',#3640,10.);
#895=VECTOR('',#3641,10.);
#896=VECTOR('',#3642,10.);
#897=VECTOR('',#3643,10.);
#898=VECTOR('',#3644,10.);
#899=VECTOR('',#3645,10.);
#900=VECTOR('',#3646,10.);
#901=VECTOR('',#3647,10.);
#902=VECTOR('',#3648,10.);
#903=VECTOR('',#3649,10.);
#904=VECTOR('',#3650,10.);
#905=VECTOR('',#3651,10.);
#906=VECTOR('',#3652,10.);
#907=VECTOR('',#3653,10.);
#908=VECTOR('',#3654,10.);
#909=VECTOR('',#3655,10.);
#910=VECTOR('',#3656,10.);
#911=VECTOR('',#3657,10.);
#912=VECTOR('',#3658,10.);
#913=VECTOR('',#3659,10.);
#914=VECTOR('',#3660,10.);
#915=VECTOR('',#3661,10.);
#916=VECTOR('',#3662,10.);
#917=VECTOR('',#3663,10.);
#918=VECTOR('',#3664,10.);
#919=VECTOR('',#3665,10.);
#920=VECTOR('',#3666,10.);
#921=VECTOR('',#3667,10.);
#922=VECTOR('',#3668,10.);
#923=VECTOR('',#3669,10.);
#924=VECTOR('',#3670,10.);
#925=VECTOR('',#3671,10.);
#926=VECTOR('',#3672,10.);
#927=VECTOR('',#3673,10.);
#928=VECTOR('',#3674,10.);
#929=VECTOR('',#3675,10.);
#930=VECTOR('',#3676,10.);
#931=VECTOR('',#3677,10.);
#932=VECTOR('',#3678,10.);
#933=VECTOR('',#3679,10.);
#934=VECTOR('',#3680,10.);
#935=VECTOR('',#3681,10.);
#936=VECTOR('',#3682,10.);
#937=VECTOR('',#3683,10.);
#938=VECTOR('',#3684,10.);
#939=VECTOR('',#3685,10.);
#940=VECTOR('',#3686,10.);
#941=VECTOR('',#3687,10.);
#942=VECTOR('',#3688,10.);
#943=VECTOR('',#3689,10.);
#944=VECTOR('',#3690,10.);
#945=VECTOR('',#3691,10.);
#946=VECTOR('',#3692,10.);
#947=VECTOR('',#3693,10.);
#948=VECTOR('',#3694,10.);
#949=VECTOR('',#3695,10.);
#950=VECTOR('',#3696,10.);
#951=VECTOR('',#3697,10.);
#952=VECTOR('',#3698,10.);
#953=VECTOR('',#3699,10.);
#954=VECTOR('',#3700,10.);
#955=VECTOR('',#3701,10.);
#956=VECTOR('',#3702,10.);
#957=VECTOR('',#3703,10.);
#958=VECTOR('',#3704,10.);
#959=VECTOR('',#3705,10.);
#960=VECTOR('',#3706,10.);
#961=VECTOR('',#3707,10.);
#962=VECTOR('',#3708,10.);
#963=VECTOR('',#3709,10.);
#964=VECTOR('',#3710,10.);
#965=VECTOR('',#3711,10.);
#966=VECTOR('',#3712,10.);
#967=VECTOR('',#3713,10.);
#968=VECTOR('',#3714,10.);
#969=VECTOR('',#3715,10.);
#970=VECTOR('',#3716,10.);
#971=VECTOR('',#3717,10.);
#972=VECTOR('',#3718,10.);
#973=VECTOR('',#3719,10.);
#974=VECTOR('',#3720,10.);
#975=VECTOR('',#3721,10.);
#976=VECTOR('',#3722,10.);
#977=VECTOR('',#3723,10.);
#978=VECTOR('',#3724,10.);
#979=VECTOR('',#3727,10.);
#980=VECTOR('',#3728,10.);
#981=VECTOR('',#3729,10.);
#982=VECTOR('',#3730,10.);
#983=VECTOR('',#3731,10.);
#984=VECTOR('',#3732,10.);
#985=VECTOR('',#3733,10.);
#986=VECTOR('',#3734,10.);
#987=VECTOR('',#3735,10.);
#988=VECTOR('',#3736,10.);
#989=VECTOR('',#3737,10.);
#990=VECTOR('',#3738,10.);
#991=VECTOR('',#3739,10.);
#992=VECTOR('',#3740,10.);
#993=VECTOR('',#3741,10.);
#994=VECTOR('',#3742,10.);
#995=VECTOR('',#3743,10.);
#996=VECTOR('',#3744,10.);
#997=VECTOR('',#3745,10.);
#998=VECTOR('',#3746,10.);
#999=VECTOR('',#3747,10.);
#1000=VECTOR('',#3748,10.);
#1001=VECTOR('',#3749,10.);
#1002=VECTOR('',#3750,10.);
#1003=VECTOR('',#3751,10.);
#1004=VECTOR('',#3752,10.);
#1005=VECTOR('',#3753,10.);
#1006=VECTOR('',#3754,10.);
#1007=VECTOR('',#3755,10.);
#1008=VECTOR('',#3756,10.);
#1009=VECTOR('',#3757,10.);
#1010=VECTOR('',#3758,10.);
#1011=VECTOR('',#3759,10.);
#1012=VECTOR('',#3760,10.);
#1013=VECTOR('',#3761,10.);
#1014=VECTOR('',#3762,10.);
#1015=VECTOR('',#3763,10.);
#1016=VECTOR('',#3764,10.);
#1017=VECTOR('',#3765,10.);
#1018=VECTOR('',#3766,10.);
#1019=VECTOR('',#3767,10.);
#1020=VECTOR('',#3768,10.);
#1021=VECTOR('',#3769,10.);
#1022=VECTOR('',#3770,10.);
#1023=VECTOR('',#3771,10.);
#1024=VECTOR('',#3772,10.);
#1025=VECTOR('',#3773,10.);
#1026=VECTOR('',#3774,10.);
#1027=VECTOR('',#3775,10.);
#1028=VECTOR('',#3776,10.);
#1029=VECTOR('',#3777,10.);
#1030=VECTOR('',#3778,10.);
#1031=VECTOR('',#3779,10.);
#1032=VECTOR('',#3780,10.);
#1033=VECTOR('',#3781,10.);
#1034=VECTOR('',#3782,10.);
#1035=VECTOR('',#3783,10.);
#1036=VECTOR('',#3784,10.);
#1037=VECTOR('',#3785,10.);
#1038=VECTOR('',#3786,10.);
#1039=VECTOR('',#3787,10.);
#1040=VECTOR('',#3788,10.);
#1041=VECTOR('',#3789,10.);
#1042=VECTOR('',#3790,10.);
#1043=VECTOR('',#3791,10.);
#1044=VECTOR('',#3792,10.);
#1045=VECTOR('',#3793,10.);
#1046=VECTOR('',#3794,10.);
#1047=VECTOR('',#3795,10.);
#1048=VECTOR('',#3796,10.);
#1049=VECTOR('',#3797,10.);
#1050=VECTOR('',#3798,10.);
#1051=VECTOR('',#3799,10.);
#1052=VECTOR('',#3800,10.);
#1053=VECTOR('',#3801,10.);
#1054=VECTOR('',#3802,10.);
#1055=VECTOR('',#3803,10.);
#1056=VECTOR('',#3804,10.);
#1057=VECTOR('',#3805,10.);
#1058=VECTOR('',#3806,10.);
#1059=VECTOR('',#3807,10.);
#1060=VECTOR('',#3810,10.);
#1061=VECTOR('',#3811,10.);
#1062=VECTOR('',#3814,10.);
#1063=VECTOR('',#3817,10.);
#1064=VECTOR('',#3822,10.);
#1065=VECTOR('',#3823,10.);
#1066=VECTOR('',#3826,10.);
#1067=VECTOR('',#3829,10.);
#1068=VECTOR('',#3832,10.);
#1069=VECTOR('',#3837,10.);
#1070=VECTOR('',#3838,10.);
#1071=VECTOR('',#3841,10.);
#1072=VECTOR('',#3844,10.);
#1073=VECTOR('',#3849,10.);
#1074=VECTOR('',#3850,10.);
#1075=VECTOR('',#3853,10.);
#1076=VECTOR('',#3856,10.);
#1077=VECTOR('',#3861,10.);
#1078=VECTOR('',#3862,10.);
#1079=VECTOR('',#3865,10.);
#1080=VECTOR('',#3868,10.);
#1081=VECTOR('',#3871,10.);
#1082=VECTOR('',#3876,10.);
#1083=VECTOR('',#3877,10.);
#1084=VECTOR('',#3880,10.);
#1085=VECTOR('',#3883,10.);
#1086=VECTOR('',#3886,10.);
#1087=VECTOR('',#3891,10.);
#1088=VECTOR('',#3892,10.);
#1089=VECTOR('',#3895,10.);
#1090=VECTOR('',#3898,10.);
#1091=VECTOR('',#3903,10.);
#1092=VECTOR('',#3904,10.);
#1093=VECTOR('',#3907,10.);
#1094=VECTOR('',#3910,10.);
#1095=VECTOR('',#3913,10.);
#1096=VECTOR('',#3918,10.);
#1097=VECTOR('',#3919,10.);
#1098=VECTOR('',#3922,10.);
#1099=VECTOR('',#3925,10.);
#1100=VECTOR('',#3930,10.);
#1101=VECTOR('',#3931,10.);
#1102=VECTOR('',#3934,10.);
#1103=VECTOR('',#3937,10.);
#1104=VECTOR('',#3942,10.);
#1105=VECTOR('',#3943,10.);
#1106=VECTOR('',#3946,10.);
#1107=VECTOR('',#3949,10.);
#1108=VECTOR('',#3954,10.);
#1109=VECTOR('',#3955,10.);
#1110=VECTOR('',#3958,10.);
#1111=VECTOR('',#3961,10.);
#1112=VECTOR('',#3964,10.);
#1113=VECTOR('',#3969,10.);
#1114=VECTOR('',#3970,10.);
#1115=VECTOR('',#3973,10.);
#1116=VECTOR('',#3976,10.);
#1117=VECTOR('',#3979,10.);
#1118=VECTOR('',#3984,10.);
#1119=VECTOR('',#3985,10.);
#1120=VECTOR('',#3988,10.);
#1121=VECTOR('',#3991,10.);
#1122=VECTOR('',#3994,10.);
#1123=VECTOR('',#3999,10.);
#1124=VECTOR('',#4000,10.);
#1125=VECTOR('',#4003,10.);
#1126=VECTOR('',#4006,10.);
#1127=VECTOR('',#4009,10.);
#1128=VECTOR('',#4014,10.);
#1129=VECTOR('',#4015,10.);
#1130=VECTOR('',#4018,10.);
#1131=VECTOR('',#4021,10.);
#1132=VECTOR('',#4024,10.);
#1133=VECTOR('',#4029,10.);
#1134=VECTOR('',#4030,10.);
#1135=VECTOR('',#4033,10.);
#1136=VECTOR('',#4036,10.);
#1137=VECTOR('',#4041,10.);
#1138=VECTOR('',#4042,10.);
#1139=VECTOR('',#4045,10.);
#1140=VECTOR('',#4048,10.);
#1141=VECTOR('',#4051,10.);
#1142=VECTOR('',#4056,10.);
#1143=VECTOR('',#4057,10.);
#1144=VECTOR('',#4060,10.);
#1145=VECTOR('',#4063,10.);
#1146=VECTOR('',#4066,10.);
#1147=VECTOR('',#4071,10.);
#1148=VECTOR('',#4072,10.);
#1149=VECTOR('',#4075,10.);
#1150=VECTOR('',#4078,10.);
#1151=VECTOR('',#4081,10.);
#1152=VECTOR('',#4086,10.);
#1153=VECTOR('',#4087,10.);
#1154=VECTOR('',#4090,10.);
#1155=VECTOR('',#4093,10.);
#1156=VECTOR('',#4096,10.);
#1157=B_SPLINE_CURVE_WITH_KNOTS('',3,(#4103,#4104,#4105,#4106,#4107,#4108),
 .UNSPECIFIED.,.F.,.F.,(4,2,4),(-3.99829704694807,-1.99914852347404,0.),
 .UNSPECIFIED.);
#1158=B_SPLINE_CURVE_WITH_KNOTS('',3,(#4110,#4111,#4112,#4113),
 .UNSPECIFIED.,.F.,.F.,(4,4),(-0.27872767505802,0.),.UNSPECIFIED.);
#1159=B_SPLINE_CURVE_WITH_KNOTS('',3,(#4117,#4118,#4119,#4120),
 .UNSPECIFIED.,.F.,.F.,(4,4),(-1.39341847731387,-1.11469080225463),
 .UNSPECIFIED.);
#1160=B_SPLINE_CURVE_WITH_KNOTS('',3,(#4122,#4123,#4124,#4125,#4126,#4127),
 .UNSPECIFIED.,.F.,.F.,(4,2,4),(-3.99829704694807,-1.99914852347404,0.),
 .UNSPECIFIED.);
#1161=B_SPLINE_CURVE_WITH_KNOTS('',3,(#4129,#4130,#4131,#4132,#4133,#4134),
 .UNSPECIFIED.,.F.,.F.,(4,2,4),(-0.831023813707716,-0.415511906853859,0.),
 .UNSPECIFIED.);
#1162=B_SPLINE_CURVE_WITH_KNOTS('',3,(#4136,#4137,#4138,#4139),
 .UNSPECIFIED.,.F.,.F.,(4,4),(-0.610654553053084,0.),.UNSPECIFIED.);
#1163=B_SPLINE_CURVE_WITH_KNOTS('',3,(#4141,#4142,#4143,#4144),
 .UNSPECIFIED.,.F.,.F.,(4,4),(-1.00887966294699,-0.608879662946935),
 .UNSPECIFIED.);
#1164=B_SPLINE_CURVE_WITH_KNOTS('',3,(#4146,#4147,#4148,#4149),
 .UNSPECIFIED.,.F.,.F.,(4,4),(-4.4891144839835,-4.08884482656413),
 .UNSPECIFIED.);
#1165=B_SPLINE_CURVE_WITH_KNOTS('',3,(#4151,#4152,#4153,#4154,#4155,#4156),
 .UNSPECIFIED.,.F.,.F.,(4,2,4),(-0.3,-0.15,0.),.UNSPECIFIED.);
#1166=B_SPLINE_CURVE_WITH_KNOTS('',3,(#4158,#4159,#4160,#4161),
 .UNSPECIFIED.,.F.,.F.,(4,4),(-4.98944887327836,-4.4891144839835),
 .UNSPECIFIED.);
#1167=B_SPLINE_CURVE_WITH_KNOTS('',3,(#4163,#4164,#4165,#4166,#4167,#4168),
 .UNSPECIFIED.,.F.,.F.,(4,2,4),(-1.41092280103004,-0.705461400515022,0.),
 .UNSPECIFIED.);
#1168=B_SPLINE_CURVE_WITH_KNOTS('',3,(#4170,#4171,#4172,#4173,#4174,#4175),
 .UNSPECIFIED.,.F.,.F.,(4,2,4),(-4.57819603427041,-2.28909801713521,0.),
 .UNSPECIFIED.);
#1169=B_SPLINE_CURVE_WITH_KNOTS('',3,(#4177,#4178,#4179,#4180,#4181,#4182),
 .UNSPECIFIED.,.F.,.F.,(4,2,4),(-1.97331746463621,-0.986658732318103,0.),
 .UNSPECIFIED.);
#1170=B_SPLINE_CURVE_WITH_KNOTS('',3,(#4184,#4185,#4186,#4187,#4188,#4189),
 .UNSPECIFIED.,.F.,.F.,(4,2,4),(-4.59177579293931,-2.29588789646965,0.),
 .UNSPECIFIED.);
#1171=B_SPLINE_CURVE_WITH_KNOTS('',3,(#4191,#4192,#4193,#4194,#4195,#4196),
 .UNSPECIFIED.,.F.,.F.,(4,2,4),(-4.59177579293931,-2.29588789646965,0.),
 .UNSPECIFIED.);
#1172=B_SPLINE_CURVE_WITH_KNOTS('',3,(#4198,#4199,#4200,#4201,#4202,#4203),
 .UNSPECIFIED.,.F.,.F.,(4,2,4),(-1.97331746463621,-0.986658732318103,0.),
 .UNSPECIFIED.);
#1173=B_SPLINE_CURVE_WITH_KNOTS('',3,(#4205,#4206,#4207,#4208,#4209,#4210),
 .UNSPECIFIED.,.F.,.F.,(4,2,4),(-4.57819603427041,-2.28909801713521,0.),
 .UNSPECIFIED.);
#1174=B_SPLINE_CURVE_WITH_KNOTS('',3,(#4212,#4213,#4214,#4215,#4216,#4217),
 .UNSPECIFIED.,.F.,.F.,(4,2,4),(-1.41092280103004,-0.705461400515021,0.),
 .UNSPECIFIED.);
#1175=B_SPLINE_CURVE_WITH_KNOTS('',3,(#4219,#4220,#4221,#4222),
 .UNSPECIFIED.,.F.,.F.,(4,4),(-0.500334389298635,0.),.UNSPECIFIED.);
#1176=B_SPLINE_CURVE_WITH_KNOTS('',3,(#4224,#4225,#4226,#4227,#4228,#4229),
 .UNSPECIFIED.,.F.,.F.,(4,2,4),(-0.3,-0.15,0.),.UNSPECIFIED.);
#1177=B_SPLINE_CURVE_WITH_KNOTS('',3,(#4231,#4232,#4233,#4234),
 .UNSPECIFIED.,.F.,.F.,(4,4),(-0.415660469304515,-0.0153908118889046),
 .UNSPECIFIED.);
#1178=B_SPLINE_CURVE_WITH_KNOTS('',3,(#4236,#4237,#4238,#4239),
 .UNSPECIFIED.,.F.,.F.,(4,4),(-0.495815553038689,-0.0958155530387153),
 .UNSPECIFIED.);
#1179=B_SPLINE_CURVE_WITH_KNOTS('',3,(#4241,#4242,#4243,#4244),
 .UNSPECIFIED.,.F.,.F.,(4,4),(-4.69949937961719,-4.08884482656413),
 .UNSPECIFIED.);
#1180=B_SPLINE_CURVE_WITH_KNOTS('',3,(#4245,#4246,#4247,#4248,#4249,#4250),
 .UNSPECIFIED.,.F.,.F.,(4,2,4),(-0.831023813707716,-0.415511906853857,0.),
 .UNSPECIFIED.);
#1181=B_SPLINE_CURVE_WITH_KNOTS('',3,(#4268,#4269,#4270,#4271),
 .UNSPECIFIED.,.F.,.F.,(4,4),(0.,0.370391756813057),.UNSPECIFIED.);
#1182=B_SPLINE_CURVE_WITH_KNOTS('',3,(#4274,#4275,#4276,#4277),
 .UNSPECIFIED.,.F.,.F.,(4,4),(0.,0.370391756809985),.UNSPECIFIED.);
#1183=B_SPLINE_CURVE_WITH_KNOTS('',3,(#4295,#4296,#4297,#4298),
 .UNSPECIFIED.,.F.,.F.,(4,4),(0.,0.370391756806494),.UNSPECIFIED.);
#1184=B_SPLINE_CURVE_WITH_KNOTS('',3,(#4317,#4318,#4319,#4320,#4321,#4322,
#4323,#4324),.UNSPECIFIED.,.F.,.F.,(4,2,2,4),(-6.23480184982538,-5.99228477541892,
-4.12338070139221,0.),.UNSPECIFIED.);
#1185=B_SPLINE_CURVE_WITH_KNOTS('',3,(#4326,#4327,#4328,#4329),
 .UNSPECIFIED.,.F.,.F.,(4,4),(-4.48031138487706,-0.0755332928150043),
 .UNSPECIFIED.);
#1186=B_SPLINE_CURVE_WITH_KNOTS('',3,(#4331,#4332,#4333,#4334),
 .UNSPECIFIED.,.F.,.F.,(4,4),(-0.499999999999999,0.),.UNSPECIFIED.);
#1187=B_SPLINE_CURVE_WITH_KNOTS('',3,(#4336,#4337,#4338,#4339),
 .UNSPECIFIED.,.F.,.F.,(4,4),(0.100343946445476,0.158931515903039),
 .UNSPECIFIED.);
#1188=B_SPLINE_CURVE_WITH_KNOTS('',3,(#4341,#4342,#4343,#4344),
 .UNSPECIFIED.,.F.,.F.,(4,4),(-3.8437594248162,-0.0502327653644694),
 .UNSPECIFIED.);
#1189=B_SPLINE_CURVE_WITH_KNOTS('',3,(#4346,#4347,#4348,#4349),
 .UNSPECIFIED.,.F.,.F.,(4,4),(-0.663184741620821,0.),.UNSPECIFIED.);
#1190=B_SPLINE_CURVE_WITH_KNOTS('',3,(#4351,#4352,#4353,#4354),
 .UNSPECIFIED.,.F.,.F.,(4,4),(-3.70312293148497,0.),.UNSPECIFIED.);
#1191=B_SPLINE_CURVE_WITH_KNOTS('',3,(#4356,#4357,#4358,#4359),
 .UNSPECIFIED.,.F.,.F.,(4,4),(0.0758997706255596,0.0856797538354487),
 .UNSPECIFIED.);
#1192=B_SPLINE_CURVE_WITH_KNOTS('',3,(#4361,#4362,#4363,#4364),
 .UNSPECIFIED.,.F.,.F.,(4,4),(-3.69046223668415,-0.0502726255224299),
 .UNSPECIFIED.);
#1193=B_SPLINE_CURVE_WITH_KNOTS('',3,(#4366,#4367,#4368,#4369),
 .UNSPECIFIED.,.F.,.F.,(4,4),(-0.670156810651515,0.),.UNSPECIFIED.);
#1194=B_SPLINE_CURVE_WITH_KNOTS('',3,(#4371,#4372,#4373,#4374),
 .UNSPECIFIED.,.F.,.F.,(4,4),(-3.54173875300505,0.),.UNSPECIFIED.);
#1195=B_SPLINE_CURVE_WITH_KNOTS('',3,(#4376,#4377,#4378,#4379),
 .UNSPECIFIED.,.F.,.F.,(4,4),(0.0514362994830289,0.0612240063036857),
 .UNSPECIFIED.);
#1196=B_SPLINE_CURVE_WITH_KNOTS('',3,(#4381,#4382,#4383,#4384),
 .UNSPECIFIED.,.F.,.F.,(4,4),(-3.52368762447133,-0.0503159977731573),
 .UNSPECIFIED.);
#1197=B_SPLINE_CURVE_WITH_KNOTS('',3,(#4386,#4387,#4388,#4389),
 .UNSPECIFIED.,.F.,.F.,(4,4),(-0.677491113753092,0.),.UNSPECIFIED.);
#1198=B_SPLINE_CURVE_WITH_KNOTS('',3,(#4391,#4392,#4393,#4394),
 .UNSPECIFIED.,.F.,.F.,(4,4),(-3.36666380116765,0.),.UNSPECIFIED.);
#1199=B_SPLINE_CURVE_WITH_KNOTS('',3,(#4396,#4397,#4398,#4399),
 .UNSPECIFIED.,.F.,.F.,(4,4),(0.,0.0367489360118192),.UNSPECIFIED.);
#1200=B_SPLINE_CURVE_WITH_KNOTS('',3,(#4426,#4427,#4428,#4429,#4430,#4431,
#4432,#4433),.UNSPECIFIED.,.F.,.F.,(4,2,2,4),(-6.23480184982538,-5.99228477541892,
-4.12338070139221,0.),.UNSPECIFIED.);
#1201=B_SPLINE_CURVE_WITH_KNOTS('',3,(#4452,#4453,#4454,#4455,#4456,#4457,
#4458,#4459,#4460,#4461),.UNSPECIFIED.,.F.,.F.,(4,3,3,4),(-6.01127984765676,
-5.89641144966661,-4.02136161671124,0.),.UNSPECIFIED.);
#1202=B_SPLINE_CURVE_WITH_KNOTS('',3,(#4463,#4464,#4465,#4466),
 .UNSPECIFIED.,.F.,.F.,(4,4),(-4.1408116617284,-0.0502661836111278),
 .UNSPECIFIED.);
#1203=B_SPLINE_CURVE_WITH_KNOTS('',3,(#4468,#4469,#4470,#4471),
 .UNSPECIFIED.,.F.,.F.,(4,4),(-0.373880484451951,0.),.UNSPECIFIED.);
#1204=B_SPLINE_CURVE_WITH_KNOTS('',3,(#4473,#4474,#4475,#4476),
 .UNSPECIFIED.,.F.,.F.,(4,4),(0.158931515903039,0.168685374959399),
 .UNSPECIFIED.);
#1205=B_SPLINE_CURVE_WITH_KNOTS('',3,(#4478,#4479,#4480,#4481),
 .UNSPECIFIED.,.F.,.F.,(4,4),(-0.499999999999999,0.),.UNSPECIFIED.);
#1206=B_SPLINE_CURVE_WITH_KNOTS('',3,(#4482,#4483,#4484,#4485),
 .UNSPECIFIED.,.F.,.F.,(4,4),(-4.45505910904864,-0.0502838470057618),
 .UNSPECIFIED.);
#1207=B_SPLINE_CURVE_WITH_KNOTS('',3,(#4501,#4502,#4503,#4504),
 .UNSPECIFIED.,.F.,.F.,(4,4),(-15.8170470249768,-10.0735653152924),
 .UNSPECIFIED.);
#1208=B_SPLINE_CURVE_WITH_KNOTS('',3,(#4523,#4524,#4525,#4526),
 .UNSPECIFIED.,.F.,.F.,(4,4),(0.,0.370391756806494),.UNSPECIFIED.);
#1209=B_SPLINE_CURVE_WITH_KNOTS('',3,(#4542,#4543,#4544,#4545),
 .UNSPECIFIED.,.F.,.F.,(4,4),(0.,0.0367489360118192),.UNSPECIFIED.);
#1210=B_SPLINE_CURVE_WITH_KNOTS('',3,(#4547,#4548,#4549,#4550),
 .UNSPECIFIED.,.F.,.F.,(4,4),(-3.41700754281654,-0.0503437416350603),
 .UNSPECIFIED.);
#1211=B_SPLINE_CURVE_WITH_KNOTS('',3,(#4552,#4553,#4554,#4555),
 .UNSPECIFIED.,.F.,.F.,(4,4),(-0.677491114641273,0.),.UNSPECIFIED.);
#1212=B_SPLINE_CURVE_WITH_KNOTS('',3,(#4557,#4558,#4559,#4560),
 .UNSPECIFIED.,.F.,.F.,(4,4),(-3.47337162669255,0.),.UNSPECIFIED.);
#1213=B_SPLINE_CURVE_WITH_KNOTS('',3,(#4562,#4563,#4564,#4565),
 .UNSPECIFIED.,.F.,.F.,(4,4),(0.0514362994830289,0.0612240063036857),
 .UNSPECIFIED.);
#1214=B_SPLINE_CURVE_WITH_KNOTS('',3,(#4567,#4568,#4569,#4570),
 .UNSPECIFIED.,.F.,.F.,(4,4),(-3.59203697512833,-0.0502982221212198),
 .UNSPECIFIED.);
#1215=B_SPLINE_CURVE_WITH_KNOTS('',3,(#4572,#4573,#4574,#4575),
 .UNSPECIFIED.,.F.,.F.,(4,4),(-0.670156811334484,0.),.UNSPECIFIED.);
#1216=B_SPLINE_CURVE_WITH_KNOTS('',3,(#4577,#4578,#4579,#4580),
 .UNSPECIFIED.,.F.,.F.,(4,4),(-3.64018961116453,0.),.UNSPECIFIED.);
#1217=B_SPLINE_CURVE_WITH_KNOTS('',3,(#4582,#4583,#4584,#4585),
 .UNSPECIFIED.,.F.,.F.,(4,4),(0.0758997706255597,0.0856797538354487),
 .UNSPECIFIED.);
#1218=B_SPLINE_CURVE_WITH_KNOTS('',3,(#4587,#4588,#4589,#4590),
 .UNSPECIFIED.,.F.,.F.,(4,4),(-3.75337919609383,-0.0502562646125124),
 .UNSPECIFIED.);
#1219=B_SPLINE_CURVE_WITH_KNOTS('',3,(#4592,#4593,#4594,#4595),
 .UNSPECIFIED.,.F.,.F.,(4,4),(-0.663184742134696,0.),.UNSPECIFIED.);
#1220=B_SPLINE_CURVE_WITH_KNOTS('',3,(#4597,#4598,#4599,#4600),
 .UNSPECIFIED.,.F.,.F.,(4,4),(-3.79352665945479,0.),.UNSPECIFIED.);
#1221=B_SPLINE_CURVE_WITH_KNOTS('',3,(#4602,#4603,#4604,#4605),
 .UNSPECIFIED.,.F.,.F.,(4,4),(0.100343946445476,0.168685374959412),
 .UNSPECIFIED.);
#1222=B_SPLINE_CURVE_WITH_KNOTS('',3,(#4607,#4608,#4609,#4610),
 .UNSPECIFIED.,.F.,.F.,(4,4),(-0.423880484451951,-0.0499999999999993),
 .UNSPECIFIED.);
#1223=B_SPLINE_CURVE_WITH_KNOTS('',3,(#4611,#4612,#4613,#4614),
 .UNSPECIFIED.,.F.,.F.,(4,4),(-4.14071905594851,-0.0501735778311803),
 .UNSPECIFIED.);
#1224=B_SPLINE_CURVE_WITH_KNOTS('',3,(#4632,#4633,#4634,#4635),
 .UNSPECIFIED.,.F.,.F.,(4,4),(0.,0.370391756813057),.UNSPECIFIED.);
#1225=B_SPLINE_CURVE_WITH_KNOTS('',3,(#4656,#4657,#4658,#4659),
 .UNSPECIFIED.,.F.,.F.,(4,4),(0.,0.370391756809985),.UNSPECIFIED.);
#1226=B_SPLINE_CURVE_WITH_KNOTS('',3,(#4682,#4683,#4684,#4685,#4686,#4687,
#4688,#4689),.UNSPECIFIED.,.F.,.F.,(4,2,2,4),(-9.80199884812266,-9.16775082283997,
-3.72558693879755,-0.00632788322197332),.UNSPECIFIED.);
#1227=B_SPLINE_CURVE_WITH_KNOTS('',3,(#4691,#4692,#4693,#4694),
 .UNSPECIFIED.,.F.,.F.,(4,4),(-0.00106869723675995,0.),.UNSPECIFIED.);
#1228=B_SPLINE_CURVE_WITH_KNOTS('',3,(#4696,#4697,#4698,#4699),
 .UNSPECIFIED.,.F.,.F.,(4,4),(0.,0.134533463211235),.UNSPECIFIED.);
#1229=B_SPLINE_CURVE_WITH_KNOTS('',3,(#4705,#4706,#4707,#4708,#4709,#4710,
#4711,#4712),.UNSPECIFIED.,.F.,.F.,(4,2,2,4),(-34.8183975870723,-31.7264149234748,
-27.5881816136291,-24.3937706660213),.UNSPECIFIED.);
#1230=B_SPLINE_CURVE_WITH_KNOTS('',3,(#4731,#4732,#4733,#4734),
 .UNSPECIFIED.,.F.,.F.,(4,4),(0.,0.370391756809985),.UNSPECIFIED.);
#1231=B_SPLINE_CURVE_WITH_KNOTS('',3,(#4738,#4739,#4740,#4741),
 .UNSPECIFIED.,.F.,.F.,(4,4),(0.,0.134533463211235),.UNSPECIFIED.);
#1232=B_SPLINE_CURVE_WITH_KNOTS('',3,(#4742,#4743,#4744,#4745),
 .UNSPECIFIED.,.F.,.F.,(4,4),(-0.0717793753554129,-0.0707106781186551),
 .UNSPECIFIED.);
#1233=B_SPLINE_CURVE_WITH_KNOTS('',3,(#4756,#4757,#4758,#4759),
 .UNSPECIFIED.,.F.,.F.,(4,4),(-0.66318474213441,0.),.UNSPECIFIED.);
#1234=B_SPLINE_CURVE_WITH_KNOTS('',3,(#4763,#4764,#4765,#4766),
 .UNSPECIFIED.,.F.,.F.,(4,4),(-0.663184741620041,0.),.UNSPECIFIED.);
#1235=B_SPLINE_CURVE_WITH_KNOTS('',3,(#4769,#4770,#4771,#4772),
 .UNSPECIFIED.,.F.,.F.,(4,4),(-3.79352665945493,0.),.UNSPECIFIED.);
#1236=B_SPLINE_CURVE_WITH_KNOTS('',3,(#4773,#4774,#4775,#4776),
 .UNSPECIFIED.,.F.,.F.,(4,4),(-3.84375942481658,-0.0502327653644685),
 .UNSPECIFIED.);
#1237=B_SPLINE_CURVE_WITH_KNOTS('',3,(#4792,#4793,#4794,#4795),
 .UNSPECIFIED.,.F.,.F.,(4,4),(-3.75337919609383,-0.0502562646125115),
 .UNSPECIFIED.);
#1238=B_SPLINE_CURVE_WITH_KNOTS('',3,(#4796,#4797,#4798,#4799),
 .UNSPECIFIED.,.F.,.F.,(4,4),(-3.70312293148551,0.),.UNSPECIFIED.);
#1239=B_SPLINE_CURVE_WITH_KNOTS('',3,(#4816,#4817,#4818,#4819),
 .UNSPECIFIED.,.F.,.F.,(4,4),(-3.59203697512819,-0.050298222121222),
 .UNSPECIFIED.);
#1240=B_SPLINE_CURVE_WITH_KNOTS('',3,(#4821,#4822,#4823,#4824),
 .UNSPECIFIED.,.F.,.F.,(4,4),(-3.54173875300539,0.),.UNSPECIFIED.);
#1241=B_SPLINE_CURVE_WITH_KNOTS('',3,(#4835,#4836,#4837,#4838),
 .UNSPECIFIED.,.F.,.F.,(4,4),(-0.670156811334359,0.),.UNSPECIFIED.);
#1242=B_SPLINE_CURVE_WITH_KNOTS('',3,(#4840,#4841,#4842,#4843),
 .UNSPECIFIED.,.F.,.F.,(4,4),(-0.670156810650991,0.),.UNSPECIFIED.);
#1243=B_SPLINE_CURVE_WITH_KNOTS('',3,(#4846,#4847,#4848,#4849),
 .UNSPECIFIED.,.F.,.F.,(4,4),(-3.64018961116439,0.),.UNSPECIFIED.);
#1244=B_SPLINE_CURVE_WITH_KNOTS('',3,(#4850,#4851,#4852,#4853),
 .UNSPECIFIED.,.F.,.F.,(4,4),(-3.69046223668411,-0.0502726255224299),
 .UNSPECIFIED.);
#1245=B_SPLINE_CURVE_WITH_KNOTS('',3,(#4868,#4869,#4870,#4871),
 .UNSPECIFIED.,.F.,.F.,(4,4),(-3.41700754281655,-0.0503437416350589),
 .UNSPECIFIED.);
#1246=B_SPLINE_CURVE_WITH_KNOTS('',3,(#4873,#4874,#4875,#4876),
 .UNSPECIFIED.,.F.,.F.,(4,4),(-3.36666380116739,0.),.UNSPECIFIED.);
#1247=B_SPLINE_CURVE_WITH_KNOTS('',3,(#4887,#4888,#4889,#4890),
 .UNSPECIFIED.,.F.,.F.,(4,4),(-0.677491114641334,0.),.UNSPECIFIED.);
#1248=B_SPLINE_CURVE_WITH_KNOTS('',3,(#4892,#4893,#4894,#4895),
 .UNSPECIFIED.,.F.,.F.,(4,4),(-0.677491113753121,0.),.UNSPECIFIED.);
#1249=B_SPLINE_CURVE_WITH_KNOTS('',3,(#4898,#4899,#4900,#4901),
 .UNSPECIFIED.,.F.,.F.,(4,4),(-3.47337162669202,0.),.UNSPECIFIED.);
#1250=B_SPLINE_CURVE_WITH_KNOTS('',3,(#4902,#4903,#4904,#4905),
 .UNSPECIFIED.,.F.,.F.,(4,4),(-3.5236876244715,-0.0503159977731547),
 .UNSPECIFIED.);
#1251=B_SPLINE_CURVE_WITH_KNOTS('',3,(#4925,#4926,#4927,#4928,#4929,#4930,
#4931,#4932,#4933,#4934),.UNSPECIFIED.,.F.,.F.,(4,3,3,4),(-6.01127548111544,
-5.89194643999056,-4.01515666041847,1.77635683940025E-15),.UNSPECIFIED.);
#1252=B_SPLINE_CURVE_WITH_KNOTS('',3,(#4936,#4937,#4938,#4939),
 .UNSPECIFIED.,.F.,.F.,(4,4),(-4.14081166172847,-0.0502661836111278),
 .UNSPECIFIED.);
#1253=B_SPLINE_CURVE_WITH_KNOTS('',3,(#4940,#4941,#4942,#4943),
 .UNSPECIFIED.,.F.,.F.,(4,4),(-0.373880484451951,0.),.UNSPECIFIED.);
#1254=B_SPLINE_CURVE_WITH_KNOTS('',3,(#4958,#4959,#4960,#4961),
 .UNSPECIFIED.,.F.,.F.,(4,4),(0.,0.370391756806494),.UNSPECIFIED.);
#1255=B_SPLINE_CURVE_WITH_KNOTS('',3,(#4979,#4980,#4981,#4982),
 .UNSPECIFIED.,.F.,.F.,(4,4),(0.,0.370391756806494),.UNSPECIFIED.);
#1256=B_SPLINE_CURVE_WITH_KNOTS('',3,(#4985,#4986,#4987,#4988),
 .UNSPECIFIED.,.F.,.F.,(4,4),(-0.549999999999999,-0.0499999999999993),
 .UNSPECIFIED.);
#1257=B_SPLINE_CURVE_WITH_KNOTS('',3,(#4990,#4991,#4992,#4993),
 .UNSPECIFIED.,.F.,.F.,(4,4),(-4.45479003225026,-0.0500112324447457),
 .UNSPECIFIED.);
#1258=B_SPLINE_CURVE_WITH_KNOTS('',3,(#4994,#4995,#4996,#4997,#4998,#4999,
#5000),.UNSPECIFIED.,.F.,.F.,(4,3,4),(-12.5885565368221,-11.1467161433254,
-10.2018847120412),.UNSPECIFIED.);
#1259=B_SPLINE_CURVE_WITH_KNOTS('',3,(#5003,#5004,#5005,#5006,#5007,#5008),
 .UNSPECIFIED.,.F.,.F.,(4,2,4),(-3.71817315375676,-1.85908657687838,0.),
 .UNSPECIFIED.);
#1260=B_SPLINE_CURVE_WITH_KNOTS('',3,(#5009,#5010,#5011,#5012,#5013,#5014),
 .UNSPECIFIED.,.F.,.F.,(4,2,4),(-3.71817315375676,-1.85908657687838,0.),
 .UNSPECIFIED.);
#1261=B_SPLINE_CURVE_WITH_KNOTS('',3,(#5032,#5033,#5034,#5035),
 .UNSPECIFIED.,.F.,.F.,(4,4),(0.,0.370391756809916),.UNSPECIFIED.);
#1262=B_SPLINE_CURVE_WITH_KNOTS('',3,(#5038,#5039,#5040,#5041),
 .UNSPECIFIED.,.F.,.F.,(4,4),(0.,0.370391756809985),.UNSPECIFIED.);
#1263=B_SPLINE_CURVE_WITH_KNOTS('',3,(#5060,#5061,#5062,#5063),
 .UNSPECIFIED.,.F.,.F.,(4,4),(0.,0.370391756809916),.UNSPECIFIED.);
#1264=B_SPLINE_CURVE_WITH_KNOTS('',3,(#5081,#5082,#5083,#5084),
 .UNSPECIFIED.,.F.,.F.,(4,4),(0.,0.370391756809895),.UNSPECIFIED.);
#1265=B_SPLINE_CURVE_WITH_KNOTS('',3,(#5120,#5121,#5122,#5123),
 .UNSPECIFIED.,.F.,.F.,(4,4),(0.,0.134533463211235),.UNSPECIFIED.);
#1266=B_SPLINE_CURVE_WITH_KNOTS('',3,(#5183,#5184,#5185,#5186),
 .UNSPECIFIED.,.F.,.F.,(4,4),(0.,0.370391756813057),.UNSPECIFIED.);
#1267=B_SPLINE_CURVE_WITH_KNOTS('',3,(#5197,#5198,#5199,#5200),
 .UNSPECIFIED.,.F.,.F.,(4,4),(-0.423880484451951,-0.05),.UNSPECIFIED.);
#1268=B_SPLINE_CURVE_WITH_KNOTS('',3,(#5216,#5217,#5218,#5219),
 .UNSPECIFIED.,.F.,.F.,(4,4),(-16.4517553479148,-10.1509920746508),
 .UNSPECIFIED.);
#1269=B_SPLINE_CURVE_WITH_KNOTS('',3,(#5222,#5223,#5224,#5225),
 .UNSPECIFIED.,.F.,.F.,(4,4),(-4.14071905594856,-0.0501735778311794),
 .UNSPECIFIED.);
#1270=B_SPLINE_CURVE_WITH_KNOTS('',3,(#5278,#5279,#5280,#5281,#5282,#5283,
#5284),.UNSPECIFIED.,.F.,.F.,(4,3,4),(-12.5885565368221,-11.1467161433254,
-10.2018847120412),.UNSPECIFIED.);
#1271=B_SPLINE_CURVE_WITH_KNOTS('',3,(#5288,#5289,#5290,#5291),
 .UNSPECIFIED.,.F.,.F.,(4,4),(-4.45495665536839,-0.0501813933255022),
 .UNSPECIFIED.);
#1272=B_SPLINE_CURVE_WITH_KNOTS('',3,(#5308,#5309,#5310,#5311),
 .UNSPECIFIED.,.F.,.F.,(4,4),(-0.549999999999999,-0.0499999999999999),
 .UNSPECIFIED.);
#1273=B_SPLINE_CURVE_WITH_KNOTS('',3,(#5902,#5903,#5904,#5905),
 .UNSPECIFIED.,.F.,.F.,(4,4),(0.,0.370391756813057),.UNSPECIFIED.);
#1274=VERTEX_POINT('',#4101);
#1275=VERTEX_POINT('',#4102);
#1276=VERTEX_POINT('',#4109);
#1277=VERTEX_POINT('',#4114);
#1278=VERTEX_POINT('',#4116);
#1279=VERTEX_POINT('',#4121);
#1280=VERTEX_POINT('',#4128);
#1281=VERTEX_POINT('',#4135);
#1282=VERTEX_POINT('',#4140);
#1283=VERTEX_POINT('',#4145);
#1284=VERTEX_POINT('',#4150);
#1285=VERTEX_POINT('',#4157);
#1286=VERTEX_POINT('',#4162);
#1287=VERTEX_POINT('',#4169);
#1288=VERTEX_POINT('',#4176);
#1289=VERTEX_POINT('',#4183);
#1290=VERTEX_POINT('',#4190);
#1291=VERTEX_POINT('',#4197);
#1292=VERTEX_POINT('',#4204);
#1293=VERTEX_POINT('',#4211);
#1294=VERTEX_POINT('',#4218);
#1295=VERTEX_POINT('',#4223);
#1296=VERTEX_POINT('',#4230);
#1297=VERTEX_POINT('',#4235);
#1298=VERTEX_POINT('',#4240);
#1299=VERTEX_POINT('',#4267);
#1300=VERTEX_POINT('',#4272);
#1301=VERTEX_POINT('',#4294);
#1302=VERTEX_POINT('',#4316);
#1303=VERTEX_POINT('',#4325);
#1304=VERTEX_POINT('',#4330);
#1305=VERTEX_POINT('',#4335);
#1306=VERTEX_POINT('',#4340);
#1307=VERTEX_POINT('',#4345);
#1308=VERTEX_POINT('',#4350);
#1309=VERTEX_POINT('',#4355);
#1310=VERTEX_POINT('',#4360);
#1311=VERTEX_POINT('',#4365);
#1312=VERTEX_POINT('',#4370);
#1313=VERTEX_POINT('',#4375);
#1314=VERTEX_POINT('',#4380);
#1315=VERTEX_POINT('',#4385);
#1316=VERTEX_POINT('',#4390);
#1317=VERTEX_POINT('',#4395);
#1318=VERTEX_POINT('',#4425);
#1319=VERTEX_POINT('',#4451);
#1320=VERTEX_POINT('',#4462);
#1321=VERTEX_POINT('',#4467);
#1322=VERTEX_POINT('',#4472);
#1323=VERTEX_POINT('',#4477);
#1324=VERTEX_POINT('',#4500);
#1325=VERTEX_POINT('',#4522);
#1326=VERTEX_POINT('',#4527);
#1327=VERTEX_POINT('',#4529);
#1328=VERTEX_POINT('',#4531);
#1329=VERTEX_POINT('',#4533);
#1330=VERTEX_POINT('',#4535);
#1331=VERTEX_POINT('',#4537);
#1332=VERTEX_POINT('',#4539);
#1333=VERTEX_POINT('',#4541);
#1334=VERTEX_POINT('',#4546);
#1335=VERTEX_POINT('',#4551);
#1336=VERTEX_POINT('',#4556);
#1337=VERTEX_POINT('',#4561);
#1338=VERTEX_POINT('',#4566);
#1339=VERTEX_POINT('',#4571);
#1340=VERTEX_POINT('',#4576);
#1341=VERTEX_POINT('',#4581);
#1342=VERTEX_POINT('',#4586);
#1343=VERTEX_POINT('',#4591);
#1344=VERTEX_POINT('',#4596);
#1345=VERTEX_POINT('',#4601);
#1346=VERTEX_POINT('',#4606);
#1347=VERTEX_POINT('',#4631);
#1348=VERTEX_POINT('',#4636);
#1349=VERTEX_POINT('',#4655);
#1350=VERTEX_POINT('',#4660);
#1351=VERTEX_POINT('',#4662);
#1352=VERTEX_POINT('',#4681);
#1353=VERTEX_POINT('',#4690);
#1354=VERTEX_POINT('',#4695);
#1355=VERTEX_POINT('',#4700);
#1356=VERTEX_POINT('',#4704);
#1357=VERTEX_POINT('',#4730);
#1358=VERTEX_POINT('',#4735);
#1359=VERTEX_POINT('',#4737);
#1360=VERTEX_POINT('',#4754);
#1361=VERTEX_POINT('',#4755);
#1362=VERTEX_POINT('',#4760);
#1363=VERTEX_POINT('',#4762);
#1364=VERTEX_POINT('',#4815);
#1365=VERTEX_POINT('',#4820);
#1366=VERTEX_POINT('',#4834);
#1367=VERTEX_POINT('',#4839);
#1368=VERTEX_POINT('',#4867);
#1369=VERTEX_POINT('',#4872);
#1370=VERTEX_POINT('',#4886);
#1371=VERTEX_POINT('',#4891);
#1372=VERTEX_POINT('',#4924);
#1373=VERTEX_POINT('',#4935);
#1374=VERTEX_POINT('',#4944);
#1375=VERTEX_POINT('',#4946);
#1376=VERTEX_POINT('',#4948);
#1377=VERTEX_POINT('',#4950);
#1378=VERTEX_POINT('',#4952);
#1379=VERTEX_POINT('',#4954);
#1380=VERTEX_POINT('',#4956);
#1381=VERTEX_POINT('',#4978);
#1382=VERTEX_POINT('',#4984);
#1383=VERTEX_POINT('',#4989);
#1384=VERTEX_POINT('',#5002);
#1385=VERTEX_POINT('',#5031);
#1386=VERTEX_POINT('',#5036);
#1387=VERTEX_POINT('',#5058);
#1388=VERTEX_POINT('',#5080);
#1389=VERTEX_POINT('',#5119);
#1390=VERTEX_POINT('',#5124);
#1391=VERTEX_POINT('',#5126);
#1392=VERTEX_POINT('',#5128);
#1393=VERTEX_POINT('',#5130);
#1394=VERTEX_POINT('',#5132);
#1395=VERTEX_POINT('',#5134);
#1396=VERTEX_POINT('',#5153);
#1397=VERTEX_POINT('',#5155);
#1398=VERTEX_POINT('',#5157);
#1399=VERTEX_POINT('',#5159);
#1400=VERTEX_POINT('',#5161);
#1401=VERTEX_POINT('',#5163);
#1402=VERTEX_POINT('',#5182);
#1403=VERTEX_POINT('',#5187);
#1404=VERTEX_POINT('',#5189);
#1405=VERTEX_POINT('',#5195);
#1406=VERTEX_POINT('',#5215);
#1407=VERTEX_POINT('',#5276);
#1408=VERTEX_POINT('',#5286);
#1409=VERTEX_POINT('',#5316);
#1410=VERTEX_POINT('',#5317);
#1411=VERTEX_POINT('',#5322);
#1412=VERTEX_POINT('',#5326);
#1413=VERTEX_POINT('',#5328);
#1414=VERTEX_POINT('',#5332);
#1415=VERTEX_POINT('',#5337);
#1416=VERTEX_POINT('',#5341);
#1417=VERTEX_POINT('',#5345);
#1418=VERTEX_POINT('',#5351);
#1419=VERTEX_POINT('',#5352);
#1420=VERTEX_POINT('',#5354);
#1421=VERTEX_POINT('',#5356);
#1422=VERTEX_POINT('',#5359);
#1423=VERTEX_POINT('',#5360);
#1424=VERTEX_POINT('',#5362);
#1425=VERTEX_POINT('',#5364);
#1426=VERTEX_POINT('',#5367);
#1427=VERTEX_POINT('',#5368);
#1428=VERTEX_POINT('',#5370);
#1429=VERTEX_POINT('',#5372);
#1430=VERTEX_POINT('',#5375);
#1431=VERTEX_POINT('',#5376);
#1432=VERTEX_POINT('',#5378);
#1433=VERTEX_POINT('',#5380);
#1434=VERTEX_POINT('',#5383);
#1435=VERTEX_POINT('',#5384);
#1436=VERTEX_POINT('',#5386);
#1437=VERTEX_POINT('',#5388);
#1438=VERTEX_POINT('',#5391);
#1439=VERTEX_POINT('',#5392);
#1440=VERTEX_POINT('',#5394);
#1441=VERTEX_POINT('',#5396);
#1442=VERTEX_POINT('',#5399);
#1443=VERTEX_POINT('',#5400);
#1444=VERTEX_POINT('',#5402);
#1445=VERTEX_POINT('',#5404);
#1446=VERTEX_POINT('',#5406);
#1447=VERTEX_POINT('',#5409);
#1448=VERTEX_POINT('',#5410);
#1449=VERTEX_POINT('',#5412);
#1450=VERTEX_POINT('',#5414);
#1451=VERTEX_POINT('',#5416);
#1452=VERTEX_POINT('',#5419);
#1453=VERTEX_POINT('',#5420);
#1454=VERTEX_POINT('',#5422);
#1455=VERTEX_POINT('',#5424);
#1456=VERTEX_POINT('',#5426);
#1457=VERTEX_POINT('',#5429);
#1458=VERTEX_POINT('',#5430);
#1459=VERTEX_POINT('',#5432);
#1460=VERTEX_POINT('',#5434);
#1461=VERTEX_POINT('',#5436);
#1462=VERTEX_POINT('',#5439);
#1463=VERTEX_POINT('',#5440);
#1464=VERTEX_POINT('',#5442);
#1465=VERTEX_POINT('',#5444);
#1466=VERTEX_POINT('',#5446);
#1467=VERTEX_POINT('',#5449);
#1468=VERTEX_POINT('',#5450);
#1469=VERTEX_POINT('',#5452);
#1470=VERTEX_POINT('',#5454);
#1471=VERTEX_POINT('',#5456);
#1472=VERTEX_POINT('',#5459);
#1473=VERTEX_POINT('',#5460);
#1474=VERTEX_POINT('',#5462);
#1475=VERTEX_POINT('',#5464);
#1476=VERTEX_POINT('',#5466);
#1477=VERTEX_POINT('',#5469);
#1478=VERTEX_POINT('',#5470);
#1479=VERTEX_POINT('',#5472);
#1480=VERTEX_POINT('',#5474);
#1481=VERTEX_POINT('',#5476);
#1482=VERTEX_POINT('',#5479);
#1483=VERTEX_POINT('',#5480);
#1484=VERTEX_POINT('',#5482);
#1485=VERTEX_POINT('',#5484);
#1486=VERTEX_POINT('',#5486);
#1487=VERTEX_POINT('',#5489);
#1488=VERTEX_POINT('',#5490);
#1489=VERTEX_POINT('',#5492);
#1490=VERTEX_POINT('',#5494);
#1491=VERTEX_POINT('',#5496);
#1492=VERTEX_POINT('',#5499);
#1493=VERTEX_POINT('',#5500);
#1494=VERTEX_POINT('',#5502);
#1495=VERTEX_POINT('',#5504);
#1496=VERTEX_POINT('',#5506);
#1497=VERTEX_POINT('',#5509);
#1498=VERTEX_POINT('',#5510);
#1499=VERTEX_POINT('',#5512);
#1500=VERTEX_POINT('',#5514);
#1501=VERTEX_POINT('',#5516);
#1502=VERTEX_POINT('',#5519);
#1503=VERTEX_POINT('',#5520);
#1504=VERTEX_POINT('',#5522);
#1505=VERTEX_POINT('',#5524);
#1506=VERTEX_POINT('',#5527);
#1507=VERTEX_POINT('',#5528);
#1508=VERTEX_POINT('',#5530);
#1509=VERTEX_POINT('',#5532);
#1510=VERTEX_POINT('',#5534);
#1511=VERTEX_POINT('',#5537);
#1512=VERTEX_POINT('',#5538);
#1513=VERTEX_POINT('',#5540);
#1514=VERTEX_POINT('',#5542);
#1515=VERTEX_POINT('',#5546);
#1516=VERTEX_POINT('',#5548);
#1517=VERTEX_POINT('',#5550);
#1518=VERTEX_POINT('',#5553);
#1519=VERTEX_POINT('',#5555);
#1520=VERTEX_POINT('',#5557);
#1521=VERTEX_POINT('',#5560);
#1522=VERTEX_POINT('',#5562);
#1523=VERTEX_POINT('',#5564);
#1524=VERTEX_POINT('',#5567);
#1525=VERTEX_POINT('',#5570);
#1526=VERTEX_POINT('',#5573);
#1527=VERTEX_POINT('',#5575);
#1528=VERTEX_POINT('',#5577);
#1529=VERTEX_POINT('',#5580);
#1530=VERTEX_POINT('',#5582);
#1531=VERTEX_POINT('',#5584);
#1532=VERTEX_POINT('',#5587);
#1533=VERTEX_POINT('',#5589);
#1534=VERTEX_POINT('',#5591);
#1535=VERTEX_POINT('',#5594);
#1536=VERTEX_POINT('',#5596);
#1537=VERTEX_POINT('',#5598);
#1538=VERTEX_POINT('',#5601);
#1539=VERTEX_POINT('',#5603);
#1540=VERTEX_POINT('',#5605);
#1541=VERTEX_POINT('',#5608);
#1542=VERTEX_POINT('',#5610);
#1543=VERTEX_POINT('',#5612);
#1544=VERTEX_POINT('',#5615);
#1545=VERTEX_POINT('',#5617);
#1546=VERTEX_POINT('',#5619);
#1547=VERTEX_POINT('',#5623);
#1548=VERTEX_POINT('',#5625);
#1549=VERTEX_POINT('',#5627);
#1550=VERTEX_POINT('',#5630);
#1551=VERTEX_POINT('',#5632);
#1552=VERTEX_POINT('',#5634);
#1553=VERTEX_POINT('',#5637);
#1554=VERTEX_POINT('',#5639);
#1555=VERTEX_POINT('',#5641);
#1556=VERTEX_POINT('',#5644);
#1557=VERTEX_POINT('',#5645);
#1558=VERTEX_POINT('',#5647);
#1559=VERTEX_POINT('',#5649);
#1560=VERTEX_POINT('',#5652);
#1561=VERTEX_POINT('',#5653);
#1562=VERTEX_POINT('',#5655);
#1563=VERTEX_POINT('',#5657);
#1564=VERTEX_POINT('',#5660);
#1565=VERTEX_POINT('',#5661);
#1566=VERTEX_POINT('',#5663);
#1567=VERTEX_POINT('',#5665);
#1568=VERTEX_POINT('',#5668);
#1569=VERTEX_POINT('',#5669);
#1570=VERTEX_POINT('',#5671);
#1571=VERTEX_POINT('',#5673);
#1572=VERTEX_POINT('',#5676);
#1573=VERTEX_POINT('',#5677);
#1574=VERTEX_POINT('',#5679);
#1575=VERTEX_POINT('',#5681);
#1576=VERTEX_POINT('',#5684);
#1577=VERTEX_POINT('',#5685);
#1578=VERTEX_POINT('',#5687);
#1579=VERTEX_POINT('',#5689);
#1580=EDGE_CURVE('',#1274,#1275,#1157,.T.);
#1581=EDGE_CURVE('',#1276,#1274,#1158,.T.);
#1582=EDGE_CURVE('',#1277,#1276,#437,.T.);
#1583=EDGE_CURVE('',#1278,#1277,#1159,.T.);
#1584=EDGE_CURVE('',#1279,#1278,#1160,.T.);
#1585=EDGE_CURVE('',#1280,#1279,#1161,.T.);
#1586=EDGE_CURVE('',#1281,#1280,#1162,.T.);
#1587=EDGE_CURVE('',#1282,#1281,#1163,.T.);
#1588=EDGE_CURVE('',#1283,#1282,#1164,.T.);
#1589=EDGE_CURVE('',#1284,#1283,#1165,.T.);
#1590=EDGE_CURVE('',#1285,#1284,#1166,.T.);
#1591=EDGE_CURVE('',#1286,#1285,#1167,.T.);
#1592=EDGE_CURVE('',#1287,#1286,#1168,.T.);
#1593=EDGE_CURVE('',#1288,#1287,#1169,.T.);
#1594=EDGE_CURVE('',#1289,#1288,#1170,.T.);
#1595=EDGE_CURVE('',#1290,#1289,#1171,.T.);
#1596=EDGE_CURVE('',#1291,#1290,#1172,.T.);
#1597=EDGE_CURVE('',#1292,#1291,#1173,.T.);
#1598=EDGE_CURVE('',#1293,#1292,#1174,.T.);
#1599=EDGE_CURVE('',#1294,#1293,#1175,.T.);
#1600=EDGE_CURVE('',#1295,#1294,#1176,.T.);
#1601=EDGE_CURVE('',#1296,#1295,#1177,.T.);
#1602=EDGE_CURVE('',#1297,#1296,#1178,.T.);
#1603=EDGE_CURVE('',#1298,#1297,#1179,.T.);
#1604=EDGE_CURVE('',#1275,#1298,#1180,.T.);
#1605=EDGE_CURVE('',#1299,#1286,#1181,.T.);
#1606=EDGE_CURVE('',#1300,#1299,#438,.T.);
#1607=EDGE_CURVE('',#1300,#1287,#1182,.T.);
#1608=EDGE_CURVE('',#1301,#1285,#1183,.T.);
#1609=EDGE_CURVE('',#1299,#1301,#439,.T.);
#1610=EDGE_CURVE('',#1284,#1302,#1184,.T.);
#1611=EDGE_CURVE('',#1302,#1303,#1185,.T.);
#1612=EDGE_CURVE('',#1303,#1304,#1186,.T.);
#1613=EDGE_CURVE('',#1305,#1304,#1187,.T.);
#1614=EDGE_CURVE('',#1305,#1306,#1188,.T.);
#1615=EDGE_CURVE('',#1306,#1307,#1189,.T.);
#1616=EDGE_CURVE('',#1307,#1308,#1190,.T.);
#1617=EDGE_CURVE('',#1309,#1308,#1191,.T.);
#1618=EDGE_CURVE('',#1309,#1310,#1192,.T.);
#1619=EDGE_CURVE('',#1310,#1311,#1193,.T.);
#1620=EDGE_CURVE('',#1311,#1312,#1194,.T.);
#1621=EDGE_CURVE('',#1313,#1312,#1195,.T.);
#1622=EDGE_CURVE('',#1313,#1314,#1196,.T.);
#1623=EDGE_CURVE('',#1314,#1315,#1197,.T.);
#1624=EDGE_CURVE('',#1315,#1316,#1198,.T.);
#1625=EDGE_CURVE('',#1317,#1316,#1199,.T.);
#1626=EDGE_CURVE('',#1301,#1317,#440,.T.);
#1627=EDGE_CURVE('',#1283,#1318,#1200,.T.);
#1628=EDGE_CURVE('',#1302,#1318,#441,.T.);
#1629=EDGE_CURVE('',#1282,#1319,#1201,.T.);
#1630=EDGE_CURVE('',#1319,#1320,#1202,.T.);
#1631=EDGE_CURVE('',#1320,#1321,#1203,.T.);
#1632=EDGE_CURVE('',#1322,#1321,#1204,.T.);
#1633=EDGE_CURVE('',#1323,#1322,#1205,.T.);
#1634=EDGE_CURVE('',#1318,#1323,#1206,.T.);
#1635=EDGE_CURVE('',#1324,#1281,#1207,.T.);
#1636=EDGE_CURVE('',#1319,#1324,#442,.T.);
#1637=EDGE_CURVE('',#1325,#1280,#1208,.T.);
#1638=EDGE_CURVE('',#1326,#1325,#443,.T.);
#1639=EDGE_CURVE('',#1327,#1326,#444,.T.);
#1640=EDGE_CURVE('',#1328,#1327,#445,.T.);
#1641=EDGE_CURVE('',#1329,#1328,#446,.T.);
#1642=EDGE_CURVE('',#1330,#1329,#447,.T.);
#1643=EDGE_CURVE('',#1331,#1330,#448,.T.);
#1644=EDGE_CURVE('',#1332,#1331,#449,.T.);
#1645=EDGE_CURVE('',#1332,#1333,#1209,.T.);
#1646=EDGE_CURVE('',#1333,#1334,#1210,.T.);
#1647=EDGE_CURVE('',#1334,#1335,#1211,.T.);
#1648=EDGE_CURVE('',#1335,#1336,#1212,.T.);
#1649=EDGE_CURVE('',#1336,#1337,#1213,.T.);
#1650=EDGE_CURVE('',#1337,#1338,#1214,.T.);
#1651=EDGE_CURVE('',#1338,#1339,#1215,.T.);
#1652=EDGE_CURVE('',#1339,#1340,#1216,.T.);
#1653=EDGE_CURVE('',#1340,#1341,#1217,.T.);
#1654=EDGE_CURVE('',#1341,#1342,#1218,.T.);
#1655=EDGE_CURVE('',#1342,#1343,#1219,.T.);
#1656=EDGE_CURVE('',#1343,#1344,#1220,.T.);
#1657=EDGE_CURVE('',#1344,#1345,#1221,.T.);
#1658=EDGE_CURVE('',#1345,#1346,#1222,.T.);
#1659=EDGE_CURVE('',#1346,#1324,#1223,.T.);
#1660=EDGE_CURVE('',#1347,#1279,#1224,.T.);
#1661=EDGE_CURVE('',#1348,#1347,#450,.T.);
#1662=EDGE_CURVE('',#1325,#1348,#451,.T.);
#1663=EDGE_CURVE('',#1349,#1278,#1225,.T.);
#1664=EDGE_CURVE('',#1350,#1349,#452,.T.);
#1665=EDGE_CURVE('',#1351,#1350,#453,.T.);
#1666=EDGE_CURVE('',#1347,#1351,#454,.T.);
#1667=EDGE_CURVE('',#1277,#1352,#1226,.T.);
#1668=EDGE_CURVE('',#1352,#1353,#1227,.T.);
#1669=EDGE_CURVE('',#1354,#1353,#1228,.T.);
#1670=EDGE_CURVE('',#1355,#1354,#455,.T.);
#1671=EDGE_CURVE('',#1349,#1355,#456,.T.);
#1672=EDGE_CURVE('',#1356,#1276,#1229,.T.);
#1673=EDGE_CURVE('',#1352,#1356,#457,.T.);
#1674=EDGE_CURVE('',#1357,#1274,#1230,.T.);
#1675=EDGE_CURVE('',#1357,#1358,#458,.T.);
#1676=EDGE_CURVE('',#1358,#1359,#1231,.T.);
#1677=EDGE_CURVE('',#1359,#1356,#1232,.T.);
#1678=EDGE_CURVE('',#1360,#1361,#1233,.T.);
#1679=EDGE_CURVE('',#1360,#1362,#459,.T.);
#1680=EDGE_CURVE('',#1363,#1362,#1234,.T.);
#1681=EDGE_CURVE('',#1361,#1363,#460,.T.);
#1682=EDGE_CURVE('',#1361,#1305,#1235,.T.);
#1683=EDGE_CURVE('',#1344,#1363,#1236,.T.);
#1684=EDGE_CURVE('',#1305,#1344,#461,.T.);
#1685=EDGE_CURVE('',#1306,#1343,#462,.T.);
#1686=EDGE_CURVE('',#1307,#1342,#463,.T.);
#1687=EDGE_CURVE('',#1308,#1341,#464,.T.);
#1688=EDGE_CURVE('',#1308,#1360,#1237,.T.);
#1689=EDGE_CURVE('',#1362,#1341,#1238,.T.);
#1690=EDGE_CURVE('',#1309,#1340,#465,.T.);
#1691=EDGE_CURVE('',#1310,#1339,#466,.T.);
#1692=EDGE_CURVE('',#1311,#1338,#467,.T.);
#1693=EDGE_CURVE('',#1312,#1337,#468,.T.);
#1694=EDGE_CURVE('',#1312,#1364,#1239,.T.);
#1695=EDGE_CURVE('',#1365,#1337,#1240,.T.);
#1696=EDGE_CURVE('',#1364,#1365,#469,.T.);
#1697=EDGE_CURVE('',#1364,#1366,#1241,.T.);
#1698=EDGE_CURVE('',#1367,#1365,#1242,.T.);
#1699=EDGE_CURVE('',#1366,#1367,#470,.T.);
#1700=EDGE_CURVE('',#1366,#1309,#1243,.T.);
#1701=EDGE_CURVE('',#1340,#1367,#1244,.T.);
#1702=EDGE_CURVE('',#1314,#1335,#471,.T.);
#1703=EDGE_CURVE('',#1315,#1334,#472,.T.);
#1704=EDGE_CURVE('',#1316,#1333,#473,.T.);
#1705=EDGE_CURVE('',#1316,#1368,#1245,.T.);
#1706=EDGE_CURVE('',#1369,#1333,#1246,.T.);
#1707=EDGE_CURVE('',#1368,#1369,#474,.T.);
#1708=EDGE_CURVE('',#1368,#1370,#1247,.T.);
#1709=EDGE_CURVE('',#1371,#1369,#1248,.T.);
#1710=EDGE_CURVE('',#1370,#1371,#475,.T.);
#1711=EDGE_CURVE('',#1370,#1313,#1249,.T.);
#1712=EDGE_CURVE('',#1336,#1371,#1250,.T.);
#1713=EDGE_CURVE('',#1313,#1336,#476,.T.);
#1714=EDGE_CURVE('',#1297,#1372,#1251,.T.);
#1715=EDGE_CURVE('',#1372,#1373,#1252,.T.);
#1716=EDGE_CURVE('',#1373,#1345,#1253,.T.);
#1717=EDGE_CURVE('',#1332,#1374,#477,.T.);
#1718=EDGE_CURVE('',#1374,#1375,#478,.T.);
#1719=EDGE_CURVE('',#1375,#1376,#479,.T.);
#1720=EDGE_CURVE('',#1376,#1377,#480,.T.);
#1721=EDGE_CURVE('',#1377,#1378,#481,.T.);
#1722=EDGE_CURVE('',#1378,#1379,#482,.T.);
#1723=EDGE_CURVE('',#1379,#1380,#483,.T.);
#1724=EDGE_CURVE('',#1380,#1298,#1254,.T.);
#1725=EDGE_CURVE('',#1381,#1293,#1255,.T.);
#1726=EDGE_CURVE('',#1381,#1317,#484,.T.);
#1727=EDGE_CURVE('',#1304,#1382,#1256,.T.);
#1728=EDGE_CURVE('',#1382,#1383,#1257,.T.);
#1729=EDGE_CURVE('',#1383,#1294,#1258,.T.);
#1730=EDGE_CURVE('',#1384,#1359,#1259,.T.);
#1731=EDGE_CURVE('',#1353,#1384,#1260,.T.);
#1732=EDGE_CURVE('',#1385,#1290,#1261,.T.);
#1733=EDGE_CURVE('',#1385,#1386,#485,.T.);
#1734=EDGE_CURVE('',#1386,#1291,#1262,.T.);
#1735=EDGE_CURVE('',#1387,#1300,#486,.T.);
#1736=EDGE_CURVE('',#1387,#1288,#1263,.T.);
#1737=EDGE_CURVE('',#1388,#1289,#1264,.T.);
#1738=EDGE_CURVE('',#1388,#1385,#487,.T.);
#1739=EDGE_CURVE('',#1388,#1387,#488,.T.);
#1740=EDGE_CURVE('',#1389,#1384,#1265,.T.);
#1741=EDGE_CURVE('',#1390,#1389,#489,.T.);
#1742=EDGE_CURVE('',#1391,#1390,#490,.T.);
#1743=EDGE_CURVE('',#1392,#1391,#491,.T.);
#1744=EDGE_CURVE('',#1393,#1392,#492,.T.);
#1745=EDGE_CURVE('',#1394,#1393,#493,.T.);
#1746=EDGE_CURVE('',#1395,#1394,#494,.T.);
#1747=EDGE_CURVE('',#1354,#1395,#495,.T.);
#1748=EDGE_CURVE('',#1358,#1396,#496,.T.);
#1749=EDGE_CURVE('',#1396,#1397,#497,.T.);
#1750=EDGE_CURVE('',#1397,#1398,#498,.T.);
#1751=EDGE_CURVE('',#1398,#1399,#499,.T.);
#1752=EDGE_CURVE('',#1399,#1400,#500,.T.);
#1753=EDGE_CURVE('',#1400,#1401,#501,.T.);
#1754=EDGE_CURVE('',#1401,#1389,#502,.T.);
#1755=EDGE_CURVE('',#1402,#1275,#1266,.T.);
#1756=EDGE_CURVE('',#1402,#1403,#503,.T.);
#1757=EDGE_CURVE('',#1403,#1404,#504,.T.);
#1758=EDGE_CURVE('',#1404,#1357,#505,.T.);
#1759=EDGE_CURVE('',#1320,#1346,#506,.T.);
#1760=EDGE_CURVE('',#1405,#1373,#507,.T.);
#1761=EDGE_CURVE('',#1321,#1405,#1267,.T.);
#1762=EDGE_CURVE('',#1406,#1296,#1268,.T.);
#1763=EDGE_CURVE('',#1406,#1372,#508,.T.);
#1764=EDGE_CURVE('',#1405,#1406,#1269,.T.);
#1765=EDGE_CURVE('',#1383,#1407,#509,.T.);
#1766=EDGE_CURVE('',#1407,#1295,#1270,.T.);
#1767=EDGE_CURVE('',#1382,#1408,#510,.T.);
#1768=EDGE_CURVE('',#1408,#1407,#1271,.T.);
#1769=EDGE_CURVE('',#1322,#1408,#1272,.T.);
#1770=EDGE_CURVE('',#1303,#1323,#511,.T.);
#1771=EDGE_CURVE('',#1409,#1410,#512,.T.);
#1772=EDGE_CURVE('',#1410,#1385,#42,.T.);
#1773=EDGE_CURVE('',#1409,#1387,#43,.T.);
#1774=EDGE_CURVE('',#1410,#1411,#513,.T.);
#1775=EDGE_CURVE('',#1411,#1386,#44,.T.);
#1776=EDGE_CURVE('',#1411,#1412,#514,.T.);
#1777=EDGE_CURVE('',#1412,#1413,#45,.T.);
#1778=EDGE_CURVE('',#1386,#1413,#515,.T.);
#1779=EDGE_CURVE('',#1412,#1414,#516,.T.);
#1780=EDGE_CURVE('',#1414,#1381,#46,.T.);
#1781=EDGE_CURVE('',#1413,#1381,#517,.T.);
#1782=EDGE_CURVE('',#1414,#1415,#518,.T.);
#1783=EDGE_CURVE('',#1415,#1301,#47,.T.);
#1784=EDGE_CURVE('',#1415,#1416,#519,.T.);
#1785=EDGE_CURVE('',#1416,#1299,#48,.T.);
#1786=EDGE_CURVE('',#1416,#1417,#520,.T.);
#1787=EDGE_CURVE('',#1417,#1300,#49,.T.);
#1788=EDGE_CURVE('',#1417,#1409,#521,.T.);
#1789=EDGE_CURVE('',#1418,#1419,#522,.T.);
#1790=EDGE_CURVE('',#1419,#1420,#523,.T.);
#1791=EDGE_CURVE('',#1420,#1421,#524,.T.);
#1792=EDGE_CURVE('',#1421,#1418,#525,.T.);
#1793=EDGE_CURVE('',#1422,#1423,#526,.T.);
#1794=EDGE_CURVE('',#1423,#1424,#527,.T.);
#1795=EDGE_CURVE('',#1424,#1425,#528,.T.);
#1796=EDGE_CURVE('',#1425,#1422,#529,.T.);
#1797=EDGE_CURVE('',#1426,#1427,#530,.T.);
#1798=EDGE_CURVE('',#1427,#1428,#531,.T.);
#1799=EDGE_CURVE('',#1428,#1429,#532,.T.);
#1800=EDGE_CURVE('',#1429,#1426,#533,.T.);
#1801=EDGE_CURVE('',#1430,#1431,#534,.T.);
#1802=EDGE_CURVE('',#1431,#1432,#535,.T.);
#1803=EDGE_CURVE('',#1432,#1433,#536,.T.);
#1804=EDGE_CURVE('',#1433,#1430,#537,.T.);
#1805=EDGE_CURVE('',#1434,#1435,#538,.T.);
#1806=EDGE_CURVE('',#1435,#1436,#539,.T.);
#1807=EDGE_CURVE('',#1436,#1437,#540,.T.);
#1808=EDGE_CURVE('',#1437,#1434,#541,.T.);
#1809=EDGE_CURVE('',#1438,#1439,#542,.T.);
#1810=EDGE_CURVE('',#1439,#1440,#543,.T.);
#1811=EDGE_CURVE('',#1440,#1441,#544,.T.);
#1812=EDGE_CURVE('',#1441,#1438,#545,.T.);
#1813=EDGE_CURVE('',#1442,#1443,#546,.T.);
#1814=EDGE_CURVE('',#1443,#1444,#547,.T.);
#1815=EDGE_CURVE('',#1444,#1445,#548,.T.);
#1816=EDGE_CURVE('',#1445,#1446,#549,.T.);
#1817=EDGE_CURVE('',#1446,#1442,#550,.T.);
#1818=EDGE_CURVE('',#1447,#1448,#551,.T.);
#1819=EDGE_CURVE('',#1448,#1449,#552,.T.);
#1820=EDGE_CURVE('',#1449,#1450,#553,.T.);
#1821=EDGE_CURVE('',#1450,#1451,#554,.T.);
#1822=EDGE_CURVE('',#1451,#1447,#555,.T.);
#1823=EDGE_CURVE('',#1452,#1453,#556,.T.);
#1824=EDGE_CURVE('',#1453,#1454,#557,.T.);
#1825=EDGE_CURVE('',#1454,#1455,#558,.T.);
#1826=EDGE_CURVE('',#1455,#1456,#559,.T.);
#1827=EDGE_CURVE('',#1456,#1452,#560,.T.);
#1828=EDGE_CURVE('',#1457,#1458,#561,.T.);
#1829=EDGE_CURVE('',#1458,#1459,#562,.T.);
#1830=EDGE_CURVE('',#1459,#1460,#563,.T.);
#1831=EDGE_CURVE('',#1460,#1461,#564,.T.);
#1832=EDGE_CURVE('',#1461,#1457,#565,.T.);
#1833=EDGE_CURVE('',#1462,#1463,#566,.T.);
#1834=EDGE_CURVE('',#1463,#1464,#567,.T.);
#1835=EDGE_CURVE('',#1464,#1465,#568,.T.);
#1836=EDGE_CURVE('',#1465,#1466,#569,.T.);
#1837=EDGE_CURVE('',#1466,#1462,#570,.T.);
#1838=EDGE_CURVE('',#1467,#1468,#571,.T.);
#1839=EDGE_CURVE('',#1468,#1469,#572,.T.);
#1840=EDGE_CURVE('',#1469,#1470,#573,.T.);
#1841=EDGE_CURVE('',#1470,#1471,#574,.T.);
#1842=EDGE_CURVE('',#1471,#1467,#575,.T.);
#1843=EDGE_CURVE('',#1472,#1473,#576,.T.);
#1844=EDGE_CURVE('',#1473,#1474,#577,.T.);
#1845=EDGE_CURVE('',#1474,#1475,#578,.T.);
#1846=EDGE_CURVE('',#1475,#1476,#579,.T.);
#1847=EDGE_CURVE('',#1476,#1472,#580,.T.);
#1848=EDGE_CURVE('',#1477,#1478,#581,.T.);
#1849=EDGE_CURVE('',#1478,#1479,#582,.T.);
#1850=EDGE_CURVE('',#1479,#1480,#583,.T.);
#1851=EDGE_CURVE('',#1480,#1481,#584,.T.);
#1852=EDGE_CURVE('',#1481,#1477,#585,.T.);
#1853=EDGE_CURVE('',#1482,#1483,#586,.T.);
#1854=EDGE_CURVE('',#1483,#1484,#587,.T.);
#1855=EDGE_CURVE('',#1484,#1485,#588,.T.);
#1856=EDGE_CURVE('',#1485,#1486,#589,.T.);
#1857=EDGE_CURVE('',#1486,#1482,#590,.T.);
#1858=EDGE_CURVE('',#1487,#1488,#591,.T.);
#1859=EDGE_CURVE('',#1488,#1489,#592,.T.);
#1860=EDGE_CURVE('',#1489,#1490,#593,.T.);
#1861=EDGE_CURVE('',#1490,#1491,#594,.T.);
#1862=EDGE_CURVE('',#1491,#1487,#595,.T.);
#1863=EDGE_CURVE('',#1492,#1493,#596,.T.);
#1864=EDGE_CURVE('',#1493,#1494,#597,.T.);
#1865=EDGE_CURVE('',#1494,#1495,#598,.T.);
#1866=EDGE_CURVE('',#1495,#1496,#599,.T.);
#1867=EDGE_CURVE('',#1496,#1492,#600,.T.);
#1868=EDGE_CURVE('',#1497,#1498,#601,.T.);
#1869=EDGE_CURVE('',#1498,#1499,#602,.T.);
#1870=EDGE_CURVE('',#1499,#1500,#603,.T.);
#1871=EDGE_CURVE('',#1500,#1501,#604,.T.);
#1872=EDGE_CURVE('',#1501,#1497,#605,.T.);
#1873=EDGE_CURVE('',#1502,#1503,#606,.T.);
#1874=EDGE_CURVE('',#1503,#1504,#607,.T.);
#1875=EDGE_CURVE('',#1504,#1505,#608,.T.);
#1876=EDGE_CURVE('',#1505,#1502,#609,.T.);
#1877=EDGE_CURVE('',#1506,#1507,#610,.T.);
#1878=EDGE_CURVE('',#1507,#1508,#611,.T.);
#1879=EDGE_CURVE('',#1508,#1509,#612,.T.);
#1880=EDGE_CURVE('',#1509,#1510,#613,.T.);
#1881=EDGE_CURVE('',#1510,#1506,#614,.T.);
#1882=EDGE_CURVE('',#1511,#1512,#615,.T.);
#1883=EDGE_CURVE('',#1512,#1513,#616,.T.);
#1884=EDGE_CURVE('',#1513,#1514,#617,.T.);
#1885=EDGE_CURVE('',#1514,#1511,#618,.T.);
#1886=EDGE_CURVE('',#1515,#1331,#619,.T.);
#1887=EDGE_CURVE('',#1516,#1515,#620,.T.);
#1888=EDGE_CURVE('',#1517,#1516,#621,.T.);
#1889=EDGE_CURVE('',#1330,#1517,#622,.T.);
#1890=EDGE_CURVE('',#1518,#1329,#623,.T.);
#1891=EDGE_CURVE('',#1519,#1518,#624,.T.);
#1892=EDGE_CURVE('',#1520,#1519,#625,.T.);
#1893=EDGE_CURVE('',#1328,#1520,#626,.T.);
#1894=EDGE_CURVE('',#1521,#1327,#627,.T.);
#1895=EDGE_CURVE('',#1522,#1521,#628,.T.);
#1896=EDGE_CURVE('',#1523,#1522,#629,.T.);
#1897=EDGE_CURVE('',#1326,#1523,#630,.T.);
#1898=EDGE_CURVE('',#1524,#1348,#631,.T.);
#1899=EDGE_CURVE('',#1351,#1524,#632,.T.);
#1900=EDGE_CURVE('',#1525,#1350,#633,.T.);
#1901=EDGE_CURVE('',#1355,#1525,#634,.T.);
#1902=EDGE_CURVE('',#1526,#1395,#635,.T.);
#1903=EDGE_CURVE('',#1527,#1526,#636,.T.);
#1904=EDGE_CURVE('',#1528,#1527,#637,.T.);
#1905=EDGE_CURVE('',#1394,#1528,#638,.T.);
#1906=EDGE_CURVE('',#1529,#1393,#639,.T.);
#1907=EDGE_CURVE('',#1530,#1529,#640,.T.);
#1908=EDGE_CURVE('',#1531,#1530,#641,.T.);
#1909=EDGE_CURVE('',#1392,#1531,#642,.T.);
#1910=EDGE_CURVE('',#1532,#1391,#643,.T.);
#1911=EDGE_CURVE('',#1533,#1532,#644,.T.);
#1912=EDGE_CURVE('',#1534,#1533,#645,.T.);
#1913=EDGE_CURVE('',#1390,#1534,#646,.T.);
#1914=EDGE_CURVE('',#1535,#1401,#647,.T.);
#1915=EDGE_CURVE('',#1536,#1535,#648,.T.);
#1916=EDGE_CURVE('',#1537,#1536,#649,.T.);
#1917=EDGE_CURVE('',#1400,#1537,#650,.T.);
#1918=EDGE_CURVE('',#1538,#1399,#651,.T.);
#1919=EDGE_CURVE('',#1539,#1538,#652,.T.);
#1920=EDGE_CURVE('',#1540,#1539,#653,.T.);
#1921=EDGE_CURVE('',#1398,#1540,#654,.T.);
#1922=EDGE_CURVE('',#1541,#1397,#655,.T.);
#1923=EDGE_CURVE('',#1542,#1541,#656,.T.);
#1924=EDGE_CURVE('',#1543,#1542,#657,.T.);
#1925=EDGE_CURVE('',#1396,#1543,#658,.T.);
#1926=EDGE_CURVE('',#1544,#1404,#659,.T.);
#1927=EDGE_CURVE('',#1545,#1544,#660,.T.);
#1928=EDGE_CURVE('',#1546,#1545,#661,.T.);
#1929=EDGE_CURVE('',#1403,#1546,#662,.T.);
#1930=EDGE_CURVE('',#1380,#1402,#663,.T.);
#1931=EDGE_CURVE('',#1547,#1379,#664,.T.);
#1932=EDGE_CURVE('',#1548,#1547,#665,.T.);
#1933=EDGE_CURVE('',#1549,#1548,#666,.T.);
#1934=EDGE_CURVE('',#1378,#1549,#667,.T.);
#1935=EDGE_CURVE('',#1550,#1377,#668,.T.);
#1936=EDGE_CURVE('',#1551,#1550,#669,.T.);
#1937=EDGE_CURVE('',#1552,#1551,#670,.T.);
#1938=EDGE_CURVE('',#1376,#1552,#671,.T.);
#1939=EDGE_CURVE('',#1553,#1375,#672,.T.);
#1940=EDGE_CURVE('',#1554,#1553,#673,.T.);
#1941=EDGE_CURVE('',#1555,#1554,#674,.T.);
#1942=EDGE_CURVE('',#1374,#1555,#675,.T.);
#1943=EDGE_CURVE('',#1556,#1557,#676,.T.);
#1944=EDGE_CURVE('',#1558,#1556,#677,.T.);
#1945=EDGE_CURVE('',#1559,#1558,#678,.T.);
#1946=EDGE_CURVE('',#1557,#1559,#679,.T.);
#1947=EDGE_CURVE('',#1560,#1561,#680,.T.);
#1948=EDGE_CURVE('',#1562,#1560,#681,.T.);
#1949=EDGE_CURVE('',#1563,#1562,#682,.T.);
#1950=EDGE_CURVE('',#1561,#1563,#683,.T.);
#1951=EDGE_CURVE('',#1564,#1565,#684,.T.);
#1952=EDGE_CURVE('',#1566,#1564,#685,.T.);
#1953=EDGE_CURVE('',#1567,#1566,#686,.T.);
#1954=EDGE_CURVE('',#1565,#1567,#687,.T.);
#1955=EDGE_CURVE('',#1568,#1569,#688,.T.);
#1956=EDGE_CURVE('',#1570,#1568,#689,.T.);
#1957=EDGE_CURVE('',#1571,#1570,#690,.T.);
#1958=EDGE_CURVE('',#1569,#1571,#691,.T.);
#1959=EDGE_CURVE('',#1572,#1573,#692,.T.);
#1960=EDGE_CURVE('',#1574,#1572,#693,.T.);
#1961=EDGE_CURVE('',#1575,#1574,#694,.T.);
#1962=EDGE_CURVE('',#1573,#1575,#695,.T.);
#1963=EDGE_CURVE('',#1576,#1577,#696,.T.);
#1964=EDGE_CURVE('',#1578,#1576,#697,.T.);
#1965=EDGE_CURVE('',#1579,#1578,#698,.T.);
#1966=EDGE_CURVE('',#1577,#1579,#699,.T.);
#1967=EDGE_CURVE('',#1556,#1418,#700,.T.);
#1968=EDGE_CURVE('',#1558,#1421,#701,.T.);
#1969=EDGE_CURVE('',#1559,#1420,#702,.T.);
#1970=EDGE_CURVE('',#1557,#1419,#703,.T.);
#1971=EDGE_CURVE('',#1515,#1470,#704,.T.);
#1972=EDGE_CURVE('',#1516,#1469,#705,.T.);
#1973=EDGE_CURVE('',#1517,#1468,#706,.T.);
#1974=EDGE_CURVE('',#1330,#1467,#707,.T.);
#1975=EDGE_CURVE('',#1331,#1471,#708,.T.);
#1976=EDGE_CURVE('',#1525,#1512,#709,.T.);
#1977=EDGE_CURVE('',#1355,#1511,#710,.T.);
#1978=EDGE_CURVE('',#1349,#1514,#711,.T.);
#1979=EDGE_CURVE('',#1350,#1513,#712,.T.);
#1980=EDGE_CURVE('',#1560,#1422,#713,.T.);
#1981=EDGE_CURVE('',#1562,#1425,#714,.T.);
#1982=EDGE_CURVE('',#1563,#1424,#715,.T.);
#1983=EDGE_CURVE('',#1561,#1423,#716,.T.);
#1984=EDGE_CURVE('',#1553,#1465,#717,.T.);
#1985=EDGE_CURVE('',#1554,#1464,#718,.T.);
#1986=EDGE_CURVE('',#1555,#1463,#719,.T.);
#1987=EDGE_CURVE('',#1374,#1462,#720,.T.);
#1988=EDGE_CURVE('',#1375,#1466,#721,.T.);
#1989=EDGE_CURVE('',#1550,#1455,#722,.T.);
#1990=EDGE_CURVE('',#1551,#1454,#723,.T.);
#1991=EDGE_CURVE('',#1552,#1453,#724,.T.);
#1992=EDGE_CURVE('',#1376,#1452,#725,.T.);
#1993=EDGE_CURVE('',#1377,#1456,#726,.T.);
#1994=EDGE_CURVE('',#1564,#1426,#727,.T.);
#1995=EDGE_CURVE('',#1566,#1429,#728,.T.);
#1996=EDGE_CURVE('',#1567,#1428,#729,.T.);
#1997=EDGE_CURVE('',#1565,#1427,#730,.T.);
#1998=EDGE_CURVE('',#1521,#1490,#731,.T.);
#1999=EDGE_CURVE('',#1522,#1489,#732,.T.);
#2000=EDGE_CURVE('',#1523,#1488,#733,.T.);
#2001=EDGE_CURVE('',#1326,#1487,#734,.T.);
#2002=EDGE_CURVE('',#1327,#1491,#735,.T.);
#2003=EDGE_CURVE('',#1524,#1503,#736,.T.);
#2004=EDGE_CURVE('',#1351,#1502,#737,.T.);
#2005=EDGE_CURVE('',#1347,#1505,#738,.T.);
#2006=EDGE_CURVE('',#1348,#1504,#739,.T.);
#2007=EDGE_CURVE('',#1568,#1430,#740,.T.);
#2008=EDGE_CURVE('',#1570,#1433,#741,.T.);
#2009=EDGE_CURVE('',#1571,#1432,#742,.T.);
#2010=EDGE_CURVE('',#1569,#1431,#743,.T.);
#2011=EDGE_CURVE('',#1572,#1434,#744,.T.);
#2012=EDGE_CURVE('',#1574,#1437,#745,.T.);
#2013=EDGE_CURVE('',#1575,#1436,#746,.T.);
#2014=EDGE_CURVE('',#1573,#1435,#747,.T.);
#2015=EDGE_CURVE('',#1542,#1460,#748,.T.);
#2016=EDGE_CURVE('',#1543,#1459,#749,.T.);
#2017=EDGE_CURVE('',#1396,#1458,#750,.T.);
#2018=EDGE_CURVE('',#1397,#1457,#751,.T.);
#2019=EDGE_CURVE('',#1541,#1461,#752,.T.);
#2020=EDGE_CURVE('',#1518,#1480,#753,.T.);
#2021=EDGE_CURVE('',#1519,#1479,#754,.T.);
#2022=EDGE_CURVE('',#1520,#1478,#755,.T.);
#2023=EDGE_CURVE('',#1328,#1477,#756,.T.);
#2024=EDGE_CURVE('',#1329,#1481,#757,.T.);
#2025=EDGE_CURVE('',#1527,#1509,#758,.T.);
#2026=EDGE_CURVE('',#1528,#1508,#759,.T.);
#2027=EDGE_CURVE('',#1394,#1507,#760,.T.);
#2028=EDGE_CURVE('',#1395,#1506,#761,.T.);
#2029=EDGE_CURVE('',#1526,#1510,#762,.T.);
#2030=EDGE_CURVE('',#1536,#1485,#763,.T.);
#2031=EDGE_CURVE('',#1537,#1484,#764,.T.);
#2032=EDGE_CURVE('',#1400,#1483,#765,.T.);
#2033=EDGE_CURVE('',#1401,#1482,#766,.T.);
#2034=EDGE_CURVE('',#1535,#1486,#767,.T.);
#2035=EDGE_CURVE('',#1547,#1450,#768,.T.);
#2036=EDGE_CURVE('',#1548,#1449,#769,.T.);
#2037=EDGE_CURVE('',#1549,#1448,#770,.T.);
#2038=EDGE_CURVE('',#1378,#1447,#771,.T.);
#2039=EDGE_CURVE('',#1379,#1451,#772,.T.);
#2040=EDGE_CURVE('',#1576,#1438,#773,.T.);
#2041=EDGE_CURVE('',#1578,#1441,#774,.T.);
#2042=EDGE_CURVE('',#1579,#1440,#775,.T.);
#2043=EDGE_CURVE('',#1577,#1439,#776,.T.);
#2044=EDGE_CURVE('',#1539,#1475,#777,.T.);
#2045=EDGE_CURVE('',#1540,#1474,#778,.T.);
#2046=EDGE_CURVE('',#1398,#1473,#779,.T.);
#2047=EDGE_CURVE('',#1399,#1472,#780,.T.);
#2048=EDGE_CURVE('',#1538,#1476,#781,.T.);
#2049=EDGE_CURVE('',#1530,#1500,#782,.T.);
#2050=EDGE_CURVE('',#1531,#1499,#783,.T.);
#2051=EDGE_CURVE('',#1392,#1498,#784,.T.);
#2052=EDGE_CURVE('',#1393,#1497,#785,.T.);
#2053=EDGE_CURVE('',#1529,#1501,#786,.T.);
#2054=EDGE_CURVE('',#1533,#1495,#787,.T.);
#2055=EDGE_CURVE('',#1534,#1494,#788,.T.);
#2056=EDGE_CURVE('',#1390,#1493,#789,.T.);
#2057=EDGE_CURVE('',#1391,#1492,#790,.T.);
#2058=EDGE_CURVE('',#1532,#1496,#791,.T.);
#2059=EDGE_CURVE('',#1403,#1443,#792,.T.);
#2060=EDGE_CURVE('',#1404,#1442,#793,.T.);
#2061=EDGE_CURVE('',#1544,#1446,#794,.T.);
#2062=EDGE_CURVE('',#1545,#1445,#795,.T.);
#2063=EDGE_CURVE('',#1546,#1444,#796,.T.);
#2064=EDGE_CURVE('',#1413,#1292,#1273,.T.);
#2065=ORIENTED_EDGE('',*,*,#1580,.F.);
#2066=ORIENTED_EDGE('',*,*,#1581,.F.);
#2067=ORIENTED_EDGE('',*,*,#1582,.F.);
#2068=ORIENTED_EDGE('',*,*,#1583,.F.);
#2069=ORIENTED_EDGE('',*,*,#1584,.F.);
#2070=ORIENTED_EDGE('',*,*,#1585,.F.);
#2071=ORIENTED_EDGE('',*,*,#1586,.F.);
#2072=ORIENTED_EDGE('',*,*,#1587,.F.);
#2073=ORIENTED_EDGE('',*,*,#1588,.F.);
#2074=ORIENTED_EDGE('',*,*,#1589,.F.);
#2075=ORIENTED_EDGE('',*,*,#1590,.F.);
#2076=ORIENTED_EDGE('',*,*,#1591,.F.);
#2077=ORIENTED_EDGE('',*,*,#1592,.F.);
#2078=ORIENTED_EDGE('',*,*,#1593,.F.);
#2079=ORIENTED_EDGE('',*,*,#1594,.F.);
#2080=ORIENTED_EDGE('',*,*,#1595,.F.);
#2081=ORIENTED_EDGE('',*,*,#1596,.F.);
#2082=ORIENTED_EDGE('',*,*,#1597,.F.);
#2083=ORIENTED_EDGE('',*,*,#1598,.F.);
#2084=ORIENTED_EDGE('',*,*,#1599,.F.);
#2085=ORIENTED_EDGE('',*,*,#1600,.F.);
#2086=ORIENTED_EDGE('',*,*,#1601,.F.);
#2087=ORIENTED_EDGE('',*,*,#1602,.F.);
#2088=ORIENTED_EDGE('',*,*,#1603,.F.);
#2089=ORIENTED_EDGE('',*,*,#1604,.F.);
#2090=ORIENTED_EDGE('',*,*,#1592,.T.);
#2091=ORIENTED_EDGE('',*,*,#1605,.F.);
#2092=ORIENTED_EDGE('',*,*,#1606,.F.);
#2093=ORIENTED_EDGE('',*,*,#1607,.T.);
#2094=ORIENTED_EDGE('',*,*,#1591,.T.);
#2095=ORIENTED_EDGE('',*,*,#1608,.F.);
#2096=ORIENTED_EDGE('',*,*,#1609,.F.);
#2097=ORIENTED_EDGE('',*,*,#1605,.T.);
#2098=ORIENTED_EDGE('',*,*,#1590,.T.);
#2099=ORIENTED_EDGE('',*,*,#1610,.T.);
#2100=ORIENTED_EDGE('',*,*,#1611,.T.);
#2101=ORIENTED_EDGE('',*,*,#1612,.T.);
#2102=ORIENTED_EDGE('',*,*,#1613,.F.);
#2103=ORIENTED_EDGE('',*,*,#1614,.T.);
#2104=ORIENTED_EDGE('',*,*,#1615,.T.);
#2105=ORIENTED_EDGE('',*,*,#1616,.T.);
#2106=ORIENTED_EDGE('',*,*,#1617,.F.);
#2107=ORIENTED_EDGE('',*,*,#1618,.T.);
#2108=ORIENTED_EDGE('',*,*,#1619,.T.);
#2109=ORIENTED_EDGE('',*,*,#1620,.T.);
#2110=ORIENTED_EDGE('',*,*,#1621,.F.);
#2111=ORIENTED_EDGE('',*,*,#1622,.T.);
#2112=ORIENTED_EDGE('',*,*,#1623,.T.);
#2113=ORIENTED_EDGE('',*,*,#1624,.T.);
#2114=ORIENTED_EDGE('',*,*,#1625,.F.);
#2115=ORIENTED_EDGE('',*,*,#1626,.F.);
#2116=ORIENTED_EDGE('',*,*,#1608,.T.);
#2117=ORIENTED_EDGE('',*,*,#1589,.T.);
#2118=ORIENTED_EDGE('',*,*,#1627,.T.);
#2119=ORIENTED_EDGE('',*,*,#1628,.F.);
#2120=ORIENTED_EDGE('',*,*,#1610,.F.);
#2121=ORIENTED_EDGE('',*,*,#1588,.T.);
#2122=ORIENTED_EDGE('',*,*,#1629,.T.);
#2123=ORIENTED_EDGE('',*,*,#1630,.T.);
#2124=ORIENTED_EDGE('',*,*,#1631,.T.);
#2125=ORIENTED_EDGE('',*,*,#1632,.F.);
#2126=ORIENTED_EDGE('',*,*,#1633,.F.);
#2127=ORIENTED_EDGE('',*,*,#1634,.F.);
#2128=ORIENTED_EDGE('',*,*,#1627,.F.);
#2129=ORIENTED_EDGE('',*,*,#1587,.T.);
#2130=ORIENTED_EDGE('',*,*,#1635,.F.);
#2131=ORIENTED_EDGE('',*,*,#1636,.F.);
#2132=ORIENTED_EDGE('',*,*,#1629,.F.);
#2133=ORIENTED_EDGE('',*,*,#1586,.T.);
#2134=ORIENTED_EDGE('',*,*,#1637,.F.);
#2135=ORIENTED_EDGE('',*,*,#1638,.F.);
#2136=ORIENTED_EDGE('',*,*,#1639,.F.);
#2137=ORIENTED_EDGE('',*,*,#1640,.F.);
#2138=ORIENTED_EDGE('',*,*,#1641,.F.);
#2139=ORIENTED_EDGE('',*,*,#1642,.F.);
#2140=ORIENTED_EDGE('',*,*,#1643,.F.);
#2141=ORIENTED_EDGE('',*,*,#1644,.F.);
#2142=ORIENTED_EDGE('',*,*,#1645,.T.);
#2143=ORIENTED_EDGE('',*,*,#1646,.T.);
#2144=ORIENTED_EDGE('',*,*,#1647,.T.);
#2145=ORIENTED_EDGE('',*,*,#1648,.T.);
#2146=ORIENTED_EDGE('',*,*,#1649,.T.);
#2147=ORIENTED_EDGE('',*,*,#1650,.T.);
#2148=ORIENTED_EDGE('',*,*,#1651,.T.);
#2149=ORIENTED_EDGE('',*,*,#1652,.T.);
#2150=ORIENTED_EDGE('',*,*,#1653,.T.);
#2151=ORIENTED_EDGE('',*,*,#1654,.T.);
#2152=ORIENTED_EDGE('',*,*,#1655,.T.);
#2153=ORIENTED_EDGE('',*,*,#1656,.T.);
#2154=ORIENTED_EDGE('',*,*,#1657,.T.);
#2155=ORIENTED_EDGE('',*,*,#1658,.T.);
#2156=ORIENTED_EDGE('',*,*,#1659,.T.);
#2157=ORIENTED_EDGE('',*,*,#1635,.T.);
#2158=ORIENTED_EDGE('',*,*,#1585,.T.);
#2159=ORIENTED_EDGE('',*,*,#1660,.F.);
#2160=ORIENTED_EDGE('',*,*,#1661,.F.);
#2161=ORIENTED_EDGE('',*,*,#1662,.F.);
#2162=ORIENTED_EDGE('',*,*,#1637,.T.);
#2163=ORIENTED_EDGE('',*,*,#1584,.T.);
#2164=ORIENTED_EDGE('',*,*,#1663,.F.);
#2165=ORIENTED_EDGE('',*,*,#1664,.F.);
#2166=ORIENTED_EDGE('',*,*,#1665,.F.);
#2167=ORIENTED_EDGE('',*,*,#1666,.F.);
#2168=ORIENTED_EDGE('',*,*,#1660,.T.);
#2169=ORIENTED_EDGE('',*,*,#1583,.T.);
#2170=ORIENTED_EDGE('',*,*,#1667,.T.);
#2171=ORIENTED_EDGE('',*,*,#1668,.T.);
#2172=ORIENTED_EDGE('',*,*,#1669,.F.);
#2173=ORIENTED_EDGE('',*,*,#1670,.F.);
#2174=ORIENTED_EDGE('',*,*,#1671,.F.);
#2175=ORIENTED_EDGE('',*,*,#1663,.T.);
#2176=ORIENTED_EDGE('',*,*,#1582,.T.);
#2177=ORIENTED_EDGE('',*,*,#1672,.F.);
#2178=ORIENTED_EDGE('',*,*,#1673,.F.);
#2179=ORIENTED_EDGE('',*,*,#1667,.F.);
#2180=ORIENTED_EDGE('',*,*,#1581,.T.);
#2181=ORIENTED_EDGE('',*,*,#1674,.F.);
#2182=ORIENTED_EDGE('',*,*,#1675,.T.);
#2183=ORIENTED_EDGE('',*,*,#1676,.T.);
#2184=ORIENTED_EDGE('',*,*,#1677,.T.);
#2185=ORIENTED_EDGE('',*,*,#1672,.T.);
#2186=ORIENTED_EDGE('',*,*,#1678,.F.);
#2187=ORIENTED_EDGE('',*,*,#1679,.T.);
#2188=ORIENTED_EDGE('',*,*,#1680,.F.);
#2189=ORIENTED_EDGE('',*,*,#1681,.F.);
#2190=ORIENTED_EDGE('',*,*,#1682,.F.);
#2191=ORIENTED_EDGE('',*,*,#1681,.T.);
#2192=ORIENTED_EDGE('',*,*,#1683,.F.);
#2193=ORIENTED_EDGE('',*,*,#1684,.F.);
#2194=ORIENTED_EDGE('',*,*,#1614,.F.);
#2195=ORIENTED_EDGE('',*,*,#1684,.T.);
#2196=ORIENTED_EDGE('',*,*,#1656,.F.);
#2197=ORIENTED_EDGE('',*,*,#1685,.F.);
#2198=ORIENTED_EDGE('',*,*,#1615,.F.);
#2199=ORIENTED_EDGE('',*,*,#1685,.T.);
#2200=ORIENTED_EDGE('',*,*,#1655,.F.);
#2201=ORIENTED_EDGE('',*,*,#1686,.F.);
#2202=ORIENTED_EDGE('',*,*,#1616,.F.);
#2203=ORIENTED_EDGE('',*,*,#1686,.T.);
#2204=ORIENTED_EDGE('',*,*,#1654,.F.);
#2205=ORIENTED_EDGE('',*,*,#1687,.F.);
#2206=ORIENTED_EDGE('',*,*,#1688,.F.);
#2207=ORIENTED_EDGE('',*,*,#1687,.T.);
#2208=ORIENTED_EDGE('',*,*,#1689,.F.);
#2209=ORIENTED_EDGE('',*,*,#1679,.F.);
#2210=ORIENTED_EDGE('',*,*,#1618,.F.);
#2211=ORIENTED_EDGE('',*,*,#1690,.T.);
#2212=ORIENTED_EDGE('',*,*,#1652,.F.);
#2213=ORIENTED_EDGE('',*,*,#1691,.F.);
#2214=ORIENTED_EDGE('',*,*,#1619,.F.);
#2215=ORIENTED_EDGE('',*,*,#1691,.T.);
#2216=ORIENTED_EDGE('',*,*,#1651,.F.);
#2217=ORIENTED_EDGE('',*,*,#1692,.F.);
#2218=ORIENTED_EDGE('',*,*,#1620,.F.);
#2219=ORIENTED_EDGE('',*,*,#1692,.T.);
#2220=ORIENTED_EDGE('',*,*,#1650,.F.);
#2221=ORIENTED_EDGE('',*,*,#1693,.F.);
#2222=ORIENTED_EDGE('',*,*,#1694,.F.);
#2223=ORIENTED_EDGE('',*,*,#1693,.T.);
#2224=ORIENTED_EDGE('',*,*,#1695,.F.);
#2225=ORIENTED_EDGE('',*,*,#1696,.F.);
#2226=ORIENTED_EDGE('',*,*,#1697,.F.);
#2227=ORIENTED_EDGE('',*,*,#1696,.T.);
#2228=ORIENTED_EDGE('',*,*,#1698,.F.);
#2229=ORIENTED_EDGE('',*,*,#1699,.F.);
#2230=ORIENTED_EDGE('',*,*,#1700,.F.);
#2231=ORIENTED_EDGE('',*,*,#1699,.T.);
#2232=ORIENTED_EDGE('',*,*,#1701,.F.);
#2233=ORIENTED_EDGE('',*,*,#1690,.F.);
#2234=ORIENTED_EDGE('',*,*,#1623,.F.);
#2235=ORIENTED_EDGE('',*,*,#1702,.T.);
#2236=ORIENTED_EDGE('',*,*,#1647,.F.);
#2237=ORIENTED_EDGE('',*,*,#1703,.F.);
#2238=ORIENTED_EDGE('',*,*,#1624,.F.);
#2239=ORIENTED_EDGE('',*,*,#1703,.T.);
#2240=ORIENTED_EDGE('',*,*,#1646,.F.);
#2241=ORIENTED_EDGE('',*,*,#1704,.F.);
#2242=ORIENTED_EDGE('',*,*,#1705,.F.);
#2243=ORIENTED_EDGE('',*,*,#1704,.T.);
#2244=ORIENTED_EDGE('',*,*,#1706,.F.);
#2245=ORIENTED_EDGE('',*,*,#1707,.F.);
#2246=ORIENTED_EDGE('',*,*,#1708,.F.);
#2247=ORIENTED_EDGE('',*,*,#1707,.T.);
#2248=ORIENTED_EDGE('',*,*,#1709,.F.);
#2249=ORIENTED_EDGE('',*,*,#1710,.F.);
#2250=ORIENTED_EDGE('',*,*,#1711,.F.);
#2251=ORIENTED_EDGE('',*,*,#1710,.T.);
#2252=ORIENTED_EDGE('',*,*,#1712,.F.);
#2253=ORIENTED_EDGE('',*,*,#1713,.F.);
#2254=ORIENTED_EDGE('',*,*,#1622,.F.);
#2255=ORIENTED_EDGE('',*,*,#1713,.T.);
#2256=ORIENTED_EDGE('',*,*,#1648,.F.);
#2257=ORIENTED_EDGE('',*,*,#1702,.F.);
#2258=ORIENTED_EDGE('',*,*,#1603,.T.);
#2259=ORIENTED_EDGE('',*,*,#1714,.T.);
#2260=ORIENTED_EDGE('',*,*,#1715,.T.);
#2261=ORIENTED_EDGE('',*,*,#1716,.T.);
#2262=ORIENTED_EDGE('',*,*,#1657,.F.);
#2263=ORIENTED_EDGE('',*,*,#1683,.T.);
#2264=ORIENTED_EDGE('',*,*,#1680,.T.);
#2265=ORIENTED_EDGE('',*,*,#1689,.T.);
#2266=ORIENTED_EDGE('',*,*,#1653,.F.);
#2267=ORIENTED_EDGE('',*,*,#1701,.T.);
#2268=ORIENTED_EDGE('',*,*,#1698,.T.);
#2269=ORIENTED_EDGE('',*,*,#1695,.T.);
#2270=ORIENTED_EDGE('',*,*,#1649,.F.);
#2271=ORIENTED_EDGE('',*,*,#1712,.T.);
#2272=ORIENTED_EDGE('',*,*,#1709,.T.);
#2273=ORIENTED_EDGE('',*,*,#1706,.T.);
#2274=ORIENTED_EDGE('',*,*,#1645,.F.);
#2275=ORIENTED_EDGE('',*,*,#1717,.T.);
#2276=ORIENTED_EDGE('',*,*,#1718,.T.);
#2277=ORIENTED_EDGE('',*,*,#1719,.T.);
#2278=ORIENTED_EDGE('',*,*,#1720,.T.);
#2279=ORIENTED_EDGE('',*,*,#1721,.T.);
#2280=ORIENTED_EDGE('',*,*,#1722,.T.);
#2281=ORIENTED_EDGE('',*,*,#1723,.T.);
#2282=ORIENTED_EDGE('',*,*,#1724,.T.);
#2283=ORIENTED_EDGE('',*,*,#1599,.T.);
#2284=ORIENTED_EDGE('',*,*,#1725,.F.);
#2285=ORIENTED_EDGE('',*,*,#1726,.T.);
#2286=ORIENTED_EDGE('',*,*,#1625,.T.);
#2287=ORIENTED_EDGE('',*,*,#1705,.T.);
#2288=ORIENTED_EDGE('',*,*,#1708,.T.);
#2289=ORIENTED_EDGE('',*,*,#1711,.T.);
#2290=ORIENTED_EDGE('',*,*,#1621,.T.);
#2291=ORIENTED_EDGE('',*,*,#1694,.T.);
#2292=ORIENTED_EDGE('',*,*,#1697,.T.);
#2293=ORIENTED_EDGE('',*,*,#1700,.T.);
#2294=ORIENTED_EDGE('',*,*,#1617,.T.);
#2295=ORIENTED_EDGE('',*,*,#1688,.T.);
#2296=ORIENTED_EDGE('',*,*,#1678,.T.);
#2297=ORIENTED_EDGE('',*,*,#1682,.T.);
#2298=ORIENTED_EDGE('',*,*,#1613,.T.);
#2299=ORIENTED_EDGE('',*,*,#1727,.T.);
#2300=ORIENTED_EDGE('',*,*,#1728,.T.);
#2301=ORIENTED_EDGE('',*,*,#1729,.T.);
#2302=ORIENTED_EDGE('',*,*,#1668,.F.);
#2303=ORIENTED_EDGE('',*,*,#1673,.T.);
#2304=ORIENTED_EDGE('',*,*,#1677,.F.);
#2305=ORIENTED_EDGE('',*,*,#1730,.F.);
#2306=ORIENTED_EDGE('',*,*,#1731,.F.);
#2307=ORIENTED_EDGE('',*,*,#1596,.T.);
#2308=ORIENTED_EDGE('',*,*,#1732,.F.);
#2309=ORIENTED_EDGE('',*,*,#1733,.T.);
#2310=ORIENTED_EDGE('',*,*,#1734,.T.);
#2311=ORIENTED_EDGE('',*,*,#1593,.T.);
#2312=ORIENTED_EDGE('',*,*,#1607,.F.);
#2313=ORIENTED_EDGE('',*,*,#1735,.F.);
#2314=ORIENTED_EDGE('',*,*,#1736,.T.);
#2315=ORIENTED_EDGE('',*,*,#1595,.T.);
#2316=ORIENTED_EDGE('',*,*,#1737,.F.);
#2317=ORIENTED_EDGE('',*,*,#1738,.T.);
#2318=ORIENTED_EDGE('',*,*,#1732,.T.);
#2319=ORIENTED_EDGE('',*,*,#1594,.T.);
#2320=ORIENTED_EDGE('',*,*,#1736,.F.);
#2321=ORIENTED_EDGE('',*,*,#1739,.F.);
#2322=ORIENTED_EDGE('',*,*,#1737,.T.);
#2323=ORIENTED_EDGE('',*,*,#1731,.T.);
#2324=ORIENTED_EDGE('',*,*,#1740,.F.);
#2325=ORIENTED_EDGE('',*,*,#1741,.F.);
#2326=ORIENTED_EDGE('',*,*,#1742,.F.);
#2327=ORIENTED_EDGE('',*,*,#1743,.F.);
#2328=ORIENTED_EDGE('',*,*,#1744,.F.);
#2329=ORIENTED_EDGE('',*,*,#1745,.F.);
#2330=ORIENTED_EDGE('',*,*,#1746,.F.);
#2331=ORIENTED_EDGE('',*,*,#1747,.F.);
#2332=ORIENTED_EDGE('',*,*,#1669,.T.);
#2333=ORIENTED_EDGE('',*,*,#1730,.T.);
#2334=ORIENTED_EDGE('',*,*,#1676,.F.);
#2335=ORIENTED_EDGE('',*,*,#1748,.T.);
#2336=ORIENTED_EDGE('',*,*,#1749,.T.);
#2337=ORIENTED_EDGE('',*,*,#1750,.T.);
#2338=ORIENTED_EDGE('',*,*,#1751,.T.);
#2339=ORIENTED_EDGE('',*,*,#1752,.T.);
#2340=ORIENTED_EDGE('',*,*,#1753,.T.);
#2341=ORIENTED_EDGE('',*,*,#1754,.T.);
#2342=ORIENTED_EDGE('',*,*,#1740,.T.);
#2343=ORIENTED_EDGE('',*,*,#1580,.T.);
#2344=ORIENTED_EDGE('',*,*,#1755,.F.);
#2345=ORIENTED_EDGE('',*,*,#1756,.T.);
#2346=ORIENTED_EDGE('',*,*,#1757,.T.);
#2347=ORIENTED_EDGE('',*,*,#1758,.T.);
#2348=ORIENTED_EDGE('',*,*,#1674,.T.);
#2349=ORIENTED_EDGE('',*,*,#1630,.F.);
#2350=ORIENTED_EDGE('',*,*,#1636,.T.);
#2351=ORIENTED_EDGE('',*,*,#1659,.F.);
#2352=ORIENTED_EDGE('',*,*,#1759,.F.);
#2353=ORIENTED_EDGE('',*,*,#1631,.F.);
#2354=ORIENTED_EDGE('',*,*,#1759,.T.);
#2355=ORIENTED_EDGE('',*,*,#1658,.F.);
#2356=ORIENTED_EDGE('',*,*,#1716,.F.);
#2357=ORIENTED_EDGE('',*,*,#1760,.F.);
#2358=ORIENTED_EDGE('',*,*,#1761,.F.);
#2359=ORIENTED_EDGE('',*,*,#1602,.T.);
#2360=ORIENTED_EDGE('',*,*,#1762,.F.);
#2361=ORIENTED_EDGE('',*,*,#1763,.T.);
#2362=ORIENTED_EDGE('',*,*,#1714,.F.);
#2363=ORIENTED_EDGE('',*,*,#1764,.F.);
#2364=ORIENTED_EDGE('',*,*,#1760,.T.);
#2365=ORIENTED_EDGE('',*,*,#1715,.F.);
#2366=ORIENTED_EDGE('',*,*,#1763,.F.);
#2367=ORIENTED_EDGE('',*,*,#1600,.T.);
#2368=ORIENTED_EDGE('',*,*,#1729,.F.);
#2369=ORIENTED_EDGE('',*,*,#1765,.T.);
#2370=ORIENTED_EDGE('',*,*,#1766,.T.);
#2371=ORIENTED_EDGE('',*,*,#1728,.F.);
#2372=ORIENTED_EDGE('',*,*,#1767,.T.);
#2373=ORIENTED_EDGE('',*,*,#1768,.T.);
#2374=ORIENTED_EDGE('',*,*,#1765,.F.);
#2375=ORIENTED_EDGE('',*,*,#1601,.T.);
#2376=ORIENTED_EDGE('',*,*,#1766,.F.);
#2377=ORIENTED_EDGE('',*,*,#1768,.F.);
#2378=ORIENTED_EDGE('',*,*,#1769,.F.);
#2379=ORIENTED_EDGE('',*,*,#1632,.T.);
#2380=ORIENTED_EDGE('',*,*,#1761,.T.);
#2381=ORIENTED_EDGE('',*,*,#1764,.T.);
#2382=ORIENTED_EDGE('',*,*,#1762,.T.);
#2383=ORIENTED_EDGE('',*,*,#1612,.F.);
#2384=ORIENTED_EDGE('',*,*,#1770,.T.);
#2385=ORIENTED_EDGE('',*,*,#1633,.T.);
#2386=ORIENTED_EDGE('',*,*,#1769,.T.);
#2387=ORIENTED_EDGE('',*,*,#1767,.F.);
#2388=ORIENTED_EDGE('',*,*,#1727,.F.);
#2389=ORIENTED_EDGE('',*,*,#1611,.F.);
#2390=ORIENTED_EDGE('',*,*,#1628,.T.);
#2391=ORIENTED_EDGE('',*,*,#1634,.T.);
#2392=ORIENTED_EDGE('',*,*,#1770,.F.);
#2393=ORIENTED_EDGE('',*,*,#1771,.T.);
#2394=ORIENTED_EDGE('',*,*,#1772,.T.);
#2395=ORIENTED_EDGE('',*,*,#1738,.F.);
#2396=ORIENTED_EDGE('',*,*,#1739,.T.);
#2397=ORIENTED_EDGE('',*,*,#1773,.F.);
#2398=ORIENTED_EDGE('',*,*,#1774,.T.);
#2399=ORIENTED_EDGE('',*,*,#1775,.T.);
#2400=ORIENTED_EDGE('',*,*,#1733,.F.);
#2401=ORIENTED_EDGE('',*,*,#1772,.F.);
#2402=ORIENTED_EDGE('',*,*,#1776,.T.);
#2403=ORIENTED_EDGE('',*,*,#1777,.T.);
#2404=ORIENTED_EDGE('',*,*,#1778,.F.);
#2405=ORIENTED_EDGE('',*,*,#1775,.F.);
#2406=ORIENTED_EDGE('',*,*,#1779,.T.);
#2407=ORIENTED_EDGE('',*,*,#1780,.T.);
#2408=ORIENTED_EDGE('',*,*,#1781,.F.);
#2409=ORIENTED_EDGE('',*,*,#1777,.F.);
#2410=ORIENTED_EDGE('',*,*,#1782,.T.);
#2411=ORIENTED_EDGE('',*,*,#1783,.T.);
#2412=ORIENTED_EDGE('',*,*,#1626,.T.);
#2413=ORIENTED_EDGE('',*,*,#1726,.F.);
#2414=ORIENTED_EDGE('',*,*,#1780,.F.);
#2415=ORIENTED_EDGE('',*,*,#1609,.T.);
#2416=ORIENTED_EDGE('',*,*,#1783,.F.);
#2417=ORIENTED_EDGE('',*,*,#1784,.T.);
#2418=ORIENTED_EDGE('',*,*,#1785,.T.);
#2419=ORIENTED_EDGE('',*,*,#1606,.T.);
#2420=ORIENTED_EDGE('',*,*,#1785,.F.);
#2421=ORIENTED_EDGE('',*,*,#1786,.T.);
#2422=ORIENTED_EDGE('',*,*,#1787,.T.);
#2423=ORIENTED_EDGE('',*,*,#1735,.T.);
#2424=ORIENTED_EDGE('',*,*,#1787,.F.);
#2425=ORIENTED_EDGE('',*,*,#1788,.T.);
#2426=ORIENTED_EDGE('',*,*,#1773,.T.);
#2427=ORIENTED_EDGE('',*,*,#1771,.F.);
#2428=ORIENTED_EDGE('',*,*,#1788,.F.);
#2429=ORIENTED_EDGE('',*,*,#1786,.F.);
#2430=ORIENTED_EDGE('',*,*,#1784,.F.);
#2431=ORIENTED_EDGE('',*,*,#1782,.F.);
#2432=ORIENTED_EDGE('',*,*,#1779,.F.);
#2433=ORIENTED_EDGE('',*,*,#1776,.F.);
#2434=ORIENTED_EDGE('',*,*,#1774,.F.);
#2435=ORIENTED_EDGE('',*,*,#1789,.T.);
#2436=ORIENTED_EDGE('',*,*,#1790,.T.);
#2437=ORIENTED_EDGE('',*,*,#1791,.T.);
#2438=ORIENTED_EDGE('',*,*,#1792,.T.);
#2439=ORIENTED_EDGE('',*,*,#1793,.T.);
#2440=ORIENTED_EDGE('',*,*,#1794,.T.);
#2441=ORIENTED_EDGE('',*,*,#1795,.T.);
#2442=ORIENTED_EDGE('',*,*,#1796,.T.);
#2443=ORIENTED_EDGE('',*,*,#1797,.T.);
#2444=ORIENTED_EDGE('',*,*,#1798,.T.);
#2445=ORIENTED_EDGE('',*,*,#1799,.T.);
#2446=ORIENTED_EDGE('',*,*,#1800,.T.);
#2447=ORIENTED_EDGE('',*,*,#1801,.T.);
#2448=ORIENTED_EDGE('',*,*,#1802,.T.);
#2449=ORIENTED_EDGE('',*,*,#1803,.T.);
#2450=ORIENTED_EDGE('',*,*,#1804,.T.);
#2451=ORIENTED_EDGE('',*,*,#1805,.T.);
#2452=ORIENTED_EDGE('',*,*,#1806,.T.);
#2453=ORIENTED_EDGE('',*,*,#1807,.T.);
#2454=ORIENTED_EDGE('',*,*,#1808,.T.);
#2455=ORIENTED_EDGE('',*,*,#1809,.T.);
#2456=ORIENTED_EDGE('',*,*,#1810,.T.);
#2457=ORIENTED_EDGE('',*,*,#1811,.T.);
#2458=ORIENTED_EDGE('',*,*,#1812,.T.);
#2459=ORIENTED_EDGE('',*,*,#1813,.T.);
#2460=ORIENTED_EDGE('',*,*,#1814,.T.);
#2461=ORIENTED_EDGE('',*,*,#1815,.T.);
#2462=ORIENTED_EDGE('',*,*,#1816,.T.);
#2463=ORIENTED_EDGE('',*,*,#1817,.T.);
#2464=ORIENTED_EDGE('',*,*,#1818,.T.);
#2465=ORIENTED_EDGE('',*,*,#1819,.T.);
#2466=ORIENTED_EDGE('',*,*,#1820,.T.);
#2467=ORIENTED_EDGE('',*,*,#1821,.T.);
#2468=ORIENTED_EDGE('',*,*,#1822,.T.);
#2469=ORIENTED_EDGE('',*,*,#1823,.T.);
#2470=ORIENTED_EDGE('',*,*,#1824,.T.);
#2471=ORIENTED_EDGE('',*,*,#1825,.T.);
#2472=ORIENTED_EDGE('',*,*,#1826,.T.);
#2473=ORIENTED_EDGE('',*,*,#1827,.T.);
#2474=ORIENTED_EDGE('',*,*,#1828,.T.);
#2475=ORIENTED_EDGE('',*,*,#1829,.T.);
#2476=ORIENTED_EDGE('',*,*,#1830,.T.);
#2477=ORIENTED_EDGE('',*,*,#1831,.T.);
#2478=ORIENTED_EDGE('',*,*,#1832,.T.);
#2479=ORIENTED_EDGE('',*,*,#1833,.T.);
#2480=ORIENTED_EDGE('',*,*,#1834,.T.);
#2481=ORIENTED_EDGE('',*,*,#1835,.T.);
#2482=ORIENTED_EDGE('',*,*,#1836,.T.);
#2483=ORIENTED_EDGE('',*,*,#1837,.T.);
#2484=ORIENTED_EDGE('',*,*,#1838,.T.);
#2485=ORIENTED_EDGE('',*,*,#1839,.T.);
#2486=ORIENTED_EDGE('',*,*,#1840,.T.);
#2487=ORIENTED_EDGE('',*,*,#1841,.T.);
#2488=ORIENTED_EDGE('',*,*,#1842,.T.);
#2489=ORIENTED_EDGE('',*,*,#1843,.T.);
#2490=ORIENTED_EDGE('',*,*,#1844,.T.);
#2491=ORIENTED_EDGE('',*,*,#1845,.T.);
#2492=ORIENTED_EDGE('',*,*,#1846,.T.);
#2493=ORIENTED_EDGE('',*,*,#1847,.T.);
#2494=ORIENTED_EDGE('',*,*,#1848,.T.);
#2495=ORIENTED_EDGE('',*,*,#1849,.T.);
#2496=ORIENTED_EDGE('',*,*,#1850,.T.);
#2497=ORIENTED_EDGE('',*,*,#1851,.T.);
#2498=ORIENTED_EDGE('',*,*,#1852,.T.);
#2499=ORIENTED_EDGE('',*,*,#1853,.T.);
#2500=ORIENTED_EDGE('',*,*,#1854,.T.);
#2501=ORIENTED_EDGE('',*,*,#1855,.T.);
#2502=ORIENTED_EDGE('',*,*,#1856,.T.);
#2503=ORIENTED_EDGE('',*,*,#1857,.T.);
#2504=ORIENTED_EDGE('',*,*,#1858,.T.);
#2505=ORIENTED_EDGE('',*,*,#1859,.T.);
#2506=ORIENTED_EDGE('',*,*,#1860,.T.);
#2507=ORIENTED_EDGE('',*,*,#1861,.T.);
#2508=ORIENTED_EDGE('',*,*,#1862,.T.);
#2509=ORIENTED_EDGE('',*,*,#1863,.T.);
#2510=ORIENTED_EDGE('',*,*,#1864,.T.);
#2511=ORIENTED_EDGE('',*,*,#1865,.T.);
#2512=ORIENTED_EDGE('',*,*,#1866,.T.);
#2513=ORIENTED_EDGE('',*,*,#1867,.T.);
#2514=ORIENTED_EDGE('',*,*,#1868,.T.);
#2515=ORIENTED_EDGE('',*,*,#1869,.T.);
#2516=ORIENTED_EDGE('',*,*,#1870,.T.);
#2517=ORIENTED_EDGE('',*,*,#1871,.T.);
#2518=ORIENTED_EDGE('',*,*,#1872,.T.);
#2519=ORIENTED_EDGE('',*,*,#1873,.T.);
#2520=ORIENTED_EDGE('',*,*,#1874,.T.);
#2521=ORIENTED_EDGE('',*,*,#1875,.T.);
#2522=ORIENTED_EDGE('',*,*,#1876,.T.);
#2523=ORIENTED_EDGE('',*,*,#1877,.T.);
#2524=ORIENTED_EDGE('',*,*,#1878,.T.);
#2525=ORIENTED_EDGE('',*,*,#1879,.T.);
#2526=ORIENTED_EDGE('',*,*,#1880,.T.);
#2527=ORIENTED_EDGE('',*,*,#1881,.T.);
#2528=ORIENTED_EDGE('',*,*,#1882,.T.);
#2529=ORIENTED_EDGE('',*,*,#1883,.T.);
#2530=ORIENTED_EDGE('',*,*,#1884,.T.);
#2531=ORIENTED_EDGE('',*,*,#1885,.T.);
#2532=ORIENTED_EDGE('',*,*,#1644,.T.);
#2533=ORIENTED_EDGE('',*,*,#1886,.F.);
#2534=ORIENTED_EDGE('',*,*,#1887,.F.);
#2535=ORIENTED_EDGE('',*,*,#1888,.F.);
#2536=ORIENTED_EDGE('',*,*,#1889,.F.);
#2537=ORIENTED_EDGE('',*,*,#1642,.T.);
#2538=ORIENTED_EDGE('',*,*,#1890,.F.);
#2539=ORIENTED_EDGE('',*,*,#1891,.F.);
#2540=ORIENTED_EDGE('',*,*,#1892,.F.);
#2541=ORIENTED_EDGE('',*,*,#1893,.F.);
#2542=ORIENTED_EDGE('',*,*,#1640,.T.);
#2543=ORIENTED_EDGE('',*,*,#1894,.F.);
#2544=ORIENTED_EDGE('',*,*,#1895,.F.);
#2545=ORIENTED_EDGE('',*,*,#1896,.F.);
#2546=ORIENTED_EDGE('',*,*,#1897,.F.);
#2547=ORIENTED_EDGE('',*,*,#1638,.T.);
#2548=ORIENTED_EDGE('',*,*,#1662,.T.);
#2549=ORIENTED_EDGE('',*,*,#1898,.F.);
#2550=ORIENTED_EDGE('',*,*,#1899,.F.);
#2551=ORIENTED_EDGE('',*,*,#1665,.T.);
#2552=ORIENTED_EDGE('',*,*,#1900,.F.);
#2553=ORIENTED_EDGE('',*,*,#1901,.F.);
#2554=ORIENTED_EDGE('',*,*,#1670,.T.);
#2555=ORIENTED_EDGE('',*,*,#1747,.T.);
#2556=ORIENTED_EDGE('',*,*,#1902,.F.);
#2557=ORIENTED_EDGE('',*,*,#1903,.F.);
#2558=ORIENTED_EDGE('',*,*,#1904,.F.);
#2559=ORIENTED_EDGE('',*,*,#1905,.F.);
#2560=ORIENTED_EDGE('',*,*,#1745,.T.);
#2561=ORIENTED_EDGE('',*,*,#1906,.F.);
#2562=ORIENTED_EDGE('',*,*,#1907,.F.);
#2563=ORIENTED_EDGE('',*,*,#1908,.F.);
#2564=ORIENTED_EDGE('',*,*,#1909,.F.);
#2565=ORIENTED_EDGE('',*,*,#1743,.T.);
#2566=ORIENTED_EDGE('',*,*,#1910,.F.);
#2567=ORIENTED_EDGE('',*,*,#1911,.F.);
#2568=ORIENTED_EDGE('',*,*,#1912,.F.);
#2569=ORIENTED_EDGE('',*,*,#1913,.F.);
#2570=ORIENTED_EDGE('',*,*,#1741,.T.);
#2571=ORIENTED_EDGE('',*,*,#1754,.F.);
#2572=ORIENTED_EDGE('',*,*,#1914,.F.);
#2573=ORIENTED_EDGE('',*,*,#1915,.F.);
#2574=ORIENTED_EDGE('',*,*,#1916,.F.);
#2575=ORIENTED_EDGE('',*,*,#1917,.F.);
#2576=ORIENTED_EDGE('',*,*,#1752,.F.);
#2577=ORIENTED_EDGE('',*,*,#1918,.F.);
#2578=ORIENTED_EDGE('',*,*,#1919,.F.);
#2579=ORIENTED_EDGE('',*,*,#1920,.F.);
#2580=ORIENTED_EDGE('',*,*,#1921,.F.);
#2581=ORIENTED_EDGE('',*,*,#1750,.F.);
#2582=ORIENTED_EDGE('',*,*,#1922,.F.);
#2583=ORIENTED_EDGE('',*,*,#1923,.F.);
#2584=ORIENTED_EDGE('',*,*,#1924,.F.);
#2585=ORIENTED_EDGE('',*,*,#1925,.F.);
#2586=ORIENTED_EDGE('',*,*,#1748,.F.);
#2587=ORIENTED_EDGE('',*,*,#1675,.F.);
#2588=ORIENTED_EDGE('',*,*,#1758,.F.);
#2589=ORIENTED_EDGE('',*,*,#1926,.F.);
#2590=ORIENTED_EDGE('',*,*,#1927,.F.);
#2591=ORIENTED_EDGE('',*,*,#1928,.F.);
#2592=ORIENTED_EDGE('',*,*,#1929,.F.);
#2593=ORIENTED_EDGE('',*,*,#1756,.F.);
#2594=ORIENTED_EDGE('',*,*,#1930,.F.);
#2595=ORIENTED_EDGE('',*,*,#1723,.F.);
#2596=ORIENTED_EDGE('',*,*,#1931,.F.);
#2597=ORIENTED_EDGE('',*,*,#1932,.F.);
#2598=ORIENTED_EDGE('',*,*,#1933,.F.);
#2599=ORIENTED_EDGE('',*,*,#1934,.F.);
#2600=ORIENTED_EDGE('',*,*,#1721,.F.);
#2601=ORIENTED_EDGE('',*,*,#1935,.F.);
#2602=ORIENTED_EDGE('',*,*,#1936,.F.);
#2603=ORIENTED_EDGE('',*,*,#1937,.F.);
#2604=ORIENTED_EDGE('',*,*,#1938,.F.);
#2605=ORIENTED_EDGE('',*,*,#1719,.F.);
#2606=ORIENTED_EDGE('',*,*,#1939,.F.);
#2607=ORIENTED_EDGE('',*,*,#1940,.F.);
#2608=ORIENTED_EDGE('',*,*,#1941,.F.);
#2609=ORIENTED_EDGE('',*,*,#1942,.F.);
#2610=ORIENTED_EDGE('',*,*,#1717,.F.);
#2611=ORIENTED_EDGE('',*,*,#1943,.F.);
#2612=ORIENTED_EDGE('',*,*,#1944,.F.);
#2613=ORIENTED_EDGE('',*,*,#1945,.F.);
#2614=ORIENTED_EDGE('',*,*,#1946,.F.);
#2615=ORIENTED_EDGE('',*,*,#1947,.F.);
#2616=ORIENTED_EDGE('',*,*,#1948,.F.);
#2617=ORIENTED_EDGE('',*,*,#1949,.F.);
#2618=ORIENTED_EDGE('',*,*,#1950,.F.);
#2619=ORIENTED_EDGE('',*,*,#1951,.F.);
#2620=ORIENTED_EDGE('',*,*,#1952,.F.);
#2621=ORIENTED_EDGE('',*,*,#1953,.F.);
#2622=ORIENTED_EDGE('',*,*,#1954,.F.);
#2623=ORIENTED_EDGE('',*,*,#1955,.F.);
#2624=ORIENTED_EDGE('',*,*,#1956,.F.);
#2625=ORIENTED_EDGE('',*,*,#1957,.F.);
#2626=ORIENTED_EDGE('',*,*,#1958,.F.);
#2627=ORIENTED_EDGE('',*,*,#1959,.F.);
#2628=ORIENTED_EDGE('',*,*,#1960,.F.);
#2629=ORIENTED_EDGE('',*,*,#1961,.F.);
#2630=ORIENTED_EDGE('',*,*,#1962,.F.);
#2631=ORIENTED_EDGE('',*,*,#1963,.F.);
#2632=ORIENTED_EDGE('',*,*,#1964,.F.);
#2633=ORIENTED_EDGE('',*,*,#1965,.F.);
#2634=ORIENTED_EDGE('',*,*,#1966,.F.);
#2635=ORIENTED_EDGE('',*,*,#1944,.T.);
#2636=ORIENTED_EDGE('',*,*,#1967,.T.);
#2637=ORIENTED_EDGE('',*,*,#1792,.F.);
#2638=ORIENTED_EDGE('',*,*,#1968,.F.);
#2639=ORIENTED_EDGE('',*,*,#1945,.T.);
#2640=ORIENTED_EDGE('',*,*,#1968,.T.);
#2641=ORIENTED_EDGE('',*,*,#1791,.F.);
#2642=ORIENTED_EDGE('',*,*,#1969,.F.);
#2643=ORIENTED_EDGE('',*,*,#1946,.T.);
#2644=ORIENTED_EDGE('',*,*,#1969,.T.);
#2645=ORIENTED_EDGE('',*,*,#1790,.F.);
#2646=ORIENTED_EDGE('',*,*,#1970,.F.);
#2647=ORIENTED_EDGE('',*,*,#1943,.T.);
#2648=ORIENTED_EDGE('',*,*,#1970,.T.);
#2649=ORIENTED_EDGE('',*,*,#1789,.F.);
#2650=ORIENTED_EDGE('',*,*,#1967,.F.);
#2651=ORIENTED_EDGE('',*,*,#1887,.T.);
#2652=ORIENTED_EDGE('',*,*,#1971,.T.);
#2653=ORIENTED_EDGE('',*,*,#1840,.F.);
#2654=ORIENTED_EDGE('',*,*,#1972,.F.);
#2655=ORIENTED_EDGE('',*,*,#1888,.T.);
#2656=ORIENTED_EDGE('',*,*,#1972,.T.);
#2657=ORIENTED_EDGE('',*,*,#1839,.F.);
#2658=ORIENTED_EDGE('',*,*,#1973,.F.);
#2659=ORIENTED_EDGE('',*,*,#1889,.T.);
#2660=ORIENTED_EDGE('',*,*,#1973,.T.);
#2661=ORIENTED_EDGE('',*,*,#1838,.F.);
#2662=ORIENTED_EDGE('',*,*,#1974,.F.);
#2663=ORIENTED_EDGE('',*,*,#1643,.T.);
#2664=ORIENTED_EDGE('',*,*,#1974,.T.);
#2665=ORIENTED_EDGE('',*,*,#1842,.F.);
#2666=ORIENTED_EDGE('',*,*,#1975,.F.);
#2667=ORIENTED_EDGE('',*,*,#1886,.T.);
#2668=ORIENTED_EDGE('',*,*,#1975,.T.);
#2669=ORIENTED_EDGE('',*,*,#1841,.F.);
#2670=ORIENTED_EDGE('',*,*,#1971,.F.);
#2671=ORIENTED_EDGE('',*,*,#1901,.T.);
#2672=ORIENTED_EDGE('',*,*,#1976,.T.);
#2673=ORIENTED_EDGE('',*,*,#1882,.F.);
#2674=ORIENTED_EDGE('',*,*,#1977,.F.);
#2675=ORIENTED_EDGE('',*,*,#1671,.T.);
#2676=ORIENTED_EDGE('',*,*,#1977,.T.);
#2677=ORIENTED_EDGE('',*,*,#1885,.F.);
#2678=ORIENTED_EDGE('',*,*,#1978,.F.);
#2679=ORIENTED_EDGE('',*,*,#1664,.T.);
#2680=ORIENTED_EDGE('',*,*,#1978,.T.);
#2681=ORIENTED_EDGE('',*,*,#1884,.F.);
#2682=ORIENTED_EDGE('',*,*,#1979,.F.);
#2683=ORIENTED_EDGE('',*,*,#1900,.T.);
#2684=ORIENTED_EDGE('',*,*,#1979,.T.);
#2685=ORIENTED_EDGE('',*,*,#1883,.F.);
#2686=ORIENTED_EDGE('',*,*,#1976,.F.);
#2687=ORIENTED_EDGE('',*,*,#1948,.T.);
#2688=ORIENTED_EDGE('',*,*,#1980,.T.);
#2689=ORIENTED_EDGE('',*,*,#1796,.F.);
#2690=ORIENTED_EDGE('',*,*,#1981,.F.);
#2691=ORIENTED_EDGE('',*,*,#1949,.T.);
#2692=ORIENTED_EDGE('',*,*,#1981,.T.);
#2693=ORIENTED_EDGE('',*,*,#1795,.F.);
#2694=ORIENTED_EDGE('',*,*,#1982,.F.);
#2695=ORIENTED_EDGE('',*,*,#1950,.T.);
#2696=ORIENTED_EDGE('',*,*,#1982,.T.);
#2697=ORIENTED_EDGE('',*,*,#1794,.F.);
#2698=ORIENTED_EDGE('',*,*,#1983,.F.);
#2699=ORIENTED_EDGE('',*,*,#1947,.T.);
#2700=ORIENTED_EDGE('',*,*,#1983,.T.);
#2701=ORIENTED_EDGE('',*,*,#1793,.F.);
#2702=ORIENTED_EDGE('',*,*,#1980,.F.);
#2703=ORIENTED_EDGE('',*,*,#1940,.T.);
#2704=ORIENTED_EDGE('',*,*,#1984,.T.);
#2705=ORIENTED_EDGE('',*,*,#1835,.F.);
#2706=ORIENTED_EDGE('',*,*,#1985,.F.);
#2707=ORIENTED_EDGE('',*,*,#1941,.T.);
#2708=ORIENTED_EDGE('',*,*,#1985,.T.);
#2709=ORIENTED_EDGE('',*,*,#1834,.F.);
#2710=ORIENTED_EDGE('',*,*,#1986,.F.);
#2711=ORIENTED_EDGE('',*,*,#1942,.T.);
#2712=ORIENTED_EDGE('',*,*,#1986,.T.);
#2713=ORIENTED_EDGE('',*,*,#1833,.F.);
#2714=ORIENTED_EDGE('',*,*,#1987,.F.);
#2715=ORIENTED_EDGE('',*,*,#1718,.F.);
#2716=ORIENTED_EDGE('',*,*,#1987,.T.);
#2717=ORIENTED_EDGE('',*,*,#1837,.F.);
#2718=ORIENTED_EDGE('',*,*,#1988,.F.);
#2719=ORIENTED_EDGE('',*,*,#1939,.T.);
#2720=ORIENTED_EDGE('',*,*,#1988,.T.);
#2721=ORIENTED_EDGE('',*,*,#1836,.F.);
#2722=ORIENTED_EDGE('',*,*,#1984,.F.);
#2723=ORIENTED_EDGE('',*,*,#1936,.T.);
#2724=ORIENTED_EDGE('',*,*,#1989,.T.);
#2725=ORIENTED_EDGE('',*,*,#1825,.F.);
#2726=ORIENTED_EDGE('',*,*,#1990,.F.);
#2727=ORIENTED_EDGE('',*,*,#1937,.T.);
#2728=ORIENTED_EDGE('',*,*,#1990,.T.);
#2729=ORIENTED_EDGE('',*,*,#1824,.F.);
#2730=ORIENTED_EDGE('',*,*,#1991,.F.);
#2731=ORIENTED_EDGE('',*,*,#1938,.T.);
#2732=ORIENTED_EDGE('',*,*,#1991,.T.);
#2733=ORIENTED_EDGE('',*,*,#1823,.F.);
#2734=ORIENTED_EDGE('',*,*,#1992,.F.);
#2735=ORIENTED_EDGE('',*,*,#1720,.F.);
#2736=ORIENTED_EDGE('',*,*,#1992,.T.);
#2737=ORIENTED_EDGE('',*,*,#1827,.F.);
#2738=ORIENTED_EDGE('',*,*,#1993,.F.);
#2739=ORIENTED_EDGE('',*,*,#1935,.T.);
#2740=ORIENTED_EDGE('',*,*,#1993,.T.);
#2741=ORIENTED_EDGE('',*,*,#1826,.F.);
#2742=ORIENTED_EDGE('',*,*,#1989,.F.);
#2743=ORIENTED_EDGE('',*,*,#1952,.T.);
#2744=ORIENTED_EDGE('',*,*,#1994,.T.);
#2745=ORIENTED_EDGE('',*,*,#1800,.F.);
#2746=ORIENTED_EDGE('',*,*,#1995,.F.);
#2747=ORIENTED_EDGE('',*,*,#1953,.T.);
#2748=ORIENTED_EDGE('',*,*,#1995,.T.);
#2749=ORIENTED_EDGE('',*,*,#1799,.F.);
#2750=ORIENTED_EDGE('',*,*,#1996,.F.);
#2751=ORIENTED_EDGE('',*,*,#1954,.T.);
#2752=ORIENTED_EDGE('',*,*,#1996,.T.);
#2753=ORIENTED_EDGE('',*,*,#1798,.F.);
#2754=ORIENTED_EDGE('',*,*,#1997,.F.);
#2755=ORIENTED_EDGE('',*,*,#1951,.T.);
#2756=ORIENTED_EDGE('',*,*,#1997,.T.);
#2757=ORIENTED_EDGE('',*,*,#1797,.F.);
#2758=ORIENTED_EDGE('',*,*,#1994,.F.);
#2759=ORIENTED_EDGE('',*,*,#1895,.T.);
#2760=ORIENTED_EDGE('',*,*,#1998,.T.);
#2761=ORIENTED_EDGE('',*,*,#1860,.F.);
#2762=ORIENTED_EDGE('',*,*,#1999,.F.);
#2763=ORIENTED_EDGE('',*,*,#1896,.T.);
#2764=ORIENTED_EDGE('',*,*,#1999,.T.);
#2765=ORIENTED_EDGE('',*,*,#1859,.F.);
#2766=ORIENTED_EDGE('',*,*,#2000,.F.);
#2767=ORIENTED_EDGE('',*,*,#1897,.T.);
#2768=ORIENTED_EDGE('',*,*,#2000,.T.);
#2769=ORIENTED_EDGE('',*,*,#1858,.F.);
#2770=ORIENTED_EDGE('',*,*,#2001,.F.);
#2771=ORIENTED_EDGE('',*,*,#1639,.T.);
#2772=ORIENTED_EDGE('',*,*,#2001,.T.);
#2773=ORIENTED_EDGE('',*,*,#1862,.F.);
#2774=ORIENTED_EDGE('',*,*,#2002,.F.);
#2775=ORIENTED_EDGE('',*,*,#1894,.T.);
#2776=ORIENTED_EDGE('',*,*,#2002,.T.);
#2777=ORIENTED_EDGE('',*,*,#1861,.F.);
#2778=ORIENTED_EDGE('',*,*,#1998,.F.);
#2779=ORIENTED_EDGE('',*,*,#1899,.T.);
#2780=ORIENTED_EDGE('',*,*,#2003,.T.);
#2781=ORIENTED_EDGE('',*,*,#1873,.F.);
#2782=ORIENTED_EDGE('',*,*,#2004,.F.);
#2783=ORIENTED_EDGE('',*,*,#1666,.T.);
#2784=ORIENTED_EDGE('',*,*,#2004,.T.);
#2785=ORIENTED_EDGE('',*,*,#1876,.F.);
#2786=ORIENTED_EDGE('',*,*,#2005,.F.);
#2787=ORIENTED_EDGE('',*,*,#1661,.T.);
#2788=ORIENTED_EDGE('',*,*,#2005,.T.);
#2789=ORIENTED_EDGE('',*,*,#1875,.F.);
#2790=ORIENTED_EDGE('',*,*,#2006,.F.);
#2791=ORIENTED_EDGE('',*,*,#1898,.T.);
#2792=ORIENTED_EDGE('',*,*,#2006,.T.);
#2793=ORIENTED_EDGE('',*,*,#1874,.F.);
#2794=ORIENTED_EDGE('',*,*,#2003,.F.);
#2795=ORIENTED_EDGE('',*,*,#1956,.T.);
#2796=ORIENTED_EDGE('',*,*,#2007,.T.);
#2797=ORIENTED_EDGE('',*,*,#1804,.F.);
#2798=ORIENTED_EDGE('',*,*,#2008,.F.);
#2799=ORIENTED_EDGE('',*,*,#1957,.T.);
#2800=ORIENTED_EDGE('',*,*,#2008,.T.);
#2801=ORIENTED_EDGE('',*,*,#1803,.F.);
#2802=ORIENTED_EDGE('',*,*,#2009,.F.);
#2803=ORIENTED_EDGE('',*,*,#1958,.T.);
#2804=ORIENTED_EDGE('',*,*,#2009,.T.);
#2805=ORIENTED_EDGE('',*,*,#1802,.F.);
#2806=ORIENTED_EDGE('',*,*,#2010,.F.);
#2807=ORIENTED_EDGE('',*,*,#1955,.T.);
#2808=ORIENTED_EDGE('',*,*,#2010,.T.);
#2809=ORIENTED_EDGE('',*,*,#1801,.F.);
#2810=ORIENTED_EDGE('',*,*,#2007,.F.);
#2811=ORIENTED_EDGE('',*,*,#1960,.T.);
#2812=ORIENTED_EDGE('',*,*,#2011,.T.);
#2813=ORIENTED_EDGE('',*,*,#1808,.F.);
#2814=ORIENTED_EDGE('',*,*,#2012,.F.);
#2815=ORIENTED_EDGE('',*,*,#1961,.T.);
#2816=ORIENTED_EDGE('',*,*,#2012,.T.);
#2817=ORIENTED_EDGE('',*,*,#1807,.F.);
#2818=ORIENTED_EDGE('',*,*,#2013,.F.);
#2819=ORIENTED_EDGE('',*,*,#1962,.T.);
#2820=ORIENTED_EDGE('',*,*,#2013,.T.);
#2821=ORIENTED_EDGE('',*,*,#1806,.F.);
#2822=ORIENTED_EDGE('',*,*,#2014,.F.);
#2823=ORIENTED_EDGE('',*,*,#1959,.T.);
#2824=ORIENTED_EDGE('',*,*,#2014,.T.);
#2825=ORIENTED_EDGE('',*,*,#1805,.F.);
#2826=ORIENTED_EDGE('',*,*,#2011,.F.);
#2827=ORIENTED_EDGE('',*,*,#1924,.T.);
#2828=ORIENTED_EDGE('',*,*,#2015,.T.);
#2829=ORIENTED_EDGE('',*,*,#1830,.F.);
#2830=ORIENTED_EDGE('',*,*,#2016,.F.);
#2831=ORIENTED_EDGE('',*,*,#1925,.T.);
#2832=ORIENTED_EDGE('',*,*,#2016,.T.);
#2833=ORIENTED_EDGE('',*,*,#1829,.F.);
#2834=ORIENTED_EDGE('',*,*,#2017,.F.);
#2835=ORIENTED_EDGE('',*,*,#1749,.F.);
#2836=ORIENTED_EDGE('',*,*,#2017,.T.);
#2837=ORIENTED_EDGE('',*,*,#1828,.F.);
#2838=ORIENTED_EDGE('',*,*,#2018,.F.);
#2839=ORIENTED_EDGE('',*,*,#1922,.T.);
#2840=ORIENTED_EDGE('',*,*,#2018,.T.);
#2841=ORIENTED_EDGE('',*,*,#1832,.F.);
#2842=ORIENTED_EDGE('',*,*,#2019,.F.);
#2843=ORIENTED_EDGE('',*,*,#1923,.T.);
#2844=ORIENTED_EDGE('',*,*,#2019,.T.);
#2845=ORIENTED_EDGE('',*,*,#1831,.F.);
#2846=ORIENTED_EDGE('',*,*,#2015,.F.);
#2847=ORIENTED_EDGE('',*,*,#1891,.T.);
#2848=ORIENTED_EDGE('',*,*,#2020,.T.);
#2849=ORIENTED_EDGE('',*,*,#1850,.F.);
#2850=ORIENTED_EDGE('',*,*,#2021,.F.);
#2851=ORIENTED_EDGE('',*,*,#1892,.T.);
#2852=ORIENTED_EDGE('',*,*,#2021,.T.);
#2853=ORIENTED_EDGE('',*,*,#1849,.F.);
#2854=ORIENTED_EDGE('',*,*,#2022,.F.);
#2855=ORIENTED_EDGE('',*,*,#1893,.T.);
#2856=ORIENTED_EDGE('',*,*,#2022,.T.);
#2857=ORIENTED_EDGE('',*,*,#1848,.F.);
#2858=ORIENTED_EDGE('',*,*,#2023,.F.);
#2859=ORIENTED_EDGE('',*,*,#1641,.T.);
#2860=ORIENTED_EDGE('',*,*,#2023,.T.);
#2861=ORIENTED_EDGE('',*,*,#1852,.F.);
#2862=ORIENTED_EDGE('',*,*,#2024,.F.);
#2863=ORIENTED_EDGE('',*,*,#1890,.T.);
#2864=ORIENTED_EDGE('',*,*,#2024,.T.);
#2865=ORIENTED_EDGE('',*,*,#1851,.F.);
#2866=ORIENTED_EDGE('',*,*,#2020,.F.);
#2867=ORIENTED_EDGE('',*,*,#1904,.T.);
#2868=ORIENTED_EDGE('',*,*,#2025,.T.);
#2869=ORIENTED_EDGE('',*,*,#1879,.F.);
#2870=ORIENTED_EDGE('',*,*,#2026,.F.);
#2871=ORIENTED_EDGE('',*,*,#1905,.T.);
#2872=ORIENTED_EDGE('',*,*,#2026,.T.);
#2873=ORIENTED_EDGE('',*,*,#1878,.F.);
#2874=ORIENTED_EDGE('',*,*,#2027,.F.);
#2875=ORIENTED_EDGE('',*,*,#1746,.T.);
#2876=ORIENTED_EDGE('',*,*,#2027,.T.);
#2877=ORIENTED_EDGE('',*,*,#1877,.F.);
#2878=ORIENTED_EDGE('',*,*,#2028,.F.);
#2879=ORIENTED_EDGE('',*,*,#1902,.T.);
#2880=ORIENTED_EDGE('',*,*,#2028,.T.);
#2881=ORIENTED_EDGE('',*,*,#1881,.F.);
#2882=ORIENTED_EDGE('',*,*,#2029,.F.);
#2883=ORIENTED_EDGE('',*,*,#1903,.T.);
#2884=ORIENTED_EDGE('',*,*,#2029,.T.);
#2885=ORIENTED_EDGE('',*,*,#1880,.F.);
#2886=ORIENTED_EDGE('',*,*,#2025,.F.);
#2887=ORIENTED_EDGE('',*,*,#1916,.T.);
#2888=ORIENTED_EDGE('',*,*,#2030,.T.);
#2889=ORIENTED_EDGE('',*,*,#1855,.F.);
#2890=ORIENTED_EDGE('',*,*,#2031,.F.);
#2891=ORIENTED_EDGE('',*,*,#1917,.T.);
#2892=ORIENTED_EDGE('',*,*,#2031,.T.);
#2893=ORIENTED_EDGE('',*,*,#1854,.F.);
#2894=ORIENTED_EDGE('',*,*,#2032,.F.);
#2895=ORIENTED_EDGE('',*,*,#1753,.F.);
#2896=ORIENTED_EDGE('',*,*,#2032,.T.);
#2897=ORIENTED_EDGE('',*,*,#1853,.F.);
#2898=ORIENTED_EDGE('',*,*,#2033,.F.);
#2899=ORIENTED_EDGE('',*,*,#1914,.T.);
#2900=ORIENTED_EDGE('',*,*,#2033,.T.);
#2901=ORIENTED_EDGE('',*,*,#1857,.F.);
#2902=ORIENTED_EDGE('',*,*,#2034,.F.);
#2903=ORIENTED_EDGE('',*,*,#1915,.T.);
#2904=ORIENTED_EDGE('',*,*,#2034,.T.);
#2905=ORIENTED_EDGE('',*,*,#1856,.F.);
#2906=ORIENTED_EDGE('',*,*,#2030,.F.);
#2907=ORIENTED_EDGE('',*,*,#1932,.T.);
#2908=ORIENTED_EDGE('',*,*,#2035,.T.);
#2909=ORIENTED_EDGE('',*,*,#1820,.F.);
#2910=ORIENTED_EDGE('',*,*,#2036,.F.);
#2911=ORIENTED_EDGE('',*,*,#1933,.T.);
#2912=ORIENTED_EDGE('',*,*,#2036,.T.);
#2913=ORIENTED_EDGE('',*,*,#1819,.F.);
#2914=ORIENTED_EDGE('',*,*,#2037,.F.);
#2915=ORIENTED_EDGE('',*,*,#1934,.T.);
#2916=ORIENTED_EDGE('',*,*,#2037,.T.);
#2917=ORIENTED_EDGE('',*,*,#1818,.F.);
#2918=ORIENTED_EDGE('',*,*,#2038,.F.);
#2919=ORIENTED_EDGE('',*,*,#1722,.F.);
#2920=ORIENTED_EDGE('',*,*,#2038,.T.);
#2921=ORIENTED_EDGE('',*,*,#1822,.F.);
#2922=ORIENTED_EDGE('',*,*,#2039,.F.);
#2923=ORIENTED_EDGE('',*,*,#1931,.T.);
#2924=ORIENTED_EDGE('',*,*,#2039,.T.);
#2925=ORIENTED_EDGE('',*,*,#1821,.F.);
#2926=ORIENTED_EDGE('',*,*,#2035,.F.);
#2927=ORIENTED_EDGE('',*,*,#1964,.T.);
#2928=ORIENTED_EDGE('',*,*,#2040,.T.);
#2929=ORIENTED_EDGE('',*,*,#1812,.F.);
#2930=ORIENTED_EDGE('',*,*,#2041,.F.);
#2931=ORIENTED_EDGE('',*,*,#1965,.T.);
#2932=ORIENTED_EDGE('',*,*,#2041,.T.);
#2933=ORIENTED_EDGE('',*,*,#1811,.F.);
#2934=ORIENTED_EDGE('',*,*,#2042,.F.);
#2935=ORIENTED_EDGE('',*,*,#1966,.T.);
#2936=ORIENTED_EDGE('',*,*,#2042,.T.);
#2937=ORIENTED_EDGE('',*,*,#1810,.F.);
#2938=ORIENTED_EDGE('',*,*,#2043,.F.);
#2939=ORIENTED_EDGE('',*,*,#1963,.T.);
#2940=ORIENTED_EDGE('',*,*,#2043,.T.);
#2941=ORIENTED_EDGE('',*,*,#1809,.F.);
#2942=ORIENTED_EDGE('',*,*,#2040,.F.);
#2943=ORIENTED_EDGE('',*,*,#1920,.T.);
#2944=ORIENTED_EDGE('',*,*,#2044,.T.);
#2945=ORIENTED_EDGE('',*,*,#1845,.F.);
#2946=ORIENTED_EDGE('',*,*,#2045,.F.);
#2947=ORIENTED_EDGE('',*,*,#1921,.T.);
#2948=ORIENTED_EDGE('',*,*,#2045,.T.);
#2949=ORIENTED_EDGE('',*,*,#1844,.F.);
#2950=ORIENTED_EDGE('',*,*,#2046,.F.);
#2951=ORIENTED_EDGE('',*,*,#1751,.F.);
#2952=ORIENTED_EDGE('',*,*,#2046,.T.);
#2953=ORIENTED_EDGE('',*,*,#1843,.F.);
#2954=ORIENTED_EDGE('',*,*,#2047,.F.);
#2955=ORIENTED_EDGE('',*,*,#1918,.T.);
#2956=ORIENTED_EDGE('',*,*,#2047,.T.);
#2957=ORIENTED_EDGE('',*,*,#1847,.F.);
#2958=ORIENTED_EDGE('',*,*,#2048,.F.);
#2959=ORIENTED_EDGE('',*,*,#1919,.T.);
#2960=ORIENTED_EDGE('',*,*,#2048,.T.);
#2961=ORIENTED_EDGE('',*,*,#1846,.F.);
#2962=ORIENTED_EDGE('',*,*,#2044,.F.);
#2963=ORIENTED_EDGE('',*,*,#1908,.T.);
#2964=ORIENTED_EDGE('',*,*,#2049,.T.);
#2965=ORIENTED_EDGE('',*,*,#1870,.F.);
#2966=ORIENTED_EDGE('',*,*,#2050,.F.);
#2967=ORIENTED_EDGE('',*,*,#1909,.T.);
#2968=ORIENTED_EDGE('',*,*,#2050,.T.);
#2969=ORIENTED_EDGE('',*,*,#1869,.F.);
#2970=ORIENTED_EDGE('',*,*,#2051,.F.);
#2971=ORIENTED_EDGE('',*,*,#1744,.T.);
#2972=ORIENTED_EDGE('',*,*,#2051,.T.);
#2973=ORIENTED_EDGE('',*,*,#1868,.F.);
#2974=ORIENTED_EDGE('',*,*,#2052,.F.);
#2975=ORIENTED_EDGE('',*,*,#1906,.T.);
#2976=ORIENTED_EDGE('',*,*,#2052,.T.);
#2977=ORIENTED_EDGE('',*,*,#1872,.F.);
#2978=ORIENTED_EDGE('',*,*,#2053,.F.);
#2979=ORIENTED_EDGE('',*,*,#1907,.T.);
#2980=ORIENTED_EDGE('',*,*,#2053,.T.);
#2981=ORIENTED_EDGE('',*,*,#1871,.F.);
#2982=ORIENTED_EDGE('',*,*,#2049,.F.);
#2983=ORIENTED_EDGE('',*,*,#1912,.T.);
#2984=ORIENTED_EDGE('',*,*,#2054,.T.);
#2985=ORIENTED_EDGE('',*,*,#1865,.F.);
#2986=ORIENTED_EDGE('',*,*,#2055,.F.);
#2987=ORIENTED_EDGE('',*,*,#1913,.T.);
#2988=ORIENTED_EDGE('',*,*,#2055,.T.);
#2989=ORIENTED_EDGE('',*,*,#1864,.F.);
#2990=ORIENTED_EDGE('',*,*,#2056,.F.);
#2991=ORIENTED_EDGE('',*,*,#1742,.T.);
#2992=ORIENTED_EDGE('',*,*,#2056,.T.);
#2993=ORIENTED_EDGE('',*,*,#1863,.F.);
#2994=ORIENTED_EDGE('',*,*,#2057,.F.);
#2995=ORIENTED_EDGE('',*,*,#1910,.T.);
#2996=ORIENTED_EDGE('',*,*,#2057,.T.);
#2997=ORIENTED_EDGE('',*,*,#1867,.F.);
#2998=ORIENTED_EDGE('',*,*,#2058,.F.);
#2999=ORIENTED_EDGE('',*,*,#1911,.T.);
#3000=ORIENTED_EDGE('',*,*,#2058,.T.);
#3001=ORIENTED_EDGE('',*,*,#1866,.F.);
#3002=ORIENTED_EDGE('',*,*,#2054,.F.);
#3003=ORIENTED_EDGE('',*,*,#1757,.F.);
#3004=ORIENTED_EDGE('',*,*,#2059,.T.);
#3005=ORIENTED_EDGE('',*,*,#1813,.F.);
#3006=ORIENTED_EDGE('',*,*,#2060,.F.);
#3007=ORIENTED_EDGE('',*,*,#1926,.T.);
#3008=ORIENTED_EDGE('',*,*,#2060,.T.);
#3009=ORIENTED_EDGE('',*,*,#1817,.F.);
#3010=ORIENTED_EDGE('',*,*,#2061,.F.);
#3011=ORIENTED_EDGE('',*,*,#1927,.T.);
#3012=ORIENTED_EDGE('',*,*,#2061,.T.);
#3013=ORIENTED_EDGE('',*,*,#1816,.F.);
#3014=ORIENTED_EDGE('',*,*,#2062,.F.);
#3015=ORIENTED_EDGE('',*,*,#1928,.T.);
#3016=ORIENTED_EDGE('',*,*,#2062,.T.);
#3017=ORIENTED_EDGE('',*,*,#1815,.F.);
#3018=ORIENTED_EDGE('',*,*,#2063,.F.);
#3019=ORIENTED_EDGE('',*,*,#1929,.T.);
#3020=ORIENTED_EDGE('',*,*,#2063,.T.);
#3021=ORIENTED_EDGE('',*,*,#1814,.F.);
#3022=ORIENTED_EDGE('',*,*,#2059,.F.);
#3023=ORIENTED_EDGE('',*,*,#1597,.T.);
#3024=ORIENTED_EDGE('',*,*,#1734,.F.);
#3025=ORIENTED_EDGE('',*,*,#1778,.T.);
#3026=ORIENTED_EDGE('',*,*,#2064,.T.);
#3027=ORIENTED_EDGE('',*,*,#1598,.T.);
#3028=ORIENTED_EDGE('',*,*,#2064,.F.);
#3029=ORIENTED_EDGE('',*,*,#1781,.T.);
#3030=ORIENTED_EDGE('',*,*,#1725,.T.);
#3031=ORIENTED_EDGE('',*,*,#1604,.T.);
#3032=ORIENTED_EDGE('',*,*,#1724,.F.);
#3033=ORIENTED_EDGE('',*,*,#1930,.T.);
#3034=ORIENTED_EDGE('',*,*,#1755,.T.);
#3035=PLANE('',#3329);
#3036=PLANE('',#3330);
#3037=PLANE('',#3331);
#3038=PLANE('',#3332);
#3039=PLANE('',#3333);
#3040=PLANE('',#3334);
#3041=PLANE('',#3335);
#3042=PLANE('',#3336);
#3043=PLANE('',#3337);
#3044=PLANE('',#3338);
#3045=PLANE('',#3339);
#3046=PLANE('',#3340);
#3047=PLANE('',#3341);
#3048=PLANE('',#3342);
#3049=PLANE('',#3343);
#3050=PLANE('',#3344);
#3051=PLANE('',#3345);
#3052=PLANE('',#3346);
#3053=PLANE('',#3347);
#3054=PLANE('',#3348);
#3055=PLANE('',#3349);
#3056=PLANE('',#3366);
#3057=PLANE('',#3367);
#3058=PLANE('',#3368);
#3059=PLANE('',#3369);
#3060=PLANE('',#3370);
#3061=PLANE('',#3371);
#3062=PLANE('',#3372);
#3063=PLANE('',#3373);
#3064=PLANE('',#3374);
#3065=PLANE('',#3375);
#3066=PLANE('',#3376);
#3067=PLANE('',#3377);
#3068=PLANE('',#3378);
#3069=PLANE('',#3379);
#3070=PLANE('',#3380);
#3071=PLANE('',#3381);
#3072=PLANE('',#3382);
#3073=PLANE('',#3383);
#3074=PLANE('',#3384);
#3075=PLANE('',#3385);
#3076=PLANE('',#3386);
#3077=PLANE('',#3387);
#3078=PLANE('',#3388);
#3079=PLANE('',#3389);
#3080=PLANE('',#3390);
#3081=PLANE('',#3391);
#3082=PLANE('',#3392);
#3083=PLANE('',#3393);
#3084=PLANE('',#3394);
#3085=PLANE('',#3395);
#3086=PLANE('',#3396);
#3087=PLANE('',#3397);
#3088=PLANE('',#3398);
#3089=PLANE('',#3399);
#3090=PLANE('',#3400);
#3091=PLANE('',#3401);
#3092=PLANE('',#3402);
#3093=PLANE('',#3403);
#3094=PLANE('',#3404);
#3095=PLANE('',#3405);
#3096=PLANE('',#3406);
#3097=PLANE('',#3407);
#3098=PLANE('',#3408);
#3099=PLANE('',#3409);
#3100=PLANE('',#3410);
#3101=PLANE('',#3411);
#3102=PLANE('',#3412);
#3103=PLANE('',#3413);
#3104=PLANE('',#3414);
#3105=PLANE('',#3415);
#3106=PLANE('',#3416);
#3107=PLANE('',#3417);
#3108=PLANE('',#3418);
#3109=PLANE('',#3419);
#3110=PLANE('',#3420);
#3111=PLANE('',#3421);
#3112=PLANE('',#3422);
#3113=PLANE('',#3423);
#3114=PLANE('',#3424);
#3115=PLANE('',#3425);
#3116=PLANE('',#3426);
#3117=PLANE('',#3427);
#3118=PLANE('',#3428);
#3119=PLANE('',#3429);
#3120=PLANE('',#3430);
#3121=PLANE('',#3431);
#3122=PLANE('',#3432);
#3123=PLANE('',#3433);
#3124=PLANE('',#3434);
#3125=PLANE('',#3435);
#3126=PLANE('',#3436);
#3127=PLANE('',#3437);
#3128=PLANE('',#3438);
#3129=PLANE('',#3439);
#3130=PLANE('',#3440);
#3131=PLANE('',#3441);
#3132=PLANE('',#3442);
#3133=PLANE('',#3443);
#3134=PLANE('',#3444);
#3135=PLANE('',#3445);
#3136=PLANE('',#3446);
#3137=PLANE('',#3447);
#3138=PLANE('',#3448);
#3139=PLANE('',#3449);
#3140=PLANE('',#3450);
#3141=PLANE('',#3451);
#3142=PLANE('',#3452);
#3143=PLANE('',#3453);
#3144=PLANE('',#3454);
#3145=PLANE('',#3455);
#3146=PLANE('',#3456);
#3147=PLANE('',#3457);
#3148=PLANE('',#3458);
#3149=PLANE('',#3459);
#3150=PLANE('',#3460);
#3151=PLANE('',#3461);
#3152=PLANE('',#3462);
#3153=PLANE('',#3463);
#3154=PLANE('',#3464);
#3155=ADVANCED_FACE('',(#90),#3035,.F.);
#3156=ADVANCED_FACE('',(#91),#58,.F.);
#3157=ADVANCED_FACE('',(#92),#59,.F.);
#3158=ADVANCED_FACE('',(#93),#60,.F.);
#3159=ADVANCED_FACE('',(#94),#61,.F.);
#3160=ADVANCED_FACE('',(#95),#62,.F.);
#3161=ADVANCED_FACE('',(#96),#63,.F.);
#3162=ADVANCED_FACE('',(#97),#64,.F.);
#3163=ADVANCED_FACE('',(#98),#65,.F.);
#3164=ADVANCED_FACE('',(#99),#66,.F.);
#3165=ADVANCED_FACE('',(#100),#67,.F.);
#3166=ADVANCED_FACE('',(#101),#3036,.T.);
#3167=ADVANCED_FACE('',(#102),#68,.T.);
#3168=ADVANCED_FACE('',(#103),#69,.F.);
#3169=ADVANCED_FACE('',(#104),#3037,.F.);
#3170=ADVANCED_FACE('',(#105),#3038,.F.);
#3171=ADVANCED_FACE('',(#106),#70,.F.);
#3172=ADVANCED_FACE('',(#107),#3039,.F.);
#3173=ADVANCED_FACE('',(#108),#3040,.F.);
#3174=ADVANCED_FACE('',(#109),#3041,.F.);
#3175=ADVANCED_FACE('',(#110),#71,.F.);
#3176=ADVANCED_FACE('',(#111),#3042,.F.);
#3177=ADVANCED_FACE('',(#112),#3043,.F.);
#3178=ADVANCED_FACE('',(#113),#72,.F.);
#3179=ADVANCED_FACE('',(#114),#3044,.F.);
#3180=ADVANCED_FACE('',(#115),#73,.F.);
#3181=ADVANCED_FACE('',(#116),#3045,.F.);
#3182=ADVANCED_FACE('',(#117),#3046,.F.);
#3183=ADVANCED_FACE('',(#118),#74,.F.);
#3184=ADVANCED_FACE('',(#119),#3047,.F.);
#3185=ADVANCED_FACE('',(#120),#3048,.F.);
#3186=ADVANCED_FACE('',(#121),#75,.T.);
#3187=ADVANCED_FACE('',(#122),#76,.T.);
#3188=ADVANCED_FACE('',(#123),#3049,.T.);
#3189=ADVANCED_FACE('',(#124),#77,.T.);
#3190=ADVANCED_FACE('',(#125),#78,.F.);
#3191=ADVANCED_FACE('',(#126),#79,.T.);
#3192=ADVANCED_FACE('',(#127),#80,.F.);
#3193=ADVANCED_FACE('',(#128),#81,.F.);
#3194=ADVANCED_FACE('',(#129),#82,.T.);
#3195=ADVANCED_FACE('',(#130),#83,.T.);
#3196=ADVANCED_FACE('',(#131),#3050,.F.);
#3197=ADVANCED_FACE('',(#132),#3051,.F.);
#3198=ADVANCED_FACE('',(#133),#84,.F.);
#3199=ADVANCED_FACE('',(#134),#3052,.F.);
#3200=ADVANCED_FACE('',(#135),#85,.F.);
#3201=ADVANCED_FACE('',(#136),#3053,.F.);
#3202=ADVANCED_FACE('',(#137),#86,.T.);
#3203=ADVANCED_FACE('',(#138),#3054,.F.);
#3204=ADVANCED_FACE('',(#139),#3055,.F.);
#3205=ADVANCED_FACE('',(#140),#50,.T.);
#3206=ADVANCED_FACE('',(#141),#51,.T.);
#3207=ADVANCED_FACE('',(#142),#52,.T.);
#3208=ADVANCED_FACE('',(#143),#53,.T.);
#3209=ADVANCED_FACE('',(#144),#54,.T.);
#3210=ADVANCED_FACE('',(#145),#55,.T.);
#3211=ADVANCED_FACE('',(#146),#56,.T.);
#3212=ADVANCED_FACE('',(#147),#57,.T.);
#3213=ADVANCED_FACE('',(#148,#15,#16,#17,#18,#19,#20,#21,#22,#23,#24,#25,
#26,#27,#28,#29,#30,#31,#32,#33,#34,#35),#3056,.T.);
#3214=ADVANCED_FACE('',(#149,#36,#37,#38,#39,#40,#41),#3057,.F.);
#3215=ADVANCED_FACE('',(#150),#3058,.T.);
#3216=ADVANCED_FACE('',(#151),#3059,.T.);
#3217=ADVANCED_FACE('',(#152),#3060,.T.);
#3218=ADVANCED_FACE('',(#153),#3061,.T.);
#3219=ADVANCED_FACE('',(#154),#3062,.T.);
#3220=ADVANCED_FACE('',(#155),#3063,.T.);
#3221=ADVANCED_FACE('',(#156),#3064,.T.);
#3222=ADVANCED_FACE('',(#157),#3065,.T.);
#3223=ADVANCED_FACE('',(#158),#3066,.T.);
#3224=ADVANCED_FACE('',(#159),#3067,.T.);
#3225=ADVANCED_FACE('',(#160),#3068,.T.);
#3226=ADVANCED_FACE('',(#161),#3069,.T.);
#3227=ADVANCED_FACE('',(#162),#3070,.T.);
#3228=ADVANCED_FACE('',(#163),#3071,.T.);
#3229=ADVANCED_FACE('',(#164),#3072,.T.);
#3230=ADVANCED_FACE('',(#165),#3073,.T.);
#3231=ADVANCED_FACE('',(#166),#3074,.T.);
#3232=ADVANCED_FACE('',(#167),#3075,.T.);
#3233=ADVANCED_FACE('',(#168),#3076,.T.);
#3234=ADVANCED_FACE('',(#169),#3077,.T.);
#3235=ADVANCED_FACE('',(#170),#3078,.T.);
#3236=ADVANCED_FACE('',(#171),#3079,.T.);
#3237=ADVANCED_FACE('',(#172),#3080,.T.);
#3238=ADVANCED_FACE('',(#173),#3081,.T.);
#3239=ADVANCED_FACE('',(#174),#3082,.T.);
#3240=ADVANCED_FACE('',(#175),#3083,.T.);
#3241=ADVANCED_FACE('',(#176),#3084,.T.);
#3242=ADVANCED_FACE('',(#177),#3085,.T.);
#3243=ADVANCED_FACE('',(#178),#3086,.T.);
#3244=ADVANCED_FACE('',(#179),#3087,.T.);
#3245=ADVANCED_FACE('',(#180),#3088,.T.);
#3246=ADVANCED_FACE('',(#181),#3089,.T.);
#3247=ADVANCED_FACE('',(#182),#3090,.T.);
#3248=ADVANCED_FACE('',(#183),#3091,.T.);
#3249=ADVANCED_FACE('',(#184),#3092,.T.);
#3250=ADVANCED_FACE('',(#185),#3093,.T.);
#3251=ADVANCED_FACE('',(#186),#3094,.T.);
#3252=ADVANCED_FACE('',(#187),#3095,.T.);
#3253=ADVANCED_FACE('',(#188),#3096,.T.);
#3254=ADVANCED_FACE('',(#189),#3097,.T.);
#3255=ADVANCED_FACE('',(#190),#3098,.T.);
#3256=ADVANCED_FACE('',(#191),#3099,.T.);
#3257=ADVANCED_FACE('',(#192),#3100,.T.);
#3258=ADVANCED_FACE('',(#193),#3101,.T.);
#3259=ADVANCED_FACE('',(#194),#3102,.T.);
#3260=ADVANCED_FACE('',(#195),#3103,.T.);
#3261=ADVANCED_FACE('',(#196),#3104,.T.);
#3262=ADVANCED_FACE('',(#197),#3105,.T.);
#3263=ADVANCED_FACE('',(#198),#3106,.T.);
#3264=ADVANCED_FACE('',(#199),#3107,.T.);
#3265=ADVANCED_FACE('',(#200),#3108,.T.);
#3266=ADVANCED_FACE('',(#201),#3109,.T.);
#3267=ADVANCED_FACE('',(#202),#3110,.T.);
#3268=ADVANCED_FACE('',(#203),#3111,.T.);
#3269=ADVANCED_FACE('',(#204),#3112,.T.);
#3270=ADVANCED_FACE('',(#205),#3113,.T.);
#3271=ADVANCED_FACE('',(#206),#3114,.T.);
#3272=ADVANCED_FACE('',(#207),#3115,.T.);
#3273=ADVANCED_FACE('',(#208),#3116,.T.);
#3274=ADVANCED_FACE('',(#209),#3117,.T.);
#3275=ADVANCED_FACE('',(#210),#3118,.T.);
#3276=ADVANCED_FACE('',(#211),#3119,.T.);
#3277=ADVANCED_FACE('',(#212),#3120,.T.);
#3278=ADVANCED_FACE('',(#213),#3121,.T.);
#3279=ADVANCED_FACE('',(#214),#3122,.T.);
#3280=ADVANCED_FACE('',(#215),#3123,.T.);
#3281=ADVANCED_FACE('',(#216),#3124,.T.);
#3282=ADVANCED_FACE('',(#217),#3125,.T.);
#3283=ADVANCED_FACE('',(#218),#3126,.T.);
#3284=ADVANCED_FACE('',(#219),#3127,.T.);
#3285=ADVANCED_FACE('',(#220),#3128,.T.);
#3286=ADVANCED_FACE('',(#221),#3129,.T.);
#3287=ADVANCED_FACE('',(#222),#3130,.T.);
#3288=ADVANCED_FACE('',(#223),#3131,.T.);
#3289=ADVANCED_FACE('',(#224),#3132,.T.);
#3290=ADVANCED_FACE('',(#225),#3133,.T.);
#3291=ADVANCED_FACE('',(#226),#3134,.T.);
#3292=ADVANCED_FACE('',(#227),#3135,.T.);
#3293=ADVANCED_FACE('',(#228),#3136,.T.);
#3294=ADVANCED_FACE('',(#229),#3137,.T.);
#3295=ADVANCED_FACE('',(#230),#3138,.T.);
#3296=ADVANCED_FACE('',(#231),#3139,.T.);
#3297=ADVANCED_FACE('',(#232),#3140,.T.);
#3298=ADVANCED_FACE('',(#233),#3141,.T.);
#3299=ADVANCED_FACE('',(#234),#3142,.T.);
#3300=ADVANCED_FACE('',(#235),#3143,.T.);
#3301=ADVANCED_FACE('',(#236),#3144,.T.);
#3302=ADVANCED_FACE('',(#237),#3145,.T.);
#3303=ADVANCED_FACE('',(#238),#3146,.T.);
#3304=ADVANCED_FACE('',(#239),#3147,.T.);
#3305=ADVANCED_FACE('',(#240),#3148,.T.);
#3306=ADVANCED_FACE('',(#241),#3149,.T.);
#3307=ADVANCED_FACE('',(#242),#3150,.T.);
#3308=ADVANCED_FACE('',(#243),#3151,.T.);
#3309=ADVANCED_FACE('',(#244),#3152,.T.);
#3310=ADVANCED_FACE('',(#245),#3153,.T.);
#3311=ADVANCED_FACE('',(#246),#3154,.T.);
#3312=ADVANCED_FACE('',(#247),#87,.T.);
#3313=ADVANCED_FACE('',(#248),#88,.T.);
#3314=ADVANCED_FACE('',(#249),#89,.T.);
#3315=CLOSED_SHELL('',(#3155,#3156,#3157,#3158,#3159,#3160,#3161,#3162,
#3163,#3164,#3165,#3166,#3167,#3168,#3169,#3170,#3171,#3172,#3173,#3174,
#3175,#3176,#3177,#3178,#3179,#3180,#3181,#3182,#3183,#3184,#3185,#3186,
#3187,#3188,#3189,#3190,#3191,#3192,#3193,#3194,#3195,#3196,#3197,#3198,
#3199,#3200,#3201,#3202,#3203,#3204,#3205,#3206,#3207,#3208,#3209,#3210,
#3211,#3212,#3213,#3214,#3215,#3216,#3217,#3218,#3219,#3220,#3221,#3222,
#3223,#3224,#3225,#3226,#3227,#3228,#3229,#3230,#3231,#3232,#3233,#3234,
#3235,#3236,#3237,#3238,#3239,#3240,#3241,#3242,#3243,#3244,#3245,#3246,
#3247,#3248,#3249,#3250,#3251,#3252,#3253,#3254,#3255,#3256,#3257,#3258,
#3259,#3260,#3261,#3262,#3263,#3264,#3265,#3266,#3267,#3268,#3269,#3270,
#3271,#3272,#3273,#3274,#3275,#3276,#3277,#3278,#3279,#3280,#3281,#3282,
#3283,#3284,#3285,#3286,#3287,#3288,#3289,#3290,#3291,#3292,#3293,#3294,
#3295,#3296,#3297,#3298,#3299,#3300,#3301,#3302,#3303,#3304,#3305,#3306,
#3307,#3308,#3309,#3310,#3311,#3312,#3313,#3314));
#3316=DERIVED_UNIT_ELEMENT(#3318,1.);
#3317=DERIVED_UNIT_ELEMENT(#5943,-3.);
#3318=(
MASS_UNIT()
NAMED_UNIT(*)
SI_UNIT(.KILO.,.GRAM.)
);
#3319=DERIVED_UNIT((#3316,#3317));
#3320=MEASURE_REPRESENTATION_ITEM('density measure',
POSITIVE_RATIO_MEASURE(7850.),#3319);
#3321=PROPERTY_DEFINITION_REPRESENTATION(#3326,#3323);
#3322=PROPERTY_DEFINITION_REPRESENTATION(#3327,#3324);
#3323=REPRESENTATION('material name',(#3325),#5940);
#3324=REPRESENTATION('density',(#3320),#5940);
#3325=DESCRIPTIVE_REPRESENTATION_ITEM('Steel','Steel');
#3326=PROPERTY_DEFINITION('material property','material name',#5950);
#3327=PROPERTY_DEFINITION('material property','density of part',#5950);
#3328=AXIS2_PLACEMENT_3D('',#4099,#3465,#3466);
#3329=AXIS2_PLACEMENT_3D('',#4100,#3467,#3468);
#3330=AXIS2_PLACEMENT_3D('',#4703,#3489,#3490);
#3331=AXIS2_PLACEMENT_3D('',#4768,#3495,#3496);
#3332=AXIS2_PLACEMENT_3D('',#4778,#3498,#3499);
#3333=AXIS2_PLACEMENT_3D('',#4789,#3502,#3503);
#3334=AXIS2_PLACEMENT_3D('',#4791,#3505,#3506);
#3335=AXIS2_PLACEMENT_3D('',#4800,#3507,#3508);
#3336=AXIS2_PLACEMENT_3D('',#4812,#3512,#3513);
#3337=AXIS2_PLACEMENT_3D('',#4814,#3515,#3516);
#3338=AXIS2_PLACEMENT_3D('',#4845,#3519,#3520);
#3339=AXIS2_PLACEMENT_3D('',#4864,#3523,#3524);
#3340=AXIS2_PLACEMENT_3D('',#4866,#3526,#3527);
#3341=AXIS2_PLACEMENT_3D('',#4897,#3530,#3531);
#3342=AXIS2_PLACEMENT_3D('',#4907,#3533,#3534);
#3343=AXIS2_PLACEMENT_3D('',#5001,#3543,#3544);
#3344=AXIS2_PLACEMENT_3D('',#5192,#3566,#3567);
#3345=AXIS2_PLACEMENT_3D('',#5194,#3569,#3570);
#3346=AXIS2_PLACEMENT_3D('',#5221,#3573,#3574);
#3347=AXIS2_PLACEMENT_3D('',#5285,#3576,#3577);
#3348=AXIS2_PLACEMENT_3D('',#5312,#3579,#3580);
#3349=AXIS2_PLACEMENT_3D('',#5314,#3582,#3583);
#3350=AXIS2_PLACEMENT_3D('',#5315,#3584,#3585);
#3351=AXIS2_PLACEMENT_3D('',#5319,#3587,#3588);
#3352=AXIS2_PLACEMENT_3D('',#5320,#3589,#3590);
#3353=AXIS2_PLACEMENT_3D('',#5321,#3591,#3592);
#3354=AXIS2_PLACEMENT_3D('',#5324,#3594,#3595);
#3355=AXIS2_PLACEMENT_3D('',#5325,#3596,#3597);
#3356=AXIS2_PLACEMENT_3D('',#5329,#3599,#3600);
#3357=AXIS2_PLACEMENT_3D('',#5331,#3602,#3603);
#3358=AXIS2_PLACEMENT_3D('',#5334,#3605,#3606);
#3359=AXIS2_PLACEMENT_3D('',#5336,#3608,#3609);
#3360=AXIS2_PLACEMENT_3D('',#5339,#3611,#3612);
#3361=AXIS2_PLACEMENT_3D('',#5340,#3613,#3614);
#3362=AXIS2_PLACEMENT_3D('',#5343,#3616,#3617);
#3363=AXIS2_PLACEMENT_3D('',#5344,#3618,#3619);
#3364=AXIS2_PLACEMENT_3D('',#5347,#3621,#3622);
#3365=AXIS2_PLACEMENT_3D('',#5348,#3623,#3624);
#3366=AXIS2_PLACEMENT_3D('',#5350,#3626,#3627);
#3367=AXIS2_PLACEMENT_3D('',#5545,#3725,#3726);
#3368=AXIS2_PLACEMENT_3D('',#5692,#3808,#3809);
#3369=AXIS2_PLACEMENT_3D('',#5695,#3812,#3813);
#3370=AXIS2_PLACEMENT_3D('',#5697,#3815,#3816);
#3371=AXIS2_PLACEMENT_3D('',#5699,#3818,#3819);
#3372=AXIS2_PLACEMENT_3D('',#5700,#3820,#3821);
#3373=AXIS2_PLACEMENT_3D('',#5703,#3824,#3825);
#3374=AXIS2_PLACEMENT_3D('',#5705,#3827,#3828);
#3375=AXIS2_PLACEMENT_3D('',#5707,#3830,#3831);
#3376=AXIS2_PLACEMENT_3D('',#5709,#3833,#3834);
#3377=AXIS2_PLACEMENT_3D('',#5710,#3835,#3836);
#3378=AXIS2_PLACEMENT_3D('',#5713,#3839,#3840);
#3379=AXIS2_PLACEMENT_3D('',#5715,#3842,#3843);
#3380=AXIS2_PLACEMENT_3D('',#5717,#3845,#3846);
#3381=AXIS2_PLACEMENT_3D('',#5718,#3847,#3848);
#3382=AXIS2_PLACEMENT_3D('',#5721,#3851,#3852);
#3383=AXIS2_PLACEMENT_3D('',#5723,#3854,#3855);
#3384=AXIS2_PLACEMENT_3D('',#5725,#3857,#3858);
#3385=AXIS2_PLACEMENT_3D('',#5726,#3859,#3860);
#3386=AXIS2_PLACEMENT_3D('',#5729,#3863,#3864);
#3387=AXIS2_PLACEMENT_3D('',#5731,#3866,#3867);
#3388=AXIS2_PLACEMENT_3D('',#5733,#3869,#3870);
#3389=AXIS2_PLACEMENT_3D('',#5735,#3872,#3873);
#3390=AXIS2_PLACEMENT_3D('',#5736,#3874,#3875);
#3391=AXIS2_PLACEMENT_3D('',#5739,#3878,#3879);
#3392=AXIS2_PLACEMENT_3D('',#5741,#3881,#3882);
#3393=AXIS2_PLACEMENT_3D('',#5743,#3884,#3885);
#3394=AXIS2_PLACEMENT_3D('',#5745,#3887,#3888);
#3395=AXIS2_PLACEMENT_3D('',#5746,#3889,#3890);
#3396=AXIS2_PLACEMENT_3D('',#5749,#3893,#3894);
#3397=AXIS2_PLACEMENT_3D('',#5751,#3896,#3897);
#3398=AXIS2_PLACEMENT_3D('',#5753,#3899,#3900);
#3399=AXIS2_PLACEMENT_3D('',#5754,#3901,#3902);
#3400=AXIS2_PLACEMENT_3D('',#5757,#3905,#3906);
#3401=AXIS2_PLACEMENT_3D('',#5759,#3908,#3909);
#3402=AXIS2_PLACEMENT_3D('',#5761,#3911,#3912);
#3403=AXIS2_PLACEMENT_3D('',#5763,#3914,#3915);
#3404=AXIS2_PLACEMENT_3D('',#5764,#3916,#3917);
#3405=AXIS2_PLACEMENT_3D('',#5767,#3920,#3921);
#3406=AXIS2_PLACEMENT_3D('',#5769,#3923,#3924);
#3407=AXIS2_PLACEMENT_3D('',#5771,#3926,#3927);
#3408=AXIS2_PLACEMENT_3D('',#5772,#3928,#3929);
#3409=AXIS2_PLACEMENT_3D('',#5775,#3932,#3933);
#3410=AXIS2_PLACEMENT_3D('',#5777,#3935,#3936);
#3411=AXIS2_PLACEMENT_3D('',#5779,#3938,#3939);
#3412=AXIS2_PLACEMENT_3D('',#5780,#3940,#3941);
#3413=AXIS2_PLACEMENT_3D('',#5783,#3944,#3945);
#3414=AXIS2_PLACEMENT_3D('',#5785,#3947,#3948);
#3415=AXIS2_PLACEMENT_3D('',#5787,#3950,#3951);
#3416=AXIS2_PLACEMENT_3D('',#5788,#3952,#3953);
#3417=AXIS2_PLACEMENT_3D('',#5791,#3956,#3957);
#3418=AXIS2_PLACEMENT_3D('',#5793,#3959,#3960);
#3419=AXIS2_PLACEMENT_3D('',#5795,#3962,#3963);
#3420=AXIS2_PLACEMENT_3D('',#5797,#3965,#3966);
#3421=AXIS2_PLACEMENT_3D('',#5798,#3967,#3968);
#3422=AXIS2_PLACEMENT_3D('',#5801,#3971,#3972);
#3423=AXIS2_PLACEMENT_3D('',#5803,#3974,#3975);
#3424=AXIS2_PLACEMENT_3D('',#5805,#3977,#3978);
#3425=AXIS2_PLACEMENT_3D('',#5807,#3980,#3981);
#3426=AXIS2_PLACEMENT_3D('',#5808,#3982,#3983);
#3427=AXIS2_PLACEMENT_3D('',#5811,#3986,#3987);
#3428=AXIS2_PLACEMENT_3D('',#5813,#3989,#3990);
#3429=AXIS2_PLACEMENT_3D('',#5815,#3992,#3993);
#3430=AXIS2_PLACEMENT_3D('',#5817,#3995,#3996);
#3431=AXIS2_PLACEMENT_3D('',#5818,#3997,#3998);
#3432=AXIS2_PLACEMENT_3D('',#5821,#4001,#4002);
#3433=AXIS2_PLACEMENT_3D('',#5823,#4004,#4005);
#3434=AXIS2_PLACEMENT_3D('',#5825,#4007,#4008);
#3435=AXIS2_PLACEMENT_3D('',#5827,#4010,#4011);
#3436=AXIS2_PLACEMENT_3D('',#5828,#4012,#4013);
#3437=AXIS2_PLACEMENT_3D('',#5831,#4016,#4017);
#3438=AXIS2_PLACEMENT_3D('',#5833,#4019,#4020);
#3439=AXIS2_PLACEMENT_3D('',#5835,#4022,#4023);
#3440=AXIS2_PLACEMENT_3D('',#5837,#4025,#4026);
#3441=AXIS2_PLACEMENT_3D('',#5838,#4027,#4028);
#3442=AXIS2_PLACEMENT_3D('',#5841,#4031,#4032);
#3443=AXIS2_PLACEMENT_3D('',#5843,#4034,#4035);
#3444=AXIS2_PLACEMENT_3D('',#5845,#4037,#4038);
#3445=AXIS2_PLACEMENT_3D('',#5846,#4039,#4040);
#3446=AXIS2_PLACEMENT_3D('',#5849,#4043,#4044);
#3447=AXIS2_PLACEMENT_3D('',#5851,#4046,#4047);
#3448=AXIS2_PLACEMENT_3D('',#5853,#4049,#4050);
#3449=AXIS2_PLACEMENT_3D('',#5855,#4052,#4053);
#3450=AXIS2_PLACEMENT_3D('',#5856,#4054,#4055);
#3451=AXIS2_PLACEMENT_3D('',#5859,#4058,#4059);
#3452=AXIS2_PLACEMENT_3D('',#5861,#4061,#4062);
#3453=AXIS2_PLACEMENT_3D('',#5863,#4064,#4065);
#3454=AXIS2_PLACEMENT_3D('',#5865,#4067,#4068);
#3455=AXIS2_PLACEMENT_3D('',#5866,#4069,#4070);
#3456=AXIS2_PLACEMENT_3D('',#5869,#4073,#4074);
#3457=AXIS2_PLACEMENT_3D('',#5871,#4076,#4077);
#3458=AXIS2_PLACEMENT_3D('',#5873,#4079,#4080);
#3459=AXIS2_PLACEMENT_3D('',#5875,#4082,#4083);
#3460=AXIS2_PLACEMENT_3D('',#5876,#4084,#4085);
#3461=AXIS2_PLACEMENT_3D('',#5879,#4088,#4089);
#3462=AXIS2_PLACEMENT_3D('',#5881,#4091,#4092);
#3463=AXIS2_PLACEMENT_3D('',#5883,#4094,#4095);
#3464=AXIS2_PLACEMENT_3D('',#5885,#4097,#4098);
#3465=DIRECTION('axis',(0.,0.,1.));
#3466=DIRECTION('refdir',(1.,0.,0.));
#3467=DIRECTION('center_axis',(0.,-1.,0.));
#3468=DIRECTION('ref_axis',(0.,0.,-1.));
#3469=DIRECTION('',(-1.,0.,0.));
#3470=DIRECTION('',(-5.55111512312547E-16,0.,1.));
#3471=DIRECTION('',(-0.707106781186036,0.,0.707106781187059));
#3472=DIRECTION('',(-1.,0.,2.61228946970625E-16));
#3473=DIRECTION('',(0.,0.,-1.));
#3474=DIRECTION('',(0.,0.,-1.));
#3475=DIRECTION('',(1.,0.,-1.07093729413334E-16));
#3476=DIRECTION('',(1.,0.,-1.07093729413334E-16));
#3477=DIRECTION('',(1.,0.,-1.07093729413334E-16));
#3478=DIRECTION('',(1.,0.,-1.07093729413334E-16));
#3479=DIRECTION('',(1.,0.,-1.07093729413334E-16));
#3480=DIRECTION('',(1.,0.,-1.07093729413334E-16));
#3481=DIRECTION('',(1.,0.,-1.07093729413334E-16));
#3482=DIRECTION('',(0.707106781186546,0.,-0.707106781186549));
#3483=DIRECTION('',(0.707106781186546,0.,-0.707106781186549));
#3484=DIRECTION('',(0.,0.,-1.));
#3485=DIRECTION('',(0.,0.,-1.));
#3486=DIRECTION('',(0.,0.,-1.));
#3487=DIRECTION('',(-0.707106781186541,0.,-0.707106781186554));
#3488=DIRECTION('',(-0.707106781186541,0.,-0.707106781186554));
#3489=DIRECTION('center_axis',(0.,0.,1.));
#3490=DIRECTION('ref_axis',(1.,0.,0.));
#3491=DIRECTION('',(-1.,0.,0.));
#3492=DIRECTION('',(0.707106781186541,0.,-0.707106781186554));
#3493=DIRECTION('',(0.,0.,-1.));
#3494=DIRECTION('',(0.,0.,-1.));
#3495=DIRECTION('center_axis',(0.499999999999999,0.86602540378444,0.));
#3496=DIRECTION('ref_axis',(0.866025403784439,-0.499999999999999,0.));
#3497=DIRECTION('',(0.,0.,-1.));
#3498=DIRECTION('center_axis',(-0.5,0.866025403784439,0.));
#3499=DIRECTION('ref_axis',(0.866025403784439,0.5,0.));
#3500=DIRECTION('',(0.,0.,-1.));
#3501=DIRECTION('',(0.,0.,-1.));
#3502=DIRECTION('center_axis',(0.5,-0.866025403784438,0.));
#3503=DIRECTION('ref_axis',(-0.866025403784438,-0.5,0.));
#3504=DIRECTION('',(0.,0.,-1.));
#3505=DIRECTION('center_axis',(-0.499999999999999,-0.866025403784439,0.));
#3506=DIRECTION('ref_axis',(-0.866025403784439,0.499999999999999,0.));
#3507=DIRECTION('center_axis',(-0.5,0.866025403784439,0.));
#3508=DIRECTION('ref_axis',(0.866025403784439,0.5,0.));
#3509=DIRECTION('',(0.,0.,-1.));
#3510=DIRECTION('',(0.,0.,-1.));
#3511=DIRECTION('',(0.,0.,-1.));
#3512=DIRECTION('center_axis',(0.5,-0.866025403784438,0.));
#3513=DIRECTION('ref_axis',(-0.866025403784438,-0.5,0.));
#3514=DIRECTION('',(0.,0.,-1.));
#3515=DIRECTION('center_axis',(-0.499999999999999,-0.866025403784439,0.));
#3516=DIRECTION('ref_axis',(-0.866025403784439,0.499999999999999,0.));
#3517=DIRECTION('',(0.,0.,-1.));
#3518=DIRECTION('',(0.,0.,-1.));
#3519=DIRECTION('center_axis',(0.499999999999999,0.86602540378444,0.));
#3520=DIRECTION('ref_axis',(0.866025403784439,-0.499999999999999,0.));
#3521=DIRECTION('',(0.,0.,-1.));
#3522=DIRECTION('',(0.,0.,-1.));
#3523=DIRECTION('center_axis',(0.5,-0.866025403784438,0.));
#3524=DIRECTION('ref_axis',(-0.866025403784438,-0.5,0.));
#3525=DIRECTION('',(0.,0.,-1.));
#3526=DIRECTION('center_axis',(-0.499999999999999,-0.866025403784439,0.));
#3527=DIRECTION('ref_axis',(-0.866025403784439,0.499999999999999,0.));
#3528=DIRECTION('',(0.,0.,-1.));
#3529=DIRECTION('',(0.,0.,-1.));
#3530=DIRECTION('center_axis',(0.499999999999999,0.866025403784439,0.));
#3531=DIRECTION('ref_axis',(0.866025403784439,-0.499999999999999,0.));
#3532=DIRECTION('',(0.,0.,-1.));
#3533=DIRECTION('center_axis',(-0.5,0.866025403784439,0.));
#3534=DIRECTION('ref_axis',(0.866025403784439,0.5,0.));
#3535=DIRECTION('',(-1.,0.,-1.07093729413334E-16));
#3536=DIRECTION('',(-1.,0.,-1.07093729413334E-16));
#3537=DIRECTION('',(-1.,0.,-1.07093729413334E-16));
#3538=DIRECTION('',(-1.,0.,-1.07093729413334E-16));
#3539=DIRECTION('',(-1.,0.,-1.07093729413334E-16));
#3540=DIRECTION('',(-1.,0.,-1.07093729413334E-16));
#3541=DIRECTION('',(-1.,0.,-1.07093729413334E-16));
#3542=DIRECTION('',(1.,0.,2.61228946970625E-16));
#3543=DIRECTION('center_axis',(0.,-1.,0.));
#3544=DIRECTION('ref_axis',(-1.,0.,0.));
#3545=DIRECTION('',(-0.707106781187109,0.,0.707106781185986));
#3546=DIRECTION('',(0.707106781187109,0.,0.707106781185986));
#3547=DIRECTION('',(-1.,0.,0.));
#3548=DIRECTION('',(1.,0.,0.));
#3549=DIRECTION('',(-1.,0.,-3.56979098044262E-17));
#3550=DIRECTION('',(-1.,0.,-3.56979098044262E-17));
#3551=DIRECTION('',(-1.,0.,-3.56979098044262E-17));
#3552=DIRECTION('',(-1.,0.,-3.56979098044262E-17));
#3553=DIRECTION('',(-1.,0.,-3.56979098044262E-17));
#3554=DIRECTION('',(-1.,0.,-3.56979098044262E-17));
#3555=DIRECTION('',(-1.,0.,-3.56979098044262E-17));
#3556=DIRECTION('',(1.,0.,-3.56979098044262E-17));
#3557=DIRECTION('',(1.,0.,-3.56979098044262E-17));
#3558=DIRECTION('',(1.,0.,-3.56979098044262E-17));
#3559=DIRECTION('',(1.,0.,-3.56979098044262E-17));
#3560=DIRECTION('',(1.,0.,-3.56979098044262E-17));
#3561=DIRECTION('',(1.,0.,-3.56979098044262E-17));
#3562=DIRECTION('',(1.,0.,-3.56979098044262E-17));
#3563=DIRECTION('',(0.,0.,-1.));
#3564=DIRECTION('',(0.,0.,-1.));
#3565=DIRECTION('',(0.,0.,-1.));
#3566=DIRECTION('center_axis',(0.573576436351846,-0.819152044288431,0.));
#3567=DIRECTION('ref_axis',(-0.819152044288431,-0.573576436351846,0.));
#3568=DIRECTION('',(0.,0.,-1.));
#3569=DIRECTION('center_axis',(0.,-1.,0.));
#3570=DIRECTION('ref_axis',(-1.,0.,0.));
#3571=DIRECTION('',(0.,0.,-1.));
#3572=DIRECTION('',(0.,0.,-1.));
#3573=DIRECTION('center_axis',(-0.573576436351846,-0.819152044288431,0.));
#3574=DIRECTION('ref_axis',(-0.819152044288431,0.573576436351846,0.));
#3575=DIRECTION('',(0.,0.,-1.));
#3576=DIRECTION('center_axis',(-0.573576436351831,-0.819152044288442,0.));
#3577=DIRECTION('ref_axis',(-0.81453947863184,0.570346683108584,0.105972160576289));
#3578=DIRECTION('',(0.,0.,-1.));
#3579=DIRECTION('center_axis',(0.,-1.,0.));
#3580=DIRECTION('ref_axis',(-1.,0.,0.));
#3581=DIRECTION('',(0.,0.,-1.));
#3582=DIRECTION('center_axis',(0.573576436351829,-0.819152044288443,0.));
#3583=DIRECTION('ref_axis',(-0.816183722498894,-0.571497995058951,-0.0850539403640278));
#3584=DIRECTION('center_axis',(1.,0.,0.));
#3585=DIRECTION('ref_axis',(0.,-0.707106781186544,-0.707106781186551));
#3586=DIRECTION('',(-1.,0.,0.));
#3587=DIRECTION('center_axis',(0.923879532511439,1.65085907713476E-15,-0.382683432364723));
#3588=DIRECTION('ref_axis',(-0.382683432364723,3.98552637358996E-15,-0.923879532511439));
#3589=DIRECTION('center_axis',(0.923879532511439,0.,0.382683432364723));
#3590=DIRECTION('ref_axis',(0.382683432364723,0.,-0.923879532511439));
#3591=DIRECTION('center_axis',(0.707106781187109,0.,-0.707106781185986));
#3592=DIRECTION('ref_axis',(-0.499999999999606,-0.707106781186544,-0.500000000000399));
#3593=DIRECTION('',(-0.707106781187109,0.,0.707106781185986));
#3594=DIRECTION('center_axis',(0.382683432365455,0.,-0.923879532511135));
#3595=DIRECTION('ref_axis',(-0.923879532511135,0.,-0.382683432365455));
#3596=DIRECTION('center_axis',(-5.55111512312547E-16,0.,-1.));
#3597=DIRECTION('ref_axis',(-0.707106781186551,-0.707106781186544,2.61682076447297E-16));
#3598=DIRECTION('',(5.55111512312547E-16,0.,1.));
#3599=DIRECTION('center_axis',(-0.382683432364756,3.41904109658036E-16,
-0.923879532511425));
#3600=DIRECTION('ref_axis',(-0.923879532511425,8.25429538568371E-16,0.382683432364756));
#3601=DIRECTION('',(5.55111512312547E-16,0.,1.));
#3602=DIRECTION('center_axis',(-0.707106781186036,0.,-0.707106781187059));
#3603=DIRECTION('ref_axis',(-0.500000000000363,-0.707106781186544,0.499999999999641));
#3604=DIRECTION('',(0.707106781186036,0.,0.707106781187059));
#3605=DIRECTION('center_axis',(-0.923879532511145,0.,-0.382683432365432));
#3606=DIRECTION('ref_axis',(-0.382683432365432,0.,0.923879532511145));
#3607=DIRECTION('',(0.707106781186036,0.,0.707106781187059));
#3608=DIRECTION('center_axis',(-1.,0.,2.61228946970625E-16));
#3609=DIRECTION('ref_axis',(0.,-0.707106781186544,0.707106781186551));
#3610=DIRECTION('',(1.,0.,-2.61228946970625E-16));
#3611=DIRECTION('center_axis',(-0.923879532511149,-2.83242638503117E-16,
0.382683432365423));
#3612=DIRECTION('ref_axis',(0.382683432365423,-6.83808219315868E-16,0.923879532511149));
#3613=DIRECTION('center_axis',(-0.707106781186036,0.,0.707106781187059));
#3614=DIRECTION('ref_axis',(0.500000000000365,-0.707106781186544,0.49999999999964));
#3615=DIRECTION('',(0.707106781186036,0.,-0.707106781187059));
#3616=DIRECTION('center_axis',(-0.382683432364757,-3.41904109658036E-16,
0.923879532511425));
#3617=DIRECTION('ref_axis',(0.923879532511424,-8.25429538568378E-16,0.382683432364757));
#3618=DIRECTION('center_axis',(-5.55111512312547E-16,0.,1.));
#3619=DIRECTION('ref_axis',(0.707106781186551,-0.707106781186544,2.61682076447297E-16));
#3620=DIRECTION('',(5.55111512312547E-16,0.,-1.));
#3621=DIRECTION('center_axis',(0.382683432365457,-6.83808219315857E-16,
0.923879532511135));
#3622=DIRECTION('ref_axis',(0.923879532511135,-1.65085907713268E-15,-0.382683432365457));
#3623=DIRECTION('center_axis',(0.707106781187109,0.,0.707106781185986));
#3624=DIRECTION('ref_axis',(0.499999999999606,-0.707106781186544,-0.500000000000399));
#3625=DIRECTION('',(-0.707106781187109,0.,-0.707106781185986));
#3626=DIRECTION('center_axis',(0.,-1.,0.));
#3627=DIRECTION('ref_axis',(0.,0.,-1.));
#3628=DIRECTION('',(0.707106781186553,0.,0.707106781186542));
#3629=DIRECTION('',(0.707106781186542,0.,-0.707106781186553));
#3630=DIRECTION('',(-0.707106781186553,0.,-0.707106781186542));
#3631=DIRECTION('',(-0.707106781186542,0.,0.707106781186553));
#3632=DIRECTION('',(0.707106781186553,0.,0.707106781186542));
#3633=DIRECTION('',(0.707106781186542,0.,-0.707106781186553));
#3634=DIRECTION('',(-0.707106781186553,0.,-0.707106781186542));
#3635=DIRECTION('',(-0.707106781186542,0.,0.707106781186553));
#3636=DIRECTION('',(0.707106781186553,0.,0.707106781186542));
#3637=DIRECTION('',(0.707106781186542,0.,-0.707106781186553));
#3638=DIRECTION('',(-0.707106781186553,0.,-0.707106781186542));
#3639=DIRECTION('',(-0.707106781186542,0.,0.707106781186553));
#3640=DIRECTION('',(0.707106781186553,0.,0.707106781186542));
#3641=DIRECTION('',(0.707106781186542,0.,-0.707106781186553));
#3642=DIRECTION('',(-0.707106781186553,0.,-0.707106781186542));
#3643=DIRECTION('',(-0.707106781186542,0.,0.707106781186553));
#3644=DIRECTION('',(0.707106781186553,0.,0.707106781186542));
#3645=DIRECTION('',(0.707106781186542,0.,-0.707106781186553));
#3646=DIRECTION('',(-0.707106781186553,0.,-0.707106781186542));
#3647=DIRECTION('',(-0.707106781186542,0.,0.707106781186553));
#3648=DIRECTION('',(0.707106781186553,0.,0.707106781186542));
#3649=DIRECTION('',(0.707106781186542,0.,-0.707106781186553));
#3650=DIRECTION('',(-0.707106781186553,0.,-0.707106781186542));
#3651=DIRECTION('',(-0.707106781186542,0.,0.707106781186553));
#3652=DIRECTION('',(0.,0.,1.));
#3653=DIRECTION('',(0.707106781186553,0.,0.707106781186542));
#3654=DIRECTION('',(0.707106781186542,0.,-0.707106781186553));
#3655=DIRECTION('',(-0.707106781186553,0.,-0.707106781186542));
#3656=DIRECTION('',(-0.707106781186542,0.,0.707106781186553));
#3657=DIRECTION('',(0.707106781186542,0.,-0.707106781186553));
#3658=DIRECTION('',(-0.707106781186553,0.,-0.707106781186542));
#3659=DIRECTION('',(-0.707106781186542,0.,0.707106781186553));
#3660=DIRECTION('',(0.707106781186553,0.,0.707106781186542));
#3661=DIRECTION('',(1.,0.,1.07093729413334E-16));
#3662=DIRECTION('',(0.707106781186542,0.,-0.707106781186553));
#3663=DIRECTION('',(-0.707106781186553,0.,-0.707106781186542));
#3664=DIRECTION('',(-0.707106781186542,0.,0.707106781186553));
#3665=DIRECTION('',(0.707106781186553,0.,0.707106781186542));
#3666=DIRECTION('',(1.,0.,1.07093729413334E-16));
#3667=DIRECTION('',(-1.,0.,0.));
#3668=DIRECTION('',(-0.707106781186542,0.,0.707106781186553));
#3669=DIRECTION('',(0.707106781186553,0.,0.707106781186542));
#3670=DIRECTION('',(0.707106781186542,0.,-0.707106781186553));
#3671=DIRECTION('',(-0.707106781186553,0.,-0.707106781186542));
#3672=DIRECTION('',(0.707106781186542,0.,-0.707106781186553));
#3673=DIRECTION('',(-0.707106781186553,0.,-0.707106781186542));
#3674=DIRECTION('',(-0.707106781186542,0.,0.707106781186553));
#3675=DIRECTION('',(0.707106781186553,0.,0.707106781186542));
#3676=DIRECTION('',(1.,0.,1.07093729413334E-16));
#3677=DIRECTION('',(0.707106781186542,0.,-0.707106781186553));
#3678=DIRECTION('',(-0.707106781186553,0.,-0.707106781186542));
#3679=DIRECTION('',(-0.707106781186542,0.,0.707106781186553));
#3680=DIRECTION('',(0.707106781186553,0.,0.707106781186542));
#3681=DIRECTION('',(1.,0.,-1.07093729413334E-16));
#3682=DIRECTION('',(-1.,0.,0.));
#3683=DIRECTION('',(-0.707106781186542,0.,0.707106781186553));
#3684=DIRECTION('',(0.707106781186553,0.,0.707106781186542));
#3685=DIRECTION('',(0.707106781186542,0.,-0.707106781186553));
#3686=DIRECTION('',(-0.707106781186553,0.,-0.707106781186542));
#3687=DIRECTION('',(0.707106781186542,0.,-0.707106781186553));
#3688=DIRECTION('',(-0.707106781186553,0.,-0.707106781186542));
#3689=DIRECTION('',(-0.707106781186542,0.,0.707106781186553));
#3690=DIRECTION('',(0.707106781186553,0.,0.707106781186542));
#3691=DIRECTION('',(1.,0.,-1.07093729413334E-16));
#3692=DIRECTION('',(-1.,0.,0.));
#3693=DIRECTION('',(-0.707106781186542,0.,0.707106781186553));
#3694=DIRECTION('',(0.707106781186553,0.,0.707106781186542));
#3695=DIRECTION('',(0.707106781186542,0.,-0.707106781186553));
#3696=DIRECTION('',(-0.707106781186553,0.,-0.707106781186542));
#3697=DIRECTION('',(0.707106781186542,0.,-0.707106781186553));
#3698=DIRECTION('',(-0.707106781186553,0.,-0.707106781186542));
#3699=DIRECTION('',(-0.707106781186542,0.,0.707106781186553));
#3700=DIRECTION('',(0.707106781186553,0.,0.707106781186542));
#3701=DIRECTION('',(1.,0.,-1.07093729413334E-16));
#3702=DIRECTION('',(-1.,0.,0.));
#3703=DIRECTION('',(-0.707106781186542,0.,0.707106781186553));
#3704=DIRECTION('',(0.707106781186553,0.,0.707106781186542));
#3705=DIRECTION('',(0.707106781186542,0.,-0.707106781186553));
#3706=DIRECTION('',(-0.707106781186553,0.,-0.707106781186542));
#3707=DIRECTION('',(-1.,0.,0.));
#3708=DIRECTION('',(-0.707106781186542,0.,0.707106781186553));
#3709=DIRECTION('',(0.707106781186553,0.,0.707106781186542));
#3710=DIRECTION('',(0.707106781186542,0.,-0.707106781186553));
#3711=DIRECTION('',(-0.707106781186553,0.,-0.707106781186542));
#3712=DIRECTION('',(-0.707106781186542,0.,0.707106781186553));
#3713=DIRECTION('',(0.707106781186553,0.,0.707106781186542));
#3714=DIRECTION('',(0.707106781186546,0.,-0.707106781186549));
#3715=DIRECTION('',(0.,0.,-1.));
#3716=DIRECTION('',(-1.,0.,0.));
#3717=DIRECTION('',(-0.707106781186542,0.,0.707106781186553));
#3718=DIRECTION('',(0.707106781186553,0.,0.707106781186542));
#3719=DIRECTION('',(0.707106781186542,0.,-0.707106781186553));
#3720=DIRECTION('',(-0.707106781186553,0.,-0.707106781186542));
#3721=DIRECTION('',(-0.707106781186542,0.,0.707106781186553));
#3722=DIRECTION('',(0.707106781186553,0.,0.707106781186542));
#3723=DIRECTION('',(0.,0.,-1.));
#3724=DIRECTION('',(-0.707106781186541,0.,-0.707106781186554));
#3725=DIRECTION('center_axis',(0.,-1.,0.));
#3726=DIRECTION('ref_axis',(1.,0.,0.));
#3727=DIRECTION('',(0.707106781186553,0.,0.707106781186542));
#3728=DIRECTION('',(-0.707106781186542,0.,0.707106781186553));
#3729=DIRECTION('',(-0.707106781186553,0.,-0.707106781186542));
#3730=DIRECTION('',(0.707106781186542,0.,-0.707106781186553));
#3731=DIRECTION('',(0.707106781186553,0.,0.707106781186542));
#3732=DIRECTION('',(-0.707106781186542,0.,0.707106781186553));
#3733=DIRECTION('',(-0.707106781186553,0.,-0.707106781186542));
#3734=DIRECTION('',(0.707106781186542,0.,-0.707106781186553));
#3735=DIRECTION('',(0.707106781186553,0.,0.707106781186542));
#3736=DIRECTION('',(-0.707106781186542,0.,0.707106781186553));
#3737=DIRECTION('',(-0.707106781186553,0.,-0.707106781186542));
#3738=DIRECTION('',(0.707106781186542,0.,-0.707106781186553));
#3739=DIRECTION('',(0.707106781186553,0.,0.707106781186542));
#3740=DIRECTION('',(-0.707106781186542,0.,0.707106781186553));
#3741=DIRECTION('',(0.707106781186553,0.,0.707106781186542));
#3742=DIRECTION('',(-0.707106781186542,0.,0.707106781186553));
#3743=DIRECTION('',(-0.707106781186553,0.,-0.707106781186542));
#3744=DIRECTION('',(0.707106781186542,0.,-0.707106781186553));
#3745=DIRECTION('',(0.707106781186553,0.,0.707106781186542));
#3746=DIRECTION('',(-0.707106781186542,0.,0.707106781186553));
#3747=DIRECTION('',(-0.707106781186553,0.,-0.707106781186542));
#3748=DIRECTION('',(0.707106781186542,0.,-0.707106781186553));
#3749=DIRECTION('',(0.707106781186553,0.,0.707106781186542));
#3750=DIRECTION('',(-0.707106781186542,0.,0.707106781186553));
#3751=DIRECTION('',(-0.707106781186553,0.,-0.707106781186542));
#3752=DIRECTION('',(0.707106781186542,0.,-0.707106781186553));
#3753=DIRECTION('',(0.707106781186553,0.,0.707106781186542));
#3754=DIRECTION('',(-0.707106781186542,0.,0.707106781186553));
#3755=DIRECTION('',(-0.707106781186553,0.,-0.707106781186542));
#3756=DIRECTION('',(0.707106781186542,0.,-0.707106781186553));
#3757=DIRECTION('',(0.707106781186553,0.,0.707106781186542));
#3758=DIRECTION('',(-0.707106781186542,0.,0.707106781186553));
#3759=DIRECTION('',(-0.707106781186553,0.,-0.707106781186542));
#3760=DIRECTION('',(0.707106781186542,0.,-0.707106781186553));
#3761=DIRECTION('',(0.707106781186553,0.,0.707106781186542));
#3762=DIRECTION('',(-0.707106781186542,0.,0.707106781186553));
#3763=DIRECTION('',(-0.707106781186553,0.,-0.707106781186542));
#3764=DIRECTION('',(0.707106781186542,0.,-0.707106781186553));
#3765=DIRECTION('',(0.707106781186553,0.,0.707106781186542));
#3766=DIRECTION('',(-0.707106781186542,0.,0.707106781186553));
#3767=DIRECTION('',(-0.707106781186542,0.,0.707106781186553));
#3768=DIRECTION('',(-0.707106781186553,0.,-0.707106781186542));
#3769=DIRECTION('',(0.707106781186542,0.,-0.707106781186553));
#3770=DIRECTION('',(0.707106781186553,0.,0.707106781186542));
#3771=DIRECTION('',(-0.707106781186546,0.,-0.707106781186549));
#3772=DIRECTION('',(0.707106781186553,0.,0.707106781186542));
#3773=DIRECTION('',(-0.707106781186542,0.,0.707106781186553));
#3774=DIRECTION('',(-0.707106781186553,0.,-0.707106781186542));
#3775=DIRECTION('',(0.707106781186542,0.,-0.707106781186553));
#3776=DIRECTION('',(0.707106781186553,0.,0.707106781186542));
#3777=DIRECTION('',(-0.707106781186542,0.,0.707106781186553));
#3778=DIRECTION('',(-0.707106781186553,0.,-0.707106781186542));
#3779=DIRECTION('',(0.707106781186542,0.,-0.707106781186553));
#3780=DIRECTION('',(0.707106781186553,0.,0.707106781186542));
#3781=DIRECTION('',(-0.707106781186542,0.,0.707106781186553));
#3782=DIRECTION('',(-0.707106781186553,0.,-0.707106781186542));
#3783=DIRECTION('',(0.707106781186542,0.,-0.707106781186553));
#3784=DIRECTION('',(0.707106781186553,0.,0.707106781186542));
#3785=DIRECTION('',(-0.707106781186542,0.,0.707106781186553));
#3786=DIRECTION('',(-0.707106781186553,0.,-0.707106781186542));
#3787=DIRECTION('',(0.707106781186542,0.,-0.707106781186553));
#3788=DIRECTION('',(0.707106781186553,0.,0.707106781186542));
#3789=DIRECTION('',(-0.707106781186542,0.,0.707106781186553));
#3790=DIRECTION('',(-0.707106781186553,0.,-0.707106781186542));
#3791=DIRECTION('',(0.707106781186542,0.,-0.707106781186553));
#3792=DIRECTION('',(0.707106781186553,0.,0.707106781186542));
#3793=DIRECTION('',(-0.707106781186542,0.,0.707106781186553));
#3794=DIRECTION('',(-0.707106781186553,0.,-0.707106781186542));
#3795=DIRECTION('',(0.707106781186542,0.,-0.707106781186553));
#3796=DIRECTION('',(0.707106781186553,0.,0.707106781186542));
#3797=DIRECTION('',(-0.707106781186542,0.,0.707106781186553));
#3798=DIRECTION('',(-0.707106781186553,0.,-0.707106781186542));
#3799=DIRECTION('',(0.707106781186542,0.,-0.707106781186553));
#3800=DIRECTION('',(0.707106781186553,0.,0.707106781186542));
#3801=DIRECTION('',(-0.707106781186542,0.,0.707106781186553));
#3802=DIRECTION('',(-0.707106781186553,0.,-0.707106781186542));
#3803=DIRECTION('',(0.707106781186542,0.,-0.707106781186553));
#3804=DIRECTION('',(0.707106781186553,0.,0.707106781186542));
#3805=DIRECTION('',(-0.707106781186542,0.,0.707106781186553));
#3806=DIRECTION('',(-0.707106781186553,0.,-0.707106781186542));
#3807=DIRECTION('',(0.707106781186542,0.,-0.707106781186553));
#3808=DIRECTION('center_axis',(0.707106781186553,0.,0.707106781186542));
#3809=DIRECTION('ref_axis',(-0.707106781186542,0.,0.707106781186553));
#3810=DIRECTION('',(0.,-1.,0.));
#3811=DIRECTION('',(0.,-1.,0.));
#3812=DIRECTION('center_axis',(-0.707106781186542,0.,0.707106781186553));
#3813=DIRECTION('ref_axis',(-0.707106781186553,0.,-0.707106781186542));
#3814=DIRECTION('',(0.,-1.,0.));
#3815=DIRECTION('center_axis',(-0.707106781186553,0.,-0.707106781186542));
#3816=DIRECTION('ref_axis',(0.707106781186542,0.,-0.707106781186553));
#3817=DIRECTION('',(0.,-1.,0.));
#3818=DIRECTION('center_axis',(0.707106781186542,0.,-0.707106781186553));
#3819=DIRECTION('ref_axis',(0.707106781186553,0.,0.707106781186542));
#3820=DIRECTION('center_axis',(0.707106781186553,0.,0.707106781186542));
#3821=DIRECTION('ref_axis',(-0.707106781186542,0.,0.707106781186553));
#3822=DIRECTION('',(0.,-1.,0.));
#3823=DIRECTION('',(0.,-1.,0.));
#3824=DIRECTION('center_axis',(-0.707106781186542,0.,0.707106781186553));
#3825=DIRECTION('ref_axis',(-0.707106781186553,0.,-0.707106781186542));
#3826=DIRECTION('',(0.,-1.,0.));
#3827=DIRECTION('center_axis',(-0.707106781186553,0.,-0.707106781186542));
#3828=DIRECTION('ref_axis',(0.707106781186542,0.,-0.707106781186553));
#3829=DIRECTION('',(0.,-1.,0.));
#3830=DIRECTION('center_axis',(-1.07093729413334E-16,0.,-1.));
#3831=DIRECTION('ref_axis',(1.,0.,-1.07093729413334E-16));
#3832=DIRECTION('',(0.,-1.,0.));
#3833=DIRECTION('center_axis',(0.707106781186542,0.,-0.707106781186553));
#3834=DIRECTION('ref_axis',(0.707106781186553,0.,0.707106781186542));
#3835=DIRECTION('center_axis',(0.707106781186553,0.,0.707106781186542));
#3836=DIRECTION('ref_axis',(-0.707106781186542,0.,0.707106781186553));
#3837=DIRECTION('',(0.,-1.,0.));
#3838=DIRECTION('',(0.,-1.,0.));
#3839=DIRECTION('center_axis',(-0.707106781186554,0.,0.707106781186541));
#3840=DIRECTION('ref_axis',(-0.707106781186541,0.,-0.707106781186554));
#3841=DIRECTION('',(0.,-1.,0.));
#3842=DIRECTION('center_axis',(-1.,0.,0.));
#3843=DIRECTION('ref_axis',(0.,0.,-1.));
#3844=DIRECTION('',(0.,-1.,0.));
#3845=DIRECTION('center_axis',(0.707106781186542,0.,-0.707106781186553));
#3846=DIRECTION('ref_axis',(0.707106781186553,0.,0.707106781186542));
#3847=DIRECTION('center_axis',(0.707106781186553,0.,0.707106781186542));
#3848=DIRECTION('ref_axis',(-0.707106781186542,0.,0.707106781186553));
#3849=DIRECTION('',(0.,-1.,0.));
#3850=DIRECTION('',(0.,-1.,0.));
#3851=DIRECTION('center_axis',(-0.707106781186542,0.,0.707106781186553));
#3852=DIRECTION('ref_axis',(-0.707106781186553,0.,-0.707106781186542));
#3853=DIRECTION('',(0.,-1.,0.));
#3854=DIRECTION('center_axis',(-0.707106781186553,0.,-0.707106781186542));
#3855=DIRECTION('ref_axis',(0.707106781186542,0.,-0.707106781186553));
#3856=DIRECTION('',(0.,-1.,0.));
#3857=DIRECTION('center_axis',(0.707106781186542,0.,-0.707106781186553));
#3858=DIRECTION('ref_axis',(0.707106781186553,0.,0.707106781186542));
#3859=DIRECTION('center_axis',(0.707106781186553,0.,0.707106781186542));
#3860=DIRECTION('ref_axis',(-0.707106781186542,0.,0.707106781186553));
#3861=DIRECTION('',(0.,-1.,0.));
#3862=DIRECTION('',(0.,-1.,0.));
#3863=DIRECTION('center_axis',(-0.707106781186542,0.,0.707106781186553));
#3864=DIRECTION('ref_axis',(-0.707106781186553,0.,-0.707106781186542));
#3865=DIRECTION('',(0.,-1.,0.));
#3866=DIRECTION('center_axis',(-0.707106781186553,0.,-0.707106781186542));
#3867=DIRECTION('ref_axis',(0.707106781186542,0.,-0.707106781186553));
#3868=DIRECTION('',(0.,-1.,0.));
#3869=DIRECTION('center_axis',(1.07093729413334E-16,0.,-1.));
#3870=DIRECTION('ref_axis',(1.,0.,1.07093729413334E-16));
#3871=DIRECTION('',(0.,-1.,0.));
#3872=DIRECTION('center_axis',(0.707106781186542,0.,-0.707106781186553));
#3873=DIRECTION('ref_axis',(0.707106781186553,0.,0.707106781186542));
#3874=DIRECTION('center_axis',(0.707106781186553,0.,0.707106781186542));
#3875=DIRECTION('ref_axis',(-0.707106781186542,0.,0.707106781186553));
#3876=DIRECTION('',(0.,-1.,0.));
#3877=DIRECTION('',(0.,-1.,0.));
#3878=DIRECTION('center_axis',(-0.707106781186542,0.,0.707106781186553));
#3879=DIRECTION('ref_axis',(-0.707106781186553,0.,-0.707106781186542));
#3880=DIRECTION('',(0.,-1.,0.));
#3881=DIRECTION('center_axis',(-0.707106781186553,0.,-0.707106781186542));
#3882=DIRECTION('ref_axis',(0.707106781186542,0.,-0.707106781186553));
#3883=DIRECTION('',(0.,-1.,0.));
#3884=DIRECTION('center_axis',(1.07093729413334E-16,0.,-1.));
#3885=DIRECTION('ref_axis',(1.,0.,1.07093729413334E-16));
#3886=DIRECTION('',(0.,-1.,0.));
#3887=DIRECTION('center_axis',(0.707106781186542,0.,-0.707106781186553));
#3888=DIRECTION('ref_axis',(0.707106781186553,0.,0.707106781186542));
#3889=DIRECTION('center_axis',(0.707106781186553,0.,0.707106781186542));
#3890=DIRECTION('ref_axis',(-0.707106781186542,0.,0.707106781186553));
#3891=DIRECTION('',(0.,-1.,0.));
#3892=DIRECTION('',(0.,-1.,0.));
#3893=DIRECTION('center_axis',(-0.707106781186542,0.,0.707106781186553));
#3894=DIRECTION('ref_axis',(-0.707106781186553,0.,-0.707106781186542));
#3895=DIRECTION('',(0.,-1.,0.));
#3896=DIRECTION('center_axis',(-0.707106781186553,0.,-0.707106781186542));
#3897=DIRECTION('ref_axis',(0.707106781186542,0.,-0.707106781186553));
#3898=DIRECTION('',(0.,-1.,0.));
#3899=DIRECTION('center_axis',(0.707106781186542,0.,-0.707106781186553));
#3900=DIRECTION('ref_axis',(0.707106781186553,0.,0.707106781186542));
#3901=DIRECTION('center_axis',(0.707106781186553,0.,0.707106781186542));
#3902=DIRECTION('ref_axis',(-0.707106781186542,0.,0.707106781186553));
#3903=DIRECTION('',(0.,-1.,0.));
#3904=DIRECTION('',(0.,-1.,0.));
#3905=DIRECTION('center_axis',(-0.707106781186542,0.,0.707106781186553));
#3906=DIRECTION('ref_axis',(-0.707106781186553,0.,-0.707106781186542));
#3907=DIRECTION('',(0.,-1.,0.));
#3908=DIRECTION('center_axis',(-0.707106781186553,0.,-0.707106781186542));
#3909=DIRECTION('ref_axis',(0.707106781186542,0.,-0.707106781186553));
#3910=DIRECTION('',(0.,-1.,0.));
#3911=DIRECTION('center_axis',(-1.07093729413334E-16,0.,-1.));
#3912=DIRECTION('ref_axis',(1.,0.,-1.07093729413334E-16));
#3913=DIRECTION('',(0.,-1.,0.));
#3914=DIRECTION('center_axis',(0.707106781186542,0.,-0.707106781186553));
#3915=DIRECTION('ref_axis',(0.707106781186553,0.,0.707106781186542));
#3916=DIRECTION('center_axis',(0.707106781186553,0.,0.707106781186542));
#3917=DIRECTION('ref_axis',(-0.707106781186542,0.,0.707106781186553));
#3918=DIRECTION('',(0.,-1.,0.));
#3919=DIRECTION('',(0.,-1.,0.));
#3920=DIRECTION('center_axis',(-1.,0.,0.));
#3921=DIRECTION('ref_axis',(0.,0.,-1.));
#3922=DIRECTION('',(0.,-1.,0.));
#3923=DIRECTION('center_axis',(-0.707106781186549,0.,-0.707106781186546));
#3924=DIRECTION('ref_axis',(0.707106781186546,0.,-0.707106781186549));
#3925=DIRECTION('',(0.,-1.,0.));
#3926=DIRECTION('center_axis',(0.707106781186542,0.,-0.707106781186553));
#3927=DIRECTION('ref_axis',(0.707106781186553,0.,0.707106781186542));
#3928=DIRECTION('center_axis',(0.707106781186553,0.,0.707106781186542));
#3929=DIRECTION('ref_axis',(-0.707106781186542,0.,0.707106781186553));
#3930=DIRECTION('',(0.,-1.,0.));
#3931=DIRECTION('',(0.,-1.,0.));
#3932=DIRECTION('center_axis',(-0.707106781186542,0.,0.707106781186553));
#3933=DIRECTION('ref_axis',(-0.707106781186553,0.,-0.707106781186542));
#3934=DIRECTION('',(0.,-1.,0.));
#3935=DIRECTION('center_axis',(-0.707106781186553,0.,-0.707106781186542));
#3936=DIRECTION('ref_axis',(0.707106781186542,0.,-0.707106781186553));
#3937=DIRECTION('',(0.,-1.,0.));
#3938=DIRECTION('center_axis',(0.707106781186542,0.,-0.707106781186553));
#3939=DIRECTION('ref_axis',(0.707106781186553,0.,0.707106781186542));
#3940=DIRECTION('center_axis',(0.707106781186553,0.,0.707106781186542));
#3941=DIRECTION('ref_axis',(-0.707106781186542,0.,0.707106781186553));
#3942=DIRECTION('',(0.,-1.,0.));
#3943=DIRECTION('',(0.,-1.,0.));
#3944=DIRECTION('center_axis',(-0.707106781186542,0.,0.707106781186553));
#3945=DIRECTION('ref_axis',(-0.707106781186553,0.,-0.707106781186542));
#3946=DIRECTION('',(0.,-1.,0.));
#3947=DIRECTION('center_axis',(-0.707106781186553,0.,-0.707106781186542));
#3948=DIRECTION('ref_axis',(0.707106781186542,0.,-0.707106781186553));
#3949=DIRECTION('',(0.,-1.,0.));
#3950=DIRECTION('center_axis',(0.707106781186542,0.,-0.707106781186553));
#3951=DIRECTION('ref_axis',(0.707106781186553,0.,0.707106781186542));
#3952=DIRECTION('center_axis',(0.707106781186542,0.,-0.707106781186553));
#3953=DIRECTION('ref_axis',(0.707106781186553,0.,0.707106781186542));
#3954=DIRECTION('',(0.,-1.,0.));
#3955=DIRECTION('',(0.,-1.,0.));
#3956=DIRECTION('center_axis',(0.707106781186553,0.,0.707106781186542));
#3957=DIRECTION('ref_axis',(-0.707106781186542,0.,0.707106781186553));
#3958=DIRECTION('',(0.,-1.,0.));
#3959=DIRECTION('center_axis',(0.,0.,1.));
#3960=DIRECTION('ref_axis',(-1.,0.,0.));
#3961=DIRECTION('',(0.,-1.,0.));
#3962=DIRECTION('center_axis',(-0.707106781186542,0.,0.707106781186553));
#3963=DIRECTION('ref_axis',(-0.707106781186553,0.,-0.707106781186542));
#3964=DIRECTION('',(0.,-1.,0.));
#3965=DIRECTION('center_axis',(-0.707106781186553,0.,-0.707106781186542));
#3966=DIRECTION('ref_axis',(0.707106781186542,0.,-0.707106781186553));
#3967=DIRECTION('center_axis',(0.707106781186553,0.,0.707106781186542));
#3968=DIRECTION('ref_axis',(-0.707106781186542,0.,0.707106781186553));
#3969=DIRECTION('',(0.,-1.,0.));
#3970=DIRECTION('',(0.,-1.,0.));
#3971=DIRECTION('center_axis',(-0.707106781186542,0.,0.707106781186553));
#3972=DIRECTION('ref_axis',(-0.707106781186553,0.,-0.707106781186542));
#3973=DIRECTION('',(0.,-1.,0.));
#3974=DIRECTION('center_axis',(-0.707106781186553,0.,-0.707106781186542));
#3975=DIRECTION('ref_axis',(0.707106781186542,0.,-0.707106781186553));
#3976=DIRECTION('',(0.,-1.,0.));
#3977=DIRECTION('center_axis',(-1.07093729413334E-16,0.,-1.));
#3978=DIRECTION('ref_axis',(1.,0.,-1.07093729413334E-16));
#3979=DIRECTION('',(0.,-1.,0.));
#3980=DIRECTION('center_axis',(0.707106781186542,0.,-0.707106781186553));
#3981=DIRECTION('ref_axis',(0.707106781186553,0.,0.707106781186542));
#3982=DIRECTION('center_axis',(0.707106781186542,0.,-0.707106781186553));
#3983=DIRECTION('ref_axis',(0.707106781186553,0.,0.707106781186542));
#3984=DIRECTION('',(0.,-1.,0.));
#3985=DIRECTION('',(0.,-1.,0.));
#3986=DIRECTION('center_axis',(0.707106781186553,0.,0.707106781186542));
#3987=DIRECTION('ref_axis',(-0.707106781186542,0.,0.707106781186553));
#3988=DIRECTION('',(0.,-1.,0.));
#3989=DIRECTION('center_axis',(0.,0.,1.));
#3990=DIRECTION('ref_axis',(-1.,0.,0.));
#3991=DIRECTION('',(0.,-1.,0.));
#3992=DIRECTION('center_axis',(-0.707106781186542,0.,0.707106781186553));
#3993=DIRECTION('ref_axis',(-0.707106781186553,0.,-0.707106781186542));
#3994=DIRECTION('',(0.,-1.,0.));
#3995=DIRECTION('center_axis',(-0.707106781186553,0.,-0.707106781186542));
#3996=DIRECTION('ref_axis',(0.707106781186542,0.,-0.707106781186553));
#3997=DIRECTION('center_axis',(0.707106781186542,0.,-0.707106781186553));
#3998=DIRECTION('ref_axis',(0.707106781186553,0.,0.707106781186542));
#3999=DIRECTION('',(0.,-1.,0.));
#4000=DIRECTION('',(0.,-1.,0.));
#4001=DIRECTION('center_axis',(0.707106781186553,0.,0.707106781186542));
#4002=DIRECTION('ref_axis',(-0.707106781186542,0.,0.707106781186553));
#4003=DIRECTION('',(0.,-1.,0.));
#4004=DIRECTION('center_axis',(0.,0.,1.));
#4005=DIRECTION('ref_axis',(-1.,0.,0.));
#4006=DIRECTION('',(0.,-1.,0.));
#4007=DIRECTION('center_axis',(-0.707106781186542,0.,0.707106781186553));
#4008=DIRECTION('ref_axis',(-0.707106781186553,0.,-0.707106781186542));
#4009=DIRECTION('',(0.,-1.,0.));
#4010=DIRECTION('center_axis',(-0.707106781186553,0.,-0.707106781186542));
#4011=DIRECTION('ref_axis',(0.707106781186542,0.,-0.707106781186553));
#4012=DIRECTION('center_axis',(0.707106781186553,0.,0.707106781186542));
#4013=DIRECTION('ref_axis',(-0.707106781186542,0.,0.707106781186553));
#4014=DIRECTION('',(0.,-1.,0.));
#4015=DIRECTION('',(0.,-1.,0.));
#4016=DIRECTION('center_axis',(-0.707106781186542,0.,0.707106781186553));
#4017=DIRECTION('ref_axis',(-0.707106781186553,0.,-0.707106781186542));
#4018=DIRECTION('',(0.,-1.,0.));
#4019=DIRECTION('center_axis',(-0.707106781186553,0.,-0.707106781186542));
#4020=DIRECTION('ref_axis',(0.707106781186542,0.,-0.707106781186553));
#4021=DIRECTION('',(0.,-1.,0.));
#4022=DIRECTION('center_axis',(1.07093729413334E-16,0.,-1.));
#4023=DIRECTION('ref_axis',(1.,0.,1.07093729413334E-16));
#4024=DIRECTION('',(0.,-1.,0.));
#4025=DIRECTION('center_axis',(0.707106781186542,0.,-0.707106781186553));
#4026=DIRECTION('ref_axis',(0.707106781186553,0.,0.707106781186542));
#4027=DIRECTION('center_axis',(0.707106781186553,0.,0.707106781186542));
#4028=DIRECTION('ref_axis',(-0.707106781186542,0.,0.707106781186553));
#4029=DIRECTION('',(0.,-1.,0.));
#4030=DIRECTION('',(0.,-1.,0.));
#4031=DIRECTION('center_axis',(-0.707106781186542,0.,0.707106781186553));
#4032=DIRECTION('ref_axis',(-0.707106781186553,0.,-0.707106781186542));
#4033=DIRECTION('',(0.,-1.,0.));
#4034=DIRECTION('center_axis',(-0.707106781186553,0.,-0.707106781186542));
#4035=DIRECTION('ref_axis',(0.707106781186542,0.,-0.707106781186553));
#4036=DIRECTION('',(0.,-1.,0.));
#4037=DIRECTION('center_axis',(0.707106781186542,0.,-0.707106781186553));
#4038=DIRECTION('ref_axis',(0.707106781186553,0.,0.707106781186542));
#4039=DIRECTION('center_axis',(0.707106781186542,0.,-0.707106781186553));
#4040=DIRECTION('ref_axis',(0.707106781186553,0.,0.707106781186542));
#4041=DIRECTION('',(0.,-1.,0.));
#4042=DIRECTION('',(0.,-1.,0.));
#4043=DIRECTION('center_axis',(0.707106781186553,0.,0.707106781186542));
#4044=DIRECTION('ref_axis',(-0.707106781186542,0.,0.707106781186553));
#4045=DIRECTION('',(0.,-1.,0.));
#4046=DIRECTION('center_axis',(0.,0.,1.));
#4047=DIRECTION('ref_axis',(-1.,0.,0.));
#4048=DIRECTION('',(0.,-1.,0.));
#4049=DIRECTION('center_axis',(-0.707106781186542,0.,0.707106781186553));
#4050=DIRECTION('ref_axis',(-0.707106781186553,0.,-0.707106781186542));
#4051=DIRECTION('',(0.,-1.,0.));
#4052=DIRECTION('center_axis',(-0.707106781186553,0.,-0.707106781186542));
#4053=DIRECTION('ref_axis',(0.707106781186542,0.,-0.707106781186553));
#4054=DIRECTION('center_axis',(0.707106781186542,0.,-0.707106781186553));
#4055=DIRECTION('ref_axis',(0.707106781186553,0.,0.707106781186542));
#4056=DIRECTION('',(0.,-1.,0.));
#4057=DIRECTION('',(0.,-1.,0.));
#4058=DIRECTION('center_axis',(0.707106781186553,0.,0.707106781186542));
#4059=DIRECTION('ref_axis',(-0.707106781186542,0.,0.707106781186553));
#4060=DIRECTION('',(0.,-1.,0.));
#4061=DIRECTION('center_axis',(0.,0.,1.));
#4062=DIRECTION('ref_axis',(-1.,0.,0.));
#4063=DIRECTION('',(0.,-1.,0.));
#4064=DIRECTION('center_axis',(-0.707106781186542,0.,0.707106781186553));
#4065=DIRECTION('ref_axis',(-0.707106781186553,0.,-0.707106781186542));
#4066=DIRECTION('',(0.,-1.,0.));
#4067=DIRECTION('center_axis',(-0.707106781186553,0.,-0.707106781186542));
#4068=DIRECTION('ref_axis',(0.707106781186542,0.,-0.707106781186553));
#4069=DIRECTION('center_axis',(0.707106781186542,0.,-0.707106781186553));
#4070=DIRECTION('ref_axis',(0.707106781186553,0.,0.707106781186542));
#4071=DIRECTION('',(0.,-1.,0.));
#4072=DIRECTION('',(0.,-1.,0.));
#4073=DIRECTION('center_axis',(0.707106781186553,0.,0.707106781186542));
#4074=DIRECTION('ref_axis',(-0.707106781186542,0.,0.707106781186553));
#4075=DIRECTION('',(0.,-1.,0.));
#4076=DIRECTION('center_axis',(0.,0.,1.));
#4077=DIRECTION('ref_axis',(-1.,0.,0.));
#4078=DIRECTION('',(0.,-1.,0.));
#4079=DIRECTION('center_axis',(-0.707106781186542,0.,0.707106781186553));
#4080=DIRECTION('ref_axis',(-0.707106781186553,0.,-0.707106781186542));
#4081=DIRECTION('',(0.,-1.,0.));
#4082=DIRECTION('center_axis',(-0.707106781186553,0.,-0.707106781186542));
#4083=DIRECTION('ref_axis',(0.707106781186542,0.,-0.707106781186553));
#4084=DIRECTION('center_axis',(1.,0.,0.));
#4085=DIRECTION('ref_axis',(0.,0.,1.));
#4086=DIRECTION('',(0.,-1.,0.));
#4087=DIRECTION('',(0.,-1.,0.));
#4088=DIRECTION('center_axis',(0.707106781186553,0.,0.707106781186542));
#4089=DIRECTION('ref_axis',(-0.707106781186542,0.,0.707106781186553));
#4090=DIRECTION('',(0.,-1.,0.));
#4091=DIRECTION('center_axis',(-0.707106781186542,0.,0.707106781186553));
#4092=DIRECTION('ref_axis',(-0.707106781186553,0.,-0.707106781186542));
#4093=DIRECTION('',(0.,-1.,0.));
#4094=DIRECTION('center_axis',(-0.707106781186553,0.,-0.707106781186542));
#4095=DIRECTION('ref_axis',(0.707106781186542,0.,-0.707106781186553));
#4096=DIRECTION('',(0.,-1.,0.));
#4097=DIRECTION('center_axis',(0.707106781186542,0.,-0.707106781186553));
#4098=DIRECTION('ref_axis',(0.707106781186553,0.,0.707106781186542));
#4099=CARTESIAN_POINT('',(0.,0.,0.));
#4100=CARTESIAN_POINT('Origin',(0.,-88.,9.29211077326054));
#4101=CARTESIAN_POINT('',(-52.8712195361742,-88.,-13.0290977086123));
#4102=CARTESIAN_POINT('',(-52.8712195361742,-88.,26.9538727608684));
#4103=CARTESIAN_POINT('Ctrl Pts',(-52.8712195361742,-88.0000000000001,-13.0290977086124));
#4104=CARTESIAN_POINT('Ctrl Pts',(-52.8712195361742,-88.0000000000001,-6.36526929703223));
#4105=CARTESIAN_POINT('Ctrl Pts',(-52.8712195361742,-88.0000000000001,0.298559114547892));
#4106=CARTESIAN_POINT('Ctrl Pts',(-52.8712195361742,-88.0000000000001,13.6262159377081));
#4107=CARTESIAN_POINT('Ctrl Pts',(-52.8712195361742,-88.0000000000001,20.2900443492883));
#4108=CARTESIAN_POINT('Ctrl Pts',(-52.8712195361742,-88.0000000000001,26.9538727608684));
#4109=CARTESIAN_POINT('',(-50.9003172448041,-87.9999999998727,-15.));
#4110=CARTESIAN_POINT('Ctrl Pts',(-50.9003172448041,-87.9999999998727,-15.));
#4111=CARTESIAN_POINT('Ctrl Pts',(-51.5572846752637,-87.9999999998727,-14.3430325695404));
#4112=CARTESIAN_POINT('Ctrl Pts',(-52.2142521057146,-88.0000000000001,-13.686065139072));
#4113=CARTESIAN_POINT('Ctrl Pts',(-52.8712195361742,-88.0000000000001,-13.0290977086123));
#4114=CARTESIAN_POINT('',(50.9003172447868,-87.9999999999979,-15.));
#4115=CARTESIAN_POINT('',(4.9854123092291,-88.,-15.));
#4116=CARTESIAN_POINT('',(52.8712195361742,-88.,-13.0290977086123));
#4117=CARTESIAN_POINT('Ctrl Pts',(52.8712195361742,-88.0000000000001,-13.0290977086123));
#4118=CARTESIAN_POINT('Ctrl Pts',(52.2142521057117,-88.0000000000001,-13.6860651390749));
#4119=CARTESIAN_POINT('Ctrl Pts',(51.5572846752493,-87.9999999999979,-14.3430325695375));
#4120=CARTESIAN_POINT('Ctrl Pts',(50.9003172447868,-87.9999999999979,-15.));
#4121=CARTESIAN_POINT('',(52.8712195361742,-88.,26.9538727608684));
#4122=CARTESIAN_POINT('Ctrl Pts',(52.8712195361742,-88.0000000000001,26.9538727608684));
#4123=CARTESIAN_POINT('Ctrl Pts',(52.8712195361742,-88.0000000000001,20.2900443492883));
#4124=CARTESIAN_POINT('Ctrl Pts',(52.8712195361742,-88.0000000000001,13.6262159377081));
#4125=CARTESIAN_POINT('Ctrl Pts',(52.8712195361742,-88.0000000000001,0.298559114547892));
#4126=CARTESIAN_POINT('Ctrl Pts',(52.8712195361742,-88.0000000000001,-6.36526929703223));
#4127=CARTESIAN_POINT('Ctrl Pts',(52.8712195361742,-88.0000000000001,-13.0290977086124));
#4128=CARTESIAN_POINT('',(46.9949937961719,-88.,32.8300985008707));
#4129=CARTESIAN_POINT('Ctrl Pts',(46.9949937961719,-88.0000000000001,32.8300985008707));
#4130=CARTESIAN_POINT('Ctrl Pts',(47.9743647528389,-88.0000000000001,31.8507275442037));
#4131=CARTESIAN_POINT('Ctrl Pts',(48.953735709506,-88.0000000000001,30.8713565875366));
#4132=CARTESIAN_POINT('Ctrl Pts',(50.9124776228401,-88.0000000000001,28.9126146742025));
#4133=CARTESIAN_POINT('Ctrl Pts',(51.8918485795071,-88.0000000000001,27.9332437175354));
#4134=CARTESIAN_POINT('Ctrl Pts',(52.8712195361742,-88.0000000000001,26.9538727608684));
#4135=CARTESIAN_POINT('',(40.888448265641,-88.0000000000043,32.8300985008702));
#4136=CARTESIAN_POINT('Ctrl Pts',(40.888448265641,-88.0000000000043,32.8300985008702));
#4137=CARTESIAN_POINT('Ctrl Pts',(42.9239634424846,-88.0000000000043,32.8300985008702));
#4138=CARTESIAN_POINT('Ctrl Pts',(44.9594786193283,-88.0000000000001,32.8300985008707));
#4139=CARTESIAN_POINT('Ctrl Pts',(46.9949937961719,-88.0000000000001,32.8300985008707));
#4140=CARTESIAN_POINT('',(40.8884482656413,-88.,36.8300985008707));
#4141=CARTESIAN_POINT('Ctrl Pts',(40.8884482656413,-88.,36.8300985008707));
#4142=CARTESIAN_POINT('Ctrl Pts',(40.8884482656413,-88.,35.4967651675372));
#4143=CARTESIAN_POINT('Ctrl Pts',(40.888448265641,-88.0000000000043,34.1634318342037));
#4144=CARTESIAN_POINT('Ctrl Pts',(40.888448265641,-88.0000000000043,32.8300985008702));
#4145=CARTESIAN_POINT('',(44.891144839835,-88.,36.8300985008707));
#4146=CARTESIAN_POINT('Ctrl Pts',(44.891144839835,-88.,36.8300985008707));
#4147=CARTESIAN_POINT('Ctrl Pts',(43.5569126484371,-88.,36.8300985008707));
#4148=CARTESIAN_POINT('Ctrl Pts',(42.2226804570392,-88.,36.8300985008707));
#4149=CARTESIAN_POINT('Ctrl Pts',(40.8884482656413,-88.,36.8300985008707));
#4150=CARTESIAN_POINT('',(44.891144839835,-88.,39.8300985008707));
#4151=CARTESIAN_POINT('Ctrl Pts',(44.891144839835,-88.,39.8300985008707));
#4152=CARTESIAN_POINT('Ctrl Pts',(44.891144839835,-88.,39.3300985008707));
#4153=CARTESIAN_POINT('Ctrl Pts',(44.891144839835,-88.,38.8300985008707));
#4154=CARTESIAN_POINT('Ctrl Pts',(44.891144839835,-88.,37.8300985008707));
#4155=CARTESIAN_POINT('Ctrl Pts',(44.891144839835,-88.,37.3300985008707));
#4156=CARTESIAN_POINT('Ctrl Pts',(44.891144839835,-88.,36.8300985008707));
#4157=CARTESIAN_POINT('',(49.8944887327836,-88.,39.8300985008707));
#4158=CARTESIAN_POINT('Ctrl Pts',(49.8944887327836,-88.0000000000001,39.8300985008707));
#4159=CARTESIAN_POINT('Ctrl Pts',(48.2267074351341,-88.0000000000001,39.8300985008707));
#4160=CARTESIAN_POINT('Ctrl Pts',(46.5589261374845,-88.,39.8300985008707));
#4161=CARTESIAN_POINT('Ctrl Pts',(44.891144839835,-88.,39.8300985008707));
#4162=CARTESIAN_POINT('',(59.8712195361742,-88.,29.8533676974801));
#4163=CARTESIAN_POINT('Ctrl Pts',(59.8712195361742,-88.0000000000001,29.8533676974801));
#4164=CARTESIAN_POINT('Ctrl Pts',(58.2084310689424,-88.0000000000001,31.5161561647118));
#4165=CARTESIAN_POINT('Ctrl Pts',(56.5456426017107,-88.0000000000001,33.1789446319436));
#4166=CARTESIAN_POINT('Ctrl Pts',(53.2200656672472,-88.0000000000001,36.5045215664072));
#4167=CARTESIAN_POINT('Ctrl Pts',(51.5572772000154,-88.0000000000001,38.1673100336389));
#4168=CARTESIAN_POINT('Ctrl Pts',(49.8944887327836,-88.0000000000001,39.8300985008707));
#4169=CARTESIAN_POINT('',(59.8712195361742,-88.,-15.928592645224));
#4170=CARTESIAN_POINT('Ctrl Pts',(59.8712195361742,-88.0000000000001,-15.928592645224));
#4171=CARTESIAN_POINT('Ctrl Pts',(59.8712195361742,-88.0000000000001,-8.29826592144003));
#4172=CARTESIAN_POINT('Ctrl Pts',(59.8712195361742,-88.0000000000001,-0.667939197656009));
#4173=CARTESIAN_POINT('Ctrl Pts',(59.8712195361742,-88.0000000000001,14.592714249912));
#4174=CARTESIAN_POINT('Ctrl Pts',(59.8712195361742,-88.0000000000001,22.223040973696));
#4175=CARTESIAN_POINT('Ctrl Pts',(59.8712195361742,-88.0000000000001,29.8533676974801));
#4176=CARTESIAN_POINT('',(45.9177579293931,-88.,-29.8820542520051));
#4177=CARTESIAN_POINT('Ctrl Pts',(45.9177579293931,-88.0000000000001,-29.8820542520051));
#4178=CARTESIAN_POINT('Ctrl Pts',(48.2433348638566,-88.0000000000001,-27.5564773175416));
#4179=CARTESIAN_POINT('Ctrl Pts',(50.5689117983201,-88.0000000000001,-25.2309003830781));
#4180=CARTESIAN_POINT('Ctrl Pts',(55.2200656672471,-88.0000000000001,-20.579746514151));
#4181=CARTESIAN_POINT('Ctrl Pts',(57.5456426017107,-88.0000000000001,-18.2541695796876));
#4182=CARTESIAN_POINT('Ctrl Pts',(59.8712195361742,-88.0000000000001,-15.928592645224));
#4183=CARTESIAN_POINT('',(5.3849777763195E-16,-88.,-29.8820542520051));
#4184=CARTESIAN_POINT('Ctrl Pts',(-5.24692730772339E-16,-88.0000000000001,
-29.8820542520051));
#4185=CARTESIAN_POINT('Ctrl Pts',(7.65295965489885,-88.0000000000001,-29.8820542520051));
#4186=CARTESIAN_POINT('Ctrl Pts',(15.3059193097977,-88.0000000000001,-29.8820542520051));
#4187=CARTESIAN_POINT('Ctrl Pts',(30.6118386195954,-88.0000000000001,-29.8820542520051));
#4188=CARTESIAN_POINT('Ctrl Pts',(38.2647982744942,-88.0000000000001,-29.8820542520051));
#4189=CARTESIAN_POINT('Ctrl Pts',(45.9177579293931,-88.0000000000001,-29.8820542520051));
#4190=CARTESIAN_POINT('',(-45.9177579293931,-88.,-29.8820542520051));
#4191=CARTESIAN_POINT('Ctrl Pts',(-45.9177579293931,-88.0000000000001,-29.8820542520051));
#4192=CARTESIAN_POINT('Ctrl Pts',(-38.2647982744942,-88.0000000000001,-29.8820542520051));
#4193=CARTESIAN_POINT('Ctrl Pts',(-30.6118386195954,-88.0000000000001,-29.8820542520051));
#4194=CARTESIAN_POINT('Ctrl Pts',(-15.3059193097977,-88.0000000000001,-29.8820542520051));
#4195=CARTESIAN_POINT('Ctrl Pts',(-7.65295965489885,-88.0000000000001,-29.8820542520051));
#4196=CARTESIAN_POINT('Ctrl Pts',(5.24692730772339E-16,-88.0000000000001,
-29.8820542520051));
#4197=CARTESIAN_POINT('',(-59.8712195361742,-88.,-15.928592645224));
#4198=CARTESIAN_POINT('Ctrl Pts',(-59.8712195361742,-88.0000000000001,-15.928592645224));
#4199=CARTESIAN_POINT('Ctrl Pts',(-57.5456426017107,-88.0000000000001,-18.2541695796876));
#4200=CARTESIAN_POINT('Ctrl Pts',(-55.2200656672471,-88.0000000000001,-20.579746514151));
#4201=CARTESIAN_POINT('Ctrl Pts',(-50.5689117983201,-88.0000000000001,-25.2309003830781));
#4202=CARTESIAN_POINT('Ctrl Pts',(-48.2433348638566,-88.0000000000001,-27.5564773175416));
#4203=CARTESIAN_POINT('Ctrl Pts',(-45.9177579293931,-88.0000000000001,-29.8820542520051));
#4204=CARTESIAN_POINT('',(-59.8712195361742,-88.,29.8533676974801));
#4205=CARTESIAN_POINT('Ctrl Pts',(-59.8712195361742,-88.0000000000001,29.8533676974801));
#4206=CARTESIAN_POINT('Ctrl Pts',(-59.8712195361742,-88.0000000000001,22.223040973696));
#4207=CARTESIAN_POINT('Ctrl Pts',(-59.8712195361742,-88.0000000000001,14.592714249912));
#4208=CARTESIAN_POINT('Ctrl Pts',(-59.8712195361742,-88.0000000000001,-0.667939197656009));
#4209=CARTESIAN_POINT('Ctrl Pts',(-59.8712195361742,-88.0000000000001,-8.29826592144003));
#4210=CARTESIAN_POINT('Ctrl Pts',(-59.8712195361742,-88.0000000000001,-15.928592645224));
#4211=CARTESIAN_POINT('',(-49.8944887327836,-88.,39.8300985008707));
#4212=CARTESIAN_POINT('Ctrl Pts',(-49.8944887327836,-88.0000000000001,39.8300985008707));
#4213=CARTESIAN_POINT('Ctrl Pts',(-51.5572772000154,-88.0000000000001,38.1673100336389));
#4214=CARTESIAN_POINT('Ctrl Pts',(-53.2200656672472,-88.0000000000001,36.5045215664072));
#4215=CARTESIAN_POINT('Ctrl Pts',(-56.5456426017107,-88.0000000000001,33.1789446319436));
#4216=CARTESIAN_POINT('Ctrl Pts',(-58.2084310689424,-88.0000000000001,31.5161561647118));
#4217=CARTESIAN_POINT('Ctrl Pts',(-59.8712195361742,-88.0000000000001,29.8533676974801));
#4218=CARTESIAN_POINT('',(-44.8911448397973,-88.0000000005148,39.8300985008102));
#4219=CARTESIAN_POINT('Ctrl Pts',(-44.8911448397973,-88.0000000005148,39.8300985008102));
#4220=CARTESIAN_POINT('Ctrl Pts',(-46.5589261374594,-88.0000000005148,39.8300985008102));
#4221=CARTESIAN_POINT('Ctrl Pts',(-48.2267074351215,-88.0000000000001,39.8300985008707));
#4222=CARTESIAN_POINT('Ctrl Pts',(-49.8944887327836,-88.0000000000001,39.8300985008707));
#4223=CARTESIAN_POINT('',(-44.8911448397973,-88.0000000005148,36.8300985008102));
#4224=CARTESIAN_POINT('Ctrl Pts',(-44.891144839835,-88.,36.8300985008707));
#4225=CARTESIAN_POINT('Ctrl Pts',(-44.891144839835,-88.,37.3300985008707));
#4226=CARTESIAN_POINT('Ctrl Pts',(-44.891144839835,-88.,37.8300985008707));
#4227=CARTESIAN_POINT('Ctrl Pts',(-44.891144839835,-88.,38.8300985008707));
#4228=CARTESIAN_POINT('Ctrl Pts',(-44.891144839835,-88.,39.3300985008707));
#4229=CARTESIAN_POINT('Ctrl Pts',(-44.891144839835,-88.,39.8300985008707));
#4230=CARTESIAN_POINT('',(-40.8884482656412,-88.0000000000023,36.8300985008705));
#4231=CARTESIAN_POINT('Ctrl Pts',(-40.8884482656412,-88.0000000000023,36.8300985008705));
#4232=CARTESIAN_POINT('Ctrl Pts',(-42.2226804570265,-88.0000000000023,36.8300985008705));
#4233=CARTESIAN_POINT('Ctrl Pts',(-43.5569126484119,-88.000000000515,36.8300985008102));
#4234=CARTESIAN_POINT('Ctrl Pts',(-44.8911448397973,-88.0000000005148,36.8300985008102));
#4235=CARTESIAN_POINT('',(-40.8884482656413,-88.,32.8300985008707));
#4236=CARTESIAN_POINT('Ctrl Pts',(-40.8884482656413,-88.,32.8300985008707));
#4237=CARTESIAN_POINT('Ctrl Pts',(-40.8884482656413,-88.,34.163431834204));
#4238=CARTESIAN_POINT('Ctrl Pts',(-40.8884482656412,-88.0000000000023,35.4967651675372));
#4239=CARTESIAN_POINT('Ctrl Pts',(-40.8884482656412,-88.0000000000023,36.8300985008705));
#4240=CARTESIAN_POINT('',(-46.9949937961719,-88.,32.8300985008707));
#4241=CARTESIAN_POINT('Ctrl Pts',(-46.9949937961719,-88.0000000000001,32.8300985008707));
#4242=CARTESIAN_POINT('Ctrl Pts',(-44.9594786193284,-88.0000000000001,32.8300985008707));
#4243=CARTESIAN_POINT('Ctrl Pts',(-42.9239634424848,-88.,32.8300985008707));
#4244=CARTESIAN_POINT('Ctrl Pts',(-40.8884482656413,-88.,32.8300985008707));
#4245=CARTESIAN_POINT('Ctrl Pts',(-52.8712195361742,-88.0000000000001,26.9538727608684));
#4246=CARTESIAN_POINT('Ctrl Pts',(-51.8918485795071,-88.0000000000001,27.9332437175354));
#4247=CARTESIAN_POINT('Ctrl Pts',(-50.9124776228401,-88.0000000000001,28.9126146742025));
#4248=CARTESIAN_POINT('Ctrl Pts',(-48.953735709506,-88.0000000000001,30.8713565875366));
#4249=CARTESIAN_POINT('Ctrl Pts',(-47.9743647528389,-88.0000000000001,31.8507275442037));
#4250=CARTESIAN_POINT('Ctrl Pts',(-46.9949937961719,-88.0000000000001,32.8300985008707));
#4251=CARTESIAN_POINT('Ctrl Pts',(39.9999999999999,-240.,-8.00000000000953));
#4252=CARTESIAN_POINT('Ctrl Pts',(50.9739736919425,-189.635038792269,-12.0449103721375));
#4253=CARTESIAN_POINT('Ctrl Pts',(57.5977135373339,-138.968372125602,-14.687774587209));
#4254=CARTESIAN_POINT('Ctrl Pts',(59.8712195361742,-88.,-15.928592645224));
#4255=CARTESIAN_POINT('Ctrl Pts',(39.9999999999999,-240.,-2.66666666667589));
#4256=CARTESIAN_POINT('Ctrl Pts',(50.9739736919425,-189.635038792269,-1.3682064864345));
#4257=CARTESIAN_POINT('Ctrl Pts',(57.5977135373339,-138.968372125602,-0.701963996761196));
#4258=CARTESIAN_POINT('Ctrl Pts',(59.8712195361742,-88.,-0.667939197656007));
#4259=CARTESIAN_POINT('Ctrl Pts',(39.9999999999999,-240.,2.66666666665775));
#4260=CARTESIAN_POINT('Ctrl Pts',(50.9739736919425,-189.635038792269,9.30849739926849));
#4261=CARTESIAN_POINT('Ctrl Pts',(57.5977135373339,-138.968372125602,13.2838465936866));
#4262=CARTESIAN_POINT('Ctrl Pts',(59.8712195361742,-88.,14.592714249912));
#4263=CARTESIAN_POINT('Ctrl Pts',(39.9999999999999,-240.,7.99999999999139));
#4264=CARTESIAN_POINT('Ctrl Pts',(50.9739736919425,-189.635038792269,19.9852012849715));
#4265=CARTESIAN_POINT('Ctrl Pts',(57.5977135373339,-138.968372125602,27.2696571841343));
#4266=CARTESIAN_POINT('Ctrl Pts',(59.8712195361742,-88.,29.8533676974801));
#4267=CARTESIAN_POINT('',(39.9999999999999,-240.,7.99999999999138));
#4268=CARTESIAN_POINT('Ctrl Pts',(39.9999999999999,-240.,7.99999999999138));
#4269=CARTESIAN_POINT('Ctrl Pts',(50.9739736920362,-189.635038791839,19.9852012850738));
#4270=CARTESIAN_POINT('Ctrl Pts',(57.597713537447,-138.968372124737,27.2696571842587));
#4271=CARTESIAN_POINT('Ctrl Pts',(59.8712195362324,-87.9999999986944,29.8533676975463));
#4272=CARTESIAN_POINT('',(39.9999999999999,-240.,-8.00000000000953));
#4273=CARTESIAN_POINT('',(39.9999999999999,-240.,-8.00000000000953));
#4274=CARTESIAN_POINT('Ctrl Pts',(39.9999999999999,-240.,-8.00000000000953));
#4275=CARTESIAN_POINT('Ctrl Pts',(50.9739736919452,-189.635038792256,-12.0449103721385));
#4276=CARTESIAN_POINT('Ctrl Pts',(57.5977135373371,-138.968372125577,-14.6877745872103));
#4277=CARTESIAN_POINT('Ctrl Pts',(59.8712195361759,-87.9999999999627,-15.928592645225));
#4278=CARTESIAN_POINT('Ctrl Pts',(39.9999999999999,-240.,7.99999999999138));
#4279=CARTESIAN_POINT('Ctrl Pts',(50.9739736919425,-189.635038792269,19.9852012849715));
#4280=CARTESIAN_POINT('Ctrl Pts',(57.5977135373339,-138.968372125602,27.2696571841343));
#4281=CARTESIAN_POINT('Ctrl Pts',(59.8712195361742,-88.,29.8533676974801));
#4282=CARTESIAN_POINT('Ctrl Pts',(38.,-240.,9.99999999999426));
#4283=CARTESIAN_POINT('Ctrl Pts',(48.2280138164528,-189.635038792269,22.7311611604625));
#4284=CARTESIAN_POINT('Ctrl Pts',(54.4098946836897,-138.968372125602,30.457476037779));
#4285=CARTESIAN_POINT('Ctrl Pts',(56.5456426017107,-88.,33.1789446319436));
#4286=CARTESIAN_POINT('Ctrl Pts',(36.,-240.,11.9999999999971));
#4287=CARTESIAN_POINT('Ctrl Pts',(45.4820539409632,-189.635038792269,25.4771210359537));
#4288=CARTESIAN_POINT('Ctrl Pts',(51.2220758300456,-138.968372125602,33.6452948914237));
#4289=CARTESIAN_POINT('Ctrl Pts',(53.2200656672472,-88.,36.5045215664072));
#4290=CARTESIAN_POINT('Ctrl Pts',(34.,-240.,14.));
#4291=CARTESIAN_POINT('Ctrl Pts',(42.7360940654735,-189.635038792269,28.2230809114447));
#4292=CARTESIAN_POINT('Ctrl Pts',(48.0342569764014,-138.968372125602,36.8331137450683));
#4293=CARTESIAN_POINT('Ctrl Pts',(49.8944887327836,-88.,39.8300985008707));
#4294=CARTESIAN_POINT('',(34.,-240.,14.));
#4295=CARTESIAN_POINT('Ctrl Pts',(34.,-240.,14.));
#4296=CARTESIAN_POINT('Ctrl Pts',(42.7360940653933,-189.635038792731,28.2230809113142));
#4297=CARTESIAN_POINT('Ctrl Pts',(48.0342569763041,-138.968372126533,36.8331137449102));
#4298=CARTESIAN_POINT('Ctrl Pts',(49.8944887327324,-88.0000000014039,39.8300985007882));
#4299=CARTESIAN_POINT('',(39.9999999999999,-240.,7.99999999999138));
#4300=CARTESIAN_POINT('Ctrl Pts',(34.,-240.,14.));
#4301=CARTESIAN_POINT('Ctrl Pts',(42.7360940654735,-189.635038792269,28.2230809114447));
#4302=CARTESIAN_POINT('Ctrl Pts',(48.0342569764014,-138.968372125602,36.8331137450683));
#4303=CARTESIAN_POINT('Ctrl Pts',(49.8944887327836,-88.,39.8300985008707));
#4304=CARTESIAN_POINT('Ctrl Pts',(22.6666666666667,-240.,14.));
#4305=CARTESIAN_POINT('Ctrl Pts',(28.4907293769823,-189.635038792269,28.2230809114447));
#4306=CARTESIAN_POINT('Ctrl Pts',(32.0228379842676,-138.968372125602,36.8331137450683));
#4307=CARTESIAN_POINT('Ctrl Pts',(33.2629924885224,-88.,39.8300985008707));
#4308=CARTESIAN_POINT('Ctrl Pts',(11.3333333333333,-240.,14.));
#4309=CARTESIAN_POINT('Ctrl Pts',(14.2453646884912,-189.635038792269,28.2230809114448));
#4310=CARTESIAN_POINT('Ctrl Pts',(16.0114189921338,-138.968372125602,36.8331137450683));
#4311=CARTESIAN_POINT('Ctrl Pts',(16.6314962442612,-88.,39.8300985008707));
#4312=CARTESIAN_POINT('Ctrl Pts',(4.44089209850063E-15,-240.,14.));
#4313=CARTESIAN_POINT('Ctrl Pts',(1.55889895175685E-14,-189.635038792269,
28.2230809114448));
#4314=CARTESIAN_POINT('Ctrl Pts',(1.43795993743481E-14,-138.968372125602,
36.8331137450683));
#4315=CARTESIAN_POINT('Ctrl Pts',(8.12721668839185E-16,-88.,39.8300985008707));
#4316=CARTESIAN_POINT('',(40.9147537915771,-149.852218662141,33.4156961587073));
#4317=CARTESIAN_POINT('Ctrl Pts',(44.8916219244413,-87.9999971950479,39.8297476719992));
#4318=CARTESIAN_POINT('Ctrl Pts',(44.8614887098114,-88.812064481628,39.7822775118197));
#4319=CARTESIAN_POINT('Ctrl Pts',(44.8308402587865,-89.6209934628365,39.7333538035343));
#4320=CARTESIAN_POINT('Ctrl Pts',(44.5583663822514,-96.6401752678197,39.2959938111475));
#4321=CARTESIAN_POINT('Ctrl Pts',(44.266019203532,-102.844433980615,38.8256948076482));
#4322=CARTESIAN_POINT('Ctrl Pts',(43.1652643316221,-122.709351989692,37.0521792221808));
#4323=CARTESIAN_POINT('Ctrl Pts',(42.1610238865257,-136.313351563581,35.4306358518528));
#4324=CARTESIAN_POINT('Ctrl Pts',(40.914753791577,-149.852218662141,33.4156961587073));
#4325=CARTESIAN_POINT('',(5.,-175.,29.2085608774899));
#4326=CARTESIAN_POINT('Ctrl Pts',(40.9147537915771,-149.852218662141,33.4156961587073));
#4327=CARTESIAN_POINT('Ctrl Pts',(28.9310904105296,-158.243270096935,32.1668868986628));
#4328=CARTESIAN_POINT('Ctrl Pts',(16.959506376673,-166.625863481769,30.76450109084));
#4329=CARTESIAN_POINT('Ctrl Pts',(5.,-175.,29.2085608774899));
#4330=CARTESIAN_POINT('',(0.,-175.,29.2085608774899));
#4331=CARTESIAN_POINT('Ctrl Pts',(5.,-175.,29.2085608774899));
#4332=CARTESIAN_POINT('Ctrl Pts',(3.33333333333334,-175.,29.2085608774899));
#4333=CARTESIAN_POINT('Ctrl Pts',(1.66666666666667,-175.,29.2085608774899));
#4334=CARTESIAN_POINT('Ctrl Pts',(1.19657878365271E-14,-175.,29.2085608774899));
#4335=CARTESIAN_POINT('',(-8.4413506770367E-14,-199.,24.3237632722582));
#4336=CARTESIAN_POINT('Ctrl Pts',(-7.42220350547347E-15,-199.,24.3237632722584));
#4337=CARTESIAN_POINT('Ctrl Pts',(-8.34404010020961E-15,-191.007548688517,
26.0924679372764));
#4338=CARTESIAN_POINT('Ctrl Pts',(-8.96069428063296E-15,-183.007548688516,
27.7207338056871));
#4339=CARTESIAN_POINT('Ctrl Pts',(-9.27216604674353E-15,-174.999999999996,
29.2085608774907));
#4340=CARTESIAN_POINT('',(32.6769934987075,-180.133929007214,28.2352184141909));
#4341=CARTESIAN_POINT('Ctrl Pts',(1.07804949087562E-14,-199.,24.3237632722583));
#4342=CARTESIAN_POINT('Ctrl Pts',(10.8845407444213,-192.715807471203,25.7144355714547));
#4343=CARTESIAN_POINT('Ctrl Pts',(21.7768723484462,-186.427116887516,27.0182492924866));
#4344=CARTESIAN_POINT('Ctrl Pts',(32.6769934987075,-180.133929007214,28.2352184141909));
#4345=CARTESIAN_POINT('',(31.882888806756,-186.592405564876,26.9554762121851));
#4346=CARTESIAN_POINT('Ctrl Pts',(32.6769934987075,-180.133929007214,28.2352184141909));
#4347=CARTESIAN_POINT('Ctrl Pts',(32.4183198754423,-182.289425511964,27.8183910862745));
#4348=CARTESIAN_POINT('Ctrl Pts',(32.1536058021938,-184.44225097739,27.3917900870389));
#4349=CARTESIAN_POINT('Ctrl Pts',(31.882888806756,-186.592405564876,26.9554762121851));
#4350=CARTESIAN_POINT('',(-3.88347784216428E-14,-205.,22.9692734220552));
#4351=CARTESIAN_POINT('Ctrl Pts',(31.882888806756,-186.592405564876,26.9554762121851));
#4352=CARTESIAN_POINT('Ctrl Pts',(21.2475088522296,-192.732745044556,25.7094656569956));
#4353=CARTESIAN_POINT('Ctrl Pts',(10.6198793198683,-198.868609815913,24.3807306417075));
#4354=CARTESIAN_POINT('Ctrl Pts',(1.01935497411551E-14,-205.,22.9692734220552));
#4355=CARTESIAN_POINT('',(-7.40575658579289E-14,-209.,22.036580699902));
#4356=CARTESIAN_POINT('Ctrl Pts',(-6.10898961881163E-15,-209.,22.036580699902));
#4357=CARTESIAN_POINT('Ctrl Pts',(-6.30538126802177E-15,-207.666877013879,
22.3513916569616));
#4358=CARTESIAN_POINT('Ctrl Pts',(-6.4932688876935E-15,-206.333543680546,
22.6622892310127));
#4359=CARTESIAN_POINT('Ctrl Pts',(-6.67265247782682E-15,-205.,22.9692734220553));
#4360=CARTESIAN_POINT('',(31.3305895871255,-190.911275668003,26.0652859270973));
#4361=CARTESIAN_POINT('Ctrl Pts',(9.73749721347826E-15,-209.,22.036580699902));
#4362=CARTESIAN_POINT('Ctrl Pts',(10.4358301944133,-202.974870628038,23.4593877205166));
#4363=CARTESIAN_POINT('Ctrl Pts',(20.879359693,-196.945296060739,24.8022934051371));
#4364=CARTESIAN_POINT('Ctrl Pts',(31.3305895871255,-190.911275668003,26.0652859270973));
#4365=CARTESIAN_POINT('',(30.4674092733082,-197.409633054545,24.6738311939964));
#4366=CARTESIAN_POINT('Ctrl Pts',(31.3305895871255,-190.911275668003,26.0652859270973));
#4367=CARTESIAN_POINT('Ctrl Pts',(31.0489292830255,-193.080298955872,25.611283452092));
#4368=CARTESIAN_POINT('Ctrl Pts',(30.7611885348076,-195.24641813355,25.1474425731456));
#4369=CARTESIAN_POINT('Ctrl Pts',(30.4674092733082,-197.409633054545,24.6738311939964));
#4370=CARTESIAN_POINT('',(-2.84788375092048E-14,-215.,20.5929361232902));
#4371=CARTESIAN_POINT('Ctrl Pts',(30.4674092733082,-197.409633054545,24.6738311939964));
#4372=CARTESIAN_POINT('Ctrl Pts',(20.3040175500643,-203.277470001839,23.3891348273716));
#4373=CARTESIAN_POINT('Ctrl Pts',(10.148215198305,-209.140925223464,22.0288283708909));
#4374=CARTESIAN_POINT('Ctrl Pts',(8.95616212989485E-15,-215.,20.5929361232902));
#4375=CARTESIAN_POINT('',(-6.37016249454908E-14,-219.,19.6007365266165));
#4376=CARTESIAN_POINT('Ctrl Pts',(-4.47561132546692E-15,-219.,19.6007365266165));
#4377=CARTESIAN_POINT('Ctrl Pts',(-4.71473531855545E-15,-217.666877346248,
19.9353892920407));
#4378=CARTESIAN_POINT('Ctrl Pts',(-4.94534184491485E-15,-216.333544012915,
20.2661224909319));
#4379=CARTESIAN_POINT('Ctrl Pts',(-5.16743090454514E-15,-215.,20.5929361232902));
#4380=CARTESIAN_POINT('',(29.8685714626061,-201.755372225755,23.7083768150997));
#4381=CARTESIAN_POINT('Ctrl Pts',(8.37036284840725E-15,-219.,19.6007365266165));
#4382=CARTESIAN_POINT('Ctrl Pts',(9.94870093395867,-213.256114837692,21.0426196484999));
#4383=CARTESIAN_POINT('Ctrl Pts',(19.9048904741482,-207.50790612656,22.4118435325892));
#4384=CARTESIAN_POINT('Ctrl Pts',(29.8685714626061,-201.755372225755,23.7083768150997));
#4385=CARTESIAN_POINT('',(28.9348371299617,-208.294463994059,22.2028198494214));
#4386=CARTESIAN_POINT('Ctrl Pts',(29.868571462606,-201.755372225755,23.7083768150997));
#4387=CARTESIAN_POINT('Ctrl Pts',(29.5634291122122,-203.938210092681,23.2163984984837));
#4388=CARTESIAN_POINT('Ctrl Pts',(29.2521688403359,-206.117907520784,22.7145210925058));
#4389=CARTESIAN_POINT('Ctrl Pts',(28.9348371299617,-208.294463994059,22.2028198494214));
#4390=CARTESIAN_POINT('',(-1.81228965967667E-14,-225.,18.0677258303464));
#4391=CARTESIAN_POINT('Ctrl Pts',(28.9348371299617,-208.294463994059,22.2028198494214));
#4392=CARTESIAN_POINT('Ctrl Pts',(19.2825835498761,-213.867195196808,20.8926891366028));
#4393=CARTESIAN_POINT('Ctrl Pts',(9.63763903810646,-219.435706506997,19.514311091622));
#4394=CARTESIAN_POINT('Ctrl Pts',(7.39417693423048E-15,-225.,18.0677258303464));
#4395=CARTESIAN_POINT('',(0.,-240.,14.));
#4396=CARTESIAN_POINT('Ctrl Pts',(0.,-240.,14.));
#4397=CARTESIAN_POINT('Ctrl Pts',(-1.23393420649241E-15,-235.002969956454,
15.4111628585025));
#4398=CARTESIAN_POINT('Ctrl Pts',(-2.34779742597007E-15,-230.002969956454,
16.767071468618));
#4399=CARTESIAN_POINT('Ctrl Pts',(-3.34158965843298E-15,-225.,18.0677258303464));
#4400=CARTESIAN_POINT('',(34.,-240.,14.));
#4401=CARTESIAN_POINT('Ctrl Pts',(45.1707335556849,14.829266444287,37.3767722554137));
#4402=CARTESIAN_POINT('Ctrl Pts',(45.1707335556849,14.829266444287,34.3767722554137));
#4403=CARTESIAN_POINT('Ctrl Pts',(46.1615809016767,0.486261414437372,38.4632290707261));
#4404=CARTESIAN_POINT('Ctrl Pts',(46.1615809016767,0.486261414437372,35.4632290707261));
#4405=CARTESIAN_POINT('Ctrl Pts',(46.4696932069822,-13.939721826979,39.436720757427));
#4406=CARTESIAN_POINT('Ctrl Pts',(46.4696932069822,-13.939721826979,36.436720757427));
#4407=CARTESIAN_POINT('Ctrl Pts',(46.3556410110602,-42.7278371252662,40.6544382921195));
#4408=CARTESIAN_POINT('Ctrl Pts',(46.3556410110602,-42.7278371252662,37.6544382921195));
#4409=CARTESIAN_POINT('Ctrl Pts',(45.9339608401581,-57.1478353412104,40.9035654530816));
#4410=CARTESIAN_POINT('Ctrl Pts',(45.9339608401581,-57.1478353412104,37.9035654530816));
#4411=CARTESIAN_POINT('Ctrl Pts',(45.2351901338633,-78.0989347951572,40.366918339642));
#4412=CARTESIAN_POINT('Ctrl Pts',(45.2351901338633,-78.0989347951572,37.366918339642));
#4413=CARTESIAN_POINT('Ctrl Pts',(45.0358301005887,-84.3402634857789,40.0623921568254));
#4414=CARTESIAN_POINT('Ctrl Pts',(45.0358301005887,-84.3402634857789,37.0623921568254));
#4415=CARTESIAN_POINT('Ctrl Pts',(44.5583663822514,-96.6401752678197,39.2959938111475));
#4416=CARTESIAN_POINT('Ctrl Pts',(44.5583663822514,-96.6401752678197,36.2959938111475));
#4417=CARTESIAN_POINT('Ctrl Pts',(44.266019203532,-102.844433980615,38.8256948076482));
#4418=CARTESIAN_POINT('Ctrl Pts',(44.266019203532,-102.844433980615,35.8256948076482));
#4419=CARTESIAN_POINT('Ctrl Pts',(43.1652643316221,-122.709351989692,37.0521792221808));
#4420=CARTESIAN_POINT('Ctrl Pts',(43.1652643316221,-122.709351989692,34.0521792221808));
#4421=CARTESIAN_POINT('Ctrl Pts',(42.1610238865257,-136.313351563581,35.4306358518528));
#4422=CARTESIAN_POINT('Ctrl Pts',(42.1610238865257,-136.313351563581,32.4306358518528));
#4423=CARTESIAN_POINT('Ctrl Pts',(40.914753791577,-149.852218662141,33.4156961587073));
#4424=CARTESIAN_POINT('Ctrl Pts',(40.914753791577,-149.852218662141,30.4156961587073));
#4425=CARTESIAN_POINT('',(40.9147537915771,-149.852218662141,30.4156961587073));
#4426=CARTESIAN_POINT('Ctrl Pts',(44.8916219244413,-87.9999971950479,36.8297476719992));
#4427=CARTESIAN_POINT('Ctrl Pts',(44.8614887098114,-88.812064481628,36.7822775118197));
#4428=CARTESIAN_POINT('Ctrl Pts',(44.8308402587865,-89.6209934628365,36.7333538035343));
#4429=CARTESIAN_POINT('Ctrl Pts',(44.5583663822514,-96.6401752678197,36.2959938111475));
#4430=CARTESIAN_POINT('Ctrl Pts',(44.266019203532,-102.844433980615,35.8256948076482));
#4431=CARTESIAN_POINT('Ctrl Pts',(43.1652643316221,-122.709351989692,34.0521792221808));
#4432=CARTESIAN_POINT('Ctrl Pts',(42.1610238865257,-136.313351563581,32.4306358518528));
#4433=CARTESIAN_POINT('Ctrl Pts',(40.914753791577,-149.852218662141,30.4156961587073));
#4434=CARTESIAN_POINT('',(40.9147537915771,-149.852218662141,33.4156961587073));
#4435=CARTESIAN_POINT('Ctrl Pts',(39.0000125539244,-175.,26.2085608774899));
#4436=CARTESIAN_POINT('Ctrl Pts',(41.9719080870494,-146.098337233899,31.5785783392868));
#4437=CARTESIAN_POINT('Ctrl Pts',(43.9356189214238,-117.098337233899,35.1190908804137));
#4438=CARTESIAN_POINT('Ctrl Pts',(44.8911450570476,-88.,36.8300985008707));
#4439=CARTESIAN_POINT('Ctrl Pts',(26.000008369283,-175.,26.2085608774899));
#4440=CARTESIAN_POINT('Ctrl Pts',(27.9812720580329,-146.098337233899,31.5785783392868));
#4441=CARTESIAN_POINT('Ctrl Pts',(29.2904126142825,-117.098337233899,35.1190908804137));
#4442=CARTESIAN_POINT('Ctrl Pts',(29.9274300380317,-88.,36.8300985008707));
#4443=CARTESIAN_POINT('Ctrl Pts',(13.0000041846415,-175.,26.2085608774899));
#4444=CARTESIAN_POINT('Ctrl Pts',(13.9906360290165,-146.098337233899,31.5785783392868));
#4445=CARTESIAN_POINT('Ctrl Pts',(14.6452063071413,-117.098337233899,35.1190908804137));
#4446=CARTESIAN_POINT('Ctrl Pts',(14.9637150190159,-88.,36.8300985008707));
#4447=CARTESIAN_POINT('Ctrl Pts',(1.19657878365271E-14,-175.,26.2085608774899));
#4448=CARTESIAN_POINT('Ctrl Pts',(1.22758722576964E-14,-146.098337233899,
31.5785783392868));
#4449=CARTESIAN_POINT('Ctrl Pts',(8.5581835351338E-15,-117.098337233899,
35.1190908804137));
#4450=CARTESIAN_POINT('Ctrl Pts',(8.12721668839185E-16,-88.,36.8300985008707));
#4451=CARTESIAN_POINT('',(37.0999114240826,-147.640301689924,30.7413018714009));
#4452=CARTESIAN_POINT('Ctrl Pts',(40.888450186857,-87.9999500378923,36.8300985008707));
#4453=CARTESIAN_POINT('Ctrl Pts',(40.8744414692506,-88.3807193982226,36.8077549335077));
#4454=CARTESIAN_POINT('Ctrl Pts',(40.8602373038366,-88.7615443569987,36.7850029046458));
#4455=CARTESIAN_POINT('Ctrl Pts',(40.8457642224773,-89.144311070586,36.7618628660134));
#4456=CARTESIAN_POINT('Ctrl Pts',(40.6100328102031,-95.3786529999672,36.3849677286559));
#4457=CARTESIAN_POINT('Ctrl Pts',(40.3225925543677,-101.604423238983,35.9243226134093));
#4458=CARTESIAN_POINT('Ctrl Pts',(39.9836423185006,-107.821636899192,35.3802555564484));
#4459=CARTESIAN_POINT('Ctrl Pts',(39.256706188839,-121.1555035179,34.213411699114));
#4460=CARTESIAN_POINT('Ctrl Pts',(38.2940251439574,-134.428323296639,32.6647580802511));
#4461=CARTESIAN_POINT('Ctrl Pts',(37.0999114240826,-147.640301689924,30.7413018714009));
#4462=CARTESIAN_POINT('',(3.73880484451952,-171.,26.9399789922001));
#4463=CARTESIAN_POINT('Ctrl Pts',(37.0999114240826,-147.640301689924,30.7413018714009));
#4464=CARTESIAN_POINT('Ctrl Pts',(25.9694139359119,-155.433959935181,29.6066668507213));
#4465=CARTESIAN_POINT('Ctrl Pts',(14.8490450024671,-163.220526090069,28.3395601808106));
#4466=CARTESIAN_POINT('Ctrl Pts',(3.73880484451952,-171.,26.9399789922001));
#4467=CARTESIAN_POINT('',(-9.40235472769532E-15,-171.,26.9399789922001));
#4468=CARTESIAN_POINT('Ctrl Pts',(3.73880484451952,-171.,26.9399789922001));
#4469=CARTESIAN_POINT('Ctrl Pts',(2.49253656301302,-171.,26.9399789922001));
#4470=CARTESIAN_POINT('Ctrl Pts',(1.24626828150651,-171.,26.9399789922001));
#4471=CARTESIAN_POINT('Ctrl Pts',(1.19829880946016E-14,-171.,26.9399789922001));
#4472=CARTESIAN_POINT('',(0.,-175.,26.2085608774899));
#4473=CARTESIAN_POINT('Ctrl Pts',(-9.27216604674353E-15,-174.999999999996,
26.2085608774907));
#4474=CARTESIAN_POINT('Ctrl Pts',(-9.32402093225604E-15,-173.666875891624,
26.4562594199114));
#4475=CARTESIAN_POINT('Ctrl Pts',(-9.36741715923997E-15,-172.333542558292,
26.7000654581478));
#4476=CARTESIAN_POINT('Ctrl Pts',(-9.40235472769532E-15,-171.,26.9399789922001));
#4477=CARTESIAN_POINT('',(5.,-175.,26.2085608774899));
#4478=CARTESIAN_POINT('Ctrl Pts',(5.,-175.,26.2085608774899));
#4479=CARTESIAN_POINT('Ctrl Pts',(3.33333333333334,-175.,26.2085608774899));
#4480=CARTESIAN_POINT('Ctrl Pts',(1.66666666666667,-175.,26.2085608774899));
#4481=CARTESIAN_POINT('Ctrl Pts',(1.19657878365271E-14,-175.,26.2085608774899));
#4482=CARTESIAN_POINT('Ctrl Pts',(40.9147537915771,-149.852218662141,30.4156961587073));
#4483=CARTESIAN_POINT('Ctrl Pts',(28.9310980479336,-158.243264749167,29.1668876945514));
#4484=CARTESIAN_POINT('Ctrl Pts',(16.9595139988875,-166.625858144637,27.7645020824911));
#4485=CARTESIAN_POINT('Ctrl Pts',(5.,-175.,26.2085608774899));
#4486=CARTESIAN_POINT('Ctrl Pts',(41.2807721090361,13.0623736414688,42.));
#4487=CARTESIAN_POINT('Ctrl Pts',(41.2807721090361,13.0623736414688,-39.0055864104025));
#4488=CARTESIAN_POINT('Ctrl Pts',(43.3944243717308,-19.0824782851814,42.));
#4489=CARTESIAN_POINT('Ctrl Pts',(43.3944243717308,-19.0824782851814,-39.0055864104025));
#4490=CARTESIAN_POINT('Ctrl Pts',(42.1114130333325,-52.0078598130463,42.));
#4491=CARTESIAN_POINT('Ctrl Pts',(42.1114130333325,-52.0078598130463,-39.0055864104025));
#4492=CARTESIAN_POINT('Ctrl Pts',(41.0051497631954,-84.6955838088131,42.));
#4493=CARTESIAN_POINT('Ctrl Pts',(41.0051497631954,-84.6955838088131,-39.0055864104025));
#4494=CARTESIAN_POINT('Ctrl Pts',(40.2932934512326,-105.729422026367,42.));
#4495=CARTESIAN_POINT('Ctrl Pts',(40.2932934512326,-105.729422026367,-39.0055864104025));
#4496=CARTESIAN_POINT('Ctrl Pts',(38.9915502639049,-126.710727677282,42.));
#4497=CARTESIAN_POINT('Ctrl Pts',(38.9915502639049,-126.710727677282,-39.0055864104025));
#4498=CARTESIAN_POINT('Ctrl Pts',(37.0999114240826,-147.640301689924,42.));
#4499=CARTESIAN_POINT('Ctrl Pts',(37.0999114240826,-147.640301689924,-39.0055864104025));
#4500=CARTESIAN_POINT('',(37.0999114240826,-147.640301689924,26.7413018714009));
#4501=CARTESIAN_POINT('Ctrl Pts',(37.0999114240826,-147.640301689924,26.7413018714009));
#4502=CARTESIAN_POINT('Ctrl Pts',(38.8859671932849,-127.878925667566,29.6182498445081));
#4503=CARTESIAN_POINT('Ctrl Pts',(40.1526703544228,-107.999045677816,31.6541371639202));
#4504=CARTESIAN_POINT('Ctrl Pts',(40.8884482656412,-88.0000000000043,32.8300985008705));
#4505=CARTESIAN_POINT('',(37.0999114240826,-147.640301689924,42.));
#4506=CARTESIAN_POINT('Ctrl Pts',(0.,-240.,7.));
#4507=CARTESIAN_POINT('Ctrl Pts',(1.14801203425044E-14,-189.63503879223,
21.2230809114558));
#4508=CARTESIAN_POINT('Ctrl Pts',(1.17010010922499E-14,-138.968372125524,
29.8331137450817));
#4509=CARTESIAN_POINT('Ctrl Pts',(6.62642249236554E-16,-87.9999999998816,
32.8300985008777));
#4510=CARTESIAN_POINT('Ctrl Pts',(10.3668350211261,-240.,7.));
#4511=CARTESIAN_POINT('Ctrl Pts',(13.2788663762879,-189.63503879223,21.2230809114558));
#4512=CARTESIAN_POINT('Ctrl Pts',(15.0449206799321,-138.968372125524,29.8331137450817));
#4513=CARTESIAN_POINT('Ctrl Pts',(15.6649979320587,-87.9999999998816,32.8300985008777));
#4514=CARTESIAN_POINT('Ctrl Pts',(20.7336700422522,-240.,7.));
#4515=CARTESIAN_POINT('Ctrl Pts',(26.5577327525758,-189.63503879223,21.2230809114558));
#4516=CARTESIAN_POINT('Ctrl Pts',(30.0898413598642,-138.968372125524,29.8331137450817));
#4517=CARTESIAN_POINT('Ctrl Pts',(31.3299958641175,-87.9999999998816,32.8300985008777));
#4518=CARTESIAN_POINT('Ctrl Pts',(31.1005050633783,-240.,7.));
#4519=CARTESIAN_POINT('Ctrl Pts',(39.8365991288636,-189.63503879223,21.2230809114558));
#4520=CARTESIAN_POINT('Ctrl Pts',(45.1347620397963,-138.968372125524,29.8331137450817));
#4521=CARTESIAN_POINT('Ctrl Pts',(46.9949937961762,-87.9999999998816,32.8300985008777));
#4522=CARTESIAN_POINT('',(31.1005050633782,-240.,7.));
#4523=CARTESIAN_POINT('Ctrl Pts',(31.1005050633782,-240.,7.));
#4524=CARTESIAN_POINT('Ctrl Pts',(39.8365991287766,-189.635038792731,21.2230809113142));
#4525=CARTESIAN_POINT('Ctrl Pts',(45.1347620396908,-138.968372126533,29.8331137449102));
#4526=CARTESIAN_POINT('Ctrl Pts',(46.9949937961206,-88.0000000014039,32.8300985007882));
#4527=CARTESIAN_POINT('',(24.8994949366058,-240.,7.));
#4528=CARTESIAN_POINT('',(31.1005050633782,-240.,7.));
#4529=CARTESIAN_POINT('',(23.4249783362157,-240.,7.));
#4530=CARTESIAN_POINT('',(31.1005050633782,-240.,7.));
#4531=CARTESIAN_POINT('',(14.8994949366058,-240.,7.));
#4532=CARTESIAN_POINT('',(31.1005050633782,-240.,7.));
#4533=CARTESIAN_POINT('',(13.4249783362157,-240.,7.));
#4534=CARTESIAN_POINT('',(31.1005050633782,-240.,7.));
#4535=CARTESIAN_POINT('',(4.89949493660578,-240.,7.));
#4536=CARTESIAN_POINT('',(31.1005050633782,-240.,7.));
#4537=CARTESIAN_POINT('',(3.42497833621568,-240.,7.));
#4538=CARTESIAN_POINT('',(31.1005050633782,-240.,7.));
#4539=CARTESIAN_POINT('',(0.,-240.,7.));
#4540=CARTESIAN_POINT('',(31.1005050633782,-240.,7.));
#4541=CARTESIAN_POINT('',(-1.81228965967667E-14,-225.,11.0677258303464));
#4542=CARTESIAN_POINT('Ctrl Pts',(0.,-240.,7.));
#4543=CARTESIAN_POINT('Ctrl Pts',(-1.13901619060838E-15,-235.002969956454,
8.41116285850249));
#4544=CARTESIAN_POINT('Ctrl Pts',(-2.16719762397237E-15,-230.002969956454,
9.76707146861795));
#4545=CARTESIAN_POINT('Ctrl Pts',(-3.08454430009198E-15,-225.,11.0677258303464));
#4546=CARTESIAN_POINT('',(28.9348371299617,-208.294463994059,15.2028198494214));
#4547=CARTESIAN_POINT('Ctrl Pts',(3.08454430009198E-15,-225.,11.0677258303464));
#4548=CARTESIAN_POINT('Ctrl Pts',(9.63763903813801,-219.435706506979,12.5143110916268));
#4549=CARTESIAN_POINT('Ctrl Pts',(19.2825835498429,-213.867195196827,13.8926891365988));
#4550=CARTESIAN_POINT('Ctrl Pts',(28.9348371299617,-208.294463994059,15.2028198494214));
#4551=CARTESIAN_POINT('',(29.8685714626061,-201.755372225755,16.7083768150997));
#4552=CARTESIAN_POINT('Ctrl Pts',(28.9348371299617,-208.294463994059,15.2028198494214));
#4553=CARTESIAN_POINT('Ctrl Pts',(29.252168840336,-206.117907520783,15.714521092506));
#4554=CARTESIAN_POINT('Ctrl Pts',(29.5634291122123,-203.938210092681,16.2163984984838));
#4555=CARTESIAN_POINT('Ctrl Pts',(29.868571462606,-201.755372225755,16.7083768150997));
#4556=CARTESIAN_POINT('',(-6.37016249454908E-14,-219.,12.6007365266165));
#4557=CARTESIAN_POINT('Ctrl Pts',(29.8685714626061,-201.755372225755,16.7083768150997));
#4558=CARTESIAN_POINT('Ctrl Pts',(19.9048904741633,-207.507906126552,15.4118435325909));
#4559=CARTESIAN_POINT('Ctrl Pts',(9.94870093394438,-213.2561148377,14.0426196484978));
#4560=CARTESIAN_POINT('Ctrl Pts',(4.13133353120024E-15,-219.,12.6007365266165));
#4561=CARTESIAN_POINT('',(-2.84788375092048E-14,-215.,13.5929361232902));
#4562=CARTESIAN_POINT('Ctrl Pts',(-4.13133353120024E-15,-219.,12.6007365266165));
#4563=CARTESIAN_POINT('Ctrl Pts',(-4.35206337097426E-15,-217.666877346248,
12.9353892920407));
#4564=CARTESIAN_POINT('Ctrl Pts',(-4.56493093376756E-15,-216.333544012915,
13.2661224909319));
#4565=CARTESIAN_POINT('Ctrl Pts',(-4.76993621958013E-15,-215.,13.5929361232902));
#4566=CARTESIAN_POINT('',(30.4674092733082,-197.409633054545,17.6738311939964));
#4567=CARTESIAN_POINT('Ctrl Pts',(4.76993621958013E-15,-215.,13.5929361232902));
#4568=CARTESIAN_POINT('Ctrl Pts',(10.1482151983098,-209.140925223462,15.0288283708915));
#4569=CARTESIAN_POINT('Ctrl Pts',(20.3040175500606,-203.277470001842,16.3891348273711));
#4570=CARTESIAN_POINT('Ctrl Pts',(30.4674092733082,-197.409633054545,17.6738311939964));
#4571=CARTESIAN_POINT('',(31.3305895871255,-190.911275668003,19.0652859270973));
#4572=CARTESIAN_POINT('Ctrl Pts',(30.4674092733082,-197.409633054545,17.6738311939964));
#4573=CARTESIAN_POINT('Ctrl Pts',(30.7611885348075,-195.246418133551,18.1474425731454));
#4574=CARTESIAN_POINT('Ctrl Pts',(31.0489292830255,-193.080298955872,18.6112834520919));
#4575=CARTESIAN_POINT('Ctrl Pts',(31.3305895871255,-190.911275668003,19.0652859270973));
#4576=CARTESIAN_POINT('',(-7.40575658579289E-14,-209.,15.036580699902));
#4577=CARTESIAN_POINT('Ctrl Pts',(31.3305895871255,-190.911275668003,19.0652859270973));
#4578=CARTESIAN_POINT('Ctrl Pts',(20.8793596929926,-196.945296060744,17.8022934051363));
#4579=CARTESIAN_POINT('Ctrl Pts',(10.4358301944223,-202.974870628033,16.4593877205178));
#4580=CARTESIAN_POINT('Ctrl Pts',(5.63906734044149E-15,-209.,15.036580699902));
#4581=CARTESIAN_POINT('',(-3.88347784216428E-14,-205.,15.9692734220552));
#4582=CARTESIAN_POINT('Ctrl Pts',(-5.63906734044151E-15,-209.,15.036580699902));
#4583=CARTESIAN_POINT('Ctrl Pts',(-5.8203519397124E-15,-207.666877013879,
15.3513916569616));
#4584=CARTESIAN_POINT('Ctrl Pts',(-5.99378666556323E-15,-206.333543680546,
15.6622892310127));
#4585=CARTESIAN_POINT('Ctrl Pts',(-6.15937151799398E-15,-205.,15.9692734220552));
#4586=CARTESIAN_POINT('',(31.882888806756,-186.592405564876,19.9554762121851));
#4587=CARTESIAN_POINT('Ctrl Pts',(6.15937151799396E-15,-205.,15.9692734220552));
#4588=CARTESIAN_POINT('Ctrl Pts',(10.6198793198568,-198.868609815919,17.3807306417059));
#4589=CARTESIAN_POINT('Ctrl Pts',(21.2475088522415,-192.732745044549,18.7094656569968));
#4590=CARTESIAN_POINT('Ctrl Pts',(31.882888806756,-186.592405564876,19.9554762121851));
#4591=CARTESIAN_POINT('',(32.6769934987075,-180.133929007214,21.2352184141909));
#4592=CARTESIAN_POINT('Ctrl Pts',(31.882888806756,-186.592405564876,19.9554762121851));
#4593=CARTESIAN_POINT('Ctrl Pts',(32.1536058021934,-184.442250977393,20.3917900870382));
#4594=CARTESIAN_POINT('Ctrl Pts',(32.4183198754421,-182.289425511966,20.8183910862742));
#4595=CARTESIAN_POINT('Ctrl Pts',(32.6769934987075,-180.133929007214,21.2352184141909));
#4596=CARTESIAN_POINT('',(-8.4413506770367E-14,-199.,17.3237632722582));
#4597=CARTESIAN_POINT('Ctrl Pts',(32.6769934987075,-180.133929007214,21.2352184141909));
#4598=CARTESIAN_POINT('Ctrl Pts',(21.7768723484368,-186.427116887522,20.0182492924857));
#4599=CARTESIAN_POINT('Ctrl Pts',(10.884540744429,-192.715807471199,18.7144355714557));
#4600=CARTESIAN_POINT('Ctrl Pts',(6.85126477428314E-15,-199.,17.3237632722582));
#4601=CARTESIAN_POINT('',(-8.67909667171876E-15,-171.,22.9399789922001));
#4602=CARTESIAN_POINT('Ctrl Pts',(-6.8512647742832E-15,-198.999999999999,
17.3237632722584));
#4603=CARTESIAN_POINT('Ctrl Pts',(-7.84385594873266E-15,-189.676938043138,
19.3869279426096));
#4604=CARTESIAN_POINT('Ctrl Pts',(-8.45313324787789E-15,-180.343604709803,
21.2589998492571));
#4605=CARTESIAN_POINT('Ctrl Pts',(-8.67909667171889E-15,-170.999999999995,
22.9399789922011));
#4606=CARTESIAN_POINT('',(3.73880484451952,-171.,22.9399789922001));
#4607=CARTESIAN_POINT('Ctrl Pts',(8.67909667171876E-15,-171.,22.9399789922001));
#4608=CARTESIAN_POINT('Ctrl Pts',(1.24626828150651,-171.,22.9399789922001));
#4609=CARTESIAN_POINT('Ctrl Pts',(2.49253656301302,-171.,22.9399789922001));
#4610=CARTESIAN_POINT('Ctrl Pts',(3.73880484451952,-171.,22.9399789922001));
#4611=CARTESIAN_POINT('Ctrl Pts',(3.73880484451952,-171.,22.9399789922001));
#4612=CARTESIAN_POINT('Ctrl Pts',(14.8490450024676,-163.220526090068,24.3395601808118));
#4613=CARTESIAN_POINT('Ctrl Pts',(25.9694139359128,-155.433959935181,25.6066668507203));
#4614=CARTESIAN_POINT('Ctrl Pts',(37.0999114240826,-147.640301689924,26.7413018714009));
#4615=CARTESIAN_POINT('Ctrl Pts',(31.1005050633782,-240.,7.));
#4616=CARTESIAN_POINT('Ctrl Pts',(39.8365991288568,-189.635038792269,21.2230809114447));
#4617=CARTESIAN_POINT('Ctrl Pts',(45.134762039788,-138.968372125602,29.8331137450683));
#4618=CARTESIAN_POINT('Ctrl Pts',(46.9949937961719,-88.,32.8300985008707));
#4619=CARTESIAN_POINT('Ctrl Pts',(31.7336700422521,-240.,6.3668350211261));
#4620=CARTESIAN_POINT('Ctrl Pts',(41.2157239832187,-189.635038792269,19.8439560570829));
#4621=CARTESIAN_POINT('Ctrl Pts',(46.9557458723033,-138.968372125602,28.012129912553));
#4622=CARTESIAN_POINT('Ctrl Pts',(48.953735709506,-88.,30.8713565875366));
#4623=CARTESIAN_POINT('Ctrl Pts',(32.366835021126,-240.,5.7336700422522));
#4624=CARTESIAN_POINT('Ctrl Pts',(42.5948488375806,-189.635038792269,18.464831202721));
#4625=CARTESIAN_POINT('Ctrl Pts',(48.7767297048186,-138.968372125602,26.1911460800377));
#4626=CARTESIAN_POINT('Ctrl Pts',(50.9124776228401,-88.,28.9126146742025));
#4627=CARTESIAN_POINT('Ctrl Pts',(32.9999999999999,-240.,5.1005050633783));
#4628=CARTESIAN_POINT('Ctrl Pts',(43.9739736919425,-189.635038792269,17.0857063483591));
#4629=CARTESIAN_POINT('Ctrl Pts',(50.5977135373339,-138.968372125602,24.3701622475225));
#4630=CARTESIAN_POINT('Ctrl Pts',(52.8712195361742,-88.,26.9538727608684));
#4631=CARTESIAN_POINT('',(32.9999999999999,-240.,5.1005050633783));
#4632=CARTESIAN_POINT('Ctrl Pts',(32.9999999999999,-240.,5.1005050633783));
#4633=CARTESIAN_POINT('Ctrl Pts',(43.9739736920362,-189.635038791839,17.0857063484614));
#4634=CARTESIAN_POINT('Ctrl Pts',(50.597713537447,-138.968372124737,24.3701622476468));
#4635=CARTESIAN_POINT('Ctrl Pts',(52.8712195362324,-87.9999999986944,26.9538727609346));
#4636=CARTESIAN_POINT('',(32.262741699797,-240.,5.83776336358128));
#4637=CARTESIAN_POINT('',(32.9999999999999,-240.,5.1005050633783));
#4638=CARTESIAN_POINT('',(32.9999999999999,-240.,5.1005050633783));
#4639=CARTESIAN_POINT('Ctrl Pts',(32.9999999999999,-240.,5.1005050633783));
#4640=CARTESIAN_POINT('Ctrl Pts',(43.9739736919425,-189.635038792269,17.0857063483591));
#4641=CARTESIAN_POINT('Ctrl Pts',(50.5977135373339,-138.968372125602,24.3701622475225));
#4642=CARTESIAN_POINT('Ctrl Pts',(52.8712195361742,-88.,26.9538727608684));
#4643=CARTESIAN_POINT('Ctrl Pts',(32.9999999999999,-240.,1.70016835445404));
#4644=CARTESIAN_POINT('Ctrl Pts',(43.9739736919425,-189.635038792269,8.34199908706467));
#4645=CARTESIAN_POINT('Ctrl Pts',(50.5977135373339,-138.968372125602,12.3173482814827));
#4646=CARTESIAN_POINT('Ctrl Pts',(52.8712195361742,-88.,13.6262159377081));
#4647=CARTESIAN_POINT('Ctrl Pts',(32.9999999999999,-240.,-1.70016835447022));
#4648=CARTESIAN_POINT('Ctrl Pts',(43.9739736919425,-189.635038792269,-0.401708174229754));
#4649=CARTESIAN_POINT('Ctrl Pts',(50.5977135373339,-138.968372125602,0.264534315442947));
#4650=CARTESIAN_POINT('Ctrl Pts',(52.8712195361742,-88.,0.298559114547889));
#4651=CARTESIAN_POINT('Ctrl Pts',(32.9999999999999,-240.,-5.10050506339448));
#4652=CARTESIAN_POINT('Ctrl Pts',(43.9739736919425,-189.635038792269,-9.14541543552417));
#4653=CARTESIAN_POINT('Ctrl Pts',(50.5977135373339,-138.968372125602,-11.7882796505968));
#4654=CARTESIAN_POINT('Ctrl Pts',(52.8712195361742,-88.,-13.0290977086124));
#4655=CARTESIAN_POINT('',(32.9999999999999,-240.,-5.10050506339448));
#4656=CARTESIAN_POINT('Ctrl Pts',(32.9999999999999,-240.,-5.10050506339448));
#4657=CARTESIAN_POINT('Ctrl Pts',(43.9739736919452,-189.635038792256,-9.14541543552516));
#4658=CARTESIAN_POINT('Ctrl Pts',(50.5977135373371,-138.968372125577,-11.7882796505981));
#4659=CARTESIAN_POINT('Ctrl Pts',(52.8712195361759,-87.9999999999627,-13.0290977086133));
#4660=CARTESIAN_POINT('',(32.9999999999999,-240.,-3.42497833621559));
#4661=CARTESIAN_POINT('',(32.9999999999999,-240.,-5.10050506339448));
#4662=CARTESIAN_POINT('',(32.9999999999999,-240.,3.42497833619965));
#4663=CARTESIAN_POINT('',(32.9999999999999,-240.,-5.10050506339448));
#4664=CARTESIAN_POINT('',(32.9999999999999,-240.,-5.10050506339448));
#4665=CARTESIAN_POINT('Ctrl Pts',(32.9999999999999,-240.,-5.10050506339448));
#4666=CARTESIAN_POINT('Ctrl Pts',(43.9739736919453,-189.635038792256,-9.14541543552521));
#4667=CARTESIAN_POINT('Ctrl Pts',(50.5977135373373,-138.968372125576,-11.7882796505982));
#4668=CARTESIAN_POINT('Ctrl Pts',(52.871219536176,-87.9999999999606,-13.0290977086133));
#4669=CARTESIAN_POINT('Ctrl Pts',(32.3668350211314,-240.,-5.73367004226299));
#4670=CARTESIAN_POINT('Ctrl Pts',(41.848888962096,-189.635038792256,-11.2705001653745));
#4671=CARTESIAN_POINT('Ctrl Pts',(47.5889108511783,-138.968372125576,-14.7970823367572));
#4672=CARTESIAN_POINT('Ctrl Pts',(49.5869006883782,-87.9999999999606,-16.3134165564111));
#4673=CARTESIAN_POINT('Ctrl Pts',(31.7336700422629,-240.,-6.36683502113149));
#4674=CARTESIAN_POINT('Ctrl Pts',(39.7238042322468,-189.635038792256,-13.3955848952238));
#4675=CARTESIAN_POINT('Ctrl Pts',(44.5801081650193,-138.968372125576,-17.8058850229162));
#4676=CARTESIAN_POINT('Ctrl Pts',(46.3025818405804,-87.9999999999606,-19.5977354042089));
#4677=CARTESIAN_POINT('Ctrl Pts',(31.1005050633945,-240.,-7.));
#4678=CARTESIAN_POINT('Ctrl Pts',(37.5987195023975,-189.635038792256,-15.5206696250731));
#4679=CARTESIAN_POINT('Ctrl Pts',(41.5713054788602,-138.968372125576,-20.8146877090753));
#4680=CARTESIAN_POINT('Ctrl Pts',(43.0182629927826,-87.9999999999606,-22.8820542520067));
#4681=CARTESIAN_POINT('',(37.1892883681991,-185.,-15.));
#4682=CARTESIAN_POINT('Ctrl Pts',(50.9003172447867,-87.9999999999979,-15.));
#4683=CARTESIAN_POINT('Ctrl Pts',(50.7498914505784,-90.1816308719556,-15.));
#4684=CARTESIAN_POINT('Ctrl Pts',(50.5901019448017,-92.3440480101997,-15.));
#4685=CARTESIAN_POINT('Ctrl Pts',(49.0046474620114,-112.536608579306,-15.));
#4686=CARTESIAN_POINT('Ctrl Pts',(46.8634335370237,-130.536394080284,-15.));
#4687=CARTESIAN_POINT('Ctrl Pts',(42.0638083457107,-160.694938051116,-15.));
#4688=CARTESIAN_POINT('Ctrl Pts',(39.7870971975369,-172.877728811055,-15.));
#4689=CARTESIAN_POINT('Ctrl Pts',(37.1892883681991,-185.,-15.));
#4690=CARTESIAN_POINT('',(37.1817315375676,-185.,-15.0075568306315));
#4691=CARTESIAN_POINT('Ctrl Pts',(37.1892883681991,-185.,-15.));
#4692=CARTESIAN_POINT('Ctrl Pts',(37.1867694246553,-185.,-15.0025189435438));
#4693=CARTESIAN_POINT('Ctrl Pts',(37.1842504811114,-185.,-15.0050378870876));
#4694=CARTESIAN_POINT('Ctrl Pts',(37.1817315375676,-185.,-15.0075568306315));
#4695=CARTESIAN_POINT('',(31.1005050633945,-240.,-7.));
#4696=CARTESIAN_POINT('Ctrl Pts',(31.1005050633945,-240.,-7.));
#4697=CARTESIAN_POINT('Ctrl Pts',(33.4607824645376,-221.706470159774,-10.0948723141479));
#4698=CARTESIAN_POINT('Ctrl Pts',(35.4878579559287,-203.373136826441,-12.7640579243584));
#4699=CARTESIAN_POINT('Ctrl Pts',(37.1817315375676,-185.,-15.0075568306315));
#4700=CARTESIAN_POINT('',(32.2627416997969,-240.,-5.8377633635975));
#4701=CARTESIAN_POINT('',(31.1005050633945,-240.,-7.));
#4702=CARTESIAN_POINT('',(31.1005050633945,-240.,-7.));
#4703=CARTESIAN_POINT('Origin',(9.97082461845821,-20.,-15.));
#4704=CARTESIAN_POINT('',(-37.1892883681991,-185.,-15.));
#4705=CARTESIAN_POINT('Ctrl Pts',(-37.1892883681991,-185.,-15.));
#4706=CARTESIAN_POINT('Ctrl Pts',(-39.241138695369,-175.425359316598,-15.));
#4707=CARTESIAN_POINT('Ctrl Pts',(-41.0929037869773,-165.811890160953,-15.));
#4708=CARTESIAN_POINT('Ctrl Pts',(-44.9466282717549,-143.241037658726,-15.));
#4709=CARTESIAN_POINT('Ctrl Pts',(-46.7844307156304,-130.270190077366,-15.));
#4710=CARTESIAN_POINT('Ctrl Pts',(-49.3789021884769,-107.193717755343,-15.));
#4711=CARTESIAN_POINT('Ctrl Pts',(-50.2206378779857,-97.8574150627392,-15.));
#4712=CARTESIAN_POINT('Ctrl Pts',(-50.9003172448047,-87.9999999997368,-15.));
#4713=CARTESIAN_POINT('',(118.112030573064,-185.,-15.));
#4714=CARTESIAN_POINT('Ctrl Pts',(-32.9999999999999,-240.,-5.10050506339448));
#4715=CARTESIAN_POINT('Ctrl Pts',(-43.9739736919614,-189.635038792182,-9.14541543553113));
#4716=CARTESIAN_POINT('Ctrl Pts',(-50.5977135373567,-138.968372125428,-11.7882796506059));
#4717=CARTESIAN_POINT('Ctrl Pts',(-52.8712195361859,-87.9999999997368,-13.0290977086188));
#4718=CARTESIAN_POINT('Ctrl Pts',(-32.3668350211314,-240.,-5.73367004226299));
#4719=CARTESIAN_POINT('Ctrl Pts',(-41.8488889621099,-189.635038792182,-11.2705001653826));
#4720=CARTESIAN_POINT('Ctrl Pts',(-47.5889108511951,-138.968372125428,-14.7970823367675));
#4721=CARTESIAN_POINT('Ctrl Pts',(-49.5869006883869,-87.9999999997368,-16.3134165564178));
#4722=CARTESIAN_POINT('Ctrl Pts',(-31.7336700422629,-240.,-6.36683502113149));
#4723=CARTESIAN_POINT('Ctrl Pts',(-39.7238042322585,-189.635038792182,-13.3955848952341));
#4724=CARTESIAN_POINT('Ctrl Pts',(-44.5801081650335,-138.968372125428,-17.8058850229292));
#4725=CARTESIAN_POINT('Ctrl Pts',(-46.302581840588,-87.9999999997368,-19.5977354042168));
#4726=CARTESIAN_POINT('Ctrl Pts',(-31.1005050633945,-240.,-7.));
#4727=CARTESIAN_POINT('Ctrl Pts',(-37.598719502407,-189.635038792182,-15.5206696250855));
#4728=CARTESIAN_POINT('Ctrl Pts',(-41.5713054788719,-138.968372125428,-20.8146877090908));
#4729=CARTESIAN_POINT('Ctrl Pts',(-43.018262992789,-87.9999999997368,-22.8820542520157));
#4730=CARTESIAN_POINT('',(-32.9999999999999,-240.,-5.10050506339448));
#4731=CARTESIAN_POINT('Ctrl Pts',(-32.9999999999999,-240.,-5.10050506339448));
#4732=CARTESIAN_POINT('Ctrl Pts',(-43.9739736919452,-189.635038792256,-9.14541543552516));
#4733=CARTESIAN_POINT('Ctrl Pts',(-50.5977135373371,-138.968372125577,-11.7882796505981));
#4734=CARTESIAN_POINT('Ctrl Pts',(-52.8712195361759,-87.9999999999627,-13.0290977086133));
#4735=CARTESIAN_POINT('',(-31.1005050633945,-240.,-7.));
#4736=CARTESIAN_POINT('',(-31.1005050633945,-240.,-7.));
#4737=CARTESIAN_POINT('',(-37.1817315375676,-185.,-15.0075568306315));
#4738=CARTESIAN_POINT('Ctrl Pts',(-31.1005050633945,-240.,-7.));
#4739=CARTESIAN_POINT('Ctrl Pts',(-33.4607824645376,-221.706470159774,-10.0948723141479));
#4740=CARTESIAN_POINT('Ctrl Pts',(-35.4878579559287,-203.373136826441,-12.7640579243584));
#4741=CARTESIAN_POINT('Ctrl Pts',(-37.1817315375676,-185.,-15.0075568306315));
#4742=CARTESIAN_POINT('Ctrl Pts',(-37.1817315375676,-185.,-15.0075568306315));
#4743=CARTESIAN_POINT('Ctrl Pts',(-37.1842504811114,-185.,-15.0050378870877));
#4744=CARTESIAN_POINT('Ctrl Pts',(-37.1867694246553,-185.,-15.0025189435438));
#4745=CARTESIAN_POINT('Ctrl Pts',(-37.1892883681991,-185.,-15.));
#4746=CARTESIAN_POINT('Ctrl Pts',(-31.8828888067559,-186.592405564877,42.));
#4747=CARTESIAN_POINT('Ctrl Pts',(-31.8828888067559,-186.592405564877,-39.0055864104025));
#4748=CARTESIAN_POINT('Ctrl Pts',(-32.1538734425775,-184.440125258619,42.));
#4749=CARTESIAN_POINT('Ctrl Pts',(-32.1538734425775,-184.440125258619,-39.0055864104025));
#4750=CARTESIAN_POINT('Ctrl Pts',(-32.4185749092754,-182.287300345397,42.));
#4751=CARTESIAN_POINT('Ctrl Pts',(-32.4185749092754,-182.287300345397,-39.0055864104025));
#4752=CARTESIAN_POINT('Ctrl Pts',(-32.6769934987074,-180.133929007214,42.));
#4753=CARTESIAN_POINT('Ctrl Pts',(-32.6769934987074,-180.133929007214,-39.0055864104025));
#4754=CARTESIAN_POINT('',(-31.8828888067559,-186.592405564877,26.9554762121851));
#4755=CARTESIAN_POINT('',(-32.6769934987074,-180.133929007214,28.2352184141908));
#4756=CARTESIAN_POINT('Ctrl Pts',(-31.8828888067559,-186.592405564877,26.955476212185));
#4757=CARTESIAN_POINT('Ctrl Pts',(-32.1536058021936,-184.442250977392,27.3917900870386));
#4758=CARTESIAN_POINT('Ctrl Pts',(-32.4183198754422,-182.289425511965,27.8183910862743));
#4759=CARTESIAN_POINT('Ctrl Pts',(-32.6769934987074,-180.133929007214,28.2352184141908));
#4760=CARTESIAN_POINT('',(-31.8828888067559,-186.592405564877,19.955476212185));
#4761=CARTESIAN_POINT('',(-31.8828888067559,-186.592405564877,42.));
#4762=CARTESIAN_POINT('',(-32.6769934987074,-180.133929007214,21.2352184141908));
#4763=CARTESIAN_POINT('Ctrl Pts',(-32.6769934987074,-180.133929007214,21.2352184141908));
#4764=CARTESIAN_POINT('Ctrl Pts',(-32.4183198754422,-182.289425511965,20.8183910862742));
#4765=CARTESIAN_POINT('Ctrl Pts',(-32.1536058021935,-184.442250977393,20.3917900870383));
#4766=CARTESIAN_POINT('Ctrl Pts',(-31.8828888067559,-186.592405564877,19.955476212185));
#4767=CARTESIAN_POINT('',(-32.6769934987074,-180.133929007214,42.));
#4768=CARTESIAN_POINT('Origin',(-32.6769934987074,-180.133929007214,42.));
#4769=CARTESIAN_POINT('Ctrl Pts',(-32.6769934987074,-180.133929007214,28.2352184141908));
#4770=CARTESIAN_POINT('Ctrl Pts',(-21.7768723484377,-186.427116887521,27.0182492924858));
#4771=CARTESIAN_POINT('Ctrl Pts',(-10.8845407444295,-192.715807471198,25.7144355714557));
#4772=CARTESIAN_POINT('Ctrl Pts',(-1.07804949087562E-14,-199.,24.3237632722582));
#4773=CARTESIAN_POINT('Ctrl Pts',(-6.85126477428314E-15,-199.,17.3237632722582));
#4774=CARTESIAN_POINT('Ctrl Pts',(-10.8845407444208,-192.715807471203,18.7144355714546));
#4775=CARTESIAN_POINT('Ctrl Pts',(-21.7768723484451,-186.427116887517,20.0182492924865));
#4776=CARTESIAN_POINT('Ctrl Pts',(-32.6769934987074,-180.133929007214,21.2352184141908));
#4777=CARTESIAN_POINT('',(-8.4413506770367E-14,-199.,42.));
#4778=CARTESIAN_POINT('Origin',(2.12422672044947E-14,-199.,42.));
#4779=CARTESIAN_POINT('',(32.6769934987075,-180.133929007214,42.));
#4780=CARTESIAN_POINT('Ctrl Pts',(32.6769934987075,-180.133929007214,42.));
#4781=CARTESIAN_POINT('Ctrl Pts',(32.6769934987075,-180.133929007214,-39.0055864104025));
#4782=CARTESIAN_POINT('Ctrl Pts',(32.4185749103671,-182.2873003363,42.));
#4783=CARTESIAN_POINT('Ctrl Pts',(32.4185749103671,-182.2873003363,-39.0055864104025));
#4784=CARTESIAN_POINT('Ctrl Pts',(32.1538734404601,-184.440125275437,42.));
#4785=CARTESIAN_POINT('Ctrl Pts',(32.1538734404601,-184.440125275437,-39.0055864104025));
#4786=CARTESIAN_POINT('Ctrl Pts',(31.882888806756,-186.592405564876,42.));
#4787=CARTESIAN_POINT('Ctrl Pts',(31.882888806756,-186.592405564876,-39.0055864104025));
#4788=CARTESIAN_POINT('',(31.882888806756,-186.592405564876,42.));
#4789=CARTESIAN_POINT('Origin',(31.882888806756,-186.592405564876,42.));
#4790=CARTESIAN_POINT('',(-3.88347784216428E-14,-205.,42.));
#4791=CARTESIAN_POINT('Origin',(-3.88347784216428E-14,-205.,42.));
#4792=CARTESIAN_POINT('Ctrl Pts',(-1.01935497411551E-14,-205.,22.9692734220552));
#4793=CARTESIAN_POINT('Ctrl Pts',(-10.6198793198566,-198.868609815919,24.3807306417059));
#4794=CARTESIAN_POINT('Ctrl Pts',(-21.2475088522414,-192.73274504455,25.7094656569968));
#4795=CARTESIAN_POINT('Ctrl Pts',(-31.8828888067559,-186.592405564877,26.9554762121851));
#4796=CARTESIAN_POINT('Ctrl Pts',(-31.8828888067559,-186.592405564877,19.955476212185));
#4797=CARTESIAN_POINT('Ctrl Pts',(-21.2475088522304,-192.732745044556,18.7094656569957));
#4798=CARTESIAN_POINT('Ctrl Pts',(-10.6198793198699,-198.868609815912,17.3807306417077));
#4799=CARTESIAN_POINT('Ctrl Pts',(-6.15937151799396E-15,-205.,15.9692734220552));
#4800=CARTESIAN_POINT('Origin',(2.12422672044947E-14,-209.,42.));
#4801=CARTESIAN_POINT('',(-7.40575658579289E-14,-209.,42.));
#4802=CARTESIAN_POINT('',(31.3305895871255,-190.911275668003,42.));
#4803=CARTESIAN_POINT('Ctrl Pts',(31.3305895871255,-190.911275668003,42.));
#4804=CARTESIAN_POINT('Ctrl Pts',(31.3305895871255,-190.911275668003,-39.0055864104025));
#4805=CARTESIAN_POINT('Ctrl Pts',(31.0492347445166,-193.077946643252,42.));
#4806=CARTESIAN_POINT('Ctrl Pts',(31.0492347445166,-193.077946643252,-39.0055864104025));
#4807=CARTESIAN_POINT('Ctrl Pts',(30.7615080728759,-195.244065246169,42.));
#4808=CARTESIAN_POINT('Ctrl Pts',(30.7615080728759,-195.244065246169,-39.0055864104025));
#4809=CARTESIAN_POINT('Ctrl Pts',(30.4674092733082,-197.409633054545,42.));
#4810=CARTESIAN_POINT('Ctrl Pts',(30.4674092733082,-197.409633054545,-39.0055864104025));
#4811=CARTESIAN_POINT('',(30.4674092733082,-197.409633054545,42.));
#4812=CARTESIAN_POINT('Origin',(30.4674092733082,-197.409633054545,42.));
#4813=CARTESIAN_POINT('',(-2.84788375092048E-14,-215.,42.));
#4814=CARTESIAN_POINT('Origin',(-2.84788375092048E-14,-215.,42.));
#4815=CARTESIAN_POINT('',(-30.4674092733082,-197.409633054545,24.6738311939964));
#4816=CARTESIAN_POINT('Ctrl Pts',(-8.95616212989485E-15,-215.,20.5929361232902));
#4817=CARTESIAN_POINT('Ctrl Pts',(-10.1482151983106,-209.140925223461,22.0288283708916));
#4818=CARTESIAN_POINT('Ctrl Pts',(-20.304017550061,-203.277470001841,23.3891348273712));
#4819=CARTESIAN_POINT('Ctrl Pts',(-30.4674092733082,-197.409633054545,24.6738311939964));
#4820=CARTESIAN_POINT('',(-30.4674092733082,-197.409633054545,17.6738311939964));
#4821=CARTESIAN_POINT('Ctrl Pts',(-30.4674092733082,-197.409633054545,17.6738311939964));
#4822=CARTESIAN_POINT('Ctrl Pts',(-20.3040175500648,-203.277470001839,16.3891348273716));
#4823=CARTESIAN_POINT('Ctrl Pts',(-10.148215198306,-209.140925223464,15.028828370891));
#4824=CARTESIAN_POINT('Ctrl Pts',(-4.76993621958012E-15,-215.,13.5929361232902));
#4825=CARTESIAN_POINT('',(-30.4674092733082,-197.409633054545,42.));
#4826=CARTESIAN_POINT('Ctrl Pts',(-30.4674092733082,-197.409633054545,42.));
#4827=CARTESIAN_POINT('Ctrl Pts',(-30.4674092733082,-197.409633054545,-39.0055864104025));
#4828=CARTESIAN_POINT('Ctrl Pts',(-30.7615080756972,-195.244065225395,42.));
#4829=CARTESIAN_POINT('Ctrl Pts',(-30.7615080756972,-195.244065225395,-39.0055864104025));
#4830=CARTESIAN_POINT('Ctrl Pts',(-31.0492347427181,-193.077946657103,42.));
#4831=CARTESIAN_POINT('Ctrl Pts',(-31.0492347427181,-193.077946657103,-39.0055864104025));
#4832=CARTESIAN_POINT('Ctrl Pts',(-31.3305895871255,-190.911275668003,42.));
#4833=CARTESIAN_POINT('Ctrl Pts',(-31.3305895871255,-190.911275668003,-39.0055864104025));
#4834=CARTESIAN_POINT('',(-31.3305895871255,-190.911275668003,26.0652859270973));
#4835=CARTESIAN_POINT('Ctrl Pts',(-30.4674092733082,-197.409633054545,24.6738311939964));
#4836=CARTESIAN_POINT('Ctrl Pts',(-30.7611885348076,-195.24641813355,25.1474425731456));
#4837=CARTESIAN_POINT('Ctrl Pts',(-31.0489292830255,-193.080298955872,25.6112834520919));
#4838=CARTESIAN_POINT('Ctrl Pts',(-31.3305895871255,-190.911275668003,26.0652859270973));
#4839=CARTESIAN_POINT('',(-31.3305895871255,-190.911275668003,19.0652859270973));
#4840=CARTESIAN_POINT('Ctrl Pts',(-31.3305895871255,-190.911275668003,19.0652859270973));
#4841=CARTESIAN_POINT('Ctrl Pts',(-31.0489292830254,-193.080298955873,18.6112834520918));
#4842=CARTESIAN_POINT('Ctrl Pts',(-30.7611885348074,-195.246418133552,18.1474425731452));
#4843=CARTESIAN_POINT('Ctrl Pts',(-30.4674092733082,-197.409633054545,17.6738311939964));
#4844=CARTESIAN_POINT('',(-31.3305895871255,-190.911275668003,42.));
#4845=CARTESIAN_POINT('Origin',(-31.3305895871255,-190.911275668003,42.));
#4846=CARTESIAN_POINT('Ctrl Pts',(-31.3305895871255,-190.911275668003,26.0652859270973));
#4847=CARTESIAN_POINT('Ctrl Pts',(-20.8793596929924,-196.945296060744,24.8022934051363));
#4848=CARTESIAN_POINT('Ctrl Pts',(-10.4358301944219,-202.974870628033,23.4593877205177));
#4849=CARTESIAN_POINT('Ctrl Pts',(-9.73749721347826E-15,-209.,22.036580699902));
#4850=CARTESIAN_POINT('Ctrl Pts',(-5.63906734044148E-15,-209.,15.0365806999019));
#4851=CARTESIAN_POINT('Ctrl Pts',(-10.4358301944135,-202.974870628038,16.4593877205166));
#4852=CARTESIAN_POINT('Ctrl Pts',(-20.8793596930001,-196.945296060739,17.8022934051371));
#4853=CARTESIAN_POINT('Ctrl Pts',(-31.3305895871255,-190.911275668003,19.0652859270973));
#4854=CARTESIAN_POINT('Ctrl Pts',(29.868571462606,-201.755372225755,42.));
#4855=CARTESIAN_POINT('Ctrl Pts',(29.868571462606,-201.755372225755,-39.0055864104025));
#4856=CARTESIAN_POINT('Ctrl Pts',(29.563790132988,-203.93562752812,42.));
#4857=CARTESIAN_POINT('Ctrl Pts',(29.563790132988,-203.93562752812,-39.0055864104025));
#4858=CARTESIAN_POINT('Ctrl Pts',(29.2525454585019,-206.11532432257,42.));
#4859=CARTESIAN_POINT('Ctrl Pts',(29.2525454585019,-206.11532432257,-39.0055864104025));
#4860=CARTESIAN_POINT('Ctrl Pts',(28.9348371299617,-208.294463994059,42.));
#4861=CARTESIAN_POINT('Ctrl Pts',(28.9348371299617,-208.294463994059,-39.0055864104025));
#4862=CARTESIAN_POINT('',(29.8685714626061,-201.755372225755,42.));
#4863=CARTESIAN_POINT('',(28.9348371299617,-208.294463994059,42.));
#4864=CARTESIAN_POINT('Origin',(28.9348371299617,-208.294463994059,42.));
#4865=CARTESIAN_POINT('',(-1.81228965967667E-14,-225.,42.));
#4866=CARTESIAN_POINT('Origin',(-1.81228965967667E-14,-225.,42.));
#4867=CARTESIAN_POINT('',(-28.9348371299617,-208.294463994059,22.2028198494214));
#4868=CARTESIAN_POINT('Ctrl Pts',(-7.39417693423048E-15,-225.,18.0677258303464));
#4869=CARTESIAN_POINT('Ctrl Pts',(-9.63763903813782,-219.435706506979,19.5143110916267));
#4870=CARTESIAN_POINT('Ctrl Pts',(-19.2825835498428,-213.867195196827,20.8926891365988));
#4871=CARTESIAN_POINT('Ctrl Pts',(-28.9348371299617,-208.294463994059,22.2028198494214));
#4872=CARTESIAN_POINT('',(-28.9348371299617,-208.294463994059,15.2028198494214));
#4873=CARTESIAN_POINT('Ctrl Pts',(-28.9348371299617,-208.294463994059,15.2028198494214));
#4874=CARTESIAN_POINT('Ctrl Pts',(-19.2825835498758,-213.867195196808,13.8926891366028));
#4875=CARTESIAN_POINT('Ctrl Pts',(-9.63763903810573,-219.435706506997,12.5143110916219));
#4876=CARTESIAN_POINT('Ctrl Pts',(-3.08454430009198E-15,-225.,11.0677258303464));
#4877=CARTESIAN_POINT('',(-28.9348371299617,-208.294463994059,42.));
#4878=CARTESIAN_POINT('Ctrl Pts',(-28.9348371299617,-208.294463994059,42.));
#4879=CARTESIAN_POINT('Ctrl Pts',(-28.9348371299617,-208.294463994059,-39.0055864104025));
#4880=CARTESIAN_POINT('Ctrl Pts',(-29.2525454616772,-206.115324300791,42.));
#4881=CARTESIAN_POINT('Ctrl Pts',(-29.2525454616772,-206.115324300791,-39.0055864104025));
#4882=CARTESIAN_POINT('Ctrl Pts',(-29.5637901307409,-203.935627544195,42.));
#4883=CARTESIAN_POINT('Ctrl Pts',(-29.5637901307409,-203.935627544195,-39.0055864104025));
#4884=CARTESIAN_POINT('Ctrl Pts',(-29.868571462606,-201.755372225755,42.));
#4885=CARTESIAN_POINT('Ctrl Pts',(-29.868571462606,-201.755372225755,-39.0055864104025));
#4886=CARTESIAN_POINT('',(-29.868571462606,-201.755372225755,23.7083768150997));
#4887=CARTESIAN_POINT('Ctrl Pts',(-28.9348371299617,-208.294463994059,22.2028198494214));
#4888=CARTESIAN_POINT('Ctrl Pts',(-29.2521688403359,-206.117907520783,22.7145210925058));
#4889=CARTESIAN_POINT('Ctrl Pts',(-29.5634291122122,-203.938210092681,23.2163984984838));
#4890=CARTESIAN_POINT('Ctrl Pts',(-29.868571462606,-201.755372225755,23.7083768150997));
#4891=CARTESIAN_POINT('',(-29.868571462606,-201.755372225755,16.7083768150997));
#4892=CARTESIAN_POINT('Ctrl Pts',(-29.868571462606,-201.755372225755,16.7083768150997));
#4893=CARTESIAN_POINT('Ctrl Pts',(-29.5634291122122,-203.938210092681,16.2163984984837));
#4894=CARTESIAN_POINT('Ctrl Pts',(-29.2521688403358,-206.117907520784,15.7145210925058));
#4895=CARTESIAN_POINT('Ctrl Pts',(-28.9348371299617,-208.294463994059,15.2028198494214));
#4896=CARTESIAN_POINT('',(-29.868571462606,-201.755372225755,42.));
#4897=CARTESIAN_POINT('Origin',(-29.868571462606,-201.755372225755,42.));
#4898=CARTESIAN_POINT('Ctrl Pts',(-29.868571462606,-201.755372225755,23.7083768150997));
#4899=CARTESIAN_POINT('Ctrl Pts',(-19.9048904741625,-207.507906126552,22.4118435325908));
#4900=CARTESIAN_POINT('Ctrl Pts',(-9.94870093394289,-213.256114837701,21.0426196484976));
#4901=CARTESIAN_POINT('Ctrl Pts',(-8.37036284840724E-15,-219.,19.6007365266165));
#4902=CARTESIAN_POINT('Ctrl Pts',(-4.13133353120023E-15,-219.,12.6007365266165));
#4903=CARTESIAN_POINT('Ctrl Pts',(-9.94870093395768,-213.256114837692,14.0426196484998));
#4904=CARTESIAN_POINT('Ctrl Pts',(-19.9048904741477,-207.507906126561,15.4118435325891));
#4905=CARTESIAN_POINT('Ctrl Pts',(-29.868571462606,-201.755372225755,16.7083768150997));
#4906=CARTESIAN_POINT('',(-6.37016249454908E-14,-219.,42.));
#4907=CARTESIAN_POINT('Origin',(2.12422672044947E-14,-219.,42.));
#4908=CARTESIAN_POINT('Ctrl Pts',(0.,-240.,7.));
#4909=CARTESIAN_POINT('Ctrl Pts',(-1.14801203424955E-14,-189.635038792269,
21.2230809114448));
#4910=CARTESIAN_POINT('Ctrl Pts',(-1.17010010922495E-14,-138.968372125602,
29.8331137450683));
#4911=CARTESIAN_POINT('Ctrl Pts',(-6.62642249262187E-16,-88.,32.8300985008707));
#4912=CARTESIAN_POINT('Ctrl Pts',(-10.3668350211261,-240.,7.));
#4913=CARTESIAN_POINT('Ctrl Pts',(-13.2788663762856,-189.635038792269,21.2230809114447));
#4914=CARTESIAN_POINT('Ctrl Pts',(-15.0449206799294,-138.968372125602,29.8331137450683));
#4915=CARTESIAN_POINT('Ctrl Pts',(-15.6649979320573,-88.,32.8300985008707));
#4916=CARTESIAN_POINT('Ctrl Pts',(-20.7336700422522,-240.,7.));
#4917=CARTESIAN_POINT('Ctrl Pts',(-26.5577327525712,-189.635038792269,21.2230809114448));
#4918=CARTESIAN_POINT('Ctrl Pts',(-30.0898413598587,-138.968372125602,29.8331137450683));
#4919=CARTESIAN_POINT('Ctrl Pts',(-31.3299958641146,-88.,32.8300985008707));
#4920=CARTESIAN_POINT('Ctrl Pts',(-31.1005050633783,-240.,7.));
#4921=CARTESIAN_POINT('Ctrl Pts',(-39.8365991288569,-189.635038792269,21.2230809114448));
#4922=CARTESIAN_POINT('Ctrl Pts',(-45.1347620397881,-138.968372125602,29.8331137450683));
#4923=CARTESIAN_POINT('Ctrl Pts',(-46.9949937961719,-88.,32.8300985008707));
#4924=CARTESIAN_POINT('',(-37.0999114240826,-147.640301689924,26.7413018714009));
#4925=CARTESIAN_POINT('Ctrl Pts',(-40.888450186857,-87.9999500378924,32.8300985008707));
#4926=CARTESIAN_POINT('Ctrl Pts',(-40.8738968101221,-88.3955237160627,32.8068870258133));
#4927=CARTESIAN_POINT('Ctrl Pts',(-40.8591331168508,-88.7911406478912,32.7832378024037));
#4928=CARTESIAN_POINT('Ctrl Pts',(-40.8440817327751,-89.1887841998242,32.7591728278669));
#4929=CARTESIAN_POINT('Ctrl Pts',(-40.6078851565895,-95.4288778042687,32.3815288475524));
#4930=CARTESIAN_POINT('Ctrl Pts',(-40.3198844077238,-101.660375063649,31.9199805003388));
#4931=CARTESIAN_POINT('Ctrl Pts',(-39.9802793463095,-107.883291152478,31.3748574465813));
#4932=CARTESIAN_POINT('Ctrl Pts',(-39.2537368538623,-121.196440687523,30.2086349511981));
#4933=CARTESIAN_POINT('Ctrl Pts',(-38.2921826278773,-134.448709363925,28.6617901895593));
#4934=CARTESIAN_POINT('Ctrl Pts',(-37.0999114240826,-147.640301689924,26.7413018714009));
#4935=CARTESIAN_POINT('',(-3.73880484451952,-171.,22.9399789922001));
#4936=CARTESIAN_POINT('Ctrl Pts',(-37.0999114240826,-147.640301689924,26.7413018714009));
#4937=CARTESIAN_POINT('Ctrl Pts',(-25.9694139359122,-155.433959935181,25.6066668507213));
#4938=CARTESIAN_POINT('Ctrl Pts',(-14.8490450024673,-163.220526090069,24.3395601808106));
#4939=CARTESIAN_POINT('Ctrl Pts',(-3.73880484451952,-171.,22.9399789922001));
#4940=CARTESIAN_POINT('Ctrl Pts',(-3.73880484451952,-171.,22.9399789922001));
#4941=CARTESIAN_POINT('Ctrl Pts',(-2.49253656301302,-171.,22.9399789922001));
#4942=CARTESIAN_POINT('Ctrl Pts',(-1.24626828150651,-171.,22.9399789922001));
#4943=CARTESIAN_POINT('Ctrl Pts',(-8.67909667171876E-15,-171.,22.9399789922001));
#4944=CARTESIAN_POINT('',(-5.10050506339422,-240.,7.));
#4945=CARTESIAN_POINT('',(-31.1005050633782,-240.,7.));
#4946=CARTESIAN_POINT('',(-6.57502166378432,-240.,7.));
#4947=CARTESIAN_POINT('',(-31.1005050633782,-240.,7.));
#4948=CARTESIAN_POINT('',(-15.1005050633942,-240.,7.));
#4949=CARTESIAN_POINT('',(-31.1005050633782,-240.,7.));
#4950=CARTESIAN_POINT('',(-16.5750216637843,-240.,7.));
#4951=CARTESIAN_POINT('',(-31.1005050633782,-240.,7.));
#4952=CARTESIAN_POINT('',(-25.1005050633942,-240.,7.));
#4953=CARTESIAN_POINT('',(-31.1005050633782,-240.,7.));
#4954=CARTESIAN_POINT('',(-26.5750216637843,-240.,7.));
#4955=CARTESIAN_POINT('',(-31.1005050633782,-240.,7.));
#4956=CARTESIAN_POINT('',(-31.1005050633782,-240.,7.));
#4957=CARTESIAN_POINT('',(-31.1005050633782,-240.,7.));
#4958=CARTESIAN_POINT('Ctrl Pts',(-31.1005050633782,-240.,7.));
#4959=CARTESIAN_POINT('Ctrl Pts',(-39.8365991287766,-189.635038792731,21.2230809113142));
#4960=CARTESIAN_POINT('Ctrl Pts',(-45.1347620396908,-138.968372126533,29.8331137449102));
#4961=CARTESIAN_POINT('Ctrl Pts',(-46.9949937961206,-88.0000000014039,32.8300985007882));
#4962=CARTESIAN_POINT('Ctrl Pts',(-34.,-240.,14.));
#4963=CARTESIAN_POINT('Ctrl Pts',(-42.7360940654735,-189.635038792269,28.2230809114447));
#4964=CARTESIAN_POINT('Ctrl Pts',(-48.0342569764014,-138.968372125602,36.8331137450683));
#4965=CARTESIAN_POINT('Ctrl Pts',(-49.8944887327836,-88.0000000000001,39.8300985008707));
#4966=CARTESIAN_POINT('Ctrl Pts',(-22.6666666666667,-240.,14.));
#4967=CARTESIAN_POINT('Ctrl Pts',(-28.4907293769823,-189.635038792269,28.2230809114447));
#4968=CARTESIAN_POINT('Ctrl Pts',(-32.0228379842676,-138.968372125602,36.8331137450683));
#4969=CARTESIAN_POINT('Ctrl Pts',(-33.2629924885224,-88.0000000000001,39.8300985008707));
#4970=CARTESIAN_POINT('Ctrl Pts',(-11.3333333333333,-240.,14.));
#4971=CARTESIAN_POINT('Ctrl Pts',(-14.2453646884912,-189.635038792269,28.2230809114448));
#4972=CARTESIAN_POINT('Ctrl Pts',(-16.0114189921338,-138.968372125602,36.8331137450683));
#4973=CARTESIAN_POINT('Ctrl Pts',(-16.6314962442612,-88.0000000000001,39.8300985008707));
#4974=CARTESIAN_POINT('Ctrl Pts',(-4.44089209850063E-15,-240.,14.));
#4975=CARTESIAN_POINT('Ctrl Pts',(-1.55889895175685E-14,-189.635038792269,
28.2230809114448));
#4976=CARTESIAN_POINT('Ctrl Pts',(-1.43795993743481E-14,-138.968372125602,
36.8331137450683));
#4977=CARTESIAN_POINT('Ctrl Pts',(-8.12721668839203E-16,-88.0000000000001,
39.8300985008707));
#4978=CARTESIAN_POINT('',(-34.,-240.,14.));
#4979=CARTESIAN_POINT('Ctrl Pts',(-34.,-240.,14.));
#4980=CARTESIAN_POINT('Ctrl Pts',(-42.7360940653933,-189.635038792731,28.2230809113142));
#4981=CARTESIAN_POINT('Ctrl Pts',(-48.0342569763041,-138.968372126533,36.8331137449102));
#4982=CARTESIAN_POINT('Ctrl Pts',(-49.8944887327324,-88.0000000014039,39.8300985007882));
#4983=CARTESIAN_POINT('',(-34.,-240.,14.));
#4984=CARTESIAN_POINT('',(-5.,-175.,29.2085608774899));
#4985=CARTESIAN_POINT('Ctrl Pts',(-1.19657878365271E-14,-175.,29.2085608774899));
#4986=CARTESIAN_POINT('Ctrl Pts',(-1.66666666666668,-175.,29.2085608774899));
#4987=CARTESIAN_POINT('Ctrl Pts',(-3.33333333333334,-175.,29.2085608774899));
#4988=CARTESIAN_POINT('Ctrl Pts',(-5.,-175.,29.2085608774899));
#4989=CARTESIAN_POINT('',(-40.9147537915771,-149.852218662141,33.4156961587073));
#4990=CARTESIAN_POINT('Ctrl Pts',(-5.,-175.,29.2085608774899));
#4991=CARTESIAN_POINT('Ctrl Pts',(-16.9595045039883,-166.625864793037,30.7645008471993));
#4992=CARTESIAN_POINT('Ctrl Pts',(-28.9310885345387,-158.243271410518,32.1668867031658));
#4993=CARTESIAN_POINT('Ctrl Pts',(-40.9147537915771,-149.852218662141,33.4156961587073));
#4994=CARTESIAN_POINT('Ctrl Pts',(-40.914753791577,-149.852218662141,33.4156961587073));
#4995=CARTESIAN_POINT('Ctrl Pts',(-42.4468113521689,-133.208696696663,35.8926901935736));
#4996=CARTESIAN_POINT('Ctrl Pts',(-43.4292558302752,-118.353725518118,37.4778366061048));
#4997=CARTESIAN_POINT('Ctrl Pts',(-44.0536330187726,-106.630492404469,38.4834656081996));
#4998=CARTESIAN_POINT('Ctrl Pts',(-44.4627845415973,-98.9483112337883,39.1424497049663));
#4999=CARTESIAN_POINT('Ctrl Pts',(-44.7229053176854,-92.6120330943026,39.5602672947383));
#5000=CARTESIAN_POINT('Ctrl Pts',(-44.8914209683988,-88.0000337338475,39.8305472393626));
#5001=CARTESIAN_POINT('Origin',(118.112030573064,-185.,-15.));
#5002=CARTESIAN_POINT('',(2.20353858546489E-14,-185.,-15.0075568306315));
#5003=CARTESIAN_POINT('Ctrl Pts',(2.29904713611958E-14,-185.,-15.0075568306315));
#5004=CARTESIAN_POINT('Ctrl Pts',(-6.19695525626125,-185.,-15.0075568306315));
#5005=CARTESIAN_POINT('Ctrl Pts',(-12.3939105125225,-185.,-15.0075568306315));
#5006=CARTESIAN_POINT('Ctrl Pts',(-24.7878210250451,-185.,-15.0075568306315));
#5007=CARTESIAN_POINT('Ctrl Pts',(-30.9847762813063,-185.,-15.0075568306315));
#5008=CARTESIAN_POINT('Ctrl Pts',(-37.1817315375676,-185.,-15.0075568306315));
#5009=CARTESIAN_POINT('Ctrl Pts',(37.1817315375676,-185.,-15.0075568306315));
#5010=CARTESIAN_POINT('Ctrl Pts',(30.9847762813063,-185.,-15.0075568306315));
#5011=CARTESIAN_POINT('Ctrl Pts',(24.7878210250451,-185.,-15.0075568306315));
#5012=CARTESIAN_POINT('Ctrl Pts',(12.3939105125225,-185.,-15.0075568306315));
#5013=CARTESIAN_POINT('Ctrl Pts',(6.19695525626125,-185.,-15.0075568306315));
#5014=CARTESIAN_POINT('Ctrl Pts',(-2.29904713611958E-14,-185.,-15.0075568306315));
#5015=CARTESIAN_POINT('Ctrl Pts',(-33.9999999999999,-240.,-14.));
#5016=CARTESIAN_POINT('Ctrl Pts',(-40.4982144390044,-189.635038792269,-22.5206696250709));
#5017=CARTESIAN_POINT('Ctrl Pts',(-44.4708004154688,-138.968372125602,-27.8146877090726));
#5018=CARTESIAN_POINT('Ctrl Pts',(-45.9177579293931,-88.,-29.8820542520051));
#5019=CARTESIAN_POINT('Ctrl Pts',(-35.9999999999999,-240.,-12.0000000000032));
#5020=CARTESIAN_POINT('Ctrl Pts',(-43.9901341899838,-189.635038792269,-19.0287498740931));
#5021=CARTESIAN_POINT('Ctrl Pts',(-48.8464381227572,-138.968372125602,-23.4390500017847));
#5022=CARTESIAN_POINT('Ctrl Pts',(-50.5689117983201,-88.,-25.2309003830781));
#5023=CARTESIAN_POINT('Ctrl Pts',(-37.9999999999999,-240.,-10.0000000000064));
#5024=CARTESIAN_POINT('Ctrl Pts',(-47.4820539409631,-189.635038792269,-15.5368301231153));
#5025=CARTESIAN_POINT('Ctrl Pts',(-53.2220758300455,-138.968372125602,-19.0634122944968));
#5026=CARTESIAN_POINT('Ctrl Pts',(-55.2200656672472,-88.,-20.5797465141511));
#5027=CARTESIAN_POINT('Ctrl Pts',(-39.9999999999999,-240.,-8.00000000000953));
#5028=CARTESIAN_POINT('Ctrl Pts',(-50.9739736919425,-189.635038792269,-12.0449103721375));
#5029=CARTESIAN_POINT('Ctrl Pts',(-57.5977135373339,-138.968372125602,-14.687774587209));
#5030=CARTESIAN_POINT('Ctrl Pts',(-59.8712195361742,-88.,-15.928592645224));
#5031=CARTESIAN_POINT('',(-33.9999999999999,-240.,-14.));
#5032=CARTESIAN_POINT('Ctrl Pts',(-33.9999999999999,-240.,-14.));
#5033=CARTESIAN_POINT('Ctrl Pts',(-40.4982144390048,-189.635038792266,-22.5206696250714));
#5034=CARTESIAN_POINT('Ctrl Pts',(-44.4708004154693,-138.968372125596,-27.8146877090732));
#5035=CARTESIAN_POINT('Ctrl Pts',(-45.9177579293933,-87.999999999991,-29.8820542520054));
#5036=CARTESIAN_POINT('',(-39.9999999999999,-240.,-8.00000000000953));
#5037=CARTESIAN_POINT('',(-33.9999999999999,-240.,-14.));
#5038=CARTESIAN_POINT('Ctrl Pts',(-39.9999999999999,-240.,-8.00000000000953));
#5039=CARTESIAN_POINT('Ctrl Pts',(-50.9739736919452,-189.635038792256,-12.0449103721385));
#5040=CARTESIAN_POINT('Ctrl Pts',(-57.5977135373371,-138.968372125577,-14.6877745872103));
#5041=CARTESIAN_POINT('Ctrl Pts',(-59.8712195361759,-87.9999999999627,-15.928592645225));
#5042=CARTESIAN_POINT('Ctrl Pts',(33.9999999999999,-240.,-14.));
#5043=CARTESIAN_POINT('Ctrl Pts',(40.4982144390044,-189.635038792269,-22.5206696250709));
#5044=CARTESIAN_POINT('Ctrl Pts',(44.4708004154688,-138.968372125602,-27.8146877090726));
#5045=CARTESIAN_POINT('Ctrl Pts',(45.9177579293931,-88.,-29.8820542520051));
#5046=CARTESIAN_POINT('Ctrl Pts',(35.9999999999999,-240.,-12.0000000000032));
#5047=CARTESIAN_POINT('Ctrl Pts',(43.9901341899838,-189.635038792269,-19.0287498740931));
#5048=CARTESIAN_POINT('Ctrl Pts',(48.8464381227572,-138.968372125602,-23.4390500017847));
#5049=CARTESIAN_POINT('Ctrl Pts',(50.5689117983201,-88.,-25.2309003830781));
#5050=CARTESIAN_POINT('Ctrl Pts',(37.9999999999999,-240.,-10.0000000000064));
#5051=CARTESIAN_POINT('Ctrl Pts',(47.4820539409631,-189.635038792269,-15.5368301231153));
#5052=CARTESIAN_POINT('Ctrl Pts',(53.2220758300455,-138.968372125602,-19.0634122944968));
#5053=CARTESIAN_POINT('Ctrl Pts',(55.2200656672472,-88.,-20.5797465141511));
#5054=CARTESIAN_POINT('Ctrl Pts',(39.9999999999999,-240.,-8.00000000000953));
#5055=CARTESIAN_POINT('Ctrl Pts',(50.9739736919425,-189.635038792269,-12.0449103721375));
#5056=CARTESIAN_POINT('Ctrl Pts',(57.5977135373339,-138.968372125602,-14.687774587209));
#5057=CARTESIAN_POINT('Ctrl Pts',(59.8712195361742,-88.,-15.9285926452241));
#5058=CARTESIAN_POINT('',(33.9999999999999,-240.,-14.));
#5059=CARTESIAN_POINT('',(33.9999999999999,-240.,-14.));
#5060=CARTESIAN_POINT('Ctrl Pts',(33.9999999999999,-240.,-14.));
#5061=CARTESIAN_POINT('Ctrl Pts',(40.4982144390048,-189.635038792266,-22.5206696250714));
#5062=CARTESIAN_POINT('Ctrl Pts',(44.4708004154693,-138.968372125596,-27.8146877090732));
#5063=CARTESIAN_POINT('Ctrl Pts',(45.9177579293933,-87.999999999991,-29.8820542520054));
#5064=CARTESIAN_POINT('Ctrl Pts',(5.87830463590729E-14,-240.,-14.));
#5065=CARTESIAN_POINT('Ctrl Pts',(2.90615271186508E-14,-189.635038792269,
-22.5206696250709));
#5066=CARTESIAN_POINT('Ctrl Pts',(9.6420759092172E-15,-138.968372125602,
-27.8146877090726));
#5067=CARTESIAN_POINT('Ctrl Pts',(5.24692730772307E-16,-88.,-29.8820542520051));
#5068=CARTESIAN_POINT('Ctrl Pts',(-11.3333333333333,-240.,-14.));
#5069=CARTESIAN_POINT('Ctrl Pts',(-13.4994048130015,-189.635038792269,-22.5206696250709));
#5070=CARTESIAN_POINT('Ctrl Pts',(-14.8236001384896,-138.968372125602,-27.8146877090726));
#5071=CARTESIAN_POINT('Ctrl Pts',(-15.3059193097977,-88.,-29.8820542520051));
#5072=CARTESIAN_POINT('Ctrl Pts',(-22.6666666666666,-240.,-14.));
#5073=CARTESIAN_POINT('Ctrl Pts',(-26.9988096260029,-189.635038792269,-22.5206696250709));
#5074=CARTESIAN_POINT('Ctrl Pts',(-29.6472002769792,-138.968372125602,-27.8146877090726));
#5075=CARTESIAN_POINT('Ctrl Pts',(-30.6118386195954,-88.,-29.8820542520051));
#5076=CARTESIAN_POINT('Ctrl Pts',(-33.9999999999999,-240.,-14.));
#5077=CARTESIAN_POINT('Ctrl Pts',(-40.4982144390044,-189.635038792269,-22.5206696250709));
#5078=CARTESIAN_POINT('Ctrl Pts',(-44.4708004154688,-138.968372125602,-27.8146877090726));
#5079=CARTESIAN_POINT('Ctrl Pts',(-45.9177579293931,-88.,-29.8820542520051));
#5080=CARTESIAN_POINT('',(5.87830463590729E-14,-240.,-14.));
#5081=CARTESIAN_POINT('Ctrl Pts',(5.8783046359073E-14,-240.,-14.));
#5082=CARTESIAN_POINT('Ctrl Pts',(2.93006962924528E-14,-189.635038792269,
-22.5206696250709));
#5083=CARTESIAN_POINT('Ctrl Pts',(9.88584676530576E-15,-138.968372125602,
-27.8146877090726));
#5084=CARTESIAN_POINT('Ctrl Pts',(5.3849777763195E-16,-88.,-29.8820542520051));
#5085=CARTESIAN_POINT('',(5.87830463590729E-14,-240.,-14.));
#5086=CARTESIAN_POINT('Ctrl Pts',(-5.87830463590729E-14,-240.,-14.));
#5087=CARTESIAN_POINT('Ctrl Pts',(-2.90615271186508E-14,-189.635038792269,
-22.5206696250709));
#5088=CARTESIAN_POINT('Ctrl Pts',(-9.64207590921721E-15,-138.968372125602,
-27.8146877090726));
#5089=CARTESIAN_POINT('Ctrl Pts',(-5.24692730772314E-16,-88.,-29.8820542520051));
#5090=CARTESIAN_POINT('Ctrl Pts',(11.3333333333333,-240.,-14.));
#5091=CARTESIAN_POINT('Ctrl Pts',(13.4994048130015,-189.635038792269,-22.5206696250709));
#5092=CARTESIAN_POINT('Ctrl Pts',(14.8236001384896,-138.968372125602,-27.8146877090726));
#5093=CARTESIAN_POINT('Ctrl Pts',(15.3059193097977,-88.,-29.8820542520051));
#5094=CARTESIAN_POINT('Ctrl Pts',(22.6666666666666,-240.,-14.));
#5095=CARTESIAN_POINT('Ctrl Pts',(26.9988096260029,-189.635038792269,-22.5206696250709));
#5096=CARTESIAN_POINT('Ctrl Pts',(29.6472002769792,-138.968372125602,-27.8146877090726));
#5097=CARTESIAN_POINT('Ctrl Pts',(30.6118386195954,-88.,-29.8820542520051));
#5098=CARTESIAN_POINT('Ctrl Pts',(33.9999999999999,-240.,-14.));
#5099=CARTESIAN_POINT('Ctrl Pts',(40.4982144390044,-189.635038792269,-22.5206696250709));
#5100=CARTESIAN_POINT('Ctrl Pts',(44.4708004154688,-138.968372125602,-27.8146877090726));
#5101=CARTESIAN_POINT('Ctrl Pts',(45.9177579293931,-88.,-29.8820542520051));
#5102=CARTESIAN_POINT('',(-5.87830463590729E-14,-240.,-14.));
#5103=CARTESIAN_POINT('Ctrl Pts',(31.1005050633945,-240.,-7.));
#5104=CARTESIAN_POINT('Ctrl Pts',(33.4607824645376,-221.706470159774,-10.0948723141479));
#5105=CARTESIAN_POINT('Ctrl Pts',(35.4878579559287,-203.373136826441,-12.7640579243584));
#5106=CARTESIAN_POINT('Ctrl Pts',(37.1817315375676,-185.,-15.0075568306315));
#5107=CARTESIAN_POINT('Ctrl Pts',(20.733670042263,-240.,-7.));
#5108=CARTESIAN_POINT('Ctrl Pts',(22.3071883096917,-221.706470159774,-10.0948723141479));
#5109=CARTESIAN_POINT('Ctrl Pts',(23.6585719706191,-203.37313682644,-12.7640579243584));
#5110=CARTESIAN_POINT('Ctrl Pts',(24.7878210250451,-185.,-15.0075568306315));
#5111=CARTESIAN_POINT('Ctrl Pts',(10.3668350211315,-240.,-7.));
#5112=CARTESIAN_POINT('Ctrl Pts',(11.1535941548459,-221.706470159774,-10.0948723141479));
#5113=CARTESIAN_POINT('Ctrl Pts',(11.8292859853095,-203.373136826441,-12.7640579243584));
#5114=CARTESIAN_POINT('Ctrl Pts',(12.3939105125225,-185.,-15.0075568306315));
#5115=CARTESIAN_POINT('Ctrl Pts',(-4.43474136447252E-14,-240.,-7.));
#5116=CARTESIAN_POINT('Ctrl Pts',(-3.62030675276542E-14,-221.706470159774,
-10.0948723141479));
#5117=CARTESIAN_POINT('Ctrl Pts',(-2.90840867664777E-14,-203.373136826441,
-12.7640579243584));
#5118=CARTESIAN_POINT('Ctrl Pts',(-2.29904713611958E-14,-185.,-15.0075568306315));
#5119=CARTESIAN_POINT('',(4.40872847693047E-14,-240.,-7.));
#5120=CARTESIAN_POINT('Ctrl Pts',(4.40872847693047E-14,-240.,-7.));
#5121=CARTESIAN_POINT('Ctrl Pts',(3.55660089174886E-14,-221.706470159774,
-10.0948723141479));
#5122=CARTESIAN_POINT('Ctrl Pts',(2.82153759459367E-14,-203.373136826441,
-12.7640579243584));
#5123=CARTESIAN_POINT('Ctrl Pts',(2.20353858546489E-14,-185.,-15.0075568306315));
#5124=CARTESIAN_POINT('',(3.42497833619942,-240.,-7.));
#5125=CARTESIAN_POINT('',(-5.76700899402271E-14,-240.,-7.));
#5126=CARTESIAN_POINT('',(4.89949493662153,-240.,-7.));
#5127=CARTESIAN_POINT('',(-5.76700899402271E-14,-240.,-7.));
#5128=CARTESIAN_POINT('',(13.4249783361994,-240.,-7.));
#5129=CARTESIAN_POINT('',(-5.76700899402271E-14,-240.,-7.));
#5130=CARTESIAN_POINT('',(14.8994949366215,-240.,-7.));
#5131=CARTESIAN_POINT('',(-5.76700899402271E-14,-240.,-7.));
#5132=CARTESIAN_POINT('',(23.4249783361994,-240.,-7.));
#5133=CARTESIAN_POINT('',(-5.76700899402271E-14,-240.,-7.));
#5134=CARTESIAN_POINT('',(24.8994949366215,-240.,-7.));
#5135=CARTESIAN_POINT('',(-5.76700899402271E-14,-240.,-7.));
#5136=CARTESIAN_POINT('',(-5.76700899402271E-14,-240.,-7.));
#5137=CARTESIAN_POINT('Ctrl Pts',(-31.1005050633945,-240.,-7.));
#5138=CARTESIAN_POINT('Ctrl Pts',(-33.4607824645376,-221.706470159774,-10.0948723141479));
#5139=CARTESIAN_POINT('Ctrl Pts',(-35.4878579559287,-203.373136826441,-12.7640579243584));
#5140=CARTESIAN_POINT('Ctrl Pts',(-37.1817315375676,-185.,-15.0075568306315));
#5141=CARTESIAN_POINT('Ctrl Pts',(-20.733670042263,-240.,-7.));
#5142=CARTESIAN_POINT('Ctrl Pts',(-22.3071883096917,-221.706470159774,-10.0948723141479));
#5143=CARTESIAN_POINT('Ctrl Pts',(-23.6585719706191,-203.37313682644,-12.7640579243584));
#5144=CARTESIAN_POINT('Ctrl Pts',(-24.7878210250451,-185.,-15.0075568306315));
#5145=CARTESIAN_POINT('Ctrl Pts',(-10.3668350211315,-240.,-7.));
#5146=CARTESIAN_POINT('Ctrl Pts',(-11.1535941548459,-221.706470159774,-10.0948723141479));
#5147=CARTESIAN_POINT('Ctrl Pts',(-11.8292859853095,-203.373136826441,-12.7640579243584));
#5148=CARTESIAN_POINT('Ctrl Pts',(-12.3939105125225,-185.,-15.0075568306315));
#5149=CARTESIAN_POINT('Ctrl Pts',(4.43474136447252E-14,-240.,-7.));
#5150=CARTESIAN_POINT('Ctrl Pts',(3.62030675276542E-14,-221.706470159774,
-10.0948723141479));
#5151=CARTESIAN_POINT('Ctrl Pts',(2.90840867664777E-14,-203.373136826441,
-12.7640579243584));
#5152=CARTESIAN_POINT('Ctrl Pts',(2.29904713611958E-14,-185.,-15.0075568306315));
#5153=CARTESIAN_POINT('',(-26.5750216638006,-240.,-7.));
#5154=CARTESIAN_POINT('',(5.76700899402271E-14,-240.,-7.));
#5155=CARTESIAN_POINT('',(-25.1005050633785,-240.,-7.00000000000001));
#5156=CARTESIAN_POINT('',(5.76700899402271E-14,-240.,-7.));
#5157=CARTESIAN_POINT('',(-16.5750216638006,-240.,-7.));
#5158=CARTESIAN_POINT('',(5.76700899402271E-14,-240.,-7.));
#5159=CARTESIAN_POINT('',(-15.1005050633785,-240.,-7.));
#5160=CARTESIAN_POINT('',(5.76700899402271E-14,-240.,-7.));
#5161=CARTESIAN_POINT('',(-6.57502166380058,-240.,-7.));
#5162=CARTESIAN_POINT('',(5.76700899402271E-14,-240.,-7.));
#5163=CARTESIAN_POINT('',(-5.10050506337847,-240.,-7.));
#5164=CARTESIAN_POINT('',(5.76700899402271E-14,-240.,-7.));
#5165=CARTESIAN_POINT('',(5.76700899402271E-14,-240.,-7.));
#5166=CARTESIAN_POINT('Ctrl Pts',(-32.9999999999999,-240.,5.1005050633783));
#5167=CARTESIAN_POINT('Ctrl Pts',(-43.9739736919425,-189.635038792269,17.0857063483591));
#5168=CARTESIAN_POINT('Ctrl Pts',(-50.5977135373339,-138.968372125602,24.3701622475225));
#5169=CARTESIAN_POINT('Ctrl Pts',(-52.8712195361742,-88.,26.9538727608684));
#5170=CARTESIAN_POINT('Ctrl Pts',(-32.9999999999999,-240.,1.70016835445404));
#5171=CARTESIAN_POINT('Ctrl Pts',(-43.9739736919425,-189.635038792269,8.34199908706467));
#5172=CARTESIAN_POINT('Ctrl Pts',(-50.5977135373339,-138.968372125602,12.3173482814827));
#5173=CARTESIAN_POINT('Ctrl Pts',(-52.8712195361742,-88.,13.6262159377081));
#5174=CARTESIAN_POINT('Ctrl Pts',(-32.9999999999999,-240.,-1.70016835447022));
#5175=CARTESIAN_POINT('Ctrl Pts',(-43.9739736919425,-189.635038792269,-0.401708174229754));
#5176=CARTESIAN_POINT('Ctrl Pts',(-50.5977135373339,-138.968372125602,0.264534315442947));
#5177=CARTESIAN_POINT('Ctrl Pts',(-52.8712195361742,-88.,0.298559114547889));
#5178=CARTESIAN_POINT('Ctrl Pts',(-32.9999999999999,-240.,-5.10050506339448));
#5179=CARTESIAN_POINT('Ctrl Pts',(-43.9739736919425,-189.635038792269,-9.14541543552417));
#5180=CARTESIAN_POINT('Ctrl Pts',(-50.5977135373339,-138.968372125602,-11.7882796505968));
#5181=CARTESIAN_POINT('Ctrl Pts',(-52.8712195361742,-88.,-13.0290977086124));
#5182=CARTESIAN_POINT('',(-32.9999999999999,-240.,5.1005050633783));
#5183=CARTESIAN_POINT('Ctrl Pts',(-32.9999999999999,-240.,5.1005050633783));
#5184=CARTESIAN_POINT('Ctrl Pts',(-43.9739736920362,-189.635038791839,17.0857063484614));
#5185=CARTESIAN_POINT('Ctrl Pts',(-50.597713537447,-138.968372124737,24.3701622476468));
#5186=CARTESIAN_POINT('Ctrl Pts',(-52.8712195362324,-87.9999999986944,26.9538727609346));
#5187=CARTESIAN_POINT('',(-32.9999999999999,-240.,0.575021663784476));
#5188=CARTESIAN_POINT('',(-32.9999999999999,-240.,-5.10050506339448));
#5189=CARTESIAN_POINT('',(-32.9999999999999,-240.,-0.575021663800543));
#5190=CARTESIAN_POINT('',(-32.9999999999999,-240.,-5.10050506339448));
#5191=CARTESIAN_POINT('',(-32.9999999999999,-240.,-5.10050506339448));
#5192=CARTESIAN_POINT('Origin',(37.0999114240826,-147.640301689924,42.));
#5193=CARTESIAN_POINT('',(3.73880484451952,-171.,42.));
#5194=CARTESIAN_POINT('Origin',(3.73880484451952,-171.,42.));
#5195=CARTESIAN_POINT('',(-3.73880484451952,-171.,26.9399789922001));
#5196=CARTESIAN_POINT('',(-3.73880484451952,-171.,42.));
#5197=CARTESIAN_POINT('Ctrl Pts',(-1.19829880946016E-14,-171.,26.9399789922001));
#5198=CARTESIAN_POINT('Ctrl Pts',(-1.24626828150652,-171.,26.9399789922001));
#5199=CARTESIAN_POINT('Ctrl Pts',(-2.49253656301302,-171.,26.9399789922001));
#5200=CARTESIAN_POINT('Ctrl Pts',(-3.73880484451952,-171.,26.9399789922001));
#5201=CARTESIAN_POINT('Ctrl Pts',(-37.0999114240826,-147.640301689924,42.));
#5202=CARTESIAN_POINT('Ctrl Pts',(-37.0999114240826,-147.640301689924,-39.0055864104025));
#5203=CARTESIAN_POINT('Ctrl Pts',(-38.9915502639049,-126.710727677282,42.));
#5204=CARTESIAN_POINT('Ctrl Pts',(-38.9915502639049,-126.710727677282,-39.0055864104025));
#5205=CARTESIAN_POINT('Ctrl Pts',(-40.2932934512326,-105.729422026367,42.));
#5206=CARTESIAN_POINT('Ctrl Pts',(-40.2932934512326,-105.729422026367,-39.0055864104025));
#5207=CARTESIAN_POINT('Ctrl Pts',(-41.0051497631954,-84.6955838088131,42.));
#5208=CARTESIAN_POINT('Ctrl Pts',(-41.0051497631954,-84.6955838088131,-39.0055864104025));
#5209=CARTESIAN_POINT('Ctrl Pts',(-42.1114130333325,-52.0078598130463,42.));
#5210=CARTESIAN_POINT('Ctrl Pts',(-42.1114130333325,-52.0078598130463,-39.0055864104025));
#5211=CARTESIAN_POINT('Ctrl Pts',(-43.3944243717309,-19.0824782851814,42.));
#5212=CARTESIAN_POINT('Ctrl Pts',(-43.3944243717309,-19.0824782851814,-39.0055864104025));
#5213=CARTESIAN_POINT('Ctrl Pts',(-41.2807721090361,13.0623736414689,42.));
#5214=CARTESIAN_POINT('Ctrl Pts',(-41.2807721090361,13.0623736414689,-39.0055864104025));
#5215=CARTESIAN_POINT('',(-37.0999114240826,-147.640301689924,30.7413018714009));
#5216=CARTESIAN_POINT('Ctrl Pts',(-37.0999114240826,-147.640301689924,30.7413018714009));
#5217=CARTESIAN_POINT('Ctrl Pts',(-38.8859389272483,-127.879238410196,33.6182043140616));
#5218=CARTESIAN_POINT('Ctrl Pts',(-40.1526588373816,-107.999358720421,35.6541187567419));
#5219=CARTESIAN_POINT('Ctrl Pts',(-40.8884482656413,-88.0000000000023,36.8300985008706));
#5220=CARTESIAN_POINT('',(-37.0999114240826,-147.640301689924,42.));
#5221=CARTESIAN_POINT('Origin',(-3.73880484451952,-171.,42.));
#5222=CARTESIAN_POINT('Ctrl Pts',(-3.73880484451952,-171.,26.9399789922001));
#5223=CARTESIAN_POINT('Ctrl Pts',(-14.8490450024675,-163.220526090068,28.3395601808118));
#5224=CARTESIAN_POINT('Ctrl Pts',(-25.9694139359126,-155.433959935181,29.6066668507203));
#5225=CARTESIAN_POINT('Ctrl Pts',(-37.0999114240826,-147.640301689924,30.7413018714009));
#5226=CARTESIAN_POINT('Ctrl Pts',(-40.914753791577,-149.852218662141,33.4156961587073));
#5227=CARTESIAN_POINT('Ctrl Pts',(-40.914753791577,-149.852218662141,30.4156961587073));
#5228=CARTESIAN_POINT('Ctrl Pts',(-42.4468113521689,-133.208696696663,35.8926901935736));
#5229=CARTESIAN_POINT('Ctrl Pts',(-42.4468113521689,-133.208696696663,32.8926901935736));
#5230=CARTESIAN_POINT('Ctrl Pts',(-43.4292558302752,-118.353725518118,37.4778366061048));
#5231=CARTESIAN_POINT('Ctrl Pts',(-43.4292558302752,-118.353725518118,34.4778366061048));
#5232=CARTESIAN_POINT('Ctrl Pts',(-44.0536330187726,-106.630492404469,38.4834656081996));
#5233=CARTESIAN_POINT('Ctrl Pts',(-44.0536330187726,-106.630492404469,35.4834656081996));
#5234=CARTESIAN_POINT('Ctrl Pts',(-44.560349949868,-97.1164345316002,39.2995896613353));
#5235=CARTESIAN_POINT('Ctrl Pts',(-44.560349949868,-97.1164345316002,36.2995896613353));
#5236=CARTESIAN_POINT('Ctrl Pts',(-44.8384868089451,-89.6666930399952,39.745817845703));
#5237=CARTESIAN_POINT('Ctrl Pts',(-44.8384868089451,-89.6666930399952,36.745817845703));
#5238=CARTESIAN_POINT('Ctrl Pts',(-44.9971246773588,-85.,40.));
#5239=CARTESIAN_POINT('Ctrl Pts',(-44.9971246773588,-85.,37.));
#5240=CARTESIAN_POINT('Ctrl Pts',(-44.9990550263343,-84.9432144025965,40.0030929579806));
#5241=CARTESIAN_POINT('Ctrl Pts',(-44.9990550263343,-84.9432144025965,37.0030929579806));
#5242=CARTESIAN_POINT('Ctrl Pts',(-45.0009670797745,-84.8868405994381,40.0061524350373));
#5243=CARTESIAN_POINT('Ctrl Pts',(-45.0009670797745,-84.8868405994381,37.0061524350373));
#5244=CARTESIAN_POINT('Ctrl Pts',(-45.002860979553,-84.8308798937851,40.0091788558677));
#5245=CARTESIAN_POINT('Ctrl Pts',(-45.002860979553,-84.8308798937851,37.0091788558678));
#5246=CARTESIAN_POINT('Ctrl Pts',(-45.0203005620985,-84.3155773647781,40.0370470231749));
#5247=CARTESIAN_POINT('Ctrl Pts',(-45.0203005620985,-84.3155773647781,37.0370470231749));
#5248=CARTESIAN_POINT('Ctrl Pts',(-45.0365998572148,-83.8353164703495,40.0621154554708));
#5249=CARTESIAN_POINT('Ctrl Pts',(-45.0365998572148,-83.8353164703495,37.0621154554708));
#5250=CARTESIAN_POINT('Ctrl Pts',(-45.0516976463759,-83.3911062317782,40.084689927975));
#5251=CARTESIAN_POINT('Ctrl Pts',(-45.0516976463759,-83.3911062317782,37.084689927975));
#5252=CARTESIAN_POINT('Ctrl Pts',(-45.0681724349128,-82.9063816361224,40.1093233134907));
#5253=CARTESIAN_POINT('Ctrl Pts',(-45.0681724349128,-82.9063816361224,37.1093233134907));
#5254=CARTESIAN_POINT('Ctrl Pts',(-45.0841258560333,-82.4378357965669,40.1323672037943));
#5255=CARTESIAN_POINT('Ctrl Pts',(-45.0841258560333,-82.4378357965669,37.1323672037943));
#5256=CARTESIAN_POINT('Ctrl Pts',(-45.1003509491009,-81.9617998311538,40.1550388190308));
#5257=CARTESIAN_POINT('Ctrl Pts',(-45.1003509491009,-81.9617998311538,37.1550388190308));
#5258=CARTESIAN_POINT('Ctrl Pts',(-45.6320335165482,-66.3625041455805,40.8979684618281));
#5259=CARTESIAN_POINT('Ctrl Pts',(-45.6320335165482,-66.3625041455805,37.8979684618281));
#5260=CARTESIAN_POINT('Ctrl Pts',(-46.1830283661946,-50.7191585940623,40.8358110047735));
#5261=CARTESIAN_POINT('Ctrl Pts',(-46.1830283661946,-50.7191585940623,37.8358110047736));
#5262=CARTESIAN_POINT('Ctrl Pts',(-46.3604232226181,-35.088788351382,40.3039153811286));
#5263=CARTESIAN_POINT('Ctrl Pts',(-46.3604232226181,-35.088788351382,37.3039153811286));
#5264=CARTESIAN_POINT('Ctrl Pts',(-46.4759227386372,-24.9120547378774,39.9576049618628));
#5265=CARTESIAN_POINT('Ctrl Pts',(-46.4759227386372,-24.9120547378774,36.9576049618628));
#5266=CARTESIAN_POINT('Ctrl Pts',(-46.4335502707474,-14.7432054387057,39.4115997906734));
#5267=CARTESIAN_POINT('Ctrl Pts',(-46.4335502707474,-14.7432054387057,36.4115997906735));
#5268=CARTESIAN_POINT('Ctrl Pts',(-46.1227443926209,-4.58356482002177,38.7525992048913));
#5269=CARTESIAN_POINT('Ctrl Pts',(-46.1227443926209,-4.58356482002177,35.7525992048913));
#5270=CARTESIAN_POINT('Ctrl Pts',(-45.9244624679158,1.89788626554961,38.3321827529299));
#5271=CARTESIAN_POINT('Ctrl Pts',(-45.9244624679158,1.89788626554961,35.3321827529299));
#5272=CARTESIAN_POINT('Ctrl Pts',(-45.6168244895745,8.37187970915373,37.865907678074));
#5273=CARTESIAN_POINT('Ctrl Pts',(-45.6168244895745,8.37187970915373,34.865907678074));
#5274=CARTESIAN_POINT('Ctrl Pts',(-45.1707335556849,14.829266444287,37.3767722554137));
#5275=CARTESIAN_POINT('Ctrl Pts',(-45.1707335556849,14.829266444287,34.3767722554137));
#5276=CARTESIAN_POINT('',(-40.9147537915771,-149.852218662141,30.4156961587073));
#5277=CARTESIAN_POINT('',(-40.9147537915771,-149.852218662141,33.4156961587073));
#5278=CARTESIAN_POINT('Ctrl Pts',(-40.914753791577,-149.852218662141,30.4156961587073));
#5279=CARTESIAN_POINT('Ctrl Pts',(-42.4468113521689,-133.208696696663,32.8926901935736));
#5280=CARTESIAN_POINT('Ctrl Pts',(-43.4292558302752,-118.353725518118,34.4778366061048));
#5281=CARTESIAN_POINT('Ctrl Pts',(-44.0536330187726,-106.630492404469,35.4834656081996));
#5282=CARTESIAN_POINT('Ctrl Pts',(-44.4627845415973,-98.9483112337883,36.1424497049663));
#5283=CARTESIAN_POINT('Ctrl Pts',(-44.7229053176854,-92.6120330943026,36.5602672947383));
#5284=CARTESIAN_POINT('Ctrl Pts',(-44.8914209683988,-88.0000337338475,36.8305472393626));
#5285=CARTESIAN_POINT('Origin',(-5.,-175.,29.2085608774899));
#5286=CARTESIAN_POINT('',(-5.,-175.,26.2085608774899));
#5287=CARTESIAN_POINT('',(-5.,-175.,29.2085608774899));
#5288=CARTESIAN_POINT('Ctrl Pts',(-5.,-175.,26.2085608774899));
#5289=CARTESIAN_POINT('Ctrl Pts',(-16.9595139988872,-166.625858144638,27.7645020824923));
#5290=CARTESIAN_POINT('Ctrl Pts',(-28.9310980479332,-158.243264749167,29.1668876945501));
#5291=CARTESIAN_POINT('Ctrl Pts',(-40.9147537915771,-149.852218662141,30.4156961587073));
#5292=CARTESIAN_POINT('Ctrl Pts',(-39.000012365405,-175.,26.2085608774899));
#5293=CARTESIAN_POINT('Ctrl Pts',(-41.9719078841643,-146.098337233899,31.5785783392868));
#5294=CARTESIAN_POINT('Ctrl Pts',(-43.9356187090464,-117.098337233899,35.1190908804137));
#5295=CARTESIAN_POINT('Ctrl Pts',(-44.8911448400514,-88.0000000000001,36.8300985008707));
#5296=CARTESIAN_POINT('Ctrl Pts',(-26.0000082436033,-175.,26.2085608774899));
#5297=CARTESIAN_POINT('Ctrl Pts',(-27.9812719227762,-146.098337233899,31.5785783392868));
#5298=CARTESIAN_POINT('Ctrl Pts',(-29.2904124726976,-117.098337233899,35.1190908804137));
#5299=CARTESIAN_POINT('Ctrl Pts',(-29.9274298933676,-88.0000000000001,36.8300985008707));
#5300=CARTESIAN_POINT('Ctrl Pts',(-13.0000041218017,-175.,26.2085608774899));
#5301=CARTESIAN_POINT('Ctrl Pts',(-13.9906359613881,-146.098337233899,31.5785783392868));
#5302=CARTESIAN_POINT('Ctrl Pts',(-14.6452062363488,-117.098337233899,35.1190908804137));
#5303=CARTESIAN_POINT('Ctrl Pts',(-14.9637149466838,-88.0000000000001,36.8300985008707));
#5304=CARTESIAN_POINT('Ctrl Pts',(-1.19657878365271E-14,-175.,26.2085608774899));
#5305=CARTESIAN_POINT('Ctrl Pts',(-1.22758722576964E-14,-146.098337233899,
31.5785783392868));
#5306=CARTESIAN_POINT('Ctrl Pts',(-8.5581835351338E-15,-117.098337233899,
35.1190908804137));
#5307=CARTESIAN_POINT('Ctrl Pts',(-8.12721668839211E-16,-88.0000000000001,
36.8300985008707));
#5308=CARTESIAN_POINT('Ctrl Pts',(-1.19657878365271E-14,-175.,26.2085608774899));
#5309=CARTESIAN_POINT('Ctrl Pts',(-1.66666666666668,-175.,26.2085608774899));
#5310=CARTESIAN_POINT('Ctrl Pts',(-3.33333333333334,-175.,26.2085608774899));
#5311=CARTESIAN_POINT('Ctrl Pts',(-5.,-175.,26.2085608774899));
#5312=CARTESIAN_POINT('Origin',(5.,-175.,29.2085608774899));
#5313=CARTESIAN_POINT('',(5.,-175.,29.2085608774899));
#5314=CARTESIAN_POINT('Origin',(40.9147537915771,-149.852218662141,33.4156961587073));
#5315=CARTESIAN_POINT('Origin',(-17.,-240.,-11.));
#5316=CARTESIAN_POINT('',(32.7573593128821,-243.,-11.));
#5317=CARTESIAN_POINT('',(-32.757359312882,-243.,-11.));
#5318=CARTESIAN_POINT('',(-17.,-243.,-11.));
#5319=CARTESIAN_POINT('Origin',(-32.7573593128821,-240.,-11.));
#5320=CARTESIAN_POINT('Origin',(32.7573593128821,-240.,-11.));
#5321=CARTESIAN_POINT('Origin',(-29.8786796564285,-240.,-13.878679656449));
#5322=CARTESIAN_POINT('',(-36.9999999999999,-243.,-6.75735931288885));
#5323=CARTESIAN_POINT('',(-29.8786796564285,-243.,-13.878679656449));
#5324=CARTESIAN_POINT('Origin',(-36.9999999999999,-240.,-6.75735931288885));
#5325=CARTESIAN_POINT('Origin',(-36.9999999999999,-240.,3.9999999999957));
#5326=CARTESIAN_POINT('',(-36.9999999999999,-243.,6.75735931287337));
#5327=CARTESIAN_POINT('',(-36.9999999999999,-243.,3.9999999999957));
#5328=CARTESIAN_POINT('',(-39.9999999999999,-240.,7.99999999999138));
#5329=CARTESIAN_POINT('Origin',(-36.9999999999999,-240.,6.75735931287337));
#5330=CARTESIAN_POINT('',(-39.9999999999999,-240.,-8.00000000000953));
#5331=CARTESIAN_POINT('Origin',(-26.8786796564511,-240.,16.8786796564368));
#5332=CARTESIAN_POINT('',(-32.7573593128794,-243.,11.));
#5333=CARTESIAN_POINT('',(-26.8786796564511,-243.,16.8786796564368));
#5334=CARTESIAN_POINT('Origin',(-32.7573593128794,-240.,11.));
#5335=CARTESIAN_POINT('',(-39.9999999999999,-240.,7.99999999999138));
#5336=CARTESIAN_POINT('Origin',(17.,-240.,11.));
#5337=CARTESIAN_POINT('',(32.7573593128794,-243.,11.));
#5338=CARTESIAN_POINT('',(17.,-243.,11.));
#5339=CARTESIAN_POINT('Origin',(32.7573593128794,-240.,11.));
#5340=CARTESIAN_POINT('Origin',(29.8786796564511,-240.,13.8786796564325));
#5341=CARTESIAN_POINT('',(36.9999999999999,-243.,6.75735931287337));
#5342=CARTESIAN_POINT('',(29.8786796564511,-243.,13.8786796564325));
#5343=CARTESIAN_POINT('Origin',(36.9999999999999,-240.,6.75735931287337));
#5344=CARTESIAN_POINT('Origin',(36.9999999999999,-240.,-4.00000000000475));
#5345=CARTESIAN_POINT('',(36.9999999999999,-243.,-6.75735931288885));
#5346=CARTESIAN_POINT('',(36.9999999999999,-243.,-4.00000000000475));
#5347=CARTESIAN_POINT('Origin',(36.9999999999999,-240.,-6.75735931288885));
#5348=CARTESIAN_POINT('Origin',(26.8786796564285,-240.,-16.8786796564442));
#5349=CARTESIAN_POINT('',(26.8786796564285,-243.,-16.8786796564442));
#5350=CARTESIAN_POINT('Origin',(0.,-243.,4.44089209850063E-15));
#5351=CARTESIAN_POINT('',(16.4249783362076,-243.,-8.02469202199063E-12));
#5352=CARTESIAN_POINT('',(19.1622366364107,-243.,2.73725830019505));
#5353=CARTESIAN_POINT('',(23.4249783362157,-243.,7.));
#5354=CARTESIAN_POINT('',(21.8994949366137,-243.,-7.99138533125188E-12));
#5355=CARTESIAN_POINT('',(28.8994949366055,-243.,-7.));
#5356=CARTESIAN_POINT('',(19.1622366364105,-243.,-2.73725830021106));
#5357=CARTESIAN_POINT('',(28.8994949366218,-243.,7.));
#5358=CARTESIAN_POINT('',(23.4249783361994,-243.,-7.));
#5359=CARTESIAN_POINT('',(26.4249783362076,-243.,-8.02469202199063E-12));
#5360=CARTESIAN_POINT('',(29.1622366364107,-243.,2.73725830019504));
#5361=CARTESIAN_POINT('',(33.4249783362157,-243.,7.));
#5362=CARTESIAN_POINT('',(31.8994949366137,-243.,-7.99138533125188E-12));
#5363=CARTESIAN_POINT('',(38.8994949366055,-243.,-7.));
#5364=CARTESIAN_POINT('',(29.1622366364105,-243.,-2.73725830021106));
#5365=CARTESIAN_POINT('',(38.8994949366217,-243.,7.));
#5366=CARTESIAN_POINT('',(33.4249783361994,-243.,-7.));
#5367=CARTESIAN_POINT('',(-23.5750216637924,-243.,-8.02469202199063E-12));
#5368=CARTESIAN_POINT('',(-20.8377633635893,-243.,2.73725830019504));
#5369=CARTESIAN_POINT('',(-16.5750216637843,-243.,7.));
#5370=CARTESIAN_POINT('',(-18.1005050633864,-243.,-7.98916488520263E-12));
#5371=CARTESIAN_POINT('',(-11.1005050633945,-243.,-7.));
#5372=CARTESIAN_POINT('',(-20.8377633635895,-243.,-2.73725830021106));
#5373=CARTESIAN_POINT('',(-11.1005050633782,-243.,7.));
#5374=CARTESIAN_POINT('',(-16.5750216638006,-243.,-7.));
#5375=CARTESIAN_POINT('',(6.42497833620756,-243.,-8.02469202199063E-12));
#5376=CARTESIAN_POINT('',(9.16223663641066,-243.,2.73725830019505));
#5377=CARTESIAN_POINT('',(13.4249783362157,-243.,7.));
#5378=CARTESIAN_POINT('',(11.8994949366136,-243.,-7.98916488520263E-12));
#5379=CARTESIAN_POINT('',(18.8994949366055,-243.,-7.));
#5380=CARTESIAN_POINT('',(9.16223663641054,-243.,-2.73725830021106));
#5381=CARTESIAN_POINT('',(18.8994949366218,-243.,7.));
#5382=CARTESIAN_POINT('',(13.4249783361994,-243.,-7.));
#5383=CARTESIAN_POINT('',(-3.57502166379244,-243.,-8.02469202199063E-12));
#5384=CARTESIAN_POINT('',(-0.837763363589339,-243.,2.73725830019505));
#5385=CARTESIAN_POINT('',(3.42497833621568,-243.,7.));
#5386=CARTESIAN_POINT('',(1.89949493661365,-243.,-7.98916488520263E-12));
#5387=CARTESIAN_POINT('',(8.89949493660555,-243.,-7.));
#5388=CARTESIAN_POINT('',(-0.837763363589459,-243.,-2.73725830021106));
#5389=CARTESIAN_POINT('',(8.89949493662175,-243.,7.));
#5390=CARTESIAN_POINT('',(3.42497833619942,-243.,-7.));
#5391=CARTESIAN_POINT('',(-13.5750216637924,-243.,-8.02469202199063E-12));
#5392=CARTESIAN_POINT('',(-10.8377633635893,-243.,2.73725830019505));
#5393=CARTESIAN_POINT('',(-6.57502166378432,-243.,7.));
#5394=CARTESIAN_POINT('',(-8.10050506338635,-243.,-7.98916488520263E-12));
#5395=CARTESIAN_POINT('',(-1.10050506339445,-243.,-7.));
#5396=CARTESIAN_POINT('',(-10.8377633635895,-243.,-2.73725830021106));
#5397=CARTESIAN_POINT('',(-1.10050506337825,-243.,7.));
#5398=CARTESIAN_POINT('',(-6.57502166380058,-243.,-7.));
#5399=CARTESIAN_POINT('',(-32.9999999999999,-243.,-0.575021663800543));
#5400=CARTESIAN_POINT('',(-32.9999999999999,-243.,0.575021663784476));
#5401=CARTESIAN_POINT('',(-32.9999999999999,-243.,-5.10050506339448));
#5402=CARTESIAN_POINT('',(-30.8377633635893,-243.,2.73725830019504));
#5403=CARTESIAN_POINT('',(-26.5750216637843,-243.,7.));
#5404=CARTESIAN_POINT('',(-28.1005050633863,-243.,-7.99138533125188E-12));
#5405=CARTESIAN_POINT('',(-21.1005050633945,-243.,-7.));
#5406=CARTESIAN_POINT('',(-30.8377633635895,-243.,-2.73725830021106));
#5407=CARTESIAN_POINT('',(-21.1005050633782,-243.,7.));
#5408=CARTESIAN_POINT('',(-26.5750216638006,-243.,-7.));
#5409=CARTESIAN_POINT('',(-25.1005050633942,-243.,7.));
#5410=CARTESIAN_POINT('',(-23.1005050633863,-243.,4.99999999999201));
#5411=CARTESIAN_POINT('',(-11.1005050633945,-243.,-7.));
#5412=CARTESIAN_POINT('',(-25.8377633635894,-243.,2.26274169978894));
#5413=CARTESIAN_POINT('',(-21.1005050633782,-243.,7.));
#5414=CARTESIAN_POINT('',(-28.5750216637924,-243.,4.99999999999198));
#5415=CARTESIAN_POINT('',(-16.5750216638006,-243.,-7.));
#5416=CARTESIAN_POINT('',(-26.5750216637843,-243.,7.));
#5417=CARTESIAN_POINT('',(-26.5750216637843,-243.,7.));
#5418=CARTESIAN_POINT('',(-31.1005050633782,-243.,7.));
#5419=CARTESIAN_POINT('',(-15.1005050633942,-243.,7.));
#5420=CARTESIAN_POINT('',(-13.1005050633863,-243.,4.99999999999201));
#5421=CARTESIAN_POINT('',(-1.10050506339445,-243.,-7.));
#5422=CARTESIAN_POINT('',(-15.8377633635894,-243.,2.26274169978894));
#5423=CARTESIAN_POINT('',(-11.1005050633782,-243.,7.));
#5424=CARTESIAN_POINT('',(-18.5750216637924,-243.,4.99999999999198));
#5425=CARTESIAN_POINT('',(-6.57502166380058,-243.,-7.));
#5426=CARTESIAN_POINT('',(-16.5750216637843,-243.,7.));
#5427=CARTESIAN_POINT('',(-16.5750216637843,-243.,7.));
#5428=CARTESIAN_POINT('',(-31.1005050633782,-243.,7.));
#5429=CARTESIAN_POINT('',(-25.1005050633785,-243.,-7.00000000000001));
#5430=CARTESIAN_POINT('',(-26.5750216638006,-243.,-7.));
#5431=CARTESIAN_POINT('',(4.44089209850063E-14,-243.,-7.));
#5432=CARTESIAN_POINT('',(-28.5750216637925,-243.,-5.00000000000803));
#5433=CARTESIAN_POINT('',(-26.5750216638006,-243.,-7.));
#5434=CARTESIAN_POINT('',(-25.8377633635894,-243.,-2.26274169980496));
#5435=CARTESIAN_POINT('',(-16.5750216637843,-243.,7.));
#5436=CARTESIAN_POINT('',(-23.1005050633864,-243.,-5.00000000000799));
#5437=CARTESIAN_POINT('',(-21.1005050633945,-243.,-7.));
#5438=CARTESIAN_POINT('',(-11.1005050633782,-243.,7.));
#5439=CARTESIAN_POINT('',(-5.10050506339422,-243.,7.));
#5440=CARTESIAN_POINT('',(-3.10050506338627,-243.,4.99999999999201));
#5441=CARTESIAN_POINT('',(8.89949493660555,-243.,-7.));
#5442=CARTESIAN_POINT('',(-5.83776336358937,-243.,2.26274169978894));
#5443=CARTESIAN_POINT('',(-1.10050506337825,-243.,7.));
#5444=CARTESIAN_POINT('',(-8.57502166379237,-243.,4.99999999999198));
#5445=CARTESIAN_POINT('',(3.42497833619942,-243.,-7.));
#5446=CARTESIAN_POINT('',(-6.57502166378432,-243.,7.));
#5447=CARTESIAN_POINT('',(-6.57502166378432,-243.,7.));
#5448=CARTESIAN_POINT('',(-31.1005050633782,-243.,7.));
#5449=CARTESIAN_POINT('',(4.89949493660578,-243.,7.));
#5450=CARTESIAN_POINT('',(6.89949493661373,-243.,4.99999999999201));
#5451=CARTESIAN_POINT('',(18.8994949366055,-243.,-7.));
#5452=CARTESIAN_POINT('',(4.16223663641063,-243.,2.26274169978894));
#5453=CARTESIAN_POINT('',(8.89949493662175,-243.,7.));
#5454=CARTESIAN_POINT('',(1.42497833620764,-243.,4.99999999999198));
#5455=CARTESIAN_POINT('',(13.4249783361994,-243.,-7.));
#5456=CARTESIAN_POINT('',(3.42497833621568,-243.,7.));
#5457=CARTESIAN_POINT('',(3.42497833621568,-243.,7.));
#5458=CARTESIAN_POINT('',(0.,-243.,7.));
#5459=CARTESIAN_POINT('',(-15.1005050633785,-243.,-7.));
#5460=CARTESIAN_POINT('',(-16.5750216638006,-243.,-7.));
#5461=CARTESIAN_POINT('',(4.44089209850063E-14,-243.,-7.));
#5462=CARTESIAN_POINT('',(-18.5750216637925,-243.,-5.00000000000803));
#5463=CARTESIAN_POINT('',(-16.5750216638006,-243.,-7.));
#5464=CARTESIAN_POINT('',(-15.8377633635894,-243.,-2.26274169980496));
#5465=CARTESIAN_POINT('',(-6.57502166378432,-243.,7.));
#5466=CARTESIAN_POINT('',(-13.1005050633864,-243.,-5.00000000000799));
#5467=CARTESIAN_POINT('',(-11.1005050633945,-243.,-7.));
#5468=CARTESIAN_POINT('',(-1.10050506337825,-243.,7.));
#5469=CARTESIAN_POINT('',(14.8994949366058,-243.,7.));
#5470=CARTESIAN_POINT('',(16.8994949366137,-243.,4.99999999999201));
#5471=CARTESIAN_POINT('',(28.8994949366055,-243.,-7.));
#5472=CARTESIAN_POINT('',(14.1622366364106,-243.,2.26274169978894));
#5473=CARTESIAN_POINT('',(18.8994949366218,-243.,7.));
#5474=CARTESIAN_POINT('',(11.4249783362076,-243.,4.99999999999198));
#5475=CARTESIAN_POINT('',(23.4249783361994,-243.,-7.));
#5476=CARTESIAN_POINT('',(13.4249783362157,-243.,7.));
#5477=CARTESIAN_POINT('',(13.4249783362157,-243.,7.));
#5478=CARTESIAN_POINT('',(0.,-243.,7.));
#5479=CARTESIAN_POINT('',(-5.10050506337847,-243.,-7.));
#5480=CARTESIAN_POINT('',(-6.57502166380058,-243.,-7.));
#5481=CARTESIAN_POINT('',(4.44089209850063E-14,-243.,-7.));
#5482=CARTESIAN_POINT('',(-8.57502166379252,-243.,-5.00000000000803));
#5483=CARTESIAN_POINT('',(-6.57502166380058,-243.,-7.));
#5484=CARTESIAN_POINT('',(-5.83776336358941,-243.,-2.26274169980496));
#5485=CARTESIAN_POINT('',(3.42497833621568,-243.,7.));
#5486=CARTESIAN_POINT('',(-3.10050506338643,-243.,-5.00000000000799));
#5487=CARTESIAN_POINT('',(-1.10050506339445,-243.,-7.));
#5488=CARTESIAN_POINT('',(8.89949493662175,-243.,7.));
#5489=CARTESIAN_POINT('',(24.8994949366058,-243.,7.));
#5490=CARTESIAN_POINT('',(26.8994949366137,-243.,4.99999999999201));
#5491=CARTESIAN_POINT('',(38.8994949366055,-243.,-7.));
#5492=CARTESIAN_POINT('',(24.1622366364106,-243.,2.26274169978894));
#5493=CARTESIAN_POINT('',(28.8994949366218,-243.,7.));
#5494=CARTESIAN_POINT('',(21.4249783362076,-243.,4.99999999999198));
#5495=CARTESIAN_POINT('',(33.4249783361994,-243.,-7.));
#5496=CARTESIAN_POINT('',(23.4249783362157,-243.,7.));
#5497=CARTESIAN_POINT('',(23.4249783362157,-243.,7.));
#5498=CARTESIAN_POINT('',(0.,-243.,7.));
#5499=CARTESIAN_POINT('',(4.89949493662153,-243.,-7.));
#5500=CARTESIAN_POINT('',(3.42497833619942,-243.,-7.));
#5501=CARTESIAN_POINT('',(31.1005050633945,-243.,-7.));
#5502=CARTESIAN_POINT('',(1.42497833620748,-243.,-5.00000000000803));
#5503=CARTESIAN_POINT('',(3.42497833619942,-243.,-7.));
#5504=CARTESIAN_POINT('',(4.16223663641059,-243.,-2.26274169980496));
#5505=CARTESIAN_POINT('',(13.4249783362157,-243.,7.));
#5506=CARTESIAN_POINT('',(6.89949493661357,-243.,-5.00000000000799));
#5507=CARTESIAN_POINT('',(8.89949493660555,-243.,-7.));
#5508=CARTESIAN_POINT('',(18.8994949366218,-243.,7.));
#5509=CARTESIAN_POINT('',(14.8994949366215,-243.,-7.));
#5510=CARTESIAN_POINT('',(13.4249783361994,-243.,-7.));
#5511=CARTESIAN_POINT('',(31.1005050633945,-243.,-7.));
#5512=CARTESIAN_POINT('',(11.4249783362075,-243.,-5.00000000000803));
#5513=CARTESIAN_POINT('',(13.4249783361994,-243.,-7.));
#5514=CARTESIAN_POINT('',(14.1622366364106,-243.,-2.26274169980496));
#5515=CARTESIAN_POINT('',(23.4249783362157,-243.,7.));
#5516=CARTESIAN_POINT('',(16.8994949366136,-243.,-5.00000000000799));
#5517=CARTESIAN_POINT('',(18.8994949366055,-243.,-7.));
#5518=CARTESIAN_POINT('',(28.8994949366218,-243.,7.));
#5519=CARTESIAN_POINT('',(32.9999999999999,-243.,3.42497833619965));
#5520=CARTESIAN_POINT('',(31.4249783362076,-243.,4.99999999999198));
#5521=CARTESIAN_POINT('',(43.4249783361994,-243.,-7.));
#5522=CARTESIAN_POINT('',(32.262741699797,-243.,5.83776336358128));
#5523=CARTESIAN_POINT('',(33.4249783362157,-243.,7.));
#5524=CARTESIAN_POINT('',(32.9999999999999,-243.,5.1005050633783));
#5525=CARTESIAN_POINT('',(31.1005050633782,-243.,7.));
#5526=CARTESIAN_POINT('',(32.9999999999999,-243.,5.1005050633783));
#5527=CARTESIAN_POINT('',(24.8994949366215,-243.,-7.));
#5528=CARTESIAN_POINT('',(23.4249783361994,-243.,-7.));
#5529=CARTESIAN_POINT('',(31.1005050633945,-243.,-7.));
#5530=CARTESIAN_POINT('',(21.4249783362075,-243.,-5.00000000000803));
#5531=CARTESIAN_POINT('',(23.4249783361994,-243.,-7.));
#5532=CARTESIAN_POINT('',(24.1622366364106,-243.,-2.26274169980496));
#5533=CARTESIAN_POINT('',(33.4249783362157,-243.,7.));
#5534=CARTESIAN_POINT('',(26.8994949366136,-243.,-5.00000000000799));
#5535=CARTESIAN_POINT('',(28.8994949366055,-243.,-7.));
#5536=CARTESIAN_POINT('',(38.8994949366217,-243.,7.));
#5537=CARTESIAN_POINT('',(32.2627416997969,-243.,-5.8377633635975));
#5538=CARTESIAN_POINT('',(31.4249783362075,-243.,-5.00000000000803));
#5539=CARTESIAN_POINT('',(33.4249783361994,-243.,-7.));
#5540=CARTESIAN_POINT('',(32.9999999999999,-243.,-3.42497833621559));
#5541=CARTESIAN_POINT('',(43.4249783362157,-243.,7.));
#5542=CARTESIAN_POINT('',(32.9999999999999,-243.,-5.10050506339448));
#5543=CARTESIAN_POINT('',(32.9999999999999,-243.,5.1005050633783));
#5544=CARTESIAN_POINT('',(32.9999999999999,-243.,-5.10050506339448));
#5545=CARTESIAN_POINT('Origin',(0.,-240.,4.44089209850063E-15));
#5546=CARTESIAN_POINT('',(1.42497833620764,-240.,4.99999999999198));
#5547=CARTESIAN_POINT('',(3.42497833621568,-240.,7.));
#5548=CARTESIAN_POINT('',(4.16223663641062,-240.,2.26274169978894));
#5549=CARTESIAN_POINT('',(13.4249783361994,-240.,-7.));
#5550=CARTESIAN_POINT('',(6.89949493661373,-240.,4.99999999999201));
#5551=CARTESIAN_POINT('',(8.89949493662175,-240.,7.));
#5552=CARTESIAN_POINT('',(18.8994949366055,-240.,-7.));
#5553=CARTESIAN_POINT('',(11.4249783362076,-240.,4.99999999999198));
#5554=CARTESIAN_POINT('',(13.4249783362157,-240.,7.));
#5555=CARTESIAN_POINT('',(14.1622366364106,-240.,2.26274169978894));
#5556=CARTESIAN_POINT('',(23.4249783361994,-240.,-7.));
#5557=CARTESIAN_POINT('',(16.8994949366137,-240.,4.99999999999201));
#5558=CARTESIAN_POINT('',(18.8994949366218,-240.,7.));
#5559=CARTESIAN_POINT('',(28.8994949366055,-240.,-7.));
#5560=CARTESIAN_POINT('',(21.4249783362076,-240.,4.99999999999198));
#5561=CARTESIAN_POINT('',(23.4249783362157,-240.,7.));
#5562=CARTESIAN_POINT('',(24.1622366364106,-240.,2.26274169978894));
#5563=CARTESIAN_POINT('',(33.4249783361994,-240.,-7.));
#5564=CARTESIAN_POINT('',(26.8994949366137,-240.,4.99999999999201));
#5565=CARTESIAN_POINT('',(28.8994949366218,-240.,7.));
#5566=CARTESIAN_POINT('',(38.8994949366055,-240.,-7.));
#5567=CARTESIAN_POINT('',(31.4249783362076,-240.,4.99999999999198));
#5568=CARTESIAN_POINT('',(33.4249783362157,-240.,7.));
#5569=CARTESIAN_POINT('',(43.4249783361994,-240.,-7.));
#5570=CARTESIAN_POINT('',(31.4249783362075,-240.,-5.00000000000803));
#5571=CARTESIAN_POINT('',(43.4249783362157,-240.,7.));
#5572=CARTESIAN_POINT('',(33.4249783361994,-240.,-7.));
#5573=CARTESIAN_POINT('',(26.8994949366136,-240.,-5.00000000000799));
#5574=CARTESIAN_POINT('',(38.8994949366217,-240.,7.));
#5575=CARTESIAN_POINT('',(24.1622366364106,-240.,-2.26274169980496));
#5576=CARTESIAN_POINT('',(28.8994949366055,-240.,-7.));
#5577=CARTESIAN_POINT('',(21.4249783362075,-240.,-5.00000000000803));
#5578=CARTESIAN_POINT('',(33.4249783362157,-240.,7.));
#5579=CARTESIAN_POINT('',(23.4249783361994,-240.,-7.));
#5580=CARTESIAN_POINT('',(16.8994949366136,-240.,-5.00000000000799));
#5581=CARTESIAN_POINT('',(28.8994949366218,-240.,7.));
#5582=CARTESIAN_POINT('',(14.1622366364106,-240.,-2.26274169980496));
#5583=CARTESIAN_POINT('',(18.8994949366055,-240.,-7.));
#5584=CARTESIAN_POINT('',(11.4249783362075,-240.,-5.00000000000803));
#5585=CARTESIAN_POINT('',(23.4249783362157,-240.,7.));
#5586=CARTESIAN_POINT('',(13.4249783361994,-240.,-7.));
#5587=CARTESIAN_POINT('',(6.89949493661357,-240.,-5.00000000000799));
#5588=CARTESIAN_POINT('',(18.8994949366218,-240.,7.));
#5589=CARTESIAN_POINT('',(4.16223663641058,-240.,-2.26274169980496));
#5590=CARTESIAN_POINT('',(8.89949493660555,-240.,-7.));
#5591=CARTESIAN_POINT('',(1.42497833620748,-240.,-5.00000000000803));
#5592=CARTESIAN_POINT('',(13.4249783362157,-240.,7.));
#5593=CARTESIAN_POINT('',(3.42497833619942,-240.,-7.));
#5594=CARTESIAN_POINT('',(-3.10050506338643,-240.,-5.00000000000799));
#5595=CARTESIAN_POINT('',(8.89949493662175,-240.,7.));
#5596=CARTESIAN_POINT('',(-5.83776336358941,-240.,-2.26274169980496));
#5597=CARTESIAN_POINT('',(-1.10050506339445,-240.,-7.));
#5598=CARTESIAN_POINT('',(-8.57502166379252,-240.,-5.00000000000803));
#5599=CARTESIAN_POINT('',(3.42497833621568,-240.,7.));
#5600=CARTESIAN_POINT('',(-6.57502166380058,-240.,-7.));
#5601=CARTESIAN_POINT('',(-13.1005050633864,-240.,-5.00000000000799));
#5602=CARTESIAN_POINT('',(-1.10050506337825,-240.,7.));
#5603=CARTESIAN_POINT('',(-15.8377633635894,-240.,-2.26274169980496));
#5604=CARTESIAN_POINT('',(-11.1005050633945,-240.,-7.));
#5605=CARTESIAN_POINT('',(-18.5750216637925,-240.,-5.00000000000803));
#5606=CARTESIAN_POINT('',(-6.57502166378432,-240.,7.));
#5607=CARTESIAN_POINT('',(-16.5750216638006,-240.,-7.));
#5608=CARTESIAN_POINT('',(-23.1005050633864,-240.,-5.00000000000799));
#5609=CARTESIAN_POINT('',(-11.1005050633782,-240.,7.));
#5610=CARTESIAN_POINT('',(-25.8377633635894,-240.,-2.26274169980496));
#5611=CARTESIAN_POINT('',(-21.1005050633945,-240.,-7.));
#5612=CARTESIAN_POINT('',(-28.5750216637925,-240.,-5.00000000000803));
#5613=CARTESIAN_POINT('',(-16.5750216637843,-240.,7.));
#5614=CARTESIAN_POINT('',(-26.5750216638006,-240.,-7.));
#5615=CARTESIAN_POINT('',(-30.8377633635895,-240.,-2.73725830021106));
#5616=CARTESIAN_POINT('',(-26.5750216638006,-240.,-7.));
#5617=CARTESIAN_POINT('',(-28.1005050633863,-240.,-7.99138533125188E-12));
#5618=CARTESIAN_POINT('',(-21.1005050633782,-240.,7.));
#5619=CARTESIAN_POINT('',(-30.8377633635893,-240.,2.73725830019504));
#5620=CARTESIAN_POINT('',(-21.1005050633945,-240.,-7.));
#5621=CARTESIAN_POINT('',(-26.5750216637843,-240.,7.));
#5622=CARTESIAN_POINT('',(-32.9999999999999,-240.,5.1005050633783));
#5623=CARTESIAN_POINT('',(-28.5750216637924,-240.,4.99999999999198));
#5624=CARTESIAN_POINT('',(-26.5750216637843,-240.,7.));
#5625=CARTESIAN_POINT('',(-25.8377633635894,-240.,2.26274169978894));
#5626=CARTESIAN_POINT('',(-16.5750216638006,-240.,-7.));
#5627=CARTESIAN_POINT('',(-23.1005050633863,-240.,4.99999999999201));
#5628=CARTESIAN_POINT('',(-21.1005050633782,-240.,7.));
#5629=CARTESIAN_POINT('',(-11.1005050633945,-240.,-7.));
#5630=CARTESIAN_POINT('',(-18.5750216637924,-240.,4.99999999999198));
#5631=CARTESIAN_POINT('',(-16.5750216637843,-240.,7.));
#5632=CARTESIAN_POINT('',(-15.8377633635894,-240.,2.26274169978894));
#5633=CARTESIAN_POINT('',(-6.57502166380058,-240.,-7.));
#5634=CARTESIAN_POINT('',(-13.1005050633863,-240.,4.99999999999201));
#5635=CARTESIAN_POINT('',(-11.1005050633782,-240.,7.));
#5636=CARTESIAN_POINT('',(-1.10050506339445,-240.,-7.));
#5637=CARTESIAN_POINT('',(-8.57502166379237,-240.,4.99999999999198));
#5638=CARTESIAN_POINT('',(-6.57502166378432,-240.,7.));
#5639=CARTESIAN_POINT('',(-5.83776336358938,-240.,2.26274169978894));
#5640=CARTESIAN_POINT('',(3.42497833619942,-240.,-7.));
#5641=CARTESIAN_POINT('',(-3.10050506338627,-240.,4.99999999999201));
#5642=CARTESIAN_POINT('',(-1.10050506337825,-240.,7.));
#5643=CARTESIAN_POINT('',(8.89949493660555,-240.,-7.));
#5644=CARTESIAN_POINT('',(16.4249783362076,-240.,-8.02469202199063E-12));
#5645=CARTESIAN_POINT('',(19.1622366364107,-240.,2.73725830019505));
#5646=CARTESIAN_POINT('',(23.4249783362157,-240.,7.));
#5647=CARTESIAN_POINT('',(19.1622366364105,-240.,-2.73725830021106));
#5648=CARTESIAN_POINT('',(23.4249783361994,-240.,-7.));
#5649=CARTESIAN_POINT('',(21.8994949366137,-240.,-7.99138533125188E-12));
#5650=CARTESIAN_POINT('',(28.8994949366218,-240.,7.));
#5651=CARTESIAN_POINT('',(28.8994949366055,-240.,-7.));
#5652=CARTESIAN_POINT('',(26.4249783362076,-240.,-8.02469202199063E-12));
#5653=CARTESIAN_POINT('',(29.1622366364107,-240.,2.73725830019504));
#5654=CARTESIAN_POINT('',(33.4249783362157,-240.,7.));
#5655=CARTESIAN_POINT('',(29.1622366364105,-240.,-2.73725830021106));
#5656=CARTESIAN_POINT('',(33.4249783361994,-240.,-7.));
#5657=CARTESIAN_POINT('',(31.8994949366137,-240.,-7.99138533125188E-12));
#5658=CARTESIAN_POINT('',(38.8994949366217,-240.,7.));
#5659=CARTESIAN_POINT('',(38.8994949366055,-240.,-7.));
#5660=CARTESIAN_POINT('',(-23.5750216637924,-240.,-8.02469202199063E-12));
#5661=CARTESIAN_POINT('',(-20.8377633635893,-240.,2.73725830019504));
#5662=CARTESIAN_POINT('',(-16.5750216637843,-240.,7.));
#5663=CARTESIAN_POINT('',(-20.8377633635895,-240.,-2.73725830021106));
#5664=CARTESIAN_POINT('',(-16.5750216638006,-240.,-7.));
#5665=CARTESIAN_POINT('',(-18.1005050633864,-240.,-7.98916488520263E-12));
#5666=CARTESIAN_POINT('',(-11.1005050633782,-240.,7.));
#5667=CARTESIAN_POINT('',(-11.1005050633945,-240.,-7.));
#5668=CARTESIAN_POINT('',(6.42497833620756,-240.,-8.02469202199063E-12));
#5669=CARTESIAN_POINT('',(9.16223663641066,-240.,2.73725830019505));
#5670=CARTESIAN_POINT('',(13.4249783362157,-240.,7.));
#5671=CARTESIAN_POINT('',(9.16223663641054,-240.,-2.73725830021106));
#5672=CARTESIAN_POINT('',(13.4249783361994,-240.,-7.));
#5673=CARTESIAN_POINT('',(11.8994949366136,-240.,-7.98916488520263E-12));
#5674=CARTESIAN_POINT('',(18.8994949366218,-240.,7.));
#5675=CARTESIAN_POINT('',(18.8994949366055,-240.,-7.));
#5676=CARTESIAN_POINT('',(-3.57502166379244,-240.,-8.02469202199063E-12));
#5677=CARTESIAN_POINT('',(-0.837763363589338,-240.,2.73725830019505));
#5678=CARTESIAN_POINT('',(3.42497833621568,-240.,7.));
#5679=CARTESIAN_POINT('',(-0.83776336358946,-240.,-2.73725830021106));
#5680=CARTESIAN_POINT('',(3.42497833619942,-240.,-7.));
#5681=CARTESIAN_POINT('',(1.89949493661365,-240.,-7.98916488520263E-12));
#5682=CARTESIAN_POINT('',(8.89949493662175,-240.,7.));
#5683=CARTESIAN_POINT('',(8.89949493660555,-240.,-7.));
#5684=CARTESIAN_POINT('',(-13.5750216637924,-240.,-8.02469202199063E-12));
#5685=CARTESIAN_POINT('',(-10.8377633635893,-240.,2.73725830019505));
#5686=CARTESIAN_POINT('',(-6.57502166378432,-240.,7.));
#5687=CARTESIAN_POINT('',(-10.8377633635895,-240.,-2.73725830021106));
#5688=CARTESIAN_POINT('',(-6.57502166380058,-240.,-7.));
#5689=CARTESIAN_POINT('',(-8.10050506338635,-240.,-7.98916488520263E-12));
#5690=CARTESIAN_POINT('',(-1.10050506337825,-240.,7.));
#5691=CARTESIAN_POINT('',(-1.10050506339445,-240.,-7.));
#5692=CARTESIAN_POINT('Origin',(19.1622366364105,-240.,-2.73725830021105));
#5693=CARTESIAN_POINT('',(16.4249783362076,-240.,-8.02469202199063E-12));
#5694=CARTESIAN_POINT('',(19.1622366364105,-240.,-2.73725830021106));
#5695=CARTESIAN_POINT('Origin',(21.8994949366136,-240.,-7.99027510822725E-12));
#5696=CARTESIAN_POINT('',(21.8994949366137,-240.,-7.99138533125188E-12));
#5697=CARTESIAN_POINT('Origin',(19.1622366364107,-240.,2.73725830019505));
#5698=CARTESIAN_POINT('',(19.1622366364107,-240.,2.73725830019505));
#5699=CARTESIAN_POINT('Origin',(16.4249783362076,-240.,-8.02247157594138E-12));
#5700=CARTESIAN_POINT('Origin',(4.16223663641062,-240.,2.26274169978895));
#5701=CARTESIAN_POINT('',(1.42497833620764,-240.,4.99999999999198));
#5702=CARTESIAN_POINT('',(4.16223663641062,-240.,2.26274169978894));
#5703=CARTESIAN_POINT('Origin',(6.89949493661373,-240.,4.99999999999201));
#5704=CARTESIAN_POINT('',(6.89949493661373,-240.,4.99999999999201));
#5705=CARTESIAN_POINT('Origin',(4.89949493660578,-240.,7.));
#5706=CARTESIAN_POINT('',(4.89949493660578,-240.,7.));
#5707=CARTESIAN_POINT('Origin',(3.42497833621568,-240.,7.));
#5708=CARTESIAN_POINT('',(3.42497833621568,-240.,7.));
#5709=CARTESIAN_POINT('Origin',(1.42497833620763,-240.,4.99999999999198));
#5710=CARTESIAN_POINT('Origin',(32.2627416997969,-240.,-5.8377633635975));
#5711=CARTESIAN_POINT('',(31.4249783362075,-240.,-5.00000000000803));
#5712=CARTESIAN_POINT('',(32.2627416997969,-240.,-5.8377633635975));
#5713=CARTESIAN_POINT('Origin',(32.9999999999999,-240.,-5.10050506339448));
#5714=CARTESIAN_POINT('',(32.9999999999999,-240.,-5.10050506339448));
#5715=CARTESIAN_POINT('Origin',(32.9999999999999,-240.,-3.42497833621559));
#5716=CARTESIAN_POINT('',(32.9999999999999,-240.,-3.42497833621559));
#5717=CARTESIAN_POINT('Origin',(31.4249783362075,-240.,-5.00000000000803));
#5718=CARTESIAN_POINT('Origin',(29.1622366364105,-240.,-2.73725830021105));
#5719=CARTESIAN_POINT('',(26.4249783362076,-240.,-8.02469202199063E-12));
#5720=CARTESIAN_POINT('',(29.1622366364105,-240.,-2.73725830021106));
#5721=CARTESIAN_POINT('Origin',(31.8994949366136,-240.,-7.99027510822725E-12));
#5722=CARTESIAN_POINT('',(31.8994949366137,-240.,-7.99138533125188E-12));
#5723=CARTESIAN_POINT('Origin',(29.1622366364107,-240.,2.73725830019504));
#5724=CARTESIAN_POINT('',(29.1622366364107,-240.,2.73725830019504));
#5725=CARTESIAN_POINT('Origin',(26.4249783362076,-240.,-8.02247157594138E-12));
#5726=CARTESIAN_POINT('Origin',(-5.83776336358938,-240.,2.26274169978895));
#5727=CARTESIAN_POINT('',(-8.57502166379237,-240.,4.99999999999198));
#5728=CARTESIAN_POINT('',(-5.83776336358938,-240.,2.26274169978894));
#5729=CARTESIAN_POINT('Origin',(-3.10050506338627,-240.,4.99999999999201));
#5730=CARTESIAN_POINT('',(-3.10050506338627,-240.,4.99999999999201));
#5731=CARTESIAN_POINT('Origin',(-5.10050506339422,-240.,7.));
#5732=CARTESIAN_POINT('',(-5.10050506339422,-240.,7.));
#5733=CARTESIAN_POINT('Origin',(-6.57502166378432,-240.,7.));
#5734=CARTESIAN_POINT('',(-6.57502166378432,-240.,7.));
#5735=CARTESIAN_POINT('Origin',(-8.57502166379237,-240.,4.99999999999198));
#5736=CARTESIAN_POINT('Origin',(-15.8377633635894,-240.,2.26274169978895));
#5737=CARTESIAN_POINT('',(-18.5750216637924,-240.,4.99999999999198));
#5738=CARTESIAN_POINT('',(-15.8377633635894,-240.,2.26274169978894));
#5739=CARTESIAN_POINT('Origin',(-13.1005050633863,-240.,4.99999999999201));
#5740=CARTESIAN_POINT('',(-13.1005050633863,-240.,4.99999999999201));
#5741=CARTESIAN_POINT('Origin',(-15.1005050633942,-240.,7.));
#5742=CARTESIAN_POINT('',(-15.1005050633942,-240.,7.));
#5743=CARTESIAN_POINT('Origin',(-16.5750216637843,-240.,7.));
#5744=CARTESIAN_POINT('',(-16.5750216637843,-240.,7.));
#5745=CARTESIAN_POINT('Origin',(-18.5750216637924,-240.,4.99999999999198));
#5746=CARTESIAN_POINT('Origin',(-20.8377633635895,-240.,-2.73725830021105));
#5747=CARTESIAN_POINT('',(-23.5750216637924,-240.,-8.02469202199063E-12));
#5748=CARTESIAN_POINT('',(-20.8377633635895,-240.,-2.73725830021106));
#5749=CARTESIAN_POINT('Origin',(-18.1005050633864,-240.,-7.99138533125188E-12));
#5750=CARTESIAN_POINT('',(-18.1005050633864,-240.,-7.98916488520263E-12));
#5751=CARTESIAN_POINT('Origin',(-20.8377633635893,-240.,2.73725830019504));
#5752=CARTESIAN_POINT('',(-20.8377633635893,-240.,2.73725830019504));
#5753=CARTESIAN_POINT('Origin',(-23.5750216637924,-240.,-8.02247157594138E-12));
#5754=CARTESIAN_POINT('Origin',(24.1622366364106,-240.,2.26274169978894));
#5755=CARTESIAN_POINT('',(21.4249783362076,-240.,4.99999999999198));
#5756=CARTESIAN_POINT('',(24.1622366364106,-240.,2.26274169978894));
#5757=CARTESIAN_POINT('Origin',(26.8994949366137,-240.,4.99999999999201));
#5758=CARTESIAN_POINT('',(26.8994949366137,-240.,4.99999999999201));
#5759=CARTESIAN_POINT('Origin',(24.8994949366058,-240.,7.));
#5760=CARTESIAN_POINT('',(24.8994949366058,-240.,7.));
#5761=CARTESIAN_POINT('Origin',(23.4249783362157,-240.,7.));
#5762=CARTESIAN_POINT('',(23.4249783362157,-240.,7.));
#5763=CARTESIAN_POINT('Origin',(21.4249783362076,-240.,4.99999999999198));
#5764=CARTESIAN_POINT('Origin',(32.9999999999999,-240.,3.42497833619965));
#5765=CARTESIAN_POINT('',(31.4249783362076,-240.,4.99999999999198));
#5766=CARTESIAN_POINT('',(32.9999999999999,-240.,3.42497833619965));
#5767=CARTESIAN_POINT('Origin',(32.9999999999999,-240.,5.1005050633783));
#5768=CARTESIAN_POINT('',(32.9999999999999,-240.,5.1005050633783));
#5769=CARTESIAN_POINT('Origin',(32.262741699797,-240.,5.83776336358128));
#5770=CARTESIAN_POINT('',(32.262741699797,-240.,5.83776336358128));
#5771=CARTESIAN_POINT('Origin',(31.4249783362076,-240.,4.99999999999198));
#5772=CARTESIAN_POINT('Origin',(9.16223663641054,-240.,-2.73725830021105));
#5773=CARTESIAN_POINT('',(6.42497833620756,-240.,-8.02469202199063E-12));
#5774=CARTESIAN_POINT('',(9.16223663641054,-240.,-2.73725830021106));
#5775=CARTESIAN_POINT('Origin',(11.8994949366136,-240.,-7.99138533125188E-12));
#5776=CARTESIAN_POINT('',(11.8994949366136,-240.,-7.98916488520263E-12));
#5777=CARTESIAN_POINT('Origin',(9.16223663641066,-240.,2.73725830019505));
#5778=CARTESIAN_POINT('',(9.16223663641066,-240.,2.73725830019505));
#5779=CARTESIAN_POINT('Origin',(6.42497833620756,-240.,-8.02247157594138E-12));
#5780=CARTESIAN_POINT('Origin',(-0.837763363589459,-240.,-2.73725830021105));
#5781=CARTESIAN_POINT('',(-3.57502166379244,-240.,-8.02469202199063E-12));
#5782=CARTESIAN_POINT('',(-0.83776336358946,-240.,-2.73725830021106));
#5783=CARTESIAN_POINT('Origin',(1.89949493661365,-240.,-7.99138533125188E-12));
#5784=CARTESIAN_POINT('',(1.89949493661365,-240.,-7.98916488520263E-12));
#5785=CARTESIAN_POINT('Origin',(-0.837763363589338,-240.,2.73725830019505));
#5786=CARTESIAN_POINT('',(-0.837763363589338,-240.,2.73725830019505));
#5787=CARTESIAN_POINT('Origin',(-3.57502166379244,-240.,-8.02247157594138E-12));
#5788=CARTESIAN_POINT('Origin',(-28.5750216637925,-240.,-5.00000000000803));
#5789=CARTESIAN_POINT('',(-25.8377633635894,-240.,-2.26274169980496));
#5790=CARTESIAN_POINT('',(-28.5750216637925,-240.,-5.00000000000803));
#5791=CARTESIAN_POINT('Origin',(-26.5750216638006,-240.,-7.));
#5792=CARTESIAN_POINT('',(-26.5750216638006,-240.,-7.));
#5793=CARTESIAN_POINT('Origin',(-25.1005050633785,-240.,-7.));
#5794=CARTESIAN_POINT('',(-25.1005050633785,-240.,-7.00000000000001));
#5795=CARTESIAN_POINT('Origin',(-23.1005050633864,-240.,-5.00000000000799));
#5796=CARTESIAN_POINT('',(-23.1005050633864,-240.,-5.00000000000799));
#5797=CARTESIAN_POINT('Origin',(-25.8377633635894,-240.,-2.26274169980496));
#5798=CARTESIAN_POINT('Origin',(14.1622366364106,-240.,2.26274169978895));
#5799=CARTESIAN_POINT('',(11.4249783362076,-240.,4.99999999999198));
#5800=CARTESIAN_POINT('',(14.1622366364106,-240.,2.26274169978894));
#5801=CARTESIAN_POINT('Origin',(16.8994949366137,-240.,4.99999999999201));
#5802=CARTESIAN_POINT('',(16.8994949366137,-240.,4.99999999999201));
#5803=CARTESIAN_POINT('Origin',(14.8994949366058,-240.,7.));
#5804=CARTESIAN_POINT('',(14.8994949366058,-240.,7.));
#5805=CARTESIAN_POINT('Origin',(13.4249783362157,-240.,7.));
#5806=CARTESIAN_POINT('',(13.4249783362157,-240.,7.));
#5807=CARTESIAN_POINT('Origin',(11.4249783362076,-240.,4.99999999999198));
#5808=CARTESIAN_POINT('Origin',(21.4249783362075,-240.,-5.00000000000803));
#5809=CARTESIAN_POINT('',(24.1622366364106,-240.,-2.26274169980496));
#5810=CARTESIAN_POINT('',(21.4249783362075,-240.,-5.00000000000803));
#5811=CARTESIAN_POINT('Origin',(23.4249783361994,-240.,-7.));
#5812=CARTESIAN_POINT('',(23.4249783361994,-240.,-7.));
#5813=CARTESIAN_POINT('Origin',(24.8994949366215,-240.,-7.));
#5814=CARTESIAN_POINT('',(24.8994949366215,-240.,-7.));
#5815=CARTESIAN_POINT('Origin',(26.8994949366136,-240.,-5.00000000000799));
#5816=CARTESIAN_POINT('',(26.8994949366136,-240.,-5.00000000000799));
#5817=CARTESIAN_POINT('Origin',(24.1622366364106,-240.,-2.26274169980496));
#5818=CARTESIAN_POINT('Origin',(-8.57502166379252,-240.,-5.00000000000803));
#5819=CARTESIAN_POINT('',(-5.83776336358941,-240.,-2.26274169980496));
#5820=CARTESIAN_POINT('',(-8.57502166379252,-240.,-5.00000000000803));
#5821=CARTESIAN_POINT('Origin',(-6.57502166380058,-240.,-7.));
#5822=CARTESIAN_POINT('',(-6.57502166380058,-240.,-7.));
#5823=CARTESIAN_POINT('Origin',(-5.10050506337847,-240.,-7.));
#5824=CARTESIAN_POINT('',(-5.10050506337847,-240.,-7.));
#5825=CARTESIAN_POINT('Origin',(-3.10050506338643,-240.,-5.00000000000799));
#5826=CARTESIAN_POINT('',(-3.10050506338643,-240.,-5.00000000000799));
#5827=CARTESIAN_POINT('Origin',(-5.83776336358941,-240.,-2.26274169980496));
#5828=CARTESIAN_POINT('Origin',(-25.8377633635894,-240.,2.26274169978894));
#5829=CARTESIAN_POINT('',(-28.5750216637924,-240.,4.99999999999198));
#5830=CARTESIAN_POINT('',(-25.8377633635894,-240.,2.26274169978894));
#5831=CARTESIAN_POINT('Origin',(-23.1005050633863,-240.,4.99999999999201));
#5832=CARTESIAN_POINT('',(-23.1005050633863,-240.,4.99999999999201));
#5833=CARTESIAN_POINT('Origin',(-25.1005050633942,-240.,7.));
#5834=CARTESIAN_POINT('',(-25.1005050633942,-240.,7.));
#5835=CARTESIAN_POINT('Origin',(-26.5750216637843,-240.,7.));
#5836=CARTESIAN_POINT('',(-26.5750216637843,-240.,7.));
#5837=CARTESIAN_POINT('Origin',(-28.5750216637924,-240.,4.99999999999198));
#5838=CARTESIAN_POINT('Origin',(-10.8377633635895,-240.,-2.73725830021105));
#5839=CARTESIAN_POINT('',(-13.5750216637924,-240.,-8.02469202199063E-12));
#5840=CARTESIAN_POINT('',(-10.8377633635895,-240.,-2.73725830021106));
#5841=CARTESIAN_POINT('Origin',(-8.10050506338635,-240.,-7.99138533125188E-12));
#5842=CARTESIAN_POINT('',(-8.10050506338635,-240.,-7.98916488520263E-12));
#5843=CARTESIAN_POINT('Origin',(-10.8377633635893,-240.,2.73725830019505));
#5844=CARTESIAN_POINT('',(-10.8377633635893,-240.,2.73725830019505));
#5845=CARTESIAN_POINT('Origin',(-13.5750216637924,-240.,-8.02247157594138E-12));
#5846=CARTESIAN_POINT('Origin',(-18.5750216637925,-240.,-5.00000000000803));
#5847=CARTESIAN_POINT('',(-15.8377633635894,-240.,-2.26274169980496));
#5848=CARTESIAN_POINT('',(-18.5750216637925,-240.,-5.00000000000803));
#5849=CARTESIAN_POINT('Origin',(-16.5750216638006,-240.,-7.));
#5850=CARTESIAN_POINT('',(-16.5750216638006,-240.,-7.));
#5851=CARTESIAN_POINT('Origin',(-15.1005050633785,-240.,-7.));
#5852=CARTESIAN_POINT('',(-15.1005050633785,-240.,-7.));
#5853=CARTESIAN_POINT('Origin',(-13.1005050633864,-240.,-5.00000000000799));
#5854=CARTESIAN_POINT('',(-13.1005050633864,-240.,-5.00000000000799));
#5855=CARTESIAN_POINT('Origin',(-15.8377633635894,-240.,-2.26274169980496));
#5856=CARTESIAN_POINT('Origin',(11.4249783362075,-240.,-5.00000000000803));
#5857=CARTESIAN_POINT('',(14.1622366364106,-240.,-2.26274169980496));
#5858=CARTESIAN_POINT('',(11.4249783362075,-240.,-5.00000000000803));
#5859=CARTESIAN_POINT('Origin',(13.4249783361994,-240.,-7.));
#5860=CARTESIAN_POINT('',(13.4249783361994,-240.,-7.));
#5861=CARTESIAN_POINT('Origin',(14.8994949366215,-240.,-7.));
#5862=CARTESIAN_POINT('',(14.8994949366215,-240.,-7.));
#5863=CARTESIAN_POINT('Origin',(16.8994949366136,-240.,-5.00000000000799));
#5864=CARTESIAN_POINT('',(16.8994949366136,-240.,-5.00000000000799));
#5865=CARTESIAN_POINT('Origin',(14.1622366364106,-240.,-2.26274169980496));
#5866=CARTESIAN_POINT('Origin',(1.42497833620748,-240.,-5.00000000000803));
#5867=CARTESIAN_POINT('',(4.16223663641058,-240.,-2.26274169980496));
#5868=CARTESIAN_POINT('',(1.42497833620748,-240.,-5.00000000000803));
#5869=CARTESIAN_POINT('Origin',(3.42497833619942,-240.,-7.));
#5870=CARTESIAN_POINT('',(3.42497833619942,-240.,-7.));
#5871=CARTESIAN_POINT('Origin',(4.89949493662153,-240.,-7.));
#5872=CARTESIAN_POINT('',(4.89949493662153,-240.,-7.));
#5873=CARTESIAN_POINT('Origin',(6.89949493661357,-240.,-5.00000000000799));
#5874=CARTESIAN_POINT('',(6.89949493661357,-240.,-5.00000000000799));
#5875=CARTESIAN_POINT('Origin',(4.16223663641058,-240.,-2.26274169980496));
#5876=CARTESIAN_POINT('Origin',(-32.9999999999999,-240.,-0.575021663800543));
#5877=CARTESIAN_POINT('',(-32.9999999999999,-240.,0.575021663784476));
#5878=CARTESIAN_POINT('',(-32.9999999999999,-240.,-0.575021663800543));
#5879=CARTESIAN_POINT('Origin',(-30.8377633635895,-240.,-2.73725830021105));
#5880=CARTESIAN_POINT('',(-30.8377633635895,-240.,-2.73725830021106));
#5881=CARTESIAN_POINT('Origin',(-28.1005050633864,-240.,-7.99027510822725E-12));
#5882=CARTESIAN_POINT('',(-28.1005050633863,-240.,-7.99138533125188E-12));
#5883=CARTESIAN_POINT('Origin',(-30.8377633635893,-240.,2.73725830019504));
#5884=CARTESIAN_POINT('',(-30.8377633635893,-240.,2.73725830019504));
#5885=CARTESIAN_POINT('Origin',(-32.9999999999999,-240.,0.575021663784476));
#5886=CARTESIAN_POINT('Ctrl Pts',(-39.9999999999999,-240.,-8.00000000000953));
#5887=CARTESIAN_POINT('Ctrl Pts',(-50.9739736919425,-189.635038792269,-12.0449103721375));
#5888=CARTESIAN_POINT('Ctrl Pts',(-57.5977135373339,-138.968372125602,-14.687774587209));
#5889=CARTESIAN_POINT('Ctrl Pts',(-59.8712195361742,-88.,-15.928592645224));
#5890=CARTESIAN_POINT('Ctrl Pts',(-39.9999999999999,-240.,-2.66666666667589));
#5891=CARTESIAN_POINT('Ctrl Pts',(-50.9739736919425,-189.635038792269,-1.3682064864345));
#5892=CARTESIAN_POINT('Ctrl Pts',(-57.5977135373339,-138.968372125602,-0.701963996761196));
#5893=CARTESIAN_POINT('Ctrl Pts',(-59.8712195361742,-88.,-0.667939197656007));
#5894=CARTESIAN_POINT('Ctrl Pts',(-39.9999999999999,-240.,2.66666666665775));
#5895=CARTESIAN_POINT('Ctrl Pts',(-50.9739736919425,-189.635038792269,9.30849739926849));
#5896=CARTESIAN_POINT('Ctrl Pts',(-57.5977135373339,-138.968372125602,13.2838465936866));
#5897=CARTESIAN_POINT('Ctrl Pts',(-59.8712195361742,-88.,14.592714249912));
#5898=CARTESIAN_POINT('Ctrl Pts',(-39.9999999999999,-240.,7.99999999999139));
#5899=CARTESIAN_POINT('Ctrl Pts',(-50.9739736919425,-189.635038792269,19.9852012849715));
#5900=CARTESIAN_POINT('Ctrl Pts',(-57.5977135373339,-138.968372125602,27.2696571841343));
#5901=CARTESIAN_POINT('Ctrl Pts',(-59.8712195361742,-88.,29.8533676974801));
#5902=CARTESIAN_POINT('Ctrl Pts',(-39.9999999999999,-240.,7.99999999999138));
#5903=CARTESIAN_POINT('Ctrl Pts',(-50.9739736920362,-189.635038791839,19.9852012850738));
#5904=CARTESIAN_POINT('Ctrl Pts',(-57.597713537447,-138.968372124737,27.2696571842587));
#5905=CARTESIAN_POINT('Ctrl Pts',(-59.8712195362324,-87.9999999986944,29.8533676975463));
#5906=CARTESIAN_POINT('Ctrl Pts',(-39.9999999999999,-240.,7.99999999999138));
#5907=CARTESIAN_POINT('Ctrl Pts',(-50.9739736919425,-189.635038792269,19.9852012849715));
#5908=CARTESIAN_POINT('Ctrl Pts',(-57.5977135373339,-138.968372125602,27.2696571841343));
#5909=CARTESIAN_POINT('Ctrl Pts',(-59.8712195361742,-88.,29.8533676974801));
#5910=CARTESIAN_POINT('Ctrl Pts',(-38.,-240.,9.99999999999426));
#5911=CARTESIAN_POINT('Ctrl Pts',(-48.2280138164528,-189.635038792269,22.7311611604625));
#5912=CARTESIAN_POINT('Ctrl Pts',(-54.4098946836897,-138.968372125602,30.457476037779));
#5913=CARTESIAN_POINT('Ctrl Pts',(-56.5456426017107,-88.,33.1789446319436));
#5914=CARTESIAN_POINT('Ctrl Pts',(-36.,-240.,11.9999999999971));
#5915=CARTESIAN_POINT('Ctrl Pts',(-45.4820539409632,-189.635038792269,25.4771210359537));
#5916=CARTESIAN_POINT('Ctrl Pts',(-51.2220758300456,-138.968372125602,33.6452948914237));
#5917=CARTESIAN_POINT('Ctrl Pts',(-53.2200656672472,-88.,36.5045215664072));
#5918=CARTESIAN_POINT('Ctrl Pts',(-34.,-240.,14.));
#5919=CARTESIAN_POINT('Ctrl Pts',(-42.7360940654735,-189.635038792269,28.2230809114447));
#5920=CARTESIAN_POINT('Ctrl Pts',(-48.0342569764014,-138.968372125602,36.8331137450683));
#5921=CARTESIAN_POINT('Ctrl Pts',(-49.8944887327836,-88.,39.8300985008707));
#5922=CARTESIAN_POINT('Ctrl Pts',(-31.1005050633782,-240.,7.));
#5923=CARTESIAN_POINT('Ctrl Pts',(-39.8365991288568,-189.635038792269,21.2230809114447));
#5924=CARTESIAN_POINT('Ctrl Pts',(-45.134762039788,-138.968372125602,29.8331137450683));
#5925=CARTESIAN_POINT('Ctrl Pts',(-46.9949937961719,-88.,32.8300985008707));
#5926=CARTESIAN_POINT('Ctrl Pts',(-31.7336700422521,-240.,6.3668350211261));
#5927=CARTESIAN_POINT('Ctrl Pts',(-41.2157239832187,-189.635038792269,19.8439560570829));
#5928=CARTESIAN_POINT('Ctrl Pts',(-46.9557458723033,-138.968372125602,28.012129912553));
#5929=CARTESIAN_POINT('Ctrl Pts',(-48.953735709506,-88.,30.8713565875366));
#5930=CARTESIAN_POINT('Ctrl Pts',(-32.366835021126,-240.,5.7336700422522));
#5931=CARTESIAN_POINT('Ctrl Pts',(-42.5948488375806,-189.635038792269,18.464831202721));
#5932=CARTESIAN_POINT('Ctrl Pts',(-48.7767297048186,-138.968372125602,26.1911460800377));
#5933=CARTESIAN_POINT('Ctrl Pts',(-50.9124776228401,-88.,28.9126146742025));
#5934=CARTESIAN_POINT('Ctrl Pts',(-32.9999999999999,-240.,5.1005050633783));
#5935=CARTESIAN_POINT('Ctrl Pts',(-43.9739736919425,-189.635038792269,17.0857063483591));
#5936=CARTESIAN_POINT('Ctrl Pts',(-50.5977135373339,-138.968372125602,24.3701622475225));
#5937=CARTESIAN_POINT('Ctrl Pts',(-52.8712195361742,-88.,26.9538727608684));
#5938=UNCERTAINTY_MEASURE_WITH_UNIT(LENGTH_MEASURE(0.01),#5942,
'DISTANCE_ACCURACY_VALUE',
'Maximum model space distance between geometric entities at asserted c
onnectivities');
#5939=UNCERTAINTY_MEASURE_WITH_UNIT(LENGTH_MEASURE(0.01),#5942,
'DISTANCE_ACCURACY_VALUE',
'Maximum model space distance between geometric entities at asserted c
onnectivities');
#5940=(
GEOMETRIC_REPRESENTATION_CONTEXT(3)
GLOBAL_UNCERTAINTY_ASSIGNED_CONTEXT((#5938))
GLOBAL_UNIT_ASSIGNED_CONTEXT((#5942,#5944,#5945))
REPRESENTATION_CONTEXT('','3D')
);
#5941=(
GEOMETRIC_REPRESENTATION_CONTEXT(3)
GLOBAL_UNCERTAINTY_ASSIGNED_CONTEXT((#5939))
GLOBAL_UNIT_ASSIGNED_CONTEXT((#5942,#5944,#5945))
REPRESENTATION_CONTEXT('','3D')
);
#5942=(
LENGTH_UNIT()
NAMED_UNIT(*)
SI_UNIT(.MILLI.,.METRE.)
);
#5943=(
LENGTH_UNIT()
NAMED_UNIT(*)
SI_UNIT($,.METRE.)
);
#5944=(
NAMED_UNIT(*)
PLANE_ANGLE_UNIT()
SI_UNIT($,.RADIAN.)
);
#5945=(
NAMED_UNIT(*)
SI_UNIT($,.STERADIAN.)
SOLID_ANGLE_UNIT()
);
#5946=SHAPE_DEFINITION_REPRESENTATION(#5947,#5948);
#5947=PRODUCT_DEFINITION_SHAPE('',$,#5950);
#5948=SHAPE_REPRESENTATION('',(#3328),#5940);
#5949=PRODUCT_DEFINITION_CONTEXT('part definition',#5954,'design');
#5950=PRODUCT_DEFINITION('F1','F1',#5951,#5949);
#5951=PRODUCT_DEFINITION_FORMATION('',$,#5956);
#5952=PRODUCT_RELATED_PRODUCT_CATEGORY('F1','F1',(#5956));
#5953=APPLICATION_PROTOCOL_DEFINITION('international standard',
'automotive_design',2009,#5954);
#5954=APPLICATION_CONTEXT(
'Core Data for Automotive Mechanical Design Process');
#5955=PRODUCT_CONTEXT('part definition',#5954,'mechanical');
#5956=PRODUCT('F1','F1',$,(#5955));
#5957=PRESENTATION_STYLE_ASSIGNMENT((#5959));
#5958=PRESENTATION_STYLE_ASSIGNMENT((#5960));
#5959=SURFACE_STYLE_USAGE(.BOTH.,#5961);
#5960=SURFACE_STYLE_USAGE(.BOTH.,#5962);
#5961=SURFACE_SIDE_STYLE('',(#5963));
#5962=SURFACE_SIDE_STYLE('',(#5964));
#5963=SURFACE_STYLE_FILL_AREA(#5965);
#5964=SURFACE_STYLE_FILL_AREA(#5966);
#5965=FILL_AREA_STYLE('Steel - Satin',(#5967));
#5966=FILL_AREA_STYLE('ABS (White)',(#5968));
#5967=FILL_AREA_STYLE_COLOUR('Steel - Satin',#5969);
#5968=FILL_AREA_STYLE_COLOUR('ABS (White)',#5970);
#5969=COLOUR_RGB('Steel - Satin',0.627450980392157,0.627450980392157,0.627450980392157);
#5970=COLOUR_RGB('ABS (White)',0.964705882352941,0.964705882352941,0.952941176470588);
ENDSEC;
END-ISO-10303-21;
