ISO-10303-21;
HEADER;
/* Generated by software containing ST-Developer
 * from STEP Tools, Inc. (www.steptools.com) 
 */

FILE_DESCRIPTION(
/* description */ (''),
/* implementation_level */ '2;1');

FILE_NAME(
/* name */ 'F2.step',
/* time_stamp */ '2026-07-02T23:32:37-07:00',
/* author */ (''),
/* organization */ (''),
/* preprocessor_version */ 'ST-DEVELOPER v20.1',
/* originating_system */ 'Autodesk Translation Framework v15.8.0.0',
/* authorisation */ '');

FILE_SCHEMA (('AUTOMOTIVE_DESIGN { 1 0 10303 214 3 1 1 }'));
ENDSEC;

DATA;
#10=MECHANICAL_DESIGN_GEOMETRIC_PRESENTATION_REPRESENTATION('',(#13),#7093);
#11=SHAPE_REPRESENTATION_RELATIONSHIP('SRR','None',#7100,#12);
#12=ADVANCED_BREP_SHAPE_REPRESENTATION('',(#14),#7092);
#13=STYLED_ITEM('',(#7110),#14);
#14=MANIFOLD_SOLID_BREP('F2',#1591);
#15=CYLINDRICAL_SURFACE('',#1637,6.15);
#16=CYLINDRICAL_SURFACE('',#1639,6.15);
#17=CYLINDRICAL_SURFACE('',#1651,8.);
#18=CYLINDRICAL_SURFACE('',#1652,8.);
#19=CYLINDRICAL_SURFACE('',#1657,11.25);
#20=CYLINDRICAL_SURFACE('',#1666,15.0993468427171);
#21=CYLINDRICAL_SURFACE('',#1668,15.0993468427171);
#22=CONICAL_SURFACE('',#1614,1.74977327051848,0.0872664625997165);
#23=CONICAL_SURFACE('',#1618,1.74977327051848,0.0872664625997165);
#24=B_SPLINE_SURFACE_WITH_KNOTS('',3,3,((#2252,#2253,#2254,#2255,#2256,
#2257,#2258,#2259,#2260,#2261,#2262,#2263,#2264,#2265,#2266,#2267,#2268,
#2269,#2270,#2271,#2272,#2273,#2274,#2275,#2276,#2277,#2278,#2279,#2280,
#2281,#2282,#2283,#2284,#2285,#2286,#2287,#2288,#2289,#2290,#2291),(#2292,
#2293,#2294,#2295,#2296,#2297,#2298,#2299,#2300,#2301,#2302,#2303,#2304,
#2305,#2306,#2307,#2308,#2309,#2310,#2311,#2312,#2313,#2314,#2315,#2316,
#2317,#2318,#2319,#2320,#2321,#2322,#2323,#2324,#2325,#2326,#2327,#2328,
#2329,#2330,#2331),(#2332,#2333,#2334,#2335,#2336,#2337,#2338,#2339,#2340,
#2341,#2342,#2343,#2344,#2345,#2346,#2347,#2348,#2349,#2350,#2351,#2352,
#2353,#2354,#2355,#2356,#2357,#2358,#2359,#2360,#2361,#2362,#2363,#2364,
#2365,#2366,#2367,#2368,#2369,#2370,#2371),(#2372,#2373,#2374,#2375,#2376,
#2377,#2378,#2379,#2380,#2381,#2382,#2383,#2384,#2385,#2386,#2387,#2388,
#2389,#2390,#2391,#2392,#2393,#2394,#2395,#2396,#2397,#2398,#2399,#2400,
#2401,#2402,#2403,#2404,#2405,#2406,#2407,#2408,#2409,#2410,#2411),(#2412,
#2413,#2414,#2415,#2416,#2417,#2418,#2419,#2420,#2421,#2422,#2423,#2424,
#2425,#2426,#2427,#2428,#2429,#2430,#2431,#2432,#2433,#2434,#2435,#2436,
#2437,#2438,#2439,#2440,#2441,#2442,#2443,#2444,#2445,#2446,#2447,#2448,
#2449,#2450,#2451)),.UNSPECIFIED.,.F.,.F.,.F.,(4,1,4),(4,2,1,1,1,1,1,1,
1,1,1,1,1,1,1,1,1,1,1,1,1,1,1,1,1,1,1,1,1,1,1,1,1,1,1,1,4),(0.,0.571428571428571,
1.),(5.31258500475266,7.07172349234888,7.4552447117736,7.83876593119832,
8.22228715062304,8.60580837004776,9.75637202832191,10.1398932477466,10.5234144671714,
10.9069356865961,11.2904569060208,11.4822175157332,11.6739781254455,11.8657387351579,
12.0574993448702,12.441020564295,12.6327811740073,12.8245417837197,13.016302393432,
13.0642425458601,13.1121826982882,13.1601228507163,13.2080630031444,13.3998236128568,
13.4957039177129,13.5915842225691,13.6874645274253,13.7833448322815,13.9751054419938,
14.0230455944219,14.07098574685,14.1189258992781,14.1668660517062,14.3586266614186,
14.5503872711309,14.6462675759871,14.7421478808433),.UNSPECIFIED.);
#25=B_SPLINE_SURFACE_WITH_KNOTS('',3,3,((#2540,#2541,#2542,#2543),(#2544,
#2545,#2546,#2547),(#2548,#2549,#2550,#2551),(#2552,#2553,#2554,#2555),
(#2556,#2557,#2558,#2559),(#2560,#2561,#2562,#2563),(#2564,#2565,#2566,
#2567),(#2568,#2569,#2570,#2571),(#2572,#2573,#2574,#2575),(#2576,#2577,
#2578,#2579),(#2580,#2581,#2582,#2583),(#2584,#2585,#2586,#2587),(#2588,
#2589,#2590,#2591),(#2592,#2593,#2594,#2595),(#2596,#2597,#2598,#2599),
(#2600,#2601,#2602,#2603),(#2604,#2605,#2606,#2607),(#2608,#2609,#2610,
#2611),(#2612,#2613,#2614,#2615),(#2616,#2617,#2618,#2619),(#2620,#2621,
#2622,#2623),(#2624,#2625,#2626,#2627),(#2628,#2629,#2630,#2631),(#2632,
#2633,#2634,#2635),(#2636,#2637,#2638,#2639),(#2640,#2641,#2642,#2643),
(#2644,#2645,#2646,#2647),(#2648,#2649,#2650,#2651),(#2652,#2653,#2654,
#2655),(#2656,#2657,#2658,#2659),(#2660,#2661,#2662,#2663),(#2664,#2665,
#2666,#2667),(#2668,#2669,#2670,#2671),(#2672,#2673,#2674,#2675),(#2676,
#2677,#2678,#2679),(#2680,#2681,#2682,#2683),(#2684,#2685,#2686,#2687),
(#2688,#2689,#2690,#2691),(#2692,#2693,#2694,#2695),(#2696,#2697,#2698,
#2699),(#2700,#2701,#2702,#2703),(#2704,#2705,#2706,#2707),(#2708,#2709,
#2710,#2711),(#2712,#2713,#2714,#2715),(#2716,#2717,#2718,#2719),(#2720,
#2721,#2722,#2723),(#2724,#2725,#2726,#2727),(#2728,#2729,#2730,#2731),
(#2732,#2733,#2734,#2735),(#2736,#2737,#2738,#2739),(#2740,#2741,#2742,
#2743),(#2744,#2745,#2746,#2747),(#2748,#2749,#2750,#2751),(#2752,#2753,
#2754,#2755),(#2756,#2757,#2758,#2759),(#2760,#2761,#2762,#2763),(#2764,
#2765,#2766,#2767),(#2768,#2769,#2770,#2771),(#2772,#2773,#2774,#2775)),
 .UNSPECIFIED.,.F.,.F.,.F.,(4,1,1,1,1,1,1,1,1,1,1,1,1,1,1,1,1,1,1,1,1,1,
1,1,1,1,1,1,1,1,1,1,1,1,1,1,1,1,1,1,1,1,1,1,1,1,1,1,1,1,1,1,1,1,1,1,4),
(4,4),(2.3590832430043,2.44378355970546,2.52848387640662,2.69788450980894,
2.7825848265101,2.86728514321126,2.95198545991242,3.03668577661357,3.12138609331473,
3.20608641001589,3.37548704341821,3.46018736011937,3.54488767682053,3.71428831022284,
3.88368894362516,3.94015582142593,4.05308957702748,4.10955645482825,4.16602333262902,
4.39189084383212,4.44835772163289,4.61775835503521,4.84362586623829,4.95655962183984,
5.06949337744139,5.12596025524216,5.18242713304293,5.29536088864448,5.40829464424602,
5.52122839984757,5.69062903324988,5.74709591105066,5.97296342225375,6.42469844465993,
6.53763220026147,6.65056595586302,6.87643346706611,7.32816848947229,7.55403600067538,
7.77990351187847,8.23163853428465,8.34457228988619,8.45750604548774,8.57043980108928,
8.68337355669083,8.90924106789392,9.02217482349546,9.13510857909701,9.21980889579817,
9.30450921249933,9.47390984590164,9.81271111270628,10.4903136463155,10.8291149131202,
11.1679161799248,11.5067174467295,11.8455187135341),(0.,1.42842892786096),
 .UNSPECIFIED.);
#26=B_SPLINE_SURFACE_WITH_KNOTS('',3,3,((#3095,#3096,#3097,#3098),(#3099,
#3100,#3101,#3102),(#3103,#3104,#3105,#3106),(#3107,#3108,#3109,#3110),
(#3111,#3112,#3113,#3114),(#3115,#3116,#3117,#3118),(#3119,#3120,#3121,
#3122),(#3123,#3124,#3125,#3126),(#3127,#3128,#3129,#3130),(#3131,#3132,
#3133,#3134),(#3135,#3136,#3137,#3138),(#3139,#3140,#3141,#3142),(#3143,
#3144,#3145,#3146),(#3147,#3148,#3149,#3150),(#3151,#3152,#3153,#3154),
(#3155,#3156,#3157,#3158),(#3159,#3160,#3161,#3162),(#3163,#3164,#3165,
#3166),(#3167,#3168,#3169,#3170),(#3171,#3172,#3173,#3174),(#3175,#3176,
#3177,#3178),(#3179,#3180,#3181,#3182),(#3183,#3184,#3185,#3186),(#3187,
#3188,#3189,#3190),(#3191,#3192,#3193,#3194),(#3195,#3196,#3197,#3198),
(#3199,#3200,#3201,#3202),(#3203,#3204,#3205,#3206),(#3207,#3208,#3209,
#3210),(#3211,#3212,#3213,#3214),(#3215,#3216,#3217,#3218),(#3219,#3220,
#3221,#3222),(#3223,#3224,#3225,#3226),(#3227,#3228,#3229,#3230),(#3231,
#3232,#3233,#3234),(#3235,#3236,#3237,#3238),(#3239,#3240,#3241,#3242),
(#3243,#3244,#3245,#3246),(#3247,#3248,#3249,#3250),(#3251,#3252,#3253,
#3254),(#3255,#3256,#3257,#3258),(#3259,#3260,#3261,#3262),(#3263,#3264,
#3265,#3266),(#3267,#3268,#3269,#3270)),.UNSPECIFIED.,.F.,.F.,.F.,(4,1,
1,1,1,1,1,1,1,1,1,1,1,1,1,1,1,1,1,1,1,1,1,1,1,1,1,1,1,1,1,1,1,1,1,1,1,1,
1,1,1,4),(4,4),(0.,0.0424861415556034,0.0849722831112068,0.169944566222414,
0.254916849333621,0.297402990889224,0.339889132444827,0.509833698667241,
0.594805981778448,0.679778264889655,0.764750548000862,0.807236689556465,
0.849722831112068,0.934695114223275,0.977181255778879,1.01966739733448,
1.10463968044569,1.1896119635569,1.2745842466681,1.31707038822371,1.33831345900151,
1.35955652977931,1.47285290726092,1.58614928474253,1.81274203970575,2.26592754963218,
2.71911305955862,4.07866958933793,5.43822611911724,5.60817068533965,5.77811525156207,
6.11800438400689,6.45789351645172,6.79778264889655,7.4775609137862,8.15733917867586,
8.32728374489827,8.49722831112068,8.83711744356551,9.17700657601034,9.34695114223275,
9.51689570845517),(0.,1.42579944864801),.UNSPECIFIED.);
#27=B_SPLINE_SURFACE_WITH_KNOTS('',3,3,((#3300,#3301,#3302,#3303,#3304,
#3305,#3306,#3307,#3308,#3309,#3310,#3311,#3312,#3313,#3314,#3315,#3316,
#3317,#3318,#3319,#3320,#3321,#3322,#3323,#3324,#3325,#3326),(#3327,#3328,
#3329,#3330,#3331,#3332,#3333,#3334,#3335,#3336,#3337,#3338,#3339,#3340,
#3341,#3342,#3343,#3344,#3345,#3346,#3347,#3348,#3349,#3350,#3351,#3352,
#3353),(#3354,#3355,#3356,#3357,#3358,#3359,#3360,#3361,#3362,#3363,#3364,
#3365,#3366,#3367,#3368,#3369,#3370,#3371,#3372,#3373,#3374,#3375,#3376,
#3377,#3378,#3379,#3380),(#3381,#3382,#3383,#3384,#3385,#3386,#3387,#3388,
#3389,#3390,#3391,#3392,#3393,#3394,#3395,#3396,#3397,#3398,#3399,#3400,
#3401,#3402,#3403,#3404,#3405,#3406,#3407),(#3408,#3409,#3410,#3411,#3412,
#3413,#3414,#3415,#3416,#3417,#3418,#3419,#3420,#3421,#3422,#3423,#3424,
#3425,#3426,#3427,#3428,#3429,#3430,#3431,#3432,#3433,#3434)),
 .UNSPECIFIED.,.F.,.F.,.F.,(4,1,4),(4,1,1,1,1,1,1,1,1,1,1,1,1,1,1,1,1,1,
1,1,1,2,1,4),(0.,0.571428571428571,1.),(0.,0.371989802521387,0.743979605042774,
0.929974506303468,1.11596940756416,1.30196430882486,1.48795921008555,1.85994901260694,
1.9839456134474,2.47993201680925,2.9759184201711,3.22391162185202,3.47190482353295,
3.9678912268948,4.46387763025665,5.20785723529942,5.57984703782081,5.9518368403422,
6.32382664286358,6.69581644538497,7.06780624790636,7.43979605042774,8.48890963620576,
9.18831869339111),.UNSPECIFIED.);
#28=B_SPLINE_SURFACE_WITH_KNOTS('',3,3,((#3469,#3470,#3471,#3472,#3473,
#3474,#3475,#3476),(#3477,#3478,#3479,#3480,#3481,#3482,#3483,#3484),(#3485,
#3486,#3487,#3488,#3489,#3490,#3491,#3492),(#3493,#3494,#3495,#3496,#3497,
#3498,#3499,#3500)),.UNSPECIFIED.,.F.,.F.,.F.,(4,4),(4,2,2,4),(0.,1.),(0.370391756809894,
0.37765800319119,0.690924119680174,0.732493216462478),.UNSPECIFIED.);
#29=B_SPLINE_SURFACE_WITH_KNOTS('',3,3,((#3529,#3530,#3531,#3532,#3533,
#3534,#3535,#3536),(#3537,#3538,#3539,#3540,#3541,#3542,#3543,#3544),(#3545,
#3546,#3547,#3548,#3549,#3550,#3551,#3552),(#3553,#3554,#3555,#3556,#3557,
#3558,#3559,#3560)),.UNSPECIFIED.,.F.,.F.,.F.,(4,4),(4,2,2,4),(0.,1.),(0.370391756809894,
0.37765800319119,0.690924119680174,0.732492289609042),.UNSPECIFIED.);
#30=B_SPLINE_SURFACE_WITH_KNOTS('',3,3,((#3576,#3577,#3578,#3579,#3580,
#3581,#3582,#3583),(#3584,#3585,#3586,#3587,#3588,#3589,#3590,#3591),(#3592,
#3593,#3594,#3595,#3596,#3597,#3598,#3599),(#3600,#3601,#3602,#3603,#3604,
#3605,#3606,#3607)),.UNSPECIFIED.,.F.,.F.,.F.,(4,4),(4,2,2,4),(0.,1.),(0.370391756809894,
0.37765800319119,0.690924119680174,0.732492289609042),.UNSPECIFIED.);
#31=B_SPLINE_SURFACE_WITH_KNOTS('',3,3,((#3623,#3624,#3625,#3626,#3627,
#3628,#3629,#3630),(#3631,#3632,#3633,#3634,#3635,#3636,#3637,#3638),(#3639,
#3640,#3641,#3642,#3643,#3644,#3645,#3646),(#3647,#3648,#3649,#3650,#3651,
#3652,#3653,#3654)),.UNSPECIFIED.,.F.,.F.,.F.,(4,4),(4,2,2,4),(0.,1.),(0.370391756809894,
0.37765800319119,0.690924119680174,0.732492289609042),.UNSPECIFIED.);
#32=B_SPLINE_SURFACE_WITH_KNOTS('',3,3,((#3670,#3671,#3672,#3673,#3674,
#3675,#3676,#3677),(#3678,#3679,#3680,#3681,#3682,#3683,#3684,#3685),(#3686,
#3687,#3688,#3689,#3690,#3691,#3692,#3693),(#3694,#3695,#3696,#3697,#3698,
#3699,#3700,#3701)),.UNSPECIFIED.,.F.,.F.,.F.,(4,4),(4,2,2,4),(0.,1.),(0.370391756809894,
0.37765800319119,0.690924119680174,0.732492289609042),.UNSPECIFIED.);
#33=B_SPLINE_SURFACE_WITH_KNOTS('',3,3,((#3717,#3718,#3719,#3720,#3721,
#3722,#3723,#3724),(#3725,#3726,#3727,#3728,#3729,#3730,#3731,#3732),(#3733,
#3734,#3735,#3736,#3737,#3738,#3739,#3740),(#3741,#3742,#3743,#3744,#3745,
#3746,#3747,#3748)),.UNSPECIFIED.,.F.,.F.,.F.,(4,4),(4,2,2,4),(0.,0.287697476368425),
(0.370391756809895,0.37765800319119,0.690924119680174,0.732492289613134),
 .UNSPECIFIED.);
#34=B_SPLINE_SURFACE_WITH_KNOTS('',3,3,((#3795,#3796,#3797,#3798,#3799,
#3800,#3801,#3802),(#3803,#3804,#3805,#3806,#3807,#3808,#3809,#3810),(#3811,
#3812,#3813,#3814,#3815,#3816,#3817,#3818),(#3819,#3820,#3821,#3822,#3823,
#3824,#3825,#3826)),.UNSPECIFIED.,.F.,.F.,.F.,(4,4),(4,2,2,4),(0.,1.),(0.370391756809894,
0.37765800319119,0.690924119680174,0.732492289609042),.UNSPECIFIED.);
#35=B_SPLINE_SURFACE_WITH_KNOTS('',3,3,((#3900,#3901,#3902,#3903,#3904,
#3905,#3906,#3907),(#3908,#3909,#3910,#3911,#3912,#3913,#3914,#3915),(#3916,
#3917,#3918,#3919,#3920,#3921,#3922,#3923),(#3924,#3925,#3926,#3927,#3928,
#3929,#3930,#3931)),.UNSPECIFIED.,.F.,.F.,.F.,(4,4),(4,2,2,4),(0.,1.),(0.370391756809894,
0.37765800319119,0.690924119680174,0.732492289609042),.UNSPECIFIED.);
#36=B_SPLINE_SURFACE_WITH_KNOTS('',3,3,((#3947,#3948,#3949,#3950,#3951,
#3952,#3953,#3954),(#3955,#3956,#3957,#3958,#3959,#3960,#3961,#3962),(#3963,
#3964,#3965,#3966,#3967,#3968,#3969,#3970),(#3971,#3972,#3973,#3974,#3975,
#3976,#3977,#3978)),.UNSPECIFIED.,.F.,.F.,.F.,(4,4),(4,2,2,4),(0.,1.),(0.37039158241479,
0.37765800319119,0.690924119680174,0.732492289609042),.UNSPECIFIED.);
#37=B_SPLINE_SURFACE_WITH_KNOTS('',3,3,((#4022,#4023,#4024,#4025,#4026,
#4027,#4028,#4029),(#4030,#4031,#4032,#4033,#4034,#4035,#4036,#4037),(#4038,
#4039,#4040,#4041,#4042,#4043,#4044,#4045),(#4046,#4047,#4048,#4049,#4050,
#4051,#4052,#4053)),.UNSPECIFIED.,.F.,.F.,.F.,(4,4),(4,2,2,4),(0.,1.),(0.370391756809874,
0.37765800319119,0.690924119680174,0.732492289609042),.UNSPECIFIED.);
#38=B_SPLINE_SURFACE_WITH_KNOTS('',3,3,((#4090,#4091,#4092,#4093,#4094,
#4095,#4096,#4097),(#4098,#4099,#4100,#4101,#4102,#4103,#4104,#4105),(#4106,
#4107,#4108,#4109,#4110,#4111,#4112,#4113),(#4114,#4115,#4116,#4117,#4118,
#4119,#4120,#4121)),.UNSPECIFIED.,.F.,.F.,.F.,(4,4),(4,2,2,4),(0.,1.),(0.370391756809894,
0.37765800319119,0.690924119680174,0.732492289609042),.UNSPECIFIED.);
#39=B_SPLINE_SURFACE_WITH_KNOTS('',3,3,((#4137,#4138,#4139,#4140,#4141,
#4142,#4143,#4144),(#4145,#4146,#4147,#4148,#4149,#4150,#4151,#4152),(#4153,
#4154,#4155,#4156,#4157,#4158,#4159,#4160),(#4161,#4162,#4163,#4164,#4165,
#4166,#4167,#4168)),.UNSPECIFIED.,.F.,.F.,.F.,(4,4),(4,2,2,4),(0.,1.),(0.370391756809894,
0.37765800319119,0.690924119680174,0.732492289609042),.UNSPECIFIED.);
#40=B_SPLINE_SURFACE_WITH_KNOTS('',3,3,((#4248,#4249,#4250,#4251,#4252,
#4253,#4254,#4255),(#4256,#4257,#4258,#4259,#4260,#4261,#4262,#4263),(#4264,
#4265,#4266,#4267,#4268,#4269,#4270,#4271),(#4272,#4273,#4274,#4275,#4276,
#4277,#4278,#4279)),.UNSPECIFIED.,.F.,.F.,.F.,(4,4),(4,2,2,4),(0.,0.28769747639539),
(0.370391756809895,0.37765800319119,0.690924119680174,0.732492289613619),
 .UNSPECIFIED.);
#41=B_SPLINE_SURFACE_WITH_KNOTS('',3,3,((#4307,#4308,#4309,#4310,#4311,
#4312,#4313,#4314),(#4315,#4316,#4317,#4318,#4319,#4320,#4321,#4322),(#4323,
#4324,#4325,#4326,#4327,#4328,#4329,#4330),(#4331,#4332,#4333,#4334,#4335,
#4336,#4337,#4338)),.UNSPECIFIED.,.F.,.F.,.F.,(4,4),(4,2,2,4),(0.,1.),(0.370391756809894,
0.37765800319119,0.690924119680174,0.732492289609042),.UNSPECIFIED.);
#42=B_SPLINE_SURFACE_WITH_KNOTS('',3,3,((#4683,#4684,#4685,#4686),(#4687,
#4688,#4689,#4690),(#4691,#4692,#4693,#4694),(#4695,#4696,#4697,#4698),
(#4699,#4700,#4701,#4702),(#4703,#4704,#4705,#4706),(#4707,#4708,#4709,
#4710),(#4711,#4712,#4713,#4714),(#4715,#4716,#4717,#4718),(#4719,#4720,
#4721,#4722),(#4723,#4724,#4725,#4726),(#4727,#4728,#4729,#4730),(#4731,
#4732,#4733,#4734),(#4735,#4736,#4737,#4738),(#4739,#4740,#4741,#4742),
(#4743,#4744,#4745,#4746),(#4747,#4748,#4749,#4750),(#4751,#4752,#4753,
#4754),(#4755,#4756,#4757,#4758),(#4759,#4760,#4761,#4762),(#4763,#4764,
#4765,#4766),(#4767,#4768,#4769,#4770),(#4771,#4772,#4773,#4774),(#4775,
#4776,#4777,#4778),(#4779,#4780,#4781,#4782),(#4783,#4784,#4785,#4786),
(#4787,#4788,#4789,#4790),(#4791,#4792,#4793,#4794),(#4795,#4796,#4797,
#4798),(#4799,#4800,#4801,#4802),(#4803,#4804,#4805,#4806),(#4807,#4808,
#4809,#4810),(#4811,#4812,#4813,#4814),(#4815,#4816,#4817,#4818),(#4819,
#4820,#4821,#4822),(#4823,#4824,#4825,#4826),(#4827,#4828,#4829,#4830),
(#4831,#4832,#4833,#4834),(#4835,#4836,#4837,#4838),(#4839,#4840,#4841,
#4842),(#4843,#4844,#4845,#4846),(#4847,#4848,#4849,#4850),(#4851,#4852,
#4853,#4854),(#4855,#4856,#4857,#4858),(#4859,#4860,#4861,#4862),(#4863,
#4864,#4865,#4866),(#4867,#4868,#4869,#4870),(#4871,#4872,#4873,#4874),
(#4875,#4876,#4877,#4878),(#4879,#4880,#4881,#4882),(#4883,#4884,#4885,
#4886),(#4887,#4888,#4889,#4890),(#4891,#4892,#4893,#4894),(#4895,#4896,
#4897,#4898),(#4899,#4900,#4901,#4902),(#4903,#4904,#4905,#4906),(#4907,
#4908,#4909,#4910),(#4911,#4912,#4913,#4914),(#4915,#4916,#4917,#4918)),
 .UNSPECIFIED.,.F.,.F.,.F.,(4,1,1,1,1,1,1,1,1,1,1,1,1,1,1,1,1,1,1,1,1,1,
1,1,1,1,1,1,1,1,1,1,1,1,1,1,1,1,1,1,1,1,1,1,1,1,1,1,1,1,1,1,1,1,1,1,4),
(4,4),(2.3590832430043,2.44378355970546,2.52848387640662,2.69788450980894,
2.7825848265101,2.86728514321126,2.95198545991242,3.03668577661357,3.12138609331473,
3.20608641001589,3.37548704341821,3.46018736011937,3.54488767682053,3.71428831022284,
3.88368894362516,3.94015582142593,4.05308957702748,4.10955645482825,4.16602333262902,
4.39189084383212,4.44835772163289,4.61775835503521,4.84362586623829,4.95655962183984,
5.06949337744139,5.12596025524216,5.18242713304293,5.29536088864448,5.40829464424602,
5.52122839984757,5.69062903324988,5.74709591105066,5.97296342225375,6.42469844465993,
6.53763220026147,6.65056595586302,6.87643346706611,7.32816848947229,7.55403600067538,
7.77990351187847,8.23163853428465,8.34457228988619,8.45750604548774,8.57043980108928,
8.68337355669083,8.90924106789392,9.02217482349546,9.13510857909701,9.21980889579817,
9.30450921249933,9.47390984590164,9.81271111270628,10.4903136463155,10.8291149131202,
11.1679161799248,11.5067174467295,11.8455187135341),(0.,1.42842892789308),
 .UNSPECIFIED.);
#43=B_SPLINE_SURFACE_WITH_KNOTS('',3,3,((#4973,#4974,#4975,#4976,#4977,
#4978,#4979,#4980),(#4981,#4982,#4983,#4984,#4985,#4986,#4987,#4988),(#4989,
#4990,#4991,#4992,#4993,#4994,#4995,#4996),(#4997,#4998,#4999,#5000,#5001,
#5002,#5003,#5004)),.UNSPECIFIED.,.F.,.F.,.F.,(4,4),(4,2,2,4),(0.,1.),(0.370391756809895,
0.37765800319119,0.690924119680174,0.732493216462218),.UNSPECIFIED.);
#44=B_SPLINE_SURFACE_WITH_KNOTS('',3,3,((#5095,#5096,#5097,#5098),(#5099,
#5100,#5101,#5102),(#5103,#5104,#5105,#5106),(#5107,#5108,#5109,#5110),
(#5111,#5112,#5113,#5114),(#5115,#5116,#5117,#5118),(#5119,#5120,#5121,
#5122),(#5123,#5124,#5125,#5126),(#5127,#5128,#5129,#5130),(#5131,#5132,
#5133,#5134),(#5135,#5136,#5137,#5138),(#5139,#5140,#5141,#5142),(#5143,
#5144,#5145,#5146),(#5147,#5148,#5149,#5150),(#5151,#5152,#5153,#5154),
(#5155,#5156,#5157,#5158),(#5159,#5160,#5161,#5162),(#5163,#5164,#5165,
#5166),(#5167,#5168,#5169,#5170),(#5171,#5172,#5173,#5174),(#5175,#5176,
#5177,#5178),(#5179,#5180,#5181,#5182),(#5183,#5184,#5185,#5186),(#5187,
#5188,#5189,#5190),(#5191,#5192,#5193,#5194),(#5195,#5196,#5197,#5198),
(#5199,#5200,#5201,#5202),(#5203,#5204,#5205,#5206),(#5207,#5208,#5209,
#5210),(#5211,#5212,#5213,#5214),(#5215,#5216,#5217,#5218),(#5219,#5220,
#5221,#5222),(#5223,#5224,#5225,#5226),(#5227,#5228,#5229,#5230),(#5231,
#5232,#5233,#5234),(#5235,#5236,#5237,#5238),(#5239,#5240,#5241,#5242),
(#5243,#5244,#5245,#5246),(#5247,#5248,#5249,#5250),(#5251,#5252,#5253,
#5254),(#5255,#5256,#5257,#5258),(#5259,#5260,#5261,#5262),(#5263,#5264,
#5265,#5266),(#5267,#5268,#5269,#5270)),.UNSPECIFIED.,.F.,.F.,.F.,(4,1,
1,1,1,1,1,1,1,1,1,1,1,1,1,1,1,1,1,1,1,1,1,1,1,1,1,1,1,1,1,1,1,1,1,1,1,1,
1,1,1,4),(4,4),(0.,0.0424861415556034,0.0849722831112068,0.169944566222414,
0.254916849333621,0.297402990889224,0.339889132444827,0.509833698667241,
0.594805981778448,0.679778264889655,0.764750548000862,0.807236689556465,
0.849722831112068,0.934695114223275,0.977181255778879,1.01966739733448,
1.10463968044569,1.1896119635569,1.2745842466681,1.31707038822371,1.33831345900151,
1.35955652977931,1.47285290726092,1.58614928474253,1.81274203970575,2.26592754963218,
2.71911305955862,4.07866958933793,5.43822611911724,5.60817068533965,5.77811525156207,
6.11800438400689,6.45789351645172,6.79778264889655,7.4775609137862,8.15733917867586,
8.32728374489827,8.49722831112068,8.83711744356551,9.17700657601034,9.34695114223275,
9.51689570845517),(0.,1.42580023872771),.UNSPECIFIED.);
#45=B_SPLINE_SURFACE_WITH_KNOTS('',3,3,((#5297,#5298,#5299,#5300,#5301,
#5302,#5303,#5304,#5305,#5306,#5307,#5308,#5309,#5310,#5311,#5312,#5313,
#5314,#5315,#5316,#5317,#5318,#5319,#5320,#5321,#5322),(#5323,#5324,#5325,
#5326,#5327,#5328,#5329,#5330,#5331,#5332,#5333,#5334,#5335,#5336,#5337,
#5338,#5339,#5340,#5341,#5342,#5343,#5344,#5345,#5346,#5347,#5348),(#5349,
#5350,#5351,#5352,#5353,#5354,#5355,#5356,#5357,#5358,#5359,#5360,#5361,
#5362,#5363,#5364,#5365,#5366,#5367,#5368,#5369,#5370,#5371,#5372,#5373,
#5374),(#5375,#5376,#5377,#5378,#5379,#5380,#5381,#5382,#5383,#5384,#5385,
#5386,#5387,#5388,#5389,#5390,#5391,#5392,#5393,#5394,#5395,#5396,#5397,
#5398,#5399,#5400),(#5401,#5402,#5403,#5404,#5405,#5406,#5407,#5408,#5409,
#5410,#5411,#5412,#5413,#5414,#5415,#5416,#5417,#5418,#5419,#5420,#5421,
#5422,#5423,#5424,#5425,#5426)),.UNSPECIFIED.,.F.,.F.,.F.,(4,1,4),(4,1,
2,1,1,1,1,1,1,1,1,1,1,1,1,1,1,1,1,1,1,1,4),(0.,0.571428571428571,1.),(4.88571724760407,
5.5851854828195,6.63438783564264,7.00644465103132,7.37850146641999,7.75055828180866,
8.12261509719733,8.86672872797468,9.61084235875202,9.98289917414069,10.3549559895294,
10.727012804918,11.0990696203067,11.4711264356954,11.8431832510841,12.2152400664727,
12.5872968818614,12.7733252895557,12.9593536972501,13.1453821049444,13.3314105126387,
13.7034673280274,14.0755241434161),.UNSPECIFIED.);
#46=B_SPLINE_SURFACE_WITH_KNOTS('',3,3,((#5428,#5429,#5430,#5431),(#5432,
#5433,#5434,#5435),(#5436,#5437,#5438,#5439),(#5440,#5441,#5442,#5443),
(#5444,#5445,#5446,#5447)),.UNSPECIFIED.,.F.,.F.,.F.,(4,1,4),(4,4),(0.,
0.571428571428571,1.),(0.,0.187118354396631),.UNSPECIFIED.);
#47=B_SPLINE_SURFACE_WITH_KNOTS('',3,3,((#5449,#5450,#5451,#5452,#5453,
#5454,#5455,#5456,#5457,#5458,#5459,#5460,#5461,#5462,#5463,#5464,#5465,
#5466,#5467,#5468,#5469,#5470,#5471,#5472,#5473,#5474,#5475,#5476,#5477,
#5478,#5479,#5480,#5481,#5482,#5483,#5484,#5485,#5486,#5487,#5488,#5489,
#5490),(#5491,#5492,#5493,#5494,#5495,#5496,#5497,#5498,#5499,#5500,#5501,
#5502,#5503,#5504,#5505,#5506,#5507,#5508,#5509,#5510,#5511,#5512,#5513,
#5514,#5515,#5516,#5517,#5518,#5519,#5520,#5521,#5522,#5523,#5524,#5525,
#5526,#5527,#5528,#5529,#5530,#5531,#5532),(#5533,#5534,#5535,#5536,#5537,
#5538,#5539,#5540,#5541,#5542,#5543,#5544,#5545,#5546,#5547,#5548,#5549,
#5550,#5551,#5552,#5553,#5554,#5555,#5556,#5557,#5558,#5559,#5560,#5561,
#5562,#5563,#5564,#5565,#5566,#5567,#5568,#5569,#5570,#5571,#5572,#5573,
#5574),(#5575,#5576,#5577,#5578,#5579,#5580,#5581,#5582,#5583,#5584,#5585,
#5586,#5587,#5588,#5589,#5590,#5591,#5592,#5593,#5594,#5595,#5596,#5597,
#5598,#5599,#5600,#5601,#5602,#5603,#5604,#5605,#5606,#5607,#5608,#5609,
#5610,#5611,#5612,#5613,#5614,#5615,#5616),(#5617,#5618,#5619,#5620,#5621,
#5622,#5623,#5624,#5625,#5626,#5627,#5628,#5629,#5630,#5631,#5632,#5633,
#5634,#5635,#5636,#5637,#5638,#5639,#5640,#5641,#5642,#5643,#5644,#5645,
#5646,#5647,#5648,#5649,#5650,#5651,#5652,#5653,#5654,#5655,#5656,#5657,
#5658)),.UNSPECIFIED.,.F.,.F.,.F.,(4,1,4),(4,1,1,1,1,1,1,1,1,1,1,1,1,1,
1,1,1,1,1,1,1,1,1,1,1,1,1,1,1,1,1,1,1,1,1,1,1,2,4),(0.,0.571428571428571,
1.),(0.,0.0958803051913228,0.191760610382646,0.383521220765291,0.575281831147937,
0.623221983743598,0.671162136339259,0.719102288934921,0.767042441530582,
0.958803051913228,1.05468335710455,1.15056366229587,1.19850381489153,1.2464439674872,
1.34232427267852,1.53408488306116,1.58202503565683,1.60599511195466,1.62996518825249,
1.72584549344381,1.91760610382646,2.01348640901778,2.1093667142091,2.30112732459175,
2.68464854535704,2.87640915573968,3.06816976612233,3.25993037650497,3.45169098688762,
3.83521220765291,4.2187334284182,4.60225464918349,5.36929709071408,6.13633953224466,
6.51986075300995,6.90338197377524,7.28690319454053,7.67042441530582,9.42973319976752),
 .UNSPECIFIED.);
#48=B_SPLINE_SURFACE_WITH_KNOTS('',3,3,((#5659,#5660,#5661,#5662),(#5663,
#5664,#5665,#5666),(#5667,#5668,#5669,#5670),(#5671,#5672,#5673,#5674),
(#5675,#5676,#5677,#5678)),.UNSPECIFIED.,.F.,.F.,.F.,(4,1,4),(4,4),(0.,
0.571428571428571,1.),(1.17395336051068E-16,0.187118354396647),
 .UNSPECIFIED.);
#49=B_SPLINE_SURFACE_WITH_KNOTS('',3,3,((#5800,#5801,#5802,#5803,#5804,
#5805,#5806,#5807),(#5808,#5809,#5810,#5811,#5812,#5813,#5814,#5815),(#5816,
#5817,#5818,#5819,#5820,#5821,#5822,#5823),(#5824,#5825,#5826,#5827,#5828,
#5829,#5830,#5831)),.UNSPECIFIED.,.F.,.F.,.F.,(4,4),(4,2,2,4),(0.,1.),(0.370391442120572,
0.37765800319119,0.690924119680174,0.732492289609042),.UNSPECIFIED.);
#50=B_SPLINE_SURFACE_WITH_KNOTS('',3,1,((#5894,#5895),(#5896,#5897),(#5898,
#5899),(#5900,#5901),(#5902,#5903),(#5904,#5905),(#5906,#5907),(#5908,#5909),
(#5910,#5911),(#5912,#5913),(#5914,#5915),(#5916,#5917)),.UNSPECIFIED.,
 .F.,.F.,.F.,(4,2,2,2,2,4),(2,2),(-15.8286246159809,-11.821605949838,-7.8232839924034,
-5.99228477541892,-4.12338070139221,0.),(0.,0.3),.UNSPECIFIED.);
#51=B_SPLINE_SURFACE_WITH_KNOTS('',3,3,((#5949,#5950,#5951,#5952,#5953,
#5954,#5955,#5956),(#5957,#5958,#5959,#5960,#5961,#5962,#5963,#5964),(#5965,
#5966,#5967,#5968,#5969,#5970,#5971,#5972),(#5973,#5974,#5975,#5976,#5977,
#5978,#5979,#5980)),.UNSPECIFIED.,.F.,.F.,.F.,(4,4),(4,2,2,4),(0.0971392600138981,
1.),(0.370391442120572,0.37765800319119,0.690924119680174,0.703135190874212),
 .UNSPECIFIED.);
#52=B_SPLINE_SURFACE_WITH_KNOTS('',3,1,((#6041,#6042),(#6043,#6044),(#6045,
#6046),(#6047,#6048),(#6049,#6050),(#6051,#6052),(#6053,#6054)),
 .UNSPECIFIED.,.F.,.F.,.F.,(4,3,4),(2,2),(-0.614897287383664,-0.377657875005808,
-0.223614547291374),(0.,8.10055864104025),.UNSPECIFIED.);
#53=B_SPLINE_SURFACE_WITH_KNOTS('',3,3,((#6153,#6154,#6155,#6156,#6157,
#6158,#6159,#6160,#6161,#6162,#6163,#6164,#6165,#6166,#6167,#6168,#6169,
#6170,#6171,#6172,#6173,#6174,#6175,#6176,#6177,#6178,#6179,#6180,#6181,
#6182,#6183,#6184,#6185,#6186,#6187,#6188,#6189,#6190,#6191),(#6192,#6193,
#6194,#6195,#6196,#6197,#6198,#6199,#6200,#6201,#6202,#6203,#6204,#6205,
#6206,#6207,#6208,#6209,#6210,#6211,#6212,#6213,#6214,#6215,#6216,#6217,
#6218,#6219,#6220,#6221,#6222,#6223,#6224,#6225,#6226,#6227,#6228,#6229,
#6230),(#6231,#6232,#6233,#6234,#6235,#6236,#6237,#6238,#6239,#6240,#6241,
#6242,#6243,#6244,#6245,#6246,#6247,#6248,#6249,#6250,#6251,#6252,#6253,
#6254,#6255,#6256,#6257,#6258,#6259,#6260,#6261,#6262,#6263,#6264,#6265,
#6266,#6267,#6268,#6269),(#6270,#6271,#6272,#6273,#6274,#6275,#6276,#6277,
#6278,#6279,#6280,#6281,#6282,#6283,#6284,#6285,#6286,#6287,#6288,#6289,
#6290,#6291,#6292,#6293,#6294,#6295,#6296,#6297,#6298,#6299,#6300,#6301,
#6302,#6303,#6304,#6305,#6306,#6307,#6308)),.UNSPECIFIED.,.F.,.T.,.F.,(4,
4),(4,1,1,1,2,2,2,2,2,2,1,1,1,1,1,1,1,2,2,2,2,2,2,1,4),(0.151720865944503,
1.),(-5.65493127113181E-5,0.358707119502659,0.71747078831803,1.0762344571334,
1.43499812594877,1.51419303706509,1.55316907905198,1.58359530724997,1.61707447487322,
1.67116748946756,1.95769583667838,2.2442241838892,2.53075253110002,2.81728087831084,
3.10380922552166,3.39033757273248,3.6768659199433,3.96339426715412,4.02527367858901,
4.06053351532331,4.09075702997818,4.12716598487743,4.1942059836079,4.62024869130587,
5.04629139900383),.UNSPECIFIED.);
#54=B_SPLINE_SURFACE_WITH_KNOTS('',3,3,((#6350,#6351,#6352,#6353,#6354,
#6355,#6356,#6357,#6358,#6359),(#6360,#6361,#6362,#6363,#6364,#6365,#6366,
#6367,#6368,#6369),(#6370,#6371,#6372,#6373,#6374,#6375,#6376,#6377,#6378,
#6379),(#6380,#6381,#6382,#6383,#6384,#6385,#6386,#6387,#6388,#6389),(#6390,
#6391,#6392,#6393,#6394,#6395,#6396,#6397,#6398,#6399)),.UNSPECIFIED.,.F.,
 .F.,.F.,(4,1,4),(4,1,1,2,1,1,4),(0.,0.571428571428571,1.),(0.,0.345355242692371,
0.40941637061863,0.462620119357802,0.524720809209588,0.633789464649507,
0.949536814689362),.UNSPECIFIED.);
#55=B_SPLINE_SURFACE_WITH_KNOTS('',3,3,((#6402,#6403,#6404,#6405,#6406,
#6407,#6408,#6409,#6410,#6411,#6412,#6413,#6414,#6415,#6416,#6417,#6418,
#6419,#6420,#6421),(#6422,#6423,#6424,#6425,#6426,#6427,#6428,#6429,#6430,
#6431,#6432,#6433,#6434,#6435,#6436,#6437,#6438,#6439,#6440,#6441),(#6442,
#6443,#6444,#6445,#6446,#6447,#6448,#6449,#6450,#6451,#6452,#6453,#6454,
#6455,#6456,#6457,#6458,#6459,#6460,#6461),(#6462,#6463,#6464,#6465,#6466,
#6467,#6468,#6469,#6470,#6471,#6472,#6473,#6474,#6475,#6476,#6477,#6478,
#6479,#6480,#6481),(#6482,#6483,#6484,#6485,#6486,#6487,#6488,#6489,#6490,
#6491,#6492,#6493,#6494,#6495,#6496,#6497,#6498,#6499,#6500,#6501)),
 .UNSPECIFIED.,.F.,.F.,.F.,(4,1,4),(4,1,1,1,1,1,1,1,1,2,1,1,1,1,1,1,4),
(0.,0.571428571428571,1.),(-5.04629139900383,-4.64727433031099,-4.24825726161814,
-3.8492401929253,-3.45022312423246,-3.05120605553962,-2.65218898684678,
-2.59189658498696,-2.5546086348185,-2.52073882854054,-2.47737517359953,
-2.06446988644749,-1.65156459929545,-1.23865931214341,-0.825754024991368,
-0.412848737839328,5.65493127115957E-5),.UNSPECIFIED.);
#56=B_SPLINE_SURFACE_WITH_KNOTS('',3,3,((#6502,#6503,#6504,#6505,#6506,
#6507,#6508,#6509,#6510,#6511,#6512,#6513,#6514,#6515,#6516,#6517,#6518,
#6519,#6520,#6521,#6522,#6523,#6524,#6525,#6526,#6527,#6528,#6529,#6530,
#6531,#6532,#6533,#6534),(#6535,#6536,#6537,#6538,#6539,#6540,#6541,#6542,
#6543,#6544,#6545,#6546,#6547,#6548,#6549,#6550,#6551,#6552,#6553,#6554,
#6555,#6556,#6557,#6558,#6559,#6560,#6561,#6562,#6563,#6564,#6565,#6566,
#6567),(#6568,#6569,#6570,#6571,#6572,#6573,#6574,#6575,#6576,#6577,#6578,
#6579,#6580,#6581,#6582,#6583,#6584,#6585,#6586,#6587,#6588,#6589,#6590,
#6591,#6592,#6593,#6594,#6595,#6596,#6597,#6598,#6599,#6600),(#6601,#6602,
#6603,#6604,#6605,#6606,#6607,#6608,#6609,#6610,#6611,#6612,#6613,#6614,
#6615,#6616,#6617,#6618,#6619,#6620,#6621,#6622,#6623,#6624,#6625,#6626,
#6627,#6628,#6629,#6630,#6631,#6632,#6633)),.UNSPECIFIED.,.F.,.T.,.F.,(4,
4),(4,1,1,2,2,2,2,2,1,1,1,1,1,1,2,2,2,2,2,1,4),(0.151722299687375,1.),(-5.04608103215731,
-4.71751702130018,-4.38895301044306,-3.73182498872881,-3.55349953604457,
-3.51467706293663,-3.48425258737808,-3.45065517682147,-2.86368661003386,
-2.57020232664006,-2.27671804324625,-1.98323375985245,-1.68974947645864,
-1.39626519306484,-1.10278090967103,-1.04200167713543,-1.00700441962663,
-0.976789942057168,-0.940123738683898,-0.469936913480809,0.000249911722280061),
 .UNSPECIFIED.);
#57=B_SPLINE_SURFACE_WITH_KNOTS('',3,3,((#6671,#6672,#6673,#6674,#6675,
#6676),(#6677,#6678,#6679,#6680,#6681,#6682),(#6683,#6684,#6685,#6686,#6687,
#6688),(#6689,#6690,#6691,#6692,#6693,#6694),(#6695,#6696,#6697,#6698,#6699,
#6700)),.UNSPECIFIED.,.F.,.F.,.F.,(4,1,4),(4,1,1,4),(0.,0.571428571428571,
1.),(1.28565904027534E-10,0.436317777557526,0.549039116060745,0.949527689652048),
 .UNSPECIFIED.);
#58=B_SPLINE_SURFACE_WITH_KNOTS('',3,3,((#6703,#6704,#6705,#6706,#6707,
#6708,#6709,#6710,#6711,#6712,#6713,#6714,#6715,#6716,#6717,#6718,#6719,
#6720,#6721,#6722),(#6723,#6724,#6725,#6726,#6727,#6728,#6729,#6730,#6731,
#6732,#6733,#6734,#6735,#6736,#6737,#6738,#6739,#6740,#6741,#6742),(#6743,
#6744,#6745,#6746,#6747,#6748,#6749,#6750,#6751,#6752,#6753,#6754,#6755,
#6756,#6757,#6758,#6759,#6760,#6761,#6762),(#6763,#6764,#6765,#6766,#6767,
#6768,#6769,#6770,#6771,#6772,#6773,#6774,#6775,#6776,#6777,#6778,#6779,
#6780,#6781,#6782),(#6783,#6784,#6785,#6786,#6787,#6788,#6789,#6790,#6791,
#6792,#6793,#6794,#6795,#6796,#6797,#6798,#6799,#6800,#6801,#6802)),
 .UNSPECIFIED.,.F.,.F.,.F.,(4,1,4),(4,1,1,1,1,1,1,2,1,2,1,1,1,1,1,4),(0.,
0.571428571428571,1.),(-0.000249911722280061,0.413964013709647,0.828177939141573,
1.2423918645735,1.65660579000543,2.07081971543735,2.48503364086928,2.52583142487345,
2.55946812211431,2.59845029913641,3.00638875463989,3.41432721014337,3.82226566564686,
4.23020412115034,4.63814257665382,5.04608103215731),.UNSPECIFIED.);
#59=B_SPLINE_SURFACE_WITH_KNOTS('',3,1,((#6837,#6838),(#6839,#6840),(#6841,
#6842),(#6843,#6844),(#6845,#6846),(#6847,#6848),(#6849,#6850)),
 .UNSPECIFIED.,.F.,.F.,.F.,(4,3,4),(2,2),(0.223614547291374,0.377657875005808,
0.614897287383664),(0.,8.10055864104025),.UNSPECIFIED.);
#60=B_SPLINE_SURFACE_WITH_KNOTS('',3,3,((#6868,#6869,#6870,#6871,#6872,
#6873,#6874,#6875),(#6876,#6877,#6878,#6879,#6880,#6881,#6882,#6883),(#6884,
#6885,#6886,#6887,#6888,#6889,#6890,#6891),(#6892,#6893,#6894,#6895,#6896,
#6897,#6898,#6899)),.UNSPECIFIED.,.F.,.F.,.F.,(4,4),(4,2,2,4),(0.0971938163364912,
1.),(0.370391756807394,0.37765800319119,0.690924119680174,0.703135190874236),
 .UNSPECIFIED.);
#61=B_SPLINE_SURFACE_WITH_KNOTS('',3,1,((#6927,#6928),(#6929,#6930),(#6931,
#6932),(#6933,#6934),(#6935,#6936),(#6937,#6938),(#6939,#6940),(#6941,#6942),
(#6943,#6944),(#6945,#6946),(#6947,#6948),(#6949,#6950),(#6951,#6952),(#6953,
#6954),(#6955,#6956),(#6957,#6958),(#6959,#6960),(#6961,#6962),(#6963,#6964),
(#6965,#6966),(#6967,#6968),(#6969,#6970),(#6971,#6972),(#6973,#6974),(#6975,
#6976)),.UNSPECIFIED.,.F.,.F.,.F.,(4,3,3,3,3,3,3,3,4),(2,2),(-12.5885565368221,
-11.1467161433254,-9.97658220380688,-9.96234369396098,-9.8312313349002,
-9.68816082523428,-4.99986131360479,-1.94736962662632,0.),(0.,0.3),
 .UNSPECIFIED.);
#62=B_SPLINE_SURFACE_WITH_KNOTS('',3,3,((#7006,#7007,#7008,#7009,#7010,
#7011,#7012,#7013),(#7014,#7015,#7016,#7017,#7018,#7019,#7020,#7021),(#7022,
#7023,#7024,#7025,#7026,#7027,#7028,#7029),(#7030,#7031,#7032,#7033,#7034,
#7035,#7036,#7037)),.UNSPECIFIED.,.F.,.F.,.F.,(4,4),(4,2,2,4),(0.,1.),(0.370391756807394,
0.37765800319119,0.690924119680174,0.732492289609042),.UNSPECIFIED.);
#63=B_SPLINE_SURFACE_WITH_KNOTS('',3,3,((#7051,#7052,#7053,#7054,#7055,
#7056,#7057,#7058),(#7059,#7060,#7061,#7062,#7063,#7064,#7065,#7066),(#7067,
#7068,#7069,#7070,#7071,#7072,#7073,#7074),(#7075,#7076,#7077,#7078,#7079,
#7080,#7081,#7082)),.UNSPECIFIED.,.F.,.F.,.F.,(4,4),(4,2,2,4),(0.,1.),(0.370391756809894,
0.37765800319119,0.690924119680174,0.732492289609042),.UNSPECIFIED.);
#64=FACE_BOUND('',#181,.T.);
#65=FACE_BOUND('',#185,.T.);
#66=FACE_BOUND('',#186,.T.);
#67=FACE_BOUND('',#187,.T.);
#68=FACE_BOUND('',#197,.T.);
#69=FACE_BOUND('',#203,.T.);
#70=FACE_BOUND('',#208,.T.);
#71=FACE_BOUND('',#209,.T.);
#72=FACE_BOUND('',#210,.T.);
#73=FACE_BOUND('',#248,.T.);
#74=FACE_BOUND('',#250,.T.);
#75=CIRCLE('',#1606,15.0993468427171);
#76=CIRCLE('',#1607,11.25);
#77=CIRCLE('',#1608,15.0993468427171);
#78=CIRCLE('',#1609,3.);
#79=CIRCLE('',#1611,1.74977327051848);
#80=CIRCLE('',#1612,6.15);
#81=CIRCLE('',#1613,3.);
#82=CIRCLE('',#1616,1.74977327051848);
#83=CIRCLE('',#1617,6.15);
#84=CIRCLE('',#1619,3.);
#85=CIRCLE('',#1620,3.);
#86=CIRCLE('',#1638,6.15);
#87=CIRCLE('',#1640,6.15);
#88=CIRCLE('',#1648,8.);
#89=CIRCLE('',#1650,8.);
#90=CIRCLE('',#1653,3.00000000000001);
#91=CIRCLE('',#1654,3.);
#92=CIRCLE('',#1655,3.);
#93=CIRCLE('',#1656,3.);
#94=CIRCLE('',#1658,11.25);
#95=CIRCLE('',#1663,15.0993468427171);
#96=CIRCLE('',#1664,15.0993468427171);
#97=FACE_OUTER_BOUND('',#180,.T.);
#98=FACE_OUTER_BOUND('',#182,.T.);
#99=FACE_OUTER_BOUND('',#183,.T.);
#100=FACE_OUTER_BOUND('',#184,.T.);
#101=FACE_OUTER_BOUND('',#188,.T.);
#102=FACE_OUTER_BOUND('',#189,.T.);
#103=FACE_OUTER_BOUND('',#190,.T.);
#104=FACE_OUTER_BOUND('',#191,.T.);
#105=FACE_OUTER_BOUND('',#192,.T.);
#106=FACE_OUTER_BOUND('',#193,.T.);
#107=FACE_OUTER_BOUND('',#194,.T.);
#108=FACE_OUTER_BOUND('',#195,.T.);
#109=FACE_OUTER_BOUND('',#196,.T.);
#110=FACE_OUTER_BOUND('',#198,.T.);
#111=FACE_OUTER_BOUND('',#199,.T.);
#112=FACE_OUTER_BOUND('',#200,.T.);
#113=FACE_OUTER_BOUND('',#201,.T.);
#114=FACE_OUTER_BOUND('',#202,.T.);
#115=FACE_OUTER_BOUND('',#204,.T.);
#116=FACE_OUTER_BOUND('',#205,.T.);
#117=FACE_OUTER_BOUND('',#206,.T.);
#118=FACE_OUTER_BOUND('',#207,.T.);
#119=FACE_OUTER_BOUND('',#211,.T.);
#120=FACE_OUTER_BOUND('',#212,.T.);
#121=FACE_OUTER_BOUND('',#213,.T.);
#122=FACE_OUTER_BOUND('',#214,.T.);
#123=FACE_OUTER_BOUND('',#215,.T.);
#124=FACE_OUTER_BOUND('',#216,.T.);
#125=FACE_OUTER_BOUND('',#217,.T.);
#126=FACE_OUTER_BOUND('',#218,.T.);
#127=FACE_OUTER_BOUND('',#219,.T.);
#128=FACE_OUTER_BOUND('',#220,.T.);
#129=FACE_OUTER_BOUND('',#221,.T.);
#130=FACE_OUTER_BOUND('',#222,.T.);
#131=FACE_OUTER_BOUND('',#223,.T.);
#132=FACE_OUTER_BOUND('',#224,.T.);
#133=FACE_OUTER_BOUND('',#225,.T.);
#134=FACE_OUTER_BOUND('',#226,.T.);
#135=FACE_OUTER_BOUND('',#227,.T.);
#136=FACE_OUTER_BOUND('',#228,.T.);
#137=FACE_OUTER_BOUND('',#229,.T.);
#138=FACE_OUTER_BOUND('',#230,.T.);
#139=FACE_OUTER_BOUND('',#231,.T.);
#140=FACE_OUTER_BOUND('',#232,.T.);
#141=FACE_OUTER_BOUND('',#233,.T.);
#142=FACE_OUTER_BOUND('',#234,.T.);
#143=FACE_OUTER_BOUND('',#235,.T.);
#144=FACE_OUTER_BOUND('',#236,.T.);
#145=FACE_OUTER_BOUND('',#237,.T.);
#146=FACE_OUTER_BOUND('',#238,.T.);
#147=FACE_OUTER_BOUND('',#239,.T.);
#148=FACE_OUTER_BOUND('',#240,.T.);
#149=FACE_OUTER_BOUND('',#241,.T.);
#150=FACE_OUTER_BOUND('',#242,.T.);
#151=FACE_OUTER_BOUND('',#243,.T.);
#152=FACE_OUTER_BOUND('',#244,.T.);
#153=FACE_OUTER_BOUND('',#245,.T.);
#154=FACE_OUTER_BOUND('',#246,.T.);
#155=FACE_OUTER_BOUND('',#247,.T.);
#156=FACE_OUTER_BOUND('',#249,.T.);
#157=FACE_OUTER_BOUND('',#251,.T.);
#158=FACE_OUTER_BOUND('',#252,.T.);
#159=FACE_OUTER_BOUND('',#253,.T.);
#160=FACE_OUTER_BOUND('',#254,.T.);
#161=FACE_OUTER_BOUND('',#255,.T.);
#162=FACE_OUTER_BOUND('',#256,.T.);
#163=FACE_OUTER_BOUND('',#257,.T.);
#164=FACE_OUTER_BOUND('',#258,.T.);
#165=FACE_OUTER_BOUND('',#259,.T.);
#166=FACE_OUTER_BOUND('',#260,.T.);
#167=FACE_OUTER_BOUND('',#261,.T.);
#168=FACE_OUTER_BOUND('',#262,.T.);
#169=FACE_OUTER_BOUND('',#263,.T.);
#170=FACE_OUTER_BOUND('',#264,.T.);
#171=FACE_OUTER_BOUND('',#265,.T.);
#172=FACE_OUTER_BOUND('',#266,.T.);
#173=FACE_OUTER_BOUND('',#267,.T.);
#174=FACE_OUTER_BOUND('',#268,.T.);
#175=FACE_OUTER_BOUND('',#269,.T.);
#176=FACE_OUTER_BOUND('',#270,.T.);
#177=FACE_OUTER_BOUND('',#271,.T.);
#178=FACE_OUTER_BOUND('',#272,.T.);
#179=FACE_OUTER_BOUND('',#273,.T.);
#180=EDGE_LOOP('',(#978,#979,#980,#981,#982,#983,#984,#985,#986,#987,#988,
#989,#990,#991,#992,#993,#994,#995,#996,#997,#998,#999));
#181=EDGE_LOOP('',(#1000,#1001,#1002,#1003,#1004,#1005,#1006,#1007,#1008,
#1009,#1010,#1011,#1012,#1013,#1014,#1015,#1016));
#182=EDGE_LOOP('',(#1017,#1018,#1019,#1020,#1021));
#183=EDGE_LOOP('',(#1022,#1023,#1024,#1025));
#184=EDGE_LOOP('',(#1026,#1027,#1028,#1029));
#185=EDGE_LOOP('',(#1030,#1031,#1032,#1033));
#186=EDGE_LOOP('',(#1034));
#187=EDGE_LOOP('',(#1035,#1036,#1037,#1038));
#188=EDGE_LOOP('',(#1039,#1040,#1041,#1042));
#189=EDGE_LOOP('',(#1043,#1044,#1045,#1046,#1047));
#190=EDGE_LOOP('',(#1048,#1049,#1050,#1051,#1052,#1053,#1054,#1055,#1056,
#1057));
#191=EDGE_LOOP('',(#1058,#1059,#1060,#1061));
#192=EDGE_LOOP('',(#1062,#1063,#1064,#1065));
#193=EDGE_LOOP('',(#1066,#1067,#1068,#1069));
#194=EDGE_LOOP('',(#1070,#1071,#1072,#1073));
#195=EDGE_LOOP('',(#1074,#1075,#1076,#1077,#1078,#1079));
#196=EDGE_LOOP('',(#1080,#1081,#1082,#1083,#1084,#1085,#1086,#1087,#1088,
#1089));
#197=EDGE_LOOP('',(#1090,#1091,#1092,#1093));
#198=EDGE_LOOP('',(#1094,#1095,#1096,#1097));
#199=EDGE_LOOP('',(#1098,#1099,#1100,#1101,#1102,#1103,#1104));
#200=EDGE_LOOP('',(#1105,#1106,#1107,#1108,#1109,#1110,#1111));
#201=EDGE_LOOP('',(#1112,#1113,#1114,#1115));
#202=EDGE_LOOP('',(#1116,#1117,#1118,#1119,#1120,#1121,#1122,#1123,#1124,
#1125));
#203=EDGE_LOOP('',(#1126,#1127,#1128,#1129));
#204=EDGE_LOOP('',(#1130,#1131,#1132,#1133,#1134,#1135));
#205=EDGE_LOOP('',(#1136,#1137,#1138,#1139));
#206=EDGE_LOOP('',(#1140,#1141,#1142,#1143));
#207=EDGE_LOOP('',(#1144,#1145,#1146,#1147));
#208=EDGE_LOOP('',(#1148,#1149,#1150,#1151));
#209=EDGE_LOOP('',(#1152));
#210=EDGE_LOOP('',(#1153,#1154,#1155,#1156));
#211=EDGE_LOOP('',(#1157,#1158,#1159,#1160));
#212=EDGE_LOOP('',(#1161,#1162,#1163,#1164));
#213=EDGE_LOOP('',(#1165,#1166,#1167,#1168,#1169,#1170,#1171,#1172,#1173,
#1174));
#214=EDGE_LOOP('',(#1175,#1176,#1177,#1178));
#215=EDGE_LOOP('',(#1179,#1180,#1181,#1182,#1183));
#216=EDGE_LOOP('',(#1184,#1185,#1186,#1187));
#217=EDGE_LOOP('',(#1188,#1189,#1190,#1191,#1192));
#218=EDGE_LOOP('',(#1193,#1194,#1195,#1196));
#219=EDGE_LOOP('',(#1197,#1198,#1199,#1200,#1201));
#220=EDGE_LOOP('',(#1202,#1203,#1204,#1205));
#221=EDGE_LOOP('',(#1206,#1207,#1208,#1209));
#222=EDGE_LOOP('',(#1210,#1211,#1212,#1213,#1214));
#223=EDGE_LOOP('',(#1215,#1216,#1217,#1218,#1219));
#224=EDGE_LOOP('',(#1220,#1221,#1222,#1223,#1224));
#225=EDGE_LOOP('',(#1225,#1226,#1227,#1228));
#226=EDGE_LOOP('',(#1229,#1230,#1231,#1232));
#227=EDGE_LOOP('',(#1233,#1234,#1235,#1236));
#228=EDGE_LOOP('',(#1237,#1238,#1239,#1240));
#229=EDGE_LOOP('',(#1241,#1242,#1243,#1244));
#230=EDGE_LOOP('',(#1245,#1246,#1247,#1248));
#231=EDGE_LOOP('',(#1249,#1250,#1251,#1252));
#232=EDGE_LOOP('',(#1253,#1254,#1255,#1256));
#233=EDGE_LOOP('',(#1257,#1258,#1259,#1260));
#234=EDGE_LOOP('',(#1261,#1262,#1263,#1264));
#235=EDGE_LOOP('',(#1265,#1266,#1267,#1268));
#236=EDGE_LOOP('',(#1269,#1270,#1271,#1272));
#237=EDGE_LOOP('',(#1273,#1274,#1275,#1276,#1277,#1278,#1279));
#238=EDGE_LOOP('',(#1280,#1281,#1282,#1283,#1284,#1285));
#239=EDGE_LOOP('',(#1286,#1287,#1288,#1289));
#240=EDGE_LOOP('',(#1290,#1291,#1292,#1293));
#241=EDGE_LOOP('',(#1294,#1295,#1296,#1297));
#242=EDGE_LOOP('',(#1298,#1299,#1300,#1301,#1302,#1303,#1304,#1305));
#243=EDGE_LOOP('',(#1306,#1307,#1308,#1309,#1310,#1311));
#244=EDGE_LOOP('',(#1312,#1313,#1314,#1315));
#245=EDGE_LOOP('',(#1316,#1317,#1318,#1319));
#246=EDGE_LOOP('',(#1320,#1321,#1322,#1323));
#247=EDGE_LOOP('',(#1324,#1325));
#248=EDGE_LOOP('',(#1326));
#249=EDGE_LOOP('',(#1327,#1328));
#250=EDGE_LOOP('',(#1329));
#251=EDGE_LOOP('',(#1330,#1331,#1332));
#252=EDGE_LOOP('',(#1333,#1334,#1335));
#253=EDGE_LOOP('',(#1336,#1337,#1338,#1339,#1340,#1341,#1342,#1343));
#254=EDGE_LOOP('',(#1344,#1345,#1346,#1347));
#255=EDGE_LOOP('',(#1348,#1349,#1350,#1351,#1352,#1353,#1354,#1355,#1356));
#256=EDGE_LOOP('',(#1357,#1358,#1359,#1360,#1361,#1362,#1363,#1364));
#257=EDGE_LOOP('',(#1365,#1366,#1367,#1368));
#258=EDGE_LOOP('',(#1369,#1370,#1371,#1372,#1373,#1374,#1375,#1376,#1377));
#259=EDGE_LOOP('',(#1378,#1379,#1380,#1381));
#260=EDGE_LOOP('',(#1382,#1383,#1384,#1385));
#261=EDGE_LOOP('',(#1386,#1387,#1388,#1389));
#262=EDGE_LOOP('',(#1390,#1391,#1392,#1393,#1394,#1395,#1396,#1397));
#263=EDGE_LOOP('',(#1398,#1399,#1400,#1401,#1402,#1403,#1404,#1405));
#264=EDGE_LOOP('',(#1406,#1407,#1408,#1409));
#265=EDGE_LOOP('',(#1410,#1411,#1412,#1413));
#266=EDGE_LOOP('',(#1414,#1415,#1416,#1417));
#267=EDGE_LOOP('',(#1418,#1419,#1420,#1421));
#268=EDGE_LOOP('',(#1422,#1423,#1424,#1425));
#269=EDGE_LOOP('',(#1426,#1427,#1428,#1429,#1430,#1431,#1432,#1433));
#270=EDGE_LOOP('',(#1434,#1435,#1436,#1437));
#271=EDGE_LOOP('',(#1438,#1439,#1440,#1441,#1442,#1443,#1444));
#272=EDGE_LOOP('',(#1445,#1446,#1447,#1448));
#273=EDGE_LOOP('',(#1449,#1450,#1451,#1452,#1453,#1454,#1455,#1456,#1457,
#1458,#1459,#1460,#1461,#1462,#1463,#1464,#1465,#1466,#1467,#1468,#1469,
#1470,#1471,#1472,#1473));
#274=LINE('',#1968,#340);
#275=LINE('',#2121,#341);
#276=LINE('',#2184,#342);
#277=LINE('',#2238,#343);
#278=LINE('',#2240,#344);
#279=LINE('',#2244,#345);
#280=LINE('',#2248,#346);
#281=LINE('',#2251,#347);
#282=LINE('',#3079,#348);
#283=LINE('',#3081,#349);
#284=LINE('',#3083,#350);
#285=LINE('',#3084,#351);
#286=LINE('',#3089,#352);
#287=LINE('',#3091,#353);
#288=LINE('',#3093,#354);
#289=LINE('',#3094,#355);
#290=LINE('',#3299,#356);
#291=LINE('',#4667,#357);
#292=LINE('',#4669,#358);
#293=LINE('',#4671,#359);
#294=LINE('',#4672,#360);
#295=LINE('',#4677,#361);
#296=LINE('',#4679,#362);
#297=LINE('',#4681,#363);
#298=LINE('',#4682,#364);
#299=LINE('',#4972,#365);
#300=LINE('',#5680,#366);
#301=LINE('',#5701,#367);
#302=LINE('',#5703,#368);
#303=LINE('',#5705,#369);
#304=LINE('',#5706,#370);
#305=LINE('',#5709,#371);
#306=LINE('',#5722,#372);
#307=LINE('',#5725,#373);
#308=LINE('',#5777,#374);
#309=LINE('',#5778,#375);
#310=LINE('',#5780,#376);
#311=LINE('',#5782,#377);
#312=LINE('',#5783,#378);
#313=LINE('',#5785,#379);
#314=LINE('',#5787,#380);
#315=LINE('',#5789,#381);
#316=LINE('',#5795,#382);
#317=LINE('',#5798,#383);
#318=LINE('',#5871,#384);
#319=LINE('',#5882,#385);
#320=LINE('',#5893,#386);
#321=LINE('',#5942,#387);
#322=LINE('',#6030,#388);
#323=LINE('',#6031,#389);
#324=LINE('',#6040,#390);
#325=LINE('',#6059,#391);
#326=LINE('',#6805,#392);
#327=LINE('',#6808,#393);
#328=LINE('',#6811,#394);
#329=LINE('',#6812,#395);
#330=LINE('',#6815,#396);
#331=LINE('',#6816,#397);
#332=LINE('',#6818,#398);
#333=LINE('',#6820,#399);
#334=LINE('',#6822,#400);
#335=LINE('',#6823,#401);
#336=LINE('',#6826,#402);
#337=LINE('',#6830,#403);
#338=LINE('',#6832,#404);
#339=LINE('',#6835,#405);
#340=VECTOR('',#1674,10.);
#341=VECTOR('',#1675,10.);
#342=VECTOR('',#1676,10.);
#343=VECTOR('',#1677,10.);
#344=VECTOR('',#1678,10.);
#345=VECTOR('',#1681,10.);
#346=VECTOR('',#1684,10.);
#347=VECTOR('',#1687,10.);
#348=VECTOR('',#1694,10.);
#349=VECTOR('',#1695,10.);
#350=VECTOR('',#1696,10.);
#351=VECTOR('',#1697,10.);
#352=VECTOR('',#1700,10.);
#353=VECTOR('',#1701,10.);
#354=VECTOR('',#1702,10.);
#355=VECTOR('',#1703,10.);
#356=VECTOR('',#1704,10.);
#357=VECTOR('',#1713,10.);
#358=VECTOR('',#1714,10.);
#359=VECTOR('',#1715,10.);
#360=VECTOR('',#1716,10.);
#361=VECTOR('',#1719,10.);
#362=VECTOR('',#1720,10.);
#363=VECTOR('',#1721,10.);
#364=VECTOR('',#1722,10.);
#365=VECTOR('',#1725,10.);
#366=VECTOR('',#1732,10.);
#367=VECTOR('',#1733,10.);
#368=VECTOR('',#1736,10.);
#369=VECTOR('',#1739,10.);
#370=VECTOR('',#1740,10.);
#371=VECTOR('',#1743,10.);
#372=VECTOR('',#1746,10.);
#373=VECTOR('',#1749,10.);
#374=VECTOR('',#1756,10.);
#375=VECTOR('',#1757,10.);
#376=VECTOR('',#1760,10.);
#377=VECTOR('',#1763,10.);
#378=VECTOR('',#1764,10.);
#379=VECTOR('',#1767,10.);
#380=VECTOR('',#1770,10.);
#381=VECTOR('',#1773,10.);
#382=VECTOR('',#1782,6.15);
#383=VECTOR('',#1785,6.15);
#384=VECTOR('',#1790,10.);
#385=VECTOR('',#1791,10.);
#386=VECTOR('',#1794,10.);
#387=VECTOR('',#1797,10.);
#388=VECTOR('',#1800,10.);
#389=VECTOR('',#1801,10.);
#390=VECTOR('',#1804,10.);
#391=VECTOR('',#1805,10.);
#392=VECTOR('',#1830,10.);
#393=VECTOR('',#1833,10.);
#394=VECTOR('',#1836,10.);
#395=VECTOR('',#1837,10.);
#396=VECTOR('',#1840,10.);
#397=VECTOR('',#1841,10.);
#398=VECTOR('',#1844,10.);
#399=VECTOR('',#1845,10.);
#400=VECTOR('',#1846,10.);
#401=VECTOR('',#1847,10.);
#402=VECTOR('',#1850,10.);
#403=VECTOR('',#1855,10.);
#404=VECTOR('',#1858,10.);
#405=VECTOR('',#1863,10.);
#406=B_SPLINE_CURVE_WITH_KNOTS('',3,(#1872,#1873,#1874,#1875),
 .UNSPECIFIED.,.F.,.F.,(4,4),(-4.0544944363448,-3.64795574827728),
 .UNSPECIFIED.);
#407=B_SPLINE_CURVE_WITH_KNOTS('',3,(#1877,#1878,#1879,#1880,#1881,#1882),
 .UNSPECIFIED.,.F.,.F.,(4,2,4),(-1.62670163353049,-0.813350816765246,0.),
 .UNSPECIFIED.);
#408=B_SPLINE_CURVE_WITH_KNOTS('',3,(#1884,#1885,#1886,#1887,#1888,#1889),
 .UNSPECIFIED.,.F.,.F.,(4,2,4),(-4.15087909454639,-2.0754395472732,0.),
 .UNSPECIFIED.);
#409=B_SPLINE_CURVE_WITH_KNOTS('',3,(#1891,#1892,#1893,#1894,#1895,#1896),
 .UNSPECIFIED.,.F.,.F.,(4,2,4),(-4.15087909454639,-2.0754395472732,0.),
 .UNSPECIFIED.);
#410=B_SPLINE_CURVE_WITH_KNOTS('',3,(#1898,#1899,#1900,#1901,#1902,#1903),
 .UNSPECIFIED.,.F.,.F.,(4,2,4),(-1.62670163353049,-0.813350816765245,0.),
 .UNSPECIFIED.);
#411=B_SPLINE_CURVE_WITH_KNOTS('',3,(#1905,#1906,#1907,#1908),
 .UNSPECIFIED.,.F.,.F.,(4,4),(-0.406538688067209,0.),.UNSPECIFIED.);
#412=B_SPLINE_CURVE_WITH_KNOTS('',3,(#1910,#1911,#1912,#1913,#1914,#1915,
#1916,#1917,#1918,#1919,#1920,#1921,#1922,#1923,#1924,#1925,#1926,#1927,
#1928,#1929,#1930,#1931,#1932,#1933,#1934,#1935,#1936,#1937,#1938,#1939,
#1940,#1941,#1942,#1943,#1944,#1945,#1946,#1947,#1948,#1949,#1950,#1951,
#1952,#1953,#1954,#1955,#1956,#1957,#1958),.UNSPECIFIED.,.F.,.F.,(4,3,3,
3,3,3,3,3,3,3,3,3,3,3,3,3,4),(-0.442841422195214,-0.412224362244383,-0.381429103852081,
-0.350968382555529,-0.336321594335853,-0.305736867747011,-0.275692448127427,
-0.252214240996147,-0.230543133284731,-0.200291608899655,-0.169683121875421,
-0.139116546669505,-0.11580696755563,-0.0851648573850633,-0.0545497148094752,
-0.0245658773642927,0.),.UNSPECIFIED.);
#413=B_SPLINE_CURVE_WITH_KNOTS('',3,(#1960,#1961,#1962,#1963,#1964,#1965,
#1966),.UNSPECIFIED.,.F.,.F.,(4,3,4),(-2.87479505054133,-1.6824750081578,
-1.44348310389477),.UNSPECIFIED.);
#414=B_SPLINE_CURVE_WITH_KNOTS('',3,(#1970,#1971,#1972,#1973),
 .UNSPECIFIED.,.F.,.F.,(4,4),(-1.43401999352903,0.),.UNSPECIFIED.);
#415=B_SPLINE_CURVE_WITH_KNOTS('',3,(#1975,#1976,#1977,#1978,#1979,#1980,
#1981,#1982,#1983,#1984,#1985,#1986,#1987,#1988,#1989,#1990,#1991,#1992,
#1993,#1994,#1995,#1996,#1997,#1998,#1999,#2000,#2001,#2002,#2003,#2004,
#2005,#2006,#2007,#2008,#2009,#2010,#2011,#2012,#2013,#2014,#2015,#2016,
#2017,#2018,#2019,#2020,#2021,#2022,#2023,#2024,#2025,#2026),
 .UNSPECIFIED.,.F.,.F.,(4,3,3,3,3,3,3,3,3,3,3,3,3,3,3,3,3,4),(-0.440380495076168,
-0.41011356311725,-0.379491017262556,-0.348865525572375,-0.337187576420889,
-0.306559259177534,-0.275902494979142,-0.245740992980652,-0.234466236143656,
-0.203840672112526,-0.189339713080397,-0.15919326363271,-0.128647431791936,
-0.11887596209396,-0.0885719203371158,-0.0579108446840705,-0.0273374425172902,
0.),.UNSPECIFIED.);
#416=B_SPLINE_CURVE_WITH_KNOTS('',3,(#2028,#2029,#2030,#2031),
 .UNSPECIFIED.,.F.,.F.,(4,4),(-4.0544944363448,-2.88871770902743),
 .UNSPECIFIED.);
#417=B_SPLINE_CURVE_WITH_KNOTS('',3,(#2033,#2034,#2035,#2036,#2037,#2038),
 .UNSPECIFIED.,.F.,.F.,(4,2,4),(-1.24303710705115,-0.621518553525575,0.),
 .UNSPECIFIED.);
#418=B_SPLINE_CURVE_WITH_KNOTS('',3,(#2040,#2041,#2042,#2043,#2044,#2045),
 .UNSPECIFIED.,.F.,.F.,(4,2,4),(-4.42217088292068,-2.21108544146034,0.),
 .UNSPECIFIED.);
#419=B_SPLINE_CURVE_WITH_KNOTS('',3,(#2047,#2048,#2049,#2050,#2051,#2052),
 .UNSPECIFIED.,.F.,.F.,(4,2,4),(-4.42217088292068,-2.21108544146034,0.),
 .UNSPECIFIED.);
#420=B_SPLINE_CURVE_WITH_KNOTS('',3,(#2054,#2055,#2056,#2057,#2058,#2059),
 .UNSPECIFIED.,.F.,.F.,(4,2,4),(-1.24303710705115,-0.621518553525575,0.),
 .UNSPECIFIED.);
#421=B_SPLINE_CURVE_WITH_KNOTS('',3,(#2061,#2062,#2063,#2064),
 .UNSPECIFIED.,.F.,.F.,(4,4),(-1.16577672731737,0.),.UNSPECIFIED.);
#422=B_SPLINE_CURVE_WITH_KNOTS('',3,(#2066,#2067,#2068,#2069,#2070,#2071,
#2072,#2073,#2074,#2075,#2076,#2077,#2078,#2079,#2080,#2081,#2082,#2083,
#2084,#2085,#2086,#2087,#2088,#2089,#2090,#2091,#2092,#2093,#2094,#2095,
#2096,#2097,#2098,#2099,#2100,#2101,#2102,#2103,#2104,#2105,#2106,#2107,
#2108,#2109,#2110,#2111,#2112,#2113,#2114),.UNSPECIFIED.,.F.,.F.,(4,3,3,
3,3,3,3,3,3,3,3,3,3,3,3,3,4),(-0.440273085677576,-0.409677129370063,-0.37895491807474,
-0.348632159124761,-0.335387540967808,-0.304850794646397,-0.274830783639315,
-0.251102404522946,-0.231271140946543,-0.201137831136486,-0.17057956718427,
-0.139925245717542,-0.116806197513318,-0.0861809420866178,-0.0554782945072728,
-0.0252745601400104,0.),.UNSPECIFIED.);
#423=B_SPLINE_CURVE_WITH_KNOTS('',3,(#2116,#2117,#2118,#2119),
 .UNSPECIFIED.,.F.,.F.,(4,4),(-2.93425423950583,-1.50023424594455),
 .UNSPECIFIED.);
#424=B_SPLINE_CURVE_WITH_KNOTS('',3,(#2123,#2124,#2125,#2126,#2127,#2128,
#2129),.UNSPECIFIED.,.F.,.F.,(4,3,4),(-1.43131194664828,-0.238991610812957,
0.),.UNSPECIFIED.);
#425=B_SPLINE_CURVE_WITH_KNOTS('',3,(#2130,#2131,#2132,#2133,#2134,#2135,
#2136,#2137,#2138,#2139,#2140,#2141,#2142,#2143,#2144,#2145,#2146,#2147,
#2148,#2149,#2150,#2151,#2152,#2153,#2154,#2155,#2156,#2157,#2158,#2159,
#2160,#2161,#2162,#2163,#2164,#2165,#2166,#2167,#2168,#2169,#2170,#2171,
#2172,#2173,#2174,#2175,#2176,#2177,#2178,#2179,#2180,#2181),
 .UNSPECIFIED.,.F.,.F.,(4,3,3,3,3,3,3,3,3,3,3,3,3,3,3,3,3,4),(-0.443052987406362,
-0.413000089441681,-0.382514859769568,-0.351880319344309,-0.339913014088504,
-0.309345811758057,-0.278656692719629,-0.248344260141141,-0.236922375462856,
-0.206253296687328,-0.190832630113858,-0.160690190521092,-0.130104229211298,
-0.119916103219454,-0.0894714873490479,-0.0587044884810195,-0.0280963454549501,
0.),.UNSPECIFIED.);
#426=B_SPLINE_CURVE_WITH_KNOTS('',3,(#2186,#2187,#2188,#2189),
 .UNSPECIFIED.,.F.,.F.,(4,4),(-1.04680264620818,-0.745640166610068),
 .UNSPECIFIED.);
#427=B_SPLINE_CURVE_WITH_KNOTS('',3,(#2191,#2192,#2193,#2194,#2195,#2196),
 .UNSPECIFIED.,.F.,.F.,(4,2,4),(-3.47459544902245,-1.73729772451123,0.),
 .UNSPECIFIED.);
#428=B_SPLINE_CURVE_WITH_KNOTS('',3,(#2198,#2199,#2200,#2201,#2202,#2203),
 .UNSPECIFIED.,.F.,.F.,(4,2,4),(-0.663138119728817,-0.331569059864408,0.),
 .UNSPECIFIED.);
#429=B_SPLINE_CURVE_WITH_KNOTS('',3,(#2205,#2206,#2207,#2208,#2209,#2210),
 .UNSPECIFIED.,.F.,.F.,(4,2,4),(-4.13222138925951,-2.06611069462975,0.),
 .UNSPECIFIED.);
#430=B_SPLINE_CURVE_WITH_KNOTS('',3,(#2212,#2213,#2214,#2215,#2216,#2217),
 .UNSPECIFIED.,.F.,.F.,(4,2,4),(-4.13222138925951,-2.06611069462975,0.),
 .UNSPECIFIED.);
#431=B_SPLINE_CURVE_WITH_KNOTS('',3,(#2219,#2220,#2221,#2222,#2223,#2224),
 .UNSPECIFIED.,.F.,.F.,(4,2,4),(-0.663138119728817,-0.331569059864409,0.),
 .UNSPECIFIED.);
#432=B_SPLINE_CURVE_WITH_KNOTS('',3,(#2226,#2227,#2228,#2229,#2230,#2231),
 .UNSPECIFIED.,.F.,.F.,(4,2,4),(-3.47459544902245,-1.73729772451123,0.),
 .UNSPECIFIED.);
#433=B_SPLINE_CURVE_WITH_KNOTS('',3,(#2233,#2234,#2235,#2236),
 .UNSPECIFIED.,.F.,.F.,(4,4),(-0.301162479569882,0.),.UNSPECIFIED.);
#434=B_SPLINE_CURVE_WITH_KNOTS('',3,(#2453,#2454,#2455,#2456,#2457,#2458,
#2459,#2460,#2461,#2462,#2463,#2464,#2465,#2466,#2467,#2468,#2469,#2470,
#2471,#2472,#2473,#2474,#2475,#2476,#2477,#2478,#2479,#2480,#2481,#2482,
#2483,#2484,#2485,#2486,#2487,#2488,#2489,#2490,#2491,#2492),
 .UNSPECIFIED.,.F.,.F.,(4,2,1,1,1,1,1,1,1,1,1,1,1,1,1,1,1,1,1,1,1,1,1,1,
1,1,1,1,1,1,1,1,1,1,1,1,4),(5.33698697712433,7.07172349234888,7.4552447117736,
7.83876593119832,8.22228715062304,8.60580837004776,9.75637202832191,10.1398932477466,
10.5234144671714,10.9069356865961,11.2904569060208,11.4822175157332,11.6739781254455,
11.8657387351579,12.0574993448702,12.441020564295,12.6327811740073,12.8245417837197,
13.016302393432,13.0642425458601,13.1121826982882,13.1601228507163,13.2080630031444,
13.3998236128568,13.4957039177129,13.5915842225691,13.6874645274253,13.7833448322815,
13.9751054419938,14.0230455944219,14.07098574685,14.1189258992781,14.1668660517062,
14.3586266614186,14.5503872711309,14.6462675759871,14.7421478808433),
 .UNSPECIFIED.);
#435=B_SPLINE_CURVE_WITH_KNOTS('',3,(#2496,#2497,#2498,#2499,#2500,#2501,
#2502,#2503,#2504,#2505,#2506,#2507,#2508,#2509,#2510,#2511,#2512,#2513,
#2514,#2515,#2516,#2517,#2518,#2519,#2520,#2521,#2522,#2523,#2524,#2525,
#2526,#2527,#2528,#2529,#2530,#2531,#2532,#2533),.UNSPECIFIED.,.F.,.F.,
(4,1,1,1,1,1,1,1,1,1,1,1,1,1,1,1,1,1,1,1,1,1,1,1,1,1,1,1,1,1,1,1,1,1,1,
4),(-14.7421478808433,-14.6462675759871,-14.5503872711309,-14.3586266614186,
-14.1668660517062,-14.1189258992781,-14.07098574685,-14.0230455944219,-13.9751054419938,
-13.7833448322815,-13.6874645274253,-13.5915842225691,-13.4957039177129,
-13.3998236128568,-13.2080630031444,-13.1601228507163,-13.1121826982882,
-13.0642425458601,-13.016302393432,-12.8245417837197,-12.6327811740073,
-12.441020564295,-12.0574993448702,-11.8657387351579,-11.6739781254455,
-11.4822175157332,-11.2904569060208,-10.9069356865961,-10.5234144671714,
-10.1398932477466,-9.75637202832191,-8.60580837004776,-8.22228715062304,
-7.83876593119832,-7.4552447117736,-7.07185051951326),.UNSPECIFIED.);
#436=B_SPLINE_CURVE_WITH_KNOTS('',3,(#2534,#2535,#2536,#2537,#2538,#2539),
 .UNSPECIFIED.,.F.,.F.,(4,2,4),(-7.07185051951326,-7.07172349234888,-5.32618883973425),
 .UNSPECIFIED.);
#437=B_SPLINE_CURVE_WITH_KNOTS('',3,(#2777,#2778,#2779,#2780,#2781,#2782,
#2783,#2784,#2785,#2786,#2787,#2788,#2789,#2790,#2791,#2792,#2793,#2794,
#2795,#2796,#2797,#2798,#2799,#2800,#2801,#2802,#2803,#2804,#2805,#2806,
#2807,#2808,#2809,#2810,#2811,#2812,#2813,#2814,#2815,#2816,#2817,#2818,
#2819,#2820,#2821,#2822,#2823,#2824,#2825,#2826,#2827,#2828,#2829,#2830,
#2831,#2832,#2833,#2834,#2835,#2836,#2837,#2838,#2839,#2840,#2841,#2842,
#2843,#2844,#2845,#2846,#2847,#2848,#2849,#2850,#2851,#2852,#2853,#2854,
#2855,#2856,#2857,#2858,#2859,#2860,#2861,#2862,#2863,#2864,#2865,#2866,
#2867,#2868,#2869,#2870,#2871,#2872,#2873,#2874,#2875,#2876,#2877,#2878,
#2879,#2880,#2881,#2882,#2883,#2884,#2885,#2886,#2887,#2888,#2889,#2890,
#2891,#2892,#2893,#2894,#2895,#2896,#2897,#2898,#2899,#2900,#2901,#2902,
#2903,#2904,#2905,#2906,#2907,#2908,#2909,#2910,#2911,#2912,#2913,#2914,
#2915,#2916,#2917,#2918,#2919,#2920,#2921,#2922,#2923,#2924,#2925,#2926,
#2927,#2928,#2929,#2930,#2931,#2932,#2933,#2934,#2935,#2936,#2937,#2938,
#2939,#2940,#2941,#2942,#2943,#2944,#2945),.UNSPECIFIED.,.F.,.F.,(4,3,3,
3,3,3,3,3,3,3,3,3,3,3,3,3,3,3,3,3,3,3,3,3,3,3,3,3,3,3,3,3,3,3,3,3,3,3,3,
3,3,3,3,3,3,3,3,3,3,3,3,3,3,3,3,3,4),(-11.8455187135341,-11.5067174467299,
-11.1679161799253,-10.8291149131206,-10.490313646316,-9.81271111270669,
-9.47390984590204,-9.30450921249972,-9.21980889579855,-9.13510857909739,
-9.02217482349584,-8.90924106789429,-8.68337355669119,-8.57043980108964,
-8.45750604548809,-8.34457228988654,-8.23163853428499,-7.77990351187879,
-7.55403600067569,-7.32816848947259,-6.87643346706639,-6.65056595586329,
-6.53763220026174,-6.4246984446602,-5.972963422254,-5.7470959110509,-5.69062903325012,
-5.5212283998478,-5.40829464424625,-5.2953608886447,-5.18242713304315,-5.12596025524237,
-5.0694933774416,-4.95655962184005,-4.8436258662385,-4.6177583550354,-4.44835772163307,
-4.3918908438323,-4.1660233326292,-4.10955645482843,-4.05308957702765,-3.9401558214261,
-3.88368894362532,-3.714288310223,-3.54488767682068,-3.46018736011951,-3.37548704341835,
-3.20608641001603,-3.12138609331486,-3.0366857766137,-2.95198545991254,
-2.86728514321138,-2.78258482651021,-2.69788450980905,-2.52848387640673,
-2.44378355970557,-2.3590832430044),.UNSPECIFIED.);
#438=B_SPLINE_CURVE_WITH_KNOTS('',3,(#2946,#2947,#2948,#2949),
 .UNSPECIFIED.,.F.,.F.,(4,4),(0.,0.597993408657786),.UNSPECIFIED.);
#439=B_SPLINE_CURVE_WITH_KNOTS('',3,(#2952,#2953,#2954,#2955,#2956,#2957,
#2958,#2959,#2960,#2961,#2962,#2963,#2964,#2965,#2966,#2967,#2968,#2969,
#2970,#2971,#2972,#2973,#2974,#2975,#2976,#2977,#2978,#2979,#2980,#2981,
#2982,#2983,#2984,#2985,#2986,#2987,#2988,#2989,#2990,#2991,#2992,#2993,
#2994,#2995,#2996,#2997,#2998,#2999,#3000,#3001,#3002,#3003,#3004,#3005,
#3006,#3007,#3008,#3009,#3010,#3011,#3012,#3013,#3014,#3015,#3016,#3017,
#3018,#3019,#3020,#3021,#3022,#3023,#3024,#3025,#3026,#3027,#3028,#3029,
#3030,#3031,#3032,#3033,#3034,#3035,#3036,#3037,#3038,#3039,#3040,#3041,
#3042,#3043,#3044,#3045,#3046,#3047,#3048,#3049,#3050,#3051,#3052,#3053,
#3054,#3055,#3056,#3057,#3058,#3059,#3060,#3061,#3062,#3063,#3064,#3065,
#3066,#3067,#3068,#3069,#3070,#3071,#3072,#3073,#3074,#3075),
 .UNSPECIFIED.,.F.,.F.,(4,3,3,3,3,3,3,3,3,3,3,3,3,3,3,3,3,3,3,3,3,3,3,3,
3,3,3,3,3,3,3,3,3,3,3,3,3,3,3,3,3,4),(-9.51689570845516,-9.34695114223276,
-9.17700657601034,-8.83711744356551,-8.49722831112069,-8.32728374489827,
-8.15733917867586,-7.47756091378621,-6.79778264889655,-6.45789351645172,
-6.11800438400689,-5.77811525156207,-5.60817068533965,-5.43822611911724,
-4.07866958933793,-2.71911305955862,-2.26592754963218,-1.81274203970575,
-1.58614928474253,-1.47285290726092,-1.35955652977931,-1.33831345900151,
-1.31707038822371,-1.2745842466681,-1.1896119635569,-1.10463968044569,-1.01966739733448,
-0.977181255778879,-0.934695114223276,-0.849722831112069,-0.807236689556465,
-0.764750548000862,-0.679778264889655,-0.594805981778448,-0.509833698667241,
-0.339889132444827,-0.297402990889224,-0.254916849333621,-0.169944566222414,
-0.0849722831112069,-0.0424861415556034,0.),.UNSPECIFIED.);
#440=B_SPLINE_CURVE_WITH_KNOTS('',3,(#3272,#3273,#3274,#3275,#3276,#3277,
#3278,#3279,#3280,#3281,#3282,#3283,#3284,#3285,#3286,#3287,#3288,#3289,
#3290,#3291,#3292,#3293,#3294,#3295,#3296,#3297,#3298),.UNSPECIFIED.,.F.,
 .F.,(4,1,1,1,1,1,1,1,1,1,1,1,1,1,1,1,1,1,1,1,1,2,1,4),(0.,0.371989802521387,
0.743979605042774,0.929974506303468,1.11596940756416,1.30196430882486,1.48795921008555,
1.85994901260694,1.9839456134474,2.47993201680925,2.9759184201711,3.22391162185202,
3.47190482353295,3.9678912268948,4.46387763025665,5.20785723529942,5.57984703782081,
5.9518368403422,6.32382664286358,6.69581644538497,7.06780624790636,7.43979605042774,
8.48890963620576,9.15697930760942),.UNSPECIFIED.);
#441=B_SPLINE_CURVE_WITH_KNOTS('',3,(#3436,#3437,#3438,#3439,#3440,#3441,
#3442),.UNSPECIFIED.,.F.,.F.,(4,1,2,4),(-9.18166344521998,-8.48890963620576,
-7.43979605042774,-7.43963092285568),.UNSPECIFIED.);
#442=B_SPLINE_CURVE_WITH_KNOTS('',3,(#3444,#3445,#3446,#3447,#3448,#3449,
#3450,#3451,#3452,#3453,#3454,#3455,#3456,#3457,#3458,#3459,#3460,#3461,
#3462,#3463,#3464,#3465,#3466,#3467),.UNSPECIFIED.,.F.,.F.,(4,1,1,1,1,1,
1,1,1,1,1,1,1,1,1,1,1,1,1,1,1,4),(-7.43963092285568,-7.06780624790636,-6.69581644538497,
-6.32382664286358,-5.9518368403422,-5.57984703782081,-5.20785723529942,
-4.46387763025665,-3.9678912268948,-3.47190482353295,-3.22391162185202,
-2.9759184201711,-2.47993201680925,-1.9839456134474,-1.85994901260694,-1.48795921008555,
-1.30196430882486,-1.11596940756416,-0.929974506303468,-0.743979605042774,
-0.371989802521387,0.),.UNSPECIFIED.);
#443=B_SPLINE_CURVE_WITH_KNOTS('',3,(#3501,#3502,#3503,#3504),
 .UNSPECIFIED.,.F.,.F.,(4,4),(-0.187118354396647,-1.17395336051068E-16),
 .UNSPECIFIED.);
#444=B_SPLINE_CURVE_WITH_KNOTS('',3,(#3506,#3507,#3508,#3509,#3510,#3511,
#3512,#3513),.UNSPECIFIED.,.F.,.F.,(4,2,2,4),(0.370391756809895,0.37765800319119,
0.690924119680174,0.732492289609042),.UNSPECIFIED.);
#445=B_SPLINE_CURVE_WITH_KNOTS('',3,(#3515,#3516,#3517,#3518,#3519,#3520),
 .UNSPECIFIED.,.F.,.F.,(4,2,4),(-4.57819603427041,-2.28909801713521,0.),
 .UNSPECIFIED.);
#446=B_SPLINE_CURVE_WITH_KNOTS('',3,(#3521,#3522,#3523,#3524,#3525,#3526,
#3527,#3528),.UNSPECIFIED.,.F.,.F.,(4,2,2,4),(0.370391756809895,0.37765800319119,
0.690924119680174,0.732492289609042),.UNSPECIFIED.);
#447=B_SPLINE_CURVE_WITH_KNOTS('',3,(#3562,#3563,#3564,#3565,#3566,#3567,
#3568,#3569),.UNSPECIFIED.,.F.,.F.,(4,2,2,4),(0.370391756809895,0.37765800319119,
0.690924119680174,0.732492289609042),.UNSPECIFIED.);
#448=B_SPLINE_CURVE_WITH_KNOTS('',3,(#3570,#3571,#3572,#3573,#3574,#3575),
 .UNSPECIFIED.,.F.,.F.,(4,2,4),(-1.97331746463621,-0.986658732318103,0.),
 .UNSPECIFIED.);
#449=B_SPLINE_CURVE_WITH_KNOTS('',3,(#3609,#3610,#3611,#3612,#3613,#3614,
#3615,#3616),.UNSPECIFIED.,.F.,.F.,(4,2,2,4),(0.370391756809895,0.37765800319119,
0.690924119680174,0.732492289609042),.UNSPECIFIED.);
#450=B_SPLINE_CURVE_WITH_KNOTS('',3,(#3617,#3618,#3619,#3620,#3621,#3622),
 .UNSPECIFIED.,.F.,.F.,(4,2,4),(-4.59177579293931,-2.29588789646965,0.),
 .UNSPECIFIED.);
#451=B_SPLINE_CURVE_WITH_KNOTS('',3,(#3656,#3657,#3658,#3659,#3660,#3661,
#3662,#3663),.UNSPECIFIED.,.F.,.F.,(4,2,2,4),(0.370391756809895,0.37765800319119,
0.690924119680174,0.732492289609042),.UNSPECIFIED.);
#452=B_SPLINE_CURVE_WITH_KNOTS('',3,(#3664,#3665,#3666,#3667,#3668,#3669),
 .UNSPECIFIED.,.F.,.F.,(4,2,4),(-4.59177579293931,-2.29588789646965,0.),
 .UNSPECIFIED.);
#453=B_SPLINE_CURVE_WITH_KNOTS('',3,(#3703,#3704,#3705,#3706,#3707,#3708,
#3709,#3710),.UNSPECIFIED.,.F.,.F.,(4,2,2,4),(0.370391756809895,0.37765800319119,
0.690924119680174,0.732492289609042),.UNSPECIFIED.);
#454=B_SPLINE_CURVE_WITH_KNOTS('',3,(#3711,#3712,#3713,#3714,#3715,#3716),
 .UNSPECIFIED.,.F.,.F.,(4,2,4),(-1.97331746463621,-0.986658732318103,0.),
 .UNSPECIFIED.);
#455=B_SPLINE_CURVE_WITH_KNOTS('',3,(#3750,#3751,#3752,#3753,#3754,#3755),
 .UNSPECIFIED.,.F.,.F.,(4,2,4),(0.632597225585001,0.690924119680174,0.732492289609042),
 .UNSPECIFIED.);
#456=B_SPLINE_CURVE_WITH_KNOTS('',3,(#3757,#3758,#3759,#3760,#3761,#3762,
#3763,#3764,#3765,#3766,#3767,#3768),.UNSPECIFIED.,.F.,.F.,(4,2,2,2,2,4),
(0.,0.23266661456279,0.471008462539315,0.560692088600109,0.69358688894769,
0.812750927039328),.UNSPECIFIED.);
#457=B_SPLINE_CURVE_WITH_KNOTS('',3,(#3770,#3771,#3772,#3773,#3774,#3775),
 .UNSPECIFIED.,.F.,.F.,(4,2,4),(0.370391756809895,0.37765800319119,0.610026719095803),
 .UNSPECIFIED.);
#458=B_SPLINE_CURVE_WITH_KNOTS('',3,(#3777,#3778,#3779,#3780),
 .UNSPECIFIED.,.F.,.F.,(4,4),(-0.27872767505802,0.),.UNSPECIFIED.);
#459=B_SPLINE_CURVE_WITH_KNOTS('',3,(#3781,#3782,#3783,#3784,#3785,#3786,
#3787,#3788,#3789,#3790,#3791,#3792,#3793,#3794),.UNSPECIFIED.,.F.,.F.,
(4,2,2,2,2,2,4),(-24.3937706660223,-23.3036453865535,-20.8842968273479,
-18.4597301401992,-15.2466910623471,-9.21831436564981,-8.74135942919196),
 .UNSPECIFIED.);
#460=B_SPLINE_CURVE_WITH_KNOTS('',3,(#3828,#3829,#3830,#3831,#3832,#3833,
#3834,#3835),.UNSPECIFIED.,.F.,.F.,(4,2,2,4),(0.370391756809895,0.37765800319119,
0.690924119680174,0.732492289609042),.UNSPECIFIED.);
#461=B_SPLINE_CURVE_WITH_KNOTS('',3,(#3836,#3837,#3838,#3839,#3840,#3841),
 .UNSPECIFIED.,.F.,.F.,(4,2,4),(-3.99829704694807,-1.99914852347404,0.),
 .UNSPECIFIED.);
#462=B_SPLINE_CURVE_WITH_KNOTS('',3,(#3843,#3844,#3845,#3846,#3847),
 .UNSPECIFIED.,.F.,.F.,(4,1,4),(-0.762891828279229,-0.412848737839328,5.65493127115957E-5),
 .UNSPECIFIED.);
#463=B_SPLINE_CURVE_WITH_KNOTS('',3,(#3849,#3850,#3851,#3852),
 .UNSPECIFIED.,.F.,.F.,(4,4),(-1.10293445323776,-0.050033774955579),
 .UNSPECIFIED.);
#464=B_SPLINE_CURVE_WITH_KNOTS('',3,(#3854,#3855,#3856,#3857),
 .UNSPECIFIED.,.F.,.F.,(4,4),(-1.05,-0.0499999999999996),.UNSPECIFIED.);
#465=B_SPLINE_CURVE_WITH_KNOTS('',3,(#3859,#3860,#3861,#3862),
 .UNSPECIFIED.,.F.,.F.,(4,4),(-1.20137461170685,-0.186328692478818),
 .UNSPECIFIED.);
#466=B_SPLINE_CURVE_WITH_KNOTS('',3,(#3863,#3864,#3865,#3866,#3867,#3868,
#3869,#3870,#3871,#3872,#3873,#3874,#3875,#3876,#3877,#3878,#3879),
 .UNSPECIFIED.,.F.,.F.,(4,1,1,1,1,1,1,1,1,2,1,1,1,4),(-5.04629139900383,
-4.64727433031099,-4.24825726161814,-3.8492401929253,-3.45022312423246,
-3.05120605553962,-2.65218898684678,-2.59189658498696,-2.5546086348185,
-2.52073882854054,-2.47737517359953,-2.06446988644749,-1.65156459929545,
-1.4093497916653),.UNSPECIFIED.);
#467=B_SPLINE_CURVE_WITH_KNOTS('',3,(#3882,#3883,#3884,#3885),
 .UNSPECIFIED.,.F.,.F.,(4,4),(-1.05,-0.0499999999999994),.UNSPECIFIED.);
#468=B_SPLINE_CURVE_WITH_KNOTS('',3,(#3887,#3888,#3889,#3890),
 .UNSPECIFIED.,.F.,.F.,(4,4),(-0.559082901722315,-0.0508712102670718),
 .UNSPECIFIED.);
#469=B_SPLINE_CURVE_WITH_KNOTS('',3,(#3892,#3893,#3894,#3895),
 .UNSPECIFIED.,.F.,.F.,(4,4),(-1.05,-0.0499999999999989),.UNSPECIFIED.);
#470=B_SPLINE_CURVE_WITH_KNOTS('',3,(#3896,#3897,#3898,#3899),
 .UNSPECIFIED.,.F.,.F.,(4,4),(-0.558982905439706,-0.0507712139465613),
 .UNSPECIFIED.);
#471=B_SPLINE_CURVE_WITH_KNOTS('',3,(#3933,#3934,#3935,#3936,#3937,#3938,
#3939,#3940),.UNSPECIFIED.,.F.,.F.,(4,2,2,4),(0.370391756809895,0.37765800319119,
0.690924119680174,0.732492289609042),.UNSPECIFIED.);
#472=B_SPLINE_CURVE_WITH_KNOTS('',3,(#3941,#3942,#3943,#3944,#3945,#3946),
 .UNSPECIFIED.,.F.,.F.,(4,2,4),(-0.831023813707716,-0.415511906853857,0.),
 .UNSPECIFIED.);
#473=B_SPLINE_CURVE_WITH_KNOTS('',3,(#3980,#3981,#3982,#3983),
 .UNSPECIFIED.,.F.,.F.,(4,4),(0.693365346383501,0.732492289609042),
 .UNSPECIFIED.);
#474=B_SPLINE_CURVE_WITH_KNOTS('',3,(#3985,#3986,#3987,#3988),
 .UNSPECIFIED.,.F.,.F.,(4,4),(-0.884314575050768,-0.0499999999999994),
 .UNSPECIFIED.);
#475=B_SPLINE_CURVE_WITH_KNOTS('',3,(#3990,#3991,#3992,#3993,#3994,#3995,
#3996,#3997),.UNSPECIFIED.,.F.,.F.,(4,2,2,4),(-6.01845581074686,-3.62660927514467,
-2.44567772553656,-0.0500841549626845),.UNSPECIFIED.);
#476=B_SPLINE_CURVE_WITH_KNOTS('',3,(#3999,#4000,#4001,#4002,#4003,#4004,
#4005,#4006,#4007,#4008,#4009,#4010,#4011,#4012,#4013,#4014,#4015,#4016,
#4017),.UNSPECIFIED.,.F.,.F.,(4,3,3,3,3,3,4),(-15.8730650087047,-11.1085764921492,
-8.51560749468027,-7.36680961195121,-6.34408797559378,-6.31338022488471,
-6.01127548111545),.UNSPECIFIED.);
#477=B_SPLINE_CURVE_WITH_KNOTS('',3,(#4018,#4019,#4020,#4021),
 .UNSPECIFIED.,.F.,.F.,(4,4),(-4.69949937961719,-4.08884482656413),
 .UNSPECIFIED.);
#478=B_SPLINE_CURVE_WITH_KNOTS('',3,(#4055,#4056,#4057,#4058,#4059,#4060,
#4061,#4062),.UNSPECIFIED.,.F.,.F.,(4,2,2,4),(0.370391756809895,0.37765800319119,
0.690924119680174,0.732492289609042),.UNSPECIFIED.);
#479=B_SPLINE_CURVE_WITH_KNOTS('',3,(#4064,#4065,#4066,#4067),
 .UNSPECIFIED.,.F.,.F.,(4,4),(-0.610654553053084,0.),.UNSPECIFIED.);
#480=B_SPLINE_CURVE_WITH_KNOTS('',3,(#4069,#4070,#4071,#4072,#4073,#4074,
#4075,#4076,#4077,#4078),.UNSPECIFIED.,.F.,.F.,(4,2,2,2,4),(-10.0735653152928,
-9.94103518750635,-7.62610076061754,-4.04175586307779,0.),.UNSPECIFIED.);
#481=B_SPLINE_CURVE_WITH_KNOTS('',3,(#4080,#4081,#4082,#4083,#4084,#4085),
 .UNSPECIFIED.,.F.,.F.,(4,2,4),(-1.83195429430567,-0.771866346437204,-0.0530157624884154),
 .UNSPECIFIED.);
#482=B_SPLINE_CURVE_WITH_KNOTS('',3,(#4086,#4087,#4088,#4089),
 .UNSPECIFIED.,.F.,.F.,(4,4),(-0.834314575050768,0.),.UNSPECIFIED.);
#483=B_SPLINE_CURVE_WITH_KNOTS('',3,(#4123,#4124,#4125,#4126,#4127,#4128,
#4129,#4130),.UNSPECIFIED.,.F.,.F.,(4,2,2,4),(0.370391756809895,0.37765800319119,
0.690924119680174,0.732492289609042),.UNSPECIFIED.);
#484=B_SPLINE_CURVE_WITH_KNOTS('',3,(#4131,#4132,#4133,#4134,#4135,#4136),
 .UNSPECIFIED.,.F.,.F.,(4,2,4),(-0.831023813707716,-0.415511906853859,0.),
 .UNSPECIFIED.);
#485=B_SPLINE_CURVE_WITH_KNOTS('',3,(#4170,#4171,#4172,#4173,#4174,#4175),
 .UNSPECIFIED.,.F.,.F.,(4,2,4),(0.632597225585001,0.690924119680174,0.732492289609042),
 .UNSPECIFIED.);
#486=B_SPLINE_CURVE_WITH_KNOTS('',3,(#4177,#4178,#4179,#4180,#4181,#4182,
#4183,#4184,#4185,#4186,#4187,#4188,#4189,#4190,#4191,#4192,#4193),
 .UNSPECIFIED.,.F.,.F.,(4,1,1,1,2,1,2,1,1,1,1,1,4),(1.40915272859863,1.65660579000543,
2.07081971543735,2.48503364086928,2.52583142487345,2.55946812211431,2.59845029913641,
3.00638875463989,3.41432721014337,3.82226566564686,4.23020412115034,4.63814257665382,
5.04608103215731),.UNSPECIFIED.);
#487=B_SPLINE_CURVE_WITH_KNOTS('',3,(#4195,#4196,#4197,#4198),
 .UNSPECIFIED.,.F.,.F.,(4,4),(-1.0650766697625,-0.0500337749555704),
 .UNSPECIFIED.);
#488=B_SPLINE_CURVE_WITH_KNOTS('',3,(#4200,#4201,#4202,#4203),
 .UNSPECIFIED.,.F.,.F.,(4,4),(-1.05,-0.0500000000000003),.UNSPECIFIED.);
#489=B_SPLINE_CURVE_WITH_KNOTS('',3,(#4205,#4206,#4207,#4208),
 .UNSPECIFIED.,.F.,.F.,(4,4),(-1.20137461170673,-0.148470796203989),
 .UNSPECIFIED.);
#490=B_SPLINE_CURVE_WITH_KNOTS('',3,(#4210,#4211,#4212,#4213,#4214),
 .UNSPECIFIED.,.F.,.F.,(4,1,4),(-0.000249911722280061,0.413964013709647,
0.762697155805521),.UNSPECIFIED.);
#491=B_SPLINE_CURVE_WITH_KNOTS('',3,(#4216,#4217,#4218,#4219,#4220,#4221),
 .UNSPECIFIED.,.F.,.F.,(4,2,4),(0.370391756809895,0.37765800319119,0.610026719095803),
 .UNSPECIFIED.);
#492=B_SPLINE_CURVE_WITH_KNOTS('',3,(#4222,#4223,#4224,#4225,#4226,#4227),
 .UNSPECIFIED.,.F.,.F.,(4,2,4),(-3.99829704694807,-1.99914852347404,0.),
 .UNSPECIFIED.);
#493=B_SPLINE_CURVE_WITH_KNOTS('',3,(#4230,#4231,#4232,#4233),
 .UNSPECIFIED.,.F.,.F.,(4,4),(-1.05,-0.0499999999999998),.UNSPECIFIED.);
#494=B_SPLINE_CURVE_WITH_KNOTS('',3,(#4235,#4236,#4237,#4238),
 .UNSPECIFIED.,.F.,.F.,(4,4),(-0.559082901722274,-0.050871210267083),
 .UNSPECIFIED.);
#495=B_SPLINE_CURVE_WITH_KNOTS('',3,(#4240,#4241,#4242,#4243),
 .UNSPECIFIED.,.F.,.F.,(4,4),(-1.05,-0.05),.UNSPECIFIED.);
#496=B_SPLINE_CURVE_WITH_KNOTS('',3,(#4244,#4245,#4246,#4247),
 .UNSPECIFIED.,.F.,.F.,(4,4),(-0.558982905439718,-0.0507712139465538),
 .UNSPECIFIED.);
#497=B_SPLINE_CURVE_WITH_KNOTS('',3,(#4281,#4282,#4283,#4284,#4285,#4286,
#4287,#4288,#4289,#4290,#4291,#4292),.UNSPECIFIED.,.F.,.F.,(4,2,2,2,2,4),
(-24.5701875865199,-22.4398932636177,-17.5966767059105,-14.6436700803093,
-12.0566652488458,-9.80199884812286),.UNSPECIFIED.);
#498=B_SPLINE_CURVE_WITH_KNOTS('',3,(#4293,#4294,#4295,#4296),
 .UNSPECIFIED.,.F.,.F.,(4,4),(-1.39341847731387,-1.11469080225463),
 .UNSPECIFIED.);
#499=B_SPLINE_CURVE_WITH_KNOTS('',3,(#4297,#4298,#4299,#4300,#4301,#4302,
#4303,#4304,#4305,#4306),.UNSPECIFIED.,.F.,.F.,(4,2,2,2,4),(0.,0.218928745032471,
0.460016579961338,0.678165853579821,0.873049515047265),.UNSPECIFIED.);
#500=B_SPLINE_CURVE_WITH_KNOTS('',3,(#4340,#4341,#4342,#4343,#4344,#4345,
#4346,#4347),.UNSPECIFIED.,.F.,.F.,(4,2,2,4),(0.370391756809895,0.37765800319119,
0.690924119680174,0.732492289609042),.UNSPECIFIED.);
#501=B_SPLINE_CURVE_WITH_KNOTS('',3,(#4349,#4350,#4351,#4352,#4353,#4354),
 .UNSPECIFIED.,.F.,.F.,(4,2,4),(-1.41092280103004,-0.705461400515022,0.),
 .UNSPECIFIED.);
#502=B_SPLINE_CURVE_WITH_KNOTS('',3,(#4355,#4356,#4357,#4358,#4359,#4360,
#4361,#4362),.UNSPECIFIED.,.F.,.F.,(4,2,2,4),(0.370391756809895,0.37765800319119,
0.690924119680174,0.732492289609042),.UNSPECIFIED.);
#503=B_SPLINE_CURVE_WITH_KNOTS('',3,(#4364,#4365,#4366,#4367),
 .UNSPECIFIED.,.F.,.F.,(4,4),(1.17395336051068E-16,0.187118354396647),
 .UNSPECIFIED.);
#504=B_SPLINE_CURVE_WITH_KNOTS('',3,(#4370,#4371,#4372,#4373,#4374,#4375,
#4376,#4377,#4378,#4379,#4380,#4381,#4382,#4383,#4384,#4385,#4386,#4387,
#4388,#4389,#4390,#4391,#4392,#4393,#4394,#4395,#4396,#4397,#4398,#4399,
#4400,#4401,#4402,#4403,#4404,#4405,#4406,#4407,#4408,#4409,#4410,#4411,
#4412,#4413,#4414,#4415,#4416,#4417,#4418,#4419,#4420,#4421,#4422,#4423,
#4424,#4425,#4426,#4427,#4428,#4429,#4430,#4431,#4432,#4433,#4434,#4435,
#4436,#4437,#4438,#4439,#4440,#4441,#4442,#4443,#4444,#4445,#4446,#4447,
#4448,#4449,#4450,#4451,#4452,#4453,#4454,#4455,#4456,#4457,#4458,#4459,
#4460,#4461,#4462,#4463,#4464,#4465,#4466,#4467,#4468,#4469,#4470,#4471,
#4472,#4473,#4474,#4475,#4476,#4477,#4478,#4479,#4480,#4481,#4482,#4483,
#4484,#4485,#4486,#4487,#4488,#4489,#4490,#4491,#4492,#4493,#4494,#4495,
#4496,#4497,#4498,#4499,#4500,#4501,#4502,#4503,#4504,#4505,#4506,#4507,
#4508,#4509,#4510,#4511,#4512,#4513,#4514,#4515,#4516,#4517,#4518,#4519,
#4520,#4521,#4522,#4523,#4524,#4525,#4526,#4527,#4528,#4529,#4530,#4531,
#4532,#4533,#4534,#4535,#4536,#4537,#4538),.UNSPECIFIED.,.F.,.F.,(4,3,3,
3,3,3,3,3,3,3,3,3,3,3,3,3,3,3,3,3,3,3,3,3,3,3,3,3,3,3,3,3,3,3,3,3,3,3,3,
3,3,3,3,3,3,3,3,3,3,3,3,3,3,3,3,3,4),(-11.8455187135341,-11.5067174467299,
-11.1679161799253,-10.8291149131206,-10.490313646316,-9.81271111270669,
-9.47390984590204,-9.30450921249972,-9.21980889579855,-9.13510857909739,
-9.02217482349584,-8.90924106789429,-8.68337355669119,-8.57043980108964,
-8.45750604548809,-8.34457228988654,-8.23163853428499,-7.77990351187879,
-7.55403600067569,-7.32816848947259,-6.87643346706639,-6.65056595586329,
-6.53763220026174,-6.4246984446602,-5.972963422254,-5.7470959110509,-5.69062903325012,
-5.5212283998478,-5.40829464424625,-5.2953608886447,-5.18242713304315,-5.12596025524237,
-5.0694933774416,-4.95655962184005,-4.8436258662385,-4.6177583550354,-4.44835772163307,
-4.3918908438323,-4.1660233326292,-4.10955645482843,-4.05308957702765,-3.9401558214261,
-3.88368894362532,-3.714288310223,-3.54488767682068,-3.46018736011951,-3.37548704341835,
-3.20608641001603,-3.12138609331486,-3.0366857766137,-2.95198545991254,
-2.86728514321138,-2.78258482651021,-2.69788450980905,-2.52848387640673,
-2.44378355970557,-2.3590832430044),.UNSPECIFIED.);
#505=B_SPLINE_CURVE_WITH_KNOTS('',3,(#4541,#4542,#4543,#4544,#4545,#4546,
#4547,#4548,#4549,#4550,#4551,#4552,#4553,#4554,#4555,#4556,#4557,#4558,
#4559,#4560,#4561,#4562,#4563,#4564,#4565,#4566,#4567,#4568,#4569,#4570,
#4571,#4572,#4573,#4574,#4575,#4576,#4577,#4578,#4579,#4580,#4581,#4582,
#4583,#4584,#4585,#4586,#4587,#4588,#4589,#4590,#4591,#4592,#4593,#4594,
#4595,#4596,#4597,#4598,#4599,#4600,#4601,#4602,#4603,#4604,#4605,#4606,
#4607,#4608,#4609,#4610,#4611,#4612,#4613,#4614,#4615,#4616,#4617,#4618,
#4619,#4620,#4621,#4622,#4623,#4624,#4625,#4626,#4627,#4628,#4629,#4630,
#4631,#4632,#4633,#4634,#4635,#4636,#4637,#4638,#4639,#4640,#4641,#4642,
#4643,#4644,#4645,#4646,#4647,#4648,#4649,#4650,#4651,#4652,#4653,#4654,
#4655,#4656,#4657,#4658,#4659,#4660,#4661,#4662,#4663,#4664),
 .UNSPECIFIED.,.F.,.F.,(4,3,3,3,3,3,3,3,3,3,3,3,3,3,3,3,3,3,3,3,3,3,3,3,
3,3,3,3,3,3,3,3,3,3,3,3,3,3,3,3,3,4),(-9.51689570845516,-9.34695114223276,
-9.17700657601034,-8.83711744356551,-8.49722831112069,-8.32728374489827,
-8.15733917867586,-7.47756091378621,-6.79778264889655,-6.45789351645172,
-6.11800438400689,-5.77811525156207,-5.60817068533965,-5.43822611911724,
-4.07866958933793,-2.71911305955862,-2.26592754963218,-1.81274203970575,
-1.58614928474253,-1.47285290726092,-1.35955652977931,-1.33831345900151,
-1.31707038822371,-1.2745842466681,-1.1896119635569,-1.10463968044569,-1.01966739733448,
-0.977181255778879,-0.934695114223276,-0.849722831112069,-0.807236689556465,
-0.764750548000862,-0.679778264889655,-0.594805981778448,-0.509833698667241,
-0.339889132444827,-0.297402990889224,-0.254916849333621,-0.169944566222414,
-0.0849722831112069,-0.0424861415556034,0.),.UNSPECIFIED.);
#506=B_SPLINE_CURVE_WITH_KNOTS('',3,(#4920,#4921,#4922,#4923,#4924,#4925,
#4926,#4927,#4928,#4929,#4930,#4931,#4932,#4933,#4934,#4935,#4936,#4937,
#4938,#4939,#4940,#4941,#4942,#4943,#4944,#4945,#4946,#4947,#4948,#4949,
#4950,#4951,#4952,#4953,#4954,#4955,#4956,#4957,#4958,#4959,#4960,#4961),
 .UNSPECIFIED.,.F.,.F.,(4,1,1,1,1,1,1,1,1,1,1,1,1,1,1,1,1,1,1,1,1,1,1,1,
1,1,1,1,1,1,1,1,1,1,1,1,1,2,4),(0.,0.0958803051913228,0.191760610382646,
0.383521220765291,0.575281831147937,0.623221983743598,0.671162136339259,
0.719102288934921,0.767042441530582,0.958803051913228,1.05468335710455,
1.15056366229587,1.19850381489153,1.2464439674872,1.34232427267852,1.53408488306116,
1.58202503565683,1.60599511195466,1.62996518825249,1.72584549344381,1.91760610382646,
2.01348640901778,2.1093667142091,2.30112732459175,2.68464854535704,2.87640915573968,
3.06816976612233,3.25993037650497,3.45169098688762,3.83521220765291,4.2187334284182,
4.60225464918349,5.36929709071408,6.13633953224466,6.51986075300995,6.90338197377524,
7.28690319454053,7.67042441530582,9.40516107106407),.UNSPECIFIED.);
#507=B_SPLINE_CURVE_WITH_KNOTS('',3,(#4962,#4963,#4964,#4965),
 .UNSPECIFIED.,.F.,.F.,(4,4),(0.,0.597993408657786),.UNSPECIFIED.);
#508=B_SPLINE_CURVE_WITH_KNOTS('',3,(#4968,#4969,#4970,#4971),
 .UNSPECIFIED.,.F.,.F.,(4,4),(0.,0.187118354396631),.UNSPECIFIED.);
#509=B_SPLINE_CURVE_WITH_KNOTS('',3,(#5005,#5006,#5007,#5008,#5009,#5010),
 .UNSPECIFIED.,.F.,.F.,(4,2,4),(-4.57819603427041,-2.28909801713521,0.),
 .UNSPECIFIED.);
#510=B_SPLINE_CURVE_WITH_KNOTS('',3,(#5012,#5013,#5014,#5015,#5016,#5017,
#5018),.UNSPECIFIED.,.F.,.F.,(4,2,1,4),(-6.63448861093436,-6.63438783564264,
-5.5851854828195,-4.89241217951792),.UNSPECIFIED.);
#511=B_SPLINE_CURVE_WITH_KNOTS('',3,(#5020,#5021,#5022,#5023,#5024,#5025,
#5026,#5027,#5028,#5029,#5030,#5031,#5032,#5033,#5034,#5035,#5036,#5037,
#5038,#5039,#5040,#5041,#5042),.UNSPECIFIED.,.F.,.F.,(4,1,1,1,1,1,1,1,1,
1,1,1,1,1,1,1,1,1,1,1,4),(-14.0755241434161,-13.7034673280274,-13.3314105126387,
-13.1453821049444,-12.9593536972501,-12.7733252895557,-12.5872968818614,
-12.2152400664727,-11.8431832510841,-11.4711264356954,-11.0990696203067,
-10.727012804918,-10.3549559895294,-9.98289917414069,-9.61084235875202,
-8.86672872797468,-8.12261509719733,-7.75055828180866,-7.37850146641999,
-7.00644465103132,-6.63448861093436),.UNSPECIFIED.);
#512=B_SPLINE_CURVE_WITH_KNOTS('',3,(#5044,#5045,#5046,#5047),
 .UNSPECIFIED.,.F.,.F.,(4,4),(-0.187118354396631,0.),.UNSPECIFIED.);
#513=B_SPLINE_CURVE_WITH_KNOTS('',3,(#5049,#5050,#5051,#5052,#5053,#5054,
#5055,#5056,#5057,#5058,#5059,#5060,#5061,#5062,#5063,#5064,#5065,#5066,
#5067,#5068,#5069,#5070,#5071,#5072,#5073,#5074,#5075,#5076,#5077,#5078,
#5079,#5080,#5081,#5082,#5083,#5084,#5085,#5086,#5087,#5088),
 .UNSPECIFIED.,.F.,.F.,(4,1,1,1,1,1,1,1,1,1,1,1,1,1,1,1,1,1,1,1,1,1,1,1,
1,1,1,1,1,1,1,1,1,1,1,1,1,4),(-7.67026461814479,-7.28690319454053,-6.90338197377524,
-6.51986075300995,-6.13633953224466,-5.36929709071408,-4.60225464918349,
-4.2187334284182,-3.83521220765291,-3.45169098688762,-3.25993037650497,
-3.06816976612233,-2.87640915573968,-2.68464854535704,-2.30112732459175,
-2.1093667142091,-2.01348640901778,-1.91760610382646,-1.72584549344381,
-1.62996518825249,-1.60599511195466,-1.58202503565683,-1.53408488306116,
-1.34232427267852,-1.2464439674872,-1.19850381489153,-1.15056366229587,
-1.05468335710455,-0.958803051913228,-0.767042441530582,-0.719102288934921,
-0.671162136339259,-0.623221983743598,-0.575281831147937,-0.383521220765291,
-0.191760610382646,-0.0958803051913228,0.),.UNSPECIFIED.);
#514=B_SPLINE_CURVE_WITH_KNOTS('',3,(#5089,#5090,#5091,#5092,#5093,#5094),
 .UNSPECIFIED.,.F.,.F.,(4,2,4),(-9.41595909787362,-7.67042441530582,-7.67026461814479),
 .UNSPECIFIED.);
#515=B_SPLINE_CURVE_WITH_KNOTS('',3,(#5271,#5272,#5273,#5274,#5275,#5276,
#5277,#5278,#5279,#5280,#5281,#5282,#5283,#5284,#5285,#5286,#5287,#5288,
#5289,#5290,#5291,#5292,#5293,#5294,#5295,#5296),.UNSPECIFIED.,.F.,.F.,
(4,1,2,1,1,1,1,1,1,1,1,1,1,1,1,1,1,1,1,1,1,1,4),(4.91709611206196,5.5851854828195,
6.63438783564264,7.00644465103132,7.37850146641999,7.75055828180866,8.12261509719733,
8.86672872797468,9.61084235875202,9.98289917414069,10.3549559895294,10.727012804918,
11.0990696203067,11.4711264356954,11.8431832510841,12.2152400664727,12.5872968818614,
12.7733252895557,12.9593536972501,13.1453821049444,13.3314105126387,13.7034673280274,
14.0755241434161),.UNSPECIFIED.);
#516=B_SPLINE_CURVE_WITH_KNOTS('',3,(#5682,#5683,#5684,#5685,#5686,#5687,
#5688,#5689,#5690,#5691,#5692,#5693,#5694,#5695,#5696,#5697,#5698,#5699,
#5700),.UNSPECIFIED.,.F.,.F.,(4,3,3,3,3,3,4),(0.241769883204858,0.27240797542387,
0.303402108144099,0.309782474098737,0.341175055269074,0.372350518740959,
0.383709190541178),.UNSPECIFIED.);
#517=B_SPLINE_CURVE_WITH_KNOTS('',3,(#5710,#5711,#5712,#5713),
 .UNSPECIFIED.,.F.,.F.,(4,4),(0.,0.100658077044559),.UNSPECIFIED.);
#518=B_SPLINE_CURVE_WITH_KNOTS('',3,(#5716,#5717,#5718,#5719,#5720,#5721),
 .UNSPECIFIED.,.F.,.F.,(4,2,4),(0.292637218481439,0.314980889902449,0.392900763299091),
 .UNSPECIFIED.);
#519=B_SPLINE_CURVE_WITH_KNOTS('',3,(#5726,#5727,#5728,#5729,#5730,#5731),
 .UNSPECIFIED.,.F.,.F.,(4,2,4),(0.,0.130418191821693,0.142383064804108),
 .UNSPECIFIED.);
#520=B_SPLINE_CURVE_WITH_KNOTS('',3,(#5733,#5734,#5735,#5736,#5737,#5738,
#5739,#5740,#5741,#5742,#5743,#5744,#5745,#5746,#5747,#5748,#5749,#5750,
#5751,#5752),.UNSPECIFIED.,.F.,.F.,(4,2,2,2,2,2,2,2,2,4),(0.19173432280686,
0.680486243089867,0.73801885023895,0.763447539639381,0.782400531866299,
0.802570180902919,0.83411407858521,0.897158275086861,1.00202978138895,1.26056318488306),
 .UNSPECIFIED.);
#521=B_SPLINE_CURVE_WITH_KNOTS('',3,(#5754,#5755,#5756,#5757,#5758,#5759,
#5760,#5761,#5762,#5763,#5764,#5765,#5766,#5767,#5768,#5769,#5770,#5771,
#5772,#5773,#5774,#5775),.UNSPECIFIED.,.F.,.F.,(4,2,2,2,2,2,2,2,2,2,4),
(0.295267258451758,0.680486571724663,0.738019093692324,0.763447664430825,
0.782400550924696,0.802570083645437,0.834113815635213,0.897157726532048,
1.00202894310067,1.31540251515339,1.36221964128592),.UNSPECIFIED.);
#522=B_SPLINE_CURVE_WITH_KNOTS('',3,(#5833,#5834,#5835,#5836),
 .UNSPECIFIED.,.F.,.F.,(4,4),(0.703135190874236,0.732492289609042),
 .UNSPECIFIED.);
#523=B_SPLINE_CURVE_WITH_KNOTS('',3,(#5838,#5839,#5840,#5841),
 .UNSPECIFIED.,.F.,.F.,(4,4),(-1.05000000000001,-0.05),.UNSPECIFIED.);
#524=B_SPLINE_CURVE_WITH_KNOTS('',3,(#5843,#5844,#5845,#5846,#5847,#5848,
#5849,#5850),.UNSPECIFIED.,.F.,.F.,(4,2,2,4),(-5.62518316184767,-3.88170264156322,
-2.62132970470461,-0.0500799849334777),.UNSPECIFIED.);
#525=B_SPLINE_CURVE_WITH_KNOTS('',3,(#5852,#5853,#5854,#5855,#5856,#5857,
#5858,#5859),.UNSPECIFIED.,.F.,.F.,(4,2,2,4),(-15.8286246159809,-11.821605949838,
-7.8232839924034,-6.23480184982538),.UNSPECIFIED.);
#526=B_SPLINE_CURVE_WITH_KNOTS('',3,(#5860,#5861,#5862,#5863),
 .UNSPECIFIED.,.F.,.F.,(4,4),(-4.98944887327836,-4.4891144839835),
 .UNSPECIFIED.);
#527=B_SPLINE_CURVE_WITH_KNOTS('',3,(#5866,#5867,#5868,#5869),
 .UNSPECIFIED.,.F.,.F.,(4,4),(-1.00000000000001,0.),.UNSPECIFIED.);
#528=B_SPLINE_CURVE_WITH_KNOTS('',3,(#5873,#5874,#5875,#5876),
 .UNSPECIFIED.,.F.,.F.,(4,4),(-1.00000000000001,0.),.UNSPECIFIED.);
#529=B_SPLINE_CURVE_WITH_KNOTS('',3,(#5878,#5879,#5880,#5881),
 .UNSPECIFIED.,.F.,.F.,(4,4),(-1.05000000000001,-0.05),.UNSPECIFIED.);
#530=B_SPLINE_CURVE_WITH_KNOTS('',3,(#5885,#5886,#5887,#5888,#5889,#5890,
#5891,#5892),.UNSPECIFIED.,.F.,.F.,(4,2,2,4),(-5.68875911919817,-3.86820061960292,
-2.61188093833072,-0.0500785074207185),.UNSPECIFIED.);
#531=B_SPLINE_CURVE_WITH_KNOTS('',3,(#5919,#5920,#5921,#5922,#5923,#5924),
 .UNSPECIFIED.,.F.,.F.,(4,2,4),(-0.3,-0.15,0.),.UNSPECIFIED.);
#532=B_SPLINE_CURVE_WITH_KNOTS('',3,(#5925,#5926,#5927,#5928,#5929,#5930,
#5931,#5932),.UNSPECIFIED.,.F.,.F.,(4,2,2,4),(-15.8286246159809,-11.821605949838,
-7.8232839924034,-6.23480184982539),.UNSPECIFIED.);
#533=B_SPLINE_CURVE_WITH_KNOTS('',3,(#5935,#5936,#5937,#5938,#5939,#5940),
 .UNSPECIFIED.,.F.,.F.,(4,2,4),(-4.15391832922903,-1.35780519842445,-0.068346957322204),
 .UNSPECIFIED.);
#534=B_SPLINE_CURVE_WITH_KNOTS('',3,(#5943,#5944,#5945,#5946,#5947,#5948),
 .UNSPECIFIED.,.F.,.F.,(4,2,4),(-4.05733634342154,-1.35322057783713,-0.051440355910425),
 .UNSPECIFIED.);
#535=B_SPLINE_CURVE_WITH_KNOTS('',3,(#5982,#5983,#5984,#5985),
 .UNSPECIFIED.,.F.,.F.,(4,4),(-4.4891144839835,-4.08884482656413),
 .UNSPECIFIED.);
#536=B_SPLINE_CURVE_WITH_KNOTS('',3,(#5987,#5988,#5989,#5990),
 .UNSPECIFIED.,.F.,.F.,(4,4),(0.693365346383501,0.703135190874212),
 .UNSPECIFIED.);
#537=B_SPLINE_CURVE_WITH_KNOTS('',3,(#5992,#5993,#5994,#5995),
 .UNSPECIFIED.,.F.,.F.,(4,4),(-0.884314575050769,-0.0499999999999994),
 .UNSPECIFIED.);
#538=B_SPLINE_CURVE_WITH_KNOTS('',3,(#5997,#5998,#5999,#6000,#6001,#6002,
#6003,#6004),.UNSPECIFIED.,.F.,.F.,(4,2,2,4),(-6.03252633947312,-3.62236394530996,
-2.44059295073784,-0.0500850970594651),.UNSPECIFIED.);
#539=B_SPLINE_CURVE_WITH_KNOTS('',3,(#6005,#6006,#6007,#6008,#6009,#6010,
#6011,#6012,#6013,#6014,#6015,#6016,#6017,#6018,#6019,#6020,#6021,#6022,
#6023),.UNSPECIFIED.,.F.,.F.,(4,3,3,3,3,3,4),(-15.8898720917903,-11.1170345697659,
-8.54121152502141,-7.38718885036186,-6.34419704774146,-6.31347282888663,
-6.01127984765677),.UNSPECIFIED.);
#540=B_SPLINE_CURVE_WITH_KNOTS('',3,(#6026,#6027,#6028,#6029),
 .UNSPECIFIED.,.F.,.F.,(4,4),(-0.834314575050769,0.),.UNSPECIFIED.);
#541=B_SPLINE_CURVE_WITH_KNOTS('',3,(#6034,#6035,#6036,#6037,#6038,#6039),
 .UNSPECIFIED.,.F.,.F.,(4,2,4),(-1.82429702412507,-0.772579651823104,-0.0530475548237749),
 .UNSPECIFIED.);
#542=B_SPLINE_CURVE_WITH_KNOTS('',3,(#6055,#6056,#6057,#6058),
 .UNSPECIFIED.,.F.,.F.,(4,4),(-1.00887966294699,-0.608879662946935),
 .UNSPECIFIED.);
#543=B_SPLINE_CURVE_WITH_KNOTS('',3,(#6065,#6066,#6067,#6068,#6069,#6070,
#6071,#6072,#6073,#6074,#6075,#6076,#6077,#6078,#6079,#6080,#6081,#6082,
#6083,#6084,#6085,#6086,#6087,#6088,#6089,#6090,#6091,#6092,#6093,#6094),
 .UNSPECIFIED.,.F.,.F.,(4,2,2,2,2,2,2,2,2,2,2,2,2,2,4),(0.,0.321635714804543,
0.645967668326896,0.974120019694725,1.29994276381099,1.62512828584623,1.94953864736955,
2.27184828117522,2.58672164302431,2.89709352381432,3.2067863893385,3.51811817955546,
3.83106471437077,4.09305895768677,4.35124481458083),.UNSPECIFIED.);
#544=B_SPLINE_CURVE_WITH_KNOTS('',3,(#6099,#6100,#6101,#6102,#6103,#6104,
#6105,#6106,#6107,#6108,#6109,#6110,#6111,#6112,#6113,#6114,#6115,#6116,
#6117,#6118,#6119,#6120,#6121,#6122,#6123,#6124,#6125,#6126,#6127,#6128),
 .UNSPECIFIED.,.F.,.F.,(4,2,2,2,2,2,2,2,2,2,2,2,2,2,4),(0.,0.321595603034763,
0.645746756156773,0.973950159101348,1.2997704999597,1.62496182446098,1.94937615743215,
2.27150502258031,2.58633893502553,2.89674524209471,3.20647837195873,3.51779320278287,
3.83059817104265,4.09281975613612,4.3512434454323),.UNSPECIFIED.);
#545=B_SPLINE_CURVE_WITH_KNOTS('',3,(#6131,#6132,#6133,#6134),
 .UNSPECIFIED.,.F.,.F.,(4,4),(-0.158996289492389,0.000249911722280061),
 .UNSPECIFIED.);
#546=B_SPLINE_CURVE_WITH_KNOTS('',3,(#6135,#6136,#6137,#6138,#6139,#6140),
 .UNSPECIFIED.,.F.,.F.,(4,1,1,4),(-5.04608103215731,-4.71751702130018,-4.38895301044306,
-4.3020494665116),.UNSPECIFIED.);
#547=B_SPLINE_CURVE_WITH_KNOTS('',3,(#6143,#6144,#6145,#6146,#6147,#6148),
 .UNSPECIFIED.,.F.,.F.,(4,1,1,4),(-5.65493127113181E-5,0.358707119502659,
0.71747078831803,0.740814374923625),.UNSPECIFIED.);
#548=B_SPLINE_CURVE_WITH_KNOTS('',3,(#6149,#6150,#6151,#6152),
 .UNSPECIFIED.,.F.,.F.,(4,4),(4.88380549693659,5.04629139900383),
 .UNSPECIFIED.);
#549=B_SPLINE_CURVE_WITH_KNOTS('',3,(#6311,#6312,#6313,#6314,#6315),
 .UNSPECIFIED.,.F.,.F.,(4,1,4),(-5.65493127115957E-5,0.412848737839328,
0.79945289832215),.UNSPECIFIED.);
#550=B_SPLINE_CURVE_WITH_KNOTS('',3,(#6317,#6318,#6319,#6320,#6321,#6322,
#6323,#6324,#6325,#6326),.UNSPECIFIED.,.F.,.F.,(4,1,1,2,1,1,4),(-0.949536814689362,
-0.633789464649507,-0.524720809209588,-0.462620119357802,-0.40941637061863,
-0.345355242692371,0.),.UNSPECIFIED.);
#551=B_SPLINE_CURVE_WITH_KNOTS('',3,(#6327,#6328,#6329,#6330,#6331,#6332,
#6333,#6334,#6335,#6336,#6337,#6338,#6339,#6340,#6341,#6342,#6343,#6344,
#6345),.UNSPECIFIED.,.F.,.F.,(4,1,1,1,1,1,2,1,1,1,1,1,1,1,1,4),(0.79945289832215,
0.825754024991368,1.23865931214341,1.65156459929545,2.06446988644749,2.47737517359953,
2.52073882854054,2.5546086348185,2.59189658498696,2.65218898684678,3.05120605553962,
3.45022312423246,3.8492401929253,4.24825726161814,4.64727433031099,5.04629139900383),
 .UNSPECIFIED.);
#552=B_SPLINE_CURVE_WITH_KNOTS('',3,(#6346,#6347,#6348,#6349),
 .UNSPECIFIED.,.F.,.F.,(4,4),(0.152076827382645,1.),.UNSPECIFIED.);
#553=B_SPLINE_CURVE_WITH_KNOTS('',3,(#6636,#6637,#6638,#6639,#6640,#6641,
#6642,#6643,#6644,#6645,#6646,#6647,#6648,#6649,#6650,#6651,#6652),
 .UNSPECIFIED.,.F.,.F.,(4,1,1,1,1,1,2,1,2,1,1,1,4),(-5.04608103215731,-4.63814257665382,
-4.23020412115034,-3.82226566564686,-3.41432721014337,-3.00638875463989,
-2.59845029913641,-2.55946812211431,-2.52583142487345,-2.48503364086928,
-2.07081971543735,-1.65660579000543,-1.44373509292414),.UNSPECIFIED.);
#554=B_SPLINE_CURVE_WITH_KNOTS('',3,(#6654,#6655,#6656,#6657,#6658,#6659),
 .UNSPECIFIED.,.F.,.F.,(4,1,1,4),(-0.949527689652048,-0.549039116060745,
-0.436317777557526,-1.28565904027534E-10),.UNSPECIFIED.);
#555=B_SPLINE_CURVE_WITH_KNOTS('',3,(#6660,#6661,#6662,#6663,#6664,#6665,
#6666),.UNSPECIFIED.,.F.,.F.,(4,1,1,1,4),(-1.44373509292414,-1.2423918645735,
-0.828177939141573,-0.413964013709647,0.000249911722280061),
 .UNSPECIFIED.);
#556=B_SPLINE_CURVE_WITH_KNOTS('',3,(#6667,#6668,#6669,#6670),
 .UNSPECIFIED.,.F.,.F.,(4,4),(0.152084549375011,1.),.UNSPECIFIED.);
#557=B_SPLINE_CURVE_WITH_KNOTS('',3,(#6852,#6853,#6854,#6855),
 .UNSPECIFIED.,.F.,.F.,(4,4),(-0.495815553038689,-0.0958155530387153),
 .UNSPECIFIED.);
#558=B_SPLINE_CURVE_WITH_KNOTS('',3,(#6856,#6857,#6858,#6859,#6860,#6861,
#6862,#6863,#6864,#6865,#6866,#6867),.UNSPECIFIED.,.F.,.F.,(4,2,2,2,2,4),
(-10.150992074651,-10.0452429300565,-9.14173638122372,-7.57277227914464,
-4.04198268382803,0.),.UNSPECIFIED.);
#559=B_SPLINE_CURVE_WITH_KNOTS('',3,(#6901,#6902,#6903,#6904),
 .UNSPECIFIED.,.F.,.F.,(4,4),(-0.415660469304515,-0.0153908118889046),
 .UNSPECIFIED.);
#560=B_SPLINE_CURVE_WITH_KNOTS('',3,(#6905,#6906,#6907,#6908,#6909,#6910,
#6911,#6912,#6913,#6914,#6915,#6916,#6917,#6918,#6919,#6920,#6921,#6922,
#6923,#6924,#6925,#6926),.UNSPECIFIED.,.F.,.F.,(4,3,3,3,3,3,3,4),(-10.2018847120763,
-9.97658220380688,-9.96234369396098,-9.8312313349002,-9.68816082523428,
-4.99986131360479,-1.94736962662632,0.),.UNSPECIFIED.);
#561=B_SPLINE_CURVE_WITH_KNOTS('',3,(#6978,#6979,#6980,#6981,#6982,#6983),
 .UNSPECIFIED.,.F.,.F.,(4,2,4),(-0.3,-0.15,0.),.UNSPECIFIED.);
#562=B_SPLINE_CURVE_WITH_KNOTS('',3,(#6984,#6985,#6986,#6987,#6988,#6989,
#6990,#6991,#6992,#6993,#6994,#6995,#6996,#6997,#6998,#6999,#7000,#7001,
#7002,#7003,#7004,#7005),.UNSPECIFIED.,.F.,.F.,(4,3,3,3,3,3,3,4),(-10.2018847120763,
-9.97658220380688,-9.96234369396098,-9.8312313349002,-9.68816082523428,
-4.99986131360479,-1.94736962662632,0.),.UNSPECIFIED.);
#563=B_SPLINE_CURVE_WITH_KNOTS('',3,(#7039,#7040,#7041,#7042,#7043,#7044,
#7045,#7046),.UNSPECIFIED.,.F.,.F.,(4,2,2,4),(0.370391756809895,0.37765800319119,
0.690924119680174,0.732492289609042),.UNSPECIFIED.);
#564=B_SPLINE_CURVE_WITH_KNOTS('',3,(#7047,#7048,#7049,#7050),
 .UNSPECIFIED.,.F.,.F.,(4,4),(-0.500334389298635,0.),.UNSPECIFIED.);
#565=B_SPLINE_CURVE_WITH_KNOTS('',3,(#7083,#7084,#7085,#7086,#7087,#7088),
 .UNSPECIFIED.,.F.,.F.,(4,2,4),(-1.41092280103004,-0.705461400515021,0.),
 .UNSPECIFIED.);
#566=VERTEX_POINT('',#1870);
#567=VERTEX_POINT('',#1871);
#568=VERTEX_POINT('',#1876);
#569=VERTEX_POINT('',#1883);
#570=VERTEX_POINT('',#1890);
#571=VERTEX_POINT('',#1897);
#572=VERTEX_POINT('',#1904);
#573=VERTEX_POINT('',#1909);
#574=VERTEX_POINT('',#1959);
#575=VERTEX_POINT('',#1967);
#576=VERTEX_POINT('',#1969);
#577=VERTEX_POINT('',#1974);
#578=VERTEX_POINT('',#2027);
#579=VERTEX_POINT('',#2032);
#580=VERTEX_POINT('',#2039);
#581=VERTEX_POINT('',#2046);
#582=VERTEX_POINT('',#2053);
#583=VERTEX_POINT('',#2060);
#584=VERTEX_POINT('',#2065);
#585=VERTEX_POINT('',#2115);
#586=VERTEX_POINT('',#2120);
#587=VERTEX_POINT('',#2122);
#588=VERTEX_POINT('',#2182);
#589=VERTEX_POINT('',#2183);
#590=VERTEX_POINT('',#2185);
#591=VERTEX_POINT('',#2190);
#592=VERTEX_POINT('',#2197);
#593=VERTEX_POINT('',#2204);
#594=VERTEX_POINT('',#2211);
#595=VERTEX_POINT('',#2218);
#596=VERTEX_POINT('',#2225);
#597=VERTEX_POINT('',#2232);
#598=VERTEX_POINT('',#2237);
#599=VERTEX_POINT('',#2239);
#600=VERTEX_POINT('',#2241);
#601=VERTEX_POINT('',#2243);
#602=VERTEX_POINT('',#2245);
#603=VERTEX_POINT('',#2247);
#604=VERTEX_POINT('',#2249);
#605=VERTEX_POINT('',#2452);
#606=VERTEX_POINT('',#2493);
#607=VERTEX_POINT('',#2495);
#608=VERTEX_POINT('',#2776);
#609=VERTEX_POINT('',#2951);
#610=VERTEX_POINT('',#3077);
#611=VERTEX_POINT('',#3078);
#612=VERTEX_POINT('',#3080);
#613=VERTEX_POINT('',#3082);
#614=VERTEX_POINT('',#3085);
#615=VERTEX_POINT('',#3087);
#616=VERTEX_POINT('',#3088);
#617=VERTEX_POINT('',#3090);
#618=VERTEX_POINT('',#3092);
#619=VERTEX_POINT('',#3271);
#620=VERTEX_POINT('',#3435);
#621=VERTEX_POINT('',#3443);
#622=VERTEX_POINT('',#3505);
#623=VERTEX_POINT('',#3514);
#624=VERTEX_POINT('',#3561);
#625=VERTEX_POINT('',#3608);
#626=VERTEX_POINT('',#3655);
#627=VERTEX_POINT('',#3702);
#628=VERTEX_POINT('',#3749);
#629=VERTEX_POINT('',#3756);
#630=VERTEX_POINT('',#3769);
#631=VERTEX_POINT('',#3776);
#632=VERTEX_POINT('',#3827);
#633=VERTEX_POINT('',#3842);
#634=VERTEX_POINT('',#3848);
#635=VERTEX_POINT('',#3853);
#636=VERTEX_POINT('',#3858);
#637=VERTEX_POINT('',#3880);
#638=VERTEX_POINT('',#3881);
#639=VERTEX_POINT('',#3886);
#640=VERTEX_POINT('',#3891);
#641=VERTEX_POINT('',#3932);
#642=VERTEX_POINT('',#3979);
#643=VERTEX_POINT('',#3984);
#644=VERTEX_POINT('',#3989);
#645=VERTEX_POINT('',#3998);
#646=VERTEX_POINT('',#4054);
#647=VERTEX_POINT('',#4063);
#648=VERTEX_POINT('',#4068);
#649=VERTEX_POINT('',#4079);
#650=VERTEX_POINT('',#4122);
#651=VERTEX_POINT('',#4169);
#652=VERTEX_POINT('',#4176);
#653=VERTEX_POINT('',#4194);
#654=VERTEX_POINT('',#4199);
#655=VERTEX_POINT('',#4204);
#656=VERTEX_POINT('',#4209);
#657=VERTEX_POINT('',#4215);
#658=VERTEX_POINT('',#4228);
#659=VERTEX_POINT('',#4229);
#660=VERTEX_POINT('',#4234);
#661=VERTEX_POINT('',#4239);
#662=VERTEX_POINT('',#4280);
#663=VERTEX_POINT('',#4339);
#664=VERTEX_POINT('',#4348);
#665=VERTEX_POINT('',#4369);
#666=VERTEX_POINT('',#4539);
#667=VERTEX_POINT('',#4665);
#668=VERTEX_POINT('',#4666);
#669=VERTEX_POINT('',#4668);
#670=VERTEX_POINT('',#4670);
#671=VERTEX_POINT('',#4673);
#672=VERTEX_POINT('',#4675);
#673=VERTEX_POINT('',#4676);
#674=VERTEX_POINT('',#4678);
#675=VERTEX_POINT('',#4680);
#676=VERTEX_POINT('',#4919);
#677=VERTEX_POINT('',#4967);
#678=VERTEX_POINT('',#5011);
#679=VERTEX_POINT('',#5019);
#680=VERTEX_POINT('',#5043);
#681=VERTEX_POINT('',#5048);
#682=VERTEX_POINT('',#5681);
#683=VERTEX_POINT('',#5708);
#684=VERTEX_POINT('',#5715);
#685=VERTEX_POINT('',#5724);
#686=VERTEX_POINT('',#5793);
#687=VERTEX_POINT('',#5797);
#688=VERTEX_POINT('',#5832);
#689=VERTEX_POINT('',#5837);
#690=VERTEX_POINT('',#5842);
#691=VERTEX_POINT('',#5851);
#692=VERTEX_POINT('',#5865);
#693=VERTEX_POINT('',#5870);
#694=VERTEX_POINT('',#5872);
#695=VERTEX_POINT('',#5877);
#696=VERTEX_POINT('',#5884);
#697=VERTEX_POINT('',#5918);
#698=VERTEX_POINT('',#5934);
#699=VERTEX_POINT('',#5941);
#700=VERTEX_POINT('',#5981);
#701=VERTEX_POINT('',#5986);
#702=VERTEX_POINT('',#5991);
#703=VERTEX_POINT('',#5996);
#704=VERTEX_POINT('',#6025);
#705=VERTEX_POINT('',#6033);
#706=VERTEX_POINT('',#6062);
#707=VERTEX_POINT('',#6063);
#708=VERTEX_POINT('',#6096);
#709=VERTEX_POINT('',#6097);
#710=VERTEX_POINT('',#6130);
#711=VERTEX_POINT('',#6142);
#712=VERTEX_POINT('',#6309);
#713=VERTEX_POINT('',#6310);
#714=VERTEX_POINT('',#6316);
#715=VERTEX_POINT('',#6634);
#716=VERTEX_POINT('',#6635);
#717=VERTEX_POINT('',#6653);
#718=VERTEX_POINT('',#6804);
#719=VERTEX_POINT('',#6806);
#720=VERTEX_POINT('',#6810);
#721=VERTEX_POINT('',#6814);
#722=VERTEX_POINT('',#6819);
#723=VERTEX_POINT('',#6821);
#724=VERTEX_POINT('',#6825);
#725=VERTEX_POINT('',#6828);
#726=VERTEX_POINT('',#6851);
#727=VERTEX_POINT('',#6900);
#728=VERTEX_POINT('',#6977);
#729=VERTEX_POINT('',#7038);
#730=EDGE_CURVE('',#566,#567,#406,.T.);
#731=EDGE_CURVE('',#568,#566,#407,.T.);
#732=EDGE_CURVE('',#569,#568,#408,.T.);
#733=EDGE_CURVE('',#570,#569,#409,.T.);
#734=EDGE_CURVE('',#571,#570,#410,.T.);
#735=EDGE_CURVE('',#572,#571,#411,.T.);
#736=EDGE_CURVE('',#573,#572,#412,.T.);
#737=EDGE_CURVE('',#574,#573,#413,.T.);
#738=EDGE_CURVE('',#575,#574,#274,.T.);
#739=EDGE_CURVE('',#576,#575,#414,.T.);
#740=EDGE_CURVE('',#577,#576,#415,.T.);
#741=EDGE_CURVE('',#578,#577,#416,.T.);
#742=EDGE_CURVE('',#579,#578,#417,.T.);
#743=EDGE_CURVE('',#580,#579,#418,.T.);
#744=EDGE_CURVE('',#581,#580,#419,.T.);
#745=EDGE_CURVE('',#582,#581,#420,.T.);
#746=EDGE_CURVE('',#583,#582,#421,.T.);
#747=EDGE_CURVE('',#584,#583,#422,.T.);
#748=EDGE_CURVE('',#585,#584,#423,.T.);
#749=EDGE_CURVE('',#586,#585,#275,.T.);
#750=EDGE_CURVE('',#587,#586,#424,.T.);
#751=EDGE_CURVE('',#567,#587,#425,.T.);
#752=EDGE_CURVE('',#588,#589,#276,.T.);
#753=EDGE_CURVE('',#590,#588,#426,.T.);
#754=EDGE_CURVE('',#591,#590,#427,.T.);
#755=EDGE_CURVE('',#592,#591,#428,.T.);
#756=EDGE_CURVE('',#593,#592,#429,.T.);
#757=EDGE_CURVE('',#594,#593,#430,.T.);
#758=EDGE_CURVE('',#595,#594,#431,.T.);
#759=EDGE_CURVE('',#596,#595,#432,.T.);
#760=EDGE_CURVE('',#597,#596,#433,.T.);
#761=EDGE_CURVE('',#598,#597,#277,.T.);
#762=EDGE_CURVE('',#599,#598,#278,.T.);
#763=EDGE_CURVE('',#600,#599,#75,.T.);
#764=EDGE_CURVE('',#601,#600,#279,.T.);
#765=EDGE_CURVE('',#602,#601,#76,.T.);
#766=EDGE_CURVE('',#603,#602,#280,.T.);
#767=EDGE_CURVE('',#604,#603,#77,.T.);
#768=EDGE_CURVE('',#589,#604,#281,.T.);
#769=EDGE_CURVE('',#576,#605,#434,.T.);
#770=EDGE_CURVE('',#605,#606,#78,.T.);
#771=EDGE_CURVE('',#606,#607,#435,.T.);
#772=EDGE_CURVE('',#607,#577,#436,.T.);
#773=EDGE_CURVE('',#608,#575,#437,.T.);
#774=EDGE_CURVE('',#608,#605,#438,.T.);
#775=EDGE_CURVE('',#574,#609,#439,.T.);
#776=EDGE_CURVE('',#609,#608,#79,.T.);
#777=EDGE_CURVE('',#610,#611,#282,.T.);
#778=EDGE_CURVE('',#611,#612,#283,.T.);
#779=EDGE_CURVE('',#612,#613,#284,.T.);
#780=EDGE_CURVE('',#613,#610,#285,.T.);
#781=EDGE_CURVE('',#614,#614,#80,.T.);
#782=EDGE_CURVE('',#615,#616,#286,.T.);
#783=EDGE_CURVE('',#616,#617,#287,.T.);
#784=EDGE_CURVE('',#617,#618,#288,.T.);
#785=EDGE_CURVE('',#618,#615,#289,.T.);
#786=EDGE_CURVE('',#619,#573,#440,.T.);
#787=EDGE_CURVE('',#609,#619,#290,.T.);
#788=EDGE_CURVE('',#572,#620,#441,.T.);
#789=EDGE_CURVE('',#620,#621,#442,.T.);
#790=EDGE_CURVE('',#621,#619,#81,.T.);
#791=EDGE_CURVE('',#621,#606,#443,.T.);
#792=EDGE_CURVE('',#622,#571,#444,.T.);
#793=EDGE_CURVE('',#623,#622,#445,.T.);
#794=EDGE_CURVE('',#623,#578,#446,.T.);
#795=EDGE_CURVE('',#624,#570,#447,.T.);
#796=EDGE_CURVE('',#622,#624,#448,.T.);
#797=EDGE_CURVE('',#625,#569,#449,.T.);
#798=EDGE_CURVE('',#624,#625,#450,.T.);
#799=EDGE_CURVE('',#626,#568,#451,.T.);
#800=EDGE_CURVE('',#625,#626,#452,.T.);
#801=EDGE_CURVE('',#627,#566,#453,.T.);
#802=EDGE_CURVE('',#626,#627,#454,.T.);
#803=EDGE_CURVE('',#628,#596,#455,.T.);
#804=EDGE_CURVE('',#628,#629,#456,.T.);
#805=EDGE_CURVE('',#630,#629,#457,.T.);
#806=EDGE_CURVE('',#631,#630,#458,.T.);
#807=EDGE_CURVE('',#631,#597,#459,.T.);
#808=EDGE_CURVE('',#632,#595,#460,.T.);
#809=EDGE_CURVE('',#630,#632,#461,.T.);
#810=EDGE_CURVE('',#633,#629,#462,.T.);
#811=EDGE_CURVE('',#633,#634,#463,.T.);
#812=EDGE_CURVE('',#634,#635,#464,.T.);
#813=EDGE_CURVE('',#635,#636,#465,.T.);
#814=EDGE_CURVE('',#628,#636,#466,.T.);
#815=EDGE_CURVE('',#637,#638,#467,.T.);
#816=EDGE_CURVE('',#638,#639,#468,.T.);
#817=EDGE_CURVE('',#639,#640,#469,.T.);
#818=EDGE_CURVE('',#640,#637,#470,.T.);
#819=EDGE_CURVE('',#641,#594,#471,.T.);
#820=EDGE_CURVE('',#632,#641,#472,.T.);
#821=EDGE_CURVE('',#642,#593,#473,.T.);
#822=EDGE_CURVE('',#642,#643,#474,.T.);
#823=EDGE_CURVE('',#643,#644,#475,.T.);
#824=EDGE_CURVE('',#644,#645,#476,.T.);
#825=EDGE_CURVE('',#641,#645,#477,.T.);
#826=EDGE_CURVE('',#646,#592,#478,.T.);
#827=EDGE_CURVE('',#647,#646,#479,.T.);
#828=EDGE_CURVE('',#647,#648,#480,.T.);
#829=EDGE_CURVE('',#648,#649,#481,.T.);
#830=EDGE_CURVE('',#649,#642,#482,.T.);
#831=EDGE_CURVE('',#650,#591,#483,.T.);
#832=EDGE_CURVE('',#646,#650,#484,.T.);
#833=EDGE_CURVE('',#651,#590,#485,.T.);
#834=EDGE_CURVE('',#652,#651,#486,.T.);
#835=EDGE_CURVE('',#652,#653,#487,.T.);
#836=EDGE_CURVE('',#653,#654,#488,.T.);
#837=EDGE_CURVE('',#654,#655,#489,.T.);
#838=EDGE_CURVE('',#656,#655,#490,.T.);
#839=EDGE_CURVE('',#657,#656,#491,.T.);
#840=EDGE_CURVE('',#650,#657,#492,.T.);
#841=EDGE_CURVE('',#658,#659,#493,.T.);
#842=EDGE_CURVE('',#659,#660,#494,.T.);
#843=EDGE_CURVE('',#660,#661,#495,.T.);
#844=EDGE_CURVE('',#661,#658,#496,.T.);
#845=EDGE_CURVE('',#588,#662,#497,.T.);
#846=EDGE_CURVE('',#657,#662,#498,.T.);
#847=EDGE_CURVE('',#656,#651,#499,.T.);
#848=EDGE_CURVE('',#663,#581,#500,.T.);
#849=EDGE_CURVE('',#664,#663,#501,.T.);
#850=EDGE_CURVE('',#664,#582,#502,.T.);
#851=EDGE_CURVE('',#605,#619,#503,.T.);
#852=EDGE_CURVE('',#665,#585,#504,.T.);
#853=EDGE_CURVE('',#666,#665,#82,.T.);
#854=EDGE_CURVE('',#586,#666,#505,.T.);
#855=EDGE_CURVE('',#667,#668,#291,.T.);
#856=EDGE_CURVE('',#669,#667,#292,.T.);
#857=EDGE_CURVE('',#670,#669,#293,.T.);
#858=EDGE_CURVE('',#668,#670,#294,.T.);
#859=EDGE_CURVE('',#671,#671,#83,.T.);
#860=EDGE_CURVE('',#672,#673,#295,.T.);
#861=EDGE_CURVE('',#674,#672,#296,.T.);
#862=EDGE_CURVE('',#675,#674,#297,.T.);
#863=EDGE_CURVE('',#673,#675,#298,.T.);
#864=EDGE_CURVE('',#676,#584,#506,.T.);
#865=EDGE_CURVE('',#665,#676,#507,.T.);
#866=EDGE_CURVE('',#677,#676,#508,.T.);
#867=EDGE_CURVE('',#666,#677,#299,.T.);
#868=EDGE_CURVE('',#627,#664,#509,.T.);
#869=EDGE_CURVE('',#678,#567,#510,.T.);
#870=EDGE_CURVE('',#679,#678,#511,.T.);
#871=EDGE_CURVE('',#680,#679,#512,.T.);
#872=EDGE_CURVE('',#681,#680,#513,.T.);
#873=EDGE_CURVE('',#583,#681,#514,.T.);
#874=EDGE_CURVE('',#587,#677,#515,.T.);
#875=EDGE_CURVE('',#679,#677,#84,.T.);
#876=EDGE_CURVE('',#680,#676,#85,.T.);
#877=EDGE_CURVE('',#653,#674,#300,.T.);
#878=EDGE_CURVE('',#652,#682,#516,.F.);
#879=EDGE_CURVE('',#682,#675,#301,.T.);
#880=EDGE_CURVE('',#672,#654,#302,.T.);
#881=EDGE_CURVE('',#613,#635,#303,.T.);
#882=EDGE_CURVE('',#634,#610,#304,.T.);
#883=EDGE_CURVE('',#683,#673,#305,.T.);
#884=EDGE_CURVE('',#683,#655,#517,.F.);
#885=EDGE_CURVE('',#633,#684,#518,.F.);
#886=EDGE_CURVE('',#684,#611,#306,.T.);
#887=EDGE_CURVE('',#685,#612,#307,.T.);
#888=EDGE_CURVE('',#685,#636,#519,.F.);
#889=EDGE_CURVE('',#682,#683,#520,.F.);
#890=EDGE_CURVE('',#684,#685,#521,.F.);
#891=EDGE_CURVE('',#658,#669,#308,.T.);
#892=EDGE_CURVE('',#661,#670,#309,.T.);
#893=EDGE_CURVE('',#667,#659,#310,.T.);
#894=EDGE_CURVE('',#618,#638,#311,.T.);
#895=EDGE_CURVE('',#637,#615,#312,.T.);
#896=EDGE_CURVE('',#660,#668,#313,.T.);
#897=EDGE_CURVE('',#616,#640,#314,.T.);
#898=EDGE_CURVE('',#617,#639,#315,.T.);
#899=EDGE_CURVE('',#686,#686,#86,.T.);
#900=EDGE_CURVE('',#686,#671,#316,.T.);
#901=EDGE_CURVE('',#614,#687,#317,.T.);
#902=EDGE_CURVE('',#687,#687,#87,.T.);
#903=EDGE_CURVE('',#688,#580,#522,.T.);
#904=EDGE_CURVE('',#688,#689,#523,.T.);
#905=EDGE_CURVE('',#689,#690,#524,.T.);
#906=EDGE_CURVE('',#690,#691,#525,.T.);
#907=EDGE_CURVE('',#663,#691,#526,.T.);
#908=EDGE_CURVE('',#692,#688,#527,.T.);
#909=EDGE_CURVE('',#692,#693,#318,.T.);
#910=EDGE_CURVE('',#693,#694,#528,.T.);
#911=EDGE_CURVE('',#694,#695,#529,.T.);
#912=EDGE_CURVE('',#689,#695,#319,.T.);
#913=EDGE_CURVE('',#695,#696,#530,.T.);
#914=EDGE_CURVE('',#690,#696,#320,.T.);
#915=EDGE_CURVE('',#691,#697,#531,.T.);
#916=EDGE_CURVE('',#696,#697,#532,.T.);
#917=EDGE_CURVE('',#698,#692,#533,.T.);
#918=EDGE_CURVE('',#698,#699,#321,.T.);
#919=EDGE_CURVE('',#699,#693,#534,.T.);
#920=EDGE_CURVE('',#697,#700,#535,.T.);
#921=EDGE_CURVE('',#701,#694,#536,.T.);
#922=EDGE_CURVE('',#701,#702,#537,.T.);
#923=EDGE_CURVE('',#702,#703,#538,.T.);
#924=EDGE_CURVE('',#703,#700,#539,.T.);
#925=EDGE_CURVE('',#704,#701,#540,.T.);
#926=EDGE_CURVE('',#704,#643,#322,.T.);
#927=EDGE_CURVE('',#702,#649,#323,.T.);
#928=EDGE_CURVE('',#705,#704,#541,.T.);
#929=EDGE_CURVE('',#705,#644,#324,.T.);
#930=EDGE_CURVE('',#700,#647,#542,.T.);
#931=EDGE_CURVE('',#703,#648,#325,.T.);
#932=EDGE_CURVE('',#706,#707,#88,.T.);
#933=EDGE_CURVE('',#707,#706,#543,.F.);
#934=EDGE_CURVE('',#708,#709,#89,.T.);
#935=EDGE_CURVE('',#708,#709,#544,.F.);
#936=EDGE_CURVE('',#708,#710,#545,.T.);
#937=EDGE_CURVE('',#710,#709,#546,.T.);
#938=EDGE_CURVE('',#711,#706,#547,.T.);
#939=EDGE_CURVE('',#707,#711,#548,.T.);
#940=EDGE_CURVE('',#712,#713,#549,.T.);
#941=EDGE_CURVE('',#714,#712,#550,.T.);
#942=EDGE_CURVE('',#713,#714,#551,.T.);
#943=EDGE_CURVE('',#713,#711,#552,.T.);
#944=EDGE_CURVE('',#714,#628,#90,.T.);
#945=EDGE_CURVE('',#629,#712,#91,.T.);
#946=EDGE_CURVE('',#715,#716,#553,.T.);
#947=EDGE_CURVE('',#717,#715,#554,.T.);
#948=EDGE_CURVE('',#716,#717,#555,.T.);
#949=EDGE_CURVE('',#716,#710,#556,.T.);
#950=EDGE_CURVE('',#717,#656,#92,.T.);
#951=EDGE_CURVE('',#651,#715,#93,.T.);
#952=EDGE_CURVE('',#718,#601,#326,.T.);
#953=EDGE_CURVE('',#718,#719,#94,.T.);
#954=EDGE_CURVE('',#719,#602,#327,.T.);
#955=EDGE_CURVE('',#720,#719,#328,.T.);
#956=EDGE_CURVE('',#720,#603,#329,.T.);
#957=EDGE_CURVE('',#721,#600,#330,.T.);
#958=EDGE_CURVE('',#721,#718,#331,.T.);
#959=EDGE_CURVE('',#662,#631,#332,.T.);
#960=EDGE_CURVE('',#589,#722,#333,.T.);
#961=EDGE_CURVE('',#722,#723,#334,.T.);
#962=EDGE_CURVE('',#723,#598,#335,.T.);
#963=EDGE_CURVE('',#724,#722,#336,.T.);
#964=EDGE_CURVE('',#724,#720,#95,.T.);
#965=EDGE_CURVE('',#721,#725,#96,.T.);
#966=EDGE_CURVE('',#723,#725,#337,.T.);
#967=EDGE_CURVE('',#725,#599,#338,.T.);
#968=EDGE_CURVE('',#724,#604,#339,.T.);
#969=EDGE_CURVE('',#645,#726,#557,.T.);
#970=EDGE_CURVE('',#726,#705,#558,.T.);
#971=EDGE_CURVE('',#726,#727,#559,.T.);
#972=EDGE_CURVE('',#727,#699,#560,.T.);
#973=EDGE_CURVE('',#727,#728,#561,.T.);
#974=EDGE_CURVE('',#728,#698,#562,.T.);
#975=EDGE_CURVE('',#729,#579,#563,.T.);
#976=EDGE_CURVE('',#728,#729,#564,.T.);
#977=EDGE_CURVE('',#729,#623,#565,.T.);
#978=ORIENTED_EDGE('',*,*,#730,.F.);
#979=ORIENTED_EDGE('',*,*,#731,.F.);
#980=ORIENTED_EDGE('',*,*,#732,.F.);
#981=ORIENTED_EDGE('',*,*,#733,.F.);
#982=ORIENTED_EDGE('',*,*,#734,.F.);
#983=ORIENTED_EDGE('',*,*,#735,.F.);
#984=ORIENTED_EDGE('',*,*,#736,.F.);
#985=ORIENTED_EDGE('',*,*,#737,.F.);
#986=ORIENTED_EDGE('',*,*,#738,.F.);
#987=ORIENTED_EDGE('',*,*,#739,.F.);
#988=ORIENTED_EDGE('',*,*,#740,.F.);
#989=ORIENTED_EDGE('',*,*,#741,.F.);
#990=ORIENTED_EDGE('',*,*,#742,.F.);
#991=ORIENTED_EDGE('',*,*,#743,.F.);
#992=ORIENTED_EDGE('',*,*,#744,.F.);
#993=ORIENTED_EDGE('',*,*,#745,.F.);
#994=ORIENTED_EDGE('',*,*,#746,.F.);
#995=ORIENTED_EDGE('',*,*,#747,.F.);
#996=ORIENTED_EDGE('',*,*,#748,.F.);
#997=ORIENTED_EDGE('',*,*,#749,.F.);
#998=ORIENTED_EDGE('',*,*,#750,.F.);
#999=ORIENTED_EDGE('',*,*,#751,.F.);
#1000=ORIENTED_EDGE('',*,*,#752,.F.);
#1001=ORIENTED_EDGE('',*,*,#753,.F.);
#1002=ORIENTED_EDGE('',*,*,#754,.F.);
#1003=ORIENTED_EDGE('',*,*,#755,.F.);
#1004=ORIENTED_EDGE('',*,*,#756,.F.);
#1005=ORIENTED_EDGE('',*,*,#757,.F.);
#1006=ORIENTED_EDGE('',*,*,#758,.F.);
#1007=ORIENTED_EDGE('',*,*,#759,.F.);
#1008=ORIENTED_EDGE('',*,*,#760,.F.);
#1009=ORIENTED_EDGE('',*,*,#761,.F.);
#1010=ORIENTED_EDGE('',*,*,#762,.F.);
#1011=ORIENTED_EDGE('',*,*,#763,.F.);
#1012=ORIENTED_EDGE('',*,*,#764,.F.);
#1013=ORIENTED_EDGE('',*,*,#765,.F.);
#1014=ORIENTED_EDGE('',*,*,#766,.F.);
#1015=ORIENTED_EDGE('',*,*,#767,.F.);
#1016=ORIENTED_EDGE('',*,*,#768,.F.);
#1017=ORIENTED_EDGE('',*,*,#740,.T.);
#1018=ORIENTED_EDGE('',*,*,#769,.T.);
#1019=ORIENTED_EDGE('',*,*,#770,.T.);
#1020=ORIENTED_EDGE('',*,*,#771,.T.);
#1021=ORIENTED_EDGE('',*,*,#772,.T.);
#1022=ORIENTED_EDGE('',*,*,#739,.T.);
#1023=ORIENTED_EDGE('',*,*,#773,.F.);
#1024=ORIENTED_EDGE('',*,*,#774,.T.);
#1025=ORIENTED_EDGE('',*,*,#769,.F.);
#1026=ORIENTED_EDGE('',*,*,#738,.T.);
#1027=ORIENTED_EDGE('',*,*,#775,.T.);
#1028=ORIENTED_EDGE('',*,*,#776,.T.);
#1029=ORIENTED_EDGE('',*,*,#773,.T.);
#1030=ORIENTED_EDGE('',*,*,#777,.T.);
#1031=ORIENTED_EDGE('',*,*,#778,.T.);
#1032=ORIENTED_EDGE('',*,*,#779,.T.);
#1033=ORIENTED_EDGE('',*,*,#780,.T.);
#1034=ORIENTED_EDGE('',*,*,#781,.T.);
#1035=ORIENTED_EDGE('',*,*,#782,.T.);
#1036=ORIENTED_EDGE('',*,*,#783,.T.);
#1037=ORIENTED_EDGE('',*,*,#784,.T.);
#1038=ORIENTED_EDGE('',*,*,#785,.T.);
#1039=ORIENTED_EDGE('',*,*,#737,.T.);
#1040=ORIENTED_EDGE('',*,*,#786,.F.);
#1041=ORIENTED_EDGE('',*,*,#787,.F.);
#1042=ORIENTED_EDGE('',*,*,#775,.F.);
#1043=ORIENTED_EDGE('',*,*,#736,.T.);
#1044=ORIENTED_EDGE('',*,*,#788,.T.);
#1045=ORIENTED_EDGE('',*,*,#789,.T.);
#1046=ORIENTED_EDGE('',*,*,#790,.T.);
#1047=ORIENTED_EDGE('',*,*,#786,.T.);
#1048=ORIENTED_EDGE('',*,*,#741,.T.);
#1049=ORIENTED_EDGE('',*,*,#772,.F.);
#1050=ORIENTED_EDGE('',*,*,#771,.F.);
#1051=ORIENTED_EDGE('',*,*,#791,.F.);
#1052=ORIENTED_EDGE('',*,*,#789,.F.);
#1053=ORIENTED_EDGE('',*,*,#788,.F.);
#1054=ORIENTED_EDGE('',*,*,#735,.T.);
#1055=ORIENTED_EDGE('',*,*,#792,.F.);
#1056=ORIENTED_EDGE('',*,*,#793,.F.);
#1057=ORIENTED_EDGE('',*,*,#794,.T.);
#1058=ORIENTED_EDGE('',*,*,#734,.T.);
#1059=ORIENTED_EDGE('',*,*,#795,.F.);
#1060=ORIENTED_EDGE('',*,*,#796,.F.);
#1061=ORIENTED_EDGE('',*,*,#792,.T.);
#1062=ORIENTED_EDGE('',*,*,#733,.T.);
#1063=ORIENTED_EDGE('',*,*,#797,.F.);
#1064=ORIENTED_EDGE('',*,*,#798,.F.);
#1065=ORIENTED_EDGE('',*,*,#795,.T.);
#1066=ORIENTED_EDGE('',*,*,#732,.T.);
#1067=ORIENTED_EDGE('',*,*,#799,.F.);
#1068=ORIENTED_EDGE('',*,*,#800,.F.);
#1069=ORIENTED_EDGE('',*,*,#797,.T.);
#1070=ORIENTED_EDGE('',*,*,#731,.T.);
#1071=ORIENTED_EDGE('',*,*,#801,.F.);
#1072=ORIENTED_EDGE('',*,*,#802,.F.);
#1073=ORIENTED_EDGE('',*,*,#799,.T.);
#1074=ORIENTED_EDGE('',*,*,#760,.T.);
#1075=ORIENTED_EDGE('',*,*,#803,.F.);
#1076=ORIENTED_EDGE('',*,*,#804,.T.);
#1077=ORIENTED_EDGE('',*,*,#805,.F.);
#1078=ORIENTED_EDGE('',*,*,#806,.F.);
#1079=ORIENTED_EDGE('',*,*,#807,.T.);
#1080=ORIENTED_EDGE('',*,*,#759,.T.);
#1081=ORIENTED_EDGE('',*,*,#808,.F.);
#1082=ORIENTED_EDGE('',*,*,#809,.F.);
#1083=ORIENTED_EDGE('',*,*,#805,.T.);
#1084=ORIENTED_EDGE('',*,*,#810,.F.);
#1085=ORIENTED_EDGE('',*,*,#811,.T.);
#1086=ORIENTED_EDGE('',*,*,#812,.T.);
#1087=ORIENTED_EDGE('',*,*,#813,.T.);
#1088=ORIENTED_EDGE('',*,*,#814,.F.);
#1089=ORIENTED_EDGE('',*,*,#803,.T.);
#1090=ORIENTED_EDGE('',*,*,#815,.T.);
#1091=ORIENTED_EDGE('',*,*,#816,.T.);
#1092=ORIENTED_EDGE('',*,*,#817,.T.);
#1093=ORIENTED_EDGE('',*,*,#818,.T.);
#1094=ORIENTED_EDGE('',*,*,#758,.T.);
#1095=ORIENTED_EDGE('',*,*,#819,.F.);
#1096=ORIENTED_EDGE('',*,*,#820,.F.);
#1097=ORIENTED_EDGE('',*,*,#808,.T.);
#1098=ORIENTED_EDGE('',*,*,#757,.T.);
#1099=ORIENTED_EDGE('',*,*,#821,.F.);
#1100=ORIENTED_EDGE('',*,*,#822,.T.);
#1101=ORIENTED_EDGE('',*,*,#823,.T.);
#1102=ORIENTED_EDGE('',*,*,#824,.T.);
#1103=ORIENTED_EDGE('',*,*,#825,.F.);
#1104=ORIENTED_EDGE('',*,*,#819,.T.);
#1105=ORIENTED_EDGE('',*,*,#756,.T.);
#1106=ORIENTED_EDGE('',*,*,#826,.F.);
#1107=ORIENTED_EDGE('',*,*,#827,.F.);
#1108=ORIENTED_EDGE('',*,*,#828,.T.);
#1109=ORIENTED_EDGE('',*,*,#829,.T.);
#1110=ORIENTED_EDGE('',*,*,#830,.T.);
#1111=ORIENTED_EDGE('',*,*,#821,.T.);
#1112=ORIENTED_EDGE('',*,*,#755,.T.);
#1113=ORIENTED_EDGE('',*,*,#831,.F.);
#1114=ORIENTED_EDGE('',*,*,#832,.F.);
#1115=ORIENTED_EDGE('',*,*,#826,.T.);
#1116=ORIENTED_EDGE('',*,*,#754,.T.);
#1117=ORIENTED_EDGE('',*,*,#833,.F.);
#1118=ORIENTED_EDGE('',*,*,#834,.F.);
#1119=ORIENTED_EDGE('',*,*,#835,.T.);
#1120=ORIENTED_EDGE('',*,*,#836,.T.);
#1121=ORIENTED_EDGE('',*,*,#837,.T.);
#1122=ORIENTED_EDGE('',*,*,#838,.F.);
#1123=ORIENTED_EDGE('',*,*,#839,.F.);
#1124=ORIENTED_EDGE('',*,*,#840,.F.);
#1125=ORIENTED_EDGE('',*,*,#831,.T.);
#1126=ORIENTED_EDGE('',*,*,#841,.T.);
#1127=ORIENTED_EDGE('',*,*,#842,.T.);
#1128=ORIENTED_EDGE('',*,*,#843,.T.);
#1129=ORIENTED_EDGE('',*,*,#844,.T.);
#1130=ORIENTED_EDGE('',*,*,#753,.T.);
#1131=ORIENTED_EDGE('',*,*,#845,.T.);
#1132=ORIENTED_EDGE('',*,*,#846,.F.);
#1133=ORIENTED_EDGE('',*,*,#839,.T.);
#1134=ORIENTED_EDGE('',*,*,#847,.T.);
#1135=ORIENTED_EDGE('',*,*,#833,.T.);
#1136=ORIENTED_EDGE('',*,*,#745,.T.);
#1137=ORIENTED_EDGE('',*,*,#848,.F.);
#1138=ORIENTED_EDGE('',*,*,#849,.F.);
#1139=ORIENTED_EDGE('',*,*,#850,.T.);
#1140=ORIENTED_EDGE('',*,*,#851,.F.);
#1141=ORIENTED_EDGE('',*,*,#774,.F.);
#1142=ORIENTED_EDGE('',*,*,#776,.F.);
#1143=ORIENTED_EDGE('',*,*,#787,.T.);
#1144=ORIENTED_EDGE('',*,*,#749,.T.);
#1145=ORIENTED_EDGE('',*,*,#852,.F.);
#1146=ORIENTED_EDGE('',*,*,#853,.F.);
#1147=ORIENTED_EDGE('',*,*,#854,.F.);
#1148=ORIENTED_EDGE('',*,*,#855,.F.);
#1149=ORIENTED_EDGE('',*,*,#856,.F.);
#1150=ORIENTED_EDGE('',*,*,#857,.F.);
#1151=ORIENTED_EDGE('',*,*,#858,.F.);
#1152=ORIENTED_EDGE('',*,*,#859,.F.);
#1153=ORIENTED_EDGE('',*,*,#860,.F.);
#1154=ORIENTED_EDGE('',*,*,#861,.F.);
#1155=ORIENTED_EDGE('',*,*,#862,.F.);
#1156=ORIENTED_EDGE('',*,*,#863,.F.);
#1157=ORIENTED_EDGE('',*,*,#748,.T.);
#1158=ORIENTED_EDGE('',*,*,#864,.F.);
#1159=ORIENTED_EDGE('',*,*,#865,.F.);
#1160=ORIENTED_EDGE('',*,*,#852,.T.);
#1161=ORIENTED_EDGE('',*,*,#866,.F.);
#1162=ORIENTED_EDGE('',*,*,#867,.F.);
#1163=ORIENTED_EDGE('',*,*,#853,.T.);
#1164=ORIENTED_EDGE('',*,*,#865,.T.);
#1165=ORIENTED_EDGE('',*,*,#746,.T.);
#1166=ORIENTED_EDGE('',*,*,#850,.F.);
#1167=ORIENTED_EDGE('',*,*,#868,.F.);
#1168=ORIENTED_EDGE('',*,*,#801,.T.);
#1169=ORIENTED_EDGE('',*,*,#730,.T.);
#1170=ORIENTED_EDGE('',*,*,#869,.F.);
#1171=ORIENTED_EDGE('',*,*,#870,.F.);
#1172=ORIENTED_EDGE('',*,*,#871,.F.);
#1173=ORIENTED_EDGE('',*,*,#872,.F.);
#1174=ORIENTED_EDGE('',*,*,#873,.F.);
#1175=ORIENTED_EDGE('',*,*,#750,.T.);
#1176=ORIENTED_EDGE('',*,*,#854,.T.);
#1177=ORIENTED_EDGE('',*,*,#867,.T.);
#1178=ORIENTED_EDGE('',*,*,#874,.F.);
#1179=ORIENTED_EDGE('',*,*,#751,.T.);
#1180=ORIENTED_EDGE('',*,*,#874,.T.);
#1181=ORIENTED_EDGE('',*,*,#875,.F.);
#1182=ORIENTED_EDGE('',*,*,#870,.T.);
#1183=ORIENTED_EDGE('',*,*,#869,.T.);
#1184=ORIENTED_EDGE('',*,*,#876,.F.);
#1185=ORIENTED_EDGE('',*,*,#871,.T.);
#1186=ORIENTED_EDGE('',*,*,#875,.T.);
#1187=ORIENTED_EDGE('',*,*,#866,.T.);
#1188=ORIENTED_EDGE('',*,*,#747,.T.);
#1189=ORIENTED_EDGE('',*,*,#873,.T.);
#1190=ORIENTED_EDGE('',*,*,#872,.T.);
#1191=ORIENTED_EDGE('',*,*,#876,.T.);
#1192=ORIENTED_EDGE('',*,*,#864,.T.);
#1193=ORIENTED_EDGE('',*,*,#790,.F.);
#1194=ORIENTED_EDGE('',*,*,#791,.T.);
#1195=ORIENTED_EDGE('',*,*,#770,.F.);
#1196=ORIENTED_EDGE('',*,*,#851,.T.);
#1197=ORIENTED_EDGE('',*,*,#862,.T.);
#1198=ORIENTED_EDGE('',*,*,#877,.F.);
#1199=ORIENTED_EDGE('',*,*,#835,.F.);
#1200=ORIENTED_EDGE('',*,*,#878,.T.);
#1201=ORIENTED_EDGE('',*,*,#879,.T.);
#1202=ORIENTED_EDGE('',*,*,#861,.T.);
#1203=ORIENTED_EDGE('',*,*,#880,.T.);
#1204=ORIENTED_EDGE('',*,*,#836,.F.);
#1205=ORIENTED_EDGE('',*,*,#877,.T.);
#1206=ORIENTED_EDGE('',*,*,#780,.F.);
#1207=ORIENTED_EDGE('',*,*,#881,.T.);
#1208=ORIENTED_EDGE('',*,*,#812,.F.);
#1209=ORIENTED_EDGE('',*,*,#882,.T.);
#1210=ORIENTED_EDGE('',*,*,#860,.T.);
#1211=ORIENTED_EDGE('',*,*,#883,.F.);
#1212=ORIENTED_EDGE('',*,*,#884,.T.);
#1213=ORIENTED_EDGE('',*,*,#837,.F.);
#1214=ORIENTED_EDGE('',*,*,#880,.F.);
#1215=ORIENTED_EDGE('',*,*,#777,.F.);
#1216=ORIENTED_EDGE('',*,*,#882,.F.);
#1217=ORIENTED_EDGE('',*,*,#811,.F.);
#1218=ORIENTED_EDGE('',*,*,#885,.T.);
#1219=ORIENTED_EDGE('',*,*,#886,.T.);
#1220=ORIENTED_EDGE('',*,*,#779,.F.);
#1221=ORIENTED_EDGE('',*,*,#887,.F.);
#1222=ORIENTED_EDGE('',*,*,#888,.T.);
#1223=ORIENTED_EDGE('',*,*,#813,.F.);
#1224=ORIENTED_EDGE('',*,*,#881,.F.);
#1225=ORIENTED_EDGE('',*,*,#863,.T.);
#1226=ORIENTED_EDGE('',*,*,#879,.F.);
#1227=ORIENTED_EDGE('',*,*,#889,.T.);
#1228=ORIENTED_EDGE('',*,*,#883,.T.);
#1229=ORIENTED_EDGE('',*,*,#778,.F.);
#1230=ORIENTED_EDGE('',*,*,#886,.F.);
#1231=ORIENTED_EDGE('',*,*,#890,.T.);
#1232=ORIENTED_EDGE('',*,*,#887,.T.);
#1233=ORIENTED_EDGE('',*,*,#857,.T.);
#1234=ORIENTED_EDGE('',*,*,#891,.F.);
#1235=ORIENTED_EDGE('',*,*,#844,.F.);
#1236=ORIENTED_EDGE('',*,*,#892,.T.);
#1237=ORIENTED_EDGE('',*,*,#856,.T.);
#1238=ORIENTED_EDGE('',*,*,#893,.T.);
#1239=ORIENTED_EDGE('',*,*,#841,.F.);
#1240=ORIENTED_EDGE('',*,*,#891,.T.);
#1241=ORIENTED_EDGE('',*,*,#785,.F.);
#1242=ORIENTED_EDGE('',*,*,#894,.T.);
#1243=ORIENTED_EDGE('',*,*,#815,.F.);
#1244=ORIENTED_EDGE('',*,*,#895,.T.);
#1245=ORIENTED_EDGE('',*,*,#855,.T.);
#1246=ORIENTED_EDGE('',*,*,#896,.F.);
#1247=ORIENTED_EDGE('',*,*,#842,.F.);
#1248=ORIENTED_EDGE('',*,*,#893,.F.);
#1249=ORIENTED_EDGE('',*,*,#782,.F.);
#1250=ORIENTED_EDGE('',*,*,#895,.F.);
#1251=ORIENTED_EDGE('',*,*,#818,.F.);
#1252=ORIENTED_EDGE('',*,*,#897,.F.);
#1253=ORIENTED_EDGE('',*,*,#784,.F.);
#1254=ORIENTED_EDGE('',*,*,#898,.T.);
#1255=ORIENTED_EDGE('',*,*,#816,.F.);
#1256=ORIENTED_EDGE('',*,*,#894,.F.);
#1257=ORIENTED_EDGE('',*,*,#858,.T.);
#1258=ORIENTED_EDGE('',*,*,#892,.F.);
#1259=ORIENTED_EDGE('',*,*,#843,.F.);
#1260=ORIENTED_EDGE('',*,*,#896,.T.);
#1261=ORIENTED_EDGE('',*,*,#783,.F.);
#1262=ORIENTED_EDGE('',*,*,#897,.T.);
#1263=ORIENTED_EDGE('',*,*,#817,.F.);
#1264=ORIENTED_EDGE('',*,*,#898,.F.);
#1265=ORIENTED_EDGE('',*,*,#899,.T.);
#1266=ORIENTED_EDGE('',*,*,#900,.T.);
#1267=ORIENTED_EDGE('',*,*,#859,.T.);
#1268=ORIENTED_EDGE('',*,*,#900,.F.);
#1269=ORIENTED_EDGE('',*,*,#781,.F.);
#1270=ORIENTED_EDGE('',*,*,#901,.T.);
#1271=ORIENTED_EDGE('',*,*,#902,.F.);
#1272=ORIENTED_EDGE('',*,*,#901,.F.);
#1273=ORIENTED_EDGE('',*,*,#744,.T.);
#1274=ORIENTED_EDGE('',*,*,#903,.F.);
#1275=ORIENTED_EDGE('',*,*,#904,.T.);
#1276=ORIENTED_EDGE('',*,*,#905,.T.);
#1277=ORIENTED_EDGE('',*,*,#906,.T.);
#1278=ORIENTED_EDGE('',*,*,#907,.F.);
#1279=ORIENTED_EDGE('',*,*,#848,.T.);
#1280=ORIENTED_EDGE('',*,*,#904,.F.);
#1281=ORIENTED_EDGE('',*,*,#908,.F.);
#1282=ORIENTED_EDGE('',*,*,#909,.T.);
#1283=ORIENTED_EDGE('',*,*,#910,.T.);
#1284=ORIENTED_EDGE('',*,*,#911,.T.);
#1285=ORIENTED_EDGE('',*,*,#912,.F.);
#1286=ORIENTED_EDGE('',*,*,#905,.F.);
#1287=ORIENTED_EDGE('',*,*,#912,.T.);
#1288=ORIENTED_EDGE('',*,*,#913,.T.);
#1289=ORIENTED_EDGE('',*,*,#914,.F.);
#1290=ORIENTED_EDGE('',*,*,#915,.F.);
#1291=ORIENTED_EDGE('',*,*,#906,.F.);
#1292=ORIENTED_EDGE('',*,*,#914,.T.);
#1293=ORIENTED_EDGE('',*,*,#916,.T.);
#1294=ORIENTED_EDGE('',*,*,#917,.F.);
#1295=ORIENTED_EDGE('',*,*,#918,.T.);
#1296=ORIENTED_EDGE('',*,*,#919,.T.);
#1297=ORIENTED_EDGE('',*,*,#909,.F.);
#1298=ORIENTED_EDGE('',*,*,#920,.F.);
#1299=ORIENTED_EDGE('',*,*,#916,.F.);
#1300=ORIENTED_EDGE('',*,*,#913,.F.);
#1301=ORIENTED_EDGE('',*,*,#911,.F.);
#1302=ORIENTED_EDGE('',*,*,#921,.F.);
#1303=ORIENTED_EDGE('',*,*,#922,.T.);
#1304=ORIENTED_EDGE('',*,*,#923,.T.);
#1305=ORIENTED_EDGE('',*,*,#924,.T.);
#1306=ORIENTED_EDGE('',*,*,#922,.F.);
#1307=ORIENTED_EDGE('',*,*,#925,.F.);
#1308=ORIENTED_EDGE('',*,*,#926,.T.);
#1309=ORIENTED_EDGE('',*,*,#822,.F.);
#1310=ORIENTED_EDGE('',*,*,#830,.F.);
#1311=ORIENTED_EDGE('',*,*,#927,.F.);
#1312=ORIENTED_EDGE('',*,*,#928,.F.);
#1313=ORIENTED_EDGE('',*,*,#929,.T.);
#1314=ORIENTED_EDGE('',*,*,#823,.F.);
#1315=ORIENTED_EDGE('',*,*,#926,.F.);
#1316=ORIENTED_EDGE('',*,*,#930,.F.);
#1317=ORIENTED_EDGE('',*,*,#924,.F.);
#1318=ORIENTED_EDGE('',*,*,#931,.T.);
#1319=ORIENTED_EDGE('',*,*,#828,.F.);
#1320=ORIENTED_EDGE('',*,*,#923,.F.);
#1321=ORIENTED_EDGE('',*,*,#927,.T.);
#1322=ORIENTED_EDGE('',*,*,#829,.F.);
#1323=ORIENTED_EDGE('',*,*,#931,.F.);
#1324=ORIENTED_EDGE('',*,*,#932,.T.);
#1325=ORIENTED_EDGE('',*,*,#933,.T.);
#1326=ORIENTED_EDGE('',*,*,#902,.T.);
#1327=ORIENTED_EDGE('',*,*,#934,.F.);
#1328=ORIENTED_EDGE('',*,*,#935,.T.);
#1329=ORIENTED_EDGE('',*,*,#899,.F.);
#1330=ORIENTED_EDGE('',*,*,#936,.F.);
#1331=ORIENTED_EDGE('',*,*,#934,.T.);
#1332=ORIENTED_EDGE('',*,*,#937,.F.);
#1333=ORIENTED_EDGE('',*,*,#938,.F.);
#1334=ORIENTED_EDGE('',*,*,#939,.F.);
#1335=ORIENTED_EDGE('',*,*,#932,.F.);
#1336=ORIENTED_EDGE('',*,*,#940,.F.);
#1337=ORIENTED_EDGE('',*,*,#941,.F.);
#1338=ORIENTED_EDGE('',*,*,#942,.F.);
#1339=ORIENTED_EDGE('',*,*,#943,.T.);
#1340=ORIENTED_EDGE('',*,*,#938,.T.);
#1341=ORIENTED_EDGE('',*,*,#933,.F.);
#1342=ORIENTED_EDGE('',*,*,#939,.T.);
#1343=ORIENTED_EDGE('',*,*,#943,.F.);
#1344=ORIENTED_EDGE('',*,*,#804,.F.);
#1345=ORIENTED_EDGE('',*,*,#944,.F.);
#1346=ORIENTED_EDGE('',*,*,#941,.T.);
#1347=ORIENTED_EDGE('',*,*,#945,.F.);
#1348=ORIENTED_EDGE('',*,*,#888,.F.);
#1349=ORIENTED_EDGE('',*,*,#890,.F.);
#1350=ORIENTED_EDGE('',*,*,#885,.F.);
#1351=ORIENTED_EDGE('',*,*,#810,.T.);
#1352=ORIENTED_EDGE('',*,*,#945,.T.);
#1353=ORIENTED_EDGE('',*,*,#940,.T.);
#1354=ORIENTED_EDGE('',*,*,#942,.T.);
#1355=ORIENTED_EDGE('',*,*,#944,.T.);
#1356=ORIENTED_EDGE('',*,*,#814,.T.);
#1357=ORIENTED_EDGE('',*,*,#946,.F.);
#1358=ORIENTED_EDGE('',*,*,#947,.F.);
#1359=ORIENTED_EDGE('',*,*,#948,.F.);
#1360=ORIENTED_EDGE('',*,*,#949,.T.);
#1361=ORIENTED_EDGE('',*,*,#937,.T.);
#1362=ORIENTED_EDGE('',*,*,#935,.F.);
#1363=ORIENTED_EDGE('',*,*,#936,.T.);
#1364=ORIENTED_EDGE('',*,*,#949,.F.);
#1365=ORIENTED_EDGE('',*,*,#847,.F.);
#1366=ORIENTED_EDGE('',*,*,#950,.F.);
#1367=ORIENTED_EDGE('',*,*,#947,.T.);
#1368=ORIENTED_EDGE('',*,*,#951,.F.);
#1369=ORIENTED_EDGE('',*,*,#884,.F.);
#1370=ORIENTED_EDGE('',*,*,#889,.F.);
#1371=ORIENTED_EDGE('',*,*,#878,.F.);
#1372=ORIENTED_EDGE('',*,*,#834,.T.);
#1373=ORIENTED_EDGE('',*,*,#951,.T.);
#1374=ORIENTED_EDGE('',*,*,#946,.T.);
#1375=ORIENTED_EDGE('',*,*,#948,.T.);
#1376=ORIENTED_EDGE('',*,*,#950,.T.);
#1377=ORIENTED_EDGE('',*,*,#838,.T.);
#1378=ORIENTED_EDGE('',*,*,#765,.T.);
#1379=ORIENTED_EDGE('',*,*,#952,.F.);
#1380=ORIENTED_EDGE('',*,*,#953,.T.);
#1381=ORIENTED_EDGE('',*,*,#954,.T.);
#1382=ORIENTED_EDGE('',*,*,#766,.T.);
#1383=ORIENTED_EDGE('',*,*,#954,.F.);
#1384=ORIENTED_EDGE('',*,*,#955,.F.);
#1385=ORIENTED_EDGE('',*,*,#956,.T.);
#1386=ORIENTED_EDGE('',*,*,#764,.T.);
#1387=ORIENTED_EDGE('',*,*,#957,.F.);
#1388=ORIENTED_EDGE('',*,*,#958,.T.);
#1389=ORIENTED_EDGE('',*,*,#952,.T.);
#1390=ORIENTED_EDGE('',*,*,#761,.T.);
#1391=ORIENTED_EDGE('',*,*,#807,.F.);
#1392=ORIENTED_EDGE('',*,*,#959,.F.);
#1393=ORIENTED_EDGE('',*,*,#845,.F.);
#1394=ORIENTED_EDGE('',*,*,#752,.T.);
#1395=ORIENTED_EDGE('',*,*,#960,.T.);
#1396=ORIENTED_EDGE('',*,*,#961,.T.);
#1397=ORIENTED_EDGE('',*,*,#962,.T.);
#1398=ORIENTED_EDGE('',*,*,#961,.F.);
#1399=ORIENTED_EDGE('',*,*,#963,.F.);
#1400=ORIENTED_EDGE('',*,*,#964,.T.);
#1401=ORIENTED_EDGE('',*,*,#955,.T.);
#1402=ORIENTED_EDGE('',*,*,#953,.F.);
#1403=ORIENTED_EDGE('',*,*,#958,.F.);
#1404=ORIENTED_EDGE('',*,*,#965,.T.);
#1405=ORIENTED_EDGE('',*,*,#966,.F.);
#1406=ORIENTED_EDGE('',*,*,#762,.T.);
#1407=ORIENTED_EDGE('',*,*,#962,.F.);
#1408=ORIENTED_EDGE('',*,*,#966,.T.);
#1409=ORIENTED_EDGE('',*,*,#967,.T.);
#1410=ORIENTED_EDGE('',*,*,#763,.T.);
#1411=ORIENTED_EDGE('',*,*,#967,.F.);
#1412=ORIENTED_EDGE('',*,*,#965,.F.);
#1413=ORIENTED_EDGE('',*,*,#957,.T.);
#1414=ORIENTED_EDGE('',*,*,#768,.T.);
#1415=ORIENTED_EDGE('',*,*,#968,.F.);
#1416=ORIENTED_EDGE('',*,*,#963,.T.);
#1417=ORIENTED_EDGE('',*,*,#960,.F.);
#1418=ORIENTED_EDGE('',*,*,#767,.T.);
#1419=ORIENTED_EDGE('',*,*,#956,.F.);
#1420=ORIENTED_EDGE('',*,*,#964,.F.);
#1421=ORIENTED_EDGE('',*,*,#968,.T.);
#1422=ORIENTED_EDGE('',*,*,#969,.F.);
#1423=ORIENTED_EDGE('',*,*,#824,.F.);
#1424=ORIENTED_EDGE('',*,*,#929,.F.);
#1425=ORIENTED_EDGE('',*,*,#970,.F.);
#1426=ORIENTED_EDGE('',*,*,#971,.F.);
#1427=ORIENTED_EDGE('',*,*,#970,.T.);
#1428=ORIENTED_EDGE('',*,*,#928,.T.);
#1429=ORIENTED_EDGE('',*,*,#925,.T.);
#1430=ORIENTED_EDGE('',*,*,#921,.T.);
#1431=ORIENTED_EDGE('',*,*,#910,.F.);
#1432=ORIENTED_EDGE('',*,*,#919,.F.);
#1433=ORIENTED_EDGE('',*,*,#972,.F.);
#1434=ORIENTED_EDGE('',*,*,#973,.F.);
#1435=ORIENTED_EDGE('',*,*,#972,.T.);
#1436=ORIENTED_EDGE('',*,*,#918,.F.);
#1437=ORIENTED_EDGE('',*,*,#974,.F.);
#1438=ORIENTED_EDGE('',*,*,#743,.T.);
#1439=ORIENTED_EDGE('',*,*,#975,.F.);
#1440=ORIENTED_EDGE('',*,*,#976,.F.);
#1441=ORIENTED_EDGE('',*,*,#974,.T.);
#1442=ORIENTED_EDGE('',*,*,#917,.T.);
#1443=ORIENTED_EDGE('',*,*,#908,.T.);
#1444=ORIENTED_EDGE('',*,*,#903,.T.);
#1445=ORIENTED_EDGE('',*,*,#742,.T.);
#1446=ORIENTED_EDGE('',*,*,#794,.F.);
#1447=ORIENTED_EDGE('',*,*,#977,.F.);
#1448=ORIENTED_EDGE('',*,*,#975,.T.);
#1449=ORIENTED_EDGE('',*,*,#809,.T.);
#1450=ORIENTED_EDGE('',*,*,#820,.T.);
#1451=ORIENTED_EDGE('',*,*,#825,.T.);
#1452=ORIENTED_EDGE('',*,*,#969,.T.);
#1453=ORIENTED_EDGE('',*,*,#971,.T.);
#1454=ORIENTED_EDGE('',*,*,#973,.T.);
#1455=ORIENTED_EDGE('',*,*,#976,.T.);
#1456=ORIENTED_EDGE('',*,*,#977,.T.);
#1457=ORIENTED_EDGE('',*,*,#793,.T.);
#1458=ORIENTED_EDGE('',*,*,#796,.T.);
#1459=ORIENTED_EDGE('',*,*,#798,.T.);
#1460=ORIENTED_EDGE('',*,*,#800,.T.);
#1461=ORIENTED_EDGE('',*,*,#802,.T.);
#1462=ORIENTED_EDGE('',*,*,#868,.T.);
#1463=ORIENTED_EDGE('',*,*,#849,.T.);
#1464=ORIENTED_EDGE('',*,*,#907,.T.);
#1465=ORIENTED_EDGE('',*,*,#915,.T.);
#1466=ORIENTED_EDGE('',*,*,#920,.T.);
#1467=ORIENTED_EDGE('',*,*,#930,.T.);
#1468=ORIENTED_EDGE('',*,*,#827,.T.);
#1469=ORIENTED_EDGE('',*,*,#832,.T.);
#1470=ORIENTED_EDGE('',*,*,#840,.T.);
#1471=ORIENTED_EDGE('',*,*,#846,.T.);
#1472=ORIENTED_EDGE('',*,*,#959,.T.);
#1473=ORIENTED_EDGE('',*,*,#806,.T.);
#1474=PLANE('',#1605);
#1475=PLANE('',#1610);
#1476=PLANE('',#1615);
#1477=PLANE('',#1621);
#1478=PLANE('',#1622);
#1479=PLANE('',#1623);
#1480=PLANE('',#1624);
#1481=PLANE('',#1625);
#1482=PLANE('',#1626);
#1483=PLANE('',#1627);
#1484=PLANE('',#1628);
#1485=PLANE('',#1629);
#1486=PLANE('',#1630);
#1487=PLANE('',#1631);
#1488=PLANE('',#1632);
#1489=PLANE('',#1633);
#1490=PLANE('',#1634);
#1491=PLANE('',#1635);
#1492=PLANE('',#1636);
#1493=PLANE('',#1641);
#1494=PLANE('',#1642);
#1495=PLANE('',#1643);
#1496=PLANE('',#1644);
#1497=PLANE('',#1645);
#1498=PLANE('',#1646);
#1499=PLANE('',#1647);
#1500=PLANE('',#1649);
#1501=PLANE('',#1659);
#1502=PLANE('',#1660);
#1503=PLANE('',#1661);
#1504=PLANE('',#1662);
#1505=PLANE('',#1665);
#1506=PLANE('',#1667);
#1507=PLANE('',#1669);
#1508=ADVANCED_FACE('',(#97,#64),#1474,.F.);
#1509=ADVANCED_FACE('',(#98),#24,.T.);
#1510=ADVANCED_FACE('',(#99),#25,.T.);
#1511=ADVANCED_FACE('',(#100,#65,#66,#67),#1475,.F.);
#1512=ADVANCED_FACE('',(#101),#26,.T.);
#1513=ADVANCED_FACE('',(#102),#27,.T.);
#1514=ADVANCED_FACE('',(#103),#28,.T.);
#1515=ADVANCED_FACE('',(#104),#29,.T.);
#1516=ADVANCED_FACE('',(#105),#30,.T.);
#1517=ADVANCED_FACE('',(#106),#31,.F.);
#1518=ADVANCED_FACE('',(#107),#32,.F.);
#1519=ADVANCED_FACE('',(#108),#33,.T.);
#1520=ADVANCED_FACE('',(#109,#68),#34,.T.);
#1521=ADVANCED_FACE('',(#110),#35,.T.);
#1522=ADVANCED_FACE('',(#111),#36,.T.);
#1523=ADVANCED_FACE('',(#112),#37,.F.);
#1524=ADVANCED_FACE('',(#113),#38,.F.);
#1525=ADVANCED_FACE('',(#114,#69),#39,.F.);
#1526=ADVANCED_FACE('',(#115),#40,.F.);
#1527=ADVANCED_FACE('',(#116),#41,.F.);
#1528=ADVANCED_FACE('',(#117),#22,.T.);
#1529=ADVANCED_FACE('',(#118,#70,#71,#72),#1476,.T.);
#1530=ADVANCED_FACE('',(#119),#42,.F.);
#1531=ADVANCED_FACE('',(#120),#23,.T.);
#1532=ADVANCED_FACE('',(#121),#43,.F.);
#1533=ADVANCED_FACE('',(#122),#44,.F.);
#1534=ADVANCED_FACE('',(#123),#45,.T.);
#1535=ADVANCED_FACE('',(#124),#46,.T.);
#1536=ADVANCED_FACE('',(#125),#47,.T.);
#1537=ADVANCED_FACE('',(#126),#48,.T.);
#1538=ADVANCED_FACE('',(#127),#1477,.F.);
#1539=ADVANCED_FACE('',(#128),#1478,.F.);
#1540=ADVANCED_FACE('',(#129),#1479,.F.);
#1541=ADVANCED_FACE('',(#130),#1480,.F.);
#1542=ADVANCED_FACE('',(#131),#1481,.F.);
#1543=ADVANCED_FACE('',(#132),#1482,.F.);
#1544=ADVANCED_FACE('',(#133),#1483,.F.);
#1545=ADVANCED_FACE('',(#134),#1484,.F.);
#1546=ADVANCED_FACE('',(#135),#1485,.F.);
#1547=ADVANCED_FACE('',(#136),#1486,.F.);
#1548=ADVANCED_FACE('',(#137),#1487,.F.);
#1549=ADVANCED_FACE('',(#138),#1488,.F.);
#1550=ADVANCED_FACE('',(#139),#1489,.F.);
#1551=ADVANCED_FACE('',(#140),#1490,.F.);
#1552=ADVANCED_FACE('',(#141),#1491,.F.);
#1553=ADVANCED_FACE('',(#142),#1492,.F.);
#1554=ADVANCED_FACE('',(#143),#15,.F.);
#1555=ADVANCED_FACE('',(#144),#16,.F.);
#1556=ADVANCED_FACE('',(#145),#49,.F.);
#1557=ADVANCED_FACE('',(#146),#1493,.F.);
#1558=ADVANCED_FACE('',(#147),#1494,.F.);
#1559=ADVANCED_FACE('',(#148),#50,.F.);
#1560=ADVANCED_FACE('',(#149),#1495,.F.);
#1561=ADVANCED_FACE('',(#150),#51,.F.);
#1562=ADVANCED_FACE('',(#151),#1496,.F.);
#1563=ADVANCED_FACE('',(#152),#1497,.F.);
#1564=ADVANCED_FACE('',(#153),#52,.F.);
#1565=ADVANCED_FACE('',(#154),#1498,.F.);
#1566=ADVANCED_FACE('',(#155,#73),#1499,.T.);
#1567=ADVANCED_FACE('',(#156,#74),#1500,.F.);
#1568=ADVANCED_FACE('',(#157),#17,.T.);
#1569=ADVANCED_FACE('',(#158),#18,.T.);
#1570=ADVANCED_FACE('',(#159),#53,.T.);
#1571=ADVANCED_FACE('',(#160),#54,.T.);
#1572=ADVANCED_FACE('',(#161),#55,.T.);
#1573=ADVANCED_FACE('',(#162),#56,.T.);
#1574=ADVANCED_FACE('',(#163),#57,.T.);
#1575=ADVANCED_FACE('',(#164),#58,.T.);
#1576=ADVANCED_FACE('',(#165),#19,.F.);
#1577=ADVANCED_FACE('',(#166),#1501,.F.);
#1578=ADVANCED_FACE('',(#167),#1502,.F.);
#1579=ADVANCED_FACE('',(#168),#1503,.T.);
#1580=ADVANCED_FACE('',(#169),#1504,.T.);
#1581=ADVANCED_FACE('',(#170),#1505,.T.);
#1582=ADVANCED_FACE('',(#171),#20,.T.);
#1583=ADVANCED_FACE('',(#172),#1506,.T.);
#1584=ADVANCED_FACE('',(#173),#21,.T.);
#1585=ADVANCED_FACE('',(#174),#59,.F.);
#1586=ADVANCED_FACE('',(#175),#60,.T.);
#1587=ADVANCED_FACE('',(#176),#61,.F.);
#1588=ADVANCED_FACE('',(#177),#62,.T.);
#1589=ADVANCED_FACE('',(#178),#63,.T.);
#1590=ADVANCED_FACE('',(#179),#1507,.T.);
#1591=CLOSED_SHELL('',(#1508,#1509,#1510,#1511,#1512,#1513,#1514,#1515,
#1516,#1517,#1518,#1519,#1520,#1521,#1522,#1523,#1524,#1525,#1526,#1527,
#1528,#1529,#1530,#1531,#1532,#1533,#1534,#1535,#1536,#1537,#1538,#1539,
#1540,#1541,#1542,#1543,#1544,#1545,#1546,#1547,#1548,#1549,#1550,#1551,
#1552,#1553,#1554,#1555,#1556,#1557,#1558,#1559,#1560,#1561,#1562,#1563,
#1564,#1565,#1566,#1567,#1568,#1569,#1570,#1571,#1572,#1573,#1574,#1575,
#1576,#1577,#1578,#1579,#1580,#1581,#1582,#1583,#1584,#1585,#1586,#1587,
#1588,#1589,#1590));
#1592=DERIVED_UNIT_ELEMENT(#1594,1.);
#1593=DERIVED_UNIT_ELEMENT(#7095,-3.);
#1594=(
MASS_UNIT()
NAMED_UNIT(*)
SI_UNIT(.KILO.,.GRAM.)
);
#1595=DERIVED_UNIT((#1592,#1593));
#1596=MEASURE_REPRESENTATION_ITEM('density measure',
POSITIVE_RATIO_MEASURE(7850.),#1595);
#1597=PROPERTY_DEFINITION_REPRESENTATION(#1602,#1599);
#1598=PROPERTY_DEFINITION_REPRESENTATION(#1603,#1600);
#1599=REPRESENTATION('material name',(#1601),#7092);
#1600=REPRESENTATION('density',(#1596),#7092);
#1601=DESCRIPTIVE_REPRESENTATION_ITEM('Steel','Steel');
#1602=PROPERTY_DEFINITION('material property','material name',#7102);
#1603=PROPERTY_DEFINITION('material property','density of part',#7102);
#1604=AXIS2_PLACEMENT_3D('',#1868,#1670,#1671);
#1605=AXIS2_PLACEMENT_3D('',#1869,#1672,#1673);
#1606=AXIS2_PLACEMENT_3D('',#2242,#1679,#1680);
#1607=AXIS2_PLACEMENT_3D('',#2246,#1682,#1683);
#1608=AXIS2_PLACEMENT_3D('',#2250,#1685,#1686);
#1609=AXIS2_PLACEMENT_3D('',#2494,#1688,#1689);
#1610=AXIS2_PLACEMENT_3D('',#2950,#1690,#1691);
#1611=AXIS2_PLACEMENT_3D('',#3076,#1692,#1693);
#1612=AXIS2_PLACEMENT_3D('',#3086,#1698,#1699);
#1613=AXIS2_PLACEMENT_3D('',#3468,#1705,#1706);
#1614=AXIS2_PLACEMENT_3D('',#4363,#1707,#1708);
#1615=AXIS2_PLACEMENT_3D('',#4368,#1709,#1710);
#1616=AXIS2_PLACEMENT_3D('',#4540,#1711,#1712);
#1617=AXIS2_PLACEMENT_3D('',#4674,#1717,#1718);
#1618=AXIS2_PLACEMENT_3D('',#4966,#1723,#1724);
#1619=AXIS2_PLACEMENT_3D('',#5427,#1726,#1727);
#1620=AXIS2_PLACEMENT_3D('',#5448,#1728,#1729);
#1621=AXIS2_PLACEMENT_3D('',#5679,#1730,#1731);
#1622=AXIS2_PLACEMENT_3D('',#5702,#1734,#1735);
#1623=AXIS2_PLACEMENT_3D('',#5704,#1737,#1738);
#1624=AXIS2_PLACEMENT_3D('',#5707,#1741,#1742);
#1625=AXIS2_PLACEMENT_3D('',#5714,#1744,#1745);
#1626=AXIS2_PLACEMENT_3D('',#5723,#1747,#1748);
#1627=AXIS2_PLACEMENT_3D('',#5732,#1750,#1751);
#1628=AXIS2_PLACEMENT_3D('',#5753,#1752,#1753);
#1629=AXIS2_PLACEMENT_3D('',#5776,#1754,#1755);
#1630=AXIS2_PLACEMENT_3D('',#5779,#1758,#1759);
#1631=AXIS2_PLACEMENT_3D('',#5781,#1761,#1762);
#1632=AXIS2_PLACEMENT_3D('',#5784,#1765,#1766);
#1633=AXIS2_PLACEMENT_3D('',#5786,#1768,#1769);
#1634=AXIS2_PLACEMENT_3D('',#5788,#1771,#1772);
#1635=AXIS2_PLACEMENT_3D('',#5790,#1774,#1775);
#1636=AXIS2_PLACEMENT_3D('',#5791,#1776,#1777);
#1637=AXIS2_PLACEMENT_3D('',#5792,#1778,#1779);
#1638=AXIS2_PLACEMENT_3D('',#5794,#1780,#1781);
#1639=AXIS2_PLACEMENT_3D('',#5796,#1783,#1784);
#1640=AXIS2_PLACEMENT_3D('',#5799,#1786,#1787);
#1641=AXIS2_PLACEMENT_3D('',#5864,#1788,#1789);
#1642=AXIS2_PLACEMENT_3D('',#5883,#1792,#1793);
#1643=AXIS2_PLACEMENT_3D('',#5933,#1795,#1796);
#1644=AXIS2_PLACEMENT_3D('',#6024,#1798,#1799);
#1645=AXIS2_PLACEMENT_3D('',#6032,#1802,#1803);
#1646=AXIS2_PLACEMENT_3D('',#6060,#1806,#1807);
#1647=AXIS2_PLACEMENT_3D('',#6061,#1808,#1809);
#1648=AXIS2_PLACEMENT_3D('',#6064,#1810,#1811);
#1649=AXIS2_PLACEMENT_3D('',#6095,#1812,#1813);
#1650=AXIS2_PLACEMENT_3D('',#6098,#1814,#1815);
#1651=AXIS2_PLACEMENT_3D('',#6129,#1816,#1817);
#1652=AXIS2_PLACEMENT_3D('',#6141,#1818,#1819);
#1653=AXIS2_PLACEMENT_3D('',#6400,#1820,#1821);
#1654=AXIS2_PLACEMENT_3D('',#6401,#1822,#1823);
#1655=AXIS2_PLACEMENT_3D('',#6701,#1824,#1825);
#1656=AXIS2_PLACEMENT_3D('',#6702,#1826,#1827);
#1657=AXIS2_PLACEMENT_3D('',#6803,#1828,#1829);
#1658=AXIS2_PLACEMENT_3D('',#6807,#1831,#1832);
#1659=AXIS2_PLACEMENT_3D('',#6809,#1834,#1835);
#1660=AXIS2_PLACEMENT_3D('',#6813,#1838,#1839);
#1661=AXIS2_PLACEMENT_3D('',#6817,#1842,#1843);
#1662=AXIS2_PLACEMENT_3D('',#6824,#1848,#1849);
#1663=AXIS2_PLACEMENT_3D('',#6827,#1851,#1852);
#1664=AXIS2_PLACEMENT_3D('',#6829,#1853,#1854);
#1665=AXIS2_PLACEMENT_3D('',#6831,#1856,#1857);
#1666=AXIS2_PLACEMENT_3D('',#6833,#1859,#1860);
#1667=AXIS2_PLACEMENT_3D('',#6834,#1861,#1862);
#1668=AXIS2_PLACEMENT_3D('',#6836,#1864,#1865);
#1669=AXIS2_PLACEMENT_3D('',#7089,#1866,#1867);
#1670=DIRECTION('axis',(0.,0.,1.));
#1671=DIRECTION('refdir',(1.,0.,0.));
#1672=DIRECTION('center_axis',(0.,-1.,0.));
#1673=DIRECTION('ref_axis',(0.,0.,-1.));
#1674=DIRECTION('',(-6.93889390390723E-18,0.,-1.));
#1675=DIRECTION('',(-6.93889390390723E-18,0.,1.));
#1676=DIRECTION('',(-1.,0.,0.));
#1677=DIRECTION('',(-1.,0.,0.));
#1678=DIRECTION('',(-1.47055768198431E-16,0.,-1.));
#1679=DIRECTION('center_axis',(0.,-1.,0.));
#1680=DIRECTION('ref_axis',(-1.,0.,0.));
#1681=DIRECTION('',(0.,0.,1.));
#1682=DIRECTION('center_axis',(0.,1.,0.));
#1683=DIRECTION('ref_axis',(-1.,0.,0.));
#1684=DIRECTION('',(0.,0.,-1.));
#1685=DIRECTION('center_axis',(0.,-1.,0.));
#1686=DIRECTION('ref_axis',(-1.,0.,0.));
#1687=DIRECTION('',(6.18782021930072E-139,0.,1.));
#1688=DIRECTION('center_axis',(-0.00188408326969481,-0.199160402980282,
-0.979965093314535));
#1689=DIRECTION('ref_axis',(0.0871557427476599,0.97620504574111,-0.198563806308454));
#1690=DIRECTION('center_axis',(1.,-1.22124532708767E-15,-6.93889390390723E-18));
#1691=DIRECTION('ref_axis',(-6.93889390390723E-18,2.73691106313441E-48,
-1.));
#1692=DIRECTION('center_axis',(-1.,1.22124532708767E-15,6.93889390390723E-18));
#1693=DIRECTION('ref_axis',(-1.19535673045306E-15,-0.979933990424846,0.199322287790497));
#1694=DIRECTION('',(1.22124532708767E-15,1.,-1.23730347769258E-32));
#1695=DIRECTION('',(6.93889390390723E-18,0.,1.));
#1696=DIRECTION('',(-1.22124532708767E-15,-1.,1.23730347769258E-32));
#1697=DIRECTION('',(-6.93889390390723E-18,0.,-1.));
#1698=DIRECTION('center_axis',(1.,-1.22124532708767E-15,-6.93889390390723E-18));
#1699=DIRECTION('ref_axis',(1.22124532708767E-15,1.,-8.47409175530384E-33));
#1700=DIRECTION('',(1.22124532708767E-15,1.,-2.47460695538517E-32));
#1701=DIRECTION('',(6.93889390390723E-18,0.,1.));
#1702=DIRECTION('',(-1.22124532708767E-15,-1.,1.23730347769258E-32));
#1703=DIRECTION('',(-6.93889390390723E-18,0.,-1.));
#1704=DIRECTION('',(0.996194698091746,-0.0861110914237818,-0.013453751435985));
#1705=DIRECTION('center_axis',(-0.00144995158352599,-0.154238988701611,
0.988032505540536));
#1706=DIRECTION('ref_axis',(0.999955816523581,-0.0094002659887075,0.));
#1707=DIRECTION('center_axis',(1.,-1.22124532708766E-15,-1.00929365875013E-17));
#1708=DIRECTION('ref_axis',(-1.19535673045306E-15,-0.979933990424846,0.199322287790497));
#1709=DIRECTION('center_axis',(1.,1.22124532708767E-15,6.93889390390723E-18));
#1710=DIRECTION('ref_axis',(6.93889390390723E-18,2.73691106313441E-48,-1.));
#1711=DIRECTION('center_axis',(-1.,-1.22124532708767E-15,-6.93889390390723E-18));
#1712=DIRECTION('ref_axis',(1.19535673045306E-15,-0.979933990424846,0.199322287790497));
#1713=DIRECTION('',(-1.22124532708767E-15,1.,-2.47460695538517E-32));
#1714=DIRECTION('',(6.93889390390723E-18,0.,-1.));
#1715=DIRECTION('',(1.22124532708767E-15,-1.,1.23730347769258E-32));
#1716=DIRECTION('',(-6.93889390390723E-18,0.,1.));
#1717=DIRECTION('center_axis',(1.,1.22124532708767E-15,6.93889390390723E-18));
#1718=DIRECTION('ref_axis',(-1.22124532708767E-15,1.,-8.47409175530384E-33));
#1719=DIRECTION('',(-1.22124532708767E-15,1.,-1.23730347769258E-32));
#1720=DIRECTION('',(6.93889390390723E-18,0.,-1.));
#1721=DIRECTION('',(1.22124532708767E-15,-1.,1.23730347769258E-32));
#1722=DIRECTION('',(-6.93889390390723E-18,0.,1.));
#1723=DIRECTION('center_axis',(-1.,-1.22124532708766E-15,-1.00929365875013E-17));
#1724=DIRECTION('ref_axis',(1.19535673045306E-15,-0.979933990424846,0.199322287790497));
#1725=DIRECTION('',(-0.996194698091746,-0.0861110914237818,-0.013453751435985));
#1726=DIRECTION('center_axis',(-0.00144995158352572,0.154238988701582,-0.988032505540541));
#1727=DIRECTION('ref_axis',(-0.999955816523581,-0.0094002659887075,0.));
#1728=DIRECTION('center_axis',(0.00188408326969481,-0.199160402980282,-0.979965093314535));
#1729=DIRECTION('ref_axis',(-0.999955255974997,-0.00945970654825602,0.));
#1730=DIRECTION('center_axis',(7.40148683083438E-18,-5.64939450353589E-34,
1.));
#1731=DIRECTION('ref_axis',(-1.22124532708767E-15,-1.,8.47409175530384E-33));
#1732=DIRECTION('',(1.,-1.22124532708767E-15,-7.40148683083438E-18));
#1733=DIRECTION('',(1.,-1.22124532708767E-15,-7.40148683083438E-18));
#1734=DIRECTION('center_axis',(-1.22124532708767E-15,-1.,8.47409175530384E-33));
#1735=DIRECTION('ref_axis',(-6.93889390390723E-18,2.73691106313441E-48,
-1.));
#1736=DIRECTION('',(-1.,1.22124532708767E-15,0.));
#1737=DIRECTION('center_axis',(-1.22124532708767E-15,-1.,8.47409175530384E-33));
#1738=DIRECTION('ref_axis',(-6.93889390390723E-18,2.73691106313441E-48,
-1.));
#1739=DIRECTION('',(1.,-1.22124532708767E-15,-7.40148683083438E-18));
#1740=DIRECTION('',(-1.,1.22124532708767E-15,0.));
#1741=DIRECTION('center_axis',(-7.40148683083438E-18,5.64939450353589E-34,
-1.));
#1742=DIRECTION('ref_axis',(1.22124532708767E-15,1.,-8.47409175530384E-33));
#1743=DIRECTION('',(1.,-1.22124532708767E-15,-7.40148683083438E-18));
#1744=DIRECTION('center_axis',(-7.40148683083438E-18,5.64939450353589E-34,
-1.));
#1745=DIRECTION('ref_axis',(1.22124532708767E-15,1.,-8.47409175530384E-33));
#1746=DIRECTION('',(-1.,1.22124532708767E-15,7.40148683083438E-18));
#1747=DIRECTION('center_axis',(7.40148683083438E-18,-5.64939450353589E-34,
1.));
#1748=DIRECTION('ref_axis',(-1.22124532708767E-15,-1.,8.47409175530384E-33));
#1749=DIRECTION('',(-1.,1.22124532708767E-15,7.40148683083438E-18));
#1750=DIRECTION('center_axis',(1.22124532708767E-15,1.,-8.47409175530384E-33));
#1751=DIRECTION('ref_axis',(6.93889390390723E-18,-2.73691106313441E-48,
1.));
#1752=DIRECTION('center_axis',(1.22124532708767E-15,1.,-8.47409175530384E-33));
#1753=DIRECTION('ref_axis',(6.93889390390723E-18,-2.73691106313441E-48,
1.));
#1754=DIRECTION('center_axis',(7.40148683083438E-18,-5.64939450353589E-34,
1.));
#1755=DIRECTION('ref_axis',(-1.22124532708767E-15,-1.,8.47409175530384E-33));
#1756=DIRECTION('',(1.,-1.24344978758018E-15,-7.40148683083438E-18));
#1757=DIRECTION('',(1.,-1.24344978758018E-15,-7.40148683083438E-18));
#1758=DIRECTION('center_axis',(-1.24344978758018E-15,-1.,8.62816615085482E-33));
#1759=DIRECTION('ref_axis',(-6.93889390390723E-18,2.73691106313441E-48,
-1.));
#1760=DIRECTION('',(-1.,1.1842378929335E-15,0.));
#1761=DIRECTION('center_axis',(-1.24344978758018E-15,-1.,8.62816615085482E-33));
#1762=DIRECTION('ref_axis',(-6.93889390390723E-18,2.73691106313441E-48,
-1.));
#1763=DIRECTION('',(1.,-1.24344978758018E-15,-7.40148683083438E-18));
#1764=DIRECTION('',(-1.,1.1842378929335E-15,0.));
#1765=DIRECTION('center_axis',(-7.40148683083438E-18,5.64939450353589E-34,
-1.));
#1766=DIRECTION('ref_axis',(1.22124532708767E-15,1.,-8.47409175530384E-33));
#1767=DIRECTION('',(1.,-1.24344978758018E-15,-7.40148683083438E-18));
#1768=DIRECTION('center_axis',(-7.40148683083438E-18,5.64939450353589E-34,
-1.));
#1769=DIRECTION('ref_axis',(1.22124532708767E-15,1.,-8.47409175530384E-33));
#1770=DIRECTION('',(1.,-1.24344978758018E-15,-7.40148683083438E-18));
#1771=DIRECTION('center_axis',(7.40148683083438E-18,-5.64939450353589E-34,
1.));
#1772=DIRECTION('ref_axis',(-1.22124532708767E-15,-1.,8.47409175530384E-33));
#1773=DIRECTION('',(1.,-1.24344978758018E-15,-7.40148683083438E-18));
#1774=DIRECTION('center_axis',(1.24344978758018E-15,1.,-8.62816615085482E-33));
#1775=DIRECTION('ref_axis',(6.93889390390723E-18,-2.73691106313441E-48,
1.));
#1776=DIRECTION('center_axis',(1.24344978758018E-15,1.,-8.62816615085482E-33));
#1777=DIRECTION('ref_axis',(6.93889390390723E-18,-2.73691106313441E-48,
1.));
#1778=DIRECTION('center_axis',(1.,-1.22124532708767E-15,-6.93889390390723E-18));
#1779=DIRECTION('ref_axis',(1.22124532708767E-15,1.,-8.47409175530384E-33));
#1780=DIRECTION('center_axis',(-1.,0.,0.));
#1781=DIRECTION('ref_axis',(0.,1.,0.));
#1782=DIRECTION('',(1.,-1.22124532708767E-15,-6.93889390390723E-18));
#1783=DIRECTION('center_axis',(1.,-1.22124532708767E-15,-6.93889390390723E-18));
#1784=DIRECTION('ref_axis',(1.22124532708767E-15,1.,-8.47409175530384E-33));
#1785=DIRECTION('',(1.,-1.22124532708767E-15,-6.93889390390723E-18));
#1786=DIRECTION('center_axis',(-1.,0.,0.));
#1787=DIRECTION('ref_axis',(0.,1.,0.));
#1788=DIRECTION('center_axis',(0.,1.,0.));
#1789=DIRECTION('ref_axis',(1.,0.,0.));
#1790=DIRECTION('',(0.,0.,-1.));
#1791=DIRECTION('',(0.,0.,-1.));
#1792=DIRECTION('center_axis',(0.707106781186548,0.707106781186547,0.));
#1793=DIRECTION('ref_axis',(0.705915830182873,-0.705915830182875,0.0580144929689822));
#1794=DIRECTION('',(0.,0.,-1.));
#1795=DIRECTION('center_axis',(-0.707106781186548,0.707106781186547,0.));
#1796=DIRECTION('ref_axis',(0.706094650915263,0.706094650915265,-0.0534853989206649));
#1797=DIRECTION('',(0.,0.,-1.));
#1798=DIRECTION('center_axis',(0.,1.,0.));
#1799=DIRECTION('ref_axis',(1.,0.,0.));
#1800=DIRECTION('',(0.,0.,-1.));
#1801=DIRECTION('',(0.,0.,-1.));
#1802=DIRECTION('center_axis',(-0.707106781186548,0.707106781186547,0.));
#1803=DIRECTION('ref_axis',(0.707106781186547,0.707106781186548,0.));
#1804=DIRECTION('',(0.,0.,-1.));
#1805=DIRECTION('',(0.,0.,-1.));
#1806=DIRECTION('center_axis',(0.707106781186547,0.707106781186548,0.));
#1807=DIRECTION('ref_axis',(0.707106781186548,-0.707106781186547,0.));
#1808=DIRECTION('center_axis',(1.,0.,0.));
#1809=DIRECTION('ref_axis',(0.,1.,0.));
#1810=DIRECTION('center_axis',(1.,0.,0.));
#1811=DIRECTION('ref_axis',(0.,1.,0.));
#1812=DIRECTION('center_axis',(1.,0.,0.));
#1813=DIRECTION('ref_axis',(0.,1.,0.));
#1814=DIRECTION('center_axis',(1.,0.,0.));
#1815=DIRECTION('ref_axis',(0.,1.,0.));
#1816=DIRECTION('center_axis',(1.,0.,0.));
#1817=DIRECTION('ref_axis',(0.,-1.,1.01163978339522E-9));
#1818=DIRECTION('center_axis',(-1.,0.,0.));
#1819=DIRECTION('ref_axis',(0.,-1.,-7.85628114714749E-11));
#1820=DIRECTION('center_axis',(-0.0895711616349968,-0.937481280537076,-0.336312140200026));
#1821=DIRECTION('ref_axis',(-0.29922576932868,-0.296740453613595,0.906867709293289));
#1822=DIRECTION('center_axis',(0.0704915321148128,0.945499254962707,-0.317902662406391));
#1823=DIRECTION('ref_axis',(-0.997232321599299,0.0743484818787285,-7.40148683083439E-16));
#1824=DIRECTION('center_axis',(-0.0704915321148122,0.945499254962707,-0.317902662406391));
#1825=DIRECTION('ref_axis',(0.294322788507563,0.324221531039355,0.899029751996912));
#1826=DIRECTION('center_axis',(0.089571161634998,-0.937481280537076,-0.336312140200024));
#1827=DIRECTION('ref_axis',(0.995466640569345,0.0951113427178017,-7.40148683083437E-16));
#1828=DIRECTION('center_axis',(0.,1.,0.));
#1829=DIRECTION('ref_axis',(1.83697019872103E-16,0.,-1.));
#1830=DIRECTION('',(0.,1.,0.));
#1831=DIRECTION('center_axis',(6.59422559105421E-93,-1.,-9.38369507360376E-47));
#1832=DIRECTION('ref_axis',(-1.,-6.59422559105421E-93,0.));
#1833=DIRECTION('',(0.,1.,0.));
#1834=DIRECTION('center_axis',(1.,0.,0.));
#1835=DIRECTION('ref_axis',(0.,0.,1.));
#1836=DIRECTION('',(0.,0.,-1.));
#1837=DIRECTION('',(0.,1.,0.));
#1838=DIRECTION('center_axis',(-1.,0.,0.));
#1839=DIRECTION('ref_axis',(0.,0.,-1.));
#1840=DIRECTION('',(0.,1.,0.));
#1841=DIRECTION('',(-6.18782021930072E-139,9.38369507360376E-47,-1.));
#1842=DIRECTION('center_axis',(0.,0.,1.));
#1843=DIRECTION('ref_axis',(1.,0.,0.));
#1844=DIRECTION('',(-1.,0.,0.));
#1845=DIRECTION('',(0.,-1.,0.));
#1846=DIRECTION('',(-1.,-6.59422559105421E-93,0.));
#1847=DIRECTION('',(0.,1.,0.));
#1848=DIRECTION('center_axis',(6.59422559105421E-93,-1.,-9.38369507360376E-47));
#1849=DIRECTION('ref_axis',(-1.,-6.59422559105421E-93,0.));
#1850=DIRECTION('',(-6.18782021930072E-139,9.38369507360376E-47,-1.));
#1851=DIRECTION('center_axis',(6.59422559105421E-93,-1.,-9.38369507360376E-47));
#1852=DIRECTION('ref_axis',(-1.,-6.59422559105421E-93,0.));
#1853=DIRECTION('center_axis',(6.59422559105421E-93,-1.,-9.38369507360376E-47));
#1854=DIRECTION('ref_axis',(-1.,-6.59422559105421E-93,0.));
#1855=DIRECTION('',(1.47055768198431E-16,-9.38369507360376E-47,1.));
#1856=DIRECTION('center_axis',(-1.,0.,1.47055768198431E-16));
#1857=DIRECTION('ref_axis',(1.47055768198431E-16,-9.38369507360376E-47,
1.));
#1858=DIRECTION('',(0.,1.,0.));
#1859=DIRECTION('center_axis',(0.,1.,0.));
#1860=DIRECTION('ref_axis',(-1.,0.,0.));
#1861=DIRECTION('center_axis',(1.,0.,-6.18782021930072E-139));
#1862=DIRECTION('ref_axis',(-6.18782021930072E-139,9.38369507360376E-47,
-1.));
#1863=DIRECTION('',(0.,1.,0.));
#1864=DIRECTION('center_axis',(0.,1.,0.));
#1865=DIRECTION('ref_axis',(-1.,0.,0.));
#1866=DIRECTION('center_axis',(0.,-1.,0.));
#1867=DIRECTION('ref_axis',(0.,0.,-1.));
#1868=CARTESIAN_POINT('',(0.,0.,0.));
#1869=CARTESIAN_POINT('Origin',(0.,62.,9.29211077326054));
#1870=CARTESIAN_POINT('',(53.0113085058304,62.,-15.7699546213576));
#1871=CARTESIAN_POINT('',(53.0113085058305,61.9999999999999,-11.7045677406823));
#1872=CARTESIAN_POINT('Ctrl Pts',(53.0113085058305,62.,-15.7699546213576));
#1873=CARTESIAN_POINT('Ctrl Pts',(53.0113085058305,62.,-14.4148256611325));
#1874=CARTESIAN_POINT('Ctrl Pts',(53.0113085058305,61.9999999999999,-13.0596967009074));
#1875=CARTESIAN_POINT('Ctrl Pts',(53.0113085058305,61.9999999999999,-11.7045677406823));
#1876=CARTESIAN_POINT('',(41.5087909454639,62.,-27.2724721817239));
#1877=CARTESIAN_POINT('Ctrl Pts',(41.5087909454639,62.,-27.2724721817239));
#1878=CARTESIAN_POINT('Ctrl Pts',(43.425877205525,62.,-25.3553859216629));
#1879=CARTESIAN_POINT('Ctrl Pts',(45.3429634655861,62.,-23.4382996616018));
#1880=CARTESIAN_POINT('Ctrl Pts',(49.1771359857083,62.,-19.6041271414797));
#1881=CARTESIAN_POINT('Ctrl Pts',(51.0942222457694,62.,-17.6870408814187));
#1882=CARTESIAN_POINT('Ctrl Pts',(53.0113085058305,62.,-15.7699546213576));
#1883=CARTESIAN_POINT('',(-1.08841263194847E-15,62.,-27.2724721817239));
#1884=CARTESIAN_POINT('Ctrl Pts',(0.,62.,-27.2724721817239));
#1885=CARTESIAN_POINT('Ctrl Pts',(6.91813182424398,62.,-27.2724721817239));
#1886=CARTESIAN_POINT('Ctrl Pts',(13.836263648488,62.,-27.2724721817239));
#1887=CARTESIAN_POINT('Ctrl Pts',(27.6725272969759,62.,-27.2724721817239));
#1888=CARTESIAN_POINT('Ctrl Pts',(34.5906591212199,62.,-27.2724721817239));
#1889=CARTESIAN_POINT('Ctrl Pts',(41.5087909454639,62.,-27.2724721817239));
#1890=CARTESIAN_POINT('',(-41.5087909454639,62.,-27.2724721817239));
#1891=CARTESIAN_POINT('Ctrl Pts',(-41.5087909454639,62.,-27.2724721817239));
#1892=CARTESIAN_POINT('Ctrl Pts',(-34.5906591212199,62.,-27.2724721817239));
#1893=CARTESIAN_POINT('Ctrl Pts',(-27.6725272969759,62.,-27.2724721817239));
#1894=CARTESIAN_POINT('Ctrl Pts',(-13.836263648488,62.,-27.2724721817239));
#1895=CARTESIAN_POINT('Ctrl Pts',(-6.91813182424398,62.,-27.2724721817239));
#1896=CARTESIAN_POINT('Ctrl Pts',(0.,62.,-27.2724721817239));
#1897=CARTESIAN_POINT('',(-53.0113085058304,62.,-15.7699546213576));
#1898=CARTESIAN_POINT('Ctrl Pts',(-53.0113085058305,62.,-15.7699546213576));
#1899=CARTESIAN_POINT('Ctrl Pts',(-51.0942222457694,62.,-17.6870408814187));
#1900=CARTESIAN_POINT('Ctrl Pts',(-49.1771359857083,62.,-19.6041271414797));
#1901=CARTESIAN_POINT('Ctrl Pts',(-45.3429634655861,62.,-23.4382996616018));
#1902=CARTESIAN_POINT('Ctrl Pts',(-43.425877205525,62.,-25.3553859216629));
#1903=CARTESIAN_POINT('Ctrl Pts',(-41.5087909454639,62.,-27.2724721817239));
#1904=CARTESIAN_POINT('',(-53.011308505837,61.999999999983,-11.7045677406855));
#1905=CARTESIAN_POINT('Ctrl Pts',(-53.011308505837,61.999999999983,-11.7045677406855));
#1906=CARTESIAN_POINT('Ctrl Pts',(-53.011308505837,61.999999999983,-13.0596967009095));
#1907=CARTESIAN_POINT('Ctrl Pts',(-53.0113085058305,62.,-14.4148256611336));
#1908=CARTESIAN_POINT('Ctrl Pts',(-53.0113085058305,62.,-15.7699546213576));
#1909=CARTESIAN_POINT('',(-55.7420055135286,61.9999999999529,-8.75653101766572));
#1910=CARTESIAN_POINT('Ctrl Pts',(-55.7420050483848,61.9998782518526,-8.75655747980834));
#1911=CARTESIAN_POINT('Ctrl Pts',(-55.640301341069,61.999892846874,-8.76550663450038));
#1912=CARTESIAN_POINT('Ctrl Pts',(-55.5392608618532,61.9999211000321,-8.7796478924125));
#1913=CARTESIAN_POINT('Ctrl Pts',(-55.4392463943916,61.999947782078,-8.79878514667915));
#1914=CARTESIAN_POINT('Ctrl Pts',(-55.3386498193647,61.9999746194196,-8.81803378423635));
#1915=CARTESIAN_POINT('Ctrl Pts',(-55.2390903915079,61.9999997383468,-8.84233704996029));
#1916=CARTESIAN_POINT('Ctrl Pts',(-55.1409474920046,62.0000143798094,-8.87154678002869));
#1917=CARTESIAN_POINT('Ctrl Pts',(-55.0438707449638,62.0000288622178,-8.90043919701791));
#1918=CARTESIAN_POINT('Ctrl Pts',(-54.9481791362039,62.000032986165,-8.9341324666716));
#1919=CARTESIAN_POINT('Ctrl Pts',(-54.8542618362637,62.000026578948,-8.97252778031036));
#1920=CARTESIAN_POINT('Ctrl Pts',(-54.8091024722094,62.0000234980903,-8.99098985223636));
#1921=CARTESIAN_POINT('Ctrl Pts',(-54.7643537445109,62.0000181160162,-9.01053970452737));
#1922=CARTESIAN_POINT('Ctrl Pts',(-54.7200615769325,62.0000112216872,-9.03116966900911));
#1923=CARTESIAN_POINT('Ctrl Pts',(-54.6275727790407,61.999996825277,-9.0742481797207));
#1924=CARTESIAN_POINT('Ctrl Pts',(-54.5374974857473,61.9999740794069,-9.12183611265226));
#1925=CARTESIAN_POINT('Ctrl Pts',(-54.4502075040039,61.9999546772101,-9.17377269900737));
#1926=CARTESIAN_POINT('Ctrl Pts',(-54.3644595790562,61.9999356177707,-9.22479177840077));
#1927=CARTESIAN_POINT('Ctrl Pts',(-54.2813987118228,61.9999196934348,-9.28000768734448));
#1928=CARTESIAN_POINT('Ctrl Pts',(-54.2014025898512,61.9999263391266,-9.33930970592048));
#1929=CARTESIAN_POINT('Ctrl Pts',(-54.1388896325325,61.9999315324014,-9.38565125929577));
#1930=CARTESIAN_POINT('Ctrl Pts',(-54.0782485783106,61.9999506538792,-9.43448891699363));
#1931=CARTESIAN_POINT('Ctrl Pts',(-54.019674934899,61.9999971864158,-9.48578545999075));
#1932=CARTESIAN_POINT('Ctrl Pts',(-53.9656096594575,62.0000401373792,-9.53313374780072));
#1933=CARTESIAN_POINT('Ctrl Pts',(-53.9133059811011,62.0001065154041,-9.58257734868411));
#1934=CARTESIAN_POINT('Ctrl Pts',(-53.8628348743053,62.0001831534973,-9.63400575719895));
#1935=CARTESIAN_POINT('Ctrl Pts',(-53.7923803346341,62.0002901355297,-9.70579663078925));
#1936=CARTESIAN_POINT('Ctrl Pts',(-53.7258631302291,62.0004150533798,-9.78107871710297));
#1937=CARTESIAN_POINT('Ctrl Pts',(-53.663389334168,62.0005305194385,-9.85946738266007));
#1938=CARTESIAN_POINT('Ctrl Pts',(-53.6001783583589,62.0006473479763,-9.93878102061132));
#1939=CARTESIAN_POINT('Ctrl Pts',(-53.5411063303006,62.0007544806553,-10.0212757138889));
#1940=CARTESIAN_POINT('Ctrl Pts',(-53.4863209248383,62.0008336545874,-10.1065903494309));
#1941=CARTESIAN_POINT('Ctrl Pts',(-53.4316105363461,62.0009127201077,-10.1917881647098));
#1942=CARTESIAN_POINT('Ctrl Pts',(-53.3811746544297,62.0009639014921,-10.2797990079516));
#1943=CARTESIAN_POINT('Ctrl Pts',(-53.3352039562026,62.000979159075,-10.3702885749545));
#1944=CARTESIAN_POINT('Ctrl Pts',(-53.3001474403833,62.0009907942625,-10.4392944647811));
#1945=CARTESIAN_POINT('Ctrl Pts',(-53.2676884143449,62.0009817426983,-10.5097424223959));
#1946=CARTESIAN_POINT('Ctrl Pts',(-53.237930670459,62.0009524357271,-10.581489759557));
#1947=CARTESIAN_POINT('Ctrl Pts',(-53.1988119861566,62.0009139096158,-10.6758067697009));
#1948=CARTESIAN_POINT('Ctrl Pts',(-53.1645819942937,62.0008407491458,-10.7718325925295));
#1949=CARTESIAN_POINT('Ctrl Pts',(-53.1353548114672,62.0007455133205,-10.8691944400081));
#1950=CARTESIAN_POINT('Ctrl Pts',(-53.1061533509824,62.0006503613107,-10.9664706009965));
#1951=CARTESIAN_POINT('Ctrl Pts',(-53.0819455379954,62.0005331757919,-11.0650812617731));
#1952=CARTESIAN_POINT('Ctrl Pts',(-53.0628900007104,62.0004169917852,-11.1646786002646));
#1953=CARTESIAN_POINT('Ctrl Pts',(-53.044227401607,62.000303203572,-11.2622221736753));
#1954=CARTESIAN_POINT('Ctrl Pts',(-53.0305065907405,62.0001904083016,-11.3607129402346));
#1955=CARTESIAN_POINT('Ctrl Pts',(-53.0219234094463,62.0001100159305,-11.4598351777729));
#1956=CARTESIAN_POINT('Ctrl Pts',(-53.0148911748481,62.0000441501409,-11.541046421527));
#1957=CARTESIAN_POINT('Ctrl Pts',(-53.0113083813269,62.0000002112688,-11.6226819222979));
#1958=CARTESIAN_POINT('Ctrl Pts',(-53.0113084458845,62.0000003352843,-11.7045683242663));
#1959=CARTESIAN_POINT('',(-70.,62.,-7.50154811536384));
#1960=CARTESIAN_POINT('Ctrl Pts',(-70.,62.,-7.50154811536383));
#1961=CARTESIAN_POINT('Ctrl Pts',(-66.0409072930109,62.,-7.85003257765679));
#1962=CARTESIAN_POINT('Ctrl Pts',(-62.0818140939918,62.0000412201354,-8.19850570358529));
#1963=CARTESIAN_POINT('Ctrl Pts',(-58.1227204097299,62.0001119105393,-8.54696949291979));
#1964=CARTESIAN_POINT('Ctrl Pts',(-57.32914879714,62.000126079918,-8.61681653198598));
#1965=CARTESIAN_POINT('Ctrl Pts',(-56.5355771650544,62.000141267128,-8.68666322884632));
#1966=CARTESIAN_POINT('Ctrl Pts',(-55.7420055135277,62.0001571573895,-8.7565096397245));
#1967=CARTESIAN_POINT('',(-70.,61.9999999999997,8.91446745759343));
#1968=CARTESIAN_POINT('',(-70.,62.,3.74439176480432));
#1969=CARTESIAN_POINT('',(-55.7157107213904,62.,10.1795421546546));
#1970=CARTESIAN_POINT('Ctrl Pts',(-55.7157107213904,62.,10.1795421546546));
#1971=CARTESIAN_POINT('Ctrl Pts',(-60.4771417393192,62.,9.75786479803966));
#1972=CARTESIAN_POINT('Ctrl Pts',(-65.2385714942601,62.,9.33617317998074));
#1973=CARTESIAN_POINT('Ctrl Pts',(-70.,62.,8.91446745759332));
#1974=CARTESIAN_POINT('',(-53.0113085058305,62.,13.1172224689167));
#1975=CARTESIAN_POINT('Ctrl Pts',(-53.0113085369767,62.000000042006,13.1172261448101));
#1976=CARTESIAN_POINT('Ctrl Pts',(-53.0113082575146,62.0000003168425,13.0163698058147));
#1977=CARTESIAN_POINT('Ctrl Pts',(-53.0166813939833,62.0000702474175,12.9158549505554));
#1978=CARTESIAN_POINT('Ctrl Pts',(-53.0272133620144,62.0001676722636,12.8160041014794));
#1979=CARTESIAN_POINT('Ctrl Pts',(-53.0378690728214,62.0002662417789,12.714980079335));
#1980=CARTESIAN_POINT('Ctrl Pts',(-53.0538058324849,62.0003929004556,12.6146349660015));
#1981=CARTESIAN_POINT('Ctrl Pts',(-53.0748535818276,62.0005146408563,12.515309339563));
#1982=CARTESIAN_POINT('Ctrl Pts',(-53.0959033559271,62.0006363929681,12.4159741581725));
#1983=CARTESIAN_POINT('Ctrl Pts',(-53.1220654717364,62.0007531860939,12.3176578547074));
#1984=CARTESIAN_POINT('Ctrl Pts',(-53.1532166665344,62.0008432835741,12.2207196317613));
#1985=CARTESIAN_POINT('Ctrl Pts',(-53.1650950739912,62.0008776390647,12.1837556656035));
#1986=CARTESIAN_POINT('Ctrl Pts',(-53.1776993541116,62.0009082329488,12.1469923287931));
#1987=CARTESIAN_POINT('Ctrl Pts',(-53.1910242961849,62.0009343114154,12.1104506265887));
#1988=CARTESIAN_POINT('Ctrl Pts',(-53.225972260744,62.0010027086606,12.0146109518982));
#1989=CARTESIAN_POINT('Ctrl Pts',(-53.2656956512468,62.001037762607,11.9207845650547));
#1990=CARTESIAN_POINT('Ctrl Pts',(-53.3099855853002,62.0010344986966,11.8293055794749));
#1991=CARTESIAN_POINT('Ctrl Pts',(-53.354316654939,62.0010312317548,11.7377416300831));
#1992=CARTESIAN_POINT('Ctrl Pts',(-53.4032231552166,62.0009895404259,11.6485286370398));
#1993=CARTESIAN_POINT('Ctrl Pts',(-53.4565428389469,62.0009156571529,11.5620205215948));
#1994=CARTESIAN_POINT('Ctrl Pts',(-53.509001139405,62.0008429674694,11.4769099508901));
#1995=CARTESIAN_POINT('Ctrl Pts',(-53.5657316589463,62.0007391121716,11.3944168771009));
#1996=CARTESIAN_POINT('Ctrl Pts',(-53.6266188954884,62.0006211345038,11.3149076056459));
#1997=CARTESIAN_POINT('Ctrl Pts',(-53.6493793265346,62.0005770329362,11.2851860187705));
#1998=CARTESIAN_POINT('Ctrl Pts',(-53.6727209606833,62.0005310710754,11.2558817258426));
#1999=CARTESIAN_POINT('Ctrl Pts',(-53.6966389971601,62.0004845505355,11.2270152366896));
#2000=CARTESIAN_POINT('Ctrl Pts',(-53.7616074366759,62.0003581870322,11.1486053406103));
#2001=CARTESIAN_POINT('Ctrl Pts',(-53.8304648218164,62.0002279068442,11.0738593006976));
#2002=CARTESIAN_POINT('Ctrl Pts',(-53.9030081601332,62.0001290181228,11.003092710176));
#2003=CARTESIAN_POINT('Ctrl Pts',(-53.9373568492191,62.000082195106,10.9695852969263));
#2004=CARTESIAN_POINT('Ctrl Pts',(-53.9725325778553,62.0000425740786,10.9369703677648));
#2005=CARTESIAN_POINT('Ctrl Pts',(-54.0085171985585,62.0000148028548,10.9052834926523));
#2006=CARTESIAN_POINT('Ctrl Pts',(-54.0833266333357,61.9999570684805,10.839408761428));
#2007=CARTESIAN_POINT('Ctrl Pts',(-54.1616297980212,61.9999497888339,10.777542500365));
#2008=CARTESIAN_POINT('Ctrl Pts',(-54.243039733865,61.9999614380013,10.7197934401708));
#2009=CARTESIAN_POINT('Ctrl Pts',(-54.325528194563,61.9999732414977,10.6612793161538));
#2010=CARTESIAN_POINT('Ctrl Pts',(-54.4112070462371,62.0000045602113,10.6069917542343));
#2011=CARTESIAN_POINT('Ctrl Pts',(-54.4997038472507,62.0000338334773,10.5570860192282));
#2012=CARTESIAN_POINT('Ctrl Pts',(-54.5280135627621,62.0000431978591,10.5411214064486));
#2013=CARTESIAN_POINT('Ctrl Pts',(-54.5566118280252,62.0000524328774,10.5256055468898));
#2014=CARTESIAN_POINT('Ctrl Pts',(-54.5854868908889,62.0000610496007,10.5105445359426));
#2015=CARTESIAN_POINT('Ctrl Pts',(-54.675036481462,62.0000877724532,10.4638361574948));
#2016=CARTESIAN_POINT('Ctrl Pts',(-54.7667565050809,62.0001095049065,10.4217542128422));
#2017=CARTESIAN_POINT('Ctrl Pts',(-54.8602360253675,62.0001178487104,10.3843614955559));
#2018=CARTESIAN_POINT('Ctrl Pts',(-54.9548168956855,62.0001262908186,10.3465282275455));
#2019=CARTESIAN_POINT('Ctrl Pts',(-55.0511997519559,62.0001211194939,10.3134949280237));
#2020=CARTESIAN_POINT('Ctrl Pts',(-55.1489924140891,62.00010555795,10.285367571051));
#2021=CARTESIAN_POINT('Ctrl Pts',(-55.2465054440359,62.0000900409034,10.2573206425497));
#2022=CARTESIAN_POINT('Ctrl Pts',(-55.3454210697877,62.0000643086519,10.2341513222717));
#2023=CARTESIAN_POINT('Ctrl Pts',(-55.4453711918285,62.0000417326912,10.216010416158));
#2024=CARTESIAN_POINT('Ctrl Pts',(-55.5347423616113,62.0000215462225,10.1997895855357));
#2025=CARTESIAN_POINT('Ctrl Pts',(-55.6249413015617,62.0000040702691,10.1875894976488));
#2026=CARTESIAN_POINT('Ctrl Pts',(-55.7157107878407,62.0000046777852,10.1795523013211));
#2027=CARTESIAN_POINT('',(-53.0113085058304,62.,24.7749897420904));
#2028=CARTESIAN_POINT('Ctrl Pts',(-53.0113085058305,62.,24.7749897420904));
#2029=CARTESIAN_POINT('Ctrl Pts',(-53.0113085058305,62.,20.8890673176992));
#2030=CARTESIAN_POINT('Ctrl Pts',(-53.0113085058305,62.,17.0031448933079));
#2031=CARTESIAN_POINT('Ctrl Pts',(-53.0113085058305,62.,13.1172224689167));
#2032=CARTESIAN_POINT('',(-44.2217088292067,62.,33.5645894187142));
#2033=CARTESIAN_POINT('Ctrl Pts',(-44.2217088292067,62.,33.5645894187142));
#2034=CARTESIAN_POINT('Ctrl Pts',(-45.686642108644,62.,32.0996561392769));
#2035=CARTESIAN_POINT('Ctrl Pts',(-47.1515753880813,62.,30.6347228598396));
#2036=CARTESIAN_POINT('Ctrl Pts',(-50.0814419469559,62.,27.704856300965));
#2037=CARTESIAN_POINT('Ctrl Pts',(-51.5463752263932,62.,26.2399230215277));
#2038=CARTESIAN_POINT('Ctrl Pts',(-53.0113085058305,62.,24.7749897420904));
#2039=CARTESIAN_POINT('',(5.65974568613194E-14,62.,33.5645894187142));
#2040=CARTESIAN_POINT('Ctrl Pts',(6.12916429572167E-14,62.,33.5645894187142));
#2041=CARTESIAN_POINT('Ctrl Pts',(-7.37028480486773,62.,33.5645894187142));
#2042=CARTESIAN_POINT('Ctrl Pts',(-14.7405696097355,62.,33.5645894187142));
#2043=CARTESIAN_POINT('Ctrl Pts',(-29.4811392194711,62.,33.5645894187142));
#2044=CARTESIAN_POINT('Ctrl Pts',(-36.8514240243389,62.,33.5645894187142));
#2045=CARTESIAN_POINT('Ctrl Pts',(-44.2217088292067,62.,33.5645894187142));
#2046=CARTESIAN_POINT('',(44.2217088292067,62.,33.5645894187142));
#2047=CARTESIAN_POINT('Ctrl Pts',(44.2217088292067,62.,33.5645894187142));
#2048=CARTESIAN_POINT('Ctrl Pts',(36.8514240243389,62.,33.5645894187142));
#2049=CARTESIAN_POINT('Ctrl Pts',(29.4811392194711,62.,33.5645894187142));
#2050=CARTESIAN_POINT('Ctrl Pts',(14.7405696097355,62.,33.5645894187142));
#2051=CARTESIAN_POINT('Ctrl Pts',(7.37028480486773,62.,33.5645894187142));
#2052=CARTESIAN_POINT('Ctrl Pts',(-6.12916429572167E-14,62.,33.5645894187142));
#2053=CARTESIAN_POINT('',(53.0113085058304,62.,24.7749897420904));
#2054=CARTESIAN_POINT('Ctrl Pts',(53.0113085058305,62.,24.7749897420904));
#2055=CARTESIAN_POINT('Ctrl Pts',(51.5463752263932,62.,26.2399230215277));
#2056=CARTESIAN_POINT('Ctrl Pts',(50.0814419469559,62.,27.704856300965));
#2057=CARTESIAN_POINT('Ctrl Pts',(47.1515753880813,62.,30.6347228598396));
#2058=CARTESIAN_POINT('Ctrl Pts',(45.686642108644,62.,32.0996561392769));
#2059=CARTESIAN_POINT('Ctrl Pts',(44.2217088292067,62.,33.5645894187142));
#2060=CARTESIAN_POINT('',(53.0113085058305,62.,13.1172224689167));
#2061=CARTESIAN_POINT('Ctrl Pts',(53.0113085058305,62.,13.1172224689167));
#2062=CARTESIAN_POINT('Ctrl Pts',(53.0113085058305,62.,17.003144893308));
#2063=CARTESIAN_POINT('Ctrl Pts',(53.0113085058305,62.,20.8890673176992));
#2064=CARTESIAN_POINT('Ctrl Pts',(53.0113085058305,62.,24.7749897420904));
#2065=CARTESIAN_POINT('',(55.7157107213904,62.,10.1795421546546));
#2066=CARTESIAN_POINT('Ctrl Pts',(55.7157107357795,62.000003194352,10.1795520293609));
#2067=CARTESIAN_POINT('Ctrl Pts',(55.6141083802178,62.0000027010566,10.1885484853058));
#2068=CARTESIAN_POINT('Ctrl Pts',(55.5131872950546,62.0000246332836,10.2027628984555));
#2069=CARTESIAN_POINT('Ctrl Pts',(55.4133106968243,62.0000477898444,10.2220086229711));
#2070=CARTESIAN_POINT('Ctrl Pts',(55.3130219552843,62.0000710419613,10.2413337654558));
#2071=CARTESIAN_POINT('Ctrl Pts',(55.2137854959617,62.0000954126296,10.2657321505579));
#2072=CARTESIAN_POINT('Ctrl Pts',(55.1159808254896,62.0001085696107,10.2950652049651));
#2073=CARTESIAN_POINT('Ctrl Pts',(55.0194478182005,62.0001215555239,10.3240168689423));
#2074=CARTESIAN_POINT('Ctrl Pts',(54.9243088432923,62.0001235303071,10.357776135641));
#2075=CARTESIAN_POINT('Ctrl Pts',(54.8309521371445,62.0001129827232,10.3962530205275));
#2076=CARTESIAN_POINT('Ctrl Pts',(54.790175045345,62.0001083756649,10.4130592632916));
#2077=CARTESIAN_POINT('Ctrl Pts',(54.7497383522997,62.0001015215268,10.4307660751139));
#2078=CARTESIAN_POINT('Ctrl Pts',(54.7096764069158,62.0000929920767,10.4493682933766));
#2079=CARTESIAN_POINT('Ctrl Pts',(54.6173097226647,62.0000733266056,10.492257504177));
#2080=CARTESIAN_POINT('Ctrl Pts',(54.5273820447469,62.0000427037158,10.5396955168126));
#2081=CARTESIAN_POINT('Ctrl Pts',(54.4402631567631,62.0000140678563,10.5915183778897));
#2082=CARTESIAN_POINT('Ctrl Pts',(54.3546184731852,61.9999859165657,10.6424643052515));
#2083=CARTESIAN_POINT('Ctrl Pts',(54.2716876048257,61.9999596128696,10.6976484033891));
#2084=CARTESIAN_POINT('Ctrl Pts',(54.1918466410771,61.9999576568822,10.7569565489646));
#2085=CARTESIAN_POINT('Ctrl Pts',(54.1287388475325,61.9999561108332,10.8038348183487));
#2086=CARTESIAN_POINT('Ctrl Pts',(54.0675618503595,61.999969955551,10.8532904953129));
#2087=CARTESIAN_POINT('Ctrl Pts',(54.0085170812049,62.0000154061465,10.9052834153861));
#2088=CARTESIAN_POINT('Ctrl Pts',(53.9591697417103,62.0000533920003,10.9487370915526));
#2089=CARTESIAN_POINT('Ctrl Pts',(53.911312061493,62.000113566911,10.9939634225739));
#2090=CARTESIAN_POINT('Ctrl Pts',(53.8649981587784,62.0001843490516,11.0408772418756));
#2091=CARTESIAN_POINT('Ctrl Pts',(53.7946248729999,62.0002919014608,11.1121620919783));
#2092=CARTESIAN_POINT('Ctrl Pts',(53.7281976280423,62.000421971518,11.1869527420359));
#2093=CARTESIAN_POINT('Ctrl Pts',(53.6658127311586,62.0005436144238,11.2648594003128));
#2094=CARTESIAN_POINT('Ctrl Pts',(53.6025480530458,62.0006669727952,11.343864735016));
#2095=CARTESIAN_POINT('Ctrl Pts',(53.5434400892013,62.0007816753293,11.4260752879916));
#2096=CARTESIAN_POINT('Ctrl Pts',(53.4886253879303,62.0008673083283,11.511123551144));
#2097=CARTESIAN_POINT('Ctrl Pts',(53.4336383809298,62.0009532105079,11.5964391568648));
#2098=CARTESIAN_POINT('Ctrl Pts',(53.3829712524485,62.0010098890767,11.6846111273293));
#2099=CARTESIAN_POINT('Ctrl Pts',(53.3368043968424,62.0010282554812,11.7752960938148));
#2100=CARTESIAN_POINT('Ctrl Pts',(53.3019860185804,62.0010421071593,11.8436893907878));
#2101=CARTESIAN_POINT('Ctrl Pts',(53.2697282035319,62.0010344054529,11.9135127145715));
#2102=CARTESIAN_POINT('Ctrl Pts',(53.2401264968999,62.0010054180435,11.9846249898072));
#2103=CARTESIAN_POINT('Ctrl Pts',(53.2009138174391,62.000967019109,12.0788257360416));
#2104=CARTESIAN_POINT('Ctrl Pts',(53.1665862298935,62.0008924755447,12.1747442280908));
#2105=CARTESIAN_POINT('Ctrl Pts',(53.1372410771847,62.0007940030495,12.2720031986809));
#2106=CARTESIAN_POINT('Ctrl Pts',(53.107821767232,62.0006952817074,12.3695079494611));
#2107=CARTESIAN_POINT('Ctrl Pts',(53.0834097220787,62.0005725481454,12.4683607766603));
#2108=CARTESIAN_POINT('Ctrl Pts',(53.0641465547206,62.0004498827367,12.568208403748));
#2109=CARTESIAN_POINT('Ctrl Pts',(53.0451964108136,62.0003292106217,12.6664335225415));
#2110=CARTESIAN_POINT('Ctrl Pts',(53.031228934848,62.0002086693994,12.7656221749176));
#2111=CARTESIAN_POINT('Ctrl Pts',(53.022425369607,62.0001217454662,12.8654519053611));
#2112=CARTESIAN_POINT('Ctrl Pts',(53.0150585242884,62.0000490073023,12.9489896724192));
#2113=CARTESIAN_POINT('Ctrl Pts',(53.0113083425012,62.0000000010556,13.0329768028575));
#2114=CARTESIAN_POINT('Ctrl Pts',(53.0113085835737,61.9999997301482,13.1172260350754));
#2115=CARTESIAN_POINT('',(70.,61.9999999999997,8.91446745759343));
#2116=CARTESIAN_POINT('Ctrl Pts',(70.,62.,8.91446745759332));
#2117=CARTESIAN_POINT('Ctrl Pts',(65.238571494153,62.,9.33617317999022));
#2118=CARTESIAN_POINT('Ctrl Pts',(60.4771417394263,62.,9.75786479803017));
#2119=CARTESIAN_POINT('Ctrl Pts',(55.7157107213904,62.,10.1795421546546));
#2120=CARTESIAN_POINT('',(70.,62.,-7.50154811536384));
#2121=CARTESIAN_POINT('',(70.,62.,3.74439176480432));
#2122=CARTESIAN_POINT('',(55.7420055135106,61.9999999999994,-8.75653101765706));
#2123=CARTESIAN_POINT('Ctrl Pts',(55.7420055135105,62.0001571573968,-8.75650963972455));
#2124=CARTESIAN_POINT('Ctrl Pts',(59.7011003664322,62.0000778815484,-8.40804889863274));
#2125=CARTESIAN_POINT('Ctrl Pts',(63.6601947354711,62.0000196695641,-8.05958040137287));
#2126=CARTESIAN_POINT('Ctrl Pts',(67.6192886138402,62.0000045093919,-7.71110013253431));
#2127=CARTESIAN_POINT('Ctrl Pts',(68.4128590956254,62.0000014706498,-7.64124989322935));
#2128=CARTESIAN_POINT('Ctrl Pts',(69.2064295576969,62.,-7.57139921240669));
#2129=CARTESIAN_POINT('Ctrl Pts',(70.,62.,-7.50154811536383));
#2130=CARTESIAN_POINT('Ctrl Pts',(53.011308490603,62.0000000544877,-11.7045683425249));
#2131=CARTESIAN_POINT('Ctrl Pts',(53.0113083994447,61.9999999793569,-11.6044458382201));
#2132=CARTESIAN_POINT('Ctrl Pts',(53.0166632224965,62.0000656209821,-11.5046677230773));
#2133=CARTESIAN_POINT('Ctrl Pts',(53.0271434867126,62.0001573025028,-11.4055515238677));
#2134=CARTESIAN_POINT('Ctrl Pts',(53.0377745167727,62.0002503029254,-11.305009469631));
#2135=CARTESIAN_POINT('Ctrl Pts',(53.0536797686331,62.0003700774293,-11.2051477327077));
#2136=CARTESIAN_POINT('Ctrl Pts',(53.0746726628832,62.0004855233478,-11.1063015852891));
#2137=CARTESIAN_POINT('Ctrl Pts',(53.0957683762653,62.0006015346981,-11.0069713085766));
#2138=CARTESIAN_POINT('Ctrl Pts',(53.1220020242353,62.0007131669001,-10.9086657733415));
#2139=CARTESIAN_POINT('Ctrl Pts',(53.153232781862,62.0007993877071,-10.8117411583035));
#2140=CARTESIAN_POINT('Ctrl Pts',(53.1654329978502,62.000833069646,-10.7738778041007));
#2141=CARTESIAN_POINT('Ctrl Pts',(53.1783962938486,62.0008629874053,-10.7362254238173));
#2142=CARTESIAN_POINT('Ctrl Pts',(53.1921161026899,62.0008883251107,-10.6988063301109));
#2143=CARTESIAN_POINT('Ctrl Pts',(53.2271595952575,62.0009530433369,-10.6032295077692));
#2144=CARTESIAN_POINT('Ctrl Pts',(53.2669576555175,62.0009862849323,-10.5096579029459));
#2145=CARTESIAN_POINT('Ctrl Pts',(53.3112879474484,62.0009835906585,-10.4184193612244));
#2146=CARTESIAN_POINT('Ctrl Pts',(53.3557950499096,62.0009808856385,-10.3268169163061));
#2147=CARTESIAN_POINT('Ctrl Pts',(53.4048709883009,62.0009419572145,-10.2375653642418));
#2148=CARTESIAN_POINT('Ctrl Pts',(53.4583394940984,62.0008726587453,-10.1510130366834));
#2149=CARTESIAN_POINT('Ctrl Pts',(53.5111517131468,62.000804210864,-10.0655230755561));
#2150=CARTESIAN_POINT('Ctrl Pts',(53.5682497908658,62.0007061566841,-9.98266575633848));
#2151=CARTESIAN_POINT('Ctrl Pts',(53.6295048882349,62.0005940198013,-9.90280426372666));
#2152=CARTESIAN_POINT('Ctrl Pts',(53.6525861324173,62.0005517660317,-9.87271203155472));
#2153=CARTESIAN_POINT('Ctrl Pts',(53.6762579846952,62.0005076123392,-9.84304549136191));
#2154=CARTESIAN_POINT('Ctrl Pts',(53.7005148896466,62.0004627505934,-9.81382543092561));
#2155=CARTESIAN_POINT('Ctrl Pts',(53.7656474793866,62.0003422916275,-9.73536619581794));
#2156=CARTESIAN_POINT('Ctrl Pts',(53.8346489413396,62.0002174627034,-9.66054104334685));
#2157=CARTESIAN_POINT('Ctrl Pts',(53.9073117056754,62.0001193059834,-9.58966294186224));
#2158=CARTESIAN_POINT('Ctrl Pts',(53.9438471448169,62.0000699519723,-9.55402484596915));
#2159=CARTESIAN_POINT('Ctrl Pts',(53.9813089611694,62.0000275032537,-9.51938494936388));
#2160=CARTESIAN_POINT('Ctrl Pts',(54.0196749870325,61.9999968847569,-9.48578549725854));
#2161=CARTESIAN_POINT('Ctrl Pts',(54.0946682184522,61.9999370354511,-9.42010938328446));
#2162=CARTESIAN_POINT('Ctrl Pts',(54.1731140092532,61.9999217592426,-9.35840611519089));
#2163=CARTESIAN_POINT('Ctrl Pts',(54.2546230257955,61.9999242081718,-9.30077822958923));
#2164=CARTESIAN_POINT('Ctrl Pts',(54.3373313818556,61.9999266931349,-9.24230239607372));
#2165=CARTESIAN_POINT('Ctrl Pts',(54.4231945189589,61.9999475277364,-9.18802230550188));
#2166=CARTESIAN_POINT('Ctrl Pts',(54.5118367657834,61.9999680947537,-9.13808717839197));
#2167=CARTESIAN_POINT('Ctrl Pts',(54.5413633309189,61.9999749455884,-9.12145388178698));
#2168=CARTESIAN_POINT('Ctrl Pts',(54.5711984532805,61.9999818367603,-9.10530304996255));
#2169=CARTESIAN_POINT('Ctrl Pts',(54.601328774637,61.9999882780527,-9.08964135023382));
#2170=CARTESIAN_POINT('Ctrl Pts',(54.6913655547559,62.0000075262121,-9.04284035537958));
#2171=CARTESIAN_POINT('Ctrl Pts',(54.7835718804662,62.0000237250087,-9.0006449303934));
#2172=CARTESIAN_POINT('Ctrl Pts',(54.8775354589878,62.0000285519786,-8.96312378784983));
#2173=CARTESIAN_POINT('Ctrl Pts',(54.9724940331512,62.0000334300621,-8.92520532781476));
#2174=CARTESIAN_POINT('Ctrl Pts',(55.0692480684032,62.000026805213,-8.89206026996574));
#2175=CARTESIAN_POINT('Ctrl Pts',(55.1674045616793,62.0000100881174,-8.86380145494123));
#2176=CARTESIAN_POINT('Ctrl Pts',(55.2650542543913,61.9999934573353,-8.83568854553049));
#2177=CARTESIAN_POINT('Ctrl Pts',(55.3640928038493,61.9999669680532,-8.81241125465602));
#2178=CARTESIAN_POINT('Ctrl Pts',(55.4641528693988,61.999940009849,-8.79412700085616));
#2179=CARTESIAN_POINT('Ctrl Pts',(55.5560017007875,61.9999152639172,-8.77734320868983));
#2180=CARTESIAN_POINT('Ctrl Pts',(55.6487119571876,61.9998902798992,-8.7647668939857));
#2181=CARTESIAN_POINT('Ctrl Pts',(55.7420051608688,61.9998769318701,-8.75655781709003));
#2182=CARTESIAN_POINT('',(43.8817681898291,62.0000000017939,-15.));
#2183=CARTESIAN_POINT('',(15.0993468427171,62.,-15.));
#2184=CARTESIAN_POINT('',(4.9854123092291,62.,-15.));
#2185=CARTESIAN_POINT('',(46.0113085058305,62.,-12.8704596847458));
#2186=CARTESIAN_POINT('Ctrl Pts',(46.0113085058305,62.,-12.8704596847458));
#2187=CARTESIAN_POINT('Ctrl Pts',(45.3014617339545,62.,-13.5803064566217));
#2188=CARTESIAN_POINT('Ctrl Pts',(44.591614961705,62.0000000017939,-14.2901532281241));
#2189=CARTESIAN_POINT('Ctrl Pts',(43.8817681898291,62.0000000017939,-15.));
#2190=CARTESIAN_POINT('',(46.0113085058305,62.,21.8754948054788));
#2191=CARTESIAN_POINT('Ctrl Pts',(46.0113085058305,62.,21.8754948054788));
#2192=CARTESIAN_POINT('Ctrl Pts',(46.0113085058305,62.,16.0845023904413));
#2193=CARTESIAN_POINT('Ctrl Pts',(46.0113085058305,62.,10.2935099754039));
#2194=CARTESIAN_POINT('Ctrl Pts',(46.0113085058305,62.,-1.28847485467092));
#2195=CARTESIAN_POINT('Ctrl Pts',(46.0113085058305,62.,-7.07946726970834));
#2196=CARTESIAN_POINT('Ctrl Pts',(46.0113085058305,62.,-12.8704596847458));
#2197=CARTESIAN_POINT('',(41.322213892595,62.,26.5645894187142));
#2198=CARTESIAN_POINT('Ctrl Pts',(41.322213892595,62.,26.5645894187142));
#2199=CARTESIAN_POINT('Ctrl Pts',(42.1037296614676,62.,25.7830736498416));
#2200=CARTESIAN_POINT('Ctrl Pts',(42.8852454303402,62.,25.001557880969));
#2201=CARTESIAN_POINT('Ctrl Pts',(44.4482769680853,62.,23.4385263432239));
#2202=CARTESIAN_POINT('Ctrl Pts',(45.2297927369579,62.,22.6570105743513));
#2203=CARTESIAN_POINT('Ctrl Pts',(46.0113085058305,62.,21.8754948054788));
#2204=CARTESIAN_POINT('',(5.20735385494738E-14,62.,26.5645894187142));
#2205=CARTESIAN_POINT('Ctrl Pts',(-5.20735385494739E-14,62.,26.5645894187142));
#2206=CARTESIAN_POINT('Ctrl Pts',(6.88703564876579,62.,26.5645894187142));
#2207=CARTESIAN_POINT('Ctrl Pts',(13.7740712975316,62.,26.5645894187142));
#2208=CARTESIAN_POINT('Ctrl Pts',(27.5481425950633,62.,26.5645894187142));
#2209=CARTESIAN_POINT('Ctrl Pts',(34.4351782438292,62.,26.5645894187142));
#2210=CARTESIAN_POINT('Ctrl Pts',(41.322213892595,62.,26.5645894187142));
#2211=CARTESIAN_POINT('',(-41.322213892595,62.,26.5645894187142));
#2212=CARTESIAN_POINT('Ctrl Pts',(-41.322213892595,62.,26.5645894187142));
#2213=CARTESIAN_POINT('Ctrl Pts',(-34.4351782438292,62.,26.5645894187142));
#2214=CARTESIAN_POINT('Ctrl Pts',(-27.5481425950633,62.,26.5645894187142));
#2215=CARTESIAN_POINT('Ctrl Pts',(-13.7740712975316,62.,26.5645894187142));
#2216=CARTESIAN_POINT('Ctrl Pts',(-6.88703564876579,62.,26.5645894187142));
#2217=CARTESIAN_POINT('Ctrl Pts',(5.20735385494739E-14,62.,26.5645894187142));
#2218=CARTESIAN_POINT('',(-46.0113085058305,62.,21.8754948054788));
#2219=CARTESIAN_POINT('Ctrl Pts',(-46.0113085058305,62.,21.8754948054788));
#2220=CARTESIAN_POINT('Ctrl Pts',(-45.2297927369579,62.,22.6570105743513));
#2221=CARTESIAN_POINT('Ctrl Pts',(-44.4482769680853,62.,23.4385263432239));
#2222=CARTESIAN_POINT('Ctrl Pts',(-42.8852454303402,62.,25.001557880969));
#2223=CARTESIAN_POINT('Ctrl Pts',(-42.1037296614676,62.,25.7830736498416));
#2224=CARTESIAN_POINT('Ctrl Pts',(-41.322213892595,62.,26.5645894187142));
#2225=CARTESIAN_POINT('',(-46.0113085058305,62.,-12.8704596847458));
#2226=CARTESIAN_POINT('Ctrl Pts',(-46.0113085058305,62.,-12.8704596847458));
#2227=CARTESIAN_POINT('Ctrl Pts',(-46.0113085058305,62.,-7.07946726970834));
#2228=CARTESIAN_POINT('Ctrl Pts',(-46.0113085058305,62.,-1.28847485467092));
#2229=CARTESIAN_POINT('Ctrl Pts',(-46.0113085058305,62.,10.2935099754039));
#2230=CARTESIAN_POINT('Ctrl Pts',(-46.0113085058305,62.,16.0845023904413));
#2231=CARTESIAN_POINT('Ctrl Pts',(-46.0113085058305,62.,21.8754948054788));
#2232=CARTESIAN_POINT('',(-43.8817681902283,62.0000000008353,-15.));
#2233=CARTESIAN_POINT('Ctrl Pts',(-43.8817681902283,62.0000000008353,-15.));
#2234=CARTESIAN_POINT('Ctrl Pts',(-44.5916149620377,62.0000000008353,-14.2901532281906));
#2235=CARTESIAN_POINT('Ctrl Pts',(-45.3014617340211,62.,-13.5803064565551));
#2236=CARTESIAN_POINT('Ctrl Pts',(-46.0113085058305,62.,-12.8704596847458));
#2237=CARTESIAN_POINT('',(-15.0993468427171,62.,-15.));
#2238=CARTESIAN_POINT('',(4.9854123092291,62.,-15.));
#2239=CARTESIAN_POINT('',(-15.0993468427171,62.,2.22044604925031E-15));
#2240=CARTESIAN_POINT('',(-15.0993468427171,62.,-2.90361803472826));
#2241=CARTESIAN_POINT('',(-5.,62.,14.2474655667831));
#2242=CARTESIAN_POINT('Origin',(-3.95653535463253E-91,62.,5.63021704416226E-45));
#2243=CARTESIAN_POINT('',(-5.,62.,10.0778221853732));
#2244=CARTESIAN_POINT('',(-5.,62.,13.2460553866303));
#2245=CARTESIAN_POINT('',(5.,62.,10.0778221853732));
#2246=CARTESIAN_POINT('Origin',(0.,62.,0.));
#2247=CARTESIAN_POINT('',(5.,62.,14.2474655667831));
#2248=CARTESIAN_POINT('',(5.,62.,10.2460553866303));
#2249=CARTESIAN_POINT('',(15.0993468427171,62.,9.71445146547012E-16));
#2250=CARTESIAN_POINT('Origin',(-3.95653535463253E-91,62.,5.63021704416226E-45));
#2251=CARTESIAN_POINT('',(15.0993468427171,62.,4.64605538663027));
#2252=CARTESIAN_POINT('Ctrl Pts',(-52.985887409413,62.1315724192323,13.0986526017237));
#2253=CARTESIAN_POINT('Ctrl Pts',(-54.082349237294,56.4605325751424,13.8998234186516));
#2254=CARTESIAN_POINT('Ctrl Pts',(-55.0865167141824,50.7592560526754,14.626873433988));
#2255=CARTESIAN_POINT('Ctrl Pts',(-56.1988933214353,43.7459574441977,15.0151016928794));
#2256=CARTESIAN_POINT('Ctrl Pts',(-56.5826133871871,41.2398585828383,15.1016266903915));
#2257=CARTESIAN_POINT('Ctrl Pts',(-57.1198862310606,37.4696758622362,15.2454982373914));
#2258=CARTESIAN_POINT('Ctrl Pts',(-57.6191117924909,33.6934548857183,15.3577628866493));
#2259=CARTESIAN_POINT('Ctrl Pts',(-58.3900980187627,27.3857286548902,15.4101707415685));
#2260=CARTESIAN_POINT('Ctrl Pts',(-59.0400866201458,21.0704404489216,15.2645273748714));
#2261=CARTESIAN_POINT('Ctrl Pts',(-59.5802037040679,14.7565037350542,14.8300226184313));
#2262=CARTESIAN_POINT('Ctrl Pts',(-59.8727336374712,10.9656402483605,14.5691718624667));
#2263=CARTESIAN_POINT('Ctrl Pts',(-60.134372853092,7.17848672212548,14.2148030500599));
#2264=CARTESIAN_POINT('Ctrl Pts',(-60.3269781660982,4.0383641546312,13.7317282315429));
#2265=CARTESIAN_POINT('Ctrl Pts',(-60.4664480704089,1.53845208837039,13.2835333159795));
#2266=CARTESIAN_POINT('Ctrl Pts',(-60.5642800421274,-0.336461090685566,
12.956244379429));
#2267=CARTESIAN_POINT('Ctrl Pts',(-60.655810792374,-2.21958092724302,12.6524310243071));
#2268=CARTESIAN_POINT('Ctrl Pts',(-60.7679793898915,-4.70544462736014,12.1366490641345));
#2269=CARTESIAN_POINT('Ctrl Pts',(-60.8659891156385,-7.15367233584252,11.3704800232893));
#2270=CARTESIAN_POINT('Ctrl Pts',(-60.9515604380489,-9.57665361427196,10.6050572009331));
#2271=CARTESIAN_POINT('Ctrl Pts',(-61.0108452340661,-11.4190091937571,10.1249316673787));
#2272=CARTESIAN_POINT('Ctrl Pts',(-61.0498384744393,-12.759752637272,9.61657062453125));
#2273=CARTESIAN_POINT('Ctrl Pts',(-61.0731321063163,-13.611226024638,9.18371907230103));
#2274=CARTESIAN_POINT('Ctrl Pts',(-61.0843940531318,-14.0333444822807,8.96041862975141));
#2275=CARTESIAN_POINT('Ctrl Pts',(-61.0956766466205,-14.4675743112713,8.7620100958504));
#2276=CARTESIAN_POINT('Ctrl Pts',(-61.1180558352461,-15.3527658137339,8.40486764235361));
#2277=CARTESIAN_POINT('Ctrl Pts',(-61.1420729315075,-16.3772918615455,7.95648629326383));
#2278=CARTESIAN_POINT('Ctrl Pts',(-61.1654529135805,-17.4647823831441,7.28857749707612));
#2279=CARTESIAN_POINT('Ctrl Pts',(-61.1820017545027,-18.2816301372653,6.79439613054651));
#2280=CARTESIAN_POINT('Ctrl Pts',(-61.1976926435989,-19.108222387233,6.31509141862387));
#2281=CARTESIAN_POINT('Ctrl Pts',(-61.2164720056026,-20.1678593561157,5.60009604324709));
#2282=CARTESIAN_POINT('Ctrl Pts',(-61.2298642819617,-21.0081876956411,4.86412911841445));
#2283=CARTESIAN_POINT('Ctrl Pts',(-61.2397071032808,-21.6753177315067,4.17576210468128));
#2284=CARTESIAN_POINT('Ctrl Pts',(-61.2444800418303,-22.0097990770265,3.83389557107134));
#2285=CARTESIAN_POINT('Ctrl Pts',(-61.2491628538068,-22.3499458457346,3.49704341022787));
#2286=CARTESIAN_POINT('Ctrl Pts',(-61.2580323779916,-23.0177764589038,2.81465779206429));
#2287=CARTESIAN_POINT('Ctrl Pts',(-61.2689483034957,-23.930716773616,1.67504849541845));
#2288=CARTESIAN_POINT('Ctrl Pts',(-61.2761085463169,-24.6162339372276,0.213716405094232));
#2289=CARTESIAN_POINT('Ctrl Pts',(-61.2796968974732,-24.9776660102068,-1.01261471417179));
#2290=CARTESIAN_POINT('Ctrl Pts',(-61.2810677473382,-25.1209503530733,-1.63806120484913));
#2291=CARTESIAN_POINT('Ctrl Pts',(-61.2816673737402,-25.1843349379151,-1.9512590445005));
#2292=CARTESIAN_POINT('Ctrl Pts',(-53.00745693588,62.0200120886292,12.2747173615869));
#2293=CARTESIAN_POINT('Ctrl Pts',(-54.1009316259496,56.3573382997168,13.0724327617585));
#2294=CARTESIAN_POINT('Ctrl Pts',(-55.1005964688321,50.6745673890765,13.7931870748138));
#2295=CARTESIAN_POINT('Ctrl Pts',(-56.2044659284248,43.7097882586627,14.1725192635777));
#2296=CARTESIAN_POINT('Ctrl Pts',(-56.5861274210529,41.2161145540681,14.2572187974496));
#2297=CARTESIAN_POINT('Ctrl Pts',(-57.1247214837548,37.4344445008866,14.4021879594683));
#2298=CARTESIAN_POINT('Ctrl Pts',(-57.620596836312,33.6812648046884,14.5115112668198));
#2299=CARTESIAN_POINT('Ctrl Pts',(-58.3894834612092,27.3893302594673,14.5620892571333));
#2300=CARTESIAN_POINT('Ctrl Pts',(-59.0359349931844,21.1115639039085,14.4149570899347));
#2301=CARTESIAN_POINT('Ctrl Pts',(-59.5753556467158,14.8162217630726,13.9813444205089));
#2302=CARTESIAN_POINT('Ctrl Pts',(-59.8682556179655,11.0264113248584,13.7206595383968));
#2303=CARTESIAN_POINT('Ctrl Pts',(-60.127539155264,7.28100326585207,13.3682278014597));
#2304=CARTESIAN_POINT('Ctrl Pts',(-60.3185532983166,4.18043351275034,12.8903401851116));
#2305=CARTESIAN_POINT('Ctrl Pts',(-60.4582759598939,1.689851244902,12.4439069518874));
#2306=CARTESIAN_POINT('Ctrl Pts',(-60.5574609018314,-0.200527420074124,
12.1150381104318));
#2307=CARTESIAN_POINT('Ctrl Pts',(-60.6490150121721,-2.07493294778491,11.8122071521707));
#2308=CARTESIAN_POINT('Ctrl Pts',(-60.7584385176688,-4.48482248071322,11.3100997484951));
#2309=CARTESIAN_POINT('Ctrl Pts',(-60.8556384815737,-6.88095857320638,10.5600555679938));
#2310=CARTESIAN_POINT('Ctrl Pts',(-60.9437240128688,-9.34247163752208,9.78531606559762));
#2311=CARTESIAN_POINT('Ctrl Pts',(-61.0040738230325,-11.1985245429769,9.30041279457489));
#2312=CARTESIAN_POINT('Ctrl Pts',(-61.0398216368288,-12.4101008354876,8.83447540254114));
#2313=CARTESIAN_POINT('Ctrl Pts',(-61.062412335846,-13.2158993549002,8.4260729117412));
#2314=CARTESIAN_POINT('Ctrl Pts',(-61.0741446254485,-13.6447629769064,8.19850776990031));
#2315=CARTESIAN_POINT('Ctrl Pts',(-61.0874345917816,-14.1448093582482,7.97158193460136));
#2316=CARTESIAN_POINT('Ctrl Pts',(-61.1103531353815,-15.0339016376292,7.61436317588953));
#2317=CARTESIAN_POINT('Ctrl Pts',(-61.1331541300388,-15.9861529398576,7.19461834404803));
#2318=CARTESIAN_POINT('Ctrl Pts',(-61.1557409602955,-17.0003072900156,6.57140461478985));
#2319=CARTESIAN_POINT('Ctrl Pts',(-61.1739097009113,-17.8677787626186,6.04787739865035));
#2320=CARTESIAN_POINT('Ctrl Pts',(-61.1893979094513,-18.6571919905254,5.59047592251001));
#2321=CARTESIAN_POINT('Ctrl Pts',(-61.2077391250244,-19.6491538691602,4.91905638813591));
#2322=CARTESIAN_POINT('Ctrl Pts',(-61.2206469558333,-20.4160453568765,4.24764275035145));
#2323=CARTESIAN_POINT('Ctrl Pts',(-61.230777209124,-21.0606054506581,3.58331418373607));
#2324=CARTESIAN_POINT('Ctrl Pts',(-61.2360536886098,-21.4086115557164,3.22802398952527));
#2325=CARTESIAN_POINT('Ctrl Pts',(-61.2410455882536,-21.7491555669469,2.89119553596368));
#2326=CARTESIAN_POINT('Ctrl Pts',(-61.2500172606621,-22.3803436990931,2.24547986804717));
#2327=CARTESIAN_POINT('Ctrl Pts',(-61.2606893474808,-23.2006139806923,1.21690700213063));
#2328=CARTESIAN_POINT('Ctrl Pts',(-61.2678888235426,-23.8161681839262,-0.0924863678323964));
#2329=CARTESIAN_POINT('Ctrl Pts',(-61.271622590446,-24.1500291032627,-1.22186684221712));
#2330=CARTESIAN_POINT('Ctrl Pts',(-61.2731178487722,-24.2885984066319,-1.82555315617118));
#2331=CARTESIAN_POINT('Ctrl Pts',(-61.2737596432387,-24.3484340949582,-2.12115616501371));
#2332=CARTESIAN_POINT('Ctrl Pts',(-53.6752565850765,61.9482352299064,10.8444832133782));
#2333=CARTESIAN_POINT('Ctrl Pts',(-54.7686911120519,56.2934966128802,11.6364420263661));
#2334=CARTESIAN_POINT('Ctrl Pts',(-55.7667819853176,50.6372897561026,12.3462373979863));
#2335=CARTESIAN_POINT('Ctrl Pts',(-56.8673343281368,43.7487042158339,12.7106180101237));
#2336=CARTESIAN_POINT('Ctrl Pts',(-57.2486599335894,41.2717141662424,12.7922505206989));
#2337=CARTESIAN_POINT('Ctrl Pts',(-57.7890171663903,37.463551142972,12.9390036364836));
#2338=CARTESIAN_POINT('Ctrl Pts',(-58.2839128184368,33.7440776505056,13.0434148313074));
#2339=CARTESIAN_POINT('Ctrl Pts',(-59.0529894043218,27.4691628554943,13.0909216680006));
#2340=CARTESIAN_POINT('Ctrl Pts',(-59.6983737127431,21.2470203505458,12.9413213520498));
#2341=CARTESIAN_POINT('Ctrl Pts',(-60.2382993731643,14.9743986997312,12.5093090138017));
#2342=CARTESIAN_POINT('Ctrl Pts',(-60.5318614430613,11.1809811291488,12.2488779177205));
#2343=CARTESIAN_POINT('Ctrl Pts',(-60.7901466589853,7.50275460584127,11.8999360279832));
#2344=CARTESIAN_POINT('Ctrl Pts',(-60.9804865888666,4.46665378593442,11.431114162183));
#2345=CARTESIAN_POINT('Ctrl Pts',(-61.1205589273883,1.98890201142946,10.9877184634922));
#2346=CARTESIAN_POINT('Ctrl Pts',(-61.2206602054597,0.0694375240126745,
10.6560537948685));
#2347=CARTESIAN_POINT('Ctrl Pts',(-61.3123494832434,-1.79215726799559,10.3549486369174));
#2348=CARTESIAN_POINT('Ctrl Pts',(-61.4203406612468,-4.07387888758527,9.87663077487376));
#2349=CARTESIAN_POINT('Ctrl Pts',(-61.517178247747,-6.38237654472282,9.15460862779747));
#2350=CARTESIAN_POINT('Ctrl Pts',(-61.6068286778042,-8.91308372690528,8.36372190286569));
#2351=CARTESIAN_POINT('Ctrl Pts',(-61.6678546566653,-10.7947016494408,7.87058137330988));
#2352=CARTESIAN_POINT('Ctrl Pts',(-61.7017730590144,-11.7843632536854,7.47824657425585));
#2353=CARTESIAN_POINT('Ctrl Pts',(-61.7239904848179,-12.5123565774967,7.11204859377324));
#2354=CARTESIAN_POINT('Ctrl Pts',(-61.7360066133337,-12.9532927217018,6.87711958026683));
#2355=CARTESIAN_POINT('Ctrl Pts',(-61.7504565311165,-13.5672342867334,6.60093723769712));
#2356=CARTESIAN_POINT('Ctrl Pts',(-61.773712176599,-14.4640082641481,6.24357376376822));
#2357=CARTESIAN_POINT('Ctrl Pts',(-61.7958560278467,-15.2920681673921,5.87366326148539));
#2358=CARTESIAN_POINT('Ctrl Pts',(-61.8180196063177,-16.1808615110532,5.3276355361411));
#2359=CARTESIAN_POINT('Ctrl Pts',(-61.8371358230058,-17.136232989803,4.75357061791003));
#2360=CARTESIAN_POINT('Ctrl Pts',(-61.8525297256184,-17.8621783997007,4.33414156729655));
#2361=CARTESIAN_POINT('Ctrl Pts',(-61.8706434936805,-18.7384351163703,3.73798510698043));
#2362=CARTESIAN_POINT('Ctrl Pts',(-61.8832954699279,-19.3785481275964,3.1788166148146));
#2363=CARTESIAN_POINT('Ctrl Pts',(-61.8936021968997,-19.9848039859078,2.55599231517913));
#2364=CARTESIAN_POINT('Ctrl Pts',(-61.899172257326,-20.3563754370649,2.17762367442197));
#2365=CARTESIAN_POINT('Ctrl Pts',(-61.9043466597929,-20.697887509288,1.84088699548598));
#2366=CARTESIAN_POINT('Ctrl Pts',(-61.9133884547257,-21.2664484156266,1.25858307037204));
#2367=CARTESIAN_POINT('Ctrl Pts',(-61.9239422947218,-21.9269453744024,0.422792661748878));
#2368=CARTESIAN_POINT('Ctrl Pts',(-61.9311794943145,-22.4217118557852,-0.623048138255675));
#2369=CARTESIAN_POINT('Ctrl Pts',(-61.9350030326026,-22.7081443777102,-1.58483910940381));
#2370=CARTESIAN_POINT('Ctrl Pts',(-61.9365738495198,-22.8384989427244,-2.15053960931118));
#2371=CARTESIAN_POINT('Ctrl Pts',(-61.9372402898131,-22.8922780621773,-2.41581826213817));
#2372=CARTESIAN_POINT('Ctrl Pts',(-55.0596178225303,62.1278362616495,10.2175685905963));
#2373=CARTESIAN_POINT('Ctrl Pts',(-56.1595636769161,56.4658449894592,11.0109014026979));
#2374=CARTESIAN_POINT('Ctrl Pts',(-57.1658333932816,50.8110107459924,11.7222148602459));
#2375=CARTESIAN_POINT('Ctrl Pts',(-58.2792253415336,43.9412600258593,12.0911552466975));
#2376=CARTESIAN_POINT('Ctrl Pts',(-58.6647050232009,41.4628830235581,12.1742223687216));
#2377=CARTESIAN_POINT('Ctrl Pts',(-59.2058435158439,37.6319782063556,12.3202804895076));
#2378=CARTESIAN_POINT('Ctrl Pts',(-59.7065054942859,33.9159324080624,12.4269502891787));
#2379=CARTESIAN_POINT('Ctrl Pts',(-60.4809514357517,27.6302099467385,12.4760123131022));
#2380=CARTESIAN_POINT('Ctrl Pts',(-61.1327327563831,21.4140036847465,12.3300709494036));
#2381=CARTESIAN_POINT('Ctrl Pts',(-61.6752977458407,15.1344063695671,11.8996736177732));
#2382=CARTESIAN_POINT('Ctrl Pts',(-61.9694633435173,11.3299663517987,11.6389732284536));
#2383=CARTESIAN_POINT('Ctrl Pts',(-62.2311899340734,7.67038452921421,11.29444973526));
#2384=CARTESIAN_POINT('Ctrl Pts',(-62.4238930968955,4.65323365956917,10.8313600998964));
#2385=CARTESIAN_POINT('Ctrl Pts',(-62.5641165405134,2.17511229954965,10.3889331937394));
#2386=CARTESIAN_POINT('Ctrl Pts',(-62.6630431275136,0.239541899828348,10.0544855297561));
#2387=CARTESIAN_POINT('Ctrl Pts',(-62.7549801569348,-1.62087403902874,9.75408134188807));
#2388=CARTESIAN_POINT('Ctrl Pts',(-62.8662801992258,-3.85545090475565,9.28890740556365));
#2389=CARTESIAN_POINT('Ctrl Pts',(-62.96428760523,-6.13357544045737,8.57933109576818));
#2390=CARTESIAN_POINT('Ctrl Pts',(-63.0514346370968,-8.69707458134898,7.77880231817835));
#2391=CARTESIAN_POINT('Ctrl Pts',(-63.1114686572239,-10.5926510045444,7.28099890899808));
#2392=CARTESIAN_POINT('Ctrl Pts',(-63.1490195990032,-11.4945621076881,6.92276017101641));
#2393=CARTESIAN_POINT('Ctrl Pts',(-63.1720587451668,-12.1926236802727,6.57466617398759));
#2394=CARTESIAN_POINT('Ctrl Pts',(-63.1835930570528,-12.6390388600151,6.336216119117));
#2395=CARTESIAN_POINT('Ctrl Pts',(-63.1958968426922,-13.2999290090398,6.03745523492344));
#2396=CARTESIAN_POINT('Ctrl Pts',(-63.2186234725812,-14.2013951446054,5.67938420107786));
#2397=CARTESIAN_POINT('Ctrl Pts',(-63.2421391882024,-14.9807542503468,5.33130566850011));
#2398=CARTESIAN_POINT('Ctrl Pts',(-63.265218098071,-15.8203535467779,4.8179170690305));
#2399=CARTESIAN_POINT('Ctrl Pts',(-63.2826175107038,-16.8126413521901,4.22121654079884));
#2400=CARTESIAN_POINT('Ctrl Pts',(-63.2982666417816,-17.5140600147325,3.81760338296391));
#2401=CARTESIAN_POINT('Ctrl Pts',(-63.3168989237727,-18.3446644102529,3.25299025314202));
#2402=CARTESIAN_POINT('Ctrl Pts',(-63.3301035386188,-18.9347402083316,2.74018649881573));
#2403=CARTESIAN_POINT('Ctrl Pts',(-63.3401208187813,-19.5261104675818,2.13422941076939));
#2404=CARTESIAN_POINT('Ctrl Pts',(-63.3451558968398,-19.9076047077753,1.74585179861358));
#2405=CARTESIAN_POINT('Ctrl Pts',(-63.350005686669,-20.2498683765022,1.40885059812865));
#2406=CARTESIAN_POINT('Ctrl Pts',(-63.3589558400307,-20.7936077017877,0.852621971362904));
#2407=CARTESIAN_POINT('Ctrl Pts',(-63.3697928159011,-21.3901514192506,0.0961893805949716));
#2408=CARTESIAN_POINT('Ctrl Pts',(-63.3769986987142,-21.8364239603992,-0.841387619274356));
#2409=CARTESIAN_POINT('Ctrl Pts',(-63.3806708456055,-22.1037577368481,-1.73406776979009));
#2410=CARTESIAN_POINT('Ctrl Pts',(-63.3821080060619,-22.2308979306177,-2.28429417267126));
#2411=CARTESIAN_POINT('Ctrl Pts',(-63.3827301309183,-22.2822226404735,-2.5370220286917));
#2412=CARTESIAN_POINT('Ctrl Pts',(-55.6698719579431,62.2358428003503,10.1464992006789));
#2413=CARTESIAN_POINT('Ctrl Pts',(-56.7726815872412,56.5684605908908,10.9419198546654));
#2414=CARTESIAN_POINT('Ctrl Pts',(-57.7826283117286,50.9095104453635,11.6563619673891));
#2415=CARTESIAN_POINT('Ctrl Pts',(-58.9017543732888,44.0355201555943,12.0312014054489));
#2416=CARTESIAN_POINT('Ctrl Pts',(-59.2890736644353,41.5533023099436,12.1157651300077));
#2417=CARTESIAN_POINT('Ctrl Pts',(-59.8305211912587,37.7153511780322,12.2610087923398));
#2418=CARTESIAN_POINT('Ctrl Pts',(-60.3337459488214,33.9948448095374,12.3700646440724));
#2419=CARTESIAN_POINT('Ctrl Pts',(-61.1105544346061,27.700299125382,12.4206933070317));
#2420=CARTESIAN_POINT('Ctrl Pts',(-61.7651879207486,21.4770328582208,12.2774110163085));
#2421=CARTESIAN_POINT('Ctrl Pts',(-62.3089017284433,15.1896030323556,11.8476397305304));
#2422=CARTESIAN_POINT('Ctrl Pts',(-62.6033206629452,11.3800825577891,11.5867197336417));
#2423=CARTESIAN_POINT('Ctrl Pts',(-62.8665851741968,7.71796533844619,11.2440844059979));
#2424=CARTESIAN_POINT('Ctrl Pts',(-63.0603450052924,4.6989598118197,10.7824796600836));
#2425=CARTESIAN_POINT('Ctrl Pts',(-63.20062744399,2.21831325119773,10.3399867018848));
#2426=CARTESIAN_POINT('Ctrl Pts',(-63.2990186893351,0.279721110245011,10.0044848646718));
#2427=CARTESIAN_POINT('Ctrl Pts',(-63.3910623503528,-1.58237314034421,9.70414410274026));
#2428=CARTESIAN_POINT('Ctrl Pts',(-63.5038470741103,-3.81587614039527,9.24172730138389));
#2429=CARTESIAN_POINT('Ctrl Pts',(-63.602378306926,-6.09400101963402,8.5336468929375));
#2430=CARTESIAN_POINT('Ctrl Pts',(-63.6883919553693,-8.6617843921625,7.73086241883083));
#2431=CARTESIAN_POINT('Ctrl Pts',(-63.7479768117618,-10.5598482298868,7.23207422380068));
#2432=CARTESIAN_POINT('Ctrl Pts',(-63.7871632032423,-11.456542706799,6.87851369539787));
#2433=CARTESIAN_POINT('Ctrl Pts',(-63.8105708514879,-12.1533033448653,6.53217725680221));
#2434=CARTESIAN_POINT('Ctrl Pts',(-63.821887649563,-12.6003249948646,6.29321272148271));
#2435=CARTESIAN_POINT('Ctrl Pts',(-63.8332249145123,-13.2646983607153,5.99155775122098));
#2436=CARTESIAN_POINT('Ctrl Pts',(-63.855711977117,-14.1671788604115,5.63310519868742));
#2437=CARTESIAN_POINT('Ctrl Pts',(-63.8798431843459,-14.9436975287992,5.28754418896798));
#2438=CARTESIAN_POINT('Ctrl Pts',(-63.903332628005,-15.7806404184621,4.7771163746926));
#2439=CARTESIAN_POINT('Ctrl Pts',(-63.9199581854572,-16.7758876559017,4.17781710258548));
#2440=CARTESIAN_POINT('Ctrl Pts',(-63.9357210624754,-17.4760724935178,3.77558864064715));
#2441=CARTESIAN_POINT('Ctrl Pts',(-63.9545856855569,-18.3040564376523,3.2137056452083));
#2442=CARTESIAN_POINT('Ctrl Pts',(-63.9680378247136,-18.890904943466,2.70492377780737));
#2443=CARTESIAN_POINT('Ctrl Pts',(-63.9779242195142,-19.4814940627552,2.10016399276517));
#2444=CARTESIAN_POINT('Ctrl Pts',(-63.9827181963966,-19.863777000282,1.71080473338397));
#2445=CARTESIAN_POINT('Ctrl Pts',(-63.9874215583991,-20.2062149669907,1.37365641538626));
#2446=CARTESIAN_POINT('Ctrl Pts',(-63.9963298337287,-20.7484388119955,0.819475753849045));
#2447=CARTESIAN_POINT('Ctrl Pts',(-64.0072928593867,-21.3405721816655,0.0696654890381004));
#2448=CARTESIAN_POINT('Ctrl Pts',(-64.0144835709157,-21.783358464529,-0.859097200966731));
#2449=CARTESIAN_POINT('Ctrl Pts',(-64.0180871225928,-22.0493186840804,-1.7462804256143));
#2450=CARTESIAN_POINT('Ctrl Pts',(-64.0194637584947,-22.1761879890608,-2.29520268416267));
#2451=CARTESIAN_POINT('Ctrl Pts',(-64.0200659134222,-22.227340681047,-2.54695046342586));
#2452=CARTESIAN_POINT('',(-64.0200659134222,-22.227340681047,-2.54695046342586));
#2453=CARTESIAN_POINT('Ctrl Pts',(-55.7157113836796,62.0000016087041,10.1795527308358));
#2454=CARTESIAN_POINT('Ctrl Pts',(-56.8006830978775,56.4114667589025,10.9616624330528));
#2455=CARTESIAN_POINT('Ctrl Pts',(-57.7953736315501,50.8312250692096,11.6606308774644));
#2456=CARTESIAN_POINT('Ctrl Pts',(-58.9017543732888,44.0355201555943,12.0312014054489));
#2457=CARTESIAN_POINT('Ctrl Pts',(-59.2890736644353,41.5533023099436,12.1157651300077));
#2458=CARTESIAN_POINT('Ctrl Pts',(-59.8305211912587,37.7153511780322,12.2610087923398));
#2459=CARTESIAN_POINT('Ctrl Pts',(-60.3337459488214,33.9948448095374,12.3700646440724));
#2460=CARTESIAN_POINT('Ctrl Pts',(-61.1105544346061,27.700299125382,12.4206933070317));
#2461=CARTESIAN_POINT('Ctrl Pts',(-61.7651879207486,21.4770328582208,12.2774110163085));
#2462=CARTESIAN_POINT('Ctrl Pts',(-62.3089017284433,15.1896030323556,11.8476397305304));
#2463=CARTESIAN_POINT('Ctrl Pts',(-62.6033206629452,11.3800825577891,11.5867197336417));
#2464=CARTESIAN_POINT('Ctrl Pts',(-62.8665851741968,7.71796533844619,11.2440844059979));
#2465=CARTESIAN_POINT('Ctrl Pts',(-63.0603450052924,4.6989598118197,10.7824796600836));
#2466=CARTESIAN_POINT('Ctrl Pts',(-63.20062744399,2.21831325119773,10.3399867018848));
#2467=CARTESIAN_POINT('Ctrl Pts',(-63.2990186893351,0.279721110245011,10.0044848646718));
#2468=CARTESIAN_POINT('Ctrl Pts',(-63.3910623503528,-1.58237314034421,9.70414410274026));
#2469=CARTESIAN_POINT('Ctrl Pts',(-63.5038470741103,-3.81587614039527,9.24172730138389));
#2470=CARTESIAN_POINT('Ctrl Pts',(-63.602378306926,-6.09400101963402,8.5336468929375));
#2471=CARTESIAN_POINT('Ctrl Pts',(-63.6883919553693,-8.6617843921625,7.73086241883083));
#2472=CARTESIAN_POINT('Ctrl Pts',(-63.7479768117618,-10.5598482298868,7.23207422380068));
#2473=CARTESIAN_POINT('Ctrl Pts',(-63.7871632032423,-11.456542706799,6.87851369539787));
#2474=CARTESIAN_POINT('Ctrl Pts',(-63.8105708514879,-12.1533033448653,6.53217725680221));
#2475=CARTESIAN_POINT('Ctrl Pts',(-63.821887649563,-12.6003249948646,6.29321272148271));
#2476=CARTESIAN_POINT('Ctrl Pts',(-63.8332249145123,-13.2646983607153,5.99155775122098));
#2477=CARTESIAN_POINT('Ctrl Pts',(-63.855711977117,-14.1671788604115,5.63310519868742));
#2478=CARTESIAN_POINT('Ctrl Pts',(-63.8798431843459,-14.9436975287992,5.28754418896798));
#2479=CARTESIAN_POINT('Ctrl Pts',(-63.903332628005,-15.7806404184621,4.7771163746926));
#2480=CARTESIAN_POINT('Ctrl Pts',(-63.9199581854572,-16.7758876559017,4.17781710258548));
#2481=CARTESIAN_POINT('Ctrl Pts',(-63.9357210624754,-17.4760724935178,3.77558864064715));
#2482=CARTESIAN_POINT('Ctrl Pts',(-63.9545856855569,-18.3040564376523,3.2137056452083));
#2483=CARTESIAN_POINT('Ctrl Pts',(-63.9680378247136,-18.890904943466,2.70492377780737));
#2484=CARTESIAN_POINT('Ctrl Pts',(-63.9779242195142,-19.4814940627552,2.10016399276517));
#2485=CARTESIAN_POINT('Ctrl Pts',(-63.9827181963966,-19.863777000282,1.71080473338397));
#2486=CARTESIAN_POINT('Ctrl Pts',(-63.9874215583991,-20.2062149669907,1.37365641538626));
#2487=CARTESIAN_POINT('Ctrl Pts',(-63.9963298337287,-20.7484388119955,0.819475753849045));
#2488=CARTESIAN_POINT('Ctrl Pts',(-64.0072928593867,-21.3405721816655,0.0696654890381004));
#2489=CARTESIAN_POINT('Ctrl Pts',(-64.0144835709157,-21.783358464529,-0.859097200966731));
#2490=CARTESIAN_POINT('Ctrl Pts',(-64.0180871225928,-22.0493186840804,-1.7462804256143));
#2491=CARTESIAN_POINT('Ctrl Pts',(-64.0194637584947,-22.1761879890608,-2.29520268416267));
#2492=CARTESIAN_POINT('Ctrl Pts',(-64.0200659134222,-22.227340681047,-2.54695046342586));
#2493=CARTESIAN_POINT('',(-61.2816673737402,-25.1843349379151,-1.9512590445005));
#2494=CARTESIAN_POINT('Origin',(-64.2815331416652,-25.1559558182704,-1.9512590445005));
#2495=CARTESIAN_POINT('',(-56.,45.,14.9448663641221));
#2496=CARTESIAN_POINT('Ctrl Pts',(-61.2816673737402,-25.1843349379151,-1.9512590445005));
#2497=CARTESIAN_POINT('Ctrl Pts',(-61.2810677473382,-25.1209503530733,-1.63806120484913));
#2498=CARTESIAN_POINT('Ctrl Pts',(-61.2796968974732,-24.9776660102068,-1.01261471417179));
#2499=CARTESIAN_POINT('Ctrl Pts',(-61.2761085463169,-24.6162339372276,0.213716405094232));
#2500=CARTESIAN_POINT('Ctrl Pts',(-61.2689483034957,-23.930716773616,1.67504849541845));
#2501=CARTESIAN_POINT('Ctrl Pts',(-61.2580323779916,-23.0177764589038,2.81465779206429));
#2502=CARTESIAN_POINT('Ctrl Pts',(-61.2491628538068,-22.3499458457346,3.49704341022787));
#2503=CARTESIAN_POINT('Ctrl Pts',(-61.2444800418303,-22.0097990770265,3.83389557107134));
#2504=CARTESIAN_POINT('Ctrl Pts',(-61.2397071032808,-21.6753177315067,4.17576210468128));
#2505=CARTESIAN_POINT('Ctrl Pts',(-61.2298642819617,-21.0081876956411,4.86412911841445));
#2506=CARTESIAN_POINT('Ctrl Pts',(-61.2164720056026,-20.1678593561157,5.60009604324709));
#2507=CARTESIAN_POINT('Ctrl Pts',(-61.1976926435989,-19.108222387233,6.31509141862387));
#2508=CARTESIAN_POINT('Ctrl Pts',(-61.1820017545027,-18.2816301372653,6.79439613054651));
#2509=CARTESIAN_POINT('Ctrl Pts',(-61.1654529135805,-17.4647823831441,7.28857749707612));
#2510=CARTESIAN_POINT('Ctrl Pts',(-61.1420729315075,-16.3772918615455,7.95648629326383));
#2511=CARTESIAN_POINT('Ctrl Pts',(-61.1180558352461,-15.3527658137339,8.40486764235361));
#2512=CARTESIAN_POINT('Ctrl Pts',(-61.0956766466205,-14.4675743112713,8.7620100958504));
#2513=CARTESIAN_POINT('Ctrl Pts',(-61.0843940531318,-14.0333444822807,8.96041862975141));
#2514=CARTESIAN_POINT('Ctrl Pts',(-61.0731321063163,-13.611226024638,9.18371907230103));
#2515=CARTESIAN_POINT('Ctrl Pts',(-61.0498384744393,-12.759752637272,9.61657062453125));
#2516=CARTESIAN_POINT('Ctrl Pts',(-61.0108452340661,-11.4190091937571,10.1249316673787));
#2517=CARTESIAN_POINT('Ctrl Pts',(-60.9515604380489,-9.57665361427196,10.6050572009331));
#2518=CARTESIAN_POINT('Ctrl Pts',(-60.8659891156385,-7.15367233584252,11.3704800232893));
#2519=CARTESIAN_POINT('Ctrl Pts',(-60.7679793898915,-4.70544462736014,12.1366490641345));
#2520=CARTESIAN_POINT('Ctrl Pts',(-60.655810792374,-2.21958092724302,12.6524310243071));
#2521=CARTESIAN_POINT('Ctrl Pts',(-60.5642800421274,-0.336461090685566,
12.956244379429));
#2522=CARTESIAN_POINT('Ctrl Pts',(-60.4664480704089,1.53845208837039,13.2835333159795));
#2523=CARTESIAN_POINT('Ctrl Pts',(-60.3269781660982,4.0383641546312,13.7317282315429));
#2524=CARTESIAN_POINT('Ctrl Pts',(-60.134372853092,7.17848672212548,14.2148030500599));
#2525=CARTESIAN_POINT('Ctrl Pts',(-59.8727336374712,10.9656402483605,14.5691718624667));
#2526=CARTESIAN_POINT('Ctrl Pts',(-59.5802037040679,14.7565037350542,14.8300226184313));
#2527=CARTESIAN_POINT('Ctrl Pts',(-59.0400866201458,21.0704404489216,15.2645273748714));
#2528=CARTESIAN_POINT('Ctrl Pts',(-58.3900980187627,27.3857286548902,15.4101707415685));
#2529=CARTESIAN_POINT('Ctrl Pts',(-57.6191117924909,33.6934548857183,15.3577628866493));
#2530=CARTESIAN_POINT('Ctrl Pts',(-57.1198862310606,37.4696758622362,15.2454982373914));
#2531=CARTESIAN_POINT('Ctrl Pts',(-56.5826727044142,41.2394423384899,15.1016425744276));
#2532=CARTESIAN_POINT('Ctrl Pts',(-56.1990204137597,43.7451273917957,15.0151303513298));
#2533=CARTESIAN_POINT('Ctrl Pts',(-55.9999834663384,45.0000418837434,14.945680567973));
#2534=CARTESIAN_POINT('Ctrl Pts',(-55.9999834663384,45.0000418837434,14.945680567973));
#2535=CARTESIAN_POINT('Ctrl Pts',(-55.9999175208975,45.000457665288,14.9456575576895));
#2536=CARTESIAN_POINT('Ctrl Pts',(-55.9998515746616,45.0008734470829,14.9456345445298));
#2537=CARTESIAN_POINT('Ctrl Pts',(-55.0935792392081,50.7147283301286,14.6293383112393));
#2538=CARTESIAN_POINT('Ctrl Pts',(-54.0978747316253,56.3723505388781,13.9110439006675));
#2539=CARTESIAN_POINT('Ctrl Pts',(-53.0113084494269,62.0000004954523,13.1172260808484));
#2540=CARTESIAN_POINT('Ctrl Pts',(-70.,62.0000000000046,8.91446745759259));
#2541=CARTESIAN_POINT('Ctrl Pts',(-65.2385702404635,62.0648083801191,9.32596639683282));
#2542=CARTESIAN_POINT('Ctrl Pts',(-60.4771404809269,62.1296167602335,9.73746533607305));
#2543=CARTESIAN_POINT('Ctrl Pts',(-55.7157107213904,62.1944251403479,10.1489642753133));
#2544=CARTESIAN_POINT('Ctrl Pts',(-70.,60.5721423420145,9.13934566024164));
#2545=CARTESIAN_POINT('Ctrl Pts',(-65.2385702404635,60.63561242266,9.55104197756168));
#2546=CARTESIAN_POINT('Ctrl Pts',(-60.4771404809269,60.69921660584,9.96275736050226));
#2547=CARTESIAN_POINT('Ctrl Pts',(-55.7157107213904,60.7626866864854,10.3744536778223));
#2548=CARTESIAN_POINT('Ctrl Pts',(-70.,57.600252268177,9.59605787164424));
#2549=CARTESIAN_POINT('Ctrl Pts',(-65.2385702404635,57.6605616071272,10.0082747632296));
#2550=CARTESIAN_POINT('Ctrl Pts',(-60.477140480927,57.7207367872173,10.4204762164062));
#2551=CARTESIAN_POINT('Ctrl Pts',(-55.7157107213904,57.7810461261674,10.8326931079915));
#2552=CARTESIAN_POINT('Ctrl Pts',(-70.,51.6589699653947,10.4025355158352));
#2553=CARTESIAN_POINT('Ctrl Pts',(-65.2385702404634,51.7089591227565,10.8161394026939));
#2554=CARTESIAN_POINT('Ctrl Pts',(-60.4771404809269,51.7591461022807,11.2297520034071));
#2555=CARTESIAN_POINT('Ctrl Pts',(-55.7157107213904,51.8091352596425,11.6433558902657));
#2556=CARTESIAN_POINT('Ctrl Pts',(-70.,46.9879412639475,10.8864389108779));
#2557=CARTESIAN_POINT('Ctrl Pts',(-65.2385702404635,47.0231458591463,11.3017144301159));
#2558=CARTESIAN_POINT('Ctrl Pts',(-60.477140480927,47.0582088700846,11.7170016029715));
#2559=CARTESIAN_POINT('Ctrl Pts',(-55.7157107213905,47.0934134652835,12.1322771222095));
#2560=CARTESIAN_POINT('Ctrl Pts',(-70.,42.2927003106046,11.150083216704));
#2561=CARTESIAN_POINT('Ctrl Pts',(-65.2385702404635,42.3101487457879,11.5663153656762));
#2562=CARTESIAN_POINT('Ctrl Pts',(-60.4771404809269,42.3275897356059,11.9825402845927));
#2563=CARTESIAN_POINT('Ctrl Pts',(-55.7157107213904,42.3450381707893,12.3987724335649));
#2564=CARTESIAN_POINT('Ctrl Pts',(-70.,38.7870417241835,11.3104093531174));
#2565=CARTESIAN_POINT('Ctrl Pts',(-65.2385702404635,38.8093372850912,11.7263813059669));
#2566=CARTESIAN_POINT('Ctrl Pts',(-60.477140480927,38.8316450511223,12.1423560631228));
#2567=CARTESIAN_POINT('Ctrl Pts',(-55.7157107213905,38.85394061203,12.5583280159723));
#2568=CARTESIAN_POINT('Ctrl Pts',(-70.,35.2469743805542,11.4838277568363));
#2569=CARTESIAN_POINT('Ctrl Pts',(-65.2385702404635,35.2623329081848,11.9001470830352));
#2570=CARTESIAN_POINT('Ctrl Pts',(-60.4771404809269,35.2773498960555,12.3164745743061));
#2571=CARTESIAN_POINT('Ctrl Pts',(-55.7157107213904,35.2927084236861,12.732793900505));
#2572=CARTESIAN_POINT('Ctrl Pts',(-70.,31.7132709709306,11.5720401696942));
#2573=CARTESIAN_POINT('Ctrl Pts',(-65.2385702404635,31.7200861510182,11.9885789697321));
#2574=CARTESIAN_POINT('Ctrl Pts',(-60.477140480927,31.7274335399592,12.4051034167992));
#2575=CARTESIAN_POINT('Ctrl Pts',(-55.7157107213905,31.7342487200468,12.8216422168371));
#2576=CARTESIAN_POINT('Ctrl Pts',(-70.,28.1245477494199,11.6070452386026));
#2577=CARTESIAN_POINT('Ctrl Pts',(-65.2385702404635,28.1256762738444,12.0236212220119));
#2578=CARTESIAN_POINT('Ctrl Pts',(-60.477140480927,28.1264317293985,12.4402045952338));
#2579=CARTESIAN_POINT('Ctrl Pts',(-55.7157107213904,28.127560253823,12.8567805786432));
#2580=CARTESIAN_POINT('Ctrl Pts',(-70.,23.99104209525,11.5814501951445));
#2581=CARTESIAN_POINT('Ctrl Pts',(-65.2385702404635,23.983252925652,11.9980049202796));
#2582=CARTESIAN_POINT('Ctrl Pts',(-60.477140480927,23.9759078656972,12.4145624968412));
#2583=CARTESIAN_POINT('Ctrl Pts',(-55.7157107213905,23.9681186960992,12.8311172219763));
#2584=CARTESIAN_POINT('Ctrl Pts',(-70.,20.4183087166248,11.4696159761989));
#2585=CARTESIAN_POINT('Ctrl Pts',(-65.2385702404635,20.4006212541925,11.8858497660542));
#2586=CARTESIAN_POINT('Ctrl Pts',(-60.477140480927,20.3821866664997,12.3020468764131));
#2587=CARTESIAN_POINT('Ctrl Pts',(-55.7157107213905,20.3644992040674,12.7182806662684));
#2588=CARTESIAN_POINT('Ctrl Pts',(-70.0000000000001,16.8555142658476,11.2765443208722));
#2589=CARTESIAN_POINT('Ctrl Pts',(-65.2385702404635,16.8305412234071,11.6923706270918));
#2590=CARTESIAN_POINT('Ctrl Pts',(-60.477140480927,16.8061094938658,12.1082264736013));
#2591=CARTESIAN_POINT('Ctrl Pts',(-55.7157107213905,16.7811364514253,12.5240527798209));
#2592=CARTESIAN_POINT('Ctrl Pts',(-70.,12.9296066741529,11.0370136189959));
#2593=CARTESIAN_POINT('Ctrl Pts',(-65.2385702404635,12.9037356247245,11.452775450286));
#2594=CARTESIAN_POINT('Ctrl Pts',(-60.477140480927,12.8773670190325,11.8685071620302));
#2595=CARTESIAN_POINT('Ctrl Pts',(-55.7157107213905,12.8514959696041,12.2842689933203));
#2596=CARTESIAN_POINT('Ctrl Pts',(-70.0000000000001,9.47253878534746,10.7908935243586));
#2597=CARTESIAN_POINT('Ctrl Pts',(-65.2385702404636,9.43653910421376,11.2060382058431));
#2598=CARTESIAN_POINT('Ctrl Pts',(-60.477140480927,9.4007175715893,11.6212019507508));
#2599=CARTESIAN_POINT('Ctrl Pts',(-55.7157107213905,9.36471789045559,12.0363466322353));
#2600=CARTESIAN_POINT('Ctrl Pts',(-70.,7.05922465369554,10.5091193235165));
#2601=CARTESIAN_POINT('Ctrl Pts',(-65.2385702404635,7.00565533195567,10.9223365662747));
#2602=CARTESIAN_POINT('Ctrl Pts',(-60.477140480927,6.95210581931714,11.3355364592823));
#2603=CARTESIAN_POINT('Ctrl Pts',(-55.7157107213904,6.89853649757727,11.7487537020405));
#2604=CARTESIAN_POINT('Ctrl Pts',(-70.0000000000001,4.9595785976928,10.202036262065));
#2605=CARTESIAN_POINT('Ctrl Pts',(-65.2385702404635,4.89425157098921,10.6134624767338));
#2606=CARTESIAN_POINT('Ctrl Pts',(-60.477140480927,4.82890426844822,11.0249125151006));
#2607=CARTESIAN_POINT('Ctrl Pts',(-55.7157107213905,4.76357724174463,11.4363387297695));
#2608=CARTESIAN_POINT('Ctrl Pts',(-70.0000000000001,3.56199268543798,9.96912960030498));
#2609=CARTESIAN_POINT('Ctrl Pts',(-65.2385702404636,3.49192542673449,10.3797708168142));
#2610=CARTESIAN_POINT('Ctrl Pts',(-60.477140480927,3.42162914294494,10.7903596038262));
#2611=CARTESIAN_POINT('Ctrl Pts',(-55.7157107213905,3.35156188424145,11.2010008203354));
#2612=CARTESIAN_POINT('Ctrl Pts',(-70.0000000000001,2.20967828206616,9.73590064944776));
#2613=CARTESIAN_POINT('Ctrl Pts',(-65.2385702404636,2.13856254840872,10.1463677613566));
#2614=CARTESIAN_POINT('Ctrl Pts',(-60.477140480927,2.06844747062009,10.5569868429685));
#2615=CARTESIAN_POINT('Ctrl Pts',(-55.7157107213905,1.99733173696265,10.9674539548773));
#2616=CARTESIAN_POINT('Ctrl Pts',(-70.,0.0450999914574413,9.37040784096069));
#2617=CARTESIAN_POINT('Ctrl Pts',(-65.2385702404635,-0.0194462107811906,
9.78193884968944));
#2618=CARTESIAN_POINT('Ctrl Pts',(-60.477140480927,-0.084807893020759,10.193330818976));
#2619=CARTESIAN_POINT('Ctrl Pts',(-55.7157107213905,-0.149354095259391,
10.6048618277048));
#2620=CARTESIAN_POINT('Ctrl Pts',(-70.0000000000001,-1.13646834114083,9.19205934449795));
#2621=CARTESIAN_POINT('Ctrl Pts',(-65.2385702404636,-1.20366185675149,9.60325249327592));
#2622=CARTESIAN_POINT('Ctrl Pts',(-60.477140480927,-1.27135354971487,10.0143880707185));
#2623=CARTESIAN_POINT('Ctrl Pts',(-55.7157107213905,-1.33854706532553,10.4255812194965));
#2624=CARTESIAN_POINT('Ctrl Pts',(-70.0000000000001,-2.61108705716061,8.90746139814518));
#2625=CARTESIAN_POINT('Ctrl Pts',(-65.2385702404635,-2.69927147508802,9.31477981045337));
#2626=CARTESIAN_POINT('Ctrl Pts',(-60.477140480927,-2.78716183756764,9.72213315417227));
#2627=CARTESIAN_POINT('Ctrl Pts',(-55.7157107213905,-2.87534625549506,10.1294515664804));
#2628=CARTESIAN_POINT('Ctrl Pts',(-70.0000000000001,-4.13189201020699,8.54639248644201));
#2629=CARTESIAN_POINT('Ctrl Pts',(-65.2385702404635,-4.24404476137403,8.94784364824757));
#2630=CARTESIAN_POINT('Ctrl Pts',(-60.477140480927,-4.35646062643091,9.34926176680613));
#2631=CARTESIAN_POINT('Ctrl Pts',(-55.7157107213905,-4.46861337759796,9.75071292861169));
#2632=CARTESIAN_POINT('Ctrl Pts',(-70.,-5.61762975216369,8.09328660468132));
#2633=CARTESIAN_POINT('Ctrl Pts',(-65.2385702404635,-5.7409824997819,8.49113068003598));
#2634=CARTESIAN_POINT('Ctrl Pts',(-60.477140480927,-5.86415092252903,8.88903129050173));
#2635=CARTESIAN_POINT('Ctrl Pts',(-55.7157107213905,-5.98750367014724,9.28687536585639));
#2636=CARTESIAN_POINT('Ctrl Pts',(-70.0000000000001,-6.97665572391201,7.67280599049634));
#2637=CARTESIAN_POINT('Ctrl Pts',(-65.2385702404636,-7.09995136683776,8.0707336929309));
#2638=CARTESIAN_POINT('Ctrl Pts',(-60.477140480927,-7.22337887144269,8.46859380087533));
#2639=CARTESIAN_POINT('Ctrl Pts',(-55.7157107213905,-7.34667451436843,8.86652150330988));
#2640=CARTESIAN_POINT('Ctrl Pts',(-70.0000000000001,-7.86932853836348,7.40059045690613));
#2641=CARTESIAN_POINT('Ctrl Pts',(-65.2385702404635,-7.98845229057525,7.79977005320236));
#2642=CARTESIAN_POINT('Ctrl Pts',(-60.477140480927,-8.10743085492858,8.19901847265994));
#2643=CARTESIAN_POINT('Ctrl Pts',(-55.7157107213905,-8.22655460714035,8.59819806895618));
#2644=CARTESIAN_POINT('Ctrl Pts',(-70.0000000000001,-8.60354475056045,7.18843579255912));
#2645=CARTESIAN_POINT('Ctrl Pts',(-65.2385702404636,-8.71725092766956,7.58920107828011));
#2646=CARTESIAN_POINT('Ctrl Pts',(-60.4771404809271,-8.8310625716532,7.98991612919588));
#2647=CARTESIAN_POINT('Ctrl Pts',(-55.7157107213905,-8.9447687487623,8.39068141491687));
#2648=CARTESIAN_POINT('Ctrl Pts',(-70.0000000000001,-9.20765220136922,7.02000788811075));
#2649=CARTESIAN_POINT('Ctrl Pts',(-65.2385702404635,-9.3177635954509,7.42175673730988));
#2650=CARTESIAN_POINT('Ctrl Pts',(-60.477140480927,-9.42765687080713,7.82360919364109));
#2651=CARTESIAN_POINT('Ctrl Pts',(-55.7157107213905,-9.53776826488881,8.22535804284023));
#2652=CARTESIAN_POINT('Ctrl Pts',(-70.0000000000001,-9.84721901248851,6.84449962805762));
#2653=CARTESIAN_POINT('Ctrl Pts',(-65.2385702404635,-9.95841526659942,7.24597338600597));
#2654=CARTESIAN_POINT('Ctrl Pts',(-60.477140480927,-10.0700422506051,7.64720263941024));
#2655=CARTESIAN_POINT('Ctrl Pts',(-55.7157107213905,-10.181238504716,8.04867639735859));
#2656=CARTESIAN_POINT('Ctrl Pts',(-70.0000000000001,-10.5173674643018,6.6476087426429));
#2657=CARTESIAN_POINT('Ctrl Pts',(-65.2385702404635,-10.6463881243439,7.04400709877777));
#2658=CARTESIAN_POINT('Ctrl Pts',(-60.477140480927,-10.7746312446586,7.44087536072208));
#2659=CARTESIAN_POINT('Ctrl Pts',(-55.7157107213905,-10.9036519047006,7.83727371685695));
#2660=CARTESIAN_POINT('Ctrl Pts',(-70.0000000000001,-11.3077272836054,6.35020684267523));
#2661=CARTESIAN_POINT('Ctrl Pts',(-65.2385702404636,-11.4753187782341,6.73258643197513));
#2662=CARTESIAN_POINT('Ctrl Pts',(-60.477140480927,-11.6441377407388,7.11426176999874));
#2663=CARTESIAN_POINT('Ctrl Pts',(-55.7157107213905,-11.8117292353675,7.49664135929863));
#2664=CARTESIAN_POINT('Ctrl Pts',(-70.,-11.7749362531536,6.11589180985519));
#2665=CARTESIAN_POINT('Ctrl Pts',(-65.2385702404635,-11.9664902252627,6.48566827679859));
#2666=CARTESIAN_POINT('Ctrl Pts',(-60.477140480927,-12.156544689488,6.85633560756938));
#2667=CARTESIAN_POINT('Ctrl Pts',(-55.7157107213905,-12.348098661597,7.22611207451278));
#2668=CARTESIAN_POINT('Ctrl Pts',(-70.0000000000001,-12.3766850662332,5.80434818313827));
#2669=CARTESIAN_POINT('Ctrl Pts',(-65.2385702404636,-12.5648801381462,6.17620033327376));
#2670=CARTESIAN_POINT('Ctrl Pts',(-60.4771404809271,-12.7550813213197,6.54685748835408));
#2671=CARTESIAN_POINT('Ctrl Pts',(-55.7157107213905,-12.9432763932327,6.91870963848958));
#2672=CARTESIAN_POINT('Ctrl Pts',(-70.,-13.0748025904665,5.47859694833477));
#2673=CARTESIAN_POINT('Ctrl Pts',(-65.2385702404635,-13.2291310148266,5.86613228454237));
#2674=CARTESIAN_POINT('Ctrl Pts',(-60.477140480927,-13.379881894182,6.25582313627368));
#2675=CARTESIAN_POINT('Ctrl Pts',(-55.7157107213904,-13.534210318542,6.64335847248129));
#2676=CARTESIAN_POINT('Ctrl Pts',(-70.0000000000001,-13.4826846425679,5.33020220350544));
#2677=CARTESIAN_POINT('Ctrl Pts',(-65.2385702404636,-13.6376345830624,5.71667536609631));
#2678=CARTESIAN_POINT('Ctrl Pts',(-60.4771404809271,-13.7935106598718,6.10250319992084));
#2679=CARTESIAN_POINT('Ctrl Pts',(-55.7157107213906,-13.9484606003663,6.48897636251171));
#2680=CARTESIAN_POINT('Ctrl Pts',(-70.0000000000001,-14.0291939250935,5.09874398095107));
#2681=CARTESIAN_POINT('Ctrl Pts',(-65.2385702404636,-14.1932536965775,5.48168446271908));
#2682=CARTESIAN_POINT('Ctrl Pts',(-60.477140480927,-14.3574737087539,5.86463161049155));
#2683=CARTESIAN_POINT('Ctrl Pts',(-55.7157107213905,-14.521533480238,6.24757209225955));
#2684=CARTESIAN_POINT('Ctrl Pts',(-70.0000000000002,-14.4717122158835,4.90210246441415));
#2685=CARTESIAN_POINT('Ctrl Pts',(-65.2385702404636,-14.6516086955611,5.2781723296328));
#2686=CARTESIAN_POINT('Ctrl Pts',(-60.4771404809271,-14.831693211495,5.65398418279745));
#2687=CARTESIAN_POINT('Ctrl Pts',(-55.7157107213905,-15.0115896911726,6.0300540480161));
#2688=CARTESIAN_POINT('Ctrl Pts',(-70.,-15.1070167148042,4.57443945033456));
#2689=CARTESIAN_POINT('Ctrl Pts',(-65.2385702404635,-15.3183311362082,4.93394399667654));
#2690=CARTESIAN_POINT('Ctrl Pts',(-60.477140480927,-15.5294771955922,5.2936549740309));
#2691=CARTESIAN_POINT('Ctrl Pts',(-55.7157107213905,-15.7407916169962,5.65315952037287));
#2692=CARTESIAN_POINT('Ctrl Pts',(-70.0000000000002,-15.6351061663635,4.23747173057796));
#2693=CARTESIAN_POINT('Ctrl Pts',(-65.2385702404636,-15.8587390118382,4.58888426521036));
#2694=CARTESIAN_POINT('Ctrl Pts',(-60.4771404809271,-16.0823777088565,4.94027324495169));
#2695=CARTESIAN_POINT('Ctrl Pts',(-55.7157107213906,-16.3060105543312,5.29168577958409));
#2696=CARTESIAN_POINT('Ctrl Pts',(-70.0000000000001,-16.3202479233793,3.82959528645369));
#2697=CARTESIAN_POINT('Ctrl Pts',(-65.2385702404635,-16.5265139739,4.19172432846218));
#2698=CARTESIAN_POINT('Ctrl Pts',(-60.477140480927,-16.7329367930997,4.55373020763792));
#2699=CARTESIAN_POINT('Ctrl Pts',(-55.7157107213905,-16.9392028436204,4.91585924964641));
#2700=CARTESIAN_POINT('Ctrl Pts',(-70.0000000000001,-16.9827844369472,3.4511212646222));
#2701=CARTESIAN_POINT('Ctrl Pts',(-65.2385702404635,-17.1942050248196,3.80994085670885));
#2702=CARTESIAN_POINT('Ctrl Pts',(-60.4771404809271,-17.4047508886839,4.16940890456679));
#2703=CARTESIAN_POINT('Ctrl Pts',(-55.7157107213905,-17.6161714765562,4.52822849665344));
#2704=CARTESIAN_POINT('Ctrl Pts',(-70.0000000000001,-17.5991983378726,3.06616965582456));
#2705=CARTESIAN_POINT('Ctrl Pts',(-65.2385702404636,-17.8341134280561,3.41123067390266));
#2706=CARTESIAN_POINT('Ctrl Pts',(-60.477140480927,-18.0701412968029,3.75547682912908));
#2707=CARTESIAN_POINT('Ctrl Pts',(-55.7157107213905,-18.3050563869864,4.10053784720718));
#2708=CARTESIAN_POINT('Ctrl Pts',(-70.0000000000001,-18.1396207035283,2.64444706946172));
#2709=CARTESIAN_POINT('Ctrl Pts',(-65.2385702404635,-18.4043425377744,2.96633862282842));
#2710=CARTESIAN_POINT('Ctrl Pts',(-60.477140480927,-18.6683938130205,3.28872186604187));
#2711=CARTESIAN_POINT('Ctrl Pts',(-55.7157107213905,-18.9331156472666,3.61061341940858));
#2712=CARTESIAN_POINT('Ctrl Pts',(-70.0000000000001,-18.4715427604801,2.35858919502046));
#2713=CARTESIAN_POINT('Ctrl Pts',(-65.2385702404636,-18.7526854815562,2.6662451662755));
#2714=CARTESIAN_POINT('Ctrl Pts',(-60.477140480927,-19.0344187866568,2.97345114899311));
#2715=CARTESIAN_POINT('Ctrl Pts',(-55.7157107213905,-19.3155615077329,3.28110712024815));
#2716=CARTESIAN_POINT('Ctrl Pts',(-70.0000000000001,-18.8255877300254,2.01791063240395));
#2717=CARTESIAN_POINT('Ctrl Pts',(-65.2385702404635,-19.1211711671563,2.31155030473067));
#2718=CARTESIAN_POINT('Ctrl Pts',(-60.477140480927,-19.4163454526957,2.60550046945779));
#2719=CARTESIAN_POINT('Ctrl Pts',(-55.7157107213905,-19.7119288898265,2.89914014178451));
#2720=CARTESIAN_POINT('Ctrl Pts',(-70.0000000000001,-19.2368474821165,1.59479859297594));
#2721=CARTESIAN_POINT('Ctrl Pts',(-65.2385702404636,-19.5364059204999,1.88423459132384));
#2722=CARTESIAN_POINT('Ctrl Pts',(-60.4771404809271,-19.8359185304192,2.17384053946788));
#2723=CARTESIAN_POINT('Ctrl Pts',(-55.7157107213905,-20.1354769688026,2.46327653781578));
#2724=CARTESIAN_POINT('Ctrl Pts',(-70.0000000000001,-19.5780698373913,1.25346629539174));
#2725=CARTESIAN_POINT('Ctrl Pts',(-65.2385702404636,-19.8695005545258,1.55122043713072));
#2726=CARTESIAN_POINT('Ctrl Pts',(-60.4771404809271,-20.1612485126254,1.84854524108712));
#2727=CARTESIAN_POINT('Ctrl Pts',(-55.7157107213905,-20.4526792297598,2.1462993828261));
#2728=CARTESIAN_POINT('Ctrl Pts',(-70.0000000000001,-19.8338110016409,1.00038699104014));
#2729=CARTESIAN_POINT('Ctrl Pts',(-65.2385702404635,-20.1286229096233,1.29465426307073));
#2730=CARTESIAN_POINT('Ctrl Pts',(-60.477140480927,-20.4232507974818,1.58918796273432));
#2731=CARTESIAN_POINT('Ctrl Pts',(-55.7157107213905,-20.7180627054641,1.88345523476491));
#2732=CARTESIAN_POINT('Ctrl Pts',(-70.0000000000001,-19.9220099758544,0.910871470354585));
#2733=CARTESIAN_POINT('Ctrl Pts',(-65.2385702404635,-20.2186267069271,1.20341507210325));
#2734=CARTESIAN_POINT('Ctrl Pts',(-60.477140480927,-20.5153917933598,1.49570377780889));
#2735=CARTESIAN_POINT('Ctrl Pts',(-55.7157107213905,-20.8120085244325,1.78824737955756));
#2736=CARTESIAN_POINT('Ctrl Pts',(-70.0000000000001,-20.0169539890561,0.813774363206748));
#2737=CARTESIAN_POINT('Ctrl Pts',(-65.2385702404636,-20.316524819131,1.10318672953738));
#2738=CARTESIAN_POINT('Ctrl Pts',(-60.477140480927,-20.6160483692115,1.39279384753213));
#2739=CARTESIAN_POINT('Ctrl Pts',(-55.7157107213905,-20.9156191992865,1.68220621386276));
#2740=CARTESIAN_POINT('Ctrl Pts',(-70.0000000000001,-20.1260132133917,0.699781904490431));
#2741=CARTESIAN_POINT('Ctrl Pts',(-65.2385702404636,-20.4297718064711,0.985000230511225));
#2742=CARTESIAN_POINT('Ctrl Pts',(-60.477140480927,-20.7335279751512,1.27000790208635));
#2743=CARTESIAN_POINT('Ctrl Pts',(-55.7157107213905,-21.0372865682306,1.55522622810714));
#2744=CARTESIAN_POINT('Ctrl Pts',(-70.0000000000001,-20.320414305522,0.488426039469004));
#2745=CARTESIAN_POINT('Ctrl Pts',(-65.2385702404636,-20.6336232844045,0.763060425478957));
#2746=CARTESIAN_POINT('Ctrl Pts',(-60.477140480927,-20.946865700599,1.03788585914075));
#2747=CARTESIAN_POINT('Ctrl Pts',(-55.7157107213905,-21.2600746794815,1.3125202451507));
#2748=CARTESIAN_POINT('Ctrl Pts',(-70.0000000000001,-20.707412196534,0.0284344125653753));
#2749=CARTESIAN_POINT('Ctrl Pts',(-65.2385702404635,-21.0469009707238,0.27306064306201));
#2750=CARTESIAN_POINT('Ctrl Pts',(-60.477140480927,-21.3863258479377,0.517466476385121));
#2751=CARTESIAN_POINT('Ctrl Pts',(-55.7157107213905,-21.7258146221275,0.762092706881756));
#2752=CARTESIAN_POINT('Ctrl Pts',(-70.0000000000001,-21.1195943645552,-0.642395227619202));
#2753=CARTESIAN_POINT('Ctrl Pts',(-65.2385702404636,-21.496405088865,-0.458698105893838));
#2754=CARTESIAN_POINT('Ctrl Pts',(-60.4771404809272,-21.8732329726367,-0.274981443842239));
#2755=CARTESIAN_POINT('Ctrl Pts',(-55.7157107213906,-22.2500436969465,-0.091284322116875));
#2756=CARTESIAN_POINT('Ctrl Pts',(-70.,-21.4104011023073,-1.42462243996436));
#2757=CARTESIAN_POINT('Ctrl Pts',(-65.2385702404635,-21.8079259811576,-1.29874436409673));
#2758=CARTESIAN_POINT('Ctrl Pts',(-60.477140480927,-22.2054614736197,-1.17283562982472));
#2759=CARTESIAN_POINT('Ctrl Pts',(-55.7157107213905,-22.6029863524699,-1.04695755395708));
#2760=CARTESIAN_POINT('Ctrl Pts',(-70.0000000000001,-21.5544183188637,-1.94392057920553));
#2761=CARTESIAN_POINT('Ctrl Pts',(-65.2385702404636,-21.9582532223559,-1.8413041545906));
#2762=CARTESIAN_POINT('Ctrl Pts',(-60.4771404809271,-22.3620609179611,-1.73870339643379));
#2763=CARTESIAN_POINT('Ctrl Pts',(-55.7157107213906,-22.7658958214533,-1.63608697181886));
#2764=CARTESIAN_POINT('Ctrl Pts',(-70.0000000000001,-21.6540495189254,-2.36246475825275));
#2765=CARTESIAN_POINT('Ctrl Pts',(-65.2385702404636,-22.0602764146916,-2.27014724288328));
#2766=CARTESIAN_POINT('Ctrl Pts',(-60.477140480927,-22.4665537576196,-2.17786245664899));
#2767=CARTESIAN_POINT('Ctrl Pts',(-55.7157107213905,-22.8727806533857,-2.08554494127953));
#2768=CARTESIAN_POINT('Ctrl Pts',(-70.0000000000001,-21.6989106369385,-2.57379081070197));
#2769=CARTESIAN_POINT('Ctrl Pts',(-65.2385702404636,-22.1065870013595,-2.48803901196584));
#2770=CARTESIAN_POINT('Ctrl Pts',(-60.477140480927,-22.5141912632042,-2.40218927996173));
#2771=CARTESIAN_POINT('Ctrl Pts',(-55.7157107213905,-22.9218676276251,-2.3164374812256));
#2772=CARTESIAN_POINT('Ctrl Pts',(-70.0000000000001,-21.714662303318,-2.65123118860553));
#2773=CARTESIAN_POINT('Ctrl Pts',(-65.2385702404636,-22.1228745092466,-2.56819927871693));
#2774=CARTESIAN_POINT('Ctrl Pts',(-60.477140480927,-22.5310867151753,-2.48516736882834));
#2775=CARTESIAN_POINT('Ctrl Pts',(-55.7157107213905,-22.939298921104,-2.40213545893975));
#2776=CARTESIAN_POINT('',(-70.0000000000001,-21.714662303318,-2.6512311886056));
#2777=CARTESIAN_POINT('Ctrl Pts',(-70.0000000000001,-21.7146623033179,-2.65123118860518));
#2778=CARTESIAN_POINT('Ctrl Pts',(-70.0000000000001,-21.6989106369384,-2.57379081070166));
#2779=CARTESIAN_POINT('Ctrl Pts',(-70.0000000000001,-21.6764800779319,-2.46812778447718));
#2780=CARTESIAN_POINT('Ctrl Pts',(-70.0000000000001,-21.6486595984184,-2.34553890819052));
#2781=CARTESIAN_POINT('Ctrl Pts',(-70.0000000000001,-21.6208391189048,-2.22295003190368));
#2782=CARTESIAN_POINT('Ctrl Pts',(-70.0000000000001,-21.5876287188842,-2.0834353055546));
#2783=CARTESIAN_POINT('Ctrl Pts',(-70.0000000000001,-21.5470206494479,-1.92712825250654));
#2784=CARTESIAN_POINT('Ctrl Pts',(-70.0000000000001,-21.5064125800115,-1.77082119945847));
#2785=CARTESIAN_POINT('Ctrl Pts',(-70.,-21.4584068411594,-1.59772181971142));
#2786=CARTESIAN_POINT('Ctrl Pts',(-70.,-21.3980531295144,-1.41339372829475));
#2787=CARTESIAN_POINT('Ctrl Pts',(-70.,-21.3376994178693,-1.22906563687807));
#2788=CARTESIAN_POINT('Ctrl Pts',(-70.0000000000001,-21.2649977334313,-1.03350883379178));
#2789=CARTESIAN_POINT('Ctrl Pts',(-70.0000000000001,-21.1821814298041,-0.847235161718873));
#2790=CARTESIAN_POINT('Ctrl Pts',(-70.0000000000001,-21.0165488225499,-0.474687817573057));
#2791=CARTESIAN_POINT('Ctrl Pts',(-70.0000000000001,-20.8104577385393,-0.139272997480769));
#2792=CARTESIAN_POINT('Ctrl Pts',(-70.0000000000001,-20.5943329425312,0.147766848037091));
#2793=CARTESIAN_POINT('Ctrl Pts',(-70.0000000000001,-20.4862705445271,0.291286770796021));
#2794=CARTESIAN_POINT('Ctrl Pts',(-70.0000000000001,-20.3756997185237,0.422712949911344));
#2795=CARTESIAN_POINT('Ctrl Pts',(-70.0000000000001,-20.2647852176158,0.547038196291281));
#2796=CARTESIAN_POINT('Ctrl Pts',(-70.0000000000001,-20.2093279671618,0.609200819481249));
#2797=CARTESIAN_POINT('Ctrl Pts',(-70.0000000000001,-20.1537847979817,0.66958820948737));
#2798=CARTESIAN_POINT('Ctrl Pts',(-70.0000000000001,-20.0989173334765,0.727714825728183));
#2799=CARTESIAN_POINT('Ctrl Pts',(-70.0000000000001,-20.0714836012239,0.756778133848589));
#2800=CARTESIAN_POINT('Ctrl Pts',(-70.0000000000001,-20.04421879514,0.785276248527669));
#2801=CARTESIAN_POINT('Ctrl Pts',(-70.0000000000001,-20.0163447901178,0.814089871939384));
#2802=CARTESIAN_POINT('Ctrl Pts',(-70.0000000000001,-19.9884707850956,0.842903495351099));
#2803=CARTESIAN_POINT('Ctrl Pts',(-70.0000000000001,-19.9599875811351,0.872032627495451));
#2804=CARTESIAN_POINT('Ctrl Pts',(-70.0000000000001,-19.9334024935742,0.899140698930794));
#2805=CARTESIAN_POINT('Ctrl Pts',(-70.0000000000001,-19.8979557101598,0.935284794177919));
#2806=CARTESIAN_POINT('Ctrl Pts',(-70.0000000000001,-19.8658833559004,0.967835892609027));
#2807=CARTESIAN_POINT('Ctrl Pts',(-70.0000000000001,-19.8178795332394,1.01574635486853));
#2808=CARTESIAN_POINT('Ctrl Pts',(-70.0000000000001,-19.7698757105785,1.06365681712804));
#2809=CARTESIAN_POINT('Ctrl Pts',(-70.0000000000001,-19.7059404195161,1.12692664321594));
#2810=CARTESIAN_POINT('Ctrl Pts',(-70.0000000000001,-19.6348816958683,1.19755088540656));
#2811=CARTESIAN_POINT('Ctrl Pts',(-70.0000000000001,-19.4927642485726,1.33879936978779));
#2812=CARTESIAN_POINT('Ctrl Pts',(-70.0000000000001,-19.3221530709352,1.50946551857989));
#2813=CARTESIAN_POINT('Ctrl Pts',(-70.0000000000001,-19.1281960943591,1.70739158131993));
#2814=CARTESIAN_POINT('Ctrl Pts',(-70.0000000000001,-19.031217606071,1.80635461268994));
#2815=CARTESIAN_POINT('Ctrl Pts',(-70.0000000000001,-18.9284026680482,1.91213262254695));
#2816=CARTESIAN_POINT('Ctrl Pts',(-70.0000000000001,-18.8179877041126,2.02180138791153));
#2817=CARTESIAN_POINT('Ctrl Pts',(-70.0000000000001,-18.707572740177,2.13147015327612));
#2818=CARTESIAN_POINT('Ctrl Pts',(-70.0000000000001,-18.5895577503285,2.24502967414829));
#2819=CARTESIAN_POINT('Ctrl Pts',(-70.0000000000001,-18.475229912579,2.34945241365791));
#2820=CARTESIAN_POINT('Ctrl Pts',(-70.0000000000001,-18.3609020748295,2.45387515316754));
#2821=CARTESIAN_POINT('Ctrl Pts',(-70.0000000000001,-18.2502613891789,2.54916111131463));
#2822=CARTESIAN_POINT('Ctrl Pts',(-70.0000000000001,-18.1499058492156,2.63194763925175));
#2823=CARTESIAN_POINT('Ctrl Pts',(-70.0000000000001,-18.0495503092523,2.71473416718886));
#2824=CARTESIAN_POINT('Ctrl Pts',(-70.0000000000001,-17.9594799149764,2.78502126491599));
#2825=CARTESIAN_POINT('Ctrl Pts',(-70.0000000000001,-17.8698117738149,2.85224956049192));
#2826=CARTESIAN_POINT('Ctrl Pts',(-70.0000000000001,-17.511139209169,3.12116274279565));
#2827=CARTESIAN_POINT('Ctrl Pts',(-70.0000000000001,-17.1589026943545,3.34113509068002));
#2828=CARTESIAN_POINT('Ctrl Pts',(-70.0000000000001,-16.820645018227,3.54061721391863));
#2829=CARTESIAN_POINT('Ctrl Pts',(-70.0000000000001,-16.6515161801633,3.64035827553794));
#2830=CARTESIAN_POINT('Ctrl Pts',(-70.0000000000001,-16.4858820517713,3.73497678099582));
#2831=CARTESIAN_POINT('Ctrl Pts',(-70.0000000000001,-16.3174222679484,3.83327058924029));
#2832=CARTESIAN_POINT('Ctrl Pts',(-70.0000000000001,-16.1489624841254,3.93156439748476));
#2833=CARTESIAN_POINT('Ctrl Pts',(-70.0000000000001,-15.9776770448715,4.03353350851583));
#2834=CARTESIAN_POINT('Ctrl Pts',(-70.0000000000001,-15.8194792977389,4.12959355918292));
#2835=CARTESIAN_POINT('Ctrl Pts',(-70.0000000000001,-15.5030838034737,4.32171366051711));
#2836=CARTESIAN_POINT('Ctrl Pts',(-70.,-15.239039077694,4.49019752039541));
#2837=CARTESIAN_POINT('Ctrl Pts',(-70.0000000000001,-14.9090034076072,4.67118281238517));
#2838=CARTESIAN_POINT('Ctrl Pts',(-70.0000000000001,-14.7439855725638,4.76167545838004));
#2839=CARTESIAN_POINT('Ctrl Pts',(-70.0000000000001,-14.5624700014436,4.85529346240278));
#2840=CARTESIAN_POINT('Ctrl Pts',(-70.0000000000001,-14.3544587141402,4.95204663592267));
#2841=CARTESIAN_POINT('Ctrl Pts',(-70.0000000000001,-14.2504530704885,5.00042322268261));
#2842=CARTESIAN_POINT('Ctrl Pts',(-70.0000000000001,-14.139823497791,5.04958360181684));
#2843=CARTESIAN_POINT('Ctrl Pts',(-70.0000000000001,-14.0389662712318,5.09345197659682));
#2844=CARTESIAN_POINT('Ctrl Pts',(-70.0000000000001,-13.9381090446725,5.1373203513768));
#2845=CARTESIAN_POINT('Ctrl Pts',(-70.0000000000001,-13.8470241642516,5.17589672180253));
#2846=CARTESIAN_POINT('Ctrl Pts',(-70.0000000000001,-13.7625024869977,5.21099766799538));
#2847=CARTESIAN_POINT('Ctrl Pts',(-70.0000000000001,-13.424415777982,5.35140145276678));
#2848=CARTESIAN_POINT('Ctrl Pts',(-70.,-13.1913403196383,5.4361984498121));
#2849=CARTESIAN_POINT('Ctrl Pts',(-70.0000000000001,-12.8272413107614,5.59810564772096));
#2850=CARTESIAN_POINT('Ctrl Pts',(-70.0000000000001,-12.6451918063229,5.67905924667538));
#2851=CARTESIAN_POINT('Ctrl Pts',(-70.0000000000001,-12.4303864142511,5.77929039584569));
#2852=CARTESIAN_POINT('Ctrl Pts',(-70.0000000000001,-12.1467258106049,5.92395407636652));
#2853=CARTESIAN_POINT('Ctrl Pts',(-70.0000000000001,-12.0758106596934,5.96011999649673));
#2854=CARTESIAN_POINT('Ctrl Pts',(-70.,-12.0005920580585,5.99906294983634));
#2855=CARTESIAN_POINT('Ctrl Pts',(-70.,-11.9247110664344,6.03803329120856));
#2856=CARTESIAN_POINT('Ctrl Pts',(-70.,-11.6970680915623,6.15494431532519));
#2857=CARTESIAN_POINT('Ctrl Pts',(-70.0000000000001,-11.4634636067881,6.27210183173522));
#2858=CARTESIAN_POINT('Ctrl Pts',(-70.0000000000001,-11.1667864307719,6.39543961257663));
#2859=CARTESIAN_POINT('Ctrl Pts',(-70.0000000000001,-10.969001646761,6.47766479980423));
#2860=CARTESIAN_POINT('Ctrl Pts',(-70.0000000000001,-10.7431845555314,6.56263677122357));
#2861=CARTESIAN_POINT('Ctrl Pts',(-70.0000000000001,-10.5185846012811,6.63793790450235));
#2862=CARTESIAN_POINT('Ctrl Pts',(-70.0000000000001,-10.2939846470307,6.71323903778114));
#2863=CARTESIAN_POINT('Ctrl Pts',(-70.0000000000001,-10.0706018297596,6.77886933291938));
#2864=CARTESIAN_POINT('Ctrl Pts',(-70.0000000000001,-9.8309970589002,6.84678613249912));
#2865=CARTESIAN_POINT('Ctrl Pts',(-70.0000000000001,-9.59139228804079,6.91470293207887));
#2866=CARTESIAN_POINT('Ctrl Pts',(-70.0000000000001,-9.33556556359308,6.98490623610012));
#2867=CARTESIAN_POINT('Ctrl Pts',(-70.0000000000001,-9.04892083850758,7.06444997225666));
#2868=CARTESIAN_POINT('Ctrl Pts',(-70.0000000000001,-8.90559847596483,7.10422184033493));
#2869=CARTESIAN_POINT('Ctrl Pts',(-70.0000000000001,-8.75457161326264,7.14632881644703));
#2870=CARTESIAN_POINT('Ctrl Pts',(-70.0000000000001,-8.58728115538692,7.19390163754645));
#2871=CARTESIAN_POINT('Ctrl Pts',(-70.0000000000001,-8.4199906975112,7.24147445864587));
#2872=CARTESIAN_POINT('Ctrl Pts',(-70.0000000000001,-8.23643664446197,7.29451312473262));
#2873=CARTESIAN_POINT('Ctrl Pts',(-70.0000000000001,-8.05455575479904,7.34801993769647));
#2874=CARTESIAN_POINT('Ctrl Pts',(-70.0000000000001,-7.69079397547319,7.45503356362417));
#2875=CARTESIAN_POINT('Ctrl Pts',(-70.0000000000001,-7.3337248496926,7.56391977706026));
#2876=CARTESIAN_POINT('Ctrl Pts',(-70.0000000000001,-6.98531204033377,7.67092296055142));
#2877=CARTESIAN_POINT('Ctrl Pts',(-70.0000000000001,-6.63689923097493,7.77792614404259));
#2878=CARTESIAN_POINT('Ctrl Pts',(-70.0000000000001,-6.29714273803785,7.88304629758883));
#2879=CARTESIAN_POINT('Ctrl Pts',(-70.0000000000001,-5.96058376186078,7.98668979860194));
#2880=CARTESIAN_POINT('Ctrl Pts',(-70.0000000000001,-5.28746580950664,8.19397680062814));
#2881=CARTESIAN_POINT('Ctrl Pts',(-70.0000000000001,-4.62713792419255,8.39535719252178));
#2882=CARTESIAN_POINT('Ctrl Pts',(-70.0000000000001,-3.90962455818755,8.58482562096282));
#2883=CARTESIAN_POINT('Ctrl Pts',(-70.0000000000001,-3.3714895336838,8.7269269422936));
#2884=CARTESIAN_POINT('Ctrl Pts',(-70.0000000000001,-2.8011876762914,8.86232778418229));
#2885=CARTESIAN_POINT('Ctrl Pts',(-70.0000000000001,-2.24387569806275,8.97622116706617));
#2886=CARTESIAN_POINT('Ctrl Pts',(-70.0000000000001,-2.05810503865319,9.01418562802747));
#2887=CARTESIAN_POINT('Ctrl Pts',(-70.0000000000001,-1.87377769915072,9.04976037132157));
#2888=CARTESIAN_POINT('Ctrl Pts',(-70.0000000000001,-1.68693021646213,9.08416511583894));
#2889=CARTESIAN_POINT('Ctrl Pts',(-70.0000000000001,-0.93954028570778,9.22178409390841));
#2890=CARTESIAN_POINT('Ctrl Pts',(-70.0000000000001,-0.151828063975603,
9.34068309155023));
#2891=CARTESIAN_POINT('Ctrl Pts',(-70.0000000000001,1.16015613536216,9.55939238893837));
#2892=CARTESIAN_POINT('Ctrl Pts',(-70.0000000000001,1.48815218519659,9.6140697132854));
#2893=CARTESIAN_POINT('Ctrl Pts',(-70.0000000000001,1.84891523363138,9.67498518136658));
#2894=CARTESIAN_POINT('Ctrl Pts',(-70.0000000000001,2.19833605827024,9.73459653426432));
#2895=CARTESIAN_POINT('Ctrl Pts',(-70.0000000000001,2.54775688290912,9.79420788716207));
#2896=CARTESIAN_POINT('Ctrl Pts',(-70.0000000000001,2.88583548375207,9.85251512487637));
#2897=CARTESIAN_POINT('Ctrl Pts',(-70.0000000000001,3.22768671033528,9.91079550516591));
#2898=CARTESIAN_POINT('Ctrl Pts',(-70.0000000000001,3.91138916350169,10.027356265745));
#2899=CARTESIAN_POINT('Ctrl Pts',(-70.0000000000001,4.61018211962909,10.143809596625));
#2900=CARTESIAN_POINT('Ctrl Pts',(-70.0000000000001,5.30970111744995,10.2508680539075));
#2901=CARTESIAN_POINT('Ctrl Pts',(-70.0000000000001,5.65946061636037,10.3043972825488));
#2902=CARTESIAN_POINT('Ctrl Pts',(-70.0000000000001,6.00940162569417,10.3555777927907));
#2903=CARTESIAN_POINT('Ctrl Pts',(-70.0000000000001,6.35804717311065,10.404026539788));
#2904=CARTESIAN_POINT('Ctrl Pts',(-70.0000000000001,7.4039838153601,10.5493727807796));
#2905=CARTESIAN_POINT('Ctrl Pts',(-70.0000000000001,8.43826130035378,10.6701331525691));
#2906=CARTESIAN_POINT('Ctrl Pts',(-70.0000000000001,9.64681362061171,10.7797373573913));
#2907=CARTESIAN_POINT('Ctrl Pts',(-70.0000000000001,10.8553659408696,10.8893415622136));
#2908=CARTESIAN_POINT('Ctrl Pts',(-70.0000000000001,12.2381930963918,10.9877896000685));
#2909=CARTESIAN_POINT('Ctrl Pts',(-70.0000000000001,14.0077713454641,11.1004491799789));
#2910=CARTESIAN_POINT('Ctrl Pts',(-70.0000000000001,14.8925604700003,11.1567789699341));
#2911=CARTESIAN_POINT('Ctrl Pts',(-70.0000000000001,15.8740373679239,11.2166616454031));
#2912=CARTESIAN_POINT('Ctrl Pts',(-70.0000000000001,16.8101251232329,11.2707369400535));
#2913=CARTESIAN_POINT('Ctrl Pts',(-70.0000000000001,17.7462128785419,11.3248122347039));
#2914=CARTESIAN_POINT('Ctrl Pts',(-70.,18.6369114912362,11.3730801485355));
#2915=CARTESIAN_POINT('Ctrl Pts',(-70.,19.5284383479178,11.4145782760021));
#2916=CARTESIAN_POINT('Ctrl Pts',(-70.,21.3114920612811,11.4975745309353));
#2917=CARTESIAN_POINT('Ctrl Pts',(-70.,23.0978587505937,11.5534916404081));
#2918=CARTESIAN_POINT('Ctrl Pts',(-70.,25.0711495317545,11.5806623580517));
#2919=CARTESIAN_POINT('Ctrl Pts',(-70.,26.0577949223349,11.5942477168735));
#2920=CARTESIAN_POINT('Ctrl Pts',(-70.,27.0911713358774,11.600646477738));
#2921=CARTESIAN_POINT('Ctrl Pts',(-70.,28.2059800795671,11.5980116800189));
#2922=CARTESIAN_POINT('Ctrl Pts',(-70.,29.3207888232568,11.5953768822998));
#2923=CARTESIAN_POINT('Ctrl Pts',(-70.,30.5170298970937,11.583708525997));
#2924=CARTESIAN_POINT('Ctrl Pts',(-70.,31.7041010022828,11.5631722790359));
#2925=CARTESIAN_POINT('Ctrl Pts',(-70.,32.8911721074718,11.5426360320749));
#2926=CARTESIAN_POINT('Ctrl Pts',(-70.,34.069073244013,11.5132318944556));
#2927=CARTESIAN_POINT('Ctrl Pts',(-70.,35.2480350362218,11.4696267583595));
#2928=CARTESIAN_POINT('Ctrl Pts',(-70.,36.4269968284307,11.4260216222634));
#2929=CARTESIAN_POINT('Ctrl Pts',(-70.,37.6070192763071,11.3682154876904));
#2930=CARTESIAN_POINT('Ctrl Pts',(-70.,38.7813069313155,11.3125913976683));
#2931=CARTESIAN_POINT('Ctrl Pts',(-70.,39.9555945863238,11.2569673076463));
#2932=CARTESIAN_POINT('Ctrl Pts',(-70.,41.1241474484642,11.2035252621752));
#2933=CARTESIAN_POINT('Ctrl Pts',(-70.,42.2953289987023,11.1438487012113));
#2934=CARTESIAN_POINT('Ctrl Pts',(-70.,43.4665105489403,11.0841721402475));
#2935=CARTESIAN_POINT('Ctrl Pts',(-70.,44.640320787276,11.018261063791));
#2936=CARTESIAN_POINT('Ctrl Pts',(-70.,45.8121133379538,10.9339950632331));
#2937=CARTESIAN_POINT('Ctrl Pts',(-70.,48.1556984393093,10.7654630621172));
#2938=CARTESIAN_POINT('Ctrl Pts',(-70.,50.4912127900329,10.5235113645959));
#2939=CARTESIAN_POINT('Ctrl Pts',(-70.,53.2501450078682,10.1740349173584));
#2940=CARTESIAN_POINT('Ctrl Pts',(-70.,54.6296111167858,9.99929669373972));
#2941=CARTESIAN_POINT('Ctrl Pts',(-70.,56.1149316924814,9.79767728269198));
#2942=CARTESIAN_POINT('Ctrl Pts',(-70.,57.6005644987886,9.58268952431746));
#2943=CARTESIAN_POINT('Ctrl Pts',(-70.,59.0861973050957,9.36770176594294));
#2944=CARTESIAN_POINT('Ctrl Pts',(-70.,60.5721423420145,9.13934566024164));
#2945=CARTESIAN_POINT('Ctrl Pts',(-70.,62.0000000000046,8.91446745759259));
#2946=CARTESIAN_POINT('Ctrl Pts',(-70.0000000000001,-21.714662303318,-2.65123118860553));
#2947=CARTESIAN_POINT('Ctrl Pts',(-68.0066886378075,-21.8855550958943,-2.61647094687897));
#2948=CARTESIAN_POINT('Ctrl Pts',(-66.0133772756149,-22.0564478884707,-2.58171070515242));
#2949=CARTESIAN_POINT('Ctrl Pts',(-64.0200659134223,-22.227340681047,-2.54695046342587));
#2950=CARTESIAN_POINT('Origin',(-70.,32.1140020921465,-1.80332724365189));
#2951=CARTESIAN_POINT('',(-70.0000000000001,-21.7288004360741,-3.27010285161638));
#2952=CARTESIAN_POINT('Ctrl Pts',(-70.,62.,-7.50154811536384));
#2953=CARTESIAN_POINT('Ctrl Pts',(-70.,61.6799992986437,-7.5369122427896));
#2954=CARTESIAN_POINT('Ctrl Pts',(-70.,61.35208449705,-7.5726765671479));
#2955=CARTESIAN_POINT('Ctrl Pts',(-70.,61.0087719007224,-7.60980744298654));
#2956=CARTESIAN_POINT('Ctrl Pts',(-70.,60.6654593043948,-7.64693831882519));
#2957=CARTESIAN_POINT('Ctrl Pts',(-70.,60.3067489133333,-7.68543574614418));
#2958=CARTESIAN_POINT('Ctrl Pts',(-70.,59.8865820396797,-7.72988277697384));
#2959=CARTESIAN_POINT('Ctrl Pts',(-70.,59.0462482923725,-7.81877683863314));
#2960=CARTESIAN_POINT('Ctrl Pts',(-70.,57.9600886146969,-7.9314693143351));
#2961=CARTESIAN_POINT('Ctrl Pts',(-70.,56.8300022145179,-8.04885427113862));
#2962=CARTESIAN_POINT('Ctrl Pts',(-70.,55.6999158143389,-8.16623922794214));
#2963=CARTESIAN_POINT('Ctrl Pts',(-70.,54.5259026916565,-8.28831666584721));
#2964=CARTESIAN_POINT('Ctrl Pts',(-70.,53.4489144255998,-8.39871683301047));
#2965=CARTESIAN_POINT('Ctrl Pts',(-70.,52.9104202925714,-8.45391691659209));
#2966=CARTESIAN_POINT('Ctrl Pts',(-70.0000000000001,52.3961823736994,-8.50619768248827));
#2967=CARTESIAN_POINT('Ctrl Pts',(-70.0000000000001,51.9424810089036,-8.55206235178653));
#2968=CARTESIAN_POINT('Ctrl Pts',(-70.0000000000001,51.4887796441078,-8.5979270210848));
#2969=CARTESIAN_POINT('Ctrl Pts',(-70.,51.0956148333882,-8.63737559378516));
#2970=CARTESIAN_POINT('Ctrl Pts',(-70.,50.7016104510774,-8.67587606203565));
#2971=CARTESIAN_POINT('Ctrl Pts',(-69.9999999999999,49.1255929218343,-8.82987793503758));
#2972=CARTESIAN_POINT('Ctrl Pts',(-70.,47.5361422471325,-8.96871013684144));
#2973=CARTESIAN_POINT('Ctrl Pts',(-70.,45.958668936022,-9.09569037740524));
#2974=CARTESIAN_POINT('Ctrl Pts',(-70.,44.3811956249115,-9.22267061796905));
#2975=CARTESIAN_POINT('Ctrl Pts',(-70.,42.8156996773924,-9.33779889729281));
#2976=CARTESIAN_POINT('Ctrl Pts',(-70.,41.2382585452248,-9.45916993814831));
#2977=CARTESIAN_POINT('Ctrl Pts',(-70.,40.4495379791409,-9.51985545857606));
#2978=CARTESIAN_POINT('Ctrl Pts',(-70.,39.6578311168949,-9.58210166938675));
#2979=CARTESIAN_POINT('Ctrl Pts',(-70.,38.8675249052106,-9.63624184185641));
#2980=CARTESIAN_POINT('Ctrl Pts',(-70.,38.0772186935263,-9.69038201432608));
#2981=CARTESIAN_POINT('Ctrl Pts',(-70.,37.2883131324036,-9.73641614845472));
#2982=CARTESIAN_POINT('Ctrl Pts',(-70.,36.5498815830424,-9.77577670853811));
#2983=CARTESIAN_POINT('Ctrl Pts',(-70.,35.8114500336812,-9.8151372686215));
#2984=CARTESIAN_POINT('Ctrl Pts',(-70.,35.1234924960814,-9.84782425465963));
#2985=CARTESIAN_POINT('Ctrl Pts',(-70.,34.5135962924016,-9.87580997306828));
#2986=CARTESIAN_POINT('Ctrl Pts',(-70.,34.2086481905617,-9.8898028322726));
#2987=CARTESIAN_POINT('Ctrl Pts',(-70.,33.9232154222019,-9.90262037456955));
#2988=CARTESIAN_POINT('Ctrl Pts',(-70.,33.6609442994824,-9.91414473656996));
#2989=CARTESIAN_POINT('Ctrl Pts',(-70.,33.3986731767629,-9.92566909857037));
#2990=CARTESIAN_POINT('Ctrl Pts',(-70.,33.1595636996839,-9.93590028027424));
#2991=CARTESIAN_POINT('Ctrl Pts',(-70.,32.9267171309194,-9.94591123385658));
#2992=CARTESIAN_POINT('Ctrl Pts',(-70.0000000000001,31.0639445808037,-10.0259988625154));
#2993=CARTESIAN_POINT('Ctrl Pts',(-70.,29.601998162824,-10.0919918913971));
#2994=CARTESIAN_POINT('Ctrl Pts',(-70.,28.0401779906949,-10.1324295863591));
#2995=CARTESIAN_POINT('Ctrl Pts',(-70.,26.4783578185658,-10.1728672813212));
#2996=CARTESIAN_POINT('Ctrl Pts',(-70.0000000000001,24.8166638922873,-10.1877496423635));
#2997=CARTESIAN_POINT('Ctrl Pts',(-70.0000000000001,22.5218808307225,-10.1733305674324));
#2998=CARTESIAN_POINT('Ctrl Pts',(-70.,21.7569531435342,-10.168524209122));
#2999=CARTESIAN_POINT('Ctrl Pts',(-70.,20.9216822190919,-10.1604621357035));
#3000=CARTESIAN_POINT('Ctrl Pts',(-70.,20.1010270200181,-10.1503932464916));
#3001=CARTESIAN_POINT('Ctrl Pts',(-70.,19.2803718209444,-10.1403243572796));
#3002=CARTESIAN_POINT('Ctrl Pts',(-70.0000000000001,18.4743323472393,-10.1282486522742));
#3003=CARTESIAN_POINT('Ctrl Pts',(-70.0000000000001,17.6616807512896,-10.1196349636825));
#3004=CARTESIAN_POINT('Ctrl Pts',(-70.0000000000001,17.2553549533148,-10.1153281193867));
#3005=CARTESIAN_POINT('Ctrl Pts',(-70.,16.8473761247788,-10.1118867791943));
#3006=CARTESIAN_POINT('Ctrl Pts',(-70.,16.4409415135995,-10.1085485718551));
#3007=CARTESIAN_POINT('Ctrl Pts',(-70.,16.2377242080098,-10.1068794681855));
#3008=CARTESIAN_POINT('Ctrl Pts',(-70.,16.0348929567592,-10.1052361477291));
#3009=CARTESIAN_POINT('Ctrl Pts',(-70.,15.831705286637,-10.1037774961904));
#3010=CARTESIAN_POINT('Ctrl Pts',(-70.,15.6285176165147,-10.1023188446518));
#3011=CARTESIAN_POINT('Ctrl Pts',(-70.,15.4249735275206,-10.1010448620308));
#3012=CARTESIAN_POINT('Ctrl Pts',(-70.,15.2209804996712,-10.0996241095377));
#3013=CARTESIAN_POINT('Ctrl Pts',(-70.,15.1827318069494,-10.0993577184452));
#3014=CARTESIAN_POINT('Ctrl Pts',(-70.,15.144467331221,-10.0990861674745));
#3015=CARTESIAN_POINT('Ctrl Pts',(-70.,15.1067781866067,-10.0988721521649));
#3016=CARTESIAN_POINT('Ctrl Pts',(-70.,15.0690890419924,-10.0986581368553));
#3017=CARTESIAN_POINT('Ctrl Pts',(-70.,15.0319752284923,-10.0985016572068));
#3018=CARTESIAN_POINT('Ctrl Pts',(-70.,14.9752646840848,-10.0981040905323));
#3019=CARTESIAN_POINT('Ctrl Pts',(-70.,14.8618435952697,-10.0973089571831));
#3020=CARTESIAN_POINT('Ctrl Pts',(-70.,14.6700355828251,-10.0955494757294));
#3021=CARTESIAN_POINT('Ctrl Pts',(-70.,14.4090982727181,-10.0940769934907));
#3022=CARTESIAN_POINT('Ctrl Pts',(-70.,13.8872236525041,-10.0911320290131));
#3023=CARTESIAN_POINT('Ctrl Pts',(-70.,13.0888318416408,-10.0893350613954));
#3024=CARTESIAN_POINT('Ctrl Pts',(-70.,12.0177986693623,-10.0766997616346));
#3025=CARTESIAN_POINT('Ctrl Pts',(-70.,10.9467654970839,-10.0640644618738));
#3026=CARTESIAN_POINT('Ctrl Pts',(-70.,9.60309096339044,-10.0405908299701));
#3027=CARTESIAN_POINT('Ctrl Pts',(-70.,8.0175331721596,-9.99234674913761));
#3028=CARTESIAN_POINT('Ctrl Pts',(-70.,6.43197538092876,-9.9441026683051));
#3029=CARTESIAN_POINT('Ctrl Pts',(-70.,4.60453433216054,-9.87108813854379));
#3030=CARTESIAN_POINT('Ctrl Pts',(-70.,2.55111099251492,-9.77559300388735));
#3031=CARTESIAN_POINT('Ctrl Pts',(-70.,1.5243993226921,-9.72784543655913));
#3032=CARTESIAN_POINT('Ctrl Pts',(-70.,0.441192080149931,-9.67447771800712));
#3033=CARTESIAN_POINT('Ctrl Pts',(-70.,-0.600624590278621,-9.60642798851509));
#3034=CARTESIAN_POINT('Ctrl Pts',(-70.,-1.64244126070717,-9.53837825902306));
#3035=CARTESIAN_POINT('Ctrl Pts',(-70.,-2.64286735902209,-9.45564651859101));
#3036=CARTESIAN_POINT('Ctrl Pts',(-70.,-3.59130099353442,-9.37205465561385));
#3037=CARTESIAN_POINT('Ctrl Pts',(-70.,-5.48816826255908,-9.20487092965953));
#3038=CARTESIAN_POINT('Ctrl Pts',(-70.,-7.17706567637336,-9.03424671352478));
#3039=CARTESIAN_POINT('Ctrl Pts',(-70.,-8.43468578384707,-8.88595549306085));
#3040=CARTESIAN_POINT('Ctrl Pts',(-70.,-9.06349583758392,-8.81180988282889));
#3041=CARTESIAN_POINT('Ctrl Pts',(-70.,-9.58448656473563,-8.74324752151463));
#3042=CARTESIAN_POINT('Ctrl Pts',(-70.0000000000001,-10.0630314311887,-8.67883763337792));
#3043=CARTESIAN_POINT('Ctrl Pts',(-70.0000000000001,-10.5415762976417,-8.61442774524121));
#3044=CARTESIAN_POINT('Ctrl Pts',(-70.0000000000001,-10.9776753033961,-8.55417033028205));
#3045=CARTESIAN_POINT('Ctrl Pts',(-70.0000000000001,-11.376604429792,-8.49523302967456));
#3046=CARTESIAN_POINT('Ctrl Pts',(-70.0000000000001,-12.1744626825837,-8.3773584284596));
#3047=CARTESIAN_POINT('Ctrl Pts',(-70.0000000000001,-12.8236414179416,-8.26476428465136));
#3048=CARTESIAN_POINT('Ctrl Pts',(-70.0000000000001,-13.3847964042602,-8.15249474006509));
#3049=CARTESIAN_POINT('Ctrl Pts',(-70.0000000000001,-13.9459513905788,-8.04022519547882));
#3050=CARTESIAN_POINT('Ctrl Pts',(-70.0000000000001,-14.4190826278581,-7.92828025011451));
#3051=CARTESIAN_POINT('Ctrl Pts',(-70.0000000000001,-14.8887803035965,-7.80925951213432));
#3052=CARTESIAN_POINT('Ctrl Pts',(-70.0000000000001,-15.358477979335,-7.69023877415414));
#3053=CARTESIAN_POINT('Ctrl Pts',(-70.0000000000001,-15.8247420935326,-7.56414224355807));
#3054=CARTESIAN_POINT('Ctrl Pts',(-70.0000000000001,-16.240368915999,-7.446043775773));
#3055=CARTESIAN_POINT('Ctrl Pts',(-70.0000000000001,-17.0716225609318,-7.20984684020286));
#3056=CARTESIAN_POINT('Ctrl Pts',(-70.0000000000001,-17.7003270389395,-7.00564215587673));
#3057=CARTESIAN_POINT('Ctrl Pts',(-70.0000000000001,-18.2209554896613,-6.79480679668339));
#3058=CARTESIAN_POINT('Ctrl Pts',(-70.0000000000001,-18.3511126023417,-6.74209795688505));
#3059=CARTESIAN_POINT('Ctrl Pts',(-70.0000000000001,-18.4745149633168,-6.68897469990752));
#3060=CARTESIAN_POINT('Ctrl Pts',(-70.0000000000001,-18.596712593352,-6.63352182024296));
#3061=CARTESIAN_POINT('Ctrl Pts',(-70.0000000000001,-18.7189102233873,-6.57806894057839));
#3062=CARTESIAN_POINT('Ctrl Pts',(-70.0000000000001,-18.8399031224827,-6.5202864382268));
#3063=CARTESIAN_POINT('Ctrl Pts',(-70.0000000000001,-18.9774144527622,-6.44994838395307));
#3064=CARTESIAN_POINT('Ctrl Pts',(-70.0000000000001,-19.2524371133213,-6.30927227540559));
#3065=CARTESIAN_POINT('Ctrl Pts',(-70.0000000000001,-19.5935334986168,-6.11837395916953));
#3066=CARTESIAN_POINT('Ctrl Pts',(-70.0000000000001,-19.9513887117493,-5.85514749871225));
#3067=CARTESIAN_POINT('Ctrl Pts',(-70.0000000000001,-20.3092439248818,-5.59192103825497));
#3068=CARTESIAN_POINT('Ctrl Pts',(-70.0000000000001,-20.6838579658513,-5.25636643357647));
#3069=CARTESIAN_POINT('Ctrl Pts',(-70.0000000000001,-21.001222373567,-4.85566992550494));
#3070=CARTESIAN_POINT('Ctrl Pts',(-70.0000000000001,-21.1599045774249,-4.65532167146917));
#3071=CARTESIAN_POINT('Ctrl Pts',(-70.0000000000001,-21.3042743729693,-4.43868794158515));
#3072=CARTESIAN_POINT('Ctrl Pts',(-70.0000000000001,-21.4325418558147,-4.18171206712774));
#3073=CARTESIAN_POINT('Ctrl Pts',(-70.0000000000001,-21.56080933866,-3.92473619267033));
#3074=CARTESIAN_POINT('Ctrl Pts',(-70.0000000000001,-21.6729745088064,-3.62741817363953));
#3075=CARTESIAN_POINT('Ctrl Pts',(-70.0000000000001,-21.7288004360741,-3.27010285161643));
#3076=CARTESIAN_POINT('Origin',(-70.0000000000001,-20.0000000000001,-3.));
#3077=CARTESIAN_POINT('',(-70.0000000000001,-7.50000000000008,-5.5));
#3078=CARTESIAN_POINT('',(-70.0000000000001,3.99999999999992,-5.5));
#3079=CARTESIAN_POINT('',(-70.,18.0570010460732,-5.5));
#3080=CARTESIAN_POINT('',(-70.0000000000001,3.99999999999992,4.5));
#3081=CARTESIAN_POINT('',(-70.0000000000001,3.99999999999992,1.34833637817405));
#3082=CARTESIAN_POINT('',(-70.0000000000001,-7.50000000000008,4.5));
#3083=CARTESIAN_POINT('',(-70.0000000000001,12.3070010460732,4.5));
#3084=CARTESIAN_POINT('',(-70.0000000000001,-7.50000000000009,-3.65166362182595));
#3085=CARTESIAN_POINT('',(-70.0000000000001,9.84999999999992,-5.55111512312578E-16));
#3086=CARTESIAN_POINT('Origin',(-70.,15.9999999999999,-1.11022302462516E-15));
#3087=CARTESIAN_POINT('',(-70.,53.9999999999999,-4.));
#3088=CARTESIAN_POINT('',(-70.,58.9999999999999,-4.));
#3089=CARTESIAN_POINT('',(-70.,45.5570010460732,-4.));
#3090=CARTESIAN_POINT('',(-70.,58.9999999999999,6.));
#3091=CARTESIAN_POINT('',(-70.,58.9999999999999,2.09833637817405));
#3092=CARTESIAN_POINT('',(-70.,53.9999999999999,6.));
#3093=CARTESIAN_POINT('',(-70.,43.0570010460732,6.));
#3094=CARTESIAN_POINT('',(-70.,53.9999999999999,-2.90166362182595));
#3095=CARTESIAN_POINT('Ctrl Pts',(-70.0000000000001,-21.7288004360741,-3.27010285161643));
#3096=CARTESIAN_POINT('Ctrl Pts',(-65.2473351711734,-22.1396208875035,-3.33428826776859));
#3097=CARTESIAN_POINT('Ctrl Pts',(-60.4946703423467,-22.550441338933,-3.39847368392075));
#3098=CARTESIAN_POINT('Ctrl Pts',(-55.74200551352,-22.9612617903625,-3.46265910007291));
#3099=CARTESIAN_POINT('Ctrl Pts',(-70.0000000000001,-21.6729745088064,-3.62741817363953));
#3100=CARTESIAN_POINT('Ctrl Pts',(-65.2473351711734,-22.0752043824478,-3.74413641146667));
#3101=CARTESIAN_POINT('Ctrl Pts',(-60.4946703423467,-22.4789925243245,-3.85823510738307));
#3102=CARTESIAN_POINT('Ctrl Pts',(-55.74200551352,-22.8812223979659,-3.97495334521021));
#3103=CARTESIAN_POINT('Ctrl Pts',(-70.0000000000001,-21.4486441685137,-4.22205421170112));
#3104=CARTESIAN_POINT('Ctrl Pts',(-65.2473351711734,-21.820728861102,-4.41611953691712));
#3105=CARTESIAN_POINT('Ctrl Pts',(-60.4946703423467,-22.1922810829518,-4.61070105169878));
#3106=CARTESIAN_POINT('Ctrl Pts',(-55.74200551352,-22.5643657755401,-4.80476637691478));
#3107=CARTESIAN_POINT('Ctrl Pts',(-70.0000000000001,-20.8711649863361,-5.08858913123722));
#3108=CARTESIAN_POINT('Ctrl Pts',(-65.2473351711734,-21.1819896439425,-5.37141494510951));
#3109=CARTESIAN_POINT('Ctrl Pts',(-60.4946703423467,-21.4937460611595,-5.65311138135495));
#3110=CARTESIAN_POINT('Ctrl Pts',(-55.74200551352,-21.8045707187659,-5.93593719522724));
#3111=CARTESIAN_POINT('Ctrl Pts',(-70.0000000000001,-19.9346298839122,-5.92747564293346));
#3112=CARTESIAN_POINT('Ctrl Pts',(-65.2473351711734,-20.1760843524561,-6.26937509703757));
#3113=CARTESIAN_POINT('Ctrl Pts',(-60.4946703423467,-20.4172182772346,-6.61172311712332));
#3114=CARTESIAN_POINT('Ctrl Pts',(-55.74200551352,-20.6586727457785,-6.95362257122743));
#3115=CARTESIAN_POINT('Ctrl Pts',(-70.0000000000001,-19.0818889206736,-6.40472143352362));
#3116=CARTESIAN_POINT('Ctrl Pts',(-65.2473351711734,-19.2755292783226,-6.77309733907254));
#3117=CARTESIAN_POINT('Ctrl Pts',(-60.4946703423467,-19.4693383331237,-7.14131542953015));
#3118=CARTESIAN_POINT('Ctrl Pts',(-55.74200551352,-19.6629786907727,-7.50969133507907));
#3119=CARTESIAN_POINT('Ctrl Pts',(-70.0000000000001,-18.5979173242918,-6.63585144292998));
#3120=CARTESIAN_POINT('Ctrl Pts',(-65.2473351711734,-18.7691463121853,-7.01490611008216));
#3121=CARTESIAN_POINT('Ctrl Pts',(-60.4946703423467,-18.940229895262,-7.39397449235302));
#3122=CARTESIAN_POINT('Ctrl Pts',(-55.74200551352,-19.1114588831554,-7.77302915950519));
#3123=CARTESIAN_POINT('Ctrl Pts',(-70.0000000000001,-17.8575031584415,-6.9545909847952));
#3124=CARTESIAN_POINT('Ctrl Pts',(-65.2473351711734,-17.997902043069,-7.34677429758141));
#3125=CARTESIAN_POINT('Ctrl Pts',(-60.4946703423467,-18.1389793552373,-7.73868126168906));
#3126=CARTESIAN_POINT('Ctrl Pts',(-55.74200551352,-18.2793782398648,-8.13086457447527));
#3127=CARTESIAN_POINT('Ctrl Pts',(-70.0000000000001,-16.7572703219279,-7.31194918236593));
#3128=CARTESIAN_POINT('Ctrl Pts',(-65.2473351711734,-16.8697395035773,-7.71231664166515));
#3129=CARTESIAN_POINT('Ctrl Pts',(-60.4946703423467,-16.9820612638566,-8.11266784816781));
#3130=CARTESIAN_POINT('Ctrl Pts',(-55.74200551352,-17.094530445506,-8.51303530746703));
#3131=CARTESIAN_POINT('Ctrl Pts',(-70.0000000000001,-14.8922138651373,-7.8163353047502));
#3132=CARTESIAN_POINT('Ctrl Pts',(-65.2473351711734,-14.997987312046,-8.21850481118307));
#3133=CARTESIAN_POINT('Ctrl Pts',(-60.4946703423467,-15.1038594973639,-8.62072368672004));
#3134=CARTESIAN_POINT('Ctrl Pts',(-55.74200551352,-15.2096329442726,-9.02289319315291));
#3135=CARTESIAN_POINT('Ctrl Pts',(-70.0000000000001,-13.4728201532995,-8.15217014084313));
#3136=CARTESIAN_POINT('Ctrl Pts',(-65.2473351711734,-13.5544150195549,-8.56028858232753));
#3137=CARTESIAN_POINT('Ctrl Pts',(-60.4946703423467,-13.6356580383889,-8.96836006508799));
#3138=CARTESIAN_POINT('Ctrl Pts',(-55.74200551352,-13.7172529046443,-9.3764785065724));
#3139=CARTESIAN_POINT('Ctrl Pts',(-70.0000000000001,-11.8498733149048,-8.43365550036371));
#3140=CARTESIAN_POINT('Ctrl Pts',(-65.2473351711734,-11.9112729068379,-8.84488363458954));
#3141=CARTESIAN_POINT('Ctrl Pts',(-60.4946703423467,-11.9736373548689,-9.25607602634327));
#3142=CARTESIAN_POINT('Ctrl Pts',(-55.74200551352,-12.0350369468019,-9.6673041605691));
#3143=CARTESIAN_POINT('Ctrl Pts',(-70.0000000000001,-10.1054772918873,-8.67468516020038));
#3144=CARTESIAN_POINT('Ctrl Pts',(-65.2473351711734,-10.1617134405805,-9.08673391829204));
#3145=CARTESIAN_POINT('Ctrl Pts',(-60.4946703423467,-10.2164815186907,-9.49887348707529));
#3146=CARTESIAN_POINT('Ctrl Pts',(-55.74200551352,-10.2727176673839,-9.91092224516695));
#3147=CARTESIAN_POINT('Ctrl Pts',(-70.0000000000001,-8.02151438328049,-8.9489346054574));
#3148=CARTESIAN_POINT('Ctrl Pts',(-65.2473351711734,-8.0668839664056,-9.36224041621825));
#3149=CARTESIAN_POINT('Ctrl Pts',(-60.4946703423467,-8.11348483563674,-9.77548583345681));
#3150=CARTESIAN_POINT('Ctrl Pts',(-55.74200551352,-8.15885441876185,-10.1887916442177));
#3151=CARTESIAN_POINT('Ctrl Pts',(-70.,-4.64371955565195,-9.29018303772691));
#3152=CARTESIAN_POINT('Ctrl Pts',(-65.2473351711733,-4.68339992039968,-9.70418104854539));
#3153=CARTESIAN_POINT('Ctrl Pts',(-60.4946703423466,-4.72348625989842,-10.1180899443335));
#3154=CARTESIAN_POINT('Ctrl Pts',(-55.7420055135199,-4.76316662464615,-10.532087955152));
#3155=CARTESIAN_POINT('Ctrl Pts',(-70.,-0.642015162392239,-9.62110999945511));
#3156=CARTESIAN_POINT('Ctrl Pts',(-65.2473351711733,-0.669557774818732,
-10.0360217685475));
#3157=CARTESIAN_POINT('Ctrl Pts',(-60.4946703423467,-0.697249290133367,
-10.4509792551116));
#3158=CARTESIAN_POINT('Ctrl Pts',(-55.74200551352,-0.72479190255986,-10.865891024204));
#3159=CARTESIAN_POINT('Ctrl Pts',(-70.,3.69081380777644,-9.83458087366314));
#3160=CARTESIAN_POINT('Ctrl Pts',(-65.2473351711733,3.67619451059711,-10.2501962453078));
#3161=CARTESIAN_POINT('Ctrl Pts',(-60.4946703423467,3.66154955652803,-10.6657680837723));
#3162=CARTESIAN_POINT('Ctrl Pts',(-55.7420055135199,3.6469302593487,-11.081383455417));
#3163=CARTESIAN_POINT('Ctrl Pts',(-70.,8.25941642969697,-10.0171171980664));
#3164=CARTESIAN_POINT('Ctrl Pts',(-65.2473351711733,8.24254212080938,-10.4325601952982));
#3165=CARTESIAN_POINT('Ctrl Pts',(-60.4946703423466,8.22650621792427,-10.8480816807465));
#3166=CARTESIAN_POINT('Ctrl Pts',(-55.7420055135199,8.20963190903668,-11.2635246779783));
#3167=CARTESIAN_POINT('Ctrl Pts',(-70.,12.2904400307774,-10.0875380937776));
#3168=CARTESIAN_POINT('Ctrl Pts',(-65.2473351711733,12.2898758017976,-10.5034732062906));
#3169=CARTESIAN_POINT('Ctrl Pts',(-60.4946703423467,12.2889904889652,-10.9193761066823));
#3170=CARTESIAN_POINT('Ctrl Pts',(-55.7420055135199,12.2884262599855,-11.3353112191954));
#3171=CARTESIAN_POINT('Ctrl Pts',(-70.,14.2864195579358,-10.092030512822));
#3172=CARTESIAN_POINT('Ctrl Pts',(-65.2473351711733,14.2825130215121,-10.5077539158173));
#3173=CARTESIAN_POINT('Ctrl Pts',(-60.4946703423466,14.280592909277,-10.9235915539589));
#3174=CARTESIAN_POINT('Ctrl Pts',(-55.7420055135199,14.2766863728533,-11.3393149569542));
#3175=CARTESIAN_POINT('Ctrl Pts',(-70.,14.957747601492,-10.09818869791));
#3176=CARTESIAN_POINT('Ctrl Pts',(-65.2473351711733,14.9556298131942,-10.51401252856));
#3177=CARTESIAN_POINT('Ctrl Pts',(-60.4946703423466,14.9522545742826,-10.9297710782337));
#3178=CARTESIAN_POINT('Ctrl Pts',(-55.7420055135199,14.9501367859847,-11.3455949088838));
#3179=CARTESIAN_POINT('Ctrl Pts',(-70.,15.1062028554926,-10.0988146165037));
#3180=CARTESIAN_POINT('Ctrl Pts',(-65.2473351711733,15.1033330938228,-10.5146019798508));
#3181=CARTESIAN_POINT('Ctrl Pts',(-60.4946703423466,15.1009323854688,-10.9304111459456));
#3182=CARTESIAN_POINT('Ctrl Pts',(-55.7420055135199,15.0980626237991,-11.3461985092927));
#3183=CARTESIAN_POINT('Ctrl Pts',(-70.,15.3868090108343,-10.1008059902893));
#3184=CARTESIAN_POINT('Ctrl Pts',(-65.2473351711733,15.3843005068962,-10.5166084723443));
#3185=CARTESIAN_POINT('Ctrl Pts',(-60.4946703423466,15.3811556836723,-10.9323958160183));
#3186=CARTESIAN_POINT('Ctrl Pts',(-55.7420055135199,15.3786471797343,-11.3481982980732));
#3187=CARTESIAN_POINT('Ctrl Pts',(-70.0000000000001,15.8320617055087,-10.1035928272728));
#3188=CARTESIAN_POINT('Ctrl Pts',(-65.2473351711734,15.8288581290297,-10.5193849037098));
#3189=CARTESIAN_POINT('Ctrl Pts',(-60.4946703423467,15.8262228140648,-10.9351808338283));
#3190=CARTESIAN_POINT('Ctrl Pts',(-55.74200551352,15.8230192375858,-11.3509729102654));
#3191=CARTESIAN_POINT('Ctrl Pts',(-70.,16.6433867105109,-10.1101661090981));
#3192=CARTESIAN_POINT('Ctrl Pts',(-65.2473351711733,16.6401555729423,-10.5259539492011));
#3193=CARTESIAN_POINT('Ctrl Pts',(-60.4946703423466,16.6363406691349,-10.9417455898069));
#3194=CARTESIAN_POINT('Ctrl Pts',(-55.7420055135199,16.6331095315663,-11.3575334299098));
#3195=CARTESIAN_POINT('Ctrl Pts',(-70.0000000000001,18.0713126103867,-10.1222107997714));
#3196=CARTESIAN_POINT('Ctrl Pts',(-65.2473351711734,18.0658727075897,-10.5379936434074));
#3197=CARTESIAN_POINT('Ctrl Pts',(-60.4946703423467,18.0609826057874,-10.9537703954455));
#3198=CARTESIAN_POINT('Ctrl Pts',(-55.74200551352,18.0555427029904,-11.3695532390815));
#3199=CARTESIAN_POINT('Ctrl Pts',(-69.9999999999999,20.0864112946496,-10.152400062285));
#3200=CARTESIAN_POINT('Ctrl Pts',(-65.2473351711732,20.0809118899653,-10.5681524555623));
#3201=CARTESIAN_POINT('Ctrl Pts',(-60.4946703423466,20.0752126211526,-10.9839066739696));
#3202=CARTESIAN_POINT('Ctrl Pts',(-55.7420055135199,20.0697132164684,-11.3996590672469));
#3203=CARTESIAN_POINT('Ctrl Pts',(-70.0000000000002,24.2627659168611,-10.1927104293776));
#3204=CARTESIAN_POINT('Ctrl Pts',(-65.2473351711735,24.2614131807524,-10.6085626066186));
#3205=CARTESIAN_POINT('Ctrl Pts',(-60.4946703423467,24.2601633054638,-11.0244169378373));
#3206=CARTESIAN_POINT('Ctrl Pts',(-55.74200551352,24.258810569355,-11.4402691150784));
#3207=CARTESIAN_POINT('Ctrl Pts',(-69.9999999999999,28.1400517448444,-10.1579849202788));
#3208=CARTESIAN_POINT('Ctrl Pts',(-65.2473351711732,28.1517657328705,-10.5737025801813));
#3209=CARTESIAN_POINT('Ctrl Pts',(-60.4946703423466,28.1637182719184,-10.9894051663423));
#3210=CARTESIAN_POINT('Ctrl Pts',(-55.7420055135199,28.1754322599445,-11.4051228262448));
#3211=CARTESIAN_POINT('Ctrl Pts',(-70.0000000000001,31.2466878830511,-10.0177497339052));
#3212=CARTESIAN_POINT('Ctrl Pts',(-65.2473351711734,31.2658538224778,-10.4331133920503));
#3213=CARTESIAN_POINT('Ctrl Pts',(-60.4946703423466,31.284529511209,-10.8484994177311));
#3214=CARTESIAN_POINT('Ctrl Pts',(-55.7420055135199,31.3036954506357,-11.2638630758763));
#3215=CARTESIAN_POINT('Ctrl Pts',(-70.,33.637782653842,-9.9154379168665));
#3216=CARTESIAN_POINT('Ctrl Pts',(-65.2473351711733,33.6554652097821,-10.3308669622166));
#3217=CARTESIAN_POINT('Ctrl Pts',(-60.4946703423466,33.6736172448698,-10.7462752804338));
#3218=CARTESIAN_POINT('Ctrl Pts',(-55.7420055135199,33.6912998008099,-11.1617043257839));
#3219=CARTESIAN_POINT('Ctrl Pts',(-70.,34.7795137272815,-9.86416774767869));
#3220=CARTESIAN_POINT('Ctrl Pts',(-65.2473351711733,34.7992720385679,-10.2794952401255));
#3221=CARTESIAN_POINT('Ctrl Pts',(-60.4946703423466,34.8183361602064,-10.6948591592563));
#3222=CARTESIAN_POINT('Ctrl Pts',(-55.7420055135199,34.8380944714929,-11.1101866517031));
#3223=CARTESIAN_POINT('Ctrl Pts',(-70.,36.499407571281,-9.78245028258336));
#3224=CARTESIAN_POINT('Ctrl Pts',(-65.2473351711733,36.519899716033,-10.1977769968718));
#3225=CARTESIAN_POINT('Ctrl Pts',(-60.4946703423466,36.5410075688858,-10.613064800615));
#3226=CARTESIAN_POINT('Ctrl Pts',(-55.7420055135199,36.5614997136378,-11.0283915149034));
#3227=CARTESIAN_POINT('Ctrl Pts',(-70.,38.8661242546489,-9.64434788019744));
#3228=CARTESIAN_POINT('Ctrl Pts',(-65.2473351711733,38.8958711695731,-10.0591044309483));
#3229=CARTESIAN_POINT('Ctrl Pts',(-60.4946703423467,38.9252300431882,-10.47388750765));
#3230=CARTESIAN_POINT('Ctrl Pts',(-55.74200551352,38.9549769581123,-10.8886440584008));
#3231=CARTESIAN_POINT('Ctrl Pts',(-70.,42.0329517036329,-9.39536303695469));
#3232=CARTESIAN_POINT('Ctrl Pts',(-65.2473351711733,42.0661667705406,-9.80982872965378));
#3233=CARTESIAN_POINT('Ctrl Pts',(-60.4946703423466,42.0996328635963,-10.2242766668908));
#3234=CARTESIAN_POINT('Ctrl Pts',(-55.7420055135199,42.1328479305041,-10.6387423595899));
#3235=CARTESIAN_POINT('Ctrl Pts',(-70.,45.9466915724306,-9.10754233864529));
#3236=CARTESIAN_POINT('Ctrl Pts',(-65.2473351711733,45.9765513656592,-9.52229994391023));
#3237=CARTESIAN_POINT('Ctrl Pts',(-60.4946703423466,46.0067585881727,-9.93703389210408));
#3238=CARTESIAN_POINT('Ctrl Pts',(-55.7420055135199,46.0366183814014,-10.351791497369));
#3239=CARTESIAN_POINT('Ctrl Pts',(-69.9999999999999,49.5229555905098,-8.79516988458662));
#3240=CARTESIAN_POINT('Ctrl Pts',(-65.2473351711732,49.5631356857564,-9.20906153960408));
#3241=CARTESIAN_POINT('Ctrl Pts',(-60.4946703423466,49.6022905544251,-9.62302294851116));
#3242=CARTESIAN_POINT('Ctrl Pts',(-55.7420055135199,49.6424706496717,-10.0369146035286));
#3243=CARTESIAN_POINT('Ctrl Pts',(-70.0000000000001,51.8819444548274,-8.55847844838444));
#3244=CARTESIAN_POINT('Ctrl Pts',(-65.2473351711734,51.923349420859,-8.97220710761128));
#3245=CARTESIAN_POINT('Ctrl Pts',(-60.4946703423466,51.9652648951874,-9.38590089350476));
#3246=CARTESIAN_POINT('Ctrl Pts',(-55.7420055135199,52.006669861219,-9.7996295527316));
#3247=CARTESIAN_POINT('Ctrl Pts',(-70.,53.9388961303153,-8.34935538479975));
#3248=CARTESIAN_POINT('Ctrl Pts',(-65.2473351711733,53.9821360573123,-8.76291565101339));
#3249=CARTESIAN_POINT('Ctrl Pts',(-60.4946703423466,54.0248427049525,-9.17651187074604));
#3250=CARTESIAN_POINT('Ctrl Pts',(-55.7420055135199,54.0680826319494,-9.59007213695969));
#3251=CARTESIAN_POINT('Ctrl Pts',(-70.,56.8739289370213,-8.04416179003706));
#3252=CARTESIAN_POINT('Ctrl Pts',(-65.2473351711733,56.9164660016137,-8.45777818563649));
#3253=CARTESIAN_POINT('Ctrl Pts',(-60.4946703423466,56.959299270316,-8.87137693275099));
#3254=CARTESIAN_POINT('Ctrl Pts',(-55.7420055135199,57.0018363349084,-9.28499332835042));
#3255=CARTESIAN_POINT('Ctrl Pts',(-69.9999999999999,59.5893281312103,-7.76243060078216));
#3256=CARTESIAN_POINT('Ctrl Pts',(-65.2473351711732,59.6327441611368,-8.17596589645533));
#3257=CARTESIAN_POINT('Ctrl Pts',(-60.4946703423466,59.676057133082,-8.58950445921135));
#3258=CARTESIAN_POINT('Ctrl Pts',(-55.7420055135199,59.7194731630086,-9.00303975488452));
#3259=CARTESIAN_POINT('Ctrl Pts',(-70.,61.0241696954563,-7.6084408915062));
#3260=CARTESIAN_POINT('Ctrl Pts',(-65.2473351711733,61.0688390034164,-8.02183726427041));
#3261=CARTESIAN_POINT('Ctrl Pts',(-60.4946703423466,61.1135457892694,-8.43523493238004));
#3262=CARTESIAN_POINT('Ctrl Pts',(-55.7420055135199,61.1582150972295,-8.84863130514425));
#3263=CARTESIAN_POINT('Ctrl Pts',(-70.,61.6799992986437,-7.53691224278959));
#3264=CARTESIAN_POINT('Ctrl Pts',(-65.2473351711733,61.7253218481076,-7.95024050631513));
#3265=CARTESIAN_POINT('Ctrl Pts',(-60.4946703423466,61.7706808802378,-8.36356092302699));
#3266=CARTESIAN_POINT('Ctrl Pts',(-55.7420055135199,61.8160034297017,-8.77688918655253));
#3267=CARTESIAN_POINT('Ctrl Pts',(-70.,62.,-7.50154811536383));
#3268=CARTESIAN_POINT('Ctrl Pts',(-65.2473351711733,62.045673576552,-7.9148363142811));
#3269=CARTESIAN_POINT('Ctrl Pts',(-60.4946703423466,62.0913471531039,-8.32812451319837));
#3270=CARTESIAN_POINT('Ctrl Pts',(-55.7420055135199,62.1370207296559,-8.74141271211564));
#3271=CARTESIAN_POINT('',(-64.0204665024102,-22.2456714419817,-3.35085730406819));
#3272=CARTESIAN_POINT('Ctrl Pts',(-64.0204665024102,-22.2456714419817,-3.35085730406819));
#3273=CARTESIAN_POINT('Ctrl Pts',(-64.0186686117328,-22.1439724426279,-4.00280342035631));
#3274=CARTESIAN_POINT('Ctrl Pts',(-64.0081978699749,-21.5387932619295,-5.32079849295466));
#3275=CARTESIAN_POINT('Ctrl Pts',(-63.9754715604306,-19.8184106737905,-6.6880946374854));
#3276=CARTESIAN_POINT('Ctrl Pts',(-63.9366926050826,-18.0781651684316,-7.45036854020967));
#3277=CARTESIAN_POINT('Ctrl Pts',(-63.9016222001813,-16.4988282719939,-7.93700612130653));
#3278=CARTESIAN_POINT('Ctrl Pts',(-63.8613710279566,-14.7509700633058,-8.41214125530049));
#3279=CARTESIAN_POINT('Ctrl Pts',(-63.7998917329264,-12.6148435107787,-8.88052310372863));
#3280=CARTESIAN_POINT('Ctrl Pts',(-63.7328928566565,-10.4037666814719,-9.1943268124806));
#3281=CARTESIAN_POINT('Ctrl Pts',(-63.6217266551252,-7.22541952322696,-9.59949355996378));
#3282=CARTESIAN_POINT('Ctrl Pts',(-63.4767766334541,-3.55474481972671,-9.96706653613363));
#3283=CARTESIAN_POINT('Ctrl Pts',(-63.2786707831178,0.442202238037205,-10.2800198796881));
#3284=CARTESIAN_POINT('Ctrl Pts',(-63.0965756206088,3.70279387917056,-10.4310202697046));
#3285=CARTESIAN_POINT('Ctrl Pts',(-62.8985601671162,7.00332517894002,-10.5893045054443));
#3286=CARTESIAN_POINT('Ctrl Pts',(-62.6202223103776,11.0231437010818,-10.7311595318366));
#3287=CARTESIAN_POINT('Ctrl Pts',(-62.170423542054,16.7925304395699,-10.7799727353281));
#3288=CARTESIAN_POINT('Ctrl Pts',(-61.6800500336482,22.1626067859916,-10.9184180787699));
#3289=CARTESIAN_POINT('Ctrl Pts',(-61.162818255297,27.0024550877961,-10.9469776209433));
#3290=CARTESIAN_POINT('Ctrl Pts',(-60.7417020881061,30.606649021982,-10.8618658713007));
#3291=CARTESIAN_POINT('Ctrl Pts',(-60.2866079839487,34.3193914028594,-10.7358383037552));
#3292=CARTESIAN_POINT('Ctrl Pts',(-59.7963046547063,37.9386048194917,-10.6098095922073));
#3293=CARTESIAN_POINT('Ctrl Pts',(-59.2705293240879,41.5490560391452,-10.3774814200756));
#3294=CARTESIAN_POINT('Ctrl Pts',(-58.8954017429816,44.0250826692765,-10.2212429592734));
#3295=CARTESIAN_POINT('Ctrl Pts',(-58.1545064371106,48.6526690199972,-9.93347282819988));
#3296=CARTESIAN_POINT('Ctrl Pts',(-57.2041118996158,54.2183790842767,-9.44561632196449));
#3297=CARTESIAN_POINT('Ctrl Pts',(-56.1613566745916,59.8369683224112,-8.95810602752308));
#3298=CARTESIAN_POINT('Ctrl Pts',(-55.7419820472613,61.9999968859408,-8.75654642502633));
#3299=CARTESIAN_POINT('',(-70.0000000000001,-21.7288004360741,-3.27010285161638));
#3300=CARTESIAN_POINT('Ctrl Pts',(-61.2820662810824,-25.2266350764129,-3.81218855181325));
#3301=CARTESIAN_POINT('Ctrl Pts',(-61.2802759356769,-25.0361866035763,-5.03731527388237));
#3302=CARTESIAN_POINT('Ctrl Pts',(-61.2698489869855,-23.907845065469,-7.35560408362393));
#3303=CARTESIAN_POINT('Ctrl Pts',(-61.2372642473417,-21.397370541772,-9.28189711858527));
#3304=CARTESIAN_POINT('Ctrl Pts',(-61.198659353079,-19.1284850220165,-10.2752705948605));
#3305=CARTESIAN_POINT('Ctrl Pts',(-61.1637499141973,-17.3514992932764,-10.8172009692206));
#3306=CARTESIAN_POINT('Ctrl Pts',(-61.1236875995155,-15.5670965553497,-11.3081843053516));
#3307=CARTESIAN_POINT('Ctrl Pts',(-61.0625031144352,-13.1478732120936,-11.8385489542248));
#3308=CARTESIAN_POINT('Ctrl Pts',(-60.9958355222842,-10.9071123734708,-12.1544605241655));
#3309=CARTESIAN_POINT('Ctrl Pts',(-60.8852358531597,-7.64576592293743,-12.5728330327903));
#3310=CARTESIAN_POINT('Ctrl Pts',(-60.7410480628627,-3.96544185823366,-12.9428447290014));
#3311=CARTESIAN_POINT('Ctrl Pts',(-60.5440411426091,0.128321326456868,-13.2648821624234));
#3312=CARTESIAN_POINT('Ctrl Pts',(-60.3629975226762,3.40775708970883,-13.4169682899067));
#3313=CARTESIAN_POINT('Ctrl Pts',(-60.1661543180864,6.6854062640916,-13.5756564808077));
#3314=CARTESIAN_POINT('Ctrl Pts',(-59.8895228165282,10.7828689072444,-13.7199888112899));
#3315=CARTESIAN_POINT('Ctrl Pts',(-59.4426134826198,16.5149673393251,-13.7681926241875));
#3316=CARTESIAN_POINT('Ctrl Pts',(-58.9555658175672,21.8283327486752,-13.9069111683727));
#3317=CARTESIAN_POINT('Ctrl Pts',(-58.4420203361378,26.7261626719543,-13.9357147015021));
#3318=CARTESIAN_POINT('Ctrl Pts',(-58.0239996745485,30.394693113683,-13.8472636917432));
#3319=CARTESIAN_POINT('Ctrl Pts',(-57.5723441969347,34.0567575869339,-13.7220841986038));
#3320=CARTESIAN_POINT('Ctrl Pts',(-57.0858563300353,37.71388712253,-13.5929992619848));
#3321=CARTESIAN_POINT('Ctrl Pts',(-56.5642445618492,41.3611479401509,-13.3555671664396));
#3322=CARTESIAN_POINT('Ctrl Pts',(-56.1921826564267,43.7882111148105,-13.2015718779587));
#3323=CARTESIAN_POINT('Ctrl Pts',(-55.4569273571244,48.424164408123,-12.9102771141784));
#3324=CARTESIAN_POINT('Ctrl Pts',(-54.4936755419585,54.1246054988659,-12.4076786847744));
#3325=CARTESIAN_POINT('Ctrl Pts',(-53.4366700064886,59.7984456560839,-11.9125782331603));
#3326=CARTESIAN_POINT('Ctrl Pts',(-52.9988132718509,62.064694633096,-11.6984603678106));
#3327=CARTESIAN_POINT('Ctrl Pts',(-61.274143455455,-24.383842374698,-3.68061091546814));
#3328=CARTESIAN_POINT('Ctrl Pts',(-61.2723680417356,-24.219021044159,-4.74166569512));
#3329=CARTESIAN_POINT('Ctrl Pts',(-61.2620161241773,-23.2409716842728,-6.7748929016021));
#3330=CARTESIAN_POINT('Ctrl Pts',(-61.2304658070012,-20.9591014489801,-8.54237150344912));
#3331=CARTESIAN_POINT('Ctrl Pts',(-61.1933747974159,-18.8440432148439,-9.47078335516203));
#3332=CARTESIAN_POINT('Ctrl Pts',(-61.1589970882963,-17.1255401983736,-9.99733635498198));
#3333=CARTESIAN_POINT('Ctrl Pts',(-61.1185498661841,-15.3536120238111,-10.4836637353523));
#3334=CARTESIAN_POINT('Ctrl Pts',(-61.0588309484155,-13.0182893408363,-10.9972302783888));
#3335=CARTESIAN_POINT('Ctrl Pts',(-60.9920876023972,-10.7886088778598,-11.3126146773789));
#3336=CARTESIAN_POINT('Ctrl Pts',(-60.8818509815324,-7.55536132729283,-11.7274278790349));
#3337=CARTESIAN_POINT('Ctrl Pts',(-60.7373653808607,-3.8827229345115,-12.0966332075412));
#3338=CARTESIAN_POINT('Ctrl Pts',(-60.5414474636785,0.177549293662066,-12.4167313086261));
#3339=CARTESIAN_POINT('Ctrl Pts',(-60.3607664328743,3.44668884414683,-12.5687441215316));
#3340=CARTESIAN_POINT('Ctrl Pts',(-60.1634969573881,6.72576402096505,-12.7270867075178));
#3341=CARTESIAN_POINT('Ctrl Pts',(-59.8886133346448,10.7946437059133,-12.8717637478934));
#3342=CARTESIAN_POINT('Ctrl Pts',(-59.4415836067009,16.5277141569704,-12.9201131319726));
#3343=CARTESIAN_POINT('Ctrl Pts',(-58.9536003203736,21.8477465852788,-13.058258504741));
#3344=CARTESIAN_POINT('Ctrl Pts',(-58.4425481295464,26.7201731933908,-13.0885109082507));
#3345=CARTESIAN_POINT('Ctrl Pts',(-58.0276600219731,30.3638853161512,-13.0028949316571));
#3346=CARTESIAN_POINT('Ctrl Pts',(-57.5753595222533,34.0330921818036,-12.8771530767802));
#3347=CARTESIAN_POINT('Ctrl Pts',(-57.0914650428529,37.6725075906056,-12.7505184099486));
#3348=CARTESIAN_POINT('Ctrl Pts',(-56.5729539771084,41.3025144933641,-12.5164156036765));
#3349=CARTESIAN_POINT('Ctrl Pts',(-56.1999306155776,43.7381602076318,-12.3612741172853));
#3350=CARTESIAN_POINT('Ctrl Pts',(-55.4670430167972,48.3632144687439,-12.0724614994468));
#3351=CARTESIAN_POINT('Ctrl Pts',(-54.5071049697111,54.0485117445879,-11.573532231253));
#3352=CARTESIAN_POINT('Ctrl Pts',(-53.4500622140805,59.7271652611986,-11.078166699246));
#3353=CARTESIAN_POINT('Ctrl Pts',(-53.0133901298825,61.9892480612178,-10.8653204238274));
#3354=CARTESIAN_POINT('Ctrl Pts',(-61.937610318042,-22.9157711030089,-3.45240806566834));
#3355=CARTESIAN_POINT('Ctrl Pts',(-61.9358414707485,-22.7949303430971,-4.23068267852665));
#3356=CARTESIAN_POINT('Ctrl Pts',(-61.9255540947338,-22.0771859720655,-5.76879750292671));
#3357=CARTESIAN_POINT('Ctrl Pts',(-61.8946119128917,-20.1891409487034,-7.2605976580866));
#3358=CARTESIAN_POINT('Ctrl Pts',(-61.8583610342431,-18.337780565135,-8.07615560243049));
#3359=CARTESIAN_POINT('Ctrl Pts',(-61.8242619940784,-16.7188025141013,-8.57585211974129));
#3360=CARTESIAN_POINT('Ctrl Pts',(-61.7835621565517,-14.9669116582526,-9.05392291045425));
#3361=CARTESIAN_POINT('Ctrl Pts',(-61.7246195947527,-12.7740437525541,-9.53826863055062));
#3362=CARTESIAN_POINT('Ctrl Pts',(-61.6577851006251,-10.5618206840027,-9.85245790631592));
#3363=CARTESIAN_POINT('Ctrl Pts',(-61.5476134329159,-7.37321774881145,-10.261133297719));
#3364=CARTESIAN_POINT('Ctrl Pts',(-61.4027864135741,-3.70995267799323,-10.62883318478));
#3365=CARTESIAN_POINT('Ctrl Pts',(-61.2072493609825,0.297317865983073,-10.9455403111635));
#3366=CARTESIAN_POINT('Ctrl Pts',(-61.0265198689057,3.55284788719783,-11.0973824936463));
#3367=CARTESIAN_POINT('Ctrl Pts',(-60.8287279691646,6.83870281052337,-11.2551637009336));
#3368=CARTESIAN_POINT('Ctrl Pts',(-60.5544384262787,10.863660285555,-11.4003267933762));
#3369=CARTESIAN_POINT('Ctrl Pts',(-60.1066265624563,16.6066946600787,-11.4489429233334));
#3370=CARTESIAN_POINT('Ctrl Pts',(-59.6173046489196,21.9462284548771,-11.5861704820129));
#3371=CARTESIAN_POINT('Ctrl Pts',(-59.1068191392244,26.7823327425976,-11.6188094299063));
#3372=CARTESIAN_POINT('Ctrl Pts',(-58.6930054886381,30.3886731917927,-11.5379273734534));
#3373=CARTESIAN_POINT('Ctrl Pts',(-58.2395330647161,34.076394291717,-11.4112985667911));
#3374=CARTESIAN_POINT('Ctrl Pts',(-57.75622664484,37.6910967813658,-11.2887736882768));
#3375=CARTESIAN_POINT('Ctrl Pts',(-57.2384917700689,41.2971322011039,-11.060261797265));
#3376=CARTESIAN_POINT('Ctrl Pts',(-56.8641852062997,43.7521309789898,-10.9032267044405));
#3377=CARTESIAN_POINT('Ctrl Pts',(-56.1313217415199,48.3656183460346,-10.6186140814163));
#3378=CARTESIAN_POINT('Ctrl Pts',(-55.1722217542534,54.0296399145615,-10.1258712242203));
#3379=CARTESIAN_POINT('Ctrl Pts',(-54.1136425542755,59.724093256231,-9.63012298859263));
#3380=CARTESIAN_POINT('Ctrl Pts',(-53.6769853873908,61.9816326953795,-9.41938738042928));
#3381=CARTESIAN_POINT('Ctrl Pts',(-63.3831227224,-22.3009071952047,-3.35854469193409));
#3382=CARTESIAN_POINT('Ctrl Pts',(-63.3813337853374,-22.1979533409256,-4.01968654489429));
#3383=CARTESIAN_POINT('Ctrl Pts',(-63.370921828957,-21.5849466380872,-5.35448990475912));
#3384=CARTESIAN_POINT('Ctrl Pts',(-63.3387518369431,-19.8539970678854,-6.7318067325971));
#3385=CARTESIAN_POINT('Ctrl Pts',(-63.3007577676992,-18.1072465708014,-7.49905214251671));
#3386=CARTESIAN_POINT('Ctrl Pts',(-63.2659888003345,-16.5261727364507,-7.98705182462512));
#3387=CARTESIAN_POINT('Ctrl Pts',(-63.225597841691,-14.7792253870149,-8.46224830123474));
#3388=CARTESIAN_POINT('Ctrl Pts',(-63.1649049227038,-12.6407240461628,-8.93271843383187));
#3389=CARTESIAN_POINT('Ctrl Pts',(-63.0979569583603,-10.4311401861133,-9.24659044488837));
#3390=CARTESIAN_POINT('Ctrl Pts',(-62.987095267447,-7.25467621819959,-9.65223718039191));
#3391=CARTESIAN_POINT('Ctrl Pts',(-62.842178967455,-3.58755168335533,-10.0196940882781));
#3392=CARTESIAN_POINT('Ctrl Pts',(-62.6448649329837,0.406583722667848,-10.333588671488));
#3393=CARTESIAN_POINT('Ctrl Pts',(-62.4631864636639,3.66381296481665,-10.4848868413655));
#3394=CARTESIAN_POINT('Ctrl Pts',(-62.2652324916968,6.9601309291002,-10.6429049234563));
#3395=CARTESIAN_POINT('Ctrl Pts',(-61.9881407193915,10.9764225175795,-10.7860616255403));
#3396=CARTESIAN_POINT('Ctrl Pts',(-61.538937837023,16.7379363513896,-10.8348336690858));
#3397=CARTESIAN_POINT('Ctrl Pts',(-61.0488676288525,22.0998749723287,-10.9726955369744));
#3398=CARTESIAN_POINT('Ctrl Pts',(-60.5337079437288,26.9340346139523,-11.0030882874116));
#3399=CARTESIAN_POINT('Ctrl Pts',(-60.1148416987875,30.5344370302488,-10.9201853829459));
#3400=CARTESIAN_POINT('Ctrl Pts',(-59.6602289454697,34.2408139753441,-10.7938002800166));
#3401=CARTESIAN_POINT('Ctrl Pts',(-59.1720753642402,37.8554656164693,-10.6696234266444));
#3402=CARTESIAN_POINT('Ctrl Pts',(-58.6487713593843,41.4614651854498,-10.4394675301731));
#3403=CARTESIAN_POINT('Ctrl Pts',(-58.2738773003603,43.9325888346949,-10.2826669663848));
#3404=CARTESIAN_POINT('Ctrl Pts',(-57.5354417944711,48.5538875902453,-9.99662745051611));
#3405=CARTESIAN_POINT('Ctrl Pts',(-56.570359918011,54.2174400958832,-9.50219255326252));
#3406=CARTESIAN_POINT('Ctrl Pts',(-55.5083458741603,59.9319079932726,-9.00596186500977));
#3407=CARTESIAN_POINT('Ctrl Pts',(-55.069094564356,62.1919073536628,-8.79459264071667));
#3408=CARTESIAN_POINT('Ctrl Pts',(-64.0204665024102,-22.2456714419817,-3.35085730406819));
#3409=CARTESIAN_POINT('Ctrl Pts',(-64.0186686117328,-22.1439724426279,-4.00280342035631));
#3410=CARTESIAN_POINT('Ctrl Pts',(-64.0081978699749,-21.5387932619295,-5.32079849295466));
#3411=CARTESIAN_POINT('Ctrl Pts',(-63.9754715604306,-19.8184106737905,-6.6880946374854));
#3412=CARTESIAN_POINT('Ctrl Pts',(-63.9366926050826,-18.0781651684316,-7.45036854020967));
#3413=CARTESIAN_POINT('Ctrl Pts',(-63.9016222001813,-16.4988282719939,-7.93700612130653));
#3414=CARTESIAN_POINT('Ctrl Pts',(-63.8613710279566,-14.7509700633058,-8.41214125530049));
#3415=CARTESIAN_POINT('Ctrl Pts',(-63.7998917329264,-12.6148435107787,-8.88052310372863));
#3416=CARTESIAN_POINT('Ctrl Pts',(-63.7328928566565,-10.4037666814719,-9.1943268124806));
#3417=CARTESIAN_POINT('Ctrl Pts',(-63.6217266551252,-7.22541952322696,-9.59949355996378));
#3418=CARTESIAN_POINT('Ctrl Pts',(-63.4767766334541,-3.55474481972671,-9.96706653613363));
#3419=CARTESIAN_POINT('Ctrl Pts',(-63.2786707831178,0.442202238037205,-10.2800198796881));
#3420=CARTESIAN_POINT('Ctrl Pts',(-63.0965756206088,3.70279387917056,-10.4310202697046));
#3421=CARTESIAN_POINT('Ctrl Pts',(-62.8985601671162,7.00332517894002,-10.5893045054443));
#3422=CARTESIAN_POINT('Ctrl Pts',(-62.6202223103776,11.0231437010818,-10.7311595318366));
#3423=CARTESIAN_POINT('Ctrl Pts',(-62.170423542054,16.7925304395699,-10.7799727353281));
#3424=CARTESIAN_POINT('Ctrl Pts',(-61.6800500336482,22.1626067859916,-10.9184180787699));
#3425=CARTESIAN_POINT('Ctrl Pts',(-61.162818255297,27.0024550877961,-10.9469776209433));
#3426=CARTESIAN_POINT('Ctrl Pts',(-60.7417020881061,30.606649021982,-10.8618658713007));
#3427=CARTESIAN_POINT('Ctrl Pts',(-60.2866079839487,34.3193914028594,-10.7358383037552));
#3428=CARTESIAN_POINT('Ctrl Pts',(-59.7963046547063,37.9386048194917,-10.6098095922073));
#3429=CARTESIAN_POINT('Ctrl Pts',(-59.2705293240879,41.5490560391452,-10.3774814200756));
#3430=CARTESIAN_POINT('Ctrl Pts',(-58.8954017429816,44.0250826692765,-10.2212429592734));
#3431=CARTESIAN_POINT('Ctrl Pts',(-58.1545064371106,48.6526690199972,-9.93347282819988));
#3432=CARTESIAN_POINT('Ctrl Pts',(-57.1867667613315,54.3199558578237,-9.43671271590435));
#3433=CARTESIAN_POINT('Ctrl Pts',(-56.123264384367,60.0420696210474,-8.94031156776836));
#3434=CARTESIAN_POINT('Ctrl Pts',(-55.682872654049,62.3042479529015,-8.728100973788));
#3435=CARTESIAN_POINT('',(-56.,45.,-13.123696386872));
#3436=CARTESIAN_POINT('Ctrl Pts',(-53.0113084998039,62.0000000560187,-11.7045683506134));
#3437=CARTESIAN_POINT('Ctrl Pts',(-53.4447150229303,59.7552535917438,-11.9163472565185));
#3438=CARTESIAN_POINT('Ctrl Pts',(-54.4973418827446,54.102908410586,-12.4095916810353));
#3439=CARTESIAN_POINT('Ctrl Pts',(-55.4569273571244,48.424164408123,-12.9102771141784));
#3440=CARTESIAN_POINT('Ctrl Pts',(-55.99980674281,45.0011853716863,-13.125356043313));
#3441=CARTESIAN_POINT('Ctrl Pts',(-55.9998921758072,45.000646689052,-13.1253898909605));
#3442=CARTESIAN_POINT('Ctrl Pts',(-55.9999776075372,45.000108006414,-13.1254237387554));
#3443=CARTESIAN_POINT('',(-61.2820662810824,-25.2266350764129,-3.81218855181325));
#3444=CARTESIAN_POINT('Ctrl Pts',(-55.9999776075372,45.000108006414,-13.1254237387554));
#3445=CARTESIAN_POINT('Ctrl Pts',(-56.1923478148074,43.7871337327747,-13.2016402372163));
#3446=CARTESIAN_POINT('Ctrl Pts',(-56.5643217436109,41.3606082628807,-13.3556022987516));
#3447=CARTESIAN_POINT('Ctrl Pts',(-57.0858563300353,37.71388712253,-13.5929992619848));
#3448=CARTESIAN_POINT('Ctrl Pts',(-57.5723441969347,34.0567575869339,-13.7220841986038));
#3449=CARTESIAN_POINT('Ctrl Pts',(-58.0239996745485,30.394693113683,-13.8472636917432));
#3450=CARTESIAN_POINT('Ctrl Pts',(-58.4420203361378,26.7261626719543,-13.9357147015021));
#3451=CARTESIAN_POINT('Ctrl Pts',(-58.9555658175672,21.8283327486752,-13.9069111683727));
#3452=CARTESIAN_POINT('Ctrl Pts',(-59.4426134826198,16.5149673393251,-13.7681926241875));
#3453=CARTESIAN_POINT('Ctrl Pts',(-59.8895228165282,10.7828689072444,-13.7199888112899));
#3454=CARTESIAN_POINT('Ctrl Pts',(-60.1661543180864,6.6854062640916,-13.5756564808077));
#3455=CARTESIAN_POINT('Ctrl Pts',(-60.3629975226762,3.40775708970883,-13.4169682899067));
#3456=CARTESIAN_POINT('Ctrl Pts',(-60.5440411426091,0.128321326456868,-13.2648821624234));
#3457=CARTESIAN_POINT('Ctrl Pts',(-60.7410480628627,-3.96544185823366,-12.9428447290014));
#3458=CARTESIAN_POINT('Ctrl Pts',(-60.8852358531597,-7.64576592293743,-12.5728330327903));
#3459=CARTESIAN_POINT('Ctrl Pts',(-60.9958355222842,-10.9071123734708,-12.1544605241655));
#3460=CARTESIAN_POINT('Ctrl Pts',(-61.0625031144352,-13.1478732120936,-11.8385489542248));
#3461=CARTESIAN_POINT('Ctrl Pts',(-61.1236875995155,-15.5670965553497,-11.3081843053516));
#3462=CARTESIAN_POINT('Ctrl Pts',(-61.1637499141973,-17.3514992932764,-10.8172009692206));
#3463=CARTESIAN_POINT('Ctrl Pts',(-61.198659353079,-19.1284850220165,-10.2752705948605));
#3464=CARTESIAN_POINT('Ctrl Pts',(-61.2372642473417,-21.397370541772,-9.28189711858527));
#3465=CARTESIAN_POINT('Ctrl Pts',(-61.2698489869855,-23.907845065469,-7.35560408362393));
#3466=CARTESIAN_POINT('Ctrl Pts',(-61.2802759356769,-25.0361866035763,-5.03731527388237));
#3467=CARTESIAN_POINT('Ctrl Pts',(-61.2820662810824,-25.2266350764129,-3.81218855181325));
#3468=CARTESIAN_POINT('Origin',(-64.2819337306532,-25.1984342784467,-3.81218855181325));
#3469=CARTESIAN_POINT('Ctrl Pts',(-59.8712195361742,-88.0000000000001,-15.928592645224));
#3470=CARTESIAN_POINT('Ctrl Pts',(-59.9158205685492,-87.0001161129829,-15.9529346818869));
#3471=CARTESIAN_POINT('Ctrl Pts',(-59.9587473898245,-86.0001161129829,-15.9767371334789));
#3472=CARTESIAN_POINT('Ctrl Pts',(-61.7785035500557,-41.8824845302927,-17.0029205549953));
#3473=CARTESIAN_POINT('Ctrl Pts',(-62.7844675870444,2.22126527834334,-16.5101907995905));
#3474=CARTESIAN_POINT('Ctrl Pts',(-55.0997296710442,50.6765582687318,-15.932299825582));
#3475=CARTESIAN_POINT('Ctrl Pts',(-54.1034748197082,56.3433510684113,-15.8556161226096));
#3476=CARTESIAN_POINT('Ctrl Pts',(-53.011235445992,62.0003783990385,-15.7699488910828));
#3477=CARTESIAN_POINT('Ctrl Pts',(-59.8712195361742,-88.0000000000001,-0.667939197656009));
#3478=CARTESIAN_POINT('Ctrl Pts',(-59.9158205685492,-87.0001161129829,-0.667271708251016));
#3479=CARTESIAN_POINT('Ctrl Pts',(-59.9587473898245,-86.0001161129829,-0.666847531254544));
#3480=CARTESIAN_POINT('Ctrl Pts',(-61.7785035500557,-41.8824845302927,-0.658869140395066));
#3481=CARTESIAN_POINT('Ctrl Pts',(-62.7844675870444,2.22126527834334,-1.38245893633183));
#3482=CARTESIAN_POINT('Ctrl Pts',(-55.0997296710442,50.6765582687318,-2.08194510319354));
#3483=CARTESIAN_POINT('Ctrl Pts',(-54.1034748197082,56.3433510684113,-2.16693812183872));
#3484=CARTESIAN_POINT('Ctrl Pts',(-53.011235445992,62.0003783990385,-2.25497905593572));
#3485=CARTESIAN_POINT('Ctrl Pts',(-59.8712195361742,-88.0000000000001,14.592714249912));
#3486=CARTESIAN_POINT('Ctrl Pts',(-59.9158205685492,-87.0001161129829,14.6183912653849));
#3487=CARTESIAN_POINT('Ctrl Pts',(-59.9587473898245,-86.0001161129829,14.6430420709698));
#3488=CARTESIAN_POINT('Ctrl Pts',(-61.7785035500557,-41.8824845302927,15.6851822742055));
#3489=CARTESIAN_POINT('Ctrl Pts',(-62.7844675870444,2.22126527834334,13.7452729269267));
#3490=CARTESIAN_POINT('Ctrl Pts',(-55.0997296710442,50.6765582687318,11.768409619195));
#3491=CARTESIAN_POINT('Ctrl Pts',(-54.1034748197082,56.3433510684113,11.5217398789321));
#3492=CARTESIAN_POINT('Ctrl Pts',(-53.011235445992,62.0003783990385,11.2599907792114));
#3493=CARTESIAN_POINT('Ctrl Pts',(-59.8712195361742,-88.0000000000001,29.8533676974801));
#3494=CARTESIAN_POINT('Ctrl Pts',(-59.9158205685492,-87.0001161129829,29.9040542390209));
#3495=CARTESIAN_POINT('Ctrl Pts',(-59.9587473898245,-86.0001161129829,29.9529316731941));
#3496=CARTESIAN_POINT('Ctrl Pts',(-61.7785035500557,-41.8824845302927,32.0292336888057));
#3497=CARTESIAN_POINT('Ctrl Pts',(-62.7844675870444,2.22126527834334,28.8730047901854));
#3498=CARTESIAN_POINT('Ctrl Pts',(-55.0997296710442,50.6765582687318,25.6187643415835));
#3499=CARTESIAN_POINT('Ctrl Pts',(-54.1034748197082,56.3433510684113,25.210417879703));
#3500=CARTESIAN_POINT('Ctrl Pts',(-53.011235445992,62.0003783990385,24.7749606143585));
#3501=CARTESIAN_POINT('Ctrl Pts',(-61.2820662810824,-25.2266350764128,-3.81218855181325));
#3502=CARTESIAN_POINT('Ctrl Pts',(-61.2829668608397,-25.3224344897112,-3.19592516338944));
#3503=CARTESIAN_POINT('Ctrl Pts',(-61.2828375943164,-25.3080352038613,-2.56249056325775));
#3504=CARTESIAN_POINT('Ctrl Pts',(-61.2816673737402,-25.1843349379151,-1.9512590445005));
#3505=CARTESIAN_POINT('',(-59.8712195361742,-88.,-15.928592645224));
#3506=CARTESIAN_POINT('Ctrl Pts',(-59.8712195361742,-88.,-15.928592645224));
#3507=CARTESIAN_POINT('Ctrl Pts',(-59.9158205685492,-87.0001161129829,-15.9529346818869));
#3508=CARTESIAN_POINT('Ctrl Pts',(-59.9587473898245,-86.0001161129829,-15.9767371334789));
#3509=CARTESIAN_POINT('Ctrl Pts',(-61.7785035500555,-41.8824845302924,-17.0029205549952));
#3510=CARTESIAN_POINT('Ctrl Pts',(-62.7844675870444,2.22126527834329,-16.5101907995905));
#3511=CARTESIAN_POINT('Ctrl Pts',(-55.0997497440963,50.6764317002484,-15.9323013350721));
#3512=CARTESIAN_POINT('Ctrl Pts',(-54.1035192460398,56.343098366915,-15.8556195421912));
#3513=CARTESIAN_POINT('Ctrl Pts',(-53.0113085058305,61.9999999999999,-15.7699546213576));
#3514=CARTESIAN_POINT('',(-59.8712195361742,-88.,29.8533676974801));
#3515=CARTESIAN_POINT('Ctrl Pts',(-59.8712195361742,-88.0000000000001,29.8533676974801));
#3516=CARTESIAN_POINT('Ctrl Pts',(-59.8712195361742,-88.0000000000001,22.223040973696));
#3517=CARTESIAN_POINT('Ctrl Pts',(-59.8712195361742,-88.0000000000001,14.592714249912));
#3518=CARTESIAN_POINT('Ctrl Pts',(-59.8712195361742,-88.0000000000001,-0.667939197656009));
#3519=CARTESIAN_POINT('Ctrl Pts',(-59.8712195361742,-88.0000000000001,-8.29826592144003));
#3520=CARTESIAN_POINT('Ctrl Pts',(-59.8712195361742,-88.0000000000001,-15.928592645224));
#3521=CARTESIAN_POINT('Ctrl Pts',(-59.8712195361742,-88.,29.8533676974801));
#3522=CARTESIAN_POINT('Ctrl Pts',(-59.9158205685492,-87.0001161129829,29.9040542390209));
#3523=CARTESIAN_POINT('Ctrl Pts',(-59.9587473898245,-86.0001161129829,29.9529316731942));
#3524=CARTESIAN_POINT('Ctrl Pts',(-61.7785035500555,-41.8824845302924,32.0292336888056));
#3525=CARTESIAN_POINT('Ctrl Pts',(-62.7844675870444,2.22126527834329,28.8730047901854));
#3526=CARTESIAN_POINT('Ctrl Pts',(-55.0997497440963,50.6764317002484,25.6187728418783));
#3527=CARTESIAN_POINT('Ctrl Pts',(-54.1035192460398,56.343098366915,25.2104360892418));
#3528=CARTESIAN_POINT('Ctrl Pts',(-53.0113085058305,61.9999999999998,24.7749897420904));
#3529=CARTESIAN_POINT('Ctrl Pts',(-45.9177579293931,-88.0000000000001,-29.8820542520051));
#3530=CARTESIAN_POINT('Ctrl Pts',(-45.9461439547463,-87.0001161129829,-29.9226112956898));
#3531=CARTESIAN_POINT('Ctrl Pts',(-45.973557978282,-86.0001161129829,-29.9619265450214));
#3532=CARTESIAN_POINT('Ctrl Pts',(-47.139981913777,-41.8824845302928,-31.6414421912751));
#3533=CARTESIAN_POINT('Ctrl Pts',(-49.6030605917468,2.22126527834335,-29.6915977948879));
#3534=CARTESIAN_POINT('Ctrl Pts',(-43.2565139906931,50.6764317002485,-27.7755370884752));
#3535=CARTESIAN_POINT('Ctrl Pts',(-42.4261109725144,56.3430983669151,-27.5330278157165));
#3536=CARTESIAN_POINT('Ctrl Pts',(-41.5087909454639,62.,-27.2724721817239));
#3537=CARTESIAN_POINT('Ctrl Pts',(-50.5689117983201,-88.0000000000001,-25.2309003830781));
#3538=CARTESIAN_POINT('Ctrl Pts',(-50.602702826014,-87.0001161129829,-25.2660524244222));
#3539=CARTESIAN_POINT('Ctrl Pts',(-50.6352877821295,-86.0001161129829,-25.3001967411739));
#3540=CARTESIAN_POINT('Ctrl Pts',(-52.0194891258699,-41.8824845302928,-26.7619349791818));
#3541=CARTESIAN_POINT('Ctrl Pts',(-53.9968629235126,2.22126527834335,-25.2977954631221));
#3542=CARTESIAN_POINT('Ctrl Pts',(-47.2042592418275,50.6764317002485,-23.8277918373408));
#3543=CARTESIAN_POINT('Ctrl Pts',(-46.3185803970229,56.3430983669151,-23.6405583912081));
#3544=CARTESIAN_POINT('Ctrl Pts',(-45.3429634655861,62.,-23.4382996616018));
#3545=CARTESIAN_POINT('Ctrl Pts',(-55.2200656672472,-88.0000000000001,-20.5797465141511));
#3546=CARTESIAN_POINT('Ctrl Pts',(-55.2592616972816,-87.0001161129829,-20.6094935531545));
#3547=CARTESIAN_POINT('Ctrl Pts',(-55.297017585977,-86.0001161129829,-20.6384669373264));
#3548=CARTESIAN_POINT('Ctrl Pts',(-56.8989963379629,-41.8824845302928,-21.8824277670885));
#3549=CARTESIAN_POINT('Ctrl Pts',(-58.3906652552785,2.22126527834335,-20.9039931313563));
#3550=CARTESIAN_POINT('Ctrl Pts',(-51.1520044929619,50.6764317002485,-19.8800465862065));
#3551=CARTESIAN_POINT('Ctrl Pts',(-50.2110498215313,56.3430983669151,-19.7480889666997));
#3552=CARTESIAN_POINT('Ctrl Pts',(-49.1771359857083,62.,-19.6041271414797));
#3553=CARTESIAN_POINT('Ctrl Pts',(-59.8712195361742,-88.0000000000001,-15.928592645224));
#3554=CARTESIAN_POINT('Ctrl Pts',(-59.9158205685492,-87.0001161129829,-15.9529346818869));
#3555=CARTESIAN_POINT('Ctrl Pts',(-59.9587473898245,-86.0001161129829,-15.9767371334789));
#3556=CARTESIAN_POINT('Ctrl Pts',(-61.7785035500558,-41.8824845302928,-17.0029205549952));
#3557=CARTESIAN_POINT('Ctrl Pts',(-62.7844675870444,2.22126527834335,-16.5101907995905));
#3558=CARTESIAN_POINT('Ctrl Pts',(-55.0997497440963,50.6764317002485,-15.9323013350721));
#3559=CARTESIAN_POINT('Ctrl Pts',(-54.1035192460398,56.3430983669151,-15.8556195421913));
#3560=CARTESIAN_POINT('Ctrl Pts',(-53.0113085058305,62.,-15.7699546213576));
#3561=CARTESIAN_POINT('',(-45.9177579293931,-88.,-29.8820542520051));
#3562=CARTESIAN_POINT('Ctrl Pts',(-45.9177579293931,-88.,-29.8820542520051));
#3563=CARTESIAN_POINT('Ctrl Pts',(-45.9461439547463,-87.0001161129829,-29.9226112956898));
#3564=CARTESIAN_POINT('Ctrl Pts',(-45.973557978282,-86.0001161129829,-29.9619265450214));
#3565=CARTESIAN_POINT('Ctrl Pts',(-47.1399819137768,-41.8824845302924,-31.641442191275));
#3566=CARTESIAN_POINT('Ctrl Pts',(-49.6030605917468,2.22126527834329,-29.6915977948879));
#3567=CARTESIAN_POINT('Ctrl Pts',(-43.2565139906931,50.6764317002485,-27.7755370884752));
#3568=CARTESIAN_POINT('Ctrl Pts',(-42.4261109725144,56.3430983669151,-27.5330278157165));
#3569=CARTESIAN_POINT('Ctrl Pts',(-41.5087909454639,62.,-27.2724721817239));
#3570=CARTESIAN_POINT('Ctrl Pts',(-59.8712195361742,-88.0000000000001,-15.928592645224));
#3571=CARTESIAN_POINT('Ctrl Pts',(-57.5456426017107,-88.0000000000001,-18.2541695796876));
#3572=CARTESIAN_POINT('Ctrl Pts',(-55.2200656672471,-88.0000000000001,-20.579746514151));
#3573=CARTESIAN_POINT('Ctrl Pts',(-50.5689117983201,-88.0000000000001,-25.2309003830781));
#3574=CARTESIAN_POINT('Ctrl Pts',(-48.2433348638566,-88.0000000000001,-27.5564773175416));
#3575=CARTESIAN_POINT('Ctrl Pts',(-45.9177579293931,-88.0000000000001,-29.8820542520051));
#3576=CARTESIAN_POINT('Ctrl Pts',(5.24692730772332E-16,-88.0000000000001,
-29.8820542520051));
#3577=CARTESIAN_POINT('Ctrl Pts',(3.45830347068521E-16,-87.0001161129829,
-29.9226112956898));
#3578=CARTESIAN_POINT('Ctrl Pts',(1.70932770144412E-16,-86.0001161129829,
-29.9619265450214));
#3579=CARTESIAN_POINT('Ctrl Pts',(-7.36934068485234E-15,-41.8824845302923,
-31.641442191275));
#3580=CARTESIAN_POINT('Ctrl Pts',(2.71819440355132E-31,2.22126527834326,
-29.6915977948879));
#3581=CARTESIAN_POINT('Ctrl Pts',(2.07610559596942E-32,50.6764317002485,
-27.7755370884752));
#3582=CARTESIAN_POINT('Ctrl Pts',(0.,56.3430983669151,-27.5330278157165));
#3583=CARTESIAN_POINT('Ctrl Pts',(0.,62.,-27.2724721817239));
#3584=CARTESIAN_POINT('Ctrl Pts',(-15.3059193097977,-88.0000000000001,-29.8820542520051));
#3585=CARTESIAN_POINT('Ctrl Pts',(-15.3153813182488,-87.0001161129829,-29.9226112956898));
#3586=CARTESIAN_POINT('Ctrl Pts',(-15.324519326094,-86.0001161129829,-29.9619265450214));
#3587=CARTESIAN_POINT('Ctrl Pts',(-15.7133273045923,-41.8824845302923,-31.641442191275));
#3588=CARTESIAN_POINT('Ctrl Pts',(-16.5343535305823,2.22126527834326,-29.6915977948879));
#3589=CARTESIAN_POINT('Ctrl Pts',(-14.4188379968977,50.6764317002485,-27.7755370884752));
#3590=CARTESIAN_POINT('Ctrl Pts',(-14.1420369908381,56.3430983669151,-27.5330278157165));
#3591=CARTESIAN_POINT('Ctrl Pts',(-13.836263648488,62.,-27.2724721817239));
#3592=CARTESIAN_POINT('Ctrl Pts',(-30.6118386195954,-88.0000000000001,-29.8820542520051));
#3593=CARTESIAN_POINT('Ctrl Pts',(-30.6307626364975,-87.0001161129829,-29.9226112956898));
#3594=CARTESIAN_POINT('Ctrl Pts',(-30.649038652188,-86.0001161129829,-29.9619265450214));
#3595=CARTESIAN_POINT('Ctrl Pts',(-31.4266546091846,-41.8824845302923,-31.641442191275));
#3596=CARTESIAN_POINT('Ctrl Pts',(-33.0687070611645,2.22126527834326,-29.6915977948879));
#3597=CARTESIAN_POINT('Ctrl Pts',(-28.8376759937954,50.6764317002485,-27.7755370884752));
#3598=CARTESIAN_POINT('Ctrl Pts',(-28.2840739816762,56.3430983669151,-27.5330278157165));
#3599=CARTESIAN_POINT('Ctrl Pts',(-27.6725272969759,62.,-27.2724721817239));
#3600=CARTESIAN_POINT('Ctrl Pts',(-45.9177579293931,-88.0000000000001,-29.8820542520051));
#3601=CARTESIAN_POINT('Ctrl Pts',(-45.9461439547463,-87.0001161129829,-29.9226112956898));
#3602=CARTESIAN_POINT('Ctrl Pts',(-45.973557978282,-86.0001161129829,-29.9619265450214));
#3603=CARTESIAN_POINT('Ctrl Pts',(-47.1399819137769,-41.8824845302923,-31.641442191275));
#3604=CARTESIAN_POINT('Ctrl Pts',(-49.6030605917468,2.22126527834326,-29.6915977948879));
#3605=CARTESIAN_POINT('Ctrl Pts',(-43.2565139906931,50.6764317002485,-27.7755370884752));
#3606=CARTESIAN_POINT('Ctrl Pts',(-42.4261109725144,56.3430983669151,-27.5330278157165));
#3607=CARTESIAN_POINT('Ctrl Pts',(-41.5087909454639,62.,-27.2724721817239));
#3608=CARTESIAN_POINT('',(5.3849777763195E-16,-88.,-29.8820542520051));
#3609=CARTESIAN_POINT('Ctrl Pts',(5.3849777763195E-16,-88.,-29.8820542520051));
#3610=CARTESIAN_POINT('Ctrl Pts',(3.55123986213449E-16,-87.0001161129829,
-29.9226112956898));
#3611=CARTESIAN_POINT('Ctrl Pts',(1.75624727002796E-16,-86.0001161129829,
-29.9619265450214));
#3612=CARTESIAN_POINT('Ctrl Pts',(-7.57162271970682E-15,-41.8824845302924,
-31.641442191275));
#3613=CARTESIAN_POINT('Ctrl Pts',(-1.11524023557544E-15,2.22126527834329,
-29.6915977948879));
#3614=CARTESIAN_POINT('Ctrl Pts',(-1.10955727666721E-15,50.6764317002485,
-27.7755370884752));
#3615=CARTESIAN_POINT('Ctrl Pts',(-1.10228714577498E-15,56.3430983669151,
-27.5330278157165));
#3616=CARTESIAN_POINT('Ctrl Pts',(-1.08841263194847E-15,62.,-27.2724721817239));
#3617=CARTESIAN_POINT('Ctrl Pts',(-45.9177579293931,-88.0000000000001,-29.8820542520051));
#3618=CARTESIAN_POINT('Ctrl Pts',(-38.2647982744942,-88.0000000000001,-29.8820542520051));
#3619=CARTESIAN_POINT('Ctrl Pts',(-30.6118386195954,-88.0000000000001,-29.8820542520051));
#3620=CARTESIAN_POINT('Ctrl Pts',(-15.3059193097977,-88.0000000000001,-29.8820542520051));
#3621=CARTESIAN_POINT('Ctrl Pts',(-7.65295965489885,-88.0000000000001,-29.8820542520051));
#3622=CARTESIAN_POINT('Ctrl Pts',(5.24692730772339E-16,-88.0000000000001,
-29.8820542520051));
#3623=CARTESIAN_POINT('Ctrl Pts',(-5.24692730772332E-16,-88.0000000000001,
-29.8820542520051));
#3624=CARTESIAN_POINT('Ctrl Pts',(-3.45830347068521E-16,-87.0001161129829,
-29.9226112956898));
#3625=CARTESIAN_POINT('Ctrl Pts',(-1.70932770144412E-16,-86.0001161129829,
-29.9619265450214));
#3626=CARTESIAN_POINT('Ctrl Pts',(7.36934068485234E-15,-41.8824845302923,
-31.641442191275));
#3627=CARTESIAN_POINT('Ctrl Pts',(-2.71819440355132E-31,2.22126527834326,
-29.6915977948879));
#3628=CARTESIAN_POINT('Ctrl Pts',(-2.07610559596942E-32,50.6764317002485,
-27.7755370884752));
#3629=CARTESIAN_POINT('Ctrl Pts',(0.,56.3430983669151,-27.5330278157165));
#3630=CARTESIAN_POINT('Ctrl Pts',(0.,62.,-27.2724721817239));
#3631=CARTESIAN_POINT('Ctrl Pts',(15.3059193097977,-88.0000000000001,-29.8820542520051));
#3632=CARTESIAN_POINT('Ctrl Pts',(15.3153813182488,-87.0001161129829,-29.9226112956898));
#3633=CARTESIAN_POINT('Ctrl Pts',(15.324519326094,-86.0001161129829,-29.9619265450214));
#3634=CARTESIAN_POINT('Ctrl Pts',(15.7133273045923,-41.8824845302923,-31.641442191275));
#3635=CARTESIAN_POINT('Ctrl Pts',(16.5343535305823,2.22126527834326,-29.6915977948879));
#3636=CARTESIAN_POINT('Ctrl Pts',(14.4188379968977,50.6764317002485,-27.7755370884752));
#3637=CARTESIAN_POINT('Ctrl Pts',(14.1420369908381,56.3430983669151,-27.5330278157165));
#3638=CARTESIAN_POINT('Ctrl Pts',(13.836263648488,62.,-27.2724721817239));
#3639=CARTESIAN_POINT('Ctrl Pts',(30.6118386195954,-88.0000000000001,-29.8820542520051));
#3640=CARTESIAN_POINT('Ctrl Pts',(30.6307626364975,-87.0001161129829,-29.9226112956898));
#3641=CARTESIAN_POINT('Ctrl Pts',(30.649038652188,-86.0001161129829,-29.9619265450214));
#3642=CARTESIAN_POINT('Ctrl Pts',(31.4266546091846,-41.8824845302923,-31.641442191275));
#3643=CARTESIAN_POINT('Ctrl Pts',(33.0687070611645,2.22126527834326,-29.6915977948879));
#3644=CARTESIAN_POINT('Ctrl Pts',(28.8376759937954,50.6764317002485,-27.7755370884752));
#3645=CARTESIAN_POINT('Ctrl Pts',(28.2840739816762,56.3430983669151,-27.5330278157165));
#3646=CARTESIAN_POINT('Ctrl Pts',(27.6725272969759,62.,-27.2724721817239));
#3647=CARTESIAN_POINT('Ctrl Pts',(45.9177579293931,-88.0000000000001,-29.8820542520051));
#3648=CARTESIAN_POINT('Ctrl Pts',(45.9461439547463,-87.0001161129829,-29.9226112956898));
#3649=CARTESIAN_POINT('Ctrl Pts',(45.973557978282,-86.0001161129829,-29.9619265450214));
#3650=CARTESIAN_POINT('Ctrl Pts',(47.1399819137769,-41.8824845302923,-31.641442191275));
#3651=CARTESIAN_POINT('Ctrl Pts',(49.6030605917468,2.22126527834326,-29.6915977948879));
#3652=CARTESIAN_POINT('Ctrl Pts',(43.2565139906931,50.6764317002485,-27.7755370884752));
#3653=CARTESIAN_POINT('Ctrl Pts',(42.4261109725144,56.3430983669151,-27.5330278157165));
#3654=CARTESIAN_POINT('Ctrl Pts',(41.5087909454639,62.,-27.2724721817239));
#3655=CARTESIAN_POINT('',(45.9177579293931,-88.,-29.8820542520051));
#3656=CARTESIAN_POINT('Ctrl Pts',(45.9177579293931,-88.,-29.8820542520051));
#3657=CARTESIAN_POINT('Ctrl Pts',(45.9461439547463,-87.0001161129829,-29.9226112956898));
#3658=CARTESIAN_POINT('Ctrl Pts',(45.973557978282,-86.0001161129829,-29.9619265450214));
#3659=CARTESIAN_POINT('Ctrl Pts',(47.1399819137768,-41.8824845302924,-31.641442191275));
#3660=CARTESIAN_POINT('Ctrl Pts',(49.6030605917468,2.22126527834329,-29.6915977948879));
#3661=CARTESIAN_POINT('Ctrl Pts',(43.2565139906931,50.6764317002485,-27.7755370884752));
#3662=CARTESIAN_POINT('Ctrl Pts',(42.4261109725144,56.3430983669151,-27.5330278157165));
#3663=CARTESIAN_POINT('Ctrl Pts',(41.5087909454639,62.,-27.2724721817239));
#3664=CARTESIAN_POINT('Ctrl Pts',(-5.24692730772339E-16,-88.0000000000001,
-29.8820542520051));
#3665=CARTESIAN_POINT('Ctrl Pts',(7.65295965489885,-88.0000000000001,-29.8820542520051));
#3666=CARTESIAN_POINT('Ctrl Pts',(15.3059193097977,-88.0000000000001,-29.8820542520051));
#3667=CARTESIAN_POINT('Ctrl Pts',(30.6118386195954,-88.0000000000001,-29.8820542520051));
#3668=CARTESIAN_POINT('Ctrl Pts',(38.2647982744942,-88.0000000000001,-29.8820542520051));
#3669=CARTESIAN_POINT('Ctrl Pts',(45.9177579293931,-88.0000000000001,-29.8820542520051));
#3670=CARTESIAN_POINT('Ctrl Pts',(45.9177579293931,-88.0000000000001,-29.8820542520051));
#3671=CARTESIAN_POINT('Ctrl Pts',(45.9461439547463,-87.0001161129829,-29.9226112956898));
#3672=CARTESIAN_POINT('Ctrl Pts',(45.973557978282,-86.0001161129829,-29.9619265450214));
#3673=CARTESIAN_POINT('Ctrl Pts',(47.139981913777,-41.8824845302928,-31.6414421912751));
#3674=CARTESIAN_POINT('Ctrl Pts',(49.6030605917468,2.22126527834335,-29.6915977948879));
#3675=CARTESIAN_POINT('Ctrl Pts',(43.2565139906931,50.6764317002485,-27.7755370884752));
#3676=CARTESIAN_POINT('Ctrl Pts',(42.4261109725144,56.3430983669151,-27.5330278157165));
#3677=CARTESIAN_POINT('Ctrl Pts',(41.5087909454639,62.,-27.2724721817239));
#3678=CARTESIAN_POINT('Ctrl Pts',(50.5689117983201,-88.0000000000001,-25.2309003830781));
#3679=CARTESIAN_POINT('Ctrl Pts',(50.602702826014,-87.0001161129829,-25.2660524244222));
#3680=CARTESIAN_POINT('Ctrl Pts',(50.6352877821295,-86.0001161129829,-25.3001967411739));
#3681=CARTESIAN_POINT('Ctrl Pts',(52.0194891258699,-41.8824845302928,-26.7619349791818));
#3682=CARTESIAN_POINT('Ctrl Pts',(53.9968629235126,2.22126527834335,-25.2977954631221));
#3683=CARTESIAN_POINT('Ctrl Pts',(47.2042592418275,50.6764317002485,-23.8277918373408));
#3684=CARTESIAN_POINT('Ctrl Pts',(46.3185803970229,56.3430983669151,-23.6405583912081));
#3685=CARTESIAN_POINT('Ctrl Pts',(45.3429634655861,62.,-23.4382996616018));
#3686=CARTESIAN_POINT('Ctrl Pts',(55.2200656672472,-88.0000000000001,-20.5797465141511));
#3687=CARTESIAN_POINT('Ctrl Pts',(55.2592616972816,-87.0001161129829,-20.6094935531545));
#3688=CARTESIAN_POINT('Ctrl Pts',(55.297017585977,-86.0001161129829,-20.6384669373264));
#3689=CARTESIAN_POINT('Ctrl Pts',(56.8989963379629,-41.8824845302928,-21.8824277670885));
#3690=CARTESIAN_POINT('Ctrl Pts',(58.3906652552785,2.22126527834335,-20.9039931313563));
#3691=CARTESIAN_POINT('Ctrl Pts',(51.1520044929619,50.6764317002485,-19.8800465862065));
#3692=CARTESIAN_POINT('Ctrl Pts',(50.2110498215313,56.3430983669151,-19.7480889666997));
#3693=CARTESIAN_POINT('Ctrl Pts',(49.1771359857083,62.,-19.6041271414797));
#3694=CARTESIAN_POINT('Ctrl Pts',(59.8712195361742,-88.0000000000001,-15.928592645224));
#3695=CARTESIAN_POINT('Ctrl Pts',(59.9158205685492,-87.0001161129829,-15.9529346818869));
#3696=CARTESIAN_POINT('Ctrl Pts',(59.9587473898245,-86.0001161129829,-15.9767371334789));
#3697=CARTESIAN_POINT('Ctrl Pts',(61.7785035500558,-41.8824845302928,-17.0029205549952));
#3698=CARTESIAN_POINT('Ctrl Pts',(62.7844675870444,2.22126527834335,-16.5101907995905));
#3699=CARTESIAN_POINT('Ctrl Pts',(55.0997497440963,50.6764317002485,-15.9323013350721));
#3700=CARTESIAN_POINT('Ctrl Pts',(54.1035192460398,56.3430983669151,-15.8556195421913));
#3701=CARTESIAN_POINT('Ctrl Pts',(53.0113085058305,62.,-15.7699546213576));
#3702=CARTESIAN_POINT('',(59.8712195361742,-88.,-15.928592645224));
#3703=CARTESIAN_POINT('Ctrl Pts',(59.8712195361742,-88.,-15.928592645224));
#3704=CARTESIAN_POINT('Ctrl Pts',(59.9158205685492,-87.0001161129829,-15.9529346818869));
#3705=CARTESIAN_POINT('Ctrl Pts',(59.9587473898245,-86.0001161129829,-15.9767371334789));
#3706=CARTESIAN_POINT('Ctrl Pts',(61.7785035500555,-41.8824845302924,-17.0029205549952));
#3707=CARTESIAN_POINT('Ctrl Pts',(62.7844675870444,2.22126527834329,-16.5101907995905));
#3708=CARTESIAN_POINT('Ctrl Pts',(55.0997497440963,50.6764317002484,-15.9323013350721));
#3709=CARTESIAN_POINT('Ctrl Pts',(54.1035192460398,56.343098366915,-15.8556195421912));
#3710=CARTESIAN_POINT('Ctrl Pts',(53.0113085058305,61.9999999999999,-15.7699546213576));
#3711=CARTESIAN_POINT('Ctrl Pts',(45.9177579293931,-88.0000000000001,-29.8820542520051));
#3712=CARTESIAN_POINT('Ctrl Pts',(48.2433348638566,-88.0000000000001,-27.5564773175416));
#3713=CARTESIAN_POINT('Ctrl Pts',(50.5689117983201,-88.0000000000001,-25.2309003830781));
#3714=CARTESIAN_POINT('Ctrl Pts',(55.2200656672471,-88.0000000000001,-20.579746514151));
#3715=CARTESIAN_POINT('Ctrl Pts',(57.5456426017107,-88.0000000000001,-18.2541695796876));
#3716=CARTESIAN_POINT('Ctrl Pts',(59.8712195361742,-88.0000000000001,-15.928592645224));
#3717=CARTESIAN_POINT('Ctrl Pts',(-52.8712195361742,-88.0000000000001,-13.0290977086123));
#3718=CARTESIAN_POINT('Ctrl Pts',(-52.9158205685492,-87.0001161129829,-13.0534397452752));
#3719=CARTESIAN_POINT('Ctrl Pts',(-52.9587473898245,-86.0001161129829,-13.0772421968672));
#3720=CARTESIAN_POINT('Ctrl Pts',(-54.7785035500556,-41.8824845302925,-14.1034256183839));
#3721=CARTESIAN_POINT('Ctrl Pts',(-55.7844675870443,2.22126527834329,-13.6106958629787));
#3722=CARTESIAN_POINT('Ctrl Pts',(-48.0997497440077,50.6764317008073,-13.0328063984536));
#3723=CARTESIAN_POINT('Ctrl Pts',(-47.1035192458437,56.3430983680308,-12.9561246055643));
#3724=CARTESIAN_POINT('Ctrl Pts',(-46.0113085055079,62.0000000016706,-12.8704596847205));
#3725=CARTESIAN_POINT('Ctrl Pts',(-51.9263292920736,-88.0000000000001,-13.973987952713));
#3726=CARTESIAN_POINT('Ctrl Pts',(-51.9693753189155,-87.0001161129829,-13.999884994909));
#3727=CARTESIAN_POINT('Ctrl Pts',(-52.010814475937,-86.0001161129829,-14.0251751107547));
#3728=CARTESIAN_POINT('Ctrl Pts',(-53.7679166254058,-41.8824845302925,-15.1140125430337));
#3729=CARTESIAN_POINT('Ctrl Pts',(-54.9136167307245,2.22126527834329,-14.4815467192985));
#3730=CARTESIAN_POINT('Ctrl Pts',(-47.3572283841033,50.6764317008073,-13.775327758358));
#3731=CARTESIAN_POINT('Ctrl Pts',(-46.3769006017654,56.3430983680308,-13.6827432496426));
#3732=CARTESIAN_POINT('Ctrl Pts',(-45.3014617337035,62.0000000016706,-13.5803064565249));
#3733=CARTESIAN_POINT('Ctrl Pts',(-50.981439047973,-88.0000000000001,-14.9188781968136));
#3734=CARTESIAN_POINT('Ctrl Pts',(-51.0229300692817,-87.0001161129829,-14.9463302445428));
#3735=CARTESIAN_POINT('Ctrl Pts',(-51.0628815620495,-86.0001161129829,-14.9731080246422));
#3736=CARTESIAN_POINT('Ctrl Pts',(-52.7573297007559,-41.8824845302925,-16.1245994676835));
#3737=CARTESIAN_POINT('Ctrl Pts',(-54.0427658744047,2.22126527834329,-15.3523975756183));
#3738=CARTESIAN_POINT('Ctrl Pts',(-46.6147070241989,50.6764317008073,-14.5178491182624));
#3739=CARTESIAN_POINT('Ctrl Pts',(-45.6502819576871,56.3430983680308,-14.4093618937209));
#3740=CARTESIAN_POINT('Ctrl Pts',(-44.591614961899,62.0000000016706,-14.2901532283293));
#3741=CARTESIAN_POINT('Ctrl Pts',(-50.0365488038723,-88.0000000000001,-15.8637684409142));
#3742=CARTESIAN_POINT('Ctrl Pts',(-50.0764848196479,-87.0001161129829,-15.8927754941766));
#3743=CARTESIAN_POINT('Ctrl Pts',(-50.1149486481621,-86.0001161129829,-15.9210409385297));
#3744=CARTESIAN_POINT('Ctrl Pts',(-51.7467427761061,-41.8824845302925,-17.1351863923333));
#3745=CARTESIAN_POINT('Ctrl Pts',(-53.1719150180849,2.22126527834329,-16.2232484319381));
#3746=CARTESIAN_POINT('Ctrl Pts',(-45.8721856642945,50.6764317008073,-15.2603704781668));
#3747=CARTESIAN_POINT('Ctrl Pts',(-44.9236633136088,56.3430983680308,-15.1359805377992));
#3748=CARTESIAN_POINT('Ctrl Pts',(-43.8817681900946,62.0000000016706,-15.0000000001338));
#3749=CARTESIAN_POINT('',(-52.0246867675459,20.9822499074079,-13.3741247349437));
#3750=CARTESIAN_POINT('Ctrl Pts',(-52.0246867675459,20.9822499074079,-13.3741247349437));
#3751=CARTESIAN_POINT('Ctrl Pts',(-51.2563271314113,29.0241549407689,-13.2898841945213));
#3752=CARTESIAN_POINT('Ctrl Pts',(-50.2631973316386,37.0350443335504,-13.1954972861974));
#3753=CARTESIAN_POINT('Ctrl Pts',(-48.0997497440963,50.6764317002484,-13.0328063984603));
#3754=CARTESIAN_POINT('Ctrl Pts',(-47.1035192460398,56.343098366915,-12.9561246055794));
#3755=CARTESIAN_POINT('Ctrl Pts',(-46.0113085058305,61.9999999999998,-12.8704596847458));
#3756=CARTESIAN_POINT('',(-52.8183250704283,11.6333574114959,-13.4668084462636));
#3757=CARTESIAN_POINT('Ctrl Pts',(-52.0246867675459,20.9822499074079,-13.3741247349437));
#3758=CARTESIAN_POINT('Ctrl Pts',(-52.0984468711465,20.2102523680903,-13.382211561342));
#3759=CARTESIAN_POINT('Ctrl Pts',(-52.1480389623204,19.3386090154259,-13.4229221838608));
#3760=CARTESIAN_POINT('Ctrl Pts',(-52.2793342431592,17.3243680406343,-13.4922532625353));
#3761=CARTESIAN_POINT('Ctrl Pts',(-52.3394250195685,16.5267664330465,-13.5087457323672));
#3762=CARTESIAN_POINT('Ctrl Pts',(-52.4631763079383,15.2022057971188,-13.5081549635938));
#3763=CARTESIAN_POINT('Ctrl Pts',(-52.4982457356283,14.8501398664064,-13.5053763431094));
#3764=CARTESIAN_POINT('Ctrl Pts',(-52.5916228072039,13.9463867382257,-13.4937437972945));
#3765=CARTESIAN_POINT('Ctrl Pts',(-52.6466559610366,13.4412842098951,-13.4833761405427));
#3766=CARTESIAN_POINT('Ctrl Pts',(-52.7379661624434,12.5566855985797,-13.4689697962896));
#3767=CARTESIAN_POINT('Ctrl Pts',(-52.7855129382156,12.0734648347584,-13.4627172445908));
#3768=CARTESIAN_POINT('Ctrl Pts',(-52.8183250704283,11.633357411496,-13.4668084462636));
#3769=CARTESIAN_POINT('',(-52.8712195361742,-88.,-13.0290977086123));
#3770=CARTESIAN_POINT('Ctrl Pts',(-52.8712195361742,-88.,-13.0290977086123));
#3771=CARTESIAN_POINT('Ctrl Pts',(-52.9158205685492,-87.0001161129829,-13.0534397452752));
#3772=CARTESIAN_POINT('Ctrl Pts',(-52.9587473898245,-86.0001161129829,-13.0772421968672));
#3773=CARTESIAN_POINT('Ctrl Pts',(-54.3192252988928,-53.0170909800723,-13.8444328272034));
#3774=CARTESIAN_POINT('Ctrl Pts',(-55.2133916418616,-20.4915459767278,-13.7654388522415));
#3775=CARTESIAN_POINT('Ctrl Pts',(-52.8183250704283,11.6333574114959,-13.4668084462636));
#3776=CARTESIAN_POINT('',(-50.9003172448041,-87.9999999998727,-15.));
#3777=CARTESIAN_POINT('Ctrl Pts',(-50.9003172448041,-87.9999999998727,-15.));
#3778=CARTESIAN_POINT('Ctrl Pts',(-51.5572846752637,-87.9999999998727,-14.3430325695404));
#3779=CARTESIAN_POINT('Ctrl Pts',(-52.2142521057146,-88.0000000000001,-13.686065139072));
#3780=CARTESIAN_POINT('Ctrl Pts',(-52.8712195361742,-88.0000000000001,-13.0290977086123));
#3781=CARTESIAN_POINT('Ctrl Pts',(-50.9003172448041,-87.9999999997455,-15.));
#3782=CARTESIAN_POINT('Ctrl Pts',(-51.1322647530788,-84.6360566854257,-15.));
#3783=CARTESIAN_POINT('Ctrl Pts',(-51.3445341028253,-81.2113686073816,-14.9999999999557));
#3784=CARTESIAN_POINT('Ctrl Pts',(-52.0045252926134,-69.8338788897434,-14.9999999999557));
#3785=CARTESIAN_POINT('Ctrl Pts',(-52.373272956433,-61.9834779967495,-14.9999999999999));
#3786=CARTESIAN_POINT('Ctrl Pts',(-52.8764705357772,-46.2625493908685,-14.9999999999999));
#3787=CARTESIAN_POINT('Ctrl Pts',(-53.0105998280137,-38.3858593057187,-14.9999999999948));
#3788=CARTESIAN_POINT('Ctrl Pts',(-52.9737767033457,-20.0799127033518,-14.9999999999948));
#3789=CARTESIAN_POINT('Ctrl Pts',(-52.6893926205425,-9.63903642129586,-15.));
#3790=CARTESIAN_POINT('Ctrl Pts',(-50.8916611426963,20.3153699692257,-15.));
#3791=CARTESIAN_POINT('Ctrl Pts',(-48.7299937280267,37.6142011145309,-15.));
#3792=CARTESIAN_POINT('Ctrl Pts',(-44.5219755636705,58.8864506573858,-15.));
#3793=CARTESIAN_POINT('Ctrl Pts',(-44.2057206254685,60.444176139658,-15.));
#3794=CARTESIAN_POINT('Ctrl Pts',(-43.8817681903949,62.0000000008704,-15.));
#3795=CARTESIAN_POINT('Ctrl Pts',(-52.8712195361742,-88.0000000000001,26.9538727608684));
#3796=CARTESIAN_POINT('Ctrl Pts',(-52.9158205685492,-87.0001161129829,27.0045593024092));
#3797=CARTESIAN_POINT('Ctrl Pts',(-52.9587473898245,-86.0001161129829,27.0534367365825));
#3798=CARTESIAN_POINT('Ctrl Pts',(-54.7785035500554,-41.8824845302923,29.1297387521941));
#3799=CARTESIAN_POINT('Ctrl Pts',(-55.7844675870444,2.22126527834326,25.9735098535737));
#3800=CARTESIAN_POINT('Ctrl Pts',(-48.0997497440963,50.6764317002485,22.7192779052667));
#3801=CARTESIAN_POINT('Ctrl Pts',(-47.1035192460398,56.3430983669151,22.3109411526302));
#3802=CARTESIAN_POINT('Ctrl Pts',(-46.0113085058305,62.,21.8754948054788));
#3803=CARTESIAN_POINT('Ctrl Pts',(-52.8712195361742,-88.0000000000001,13.6262159377081));
#3804=CARTESIAN_POINT('Ctrl Pts',(-52.9158205685492,-87.0001161129829,13.651892953181));
#3805=CARTESIAN_POINT('Ctrl Pts',(-52.9587473898245,-86.0001161129829,13.6765437587659));
#3806=CARTESIAN_POINT('Ctrl Pts',(-54.7785035500554,-41.8824845302923,14.7186839620014));
#3807=CARTESIAN_POINT('Ctrl Pts',(-55.7844675870444,2.22126527834326,12.7787746147229));
#3808=CARTESIAN_POINT('Ctrl Pts',(-48.0997497440963,50.6764317002485,10.801916470691));
#3809=CARTESIAN_POINT('Ctrl Pts',(-47.1035192460398,56.3430983669151,10.5552525665603));
#3810=CARTESIAN_POINT('Ctrl Pts',(-46.0113085058305,62.,10.2935099754039));
#3811=CARTESIAN_POINT('Ctrl Pts',(-52.8712195361742,-88.0000000000001,0.298559114547889));
#3812=CARTESIAN_POINT('Ctrl Pts',(-52.9158205685492,-87.0001161129829,0.299226603952893));
#3813=CARTESIAN_POINT('Ctrl Pts',(-52.9587473898245,-86.0001161129829,0.299650780949339));
#3814=CARTESIAN_POINT('Ctrl Pts',(-54.7785035500554,-41.8824845302923,0.307629171808721));
#3815=CARTESIAN_POINT('Ctrl Pts',(-55.7844675870444,2.22126527834326,-0.415960624127854));
#3816=CARTESIAN_POINT('Ctrl Pts',(-48.0997497440963,50.6764317002485,-1.11544496388464));
#3817=CARTESIAN_POINT('Ctrl Pts',(-47.1035192460398,56.3430983669151,-1.20043601950954));
#3818=CARTESIAN_POINT('Ctrl Pts',(-46.0113085058305,62.,-1.28847485467093));
#3819=CARTESIAN_POINT('Ctrl Pts',(-52.8712195361742,-88.0000000000001,-13.0290977086124));
#3820=CARTESIAN_POINT('Ctrl Pts',(-52.9158205685492,-87.0001161129829,-13.0534397452753));
#3821=CARTESIAN_POINT('Ctrl Pts',(-52.9587473898245,-86.0001161129829,-13.0772421968673));
#3822=CARTESIAN_POINT('Ctrl Pts',(-54.7785035500554,-41.8824845302923,-14.1034256183839));
#3823=CARTESIAN_POINT('Ctrl Pts',(-55.7844675870444,2.22126527834326,-13.6106958629787));
#3824=CARTESIAN_POINT('Ctrl Pts',(-48.0997497440963,50.6764317002485,-13.0328063984603));
#3825=CARTESIAN_POINT('Ctrl Pts',(-47.1035192460398,56.3430983669151,-12.9561246055794));
#3826=CARTESIAN_POINT('Ctrl Pts',(-46.0113085058305,62.,-12.8704596847458));
#3827=CARTESIAN_POINT('',(-52.8712195361742,-88.,26.9538727608684));
#3828=CARTESIAN_POINT('Ctrl Pts',(-52.8712195361742,-88.,26.9538727608684));
#3829=CARTESIAN_POINT('Ctrl Pts',(-52.9158205685492,-87.0001161129829,27.0045593024092));
#3830=CARTESIAN_POINT('Ctrl Pts',(-52.9587473898245,-86.0001161129829,27.0534367365825));
#3831=CARTESIAN_POINT('Ctrl Pts',(-54.7785035500554,-41.8824845302924,29.1297387521941));
#3832=CARTESIAN_POINT('Ctrl Pts',(-55.7844675870444,2.22126527834329,25.9735098535737));
#3833=CARTESIAN_POINT('Ctrl Pts',(-48.0997497440963,50.6764317002484,22.7192779052667));
#3834=CARTESIAN_POINT('Ctrl Pts',(-47.1035192460398,56.343098366915,22.3109411526302));
#3835=CARTESIAN_POINT('Ctrl Pts',(-46.0113085058305,61.9999999999998,21.8754948054788));
#3836=CARTESIAN_POINT('Ctrl Pts',(-52.8712195361742,-88.0000000000001,-13.0290977086124));
#3837=CARTESIAN_POINT('Ctrl Pts',(-52.8712195361742,-88.0000000000001,-6.36526929703223));
#3838=CARTESIAN_POINT('Ctrl Pts',(-52.8712195361742,-88.0000000000001,0.298559114547892));
#3839=CARTESIAN_POINT('Ctrl Pts',(-52.8712195361742,-88.0000000000001,13.6262159377081));
#3840=CARTESIAN_POINT('Ctrl Pts',(-52.8712195361742,-88.0000000000001,20.2900443492883));
#3841=CARTESIAN_POINT('Ctrl Pts',(-52.8712195361742,-88.0000000000001,26.9538727608684));
#3842=CARTESIAN_POINT('',(-53.3833353655896,3.01779266270508,-5.5));
#3843=CARTESIAN_POINT('Ctrl Pts',(-53.3832829162137,3.01733424962915,-5.49991051443586));
#3844=CARTESIAN_POINT('Ctrl Pts',(-53.342470092835,3.73638015558155,-7.20105069945649));
#3845=CARTESIAN_POINT('Ctrl Pts',(-53.2090962484536,6.03322389330961,-10.6050108344686));
#3846=CARTESIAN_POINT('Ctrl Pts',(-52.9727835234854,9.5616142118973,-12.7746753199862));
#3847=CARTESIAN_POINT('Ctrl Pts',(-52.8183250704283,11.6333574114959,-13.4668084462636));
#3848=CARTESIAN_POINT('',(-53.8767987675613,-7.50000000000011,-5.5));
#3849=CARTESIAN_POINT('Ctrl Pts',(-53.3833353655896,3.01779266270509,-5.49999999999999));
#3850=CARTESIAN_POINT('Ctrl Pts',(-53.5825964734752,-0.486312754170489,
-5.49999954012491));
#3851=CARTESIAN_POINT('Ctrl Pts',(-53.7458279896703,-3.99273887273946,-5.49999980162714));
#3852=CARTESIAN_POINT('Ctrl Pts',(-53.8767987675613,-7.5000000000001,-5.49999999999999));
#3853=CARTESIAN_POINT('',(-53.8767987675613,-7.50000000000011,4.5));
#3854=CARTESIAN_POINT('Ctrl Pts',(-53.8767987675613,-7.50000000000011,-5.5));
#3855=CARTESIAN_POINT('Ctrl Pts',(-53.8767987675613,-7.50000000000011,-2.16666666666667));
#3856=CARTESIAN_POINT('Ctrl Pts',(-53.8767987675613,-7.50000000000011,1.16666666666666));
#3857=CARTESIAN_POINT('Ctrl Pts',(-53.8767987675613,-7.50000000000011,4.5));
#3858=CARTESIAN_POINT('',(-53.4046895211852,2.63980602727654,4.50000000002414));
#3859=CARTESIAN_POINT('Ctrl Pts',(-53.8767987675613,-7.5000000000001,4.5));
#3860=CARTESIAN_POINT('Ctrl Pts',(-53.7505371475658,-4.11884522023931,4.50000053124993));
#3861=CARTESIAN_POINT('Ctrl Pts',(-53.5942929804814,-0.738465895644215,
4.50000159671323));
#3862=CARTESIAN_POINT('Ctrl Pts',(-53.4046895211853,2.63980602727649,4.5));
#3863=CARTESIAN_POINT('Ctrl Pts',(-52.0246867675459,20.9822499074079,-13.3741247349437));
#3864=CARTESIAN_POINT('Ctrl Pts',(-51.8349146373264,22.9684675292514,-12.666539038711));
#3865=CARTESIAN_POINT('Ctrl Pts',(-51.4567608130916,26.6193393256485,-10.3617370138797));
#3866=CARTESIAN_POINT('Ctrl Pts',(-51.0569475022179,30.0794851056077,-4.89256159363218));
#3867=CARTESIAN_POINT('Ctrl Pts',(-50.9645559879427,30.8418353625042,1.53391779631228));
#3868=CARTESIAN_POINT('Ctrl Pts',(-51.213585613992,28.7562024360083,7.65978136659733));
#3869=CARTESIAN_POINT('Ctrl Pts',(-51.7136730238012,24.233207306912,12.2921873252283));
#3870=CARTESIAN_POINT('Ctrl Pts',(-52.1350005720517,19.8761373257808,13.9071924346516));
#3871=CARTESIAN_POINT('Ctrl Pts',(-52.364352791051,17.2617165475519,14.1707989381139));
#3872=CARTESIAN_POINT('Ctrl Pts',(-52.4241117785908,16.5671333721482,14.2034368865733));
#3873=CARTESIAN_POINT('Ctrl Pts',(-52.456011797317,16.1907002142953,14.2062246086097));
#3874=CARTESIAN_POINT('Ctrl Pts',(-52.4903834632602,15.7822067058658,14.2015970408828));
#3875=CARTESIAN_POINT('Ctrl Pts',(-52.6916550691,13.3694931087186,14.1172304385302));
#3876=CARTESIAN_POINT('Ctrl Pts',(-53.0300991763499,8.84262070352956,12.7778146943357));
#3877=CARTESIAN_POINT('Ctrl Pts',(-53.2940285173262,4.58789197532598,8.8415632540597));
#3878=CARTESIAN_POINT('Ctrl Pts',(-53.3819071027557,3.04728350727126,5.71103391151097));
#3879=CARTESIAN_POINT('Ctrl Pts',(-53.4046890917953,2.64046954310155,4.49957832656847));
#3880=CARTESIAN_POINT('',(-47.4907781121839,53.9999999999999,-4.));
#3881=CARTESIAN_POINT('',(-47.4907781121839,53.9999999999999,6.));
#3882=CARTESIAN_POINT('Ctrl Pts',(-47.4907781121839,53.9999999999999,-4.));
#3883=CARTESIAN_POINT('Ctrl Pts',(-47.4907781121839,53.9999999999999,-0.666666666666665));
#3884=CARTESIAN_POINT('Ctrl Pts',(-47.4907781121839,53.9999999999999,2.66666666666666));
#3885=CARTESIAN_POINT('Ctrl Pts',(-47.4907781121839,53.9999999999999,6.));
#3886=CARTESIAN_POINT('',(-46.5813667153684,58.9999999999999,6.));
#3887=CARTESIAN_POINT('Ctrl Pts',(-47.4907781121839,53.9999999999999,6.));
#3888=CARTESIAN_POINT('Ctrl Pts',(-47.1958397968865,55.6681575454014,6.));
#3889=CARTESIAN_POINT('Ctrl Pts',(-46.8926962091807,57.3348236821371,6.));
#3890=CARTESIAN_POINT('Ctrl Pts',(-46.5813667153684,58.9999999999999,6.));
#3891=CARTESIAN_POINT('',(-46.5813667153684,58.9999999999999,-4.));
#3892=CARTESIAN_POINT('Ctrl Pts',(-46.5813667153684,58.9999999999999,6.));
#3893=CARTESIAN_POINT('Ctrl Pts',(-46.5813667153684,58.9999999999999,2.66666666666666));
#3894=CARTESIAN_POINT('Ctrl Pts',(-46.5813667153684,58.9999999999999,-0.666666666666664));
#3895=CARTESIAN_POINT('Ctrl Pts',(-46.5813667153684,58.9999999999999,-4.));
#3896=CARTESIAN_POINT('Ctrl Pts',(-46.5813667153684,58.9999999999999,-4.));
#3897=CARTESIAN_POINT('Ctrl Pts',(-46.8926962091795,57.3348236821367,-4.));
#3898=CARTESIAN_POINT('Ctrl Pts',(-47.1958397968876,55.6681575454018,-4.));
#3899=CARTESIAN_POINT('Ctrl Pts',(-47.4907781121839,53.9999999999999,-4.));
#3900=CARTESIAN_POINT('Ctrl Pts',(-46.9949937961719,-88.0000000000001,32.8300985008707));
#3901=CARTESIAN_POINT('Ctrl Pts',(-47.0314873250361,-87.0001161129829,32.8888925459224));
#3902=CARTESIAN_POINT('Ctrl Pts',(-47.0666577474415,-86.0001161129829,32.9455263789655));
#3903=CARTESIAN_POINT('Ctrl Pts',(-48.5597477953056,-41.8824845302921,35.3484945069438));
#3904=CARTESIAN_POINT('Ctrl Pts',(-50.3793009527156,2.22126527834323,31.3786764879025));
#3905=CARTESIAN_POINT('Ctrl Pts',(-43.2673538199616,50.6764317002485,27.5516738294014));
#3906=CARTESIAN_POINT('Ctrl Pts',(-42.3412567630305,56.3430983669151,27.0732036356395));
#3907=CARTESIAN_POINT('Ctrl Pts',(-41.322213892595,62.,26.5645894187142));
#3908=CARTESIAN_POINT('Ctrl Pts',(-48.953735709506,-88.0000000000001,30.8713565875366));
#3909=CARTESIAN_POINT('Ctrl Pts',(-48.9929317395404,-87.0001161129829,30.927448131418));
#3910=CARTESIAN_POINT('Ctrl Pts',(-49.0306876282359,-86.0001161129829,30.9814964981711));
#3911=CARTESIAN_POINT('Ctrl Pts',(-50.6326663802222,-41.8824845302921,33.2755759220272));
#3912=CARTESIAN_POINT('Ctrl Pts',(-52.1810231641585,2.22126527834323,29.5769542764596));
#3913=CARTESIAN_POINT('Ctrl Pts',(-44.8781524613399,50.6764317002485,25.9408751880231));
#3914=CARTESIAN_POINT('Ctrl Pts',(-43.9286775907003,56.3430983669151,25.4857828079697));
#3915=CARTESIAN_POINT('Ctrl Pts',(-42.8852454303402,62.,25.001557880969));
#3916=CARTESIAN_POINT('Ctrl Pts',(-50.9124776228401,-88.0000000000001,28.9126146742025));
#3917=CARTESIAN_POINT('Ctrl Pts',(-50.9543761540448,-87.0001161129829,28.9660037169136));
#3918=CARTESIAN_POINT('Ctrl Pts',(-50.9947175090302,-86.0001161129829,29.0174666173768));
#3919=CARTESIAN_POINT('Ctrl Pts',(-52.7055849651389,-41.8824845302921,31.2026573371106));
#3920=CARTESIAN_POINT('Ctrl Pts',(-53.9827453756014,2.22126527834323,27.7752320650167));
#3921=CARTESIAN_POINT('Ctrl Pts',(-46.4889511027181,50.6764317002485,24.3300765466449));
#3922=CARTESIAN_POINT('Ctrl Pts',(-45.5160984183701,56.3430983669151,23.8983619802999));
#3923=CARTESIAN_POINT('Ctrl Pts',(-44.4482769680853,62.,23.4385263432239));
#3924=CARTESIAN_POINT('Ctrl Pts',(-52.8712195361742,-88.0000000000001,26.9538727608684));
#3925=CARTESIAN_POINT('Ctrl Pts',(-52.9158205685492,-87.0001161129829,27.0045593024092));
#3926=CARTESIAN_POINT('Ctrl Pts',(-52.9587473898245,-86.0001161129829,27.0534367365825));
#3927=CARTESIAN_POINT('Ctrl Pts',(-54.7785035500555,-41.8824845302921,29.129738752194));
#3928=CARTESIAN_POINT('Ctrl Pts',(-55.7844675870444,2.22126527834323,25.9735098535737));
#3929=CARTESIAN_POINT('Ctrl Pts',(-48.0997497440963,50.6764317002485,22.7192779052667));
#3930=CARTESIAN_POINT('Ctrl Pts',(-47.1035192460398,56.3430983669151,22.3109411526302));
#3931=CARTESIAN_POINT('Ctrl Pts',(-46.0113085058305,62.,21.8754948054788));
#3932=CARTESIAN_POINT('',(-46.9949937961719,-88.,32.8300985008707));
#3933=CARTESIAN_POINT('Ctrl Pts',(-46.9949937961719,-88.,32.8300985008707));
#3934=CARTESIAN_POINT('Ctrl Pts',(-47.031487325036,-87.0001161129829,32.8888925459224));
#3935=CARTESIAN_POINT('Ctrl Pts',(-47.0666577474415,-86.0001161129829,32.9455263789655));
#3936=CARTESIAN_POINT('Ctrl Pts',(-48.5597477953057,-41.8824845302924,35.3484945069438));
#3937=CARTESIAN_POINT('Ctrl Pts',(-50.3793009527156,2.22126527834329,31.3786764879025));
#3938=CARTESIAN_POINT('Ctrl Pts',(-43.2673538199616,50.6764317002484,27.5516738294014));
#3939=CARTESIAN_POINT('Ctrl Pts',(-42.3412567630306,56.343098366915,27.0732036356395));
#3940=CARTESIAN_POINT('Ctrl Pts',(-41.3222138925951,61.9999999999999,26.5645894187142));
#3941=CARTESIAN_POINT('Ctrl Pts',(-52.8712195361742,-88.0000000000001,26.9538727608684));
#3942=CARTESIAN_POINT('Ctrl Pts',(-51.8918485795071,-88.0000000000001,27.9332437175354));
#3943=CARTESIAN_POINT('Ctrl Pts',(-50.9124776228401,-88.0000000000001,28.9126146742025));
#3944=CARTESIAN_POINT('Ctrl Pts',(-48.953735709506,-88.0000000000001,30.8713565875366));
#3945=CARTESIAN_POINT('Ctrl Pts',(-47.9743647528389,-88.0000000000001,31.8507275442037));
#3946=CARTESIAN_POINT('Ctrl Pts',(-46.9949937961719,-88.0000000000001,32.8300985008707));
#3947=CARTESIAN_POINT('Ctrl Pts',(-6.62657841143876E-16,-88.0000719937826,
32.8300942675697));
#3948=CARTESIAN_POINT('Ctrl Pts',(-4.46105281545977E-16,-87.0001641144116,
32.8888898274163));
#3949=CARTESIAN_POINT('Ctrl Pts',(-2.25219334498018E-16,-86.0001401164841,
32.9455250715597));
#3950=CARTESIAN_POINT('Ctrl Pts',(9.70953767301463E-15,-41.8824845302922,
35.3484945069437));
#3951=CARTESIAN_POINT('Ctrl Pts',(5.39091483560586E-14,2.22126527834322,
31.3786764879025));
#3952=CARTESIAN_POINT('Ctrl Pts',(5.32086422023325E-14,50.6764317002485,
27.5516738294014));
#3953=CARTESIAN_POINT('Ctrl Pts',(5.2802919991488E-14,56.3430983669151,
27.0732036356395));
#3954=CARTESIAN_POINT('Ctrl Pts',(5.20735385494739E-14,62.,26.5645894187142));
#3955=CARTESIAN_POINT('Ctrl Pts',(-15.6649970561858,-88.0000719937826,32.8300942675697));
#3956=CARTESIAN_POINT('Ctrl Pts',(-15.6771618789349,-87.0001641144116,32.8888898274162));
#3957=CARTESIAN_POINT('Ctrl Pts',(-15.6888856450273,-86.0001401164841,32.9455250715597));
#3958=CARTESIAN_POINT('Ctrl Pts',(-16.1865825984352,-41.8824845302922,35.3484945069437));
#3959=CARTESIAN_POINT('Ctrl Pts',(-16.7931003175718,2.22126527834322,31.3786764879025));
#3960=CARTESIAN_POINT('Ctrl Pts',(-14.4224512733205,50.6764317002485,27.5516738294014));
#3961=CARTESIAN_POINT('Ctrl Pts',(-14.1137522543435,56.3430983669151,27.0732036356395));
#3962=CARTESIAN_POINT('Ctrl Pts',(-13.7740712975316,62.,26.5645894187142));
#3963=CARTESIAN_POINT('Ctrl Pts',(-31.3299941123715,-88.0000719937826,32.8300942675697));
#3964=CARTESIAN_POINT('Ctrl Pts',(-31.3543237578699,-87.0001641144116,32.8888898274162));
#3965=CARTESIAN_POINT('Ctrl Pts',(-31.3777712900545,-86.0001401164841,32.9455250715597));
#3966=CARTESIAN_POINT('Ctrl Pts',(-32.3731651968702,-41.8824845302922,35.3484945069437));
#3967=CARTESIAN_POINT('Ctrl Pts',(-33.5862006351437,2.22126527834322,31.3786764879025));
#3968=CARTESIAN_POINT('Ctrl Pts',(-28.8449025466411,50.6764317002485,27.5516738294014));
#3969=CARTESIAN_POINT('Ctrl Pts',(-28.227504508687,56.3430983669151,27.0732036356395));
#3970=CARTESIAN_POINT('Ctrl Pts',(-27.5481425950633,62.,26.5645894187142));
#3971=CARTESIAN_POINT('Ctrl Pts',(-46.9949911685573,-88.0000719937826,32.8300942675697));
#3972=CARTESIAN_POINT('Ctrl Pts',(-47.0314856368048,-87.0001641144116,32.8888898274162));
#3973=CARTESIAN_POINT('Ctrl Pts',(-47.0666569350818,-86.0001401164841,32.9455250715597));
#3974=CARTESIAN_POINT('Ctrl Pts',(-48.5597477953055,-41.8824845302922,35.3484945069437));
#3975=CARTESIAN_POINT('Ctrl Pts',(-50.3793009527156,2.22126527834322,31.3786764879025));
#3976=CARTESIAN_POINT('Ctrl Pts',(-43.2673538199616,50.6764317002485,27.5516738294014));
#3977=CARTESIAN_POINT('Ctrl Pts',(-42.3412567630305,56.3430983669151,27.0732036356395));
#3978=CARTESIAN_POINT('Ctrl Pts',(-41.322213892595,62.,26.5645894187142));
#3979=CARTESIAN_POINT('',(5.32728980200765E-14,46.,27.9206998378499));
#3980=CARTESIAN_POINT('Ctrl Pts',(5.32728980200765E-14,46.,27.9206998378499));
#3981=CARTESIAN_POINT('Ctrl Pts',(5.31598711714935E-14,51.3419850795548,
27.4953704090054));
#3982=CARTESIAN_POINT('Ctrl Pts',(5.27600846812926E-14,56.6753184128881,
27.0433336026268));
#3983=CARTESIAN_POINT('Ctrl Pts',(5.20735385494738E-14,62.,26.5645894187142));
#3984=CARTESIAN_POINT('',(-8.34314575050762,46.,27.9206998378499));
#3985=CARTESIAN_POINT('Ctrl Pts',(5.32728980200765E-14,46.,27.9206998378499));
#3986=CARTESIAN_POINT('Ctrl Pts',(-2.78104858350251,46.,27.9206998378499));
#3987=CARTESIAN_POINT('Ctrl Pts',(-5.56209716700506,46.,27.9206998378499));
#3988=CARTESIAN_POINT('Ctrl Pts',(-8.34314575050762,46.,27.9206998378499));
#3989=CARTESIAN_POINT('',(-41.2807721090359,13.0623736414717,30.509992868787));
#3990=CARTESIAN_POINT('Ctrl Pts',(-8.34314575050763,46.,27.9206998378499));
#3991=CARTESIAN_POINT('Ctrl Pts',(-9.85912458893386,44.4840211615738,28.0414022366559));
#3992=CARTESIAN_POINT('Ctrl Pts',(-10.4068895160371,43.9362562344789,28.0827705187564));
#3993=CARTESIAN_POINT('Ctrl Pts',(-18.8047027512763,35.5384429992397,28.7523749093556));
#3994=CARTESIAN_POINT('Ctrl Pts',(-21.5891993337461,32.7539464203944,28.9749660945003));
#3995=CARTESIAN_POINT('Ctrl Pts',(-30.0224736258441,24.3206721282964,29.6453215582932));
#3996=CARTESIAN_POINT('Ctrl Pts',(-35.6429496931782,18.7001960573294,30.0869371389547));
#3997=CARTESIAN_POINT('Ctrl Pts',(-41.2807721090359,13.0623736414717,30.509992868787));
#3998=CARTESIAN_POINT('',(-40.8884482656413,-88.,32.8300985008707));
#3999=CARTESIAN_POINT('Ctrl Pts',(-41.2807721090361,13.0623736414689,30.5099928687872));
#4000=CARTESIAN_POINT('Ctrl Pts',(-42.3528348717526,-3.24177409930567,31.7334374211315));
#4001=CARTESIAN_POINT('Ctrl Pts',(-42.5513624991081,-19.6332199323282,32.7973213687564));
#4002=CARTESIAN_POINT('Ctrl Pts',(-42.3490498593563,-36.0251017687655,33.335210098777));
#4003=CARTESIAN_POINT('Ctrl Pts',(-42.2389456160887,-44.946026074568,33.6279443127823));
#4004=CARTESIAN_POINT('Ctrl Pts',(-42.0093088042358,-53.8770735057073,33.7650707748462));
#4005=CARTESIAN_POINT('Ctrl Pts',(-41.7339801917268,-62.7943748275965,33.685167178382));
#4006=CARTESIAN_POINT('Ctrl Pts',(-41.611997658417,-66.7451266060569,33.6497664148055));
#4007=CARTESIAN_POINT('Ctrl Pts',(-41.4810827193178,-70.6908323248259,33.5709802278581));
#4008=CARTESIAN_POINT('Ctrl Pts',(-41.3511772494197,-74.5300098883265,33.449176515386));
#4009=CARTESIAN_POINT('Ctrl Pts',(-41.2355284161972,-77.947852155482,33.3407403021873));
#4010=CARTESIAN_POINT('Ctrl Pts',(-41.1195132856989,-81.3163856402901,33.198183711243));
#4011=CARTESIAN_POINT('Ctrl Pts',(-41.0051496111544,-84.6955883013011,33.016474715635));
#4012=CARTESIAN_POINT('Ctrl Pts',(-41.00171578216,-84.7970506242058,33.0110188082401));
#4013=CARTESIAN_POINT('Ctrl Pts',(-40.9982678805203,-84.8985219664854,33.0055272347338));
#4014=CARTESIAN_POINT('Ctrl Pts',(-40.9948058426973,-85.0000039336612,32.9999997857441));
#4015=CARTESIAN_POINT('Ctrl Pts',(-40.9607461012546,-85.9983897803268,32.9456204019673));
#4016=CARTESIAN_POINT('Ctrl Pts',(-40.9253172359399,-86.997871219218,32.8890245476347));
#4017=CARTESIAN_POINT('Ctrl Pts',(-40.8884482656413,-88.,32.8300985008707));
#4018=CARTESIAN_POINT('Ctrl Pts',(-46.9949937961719,-88.0000000000001,32.8300985008707));
#4019=CARTESIAN_POINT('Ctrl Pts',(-44.9594786193284,-88.0000000000001,32.8300985008707));
#4020=CARTESIAN_POINT('Ctrl Pts',(-42.9239634424848,-88.,32.8300985008707));
#4021=CARTESIAN_POINT('Ctrl Pts',(-40.8884482656413,-88.,32.8300985008707));
#4022=CARTESIAN_POINT('Ctrl Pts',(6.6264224926406E-16,-88.0000000000086,
32.8300985008702));
#4023=CARTESIAN_POINT('Ctrl Pts',(4.46094678958155E-16,-87.0001161129886,
32.8888925459221));
#4024=CARTESIAN_POINT('Ctrl Pts',(2.25213929203467E-16,-86.0001161129858,
32.9455263789653));
#4025=CARTESIAN_POINT('Ctrl Pts',(-9.70953767301463E-15,-41.8824845302923,
35.3484945069438));
#4026=CARTESIAN_POINT('Ctrl Pts',(-5.39091483560586E-14,2.22126527834325,
31.3786764879026));
#4027=CARTESIAN_POINT('Ctrl Pts',(-5.32086422023325E-14,50.6764317002485,
27.5516738294014));
#4028=CARTESIAN_POINT('Ctrl Pts',(-5.2802919991488E-14,56.3430983669151,
27.0732036356395));
#4029=CARTESIAN_POINT('Ctrl Pts',(-5.20735385494739E-14,62.,26.5645894187142));
#4030=CARTESIAN_POINT('Ctrl Pts',(15.6649979320572,-88.0000000000086,32.8300985008702));
#4031=CARTESIAN_POINT('Ctrl Pts',(15.6771624416786,-87.0001161129886,32.8888925459221));
#4032=CARTESIAN_POINT('Ctrl Pts',(15.6888859158138,-86.0001161129858,32.9455263789653));
#4033=CARTESIAN_POINT('Ctrl Pts',(16.1865825984352,-41.8824845302923,35.3484945069438));
#4034=CARTESIAN_POINT('Ctrl Pts',(16.7931003175718,2.22126527834325,31.3786764879025));
#4035=CARTESIAN_POINT('Ctrl Pts',(14.4224512733205,50.6764317002485,27.5516738294014));
#4036=CARTESIAN_POINT('Ctrl Pts',(14.1137522543435,56.3430983669151,27.0732036356395));
#4037=CARTESIAN_POINT('Ctrl Pts',(13.7740712975316,62.,26.5645894187142));
#4038=CARTESIAN_POINT('Ctrl Pts',(31.3299958641144,-88.0000000000086,32.8300985008702));
#4039=CARTESIAN_POINT('Ctrl Pts',(31.3543248833572,-87.0001161129886,32.8888925459221));
#4040=CARTESIAN_POINT('Ctrl Pts',(31.3777718316276,-86.0001161129858,32.9455263789653));
#4041=CARTESIAN_POINT('Ctrl Pts',(32.3731651968703,-41.8824845302923,35.3484945069438));
#4042=CARTESIAN_POINT('Ctrl Pts',(33.5862006351438,2.22126527834325,31.3786764879025));
#4043=CARTESIAN_POINT('Ctrl Pts',(28.8449025466411,50.6764317002485,27.5516738294014));
#4044=CARTESIAN_POINT('Ctrl Pts',(28.227504508687,56.3430983669151,27.0732036356395));
#4045=CARTESIAN_POINT('Ctrl Pts',(27.5481425950633,62.,26.5645894187142));
#4046=CARTESIAN_POINT('Ctrl Pts',(46.9949937961716,-88.0000000000086,32.8300985008702));
#4047=CARTESIAN_POINT('Ctrl Pts',(47.0314873250359,-87.0001161129886,32.8888925459221));
#4048=CARTESIAN_POINT('Ctrl Pts',(47.0666577474414,-86.0001161129858,32.9455263789653));
#4049=CARTESIAN_POINT('Ctrl Pts',(48.5597477953055,-41.8824845302923,35.3484945069438));
#4050=CARTESIAN_POINT('Ctrl Pts',(50.3793009527156,2.22126527834325,31.3786764879025));
#4051=CARTESIAN_POINT('Ctrl Pts',(43.2673538199616,50.6764317002485,27.5516738294014));
#4052=CARTESIAN_POINT('Ctrl Pts',(42.3412567630305,56.3430983669151,27.0732036356395));
#4053=CARTESIAN_POINT('Ctrl Pts',(41.322213892595,62.,26.5645894187142));
#4054=CARTESIAN_POINT('',(46.9949937961719,-88.,32.8300985008707));
#4055=CARTESIAN_POINT('Ctrl Pts',(46.9949937961719,-88.,32.8300985008707));
#4056=CARTESIAN_POINT('Ctrl Pts',(47.031487325036,-87.0001161129829,32.8888925459224));
#4057=CARTESIAN_POINT('Ctrl Pts',(47.0666577474415,-86.0001161129829,32.9455263789655));
#4058=CARTESIAN_POINT('Ctrl Pts',(48.5597477953057,-41.8824845302924,35.3484945069438));
#4059=CARTESIAN_POINT('Ctrl Pts',(50.3793009527156,2.22126527834329,31.3786764879025));
#4060=CARTESIAN_POINT('Ctrl Pts',(43.2673538199616,50.6764317002484,27.5516738294014));
#4061=CARTESIAN_POINT('Ctrl Pts',(42.3412567630306,56.343098366915,27.0732036356395));
#4062=CARTESIAN_POINT('Ctrl Pts',(41.3222138925951,61.9999999999999,26.5645894187142));
#4063=CARTESIAN_POINT('',(40.888448265641,-88.0000000000043,32.8300985008702));
#4064=CARTESIAN_POINT('Ctrl Pts',(40.888448265641,-88.0000000000043,32.8300985008702));
#4065=CARTESIAN_POINT('Ctrl Pts',(42.9239634424846,-88.0000000000043,32.8300985008702));
#4066=CARTESIAN_POINT('Ctrl Pts',(44.9594786193283,-88.0000000000001,32.8300985008707));
#4067=CARTESIAN_POINT('Ctrl Pts',(46.9949937961719,-88.0000000000001,32.8300985008707));
#4068=CARTESIAN_POINT('',(41.2807721090359,13.0623736414717,30.509992868787));
#4069=CARTESIAN_POINT('Ctrl Pts',(40.888448265641,-88.0000000000086,32.8300985008702));
#4070=CARTESIAN_POINT('Ctrl Pts',(40.9054262496454,-87.538524502521,32.8572336628043));
#4071=CARTESIAN_POINT('Ctrl Pts',(40.9221215438014,-87.0769855552773,32.883910956499));
#4072=CARTESIAN_POINT('Ctrl Pts',(41.2252142853242,-78.5524670644646,33.3681068746926));
#4073=CARTESIAN_POINT('Ctrl Pts',(41.4840023754183,-70.8565686350711,33.6079111834136));
#4074=CARTESIAN_POINT('Ctrl Pts',(42.0935565586679,-51.1992680216976,33.7965475755393));
#4075=CARTESIAN_POINT('Ctrl Pts',(42.383701466382,-39.2285141642203,33.5204078924399));
#4076=CARTESIAN_POINT('Ctrl Pts',(42.4526951491446,-13.8240542465182,32.4146662035983));
#4077=CARTESIAN_POINT('Ctrl Pts',(42.1622674986763,-0.343586872529684,31.5159607746579));
#4078=CARTESIAN_POINT('Ctrl Pts',(41.2807721090361,13.0623736414688,30.5099928687872));
#4079=CARTESIAN_POINT('',(8.34314575050762,46.,27.9206998378499));
#4080=CARTESIAN_POINT('Ctrl Pts',(41.280772109036,13.0623736414717,30.509992868787));
#4081=CARTESIAN_POINT('Ctrl Pts',(32.8479170211768,21.4952287293308,29.8772010919958));
#4082=CARTESIAN_POINT('Ctrl Pts',(24.3194444537298,30.0237012967779,29.192095921877));
#4083=CARTESIAN_POINT('Ctrl Pts',(10.4069267498036,43.936219000704,28.0827735133087));
#4084=CARTESIAN_POINT('Ctrl Pts',(9.85912655731056,44.4840191931971,28.0414023933782));
#4085=CARTESIAN_POINT('Ctrl Pts',(8.34314575050762,46.,27.9206998378499));
#4086=CARTESIAN_POINT('Ctrl Pts',(8.34314575050762,46.,27.9206998378499));
#4087=CARTESIAN_POINT('Ctrl Pts',(5.56209716700506,46.,27.9206998378499));
#4088=CARTESIAN_POINT('Ctrl Pts',(2.78104858350251,46.,27.9206998378499));
#4089=CARTESIAN_POINT('Ctrl Pts',(-5.32728980200765E-14,46.,27.9206998378499));
#4090=CARTESIAN_POINT('Ctrl Pts',(46.9949937961719,-88.0000000000001,32.8300985008707));
#4091=CARTESIAN_POINT('Ctrl Pts',(47.0314873250361,-87.0001161129829,32.8888925459224));
#4092=CARTESIAN_POINT('Ctrl Pts',(47.0666577474415,-86.0001161129829,32.9455263789655));
#4093=CARTESIAN_POINT('Ctrl Pts',(48.5597477953056,-41.8824845302921,35.3484945069438));
#4094=CARTESIAN_POINT('Ctrl Pts',(50.3793009527156,2.22126527834323,31.3786764879025));
#4095=CARTESIAN_POINT('Ctrl Pts',(43.2673538199616,50.6764317002485,27.5516738294014));
#4096=CARTESIAN_POINT('Ctrl Pts',(42.3412567630305,56.3430983669151,27.0732036356395));
#4097=CARTESIAN_POINT('Ctrl Pts',(41.322213892595,62.,26.5645894187142));
#4098=CARTESIAN_POINT('Ctrl Pts',(48.953735709506,-88.0000000000001,30.8713565875366));
#4099=CARTESIAN_POINT('Ctrl Pts',(48.9929317395404,-87.0001161129829,30.927448131418));
#4100=CARTESIAN_POINT('Ctrl Pts',(49.0306876282359,-86.0001161129829,30.9814964981711));
#4101=CARTESIAN_POINT('Ctrl Pts',(50.6326663802222,-41.8824845302921,33.2755759220272));
#4102=CARTESIAN_POINT('Ctrl Pts',(52.1810231641585,2.22126527834323,29.5769542764596));
#4103=CARTESIAN_POINT('Ctrl Pts',(44.8781524613399,50.6764317002485,25.9408751880231));
#4104=CARTESIAN_POINT('Ctrl Pts',(43.9286775907003,56.3430983669151,25.4857828079697));
#4105=CARTESIAN_POINT('Ctrl Pts',(42.8852454303402,62.,25.001557880969));
#4106=CARTESIAN_POINT('Ctrl Pts',(50.9124776228401,-88.0000000000001,28.9126146742025));
#4107=CARTESIAN_POINT('Ctrl Pts',(50.9543761540448,-87.0001161129829,28.9660037169136));
#4108=CARTESIAN_POINT('Ctrl Pts',(50.9947175090302,-86.0001161129829,29.0174666173768));
#4109=CARTESIAN_POINT('Ctrl Pts',(52.7055849651389,-41.8824845302921,31.2026573371106));
#4110=CARTESIAN_POINT('Ctrl Pts',(53.9827453756014,2.22126527834323,27.7752320650167));
#4111=CARTESIAN_POINT('Ctrl Pts',(46.4889511027181,50.6764317002485,24.3300765466449));
#4112=CARTESIAN_POINT('Ctrl Pts',(45.5160984183701,56.3430983669151,23.8983619802999));
#4113=CARTESIAN_POINT('Ctrl Pts',(44.4482769680853,62.,23.4385263432239));
#4114=CARTESIAN_POINT('Ctrl Pts',(52.8712195361742,-88.0000000000001,26.9538727608684));
#4115=CARTESIAN_POINT('Ctrl Pts',(52.9158205685492,-87.0001161129829,27.0045593024092));
#4116=CARTESIAN_POINT('Ctrl Pts',(52.9587473898245,-86.0001161129829,27.0534367365825));
#4117=CARTESIAN_POINT('Ctrl Pts',(54.7785035500555,-41.8824845302921,29.129738752194));
#4118=CARTESIAN_POINT('Ctrl Pts',(55.7844675870444,2.22126527834323,25.9735098535737));
#4119=CARTESIAN_POINT('Ctrl Pts',(48.0997497440963,50.6764317002485,22.7192779052667));
#4120=CARTESIAN_POINT('Ctrl Pts',(47.1035192460398,56.3430983669151,22.3109411526302));
#4121=CARTESIAN_POINT('Ctrl Pts',(46.0113085058305,62.,21.8754948054788));
#4122=CARTESIAN_POINT('',(52.8712195361742,-88.,26.9538727608684));
#4123=CARTESIAN_POINT('Ctrl Pts',(52.8712195361742,-88.,26.9538727608684));
#4124=CARTESIAN_POINT('Ctrl Pts',(52.9158205685492,-87.0001161129829,27.0045593024092));
#4125=CARTESIAN_POINT('Ctrl Pts',(52.9587473898245,-86.0001161129829,27.0534367365825));
#4126=CARTESIAN_POINT('Ctrl Pts',(54.7785035500554,-41.8824845302924,29.1297387521941));
#4127=CARTESIAN_POINT('Ctrl Pts',(55.7844675870444,2.22126527834329,25.9735098535737));
#4128=CARTESIAN_POINT('Ctrl Pts',(48.0997497440963,50.6764317002484,22.7192779052667));
#4129=CARTESIAN_POINT('Ctrl Pts',(47.1035192460398,56.343098366915,22.3109411526302));
#4130=CARTESIAN_POINT('Ctrl Pts',(46.0113085058305,61.9999999999998,21.8754948054788));
#4131=CARTESIAN_POINT('Ctrl Pts',(46.9949937961719,-88.0000000000001,32.8300985008707));
#4132=CARTESIAN_POINT('Ctrl Pts',(47.9743647528389,-88.0000000000001,31.8507275442037));
#4133=CARTESIAN_POINT('Ctrl Pts',(48.953735709506,-88.0000000000001,30.8713565875366));
#4134=CARTESIAN_POINT('Ctrl Pts',(50.9124776228401,-88.0000000000001,28.9126146742025));
#4135=CARTESIAN_POINT('Ctrl Pts',(51.8918485795071,-88.0000000000001,27.9332437175354));
#4136=CARTESIAN_POINT('Ctrl Pts',(52.8712195361742,-88.0000000000001,26.9538727608684));
#4137=CARTESIAN_POINT('Ctrl Pts',(52.8712195361742,-88.0000000000001,26.9538727608684));
#4138=CARTESIAN_POINT('Ctrl Pts',(52.9158205685492,-87.0001161129829,27.0045593024092));
#4139=CARTESIAN_POINT('Ctrl Pts',(52.9587473898245,-86.0001161129829,27.0534367365825));
#4140=CARTESIAN_POINT('Ctrl Pts',(54.7785035500554,-41.8824845302923,29.1297387521941));
#4141=CARTESIAN_POINT('Ctrl Pts',(55.7844675870444,2.22126527834326,25.9735098535737));
#4142=CARTESIAN_POINT('Ctrl Pts',(48.0997497440963,50.6764317002485,22.7192779052667));
#4143=CARTESIAN_POINT('Ctrl Pts',(47.1035192460398,56.3430983669151,22.3109411526302));
#4144=CARTESIAN_POINT('Ctrl Pts',(46.0113085058305,62.,21.8754948054788));
#4145=CARTESIAN_POINT('Ctrl Pts',(52.8712195361742,-88.0000000000001,13.6262159377081));
#4146=CARTESIAN_POINT('Ctrl Pts',(52.9158205685492,-87.0001161129829,13.651892953181));
#4147=CARTESIAN_POINT('Ctrl Pts',(52.9587473898245,-86.0001161129829,13.6765437587659));
#4148=CARTESIAN_POINT('Ctrl Pts',(54.7785035500554,-41.8824845302923,14.7186839620014));
#4149=CARTESIAN_POINT('Ctrl Pts',(55.7844675870444,2.22126527834326,12.7787746147229));
#4150=CARTESIAN_POINT('Ctrl Pts',(48.0997497440963,50.6764317002485,10.801916470691));
#4151=CARTESIAN_POINT('Ctrl Pts',(47.1035192460398,56.3430983669151,10.5552525665603));
#4152=CARTESIAN_POINT('Ctrl Pts',(46.0113085058305,62.,10.2935099754039));
#4153=CARTESIAN_POINT('Ctrl Pts',(52.8712195361742,-88.0000000000001,0.298559114547889));
#4154=CARTESIAN_POINT('Ctrl Pts',(52.9158205685492,-87.0001161129829,0.299226603952893));
#4155=CARTESIAN_POINT('Ctrl Pts',(52.9587473898245,-86.0001161129829,0.299650780949339));
#4156=CARTESIAN_POINT('Ctrl Pts',(54.7785035500554,-41.8824845302923,0.307629171808721));
#4157=CARTESIAN_POINT('Ctrl Pts',(55.7844675870444,2.22126527834326,-0.415960624127854));
#4158=CARTESIAN_POINT('Ctrl Pts',(48.0997497440963,50.6764317002485,-1.11544496388464));
#4159=CARTESIAN_POINT('Ctrl Pts',(47.1035192460398,56.3430983669151,-1.20043601950954));
#4160=CARTESIAN_POINT('Ctrl Pts',(46.0113085058305,62.,-1.28847485467093));
#4161=CARTESIAN_POINT('Ctrl Pts',(52.8712195361742,-88.0000000000001,-13.0290977086124));
#4162=CARTESIAN_POINT('Ctrl Pts',(52.9158205685492,-87.0001161129829,-13.0534397452753));
#4163=CARTESIAN_POINT('Ctrl Pts',(52.9587473898245,-86.0001161129829,-13.0772421968673));
#4164=CARTESIAN_POINT('Ctrl Pts',(54.7785035500554,-41.8824845302923,-14.1034256183839));
#4165=CARTESIAN_POINT('Ctrl Pts',(55.7844675870444,2.22126527834326,-13.6106958629787));
#4166=CARTESIAN_POINT('Ctrl Pts',(48.0997497440963,50.6764317002485,-13.0328063984603));
#4167=CARTESIAN_POINT('Ctrl Pts',(47.1035192460398,56.3430983669151,-12.9561246055794));
#4168=CARTESIAN_POINT('Ctrl Pts',(46.0113085058305,62.,-12.8704596847458));
#4169=CARTESIAN_POINT('',(52.0246867675459,20.9822499074079,-13.3741247349437));
#4170=CARTESIAN_POINT('Ctrl Pts',(52.0246867675459,20.9822499074079,-13.3741247349437));
#4171=CARTESIAN_POINT('Ctrl Pts',(51.2563271314113,29.0241549407689,-13.2898841945213));
#4172=CARTESIAN_POINT('Ctrl Pts',(50.2631973316386,37.0350443335504,-13.1954972861974));
#4173=CARTESIAN_POINT('Ctrl Pts',(48.0997497440963,50.6764317002484,-13.0328063984603));
#4174=CARTESIAN_POINT('Ctrl Pts',(47.1035192460398,56.343098366915,-12.9561246055794));
#4175=CARTESIAN_POINT('Ctrl Pts',(46.0113085058305,61.9999999999998,-12.8704596847458));
#4176=CARTESIAN_POINT('',(53.4046895211862,2.63980602726033,4.49999999999999));
#4177=CARTESIAN_POINT('Ctrl Pts',(53.4046859736054,2.64045364550674,4.4995926367165));
#4178=CARTESIAN_POINT('Ctrl Pts',(53.3814121283238,3.05612440206518,5.73721952973261));
#4179=CARTESIAN_POINT('Ctrl Pts',(53.2920890281185,4.62198927029617,8.8957798451227));
#4180=CARTESIAN_POINT('Ctrl Pts',(53.0239640738612,8.93470018479667,12.8335456892752));
#4181=CARTESIAN_POINT('Ctrl Pts',(52.6835220216437,13.4733354554774,14.1371287824597));
#4182=CARTESIAN_POINT('Ctrl Pts',(52.4822110463677,15.8798442116422,14.2037738880716));
#4183=CARTESIAN_POINT('Ctrl Pts',(52.4490100220519,16.2735498885661,14.2059277907318));
#4184=CARTESIAN_POINT('Ctrl Pts',(52.416384346394,16.6576765630274,14.2008557532187));
#4185=CARTESIAN_POINT('Ctrl Pts',(52.3833039999278,17.0412849598266,14.1803558849275));
#4186=CARTESIAN_POINT('Ctrl Pts',(52.1784541173514,19.398152528795,14.0035247365857));
#4187=CARTESIAN_POINT('Ctrl Pts',(51.7775353650666,23.6228427359723,12.6932857861697));
#4188=CARTESIAN_POINT('Ctrl Pts',(51.2486367609932,28.4580270509345,8.16258600069032));
#4189=CARTESIAN_POINT('Ctrl Pts',(50.9681412312423,30.8118688737938,1.97144615730293));
#4190=CARTESIAN_POINT('Ctrl Pts',(51.0430542836989,30.1954304262424,-4.62362247476341));
#4191=CARTESIAN_POINT('Ctrl Pts',(51.4440407117003,26.7376874099634,-10.2734967069239));
#4192=CARTESIAN_POINT('Ctrl Pts',(51.8306715837086,23.0128767259878,-12.6507183592214));
#4193=CARTESIAN_POINT('Ctrl Pts',(52.0246867675459,20.9822499074079,-13.3741247349437));
#4194=CARTESIAN_POINT('',(53.8767987675613,-7.50000000000024,4.5));
#4195=CARTESIAN_POINT('Ctrl Pts',(53.4046895211862,2.63980602726029,4.5));
#4196=CARTESIAN_POINT('Ctrl Pts',(53.5942929805563,-0.738465896981877,4.50000159723139));
#4197=CARTESIAN_POINT('Ctrl Pts',(53.7505371474371,-4.11884521679109,4.50000052959948));
#4198=CARTESIAN_POINT('Ctrl Pts',(53.8767987675613,-7.50000000000019,4.5));
#4199=CARTESIAN_POINT('',(53.8767987675613,-7.50000000000024,-5.5));
#4200=CARTESIAN_POINT('Ctrl Pts',(53.8767987675613,-7.50000000000024,4.5));
#4201=CARTESIAN_POINT('Ctrl Pts',(53.8767987675613,-7.50000000000024,1.16666666666666));
#4202=CARTESIAN_POINT('Ctrl Pts',(53.8767987675613,-7.50000000000024,-2.16666666666667));
#4203=CARTESIAN_POINT('Ctrl Pts',(53.8767987675613,-7.50000000000024,-5.5));
#4204=CARTESIAN_POINT('',(53.3833353655896,3.01779266270508,-5.50000000000001));
#4205=CARTESIAN_POINT('Ctrl Pts',(53.8767987675613,-7.50000000000023,-5.49999999999999));
#4206=CARTESIAN_POINT('Ctrl Pts',(53.7458279896817,-3.99273887304447,-5.49999980112405));
#4207=CARTESIAN_POINT('Ctrl Pts',(53.5825964734648,-0.486312753987516,-5.49999954043366));
#4208=CARTESIAN_POINT('Ctrl Pts',(53.3833353655896,3.01779266270513,-5.5));
#4209=CARTESIAN_POINT('',(52.8183250704283,11.6333574114959,-13.4668084462636));
#4210=CARTESIAN_POINT('Ctrl Pts',(52.8183250704283,11.6333574114959,-13.4668084462636));
#4211=CARTESIAN_POINT('Ctrl Pts',(52.9732730957322,9.55504760480645,-12.77248153154));
#4212=CARTESIAN_POINT('Ctrl Pts',(53.2094225057699,6.02755817964479,-10.5998233923394));
#4213=CARTESIAN_POINT('Ctrl Pts',(53.3426236504824,3.73371389173201,-7.19459587916982));
#4214=CARTESIAN_POINT('Ctrl Pts',(53.3832812628779,3.01733926860628,-5.49982552021183));
#4215=CARTESIAN_POINT('',(52.8712195361742,-88.,-13.0290977086123));
#4216=CARTESIAN_POINT('Ctrl Pts',(52.8712195361742,-88.,-13.0290977086123));
#4217=CARTESIAN_POINT('Ctrl Pts',(52.9158205685492,-87.0001161129829,-13.0534397452752));
#4218=CARTESIAN_POINT('Ctrl Pts',(52.9587473898245,-86.0001161129829,-13.0772421968672));
#4219=CARTESIAN_POINT('Ctrl Pts',(54.3192252988928,-53.0170909800723,-13.8444328272034));
#4220=CARTESIAN_POINT('Ctrl Pts',(55.2133916418616,-20.4915459767278,-13.7654388522415));
#4221=CARTESIAN_POINT('Ctrl Pts',(52.8183250704283,11.6333574114959,-13.4668084462636));
#4222=CARTESIAN_POINT('Ctrl Pts',(52.8712195361742,-88.0000000000001,26.9538727608684));
#4223=CARTESIAN_POINT('Ctrl Pts',(52.8712195361742,-88.0000000000001,20.2900443492883));
#4224=CARTESIAN_POINT('Ctrl Pts',(52.8712195361742,-88.0000000000001,13.6262159377081));
#4225=CARTESIAN_POINT('Ctrl Pts',(52.8712195361742,-88.0000000000001,0.298559114547892));
#4226=CARTESIAN_POINT('Ctrl Pts',(52.8712195361742,-88.0000000000001,-6.36526929703223));
#4227=CARTESIAN_POINT('Ctrl Pts',(52.8712195361742,-88.0000000000001,-13.0290977086124));
#4228=CARTESIAN_POINT('',(47.490778112184,53.9999999999998,6.));
#4229=CARTESIAN_POINT('',(47.490778112184,53.9999999999998,-4.));
#4230=CARTESIAN_POINT('Ctrl Pts',(47.490778112184,53.9999999999998,6.));
#4231=CARTESIAN_POINT('Ctrl Pts',(47.490778112184,53.9999999999998,2.66666666666666));
#4232=CARTESIAN_POINT('Ctrl Pts',(47.490778112184,53.9999999999998,-0.666666666666667));
#4233=CARTESIAN_POINT('Ctrl Pts',(47.490778112184,53.9999999999998,-4.));
#4234=CARTESIAN_POINT('',(46.5813667153684,58.9999999999998,-4.));
#4235=CARTESIAN_POINT('Ctrl Pts',(47.490778112184,53.9999999999998,-4.));
#4236=CARTESIAN_POINT('Ctrl Pts',(47.1958397968865,55.6681575454014,-4.));
#4237=CARTESIAN_POINT('Ctrl Pts',(46.8926962091807,57.3348236821371,-4.));
#4238=CARTESIAN_POINT('Ctrl Pts',(46.5813667153684,58.9999999999998,-4.));
#4239=CARTESIAN_POINT('',(46.5813667153684,58.9999999999998,6.));
#4240=CARTESIAN_POINT('Ctrl Pts',(46.5813667153684,58.9999999999998,-4.));
#4241=CARTESIAN_POINT('Ctrl Pts',(46.5813667153684,58.9999999999998,-0.666666666666668));
#4242=CARTESIAN_POINT('Ctrl Pts',(46.5813667153684,58.9999999999998,2.66666666666666));
#4243=CARTESIAN_POINT('Ctrl Pts',(46.5813667153684,58.9999999999998,6.));
#4244=CARTESIAN_POINT('Ctrl Pts',(46.5813667153684,58.9999999999998,6.));
#4245=CARTESIAN_POINT('Ctrl Pts',(46.8926962091795,57.3348236821367,6.));
#4246=CARTESIAN_POINT('Ctrl Pts',(47.1958397968877,55.6681575454018,6.));
#4247=CARTESIAN_POINT('Ctrl Pts',(47.490778112184,53.9999999999998,6.));
#4248=CARTESIAN_POINT('Ctrl Pts',(52.8712195361742,-88.0000000000001,-13.0290977086123));
#4249=CARTESIAN_POINT('Ctrl Pts',(52.9158205685492,-87.0001161129829,-13.0534397452752));
#4250=CARTESIAN_POINT('Ctrl Pts',(52.9587473898245,-86.0001161129829,-13.0772421968672));
#4251=CARTESIAN_POINT('Ctrl Pts',(54.7785035500552,-41.8824845302922,-14.1034256183839));
#4252=CARTESIAN_POINT('Ctrl Pts',(55.7844675870444,2.22126527834324,-13.6106958629787));
#4253=CARTESIAN_POINT('Ctrl Pts',(48.0997497439972,50.6764317008734,-13.0328063984528));
#4254=CARTESIAN_POINT('Ctrl Pts',(47.1035192458205,56.3430983681629,-12.9561246055625));
#4255=CARTESIAN_POINT('Ctrl Pts',(46.0113085054697,62.0000000018685,-12.8704596847175));
#4256=CARTESIAN_POINT('Ctrl Pts',(51.926329291985,-88.0000000000001,-13.9739879528015));
#4257=CARTESIAN_POINT('Ctrl Pts',(51.9693753188267,-87.0001161129829,-13.9998849949977));
#4258=CARTESIAN_POINT('Ctrl Pts',(52.0108144758482,-86.0001161129829,-14.0251751108436));
#4259=CARTESIAN_POINT('Ctrl Pts',(53.7679166253107,-41.8824845302922,-15.1140125431284));
#4260=CARTESIAN_POINT('Ctrl Pts',(54.913616730643,2.22126527834324,-14.4815467193801));
#4261=CARTESIAN_POINT('Ctrl Pts',(47.3572283840234,50.6764317008734,-13.7753277584266));
#4262=CARTESIAN_POINT('Ctrl Pts',(46.3769006016744,56.3430983681629,-13.6827432497085));
#4263=CARTESIAN_POINT('Ctrl Pts',(45.3014617335993,62.0000000018685,-13.5803064565878));
#4264=CARTESIAN_POINT('Ctrl Pts',(50.9814390477958,-88.0000000000001,-14.9188781969907));
#4265=CARTESIAN_POINT('Ctrl Pts',(51.0229300691043,-87.0001161129829,-14.9463302447202));
#4266=CARTESIAN_POINT('Ctrl Pts',(51.0628815618719,-86.0001161129829,-14.9731080248199));
#4267=CARTESIAN_POINT('Ctrl Pts',(52.7573297005663,-41.8824845302922,-16.124599467873));
#4268=CARTESIAN_POINT('Ctrl Pts',(54.0427658742415,2.22126527834324,-15.3523975757815));
#4269=CARTESIAN_POINT('Ctrl Pts',(46.6147070240496,50.6764317008734,-14.5178491184005));
#4270=CARTESIAN_POINT('Ctrl Pts',(45.6502819575284,56.3430983681629,-14.4093618938546));
#4271=CARTESIAN_POINT('Ctrl Pts',(44.5916149617289,62.0000000018685,-14.2901532284582));
#4272=CARTESIAN_POINT('Ctrl Pts',(50.0365488036066,-88.0000000000001,-15.8637684411799));
#4273=CARTESIAN_POINT('Ctrl Pts',(50.0764848193818,-87.0001161129829,-15.8927754944427));
#4274=CARTESIAN_POINT('Ctrl Pts',(50.1149486478955,-86.0001161129829,-15.9210409387962));
#4275=CARTESIAN_POINT('Ctrl Pts',(51.7467427758217,-41.8824845302922,-17.1351863926175));
#4276=CARTESIAN_POINT('Ctrl Pts',(53.1719150178401,2.22126527834324,-16.223248432183));
#4277=CARTESIAN_POINT('Ctrl Pts',(45.8721856640757,50.6764317008734,-15.2603704783743));
#4278=CARTESIAN_POINT('Ctrl Pts',(44.9236633133824,56.3430983681629,-15.1359805380006));
#4279=CARTESIAN_POINT('Ctrl Pts',(43.8817681898585,62.0000000018685,-15.0000000003286));
#4280=CARTESIAN_POINT('',(50.9003172447868,-87.9999999999979,-15.));
#4281=CARTESIAN_POINT('Ctrl Pts',(43.8817681901871,62.0000000018685,-15.));
#4282=CARTESIAN_POINT('Ctrl Pts',(47.4454967251211,44.8847284706742,-15.));
#4283=CARTESIAN_POINT('Ctrl Pts',(49.0962802648778,32.2340275689502,-14.9999999999689));
#4284=CARTESIAN_POINT('Ctrl Pts',(51.5147229771166,11.8395418462332,-14.9999999999689));
#4285=CARTESIAN_POINT('Ctrl Pts',(52.4382984228578,-2.41728194531661,-14.9999999999998));
#4286=CARTESIAN_POINT('Ctrl Pts',(53.0299540755746,-25.3691647287898,-14.9999999999998));
#4287=CARTESIAN_POINT('Ctrl Pts',(53.0475920819473,-34.0726108413413,-14.9999999999997));
#4288=CARTESIAN_POINT('Ctrl Pts',(52.7759872705574,-50.3854557423343,-14.9999999999997));
#4289=CARTESIAN_POINT('Ctrl Pts',(52.5243959943953,-58.0038322868331,-15.));
#4290=CARTESIAN_POINT('Ctrl Pts',(51.8739718555154,-72.2479404456906,-15.));
#4291=CARTESIAN_POINT('Ctrl Pts',(51.4350607055212,-80.2445957579556,-15.));
#4292=CARTESIAN_POINT('Ctrl Pts',(50.9003172447868,-87.9999999999958,-15.));
#4293=CARTESIAN_POINT('Ctrl Pts',(52.8712195361742,-88.0000000000001,-13.0290977086123));
#4294=CARTESIAN_POINT('Ctrl Pts',(52.2142521057117,-88.0000000000001,-13.6860651390749));
#4295=CARTESIAN_POINT('Ctrl Pts',(51.5572846752493,-87.9999999999979,-14.3430325695375));
#4296=CARTESIAN_POINT('Ctrl Pts',(50.9003172447868,-87.9999999999979,-15.));
#4297=CARTESIAN_POINT('Ctrl Pts',(52.8183250704166,11.6333574116536,-13.4668084462622));
#4298=CARTESIAN_POINT('Ctrl Pts',(52.7640706687998,12.3610688794571,-13.460043701531));
#4299=CARTESIAN_POINT('Ctrl Pts',(52.6738574418022,13.1727128333804,-13.4804650333267));
#4300=CARTESIAN_POINT('Ctrl Pts',(52.469948651398,15.1083300545779,-13.5110692987089));
#4301=CARTESIAN_POINT('Ctrl Pts',(52.3965391114553,15.8651233364803,-13.5140944148221));
#4302=CARTESIAN_POINT('Ctrl Pts',(52.2553468740685,17.6553008323584,-13.4835713981284));
#4303=CARTESIAN_POINT('Ctrl Pts',(52.2088802292539,18.4031443656693,-13.4557613107871));
#4304=CARTESIAN_POINT('Ctrl Pts',(52.1304624285352,19.631666071459,-13.4097127373932));
#4305=CARTESIAN_POINT('Ctrl Pts',(52.0839283614745,20.3622078724104,-13.3806197974812));
#4306=CARTESIAN_POINT('Ctrl Pts',(52.0246867675459,20.9822499074079,-13.3741247349437));
#4307=CARTESIAN_POINT('Ctrl Pts',(59.8712195361742,-88.0000000000001,29.8533676974801));
#4308=CARTESIAN_POINT('Ctrl Pts',(59.9158205685492,-87.0001161129829,29.9040542390209));
#4309=CARTESIAN_POINT('Ctrl Pts',(59.9587473898245,-86.0001161129829,29.9529316731942));
#4310=CARTESIAN_POINT('Ctrl Pts',(61.7785035500556,-41.8824845302925,32.0292336888057));
#4311=CARTESIAN_POINT('Ctrl Pts',(62.7844675870444,2.22126527834329,28.8730047901853));
#4312=CARTESIAN_POINT('Ctrl Pts',(55.0997497440963,50.6764317002485,25.6187728418783));
#4313=CARTESIAN_POINT('Ctrl Pts',(54.1035192460398,56.3430983669151,25.2104360892418));
#4314=CARTESIAN_POINT('Ctrl Pts',(53.0113085058305,62.,24.7749897420904));
#4315=CARTESIAN_POINT('Ctrl Pts',(56.5456426017107,-88.0000000000001,33.1789446319436));
#4316=CARTESIAN_POINT('Ctrl Pts',(56.5875411329154,-87.0001161129829,33.2323336746547));
#4317=CARTESIAN_POINT('Ctrl Pts',(56.6278824879007,-86.0001161129829,33.2837965751179));
#4318=CARTESIAN_POINT('Ctrl Pts',(58.3387499440092,-41.8824845302925,35.4689872948518));
#4319=CARTESIAN_POINT('Ctrl Pts',(59.615910354472,2.22126527834329,32.0415620227577));
#4320=CARTESIAN_POINT('Ctrl Pts',(52.1221160815887,50.6764317002485,28.596406504386));
#4321=CARTESIAN_POINT('Ctrl Pts',(51.1492633972406,56.3430983669151,28.164691938041));
#4322=CARTESIAN_POINT('Ctrl Pts',(50.0814419469559,62.,27.704856300965));
#4323=CARTESIAN_POINT('Ctrl Pts',(53.2200656672472,-88.0000000000001,36.5045215664072));
#4324=CARTESIAN_POINT('Ctrl Pts',(53.2592616972816,-87.0001161129829,36.5606131102885));
#4325=CARTESIAN_POINT('Ctrl Pts',(53.297017585977,-86.0001161129829,36.6146614770417));
#4326=CARTESIAN_POINT('Ctrl Pts',(54.8989963379627,-41.8824845302925,38.9087409008979));
#4327=CARTESIAN_POINT('Ctrl Pts',(56.4473531218996,2.22126527834329,35.2101192553301));
#4328=CARTESIAN_POINT('Ctrl Pts',(49.144482419081,50.6764317002485,31.5740401668937));
#4329=CARTESIAN_POINT('Ctrl Pts',(48.1950075484414,56.3430983669151,31.1189477868403));
#4330=CARTESIAN_POINT('Ctrl Pts',(47.1515753880813,62.,30.6347228598396));
#4331=CARTESIAN_POINT('Ctrl Pts',(49.8944887327836,-88.0000000000001,39.8300985008707));
#4332=CARTESIAN_POINT('Ctrl Pts',(49.9309822616478,-87.0001161129829,39.8888925459224));
#4333=CARTESIAN_POINT('Ctrl Pts',(49.9661526840532,-86.0001161129829,39.9455263789655));
#4334=CARTESIAN_POINT('Ctrl Pts',(51.4592427319162,-41.8824845302925,42.348494506944));
#4335=CARTESIAN_POINT('Ctrl Pts',(53.2787958893272,2.22126527834329,38.3786764879025));
#4336=CARTESIAN_POINT('Ctrl Pts',(46.1668487565733,50.6764317002485,34.5516738294014));
#4337=CARTESIAN_POINT('Ctrl Pts',(45.2407516996422,56.3430983669151,34.0732036356395));
#4338=CARTESIAN_POINT('Ctrl Pts',(44.2217088292067,62.,33.5645894187142));
#4339=CARTESIAN_POINT('',(49.8944887327836,-88.,39.8300985008707));
#4340=CARTESIAN_POINT('Ctrl Pts',(49.8944887327836,-88.,39.8300985008707));
#4341=CARTESIAN_POINT('Ctrl Pts',(49.9309822616478,-87.0001161129829,39.8888925459224));
#4342=CARTESIAN_POINT('Ctrl Pts',(49.9661526840532,-86.0001161129829,39.9455263789655));
#4343=CARTESIAN_POINT('Ctrl Pts',(51.4592427319161,-41.8824845302924,42.3484945069438));
#4344=CARTESIAN_POINT('Ctrl Pts',(53.2787958893272,2.22126527834329,38.3786764879025));
#4345=CARTESIAN_POINT('Ctrl Pts',(46.1668487565733,50.6764317002484,34.5516738294014));
#4346=CARTESIAN_POINT('Ctrl Pts',(45.2407516996422,56.343098366915,34.0732036356395));
#4347=CARTESIAN_POINT('Ctrl Pts',(44.2217088292067,61.9999999999999,33.5645894187142));
#4348=CARTESIAN_POINT('',(59.8712195361742,-88.,29.8533676974801));
#4349=CARTESIAN_POINT('Ctrl Pts',(59.8712195361742,-88.0000000000001,29.8533676974801));
#4350=CARTESIAN_POINT('Ctrl Pts',(58.2084310689424,-88.0000000000001,31.5161561647118));
#4351=CARTESIAN_POINT('Ctrl Pts',(56.5456426017107,-88.0000000000001,33.1789446319436));
#4352=CARTESIAN_POINT('Ctrl Pts',(53.2200656672472,-88.0000000000001,36.5045215664072));
#4353=CARTESIAN_POINT('Ctrl Pts',(51.5572772000154,-88.0000000000001,38.1673100336389));
#4354=CARTESIAN_POINT('Ctrl Pts',(49.8944887327836,-88.0000000000001,39.8300985008707));
#4355=CARTESIAN_POINT('Ctrl Pts',(59.8712195361742,-88.,29.8533676974801));
#4356=CARTESIAN_POINT('Ctrl Pts',(59.9158205685492,-87.0001161129829,29.9040542390209));
#4357=CARTESIAN_POINT('Ctrl Pts',(59.9587473898245,-86.0001161129829,29.9529316731942));
#4358=CARTESIAN_POINT('Ctrl Pts',(61.7785035500555,-41.8824845302924,32.0292336888056));
#4359=CARTESIAN_POINT('Ctrl Pts',(62.7844675870444,2.22126527834329,28.8730047901854));
#4360=CARTESIAN_POINT('Ctrl Pts',(55.0997497440963,50.6764317002484,25.6187728418783));
#4361=CARTESIAN_POINT('Ctrl Pts',(54.1035192460398,56.343098366915,25.2104360892418));
#4362=CARTESIAN_POINT('Ctrl Pts',(53.0113085058305,61.9999999999998,24.7749897420904));
#4363=CARTESIAN_POINT('Origin',(-70.0000000000001,-20.0000000000001,-3.));
#4364=CARTESIAN_POINT('Ctrl Pts',(-64.0200659134222,-22.227340681047,-2.54695046342587));
#4365=CARTESIAN_POINT('Ctrl Pts',(-64.0212410686255,-22.2809465342934,-2.81101029849715));
#4366=CARTESIAN_POINT('Ctrl Pts',(-64.0213708775911,-22.2871858347262,-3.08463076696156));
#4367=CARTESIAN_POINT('Ctrl Pts',(-64.0204665024102,-22.2456714419817,-3.35085730406818));
#4368=CARTESIAN_POINT('Origin',(70.,32.1140020921465,-1.80332724365189));
#4369=CARTESIAN_POINT('',(70.0000000000001,-21.714662303318,-2.6512311886056));
#4370=CARTESIAN_POINT('Ctrl Pts',(70.0000000000001,-21.7146623033179,-2.65123118860518));
#4371=CARTESIAN_POINT('Ctrl Pts',(70.0000000000001,-21.6989106369384,-2.57379081070166));
#4372=CARTESIAN_POINT('Ctrl Pts',(70.0000000000001,-21.6764800779319,-2.46812778447718));
#4373=CARTESIAN_POINT('Ctrl Pts',(70.0000000000001,-21.6486595984184,-2.34553890819052));
#4374=CARTESIAN_POINT('Ctrl Pts',(70.0000000000001,-21.6208391189048,-2.22295003190368));
#4375=CARTESIAN_POINT('Ctrl Pts',(70.0000000000001,-21.5876287188842,-2.0834353055546));
#4376=CARTESIAN_POINT('Ctrl Pts',(70.0000000000001,-21.5470206494479,-1.92712825250654));
#4377=CARTESIAN_POINT('Ctrl Pts',(70.0000000000001,-21.5064125800115,-1.77082119945847));
#4378=CARTESIAN_POINT('Ctrl Pts',(70.0000000000001,-21.4584068411594,-1.59772181971142));
#4379=CARTESIAN_POINT('Ctrl Pts',(70.0000000000001,-21.3980531295144,-1.41339372829475));
#4380=CARTESIAN_POINT('Ctrl Pts',(70.0000000000001,-21.3376994178693,-1.22906563687807));
#4381=CARTESIAN_POINT('Ctrl Pts',(70.0000000000001,-21.2649977334313,-1.03350883379178));
#4382=CARTESIAN_POINT('Ctrl Pts',(70.,-21.1821814298041,-0.847235161718872));
#4383=CARTESIAN_POINT('Ctrl Pts',(70.,-21.0165488225499,-0.474687817573056));
#4384=CARTESIAN_POINT('Ctrl Pts',(70.0000000000001,-20.8104577385393,-0.139272997480769));
#4385=CARTESIAN_POINT('Ctrl Pts',(70.0000000000001,-20.5943329425312,0.14776684803709));
#4386=CARTESIAN_POINT('Ctrl Pts',(70.0000000000001,-20.4862705445271,0.29128677079602));
#4387=CARTESIAN_POINT('Ctrl Pts',(70.0000000000001,-20.3756997185237,0.422712949911344));
#4388=CARTESIAN_POINT('Ctrl Pts',(70.0000000000001,-20.2647852176158,0.547038196291281));
#4389=CARTESIAN_POINT('Ctrl Pts',(70.0000000000001,-20.2093279671618,0.609200819481249));
#4390=CARTESIAN_POINT('Ctrl Pts',(70.0000000000001,-20.1537847979817,0.66958820948737));
#4391=CARTESIAN_POINT('Ctrl Pts',(70.0000000000001,-20.0989173334765,0.727714825728183));
#4392=CARTESIAN_POINT('Ctrl Pts',(70.0000000000001,-20.0714836012239,0.75677813384859));
#4393=CARTESIAN_POINT('Ctrl Pts',(70.0000000000001,-20.04421879514,0.785276248527669));
#4394=CARTESIAN_POINT('Ctrl Pts',(70.0000000000001,-20.0163447901178,0.814089871939384));
#4395=CARTESIAN_POINT('Ctrl Pts',(70.0000000000001,-19.9884707850956,0.842903495351099));
#4396=CARTESIAN_POINT('Ctrl Pts',(70.0000000000001,-19.9599875811351,0.872032627495451));
#4397=CARTESIAN_POINT('Ctrl Pts',(70.0000000000001,-19.9334024935742,0.899140698930794));
#4398=CARTESIAN_POINT('Ctrl Pts',(70.0000000000001,-19.8979557101598,0.935284794177919));
#4399=CARTESIAN_POINT('Ctrl Pts',(70.0000000000001,-19.8658833559004,0.967835892609028));
#4400=CARTESIAN_POINT('Ctrl Pts',(70.0000000000001,-19.8178795332395,1.01574635486853));
#4401=CARTESIAN_POINT('Ctrl Pts',(70.0000000000001,-19.7698757105785,1.06365681712804));
#4402=CARTESIAN_POINT('Ctrl Pts',(70.0000000000001,-19.7059404195161,1.12692664321594));
#4403=CARTESIAN_POINT('Ctrl Pts',(70.0000000000001,-19.6348816958683,1.19755088540656));
#4404=CARTESIAN_POINT('Ctrl Pts',(70.0000000000001,-19.4927642485726,1.33879936978779));
#4405=CARTESIAN_POINT('Ctrl Pts',(70.0000000000001,-19.3221530709352,1.50946551857989));
#4406=CARTESIAN_POINT('Ctrl Pts',(70.0000000000001,-19.1281960943591,1.70739158131993));
#4407=CARTESIAN_POINT('Ctrl Pts',(70.0000000000001,-19.031217606071,1.80635461268994));
#4408=CARTESIAN_POINT('Ctrl Pts',(70.0000000000001,-18.9284026680482,1.91213262254695));
#4409=CARTESIAN_POINT('Ctrl Pts',(70.0000000000001,-18.8179877041126,2.02180138791153));
#4410=CARTESIAN_POINT('Ctrl Pts',(70.0000000000001,-18.707572740177,2.13147015327612));
#4411=CARTESIAN_POINT('Ctrl Pts',(70.0000000000001,-18.5895577503285,2.24502967414829));
#4412=CARTESIAN_POINT('Ctrl Pts',(70.0000000000001,-18.475229912579,2.34945241365791));
#4413=CARTESIAN_POINT('Ctrl Pts',(70.0000000000001,-18.3609020748295,2.45387515316754));
#4414=CARTESIAN_POINT('Ctrl Pts',(70.0000000000001,-18.2502613891789,2.54916111131463));
#4415=CARTESIAN_POINT('Ctrl Pts',(70.0000000000001,-18.1499058492156,2.63194763925174));
#4416=CARTESIAN_POINT('Ctrl Pts',(70.0000000000001,-18.0495503092523,2.71473416718886));
#4417=CARTESIAN_POINT('Ctrl Pts',(70.0000000000001,-17.9594799149764,2.78502126491599));
#4418=CARTESIAN_POINT('Ctrl Pts',(70.0000000000001,-17.8698117738149,2.85224956049192));
#4419=CARTESIAN_POINT('Ctrl Pts',(70.0000000000001,-17.511139209169,3.12116274279565));
#4420=CARTESIAN_POINT('Ctrl Pts',(70.,-17.1589026943545,3.34113509068001));
#4421=CARTESIAN_POINT('Ctrl Pts',(70.0000000000001,-16.820645018227,3.54061721391863));
#4422=CARTESIAN_POINT('Ctrl Pts',(70.0000000000001,-16.6515161801633,3.64035827553794));
#4423=CARTESIAN_POINT('Ctrl Pts',(70.0000000000001,-16.4858820517713,3.73497678099582));
#4424=CARTESIAN_POINT('Ctrl Pts',(70.0000000000001,-16.3174222679484,3.83327058924029));
#4425=CARTESIAN_POINT('Ctrl Pts',(70.0000000000001,-16.1489624841254,3.93156439748476));
#4426=CARTESIAN_POINT('Ctrl Pts',(70.0000000000001,-15.9776770448714,4.03353350851582));
#4427=CARTESIAN_POINT('Ctrl Pts',(70.0000000000001,-15.8194792977389,4.12959355918292));
#4428=CARTESIAN_POINT('Ctrl Pts',(70.0000000000001,-15.5030838034737,4.32171366051711));
#4429=CARTESIAN_POINT('Ctrl Pts',(70.0000000000001,-15.2390390776941,4.49019752039542));
#4430=CARTESIAN_POINT('Ctrl Pts',(70.0000000000001,-14.9090034076072,4.67118281238517));
#4431=CARTESIAN_POINT('Ctrl Pts',(70.0000000000001,-14.7439855725638,4.76167545838004));
#4432=CARTESIAN_POINT('Ctrl Pts',(70.0000000000001,-14.5624700014436,4.85529346240278));
#4433=CARTESIAN_POINT('Ctrl Pts',(70.0000000000001,-14.3544587141402,4.95204663592267));
#4434=CARTESIAN_POINT('Ctrl Pts',(70.0000000000001,-14.2504530704885,5.00042322268261));
#4435=CARTESIAN_POINT('Ctrl Pts',(70.0000000000001,-14.139823497791,5.04958360181684));
#4436=CARTESIAN_POINT('Ctrl Pts',(70.0000000000001,-14.0389662712318,5.09345197659682));
#4437=CARTESIAN_POINT('Ctrl Pts',(70.0000000000001,-13.9381090446725,5.1373203513768));
#4438=CARTESIAN_POINT('Ctrl Pts',(70.,-13.8470241642516,5.17589672180253));
#4439=CARTESIAN_POINT('Ctrl Pts',(70.,-13.7625024869977,5.21099766799538));
#4440=CARTESIAN_POINT('Ctrl Pts',(70.0000000000001,-13.424415777982,5.35140145276677));
#4441=CARTESIAN_POINT('Ctrl Pts',(70.0000000000001,-13.1913403196384,5.43619844981211));
#4442=CARTESIAN_POINT('Ctrl Pts',(70.0000000000001,-12.8272413107614,5.59810564772096));
#4443=CARTESIAN_POINT('Ctrl Pts',(70.0000000000001,-12.6451918063229,5.67905924667538));
#4444=CARTESIAN_POINT('Ctrl Pts',(70.0000000000001,-12.4303864142511,5.77929039584569));
#4445=CARTESIAN_POINT('Ctrl Pts',(70.0000000000001,-12.1467258106049,5.92395407636652));
#4446=CARTESIAN_POINT('Ctrl Pts',(70.0000000000001,-12.0758106596934,5.96011999649673));
#4447=CARTESIAN_POINT('Ctrl Pts',(70.0000000000001,-12.0005920580585,5.99906294983634));
#4448=CARTESIAN_POINT('Ctrl Pts',(70.,-11.9247110664344,6.03803329120855));
#4449=CARTESIAN_POINT('Ctrl Pts',(70.0000000000001,-11.6970680915623,6.15494431532519));
#4450=CARTESIAN_POINT('Ctrl Pts',(70.0000000000001,-11.4634636067881,6.27210183173522));
#4451=CARTESIAN_POINT('Ctrl Pts',(70.0000000000001,-11.1667864307719,6.39543961257663));
#4452=CARTESIAN_POINT('Ctrl Pts',(70.0000000000001,-10.969001646761,6.47766479980423));
#4453=CARTESIAN_POINT('Ctrl Pts',(70.0000000000001,-10.7431845555314,6.56263677122357));
#4454=CARTESIAN_POINT('Ctrl Pts',(70.0000000000001,-10.5185846012811,6.63793790450235));
#4455=CARTESIAN_POINT('Ctrl Pts',(70.0000000000001,-10.2939846470307,6.71323903778114));
#4456=CARTESIAN_POINT('Ctrl Pts',(70.0000000000001,-10.0706018297596,6.77886933291938));
#4457=CARTESIAN_POINT('Ctrl Pts',(70.0000000000001,-9.8309970589002,6.84678613249912));
#4458=CARTESIAN_POINT('Ctrl Pts',(70.0000000000001,-9.59139228804079,6.91470293207887));
#4459=CARTESIAN_POINT('Ctrl Pts',(70.0000000000001,-9.33556556359308,6.98490623610012));
#4460=CARTESIAN_POINT('Ctrl Pts',(70.0000000000001,-9.04892083850758,7.06444997225666));
#4461=CARTESIAN_POINT('Ctrl Pts',(70.0000000000001,-8.90559847596483,7.10422184033493));
#4462=CARTESIAN_POINT('Ctrl Pts',(70.0000000000001,-8.75457161326263,7.14632881644703));
#4463=CARTESIAN_POINT('Ctrl Pts',(70.0000000000001,-8.58728115538691,7.19390163754645));
#4464=CARTESIAN_POINT('Ctrl Pts',(70.0000000000001,-8.4199906975112,7.24147445864587));
#4465=CARTESIAN_POINT('Ctrl Pts',(70.0000000000001,-8.23643664446196,7.29451312473262));
#4466=CARTESIAN_POINT('Ctrl Pts',(70.0000000000001,-8.05455575479904,7.34801993769647));
#4467=CARTESIAN_POINT('Ctrl Pts',(70.0000000000001,-7.69079397547318,7.45503356362417));
#4468=CARTESIAN_POINT('Ctrl Pts',(70.0000000000001,-7.3337248496926,7.56391977706025));
#4469=CARTESIAN_POINT('Ctrl Pts',(70.0000000000001,-6.98531204033377,7.67092296055142));
#4470=CARTESIAN_POINT('Ctrl Pts',(70.0000000000001,-6.63689923097493,7.77792614404258));
#4471=CARTESIAN_POINT('Ctrl Pts',(70.0000000000001,-6.29714273803785,7.88304629758883));
#4472=CARTESIAN_POINT('Ctrl Pts',(70.0000000000001,-5.96058376186078,7.98668979860193));
#4473=CARTESIAN_POINT('Ctrl Pts',(70.,-5.28746580950664,8.19397680062814));
#4474=CARTESIAN_POINT('Ctrl Pts',(70.0000000000001,-4.62713792419255,8.39535719252178));
#4475=CARTESIAN_POINT('Ctrl Pts',(70.0000000000001,-3.90962455818755,8.58482562096282));
#4476=CARTESIAN_POINT('Ctrl Pts',(70.0000000000001,-3.3714895336838,8.7269269422936));
#4477=CARTESIAN_POINT('Ctrl Pts',(70.0000000000001,-2.8011876762914,8.86232778418229));
#4478=CARTESIAN_POINT('Ctrl Pts',(70.0000000000001,-2.24387569806275,8.97622116706618));
#4479=CARTESIAN_POINT('Ctrl Pts',(70.0000000000001,-2.05810503865319,9.01418562802747));
#4480=CARTESIAN_POINT('Ctrl Pts',(70.0000000000001,-1.87377769915072,9.04976037132157));
#4481=CARTESIAN_POINT('Ctrl Pts',(70.0000000000001,-1.68693021646213,9.08416511583894));
#4482=CARTESIAN_POINT('Ctrl Pts',(70.0000000000001,-0.939540285707781,9.22178409390841));
#4483=CARTESIAN_POINT('Ctrl Pts',(70.,-0.151828063975604,9.34068309155023));
#4484=CARTESIAN_POINT('Ctrl Pts',(70.,1.16015613536215,9.55939238893837));
#4485=CARTESIAN_POINT('Ctrl Pts',(70.0000000000001,1.48815218519659,9.6140697132854));
#4486=CARTESIAN_POINT('Ctrl Pts',(70.0000000000001,1.84891523363138,9.67498518136659));
#4487=CARTESIAN_POINT('Ctrl Pts',(70.0000000000001,2.19833605827024,9.73459653426433));
#4488=CARTESIAN_POINT('Ctrl Pts',(70.0000000000001,2.54775688290911,9.79420788716207));
#4489=CARTESIAN_POINT('Ctrl Pts',(70.0000000000001,2.88583548375207,9.85251512487637));
#4490=CARTESIAN_POINT('Ctrl Pts',(70.0000000000001,3.22768671033528,9.91079550516591));
#4491=CARTESIAN_POINT('Ctrl Pts',(70.0000000000001,3.91138916350169,10.027356265745));
#4492=CARTESIAN_POINT('Ctrl Pts',(70.0000000000001,4.61018211962909,10.143809596625));
#4493=CARTESIAN_POINT('Ctrl Pts',(70.0000000000001,5.30970111744995,10.2508680539075));
#4494=CARTESIAN_POINT('Ctrl Pts',(70.0000000000001,5.65946061636037,10.3043972825488));
#4495=CARTESIAN_POINT('Ctrl Pts',(70.,6.00940162569417,10.3555777927907));
#4496=CARTESIAN_POINT('Ctrl Pts',(70.,6.35804717311065,10.404026539788));
#4497=CARTESIAN_POINT('Ctrl Pts',(70.,7.4039838153601,10.5493727807796));
#4498=CARTESIAN_POINT('Ctrl Pts',(70.0000000000001,8.43826130035379,10.6701331525691));
#4499=CARTESIAN_POINT('Ctrl Pts',(70.0000000000001,9.64681362061172,10.7797373573913));
#4500=CARTESIAN_POINT('Ctrl Pts',(70.0000000000001,10.8553659408697,10.8893415622136));
#4501=CARTESIAN_POINT('Ctrl Pts',(70.0000000000001,12.2381930963918,10.9877896000685));
#4502=CARTESIAN_POINT('Ctrl Pts',(70.0000000000001,14.0077713454641,11.1004491799789));
#4503=CARTESIAN_POINT('Ctrl Pts',(70.0000000000001,14.8925604700003,11.156778969934));
#4504=CARTESIAN_POINT('Ctrl Pts',(70.0000000000001,15.8740373679239,11.2166616454031));
#4505=CARTESIAN_POINT('Ctrl Pts',(70.0000000000001,16.8101251232329,11.2707369400535));
#4506=CARTESIAN_POINT('Ctrl Pts',(70.0000000000001,17.7462128785419,11.3248122347038));
#4507=CARTESIAN_POINT('Ctrl Pts',(70.0000000000001,18.6369114912362,11.3730801485355));
#4508=CARTESIAN_POINT('Ctrl Pts',(70.0000000000001,19.5284383479178,11.4145782760021));
#4509=CARTESIAN_POINT('Ctrl Pts',(70.,21.3114920612811,11.4975745309353));
#4510=CARTESIAN_POINT('Ctrl Pts',(70.,23.0978587505937,11.5534916404081));
#4511=CARTESIAN_POINT('Ctrl Pts',(70.,25.0711495317545,11.5806623580517));
#4512=CARTESIAN_POINT('Ctrl Pts',(70.,26.0577949223349,11.5942477168735));
#4513=CARTESIAN_POINT('Ctrl Pts',(70.,27.0911713358774,11.6006464777381));
#4514=CARTESIAN_POINT('Ctrl Pts',(70.,28.2059800795671,11.5980116800189));
#4515=CARTESIAN_POINT('Ctrl Pts',(70.,29.3207888232568,11.5953768822998));
#4516=CARTESIAN_POINT('Ctrl Pts',(70.,30.5170298970937,11.583708525997));
#4517=CARTESIAN_POINT('Ctrl Pts',(70.,31.7041010022828,11.5631722790359));
#4518=CARTESIAN_POINT('Ctrl Pts',(70.,32.8911721074718,11.5426360320749));
#4519=CARTESIAN_POINT('Ctrl Pts',(70.,34.069073244013,11.5132318944556));
#4520=CARTESIAN_POINT('Ctrl Pts',(70.,35.2480350362218,11.4696267583595));
#4521=CARTESIAN_POINT('Ctrl Pts',(70.,36.4269968284306,11.4260216222634));
#4522=CARTESIAN_POINT('Ctrl Pts',(70.,37.607019276307,11.3682154876904));
#4523=CARTESIAN_POINT('Ctrl Pts',(70.,38.7813069313154,11.3125913976683));
#4524=CARTESIAN_POINT('Ctrl Pts',(70.,39.9555945863238,11.2569673076463));
#4525=CARTESIAN_POINT('Ctrl Pts',(70.,41.1241474484642,11.2035252621752));
#4526=CARTESIAN_POINT('Ctrl Pts',(70.,42.2953289987023,11.1438487012113));
#4527=CARTESIAN_POINT('Ctrl Pts',(70.,43.4665105489403,11.0841721402475));
#4528=CARTESIAN_POINT('Ctrl Pts',(70.,44.640320787276,11.018261063791));
#4529=CARTESIAN_POINT('Ctrl Pts',(70.,45.8121133379537,10.9339950632331));
#4530=CARTESIAN_POINT('Ctrl Pts',(70.,48.1556984393092,10.7654630621172));
#4531=CARTESIAN_POINT('Ctrl Pts',(70.,50.4912127900329,10.5235113645959));
#4532=CARTESIAN_POINT('Ctrl Pts',(70.,53.2501450078682,10.1740349173584));
#4533=CARTESIAN_POINT('Ctrl Pts',(70.,54.6296111167858,9.99929669373973));
#4534=CARTESIAN_POINT('Ctrl Pts',(70.,56.1149316924814,9.79767728269199));
#4535=CARTESIAN_POINT('Ctrl Pts',(70.,57.6005644987885,9.58268952431746));
#4536=CARTESIAN_POINT('Ctrl Pts',(70.,59.0861973050957,9.36770176594294));
#4537=CARTESIAN_POINT('Ctrl Pts',(70.,60.5721423420145,9.13934566024164));
#4538=CARTESIAN_POINT('Ctrl Pts',(70.,62.0000000000046,8.91446745759259));
#4539=CARTESIAN_POINT('',(70.0000000000001,-21.7288004360741,-3.27010285161638));
#4540=CARTESIAN_POINT('Origin',(70.0000000000001,-20.0000000000001,-3.));
#4541=CARTESIAN_POINT('Ctrl Pts',(70.,62.,-7.50154811536384));
#4542=CARTESIAN_POINT('Ctrl Pts',(70.,61.6799992986437,-7.5369122427896));
#4543=CARTESIAN_POINT('Ctrl Pts',(70.,61.3520844970501,-7.57267656714777));
#4544=CARTESIAN_POINT('Ctrl Pts',(70.,61.0087719007222,-7.60980744298648));
#4545=CARTESIAN_POINT('Ctrl Pts',(70.,60.6654593043943,-7.64693831882518));
#4546=CARTESIAN_POINT('Ctrl Pts',(70.,60.306748913332,-7.68543574614441));
#4547=CARTESIAN_POINT('Ctrl Pts',(70.,59.8865820396781,-7.72988277697413));
#4548=CARTESIAN_POINT('Ctrl Pts',(70.,59.0462482923702,-7.81877683863357));
#4549=CARTESIAN_POINT('Ctrl Pts',(70.,57.9600886146957,-7.93146931433498));
#4550=CARTESIAN_POINT('Ctrl Pts',(70.,56.8300022145183,-8.04885427113843));
#4551=CARTESIAN_POINT('Ctrl Pts',(70.,55.6999158143408,-8.16623922794188));
#4552=CARTESIAN_POINT('Ctrl Pts',(70.,54.5259026916604,-8.28831666584735));
#4553=CARTESIAN_POINT('Ctrl Pts',(70.,53.4489144256014,-8.39871683301036));
#4554=CARTESIAN_POINT('Ctrl Pts',(70.,52.9104202925719,-8.45391691659187));
#4555=CARTESIAN_POINT('Ctrl Pts',(70.,52.3961823736977,-8.50619768248776));
#4556=CARTESIAN_POINT('Ctrl Pts',(70.,51.9424810089016,-8.55206235178613));
#4557=CARTESIAN_POINT('Ctrl Pts',(70.,51.4887796441054,-8.5979270210845));
#4558=CARTESIAN_POINT('Ctrl Pts',(70.,51.0956148333873,-8.63737559378535));
#4559=CARTESIAN_POINT('Ctrl Pts',(70.,50.7016104510776,-8.67587606203617));
#4560=CARTESIAN_POINT('Ctrl Pts',(69.9999999999999,49.1255929218387,-8.82987793503946));
#4561=CARTESIAN_POINT('Ctrl Pts',(70.,47.536142247134,-8.96871013684221));
#4562=CARTESIAN_POINT('Ctrl Pts',(70.,45.9586689360219,-9.09569037740539));
#4563=CARTESIAN_POINT('Ctrl Pts',(70.,44.3811956249097,-9.22267061796856));
#4564=CARTESIAN_POINT('Ctrl Pts',(70.,42.8156996773901,-9.33779889729215));
#4565=CARTESIAN_POINT('Ctrl Pts',(70.,41.2382585452241,-9.4591699381481));
#4566=CARTESIAN_POINT('Ctrl Pts',(70.,40.449537979141,-9.51985545857608));
#4567=CARTESIAN_POINT('Ctrl Pts',(70.,39.6578311168964,-9.58210166938715));
#4568=CARTESIAN_POINT('Ctrl Pts',(70.,38.8675249052118,-9.63624184185681));
#4569=CARTESIAN_POINT('Ctrl Pts',(70.,38.0772186935271,-9.69038201432648));
#4570=CARTESIAN_POINT('Ctrl Pts',(70.,37.2883131324025,-9.73641614845473));
#4571=CARTESIAN_POINT('Ctrl Pts',(70.,36.5498815830412,-9.77577670853801));
#4572=CARTESIAN_POINT('Ctrl Pts',(70.,35.81145003368,-9.81513726862129));
#4573=CARTESIAN_POINT('Ctrl Pts',(70.,35.123492496082,-9.8478242546596));
#4574=CARTESIAN_POINT('Ctrl Pts',(70.,34.5135962924024,-9.87580997306834));
#4575=CARTESIAN_POINT('Ctrl Pts',(70.,34.2086481905625,-9.88980283227271));
#4576=CARTESIAN_POINT('Ctrl Pts',(70.,33.9232154222023,-9.90262037456968));
#4577=CARTESIAN_POINT('Ctrl Pts',(70.,33.6609442994827,-9.91414473657007));
#4578=CARTESIAN_POINT('Ctrl Pts',(70.,33.398673176763,-9.92566909857046));
#4579=CARTESIAN_POINT('Ctrl Pts',(70.,33.1595636996839,-9.93590028027427));
#4580=CARTESIAN_POINT('Ctrl Pts',(70.,32.9267171309195,-9.94591123385657));
#4581=CARTESIAN_POINT('Ctrl Pts',(70.0000000000001,31.0639445808037,-10.025998862515));
#4582=CARTESIAN_POINT('Ctrl Pts',(70.,29.6019981628235,-10.0919918913974));
#4583=CARTESIAN_POINT('Ctrl Pts',(70.,28.0401779906948,-10.1324295863593));
#4584=CARTESIAN_POINT('Ctrl Pts',(70.,26.4783578185661,-10.1728672813213));
#4585=CARTESIAN_POINT('Ctrl Pts',(70.0000000000001,24.8166638922889,-10.1877496423628));
#4586=CARTESIAN_POINT('Ctrl Pts',(70.,22.5218808307231,-10.1733305674322));
#4587=CARTESIAN_POINT('Ctrl Pts',(70.,21.7569531435345,-10.168524209122));
#4588=CARTESIAN_POINT('Ctrl Pts',(70.,20.9216822190916,-10.1604621357038));
#4589=CARTESIAN_POINT('Ctrl Pts',(70.,20.1010270200179,-10.1503932464917));
#4590=CARTESIAN_POINT('Ctrl Pts',(70.,19.2803718209443,-10.1403243572796));
#4591=CARTESIAN_POINT('Ctrl Pts',(70.0000000000001,18.4743323472399,-10.1282486522736));
#4592=CARTESIAN_POINT('Ctrl Pts',(70.0000000000001,17.6616807512892,-10.1196349636823));
#4593=CARTESIAN_POINT('Ctrl Pts',(70.0000000000001,17.2553549533138,-10.1153281193867));
#4594=CARTESIAN_POINT('Ctrl Pts',(70.,16.8473761247769,-10.1118867791947));
#4595=CARTESIAN_POINT('Ctrl Pts',(70.,16.4409415135986,-10.1085485718553));
#4596=CARTESIAN_POINT('Ctrl Pts',(70.,16.2377242080094,-10.1068794681856));
#4597=CARTESIAN_POINT('Ctrl Pts',(70.,16.0348929567598,-10.105236147729));
#4598=CARTESIAN_POINT('Ctrl Pts',(70.,15.8317052866378,-10.1037774961902));
#4599=CARTESIAN_POINT('Ctrl Pts',(70.,15.6285176165157,-10.1023188446515));
#4600=CARTESIAN_POINT('Ctrl Pts',(70.,15.424973527521,-10.1010448620305));
#4601=CARTESIAN_POINT('Ctrl Pts',(70.,15.2209804996716,-10.0996241095374));
#4602=CARTESIAN_POINT('Ctrl Pts',(70.,15.1827318069498,-10.0993577184449));
#4603=CARTESIAN_POINT('Ctrl Pts',(70.,15.1444673312214,-10.0990861674742));
#4604=CARTESIAN_POINT('Ctrl Pts',(70.,15.1067781866071,-10.0988721521646));
#4605=CARTESIAN_POINT('Ctrl Pts',(70.,15.0690890419928,-10.0986581368549));
#4606=CARTESIAN_POINT('Ctrl Pts',(70.,15.0319752284925,-10.0985016572065));
#4607=CARTESIAN_POINT('Ctrl Pts',(70.,14.9752646840849,-10.0981040905319));
#4608=CARTESIAN_POINT('Ctrl Pts',(70.,14.8618435952697,-10.0973089571827));
#4609=CARTESIAN_POINT('Ctrl Pts',(70.,14.6700355828248,-10.0955494757289));
#4610=CARTESIAN_POINT('Ctrl Pts',(70.,14.4090982727177,-10.09407699349));
#4611=CARTESIAN_POINT('Ctrl Pts',(70.,13.8872236525033,-10.0911320290123));
#4612=CARTESIAN_POINT('Ctrl Pts',(70.,13.0888318416396,-10.0893350613944));
#4613=CARTESIAN_POINT('Ctrl Pts',(70.,12.0177986693608,-10.0766997616336));
#4614=CARTESIAN_POINT('Ctrl Pts',(70.,10.946765497082,-10.0640644618728));
#4615=CARTESIAN_POINT('Ctrl Pts',(70.,9.60309096338827,-10.0405908299691));
#4616=CARTESIAN_POINT('Ctrl Pts',(70.,8.01753317215771,-9.99234674913681));
#4617=CARTESIAN_POINT('Ctrl Pts',(70.,6.43197538092715,-9.94410266830451));
#4618=CARTESIAN_POINT('Ctrl Pts',(70.,4.60453433215979,-9.87108813854358));
#4619=CARTESIAN_POINT('Ctrl Pts',(70.,2.55111099251488,-9.77559300388747));
#4620=CARTESIAN_POINT('Ctrl Pts',(70.,1.52439932269242,-9.72784543655942));
#4621=CARTESIAN_POINT('Ctrl Pts',(70.,0.441192080150572,-9.67447771800756));
#4622=CARTESIAN_POINT('Ctrl Pts',(70.,-0.600624590277647,-9.60642798851562));
#4623=CARTESIAN_POINT('Ctrl Pts',(70.,-1.64244126070586,-9.53837825902369));
#4624=CARTESIAN_POINT('Ctrl Pts',(70.,-2.64286735902044,-9.45564651859166));
#4625=CARTESIAN_POINT('Ctrl Pts',(70.,-3.59130099353252,-9.37205465561451));
#4626=CARTESIAN_POINT('Ctrl Pts',(70.,-5.48816826255669,-9.20487092966019));
#4627=CARTESIAN_POINT('Ctrl Pts',(70.,-7.17706567637086,-9.03424671352537));
#4628=CARTESIAN_POINT('Ctrl Pts',(70.,-8.43468578384551,-8.88595549306125));
#4629=CARTESIAN_POINT('Ctrl Pts',(70.,-9.06349583758283,-8.8118098828292));
#4630=CARTESIAN_POINT('Ctrl Pts',(70.,-9.58448656473526,-8.74324752151482));
#4631=CARTESIAN_POINT('Ctrl Pts',(70.,-10.0630314311887,-8.67883763337807));
#4632=CARTESIAN_POINT('Ctrl Pts',(70.,-10.5415762976421,-8.61442774524133));
#4633=CARTESIAN_POINT('Ctrl Pts',(70.,-10.9776753033964,-8.55417033028221));
#4634=CARTESIAN_POINT('Ctrl Pts',(70.,-11.3766044297925,-8.49523302967474));
#4635=CARTESIAN_POINT('Ctrl Pts',(70.,-12.1744626825845,-8.3773584284598));
#4636=CARTESIAN_POINT('Ctrl Pts',(70.0000000000001,-12.8236414179432,-8.26476428465146));
#4637=CARTESIAN_POINT('Ctrl Pts',(70.0000000000001,-13.384796404262,-8.15249474006513));
#4638=CARTESIAN_POINT('Ctrl Pts',(70.0000000000001,-13.9459513905808,-8.04022519547881));
#4639=CARTESIAN_POINT('Ctrl Pts',(70.0000000000001,-14.4190826278597,-7.9282802501145));
#4640=CARTESIAN_POINT('Ctrl Pts',(70.0000000000001,-14.8887803035978,-7.80925951213444));
#4641=CARTESIAN_POINT('Ctrl Pts',(70.0000000000001,-15.3584779793359,-7.69023877415438));
#4642=CARTESIAN_POINT('Ctrl Pts',(70.0000000000001,-15.8247420935331,-7.56414224355857));
#4643=CARTESIAN_POINT('Ctrl Pts',(70.0000000000001,-16.2403689159991,-7.44604377577381));
#4644=CARTESIAN_POINT('Ctrl Pts',(70.0000000000001,-17.071622560931,-7.20984684020428));
#4645=CARTESIAN_POINT('Ctrl Pts',(70.0000000000001,-17.7003270389378,-7.00564215587893));
#4646=CARTESIAN_POINT('Ctrl Pts',(70.0000000000001,-18.2209554896597,-6.79480679668531));
#4647=CARTESIAN_POINT('Ctrl Pts',(70.0000000000001,-18.3511126023401,-6.7420979568869));
#4648=CARTESIAN_POINT('Ctrl Pts',(70.0000000000001,-18.4745149633153,-6.68897469990923));
#4649=CARTESIAN_POINT('Ctrl Pts',(70.0000000000001,-18.5967125933507,-6.63352182024453));
#4650=CARTESIAN_POINT('Ctrl Pts',(70.0000000000001,-18.718910223386,-6.57806894057984));
#4651=CARTESIAN_POINT('Ctrl Pts',(70.0000000000001,-18.8399031224816,-6.52028643822813));
#4652=CARTESIAN_POINT('Ctrl Pts',(70.0000000000001,-18.9774144527613,-6.44994838395436));
#4653=CARTESIAN_POINT('Ctrl Pts',(70.0000000000001,-19.2524371133205,-6.3092722754068));
#4654=CARTESIAN_POINT('Ctrl Pts',(70.0000000000001,-19.5935334986158,-6.11837395917096));
#4655=CARTESIAN_POINT('Ctrl Pts',(70.0000000000001,-19.9513887117482,-5.85514749871387));
#4656=CARTESIAN_POINT('Ctrl Pts',(70.0000000000001,-20.3092439248806,-5.59192103825677));
#4657=CARTESIAN_POINT('Ctrl Pts',(70.0000000000001,-20.6838579658501,-5.25636643357841));
#4658=CARTESIAN_POINT('Ctrl Pts',(70.0000000000001,-21.001222373566,-4.85566992550665));
#4659=CARTESIAN_POINT('Ctrl Pts',(70.0000000000001,-21.159904577424,-4.65532167147077));
#4660=CARTESIAN_POINT('Ctrl Pts',(70.0000000000001,-21.3042743729685,-4.43868794158653));
#4661=CARTESIAN_POINT('Ctrl Pts',(70.0000000000001,-21.4325418558141,-4.18171206712872));
#4662=CARTESIAN_POINT('Ctrl Pts',(70.0000000000001,-21.5608093386597,-3.92473619267091));
#4663=CARTESIAN_POINT('Ctrl Pts',(70.0000000000001,-21.6729745088064,-3.62741817363953));
#4664=CARTESIAN_POINT('Ctrl Pts',(70.0000000000001,-21.7288004360741,-3.27010285161643));
#4665=CARTESIAN_POINT('',(70.,53.9999999999999,-4.));
#4666=CARTESIAN_POINT('',(70.,58.9999999999999,-4.));
#4667=CARTESIAN_POINT('',(70.,45.5570010460732,-4.));
#4668=CARTESIAN_POINT('',(70.,53.9999999999999,6.));
#4669=CARTESIAN_POINT('',(70.,53.9999999999999,-2.90166362182595));
#4670=CARTESIAN_POINT('',(70.,58.9999999999999,6.));
#4671=CARTESIAN_POINT('',(70.,43.0570010460732,6.));
#4672=CARTESIAN_POINT('',(70.,58.9999999999999,2.09833637817405));
#4673=CARTESIAN_POINT('',(70.0000000000001,9.84999999999992,-5.55111512312578E-16));
#4674=CARTESIAN_POINT('Origin',(70.,15.9999999999999,-1.11022302462516E-15));
#4675=CARTESIAN_POINT('',(70.0000000000001,-7.50000000000008,-5.5));
#4676=CARTESIAN_POINT('',(70.0000000000001,3.99999999999992,-5.5));
#4677=CARTESIAN_POINT('',(70.,18.0570010460732,-5.5));
#4678=CARTESIAN_POINT('',(70.0000000000001,-7.50000000000008,4.5));
#4679=CARTESIAN_POINT('',(70.0000000000001,-7.50000000000009,-3.65166362182595));
#4680=CARTESIAN_POINT('',(70.0000000000001,3.99999999999992,4.5));
#4681=CARTESIAN_POINT('',(70.0000000000001,12.3070010460732,4.5));
#4682=CARTESIAN_POINT('',(70.0000000000001,3.99999999999992,1.34833637817405));
#4683=CARTESIAN_POINT('Ctrl Pts',(70.,62.0000000000046,8.91446745759259));
#4684=CARTESIAN_POINT('Ctrl Pts',(65.2385702403564,62.0648083801205,9.32596639684208));
#4685=CARTESIAN_POINT('Ctrl Pts',(60.4771404807128,62.1296167602364,9.73746533609156));
#4686=CARTESIAN_POINT('Ctrl Pts',(55.7157107210692,62.1944251403523,10.148964275341));
#4687=CARTESIAN_POINT('Ctrl Pts',(70.,60.5721423420145,9.13934566024164));
#4688=CARTESIAN_POINT('Ctrl Pts',(65.2385702403564,60.6356124226614,9.55104197757094));
#4689=CARTESIAN_POINT('Ctrl Pts',(60.4771404807128,60.6992166058428,9.96275736052077));
#4690=CARTESIAN_POINT('Ctrl Pts',(55.7157107210692,60.7626866864897,10.3744536778501));
#4691=CARTESIAN_POINT('Ctrl Pts',(70.,57.600252268177,9.59605787164424));
#4692=CARTESIAN_POINT('Ctrl Pts',(65.2385702403564,57.6605616071285,10.0082747632389));
#4693=CARTESIAN_POINT('Ctrl Pts',(60.4771404807128,57.7207367872199,10.4204762164247));
#4694=CARTESIAN_POINT('Ctrl Pts',(55.7157107210692,57.7810461261715,10.8326931080193));
#4695=CARTESIAN_POINT('Ctrl Pts',(70.,51.6589699653947,10.4025355158352));
#4696=CARTESIAN_POINT('Ctrl Pts',(65.2385702403565,51.7089591227576,10.8161394027032));
#4697=CARTESIAN_POINT('Ctrl Pts',(60.4771404807128,51.759146102283,11.2297520034257));
#4698=CARTESIAN_POINT('Ctrl Pts',(55.7157107210693,51.809135259646,11.6433558902936));
#4699=CARTESIAN_POINT('Ctrl Pts',(70.,46.9879412639474,10.8864389108779));
#4700=CARTESIAN_POINT('Ctrl Pts',(65.2385702403564,47.0231458591471,11.3017144301252));
#4701=CARTESIAN_POINT('Ctrl Pts',(60.4771404807128,47.0582088700861,11.7170016029902));
#4702=CARTESIAN_POINT('Ctrl Pts',(55.7157107210692,47.0934134652858,12.1322771222375));
#4703=CARTESIAN_POINT('Ctrl Pts',(70.,42.2927003106046,11.1500832167041));
#4704=CARTESIAN_POINT('Ctrl Pts',(65.2385702403564,42.3101487457883,11.5663153656856));
#4705=CARTESIAN_POINT('Ctrl Pts',(60.4771404807128,42.3275897356068,11.9825402846114));
#4706=CARTESIAN_POINT('Ctrl Pts',(55.7157107210692,42.3450381707905,12.398772433593));
#4707=CARTESIAN_POINT('Ctrl Pts',(70.,38.7870417241835,11.3104093531174));
#4708=CARTESIAN_POINT('Ctrl Pts',(65.2385702403564,38.8093372850917,11.7263813059763));
#4709=CARTESIAN_POINT('Ctrl Pts',(60.4771404807128,38.8316450511233,12.1423560631415));
#4710=CARTESIAN_POINT('Ctrl Pts',(55.7157107210692,38.8539406120315,12.5583280160003));
#4711=CARTESIAN_POINT('Ctrl Pts',(70.,35.2469743805542,11.4838277568363));
#4712=CARTESIAN_POINT('Ctrl Pts',(65.2385702403564,35.2623329081851,11.9001470830446));
#4713=CARTESIAN_POINT('Ctrl Pts',(60.4771404807128,35.2773498960562,12.3164745743249));
#4714=CARTESIAN_POINT('Ctrl Pts',(55.7157107210692,35.2927084236871,12.7327939005331));
#4715=CARTESIAN_POINT('Ctrl Pts',(70.,31.7132709709306,11.5720401696942));
#4716=CARTESIAN_POINT('Ctrl Pts',(65.2385702403564,31.7200861510183,11.9885789697414));
#4717=CARTESIAN_POINT('Ctrl Pts',(60.4771404807128,31.7274335399595,12.405103416818));
#4718=CARTESIAN_POINT('Ctrl Pts',(55.7157107210693,31.7342487200472,12.8216422168652));
#4719=CARTESIAN_POINT('Ctrl Pts',(70.,28.1245477494199,11.6070452386026));
#4720=CARTESIAN_POINT('Ctrl Pts',(65.2385702403565,28.1256762738444,12.0236212220213));
#4721=CARTESIAN_POINT('Ctrl Pts',(60.4771404807128,28.1264317293986,12.4402045952525));
#4722=CARTESIAN_POINT('Ctrl Pts',(55.7157107210693,28.1275602538231,12.8567805786713));
#4723=CARTESIAN_POINT('Ctrl Pts',(70.,23.99104209525,11.5814501951445));
#4724=CARTESIAN_POINT('Ctrl Pts',(65.2385702403564,23.9832529256518,11.998004920289));
#4725=CARTESIAN_POINT('Ctrl Pts',(60.4771404807129,23.9759078656969,12.4145624968599));
#4726=CARTESIAN_POINT('Ctrl Pts',(55.7157107210693,23.9681186960987,12.8311172220044));
#4727=CARTESIAN_POINT('Ctrl Pts',(70.,20.4183087166248,11.4696159761989));
#4728=CARTESIAN_POINT('Ctrl Pts',(65.2385702403565,20.4006212541921,11.8858497660636));
#4729=CARTESIAN_POINT('Ctrl Pts',(60.4771404807128,20.3821866664989,12.3020468764318));
#4730=CARTESIAN_POINT('Ctrl Pts',(55.7157107210693,20.3644992040662,12.7182806662964));
#4731=CARTESIAN_POINT('Ctrl Pts',(70.0000000000001,16.8555142658476,11.2765443208722));
#4732=CARTESIAN_POINT('Ctrl Pts',(65.2385702403565,16.8305412234065,11.6923706271011));
#4733=CARTESIAN_POINT('Ctrl Pts',(60.4771404807129,16.8061094938647,12.10822647362));
#4734=CARTESIAN_POINT('Ctrl Pts',(55.7157107210693,16.7811364514236,12.5240527798489));
#4735=CARTESIAN_POINT('Ctrl Pts',(70.0000000000001,12.9296066741529,11.0370136189959));
#4736=CARTESIAN_POINT('Ctrl Pts',(65.2385702403565,12.9037356247239,11.4527754502954));
#4737=CARTESIAN_POINT('Ctrl Pts',(60.4771404807129,12.8773670190313,11.8685071620489));
#4738=CARTESIAN_POINT('Ctrl Pts',(55.7157107210693,12.8514959696023,12.2842689933483));
#4739=CARTESIAN_POINT('Ctrl Pts',(70.0000000000001,9.47253878534747,10.7908935243586));
#4740=CARTESIAN_POINT('Ctrl Pts',(65.2385702403565,9.43653910421296,11.2060382058525));
#4741=CARTESIAN_POINT('Ctrl Pts',(60.4771404807129,9.40071757158769,11.6212019507695));
#4742=CARTESIAN_POINT('Ctrl Pts',(55.7157107210693,9.36471789045317,12.0363466322633));
#4743=CARTESIAN_POINT('Ctrl Pts',(70.,7.05922465369553,10.5091193235165));
#4744=CARTESIAN_POINT('Ctrl Pts',(65.2385702403564,7.00565533195446,10.922336566284));
#4745=CARTESIAN_POINT('Ctrl Pts',(60.4771404807129,6.95210581931472,11.3355364593009));
#4746=CARTESIAN_POINT('Ctrl Pts',(55.7157107210693,6.89853649757365,11.7487537020684));
#4747=CARTESIAN_POINT('Ctrl Pts',(70.0000000000001,4.9595785976928,10.202036262065));
#4748=CARTESIAN_POINT('Ctrl Pts',(65.2385702403565,4.89425157098774,10.6134624767431));
#4749=CARTESIAN_POINT('Ctrl Pts',(60.4771404807129,4.82890426844528,11.0249125151191));
#4750=CARTESIAN_POINT('Ctrl Pts',(55.7157107210693,4.76357724174022,11.4363387297972));
#4751=CARTESIAN_POINT('Ctrl Pts',(70.0000000000001,3.56199268543798,9.96912960030498));
#4752=CARTESIAN_POINT('Ctrl Pts',(65.2385702403565,3.49192542673291,10.3797708168234));
#4753=CARTESIAN_POINT('Ctrl Pts',(60.4771404807129,3.42162914294178,10.7903596038447));
#4754=CARTESIAN_POINT('Ctrl Pts',(55.7157107210693,3.35156188423671,11.2010008203631));
#4755=CARTESIAN_POINT('Ctrl Pts',(70.0000000000001,2.20967828206616,9.73590064944776));
#4756=CARTESIAN_POINT('Ctrl Pts',(65.2385702403565,2.13856254840712,10.1463677613658));
#4757=CARTESIAN_POINT('Ctrl Pts',(60.4771404807129,2.06844747061692,10.5569868429869));
#4758=CARTESIAN_POINT('Ctrl Pts',(55.7157107210693,1.99733173695788,10.967453954905));
#4759=CARTESIAN_POINT('Ctrl Pts',(70.,0.0450999914574405,9.37040784096068));
#4760=CARTESIAN_POINT('Ctrl Pts',(65.2385702403564,-0.0194462107826428,
9.78193884969868));
#4761=CARTESIAN_POINT('Ctrl Pts',(60.4771404807129,-0.0848078930236809,
10.1933308189945));
#4762=CARTESIAN_POINT('Ctrl Pts',(55.7157107210693,-0.149354095263764,10.6048618277325));
#4763=CARTESIAN_POINT('Ctrl Pts',(70.0000000000001,-1.13646834114083,9.19205934449795));
#4764=CARTESIAN_POINT('Ctrl Pts',(65.2385702403565,-1.203661856753,9.60325249328517));
#4765=CARTESIAN_POINT('Ctrl Pts',(60.4771404807129,-1.2713535497179,10.014388070737));
#4766=CARTESIAN_POINT('Ctrl Pts',(55.7157107210693,-1.33854706533008,10.4255812195242));
#4767=CARTESIAN_POINT('Ctrl Pts',(70.0000000000001,-2.61108705716061,8.90746139814518));
#4768=CARTESIAN_POINT('Ctrl Pts',(65.2385702403565,-2.69927147509001,9.31477981046253));
#4769=CARTESIAN_POINT('Ctrl Pts',(60.4771404807129,-2.7871618375716,9.72213315419059));
#4770=CARTESIAN_POINT('Ctrl Pts',(55.7157107210693,-2.875346255501,10.1294515665079));
#4771=CARTESIAN_POINT('Ctrl Pts',(70.0000000000001,-4.13189201020699,8.54639248644202));
#4772=CARTESIAN_POINT('Ctrl Pts',(65.2385702403565,-4.24404476137656,8.9478436482566));
#4773=CARTESIAN_POINT('Ctrl Pts',(60.4771404807129,-4.35646062643596,9.3492617668242));
#4774=CARTESIAN_POINT('Ctrl Pts',(55.7157107210693,-4.46861337760553,9.75071292863878));
#4775=CARTESIAN_POINT('Ctrl Pts',(70.,-5.61762975216369,8.09328660468132));
#4776=CARTESIAN_POINT('Ctrl Pts',(65.2385702403564,-5.74098249978467,8.49113068004492));
#4777=CARTESIAN_POINT('Ctrl Pts',(60.4771404807129,-5.86415092253458,8.88903129051961));
#4778=CARTESIAN_POINT('Ctrl Pts',(55.7157107210693,-5.98750367015556,9.28687536588322));
#4779=CARTESIAN_POINT('Ctrl Pts',(70.0000000000001,-6.97665572391201,7.67280599049634));
#4780=CARTESIAN_POINT('Ctrl Pts',(65.2385702403565,-7.09995136684053,8.07073369293984));
#4781=CARTESIAN_POINT('Ctrl Pts',(60.4771404807129,-7.22337887144823,8.46859380089322));
#4782=CARTESIAN_POINT('Ctrl Pts',(55.7157107210693,-7.34667451437675,8.86652150333672));
#4783=CARTESIAN_POINT('Ctrl Pts',(70.,-7.86932853836348,7.40059045690612));
#4784=CARTESIAN_POINT('Ctrl Pts',(65.2385702403565,-7.98845229057793,7.79977005321134));
#4785=CARTESIAN_POINT('Ctrl Pts',(60.4771404807129,-8.10743085493394,8.1990184726779));
#4786=CARTESIAN_POINT('Ctrl Pts',(55.7157107210693,-8.22655460714839,8.59819806898311));
#4787=CARTESIAN_POINT('Ctrl Pts',(70.0000000000001,-8.60354475056044,7.18843579255911));
#4788=CARTESIAN_POINT('Ctrl Pts',(65.2385702403565,-8.71725092767211,7.58920107828911));
#4789=CARTESIAN_POINT('Ctrl Pts',(60.4771404807129,-8.83106257165831,7.98991612921389));
#4790=CARTESIAN_POINT('Ctrl Pts',(55.7157107210693,-8.94476874876997,8.39068141494389));
#4791=CARTESIAN_POINT('Ctrl Pts',(70.0000000000001,-9.20765220136922,7.02000788811075));
#4792=CARTESIAN_POINT('Ctrl Pts',(65.2385702403565,-9.31776359545338,7.42175673731892));
#4793=CARTESIAN_POINT('Ctrl Pts',(60.4771404807129,-9.42765687081207,7.82360919365916));
#4794=CARTESIAN_POINT('Ctrl Pts',(55.7157107210693,-9.53776826489624,8.22535804286733));
#4795=CARTESIAN_POINT('Ctrl Pts',(70.0000000000001,-9.8472190124885,6.84449962805761));
#4796=CARTESIAN_POINT('Ctrl Pts',(65.2385702403565,-9.95841526660192,7.245973386015));
#4797=CARTESIAN_POINT('Ctrl Pts',(60.4771404807129,-10.0700422506101,7.64720263942828));
#4798=CARTESIAN_POINT('Ctrl Pts',(55.7157107210693,-10.1812385047235,8.04867639738567));
#4799=CARTESIAN_POINT('Ctrl Pts',(70.0000000000001,-10.5173674643018,6.6476087426429));
#4800=CARTESIAN_POINT('Ctrl Pts',(65.2385702403565,-10.6463881243468,7.04400709878669));
#4801=CARTESIAN_POINT('Ctrl Pts',(60.4771404807129,-10.7746312446643,7.44087536073993));
#4802=CARTESIAN_POINT('Ctrl Pts',(55.7157107210693,-10.9036519047093,7.83727371688371));
#4803=CARTESIAN_POINT('Ctrl Pts',(70.0000000000001,-11.3077272836054,6.35020684267523));
#4804=CARTESIAN_POINT('Ctrl Pts',(65.2385702403565,-11.4753187782379,6.73258643198372));
#4805=CARTESIAN_POINT('Ctrl Pts',(60.4771404807129,-11.6441377407463,7.11426177001592));
#4806=CARTESIAN_POINT('Ctrl Pts',(55.7157107210693,-11.8117292353788,7.49664135932441));
#4807=CARTESIAN_POINT('Ctrl Pts',(70.0000000000001,-11.7749362531536,6.11589180985519));
#4808=CARTESIAN_POINT('Ctrl Pts',(65.2385702403565,-11.966490225267,6.48566827680691));
#4809=CARTESIAN_POINT('Ctrl Pts',(60.4771404807129,-12.1565446894965,6.85633560758603));
#4810=CARTESIAN_POINT('Ctrl Pts',(55.7157107210693,-12.3480986616099,7.22611207453775));
#4811=CARTESIAN_POINT('Ctrl Pts',(70.0000000000001,-12.3766850662332,5.80434818313827));
#4812=CARTESIAN_POINT('Ctrl Pts',(65.2385702403565,-12.5648801381505,6.17620033328212));
#4813=CARTESIAN_POINT('Ctrl Pts',(60.4771404807129,-12.7550813213282,6.54685748837078));
#4814=CARTESIAN_POINT('Ctrl Pts',(55.7157107210693,-12.9432763932455,6.91870963851463));
#4815=CARTESIAN_POINT('Ctrl Pts',(70.0000000000001,-13.0748025904665,5.47859694833477));
#4816=CARTESIAN_POINT('Ctrl Pts',(65.2385702403565,-13.2291310148301,5.86613228455109));
#4817=CARTESIAN_POINT('Ctrl Pts',(60.4771404807129,-13.3798818941888,6.25582313629117));
#4818=CARTESIAN_POINT('Ctrl Pts',(55.7157107210693,-13.5342103185523,6.64335847250749));
#4819=CARTESIAN_POINT('Ctrl Pts',(70.0000000000001,-13.4826846425679,5.33020220350543));
#4820=CARTESIAN_POINT('Ctrl Pts',(65.2385702403565,-13.6376345830658,5.71667536610499));
#4821=CARTESIAN_POINT('Ctrl Pts',(60.4771404807129,-13.7935106598788,6.1025031999382));
#4822=CARTESIAN_POINT('Ctrl Pts',(55.7157107210693,-13.9484606003768,6.48897636253775));
#4823=CARTESIAN_POINT('Ctrl Pts',(70.0000000000001,-14.0291939250935,5.09874398095107));
#4824=CARTESIAN_POINT('Ctrl Pts',(65.2385702403565,-14.1932536965812,5.48168446272769));
#4825=CARTESIAN_POINT('Ctrl Pts',(60.4771404807129,-14.3574737087613,5.86463161050878));
#4826=CARTESIAN_POINT('Ctrl Pts',(55.7157107210693,-14.5215334802491,6.24757209228539));
#4827=CARTESIAN_POINT('Ctrl Pts',(70.0000000000001,-14.4717122158835,4.90210246441415));
#4828=CARTESIAN_POINT('Ctrl Pts',(65.2385702403565,-14.6516086955651,5.27817232964125));
#4829=CARTESIAN_POINT('Ctrl Pts',(60.4771404807129,-14.8316932115031,5.65398418281435));
#4830=CARTESIAN_POINT('Ctrl Pts',(55.7157107210693,-15.0115896911847,6.03005404804146));
#4831=CARTESIAN_POINT('Ctrl Pts',(70.0000000000001,-15.1070167148042,4.57443945033457));
#4832=CARTESIAN_POINT('Ctrl Pts',(65.2385702403565,-15.318331136213,4.93394399668463));
#4833=CARTESIAN_POINT('Ctrl Pts',(60.477140480713,-15.5294771956017,5.29365497404708));
#4834=CARTESIAN_POINT('Ctrl Pts',(55.7157107210694,-15.7407916170105,5.65315952039714));
#4835=CARTESIAN_POINT('Ctrl Pts',(70.0000000000001,-15.6351061663635,4.23747173057795));
#4836=CARTESIAN_POINT('Ctrl Pts',(65.2385702403565,-15.8587390118432,4.58888426521826));
#4837=CARTESIAN_POINT('Ctrl Pts',(60.4771404807129,-16.0823777088665,4.94027324496749));
#4838=CARTESIAN_POINT('Ctrl Pts',(55.7157107210693,-16.3060105543462,5.29168577960779));
#4839=CARTESIAN_POINT('Ctrl Pts',(70.0000000000001,-16.3202479233794,3.82959528645369));
#4840=CARTESIAN_POINT('Ctrl Pts',(65.2385702403565,-16.5265139739047,4.19172432847033));
#4841=CARTESIAN_POINT('Ctrl Pts',(60.4771404807129,-16.732936793109,4.55373020765421));
#4842=CARTESIAN_POINT('Ctrl Pts',(55.7157107210693,-16.9392028436343,4.91585924967084));
#4843=CARTESIAN_POINT('Ctrl Pts',(70.0000000000001,-16.9827844369472,3.45112126462219));
#4844=CARTESIAN_POINT('Ctrl Pts',(65.2385702403565,-17.1942050248243,3.80994085671691));
#4845=CARTESIAN_POINT('Ctrl Pts',(60.477140480713,-17.4047508886933,4.16940890458294));
#4846=CARTESIAN_POINT('Ctrl Pts',(55.7157107210693,-17.6161714765705,4.52822849667766));
#4847=CARTESIAN_POINT('Ctrl Pts',(70.0000000000001,-17.5991983378726,3.06616965582456));
#4848=CARTESIAN_POINT('Ctrl Pts',(65.2385702403565,-17.8341134280614,3.41123067391042));
#4849=CARTESIAN_POINT('Ctrl Pts',(60.4771404807129,-18.0701412968134,3.75547682914458));
#4850=CARTESIAN_POINT('Ctrl Pts',(55.7157107210693,-18.3050563870023,4.10053784723044));
#4851=CARTESIAN_POINT('Ctrl Pts',(70.0000000000001,-18.1396207035283,2.64444706946171));
#4852=CARTESIAN_POINT('Ctrl Pts',(65.2385702403565,-18.4043425377804,2.96633862283566));
#4853=CARTESIAN_POINT('Ctrl Pts',(60.4771404807129,-18.6683938130324,3.28872186605636));
#4854=CARTESIAN_POINT('Ctrl Pts',(55.7157107210693,-18.9331156472845,3.6106134194303));
#4855=CARTESIAN_POINT('Ctrl Pts',(70.0000000000001,-18.4715427604801,2.35858919502046));
#4856=CARTESIAN_POINT('Ctrl Pts',(65.2385702403565,-18.7526854815625,2.66624516628242));
#4857=CARTESIAN_POINT('Ctrl Pts',(60.4771404807129,-19.0344187866695,2.97345114900693));
#4858=CARTESIAN_POINT('Ctrl Pts',(55.7157107210693,-19.3155615077519,3.28110712026889));
#4859=CARTESIAN_POINT('Ctrl Pts',(70.0000000000001,-18.8255877300254,2.01791063240395));
#4860=CARTESIAN_POINT('Ctrl Pts',(65.2385702403565,-19.1211711671629,2.31155030473727));
#4861=CARTESIAN_POINT('Ctrl Pts',(60.4771404807129,-19.4163454527089,2.605500469471));
#4862=CARTESIAN_POINT('Ctrl Pts',(55.7157107210693,-19.7119288898464,2.89914014180432));
#4863=CARTESIAN_POINT('Ctrl Pts',(70.0000000000001,-19.2368474821165,1.59479859297594));
#4864=CARTESIAN_POINT('Ctrl Pts',(65.2385702403565,-19.5364059205066,1.88423459133034));
#4865=CARTESIAN_POINT('Ctrl Pts',(60.4771404807129,-19.8359185304327,2.1738405394809));
#4866=CARTESIAN_POINT('Ctrl Pts',(55.7157107210693,-20.1354769688228,2.4632765378353));
#4867=CARTESIAN_POINT('Ctrl Pts',(70.0000000000001,-19.5780698373913,1.25346629539174));
#4868=CARTESIAN_POINT('Ctrl Pts',(65.2385702403565,-19.8695005545323,1.55122043713742));
#4869=CARTESIAN_POINT('Ctrl Pts',(60.4771404807129,-20.1612485126384,1.8485452411005));
#4870=CARTESIAN_POINT('Ctrl Pts',(55.7157107210693,-20.4526792297795,2.14629938284618));
#4871=CARTESIAN_POINT('Ctrl Pts',(70.0000000000001,-19.8338110016409,1.00038699104014));
#4872=CARTESIAN_POINT('Ctrl Pts',(65.2385702403565,-20.1286229096299,1.29465426307734));
#4873=CARTESIAN_POINT('Ctrl Pts',(60.4771404807129,-20.4232507974951,1.58918796274756));
#4874=CARTESIAN_POINT('Ctrl Pts',(55.7157107210693,-20.718062705484,1.88345523478477));
#4875=CARTESIAN_POINT('Ctrl Pts',(70.0000000000001,-19.9220099758544,0.910871470354585));
#4876=CARTESIAN_POINT('Ctrl Pts',(65.2385702403565,-20.2186267069338,1.20341507210983));
#4877=CARTESIAN_POINT('Ctrl Pts',(60.4771404807129,-20.5153917933731,1.49570377782204));
#4878=CARTESIAN_POINT('Ctrl Pts',(55.7157107210693,-20.8120085244525,1.78824737957729));
#4879=CARTESIAN_POINT('Ctrl Pts',(70.0000000000001,-20.0169539890561,0.813774363206748));
#4880=CARTESIAN_POINT('Ctrl Pts',(65.2385702403565,-20.3165248191378,1.10318672954389));
#4881=CARTESIAN_POINT('Ctrl Pts',(60.4771404807129,-20.616048369225,1.39279384754515));
#4882=CARTESIAN_POINT('Ctrl Pts',(55.7157107210693,-20.9156191993067,1.68220621388229));
#4883=CARTESIAN_POINT('Ctrl Pts',(70.0000000000001,-20.1260132133917,0.699781904490431));
#4884=CARTESIAN_POINT('Ctrl Pts',(65.2385702403565,-20.429771806478,0.985000230517639));
#4885=CARTESIAN_POINT('Ctrl Pts',(60.4771404807129,-20.7335279751648,1.27000790209917));
#4886=CARTESIAN_POINT('Ctrl Pts',(55.7157107210693,-21.0372865682511,1.55522622812638));
#4887=CARTESIAN_POINT('Ctrl Pts',(70.0000000000001,-20.3204143055219,0.488426039469005));
#4888=CARTESIAN_POINT('Ctrl Pts',(65.2385702403565,-20.6336232844115,0.763060425485133));
#4889=CARTESIAN_POINT('Ctrl Pts',(60.4771404807129,-20.9468657006131,1.0378858591531));
#4890=CARTESIAN_POINT('Ctrl Pts',(55.7157107210693,-21.2600746795026,1.31252024516923));
#4891=CARTESIAN_POINT('Ctrl Pts',(70.0000000000001,-20.707412196534,0.0284344125653743));
#4892=CARTESIAN_POINT('Ctrl Pts',(65.2385702403565,-21.0469009707315,0.27306064306751));
#4893=CARTESIAN_POINT('Ctrl Pts',(60.4771404807129,-21.386325847953,0.517466476396117));
#4894=CARTESIAN_POINT('Ctrl Pts',(55.7157107210693,-21.7258146221505,0.762092706898252));
#4895=CARTESIAN_POINT('Ctrl Pts',(70.,-21.1195943645552,-0.6423952276192));
#4896=CARTESIAN_POINT('Ctrl Pts',(65.2385702403564,-21.4964050888734,-0.458698105889705));
#4897=CARTESIAN_POINT('Ctrl Pts',(60.4771404807129,-21.8732329726536,-0.274981443833975));
#4898=CARTESIAN_POINT('Ctrl Pts',(55.7157107210693,-22.2500436969719,-0.0912843221044809));
#4899=CARTESIAN_POINT('Ctrl Pts',(70.0000000000001,-21.4104011023073,-1.42462243996436));
#4900=CARTESIAN_POINT('Ctrl Pts',(65.2385702403565,-21.8079259811665,-1.2987443640939));
#4901=CARTESIAN_POINT('Ctrl Pts',(60.4771404807129,-22.2054614736376,-1.17283562981906));
#4902=CARTESIAN_POINT('Ctrl Pts',(55.7157107210693,-22.6029863524968,-1.04695755394859));
#4903=CARTESIAN_POINT('Ctrl Pts',(70.0000000000001,-21.5544183188637,-1.94392057920553));
#4904=CARTESIAN_POINT('Ctrl Pts',(65.2385702403565,-21.958253222365,-1.84130415458829));
#4905=CARTESIAN_POINT('Ctrl Pts',(60.4771404807129,-22.3620609179792,-1.73870339642918));
#4906=CARTESIAN_POINT('Ctrl Pts',(55.7157107210693,-22.7658958214805,-1.63608697181194));
#4907=CARTESIAN_POINT('Ctrl Pts',(70.0000000000001,-21.6540495189254,-2.36246475825275));
#4908=CARTESIAN_POINT('Ctrl Pts',(65.2385702403565,-22.0602764147007,-2.27014724288121));
#4909=CARTESIAN_POINT('Ctrl Pts',(60.4771404807129,-22.4665537576379,-2.17786245664484));
#4910=CARTESIAN_POINT('Ctrl Pts',(55.7157107210693,-22.8727806534132,-2.0855449412733));
#4911=CARTESIAN_POINT('Ctrl Pts',(70.0000000000001,-21.6989106369385,-2.57379081070197));
#4912=CARTESIAN_POINT('Ctrl Pts',(65.2385702403565,-22.1065870013686,-2.48803901196391));
#4913=CARTESIAN_POINT('Ctrl Pts',(60.4771404807129,-22.5141912632225,-2.40218927995787));
#4914=CARTESIAN_POINT('Ctrl Pts',(55.7157107210693,-22.9218676276526,-2.31643748121982));
#4915=CARTESIAN_POINT('Ctrl Pts',(70.0000000000001,-21.714662303318,-2.65123118860553));
#4916=CARTESIAN_POINT('Ctrl Pts',(65.2385702403565,-22.1228745092558,-2.56819927871507));
#4917=CARTESIAN_POINT('Ctrl Pts',(60.4771404807129,-22.5310867151937,-2.48516736882461));
#4918=CARTESIAN_POINT('Ctrl Pts',(55.7157107210693,-22.9392989211315,-2.40213545893415));
#4919=CARTESIAN_POINT('',(64.0200659134222,-22.227340681047,-2.54695046342586));
#4920=CARTESIAN_POINT('Ctrl Pts',(64.0200659134222,-22.227340681047,-2.54695046342586));
#4921=CARTESIAN_POINT('Ctrl Pts',(64.0194637584926,-22.176187988882,-2.2952026832827));
#4922=CARTESIAN_POINT('Ctrl Pts',(64.0180861554552,-22.0492551048096,-1.74646927657598));
#4923=CARTESIAN_POINT('Ctrl Pts',(64.0144832021914,-21.7832315055981,-0.858832420176331));
#4924=CARTESIAN_POINT('Ctrl Pts',(64.0072940167897,-21.3400451379469,0.0698588211287877));
#4925=CARTESIAN_POINT('Ctrl Pts',(63.9963295721981,-20.7482086129727,0.819515304996259));
#4926=CARTESIAN_POINT('Ctrl Pts',(63.9874192632949,-20.206241538392,1.37332420068073));
#4927=CARTESIAN_POINT('Ctrl Pts',(63.9827163336568,-19.8636600256249,1.7106398441541));
#4928=CARTESIAN_POINT('Ctrl Pts',(63.9779225561739,-19.481605718024,2.09981662014283));
#4929=CARTESIAN_POINT('Ctrl Pts',(63.9680339966999,-18.8909517441759,2.70420326954386));
#4930=CARTESIAN_POINT('Ctrl Pts',(63.9546010828836,-18.305469430233,3.21448595824098));
#4931=CARTESIAN_POINT('Ctrl Pts',(63.9356996336406,-17.4767267042932,3.77258784910117));
#4932=CARTESIAN_POINT('Ctrl Pts',(63.9226240894294,-16.8949511113374,4.11400335430764));
#4933=CARTESIAN_POINT('Ctrl Pts',(63.9115991243063,-16.2777603922006,4.47226080464934));
#4934=CARTESIAN_POINT('Ctrl Pts',(63.9004285916014,-15.6730950560198,4.8467507447602));
#4935=CARTESIAN_POINT('Ctrl Pts',(63.8798113919266,-14.9366513027672,5.28839709974044));
#4936=CARTESIAN_POINT('Ctrl Pts',(63.8557121014788,-14.177601330314,5.62712953211577));
#4937=CARTESIAN_POINT('Ctrl Pts',(63.8351100366083,-13.335476170224,5.96651772654225));
#4938=CARTESIAN_POINT('Ctrl Pts',(63.8275473703593,-12.9423213005867,6.13566435175952));
#4939=CARTESIAN_POINT('Ctrl Pts',(63.8162524226505,-12.3141749520937,6.43915360236609));
#4940=CARTESIAN_POINT('Ctrl Pts',(63.7915269039331,-11.5766224247526,6.83734994604283));
#4941=CARTESIAN_POINT('Ctrl Pts',(63.7567555859755,-10.7295108005839,7.16153589313266));
#4942=CARTESIAN_POINT('Ctrl Pts',(63.7181427697698,-9.62715023908556,7.47597577619598));
#4943=CARTESIAN_POINT('Ctrl Pts',(63.6776768029379,-8.33084899738265,7.83443944587176));
#4944=CARTESIAN_POINT('Ctrl Pts',(63.6023371326565,-6.10654817354497,8.52975869737687));
#4945=CARTESIAN_POINT('Ctrl Pts',(63.503860430251,-3.81151333686935,9.2433440017961));
#4946=CARTESIAN_POINT('Ctrl Pts',(63.3910529568726,-1.58390138662199,9.70329730442874));
#4947=CARTESIAN_POINT('Ctrl Pts',(63.2990212702145,0.280336231814853,10.0047214440324));
#4948=CARTESIAN_POINT('Ctrl Pts',(63.2006233408959,2.21796185353923,10.3398185527834));
#4949=CARTESIAN_POINT('Ctrl Pts',(63.0603446929878,4.69928225163736,10.7822388954226));
#4950=CARTESIAN_POINT('Ctrl Pts',(62.8665985410697,7.7180498147666,11.2454615428524));
#4951=CARTESIAN_POINT('Ctrl Pts',(62.6033113466484,11.3786434469318,11.5840768292483));
#4952=CARTESIAN_POINT('Ctrl Pts',(62.2107779748586,16.4630491944583,11.942973414072));
#4953=CARTESIAN_POINT('Ctrl Pts',(61.6404735269692,22.7068450340813,12.329008567338));
#4954=CARTESIAN_POINT('Ctrl Pts',(60.9551565365972,28.9648231605125,12.4045673813796));
#4955=CARTESIAN_POINT('Ctrl Pts',(60.3337514215783,33.9932077261786,12.3719863019761));
#4956=CARTESIAN_POINT('Ctrl Pts',(59.8305267896275,37.7167956170301,12.2600721941748));
#4957=CARTESIAN_POINT('Ctrl Pts',(59.2890573115359,41.5520690099439,12.1162440334385));
#4958=CARTESIAN_POINT('Ctrl Pts',(58.9018001352347,44.0369895968018,12.0314605520687));
#4959=CARTESIAN_POINT('Ctrl Pts',(57.7952833245581,50.828586354539,11.6599222186528));
#4960=CARTESIAN_POINT('Ctrl Pts',(56.8006804326942,56.4113953557176,10.9616459379831));
#4961=CARTESIAN_POINT('Ctrl Pts',(55.7157110680721,62.0000014827347,10.179552268892));
#4962=CARTESIAN_POINT('Ctrl Pts',(70.0000000000001,-21.714662303318,-2.65123118860553));
#4963=CARTESIAN_POINT('Ctrl Pts',(68.0066886378075,-21.8855550958943,-2.61647094687897));
#4964=CARTESIAN_POINT('Ctrl Pts',(66.0133772756149,-22.0564478884707,-2.58171070515242));
#4965=CARTESIAN_POINT('Ctrl Pts',(64.0200659134222,-22.227340681047,-2.54695046342587));
#4966=CARTESIAN_POINT('Origin',(70.0000000000001,-20.0000000000001,-3.));
#4967=CARTESIAN_POINT('',(64.0204665024102,-22.2456714419817,-3.35085730406812));
#4968=CARTESIAN_POINT('Ctrl Pts',(64.0204665024102,-22.2456714419817,-3.35085730406812));
#4969=CARTESIAN_POINT('Ctrl Pts',(64.0213708775911,-22.2871858347262,-3.08463076696134));
#4970=CARTESIAN_POINT('Ctrl Pts',(64.0212410686255,-22.2809465342934,-2.81101029849714));
#4971=CARTESIAN_POINT('Ctrl Pts',(64.0200659134222,-22.227340681047,-2.54695046342587));
#4972=CARTESIAN_POINT('',(70.0000000000001,-21.7288004360741,-3.27010285161638));
#4973=CARTESIAN_POINT('Ctrl Pts',(59.8712195361742,-88.0000000000001,-15.928592645224));
#4974=CARTESIAN_POINT('Ctrl Pts',(59.9158205685492,-87.0001161129829,-15.9529346818869));
#4975=CARTESIAN_POINT('Ctrl Pts',(59.9587473898245,-86.0001161129829,-15.9767371334789));
#4976=CARTESIAN_POINT('Ctrl Pts',(61.7785035500558,-41.8824845302928,-17.0029205549953));
#4977=CARTESIAN_POINT('Ctrl Pts',(62.7844675870444,2.2212652783434,-16.5101907995905));
#4978=CARTESIAN_POINT('Ctrl Pts',(55.0997296710498,50.6765582686963,-15.9322998255825));
#4979=CARTESIAN_POINT('Ctrl Pts',(54.1034748197206,56.3433510683404,-15.8556161226105));
#4980=CARTESIAN_POINT('Ctrl Pts',(53.0112354460125,62.0003783989323,-15.7699488910844));
#4981=CARTESIAN_POINT('Ctrl Pts',(59.8712195361742,-88.0000000000001,-0.667939197656009));
#4982=CARTESIAN_POINT('Ctrl Pts',(59.9158205685492,-87.0001161129829,-0.667271708250989));
#4983=CARTESIAN_POINT('Ctrl Pts',(59.9587473898245,-86.0001161129829,-0.666847531254555));
#4984=CARTESIAN_POINT('Ctrl Pts',(61.7785035500558,-41.8824845302928,-0.658869140395018));
#4985=CARTESIAN_POINT('Ctrl Pts',(62.7844675870444,2.2212652783434,-1.3824589363319));
#4986=CARTESIAN_POINT('Ctrl Pts',(55.0997296710498,50.6765582686963,-2.08194510319301));
#4987=CARTESIAN_POINT('Ctrl Pts',(54.1034748197206,56.3433510683404,-2.16693812183766));
#4988=CARTESIAN_POINT('Ctrl Pts',(53.0112354460125,62.0003783989323,-2.25497905593406));
#4989=CARTESIAN_POINT('Ctrl Pts',(59.8712195361742,-88.0000000000001,14.592714249912));
#4990=CARTESIAN_POINT('Ctrl Pts',(59.9158205685492,-87.0001161129829,14.6183912653849));
#4991=CARTESIAN_POINT('Ctrl Pts',(59.9587473898245,-86.0001161129829,14.6430420709698));
#4992=CARTESIAN_POINT('Ctrl Pts',(61.7785035500558,-41.8824845302928,15.6851822742055));
#4993=CARTESIAN_POINT('Ctrl Pts',(62.7844675870444,2.2212652783434,13.7452729269267));
#4994=CARTESIAN_POINT('Ctrl Pts',(55.0997296710498,50.6765582686963,11.7684096191964));
#4995=CARTESIAN_POINT('Ctrl Pts',(54.1034748197206,56.3433510683404,11.5217398789352));
#4996=CARTESIAN_POINT('Ctrl Pts',(53.0112354460125,62.0003783989323,11.2599907792163));
#4997=CARTESIAN_POINT('Ctrl Pts',(59.8712195361742,-88.0000000000001,29.8533676974801));
#4998=CARTESIAN_POINT('Ctrl Pts',(59.9158205685492,-87.0001161129829,29.9040542390209));
#4999=CARTESIAN_POINT('Ctrl Pts',(59.9587473898245,-86.0001161129829,29.9529316731942));
#5000=CARTESIAN_POINT('Ctrl Pts',(61.7785035500558,-41.8824845302928,32.0292336888057));
#5001=CARTESIAN_POINT('Ctrl Pts',(62.7844675870444,2.2212652783434,28.8730047901854));
#5002=CARTESIAN_POINT('Ctrl Pts',(55.0997296710498,50.6765582686963,25.6187643415859));
#5003=CARTESIAN_POINT('Ctrl Pts',(54.1034748197206,56.3433510683404,25.2104178797081));
#5004=CARTESIAN_POINT('Ctrl Pts',(53.0112354460125,62.0003783989323,24.7749606143667));
#5005=CARTESIAN_POINT('Ctrl Pts',(59.8712195361742,-88.0000000000001,-15.928592645224));
#5006=CARTESIAN_POINT('Ctrl Pts',(59.8712195361742,-88.0000000000001,-8.29826592144003));
#5007=CARTESIAN_POINT('Ctrl Pts',(59.8712195361742,-88.0000000000001,-0.667939197656009));
#5008=CARTESIAN_POINT('Ctrl Pts',(59.8712195361742,-88.0000000000001,14.592714249912));
#5009=CARTESIAN_POINT('Ctrl Pts',(59.8712195361742,-88.0000000000001,22.223040973696));
#5010=CARTESIAN_POINT('Ctrl Pts',(59.8712195361742,-88.0000000000001,29.8533676974801));
#5011=CARTESIAN_POINT('',(56.,45.,-13.123696386872));
#5012=CARTESIAN_POINT('Ctrl Pts',(55.999976640912,45.0001183727772,-13.1255887479929));
#5013=CARTESIAN_POINT('Ctrl Pts',(55.9999244298615,45.0004475820839,-13.1255680681171));
#5014=CARTESIAN_POINT('Ctrl Pts',(55.9998722183038,45.0007767916115,-13.125547388245));
#5015=CARTESIAN_POINT('Ctrl Pts',(55.4562242468202,48.4286092800376,-12.9102222779627));
#5016=CARTESIAN_POINT('Ctrl Pts',(54.4978698787505,54.0997061970048,-12.4097512047536));
#5017=CARTESIAN_POINT('Ctrl Pts',(53.4447315055155,59.7551647922082,-11.9163548168384));
#5018=CARTESIAN_POINT('Ctrl Pts',(53.0113084907849,62.0000000535456,-11.7045683426138));
#5019=CARTESIAN_POINT('',(61.2820662810824,-25.2266350764129,-3.81218855181309));
#5020=CARTESIAN_POINT('Ctrl Pts',(61.2820662810824,-25.2266350764129,-3.81218855181324));
#5021=CARTESIAN_POINT('Ctrl Pts',(61.2802756131515,-25.0361522948448,-5.03753597685291));
#5022=CARTESIAN_POINT('Ctrl Pts',(61.2699264430955,-23.9139131993564,-7.34946844234309));
#5023=CARTESIAN_POINT('Ctrl Pts',(61.2373125356255,-21.4012404642048,-9.27966021845713));
#5024=CARTESIAN_POINT('Ctrl Pts',(61.198855196857,-19.139196175914,-10.2716522681887));
#5025=CARTESIAN_POINT('Ctrl Pts',(61.1639258352424,-17.3597493797832,-10.8152714912098));
#5026=CARTESIAN_POINT('Ctrl Pts',(61.1238446844548,-15.5737634662076,-11.3071158657018));
#5027=CARTESIAN_POINT('Ctrl Pts',(61.0628384876631,-13.1603227542415,-11.8364737203524));
#5028=CARTESIAN_POINT('Ctrl Pts',(60.9718671989203,-10.1001090905432,-12.2732660070161));
#5029=CARTESIAN_POINT('Ctrl Pts',(60.8397462244275,-6.42827588555358,-12.7015319783915));
#5030=CARTESIAN_POINT('Ctrl Pts',(60.6832734320258,-2.74494164014793,-13.0464834139986));
#5031=CARTESIAN_POINT('Ctrl Pts',(60.5015604154382,0.941338111375038,-13.3091633456307));
#5032=CARTESIAN_POINT('Ctrl Pts',(60.2934762448514,4.63249916284134,-13.47388234647));
#5033=CARTESIAN_POINT('Ctrl Pts',(60.0583907422468,8.3202262062214,-13.6436351205673));
#5034=CARTESIAN_POINT('Ctrl Pts',(59.7951551809302,12.0075336733665,-13.7300773996334));
#5035=CARTESIAN_POINT('Ctrl Pts',(59.4054195439409,16.9205243736731,-13.774089619064));
#5036=CARTESIAN_POINT('Ctrl Pts',(58.8433988847993,23.0523815591012,-13.9513476774478));
#5037=CARTESIAN_POINT('Ctrl Pts',(58.1746869746573,29.1729861820365,-13.9045040822023));
#5038=CARTESIAN_POINT('Ctrl Pts',(57.5724023337974,34.0562933247441,-13.7185507954959));
#5039=CARTESIAN_POINT('Ctrl Pts',(57.0859594116221,37.7132421363783,-13.5952844837801));
#5040=CARTESIAN_POINT('Ctrl Pts',(56.5643341239285,41.3605282095176,-13.3546922502464));
#5041=CARTESIAN_POINT('Ctrl Pts',(56.1926847469768,43.7850249903107,-13.2019170280837));
#5042=CARTESIAN_POINT('Ctrl Pts',(55.999976640912,45.0001183727772,-13.1255887479929));
#5043=CARTESIAN_POINT('',(61.2816673737402,-25.1843349379151,-1.9512590445005));
#5044=CARTESIAN_POINT('Ctrl Pts',(61.2816673737402,-25.1843349379151,-1.9512590445005));
#5045=CARTESIAN_POINT('Ctrl Pts',(61.2828375943164,-25.3080352038613,-2.5624905632577));
#5046=CARTESIAN_POINT('Ctrl Pts',(61.2829668608397,-25.3224344897112,-3.19592516338934));
#5047=CARTESIAN_POINT('Ctrl Pts',(61.2820662810824,-25.2266350764129,-3.81218855181309));
#5048=CARTESIAN_POINT('',(56.,45.,14.9448663641221));
#5049=CARTESIAN_POINT('Ctrl Pts',(55.9999866515702,45.000052550507,14.9458714836669));
#5050=CARTESIAN_POINT('Ctrl Pts',(56.1989402607605,43.7456914567469,15.0155903849602));
#5051=CARTESIAN_POINT('Ctrl Pts',(56.5826572922472,41.2394915126332,15.1020686085522));
#5052=CARTESIAN_POINT('Ctrl Pts',(57.1198720071329,37.4698010076419,15.2445547616899));
#5053=CARTESIAN_POINT('Ctrl Pts',(57.6191177193852,33.6933728665522,15.3597953812496));
#5054=CARTESIAN_POINT('Ctrl Pts',(58.2358623083762,28.6476724258159,15.3932549256796));
#5055=CARTESIAN_POINT('Ctrl Pts',(58.9162326648346,22.3329251749678,15.3177235107547));
#5056=CARTESIAN_POINT('Ctrl Pts',(59.4827094768025,16.0198441161765,14.9254886138161));
#5057=CARTESIAN_POINT('Ctrl Pts',(59.8727241552825,10.9658069240277,14.5664952200334));
#5058=CARTESIAN_POINT('Ctrl Pts',(60.1343860037765,7.1782811848805,14.2162552224644));
#5059=CARTESIAN_POINT('Ctrl Pts',(60.3269778563676,4.03835636747045,13.7314319017652));
#5060=CARTESIAN_POINT('Ctrl Pts',(60.4664439981506,1.53854399717704,13.2834212849512));
#5061=CARTESIAN_POINT('Ctrl Pts',(60.5642826102663,-0.336550444698371,12.9563982981459));
#5062=CARTESIAN_POINT('Ctrl Pts',(60.655801447964,-2.21931546172862,12.6518780122872));
#5063=CARTESIAN_POINT('Ctrl Pts',(60.7679926831647,-4.70595946542022,12.1376350237347));
#5064=CARTESIAN_POINT('Ctrl Pts',(60.8659481458076,-7.15222389466918,11.3681508941996));
#5065=CARTESIAN_POINT('Ctrl Pts',(60.9409003961299,-9.27503569560368,10.7031680606978));
#5066=CARTESIAN_POINT('Ctrl Pts',(60.9811614257783,-10.4963609415185,10.3621836736048));
#5067=CARTESIAN_POINT('Ctrl Pts',(61.0195807391936,-11.7194087560961,10.0165918904453));
#5068=CARTESIAN_POINT('Ctrl Pts',(61.0541806719856,-12.9093020307723,9.56097840512215));
#5069=CARTESIAN_POINT('Ctrl Pts',(61.0787860736739,-13.8205036015303,9.06798910398591));
#5070=CARTESIAN_POINT('Ctrl Pts',(61.0900264816809,-14.2501483753864,8.86031553577107));
#5071=CARTESIAN_POINT('Ctrl Pts',(61.097552726599,-14.541842263311,8.73308412818817));
#5072=CARTESIAN_POINT('Ctrl Pts',(61.1180559612782,-15.3528858293959,8.40479809735519));
#5073=CARTESIAN_POINT('Ctrl Pts',(61.1420412840503,-16.3756469441744,7.95457112367349));
#5074=CARTESIAN_POINT('Ctrl Pts',(61.1625624123727,-17.3304779248416,7.37460735438605));
#5075=CARTESIAN_POINT('Ctrl Pts',(61.1736812641974,-17.870889214132,7.03826681017319));
#5076=CARTESIAN_POINT('Ctrl Pts',(61.184655482818,-18.4213777909146,6.71737478237177));
#5077=CARTESIAN_POINT('Ctrl Pts',(61.1976713132583,-19.1071619278564,6.31354525423553));
#5078=CARTESIAN_POINT('Ctrl Pts',(61.216487332706,-20.1686858533032,5.60141718260093));
#5079=CARTESIAN_POINT('Ctrl Pts',(61.2298604718622,-21.0080341718301,4.86362106328083));
#5080=CARTESIAN_POINT('Ctrl Pts',(61.2397054474136,-21.675243525939,4.17546425297817));
#5081=CARTESIAN_POINT('Ctrl Pts',(61.2444781876355,-22.0097270621586,3.83357054625475));
#5082=CARTESIAN_POINT('Ctrl Pts',(61.2491605690359,-22.3498385387524,3.49672767991494));
#5083=CARTESIAN_POINT('Ctrl Pts',(61.2580321179608,-23.0177970666144,2.81440063419567));
#5084=CARTESIAN_POINT('Ctrl Pts',(61.2689494559836,-23.930819586929,1.67489549392034));
#5085=CARTESIAN_POINT('Ctrl Pts',(61.2761081791949,-24.6161892343511,0.213761231896477));
#5086=CARTESIAN_POINT('Ctrl Pts',(61.2796959343839,-24.9775585420031,-1.01258512811634));
#5087=CARTESIAN_POINT('Ctrl Pts',(61.2810677473362,-25.1209503528518,-1.63806120375437));
#5088=CARTESIAN_POINT('Ctrl Pts',(61.2816673737402,-25.1843349379151,-1.9512590445005));
#5089=CARTESIAN_POINT('Ctrl Pts',(53.0113084402279,62.0000004725793,13.1172259303528));
#5090=CARTESIAN_POINT('Ctrl Pts',(54.0978786320248,56.3723241344906,13.9110306039514));
#5091=CARTESIAN_POINT('Ctrl Pts',(55.0938282202288,50.7130278401673,14.6282371690358));
#5092=CARTESIAN_POINT('Ctrl Pts',(55.9998207900224,45.0010982654905,14.9458133569802));
#5093=CARTESIAN_POINT('Ctrl Pts',(55.9999037214162,45.0005754078665,14.9458424226248));
#5094=CARTESIAN_POINT('Ctrl Pts',(55.9999866515702,45.000052550507,14.9458714836669));
#5095=CARTESIAN_POINT('Ctrl Pts',(70.0000000000001,-21.7288004360741,-3.27010285161643));
#5096=CARTESIAN_POINT('Ctrl Pts',(65.2473325375744,-22.1396211151519,-3.33428830333572));
#5097=CARTESIAN_POINT('Ctrl Pts',(60.4946650751487,-22.5504417942297,-3.39847375505501));
#5098=CARTESIAN_POINT('Ctrl Pts',(55.741997612723,-22.9612624733075,-3.4626592067743));
#5099=CARTESIAN_POINT('Ctrl Pts',(70.0000000000001,-21.6729745088064,-3.62741817363953));
#5100=CARTESIAN_POINT('Ctrl Pts',(65.2473325375744,-22.0752046053358,-3.74413647614386));
#5101=CARTESIAN_POINT('Ctrl Pts',(60.4946650751487,-22.4789929709641,-3.8582352352859));
#5102=CARTESIAN_POINT('Ctrl Pts',(55.741997612723,-22.8812230674935,-3.97495353779023));
#5103=CARTESIAN_POINT('Ctrl Pts',(70.0000000000001,-21.4486441685131,-4.2220542117023));
#5104=CARTESIAN_POINT('Ctrl Pts',(65.2473325375744,-21.8207290672851,-4.41611964445591));
#5105=CARTESIAN_POINT('Ctrl Pts',(60.4946650751487,-22.1922814950231,-4.61070126706186));
#5106=CARTESIAN_POINT('Ctrl Pts',(55.741997612723,-22.5643663937951,-4.80476669981547));
#5107=CARTESIAN_POINT('Ctrl Pts',(70.0000000000001,-20.8711649863349,-5.08858913123923));
#5108=CARTESIAN_POINT('Ctrl Pts',(65.2473325375744,-21.1819898161788,-5.37141510183407));
#5109=CARTESIAN_POINT('Ctrl Pts',(60.4946650751487,-21.4937464061492,-5.65311169417697));
#5110=CARTESIAN_POINT('Ctrl Pts',(55.741997612723,-21.8045712359932,-5.93593766477181));
#5111=CARTESIAN_POINT('Ctrl Pts',(70.0000000000001,-19.9346298839111,-5.92747564293513));
#5112=CARTESIAN_POINT('Ctrl Pts',(65.2473325375744,-20.1760844862525,-6.26937528649633));
#5113=CARTESIAN_POINT('Ctrl Pts',(60.4946650751487,-20.4172185446502,-6.61172349628831));
#5114=CARTESIAN_POINT('Ctrl Pts',(55.741997612723,-20.6586731469915,-6.95362313984951));
#5115=CARTESIAN_POINT('Ctrl Pts',(70.0000000000001,-19.0818889206729,-6.40472143352472));
#5116=CARTESIAN_POINT('Ctrl Pts',(65.2473325375744,-19.275529385624,-6.77309754320215));
#5117=CARTESIAN_POINT('Ctrl Pts',(60.4946650751487,-19.4693385478204,-7.14131583770117));
#5118=CARTESIAN_POINT('Ctrl Pts',(55.741997612723,-19.6629790127716,-7.5096919473786));
#5119=CARTESIAN_POINT('Ctrl Pts',(70.0000000000001,-18.5979173242904,-6.63585144293155));
#5120=CARTESIAN_POINT('Ctrl Pts',(65.2473325375744,-18.7691464070672,-7.01490632012968));
#5121=CARTESIAN_POINT('Ctrl Pts',(60.4946650751487,-18.9402300849463,-7.39397491245446));
#5122=CARTESIAN_POINT('Ctrl Pts',(55.741997612723,-19.111459167723,-7.77302978965259));
#5123=CARTESIAN_POINT('Ctrl Pts',(70.0000000000001,-17.8575031584395,-6.95459098479759));
#5124=CARTESIAN_POINT('Ctrl Pts',(65.2473325375744,-17.9979021208664,-7.34677451490474));
#5125=CARTESIAN_POINT('Ctrl Pts',(60.4946650751487,-18.1389795112093,-7.7386816961807));
#5126=CARTESIAN_POINT('Ctrl Pts',(55.741997612723,-18.2793784736362,-8.13086522628785));
#5127=CARTESIAN_POINT('Ctrl Pts',(70.0000000000001,-16.7572703219275,-7.31194918236695));
#5128=CARTESIAN_POINT('Ctrl Pts',(65.2473325375744,-16.8697395658996,-7.7123168635222));
#5129=CARTESIAN_POINT('Ctrl Pts',(60.4946650751487,-16.9820613884196,-8.11266829187207));
#5130=CARTESIAN_POINT('Ctrl Pts',(55.741997612723,-17.0945306323916,-8.51303597302732));
#5131=CARTESIAN_POINT('Ctrl Pts',(70.0000000000001,-14.8922138651387,-7.8163353047502));
#5132=CARTESIAN_POINT('Ctrl Pts',(65.2473325375744,-14.9979873706597,-8.21850503403766));
#5133=CARTESIAN_POINT('Ctrl Pts',(60.4946650751487,-15.1038596146446,-8.62072413245662));
#5134=CARTESIAN_POINT('Ctrl Pts',(55.741997612723,-15.2096331201656,-9.02289386174408));
#5135=CARTESIAN_POINT('Ctrl Pts',(70.0000000000001,-13.4728201533018,-8.15217014084311));
#5136=CARTESIAN_POINT('Ctrl Pts',(65.2473325375744,-13.5544150647715,-8.5602888084786));
#5137=CARTESIAN_POINT('Ctrl Pts',(60.4946650751487,-13.6356581286246,-8.96836051736421));
#5138=CARTESIAN_POINT('Ctrl Pts',(55.741997612723,-13.7172530400942,-9.37647918499971));
#5139=CARTESIAN_POINT('Ctrl Pts',(70.0000000000001,-11.8498733149052,-8.43365550036397));
#5140=CARTESIAN_POINT('Ctrl Pts',(65.2473325375744,-11.9112729408616,-8.84488386246407));
#5141=CARTESIAN_POINT('Ctrl Pts',(60.4946650751487,-11.9736374234504,-9.25607648207229));
#5142=CARTESIAN_POINT('Ctrl Pts',(55.741997612723,-12.0350370494069,-9.66730484417238));
#5143=CARTESIAN_POINT('Ctrl Pts',(70.,-10.1054772918877,-8.67468516020044));
#5144=CARTESIAN_POINT('Ctrl Pts',(65.2473325375743,-10.1617134717431,-9.0867341466211));
#5145=CARTESIAN_POINT('Ctrl Pts',(60.4946650751487,-10.2164815802021,-9.49887394378367));
#5146=CARTESIAN_POINT('Ctrl Pts',(55.741997612723,-10.2727177600574,-9.91092293020433));
#5147=CARTESIAN_POINT('Ctrl Pts',(70.,-8.02151438327795,-8.94893460545795));
#5148=CARTESIAN_POINT('Ctrl Pts',(65.2473325375743,-8.06688399154375,-9.36224064524437));
#5149=CARTESIAN_POINT('Ctrl Pts',(60.4946650751486,-8.11348488659734,-9.77548629147508));
#5150=CARTESIAN_POINT('Ctrl Pts',(55.7419976127229,-8.15885449486314,-10.1887923312615));
#5151=CARTESIAN_POINT('Ctrl Pts',(70.,-4.6437195556496,-9.29018303772761));
#5152=CARTESIAN_POINT('Ctrl Pts',(65.2473325375743,-4.68339994238546,-9.70418127795523));
#5153=CARTESIAN_POINT('Ctrl Pts',(60.4946650751486,-4.72348630409652,-10.1180904031032));
#5154=CARTESIAN_POINT('Ctrl Pts',(55.7419976127229,-4.76316669083238,-10.5320886433308));
#5155=CARTESIAN_POINT('Ctrl Pts',(70.,-0.642015162391279,-9.62110999945571));
#5156=CARTESIAN_POINT('Ctrl Pts',(65.2473325375743,-0.669557790079988,-10.0360219984636));
#5157=CARTESIAN_POINT('Ctrl Pts',(60.4946650751486,-0.697249320738922,-10.4509797149685));
#5158=CARTESIAN_POINT('Ctrl Pts',(55.7419976127229,-0.724791948427631,-10.8658917139764));
#5159=CARTESIAN_POINT('Ctrl Pts',(70.,3.69081380777612,-9.83458087366312));
#5160=CARTESIAN_POINT('Ctrl Pts',(65.2473325375743,3.67619450249579,-10.2501964756131));
#5161=CARTESIAN_POINT('Ctrl Pts',(60.4946650751486,3.66154954031153,-10.6657685443589));
#5162=CARTESIAN_POINT('Ctrl Pts',(55.7419976127229,3.6469302350312,-11.0813841463089));
#5163=CARTESIAN_POINT('Ctrl Pts',(70.,8.2594164296945,-10.0171171980654));
#5164=CARTESIAN_POINT('Ctrl Pts',(65.2473325375743,8.24254211145633,-10.4325604255071));
#5165=CARTESIAN_POINT('Ctrl Pts',(60.4946650751486,8.22650619968439,-10.8480821412086));
#5166=CARTESIAN_POINT('Ctrl Pts',(55.7419976127229,8.20963188144623,-11.2635253686503));
#5167=CARTESIAN_POINT('Ctrl Pts',(70.,12.2904400307758,-10.0875380937765));
#5168=CARTESIAN_POINT('Ctrl Pts',(65.2473325375743,12.2898758014834,-10.5034734367721));
#5169=CARTESIAN_POINT('Ctrl Pts',(60.4946650751486,12.2889904881591,-10.9193765676284));
#5170=CARTESIAN_POINT('Ctrl Pts',(55.7419976127229,12.2884262588667,-11.335311910624));
#5171=CARTESIAN_POINT('Ctrl Pts',(70.,14.2864195579352,-10.0920305128212));
#5172=CARTESIAN_POINT('Ctrl Pts',(65.2473325375743,14.2825130193468,-10.5077541461817));
#5173=CARTESIAN_POINT('Ctrl Pts',(60.4946650751486,14.2805929060466,-10.9235920147518));
#5174=CARTESIAN_POINT('Ctrl Pts',(55.7419976127229,14.2766863674582,-11.3393156481123));
#5175=CARTESIAN_POINT('Ctrl Pts',(70.,14.9577476014921,-10.0981886979097));
#5176=CARTESIAN_POINT('Ctrl Pts',(65.2473325375743,14.9556298120207,-10.5140127589806));
#5177=CARTESIAN_POINT('Ctrl Pts',(60.4946650751486,14.9522545712384,-10.929771539039));
#5178=CARTESIAN_POINT('Ctrl Pts',(55.7419976127229,14.9501367817671,-11.3455956001099));
#5179=CARTESIAN_POINT('Ctrl Pts',(70.,15.106202855493,-10.0988146165034));
#5180=CARTESIAN_POINT('Ctrl Pts',(65.2473325375743,15.103333092233,-10.5146022102511));
#5181=CARTESIAN_POINT('Ctrl Pts',(60.4946650751486,15.1009323825483,-10.9304116067587));
#5182=CARTESIAN_POINT('Ctrl Pts',(55.7419976127229,15.0980626192883,-11.3461992005064));
#5183=CARTESIAN_POINT('Ctrl Pts',(70.,15.3868090108345,-10.1008059902891));
#5184=CARTESIAN_POINT('Ctrl Pts',(65.2473325375743,15.3843005055064,-10.5166087027531));
#5185=CARTESIAN_POINT('Ctrl Pts',(60.4946650751486,15.3811556805396,-10.9323962768277));
#5186=CARTESIAN_POINT('Ctrl Pts',(55.7419976127229,15.3786471752115,-11.3481989892918));
#5187=CARTESIAN_POINT('Ctrl Pts',(70.,15.8320617055103,-10.1035928272724));
#5188=CARTESIAN_POINT('Ctrl Pts',(65.2473325375743,15.8288581272561,-10.5193851341128));
#5189=CARTESIAN_POINT('Ctrl Pts',(60.4946650751486,15.8262228108305,-10.9351812946367));
#5190=CARTESIAN_POINT('Ctrl Pts',(55.7419976127229,15.8230192325763,-11.350973601477));
#5191=CARTESIAN_POINT('Ctrl Pts',(70.,16.6433867105085,-10.1101661090988));
#5192=CARTESIAN_POINT('Ctrl Pts',(65.2473325375743,16.6401555711494,-10.5259541796026));
#5193=CARTESIAN_POINT('Ctrl Pts',(60.4946650751486,16.6363406652287,-10.9417460506114));
#5194=CARTESIAN_POINT('Ctrl Pts',(55.7419976127229,16.6331095258696,-11.3575341211153));
#5195=CARTESIAN_POINT('Ctrl Pts',(70.0000000000002,18.0713126103876,-10.1222107997706));
#5196=CARTESIAN_POINT('Ctrl Pts',(65.2473325375745,18.0658727045762,-10.5379938738047));
#5197=CARTESIAN_POINT('Ctrl Pts',(60.4946650751487,18.0609826000631,-10.9537708562377));
#5198=CARTESIAN_POINT('Ctrl Pts',(55.741997612723,18.0555426942517,-11.3695539302718));
#5199=CARTESIAN_POINT('Ctrl Pts',(69.9999999999999,20.0864112946487,-10.1524000622856));
#5200=CARTESIAN_POINT('Ctrl Pts',(65.2473325375742,20.0809118869171,-10.5681526859442));
#5201=CARTESIAN_POINT('Ctrl Pts',(60.4946650751486,20.0752126149468,-10.9839071347338));
#5202=CARTESIAN_POINT('Ctrl Pts',(55.7419976127229,20.0697132072151,-11.3996597583924));
#5203=CARTESIAN_POINT('Ctrl Pts',(70.0000000000002,24.2627659168631,-10.1927104293767));
#5204=CARTESIAN_POINT('Ctrl Pts',(65.2473325375745,24.2614131800048,-10.6085628370543));
#5205=CARTESIAN_POINT('Ctrl Pts',(60.4946650751487,24.2601633040231,-11.0244173987108));
#5206=CARTESIAN_POINT('Ctrl Pts',(55.741997612723,24.2588105671648,-11.4402698063884));
#5207=CARTESIAN_POINT('Ctrl Pts',(69.9999999999999,28.1400517448433,-10.1579849202797));
#5208=CARTESIAN_POINT('Ctrl Pts',(65.2473325375742,28.1517657393605,-10.5737028105443));
#5209=CARTESIAN_POINT('Ctrl Pts',(60.4946650751485,28.1637182850307,-10.9894056270591));
#5210=CARTESIAN_POINT('Ctrl Pts',(55.7419976127228,28.1754322795479,-11.4051235173236));
#5211=CARTESIAN_POINT('Ctrl Pts',(70.0000000000001,31.2466878830512,-10.0177497339047));
#5212=CARTESIAN_POINT('Ctrl Pts',(65.2473325375744,31.2658538330984,-10.4331136222157));
#5213=CARTESIAN_POINT('Ctrl Pts',(60.4946650751486,31.2845295321802,-10.8484998780748));
#5214=CARTESIAN_POINT('Ctrl Pts',(55.7419976127229,31.3036954822274,-11.2638637663858));
#5215=CARTESIAN_POINT('Ctrl Pts',(70.,33.6377826538421,-9.91543791686666));
#5216=CARTESIAN_POINT('Ctrl Pts',(65.2473325375743,33.6554652195806,-10.3308671924189));
#5217=CARTESIAN_POINT('Ctrl Pts',(60.4946650751486,33.6736172647253,-10.7462757408268));
#5218=CARTESIAN_POINT('Ctrl Pts',(55.7419976127229,33.6912998304637,-11.161705016379));
#5219=CARTESIAN_POINT('Ctrl Pts',(70.,34.779513727283,-9.86416774767875));
#5220=CARTESIAN_POINT('Ctrl Pts',(65.2473325375743,34.7992720495182,-10.2794954702714));
#5221=CARTESIAN_POINT('Ctrl Pts',(60.4946650751486,34.8183361817228,-10.6948596195681));
#5222=CARTESIAN_POINT('Ctrl Pts',(55.7419976127229,34.838094503958,-11.1101873421608));
#5223=CARTESIAN_POINT('Ctrl Pts',(70.0000000000001,36.4994075712779,-9.78245028258299));
#5224=CARTESIAN_POINT('Ctrl Pts',(65.2473325375744,36.5198997273853,-10.1977772270168));
#5225=CARTESIAN_POINT('Ctrl Pts',(60.4946650751486,36.5410075919327,-10.613065260884));
#5226=CARTESIAN_POINT('Ctrl Pts',(55.7419976127229,36.56149974804,-11.0283922053178));
#5227=CARTESIAN_POINT('Ctrl Pts',(70.,38.8661242546517,-9.64434788019822));
#5228=CARTESIAN_POINT('Ctrl Pts',(65.2473325375743,38.8958711860596,-10.0591046607785));
#5229=CARTESIAN_POINT('Ctrl Pts',(60.4946650751486,38.925230075945,-10.4738879673243));
#5230=CARTESIAN_POINT('Ctrl Pts',(55.7419976127229,38.9549770073528,-10.8886447479046));
#5231=CARTESIAN_POINT('Ctrl Pts',(70.0000000000001,42.0329517036304,-9.39536303695394));
#5232=CARTESIAN_POINT('Ctrl Pts',(65.2473325375744,42.0661667889436,-9.80982895932133));
#5233=CARTESIAN_POINT('Ctrl Pts',(60.4946650751487,42.0996329005423,-10.2242771262169));
#5234=CARTESIAN_POINT('Ctrl Pts',(55.741997612723,42.1328479858556,-10.6387430485843));
#5235=CARTESIAN_POINT('Ctrl Pts',(70.,45.9466915724293,-9.10754233864497));
#5236=CARTESIAN_POINT('Ctrl Pts',(65.2473325375743,45.9765513822041,-9.52230017373996));
#5237=CARTESIAN_POINT('Ctrl Pts',(60.4946650751485,46.0067586214564,-9.93703435175079));
#5238=CARTESIAN_POINT('Ctrl Pts',(55.7419976127228,46.0366184312313,-10.3517921868458));
#5239=CARTESIAN_POINT('Ctrl Pts',(69.9999999999999,49.5229555905149,-8.79516988458877));
#5240=CARTESIAN_POINT('Ctrl Pts',(65.2473325375742,49.5631357080265,-9.20906176895644));
#5241=CARTESIAN_POINT('Ctrl Pts',(60.4946650751486,49.6022905983944,-9.62302340725219));
#5242=CARTESIAN_POINT('Ctrl Pts',(55.7419976127229,49.6424707159061,-10.0369152916199));
#5243=CARTESIAN_POINT('Ctrl Pts',(70.,51.8819444548235,-8.55847844838365));
#5244=CARTESIAN_POINT('Ctrl Pts',(65.2473325375743,51.9233494437989,-8.97220733687037));
#5245=CARTESIAN_POINT('Ctrl Pts',(60.4946650751486,51.9652649413528,-9.38590135200449));
#5246=CARTESIAN_POINT('Ctrl Pts',(55.7419976127229,52.0066699303282,-9.79963024049122));
#5247=CARTESIAN_POINT('Ctrl Pts',(70.,53.9388961303202,-8.34935538480009));
#5248=CARTESIAN_POINT('Ctrl Pts',(65.2473325375743,53.9821360812777,-8.76291588018031));
#5249=CARTESIAN_POINT('Ctrl Pts',(60.4946650751486,54.0248427525838,-9.17651232909941));
#5250=CARTESIAN_POINT('Ctrl Pts',(55.7419976127229,54.0680827035413,-9.59007282447962));
#5251=CARTESIAN_POINT('Ctrl Pts',(70.,56.8739289370213,-8.0441617900364));
#5252=CARTESIAN_POINT('Ctrl Pts',(65.2473325375743,56.9164660251848,-8.4577784148335));
#5253=CARTESIAN_POINT('Ctrl Pts',(60.4946650751485,56.959299317622,-8.87137739113591));
#5254=CARTESIAN_POINT('Ctrl Pts',(55.7419976127228,57.0018364057855,-9.28499401593301));
#5255=CARTESIAN_POINT('Ctrl Pts',(70.,59.5893281312074,-7.76243060078286));
#5256=CARTESIAN_POINT('Ctrl Pts',(65.2473325375743,59.6327441851921,-8.17596612560877));
#5257=CARTESIAN_POINT('Ctrl Pts',(60.4946650751486,59.6760571811384,-8.58950491751933));
#5258=CARTESIAN_POINT('Ctrl Pts',(55.7419976127229,59.7194732351231,-9.00304044234523));
#5259=CARTESIAN_POINT('Ctrl Pts',(70.,61.0241696954566,-7.60844089150595));
#5260=CARTESIAN_POINT('Ctrl Pts',(65.2473325375743,61.0688390281694,-8.02183749334592));
#5261=CARTESIAN_POINT('Ctrl Pts',(60.4946650751486,61.1135458387958,-8.43523539053202));
#5262=CARTESIAN_POINT('Ctrl Pts',(55.7419976127229,61.1582151715086,-8.84863199237198));
#5263=CARTESIAN_POINT('Ctrl Pts',(70.,61.6799992986437,-7.53691224278959));
#5264=CARTESIAN_POINT('Ctrl Pts',(65.2473325375743,61.7253218732222,-7.95024073535314));
#5265=CARTESIAN_POINT('Ctrl Pts',(60.4946650751486,61.7706809304873,-8.36356138109867));
#5266=CARTESIAN_POINT('Ctrl Pts',(55.7419976127229,61.8160035050658,-8.77688987366221));
#5267=CARTESIAN_POINT('Ctrl Pts',(70.,62.,-7.50154811536383));
#5268=CARTESIAN_POINT('Ctrl Pts',(65.2473325375743,62.0456736018611,-7.91483654329691));
#5269=CARTESIAN_POINT('Ctrl Pts',(60.4946650751486,62.0913472037222,-8.32812497122999));
#5270=CARTESIAN_POINT('Ctrl Pts',(55.7419976127229,62.1370208055833,-8.74141339916307));
#5271=CARTESIAN_POINT('Ctrl Pts',(55.7419819053455,61.9999968785302,-8.75654663984511));
#5272=CARTESIAN_POINT('Ctrl Pts',(56.16137264785,59.8368772615299,-8.95811747789153));
#5273=CARTESIAN_POINT('Ctrl Pts',(57.2042767113144,54.2173317492045,-9.44578488913805));
#5274=CARTESIAN_POINT('Ctrl Pts',(58.1545976149826,48.6522026731372,-9.93341299623945));
#5275=CARTESIAN_POINT('Ctrl Pts',(58.8954060798144,44.0252556865437,-10.2215318424045));
#5276=CARTESIAN_POINT('Ctrl Pts',(59.2705663598239,41.5480960093877,-10.3766653117159));
#5277=CARTESIAN_POINT('Ctrl Pts',(59.7963163261615,37.9406954020925,-10.6119000331827));
#5278=CARTESIAN_POINT('Ctrl Pts',(60.2866660499105,34.3167161019859,-10.7325871604654));
#5279=CARTESIAN_POINT('Ctrl Pts',(60.8935214110553,29.3834226459899,-10.9180253492561));
#5280=CARTESIAN_POINT('Ctrl Pts',(61.5671244438154,23.4056928341054,-10.9618214989356));
#5281=CARTESIAN_POINT('Ctrl Pts',(62.132972036564,17.2030837021399,-10.7861462118746));
#5282=CARTESIAN_POINT('Ctrl Pts',(62.5252479069086,12.2470660762752,-10.7413184862604));
#5283=CARTESIAN_POINT('Ctrl Pts',(62.7901365874597,8.61624603169577,-10.6561717994542));
#5284=CARTESIAN_POINT('Ctrl Pts',(63.0266476769609,4.93897311668649,-10.4883303820734));
#5285=CARTESIAN_POINT('Ctrl Pts',(63.235946962223,1.23039043285556,-10.3226160660612));
#5286=CARTESIAN_POINT('Ctrl Pts',(63.4186814557122,-2.34869837294068,-10.0690840471972));
#5287=CARTESIAN_POINT('Ctrl Pts',(63.575999425892,-6.03295902324172,-9.72475654720277));
#5288=CARTESIAN_POINT('Ctrl Pts',(63.7088054711746,-9.61334888074824,-9.31116763525584));
#5289=CARTESIAN_POINT('Ctrl Pts',(63.8002287425119,-12.6198398374387,-8.87912616763496));
#5290=CARTESIAN_POINT('Ctrl Pts',(63.861528859926,-14.7557722580038,-8.41129800758021));
#5291=CARTESIAN_POINT('Ctrl Pts',(63.9017989434619,-16.5052350494868,-7.93518589974686));
#5292=CARTESIAN_POINT('Ctrl Pts',(63.9368893417211,-18.0860769773187,-7.4475160783603));
#5293=CARTESIAN_POINT('Ctrl Pts',(63.9755200550099,-19.8202670078465,-6.68649969253054));
#5294=CARTESIAN_POINT('Ctrl Pts',(64.0082756656821,-21.5427608012235,-5.31684761131374));
#5295=CARTESIAN_POINT('Ctrl Pts',(64.0186682878481,-22.1439541218523,-4.00292086653135));
#5296=CARTESIAN_POINT('Ctrl Pts',(64.0204665024102,-22.2456714419817,-3.35085730406818));
#5297=CARTESIAN_POINT('Ctrl Pts',(52.9987386565685,62.0650808243989,-11.6984238798226));
#5298=CARTESIAN_POINT('Ctrl Pts',(53.4366350558257,59.7986357889601,-11.9125623824332));
#5299=CARTESIAN_POINT('Ctrl Pts',(54.4941866371271,54.1215019136111,-12.4078277451758));
#5300=CARTESIAN_POINT('Ctrl Pts',(55.4562242468202,48.4286092800376,-12.9102222779627));
#5301=CARTESIAN_POINT('Ctrl Pts',(56.1925840679702,43.7856817782178,-13.2018756419289));
#5302=CARTESIAN_POINT('Ctrl Pts',(56.5642870238757,41.3608575404971,-13.354670526018));
#5303=CARTESIAN_POINT('Ctrl Pts',(57.0859594116221,37.7132421363783,-13.5952844837801));
#5304=CARTESIAN_POINT('Ctrl Pts',(57.5724023337974,34.0562933247441,-13.7185507954959));
#5305=CARTESIAN_POINT('Ctrl Pts',(58.1746869746573,29.1729861820365,-13.9045040822023));
#5306=CARTESIAN_POINT('Ctrl Pts',(58.8433988847993,23.0523815591012,-13.9513476774478));
#5307=CARTESIAN_POINT('Ctrl Pts',(59.4054195439409,16.9205243736731,-13.774089619064));
#5308=CARTESIAN_POINT('Ctrl Pts',(59.7951551809302,12.0075336733665,-13.7300773996334));
#5309=CARTESIAN_POINT('Ctrl Pts',(60.0583907422468,8.3202262062214,-13.6436351205673));
#5310=CARTESIAN_POINT('Ctrl Pts',(60.2934762448514,4.63249916284134,-13.47388234647));
#5311=CARTESIAN_POINT('Ctrl Pts',(60.5015604154382,0.941338111375038,-13.3091633456307));
#5312=CARTESIAN_POINT('Ctrl Pts',(60.6832734320258,-2.74494164014793,-13.0464834139986));
#5313=CARTESIAN_POINT('Ctrl Pts',(60.8397462244275,-6.42827588555358,-12.7015319783915));
#5314=CARTESIAN_POINT('Ctrl Pts',(60.9718671989203,-10.1001090905432,-12.2732660070161));
#5315=CARTESIAN_POINT('Ctrl Pts',(61.0628384876631,-13.1603227542415,-11.8364737203524));
#5316=CARTESIAN_POINT('Ctrl Pts',(61.1238446844548,-15.5737634662076,-11.3071158657018));
#5317=CARTESIAN_POINT('Ctrl Pts',(61.1639258352424,-17.3597493797832,-10.8152714912098));
#5318=CARTESIAN_POINT('Ctrl Pts',(61.198855196857,-19.139196175914,-10.2716522681887));
#5319=CARTESIAN_POINT('Ctrl Pts',(61.2373125356255,-21.4012404642048,-9.27966021845713));
#5320=CARTESIAN_POINT('Ctrl Pts',(61.2699264430955,-23.9139131993564,-7.34946844234309));
#5321=CARTESIAN_POINT('Ctrl Pts',(61.2802756131515,-25.0361522948448,-5.03753597685291));
#5322=CARTESIAN_POINT('Ctrl Pts',(61.2820662810824,-25.2266350764129,-3.81218855181324));
#5323=CARTESIAN_POINT('Ctrl Pts',(53.0133157098721,61.9896335493188,-10.8652841498532));
#5324=CARTESIAN_POINT('Ctrl Pts',(53.4500273490564,59.7273550530507,-11.0781509425935));
#5325=CARTESIAN_POINT('Ctrl Pts',(54.5076546803407,54.0454375150911,-11.5737131486592));
#5326=CARTESIAN_POINT('Ctrl Pts',(55.4662662739676,48.3675414769818,-12.0723503477861));
#5327=CARTESIAN_POINT('Ctrl Pts',(56.2003597802517,43.7357574796039,-12.3615957461144));
#5328=CARTESIAN_POINT('Ctrl Pts',(56.5730288495561,41.3020348674976,-12.5155611120162));
#5329=CARTESIAN_POINT('Ctrl Pts',(57.0914864069591,37.6724725930379,-12.7527017535412));
#5330=CARTESIAN_POINT('Ctrl Pts',(57.5755176834395,34.0320416693966,-12.8737599874983));
#5331=CARTESIAN_POINT('Ctrl Pts',(58.1779270944683,29.1440108905203,-13.0595639137475));
#5332=CARTESIAN_POINT('Ctrl Pts',(58.8408647478814,23.074938381917,-13.1020796789537));
#5333=CARTESIAN_POINT('Ctrl Pts',(59.4043931231886,16.9339872720548,-12.9260946069764));
#5334=CARTESIAN_POINT('Ctrl Pts',(59.7944058231565,12.017057700887,-12.8819750731783));
#5335=CARTESIAN_POINT('Ctrl Pts',(60.0562038997301,8.35173832361514,-12.7950323545883));
#5336=CARTESIAN_POINT('Ctrl Pts',(60.2910687958016,4.67284448277882,-12.6256769180781));
#5337=CARTESIAN_POINT('Ctrl Pts',(60.4993423083447,0.982261393814939,-12.4607542936704));
#5338=CARTESIAN_POINT('Ctrl Pts',(60.679696303415,-2.66808036344437,-12.1998751310563));
#5339=CARTESIAN_POINT('Ctrl Pts',(60.8365027513267,-6.34664557480081,-11.8552391463718));
#5340=CARTESIAN_POINT('Ctrl Pts',(60.9681317850411,-9.98737096152086,-11.4308709966442));
#5341=CARTESIAN_POINT('Ctrl Pts',(61.0590950978991,-13.0286305910706,-10.9952905698734));
#5342=CARTESIAN_POINT('Ctrl Pts',(61.1186894787134,-15.3597519036209,-10.4826358549266));
#5343=CARTESIAN_POINT('Ctrl Pts',(61.1591565909552,-17.1332716154166,-9.99541231915536));
#5344=CARTESIAN_POINT('Ctrl Pts',(61.1935553511301,-18.8539523380375,-9.4673578485471));
#5345=CARTESIAN_POINT('Ctrl Pts',(61.230504065526,-20.9623988599041,-8.5402961868128));
#5346=CARTESIAN_POINT('Ctrl Pts',(61.2620901964859,-23.2464318191035,-6.76935949274295));
#5347=CARTESIAN_POINT('Ctrl Pts',(61.2723677219001,-24.2189913520816,-4.74185684101406));
#5348=CARTESIAN_POINT('Ctrl Pts',(61.274143455455,-24.383842374698,-3.68061091546813));
#5349=CARTESIAN_POINT('Ctrl Pts',(53.6769109782018,61.982017401532,-9.41935147000158));
#5350=CARTESIAN_POINT('Ctrl Pts',(54.1136076973844,59.7242826670028,-9.63010739621006));
#5351=CARTESIAN_POINT('Ctrl Pts',(55.1727004654013,54.0271272796938,-10.1261042243061));
#5352=CARTESIAN_POINT('Ctrl Pts',(56.1307063317163,48.3686272238748,-10.6184117573084));
#5353=CARTESIAN_POINT('Ctrl Pts',(56.8645283885752,43.7505082427862,-10.9035766860278));
#5354=CARTESIAN_POINT('Ctrl Pts',(57.2385848200509,41.2963212344337,-11.059478468006));
#5355=CARTESIAN_POINT('Ctrl Pts',(57.7561783420023,37.6922633698706,-11.2907866231914));
#5356=CARTESIAN_POINT('Ctrl Pts',(58.2397600552286,34.0742644922985,-11.4081485671193));
#5357=CARTESIAN_POINT('Ctrl Pts',(58.8433045808565,29.1700343233354,-11.5936284431187));
#5358=CARTESIAN_POINT('Ctrl Pts',(59.5040595402635,23.1807773563439,-11.6289681150921));
#5359=CARTESIAN_POINT('Ctrl Pts',(60.0693765573619,17.0148194394522,-11.4550727750503));
#5360=CARTESIAN_POINT('Ctrl Pts',(60.4601730198065,12.0839292808103,-11.4107409948587));
#5361=CARTESIAN_POINT('Ctrl Pts',(60.7215381307821,8.45165664777167,-11.323021721107));
#5362=CARTESIAN_POINT('Ctrl Pts',(60.9566267371575,4.78297206012645,-11.1543574499854));
#5363=CARTESIAN_POINT('Ctrl Pts',(61.1652927895208,1.08878212961697,-10.9890885855157));
#5364=CARTESIAN_POINT('Ctrl Pts',(61.3451103522023,-2.50402610393204,-10.7313972456966));
#5365=CARTESIAN_POINT('Ctrl Pts',(61.5022916495264,-6.1783262608516,-10.3873872058385));
#5366=CARTESIAN_POINT('Ctrl Pts',(61.6338095720527,-9.769671822978,-9.96976493856553));
#5367=CARTESIAN_POINT('Ctrl Pts',(61.7248399449844,-12.7806541880102,-9.53661281817954));
#5368=CARTESIAN_POINT('Ctrl Pts',(61.783691260579,-14.9721085649369,-9.05300575493405));
#5369=CARTESIAN_POINT('Ctrl Pts',(61.8244111414251,-16.7255959933115,-8.57398519476154));
#5370=CARTESIAN_POINT('Ctrl Pts',(61.8585326545096,-18.3462835703578,-8.07311435445635));
#5371=CARTESIAN_POINT('Ctrl Pts',(61.8946444199185,-20.1914296395469,-7.25885008882646));
#5372=CARTESIAN_POINT('Ctrl Pts',(61.9256271096899,-22.0816024513452,-5.76436665934622));
#5373=CARTESIAN_POINT('Ctrl Pts',(61.9358411530331,-22.794908574567,-4.2308228824992));
#5374=CARTESIAN_POINT('Ctrl Pts',(61.9376103189791,-22.9157711035861,-3.4524080657598));
#5375=CARTESIAN_POINT('Ctrl Pts',(55.0690197124657,62.1922924807299,-8.79455661973424));
#5376=CARTESIAN_POINT('Ctrl Pts',(55.5083108117114,59.9320976247509,-9.00594621877961));
#5377=CARTESIAN_POINT('Ctrl Pts',(56.5706060075364,54.2160259092092,-9.50238823822035));
#5378=CARTESIAN_POINT('Ctrl Pts',(57.5353197854259,48.5544642553526,-9.99650183683496));
#5379=CARTESIAN_POINT('Ctrl Pts',(58.2739837279843,43.9322347454994,-10.2829826297367));
#5380=CARTESIAN_POINT('Ctrl Pts',(58.6488258489835,41.4605165241885,-10.4386731748475));
#5381=CARTESIAN_POINT('Ctrl Pts',(59.1720676623886,37.8573827018023,-10.6716617507079));
#5382=CARTESIAN_POINT('Ctrl Pts',(59.6603403755165,34.2382001734228,-10.7906178551072));
#5383=CARTESIAN_POINT('Ctrl Pts',(60.2661963552722,29.3129398470311,-10.976045200404));
#5384=CARTESIAN_POINT('Ctrl Pts',(60.9358371048486,23.3409183912223,-11.0157331564152));
#5385=CARTESIAN_POINT('Ctrl Pts',(61.5015472272649,17.1478785482695,-10.8410101789939));
#5386=CARTESIAN_POINT('Ctrl Pts',(61.8933821159076,12.1988248465948,-10.7963426974868));
#5387=CARTESIAN_POINT('Ctrl Pts',(62.1571870733034,8.57148395526015,-10.7101310243872));
#5388=CARTESIAN_POINT('Ctrl Pts',(62.3932667342932,4.898402815193,-10.5420775870203));
#5389=CARTESIAN_POINT('Ctrl Pts',(62.6023772077203,1.194289042161,-10.3764785819936));
#5390=CARTESIAN_POINT('Ctrl Pts',(62.7842124228441,-2.38258120071748,-10.1218210596391));
#5391=CARTESIAN_POINT('Ctrl Pts',(62.9414925051265,-6.06302369012736,-9.77766645664228));
#5392=CARTESIAN_POINT('Ctrl Pts',(63.0739036116996,-9.6412141633074,-9.36347838301103));
#5393=CARTESIAN_POINT('Ctrl Pts',(63.1652054723405,-12.6458494041008,-8.93124956190134));
#5394=CARTESIAN_POINT('Ctrl Pts',(63.2257467096632,-14.7840605848441,-8.4613807722866));
#5395=CARTESIAN_POINT('Ctrl Pts',(63.2661568989612,-16.532612698988,-7.98520825097533));
#5396=CARTESIAN_POINT('Ctrl Pts',(63.3009466830961,-18.1152011091853,-7.49616598733898));
#5397=CARTESIAN_POINT('Ctrl Pts',(63.3387953632474,-19.8558870400917,-6.73018469101345));
#5398=CARTESIAN_POINT('Ctrl Pts',(63.3709981956939,-21.5889430008485,-5.35048918489046));
#5399=CARTESIAN_POINT('Ctrl Pts',(63.3813334630656,-22.1979347940916,-4.01980564765417));
#5400=CARTESIAN_POINT('Ctrl Pts',(63.3831227224,-22.3009071952047,-3.35854469193408));
#5401=CARTESIAN_POINT('Ctrl Pts',(55.6827976067774,62.3046334505239,-8.72806481081966));
#5402=CARTESIAN_POINT('Ctrl Pts',(56.1232292308375,60.0422594394507,-8.94029585718993));
#5403=CARTESIAN_POINT('Ctrl Pts',(57.1869121654901,54.3190194406844,-9.43687480352564));
#5404=CARTESIAN_POINT('Ctrl Pts',(58.1545976149826,48.6522026731372,-9.93341299623945));
#5405=CARTESIAN_POINT('Ctrl Pts',(58.8954060798144,44.0252556865437,-10.2215318424045));
#5406=CARTESIAN_POINT('Ctrl Pts',(59.2705663598239,41.5480960093877,-10.3766653117159));
#5407=CARTESIAN_POINT('Ctrl Pts',(59.7963163261615,37.9406954020925,-10.6119000331827));
#5408=CARTESIAN_POINT('Ctrl Pts',(60.2866660499105,34.3167161019859,-10.7325871604654));
#5409=CARTESIAN_POINT('Ctrl Pts',(60.8935214110553,29.3834226459899,-10.9180253492561));
#5410=CARTESIAN_POINT('Ctrl Pts',(61.5671244438154,23.4056928341054,-10.9618214989356));
#5411=CARTESIAN_POINT('Ctrl Pts',(62.132972036564,17.2030837021399,-10.7861462118746));
#5412=CARTESIAN_POINT('Ctrl Pts',(62.5252479069086,12.2470660762752,-10.7413184862604));
#5413=CARTESIAN_POINT('Ctrl Pts',(62.7901365874597,8.61624603169577,-10.6561717994542));
#5414=CARTESIAN_POINT('Ctrl Pts',(63.0266476769609,4.93897311668649,-10.4883303820734));
#5415=CARTESIAN_POINT('Ctrl Pts',(63.235946962223,1.23039043285556,-10.3226160660612));
#5416=CARTESIAN_POINT('Ctrl Pts',(63.4186814557122,-2.34869837294068,-10.0690840471972));
#5417=CARTESIAN_POINT('Ctrl Pts',(63.575999425892,-6.03295902324172,-9.72475654720277));
#5418=CARTESIAN_POINT('Ctrl Pts',(63.7088054711746,-9.61334888074824,-9.31116763525584));
#5419=CARTESIAN_POINT('Ctrl Pts',(63.8002287425119,-12.6198398374387,-8.87912616763496));
#5420=CARTESIAN_POINT('Ctrl Pts',(63.861528859926,-14.7557722580038,-8.41129800758021));
#5421=CARTESIAN_POINT('Ctrl Pts',(63.9017989434619,-16.5052350494868,-7.93518589974686));
#5422=CARTESIAN_POINT('Ctrl Pts',(63.9368893417211,-18.0860769773187,-7.4475160783603));
#5423=CARTESIAN_POINT('Ctrl Pts',(63.9755200550099,-19.8202670078465,-6.68649969253054));
#5424=CARTESIAN_POINT('Ctrl Pts',(64.0082756656821,-21.5427608012235,-5.31684761131374));
#5425=CARTESIAN_POINT('Ctrl Pts',(64.0186682878481,-22.1439541218523,-4.00292086653135));
#5426=CARTESIAN_POINT('Ctrl Pts',(64.0204665024102,-22.2456714419817,-3.35085730406818));
#5427=CARTESIAN_POINT('Origin',(64.2819337306532,-25.1984342784467,-3.81218855181309));
#5428=CARTESIAN_POINT('Ctrl Pts',(61.2820662810824,-25.2266350764129,-3.81218855181309));
#5429=CARTESIAN_POINT('Ctrl Pts',(61.2829668608397,-25.3224344897112,-3.19592516338934));
#5430=CARTESIAN_POINT('Ctrl Pts',(61.2828375943164,-25.3080352038613,-2.5624905632577));
#5431=CARTESIAN_POINT('Ctrl Pts',(61.2816673737402,-25.1843349379151,-1.9512590445005));
#5432=CARTESIAN_POINT('Ctrl Pts',(61.274143455455,-24.383842374698,-3.68061091546801));
#5433=CARTESIAN_POINT('Ctrl Pts',(61.2750098092948,-24.4639755526748,-3.1645427007579));
#5434=CARTESIAN_POINT('Ctrl Pts',(61.2748832854941,-24.451904662398,-2.6330160602254));
#5435=CARTESIAN_POINT('Ctrl Pts',(61.2737596432387,-24.3484340949582,-2.12115616501371));
#5436=CARTESIAN_POINT('Ctrl Pts',(61.9374428903224,-22.9156679990734,-3.45239172469895));
#5437=CARTESIAN_POINT('Ctrl Pts',(61.9382907370131,-22.96889637075,-3.10901148380659));
#5438=CARTESIAN_POINT('Ctrl Pts',(61.9381663648556,-22.9609015590641,-2.75643090253752));
#5439=CARTESIAN_POINT('Ctrl Pts',(61.937067967862,-22.8921728344773,-2.41583997909543));
#5440=CARTESIAN_POINT('Ctrl Pts',(63.3831227224,-22.3009071952047,-3.35854469193402));
#5441=CARTESIAN_POINT('Ctrl Pts',(63.3840095847983,-22.3431892276082,-3.08669969844465));
#5442=CARTESIAN_POINT('Ctrl Pts',(63.3838815043366,-22.3368185235319,-2.80665840459875));
#5443=CARTESIAN_POINT('Ctrl Pts',(63.3827301309183,-22.2822226404735,-2.5370220286917));
#5444=CARTESIAN_POINT('Ctrl Pts',(64.0204665024102,-22.2456714419817,-3.35085730406812));
#5445=CARTESIAN_POINT('Ctrl Pts',(64.0213708775911,-22.2871858347262,-3.08463076696134));
#5446=CARTESIAN_POINT('Ctrl Pts',(64.0212410686255,-22.2809465342934,-2.81101029849714));
#5447=CARTESIAN_POINT('Ctrl Pts',(64.0200659134222,-22.227340681047,-2.54695046342587));
#5448=CARTESIAN_POINT('Origin',(64.2815331416652,-25.1559558182704,-1.9512590445005));
#5449=CARTESIAN_POINT('Ctrl Pts',(61.2816673737402,-25.1843349379151,-1.9512590445005));
#5450=CARTESIAN_POINT('Ctrl Pts',(61.2810677473362,-25.1209503528518,-1.63806120375437));
#5451=CARTESIAN_POINT('Ctrl Pts',(61.2796959343839,-24.9775585420031,-1.01258512811634));
#5452=CARTESIAN_POINT('Ctrl Pts',(61.2761081791949,-24.6161892343511,0.213761231896477));
#5453=CARTESIAN_POINT('Ctrl Pts',(61.2689494559836,-23.930819586929,1.67489549392034));
#5454=CARTESIAN_POINT('Ctrl Pts',(61.2580321179608,-23.0177970666144,2.81440063419567));
#5455=CARTESIAN_POINT('Ctrl Pts',(61.2491605690359,-22.3498385387524,3.49672767991494));
#5456=CARTESIAN_POINT('Ctrl Pts',(61.2444781876355,-22.0097270621586,3.83357054625475));
#5457=CARTESIAN_POINT('Ctrl Pts',(61.2397054474136,-21.675243525939,4.17546425297817));
#5458=CARTESIAN_POINT('Ctrl Pts',(61.2298604718622,-21.0080341718301,4.86362106328083));
#5459=CARTESIAN_POINT('Ctrl Pts',(61.216487332706,-20.1686858533032,5.60141718260093));
#5460=CARTESIAN_POINT('Ctrl Pts',(61.1976713132583,-19.1071619278564,6.31354525423553));
#5461=CARTESIAN_POINT('Ctrl Pts',(61.184655482818,-18.4213777909146,6.71737478237177));
#5462=CARTESIAN_POINT('Ctrl Pts',(61.1736812641974,-17.870889214132,7.03826681017319));
#5463=CARTESIAN_POINT('Ctrl Pts',(61.1625624123727,-17.3304779248416,7.37460735438605));
#5464=CARTESIAN_POINT('Ctrl Pts',(61.1420412840503,-16.3756469441744,7.95457112367349));
#5465=CARTESIAN_POINT('Ctrl Pts',(61.1180559612782,-15.3528858293959,8.40479809735519));
#5466=CARTESIAN_POINT('Ctrl Pts',(61.097552726599,-14.541842263311,8.73308412818817));
#5467=CARTESIAN_POINT('Ctrl Pts',(61.0900264816809,-14.2501483753864,8.86031553577107));
#5468=CARTESIAN_POINT('Ctrl Pts',(61.0787860736739,-13.8205036015303,9.06798910398591));
#5469=CARTESIAN_POINT('Ctrl Pts',(61.0541806719856,-12.9093020307723,9.56097840512215));
#5470=CARTESIAN_POINT('Ctrl Pts',(61.0195807391936,-11.7194087560961,10.0165918904453));
#5471=CARTESIAN_POINT('Ctrl Pts',(60.9811614257783,-10.4963609415185,10.3621836736048));
#5472=CARTESIAN_POINT('Ctrl Pts',(60.9409003961299,-9.27503569560368,10.7031680606978));
#5473=CARTESIAN_POINT('Ctrl Pts',(60.8659481458076,-7.15222389466918,11.3681508941996));
#5474=CARTESIAN_POINT('Ctrl Pts',(60.7679926831647,-4.70595946542022,12.1376350237347));
#5475=CARTESIAN_POINT('Ctrl Pts',(60.655801447964,-2.21931546172862,12.6518780122872));
#5476=CARTESIAN_POINT('Ctrl Pts',(60.5642826102663,-0.336550444698371,12.9563982981459));
#5477=CARTESIAN_POINT('Ctrl Pts',(60.4664439981506,1.53854399717704,13.2834212849512));
#5478=CARTESIAN_POINT('Ctrl Pts',(60.3269778563676,4.03835636747045,13.7314319017652));
#5479=CARTESIAN_POINT('Ctrl Pts',(60.1343860037765,7.1782811848805,14.2162552224644));
#5480=CARTESIAN_POINT('Ctrl Pts',(59.8727241552825,10.9658069240277,14.5664952200334));
#5481=CARTESIAN_POINT('Ctrl Pts',(59.4827094768025,16.0198441161765,14.9254886138161));
#5482=CARTESIAN_POINT('Ctrl Pts',(58.9162326648346,22.3329251749678,15.3177235107547));
#5483=CARTESIAN_POINT('Ctrl Pts',(58.2358623083762,28.6476724258159,15.3932549256796));
#5484=CARTESIAN_POINT('Ctrl Pts',(57.6191177193852,33.6933728665522,15.3597953812496));
#5485=CARTESIAN_POINT('Ctrl Pts',(57.1198720071329,37.4698010076419,15.2445547616899));
#5486=CARTESIAN_POINT('Ctrl Pts',(56.5825826702914,41.2400151425157,15.1020488164745));
#5487=CARTESIAN_POINT('Ctrl Pts',(56.1987803475876,43.746735902143,15.0155543459831));
#5488=CARTESIAN_POINT('Ctrl Pts',(55.0866796417597,50.7580968375698,14.6257313887732));
#5489=CARTESIAN_POINT('Ctrl Pts',(54.0821548488617,56.4616364725241,13.8996866915975));
#5490=CARTESIAN_POINT('Ctrl Pts',(52.9855689715161,62.1332194061793,13.0984199224009));
#5491=CARTESIAN_POINT('Ctrl Pts',(61.2737596432387,-24.3484340949582,-2.12115616501371));
#5492=CARTESIAN_POINT('Ctrl Pts',(61.27311784877,-24.2885984064228,-1.82555315513792));
#5493=CARTESIAN_POINT('Ctrl Pts',(61.2716218200875,-24.1499409830812,-1.22189013930272));
#5494=CARTESIAN_POINT('Ctrl Pts',(61.2678887614462,-23.8161050680122,-0.0923444724468468));
#5495=CARTESIAN_POINT('Ctrl Pts',(61.260687696858,-23.2005474331003,1.21690741478503));
#5496=CARTESIAN_POINT('Ctrl Pts',(61.2500159435488,-22.3802936414409,2.2453606709229));
#5497=CARTESIAN_POINT('Ctrl Pts',(61.2410444391624,-21.7490847763258,2.89093046019898));
#5498=CARTESIAN_POINT('Ctrl Pts',(61.2360527409186,-21.4085240123943,3.22779962808959));
#5499=CARTESIAN_POINT('Ctrl Pts',(61.2307777929065,-21.0605825939031,3.58305544664836));
#5500=CARTESIAN_POINT('Ctrl Pts',(61.2206469242252,-20.4159434185194,4.24713099943839));
#5501=CARTESIAN_POINT('Ctrl Pts',(61.2077526300733,-19.6501352582985,4.9202604991092));
#5502=CARTESIAN_POINT('Ctrl Pts',(61.1893898227427,-18.6566036520424,5.5885673683848));
#5503=CARTESIAN_POINT('Ctrl Pts',(61.1765222892979,-18.0013783407286,5.97466856500338));
#5504=CARTESIAN_POINT('Ctrl Pts',(61.1647989533069,-17.4322390435006,6.30589774700572));
#5505=CARTESIAN_POINT('Ctrl Pts',(61.152914352649,-16.8738296635304,6.6528095681769));
#5506=CARTESIAN_POINT('Ctrl Pts',(61.1330860310142,-15.9829173220831,7.1935180438698));
#5507=CARTESIAN_POINT('Ctrl Pts',(61.1104315754239,-15.036967276639,7.61266671411277));
#5508=CARTESIAN_POINT('Ctrl Pts',(61.0893107534827,-14.2179331620566,7.94380291573494));
#5509=CARTESIAN_POINT('Ctrl Pts',(61.0808606373247,-13.8973723329729,8.08254086053298));
#5510=CARTESIAN_POINT('Ctrl Pts',(61.0678323014686,-13.4109665435108,8.31674196078842));
#5511=CARTESIAN_POINT('Ctrl Pts',(61.0439730610142,-12.5509098399837,8.78294819876971));
#5512=CARTESIAN_POINT('Ctrl Pts',(61.011751687147,-11.4609471912173,9.20231331546512));
#5513=CARTESIAN_POINT('Ctrl Pts',(60.97403211133,-10.2740682909977,9.53941809637906));
#5514=CARTESIAN_POINT('Ctrl Pts',(60.9326256002182,-9.03278000984806,9.88476776862439));
#5515=CARTESIAN_POINT('Ctrl Pts',(60.8557412126745,-6.88344961504947,10.5573864677984));
#5516=CARTESIAN_POINT('Ctrl Pts',(60.7584186197677,-4.48400220424988,11.311235180394));
#5517=CARTESIAN_POINT('Ctrl Pts',(60.6490239637132,-2.07517485668731,11.8115851207401));
#5518=CARTESIAN_POINT('Ctrl Pts',(60.5574546327511,-0.200402552432229,12.1152144632132));
#5519=CARTESIAN_POINT('Ctrl Pts',(60.4582786838066,1.68982660278314,12.4437852276205));
#5520=CARTESIAN_POINT('Ctrl Pts',(60.3185599449332,4.18053309790247,12.8900645719916));
#5521=CARTESIAN_POINT('Ctrl Pts',(60.1275456977752,7.28084448978148,13.3696510335487));
#5522=CARTESIAN_POINT('Ctrl Pts',(59.8683006226446,11.0261333065622,13.7180264033402));
#5523=CARTESIAN_POINT('Ctrl Pts',(59.4775931528522,16.0802868292267,14.0766238224728));
#5524=CARTESIAN_POINT('Ctrl Pts',(58.9130406348779,22.3625677223254,14.468281253452));
#5525=CARTESIAN_POINT('Ctrl Pts',(58.2355816156306,28.6495627021262,14.5456083950811));
#5526=CARTESIAN_POINT('Ctrl Pts',(57.6206383716082,33.6807395549512,14.5135326650652));
#5527=CARTESIAN_POINT('Ctrl Pts',(57.1246594157289,37.4349711238223,14.4012183104306));
#5528=CARTESIAN_POINT('Ctrl Pts',(56.5861472863767,41.2159115893898,14.2576861412631));
#5529=CARTESIAN_POINT('Ctrl Pts',(56.204268204843,43.7110010802102,14.1728653984145));
#5530=CARTESIAN_POINT('Ctrl Pts',(55.1009224373374,50.6726286931169,13.7922576829959));
#5531=CARTESIAN_POINT('Ctrl Pts',(54.1007380549768,56.3584389638474,13.0722970732799));
#5532=CARTESIAN_POINT('Ctrl Pts',(53.0071393373841,62.021656671826,12.2744856741698));
#5533=CARTESIAN_POINT('Ctrl Pts',(61.9372402934705,-22.8922780644107,-2.41581826167725));
#5534=CARTESIAN_POINT('Ctrl Pts',(61.9365738531749,-22.8384989447698,-2.150539607923));
#5535=CARTESIAN_POINT('Ctrl Pts',(61.9350018075162,-22.7080697388184,-1.58498280215559));
#5536=CARTESIAN_POINT('Ctrl Pts',(61.9311784867011,-22.4216014555202,-0.62284098662831));
#5537=CARTESIAN_POINT('Ctrl Pts',(61.9239392495883,-21.9265518577762,0.422892079202051));
#5538=CARTESIAN_POINT('Ctrl Pts',(61.91338745754,-21.2662728495789,1.25854316884317));
#5539=CARTESIAN_POINT('Ctrl Pts',(61.9043462255022,-20.6978867878463,1.8405459215555));
#5540=CARTESIAN_POINT('Ctrl Pts',(61.8991711299706,-20.356269944037,2.17741038781288));
#5541=CARTESIAN_POINT('Ctrl Pts',(61.8936025599819,-19.9848767919643,2.5556442099284));
#5542=CARTESIAN_POINT('Ctrl Pts',(61.8832950194691,-19.3785572104635,3.17813010514575));
#5543=CARTESIAN_POINT('Ctrl Pts',(61.8706557377413,-18.7397106284477,3.7388757059486));
#5544=CARTESIAN_POINT('Ctrl Pts',(61.8525308426798,-17.8624852196581,4.33146155097463));
#5545=CARTESIAN_POINT('Ctrl Pts',(61.8397284145634,-17.2594871735534,4.68679666520671));
#5546=CARTESIAN_POINT('Ctrl Pts',(61.827562878205,-16.6576921456041,5.03583803179717));
#5547=CARTESIAN_POINT('Ctrl Pts',(61.8152261638732,-16.0677947771961,5.40095122354813));
#5548=CARTESIAN_POINT('Ctrl Pts',(61.7957674745158,-15.286201126327,5.87384600811134));
#5549=CARTESIAN_POINT('Ctrl Pts',(61.7738431920376,-14.47224584208,6.23899463318809));
#5550=CARTESIAN_POINT('Ctrl Pts',(61.7523405775561,-13.6385673847763,6.57506230286542));
#5551=CARTESIAN_POINT('Ctrl Pts',(61.7433538144611,-13.2679299693593,6.7336853673117));
#5552=CARTESIAN_POINT('Ctrl Pts',(61.7292905092004,-12.6832383419942,7.01370525437612));
#5553=CARTESIAN_POINT('Ctrl Pts',(61.7058202943429,-11.9103948633387,7.43366241735105));
#5554=CARTESIAN_POINT('Ctrl Pts',(61.6749534347634,-10.9921194725541,7.79014472090106));
#5555=CARTESIAN_POINT('Ctrl Pts',(61.637587058355,-9.86632961572484,8.11252788632707));
#5556=CARTESIAN_POINT('Ctrl Pts',(61.5954731471707,-8.58927535775444,8.46543916643349));
#5557=CARTESIAN_POINT('Ctrl Pts',(61.5173556558467,-6.39184363836029,9.15128099145968));
#5558=CARTESIAN_POINT('Ctrl Pts',(61.4202769362843,-4.07057339013765,9.87803363248064));
#5559=CARTESIAN_POINT('Ctrl Pts',(61.3123724387814,-1.79329746866675,10.3541967910231));
#5560=CARTESIAN_POINT('Ctrl Pts',(61.220652248303,0.069894518169418,10.6562605224867));
#5561=CARTESIAN_POINT('Ctrl Pts',(61.1205624072388,1.98864475296389,10.9875694864029));
#5562=CARTESIAN_POINT('Ctrl Pts',(60.9804853421108,4.46690291955211,11.4308597793642));
#5563=CARTESIAN_POINT('Ctrl Pts',(60.7901319296386,7.50277776973526,11.9013027486164));
#5564=CARTESIAN_POINT('Ctrl Pts',(60.5319440718233,11.1799069007104,12.2463171741644));
#5565=CARTESIAN_POINT('Ctrl Pts',(60.1402159052379,16.2415843379913,12.6042746577443));
#5566=CARTESIAN_POINT('Ctrl Pts',(59.5758852134323,22.4798110546057,12.9948431029751));
#5567=CARTESIAN_POINT('Ctrl Pts',(58.8989593899713,28.7286256587488,13.0751531394284));
#5568=CARTESIAN_POINT('Ctrl Pts',(58.2839726601418,33.7427846983677,13.0454134014293));
#5569=CARTESIAN_POINT('Ctrl Pts',(57.7889349258875,37.4647480796132,12.9379938789643));
#5570=CARTESIAN_POINT('Ctrl Pts',(57.248706003544,41.2708543634418,12.7927870087099));
#5571=CARTESIAN_POINT('Ctrl Pts',(56.8671207881523,43.7504518456289,12.710777062387));
#5572=CARTESIAN_POINT('Ctrl Pts',(55.7671315397868,50.6344209560589,12.3456797974121));
#5573=CARTESIAN_POINT('Ctrl Pts',(54.7684977585684,56.2945928605521,11.6363081089756));
#5574=CARTESIAN_POINT('Ctrl Pts',(53.6749390330289,61.9498774799348,10.8442532141011));
#5575=CARTESIAN_POINT('Ctrl Pts',(63.3827301309183,-22.2822226404735,-2.5370220286917));
#5576=CARTESIAN_POINT('Ctrl Pts',(63.3821080060598,-22.2308979304383,-2.28429417178786));
#5577=CARTESIAN_POINT('Ctrl Pts',(63.3806697589754,-22.1036972455145,-1.73424742949399));
#5578=CARTESIAN_POINT('Ctrl Pts',(63.3769980548802,-21.8363008841372,-0.84110597302262));
#5579=CARTESIAN_POINT('Ctrl Pts',(63.3697926797978,-21.3896389871782,0.0964090131751938));
#5580=CARTESIAN_POINT('Ctrl Pts',(63.3589554087059,-20.7933803298453,0.852688536119021));
#5581=CARTESIAN_POINT('Ctrl Pts',(63.3500039705434,-20.24989050679,1.40855225960673));
#5582=CARTESIAN_POINT('Ctrl Pts',(63.3451542126124,-19.9074856278816,1.74571745227475));
#5583=CARTESIAN_POINT('Ctrl Pts',(63.3401196811457,-19.5262170778422,2.13391522737487));
#5584=CARTESIAN_POINT('Ctrl Pts',(63.3301005830349,-18.9347804277929,2.73950402587581));
#5585=CARTESIAN_POINT('Ctrl Pts',(63.3169133269063,-18.3460564191274,3.25380210661861));
#5586=CARTESIAN_POINT('Ctrl Pts',(63.2982523145432,-17.5146794006529,3.81466126593533));
#5587=CARTESIAN_POINT('Ctrl Pts',(63.2852607891624,-16.9318618462068,4.15720160762574));
#5588=CARTESIAN_POINT('Ctrl Pts',(63.2738812921163,-16.3159689309031,4.51442290302707));
#5589=CARTESIAN_POINT('Ctrl Pts',(63.2623482909135,-15.7125156394715,4.88787307988354));
#5590=CARTESIAN_POINT('Ctrl Pts',(63.2420898010987,-14.9737625213465,5.33211649298239));
#5591=CARTESIAN_POINT('Ctrl Pts',(63.2186647360176,-14.2116673235969,5.67356461053324));
#5592=CARTESIAN_POINT('Ctrl Pts',(63.1977820873536,-13.3706512453801,6.01238013000261));
#5593=CARTESIAN_POINT('Ctrl Pts',(63.1897771075728,-12.9791493498378,6.18026791694296));
#5594=CARTESIAN_POINT('Ctrl Pts',(63.1776225365178,-12.3539805975707,6.48114759951755));
#5595=CARTESIAN_POINT('Ctrl Pts',(63.1532852242069,-11.6148613355453,6.8812729379275));
#5596=CARTESIAN_POINT('Ctrl Pts',(63.1197271450179,-10.7639303883582,7.20915174510786));
#5597=CARTESIAN_POINT('Ctrl Pts',(63.0814999866416,-9.6608833987803,7.52459514056083));
#5598=CARTESIAN_POINT('Ctrl Pts',(63.0405207408389,-8.36682774110671,7.88201035628737));
#5599=CARTESIAN_POINT('Ctrl Pts',(62.9643138374851,-6.14586970160576,8.57558206174928));
#5600=CARTESIAN_POINT('Ctrl Pts',(62.8662679338673,-3.85119326955265,9.29047757337398));
#5601=CARTESIAN_POINT('Ctrl Pts',(62.75498103505,-1.62236878538756,9.7532554444672));
#5602=CARTESIAN_POINT('Ctrl Pts',(62.6630426563061,0.240153677583558,10.0547176673604));
#5603=CARTESIAN_POINT('Ctrl Pts',(62.5641145836625,2.1747710522878,10.3887714203518));
#5604=CARTESIAN_POINT('Ctrl Pts',(62.423891715384,4.65355036910434,10.8311209637073));
#5605=CARTESIAN_POINT('Ctrl Pts',(62.2311933594281,7.67045301379311,11.2958171970213));
#5606=CARTESIAN_POINT('Ctrl Pts',(61.9694830149511,11.3285633638474,11.6363706340878));
#5607=CARTESIAN_POINT('Ctrl Pts',(61.5771810119537,16.4060791534533,11.9948298549459));
#5608=CARTESIAN_POINT('Ctrl Pts',(61.0087082006654,22.6426719730204,12.3824038857177));
#5609=CARTESIAN_POINT('Ctrl Pts',(60.3259677260303,28.8928837244509,12.4601203476643));
#5610=CARTESIAN_POINT('Ctrl Pts',(59.7065277100611,33.9143210483981,12.4288980359748));
#5611=CARTESIAN_POINT('Ctrl Pts',(59.205822090909,37.6334218067046,12.319310559638));
#5612=CARTESIAN_POINT('Ctrl Pts',(58.6647077868985,41.4616967731848,12.1747337611992));
#5613=CARTESIAN_POINT('Ctrl Pts',(58.2791912492686,43.9428866993391,12.0913539581322));
#5614=CARTESIAN_POINT('Ctrl Pts',(57.1658159736051,50.808516511416,11.7215833605091));
#5615=CARTESIAN_POINT('Ctrl Pts',(56.1593688240917,56.4669413533545,11.0107671640316));
#5616=CARTESIAN_POINT('Ctrl Pts',(55.0592983772027,62.1294806234265,10.2173381813781));
#5617=CARTESIAN_POINT('Ctrl Pts',(64.0200659134222,-22.227340681047,-2.54695046342586));
#5618=CARTESIAN_POINT('Ctrl Pts',(64.0194637584926,-22.176187988882,-2.2952026832827));
#5619=CARTESIAN_POINT('Ctrl Pts',(64.0180861554552,-22.0492551048096,-1.74646927657598));
#5620=CARTESIAN_POINT('Ctrl Pts',(64.0144832021914,-21.7832315055981,-0.858832420176331));
#5621=CARTESIAN_POINT('Ctrl Pts',(64.0072940167897,-21.3400451379469,0.0698588211287877));
#5622=CARTESIAN_POINT('Ctrl Pts',(63.9963295721981,-20.7482086129727,0.819515304996259));
#5623=CARTESIAN_POINT('Ctrl Pts',(63.9874192632949,-20.206241538392,1.37332420068073));
#5624=CARTESIAN_POINT('Ctrl Pts',(63.9827163336568,-19.8636600256249,1.7106398441541));
#5625=CARTESIAN_POINT('Ctrl Pts',(63.9779225561739,-19.481605718024,2.09981662014283));
#5626=CARTESIAN_POINT('Ctrl Pts',(63.9680339966999,-18.8909517441759,2.70420326954386));
#5627=CARTESIAN_POINT('Ctrl Pts',(63.9546010828836,-18.305469430233,3.21448595824098));
#5628=CARTESIAN_POINT('Ctrl Pts',(63.9356996336406,-17.4767267042932,3.77258784910117));
#5629=CARTESIAN_POINT('Ctrl Pts',(63.9226240894294,-16.8949511113374,4.11400335430764));
#5630=CARTESIAN_POINT('Ctrl Pts',(63.9115991243063,-16.2777603922006,4.47226080464934));
#5631=CARTESIAN_POINT('Ctrl Pts',(63.9004285916014,-15.6730950560198,4.8467507447602));
#5632=CARTESIAN_POINT('Ctrl Pts',(63.8798113919266,-14.9366513027672,5.28839709974044));
#5633=CARTESIAN_POINT('Ctrl Pts',(63.8557121014788,-14.177601330314,5.62712953211577));
#5634=CARTESIAN_POINT('Ctrl Pts',(63.8351100366083,-13.335476170224,5.96651772654225));
#5635=CARTESIAN_POINT('Ctrl Pts',(63.8275473703593,-12.9423213005867,6.13566435175952));
#5636=CARTESIAN_POINT('Ctrl Pts',(63.8162524226505,-12.3141749520937,6.43915360236609));
#5637=CARTESIAN_POINT('Ctrl Pts',(63.7915269039331,-11.5766224247526,6.83734994604283));
#5638=CARTESIAN_POINT('Ctrl Pts',(63.7567555859755,-10.7295108005839,7.16153589313266));
#5639=CARTESIAN_POINT('Ctrl Pts',(63.7181427697698,-9.62715023908556,7.47597577619598));
#5640=CARTESIAN_POINT('Ctrl Pts',(63.6776768029379,-8.33084899738265,7.83443944587176));
#5641=CARTESIAN_POINT('Ctrl Pts',(63.6023371326565,-6.10654817354497,8.52975869737687));
#5642=CARTESIAN_POINT('Ctrl Pts',(63.503860430251,-3.81151333686935,9.2433440017961));
#5643=CARTESIAN_POINT('Ctrl Pts',(63.3910529568726,-1.58390138662199,9.70329730442874));
#5644=CARTESIAN_POINT('Ctrl Pts',(63.2990212702145,0.280336231814853,10.0047214440324));
#5645=CARTESIAN_POINT('Ctrl Pts',(63.2006233408959,2.21796185353923,10.3398185527834));
#5646=CARTESIAN_POINT('Ctrl Pts',(63.0603446929878,4.69928225163736,10.7822388954226));
#5647=CARTESIAN_POINT('Ctrl Pts',(62.8665985410697,7.7180498147666,11.2454615428524));
#5648=CARTESIAN_POINT('Ctrl Pts',(62.6033113466484,11.3786434469318,11.5840768292483));
#5649=CARTESIAN_POINT('Ctrl Pts',(62.2107779748586,16.4630491944583,11.942973414072));
#5650=CARTESIAN_POINT('Ctrl Pts',(61.6404735269692,22.7068450340813,12.329008567338));
#5651=CARTESIAN_POINT('Ctrl Pts',(60.9551565365972,28.9648231605125,12.4045673813796));
#5652=CARTESIAN_POINT('Ctrl Pts',(60.3337514215783,33.9932077261786,12.3719863019761));
#5653=CARTESIAN_POINT('Ctrl Pts',(59.8305267896275,37.7167956170301,12.2600721941748));
#5654=CARTESIAN_POINT('Ctrl Pts',(59.2890573115359,41.5520690099439,12.1162440334385));
#5655=CARTESIAN_POINT('Ctrl Pts',(58.9018001352347,44.0369895968018,12.0314605520687));
#5656=CARTESIAN_POINT('Ctrl Pts',(57.7824475533398,50.9073699585009,11.6556123148172));
#5657=CARTESIAN_POINT('Ctrl Pts',(56.7724860678881,56.5695578433249,10.941785052174));
#5658=CARTESIAN_POINT('Ctrl Pts',(55.6695516764985,62.2374887259063,10.1462681912051));
#5659=CARTESIAN_POINT('Ctrl Pts',(-61.2816673737402,-25.1843349379151,-1.9512590445005));
#5660=CARTESIAN_POINT('Ctrl Pts',(-61.2828375943164,-25.3080352038613,-2.56249056325775));
#5661=CARTESIAN_POINT('Ctrl Pts',(-61.2829668608397,-25.3224344897112,-3.19592516338944));
#5662=CARTESIAN_POINT('Ctrl Pts',(-61.2820662810824,-25.2266350764128,-3.81218855181325));
#5663=CARTESIAN_POINT('Ctrl Pts',(-61.2737596432387,-24.3484340949582,-2.12115616501371));
#5664=CARTESIAN_POINT('Ctrl Pts',(-61.2748832854941,-24.451904662398,-2.63301606022544));
#5665=CARTESIAN_POINT('Ctrl Pts',(-61.2750098092948,-24.4639755526748,-3.16454270075803));
#5666=CARTESIAN_POINT('Ctrl Pts',(-61.274143455455,-24.383842374698,-3.68061091546814));
#5667=CARTESIAN_POINT('Ctrl Pts',(-61.937067967862,-22.8921728344773,-2.41583997909544));
#5668=CARTESIAN_POINT('Ctrl Pts',(-61.9381663648556,-22.9609015590642,-2.75643090253754));
#5669=CARTESIAN_POINT('Ctrl Pts',(-61.9382907370131,-22.96889637075,-3.10901148380678));
#5670=CARTESIAN_POINT('Ctrl Pts',(-61.9374428903224,-22.9156679990734,-3.45239172469904));
#5671=CARTESIAN_POINT('Ctrl Pts',(-63.3827301309183,-22.2822226404735,-2.5370220286917));
#5672=CARTESIAN_POINT('Ctrl Pts',(-63.3838815043366,-22.336818523532,-2.80665840459876));
#5673=CARTESIAN_POINT('Ctrl Pts',(-63.3840095847983,-22.3431892276082,-3.08669969844487));
#5674=CARTESIAN_POINT('Ctrl Pts',(-63.3831227224,-22.3009071952047,-3.35854469193409));
#5675=CARTESIAN_POINT('Ctrl Pts',(-64.0200659134222,-22.227340681047,-2.54695046342587));
#5676=CARTESIAN_POINT('Ctrl Pts',(-64.0212410686255,-22.2809465342934,-2.81101029849715));
#5677=CARTESIAN_POINT('Ctrl Pts',(-64.0213708775911,-22.2871858347262,-3.08463076696156));
#5678=CARTESIAN_POINT('Ctrl Pts',(-64.0204665024102,-22.2456714419817,-3.35085730406818));
#5679=CARTESIAN_POINT('Origin',(-60.0000000000001,3.99999999999991,4.5));
#5680=CARTESIAN_POINT('',(-60.0000000000001,-7.5000000000001,4.5));
#5681=CARTESIAN_POINT('',(53.0312914534802,3.99999999999977,4.50000000000002));
#5682=CARTESIAN_POINT('Ctrl Pts',(53.0311110468397,4.0010817047448,4.49953775481582));
#5683=CARTESIAN_POINT('Ctrl Pts',(53.0782408461378,3.9103764813212,4.49952178998485));
#5684=CARTESIAN_POINT('Ctrl Pts',(53.1211394703483,3.8175023507653,4.49952947327997));
#5685=CARTESIAN_POINT('Ctrl Pts',(53.1597458534793,3.72284149483638,4.49953566294241));
#5686=CARTESIAN_POINT('Ctrl Pts',(53.1988008753799,3.62708059983356,4.49954192453395));
#5687=CARTESIAN_POINT('Ctrl Pts',(53.2334636065001,3.5294906051855,4.49954683429079));
#5688=CARTESIAN_POINT('Ctrl Pts',(53.2636307286309,3.43045121460953,4.4995550230642));
#5689=CARTESIAN_POINT('Ctrl Pts',(53.2698408484859,3.41006324113394,4.49955670878232));
#5690=CARTESIAN_POINT('Ctrl Pts',(53.2758603142709,3.38961381094202,4.49955863076546));
#5691=CARTESIAN_POINT('Ctrl Pts',(53.2816879993271,3.36910619076398,4.4995609773191));
#5692=CARTESIAN_POINT('Ctrl Pts',(53.3103612717914,3.26820496235468,4.49957252279064));
#5693=CARTESIAN_POINT('Ctrl Pts',(53.3343492651887,3.16605777986994,4.49958979430335));
#5694=CARTESIAN_POINT('Ctrl Pts',(53.3535368904767,3.06304192567354,4.49959738800645));
#5695=CARTESIAN_POINT('Ctrl Pts',(53.37259181011,2.96073855080613,4.49960492918991));
#5696=CARTESIAN_POINT('Ctrl Pts',(53.3869127182218,2.85757779260905,4.49960323964453));
#5697=CARTESIAN_POINT('Ctrl Pts',(53.39634046262,2.75392629212489,4.49959815454768));
#5698=CARTESIAN_POINT('Ctrl Pts',(53.3997754285359,2.71616122804937,4.49959630181031));
#5699=CARTESIAN_POINT('Ctrl Pts',(53.4025603730466,2.67833104180626,4.49959417707533));
#5700=CARTESIAN_POINT('Ctrl Pts',(53.4046859736054,2.64045364550674,4.4995926367165));
#5701=CARTESIAN_POINT('',(-60.0000000000001,3.99999999999991,4.5));
#5702=CARTESIAN_POINT('Origin',(-60.0000000000001,-7.5000000000001,4.5));
#5703=CARTESIAN_POINT('',(-60.0000000000001,-7.5000000000001,-5.5));
#5704=CARTESIAN_POINT('Origin',(-60.0000000000001,-7.5000000000001,4.5));
#5705=CARTESIAN_POINT('',(-60.0000000000001,-7.5000000000001,4.5));
#5706=CARTESIAN_POINT('',(-60.0000000000001,-7.5000000000001,-5.5));
#5707=CARTESIAN_POINT('Origin',(-60.0000000000001,-7.5000000000001,-5.5));
#5708=CARTESIAN_POINT('',(53.1862323231224,3.99999999999974,-5.5));
#5709=CARTESIAN_POINT('',(-60.0000000000001,3.99999999999991,-5.5));
#5710=CARTESIAN_POINT('Ctrl Pts',(53.3833353655896,3.01779266270508,-5.5));
#5711=CARTESIAN_POINT('Ctrl Pts',(53.36428638625,3.35277841280099,-5.5));
#5712=CARTESIAN_POINT('Ctrl Pts',(53.297492721995,3.68405420562487,-5.5));
#5713=CARTESIAN_POINT('Ctrl Pts',(53.1862323231233,3.99999999999694,-5.5));
#5714=CARTESIAN_POINT('Origin',(-60.0000000000001,-7.5000000000001,-5.5));
#5715=CARTESIAN_POINT('',(-53.1862323231223,3.9999999999999,-5.5));
#5716=CARTESIAN_POINT('Ctrl Pts',(-53.1862323231223,3.99999999999992,-5.5));
#5717=CARTESIAN_POINT('Ctrl Pts',(-53.2110315887461,3.92957760571787,-5.5));
#5718=CARTESIAN_POINT('Ctrl Pts',(-53.2336312029951,3.85836905436287,-5.49999999995041));
#5719=CARTESIAN_POINT('Ctrl Pts',(-53.3249826700331,3.53588467063799,-5.49999999995041));
#5720=CARTESIAN_POINT('Ctrl Pts',(-53.3685467824877,3.27785723177937,-5.5));
#5721=CARTESIAN_POINT('Ctrl Pts',(-53.3833353655896,3.01779266270508,-5.5));
#5722=CARTESIAN_POINT('',(-60.0000000000001,3.99999999999991,-5.5));
#5723=CARTESIAN_POINT('Origin',(-60.0000000000001,3.99999999999991,4.5));
#5724=CARTESIAN_POINT('',(-53.0312914983795,3.99999995684457,4.5));
#5725=CARTESIAN_POINT('',(-60.0000000000001,3.99999999999991,4.5));
#5726=CARTESIAN_POINT('Ctrl Pts',(-53.4046895211862,2.63980602726035,4.5));
#5727=CARTESIAN_POINT('Ctrl Pts',(-53.380329052172,3.07385026255705,4.5));
#5728=CARTESIAN_POINT('Ctrl Pts',(-53.2712027660455,3.50049070380729,4.5000000006999));
#5729=CARTESIAN_POINT('Ctrl Pts',(-53.0674326612389,3.92897957136496,4.5000000006999));
#5730=CARTESIAN_POINT('Ctrl Pts',(-53.0496743760018,3.96466225845725,4.5));
#5731=CARTESIAN_POINT('Ctrl Pts',(-53.0312914807111,3.99999994765345,4.5));
#5732=CARTESIAN_POINT('Origin',(-60.0000000000001,3.99999999999991,-5.5));
#5733=CARTESIAN_POINT('Ctrl Pts',(53.1862323231224,3.99999999999977,-5.49999999999995));
#5734=CARTESIAN_POINT('Ctrl Pts',(52.9725646189771,3.99999999999977,-3.90304246551896));
#5735=CARTESIAN_POINT('Ctrl Pts',(52.5813354515229,4.00000000023673,-2.42841929401496));
#5736=CARTESIAN_POINT('Ctrl Pts',(52.4471348567165,4.00000000023673,-0.738012758209506));
#5737=CARTESIAN_POINT('Ctrl Pts',(52.4368404518891,3.99999999999977,-0.56056166460005));
#5738=CARTESIAN_POINT('Ctrl Pts',(52.4280312776612,3.99999999999977,-0.303179983162889));
#5739=CARTESIAN_POINT('Ctrl Pts',(52.4261576881913,3.99999999999977,-0.224347971815598));
#5740=CARTESIAN_POINT('Ctrl Pts',(52.4243522941054,3.99999999999977,-0.0865878735722369));
#5741=CARTESIAN_POINT('Ctrl Pts',(52.424048617149,3.99999999999985,-0.0277888580925747));
#5742=CARTESIAN_POINT('Ctrl Pts',(52.4243887445284,3.99999999999985,0.0936572227842654));
#5743=CARTESIAN_POINT('Ctrl Pts',(52.4250943811009,3.99999999999985,0.156222834981135));
#5744=CARTESIAN_POINT('Ctrl Pts',(52.4282554835709,3.99999999999985,0.31672355888094));
#5745=CARTESIAN_POINT('Ctrl Pts',(52.4314679891525,3.99999999999908,0.414436413954956));
#5746=CARTESIAN_POINT('Ctrl Pts',(52.4448526312793,3.99999999999908,0.707755228275902));
#5747=CARTESIAN_POINT('Ctrl Pts',(52.4586924811981,3.99999999999977,0.901940831509558));
#5748=CARTESIAN_POINT('Ctrl Pts',(52.5071836638265,3.99999999999977,1.42089005413766));
#5749=CARTESIAN_POINT('Ctrl Pts',(52.5490863442858,3.99999999999977,1.74166789107081));
#5750=CARTESIAN_POINT('Ctrl Pts',(52.7196214994851,3.99999999999977,2.85550450568759));
#5751=CARTESIAN_POINT('Ctrl Pts',(52.8869946796872,3.99999999999977,3.66241270054699));
#5752=CARTESIAN_POINT('Ctrl Pts',(53.03129145348,3.99999999999977,4.49999999999913));
#5753=CARTESIAN_POINT('Origin',(-60.0000000000001,3.99999999999991,-5.5));
#5754=CARTESIAN_POINT('Ctrl Pts',(-53.031291454781,3.9999999999999,4.500000007551));
#5755=CARTESIAN_POINT('Ctrl Pts',(-52.8204826637423,3.9999999999999,3.27633601595275));
#5756=CARTESIAN_POINT('Ctrl Pts',(-52.5559010789912,4.00000000023697,2.10804835062727));
#5757=CARTESIAN_POINT('Ctrl Pts',(-52.4471346904126,4.00000000023697,0.738010153277485));
#5758=CARTESIAN_POINT('Ctrl Pts',(-52.436840337842,3.9999999999999,0.560559304712219));
#5759=CARTESIAN_POINT('Ctrl Pts',(-52.428031232489,3.9999999999999,0.303178233613221));
#5760=CARTESIAN_POINT('Ctrl Pts',(-52.4261576626985,3.9999999999999,0.22434658287866));
#5761=CARTESIAN_POINT('Ctrl Pts',(-52.4243522903192,3.9999999999999,0.0865871700575706));
#5762=CARTESIAN_POINT('Ctrl Pts',(-52.4240486179122,3.99999999999998,0.0277884775358622));
#5763=CARTESIAN_POINT('Ctrl Pts',(-52.4243887440125,3.99999999999998,-0.0936569236800725));
#5764=CARTESIAN_POINT('Ctrl Pts',(-52.4250943738777,3.99999999999998,-0.156222180539156));
#5765=CARTESIAN_POINT('Ctrl Pts',(-52.4282554448377,3.99999999999998,-0.316722042207924));
#5766=CARTESIAN_POINT('Ctrl Pts',(-52.4314679184189,3.99999999999921,-0.414434393809611));
#5767=CARTESIAN_POINT('Ctrl Pts',(-52.4448524335646,3.99999999999921,-0.707751834883675));
#5768=CARTESIAN_POINT('Ctrl Pts',(-52.4586921596273,3.9999999999999,-0.901936585101721));
#5769=CARTESIAN_POINT('Ctrl Pts',(-52.5071829814284,3.9999999999999,-1.42088409019112));
#5770=CARTESIAN_POINT('Ctrl Pts',(-52.5490854144216,3.9999999999999,-1.7416610694713));
#5771=CARTESIAN_POINT('Ctrl Pts',(-52.745354872655,3.9999999999999,-3.02358219338521));
#5772=CARTESIAN_POINT('Ctrl Pts',(-52.9600038362123,3.99999999967445,-4.00539202351006));
#5773=CARTESIAN_POINT('Ctrl Pts',(-53.1431745128604,3.99999999967445,-5.19145326632176));
#5774=CARTESIAN_POINT('Ctrl Pts',(-53.165586117501,3.9999999999999,-5.34568976506153));
#5775=CARTESIAN_POINT('Ctrl Pts',(-53.1862323231223,3.9999999999999,-5.50000000000001));
#5776=CARTESIAN_POINT('Origin',(-60.,58.9999999999999,6.));
#5777=CARTESIAN_POINT('',(-60.,53.9999999999999,6.));
#5778=CARTESIAN_POINT('',(-60.,58.9999999999999,6.));
#5779=CARTESIAN_POINT('Origin',(-60.,53.9999999999999,6.));
#5780=CARTESIAN_POINT('',(-60.,53.9999999999999,-4.));
#5781=CARTESIAN_POINT('Origin',(-60.,53.9999999999999,6.));
#5782=CARTESIAN_POINT('',(-60.,53.9999999999999,6.));
#5783=CARTESIAN_POINT('',(-60.,53.9999999999999,-4.));
#5784=CARTESIAN_POINT('Origin',(-60.,53.9999999999999,-4.));
#5785=CARTESIAN_POINT('',(-60.,58.9999999999999,-4.));
#5786=CARTESIAN_POINT('Origin',(-60.,53.9999999999999,-4.));
#5787=CARTESIAN_POINT('',(-60.,58.9999999999999,-4.));
#5788=CARTESIAN_POINT('Origin',(-60.,58.9999999999999,6.));
#5789=CARTESIAN_POINT('',(-60.,58.9999999999999,6.));
#5790=CARTESIAN_POINT('Origin',(-60.,58.9999999999999,-4.));
#5791=CARTESIAN_POINT('Origin',(-60.,58.9999999999999,-4.));
#5792=CARTESIAN_POINT('Origin',(-60.,15.9999999999999,-1.11022302462516E-15));
#5793=CARTESIAN_POINT('',(40.,9.84999999999978,-2.5572701964915E-15));
#5794=CARTESIAN_POINT('Origin',(40.,16.,0.));
#5795=CARTESIAN_POINT('',(-60.0000000000001,9.84999999999991,-1.86338080610078E-15));
#5796=CARTESIAN_POINT('Origin',(-60.,15.9999999999999,-1.11022302462516E-15));
#5797=CARTESIAN_POINT('',(-40.,9.84999999999988,-2.00215868417892E-15));
#5798=CARTESIAN_POINT('',(-60.0000000000001,9.84999999999991,-1.86338080610078E-15));
#5799=CARTESIAN_POINT('Origin',(-40.,16.,0.));
#5800=CARTESIAN_POINT('Ctrl Pts',(49.8944839913499,-88.0001299100379,39.8300908620349));
#5801=CARTESIAN_POINT('Ctrl Pts',(49.9309792152976,-87.0002027297324,39.8888876404798));
#5802=CARTESIAN_POINT('Ctrl Pts',(49.966151218181,-86.0001594263864,39.9455240198015));
#5803=CARTESIAN_POINT('Ctrl Pts',(51.4592427319161,-41.8824845302922,42.3484945069437));
#5804=CARTESIAN_POINT('Ctrl Pts',(53.2787958893272,2.22126527834323,38.3786764879026));
#5805=CARTESIAN_POINT('Ctrl Pts',(46.1668487565733,50.6764317002485,34.5516738294014));
#5806=CARTESIAN_POINT('Ctrl Pts',(45.2407516996422,56.3430983669151,34.0732036356395));
#5807=CARTESIAN_POINT('Ctrl Pts',(44.2217088292067,62.,33.5645894187142));
#5808=CARTESIAN_POINT('Ctrl Pts',(33.2629893275666,-88.0001299100379,39.8300908620349));
#5809=CARTESIAN_POINT('Ctrl Pts',(33.2873194768651,-87.0002027297324,39.8888876404798));
#5810=CARTESIAN_POINT('Ctrl Pts',(33.3107674787873,-86.0001594263864,39.9455240198015));
#5811=CARTESIAN_POINT('Ctrl Pts',(34.3061618212774,-41.8824845302922,42.3484945069437));
#5812=CARTESIAN_POINT('Ctrl Pts',(35.5191972595515,2.22126527834323,38.3786764879026));
#5813=CARTESIAN_POINT('Ctrl Pts',(30.7778991710488,50.6764317002485,34.5516738294014));
#5814=CARTESIAN_POINT('Ctrl Pts',(30.1605011330948,56.3430983669151,34.0732036356395));
#5815=CARTESIAN_POINT('Ctrl Pts',(29.4811392194711,62.,33.5645894187142));
#5816=CARTESIAN_POINT('Ctrl Pts',(16.6314946637833,-88.0001299100379,39.8300908620349));
#5817=CARTESIAN_POINT('Ctrl Pts',(16.6436597384325,-87.0002027297324,39.8888876404798));
#5818=CARTESIAN_POINT('Ctrl Pts',(16.6553837393937,-86.0001594263864,39.9455240198015));
#5819=CARTESIAN_POINT('Ctrl Pts',(17.1530809106387,-41.8824845302922,42.3484945069438));
#5820=CARTESIAN_POINT('Ctrl Pts',(17.7595986297757,2.22126527834323,38.3786764879025));
#5821=CARTESIAN_POINT('Ctrl Pts',(15.3889495855244,50.6764317002485,34.5516738294014));
#5822=CARTESIAN_POINT('Ctrl Pts',(15.0802505665474,56.3430983669151,34.0732036356395));
#5823=CARTESIAN_POINT('Ctrl Pts',(14.7405696097355,62.,33.5645894187142));
#5824=CARTESIAN_POINT('Ctrl Pts',(8.12756248563223E-16,-88.0001299100379,
39.830090862035));
#5825=CARTESIAN_POINT('Ctrl Pts',(5.46593757125823E-16,-87.0002027297324,
39.8888876404798));
#5826=CARTESIAN_POINT('Ctrl Pts',(2.75675007604748E-16,-86.0001594263864,
39.9455240198015));
#5827=CARTESIAN_POINT('Ctrl Pts',(-1.18845266978638E-14,-41.8824845302922,
42.3484945069438));
#5828=CARTESIAN_POINT('Ctrl Pts',(-6.16982190953479E-14,2.22126527834323,
38.3786764879025));
#5829=CARTESIAN_POINT('Ctrl Pts',(-6.22354216487492E-14,50.6764317002485,
34.5516738294014));
#5830=CARTESIAN_POINT('Ctrl Pts',(-6.19418061748185E-14,56.3430983669151,
34.0732036356395));
#5831=CARTESIAN_POINT('Ctrl Pts',(-6.12916429572167E-14,62.,33.5645894187142));
#5832=CARTESIAN_POINT('',(0.,50.,34.5970950943736));
#5833=CARTESIAN_POINT('Ctrl Pts',(5.76121799754429E-14,50.0000000000098,
34.5970950943727));
#5834=CARTESIAN_POINT('Ctrl Pts',(5.74452321077697E-14,54.0048705521652,
34.2679616133605));
#5835=CARTESIAN_POINT('Ctrl Pts',(5.71069910697286E-14,58.0048705521619,
33.9237930548077));
#5836=CARTESIAN_POINT('Ctrl Pts',(5.65974568613194E-14,62.,33.5645894187142));
#5837=CARTESIAN_POINT('',(10.,50.,34.5970950943736));
#5838=CARTESIAN_POINT('Ctrl Pts',(-6.21356454746285E-14,50.,34.5970950943736));
#5839=CARTESIAN_POINT('Ctrl Pts',(3.33333333333329,50.,34.5970950943736));
#5840=CARTESIAN_POINT('Ctrl Pts',(6.66666666666664,50.,34.5970950943736));
#5841=CARTESIAN_POINT('Ctrl Pts',(10.,50.,34.5970950943736));
#5842=CARTESIAN_POINT('',(45.1707335556828,14.8292664443171,37.3767722554115));
#5843=CARTESIAN_POINT('Ctrl Pts',(9.99999999999999,50.,34.5970950943736));
#5844=CARTESIAN_POINT('Ctrl Pts',(12.8356471535558,47.1643528464442,34.8301379371865));
#5845=CARTESIAN_POINT('Ctrl Pts',(13.9874423579477,46.0125576420673,34.9189056974429));
#5846=CARTESIAN_POINT('Ctrl Pts',(21.0718494331577,38.9281505668573,35.4816691391154));
#5847=CARTESIAN_POINT('Ctrl Pts',(24.0450011899784,35.9549988160847,35.7194023333146));
#5848=CARTESIAN_POINT('Ctrl Pts',(33.1140831560878,26.8859168499753,36.4424659099587));
#5849=CARTESIAN_POINT('Ctrl Pts',(39.1206270302322,20.8793729697677,36.9184875755788));
#5850=CARTESIAN_POINT('Ctrl Pts',(45.1707335556828,14.8292664443171,37.3767722554115));
#5851=CARTESIAN_POINT('',(44.891144839835,-88.,39.8300985008707));
#5852=CARTESIAN_POINT('Ctrl Pts',(45.1707335556849,14.829266444287,37.3767722554137));
#5853=CARTESIAN_POINT('Ctrl Pts',(46.1615809016767,0.486261414437372,38.4632290707261));
#5854=CARTESIAN_POINT('Ctrl Pts',(46.4696932069822,-13.939721826979,39.436720757427));
#5855=CARTESIAN_POINT('Ctrl Pts',(46.3556410110602,-42.7278371252662,40.6544382921195));
#5856=CARTESIAN_POINT('Ctrl Pts',(45.9339608401581,-57.1478353412104,40.9035654530816));
#5857=CARTESIAN_POINT('Ctrl Pts',(45.2642610706502,-77.2273068314301,40.389244453446));
#5858=CARTESIAN_POINT('Ctrl Pts',(45.0889938969312,-82.6809721884113,40.1406763022208));
#5859=CARTESIAN_POINT('Ctrl Pts',(44.8916219244413,-87.9999971950478,39.8297476719993));
#5860=CARTESIAN_POINT('Ctrl Pts',(49.8944887327836,-88.0000000000001,39.8300985008707));
#5861=CARTESIAN_POINT('Ctrl Pts',(48.2267074351341,-88.0000000000001,39.8300985008707));
#5862=CARTESIAN_POINT('Ctrl Pts',(46.5589261374845,-88.,39.8300985008707));
#5863=CARTESIAN_POINT('Ctrl Pts',(44.891144839835,-88.,39.8300985008707));
#5864=CARTESIAN_POINT('Origin',(-6.21356454746285E-14,50.,34.5970950943736));
#5865=CARTESIAN_POINT('',(-10.,50.,34.5970950943736));
#5866=CARTESIAN_POINT('Ctrl Pts',(-10.,50.,34.5970950943736));
#5867=CARTESIAN_POINT('Ctrl Pts',(-6.66666666666664,50.,34.5970950943736));
#5868=CARTESIAN_POINT('Ctrl Pts',(-3.33333333333329,50.,34.5970950943736));
#5869=CARTESIAN_POINT('Ctrl Pts',(6.21356454746285E-14,50.,34.5970950943736));
#5870=CARTESIAN_POINT('',(-10.,50.,31.5970950943736));
#5871=CARTESIAN_POINT('',(-10.,50.,34.5970950943736));
#5872=CARTESIAN_POINT('',(0.,50.,31.5970950943736));
#5873=CARTESIAN_POINT('Ctrl Pts',(-10.,50.,31.5970950943736));
#5874=CARTESIAN_POINT('Ctrl Pts',(-6.66666666666664,50.,31.5970950943736));
#5875=CARTESIAN_POINT('Ctrl Pts',(-3.33333333333329,50.,31.5970950943736));
#5876=CARTESIAN_POINT('Ctrl Pts',(6.21356454746285E-14,50.,31.5970950943736));
#5877=CARTESIAN_POINT('',(10.,50.,31.5970950943736));
#5878=CARTESIAN_POINT('Ctrl Pts',(-6.21356454746285E-14,50.,31.5970950943736));
#5879=CARTESIAN_POINT('Ctrl Pts',(3.33333333333329,50.,31.5970950943736));
#5880=CARTESIAN_POINT('Ctrl Pts',(6.66666666666664,50.,31.5970950943736));
#5881=CARTESIAN_POINT('Ctrl Pts',(10.,50.,31.5970950943736));
#5882=CARTESIAN_POINT('',(10.,50.,34.5970950943736));
#5883=CARTESIAN_POINT('Origin',(10.,50.,34.5970950943736));
#5884=CARTESIAN_POINT('',(45.1707335556828,14.8292664443171,34.3767722554115));
#5885=CARTESIAN_POINT('Ctrl Pts',(10.,50.,31.5970950943736));
#5886=CARTESIAN_POINT('Ctrl Pts',(12.9044319627926,47.0955680372074,31.8357908998503));
#5887=CARTESIAN_POINT('Ctrl Pts',(13.9028963360932,46.0971036639215,31.912141843056));
#5888=CARTESIAN_POINT('Ctrl Pts',(21.1583377428231,38.8416622571915,32.4885733954863));
#5889=CARTESIAN_POINT('Ctrl Pts',(24.1217293081577,35.8782706977115,32.725529955989));
#5890=CARTESIAN_POINT('Ctrl Pts',(33.1570461088549,26.8429538970142,33.4458701069041));
#5891=CARTESIAN_POINT('Ctrl Pts',(39.1428126244773,20.8571873755227,33.9201680944115));
#5892=CARTESIAN_POINT('Ctrl Pts',(45.1707335556828,14.8292664443171,34.3767722554115));
#5893=CARTESIAN_POINT('',(45.1707335556828,14.8292664443171,37.3767722554115));
#5894=CARTESIAN_POINT('Ctrl Pts',(45.1707335556849,14.829266444287,37.3767722554137));
#5895=CARTESIAN_POINT('Ctrl Pts',(45.1707335556849,14.829266444287,34.3767722554137));
#5896=CARTESIAN_POINT('Ctrl Pts',(46.1615809016767,0.486261414437372,38.4632290707261));
#5897=CARTESIAN_POINT('Ctrl Pts',(46.1615809016767,0.486261414437372,35.4632290707261));
#5898=CARTESIAN_POINT('Ctrl Pts',(46.4696932069822,-13.939721826979,39.436720757427));
#5899=CARTESIAN_POINT('Ctrl Pts',(46.4696932069822,-13.939721826979,36.436720757427));
#5900=CARTESIAN_POINT('Ctrl Pts',(46.3556410110602,-42.7278371252662,40.6544382921195));
#5901=CARTESIAN_POINT('Ctrl Pts',(46.3556410110602,-42.7278371252662,37.6544382921195));
#5902=CARTESIAN_POINT('Ctrl Pts',(45.9339608401581,-57.1478353412104,40.9035654530816));
#5903=CARTESIAN_POINT('Ctrl Pts',(45.9339608401581,-57.1478353412104,37.9035654530816));
#5904=CARTESIAN_POINT('Ctrl Pts',(45.2351901338633,-78.0989347951572,40.366918339642));
#5905=CARTESIAN_POINT('Ctrl Pts',(45.2351901338633,-78.0989347951572,37.366918339642));
#5906=CARTESIAN_POINT('Ctrl Pts',(45.0358301005887,-84.3402634857789,40.0623921568254));
#5907=CARTESIAN_POINT('Ctrl Pts',(45.0358301005887,-84.3402634857789,37.0623921568254));
#5908=CARTESIAN_POINT('Ctrl Pts',(44.5583663822514,-96.6401752678197,39.2959938111475));
#5909=CARTESIAN_POINT('Ctrl Pts',(44.5583663822514,-96.6401752678197,36.2959938111475));
#5910=CARTESIAN_POINT('Ctrl Pts',(44.266019203532,-102.844433980615,38.8256948076482));
#5911=CARTESIAN_POINT('Ctrl Pts',(44.266019203532,-102.844433980615,35.8256948076482));
#5912=CARTESIAN_POINT('Ctrl Pts',(43.1652643316221,-122.709351989692,37.0521792221808));
#5913=CARTESIAN_POINT('Ctrl Pts',(43.1652643316221,-122.709351989692,34.0521792221808));
#5914=CARTESIAN_POINT('Ctrl Pts',(42.1610238865257,-136.313351563581,35.4306358518528));
#5915=CARTESIAN_POINT('Ctrl Pts',(42.1610238865257,-136.313351563581,32.4306358518528));
#5916=CARTESIAN_POINT('Ctrl Pts',(40.914753791577,-149.852218662141,33.4156961587073));
#5917=CARTESIAN_POINT('Ctrl Pts',(40.914753791577,-149.852218662141,30.4156961587073));
#5918=CARTESIAN_POINT('',(44.891144839835,-88.,36.8300985008707));
#5919=CARTESIAN_POINT('Ctrl Pts',(44.891144839835,-88.,39.8300985008707));
#5920=CARTESIAN_POINT('Ctrl Pts',(44.891144839835,-88.,39.3300985008707));
#5921=CARTESIAN_POINT('Ctrl Pts',(44.891144839835,-88.,38.8300985008707));
#5922=CARTESIAN_POINT('Ctrl Pts',(44.891144839835,-88.,37.8300985008707));
#5923=CARTESIAN_POINT('Ctrl Pts',(44.891144839835,-88.,37.3300985008707));
#5924=CARTESIAN_POINT('Ctrl Pts',(44.891144839835,-88.,36.8300985008707));
#5925=CARTESIAN_POINT('Ctrl Pts',(45.1707335556849,14.829266444287,34.3767722554137));
#5926=CARTESIAN_POINT('Ctrl Pts',(46.1615809016767,0.486261414437372,35.4632290707261));
#5927=CARTESIAN_POINT('Ctrl Pts',(46.4696932069822,-13.939721826979,36.436720757427));
#5928=CARTESIAN_POINT('Ctrl Pts',(46.3556410110602,-42.7278371252662,37.6544382921195));
#5929=CARTESIAN_POINT('Ctrl Pts',(45.9339608401581,-57.1478353412104,37.9035654530816));
#5930=CARTESIAN_POINT('Ctrl Pts',(45.2642610706502,-77.2273068314301,37.389244453446));
#5931=CARTESIAN_POINT('Ctrl Pts',(45.0889938969312,-82.6809721884113,37.1406763022208));
#5932=CARTESIAN_POINT('Ctrl Pts',(44.8916219244413,-87.9999971950478,36.8297476719992));
#5933=CARTESIAN_POINT('Origin',(-45.1707335556828,14.8292664443171,37.3767722554115));
#5934=CARTESIAN_POINT('',(-45.1707335556828,14.8292664443171,37.3767722554115));
#5935=CARTESIAN_POINT('Ctrl Pts',(-45.1707335556828,14.8292664443171,37.3767722554115));
#5936=CARTESIAN_POINT('Ctrl Pts',(-36.1276929027193,23.8723070972806,36.6917782023442));
#5937=CARTESIAN_POINT('Ctrl Pts',(-27.0537778196625,32.9462221803375,35.9568628770365));
#5938=CARTESIAN_POINT('Ctrl Pts',(-13.9807398123721,46.0192601876279,34.9183696746608));
#5939=CARTESIAN_POINT('Ctrl Pts',(-12.8406883455813,47.1593116544187,34.8305522389868));
#5940=CARTESIAN_POINT('Ctrl Pts',(-10.,50.,34.5970950943736));
#5941=CARTESIAN_POINT('',(-45.1707335556828,14.8292664443171,34.3767722554115));
#5942=CARTESIAN_POINT('',(-45.1707335556828,14.8292664443171,37.3767722554115));
#5943=CARTESIAN_POINT('Ctrl Pts',(-45.1707335556828,14.8292664443171,34.3767722554115));
#5944=CARTESIAN_POINT('Ctrl Pts',(-36.157621463241,23.8423785367589,33.6940452369359));
#5945=CARTESIAN_POINT('Ctrl Pts',(-27.1129668255303,32.8870331744697,32.9616576675925));
#5946=CARTESIAN_POINT('Ctrl Pts',(-13.9029444597248,46.0970555402752,31.9121457240911));
#5947=CARTESIAN_POINT('Ctrl Pts',(-12.9043982813643,47.0956017186357,31.8357881317994));
#5948=CARTESIAN_POINT('Ctrl Pts',(-10.,50.,31.5970950943736));
#5949=CARTESIAN_POINT('Ctrl Pts',(45.0477707376549,-88.0001299100379,36.8300908620349));
#5950=CARTESIAN_POINT('Ctrl Pts',(45.0807208425543,-87.0002027297324,36.8888876404798));
#5951=CARTESIAN_POINT('Ctrl Pts',(45.1124762631044,-86.0001594263864,36.9455240198015));
#5952=CARTESIAN_POINT('Ctrl Pts',(46.4605299720623,-41.8824845302924,39.3484945069438));
#5953=CARTESIAN_POINT('Ctrl Pts',(48.1033330822065,2.22126527834329,35.3786764879026));
#5954=CARTESIAN_POINT('Ctrl Pts',(42.2134826636184,46.6675093404026,31.8682996437732));
#5955=CARTESIAN_POINT('Ctrl Pts',(41.9852689181049,48.3341760070692,31.7339980085643));
#5956=CARTESIAN_POINT('Ctrl Pts',(41.7498135428063,50.,31.5970950943736));
#5957=CARTESIAN_POINT('Ctrl Pts',(30.0318471584366,-88.0001299100379,36.8300908620349));
#5958=CARTESIAN_POINT('Ctrl Pts',(30.0538138950362,-87.0002027297324,36.8888876404798));
#5959=CARTESIAN_POINT('Ctrl Pts',(30.0749841754029,-86.0001594263864,36.9455240198015));
#5960=CARTESIAN_POINT('Ctrl Pts',(30.9736866480415,-41.8824845302924,39.3484945069438));
#5961=CARTESIAN_POINT('Ctrl Pts',(32.068888721471,2.22126527834329,35.3786764879026));
#5962=CARTESIAN_POINT('Ctrl Pts',(28.1423217757456,46.6675093404026,31.8682996437732));
#5963=CARTESIAN_POINT('Ctrl Pts',(27.9901792787366,48.3341760070692,31.7339980085643));
#5964=CARTESIAN_POINT('Ctrl Pts',(27.8332090285375,50.,31.5970950943736));
#5965=CARTESIAN_POINT('Ctrl Pts',(15.0159235792183,-88.0001299100379,36.8300908620349));
#5966=CARTESIAN_POINT('Ctrl Pts',(15.0269069475181,-87.0002027297324,36.8888876404798));
#5967=CARTESIAN_POINT('Ctrl Pts',(15.0374920877014,-86.0001594263864,36.9455240198015));
#5968=CARTESIAN_POINT('Ctrl Pts',(15.4868433240207,-41.8824845302924,39.3484945069439));
#5969=CARTESIAN_POINT('Ctrl Pts',(16.0344443607354,2.22126527834329,35.3786764879025));
#5970=CARTESIAN_POINT('Ctrl Pts',(14.0711608878728,46.6675093404026,31.8682996437732));
#5971=CARTESIAN_POINT('Ctrl Pts',(13.9950896393683,48.3341760070692,31.7339980085643));
#5972=CARTESIAN_POINT('Ctrl Pts',(13.9166045142687,50.,31.5970950943736));
#5973=CARTESIAN_POINT('Ctrl Pts',(8.12756248563223E-16,-88.0001299100379,
36.830090862035));
#5974=CARTESIAN_POINT('Ctrl Pts',(5.46593757125823E-16,-87.0002027297324,
36.8888876404798));
#5975=CARTESIAN_POINT('Ctrl Pts',(2.75675007604748E-16,-86.0001594263864,
36.9455240198015));
#5976=CARTESIAN_POINT('Ctrl Pts',(-1.18845266978638E-14,-41.8824845302924,
39.3484945069439));
#5977=CARTESIAN_POINT('Ctrl Pts',(-6.16982190953479E-14,2.22126527834329,
35.3786764879026));
#5978=CARTESIAN_POINT('Ctrl Pts',(-6.21909763710394E-14,46.6675093404026,
31.8682996437732));
#5979=CARTESIAN_POINT('Ctrl Pts',(-6.21786950695793E-14,48.3341760070692,
31.7339980085643));
#5980=CARTESIAN_POINT('Ctrl Pts',(-6.21356454746285E-14,50.,31.5970950943736));
#5981=CARTESIAN_POINT('',(40.8884482656413,-88.,36.8300985008707));
#5982=CARTESIAN_POINT('Ctrl Pts',(44.891144839835,-88.,36.8300985008707));
#5983=CARTESIAN_POINT('Ctrl Pts',(43.5569126484371,-88.,36.8300985008707));
#5984=CARTESIAN_POINT('Ctrl Pts',(42.2226804570392,-88.,36.8300985008707));
#5985=CARTESIAN_POINT('Ctrl Pts',(40.8884482656413,-88.,36.8300985008707));
#5986=CARTESIAN_POINT('',(5.77219444986966E-14,46.,31.9206998378499));
#5987=CARTESIAN_POINT('Ctrl Pts',(5.77219444986966E-14,46.,31.9206998378499));
#5988=CARTESIAN_POINT('Ctrl Pts',(5.77043272744174E-14,47.3338727535679,
31.8144967451835));
#5989=CARTESIAN_POINT('Ctrl Pts',(5.76677390999997E-14,48.6672060869013,
31.7066284973581));
#5990=CARTESIAN_POINT('Ctrl Pts',(5.76121799754433E-14,50.,31.5970950943736));
#5991=CARTESIAN_POINT('',(8.34314575050762,46.,31.9206998378499));
#5992=CARTESIAN_POINT('Ctrl Pts',(-6.2179887879114E-14,46.,31.9206998378499));
#5993=CARTESIAN_POINT('Ctrl Pts',(2.7810485835025,46.,31.9206998378499));
#5994=CARTESIAN_POINT('Ctrl Pts',(5.56209716700506,46.,31.9206998378499));
#5995=CARTESIAN_POINT('Ctrl Pts',(8.34314575050762,46.,31.9206998378499));
#5996=CARTESIAN_POINT('',(41.2807721090359,13.0623736414717,34.509992868787));
#5997=CARTESIAN_POINT('Ctrl Pts',(8.34314575050762,46.,31.9206998378499));
#5998=CARTESIAN_POINT('Ctrl Pts',(9.85868455844207,44.4844611920656,32.0413672013806));
#5999=CARTESIAN_POINT('Ctrl Pts',(10.3940667731512,43.9490789773644,32.0817398005939));
#6000=CARTESIAN_POINT('Ctrl Pts',(18.8366237968214,35.5065219536943,32.7549242494715));
#6001=CARTESIAN_POINT('Ctrl Pts',(21.6231393925914,32.7200063610569,32.9776746818237));
#6002=CARTESIAN_POINT('Ctrl Pts',(30.0461924702552,24.2969532833932,33.6471850714653));
#6003=CARTESIAN_POINT('Ctrl Pts',(35.6549127684913,18.6882329820163,34.0878348344095));
#6004=CARTESIAN_POINT('Ctrl Pts',(41.280772109036,13.0623736414717,34.509992868787));
#6005=CARTESIAN_POINT('Ctrl Pts',(41.2807721090361,13.0623736414688,34.5099928687872));
#6006=CARTESIAN_POINT('Ctrl Pts',(42.3528296777706,-3.24169510817477,35.7334314937276));
#6007=CARTESIAN_POINT('Ctrl Pts',(42.5513601424815,-19.6328371681724,36.7972995564912));
#6008=CARTESIAN_POINT('Ctrl Pts',(42.3490551907502,-36.0246697981893,37.3351959238271));
#6009=CARTESIAN_POINT('Ctrl Pts',(42.2398744875876,-44.8710761631986,37.6254898741815));
#6010=CARTESIAN_POINT('Ctrl Pts',(42.0131507428121,-53.7273564742913,37.7627621238006));
#6011=CARTESIAN_POINT('Ctrl Pts',(41.7408908469562,-62.570237826406,37.6871298613633));
#6012=CARTESIAN_POINT('Ctrl Pts',(41.6189127111291,-66.5320338863045,37.6532450236736));
#6013=CARTESIAN_POINT('Ctrl Pts',(41.4878242349788,-70.4889374490111,37.5758429515394));
#6014=CARTESIAN_POINT('Ctrl Pts',(41.3576002329505,-74.3401238522364,37.4551638083705));
#6015=CARTESIAN_POINT('Ctrl Pts',(41.2399053473973,-77.8207797675217,37.3460954513649));
#6016=CARTESIAN_POINT('Ctrl Pts',(41.1217148361728,-81.2513345147705,37.2016816882861));
#6017=CARTESIAN_POINT('Ctrl Pts',(41.0051496128765,-84.6955882504161,37.0164747183713));
#6018=CARTESIAN_POINT('Ctrl Pts',(41.0017158606434,-84.797048305327,37.0110189329444));
#6019=CARTESIAN_POINT('Ctrl Pts',(40.9982679596648,-84.8985196464114,37.005527361095));
#6020=CARTESIAN_POINT('Ctrl Pts',(40.9948058443136,-85.0000038862825,36.9999997883247));
#6021=CARTESIAN_POINT('Ctrl Pts',(40.9607536536198,-85.9981684007134,36.9456324599859));
#6022=CARTESIAN_POINT('Ctrl Pts',(40.925325450415,-86.9976479430647,36.8890376764673));
#6023=CARTESIAN_POINT('Ctrl Pts',(40.8884482656413,-88.,36.8300985008707));
#6024=CARTESIAN_POINT('Origin',(-8.34314575050762,46.,42.));
#6025=CARTESIAN_POINT('',(-8.34314575050762,46.,31.9206998378499));
#6026=CARTESIAN_POINT('Ctrl Pts',(-8.34314575050762,46.,31.9206998378499));
#6027=CARTESIAN_POINT('Ctrl Pts',(-5.56209716700506,46.,31.9206998378499));
#6028=CARTESIAN_POINT('Ctrl Pts',(-2.7810485835025,46.,31.9206998378499));
#6029=CARTESIAN_POINT('Ctrl Pts',(6.2179887879114E-14,46.,31.9206998378499));
#6030=CARTESIAN_POINT('',(-8.34314575050762,46.,42.));
#6031=CARTESIAN_POINT('',(8.34314575050762,46.,42.));
#6032=CARTESIAN_POINT('Origin',(-41.2807721090359,13.0623736414717,42.));
#6033=CARTESIAN_POINT('',(-41.2807721090359,13.0623736414717,34.509992868787));
#6034=CARTESIAN_POINT('Ctrl Pts',(-41.2807721090359,13.0623736414717,34.509992868787));
#6035=CARTESIAN_POINT('Ctrl Pts',(-32.8579159542334,21.4852297962743,33.8779514004677));
#6036=CARTESIAN_POINT('Ctrl Pts',(-24.3384614133027,30.004684337205,33.1936243665935));
#6037=CARTESIAN_POINT('Ctrl Pts',(-10.3941671801608,43.9489785703469,32.081747869036));
#6038=CARTESIAN_POINT('Ctrl Pts',(-9.85868750059463,44.484458249913,32.0413674356351));
#6039=CARTESIAN_POINT('Ctrl Pts',(-8.34314575050762,46.,31.9206998378499));
#6040=CARTESIAN_POINT('',(-41.2807721090359,13.0623736414717,42.));
#6041=CARTESIAN_POINT('Ctrl Pts',(41.2807721090361,13.0623736414688,42.));
#6042=CARTESIAN_POINT('Ctrl Pts',(41.2807721090361,13.0623736414688,-39.0055864104025));
#6043=CARTESIAN_POINT('Ctrl Pts',(43.3944243717308,-19.0824782851814,42.));
#6044=CARTESIAN_POINT('Ctrl Pts',(43.3944243717308,-19.0824782851814,-39.0055864104025));
#6045=CARTESIAN_POINT('Ctrl Pts',(42.1114130333325,-52.0078598130463,42.));
#6046=CARTESIAN_POINT('Ctrl Pts',(42.1114130333325,-52.0078598130463,-39.0055864104025));
#6047=CARTESIAN_POINT('Ctrl Pts',(41.0051497631954,-84.6955838088131,42.));
#6048=CARTESIAN_POINT('Ctrl Pts',(41.0051497631954,-84.6955838088131,-39.0055864104025));
#6049=CARTESIAN_POINT('Ctrl Pts',(40.2932934512326,-105.729422026367,42.));
#6050=CARTESIAN_POINT('Ctrl Pts',(40.2932934512326,-105.729422026367,-39.0055864104025));
#6051=CARTESIAN_POINT('Ctrl Pts',(38.9915502639049,-126.710727677282,42.));
#6052=CARTESIAN_POINT('Ctrl Pts',(38.9915502639049,-126.710727677282,-39.0055864104025));
#6053=CARTESIAN_POINT('Ctrl Pts',(37.0999114240826,-147.640301689924,42.));
#6054=CARTESIAN_POINT('Ctrl Pts',(37.0999114240826,-147.640301689924,-39.0055864104025));
#6055=CARTESIAN_POINT('Ctrl Pts',(40.8884482656413,-88.,36.8300985008707));
#6056=CARTESIAN_POINT('Ctrl Pts',(40.8884482656413,-88.,35.4967651675372));
#6057=CARTESIAN_POINT('Ctrl Pts',(40.888448265641,-88.0000000000043,34.1634318342037));
#6058=CARTESIAN_POINT('Ctrl Pts',(40.888448265641,-88.0000000000043,32.8300985008702));
#6059=CARTESIAN_POINT('',(41.2807721090359,13.0623736414717,42.));
#6060=CARTESIAN_POINT('Origin',(8.34314575050762,46.,42.));
#6061=CARTESIAN_POINT('Origin',(-40.,16.,0.));
#6062=CARTESIAN_POINT('',(-39.9999999999763,8.98953212986342,3.85400314501463));
#6063=CARTESIAN_POINT('',(-39.999999999953,8.98953213046898,-3.85400314611615));
#6064=CARTESIAN_POINT('Origin',(-40.,16.,0.));
#6065=CARTESIAN_POINT('Ctrl Pts',(-40.,8.98953212924837,3.85400314389585));
#6066=CARTESIAN_POINT('Ctrl Pts',(-40.,9.4955474113546,4.79919507691836));
#6067=CARTESIAN_POINT('Ctrl Pts',(-40.0000000000002,10.182669302669,5.63557315398057));
#6068=CARTESIAN_POINT('Ctrl Pts',(-40.0000000000002,11.8473420231604,7.00141555591893));
#6069=CARTESIAN_POINT('Ctrl Pts',(-40.0000000000935,12.8108187449082,7.51475346229486));
#6070=CARTESIAN_POINT('Ctrl Pts',(-40.0000000000935,14.8936266062621,8.14155517453874));
#6071=CARTESIAN_POINT('Ctrl Pts',(-40.0000000000412,15.9937925052452,8.24395929293128));
#6072=CARTESIAN_POINT('Ctrl Pts',(-40.0000000000412,18.1615194197547,8.01238934026292));
#6073=CARTESIAN_POINT('Ctrl Pts',(-40.,19.2081208685402,7.68376586220713));
#6074=CARTESIAN_POINT('Ctrl Pts',(-40.,21.110292522744,6.63914133856795));
#6075=CARTESIAN_POINT('Ctrl Pts',(-40.,21.9476989680023,5.93407241391699));
#6076=CARTESIAN_POINT('Ctrl Pts',(-40.,23.297192886738,4.24065906558591));
#6077=CARTESIAN_POINT('Ctrl Pts',(-40.,23.7967128568973,3.26971710461678));
#6078=CARTESIAN_POINT('Ctrl Pts',(-40.,24.3861424586124,1.19616125209708));
#6079=CARTESIAN_POINT('Ctrl Pts',(-39.9999999999997,24.4728306571904,0.114998797904569));
#6080=CARTESIAN_POINT('Ctrl Pts',(-39.9999999999997,24.2248217428699,-1.99437205929913));
#6081=CARTESIAN_POINT('Ctrl Pts',(-40.0000000000004,23.9021591851593,-3.00320079161886));
#6082=CARTESIAN_POINT('Ctrl Pts',(-40.0000000000004,22.899804413653,-4.8304898954597));
#6083=CARTESIAN_POINT('Ctrl Pts',(-39.9999999999303,22.2344293248073,-5.63480699654638));
#6084=CARTESIAN_POINT('Ctrl Pts',(-39.9999999999303,20.6413188789564,-6.95172876958351));
#6085=CARTESIAN_POINT('Ctrl Pts',(-40.,19.7283485873685,-7.45324652572638));
#6086=CARTESIAN_POINT('Ctrl Pts',(-40.,17.7595142941952,-8.09308696722222));
#6087=CARTESIAN_POINT('Ctrl Pts',(-39.9999999998929,16.7204145231472,-8.22378798377353));
#6088=CARTESIAN_POINT('Ctrl Pts',(-39.9999999998929,14.6436268091477,-8.09063306718886));
#6089=CARTESIAN_POINT('Ctrl Pts',(-39.9999999999714,13.6247292552113,-7.82593115453074));
#6090=CARTESIAN_POINT('Ctrl Pts',(-39.9999999999714,11.8945252961777,-7.00156220885657));
#6091=CARTESIAN_POINT('Ctrl Pts',(-39.9999999999996,11.1712442211004,-6.50222073580677));
#6092=CARTESIAN_POINT('Ctrl Pts',(-39.9999999999996,9.91926186406687,-5.30254190204669));
#6093=CARTESIAN_POINT('Ctrl Pts',(-40.,9.39572950452613,-4.61274402762834));
#6094=CARTESIAN_POINT('Ctrl Pts',(-40.,8.98953212924848,-3.85400314389606));
#6095=CARTESIAN_POINT('Origin',(40.,16.,0.));
#6096=CARTESIAN_POINT('',(39.9999999996999,8.98953213704697,3.85400315808158));
#6097=CARTESIAN_POINT('',(40.,8.98953212924924,-3.85400314389744));
#6098=CARTESIAN_POINT('Origin',(40.,16.,0.));
#6099=CARTESIAN_POINT('Ctrl Pts',(40.,8.98953212924837,-3.85400314389586));
#6100=CARTESIAN_POINT('Ctrl Pts',(40.,9.49548430527662,-4.79907720032859));
#6101=CARTESIAN_POINT('Ctrl Pts',(40.0000000000003,10.1824985426239,-5.6353656940759));
#6102=CARTESIAN_POINT('Ctrl Pts',(40.0000000000003,11.8465356391756,-7.00082179197004));
#6103=CARTESIAN_POINT('Ctrl Pts',(40.0000000000012,12.80938384018,-7.51402009490314));
#6104=CARTESIAN_POINT('Ctrl Pts',(40.0000000000012,14.8916100496225,-8.14125301240969));
#6105=CARTESIAN_POINT('Ctrl Pts',(40.0000000000502,15.9919261966425,-8.24393290084694));
#6106=CARTESIAN_POINT('Ctrl Pts',(40.0000000000502,18.1598617226963,-8.01279020339285));
#6107=CARTESIAN_POINT('Ctrl Pts',(40.,19.206523084817,-7.68438526427202));
#6108=CARTESIAN_POINT('Ctrl Pts',(40.,21.108921964493,-6.64015117177619));
#6109=CARTESIAN_POINT('Ctrl Pts',(40.,21.9464880634935,-5.93524093701344));
#6110=CARTESIAN_POINT('Ctrl Pts',(40.,23.2963436898482,-4.2420742905523));
#6111=CARTESIAN_POINT('Ctrl Pts',(40.,23.7960636508967,-3.27121990559565));
#6112=CARTESIAN_POINT('Ctrl Pts',(40.,24.3857411780072,-1.19834730037483));
#6113=CARTESIAN_POINT('Ctrl Pts',(39.9999999999997,24.4727119014271,-0.117829397665916));
#6114=CARTESIAN_POINT('Ctrl Pts',(39.9999999999997,24.2256680670401,1.99091554791347));
#6115=CARTESIAN_POINT('Ctrl Pts',(40.0000000000005,23.9034913857425,2.9997576102227));
#6116=CARTESIAN_POINT('Ctrl Pts',(40.0000000000005,22.9019929353498,4.82749691159227));
#6117=CARTESIAN_POINT('Ctrl Pts',(39.999999999928,22.2368989543948,5.63219912097045));
#6118=CARTESIAN_POINT('Ctrl Pts',(39.999999999928,20.6441516044045,6.94995041797673));
#6119=CARTESIAN_POINT('Ctrl Pts',(40.,19.7312594438611,7.45189628427685));
#6120=CARTESIAN_POINT('Ctrl Pts',(40.,17.7625893950655,8.09249273422029));
#6121=CARTESIAN_POINT('Ctrl Pts',(39.9999999998771,16.7235972072348,8.22358332722649));
#6122=CARTESIAN_POINT('Ctrl Pts',(39.9999999998771,14.6472848347431,8.09127700858616));
#6123=CARTESIAN_POINT('Ctrl Pts',(39.9999999999632,13.6287299837508,7.82718401359628));
#6124=CARTESIAN_POINT('Ctrl Pts',(39.9999999999632,11.8978028128766,7.0036688217717));
#6125=CARTESIAN_POINT('Ctrl Pts',(39.9999999999995,11.1736729067867,6.50419765181321));
#6126=CARTESIAN_POINT('Ctrl Pts',(39.9999999999995,9.92022404932819,5.30380818524696));
#6127=CARTESIAN_POINT('Ctrl Pts',(40.,9.3961036632681,4.61344291955383));
#6128=CARTESIAN_POINT('Ctrl Pts',(40.,8.98953213688828,3.85400315816654));
#6129=CARTESIAN_POINT('Origin',(40.,16.,0.));
#6130=CARTESIAN_POINT('',(40.0435843751248,8.4192311160654,2.55576664200178));
#6131=CARTESIAN_POINT('Ctrl Pts',(39.9999122062236,8.99092223401521,3.85573577654611));
#6132=CARTESIAN_POINT('Ctrl Pts',(40.0175049090581,8.76222204039075,3.44020169660831));
#6133=CARTESIAN_POINT('Ctrl Pts',(40.0320917581763,8.57067993642294,3.00498547364588));
#6134=CARTESIAN_POINT('Ctrl Pts',(40.0435843751247,8.4192311160654,2.55576664200178));
#6135=CARTESIAN_POINT('Ctrl Pts',(40.0435843751248,8.4192311160654,2.55576664200178));
#6136=CARTESIAN_POINT('Ctrl Pts',(40.0672964655295,8.10675501631108,1.62891790117327));
#6137=CARTESIAN_POINT('Ctrl Pts',(40.0878923261217,7.82901123737996,-0.327080923837909));
#6138=CARTESIAN_POINT('Ctrl Pts',(40.0513408205967,8.32037152601093,-2.51582556441592));
#6139=CARTESIAN_POINT('Ctrl Pts',(40.0096279355387,8.86447650015019,-3.62759158425669));
#6140=CARTESIAN_POINT('Ctrl Pts',(39.9999959473559,8.98950688687209,-3.85436161174606));
#6141=CARTESIAN_POINT('Origin',(-40.,16.,0.));
#6142=CARTESIAN_POINT('',(-40.0442787413858,8.41007975117971,-2.52846012753767));
#6143=CARTESIAN_POINT('Ctrl Pts',(-40.0442787413858,8.41007975117971,-2.52846012753767));
#6144=CARTESIAN_POINT('Ctrl Pts',(-40.0698867487699,8.07254121350935,-1.51523846193983));
#6145=CARTESIAN_POINT('Ctrl Pts',(-40.0893303691556,7.81066284111573,0.632222880525344));
#6146=CARTESIAN_POINT('Ctrl Pts',(-40.0437415139683,8.42054897205981,2.7892684406706));
#6147=CARTESIAN_POINT('Ctrl Pts',(-40.0025822744065,8.95584403695448,3.79382697259976));
#6148=CARTESIAN_POINT('Ctrl Pts',(-40.0000023295383,8.98935898417035,3.85477613921609));
#6149=CARTESIAN_POINT('Ctrl Pts',(-39.9999195445838,8.99080130222295,-3.85573904710093));
#6150=CARTESIAN_POINT('Ctrl Pts',(-40.017865436918,8.75753236761449,-3.43178809678036));
#6151=CARTESIAN_POINT('Ctrl Pts',(-40.0326807437578,8.56295268270291,-2.98735340642611));
#6152=CARTESIAN_POINT('Ctrl Pts',(-40.0442787413858,8.41007975117971,-2.52846012753767));
#6153=CARTESIAN_POINT('Ctrl Pts',(-51.2719033160361,5.33096610888932,-3.9770439015705));
#6154=CARTESIAN_POINT('Ctrl Pts',(-51.3082119394976,4.74256599672901,-2.39915659989281));
#6155=CARTESIAN_POINT('Ctrl Pts',(-51.3353960170659,4.27970403319969,1.00588673108314));
#6156=CARTESIAN_POINT('Ctrl Pts',(-51.2424003922172,5.83875038433984,5.93297328584805));
#6157=CARTESIAN_POINT('Ctrl Pts',(-51.0128326177572,9.35883475171179,9.70641733769492));
#6158=CARTESIAN_POINT('Ctrl Pts',(-50.774044511466,12.5557991839665,10.980891055836));
#6159=CARTESIAN_POINT('Ctrl Pts',(-50.6101047478277,14.5874813850242,11.301603733448));
#6160=CARTESIAN_POINT('Ctrl Pts',(-50.5798018641407,14.9576184436924,11.3416480598562));
#6161=CARTESIAN_POINT('Ctrl Pts',(-50.5337246018428,15.5120901450109,11.3741821928329));
#6162=CARTESIAN_POINT('Ctrl Pts',(-50.5183951035963,15.6952434280934,11.3805010972637));
#6163=CARTESIAN_POINT('Ctrl Pts',(-50.4908845851403,16.0215844124798,11.3838669480397));
#6164=CARTESIAN_POINT('Ctrl Pts',(-50.4787531073156,16.1646970733424,11.3826447815077));
#6165=CARTESIAN_POINT('Ctrl Pts',(-50.4531372311003,16.4652186413114,11.3744042103864));
#6166=CARTESIAN_POINT('Ctrl Pts',(-50.4396420431067,16.6225877395548,11.3668182277265));
#6167=CARTESIAN_POINT('Ctrl Pts',(-50.4041677660373,17.0337885470189,11.3384216464705));
#6168=CARTESIAN_POINT('Ctrl Pts',(-50.3820927211883,17.28721071357,11.3123590389255));
#6169=CARTESIAN_POINT('Ctrl Pts',(-50.2422872131935,18.8771771443745,11.0946111840683));
#6170=CARTESIAN_POINT('Ctrl Pts',(-50.0005698404916,21.4875462547879,10.2485922065038));
#6171=CARTESIAN_POINT('Ctrl Pts',(-49.6729791650912,24.7391453205177,7.67003103268182));
#6172=CARTESIAN_POINT('Ctrl Pts',(-49.4433237531571,26.8905036088874,4.07502424527872));
#6173=CARTESIAN_POINT('Ctrl Pts',(-49.3621950741994,27.6284015877702,-0.0734894517839961));
#6174=CARTESIAN_POINT('Ctrl Pts',(-49.4490652603148,26.8377593111782,-4.21454673150443));
#6175=CARTESIAN_POINT('Ctrl Pts',(-49.6833771047471,24.6395730546501,-7.78094928060288));
#6176=CARTESIAN_POINT('Ctrl Pts',(-50.0133895813259,21.3552709239157,-10.3187801247754));
#6177=CARTESIAN_POINT('Ctrl Pts',(-50.2554157960453,18.7326364627453,-11.1312438525075));
#6178=CARTESIAN_POINT('Ctrl Pts',(-50.3980971955289,17.1040375378189,-11.3328416226344));
#6179=CARTESIAN_POINT('Ctrl Pts',(-50.4232612512036,16.8136863334503,-11.3574820921601));
#6180=CARTESIAN_POINT('Ctrl Pts',(-50.4623938507723,16.3571082619526,-11.3786489858342));
#6181=CARTESIAN_POINT('Ctrl Pts',(-50.4765172075558,16.1912749439087,-11.3827045518375));
#6182=CARTESIAN_POINT('Ctrl Pts',(-50.502577515223,15.8833119897769,-11.3835037750936));
#6183=CARTESIAN_POINT('Ctrl Pts',(-50.5145363195094,15.7412087452736,-11.381209979581));
#6184=CARTESIAN_POINT('Ctrl Pts',(-50.5407360294996,15.4281574164638,-11.3702932545793));
#6185=CARTESIAN_POINT('Ctrl Pts',(-50.5549396360963,15.2572891946799,-11.360463223974));
#6186=CARTESIAN_POINT('Ctrl Pts',(-50.5949507445051,14.7727782391005,-11.3216761600171));
#6187=CARTESIAN_POINT('Ctrl Pts',(-50.6204488686788,14.4598932336509,-11.283321812618));
#6188=CARTESIAN_POINT('Ctrl Pts',(-50.8044451078479,12.177220162138,-10.9097896958569));
#6189=CARTESIAN_POINT('Ctrl Pts',(-51.0789806929588,8.42230480491428,-9.19848429882409));
#6190=CARTESIAN_POINT('Ctrl Pts',(-51.2287857275037,6.02970903852408,-5.85083279627308));
#6191=CARTESIAN_POINT('Ctrl Pts',(-51.2719033160361,5.33096610888932,-3.9770439015705));
#6192=CARTESIAN_POINT('Ctrl Pts',(-47.5293617911527,6.35733732298612,-3.49418264355956));
#6193=CARTESIAN_POINT('Ctrl Pts',(-47.5621158948645,5.85260934959366,-2.10393973107766));
#6194=CARTESIAN_POINT('Ctrl Pts',(-47.5867018764722,5.45688104812926,0.881096710359094));
#6195=CARTESIAN_POINT('Ctrl Pts',(-47.5026388768971,6.79112945251758,5.21084466184343));
#6196=CARTESIAN_POINT('Ctrl Pts',(-47.2964005811173,9.82286998838745,8.5803493961591));
#6197=CARTESIAN_POINT('Ctrl Pts',(-47.0829389457515,12.6163305282932,9.78443774653073));
#6198=CARTESIAN_POINT('Ctrl Pts',(-46.9363463176503,14.4159917414912,10.1239850465498));
#6199=CARTESIAN_POINT('Ctrl Pts',(-46.9092324490389,14.7446538867037,10.1695728956026));
#6200=CARTESIAN_POINT('Ctrl Pts',(-46.8680053460736,15.2385830319589,10.2139132100072));
#6201=CARTESIAN_POINT('Ctrl Pts',(-46.8542843955822,15.4019546630276,10.2246164183368));
#6202=CARTESIAN_POINT('Ctrl Pts',(-46.8296595416146,15.6935190313293,10.2367634347713));
#6203=CARTESIAN_POINT('Ctrl Pts',(-46.8187981617085,15.8215286902949,10.2396938922923));
#6204=CARTESIAN_POINT('Ctrl Pts',(-46.7958609836131,16.0906618806225,10.2408202659159));
#6205=CARTESIAN_POINT('Ctrl Pts',(-46.7837748512703,16.2317924020102,10.2385147944697));
#6206=CARTESIAN_POINT('Ctrl Pts',(-46.7519965209351,16.6010297562858,10.2248137751612));
#6207=CARTESIAN_POINT('Ctrl Pts',(-46.7322161827703,16.8291420877445,10.2087869987347));
#6208=CARTESIAN_POINT('Ctrl Pts',(-46.6068772108078,18.2631998644644,10.0591739309536));
#6209=CARTESIAN_POINT('Ctrl Pts',(-46.3896988482919,20.6489139540339,9.3759804060328));
#6210=CARTESIAN_POINT('Ctrl Pts',(-46.0932207286211,23.7048611937526,7.10435466146858));
#6211=CARTESIAN_POINT('Ctrl Pts',(-45.8839365521275,25.7770904995014,3.80866456531009));
#6212=CARTESIAN_POINT('Ctrl Pts',(-45.8096855359296,26.4980806421331,-0.0689654276450179));
#6213=CARTESIAN_POINT('Ctrl Pts',(-45.8891845743207,25.7257809280449,-3.93817775004743));
#6214=CARTESIAN_POINT('Ctrl Pts',(-46.1026740506343,23.6099341590942,-7.2041927306192));
#6215=CARTESIAN_POINT('Ctrl Pts',(-46.4012485971247,20.5263669185208,-9.43567805531651));
#6216=CARTESIAN_POINT('Ctrl Pts',(-46.6186531447528,18.1318986331864,-10.0878006500415));
#6217=CARTESIAN_POINT('Ctrl Pts',(-46.7465600818456,16.6642141046642,-10.221896430355));
#6218=CARTESIAN_POINT('Ctrl Pts',(-46.7691013055624,16.4031968394763,-10.2355758613806));
#6219=CARTESIAN_POINT('Ctrl Pts',(-46.8041501026475,15.9938108875193,-10.2415728839664));
#6220=CARTESIAN_POINT('Ctrl Pts',(-46.8167953716992,15.8453257555673,-10.2405031732689));
#6221=CARTESIAN_POINT('Ctrl Pts',(-46.8401255400486,15.5699603034061,-10.2325673858596));
#6222=CARTESIAN_POINT('Ctrl Pts',(-46.8508302559174,15.4430607604013,-10.2265672146309));
#6223=CARTESIAN_POINT('Ctrl Pts',(-46.8742767204483,15.1637838098479,-10.2080962731858));
#6224=CARTESIAN_POINT('Ctrl Pts',(-46.8869890946744,15.0116120820246,-10.194694897567));
#6225=CARTESIAN_POINT('Ctrl Pts',(-46.9227807142315,14.5805065242441,-10.1467220794427));
#6226=CARTESIAN_POINT('Ctrl Pts',(-46.945599584781,14.3029990286077,-10.1044555774347));
#6227=CARTESIAN_POINT('Ctrl Pts',(-47.1100930281168,12.2813215764352,-9.7103576791387));
#6228=CARTESIAN_POINT('Ctrl Pts',(-47.3556262955147,9.00981805458794,-8.11256316596571));
#6229=CARTESIAN_POINT('Ctrl Pts',(-47.49044712926,6.95806874711731,-5.14463442712147));
#6230=CARTESIAN_POINT('Ctrl Pts',(-47.5293617911527,6.35733732298612,-3.49418264355956));
#6231=CARTESIAN_POINT('Ctrl Pts',(-43.7868202662692,7.38370853708292,-3.01132138554861));
#6232=CARTESIAN_POINT('Ctrl Pts',(-43.815982793403,6.9624978606447,-1.81045533075499));
#6233=CARTESIAN_POINT('Ctrl Pts',(-43.8380245097493,6.63348582618616,0.757012901249393));
#6234=CARTESIAN_POINT('Ctrl Pts',(-43.7628632429848,7.74428825255494,4.48797257256133));
#6235=CARTESIAN_POINT('Ctrl Pts',(-43.5799671009208,10.2862149099503,7.45457142000213));
#6236=CARTESIAN_POINT('Ctrl Pts',(-43.3919059826308,12.6773714706952,8.58911833131304));
#6237=CARTESIAN_POINT('Ctrl Pts',(-43.2625695524583,14.2444218414702,8.94611627713808));
#6238=CARTESIAN_POINT('Ctrl Pts',(-43.2386666144251,14.5317564426044,8.99757246568644));
#6239=CARTESIAN_POINT('Ctrl Pts',(-43.2022786610164,14.9650586258941,9.05355145181852));
#6240=CARTESIAN_POINT('Ctrl Pts',(-43.1901712182064,15.1086840237301,9.06871305835397));
#6241=CARTESIAN_POINT('Ctrl Pts',(-43.1684294751935,15.3654545540183,9.08960389345432));
#6242=CARTESIAN_POINT('Ctrl Pts',(-43.1588393373667,15.4783642618362,9.09670086676167));
#6243=CARTESIAN_POINT('Ctrl Pts',(-43.1385806175786,15.7161178799096,9.10719728832332));
#6244=CARTESIAN_POINT('Ctrl Pts',(-43.1279029794007,15.8409861464993,9.11015156651675));
#6245=CARTESIAN_POINT('Ctrl Pts',(-43.0998222684662,16.1683144359298,9.11119768819491));
#6246=CARTESIAN_POINT('Ctrl Pts',(-43.0823327677784,16.3710138212443,9.10510347061078));
#6247=CARTESIAN_POINT('Ctrl Pts',(-42.9714778342783,17.6497184703848,9.02411795484007));
#6248=CARTESIAN_POINT('Ctrl Pts',(-42.7788120691758,19.8099730013838,8.50295191446127));
#6249=CARTESIAN_POINT('Ctrl Pts',(-42.5134891865523,22.6706966760193,6.53920331949965));
#6250=CARTESIAN_POINT('Ctrl Pts',(-42.3245429099094,24.6635814777821,3.5421663232221));
#6251=CARTESIAN_POINT('Ctrl Pts',(-42.2571779753679,25.3677959951282,-0.0642918226717006));
#6252=CARTESIAN_POINT('Ctrl Pts',(-42.329295292406,24.6137640474025,-3.66188132567054));
#6253=CARTESIAN_POINT('Ctrl Pts',(-42.5219784987981,22.5804256062668,-6.62759018485619));
#6254=CARTESIAN_POINT('Ctrl Pts',(-42.7891120402343,19.6970801086613,-8.55245323250933));
#6255=CARTESIAN_POINT('Ctrl Pts',(-42.981926778491,17.5313262074399,-9.04482203240347));
#6256=CARTESIAN_POINT('Ctrl Pts',(-43.0950117558651,16.2242417816625,-9.11070846406703));
#6257=CARTESIAN_POINT('Ctrl Pts',(-43.1149417634795,15.9926089249551,-9.11358715294157));
#6258=CARTESIAN_POINT('Ctrl Pts',(-43.1459008509306,15.6303862697054,-9.10432942135002));
#6259=CARTESIAN_POINT('Ctrl Pts',(-43.1570703082447,15.4992511972458,-9.09815664566293));
#6260=CARTESIAN_POINT('Ctrl Pts',(-43.1776699655499,15.2564892892263,-9.08149293951791));
#6261=CARTESIAN_POINT('Ctrl Pts',(-43.1871190231572,15.1447620851824,-9.07173157015048));
#6262=CARTESIAN_POINT('Ctrl Pts',(-43.2078163622937,14.8993147988772,-9.04581912080033));
#6263=CARTESIAN_POINT('Ctrl Pts',(-43.2190292903884,14.7657239963803,-9.02861987463415));
#6264=CARTESIAN_POINT('Ctrl Pts',(-43.2506192691481,14.3882431994608,-8.97192837391482));
#6265=CARTESIAN_POINT('Ctrl Pts',(-43.2707263240582,14.1457199251756,-8.92488386350119));
#6266=CARTESIAN_POINT('Ctrl Pts',(-43.415879816213,12.3864669051508,-8.51437210363561));
#6267=CARTESIAN_POINT('Ctrl Pts',(-43.6321640633687,9.59854893074624,-7.02526878160273));
#6268=CARTESIAN_POINT('Ctrl Pts',(-43.7522070563344,7.88255726508545,-4.43788986996329));
#6269=CARTESIAN_POINT('Ctrl Pts',(-43.7868202662692,7.38370853708292,-3.01132138554861));
#6270=CARTESIAN_POINT('Ctrl Pts',(-40.0442787413858,8.41007975117971,-2.52846012753767));
#6271=CARTESIAN_POINT('Ctrl Pts',(-40.0698867487699,8.07254121350935,-1.51523846193983));
#6272=CARTESIAN_POINT('Ctrl Pts',(-40.0893303691556,7.81066284111573,0.632222880525344));
#6273=CARTESIAN_POINT('Ctrl Pts',(-40.0231017276647,8.69666732073267,3.76584394855671));
#6274=CARTESIAN_POINT('Ctrl Pts',(-39.863535064281,10.750250146626,6.32850347846631));
#6275=CARTESIAN_POINT('Ctrl Pts',(-39.7008004169164,12.7379028150219,7.39266502200779));
#6276=CARTESIAN_POINT('Ctrl Pts',(-39.5888111222809,14.0729321979373,7.76849759023987));
#6277=CARTESIAN_POINT('Ctrl Pts',(-39.5680971993232,14.3187918856157,7.82549730143283));
#6278=CARTESIAN_POINT('Ctrl Pts',(-39.5365594052473,14.6915515128421,7.89328246899283));
#6279=CARTESIAN_POINT('Ctrl Pts',(-39.5260605101923,14.8153952586642,7.91282837942712));
#6280=CARTESIAN_POINT('Ctrl Pts',(-39.5072044316678,15.0373891728678,7.94250038018591));
#6281=CARTESIAN_POINT('Ctrl Pts',(-39.4988843917597,15.1351958787887,7.95374997754634));
#6282=CARTESIAN_POINT('Ctrl Pts',(-39.4813043700914,15.3415611192207,7.97361334385283));
#6283=CARTESIAN_POINT('Ctrl Pts',(-39.4720357875642,15.4501908089548,7.98184813325995));
#6284=CARTESIAN_POINT('Ctrl Pts',(-39.447651023364,15.7355556451967,7.99758981688556));
#6285=CARTESIAN_POINT('Ctrl Pts',(-39.4324562293603,15.9129451954189,8.00153143041994));
#6286=CARTESIAN_POINT('Ctrl Pts',(-39.3360678318926,17.0357411904748,7.98868070172532));
#6287=CARTESIAN_POINT('Ctrl Pts',(-39.1679410769761,18.9713407006299,7.63034011399023));
#6288=CARTESIAN_POINT('Ctrl Pts',(-38.9337307500822,21.6364125492542,5.97352694828641));
#6289=CARTESIAN_POINT('Ctrl Pts',(-38.7651557088797,23.5501683683961,3.27580664325348));
#6290=CARTESIAN_POINT('Ctrl Pts',(-38.7046684370981,24.2374750494911,-0.0597677985327224));
#6291=CARTESIAN_POINT('Ctrl Pts',(-38.7694146064119,23.5017856642693,-3.38551234421354));
#6292=CARTESIAN_POINT('Ctrl Pts',(-38.9412754446853,21.5507867107109,-6.05083363487251));
#6293=CARTESIAN_POINT('Ctrl Pts',(-39.1769710560331,18.8681761032665,-7.66935116305043));
#6294=CARTESIAN_POINT('Ctrl Pts',(-39.3451641271985,16.930588377881,-8.0013788299375));
#6295=CARTESIAN_POINT('Ctrl Pts',(-39.4434746421818,15.7844183485079,-7.99976327178765));
#6296=CARTESIAN_POINT('Ctrl Pts',(-39.4607818178383,15.5821194309811,-7.99168092216208));
#6297=CARTESIAN_POINT('Ctrl Pts',(-39.4876571028058,15.2670888952721,-7.96725331948218));
#6298=CARTESIAN_POINT('Ctrl Pts',(-39.4973484723881,15.1533020089044,-7.95595526709435));
#6299=CARTESIAN_POINT('Ctrl Pts',(-39.5152179903755,14.9431376028555,-7.9305565502839));
#6300=CARTESIAN_POINT('Ctrl Pts',(-39.5234129595652,14.8466141003101,-7.91708880520045));
#6301=CARTESIAN_POINT('Ctrl Pts',(-39.5413570532424,14.6349411922612,-7.88362213940685));
#6302=CARTESIAN_POINT('Ctrl Pts',(-39.5510787489666,14.5200468837251,-7.86285154822712));
#6303=CARTESIAN_POINT('Ctrl Pts',(-39.5784492388745,14.1959714846044,-7.79697429334041));
#6304=CARTESIAN_POINT('Ctrl Pts',(-39.5958770401604,13.9888257201324,-7.74601762831785));
#6305=CARTESIAN_POINT('Ctrl Pts',(-39.7215277364819,12.490568319448,-7.31494008691737));
#6306=CARTESIAN_POINT('Ctrl Pts',(-39.9088096659246,10.1860621804199,-5.93934764874435));
#6307=CARTESIAN_POINT('Ctrl Pts',(-40.0138684580907,8.81091697367867,-3.73169150081168));
#6308=CARTESIAN_POINT('Ctrl Pts',(-40.0442787413858,8.41007975117971,-2.52846012753767));
#6309=CARTESIAN_POINT('',(-50.7095964711531,12.3829765589778,-10.7697191902729));
#6310=CARTESIAN_POINT('',(-51.2671918934627,5.33225819090159,-3.97643603753554));
#6311=CARTESIAN_POINT('Ctrl Pts',(-50.7095964711531,12.3829765589778,-10.7697191902729));
#6312=CARTESIAN_POINT('Ctrl Pts',(-50.8593681759952,10.7316439026518,-10.2232229534249));
#6313=CARTESIAN_POINT('Ctrl Pts',(-51.0986168124501,7.77876858119551,-8.41195151222397));
#6314=CARTESIAN_POINT('Ctrl Pts',(-51.2282514509918,5.90405012438897,-5.50624127206527));
#6315=CARTESIAN_POINT('Ctrl Pts',(-51.2671422489473,5.3316244830826,-3.97649715517211));
#6316=CARTESIAN_POINT('',(-49.9359641538239,19.8066945184137,-10.6535216070638));
#6317=CARTESIAN_POINT('Ctrl Pts',(-49.9359641538239,19.8066945184137,-10.6535216070638));
#6318=CARTESIAN_POINT('Ctrl Pts',(-50.0289847764708,19.021517721515,-10.9411356477675));
#6319=CARTESIAN_POINT('Ctrl Pts',(-50.1542337667922,17.920915213263,-11.2104143094115));
#6320=CARTESIAN_POINT('Ctrl Pts',(-50.2923303639703,16.6327285087146,-11.3264398906001));
#6321=CARTESIAN_POINT('Ctrl Pts',(-50.3398914382558,16.178244208253,-11.339833519767));
#6322=CARTESIAN_POINT('Ctrl Pts',(-50.3716573801548,15.8719783306922,-11.3421272367754));
#6323=CARTESIAN_POINT('Ctrl Pts',(-50.4037250802471,15.5604128170868,-11.338591720806));
#6324=CARTESIAN_POINT('Ctrl Pts',(-50.5280222123759,14.3323381732753,-11.2738489597143));
#6325=CARTESIAN_POINT('Ctrl Pts',(-50.6304048741051,13.2561165853262,-11.0586783753364));
#6326=CARTESIAN_POINT('Ctrl Pts',(-50.7095964711531,12.3829765589778,-10.7697191902729));
#6327=CARTESIAN_POINT('Ctrl Pts',(-51.2671422489473,5.3316244830826,-3.97649715517211));
#6328=CARTESIAN_POINT('Ctrl Pts',(-51.2697880347609,5.29268170687992,-3.8724268995917));
#6329=CARTESIAN_POINT('Ctrl Pts',(-51.3121314029521,4.66819212996733,-2.12490582114932));
#6330=CARTESIAN_POINT('Ctrl Pts',(-51.3350147172576,4.30715460045722,1.55534017650455));
#6331=CARTESIAN_POINT('Ctrl Pts',(-51.21017848826,6.21497877289169,6.58082867204864));
#6332=CARTESIAN_POINT('Ctrl Pts',(-50.9149742225189,10.1586738046694,10.2294459036477));
#6333=CARTESIAN_POINT('Ctrl Pts',(-50.5869107991709,13.7677885785914,11.2841438779314));
#6334=CARTESIAN_POINT('Ctrl Pts',(-50.3909125411708,15.6852538539414,11.3403826812635));
#6335=CARTESIAN_POINT('Ctrl Pts',(-50.3574288720661,16.0098009305737,11.3421637389768));
#6336=CARTESIAN_POINT('Ctrl Pts',(-50.3263438500561,16.3088056364174,11.3381462964046));
#6337=CARTESIAN_POINT('Ctrl Pts',(-50.2680731510785,16.860221498058,11.3086848341849));
#6338=CARTESIAN_POINT('Ctrl Pts',(-50.0442451262396,18.9342658683289,11.0850475398545));
#6339=CARTESIAN_POINT('Ctrl Pts',(-49.6312630293605,22.3762462103553,9.77133594835903));
#6340=CARTESIAN_POINT('Ctrl Pts',(-49.1375734888717,25.9174045464946,6.0679424393014));
#6341=CARTESIAN_POINT('Ctrl Pts',(-48.8907142722782,27.5391682356092,1.21298951856546));
#6342=CARTESIAN_POINT('Ctrl Pts',(-48.9823716022882,26.9472584331444,-3.87145583756269));
#6343=CARTESIAN_POINT('Ctrl Pts',(-49.3780092629402,24.2483505908409,-8.22250463654025));
#6344=CARTESIAN_POINT('Ctrl Pts',(-49.7500136827505,21.3762818970467,-10.0785741939599));
#6345=CARTESIAN_POINT('Ctrl Pts',(-49.9359641538239,19.8066945184137,-10.6535216070638));
#6346=CARTESIAN_POINT('Ctrl Pts',(-51.2671918935455,5.33225819032374,-3.97643603566555));
#6347=CARTESIAN_POINT('Ctrl Pts',(-47.5262208428256,6.35819871060906,-3.49377739962292));
#6348=CARTESIAN_POINT('Ctrl Pts',(-43.7852497921057,7.38413923089439,-3.0111187635803));
#6349=CARTESIAN_POINT('Ctrl Pts',(-40.0442787413858,8.41007975117971,-2.52846012753767));
#6350=CARTESIAN_POINT('Ctrl Pts',(-50.7095964711531,12.3829765589778,-10.7697191902729));
#6351=CARTESIAN_POINT('Ctrl Pts',(-50.6304048741051,13.2561165853262,-11.0586783753364));
#6352=CARTESIAN_POINT('Ctrl Pts',(-50.5280222123759,14.3323381732753,-11.2738489597143));
#6353=CARTESIAN_POINT('Ctrl Pts',(-50.4037250802471,15.5604128170868,-11.338591720806));
#6354=CARTESIAN_POINT('Ctrl Pts',(-50.3716573801548,15.8719783306922,-11.3421272367754));
#6355=CARTESIAN_POINT('Ctrl Pts',(-50.3398914382558,16.178244208253,-11.339833519767));
#6356=CARTESIAN_POINT('Ctrl Pts',(-50.2923303639703,16.6327285087146,-11.3264398906001));
#6357=CARTESIAN_POINT('Ctrl Pts',(-50.1542337667922,17.920915213263,-11.2104143094115));
#6358=CARTESIAN_POINT('Ctrl Pts',(-50.0289847764708,19.021517721515,-10.9411356477675));
#6359=CARTESIAN_POINT('Ctrl Pts',(-49.9359641538239,19.8066945184137,-10.6535216070638));
#6360=CARTESIAN_POINT('Ctrl Pts',(-51.3890687442205,12.361452506218,-10.9844013099181));
#6361=CARTESIAN_POINT('Ctrl Pts',(-51.3118013002315,13.2544087336743,-11.2772283713317));
#6362=CARTESIAN_POINT('Ctrl Pts',(-51.2121645211944,14.354704393974,-11.4938008296193));
#6363=CARTESIAN_POINT('Ctrl Pts',(-51.0916419787923,15.6093546503831,-11.5559235254477));
#6364=CARTESIAN_POINT('Ctrl Pts',(-51.0605785726356,15.9275913706275,-11.558500856882));
#6365=CARTESIAN_POINT('Ctrl Pts',(-51.0298217394321,16.2403822189642,-11.555132149519));
#6366=CARTESIAN_POINT('Ctrl Pts',(-50.9837962012543,16.7044886358106,-11.5399156195683));
#6367=CARTESIAN_POINT('Ctrl Pts',(-50.8503507782873,18.0194621930072,-11.4169782441749));
#6368=CARTESIAN_POINT('Ctrl Pts',(-50.7297584534987,19.1417437436141,-11.1381015152221));
#6369=CARTESIAN_POINT('Ctrl Pts',(-50.6404453868274,19.9415607047505,-10.8418386943989));
#6370=CARTESIAN_POINT('Ctrl Pts',(-52.4362127475295,12.173330420928,-11.7761030047598));
#6371=CARTESIAN_POINT('Ctrl Pts',(-52.3609680928768,13.1331050602731,-12.090473007092));
#6372=CARTESIAN_POINT('Ctrl Pts',(-52.2643031629485,14.3159681093867,-12.3232840747525));
#6373=CARTESIAN_POINT('Ctrl Pts',(-52.1480076265688,15.6651818417574,-12.3905997823982));
#6374=CARTESIAN_POINT('Ctrl Pts',(-52.1180778044727,16.0074348940469,-12.3935402562145));
#6375=CARTESIAN_POINT('Ctrl Pts',(-52.0884639362221,16.3438439318333,-12.3901033918031));
#6376=CARTESIAN_POINT('Ctrl Pts',(-52.0441841753057,16.8430182228604,-12.3740474518228));
#6377=CARTESIAN_POINT('Ctrl Pts',(-51.9160800362456,18.257535562774,-12.2429499968325));
#6378=CARTESIAN_POINT('Ctrl Pts',(-51.8009538772368,19.4651869856114,-11.9444628454469));
#6379=CARTESIAN_POINT('Ctrl Pts',(-51.7160523338224,20.32603665413,-11.6271081214792));
#6380=CARTESIAN_POINT('Ctrl Pts',(-52.8056876188259,11.8028628927395,-12.9598666725352));
#6381=CARTESIAN_POINT('Ctrl Pts',(-52.7266291484249,12.8579096926623,-13.3103602852526));
#6382=CARTESIAN_POINT('Ctrl Pts',(-52.624788444386,14.1592152518689,-13.5733399747882));
#6383=CARTESIAN_POINT('Ctrl Pts',(-52.501800993032,15.6458510483349,-13.6563952419095));
#6384=CARTESIAN_POINT('Ctrl Pts',(-52.4701164882144,16.0231431346811,-13.6619823555586));
#6385=CARTESIAN_POINT('Ctrl Pts',(-52.4387512828788,16.3940772847612,-13.6605433429005));
#6386=CARTESIAN_POINT('Ctrl Pts',(-52.3918266184699,16.9446306359416,-13.6464045824928));
#6387=CARTESIAN_POINT('Ctrl Pts',(-52.2558647438434,18.5059520516948,-13.5124828090552));
#6388=CARTESIAN_POINT('Ctrl Pts',(-52.13320689713,19.8418781757837,-13.1933150251881));
#6389=CARTESIAN_POINT('Ctrl Pts',(-52.0424775952243,20.796045244999,-12.8503347511688));
#6390=CARTESIAN_POINT('Ctrl Pts',(-52.8183250704283,11.633357411496,-13.4668084462637));
#6391=CARTESIAN_POINT('Ctrl Pts',(-52.7366553612662,12.7287889739707,-13.8327729500234));
#6392=CARTESIAN_POINT('Ctrl Pts',(-52.6312278901297,14.0802797955907,-14.1086623865239));
#6393=CARTESIAN_POINT('Ctrl Pts',(-52.5035386593561,15.6251004148084,-14.1984479156985));
#6394=CARTESIAN_POINT('Ctrl Pts',(-52.4706173459222,16.017224550878,-14.2051669161095));
#6395=CARTESIAN_POINT('Ctrl Pts',(-52.438015732194,16.4027722137545,-14.2045812240534));
#6396=CARTESIAN_POINT('Ctrl Pts',(-52.3892206372567,16.9750703074365,-14.1912597542562));
#6397=CARTESIAN_POINT('Ctrl Pts',(-52.2476777727486,18.5985032596161,-14.0561185663299));
#6398=CARTESIAN_POINT('Ctrl Pts',(-52.119619152563,19.9886562970787,-13.7280902917917));
#6399=CARTESIAN_POINT('Ctrl Pts',(-52.0246867675459,20.9822499074079,-13.3741247349437));
#6400=CARTESIAN_POINT('Origin',(-49.0382868458378,20.6969158792545,-13.3741247349437));
#6401=CARTESIAN_POINT('Origin',(-49.8266281056304,11.4103119658597,-13.4668084462636));
#6402=CARTESIAN_POINT('Ctrl Pts',(-49.9359641538239,19.8066945184137,-10.6535216070638));
#6403=CARTESIAN_POINT('Ctrl Pts',(-49.7500136827505,21.3762818970467,-10.0785741939599));
#6404=CARTESIAN_POINT('Ctrl Pts',(-49.3780092629402,24.2483505908409,-8.22250463654025));
#6405=CARTESIAN_POINT('Ctrl Pts',(-48.9823716022882,26.9472584331444,-3.87145583756269));
#6406=CARTESIAN_POINT('Ctrl Pts',(-48.8907142722782,27.5391682356092,1.21298951856546));
#6407=CARTESIAN_POINT('Ctrl Pts',(-49.1375734888717,25.9174045464946,6.0679424393014));
#6408=CARTESIAN_POINT('Ctrl Pts',(-49.6312630293605,22.3762462103553,9.77133594835903));
#6409=CARTESIAN_POINT('Ctrl Pts',(-50.0442451262396,18.9342658683289,11.0850475398545));
#6410=CARTESIAN_POINT('Ctrl Pts',(-50.2680731510785,16.860221498058,11.3086848341849));
#6411=CARTESIAN_POINT('Ctrl Pts',(-50.3263438500561,16.3088056364174,11.3381462964046));
#6412=CARTESIAN_POINT('Ctrl Pts',(-50.3574288720661,16.0098009305737,11.3421637389768));
#6413=CARTESIAN_POINT('Ctrl Pts',(-50.3909125411708,15.6852538539414,11.3403826812635));
#6414=CARTESIAN_POINT('Ctrl Pts',(-50.5869107991709,13.7677885785914,11.2841438779314));
#6415=CARTESIAN_POINT('Ctrl Pts',(-50.9149742225189,10.1586738046694,10.2294459036477));
#6416=CARTESIAN_POINT('Ctrl Pts',(-51.21017848826,6.21497877289169,6.58082867204864));
#6417=CARTESIAN_POINT('Ctrl Pts',(-51.3350147172576,4.30715460045722,1.55534017650455));
#6418=CARTESIAN_POINT('Ctrl Pts',(-51.3017492142015,4.83199531544127,-3.79463810233744));
#6419=CARTESIAN_POINT('Ctrl Pts',(-51.1064872744084,7.68162908134622,-8.35236687598447));
#6420=CARTESIAN_POINT('Ctrl Pts',(-50.8593681759952,10.7316439026518,-10.2232229534249));
#6421=CARTESIAN_POINT('Ctrl Pts',(-50.7095964711531,12.3829765589778,-10.7697191902729));
#6422=CARTESIAN_POINT('Ctrl Pts',(-50.6404453868274,19.9415607047504,-10.841838694399));
#6423=CARTESIAN_POINT('Ctrl Pts',(-50.4618644344106,21.5405289602575,-10.249723244094));
#6424=CARTESIAN_POINT('Ctrl Pts',(-50.1068171211365,24.4587033300847,-8.34676794206991));
#6425=CARTESIAN_POINT('Ctrl Pts',(-49.7329438237216,27.1841916307885,-3.92105398183208));
#6426=CARTESIAN_POINT('Ctrl Pts',(-49.646827585244,27.7793860568577,1.2277748496155));
#6427=CARTESIAN_POINT('Ctrl Pts',(-49.879195281341,26.1462534027823,6.15151180503599));
#6428=CARTESIAN_POINT('Ctrl Pts',(-50.3477930858678,22.5596881013743,9.9312415885613));
#6429=CARTESIAN_POINT('Ctrl Pts',(-50.7441209161013,19.0537020768192,11.2855588801098));
#6430=CARTESIAN_POINT('Ctrl Pts',(-50.9603573109111,16.9367178588393,11.5209694724186));
#6431=CARTESIAN_POINT('Ctrl Pts',(-51.0167035749195,16.3737258997585,11.5529815844657));
#6432=CARTESIAN_POINT('Ctrl Pts',(-51.0468008852458,16.0683530734631,11.558074647533));
#6433=CARTESIAN_POINT('Ctrl Pts',(-51.0792339988441,15.7368683870184,11.5573204766725));
#6434=CARTESIAN_POINT('Ctrl Pts',(-51.2691440616882,13.7781575318302,11.5063589631077));
#6435=CARTESIAN_POINT('Ctrl Pts',(-51.5893384515394,10.0865345267317,10.4387684884738));
#6436=CARTESIAN_POINT('Ctrl Pts',(-51.8803813895446,6.05046410226448,6.71813963963087));
#6437=CARTESIAN_POINT('Ctrl Pts',(-52.0043328883232,4.09838290345859,1.5879181300654));
#6438=CARTESIAN_POINT('Ctrl Pts',(-51.9712429140059,4.63532425947119,-3.87407307789448));
#6439=CARTESIAN_POINT('Ctrl Pts',(-51.7778517960622,7.55146132336235,-8.5256693182147));
#6440=CARTESIAN_POINT('Ctrl Pts',(-51.5351841547883,10.6726001672799,-10.4307065674682));
#6441=CARTESIAN_POINT('Ctrl Pts',(-51.3890687442205,12.3614525062179,-10.9844013099181));
#6442=CARTESIAN_POINT('Ctrl Pts',(-51.7160493756125,20.326037009447,-11.6271098998075));
#6443=CARTESIAN_POINT('Ctrl Pts',(-51.5462596258995,22.0470457246685,-10.9927156782029));
#6444=CARTESIAN_POINT('Ctrl Pts',(-51.2118562312893,25.1895629280843,-8.95266766059919));
#6445=CARTESIAN_POINT('Ctrl Pts',(-50.8653569336237,28.1256077555438,-4.20522529947922));
#6446=CARTESIAN_POINT('Ctrl Pts',(-50.7862734875738,28.7665780007455,1.31665459017727));
#6447=CARTESIAN_POINT('Ctrl Pts',(-51.0002998920445,27.0076564886527,6.597815037746));
#6448=CARTESIAN_POINT('Ctrl Pts',(-51.4376967812306,23.1440480069114,10.6518812389908));
#6449=CARTESIAN_POINT('Ctrl Pts',(-51.8141987803488,19.370162883405,12.102520664539));
#6450=CARTESIAN_POINT('Ctrl Pts',(-52.0216764539561,17.0928131875972,12.3538895513244));
#6451=CARTESIAN_POINT('Ctrl Pts',(-52.075830621706,16.4872576684957,12.387872572061));
#6452=CARTESIAN_POINT('Ctrl Pts',(-52.1048060558706,16.1588191915614,12.3931717415475));
#6453=CARTESIAN_POINT('Ctrl Pts',(-52.1360514230393,15.8023128687416,12.3921915131019));
#6454=CARTESIAN_POINT('Ctrl Pts',(-52.3191214229199,13.6958840936776,12.3363249032506));
#6455=CARTESIAN_POINT('Ctrl Pts',(-52.631075910723,9.72806841301776,11.1898624084248));
#6456=CARTESIAN_POINT('Ctrl Pts',(-52.9187250080184,5.39282057850212,7.20048207129376));
#6457=CARTESIAN_POINT('Ctrl Pts',(-53.0423974805857,3.29654633427276,1.7018394269633));
#6458=CARTESIAN_POINT('Ctrl Pts',(-53.0093044591514,3.87313542057801,-4.15204650027199));
#6459=CARTESIAN_POINT('Ctrl Pts',(-52.8169821261103,7.00486127070478,-9.13827895998391));
#6460=CARTESIAN_POINT('Ctrl Pts',(-52.5784809804011,10.3581325057984,-11.1815348878036));
#6461=CARTESIAN_POINT('Ctrl Pts',(-52.4362102573125,12.1733297361556,-11.7761044892159));
#6462=CARTESIAN_POINT('Ctrl Pts',(-52.0424775952243,20.796045244999,-12.8503347511688));
#6463=CARTESIAN_POINT('Ctrl Pts',(-51.8610727721938,22.7035073974111,-12.164665418617));
#6464=CARTESIAN_POINT('Ctrl Pts',(-51.5013648995854,26.203519591344,-9.93931992314198));
#6465=CARTESIAN_POINT('Ctrl Pts',(-51.1240883070101,29.5084132174801,-4.68650152911928));
#6466=CARTESIAN_POINT('Ctrl Pts',(-51.0373223368674,30.2348075141688,1.46876919576772));
#6467=CARTESIAN_POINT('Ctrl Pts',(-51.271551800761,28.2459769824376,7.34143651451742));
#6468=CARTESIAN_POINT('Ctrl Pts',(-51.7451567495873,23.9183914102621,11.8004114069363));
#6469=CARTESIAN_POINT('Ctrl Pts',(-52.1476728684948,19.7345469453955,13.3660846945675));
#6470=CARTESIAN_POINT('Ctrl Pts',(-52.3679409920875,17.2203173215906,13.6260445765561));
#6471=CARTESIAN_POINT('Ctrl Pts',(-52.4253740318856,16.5522101886237,13.6590731448827));
#6472=CARTESIAN_POINT('Ctrl Pts',(-52.4560640447255,16.1900481697462,13.6626154679334));
#6473=CARTESIAN_POINT('Ctrl Pts',(-52.4891435167285,15.7970153883028,13.6590845568992));
#6474=CARTESIAN_POINT('Ctrl Pts',(-52.6828886483921,13.4754091942352,13.5832136437151));
#6475=CARTESIAN_POINT('Ctrl Pts',(-53.0105781687934,9.11496409081372,12.3016858011933));
#6476=CARTESIAN_POINT('Ctrl Pts',(-53.3094766674317,4.3589243633458,7.9090258105333));
#6477=CARTESIAN_POINT('Ctrl Pts',(-53.4369359677621,2.05913147043964,1.86889068543947));
#6478=CARTESIAN_POINT('Ctrl Pts',(-53.4029046644534,2.69178972404691,-4.55983562176296));
#6479=CARTESIAN_POINT('Ctrl Pts',(-53.2041022906727,6.12716931246114,-10.0400660439038));
#6480=CARTESIAN_POINT('Ctrl Pts',(-52.9551866411633,9.80750239827172,-12.2969407963792));
#6481=CARTESIAN_POINT('Ctrl Pts',(-52.8056876188259,11.8028628927394,-12.9598666725352));
#6482=CARTESIAN_POINT('Ctrl Pts',(-52.0246867675459,20.9822499074079,-13.3741247349437));
#6483=CARTESIAN_POINT('Ctrl Pts',(-51.8349146373264,22.9684675292514,-12.666539038711));
#6484=CARTESIAN_POINT('Ctrl Pts',(-51.4567608130916,26.6193393256485,-10.3617370138797));
#6485=CARTESIAN_POINT('Ctrl Pts',(-51.0569475022179,30.0794851056077,-4.89256159363218));
#6486=CARTESIAN_POINT('Ctrl Pts',(-50.9645559879427,30.8418353625042,1.53391779631228));
#6487=CARTESIAN_POINT('Ctrl Pts',(-51.213585613992,28.7562024360083,7.65978136659733));
#6488=CARTESIAN_POINT('Ctrl Pts',(-51.7136730238012,24.233207306912,12.2921873252283));
#6489=CARTESIAN_POINT('Ctrl Pts',(-52.1350005720517,19.8761373257808,13.9071924346516));
#6490=CARTESIAN_POINT('Ctrl Pts',(-52.364352791051,17.2617165475519,14.1707989381139));
#6491=CARTESIAN_POINT('Ctrl Pts',(-52.4241117785908,16.5671333721482,14.2034368865733));
#6492=CARTESIAN_POINT('Ctrl Pts',(-52.456011797317,16.1907002142953,14.2062246086097));
#6493=CARTESIAN_POINT('Ctrl Pts',(-52.4903834632602,15.7822067058658,14.2015970408828));
#6494=CARTESIAN_POINT('Ctrl Pts',(-52.6916550691,13.3694931087186,14.1172304385302));
#6495=CARTESIAN_POINT('Ctrl Pts',(-53.0300991763499,8.84262070352956,12.7778146943357));
#6496=CARTESIAN_POINT('Ctrl Pts',(-53.3362093741982,3.90790655631149,8.21247647651265));
#6497=CARTESIAN_POINT('Ctrl Pts',(-53.4659091224802,1.52163914126799,1.94043476311441));
#6498=CARTESIAN_POINT('Ctrl Pts',(-53.4313409527292,2.17812107239729,-4.73448972476031));
#6499=CARTESIAN_POINT('Ctrl Pts',(-53.2285669458675,5.74250649643365,-10.426243987728));
#6500=CARTESIAN_POINT('Ctrl Pts',(-52.9727835234854,9.5616142118973,-12.7746753199862));
#6501=CARTESIAN_POINT('Ctrl Pts',(-52.8183250704283,11.6333574114959,-13.4668084462636));
#6502=CARTESIAN_POINT('Ctrl Pts',(51.2708997545172,5.3469227407268,4.01955846736184));
#6503=CARTESIAN_POINT('Ctrl Pts',(51.304524971374,4.80230086094927,2.57667839142));
#6504=CARTESIAN_POINT('Ctrl Pts',(51.3331845835748,4.31396181168986,-0.515412714427533));
#6505=CARTESIAN_POINT('Ctrl Pts',(51.2431687900102,5.83651084525019,-6.6261486859729));
#6506=CARTESIAN_POINT('Ctrl Pts',(51.0003561227049,9.58082462470868,-9.91297302396734));
#6507=CARTESIAN_POINT('Ctrl Pts',(50.7119555186745,13.3225446070799,-11.0953180246965));
#6508=CARTESIAN_POINT('Ctrl Pts',(50.6464552563272,14.1465214362149,-11.2638979260356));
#6509=CARTESIAN_POINT('Ctrl Pts',(50.5627432317857,15.1630860628544,-11.3544731638706));
#6510=CARTESIAN_POINT('Ctrl Pts',(50.5476442271667,15.3451602266811,-11.3664080345055));
#6511=CARTESIAN_POINT('Ctrl Pts',(50.5204745007204,15.670427198885,-11.3798000645493));
#6512=CARTESIAN_POINT('Ctrl Pts',(50.5084592137365,15.8134512384838,-11.3829800579307));
#6513=CARTESIAN_POINT('Ctrl Pts',(50.4830304012303,16.1145554471986,-11.3840759959755));
#6514=CARTESIAN_POINT('Ctrl Pts',(50.4695857867059,16.2725115167186,-11.3811144808009));
#6515=CARTESIAN_POINT('Ctrl Pts',(50.2204730561626,19.192237175696,-11.2753339557514));
#6516=CARTESIAN_POINT('Ctrl Pts',(49.8283400519033,23.2659055129866,-9.54078634300655));
#6517=CARTESIAN_POINT('Ctrl Pts',(49.477824025864,26.5709996262707,-4.86881391274001));
#6518=CARTESIAN_POINT('Ctrl Pts',(49.3630677679394,27.6218110176331,-0.68531291322018));
#6519=CARTESIAN_POINT('Ctrl Pts',(49.4237608388852,27.0688254756138,3.60521987382573));
#6520=CARTESIAN_POINT('Ctrl Pts',(49.6454289658403,25.0038485579332,7.37623136713927));
#6521=CARTESIAN_POINT('Ctrl Pts',(49.9755652035635,21.7465413928108,10.1204721352463));
#6522=CARTESIAN_POINT('Ctrl Pts',(50.2234301798675,19.0852462610594,11.0427202500621));
#6523=CARTESIAN_POINT('Ctrl Pts',(50.3691645221388,17.4351915046405,11.2955067564908));
#6524=CARTESIAN_POINT('Ctrl Pts',(50.3940269963122,17.1507285152767,11.328125556473));
#6525=CARTESIAN_POINT('Ctrl Pts',(50.4328909974385,16.7012197362269,11.3625845390364));
#6526=CARTESIAN_POINT('Ctrl Pts',(50.4470217547454,16.5367581932844,11.3716031921624));
#6527=CARTESIAN_POINT('Ctrl Pts',(50.4732018316176,16.2301335267147,11.3817541542305));
#6528=CARTESIAN_POINT('Ctrl Pts',(50.4852692274751,16.0880135270303,11.383785720138));
#6529=CARTESIAN_POINT('Ctrl Pts',(50.5118303958103,15.7735271327222,11.3824376770422));
#6530=CARTESIAN_POINT('Ctrl Pts',(50.5262838873328,15.6010783548948,11.3776435226257));
#6531=CARTESIAN_POINT('Ctrl Pts',(50.7246155252565,13.2236901504908,11.2614455343104));
#6532=CARTESIAN_POINT('Ctrl Pts',(51.0488972740394,8.90066088482513,9.72059967936296));
#6533=CARTESIAN_POINT('Ctrl Pts',(51.2227808691914,6.12629608694541,6.08437134898598));
#6534=CARTESIAN_POINT('Ctrl Pts',(51.2708997545172,5.34692274072677,4.01955846736184));
#6535=CARTESIAN_POINT('Ctrl Pts',(47.5284612947197,6.37102553250633,3.53162785890849));
#6536=CARTESIAN_POINT('Ctrl Pts',(47.5587470548383,5.90432672925904,2.26097120146133));
#6537=CARTESIAN_POINT('Ctrl Pts',(47.5847425205539,5.48581710308022,-0.452196434079995));
#6538=CARTESIAN_POINT('Ctrl Pts',(47.5032489607102,6.78967078584235,-5.81600785229877));
#6539=CARTESIAN_POINT('Ctrl Pts',(47.285137933836,10.0101646938715,-8.76349860880777));
#6540=CARTESIAN_POINT('Ctrl Pts',(47.0274932531715,13.2954975412896,-9.90822086446355));
#6541=CARTESIAN_POINT('Ctrl Pts',(46.968821309385,14.0243280706658,-10.0773800172016));
#6542=CARTESIAN_POINT('Ctrl Pts',(46.8939886393729,14.9275754382027,-10.1869849611033));
#6543=CARTESIAN_POINT('Ctrl Pts',(46.8804601293213,15.0899185915503,-10.2022823283766));
#6544=CARTESIAN_POINT('Ctrl Pts',(46.8561571047626,15.379750032824,-10.2234423657904));
#6545=CARTESIAN_POINT('Ctrl Pts',(46.8453940046629,15.5077129839878,-10.2301674897899));
#6546=CARTESIAN_POINT('Ctrl Pts',(46.8226401501285,15.7763814617168,-10.2396372043627));
#6547=CARTESIAN_POINT('Ctrl Pts',(46.8105890353269,15.9184663146149,-10.2414137486447));
#6548=CARTESIAN_POINT('Ctrl Pts',(46.5876258969597,18.5291527318277,-10.229835232533));
#6549=CARTESIAN_POINT('Ctrl Pts',(46.2345788670882,22.2949672606936,-8.8000655170825));
#6550=CARTESIAN_POINT('Ctrl Pts',(45.9154436469785,25.4671362315553,-4.54457744069528));
#6551=CARTESIAN_POINT('Ctrl Pts',(45.8105059064703,26.4911583358443,-0.642720269992631));
#6552=CARTESIAN_POINT('Ctrl Pts',(45.8660477328852,25.9509828085599,3.37260366986735));
#6553=CARTESIAN_POINT('Ctrl Pts',(46.0682138458668,23.9567976473491,6.84003514653117));
#6554=CARTESIAN_POINT('Ctrl Pts',(46.3671592126584,20.8886658904019,9.26760348490966));
#6555=CARTESIAN_POINT('Ctrl Pts',(46.5899484126117,18.452312644746,10.0185487808188));
#6556=CARTESIAN_POINT('Ctrl Pts',(46.7206355616126,16.962467719711,10.1979791735801));
#6557=CARTESIAN_POINT('Ctrl Pts',(46.7429148714134,16.7062095743558,10.218959009868));
#6558=CARTESIAN_POINT('Ctrl Pts',(46.7777333176684,16.3023723695952,10.2369883686081));
#6559=CARTESIAN_POINT('Ctrl Pts',(46.7903896455817,16.1548248581516,10.2403772802691));
#6560=CARTESIAN_POINT('Ctrl Pts',(46.8138323446882,15.8801119380157,10.2407522924965));
#6561=CARTESIAN_POINT('Ctrl Pts',(46.8246391589317,15.7529733901525,10.2386184917607));
#6562=CARTESIAN_POINT('Ctrl Pts',(46.8484108674951,15.4718393208272,10.2284896867261));
#6563=CARTESIAN_POINT('Ctrl Pts',(46.8613569675758,15.3180453925488,10.2196186975996));
#6564=CARTESIAN_POINT('Ctrl Pts',(47.0387297176393,13.1981987896319,10.0480098113535));
#6565=CARTESIAN_POINT('Ctrl Pts',(47.3286036301238,9.41981716611616,8.57815053457022));
#6566=CARTESIAN_POINT('Ctrl Pts',(47.4850230586986,7.04141293350794,5.35020467395766));
#6567=CARTESIAN_POINT('Ctrl Pts',(47.5284612947197,6.37102553250632,3.53162785890849));
#6568=CARTESIAN_POINT('Ctrl Pts',(43.7860228349222,7.39512832428587,3.04369725045513));
#6569=CARTESIAN_POINT('Ctrl Pts',(43.8130743820652,7.00472914800131,1.94462509113194));
#6570=CARTESIAN_POINT('Ctrl Pts',(43.8363343891426,6.65715594598961,-0.390297204185447));
#6571=CARTESIAN_POINT('Ctrl Pts',(43.7632476406205,7.74378924277211,-5.00341642481083));
#6572=CARTESIAN_POINT('Ctrl Pts',(43.5702171412197,10.436787731099,-7.62081869306821));
#6573=CARTESIAN_POINT('Ctrl Pts',(43.3428598193366,13.2699276828436,-8.71749985709128));
#6574=CARTESIAN_POINT('Ctrl Pts',(43.2913162788733,13.900569131485,-8.89333705860048));
#6575=CARTESIAN_POINT('Ctrl Pts',(43.2251924274299,14.6921882696955,-9.01853939240974));
#6576=CARTESIAN_POINT('Ctrl Pts',(43.2132887787788,14.83412509391,-9.03823112560767));
#6577=CARTESIAN_POINT('Ctrl Pts',(43.1918176801253,15.0891362669255,-9.06656993324383));
#6578=CARTESIAN_POINT('Ctrl Pts',(43.182332853225,15.201212148642,-9.07714248329922));
#6579=CARTESIAN_POINT('Ctrl Pts',(43.1622271862702,15.4387541966368,-9.09485034700282));
#6580=CARTESIAN_POINT('Ctrl Pts',(43.1516020073955,15.5630565949753,-9.10140665611985));
#6581=CARTESIAN_POINT('Ctrl Pts',(42.9546430719091,17.8760013410327,-9.18473010537184));
#6582=CARTESIAN_POINT('Ctrl Pts',(42.6408569835724,21.3206874086612,-8.05906987083367));
#6583=CARTESIAN_POINT('Ctrl Pts',(42.3530464485944,24.3641363239604,-4.2204988500192));
#6584=CARTESIAN_POINT('Ctrl Pts',(42.2579499341407,25.3600427526835,-0.600073879909833));
#6585=CARTESIAN_POINT('Ctrl Pts',(42.3083292064485,24.833101783386,3.13998387985675));
#6586=CARTESIAN_POINT('Ctrl Pts',(42.49099542969,22.9100135752086,6.30396724708333));
#6587=CARTESIAN_POINT('Ctrl Pts',(42.7587723311504,20.0301211202927,8.41465225341835));
#6588=CARTESIAN_POINT('Ctrl Pts',(42.9564912123164,17.8197907678988,8.99478626453108));
#6589=CARTESIAN_POINT('Ctrl Pts',(43.0720902117086,16.4895000241329,9.10010353243445));
#6590=CARTESIAN_POINT('Ctrl Pts',(43.0917955823281,16.2615681880836,9.10960150795347));
#6591=CARTESIAN_POINT('Ctrl Pts',(43.1225641147428,15.903340231212,9.11112423298854));
#6592=CARTESIAN_POINT('Ctrl Pts',(43.1337460583849,15.7727087176345,9.10887475982118));
#6593=CARTESIAN_POINT('Ctrl Pts',(43.1544542455449,15.5299372701812,9.09953604248067));
#6594=CARTESIAN_POINT('Ctrl Pts',(43.1639926056178,15.4176884783666,9.09306999768097));
#6595=CARTESIAN_POINT('Ctrl Pts',(43.1849904226647,15.1700788546445,9.07447979002731));
#6596=CARTESIAN_POINT('Ctrl Pts',(43.1964003678702,15.0346515751873,9.06095233737196));
#6597=CARTESIAN_POINT('Ctrl Pts',(43.3531081831228,13.1745153243923,8.83964538422891));
#6598=CARTESIAN_POINT('Ctrl Pts',(43.6081301975917,9.94061195836402,7.43313511233555));
#6599=CARTESIAN_POINT('Ctrl Pts',(43.7474093380203,7.95127871977866,4.61628694217847));
#6600=CARTESIAN_POINT('Ctrl Pts',(43.7860228349222,7.39512832428586,3.04369725045513));
#6601=CARTESIAN_POINT('Ctrl Pts',(40.0435843751248,8.4192311160654,2.55576664200178));
#6602=CARTESIAN_POINT('Ctrl Pts',(40.0672964655295,8.10675501631108,1.62891790117327));
#6603=CARTESIAN_POINT('Ctrl Pts',(40.0878923261217,7.82901123737996,-0.327080923837909));
#6604=CARTESIAN_POINT('Ctrl Pts',(40.0233278113206,8.69694918336427,-4.19327559113669));
#6605=CARTESIAN_POINT('Ctrl Pts',(39.8549989523509,10.8661278002618,-6.47134427790863));
#6606=CARTESIAN_POINT('Ctrl Pts',(39.6583975538336,13.2428806170533,-7.53040269685831));
#6607=CARTESIAN_POINT('Ctrl Pts',(39.6136823319311,13.7783757659359,-7.70681914976649));
#6608=CARTESIAN_POINT('Ctrl Pts',(39.5564378350171,14.4566776450438,-7.85105118964242));
#6609=CARTESIAN_POINT('Ctrl Pts',(39.5461046809333,14.5788834587792,-7.87410541947877));
#6610=CARTESIAN_POINT('Ctrl Pts',(39.5275002841676,14.7984591008645,-7.91021223448498));
#6611=CARTESIAN_POINT('Ctrl Pts',(39.5192676441514,14.895473894146,-7.92432991515845));
#6612=CARTESIAN_POINT('Ctrl Pts',(39.5018369351685,15.100580211155,-7.95041155539002));
#6613=CARTESIAN_POINT('Ctrl Pts',(39.4926052560164,15.2090113928716,-7.96170592396368));
#6614=CARTESIAN_POINT('Ctrl Pts',(39.3217959127062,17.2129168971644,-8.13923138215347));
#6615=CARTESIAN_POINT('Ctrl Pts',(39.0470957987573,20.3497491563681,-7.31834904490963));
#6616=CARTESIAN_POINT('Ctrl Pts',(38.7906660697089,23.260272929245,-3.89626237797447));
#6617=CARTESIAN_POINT('Ctrl Pts',(38.7053880726716,24.2293900708946,-0.557481236682284));
#6618=CARTESIAN_POINT('Ctrl Pts',(38.7506161004485,23.7152591163321,2.90736767589838));
#6619=CARTESIAN_POINT('Ctrl Pts',(38.9137803097165,21.8629626646246,5.76777102647523));
#6620=CARTESIAN_POINT('Ctrl Pts',(39.1503663402453,19.1722456178838,7.56178360308174));
#6621=CARTESIAN_POINT('Ctrl Pts',(39.3230094450607,17.1868571515854,7.97061479528773));
#6622=CARTESIAN_POINT('Ctrl Pts',(39.4235612511824,16.0167762392034,8.00257594952368));
#6623=CARTESIAN_POINT('Ctrl Pts',(39.4406834574293,15.8170492471626,8.00043496134849));
#6624=CARTESIAN_POINT('Ctrl Pts',(39.4674064349727,15.5044928645803,7.98552806256024));
#6625=CARTESIAN_POINT('Ctrl Pts',(39.4771139492212,15.3907753825017,7.9776488479278));
#6626=CARTESIAN_POINT('Ctrl Pts',(39.4950847586155,15.1799156814822,7.9585341807466));
#6627=CARTESIAN_POINT('Ctrl Pts',(39.5033625370744,15.0826483414888,7.94790276930371));
#6628=CARTESIAN_POINT('Ctrl Pts',(39.5215708943496,14.8683910427495,7.92053179971121));
#6629=CARTESIAN_POINT('Ctrl Pts',(39.5314734481132,14.7516186128413,7.90292751234586));
#6630=CARTESIAN_POINT('Ctrl Pts',(39.6672223755056,13.1490239635334,7.62620966127206));
#6631=CARTESIAN_POINT('Ctrl Pts',(39.8878365536761,10.459768239655,6.29068596754281));
#6632=CARTESIAN_POINT('Ctrl Pts',(40.0096515275275,8.86639556634118,3.88212026715015));
#6633=CARTESIAN_POINT('Ctrl Pts',(40.0435843751247,8.4192311160654,2.55576664200178));
#6634=CARTESIAN_POINT('',(49.9359641538239,19.8066945184137,-10.6535216070638));
#6635=CARTESIAN_POINT('',(51.2661052272906,5.34823471025939,4.01893328909207));
#6636=CARTESIAN_POINT('Ctrl Pts',(49.9359641538239,19.8066945184137,-10.6535216070638));
#6637=CARTESIAN_POINT('Ctrl Pts',(49.7458560763722,21.411375793066,-10.0657191308989));
#6638=CARTESIAN_POINT('Ctrl Pts',(49.3654715716465,24.341220781792,-8.15158841259102));
#6639=CARTESIAN_POINT('Ctrl Pts',(48.9685972755611,27.0373903744009,-3.65813892551405));
#6640=CARTESIAN_POINT('Ctrl Pts',(48.8942676347154,27.5158661306939,1.55892911612791));
#6641=CARTESIAN_POINT('Ctrl Pts',(49.1722919195879,25.6851987885093,6.46771568369785));
#6642=CARTESIAN_POINT('Ctrl Pts',(49.6941152783906,21.8963505773311,10.0942658093579));
#6643=CARTESIAN_POINT('Ctrl Pts',(50.0867147062261,18.5555818946624,11.1645109166901));
#6644=CARTESIAN_POINT('Ctrl Pts',(50.2865518486031,16.6852205493913,11.3173976745773));
#6645=CARTESIAN_POINT('Ctrl Pts',(50.3188114424483,16.380706053479,11.3356519791834));
#6646=CARTESIAN_POINT('Ctrl Pts',(50.3506067431766,16.0756148449416,11.3415380637295));
#6647=CARTESIAN_POINT('Ctrl Pts',(50.3829530345229,15.762839956661,11.3416716829719));
#6648=CARTESIAN_POINT('Ctrl Pts',(50.5790126130943,13.8504814108034,11.2996238459652));
#6649=CARTESIAN_POINT('Ctrl Pts',(50.9090489046554,10.2322226904681,10.2738428655283));
#6650=CARTESIAN_POINT('Ctrl Pts',(51.1593206086807,6.89644604522866,7.22815897402936));
#6651=CARTESIAN_POINT('Ctrl Pts',(51.2444768566819,5.66714749435185,4.86006863793221));
#6652=CARTESIAN_POINT('Ctrl Pts',(51.2661114111212,5.34886940874845,4.01865513024289));
#6653=CARTESIAN_POINT('',(50.7095964711531,12.3829765589778,-10.7697191902729));
#6654=CARTESIAN_POINT('Ctrl Pts',(50.7095964711417,12.3829765591039,-10.7697191903146));
#6655=CARTESIAN_POINT('Ctrl Pts',(50.6177625395204,13.3955067323045,-11.1048085057276));
#6656=CARTESIAN_POINT('Ctrl Pts',(50.4876343677891,14.7528349902319,-11.3484558494762));
#6657=CARTESIAN_POINT('Ctrl Pts',(50.226278883674,17.277159234008,-11.3398553433752));
#6658=CARTESIAN_POINT('Ctrl Pts',(50.0645053793425,18.7216922377345,-11.0509631658968));
#6659=CARTESIAN_POINT('Ctrl Pts',(49.9359641538239,19.8066945184138,-10.6535216070638));
#6660=CARTESIAN_POINT('Ctrl Pts',(51.2661114111212,5.34886940874845,4.01865513024289));
#6661=CARTESIAN_POINT('Ctrl Pts',(51.2865744015395,5.04782685969257,3.22280622130962));
#6662=CARTESIAN_POINT('Ctrl Pts',(51.3292434635027,4.39829541244583,0.687020558159763));
#6663=CARTESIAN_POINT('Ctrl Pts',(51.3026232130463,4.81845219275995,-3.76285686128903));
#6664=CARTESIAN_POINT('Ctrl Pts',(51.107570982955,7.6674859633592,-8.34207653372216));
#6665=CARTESIAN_POINT('Ctrl Pts',(50.8598428931025,10.726409830817,-10.2214907763556));
#6666=CARTESIAN_POINT('Ctrl Pts',(50.7095964711531,12.3829765589778,-10.7697191902729));
#6667=CARTESIAN_POINT('Ctrl Pts',(51.2661052261598,5.34823474356369,4.01893336766712));
#6668=CARTESIAN_POINT('Ctrl Pts',(47.5252649424814,6.37190020106426,3.53121112577867));
#6669=CARTESIAN_POINT('Ctrl Pts',(43.7844246588031,7.39556565856483,3.04348888389023));
#6670=CARTESIAN_POINT('Ctrl Pts',(40.0435843751248,8.4192311160654,2.55576664200178));
#6671=CARTESIAN_POINT('Ctrl Pts',(49.9359641538239,19.8066945184138,-10.6535216070638));
#6672=CARTESIAN_POINT('Ctrl Pts',(50.0645053793425,18.7216922377345,-11.0509631658968));
#6673=CARTESIAN_POINT('Ctrl Pts',(50.226278883674,17.277159234008,-11.3398553433752));
#6674=CARTESIAN_POINT('Ctrl Pts',(50.4876343677891,14.7528349902319,-11.3484558494762));
#6675=CARTESIAN_POINT('Ctrl Pts',(50.6177625395204,13.3955067323045,-11.1048085057276));
#6676=CARTESIAN_POINT('Ctrl Pts',(50.7095964711417,12.3829765591039,-10.7697191903146));
#6677=CARTESIAN_POINT('Ctrl Pts',(50.6404453868274,19.9415607047505,-10.8418386943989));
#6678=CARTESIAN_POINT('Ctrl Pts',(50.763857010119,18.8363400620018,-11.2512523465873));
#6679=CARTESIAN_POINT('Ctrl Pts',(50.9197947402142,17.3627713124838,-11.5514813819895));
#6680=CARTESIAN_POINT('Ctrl Pts',(51.1728790911245,14.7845810127783,-11.5687162356474));
#6681=CARTESIAN_POINT('Ctrl Pts',(51.2994627736064,13.3969649816645,-11.3239908784568));
#6682=CARTESIAN_POINT('Ctrl Pts',(51.3890687442093,12.361452506347,-10.9844013099604));
#6683=CARTESIAN_POINT('Ctrl Pts',(51.7160523338224,20.32603665413,-11.6271081214792));
#6684=CARTESIAN_POINT('Ctrl Pts',(51.8333632519199,19.1364834138864,-12.0656423042829));
#6685=CARTESIAN_POINT('Ctrl Pts',(51.9824914238159,17.5509614685002,-12.3868193324712));
#6686=CARTESIAN_POINT('Ctrl Pts',(52.2262167083823,14.7781243993167,-12.4038501950585));
#6687=CARTESIAN_POINT('Ctrl Pts',(52.3489497711919,13.2863325270753,-12.1406579971996));
#6688=CARTESIAN_POINT('Ctrl Pts',(52.4362127475186,12.1733304210666,-11.7761030048052));
#6689=CARTESIAN_POINT('Ctrl Pts',(52.0424775952243,20.796045244999,-12.8503347511688));
#6690=CARTESIAN_POINT('Ctrl Pts',(52.1678469244536,19.4775302664387,-13.3242735864806));
#6691=CARTESIAN_POINT('Ctrl Pts',(52.3265366130836,17.7249265086697,-13.6653092819866));
#6692=CARTESIAN_POINT('Ctrl Pts',(52.5846424260208,14.6677281930913,-13.6647590083931));
#6693=CARTESIAN_POINT('Ctrl Pts',(52.7140048215442,13.0263434996024,-13.3663072281756));
#6694=CARTESIAN_POINT('Ctrl Pts',(52.8056876188145,11.8028628928918,-12.9598666725858));
#6695=CARTESIAN_POINT('Ctrl Pts',(52.0246867675459,20.9822499074079,-13.3741247349437));
#6696=CARTESIAN_POINT('Ctrl Pts',(52.1558697758324,19.6092453337457,-13.8632546200586));
#6697=CARTESIAN_POINT('Ctrl Pts',(52.321397275231,17.7859955420396,-14.2127877300272));
#6698=CARTESIAN_POINT('Ctrl Pts',(52.5896514772035,14.6084324076327,-14.2047254704126));
#6699=CARTESIAN_POINT('Ctrl Pts',(52.7236174149797,12.9036662695825,-13.8911963923284));
#6700=CARTESIAN_POINT('Ctrl Pts',(52.8183250704165,11.6333574116541,-13.4668084463165));
#6701=CARTESIAN_POINT('Origin',(49.8266281056304,11.4103119658597,-13.4668084462636));
#6702=CARTESIAN_POINT('Origin',(49.0382868458378,20.6969158792545,-13.3741247349437));
#6703=CARTESIAN_POINT('Ctrl Pts',(50.7095964711531,12.3829765589778,-10.7697191902729));
#6704=CARTESIAN_POINT('Ctrl Pts',(50.8598428931025,10.726409830817,-10.2214907763556));
#6705=CARTESIAN_POINT('Ctrl Pts',(51.107570982955,7.6674859633592,-8.34207653372216));
#6706=CARTESIAN_POINT('Ctrl Pts',(51.3026232130463,4.81845219275995,-3.76285686128903));
#6707=CARTESIAN_POINT('Ctrl Pts',(51.3347463091211,4.31144206366357,1.60688374651702));
#6708=CARTESIAN_POINT('Ctrl Pts',(51.2077126024587,6.25144750937688,6.63925214374513));
#6709=CARTESIAN_POINT('Ctrl Pts',(50.9090489046554,10.2322226904681,10.2738428655283));
#6710=CARTESIAN_POINT('Ctrl Pts',(50.5790126130943,13.8504814108034,11.2996238459652));
#6711=CARTESIAN_POINT('Ctrl Pts',(50.3829530345229,15.762839956661,11.3416716829719));
#6712=CARTESIAN_POINT('Ctrl Pts',(50.3506067431766,16.0756148449416,11.3415380637295));
#6713=CARTESIAN_POINT('Ctrl Pts',(50.3188114424483,16.380706053479,11.3356519791834));
#6714=CARTESIAN_POINT('Ctrl Pts',(50.2865518486031,16.6852205493913,11.3173976745773));
#6715=CARTESIAN_POINT('Ctrl Pts',(50.0867147062261,18.5555818946624,11.1645109166901));
#6716=CARTESIAN_POINT('Ctrl Pts',(49.6941152783906,21.8963505773311,10.0942658093579));
#6717=CARTESIAN_POINT('Ctrl Pts',(49.1722919195879,25.6851987885093,6.46771568369785));
#6718=CARTESIAN_POINT('Ctrl Pts',(48.8942676347154,27.5158661306939,1.55892911612791));
#6719=CARTESIAN_POINT('Ctrl Pts',(48.9685972755611,27.0373903744009,-3.65813892551405));
#6720=CARTESIAN_POINT('Ctrl Pts',(49.3654715716465,24.341220781792,-8.15158841259102));
#6721=CARTESIAN_POINT('Ctrl Pts',(49.7458560763722,21.411375793066,-10.0657191308989));
#6722=CARTESIAN_POINT('Ctrl Pts',(49.9359641538239,19.8066945184137,-10.6535216070638));
#6723=CARTESIAN_POINT('Ctrl Pts',(51.3890687442204,12.361452506218,-10.9844013099181));
#6724=CARTESIAN_POINT('Ctrl Pts',(51.5356469127159,10.6672441154269,-10.4289516208782));
#6725=CARTESIAN_POINT('Ctrl Pts',(51.7789191909328,7.53698844786992,-8.51518220352459));
#6726=CARTESIAN_POINT('Ctrl Pts',(51.9721110463567,4.62146585875239,-3.84162902172807));
#6727=CARTESIAN_POINT('Ctrl Pts',(52.0040658562639,4.10276973666162,1.64054051397777));
#6728=CARTESIAN_POINT('Ctrl Pts',(51.877936957981,6.08778268381539,6.77777156945313));
#6729=CARTESIAN_POINT('Ctrl Pts',(51.5835185745093,10.1618047076992,10.4839727729039));
#6730=CARTESIAN_POINT('Ctrl Pts',(51.261457723117,13.8627041647665,11.521920320741));
#6731=CARTESIAN_POINT('Ctrl Pts',(51.0715235710178,15.8161173256637,11.5583783495703));
#6732=CARTESIAN_POINT('Ctrl Pts',(51.0401948114093,16.1355708516857,11.5572192250577));
#6733=CARTESIAN_POINT('Ctrl Pts',(51.0094198167092,16.4471385924682,11.5501748754695));
#6734=CARTESIAN_POINT('Ctrl Pts',(50.9782257479378,16.7580442264038,11.5304826721569));
#6735=CARTESIAN_POINT('Ctrl Pts',(50.7850554073808,18.6674037773209,11.3680552321331));
#6736=CARTESIAN_POINT('Ctrl Pts',(50.407746932699,22.0722150181241,10.2622864553627));
#6737=CARTESIAN_POINT('Ctrl Pts',(49.9119668944624,25.9120095513023,6.55797110973549));
#6738=CARTESIAN_POINT('Ctrl Pts',(49.6501587680388,27.7559513133174,1.5779467625272));
#6739=CARTESIAN_POINT('Ctrl Pts',(49.7199720294228,27.2749641632202,-3.70458291820214));
#6740=CARTESIAN_POINT('Ctrl Pts',(50.0948855371499,24.5529210329613,-8.27410973868525));
#6741=CARTESIAN_POINT('Ctrl Pts',(50.4578667399175,21.5762950670633,-10.2365034068925));
#6742=CARTESIAN_POINT('Ctrl Pts',(50.6404453868274,19.9415607047504,-10.841838694399));
#6743=CARTESIAN_POINT('Ctrl Pts',(52.4362102146234,12.1733297244167,-11.7761045146636));
#6744=CARTESIAN_POINT('Ctrl Pts',(52.578931009086,10.3523849901024,-11.1796535580958));
#6745=CARTESIAN_POINT('Ctrl Pts',(52.8180356254892,6.98930737065908,-9.1270293293012));
#6746=CARTESIAN_POINT('Ctrl Pts',(53.0101711205275,3.85825785138575,-4.11727321179005));
#6747=CARTESIAN_POINT('Ctrl Pts',(53.0421302409994,3.30125457868057,1.75823903736609));
#6748=CARTESIAN_POINT('Ctrl Pts',(52.9162914118852,5.432898830153,7.26439937734016));
#6749=CARTESIAN_POINT('Ctrl Pts',(52.6253534908213,9.80892956937516,11.2383543377726));
#6750=CARTESIAN_POINT('Ctrl Pts',(52.3116647127285,13.7867796687425,12.3530562160608));
#6751=CARTESIAN_POINT('Ctrl Pts',(52.1286212914965,15.8875381987355,12.3933717874456));
#6752=CARTESIAN_POINT('Ctrl Pts',(52.098444968975,16.2311114513734,12.3922891123962));
#6753=CARTESIAN_POINT('Ctrl Pts',(52.0688276742798,16.5662128358157,12.3849175857423));
#6754=CARTESIAN_POINT('Ctrl Pts',(52.0388505035556,16.9006312399473,12.3639773943307));
#6755=CARTESIAN_POINT('Ctrl Pts',(51.8533403599234,18.9545127190364,12.1907685814667));
#6756=CARTESIAN_POINT('Ctrl Pts',(51.494111396634,22.6190774679686,11.0068451140034));
#6757=CARTESIAN_POINT('Ctrl Pts',(51.0306043206638,26.7552116701591,7.03378782987165));
#6758=CARTESIAN_POINT('Ctrl Pts',(50.789328521446,28.7414067078759,1.69222768434705));
#6759=CARTESIAN_POINT('Ctrl Pts',(50.8534059522878,28.2233981731908,-3.9730412608367));
#6760=CARTESIAN_POINT('Ctrl Pts',(51.2006698147355,25.291054868701,-8.87473098528566));
#6761=CARTESIAN_POINT('Ctrl Pts',(51.5424550215476,22.0855475330622,-10.9785544789298));
#6762=CARTESIAN_POINT('Ctrl Pts',(51.7160493249007,20.3260370155381,-11.6271099302929));
#6763=CARTESIAN_POINT('Ctrl Pts',(52.8056876188259,11.8028628927394,-12.9598666725352));
#6764=CARTESIAN_POINT('Ctrl Pts',(52.955659991019,9.80118300846383,-12.2948417253333));
#6765=CARTESIAN_POINT('Ctrl Pts',(53.2051982919672,6.11010689347123,-10.0276657413279));
#6766=CARTESIAN_POINT('Ctrl Pts',(53.4037974706948,2.67546735151765,-4.52163879117023));
#6767=CARTESIAN_POINT('Ctrl Pts',(53.436661279609,2.06429777828946,1.93082639535316));
#6768=CARTESIAN_POINT('Ctrl Pts',(53.3069635993962,4.40288914738088,7.97926789066553));
#6769=CARTESIAN_POINT('Ctrl Pts',(53.0046071258378,9.20369973701248,12.3552473608759));
#6770=CARTESIAN_POINT('Ctrl Pts',(52.6750324782232,13.5753998374365,13.6021621849574));
#6771=CARTESIAN_POINT('Ctrl Pts',(52.4812781094255,15.8909603030615,13.6609634962274));
#6772=CARTESIAN_POINT('Ctrl Pts',(52.4493273288921,16.269758053722,13.6621422727517));
#6773=CARTESIAN_POINT('Ctrl Pts',(52.4179476110984,16.6393053048313,13.6563849502217));
#6774=CARTESIAN_POINT('Ctrl Pts',(52.3861546627444,17.0082869490757,13.6357551533744));
#6775=CARTESIAN_POINT('Ctrl Pts',(52.1893281923131,19.2750841264952,13.4599903472064));
#6776=CARTESIAN_POINT('Ctrl Pts',(51.8058772087274,23.3333739933532,12.1876828700257));
#6777=CARTESIAN_POINT('Ctrl Pts',(51.3045989815896,27.9613065305163,7.82418287214899));
#6778=CARTESIAN_POINT('Ctrl Pts',(51.0406817723798,30.206285800586,1.88774255622254));
#6779=CARTESIAN_POINT('Ctrl Pts',(51.1110151375216,29.6189895478943,-4.42858513330739));
#6780=CARTESIAN_POINT('Ctrl Pts',(51.4892928554349,26.3168693619645,-9.85416455233261));
#6781=CARTESIAN_POINT('Ctrl Pts',(51.8570127147694,22.746165041816,-12.1493425127247));
#6782=CARTESIAN_POINT('Ctrl Pts',(52.0424775952243,20.796045244999,-12.8503347511688));
#6783=CARTESIAN_POINT('Ctrl Pts',(52.8183250704283,11.6333574114959,-13.4668084462636));
#6784=CARTESIAN_POINT('Ctrl Pts',(52.9732730957322,9.55504760480645,-12.77248153154));
#6785=CARTESIAN_POINT('Ctrl Pts',(53.2296902923723,5.72480746390027,-10.4133525833784));
#6786=CARTESIAN_POINT('Ctrl Pts',(53.432249245888,2.16118264063089,-4.69482629002299));
#6787=CARTESIAN_POINT('Ctrl Pts',(53.4656301068134,1.52700130330941,2.00474044069296));
#6788=CARTESIAN_POINT('Ctrl Pts',(53.3336482272164,3.95352179384022,8.28542861850451));
#6789=CARTESIAN_POINT('Ctrl Pts',(53.0239640738612,8.93470018479667,12.8335456892752));
#6790=CARTESIAN_POINT('Ctrl Pts',(52.6835220216437,13.4733354554774,14.1371287824597));
#6791=CARTESIAN_POINT('Ctrl Pts',(52.4822110463677,15.8798442116422,14.2037738880716));
#6792=CARTESIAN_POINT('Ctrl Pts',(52.4490100220519,16.2735498885661,14.2059277907318));
#6793=CARTESIAN_POINT('Ctrl Pts',(52.416384346394,16.6576765630274,14.2008557532187));
#6794=CARTESIAN_POINT('Ctrl Pts',(52.3833039999278,17.0412849598266,14.1803558849275));
#6795=CARTESIAN_POINT('Ctrl Pts',(52.1784541173514,19.398152528795,14.0035247365857));
#6796=CARTESIAN_POINT('Ctrl Pts',(51.7775353650666,23.6228427359723,12.6932857861697));
#6797=CARTESIAN_POINT('Ctrl Pts',(51.2486367609932,28.4580270509345,8.16258600069032));
#6798=CARTESIAN_POINT('Ctrl Pts',(50.9681412312423,30.8118688737938,1.97144615730293));
#6799=CARTESIAN_POINT('Ctrl Pts',(51.0430542836989,30.1954304262424,-4.62362247476341));
#6800=CARTESIAN_POINT('Ctrl Pts',(51.4440407117003,26.7376874099634,-10.2734967069239));
#6801=CARTESIAN_POINT('Ctrl Pts',(51.8306715837086,23.0128767259878,-12.6507183592214));
#6802=CARTESIAN_POINT('Ctrl Pts',(52.0246867675459,20.9822499074079,-13.3741247349437));
#6803=CARTESIAN_POINT('Origin',(0.,170.,0.));
#6804=CARTESIAN_POINT('',(-5.,60.0000000000001,10.0778221853732));
#6805=CARTESIAN_POINT('',(-5.,60.0000000000001,10.0778221853732));
#6806=CARTESIAN_POINT('',(5.,60.0000000000001,10.0778221853732));
#6807=CARTESIAN_POINT('Origin',(-3.95653535463253E-91,60.0000000000001,
5.63021704416226E-45));
#6808=CARTESIAN_POINT('',(5.,60.0000000000001,10.0778221853732));
#6809=CARTESIAN_POINT('Origin',(5.,175.,11.2));
#6810=CARTESIAN_POINT('',(5.,60.0000000000001,14.2474655667831));
#6811=CARTESIAN_POINT('',(5.,60.0000000000001,17.2));
#6812=CARTESIAN_POINT('',(5.,60.0000000000001,14.2474655667831));
#6813=CARTESIAN_POINT('Origin',(-5.,175.,17.2));
#6814=CARTESIAN_POINT('',(-5.,60.0000000000001,14.2474655667831));
#6815=CARTESIAN_POINT('',(-5.,60.0000000000001,14.2474655667831));
#6816=CARTESIAN_POINT('',(-5.,60.0000000000001,11.2));
#6817=CARTESIAN_POINT('Origin',(9.97082461845821,-20.,-15.));
#6818=CARTESIAN_POINT('',(4.9854123092291,-88.,-15.));
#6819=CARTESIAN_POINT('',(15.0993468427171,60.0000000000001,-15.));
#6820=CARTESIAN_POINT('',(15.0993468427171,20.,-15.));
#6821=CARTESIAN_POINT('',(-15.0993468427171,60.0000000000001,-15.));
#6822=CARTESIAN_POINT('',(4.9854123092291,60.0000000000001,-15.));
#6823=CARTESIAN_POINT('',(-15.0993468427171,20.,-15.));
#6824=CARTESIAN_POINT('Origin',(-3.95653535463253E-91,60.0000000000001,
-0.425940637966988));
#6825=CARTESIAN_POINT('',(15.0993468427171,60.0000000000001,9.71445146547012E-16));
#6826=CARTESIAN_POINT('',(15.0993468427171,60.0000000000001,9.71445146547012E-16));
#6827=CARTESIAN_POINT('Origin',(-3.95653535463253E-91,60.0000000000001,
5.63021704416226E-45));
#6828=CARTESIAN_POINT('',(-15.0993468427171,60.0000000000001,2.22044604925031E-15));
#6829=CARTESIAN_POINT('Origin',(-3.95653535463253E-91,60.0000000000001,
5.63021704416226E-45));
#6830=CARTESIAN_POINT('',(-15.0993468427171,60.0000000000001,-15.0993468427171));
#6831=CARTESIAN_POINT('Origin',(-15.0993468427171,60.0000000000001,-15.0993468427171));
#6832=CARTESIAN_POINT('',(-15.0993468427171,60.0000000000001,2.22044604925031E-15));
#6833=CARTESIAN_POINT('Origin',(-3.95653535463253E-91,60.0000000000001,
5.63021704416226E-45));
#6834=CARTESIAN_POINT('Origin',(15.0993468427171,60.0000000000001,9.71445146547012E-16));
#6835=CARTESIAN_POINT('',(15.0993468427171,60.0000000000001,9.71445146547012E-16));
#6836=CARTESIAN_POINT('Origin',(-3.95653535463253E-91,60.0000000000001,
5.63021704416226E-45));
#6837=CARTESIAN_POINT('Ctrl Pts',(-37.0999114240826,-147.640301689924,42.));
#6838=CARTESIAN_POINT('Ctrl Pts',(-37.0999114240826,-147.640301689924,-39.0055864104025));
#6839=CARTESIAN_POINT('Ctrl Pts',(-38.9915502639049,-126.710727677282,42.));
#6840=CARTESIAN_POINT('Ctrl Pts',(-38.9915502639049,-126.710727677282,-39.0055864104025));
#6841=CARTESIAN_POINT('Ctrl Pts',(-40.2932934512326,-105.729422026367,42.));
#6842=CARTESIAN_POINT('Ctrl Pts',(-40.2932934512326,-105.729422026367,-39.0055864104025));
#6843=CARTESIAN_POINT('Ctrl Pts',(-41.0051497631954,-84.6955838088131,42.));
#6844=CARTESIAN_POINT('Ctrl Pts',(-41.0051497631954,-84.6955838088131,-39.0055864104025));
#6845=CARTESIAN_POINT('Ctrl Pts',(-42.1114130333325,-52.0078598130463,42.));
#6846=CARTESIAN_POINT('Ctrl Pts',(-42.1114130333325,-52.0078598130463,-39.0055864104025));
#6847=CARTESIAN_POINT('Ctrl Pts',(-43.3944243717309,-19.0824782851814,42.));
#6848=CARTESIAN_POINT('Ctrl Pts',(-43.3944243717309,-19.0824782851814,-39.0055864104025));
#6849=CARTESIAN_POINT('Ctrl Pts',(-41.2807721090361,13.0623736414689,42.));
#6850=CARTESIAN_POINT('Ctrl Pts',(-41.2807721090361,13.0623736414689,-39.0055864104025));
#6851=CARTESIAN_POINT('',(-40.8884482656412,-88.0000000000023,36.8300985008705));
#6852=CARTESIAN_POINT('Ctrl Pts',(-40.8884482656413,-88.,32.8300985008707));
#6853=CARTESIAN_POINT('Ctrl Pts',(-40.8884482656413,-88.,34.163431834204));
#6854=CARTESIAN_POINT('Ctrl Pts',(-40.8884482656412,-88.0000000000023,35.4967651675372));
#6855=CARTESIAN_POINT('Ctrl Pts',(-40.8884482656412,-88.0000000000023,36.8300985008705));
#6856=CARTESIAN_POINT('Ctrl Pts',(-40.8884482656412,-88.0000000000045,36.8300985008705));
#6857=CARTESIAN_POINT('Ctrl Pts',(-40.9007974206984,-87.6643398608435,36.849835609949));
#6858=CARTESIAN_POINT('Ctrl Pts',(-40.9129970199972,-87.3286460659481,36.8693304858798));
#6859=CARTESIAN_POINT('Ctrl Pts',(-41.0280005002632,-84.1245081464551,37.0530742785483));
#6860=CARTESIAN_POINT('Ctrl Pts',(-41.1207083280852,-81.2976518020929,37.1959602317386));
#6861=CARTESIAN_POINT('Ctrl Pts',(-41.4015524004764,-73.0659602750878,37.5221230042665));
#6862=CARTESIAN_POINT('Ctrl Pts',(-41.5786500141879,-67.8371642935728,37.641712764499));
#6863=CARTESIAN_POINT('Ctrl Pts',(-42.1021160008961,-50.8435886308606,37.7882540312576));
#6864=CARTESIAN_POINT('Ctrl Pts',(-42.3841476245374,-39.052382062963,37.5127110333571));
#6865=CARTESIAN_POINT('Ctrl Pts',(-42.4527278730188,-13.8255686059829,36.4147671662517));
#6866=CARTESIAN_POINT('Ctrl Pts',(-42.162316967633,-0.344339206446977,35.5160172289324));
#6867=CARTESIAN_POINT('Ctrl Pts',(-41.2807721090361,13.0623736414689,34.5099928687872));
#6868=CARTESIAN_POINT('Ctrl Pts',(-45.0450529586523,-88.0000000010324,36.83009850081));
#6869=CARTESIAN_POINT('Ctrl Pts',(-45.0779995421867,-87.0001161136712,36.8888925458834));
#6870=CARTESIAN_POINT('Ctrl Pts',(-45.1097516170278,-86.0001161133271,36.9455263789467));
#6871=CARTESIAN_POINT('Ctrl Pts',(-46.4577225450152,-41.8824845302922,39.3484945069438));
#6872=CARTESIAN_POINT('Ctrl Pts',(-48.1004263870306,2.22126527834316,35.3786764879025));
#6873=CARTESIAN_POINT('Ctrl Pts',(-42.2109318689318,46.6675093404059,31.8682996437729));
#6874=CARTESIAN_POINT('Ctrl Pts',(-41.9827319134766,48.3341760070758,31.7339980085638));
#6875=CARTESIAN_POINT('Ctrl Pts',(-41.7472907658195,50.0000000000098,31.5970950943727));
#6876=CARTESIAN_POINT('Ctrl Pts',(-30.0300353057682,-88.0000000010324,36.83009850081));
#6877=CARTESIAN_POINT('Ctrl Pts',(-30.0519996947912,-87.0001161136712,36.8888925458834));
#6878=CARTESIAN_POINT('Ctrl Pts',(-30.0731677446852,-86.0001161133271,36.9455263789467));
#6879=CARTESIAN_POINT('Ctrl Pts',(-30.9718150300101,-41.8824845302922,39.3484945069438));
#6880=CARTESIAN_POINT('Ctrl Pts',(-32.066950924687,2.22126527834316,35.3786764879025));
#6881=CARTESIAN_POINT('Ctrl Pts',(-28.1406212459545,46.6675093404059,31.8682996437729));
#6882=CARTESIAN_POINT('Ctrl Pts',(-27.9884879423177,48.3341760070758,31.7339980085638));
#6883=CARTESIAN_POINT('Ctrl Pts',(-27.831527177213,50.0000000000098,31.5970950943727));
#6884=CARTESIAN_POINT('Ctrl Pts',(-15.0150176528841,-88.0000000010324,36.83009850081));
#6885=CARTESIAN_POINT('Ctrl Pts',(-15.0259998473956,-87.0001161136712,36.8888925458834));
#6886=CARTESIAN_POINT('Ctrl Pts',(-15.0365838723426,-86.0001161133271,36.9455263789468));
#6887=CARTESIAN_POINT('Ctrl Pts',(-15.4859075150051,-41.8824845302922,39.3484945069438));
#6888=CARTESIAN_POINT('Ctrl Pts',(-16.0334754623435,2.22126527834316,35.3786764879025));
#6889=CARTESIAN_POINT('Ctrl Pts',(-14.0703106229772,46.6675093404059,31.8682996437729));
#6890=CARTESIAN_POINT('Ctrl Pts',(-13.9942439711588,48.3341760070758,31.7339980085638));
#6891=CARTESIAN_POINT('Ctrl Pts',(-13.9157635886065,50.0000000000098,31.5970950943727));
#6892=CARTESIAN_POINT('Ctrl Pts',(-8.12721669113992E-16,-88.0000000010324,
36.83009850081));
#6893=CARTESIAN_POINT('Ctrl Pts',(-5.46570292218089E-16,-87.0001161136712,
36.8888925458834));
#6894=CARTESIAN_POINT('Ctrl Pts',(-2.75663069180092E-16,-86.0001161133271,
36.9455263789468));
#6895=CARTESIAN_POINT('Ctrl Pts',(1.18845266978638E-14,-41.8824845302922,
39.3484945069438));
#6896=CARTESIAN_POINT('Ctrl Pts',(6.16982190953479E-14,2.22126527834316,
35.3786764879025));
#6897=CARTESIAN_POINT('Ctrl Pts',(6.21909763710395E-14,46.6675093404059,
31.8682996437729));
#6898=CARTESIAN_POINT('Ctrl Pts',(6.21786950695793E-14,48.3341760070758,
31.7339980085638));
#6899=CARTESIAN_POINT('Ctrl Pts',(6.21356454746283E-14,50.0000000000098,
31.5970950943728));
#6900=CARTESIAN_POINT('',(-44.8911448397973,-88.0000000005148,36.8300985008102));
#6901=CARTESIAN_POINT('Ctrl Pts',(-40.8884482656412,-88.0000000000023,36.8300985008705));
#6902=CARTESIAN_POINT('Ctrl Pts',(-42.2226804570265,-88.0000000000023,36.8300985008705));
#6903=CARTESIAN_POINT('Ctrl Pts',(-43.5569126484119,-88.000000000515,36.8300985008102));
#6904=CARTESIAN_POINT('Ctrl Pts',(-44.8911448397973,-88.0000000005148,36.8300985008102));
#6905=CARTESIAN_POINT('Ctrl Pts',(-44.89142096838,-88.0000337343617,36.8305472393324));
#6906=CARTESIAN_POINT('Ctrl Pts',(-44.9316048546615,-86.9002661042101,36.8949976242847));
#6907=CARTESIAN_POINT('Ctrl Pts',(-44.9665798752186,-85.8985446979402,36.9510586993622));
#6908=CARTESIAN_POINT('Ctrl Pts',(-44.9971246773588,-85.,37.));
#6909=CARTESIAN_POINT('Ctrl Pts',(-44.9990550263343,-84.9432144025965,37.0030929579806));
#6910=CARTESIAN_POINT('Ctrl Pts',(-45.0009670797745,-84.8868405994381,37.0061524350373));
#6911=CARTESIAN_POINT('Ctrl Pts',(-45.002860979553,-84.8308798937851,37.0091788558678));
#6912=CARTESIAN_POINT('Ctrl Pts',(-45.0203005620985,-84.3155773647781,37.0370470231749));
#6913=CARTESIAN_POINT('Ctrl Pts',(-45.0365998572148,-83.8353164703495,37.0621154554708));
#6914=CARTESIAN_POINT('Ctrl Pts',(-45.0516976463759,-83.3911062317782,37.084689927975));
#6915=CARTESIAN_POINT('Ctrl Pts',(-45.0681724349128,-82.9063816361224,37.1093233134907));
#6916=CARTESIAN_POINT('Ctrl Pts',(-45.0841258560333,-82.4378357965669,37.1323672037943));
#6917=CARTESIAN_POINT('Ctrl Pts',(-45.1003509491009,-81.9617998311538,37.1550388190308));
#6918=CARTESIAN_POINT('Ctrl Pts',(-45.6320335165482,-66.3625041455805,37.8979684618281));
#6919=CARTESIAN_POINT('Ctrl Pts',(-46.1830283661946,-50.7191585940623,37.8358110047736));
#6920=CARTESIAN_POINT('Ctrl Pts',(-46.3604232226181,-35.088788351382,37.3039153811286));
#6921=CARTESIAN_POINT('Ctrl Pts',(-46.4759227386372,-24.9120547378774,36.9576049618628));
#6922=CARTESIAN_POINT('Ctrl Pts',(-46.4335502707474,-14.7432054387057,36.4115997906735));
#6923=CARTESIAN_POINT('Ctrl Pts',(-46.1227443926209,-4.58356482002177,35.7525992048913));
#6924=CARTESIAN_POINT('Ctrl Pts',(-45.9244624679158,1.89788626554961,35.3321827529299));
#6925=CARTESIAN_POINT('Ctrl Pts',(-45.6168244895745,8.37187970915373,34.865907678074));
#6926=CARTESIAN_POINT('Ctrl Pts',(-45.1707335556849,14.829266444287,34.3767722554137));
#6927=CARTESIAN_POINT('Ctrl Pts',(-40.914753791577,-149.852218662141,33.4156961587073));
#6928=CARTESIAN_POINT('Ctrl Pts',(-40.914753791577,-149.852218662141,30.4156961587073));
#6929=CARTESIAN_POINT('Ctrl Pts',(-42.4468113521689,-133.208696696663,35.8926901935736));
#6930=CARTESIAN_POINT('Ctrl Pts',(-42.4468113521689,-133.208696696663,32.8926901935736));
#6931=CARTESIAN_POINT('Ctrl Pts',(-43.4292558302752,-118.353725518118,37.4778366061048));
#6932=CARTESIAN_POINT('Ctrl Pts',(-43.4292558302752,-118.353725518118,34.4778366061048));
#6933=CARTESIAN_POINT('Ctrl Pts',(-44.0536330187726,-106.630492404469,38.4834656081996));
#6934=CARTESIAN_POINT('Ctrl Pts',(-44.0536330187726,-106.630492404469,35.4834656081996));
#6935=CARTESIAN_POINT('Ctrl Pts',(-44.560349949868,-97.1164345316002,39.2995896613353));
#6936=CARTESIAN_POINT('Ctrl Pts',(-44.560349949868,-97.1164345316002,36.2995896613353));
#6937=CARTESIAN_POINT('Ctrl Pts',(-44.8384868089451,-89.6666930399952,39.745817845703));
#6938=CARTESIAN_POINT('Ctrl Pts',(-44.8384868089451,-89.6666930399952,36.745817845703));
#6939=CARTESIAN_POINT('Ctrl Pts',(-44.9971246773588,-85.,40.));
#6940=CARTESIAN_POINT('Ctrl Pts',(-44.9971246773588,-85.,37.));
#6941=CARTESIAN_POINT('Ctrl Pts',(-44.9990550263343,-84.9432144025965,40.0030929579806));
#6942=CARTESIAN_POINT('Ctrl Pts',(-44.9990550263343,-84.9432144025965,37.0030929579806));
#6943=CARTESIAN_POINT('Ctrl Pts',(-45.0009670797745,-84.8868405994381,40.0061524350373));
#6944=CARTESIAN_POINT('Ctrl Pts',(-45.0009670797745,-84.8868405994381,37.0061524350373));
#6945=CARTESIAN_POINT('Ctrl Pts',(-45.002860979553,-84.8308798937851,40.0091788558677));
#6946=CARTESIAN_POINT('Ctrl Pts',(-45.002860979553,-84.8308798937851,37.0091788558678));
#6947=CARTESIAN_POINT('Ctrl Pts',(-45.0203005620985,-84.3155773647781,40.0370470231749));
#6948=CARTESIAN_POINT('Ctrl Pts',(-45.0203005620985,-84.3155773647781,37.0370470231749));
#6949=CARTESIAN_POINT('Ctrl Pts',(-45.0365998572148,-83.8353164703495,40.0621154554708));
#6950=CARTESIAN_POINT('Ctrl Pts',(-45.0365998572148,-83.8353164703495,37.0621154554708));
#6951=CARTESIAN_POINT('Ctrl Pts',(-45.0516976463759,-83.3911062317782,40.084689927975));
#6952=CARTESIAN_POINT('Ctrl Pts',(-45.0516976463759,-83.3911062317782,37.084689927975));
#6953=CARTESIAN_POINT('Ctrl Pts',(-45.0681724349128,-82.9063816361224,40.1093233134907));
#6954=CARTESIAN_POINT('Ctrl Pts',(-45.0681724349128,-82.9063816361224,37.1093233134907));
#6955=CARTESIAN_POINT('Ctrl Pts',(-45.0841258560333,-82.4378357965669,40.1323672037943));
#6956=CARTESIAN_POINT('Ctrl Pts',(-45.0841258560333,-82.4378357965669,37.1323672037943));
#6957=CARTESIAN_POINT('Ctrl Pts',(-45.1003509491009,-81.9617998311538,40.1550388190308));
#6958=CARTESIAN_POINT('Ctrl Pts',(-45.1003509491009,-81.9617998311538,37.1550388190308));
#6959=CARTESIAN_POINT('Ctrl Pts',(-45.6320335165482,-66.3625041455805,40.8979684618281));
#6960=CARTESIAN_POINT('Ctrl Pts',(-45.6320335165482,-66.3625041455805,37.8979684618281));
#6961=CARTESIAN_POINT('Ctrl Pts',(-46.1830283661946,-50.7191585940623,40.8358110047735));
#6962=CARTESIAN_POINT('Ctrl Pts',(-46.1830283661946,-50.7191585940623,37.8358110047736));
#6963=CARTESIAN_POINT('Ctrl Pts',(-46.3604232226181,-35.088788351382,40.3039153811286));
#6964=CARTESIAN_POINT('Ctrl Pts',(-46.3604232226181,-35.088788351382,37.3039153811286));
#6965=CARTESIAN_POINT('Ctrl Pts',(-46.4759227386372,-24.9120547378774,39.9576049618628));
#6966=CARTESIAN_POINT('Ctrl Pts',(-46.4759227386372,-24.9120547378774,36.9576049618628));
#6967=CARTESIAN_POINT('Ctrl Pts',(-46.4335502707474,-14.7432054387057,39.4115997906734));
#6968=CARTESIAN_POINT('Ctrl Pts',(-46.4335502707474,-14.7432054387057,36.4115997906735));
#6969=CARTESIAN_POINT('Ctrl Pts',(-46.1227443926209,-4.58356482002177,38.7525992048913));
#6970=CARTESIAN_POINT('Ctrl Pts',(-46.1227443926209,-4.58356482002177,35.7525992048913));
#6971=CARTESIAN_POINT('Ctrl Pts',(-45.9244624679158,1.89788626554961,38.3321827529299));
#6972=CARTESIAN_POINT('Ctrl Pts',(-45.9244624679158,1.89788626554961,35.3321827529299));
#6973=CARTESIAN_POINT('Ctrl Pts',(-45.6168244895745,8.37187970915373,37.865907678074));
#6974=CARTESIAN_POINT('Ctrl Pts',(-45.6168244895745,8.37187970915373,34.865907678074));
#6975=CARTESIAN_POINT('Ctrl Pts',(-45.1707335556849,14.829266444287,37.3767722554137));
#6976=CARTESIAN_POINT('Ctrl Pts',(-45.1707335556849,14.829266444287,34.3767722554137));
#6977=CARTESIAN_POINT('',(-44.8911448397973,-88.0000000005148,39.8300985008102));
#6978=CARTESIAN_POINT('Ctrl Pts',(-44.891144839835,-88.,36.8300985008707));
#6979=CARTESIAN_POINT('Ctrl Pts',(-44.891144839835,-88.,37.3300985008707));
#6980=CARTESIAN_POINT('Ctrl Pts',(-44.891144839835,-88.,37.8300985008707));
#6981=CARTESIAN_POINT('Ctrl Pts',(-44.891144839835,-88.,38.8300985008707));
#6982=CARTESIAN_POINT('Ctrl Pts',(-44.891144839835,-88.,39.3300985008707));
#6983=CARTESIAN_POINT('Ctrl Pts',(-44.891144839835,-88.,39.8300985008707));
#6984=CARTESIAN_POINT('Ctrl Pts',(-44.89142096838,-88.0000337343617,39.8305472393324));
#6985=CARTESIAN_POINT('Ctrl Pts',(-44.9316048546615,-86.9002661042101,39.8949976242847));
#6986=CARTESIAN_POINT('Ctrl Pts',(-44.9665798752186,-85.8985446979402,39.9510586993622));
#6987=CARTESIAN_POINT('Ctrl Pts',(-44.9971246773588,-85.,40.));
#6988=CARTESIAN_POINT('Ctrl Pts',(-44.9990550263343,-84.9432144025965,40.0030929579806));
#6989=CARTESIAN_POINT('Ctrl Pts',(-45.0009670797745,-84.8868405994381,40.0061524350373));
#6990=CARTESIAN_POINT('Ctrl Pts',(-45.002860979553,-84.8308798937851,40.0091788558677));
#6991=CARTESIAN_POINT('Ctrl Pts',(-45.0203005620985,-84.3155773647781,40.0370470231749));
#6992=CARTESIAN_POINT('Ctrl Pts',(-45.0365998572148,-83.8353164703495,40.0621154554708));
#6993=CARTESIAN_POINT('Ctrl Pts',(-45.0516976463759,-83.3911062317782,40.084689927975));
#6994=CARTESIAN_POINT('Ctrl Pts',(-45.0681724349128,-82.9063816361224,40.1093233134907));
#6995=CARTESIAN_POINT('Ctrl Pts',(-45.0841258560333,-82.4378357965669,40.1323672037943));
#6996=CARTESIAN_POINT('Ctrl Pts',(-45.1003509491009,-81.9617998311538,40.1550388190308));
#6997=CARTESIAN_POINT('Ctrl Pts',(-45.6320335165482,-66.3625041455805,40.8979684618281));
#6998=CARTESIAN_POINT('Ctrl Pts',(-46.1830283661946,-50.7191585940623,40.8358110047735));
#6999=CARTESIAN_POINT('Ctrl Pts',(-46.3604232226181,-35.088788351382,40.3039153811286));
#7000=CARTESIAN_POINT('Ctrl Pts',(-46.4759227386372,-24.9120547378774,39.9576049618628));
#7001=CARTESIAN_POINT('Ctrl Pts',(-46.4335502707474,-14.7432054387057,39.4115997906734));
#7002=CARTESIAN_POINT('Ctrl Pts',(-46.1227443926209,-4.58356482002177,38.7525992048913));
#7003=CARTESIAN_POINT('Ctrl Pts',(-45.9244624679158,1.89788626554961,38.3321827529299));
#7004=CARTESIAN_POINT('Ctrl Pts',(-45.6168244895745,8.37187970915373,37.865907678074));
#7005=CARTESIAN_POINT('Ctrl Pts',(-45.1707335556849,14.829266444287,37.3767722554137));
#7006=CARTESIAN_POINT('Ctrl Pts',(-49.894488732746,-88.0000000010324,39.83009850081));
#7007=CARTESIAN_POINT('Ctrl Pts',(-49.9309822616236,-87.0001161136712,39.8888925458834));
#7008=CARTESIAN_POINT('Ctrl Pts',(-49.9661526840416,-86.000116113327,39.9455263789467));
#7009=CARTESIAN_POINT('Ctrl Pts',(-51.4592427319164,-41.8824845302926,42.3484945069441));
#7010=CARTESIAN_POINT('Ctrl Pts',(-53.2787958893272,2.22126527834333,38.3786764879025));
#7011=CARTESIAN_POINT('Ctrl Pts',(-46.1668487565733,50.6764317002485,34.5516738294014));
#7012=CARTESIAN_POINT('Ctrl Pts',(-45.2407516996422,56.3430983669151,34.0732036356395));
#7013=CARTESIAN_POINT('Ctrl Pts',(-44.2217088292067,62.,33.5645894187142));
#7014=CARTESIAN_POINT('Ctrl Pts',(-33.2629924884973,-88.0000000010324,39.83009850081));
#7015=CARTESIAN_POINT('Ctrl Pts',(-33.2873215077491,-87.0001161136712,39.8888925458834));
#7016=CARTESIAN_POINT('Ctrl Pts',(-33.3107684560277,-86.000116113327,39.9455263789467));
#7017=CARTESIAN_POINT('Ctrl Pts',(-34.3061618212776,-41.8824845302926,42.3484945069441));
#7018=CARTESIAN_POINT('Ctrl Pts',(-35.5191972595514,2.22126527834333,38.3786764879025));
#7019=CARTESIAN_POINT('Ctrl Pts',(-30.7778991710489,50.6764317002485,34.5516738294014));
#7020=CARTESIAN_POINT('Ctrl Pts',(-30.1605011330948,56.3430983669151,34.0732036356395));
#7021=CARTESIAN_POINT('Ctrl Pts',(-29.4811392194711,62.,33.5645894187142));
#7022=CARTESIAN_POINT('Ctrl Pts',(-16.6314962442487,-88.0000000010324,39.83009850081));
#7023=CARTESIAN_POINT('Ctrl Pts',(-16.6436607538745,-87.0001161136712,39.8888925458834));
#7024=CARTESIAN_POINT('Ctrl Pts',(-16.6553842280139,-86.000116113327,39.9455263789467));
#7025=CARTESIAN_POINT('Ctrl Pts',(-17.1530809106387,-41.8824845302926,42.348494506944));
#7026=CARTESIAN_POINT('Ctrl Pts',(-17.7595986297757,2.22126527834333,38.3786764879025));
#7027=CARTESIAN_POINT('Ctrl Pts',(-15.3889495855244,50.6764317002485,34.5516738294014));
#7028=CARTESIAN_POINT('Ctrl Pts',(-15.0802505665474,56.3430983669151,34.0732036356395));
#7029=CARTESIAN_POINT('Ctrl Pts',(-14.7405696097355,62.,33.5645894187142));
#7030=CARTESIAN_POINT('Ctrl Pts',(-8.12721669113992E-16,-88.0000000010324,
39.83009850081));
#7031=CARTESIAN_POINT('Ctrl Pts',(-5.46570292218089E-16,-87.0001161136712,
39.8888925458834));
#7032=CARTESIAN_POINT('Ctrl Pts',(-2.75663069180091E-16,-86.000116113327,
39.9455263789467));
#7033=CARTESIAN_POINT('Ctrl Pts',(1.18845266978638E-14,-41.8824845302926,
42.348494506944));
#7034=CARTESIAN_POINT('Ctrl Pts',(6.16982190953479E-14,2.22126527834333,
38.3786764879025));
#7035=CARTESIAN_POINT('Ctrl Pts',(6.22354216487492E-14,50.6764317002485,
34.5516738294014));
#7036=CARTESIAN_POINT('Ctrl Pts',(6.19418061748185E-14,56.3430983669151,
34.0732036356395));
#7037=CARTESIAN_POINT('Ctrl Pts',(6.12916429572167E-14,62.,33.5645894187142));
#7038=CARTESIAN_POINT('',(-49.8944887327836,-88.,39.8300985008707));
#7039=CARTESIAN_POINT('Ctrl Pts',(-49.8944887327836,-88.,39.8300985008707));
#7040=CARTESIAN_POINT('Ctrl Pts',(-49.9309822616478,-87.0001161129829,39.8888925459224));
#7041=CARTESIAN_POINT('Ctrl Pts',(-49.9661526840532,-86.0001161129829,39.9455263789655));
#7042=CARTESIAN_POINT('Ctrl Pts',(-51.4592427319161,-41.8824845302924,42.3484945069438));
#7043=CARTESIAN_POINT('Ctrl Pts',(-53.2787958893272,2.22126527834329,38.3786764879025));
#7044=CARTESIAN_POINT('Ctrl Pts',(-46.1668487565733,50.6764317002484,34.5516738294014));
#7045=CARTESIAN_POINT('Ctrl Pts',(-45.2407516996422,56.343098366915,34.0732036356395));
#7046=CARTESIAN_POINT('Ctrl Pts',(-44.2217088292067,61.9999999999999,33.5645894187142));
#7047=CARTESIAN_POINT('Ctrl Pts',(-44.8911448397973,-88.0000000005148,39.8300985008102));
#7048=CARTESIAN_POINT('Ctrl Pts',(-46.5589261374594,-88.0000000005148,39.8300985008102));
#7049=CARTESIAN_POINT('Ctrl Pts',(-48.2267074351215,-88.0000000000001,39.8300985008707));
#7050=CARTESIAN_POINT('Ctrl Pts',(-49.8944887327836,-88.0000000000001,39.8300985008707));
#7051=CARTESIAN_POINT('Ctrl Pts',(-59.8712195361742,-88.0000000000001,29.8533676974801));
#7052=CARTESIAN_POINT('Ctrl Pts',(-59.9158205685492,-87.0001161129829,29.9040542390209));
#7053=CARTESIAN_POINT('Ctrl Pts',(-59.9587473898245,-86.0001161129829,29.9529316731942));
#7054=CARTESIAN_POINT('Ctrl Pts',(-61.7785035500556,-41.8824845302925,32.0292336888057));
#7055=CARTESIAN_POINT('Ctrl Pts',(-62.7844675870444,2.22126527834329,28.8730047901853));
#7056=CARTESIAN_POINT('Ctrl Pts',(-55.0997497440963,50.6764317002485,25.6187728418783));
#7057=CARTESIAN_POINT('Ctrl Pts',(-54.1035192460398,56.3430983669151,25.2104360892418));
#7058=CARTESIAN_POINT('Ctrl Pts',(-53.0113085058305,62.,24.7749897420904));
#7059=CARTESIAN_POINT('Ctrl Pts',(-56.5456426017107,-88.0000000000001,33.1789446319436));
#7060=CARTESIAN_POINT('Ctrl Pts',(-56.5875411329154,-87.0001161129829,33.2323336746547));
#7061=CARTESIAN_POINT('Ctrl Pts',(-56.6278824879007,-86.0001161129829,33.2837965751179));
#7062=CARTESIAN_POINT('Ctrl Pts',(-58.3387499440092,-41.8824845302925,35.4689872948518));
#7063=CARTESIAN_POINT('Ctrl Pts',(-59.615910354472,2.22126527834329,32.0415620227577));
#7064=CARTESIAN_POINT('Ctrl Pts',(-52.1221160815887,50.6764317002485,28.596406504386));
#7065=CARTESIAN_POINT('Ctrl Pts',(-51.1492633972406,56.3430983669151,28.164691938041));
#7066=CARTESIAN_POINT('Ctrl Pts',(-50.0814419469559,62.,27.704856300965));
#7067=CARTESIAN_POINT('Ctrl Pts',(-53.2200656672472,-88.0000000000001,36.5045215664072));
#7068=CARTESIAN_POINT('Ctrl Pts',(-53.2592616972816,-87.0001161129829,36.5606131102885));
#7069=CARTESIAN_POINT('Ctrl Pts',(-53.297017585977,-86.0001161129829,36.6146614770417));
#7070=CARTESIAN_POINT('Ctrl Pts',(-54.8989963379627,-41.8824845302925,38.9087409008979));
#7071=CARTESIAN_POINT('Ctrl Pts',(-56.4473531218996,2.22126527834329,35.2101192553301));
#7072=CARTESIAN_POINT('Ctrl Pts',(-49.144482419081,50.6764317002485,31.5740401668937));
#7073=CARTESIAN_POINT('Ctrl Pts',(-48.1950075484414,56.3430983669151,31.1189477868403));
#7074=CARTESIAN_POINT('Ctrl Pts',(-47.1515753880813,62.,30.6347228598396));
#7075=CARTESIAN_POINT('Ctrl Pts',(-49.8944887327836,-88.0000000000001,39.8300985008707));
#7076=CARTESIAN_POINT('Ctrl Pts',(-49.9309822616478,-87.0001161129829,39.8888925459224));
#7077=CARTESIAN_POINT('Ctrl Pts',(-49.9661526840532,-86.0001161129829,39.9455263789655));
#7078=CARTESIAN_POINT('Ctrl Pts',(-51.4592427319162,-41.8824845302925,42.348494506944));
#7079=CARTESIAN_POINT('Ctrl Pts',(-53.2787958893272,2.22126527834329,38.3786764879025));
#7080=CARTESIAN_POINT('Ctrl Pts',(-46.1668487565733,50.6764317002485,34.5516738294014));
#7081=CARTESIAN_POINT('Ctrl Pts',(-45.2407516996422,56.3430983669151,34.0732036356395));
#7082=CARTESIAN_POINT('Ctrl Pts',(-44.2217088292067,62.,33.5645894187142));
#7083=CARTESIAN_POINT('Ctrl Pts',(-49.8944887327836,-88.0000000000001,39.8300985008707));
#7084=CARTESIAN_POINT('Ctrl Pts',(-51.5572772000154,-88.0000000000001,38.1673100336389));
#7085=CARTESIAN_POINT('Ctrl Pts',(-53.2200656672472,-88.0000000000001,36.5045215664072));
#7086=CARTESIAN_POINT('Ctrl Pts',(-56.5456426017107,-88.0000000000001,33.1789446319436));
#7087=CARTESIAN_POINT('Ctrl Pts',(-58.2084310689424,-88.0000000000001,31.5161561647118));
#7088=CARTESIAN_POINT('Ctrl Pts',(-59.8712195361742,-88.0000000000001,29.8533676974801));
#7089=CARTESIAN_POINT('Origin',(0.,-88.,9.29211077326054));
#7090=UNCERTAINTY_MEASURE_WITH_UNIT(LENGTH_MEASURE(0.01),#7094,
'DISTANCE_ACCURACY_VALUE',
'Maximum model space distance between geometric entities at asserted c
onnectivities');
#7091=UNCERTAINTY_MEASURE_WITH_UNIT(LENGTH_MEASURE(0.01),#7094,
'DISTANCE_ACCURACY_VALUE',
'Maximum model space distance between geometric entities at asserted c
onnectivities');
#7092=(
GEOMETRIC_REPRESENTATION_CONTEXT(3)
GLOBAL_UNCERTAINTY_ASSIGNED_CONTEXT((#7090))
GLOBAL_UNIT_ASSIGNED_CONTEXT((#7094,#7096,#7097))
REPRESENTATION_CONTEXT('','3D')
);
#7093=(
GEOMETRIC_REPRESENTATION_CONTEXT(3)
GLOBAL_UNCERTAINTY_ASSIGNED_CONTEXT((#7091))
GLOBAL_UNIT_ASSIGNED_CONTEXT((#7094,#7096,#7097))
REPRESENTATION_CONTEXT('','3D')
);
#7094=(
LENGTH_UNIT()
NAMED_UNIT(*)
SI_UNIT(.MILLI.,.METRE.)
);
#7095=(
LENGTH_UNIT()
NAMED_UNIT(*)
SI_UNIT($,.METRE.)
);
#7096=(
NAMED_UNIT(*)
PLANE_ANGLE_UNIT()
SI_UNIT($,.RADIAN.)
);
#7097=(
NAMED_UNIT(*)
SI_UNIT($,.STERADIAN.)
SOLID_ANGLE_UNIT()
);
#7098=SHAPE_DEFINITION_REPRESENTATION(#7099,#7100);
#7099=PRODUCT_DEFINITION_SHAPE('',$,#7102);
#7100=SHAPE_REPRESENTATION('',(#1604),#7092);
#7101=PRODUCT_DEFINITION_CONTEXT('part definition',#7106,'design');
#7102=PRODUCT_DEFINITION('F2','F2',#7103,#7101);
#7103=PRODUCT_DEFINITION_FORMATION('',$,#7108);
#7104=PRODUCT_RELATED_PRODUCT_CATEGORY('F2','F2',(#7108));
#7105=APPLICATION_PROTOCOL_DEFINITION('international standard',
'automotive_design',2009,#7106);
#7106=APPLICATION_CONTEXT(
'Core Data for Automotive Mechanical Design Process');
#7107=PRODUCT_CONTEXT('part definition',#7106,'mechanical');
#7108=PRODUCT('F2','F2',$,(#7107));
#7109=PRESENTATION_STYLE_ASSIGNMENT((#7111));
#7110=PRESENTATION_STYLE_ASSIGNMENT((#7112));
#7111=SURFACE_STYLE_USAGE(.BOTH.,#7113);
#7112=SURFACE_STYLE_USAGE(.BOTH.,#7114);
#7113=SURFACE_SIDE_STYLE('',(#7115));
#7114=SURFACE_SIDE_STYLE('',(#7116));
#7115=SURFACE_STYLE_FILL_AREA(#7117);
#7116=SURFACE_STYLE_FILL_AREA(#7118);
#7117=FILL_AREA_STYLE('Steel - Satin',(#7119));
#7118=FILL_AREA_STYLE('ABS (White)',(#7120));
#7119=FILL_AREA_STYLE_COLOUR('Steel - Satin',#7121);
#7120=FILL_AREA_STYLE_COLOUR('ABS (White)',#7122);
#7121=COLOUR_RGB('Steel - Satin',0.627450980392157,0.627450980392157,0.627450980392157);
#7122=COLOUR_RGB('ABS (White)',0.964705882352941,0.964705882352941,0.952941176470588);
ENDSEC;
END-ISO-10303-21;
