ISO-10303-21;
HEADER;
/* Generated by software containing ST-Developer
 * from STEP Tools, Inc. (www.steptools.com) 
 */

FILE_DESCRIPTION(
/* description */ (''),
/* implementation_level */ '2;1');

FILE_NAME(
/* name */ 'F3.step',
/* time_stamp */ '2026-07-02T23:32:43-07:00',
/* author */ (''),
/* organization */ (''),
/* preprocessor_version */ 'ST-DEVELOPER v20.1',
/* originating_system */ 'Autodesk Translation Framework v15.8.0.0',
/* authorisation */ '');

FILE_SCHEMA (('AUTOMOTIVE_DESIGN { 1 0 10303 214 3 1 1 }'));
ENDSEC;

DATA;
#10=MECHANICAL_DESIGN_GEOMETRIC_PRESENTATION_REPRESENTATION('',(#13),#4672);
#11=SHAPE_REPRESENTATION_RELATIONSHIP('SRR','None',#4679,#12);
#12=ADVANCED_BREP_SHAPE_REPRESENTATION('',(#14),#4671);
#13=STYLED_ITEM('',(#4689),#14);
#14=MANIFOLD_SOLID_BREP('F3',#1487);
#15=FACE_BOUND('',#244,.T.);
#16=CONICAL_SURFACE('',#1548,1.74977327051848,0.0872664625997165);
#17=CONICAL_SURFACE('',#1552,1.74977327051848,0.0872664625997165);
#18=ELLIPSE('',#1529,5.41196100146197,5.);
#19=ELLIPSE('',#1530,5.41196100146197,5.);
#20=ELLIPSE('',#1532,5.41196100146197,5.);
#21=ELLIPSE('',#1534,5.41196100146197,5.);
#22=ELLIPSE('',#1536,5.41196100146197,5.);
#23=ELLIPSE('',#1539,5.41196100146197,5.);
#24=ELLIPSE('',#1542,5.41196100146197,5.);
#25=ELLIPSE('',#1544,5.41196100146197,5.);
#26=CYLINDRICAL_SURFACE('',#1528,5.);
#27=CYLINDRICAL_SURFACE('',#1531,5.);
#28=CYLINDRICAL_SURFACE('',#1533,5.);
#29=CYLINDRICAL_SURFACE('',#1535,5.);
#30=CYLINDRICAL_SURFACE('',#1537,5.);
#31=CYLINDRICAL_SURFACE('',#1541,5.);
#32=CYLINDRICAL_SURFACE('',#1543,5.);
#33=CYLINDRICAL_SURFACE('',#1545,5.);
#34=CYLINDRICAL_SURFACE('',#1558,15.0993468427171);
#35=CYLINDRICAL_SURFACE('',#1561,11.25);
#36=CYLINDRICAL_SURFACE('',#1564,15.0993468427171);
#37=CIRCLE('',#1502,15.0993468427171);
#38=CIRCLE('',#1504,15.0993468427171);
#39=CIRCLE('',#1506,11.25);
#40=CIRCLE('',#1508,11.25);
#41=CIRCLE('',#1515,11.25);
#42=CIRCLE('',#1538,5.);
#43=CIRCLE('',#1540,5.);
#44=CIRCLE('',#1546,3.);
#45=CIRCLE('',#1547,3.);
#46=CIRCLE('',#1549,1.74977327051848);
#47=CIRCLE('',#1550,2.99999999999999);
#48=CIRCLE('',#1551,3.);
#49=CIRCLE('',#1553,1.74977327051848);
#50=CIRCLE('',#1559,15.0993468427171);
#51=CIRCLE('',#1562,11.25);
#52=CIRCLE('',#1565,15.0993468427171);
#53=PLANE('',#1501);
#54=PLANE('',#1503);
#55=PLANE('',#1505);
#56=PLANE('',#1507);
#57=PLANE('',#1509);
#58=PLANE('',#1510);
#59=PLANE('',#1511);
#60=PLANE('',#1512);
#61=PLANE('',#1513);
#62=PLANE('',#1514);
#63=PLANE('',#1516);
#64=PLANE('',#1517);
#65=PLANE('',#1518);
#66=PLANE('',#1519);
#67=PLANE('',#1520);
#68=PLANE('',#1521);
#69=PLANE('',#1522);
#70=PLANE('',#1523);
#71=PLANE('',#1524);
#72=PLANE('',#1525);
#73=PLANE('',#1526);
#74=PLANE('',#1527);
#75=PLANE('',#1554);
#76=PLANE('',#1555);
#77=PLANE('',#1556);
#78=PLANE('',#1557);
#79=PLANE('',#1560);
#80=PLANE('',#1563);
#81=PLANE('',#1566);
#82=PLANE('',#1567);
#83=PLANE('',#1568);
#84=FACE_OUTER_BOUND('',#164,.T.);
#85=FACE_OUTER_BOUND('',#165,.T.);
#86=FACE_OUTER_BOUND('',#166,.T.);
#87=FACE_OUTER_BOUND('',#167,.T.);
#88=FACE_OUTER_BOUND('',#168,.T.);
#89=FACE_OUTER_BOUND('',#169,.T.);
#90=FACE_OUTER_BOUND('',#170,.T.);
#91=FACE_OUTER_BOUND('',#171,.T.);
#92=FACE_OUTER_BOUND('',#172,.T.);
#93=FACE_OUTER_BOUND('',#173,.T.);
#94=FACE_OUTER_BOUND('',#174,.T.);
#95=FACE_OUTER_BOUND('',#175,.T.);
#96=FACE_OUTER_BOUND('',#176,.T.);
#97=FACE_OUTER_BOUND('',#177,.T.);
#98=FACE_OUTER_BOUND('',#178,.T.);
#99=FACE_OUTER_BOUND('',#179,.T.);
#100=FACE_OUTER_BOUND('',#180,.T.);
#101=FACE_OUTER_BOUND('',#181,.T.);
#102=FACE_OUTER_BOUND('',#182,.T.);
#103=FACE_OUTER_BOUND('',#183,.T.);
#104=FACE_OUTER_BOUND('',#184,.T.);
#105=FACE_OUTER_BOUND('',#185,.T.);
#106=FACE_OUTER_BOUND('',#186,.T.);
#107=FACE_OUTER_BOUND('',#187,.T.);
#108=FACE_OUTER_BOUND('',#188,.T.);
#109=FACE_OUTER_BOUND('',#189,.T.);
#110=FACE_OUTER_BOUND('',#190,.T.);
#111=FACE_OUTER_BOUND('',#191,.T.);
#112=FACE_OUTER_BOUND('',#192,.T.);
#113=FACE_OUTER_BOUND('',#193,.T.);
#114=FACE_OUTER_BOUND('',#194,.T.);
#115=FACE_OUTER_BOUND('',#195,.T.);
#116=FACE_OUTER_BOUND('',#196,.T.);
#117=FACE_OUTER_BOUND('',#197,.T.);
#118=FACE_OUTER_BOUND('',#198,.T.);
#119=FACE_OUTER_BOUND('',#199,.T.);
#120=FACE_OUTER_BOUND('',#200,.T.);
#121=FACE_OUTER_BOUND('',#201,.T.);
#122=FACE_OUTER_BOUND('',#202,.T.);
#123=FACE_OUTER_BOUND('',#203,.T.);
#124=FACE_OUTER_BOUND('',#204,.T.);
#125=FACE_OUTER_BOUND('',#205,.T.);
#126=FACE_OUTER_BOUND('',#206,.T.);
#127=FACE_OUTER_BOUND('',#207,.T.);
#128=FACE_OUTER_BOUND('',#208,.T.);
#129=FACE_OUTER_BOUND('',#209,.T.);
#130=FACE_OUTER_BOUND('',#210,.T.);
#131=FACE_OUTER_BOUND('',#211,.T.);
#132=FACE_OUTER_BOUND('',#212,.T.);
#133=FACE_OUTER_BOUND('',#213,.T.);
#134=FACE_OUTER_BOUND('',#214,.T.);
#135=FACE_OUTER_BOUND('',#215,.T.);
#136=FACE_OUTER_BOUND('',#216,.T.);
#137=FACE_OUTER_BOUND('',#217,.T.);
#138=FACE_OUTER_BOUND('',#218,.T.);
#139=FACE_OUTER_BOUND('',#219,.T.);
#140=FACE_OUTER_BOUND('',#220,.T.);
#141=FACE_OUTER_BOUND('',#221,.T.);
#142=FACE_OUTER_BOUND('',#222,.T.);
#143=FACE_OUTER_BOUND('',#223,.T.);
#144=FACE_OUTER_BOUND('',#224,.T.);
#145=FACE_OUTER_BOUND('',#225,.T.);
#146=FACE_OUTER_BOUND('',#226,.T.);
#147=FACE_OUTER_BOUND('',#227,.T.);
#148=FACE_OUTER_BOUND('',#228,.T.);
#149=FACE_OUTER_BOUND('',#229,.T.);
#150=FACE_OUTER_BOUND('',#230,.T.);
#151=FACE_OUTER_BOUND('',#231,.T.);
#152=FACE_OUTER_BOUND('',#232,.T.);
#153=FACE_OUTER_BOUND('',#233,.T.);
#154=FACE_OUTER_BOUND('',#234,.T.);
#155=FACE_OUTER_BOUND('',#235,.T.);
#156=FACE_OUTER_BOUND('',#236,.T.);
#157=FACE_OUTER_BOUND('',#237,.T.);
#158=FACE_OUTER_BOUND('',#238,.T.);
#159=FACE_OUTER_BOUND('',#239,.T.);
#160=FACE_OUTER_BOUND('',#240,.T.);
#161=FACE_OUTER_BOUND('',#241,.T.);
#162=FACE_OUTER_BOUND('',#242,.T.);
#163=FACE_OUTER_BOUND('',#243,.T.);
#164=EDGE_LOOP('',(#909,#910,#911,#912));
#165=EDGE_LOOP('',(#913,#914,#915,#916));
#166=EDGE_LOOP('',(#917,#918,#919,#920));
#167=EDGE_LOOP('',(#921,#922,#923,#924));
#168=EDGE_LOOP('',(#925,#926,#927,#928,#929,#930,#931,#932));
#169=EDGE_LOOP('',(#933,#934,#935,#936,#937,#938,#939,#940,#941,#942,#943,
#944,#945,#946,#947,#948,#949,#950,#951));
#170=EDGE_LOOP('',(#952,#953,#954,#955));
#171=EDGE_LOOP('',(#956,#957,#958,#959,#960,#961));
#172=EDGE_LOOP('',(#962,#963,#964,#965,#966,#967,#968,#969,#970,#971,#972,
#973,#974,#975,#976,#977,#978,#979,#980));
#173=EDGE_LOOP('',(#981,#982,#983,#984));
#174=EDGE_LOOP('',(#985,#986,#987,#988));
#175=EDGE_LOOP('',(#989,#990,#991));
#176=EDGE_LOOP('',(#992,#993,#994));
#177=EDGE_LOOP('',(#995,#996,#997,#998,#999,#1000));
#178=EDGE_LOOP('',(#1001,#1002,#1003,#1004,#1005,#1006));
#179=EDGE_LOOP('',(#1007,#1008,#1009));
#180=EDGE_LOOP('',(#1010,#1011,#1012,#1013));
#181=EDGE_LOOP('',(#1014,#1015,#1016,#1017));
#182=EDGE_LOOP('',(#1018,#1019,#1020,#1021));
#183=EDGE_LOOP('',(#1022,#1023,#1024,#1025));
#184=EDGE_LOOP('',(#1026,#1027,#1028,#1029,#1030));
#185=EDGE_LOOP('',(#1031,#1032,#1033,#1034,#1035,#1036,#1037,#1038,#1039,
#1040,#1041,#1042,#1043,#1044));
#186=EDGE_LOOP('',(#1045,#1046,#1047,#1048));
#187=EDGE_LOOP('',(#1049,#1050,#1051,#1052));
#188=EDGE_LOOP('',(#1053,#1054,#1055,#1056));
#189=EDGE_LOOP('',(#1057,#1058,#1059,#1060));
#190=EDGE_LOOP('',(#1061,#1062,#1063,#1064));
#191=EDGE_LOOP('',(#1065,#1066,#1067,#1068));
#192=EDGE_LOOP('',(#1069,#1070,#1071,#1072));
#193=EDGE_LOOP('',(#1073,#1074,#1075,#1076));
#194=EDGE_LOOP('',(#1077,#1078,#1079,#1080));
#195=EDGE_LOOP('',(#1081,#1082,#1083,#1084));
#196=EDGE_LOOP('',(#1085,#1086,#1087,#1088));
#197=EDGE_LOOP('',(#1089,#1090,#1091,#1092));
#198=EDGE_LOOP('',(#1093,#1094,#1095,#1096));
#199=EDGE_LOOP('',(#1097,#1098,#1099,#1100));
#200=EDGE_LOOP('',(#1101,#1102,#1103,#1104));
#201=EDGE_LOOP('',(#1105,#1106,#1107,#1108));
#202=EDGE_LOOP('',(#1109,#1110,#1111,#1112));
#203=EDGE_LOOP('',(#1113,#1114,#1115,#1116));
#204=EDGE_LOOP('',(#1117,#1118,#1119,#1120,#1121));
#205=EDGE_LOOP('',(#1122,#1123,#1124,#1125));
#206=EDGE_LOOP('',(#1126,#1127,#1128,#1129));
#207=EDGE_LOOP('',(#1130,#1131,#1132,#1133));
#208=EDGE_LOOP('',(#1134,#1135,#1136,#1137,#1138,#1139,#1140,#1141,#1142));
#209=EDGE_LOOP('',(#1143,#1144,#1145,#1146));
#210=EDGE_LOOP('',(#1147,#1148,#1149,#1150));
#211=EDGE_LOOP('',(#1151,#1152,#1153,#1154));
#212=EDGE_LOOP('',(#1155,#1156,#1157,#1158));
#213=EDGE_LOOP('',(#1159,#1160,#1161,#1162));
#214=EDGE_LOOP('',(#1163,#1164,#1165,#1166));
#215=EDGE_LOOP('',(#1167,#1168,#1169,#1170));
#216=EDGE_LOOP('',(#1171,#1172,#1173,#1174));
#217=EDGE_LOOP('',(#1175,#1176,#1177,#1178));
#218=EDGE_LOOP('',(#1179,#1180,#1181,#1182));
#219=EDGE_LOOP('',(#1183,#1184,#1185,#1186));
#220=EDGE_LOOP('',(#1187,#1188,#1189,#1190));
#221=EDGE_LOOP('',(#1191,#1192,#1193,#1194));
#222=EDGE_LOOP('',(#1195,#1196,#1197,#1198,#1199,#1200));
#223=EDGE_LOOP('',(#1201,#1202,#1203));
#224=EDGE_LOOP('',(#1204,#1205,#1206,#1207));
#225=EDGE_LOOP('',(#1208,#1209,#1210,#1211));
#226=EDGE_LOOP('',(#1212,#1213,#1214,#1215,#1216,#1217,#1218));
#227=EDGE_LOOP('',(#1219,#1220,#1221,#1222,#1223,#1224));
#228=EDGE_LOOP('',(#1225,#1226,#1227,#1228,#1229,#1230,#1231,#1232,#1233));
#229=EDGE_LOOP('',(#1234,#1235,#1236,#1237,#1238,#1239,#1240,#1241));
#230=EDGE_LOOP('',(#1242,#1243,#1244,#1245,#1246,#1247,#1248,#1249,#1250));
#231=EDGE_LOOP('',(#1251,#1252,#1253,#1254,#1255,#1256));
#232=EDGE_LOOP('',(#1257,#1258,#1259,#1260,#1261,#1262,#1263));
#233=EDGE_LOOP('',(#1264,#1265,#1266,#1267,#1268,#1269,#1270,#1271));
#234=EDGE_LOOP('',(#1272,#1273,#1274,#1275));
#235=EDGE_LOOP('',(#1276,#1277,#1278,#1279));
#236=EDGE_LOOP('',(#1280,#1281,#1282,#1283));
#237=EDGE_LOOP('',(#1284,#1285,#1286,#1287));
#238=EDGE_LOOP('',(#1288,#1289,#1290,#1291));
#239=EDGE_LOOP('',(#1292,#1293,#1294,#1295));
#240=EDGE_LOOP('',(#1296,#1297,#1298,#1299,#1300,#1301,#1302,#1303,#1304,
#1305,#1306,#1307,#1308,#1309,#1310,#1311));
#241=EDGE_LOOP('',(#1312,#1313,#1314,#1315,#1316,#1317,#1318,#1319,#1320,
#1321,#1322,#1323,#1324,#1325,#1326,#1327));
#242=EDGE_LOOP('',(#1328,#1329,#1330,#1331));
#243=EDGE_LOOP('',(#1332,#1333,#1334,#1335,#1336,#1337,#1338,#1339,#1340,
#1341,#1342,#1343,#1344,#1345,#1346,#1347,#1348,#1349,#1350,#1351,#1352,
#1353));
#244=EDGE_LOOP('',(#1354,#1355,#1356,#1357,#1358,#1359,#1360,#1361,#1362,
#1363,#1364,#1365,#1366,#1367,#1368,#1369,#1370));
#245=LINE('',#1818,#325);
#246=LINE('',#1851,#326);
#247=LINE('',#1880,#327);
#248=LINE('',#1909,#328);
#249=LINE('',#1937,#329);
#250=LINE('',#2023,#330);
#251=LINE('',#2134,#331);
#252=LINE('',#2177,#332);
#253=LINE('',#2264,#333);
#254=LINE('',#2273,#334);
#255=LINE('',#2274,#335);
#256=LINE('',#2280,#336);
#257=LINE('',#2283,#337);
#258=LINE('',#2287,#338);
#259=LINE('',#2289,#339);
#260=LINE('',#2411,#340);
#261=LINE('',#2422,#341);
#262=LINE('',#2425,#342);
#263=LINE('',#2426,#343);
#264=LINE('',#2429,#344);
#265=LINE('',#2431,#345);
#266=LINE('',#2432,#346);
#267=LINE('',#2435,#347);
#268=LINE('',#2437,#348);
#269=LINE('',#2438,#349);
#270=LINE('',#2442,#350);
#271=LINE('',#2443,#351);
#272=LINE('',#2444,#352);
#273=LINE('',#2447,#353);
#274=LINE('',#2450,#354);
#275=LINE('',#2452,#355);
#276=LINE('',#2454,#356);
#277=LINE('',#2456,#357);
#278=LINE('',#2458,#358);
#279=LINE('',#2460,#359);
#280=LINE('',#2462,#360);
#281=LINE('',#2464,#361);
#282=LINE('',#2466,#362);
#283=LINE('',#2467,#363);
#284=LINE('',#2475,#364);
#285=LINE('',#2476,#365);
#286=LINE('',#2490,#366);
#287=LINE('',#2497,#367);
#288=LINE('',#2504,#368);
#289=LINE('',#2511,#369);
#290=LINE('',#2531,#370);
#291=LINE('',#2532,#371);
#292=LINE('',#2546,#372);
#293=LINE('',#2553,#373);
#294=LINE('',#2560,#374);
#295=LINE('',#2567,#375);
#296=LINE('',#2587,#376);
#297=LINE('',#2588,#377);
#298=LINE('',#2602,#378);
#299=LINE('',#2609,#379);
#300=LINE('',#2616,#380);
#301=LINE('',#2623,#381);
#302=LINE('',#2644,#382);
#303=LINE('',#2648,#383);
#304=LINE('',#2654,#384);
#305=LINE('',#2655,#385);
#306=LINE('',#2658,#386);
#307=LINE('',#3066,#387);
#308=LINE('',#3278,#388);
#309=LINE('',#3535,#389);
#310=LINE('',#3618,#390);
#311=LINE('',#3619,#391);
#312=LINE('',#3622,#392);
#313=LINE('',#3623,#393);
#314=LINE('',#3626,#394);
#315=LINE('',#3627,#395);
#316=LINE('',#3631,#396);
#317=LINE('',#3634,#397);
#318=LINE('',#3635,#398);
#319=LINE('',#3639,#399);
#320=LINE('',#3642,#400);
#321=LINE('',#3643,#401);
#322=LINE('',#3647,#402);
#323=LINE('',#3649,#403);
#324=LINE('',#4027,#404);
#325=VECTOR('',#1571,10.);
#326=VECTOR('',#1572,10.);
#327=VECTOR('',#1573,10.);
#328=VECTOR('',#1574,10.);
#329=VECTOR('',#1575,10.);
#330=VECTOR('',#1576,10.);
#331=VECTOR('',#1577,10.);
#332=VECTOR('',#1578,10.);
#333=VECTOR('',#1579,10.);
#334=VECTOR('',#1584,10.);
#335=VECTOR('',#1585,10.);
#336=VECTOR('',#1592,10.);
#337=VECTOR('',#1595,10.);
#338=VECTOR('',#1598,10.);
#339=VECTOR('',#1599,10.);
#340=VECTOR('',#1604,10.);
#341=VECTOR('',#1605,10.);
#342=VECTOR('',#1608,10.);
#343=VECTOR('',#1609,10.);
#344=VECTOR('',#1612,10.);
#345=VECTOR('',#1613,10.);
#346=VECTOR('',#1614,10.);
#347=VECTOR('',#1617,10.);
#348=VECTOR('',#1618,10.);
#349=VECTOR('',#1619,10.);
#350=VECTOR('',#1622,10.);
#351=VECTOR('',#1623,10.);
#352=VECTOR('',#1624,10.);
#353=VECTOR('',#1627,10.);
#354=VECTOR('',#1630,10.);
#355=VECTOR('',#1631,10.);
#356=VECTOR('',#1632,10.);
#357=VECTOR('',#1633,10.);
#358=VECTOR('',#1634,10.);
#359=VECTOR('',#1635,10.);
#360=VECTOR('',#1636,10.);
#361=VECTOR('',#1637,10.);
#362=VECTOR('',#1638,10.);
#363=VECTOR('',#1639,10.);
#364=VECTOR('',#1642,10.);
#365=VECTOR('',#1643,10.);
#366=VECTOR('',#1644,10.);
#367=VECTOR('',#1647,10.);
#368=VECTOR('',#1650,10.);
#369=VECTOR('',#1653,10.);
#370=VECTOR('',#1656,10.);
#371=VECTOR('',#1657,10.);
#372=VECTOR('',#1658,10.);
#373=VECTOR('',#1661,10.);
#374=VECTOR('',#1664,10.);
#375=VECTOR('',#1667,10.);
#376=VECTOR('',#1670,10.);
#377=VECTOR('',#1671,10.);
#378=VECTOR('',#1672,10.);
#379=VECTOR('',#1675,10.);
#380=VECTOR('',#1678,10.);
#381=VECTOR('',#1681,10.);
#382=VECTOR('',#1696,10.);
#383=VECTOR('',#1701,10.);
#384=VECTOR('',#1708,10.);
#385=VECTOR('',#1709,10.);
#386=VECTOR('',#1714,10.);
#387=VECTOR('',#1731,10.);
#388=VECTOR('',#1738,10.);
#389=VECTOR('',#1743,10.);
#390=VECTOR('',#1746,10.);
#391=VECTOR('',#1747,10.);
#392=VECTOR('',#1750,10.);
#393=VECTOR('',#1751,10.);
#394=VECTOR('',#1754,10.);
#395=VECTOR('',#1755,10.);
#396=VECTOR('',#1760,10.);
#397=VECTOR('',#1763,10.);
#398=VECTOR('',#1764,10.);
#399=VECTOR('',#1769,10.);
#400=VECTOR('',#1772,10.);
#401=VECTOR('',#1773,10.);
#402=VECTOR('',#1778,10.);
#403=VECTOR('',#1781,10.);
#404=VECTOR('',#1784,10.);
#405=B_SPLINE_CURVE_WITH_KNOTS('',3,(#1806,#1807,#1808,#1809,#1810,#1811),
 .UNSPECIFIED.,.F.,.F.,(4,2,4),(-1.62670163353049,-0.813350816765246,0.),
 .UNSPECIFIED.);
#406=B_SPLINE_CURVE_WITH_KNOTS('',3,(#1813,#1814,#1815,#1816),
 .UNSPECIFIED.,.F.,.F.,(4,4),(0.732492289609042,1.),.UNSPECIFIED.);
#407=B_SPLINE_CURVE_WITH_KNOTS('',3,(#1819,#1820,#1821,#1822),
 .UNSPECIFIED.,.F.,.F.,(4,4),(0.732492289609042,1.),.UNSPECIFIED.);
#408=B_SPLINE_CURVE_WITH_KNOTS('',3,(#1840,#1841,#1842,#1843,#1844,#1845),
 .UNSPECIFIED.,.F.,.F.,(4,2,4),(-4.15087909454639,-2.0754395472732,0.),
 .UNSPECIFIED.);
#409=B_SPLINE_CURVE_WITH_KNOTS('',3,(#1847,#1848,#1849,#1850),
 .UNSPECIFIED.,.F.,.F.,(4,4),(0.732492289609042,1.),.UNSPECIFIED.);
#410=B_SPLINE_CURVE_WITH_KNOTS('',3,(#1869,#1870,#1871,#1872,#1873,#1874),
 .UNSPECIFIED.,.F.,.F.,(4,2,4),(-4.15087909454639,-2.0754395472732,0.),
 .UNSPECIFIED.);
#411=B_SPLINE_CURVE_WITH_KNOTS('',3,(#1876,#1877,#1878,#1879),
 .UNSPECIFIED.,.F.,.F.,(4,4),(0.732492289609042,1.),.UNSPECIFIED.);
#412=B_SPLINE_CURVE_WITH_KNOTS('',3,(#1898,#1899,#1900,#1901,#1902,#1903),
 .UNSPECIFIED.,.F.,.F.,(4,2,4),(-1.62670163353049,-0.813350816765245,0.),
 .UNSPECIFIED.);
#413=B_SPLINE_CURVE_WITH_KNOTS('',3,(#1905,#1906,#1907,#1908),
 .UNSPECIFIED.,.F.,.F.,(4,4),(0.732492289609042,1.),.UNSPECIFIED.);
#414=B_SPLINE_CURVE_WITH_KNOTS('',3,(#1928,#1929,#1930,#1931),
 .UNSPECIFIED.,.F.,.F.,(4,4),(-4.0544944363448,-2.88871770902743),
 .UNSPECIFIED.);
#415=B_SPLINE_CURVE_WITH_KNOTS('',3,(#1933,#1934,#1935,#1936),
 .UNSPECIFIED.,.F.,.F.,(4,4),(0.732492289609042,1.),.UNSPECIFIED.);
#416=B_SPLINE_CURVE_WITH_KNOTS('',3,(#1939,#1940,#1941,#1942),
 .UNSPECIFIED.,.F.,.F.,(4,4),(-0.406538688067209,0.),.UNSPECIFIED.);
#417=B_SPLINE_CURVE_WITH_KNOTS('',3,(#1944,#1945,#1946,#1947,#1948,#1949,
#1950,#1951,#1952,#1953,#1954,#1955,#1956,#1957,#1958),.UNSPECIFIED.,.F.,
 .F.,(4,1,1,1,1,1,1,1,1,1,1,1,4),(-14.0747166669659,-13.3721810136697,-13.0209131870216,
-12.6696453603736,-12.3183775337255,-11.9671097070774,-11.6158418804293,
-11.2645740537812,-10.9133062271332,-10.5620384004851,-9.85950274718893,
-9.50823492054085,-9.18166355962128),.UNSPECIFIED.);
#418=B_SPLINE_CURVE_WITH_KNOTS('',3,(#1960,#1961,#1962,#1963,#1964,#1965,
#1966,#1967,#1968),.UNSPECIFIED.,.F.,.F.,(4,1,1,1,1,1,4),(-1.91780220193934,
-1.64383045880515,-1.36985871567096,-1.09588697253677,-0.821915229402576,
-0.273971743134192,0.),.UNSPECIFIED.);
#419=B_SPLINE_CURVE_WITH_KNOTS('',3,(#1969,#1970,#1971,#1972,#1973,#1974,
#1975,#1976,#1977,#1978,#1979,#1980,#1981,#1982,#1983,#1984,#1985,#1986,
#1987,#1988,#1989,#1990,#1991,#1992),.UNSPECIFIED.,.F.,.F.,(4,1,1,1,1,1,
1,1,1,1,1,1,1,1,1,1,1,1,1,1,1,4),(-5.32618889073723,-4.57455999391424,-4.19334666108806,
-3.81213332826187,-3.24031332902259,-3.0497066626095,-2.66849332978331,
-2.28727999695712,-2.09667333054403,-1.90606666413093,-1.71545999771784,
-1.52485333130475,-1.33424666489165,-1.23894333168511,-1.19129166508183,
-1.14363999847856,-0.953033332065467,-0.762426665652374,-0.667123332445827,
-0.57181999923928,-0.381213332826187,0.),.UNSPECIFIED.);
#420=B_SPLINE_CURVE_WITH_KNOTS('',3,(#2011,#2012,#2013,#2014,#2015,#2016),
 .UNSPECIFIED.,.F.,.F.,(4,2,4),(-4.13222138925951,-2.06611069462975,0.),
 .UNSPECIFIED.);
#421=B_SPLINE_CURVE_WITH_KNOTS('',3,(#2018,#2019,#2020,#2021),
 .UNSPECIFIED.,.F.,.F.,(4,4),(0.732492289609042,1.),.UNSPECIFIED.);
#422=B_SPLINE_CURVE_WITH_KNOTS('',3,(#2025,#2026,#2027,#2028),
 .UNSPECIFIED.,.F.,.F.,(4,4),(-0.802373284686762,0.),.UNSPECIFIED.);
#423=B_SPLINE_CURVE_WITH_KNOTS('',3,(#2030,#2031,#2032,#2033),
 .UNSPECIFIED.,.F.,.F.,(4,4),(-2.34655685106022,-0.355538716652525),
 .UNSPECIFIED.);
#424=B_SPLINE_CURVE_WITH_KNOTS('',3,(#2035,#2036,#2037,#2038),
 .UNSPECIFIED.,.F.,.F.,(4,4),(-0.500000000000002,0.),.UNSPECIFIED.);
#425=B_SPLINE_CURVE_WITH_KNOTS('',3,(#2040,#2041,#2042,#2043),
 .UNSPECIFIED.,.F.,.F.,(4,4),(0.912646826202845,0.931272188310715),
 .UNSPECIFIED.);
#426=B_SPLINE_CURVE_WITH_KNOTS('',3,(#2045,#2046,#2047,#2048),
 .UNSPECIFIED.,.F.,.F.,(4,4),(-2.21226740209914,-0.0501068364693151),
 .UNSPECIFIED.);
#427=B_SPLINE_CURVE_WITH_KNOTS('',3,(#2050,#2051,#2052,#2053),
 .UNSPECIFIED.,.F.,.F.,(4,4),(-0.766180740752776,0.),.UNSPECIFIED.);
#428=B_SPLINE_CURVE_WITH_KNOTS('',3,(#2055,#2056,#2057,#2058),
 .UNSPECIFIED.,.F.,.F.,(4,4),(-2.41760285694671,0.),.UNSPECIFIED.);
#429=B_SPLINE_CURVE_WITH_KNOTS('',3,(#2060,#2061,#2062,#2063),
 .UNSPECIFIED.,.F.,.F.,(4,4),(0.887806701177515,0.897736515924438),
 .UNSPECIFIED.);
#430=B_SPLINE_CURVE_WITH_KNOTS('',3,(#2065,#2066,#2067,#2068),
 .UNSPECIFIED.,.F.,.F.,(4,4),(-2.62946676554078,-0.0500940503365106),
 .UNSPECIFIED.);
#431=B_SPLINE_CURVE_WITH_KNOTS('',3,(#2070,#2071,#2072,#2073),
 .UNSPECIFIED.,.F.,.F.,(4,4),(-0.7473592596361,-1.11022302462516E-16),
 .UNSPECIFIED.);
#432=B_SPLINE_CURVE_WITH_KNOTS('',3,(#2075,#2076,#2077,#2078),
 .UNSPECIFIED.,.F.,.F.,(4,4),(-2.80964544578458,0.),.UNSPECIFIED.);
#433=B_SPLINE_CURVE_WITH_KNOTS('',3,(#2080,#2081,#2082,#2083),
 .UNSPECIFIED.,.F.,.F.,(4,4),(0.863018385082195,0.872927515184959),
 .UNSPECIFIED.);
#434=B_SPLINE_CURVE_WITH_KNOTS('',3,(#2085,#2086,#2087,#2088),
 .UNSPECIFIED.,.F.,.F.,(4,4),(-3.00521330842824,-0.0500823586700458),
 .UNSPECIFIED.);
#435=B_SPLINE_CURVE_WITH_KNOTS('',3,(#2090,#2091,#2092,#2093,#2094,#2095,
#2096),.UNSPECIFIED.,.F.,.F.,(4,3,4),(-0.730014019483014,-0.34008903524355,
0.),.UNSPECIFIED.);
#436=B_SPLINE_CURVE_WITH_KNOTS('',3,(#2098,#2099,#2100,#2101),
 .UNSPECIFIED.,.F.,.F.,(4,4),(-3.16168233403593,0.),.UNSPECIFIED.);
#437=B_SPLINE_CURVE_WITH_KNOTS('',3,(#2102,#2103,#2104,#2105),
 .UNSPECIFIED.,.F.,.F.,(4,4),(0.732492289609042,0.848170129275929),
 .UNSPECIFIED.);
#438=B_SPLINE_CURVE_WITH_KNOTS('',3,(#2123,#2124,#2125,#2126,#2127,#2128),
 .UNSPECIFIED.,.F.,.F.,(4,2,4),(-0.663138119728817,-0.331569059864409,0.),
 .UNSPECIFIED.);
#439=B_SPLINE_CURVE_WITH_KNOTS('',3,(#2130,#2131,#2132,#2133),
 .UNSPECIFIED.,.F.,.F.,(4,4),(0.732492289609042,1.),.UNSPECIFIED.);
#440=B_SPLINE_CURVE_WITH_KNOTS('',3,(#2152,#2153,#2154,#2155,#2156,#2157),
 .UNSPECIFIED.,.F.,.F.,(4,2,4),(-3.47459544902245,-1.73729772451123,0.),
 .UNSPECIFIED.);
#441=B_SPLINE_CURVE_WITH_KNOTS('',3,(#2159,#2160,#2161,#2162),
 .UNSPECIFIED.,.F.,.F.,(4,4),(0.732492289609042,0.987343559202483),
 .UNSPECIFIED.);
#442=B_SPLINE_CURVE_WITH_KNOTS('',3,(#2164,#2165,#2166,#2167),
 .UNSPECIFIED.,.F.,.F.,(4,4),(-1.07818650106919,-0.0500000000000007),
 .UNSPECIFIED.);
#443=B_SPLINE_CURVE_WITH_KNOTS('',3,(#2169,#2170,#2171,#2172,#2173,#2174,
#2175,#2176),.UNSPECIFIED.,.F.,.F.,(4,2,2,4),(-0.975962481687155,-0.764230721165649,
-0.537208262091645,0.),.UNSPECIFIED.);
#444=B_SPLINE_CURVE_WITH_KNOTS('',3,(#2195,#2196,#2197,#2198,#2199,#2200),
 .UNSPECIFIED.,.F.,.F.,(4,2,4),(-4.13222138925951,-2.06611069462975,0.),
 .UNSPECIFIED.);
#445=B_SPLINE_CURVE_WITH_KNOTS('',3,(#2202,#2203,#2204,#2205),
 .UNSPECIFIED.,.F.,.F.,(4,4),(-3.21175816454021,-0.0500758385664182),
 .UNSPECIFIED.);
#446=B_SPLINE_CURVE_WITH_KNOTS('',3,(#2207,#2208,#2209,#2210,#2211,#2212,
#2213),.UNSPECIFIED.,.F.,.F.,(4,3,4),(-0.730014014564044,-0.340089032941215,
0.),.UNSPECIFIED.);
#447=B_SPLINE_CURVE_WITH_KNOTS('',3,(#2214,#2215,#2216,#2217),
 .UNSPECIFIED.,.F.,.F.,(4,4),(-2.95513095590676,0.),.UNSPECIFIED.);
#448=B_SPLINE_CURVE_WITH_KNOTS('',3,(#2219,#2220,#2221,#2222),
 .UNSPECIFIED.,.F.,.F.,(4,4),(-2.85973234955827,-0.0500869087974487),
 .UNSPECIFIED.);
#449=B_SPLINE_CURVE_WITH_KNOTS('',3,(#2224,#2225,#2226,#2227),
 .UNSPECIFIED.,.F.,.F.,(4,4),(-0.747359253390961,0.),.UNSPECIFIED.);
#450=B_SPLINE_CURVE_WITH_KNOTS('',3,(#2228,#2229,#2230,#2231),
 .UNSPECIFIED.,.F.,.F.,(4,4),(-2.57937271877476,0.),.UNSPECIFIED.);
#451=B_SPLINE_CURVE_WITH_KNOTS('',3,(#2233,#2234,#2235,#2236),
 .UNSPECIFIED.,.F.,.F.,(4,4),(-2.46770188335812,-0.0500990289464913),
 .UNSPECIFIED.);
#452=B_SPLINE_CURVE_WITH_KNOTS('',3,(#2238,#2239,#2240,#2241),
 .UNSPECIFIED.,.F.,.F.,(4,4),(-0.766180732926923,0.),.UNSPECIFIED.);
#453=B_SPLINE_CURVE_WITH_KNOTS('',3,(#2242,#2243,#2244,#2245),
 .UNSPECIFIED.,.F.,.F.,(4,4),(-2.16216056727112,0.),.UNSPECIFIED.);
#454=B_SPLINE_CURVE_WITH_KNOTS('',3,(#2247,#2248,#2249,#2250),
 .UNSPECIFIED.,.F.,.F.,(4,4),(-0.550000000000002,-0.0499999999999993),
 .UNSPECIFIED.);
#455=B_SPLINE_CURVE_WITH_KNOTS('',3,(#2252,#2253,#2254,#2255,#2256,#2257),
 .UNSPECIFIED.,.F.,.F.,(4,2,4),(-2.78349603859031,-1.53185769674676,-0.792508136721702),
 .UNSPECIFIED.);
#456=B_SPLINE_CURVE_WITH_KNOTS('',3,(#2259,#2260,#2261,#2262),
 .UNSPECIFIED.,.F.,.F.,(4,4),(-0.801844356314203,0.),.UNSPECIFIED.);
#457=B_SPLINE_CURVE_WITH_KNOTS('',3,(#2265,#2266,#2267,#2268),
 .UNSPECIFIED.,.F.,.F.,(4,4),(0.732492289609042,1.),.UNSPECIFIED.);
#458=B_SPLINE_CURVE_WITH_KNOTS('',3,(#2309,#2310,#2311,#2312,#2313,#2314),
 .UNSPECIFIED.,.F.,.F.,(4,2,4),(-3.47459544902245,-1.73729772451123,0.),
 .UNSPECIFIED.);
#459=B_SPLINE_CURVE_WITH_KNOTS('',3,(#2315,#2316,#2317,#2318),
 .UNSPECIFIED.,.F.,.F.,(4,4),(0.732492289609042,1.),.UNSPECIFIED.);
#460=B_SPLINE_CURVE_WITH_KNOTS('',3,(#2320,#2321,#2322,#2323,#2324,#2325,
#2326,#2327),.UNSPECIFIED.,.F.,.F.,(4,2,2,4),(-0.97644491271478,-0.514055424765506,
-0.227706719799235,0.),.UNSPECIFIED.);
#461=B_SPLINE_CURVE_WITH_KNOTS('',3,(#2329,#2330,#2331,#2332),
 .UNSPECIFIED.,.F.,.F.,(4,4),(-1.23909940761056,-0.210912906541372),
 .UNSPECIFIED.);
#462=B_SPLINE_CURVE_WITH_KNOTS('',3,(#2333,#2334,#2335,#2336),
 .UNSPECIFIED.,.F.,.F.,(4,4),(0.732492289609042,0.987343559202483),
 .UNSPECIFIED.);
#463=B_SPLINE_CURVE_WITH_KNOTS('',3,(#2354,#2355,#2356,#2357),
 .UNSPECIFIED.,.F.,.F.,(4,4),(-1.04680264620818,-0.745640166610068),
 .UNSPECIFIED.);
#464=B_SPLINE_CURVE_WITH_KNOTS('',3,(#2359,#2360,#2361,#2362,#2363,#2364),
 .UNSPECIFIED.,.F.,.F.,(4,2,4),(-0.987510733943511,-0.532016591204079,0.),
 .UNSPECIFIED.);
#465=B_SPLINE_CURVE_WITH_KNOTS('',3,(#2366,#2367,#2368,#2369),
 .UNSPECIFIED.,.F.,.F.,(4,4),(0.937539086372965,0.964700764312602),
 .UNSPECIFIED.);
#466=B_SPLINE_CURVE_WITH_KNOTS('',3,(#2371,#2372,#2373,#2374),
 .UNSPECIFIED.,.F.,.F.,(4,4),(-0.0847604433535958,-0.0707106781186547),
 .UNSPECIFIED.);
#467=B_SPLINE_CURVE_WITH_KNOTS('',3,(#2375,#2376,#2377,#2378,#2379,#2380,
#2381,#2382),.UNSPECIFIED.,.F.,.F.,(4,2,2,4),(-27.6244489065179,-26.6333336443782,
-25.2967736329505,-24.5701875865912),.UNSPECIFIED.);
#468=B_SPLINE_CURVE_WITH_KNOTS('',3,(#2400,#2401,#2402,#2403),
 .UNSPECIFIED.,.F.,.F.,(4,4),(-1.09234763007024,0.),.UNSPECIFIED.);
#469=B_SPLINE_CURVE_WITH_KNOTS('',3,(#2404,#2405,#2406,#2407),
 .UNSPECIFIED.,.F.,.F.,(4,4),(-0.359043805038069,0.),.UNSPECIFIED.);
#470=B_SPLINE_CURVE_WITH_KNOTS('',3,(#2413,#2414,#2415,#2416),
 .UNSPECIFIED.,.F.,.F.,(4,4),(-1.86897848930977,-1.5099346842717),
 .UNSPECIFIED.);
#471=B_SPLINE_CURVE_WITH_KNOTS('',3,(#2418,#2419,#2420,#2421),
 .UNSPECIFIED.,.F.,.F.,(4,4),(-0.0140497652349405,0.),.UNSPECIFIED.);
#472=B_SPLINE_CURVE_WITH_KNOTS('',3,(#2471,#2472,#2473,#2474),
 .UNSPECIFIED.,.F.,.F.,(4,4),(-2.46770188335816,-0.0500990289464904),
 .UNSPECIFIED.);
#473=B_SPLINE_CURVE_WITH_KNOTS('',3,(#2486,#2487,#2488,#2489),
 .UNSPECIFIED.,.F.,.F.,(4,4),(-0.766180732926974,0.),.UNSPECIFIED.);
#474=B_SPLINE_CURVE_WITH_KNOTS('',3,(#2493,#2494,#2495,#2496),
 .UNSPECIFIED.,.F.,.F.,(4,4),(-2.16216056727109,0.),.UNSPECIFIED.);
#475=B_SPLINE_CURVE_WITH_KNOTS('',3,(#2500,#2501,#2502,#2503),
 .UNSPECIFIED.,.F.,.F.,(4,4),(-2.21226740209888,-0.0501068364693165),
 .UNSPECIFIED.);
#476=B_SPLINE_CURVE_WITH_KNOTS('',3,(#2507,#2508,#2509,#2510),
 .UNSPECIFIED.,.F.,.F.,(4,4),(-2.41760285694637,0.),.UNSPECIFIED.);
#477=B_SPLINE_CURVE_WITH_KNOTS('',3,(#2520,#2521,#2522,#2523),
 .UNSPECIFIED.,.F.,.F.,(4,4),(-0.766180740753047,0.),.UNSPECIFIED.);
#478=B_SPLINE_CURVE_WITH_KNOTS('',3,(#2527,#2528,#2529,#2530),
 .UNSPECIFIED.,.F.,.F.,(4,4),(-2.85973234955977,-0.05008690879745),
 .UNSPECIFIED.);
#479=B_SPLINE_CURVE_WITH_KNOTS('',3,(#2542,#2543,#2544,#2545),
 .UNSPECIFIED.,.F.,.F.,(4,4),(-0.747359253391425,0.),.UNSPECIFIED.);
#480=B_SPLINE_CURVE_WITH_KNOTS('',3,(#2549,#2550,#2551,#2552),
 .UNSPECIFIED.,.F.,.F.,(4,4),(-2.57937271877427,0.),.UNSPECIFIED.);
#481=B_SPLINE_CURVE_WITH_KNOTS('',3,(#2556,#2557,#2558,#2559),
 .UNSPECIFIED.,.F.,.F.,(4,4),(-2.6294667655416,-0.0500940503365102),
 .UNSPECIFIED.);
#482=B_SPLINE_CURVE_WITH_KNOTS('',3,(#2563,#2564,#2565,#2566),
 .UNSPECIFIED.,.F.,.F.,(4,4),(-2.80964544578434,0.),.UNSPECIFIED.);
#483=B_SPLINE_CURVE_WITH_KNOTS('',3,(#2576,#2577,#2578,#2579),
 .UNSPECIFIED.,.F.,.F.,(4,4),(-0.747359259635995,0.),.UNSPECIFIED.);
#484=B_SPLINE_CURVE_WITH_KNOTS('',3,(#2583,#2584,#2585,#2586),
 .UNSPECIFIED.,.F.,.F.,(4,4),(-3.21175816454052,-0.0500758385664177),
 .UNSPECIFIED.);
#485=B_SPLINE_CURVE_WITH_KNOTS('',3,(#2598,#2599,#2600,#2601),
 .UNSPECIFIED.,.F.,.F.,(4,4),(-0.730014014562824,0.),.UNSPECIFIED.);
#486=B_SPLINE_CURVE_WITH_KNOTS('',3,(#2605,#2606,#2607,#2608),
 .UNSPECIFIED.,.F.,.F.,(4,4),(-2.95513095590701,0.),.UNSPECIFIED.);
#487=B_SPLINE_CURVE_WITH_KNOTS('',3,(#2612,#2613,#2614,#2615),
 .UNSPECIFIED.,.F.,.F.,(4,4),(-3.00521330842879,-0.0500823586700472),
 .UNSPECIFIED.);
#488=B_SPLINE_CURVE_WITH_KNOTS('',3,(#2619,#2620,#2621,#2622),
 .UNSPECIFIED.,.F.,.F.,(4,4),(-3.16168233403556,0.),.UNSPECIFIED.);
#489=B_SPLINE_CURVE_WITH_KNOTS('',3,(#2632,#2633,#2634,#2635),
 .UNSPECIFIED.,.F.,.F.,(4,4),(-0.730014019482584,0.),.UNSPECIFIED.);
#490=B_SPLINE_CURVE_WITH_KNOTS('',3,(#2739,#2740,#2741,#2742,#2743,#2744,
#2745,#2746,#2747,#2748,#2749,#2750,#2751,#2752,#2753,#2754,#2755,#2756,
#2757,#2758,#2759,#2760,#2761,#2762,#2763,#2764,#2765,#2766,#2767,#2768,
#2769,#2770,#2771,#2772,#2773,#2774,#2775,#2776,#2777,#2778,#2779,#2780,
#2781,#2782,#2783,#2784,#2785,#2786,#2787),.UNSPECIFIED.,.F.,.F.,(4,3,3,
3,3,3,3,3,3,3,3,3,3,3,3,3,4),(-0.442841422195214,-0.412221357158861,-0.38142222643692,
-0.350956711785431,-0.336321594335853,-0.305734337869757,-0.275686954179401,
-0.252214240996147,-0.230543133284731,-0.200290633396105,-0.16968203512387,
-0.139116979534047,-0.11580696755563,-0.0851652846756719,-0.0545517678006025,
-0.024571058847086,0.),.UNSPECIFIED.);
#491=B_SPLINE_CURVE_WITH_KNOTS('',3,(#2789,#2790,#2791,#2792,#2793,#2794,
#2795,#2796,#2797,#2798,#2799,#2800,#2801,#2802,#2803),.UNSPECIFIED.,.F.,
 .F.,(4,1,1,1,1,1,1,1,1,1,1,1,4),(9.15696709389277,9.50823492054085,9.85950274718893,
10.5620384004851,10.9133062271332,11.2645740537812,11.6158418804293,11.9671097070774,
12.3183775337255,12.6696453603736,13.0209131870216,13.3721810136697,14.0747166669659),
 .UNSPECIFIED.);
#492=B_SPLINE_CURVE_WITH_KNOTS('',3,(#2852,#2853,#2854,#2855,#2856,#2857,
#2858,#2859,#2860),.UNSPECIFIED.,.F.,.F.,(4,1,1,1,1,1,4),(0.,0.273971743134192,
0.821915229402576,1.09588697253677,1.36985871567096,1.64383045880515,1.91780220193934),
 .UNSPECIFIED.);
#493=B_SPLINE_CURVE_WITH_KNOTS('',3,(#2982,#2983,#2984,#2985,#2986,#2987,
#2988,#2989,#2990,#2991,#2992,#2993,#2994,#2995,#2996,#2997,#2998,#2999,
#3000,#3001,#3002,#3003,#3004,#3005,#3006,#3007,#3008,#3009,#3010,#3011,
#3012,#3013,#3014,#3015,#3016,#3017,#3018,#3019,#3020,#3021,#3022,#3023,
#3024,#3025,#3026,#3027,#3028,#3029,#3030,#3031,#3032,#3033),
 .UNSPECIFIED.,.F.,.F.,(4,3,3,3,3,3,3,3,3,3,3,3,3,3,3,3,3,4),(-0.440380495076168,
-0.410115031753357,-0.379493766586415,-0.348869360012663,-0.337187576420889,
-0.306559714100266,-0.275903734441816,-0.245743328042113,-0.234466236143656,
-0.203842162996677,-0.189339713080397,-0.159195073570342,-0.128653054674195,
-0.11887596209396,-0.0885744144588016,-0.0579171065858325,-0.0273488549519905,
0.),.UNSPECIFIED.);
#494=B_SPLINE_CURVE_WITH_KNOTS('',3,(#3034,#3035,#3036,#3037,#3038,#3039,
#3040,#3041,#3042,#3043,#3044,#3045,#3046,#3047,#3048,#3049,#3050,#3051,
#3052,#3053,#3054,#3055,#3056,#3057),.UNSPECIFIED.,.F.,.F.,(4,1,1,1,1,1,
1,1,1,1,1,1,1,1,1,1,1,1,1,1,1,4),(0.,0.381213332826187,0.57181999923928,
0.667123332445827,0.762426665652374,0.953033332065467,1.14363999847856,
1.19129166508183,1.23894333168511,1.33424666489165,1.52485333130475,1.71545999771784,
1.90606666413093,2.09667333054403,2.28727999695712,2.66849332978331,3.0497066626095,
3.24031332902259,3.81213332826187,4.19334666108806,4.57455999391424,5.33698665956662),
 .UNSPECIFIED.);
#495=B_SPLINE_CURVE_WITH_KNOTS('',3,(#3060,#3061,#3062,#3063),
 .UNSPECIFIED.,.F.,.F.,(4,4),(0.,2.57795030183883),.UNSPECIFIED.);
#496=B_SPLINE_CURVE_WITH_KNOTS('',3,(#3156,#3157,#3158,#3159,#3160,#3161,
#3162),.UNSPECIFIED.,.F.,.F.,(4,3,4),(-2.87479505054133,-1.83582069749386,
-1.44348310389477),.UNSPECIFIED.);
#497=B_SPLINE_CURVE_WITH_KNOTS('',3,(#3163,#3164,#3165,#3166,#3167,#3168,
#3169,#3170,#3171,#3172,#3173,#3174,#3175,#3176,#3177,#3178,#3179,#3180,
#3181,#3182,#3183,#3184,#3185,#3186,#3187,#3188,#3189,#3190,#3191,#3192,
#3193,#3194,#3195,#3196,#3197,#3198,#3199,#3200,#3201,#3202,#3203,#3204,
#3205,#3206,#3207,#3208,#3209,#3210,#3211,#3212,#3213,#3214,#3215,#3216,
#3217,#3218,#3219,#3220),.UNSPECIFIED.,.F.,.F.,(4,3,3,3,3,3,3,3,3,3,3,3,
3,3,3,3,3,3,3,4),(-15.440094536577,-15.0152900347265,-14.9090889092638,
-14.8028877838012,-14.6966866583386,-14.5904855328759,-14.5373849701446,
-14.4842844074133,-14.3780832819506,-14.1656810310254,-13.9532787801001,
-13.7408765291748,-12.8912675254737,-12.0416585217726,-11.8292562708473,
-11.616854019922,-11.1920495180715,-10.9796472671462,-10.3424405143704,
-9.51689570845516),.UNSPECIFIED.);
#498=B_SPLINE_CURVE_WITH_KNOTS('',3,(#3260,#3261,#3262,#3263,#3264,#3265,
#3266),.UNSPECIFIED.,.F.,.F.,(4,1,1,1,4),(-1.9178065063909,-1.64383414833506,
-1.09588943222337,-0.547944716111685,0.),.UNSPECIFIED.);
#499=B_SPLINE_CURVE_WITH_KNOTS('',3,(#3269,#3270,#3271,#3272,#3273,#3274,
#3275),.UNSPECIFIED.,.F.,.F.,(4,1,1,1,4),(0.,0.547944716111685,1.09588943222337,
1.64383414833506,1.9178065063909),.UNSPECIFIED.);
#500=B_SPLINE_CURVE_WITH_KNOTS('',3,(#3281,#3282,#3283,#3284),
 .UNSPECIFIED.,.F.,.F.,(4,4),(0.,2.57795030183883),.UNSPECIFIED.);
#501=B_SPLINE_CURVE_WITH_KNOTS('',3,(#3430,#3431,#3432,#3433),
 .UNSPECIFIED.,.F.,.F.,(4,4),(-1.43401999352903,0.),.UNSPECIFIED.);
#502=B_SPLINE_CURVE_WITH_KNOTS('',3,(#3434,#3435,#3436,#3437,#3438,#3439,
#3440,#3441,#3442,#3443,#3444,#3445,#3446,#3447,#3448,#3449,#3450,#3451,
#3452,#3453,#3454,#3455,#3456,#3457,#3458,#3459,#3460,#3461,#3462,#3463,
#3464,#3465,#3466,#3467,#3468,#3469,#3470,#3471,#3472,#3473,#3474,#3475,
#3476,#3477,#3478,#3479,#3480,#3481,#3482,#3483,#3484,#3485,#3486,#3487,
#3488,#3489,#3490,#3491,#3492,#3493,#3494,#3495,#3496,#3497,#3498,#3499,
#3500,#3501,#3502,#3503,#3504,#3505,#3506,#3507,#3508,#3509,#3510,#3511,
#3512,#3513,#3514,#3515,#3516,#3517,#3518,#3519,#3520,#3521,#3522,#3523,
#3524,#3525,#3526,#3527,#3528,#3529,#3530,#3531,#3532,#3533),
 .UNSPECIFIED.,.F.,.F.,(4,3,3,3,3,3,3,3,3,3,3,3,3,3,3,3,3,3,3,3,3,3,3,3,
3,3,3,3,3,3,3,3,3,4),(-2.3590832430044,-2.27851998383813,-2.19413035480708,
-2.15193554029156,-2.1308381330338,-2.10974072577604,-2.025351096745,-1.85657183868292,
-1.68779258062083,-1.51901332255875,-1.43462369352771,-1.35023406449667,
-1.30803924998115,-1.26584443546563,-1.18145480643458,-1.13925999191906,
-1.09706517740354,-1.0126755483725,-0.928285919341459,-0.886091104825938,
-0.843896290310417,-0.675117032248334,-0.632922217732813,-0.590727403217292,
-0.50633777418625,-0.464142959670729,-0.421948145155208,-0.337558516124167,
-0.295363701608646,-0.253168887093125,-0.168779258062083,-0.0843896290310417,
-0.0421948145155208,0.),.UNSPECIFIED.);
#503=B_SPLINE_CURVE_WITH_KNOTS('',3,(#3552,#3553,#3554,#3555,#3556,#3557),
 .UNSPECIFIED.,.F.,.F.,(4,2,4),(-0.663138119728817,-0.331569059864408,0.),
 .UNSPECIFIED.);
#504=B_SPLINE_CURVE_WITH_KNOTS('',3,(#3575,#3576,#3577,#3578),
 .UNSPECIFIED.,.F.,.F.,(4,4),(-0.301162479569882,0.),.UNSPECIFIED.);
#505=B_SPLINE_CURVE_WITH_KNOTS('',3,(#3579,#3580,#3581,#3582,#3583,#3584),
 .UNSPECIFIED.,.F.,.F.,(4,2,4),(-8.74135942911019,-4.30369394701476,-0.0538272958705282),
 .UNSPECIFIED.);
#506=B_SPLINE_CURVE_WITH_KNOTS('',3,(#3586,#3587,#3588,#3589),
 .UNSPECIFIED.,.F.,.F.,(4,4),(0.937539086372965,0.964700764312602),
 .UNSPECIFIED.);
#507=B_SPLINE_CURVE_WITH_KNOTS('',3,(#3590,#3591,#3592,#3593,#3594,#3595),
 .UNSPECIFIED.,.F.,.F.,(4,2,4),(-0.987510731245578,-0.454976570735969,0.),
 .UNSPECIFIED.);
#508=B_SPLINE_CURVE_WITH_KNOTS('',3,(#3612,#3613,#3614,#3615),
 .UNSPECIFIED.,.F.,.F.,(4,4),(-1.09234763081839,0.),.UNSPECIFIED.);
#509=B_SPLINE_CURVE_WITH_KNOTS('',3,(#3668,#3669,#3670,#3671),
 .UNSPECIFIED.,.F.,.F.,(4,4),(-1.16577672731737,0.),.UNSPECIFIED.);
#510=B_SPLINE_CURVE_WITH_KNOTS('',3,(#3672,#3673,#3674,#3675,#3676,#3677,
#3678,#3679,#3680,#3681,#3682,#3683,#3684,#3685,#3686,#3687,#3688,#3689,
#3690,#3691,#3692,#3693,#3694,#3695,#3696),.UNSPECIFIED.,.F.,.F.,(4,1,1,
1,1,1,1,1,1,1,1,1,1,1,1,1,1,1,1,1,1,1,4),(-14.7421479077781,-14.3609345749484,
-14.265631241741,-14.1703279085336,-14.0750245753262,-14.0273729087225,
-13.9797212421188,-13.7891145757039,-13.5985079092891,-13.5508562426854,
-13.5032045760817,-13.4079012428743,-13.2172945764595,-13.0266879100446,
-12.8360812436298,-12.645474577215,-12.4548679108001,-11.6924412451408,
-11.501834578726,-10.9300145794815,-10.5488012466518,-10.1675879138221,
-9.41595901812887),.UNSPECIFIED.);
#511=B_SPLINE_CURVE_WITH_KNOTS('',3,(#3698,#3699,#3700,#3701,#3702,#3703,
#3704,#3705,#3706,#3707,#3708,#3709,#3710,#3711,#3712,#3713),
 .UNSPECIFIED.,.F.,.F.,(4,1,1,1,1,1,1,1,1,1,1,1,1,4),(-4.89241212696852,
-4.56588642784004,-4.21466439492927,-3.51222032910772,-3.16099829619695,
-2.80977626328618,-2.4585542303754,-2.10733219746463,-1.75611016455386,
-1.40488813164309,-1.05366609873232,-0.702444065821544,-0.351222032910772,
0.),.UNSPECIFIED.);
#512=B_SPLINE_CURVE_WITH_KNOTS('',3,(#3714,#3715,#3716,#3717),
 .UNSPECIFIED.,.F.,.F.,(4,4),(-4.0544944363448,-3.64795574827728),
 .UNSPECIFIED.);
#513=B_SPLINE_CURVE_WITH_KNOTS('',3,(#3718,#3719,#3720,#3721),
 .UNSPECIFIED.,.F.,.F.,(4,4),(0.732492289609042,1.),.UNSPECIFIED.);
#514=B_SPLINE_CURVE_WITH_KNOTS('',3,(#3803,#3804,#3805,#3806,#3807,#3808,
#3809,#3810,#3811,#3812,#3813,#3814,#3815,#3816,#3817,#3818,#3819,#3820,
#3821,#3822,#3823,#3824,#3825,#3826,#3827,#3828,#3829,#3830,#3831,#3832,
#3833,#3834,#3835,#3836,#3837,#3838,#3839,#3840,#3841,#3842,#3843,#3844,
#3845,#3846,#3847,#3848,#3849,#3850,#3851,#3852,#3853,#3854),
 .UNSPECIFIED.,.F.,.F.,(4,3,3,3,3,3,3,3,3,3,3,3,3,3,3,3,3,4),(-0.443052987406362,
-0.413003098791233,-0.382519983079606,-0.3518857651456,-0.339913014088504,
-0.309347302675808,-0.278658629103361,-0.248345221456725,-0.236922375462856,
-0.206253208384379,-0.190832630113858,-0.160687667537172,-0.130099639196854,
-0.119916103219454,-0.0894670573797822,-0.0586961915498804,-0.0280857022261832,
0.),.UNSPECIFIED.);
#515=B_SPLINE_CURVE_WITH_KNOTS('',3,(#3855,#3856,#3857,#3858,#3859,#3860,
#3861,#3862,#3863,#3864,#3865,#3866,#3867,#3868,#3869,#3870),
 .UNSPECIFIED.,.F.,.F.,(4,1,1,1,1,1,1,1,1,1,1,1,1,4),(0.,0.351222032910772,
0.702444065821544,1.05366609873232,1.40488813164309,1.75611016455386,2.10733219746463,
2.4585542303754,2.80977626328618,3.16099829619695,3.51222032910772,4.21466439492927,
4.56588642784004,4.91710846075081),.UNSPECIFIED.);
#516=B_SPLINE_CURVE_WITH_KNOTS('',3,(#3960,#3961,#3962,#3963,#3964,#3965,
#3966),.UNSPECIFIED.,.F.,.F.,(4,3,4),(-1.43131194664828,-0.392337592895492,
0.),.UNSPECIFIED.);
#517=B_SPLINE_CURVE_WITH_KNOTS('',3,(#3967,#3968,#3969,#3970,#3971,#3972,
#3973,#3974,#3975,#3976,#3977,#3978,#3979,#3980,#3981,#3982,#3983,#3984,
#3985,#3986,#3987,#3988,#3989,#3990,#3991,#3992,#3993,#3994,#3995,#3996,
#3997,#3998,#3999,#4000,#4001,#4002,#4003,#4004,#4005,#4006,#4007,#4008,
#4009,#4010,#4011,#4012,#4013,#4014,#4015,#4016,#4017,#4018,#4019,#4020,
#4021,#4022,#4023,#4024),.UNSPECIFIED.,.F.,.F.,(4,3,3,3,3,3,3,3,3,3,3,3,
3,3,3,3,3,3,3,4),(-15.440094536577,-15.0152900347254,-14.9090889092625,
-14.8028877837996,-14.6966866583366,-14.5904855328737,-14.5373849701423,
-14.4842844074108,-14.3780832819479,-14.1656810310221,-13.9532787800963,
-13.7408765291705,-12.8912675254672,-12.0416585217639,-11.8292562708381,
-11.6168540199122,-11.1920495180606,-10.9796472671348,-10.3424405143573,
-9.51689570845516),.UNSPECIFIED.);
#518=B_SPLINE_CURVE_WITH_KNOTS('',3,(#4028,#4029,#4030,#4031,#4032,#4033,
#4034,#4035,#4036,#4037,#4038,#4039,#4040,#4041,#4042,#4043,#4044,#4045,
#4046,#4047,#4048,#4049,#4050,#4051,#4052,#4053,#4054,#4055,#4056,#4057,
#4058,#4059,#4060,#4061,#4062,#4063,#4064,#4065,#4066,#4067,#4068,#4069,
#4070,#4071,#4072,#4073,#4074,#4075,#4076,#4077,#4078,#4079,#4080,#4081,
#4082,#4083,#4084,#4085,#4086,#4087,#4088,#4089,#4090,#4091,#4092,#4093,
#4094,#4095,#4096,#4097,#4098,#4099,#4100,#4101,#4102,#4103,#4104,#4105,
#4106,#4107,#4108,#4109,#4110,#4111,#4112,#4113,#4114,#4115,#4116,#4117,
#4118,#4119,#4120,#4121,#4122,#4123,#4124,#4125,#4126,#4127,#4128,#4129,
#4130,#4131,#4132,#4133,#4134,#4135,#4136,#4137,#4138,#4139,#4140,#4141,
#4142,#4143,#4144,#4145,#4146,#4147,#4148,#4149,#4150,#4151,#4152,#4153,
#4154,#4155,#4156,#4157,#4158,#4159,#4160),.UNSPECIFIED.,.F.,.F.,(4,3,3,
3,3,3,3,3,3,3,3,3,3,3,3,3,3,3,3,3,3,3,3,3,3,3,3,3,3,3,3,3,3,3,3,3,3,3,3,
3,3,3,3,3,4),(-2.3590832430044,-2.27851998383812,-2.19413035480708,-2.15193554029156,
-2.1308381330338,-2.10974072577604,-2.025351096745,-1.85657183868292,-1.68779258062083,
-1.51901332255875,-1.43462369352771,-1.35023406449667,-1.30803924998115,
-1.26584443546562,-1.2236496209501,-1.20255221369234,-1.18145480643458,
-1.13925999191906,-1.09706517740354,-1.0126755483725,-0.928285919341458,
-0.886091104825937,-0.843896290310417,-0.759506661279375,-0.675117032248333,
-0.590727403217292,-0.580178699588411,-0.569629995959531,-0.548532588701771,
-0.52743518144401,-0.51688647781513,-0.50633777418625,-0.421948145155208,
-0.379753330639687,-0.358655923381927,-0.348107219753047,-0.337558516124167,
-0.295363701608646,-0.253168887093125,-0.168779258062083,-0.147681850804323,
-0.126584443546562,-0.0843896290310417,-0.0421948145155208,0.),
 .UNSPECIFIED.);
#519=B_SPLINE_CURVE_WITH_KNOTS('',3,(#4350,#4351,#4352,#4353),
 .UNSPECIFIED.,.F.,.F.,(4,4),(-2.93425423950583,-1.50023424594455),
 .UNSPECIFIED.);
#520=B_SPLINE_CURVE_WITH_KNOTS('',3,(#4354,#4355,#4356,#4357,#4358,#4359,
#4360,#4361,#4362,#4363,#4364,#4365,#4366,#4367,#4368,#4369,#4370,#4371,
#4372,#4373,#4374,#4375,#4376,#4377,#4378),.UNSPECIFIED.,.F.,.F.,(4,1,1,
1,1,1,1,1,1,1,1,1,1,1,1,1,1,1,1,1,1,1,4),(9.40516124816281,10.1675879138221,
10.5488012466518,10.9300145794815,11.501834578726,11.6924412451408,12.4548679108001,
12.645474577215,12.8360812436298,13.0266879100446,13.2172945764595,13.4079012428743,
13.5032045760817,13.5508562426854,13.5985079092891,13.7891145757039,13.9797212421188,
14.0273729087225,14.0750245753262,14.1703279085336,14.265631241741,14.3609345749484,
14.7421479077781),.UNSPECIFIED.);
#521=B_SPLINE_CURVE_WITH_KNOTS('',3,(#4504,#4505,#4506,#4507,#4508,#4509,
#4510,#4511,#4512,#4513,#4514,#4515,#4516,#4517,#4518,#4519,#4520,#4521,
#4522,#4523,#4524,#4525,#4526,#4527,#4528,#4529,#4530,#4531,#4532,#4533,
#4534,#4535,#4536,#4537,#4538,#4539,#4540,#4541,#4542,#4543,#4544,#4545,
#4546,#4547,#4548,#4549,#4550,#4551,#4552),.UNSPECIFIED.,.F.,.F.,(4,3,3,
3,3,3,3,3,3,3,3,3,3,3,3,3,4),(-0.440273085677576,-0.409682449034739,-0.378964728787265,
-0.348644561256336,-0.335387540967808,-0.304854681588121,-0.274836291656023,
-0.251102404522946,-0.231271140946543,-0.201139010021772,-0.170581756923303,
-0.139927892611211,-0.116806197513318,-0.0861819983114932,-0.0554804763262406,
-0.0252781115790862,0.),.UNSPECIFIED.);
#522=B_SPLINE_CURVE_WITH_KNOTS('',3,(#4570,#4571,#4572,#4573,#4574,#4575),
 .UNSPECIFIED.,.F.,.F.,(4,2,4),(-1.24303710705115,-0.621518553525575,0.),
 .UNSPECIFIED.);
#523=B_SPLINE_CURVE_WITH_KNOTS('',3,(#4576,#4577,#4578,#4579),
 .UNSPECIFIED.,.F.,.F.,(4,4),(0.732492289609042,1.),.UNSPECIFIED.);
#524=B_SPLINE_CURVE_WITH_KNOTS('',3,(#4597,#4598,#4599,#4600,#4601,#4602),
 .UNSPECIFIED.,.F.,.F.,(4,2,4),(-4.42217088292068,-2.21108544146034,0.),
 .UNSPECIFIED.);
#525=B_SPLINE_CURVE_WITH_KNOTS('',3,(#4603,#4604,#4605,#4606),
 .UNSPECIFIED.,.F.,.F.,(4,4),(0.912646826202845,1.),.UNSPECIFIED.);
#526=B_SPLINE_CURVE_WITH_KNOTS('',3,(#4607,#4608,#4609,#4610),
 .UNSPECIFIED.,.F.,.F.,(4,4),(0.887806701177515,0.897736515924438),
 .UNSPECIFIED.);
#527=B_SPLINE_CURVE_WITH_KNOTS('',3,(#4611,#4612,#4613,#4614),
 .UNSPECIFIED.,.F.,.F.,(4,4),(0.863018385082195,0.872927515184959),
 .UNSPECIFIED.);
#528=B_SPLINE_CURVE_WITH_KNOTS('',3,(#4615,#4616,#4617,#4618),
 .UNSPECIFIED.,.F.,.F.,(4,4),(0.732492289609042,0.848170129275929),
 .UNSPECIFIED.);
#529=B_SPLINE_CURVE_WITH_KNOTS('',3,(#4636,#4637,#4638,#4639,#4640,#4641),
 .UNSPECIFIED.,.F.,.F.,(4,2,4),(-4.42217088292068,-2.21108544146034,0.),
 .UNSPECIFIED.);
#530=B_SPLINE_CURVE_WITH_KNOTS('',3,(#4642,#4643,#4644,#4645),
 .UNSPECIFIED.,.F.,.F.,(4,4),(0.732492289609042,1.),.UNSPECIFIED.);
#531=B_SPLINE_CURVE_WITH_KNOTS('',3,(#4662,#4663,#4664,#4665,#4666,#4667),
 .UNSPECIFIED.,.F.,.F.,(4,2,4),(-1.24303710705115,-0.621518553525575,0.),
 .UNSPECIFIED.);
#532=VERTEX_POINT('',#1804);
#533=VERTEX_POINT('',#1805);
#534=VERTEX_POINT('',#1812);
#535=VERTEX_POINT('',#1817);
#536=VERTEX_POINT('',#1839);
#537=VERTEX_POINT('',#1846);
#538=VERTEX_POINT('',#1868);
#539=VERTEX_POINT('',#1875);
#540=VERTEX_POINT('',#1897);
#541=VERTEX_POINT('',#1904);
#542=VERTEX_POINT('',#1926);
#543=VERTEX_POINT('',#1927);
#544=VERTEX_POINT('',#1932);
#545=VERTEX_POINT('',#1938);
#546=VERTEX_POINT('',#1943);
#547=VERTEX_POINT('',#1959);
#548=VERTEX_POINT('',#2009);
#549=VERTEX_POINT('',#2010);
#550=VERTEX_POINT('',#2017);
#551=VERTEX_POINT('',#2022);
#552=VERTEX_POINT('',#2024);
#553=VERTEX_POINT('',#2029);
#554=VERTEX_POINT('',#2034);
#555=VERTEX_POINT('',#2039);
#556=VERTEX_POINT('',#2044);
#557=VERTEX_POINT('',#2049);
#558=VERTEX_POINT('',#2054);
#559=VERTEX_POINT('',#2059);
#560=VERTEX_POINT('',#2064);
#561=VERTEX_POINT('',#2069);
#562=VERTEX_POINT('',#2074);
#563=VERTEX_POINT('',#2079);
#564=VERTEX_POINT('',#2084);
#565=VERTEX_POINT('',#2089);
#566=VERTEX_POINT('',#2097);
#567=VERTEX_POINT('',#2122);
#568=VERTEX_POINT('',#2129);
#569=VERTEX_POINT('',#2151);
#570=VERTEX_POINT('',#2158);
#571=VERTEX_POINT('',#2163);
#572=VERTEX_POINT('',#2168);
#573=VERTEX_POINT('',#2194);
#574=VERTEX_POINT('',#2201);
#575=VERTEX_POINT('',#2206);
#576=VERTEX_POINT('',#2218);
#577=VERTEX_POINT('',#2223);
#578=VERTEX_POINT('',#2232);
#579=VERTEX_POINT('',#2237);
#580=VERTEX_POINT('',#2246);
#581=VERTEX_POINT('',#2251);
#582=VERTEX_POINT('',#2258);
#583=VERTEX_POINT('',#2263);
#584=VERTEX_POINT('',#2270);
#585=VERTEX_POINT('',#2272);
#586=VERTEX_POINT('',#2278);
#587=VERTEX_POINT('',#2279);
#588=VERTEX_POINT('',#2281);
#589=VERTEX_POINT('',#2285);
#590=VERTEX_POINT('',#2286);
#591=VERTEX_POINT('',#2288);
#592=VERTEX_POINT('',#2307);
#593=VERTEX_POINT('',#2308);
#594=VERTEX_POINT('',#2319);
#595=VERTEX_POINT('',#2328);
#596=VERTEX_POINT('',#2353);
#597=VERTEX_POINT('',#2358);
#598=VERTEX_POINT('',#2365);
#599=VERTEX_POINT('',#2370);
#600=VERTEX_POINT('',#2399);
#601=VERTEX_POINT('',#2409);
#602=VERTEX_POINT('',#2410);
#603=VERTEX_POINT('',#2412);
#604=VERTEX_POINT('',#2417);
#605=VERTEX_POINT('',#2424);
#606=VERTEX_POINT('',#2428);
#607=VERTEX_POINT('',#2430);
#608=VERTEX_POINT('',#2434);
#609=VERTEX_POINT('',#2436);
#610=VERTEX_POINT('',#2440);
#611=VERTEX_POINT('',#2441);
#612=VERTEX_POINT('',#2446);
#613=VERTEX_POINT('',#2449);
#614=VERTEX_POINT('',#2451);
#615=VERTEX_POINT('',#2453);
#616=VERTEX_POINT('',#2455);
#617=VERTEX_POINT('',#2457);
#618=VERTEX_POINT('',#2459);
#619=VERTEX_POINT('',#2461);
#620=VERTEX_POINT('',#2463);
#621=VERTEX_POINT('',#2465);
#622=VERTEX_POINT('',#2469);
#623=VERTEX_POINT('',#2470);
#624=VERTEX_POINT('',#2485);
#625=VERTEX_POINT('',#2492);
#626=VERTEX_POINT('',#2499);
#627=VERTEX_POINT('',#2506);
#628=VERTEX_POINT('',#2525);
#629=VERTEX_POINT('',#2526);
#630=VERTEX_POINT('',#2541);
#631=VERTEX_POINT('',#2548);
#632=VERTEX_POINT('',#2555);
#633=VERTEX_POINT('',#2562);
#634=VERTEX_POINT('',#2581);
#635=VERTEX_POINT('',#2582);
#636=VERTEX_POINT('',#2597);
#637=VERTEX_POINT('',#2604);
#638=VERTEX_POINT('',#2611);
#639=VERTEX_POINT('',#2618);
#640=VERTEX_POINT('',#2642);
#641=VERTEX_POINT('',#2646);
#642=VERTEX_POINT('',#2651);
#643=VERTEX_POINT('',#2653);
#644=VERTEX_POINT('',#2738);
#645=VERTEX_POINT('',#2788);
#646=VERTEX_POINT('',#2850);
#647=VERTEX_POINT('',#2981);
#648=VERTEX_POINT('',#3059);
#649=VERTEX_POINT('',#3064);
#650=VERTEX_POINT('',#3155);
#651=VERTEX_POINT('',#3256);
#652=VERTEX_POINT('',#3257);
#653=VERTEX_POINT('',#3259);
#654=VERTEX_POINT('',#3267);
#655=VERTEX_POINT('',#3277);
#656=VERTEX_POINT('',#3279);
#657=VERTEX_POINT('',#3429);
#658=VERTEX_POINT('',#3574);
#659=VERTEX_POINT('',#3585);
#660=VERTEX_POINT('',#3617);
#661=VERTEX_POINT('',#3621);
#662=VERTEX_POINT('',#3625);
#663=VERTEX_POINT('',#3629);
#664=VERTEX_POINT('',#3633);
#665=VERTEX_POINT('',#3637);
#666=VERTEX_POINT('',#3641);
#667=VERTEX_POINT('',#3645);
#668=VERTEX_POINT('',#3666);
#669=VERTEX_POINT('',#3667);
#670=VERTEX_POINT('',#3697);
#671=VERTEX_POINT('',#3802);
#672=VERTEX_POINT('',#3959);
#673=VERTEX_POINT('',#4026);
#674=VERTEX_POINT('',#4349);
#675=VERTEX_POINT('',#4569);
#676=VERTEX_POINT('',#4596);
#677=VERTEX_POINT('',#4635);
#678=EDGE_CURVE('',#532,#533,#405,.T.);
#679=EDGE_CURVE('',#532,#534,#406,.T.);
#680=EDGE_CURVE('',#534,#535,#245,.T.);
#681=EDGE_CURVE('',#533,#535,#407,.T.);
#682=EDGE_CURVE('',#536,#532,#408,.T.);
#683=EDGE_CURVE('',#536,#537,#409,.T.);
#684=EDGE_CURVE('',#537,#534,#246,.T.);
#685=EDGE_CURVE('',#538,#536,#410,.T.);
#686=EDGE_CURVE('',#538,#539,#411,.T.);
#687=EDGE_CURVE('',#537,#539,#247,.T.);
#688=EDGE_CURVE('',#540,#538,#412,.T.);
#689=EDGE_CURVE('',#540,#541,#413,.T.);
#690=EDGE_CURVE('',#539,#541,#248,.T.);
#691=EDGE_CURVE('',#542,#543,#414,.T.);
#692=EDGE_CURVE('',#542,#544,#415,.T.);
#693=EDGE_CURVE('',#541,#544,#249,.T.);
#694=EDGE_CURVE('',#545,#540,#416,.T.);
#695=EDGE_CURVE('',#546,#545,#417,.T.);
#696=EDGE_CURVE('',#547,#546,#418,.T.);
#697=EDGE_CURVE('',#543,#547,#419,.T.);
#698=EDGE_CURVE('',#548,#549,#420,.T.);
#699=EDGE_CURVE('',#548,#550,#421,.T.);
#700=EDGE_CURVE('',#551,#550,#250,.T.);
#701=EDGE_CURVE('',#551,#552,#422,.T.);
#702=EDGE_CURVE('',#552,#553,#423,.T.);
#703=EDGE_CURVE('',#553,#554,#424,.T.);
#704=EDGE_CURVE('',#555,#554,#425,.T.);
#705=EDGE_CURVE('',#555,#556,#426,.T.);
#706=EDGE_CURVE('',#556,#557,#427,.T.);
#707=EDGE_CURVE('',#557,#558,#428,.T.);
#708=EDGE_CURVE('',#559,#558,#429,.T.);
#709=EDGE_CURVE('',#559,#560,#430,.T.);
#710=EDGE_CURVE('',#560,#561,#431,.T.);
#711=EDGE_CURVE('',#561,#562,#432,.T.);
#712=EDGE_CURVE('',#563,#562,#433,.T.);
#713=EDGE_CURVE('',#563,#564,#434,.T.);
#714=EDGE_CURVE('',#564,#565,#435,.T.);
#715=EDGE_CURVE('',#565,#566,#436,.T.);
#716=EDGE_CURVE('',#549,#566,#437,.T.);
#717=EDGE_CURVE('',#567,#548,#438,.T.);
#718=EDGE_CURVE('',#567,#568,#439,.T.);
#719=EDGE_CURVE('',#550,#568,#251,.T.);
#720=EDGE_CURVE('',#569,#567,#440,.T.);
#721=EDGE_CURVE('',#569,#570,#441,.T.);
#722=EDGE_CURVE('',#570,#571,#442,.T.);
#723=EDGE_CURVE('',#571,#572,#443,.T.);
#724=EDGE_CURVE('',#568,#572,#252,.T.);
#725=EDGE_CURVE('',#549,#573,#444,.T.);
#726=EDGE_CURVE('',#566,#574,#445,.T.);
#727=EDGE_CURVE('',#574,#575,#446,.T.);
#728=EDGE_CURVE('',#575,#563,#447,.T.);
#729=EDGE_CURVE('',#562,#576,#448,.T.);
#730=EDGE_CURVE('',#576,#577,#449,.T.);
#731=EDGE_CURVE('',#577,#559,#450,.T.);
#732=EDGE_CURVE('',#558,#578,#451,.T.);
#733=EDGE_CURVE('',#578,#579,#452,.T.);
#734=EDGE_CURVE('',#579,#555,#453,.T.);
#735=EDGE_CURVE('',#554,#580,#454,.T.);
#736=EDGE_CURVE('',#580,#581,#455,.T.);
#737=EDGE_CURVE('',#581,#582,#456,.T.);
#738=EDGE_CURVE('',#582,#583,#253,.T.);
#739=EDGE_CURVE('',#573,#583,#457,.T.);
#740=EDGE_CURVE('',#582,#584,#37,.T.);
#741=EDGE_CURVE('',#585,#584,#254,.T.);
#742=EDGE_CURVE('',#583,#585,#255,.T.);
#743=EDGE_CURVE('',#572,#551,#38,.T.);
#744=EDGE_CURVE('',#586,#587,#256,.T.);
#745=EDGE_CURVE('',#588,#587,#39,.T.);
#746=EDGE_CURVE('',#588,#586,#257,.T.);
#747=EDGE_CURVE('',#589,#590,#258,.T.);
#748=EDGE_CURVE('',#590,#591,#259,.T.);
#749=EDGE_CURVE('',#589,#591,#40,.T.);
#750=EDGE_CURVE('',#592,#593,#458,.T.);
#751=EDGE_CURVE('',#592,#585,#459,.T.);
#752=EDGE_CURVE('',#584,#594,#460,.T.);
#753=EDGE_CURVE('',#594,#595,#461,.T.);
#754=EDGE_CURVE('',#593,#595,#462,.T.);
#755=EDGE_CURVE('',#593,#596,#463,.T.);
#756=EDGE_CURVE('',#595,#597,#464,.T.);
#757=EDGE_CURVE('',#598,#597,#465,.T.);
#758=EDGE_CURVE('',#598,#599,#466,.T.);
#759=EDGE_CURVE('',#599,#596,#467,.T.);
#760=EDGE_CURVE('',#597,#600,#468,.T.);
#761=EDGE_CURVE('',#600,#598,#469,.T.);
#762=EDGE_CURVE('',#601,#602,#260,.T.);
#763=EDGE_CURVE('',#603,#602,#470,.T.);
#764=EDGE_CURVE('',#604,#603,#471,.T.);
#765=EDGE_CURVE('',#604,#601,#261,.T.);
#766=EDGE_CURVE('',#600,#605,#262,.T.);
#767=EDGE_CURVE('',#605,#599,#263,.T.);
#768=EDGE_CURVE('',#591,#606,#264,.T.);
#769=EDGE_CURVE('',#607,#590,#265,.T.);
#770=EDGE_CURVE('',#606,#607,#266,.T.);
#771=EDGE_CURVE('',#608,#588,#267,.T.);
#772=EDGE_CURVE('',#609,#608,#268,.T.);
#773=EDGE_CURVE('',#609,#586,#269,.T.);
#774=EDGE_CURVE('',#610,#611,#270,.T.);
#775=EDGE_CURVE('',#610,#580,#271,.T.);
#776=EDGE_CURVE('',#611,#553,#272,.T.);
#777=EDGE_CURVE('',#612,#609,#273,.T.);
#778=EDGE_CURVE('',#608,#606,#41,.T.);
#779=EDGE_CURVE('',#607,#613,#274,.T.);
#780=EDGE_CURVE('',#614,#613,#275,.T.);
#781=EDGE_CURVE('',#615,#614,#276,.T.);
#782=EDGE_CURVE('',#616,#615,#277,.T.);
#783=EDGE_CURVE('',#617,#616,#278,.T.);
#784=EDGE_CURVE('',#618,#617,#279,.T.);
#785=EDGE_CURVE('',#619,#618,#280,.T.);
#786=EDGE_CURVE('',#620,#619,#281,.T.);
#787=EDGE_CURVE('',#621,#620,#282,.T.);
#788=EDGE_CURVE('',#612,#621,#283,.T.);
#789=EDGE_CURVE('',#622,#623,#472,.T.);
#790=EDGE_CURVE('',#622,#558,#284,.T.);
#791=EDGE_CURVE('',#623,#557,#285,.T.);
#792=EDGE_CURVE('',#623,#624,#473,.T.);
#793=EDGE_CURVE('',#624,#556,#286,.T.);
#794=EDGE_CURVE('',#624,#625,#474,.T.);
#795=EDGE_CURVE('',#625,#555,#287,.T.);
#796=EDGE_CURVE('',#625,#626,#475,.T.);
#797=EDGE_CURVE('',#626,#579,#288,.T.);
#798=EDGE_CURVE('',#627,#622,#476,.T.);
#799=EDGE_CURVE('',#627,#578,#289,.T.);
#800=EDGE_CURVE('',#626,#627,#477,.T.);
#801=EDGE_CURVE('',#628,#629,#478,.T.);
#802=EDGE_CURVE('',#628,#562,#290,.T.);
#803=EDGE_CURVE('',#629,#561,#291,.T.);
#804=EDGE_CURVE('',#629,#630,#479,.T.);
#805=EDGE_CURVE('',#630,#560,#292,.T.);
#806=EDGE_CURVE('',#630,#631,#480,.T.);
#807=EDGE_CURVE('',#631,#559,#293,.T.);
#808=EDGE_CURVE('',#631,#632,#481,.T.);
#809=EDGE_CURVE('',#632,#577,#294,.T.);
#810=EDGE_CURVE('',#633,#628,#482,.T.);
#811=EDGE_CURVE('',#633,#576,#295,.T.);
#812=EDGE_CURVE('',#632,#633,#483,.T.);
#813=EDGE_CURVE('',#634,#635,#484,.T.);
#814=EDGE_CURVE('',#634,#566,#296,.T.);
#815=EDGE_CURVE('',#635,#565,#297,.T.);
#816=EDGE_CURVE('',#635,#636,#485,.T.);
#817=EDGE_CURVE('',#636,#564,#298,.T.);
#818=EDGE_CURVE('',#636,#637,#486,.T.);
#819=EDGE_CURVE('',#637,#563,#299,.T.);
#820=EDGE_CURVE('',#637,#638,#487,.T.);
#821=EDGE_CURVE('',#638,#575,#300,.T.);
#822=EDGE_CURVE('',#639,#634,#488,.T.);
#823=EDGE_CURVE('',#639,#574,#301,.T.);
#824=EDGE_CURVE('',#638,#639,#489,.T.);
#825=EDGE_CURVE('',#617,#534,#18,.T.);
#826=EDGE_CURVE('',#618,#539,#19,.T.);
#827=EDGE_CURVE('',#616,#535,#20,.T.);
#828=EDGE_CURVE('',#615,#640,#21,.T.);
#829=EDGE_CURVE('',#535,#640,#302,.T.);
#830=EDGE_CURVE('',#614,#641,#22,.T.);
#831=EDGE_CURVE('',#640,#641,#303,.T.);
#832=EDGE_CURVE('',#611,#612,#42,.T.);
#833=EDGE_CURVE('',#621,#642,#23,.T.);
#834=EDGE_CURVE('',#642,#643,#304,.T.);
#835=EDGE_CURVE('',#641,#643,#305,.T.);
#836=EDGE_CURVE('',#613,#610,#43,.T.);
#837=EDGE_CURVE('',#544,#642,#306,.T.);
#838=EDGE_CURVE('',#620,#544,#24,.T.);
#839=EDGE_CURVE('',#619,#541,#25,.T.);
#840=EDGE_CURVE('',#644,#545,#490,.T.);
#841=EDGE_CURVE('',#644,#645,#491,.T.);
#842=EDGE_CURVE('',#645,#546,#44,.T.);
#843=EDGE_CURVE('',#646,#547,#45,.T.);
#844=EDGE_CURVE('',#645,#646,#492,.T.);
#845=EDGE_CURVE('',#543,#647,#493,.T.);
#846=EDGE_CURVE('',#646,#647,#494,.T.);
#847=EDGE_CURVE('',#648,#645,#495,.T.);
#848=EDGE_CURVE('',#649,#648,#46,.T.);
#849=EDGE_CURVE('',#649,#646,#307,.T.);
#850=EDGE_CURVE('',#650,#644,#496,.T.);
#851=EDGE_CURVE('',#648,#650,#497,.T.);
#852=EDGE_CURVE('',#651,#652,#47,.T.);
#853=EDGE_CURVE('',#652,#653,#498,.T.);
#854=EDGE_CURVE('',#653,#654,#48,.T.);
#855=EDGE_CURVE('',#654,#651,#499,.T.);
#856=EDGE_CURVE('',#655,#652,#308,.T.);
#857=EDGE_CURVE('',#655,#656,#49,.T.);
#858=EDGE_CURVE('',#656,#653,#500,.T.);
#859=EDGE_CURVE('',#647,#657,#501,.T.);
#860=EDGE_CURVE('',#657,#649,#502,.T.);
#861=EDGE_CURVE('',#657,#650,#309,.T.);
#862=EDGE_CURVE('',#573,#592,#503,.T.);
#863=EDGE_CURVE('',#658,#569,#504,.T.);
#864=EDGE_CURVE('',#658,#604,#505,.T.);
#865=EDGE_CURVE('',#603,#659,#506,.T.);
#866=EDGE_CURVE('',#659,#570,#507,.T.);
#867=EDGE_CURVE('',#602,#659,#508,.T.);
#868=EDGE_CURVE('',#660,#658,#310,.T.);
#869=EDGE_CURVE('',#660,#601,#311,.T.);
#870=EDGE_CURVE('',#596,#661,#312,.T.);
#871=EDGE_CURVE('',#605,#661,#313,.T.);
#872=EDGE_CURVE('',#661,#662,#314,.T.);
#873=EDGE_CURVE('',#662,#594,#315,.T.);
#874=EDGE_CURVE('',#662,#663,#50,.T.);
#875=EDGE_CURVE('',#663,#581,#316,.T.);
#876=EDGE_CURVE('',#663,#664,#317,.T.);
#877=EDGE_CURVE('',#664,#589,#318,.T.);
#878=EDGE_CURVE('',#664,#665,#51,.T.);
#879=EDGE_CURVE('',#665,#587,#319,.T.);
#880=EDGE_CURVE('',#665,#666,#320,.T.);
#881=EDGE_CURVE('',#666,#552,#321,.T.);
#882=EDGE_CURVE('',#666,#667,#52,.T.);
#883=EDGE_CURVE('',#667,#571,#322,.T.);
#884=EDGE_CURVE('',#667,#660,#323,.T.);
#885=EDGE_CURVE('',#668,#669,#509,.T.);
#886=EDGE_CURVE('',#651,#668,#510,.T.);
#887=EDGE_CURVE('',#670,#654,#511,.T.);
#888=EDGE_CURVE('',#533,#670,#512,.T.);
#889=EDGE_CURVE('',#669,#640,#513,.T.);
#890=EDGE_CURVE('',#670,#671,#514,.T.);
#891=EDGE_CURVE('',#653,#671,#515,.T.);
#892=EDGE_CURVE('',#671,#672,#516,.T.);
#893=EDGE_CURVE('',#656,#672,#517,.T.);
#894=EDGE_CURVE('',#672,#673,#324,.T.);
#895=EDGE_CURVE('',#673,#655,#518,.T.);
#896=EDGE_CURVE('',#673,#674,#519,.T.);
#897=EDGE_CURVE('',#674,#652,#520,.T.);
#898=EDGE_CURVE('',#674,#668,#521,.T.);
#899=EDGE_CURVE('',#669,#675,#522,.T.);
#900=EDGE_CURVE('',#675,#641,#523,.T.);
#901=EDGE_CURVE('',#675,#676,#524,.T.);
#902=EDGE_CURVE('',#625,#643,#525,.T.);
#903=EDGE_CURVE('',#631,#622,#526,.T.);
#904=EDGE_CURVE('',#637,#628,#527,.T.);
#905=EDGE_CURVE('',#676,#634,#528,.T.);
#906=EDGE_CURVE('',#676,#677,#529,.T.);
#907=EDGE_CURVE('',#677,#642,#530,.T.);
#908=EDGE_CURVE('',#677,#542,#531,.T.);
#909=ORIENTED_EDGE('',*,*,#678,.F.);
#910=ORIENTED_EDGE('',*,*,#679,.T.);
#911=ORIENTED_EDGE('',*,*,#680,.T.);
#912=ORIENTED_EDGE('',*,*,#681,.F.);
#913=ORIENTED_EDGE('',*,*,#682,.F.);
#914=ORIENTED_EDGE('',*,*,#683,.T.);
#915=ORIENTED_EDGE('',*,*,#684,.T.);
#916=ORIENTED_EDGE('',*,*,#679,.F.);
#917=ORIENTED_EDGE('',*,*,#685,.F.);
#918=ORIENTED_EDGE('',*,*,#686,.T.);
#919=ORIENTED_EDGE('',*,*,#687,.F.);
#920=ORIENTED_EDGE('',*,*,#683,.F.);
#921=ORIENTED_EDGE('',*,*,#688,.F.);
#922=ORIENTED_EDGE('',*,*,#689,.T.);
#923=ORIENTED_EDGE('',*,*,#690,.F.);
#924=ORIENTED_EDGE('',*,*,#686,.F.);
#925=ORIENTED_EDGE('',*,*,#691,.F.);
#926=ORIENTED_EDGE('',*,*,#692,.T.);
#927=ORIENTED_EDGE('',*,*,#693,.F.);
#928=ORIENTED_EDGE('',*,*,#689,.F.);
#929=ORIENTED_EDGE('',*,*,#694,.F.);
#930=ORIENTED_EDGE('',*,*,#695,.F.);
#931=ORIENTED_EDGE('',*,*,#696,.F.);
#932=ORIENTED_EDGE('',*,*,#697,.F.);
#933=ORIENTED_EDGE('',*,*,#698,.F.);
#934=ORIENTED_EDGE('',*,*,#699,.T.);
#935=ORIENTED_EDGE('',*,*,#700,.F.);
#936=ORIENTED_EDGE('',*,*,#701,.T.);
#937=ORIENTED_EDGE('',*,*,#702,.T.);
#938=ORIENTED_EDGE('',*,*,#703,.T.);
#939=ORIENTED_EDGE('',*,*,#704,.F.);
#940=ORIENTED_EDGE('',*,*,#705,.T.);
#941=ORIENTED_EDGE('',*,*,#706,.T.);
#942=ORIENTED_EDGE('',*,*,#707,.T.);
#943=ORIENTED_EDGE('',*,*,#708,.F.);
#944=ORIENTED_EDGE('',*,*,#709,.T.);
#945=ORIENTED_EDGE('',*,*,#710,.T.);
#946=ORIENTED_EDGE('',*,*,#711,.T.);
#947=ORIENTED_EDGE('',*,*,#712,.F.);
#948=ORIENTED_EDGE('',*,*,#713,.T.);
#949=ORIENTED_EDGE('',*,*,#714,.T.);
#950=ORIENTED_EDGE('',*,*,#715,.T.);
#951=ORIENTED_EDGE('',*,*,#716,.F.);
#952=ORIENTED_EDGE('',*,*,#717,.F.);
#953=ORIENTED_EDGE('',*,*,#718,.T.);
#954=ORIENTED_EDGE('',*,*,#719,.F.);
#955=ORIENTED_EDGE('',*,*,#699,.F.);
#956=ORIENTED_EDGE('',*,*,#720,.F.);
#957=ORIENTED_EDGE('',*,*,#721,.T.);
#958=ORIENTED_EDGE('',*,*,#722,.T.);
#959=ORIENTED_EDGE('',*,*,#723,.T.);
#960=ORIENTED_EDGE('',*,*,#724,.F.);
#961=ORIENTED_EDGE('',*,*,#718,.F.);
#962=ORIENTED_EDGE('',*,*,#725,.F.);
#963=ORIENTED_EDGE('',*,*,#716,.T.);
#964=ORIENTED_EDGE('',*,*,#726,.T.);
#965=ORIENTED_EDGE('',*,*,#727,.T.);
#966=ORIENTED_EDGE('',*,*,#728,.T.);
#967=ORIENTED_EDGE('',*,*,#712,.T.);
#968=ORIENTED_EDGE('',*,*,#729,.T.);
#969=ORIENTED_EDGE('',*,*,#730,.T.);
#970=ORIENTED_EDGE('',*,*,#731,.T.);
#971=ORIENTED_EDGE('',*,*,#708,.T.);
#972=ORIENTED_EDGE('',*,*,#732,.T.);
#973=ORIENTED_EDGE('',*,*,#733,.T.);
#974=ORIENTED_EDGE('',*,*,#734,.T.);
#975=ORIENTED_EDGE('',*,*,#704,.T.);
#976=ORIENTED_EDGE('',*,*,#735,.T.);
#977=ORIENTED_EDGE('',*,*,#736,.T.);
#978=ORIENTED_EDGE('',*,*,#737,.T.);
#979=ORIENTED_EDGE('',*,*,#738,.T.);
#980=ORIENTED_EDGE('',*,*,#739,.F.);
#981=ORIENTED_EDGE('',*,*,#740,.T.);
#982=ORIENTED_EDGE('',*,*,#741,.F.);
#983=ORIENTED_EDGE('',*,*,#742,.F.);
#984=ORIENTED_EDGE('',*,*,#738,.F.);
#985=ORIENTED_EDGE('',*,*,#743,.T.);
#986=ORIENTED_EDGE('',*,*,#700,.T.);
#987=ORIENTED_EDGE('',*,*,#719,.T.);
#988=ORIENTED_EDGE('',*,*,#724,.T.);
#989=ORIENTED_EDGE('',*,*,#744,.T.);
#990=ORIENTED_EDGE('',*,*,#745,.F.);
#991=ORIENTED_EDGE('',*,*,#746,.T.);
#992=ORIENTED_EDGE('',*,*,#747,.T.);
#993=ORIENTED_EDGE('',*,*,#748,.T.);
#994=ORIENTED_EDGE('',*,*,#749,.F.);
#995=ORIENTED_EDGE('',*,*,#750,.F.);
#996=ORIENTED_EDGE('',*,*,#751,.T.);
#997=ORIENTED_EDGE('',*,*,#741,.T.);
#998=ORIENTED_EDGE('',*,*,#752,.T.);
#999=ORIENTED_EDGE('',*,*,#753,.T.);
#1000=ORIENTED_EDGE('',*,*,#754,.F.);
#1001=ORIENTED_EDGE('',*,*,#755,.F.);
#1002=ORIENTED_EDGE('',*,*,#754,.T.);
#1003=ORIENTED_EDGE('',*,*,#756,.T.);
#1004=ORIENTED_EDGE('',*,*,#757,.F.);
#1005=ORIENTED_EDGE('',*,*,#758,.T.);
#1006=ORIENTED_EDGE('',*,*,#759,.T.);
#1007=ORIENTED_EDGE('',*,*,#760,.T.);
#1008=ORIENTED_EDGE('',*,*,#761,.T.);
#1009=ORIENTED_EDGE('',*,*,#757,.T.);
#1010=ORIENTED_EDGE('',*,*,#762,.T.);
#1011=ORIENTED_EDGE('',*,*,#763,.F.);
#1012=ORIENTED_EDGE('',*,*,#764,.F.);
#1013=ORIENTED_EDGE('',*,*,#765,.T.);
#1014=ORIENTED_EDGE('',*,*,#766,.T.);
#1015=ORIENTED_EDGE('',*,*,#767,.T.);
#1016=ORIENTED_EDGE('',*,*,#758,.F.);
#1017=ORIENTED_EDGE('',*,*,#761,.F.);
#1018=ORIENTED_EDGE('',*,*,#768,.F.);
#1019=ORIENTED_EDGE('',*,*,#748,.F.);
#1020=ORIENTED_EDGE('',*,*,#769,.F.);
#1021=ORIENTED_EDGE('',*,*,#770,.F.);
#1022=ORIENTED_EDGE('',*,*,#771,.F.);
#1023=ORIENTED_EDGE('',*,*,#772,.F.);
#1024=ORIENTED_EDGE('',*,*,#773,.T.);
#1025=ORIENTED_EDGE('',*,*,#746,.F.);
#1026=ORIENTED_EDGE('',*,*,#774,.F.);
#1027=ORIENTED_EDGE('',*,*,#775,.T.);
#1028=ORIENTED_EDGE('',*,*,#735,.F.);
#1029=ORIENTED_EDGE('',*,*,#703,.F.);
#1030=ORIENTED_EDGE('',*,*,#776,.F.);
#1031=ORIENTED_EDGE('',*,*,#777,.T.);
#1032=ORIENTED_EDGE('',*,*,#772,.T.);
#1033=ORIENTED_EDGE('',*,*,#778,.T.);
#1034=ORIENTED_EDGE('',*,*,#770,.T.);
#1035=ORIENTED_EDGE('',*,*,#779,.T.);
#1036=ORIENTED_EDGE('',*,*,#780,.F.);
#1037=ORIENTED_EDGE('',*,*,#781,.F.);
#1038=ORIENTED_EDGE('',*,*,#782,.F.);
#1039=ORIENTED_EDGE('',*,*,#783,.F.);
#1040=ORIENTED_EDGE('',*,*,#784,.F.);
#1041=ORIENTED_EDGE('',*,*,#785,.F.);
#1042=ORIENTED_EDGE('',*,*,#786,.F.);
#1043=ORIENTED_EDGE('',*,*,#787,.F.);
#1044=ORIENTED_EDGE('',*,*,#788,.F.);
#1045=ORIENTED_EDGE('',*,*,#789,.F.);
#1046=ORIENTED_EDGE('',*,*,#790,.T.);
#1047=ORIENTED_EDGE('',*,*,#707,.F.);
#1048=ORIENTED_EDGE('',*,*,#791,.F.);
#1049=ORIENTED_EDGE('',*,*,#792,.F.);
#1050=ORIENTED_EDGE('',*,*,#791,.T.);
#1051=ORIENTED_EDGE('',*,*,#706,.F.);
#1052=ORIENTED_EDGE('',*,*,#793,.F.);
#1053=ORIENTED_EDGE('',*,*,#794,.F.);
#1054=ORIENTED_EDGE('',*,*,#793,.T.);
#1055=ORIENTED_EDGE('',*,*,#705,.F.);
#1056=ORIENTED_EDGE('',*,*,#795,.F.);
#1057=ORIENTED_EDGE('',*,*,#796,.F.);
#1058=ORIENTED_EDGE('',*,*,#795,.T.);
#1059=ORIENTED_EDGE('',*,*,#734,.F.);
#1060=ORIENTED_EDGE('',*,*,#797,.F.);
#1061=ORIENTED_EDGE('',*,*,#798,.F.);
#1062=ORIENTED_EDGE('',*,*,#799,.T.);
#1063=ORIENTED_EDGE('',*,*,#732,.F.);
#1064=ORIENTED_EDGE('',*,*,#790,.F.);
#1065=ORIENTED_EDGE('',*,*,#800,.F.);
#1066=ORIENTED_EDGE('',*,*,#797,.T.);
#1067=ORIENTED_EDGE('',*,*,#733,.F.);
#1068=ORIENTED_EDGE('',*,*,#799,.F.);
#1069=ORIENTED_EDGE('',*,*,#801,.F.);
#1070=ORIENTED_EDGE('',*,*,#802,.T.);
#1071=ORIENTED_EDGE('',*,*,#711,.F.);
#1072=ORIENTED_EDGE('',*,*,#803,.F.);
#1073=ORIENTED_EDGE('',*,*,#804,.F.);
#1074=ORIENTED_EDGE('',*,*,#803,.T.);
#1075=ORIENTED_EDGE('',*,*,#710,.F.);
#1076=ORIENTED_EDGE('',*,*,#805,.F.);
#1077=ORIENTED_EDGE('',*,*,#806,.F.);
#1078=ORIENTED_EDGE('',*,*,#805,.T.);
#1079=ORIENTED_EDGE('',*,*,#709,.F.);
#1080=ORIENTED_EDGE('',*,*,#807,.F.);
#1081=ORIENTED_EDGE('',*,*,#808,.F.);
#1082=ORIENTED_EDGE('',*,*,#807,.T.);
#1083=ORIENTED_EDGE('',*,*,#731,.F.);
#1084=ORIENTED_EDGE('',*,*,#809,.F.);
#1085=ORIENTED_EDGE('',*,*,#810,.F.);
#1086=ORIENTED_EDGE('',*,*,#811,.T.);
#1087=ORIENTED_EDGE('',*,*,#729,.F.);
#1088=ORIENTED_EDGE('',*,*,#802,.F.);
#1089=ORIENTED_EDGE('',*,*,#812,.F.);
#1090=ORIENTED_EDGE('',*,*,#809,.T.);
#1091=ORIENTED_EDGE('',*,*,#730,.F.);
#1092=ORIENTED_EDGE('',*,*,#811,.F.);
#1093=ORIENTED_EDGE('',*,*,#813,.F.);
#1094=ORIENTED_EDGE('',*,*,#814,.T.);
#1095=ORIENTED_EDGE('',*,*,#715,.F.);
#1096=ORIENTED_EDGE('',*,*,#815,.F.);
#1097=ORIENTED_EDGE('',*,*,#816,.F.);
#1098=ORIENTED_EDGE('',*,*,#815,.T.);
#1099=ORIENTED_EDGE('',*,*,#714,.F.);
#1100=ORIENTED_EDGE('',*,*,#817,.F.);
#1101=ORIENTED_EDGE('',*,*,#818,.F.);
#1102=ORIENTED_EDGE('',*,*,#817,.T.);
#1103=ORIENTED_EDGE('',*,*,#713,.F.);
#1104=ORIENTED_EDGE('',*,*,#819,.F.);
#1105=ORIENTED_EDGE('',*,*,#820,.F.);
#1106=ORIENTED_EDGE('',*,*,#819,.T.);
#1107=ORIENTED_EDGE('',*,*,#728,.F.);
#1108=ORIENTED_EDGE('',*,*,#821,.F.);
#1109=ORIENTED_EDGE('',*,*,#822,.F.);
#1110=ORIENTED_EDGE('',*,*,#823,.T.);
#1111=ORIENTED_EDGE('',*,*,#726,.F.);
#1112=ORIENTED_EDGE('',*,*,#814,.F.);
#1113=ORIENTED_EDGE('',*,*,#824,.F.);
#1114=ORIENTED_EDGE('',*,*,#821,.T.);
#1115=ORIENTED_EDGE('',*,*,#727,.F.);
#1116=ORIENTED_EDGE('',*,*,#823,.F.);
#1117=ORIENTED_EDGE('',*,*,#784,.T.);
#1118=ORIENTED_EDGE('',*,*,#825,.T.);
#1119=ORIENTED_EDGE('',*,*,#684,.F.);
#1120=ORIENTED_EDGE('',*,*,#687,.T.);
#1121=ORIENTED_EDGE('',*,*,#826,.F.);
#1122=ORIENTED_EDGE('',*,*,#783,.T.);
#1123=ORIENTED_EDGE('',*,*,#827,.T.);
#1124=ORIENTED_EDGE('',*,*,#680,.F.);
#1125=ORIENTED_EDGE('',*,*,#825,.F.);
#1126=ORIENTED_EDGE('',*,*,#782,.T.);
#1127=ORIENTED_EDGE('',*,*,#828,.T.);
#1128=ORIENTED_EDGE('',*,*,#829,.F.);
#1129=ORIENTED_EDGE('',*,*,#827,.F.);
#1130=ORIENTED_EDGE('',*,*,#781,.T.);
#1131=ORIENTED_EDGE('',*,*,#830,.T.);
#1132=ORIENTED_EDGE('',*,*,#831,.F.);
#1133=ORIENTED_EDGE('',*,*,#828,.F.);
#1134=ORIENTED_EDGE('',*,*,#832,.T.);
#1135=ORIENTED_EDGE('',*,*,#788,.T.);
#1136=ORIENTED_EDGE('',*,*,#833,.T.);
#1137=ORIENTED_EDGE('',*,*,#834,.T.);
#1138=ORIENTED_EDGE('',*,*,#835,.F.);
#1139=ORIENTED_EDGE('',*,*,#830,.F.);
#1140=ORIENTED_EDGE('',*,*,#780,.T.);
#1141=ORIENTED_EDGE('',*,*,#836,.T.);
#1142=ORIENTED_EDGE('',*,*,#774,.T.);
#1143=ORIENTED_EDGE('',*,*,#837,.T.);
#1144=ORIENTED_EDGE('',*,*,#833,.F.);
#1145=ORIENTED_EDGE('',*,*,#787,.T.);
#1146=ORIENTED_EDGE('',*,*,#838,.T.);
#1147=ORIENTED_EDGE('',*,*,#693,.T.);
#1148=ORIENTED_EDGE('',*,*,#838,.F.);
#1149=ORIENTED_EDGE('',*,*,#786,.T.);
#1150=ORIENTED_EDGE('',*,*,#839,.T.);
#1151=ORIENTED_EDGE('',*,*,#690,.T.);
#1152=ORIENTED_EDGE('',*,*,#839,.F.);
#1153=ORIENTED_EDGE('',*,*,#785,.T.);
#1154=ORIENTED_EDGE('',*,*,#826,.T.);
#1155=ORIENTED_EDGE('',*,*,#840,.F.);
#1156=ORIENTED_EDGE('',*,*,#841,.T.);
#1157=ORIENTED_EDGE('',*,*,#842,.T.);
#1158=ORIENTED_EDGE('',*,*,#695,.T.);
#1159=ORIENTED_EDGE('',*,*,#843,.T.);
#1160=ORIENTED_EDGE('',*,*,#696,.T.);
#1161=ORIENTED_EDGE('',*,*,#842,.F.);
#1162=ORIENTED_EDGE('',*,*,#844,.T.);
#1163=ORIENTED_EDGE('',*,*,#845,.F.);
#1164=ORIENTED_EDGE('',*,*,#697,.T.);
#1165=ORIENTED_EDGE('',*,*,#843,.F.);
#1166=ORIENTED_EDGE('',*,*,#846,.T.);
#1167=ORIENTED_EDGE('',*,*,#844,.F.);
#1168=ORIENTED_EDGE('',*,*,#847,.F.);
#1169=ORIENTED_EDGE('',*,*,#848,.F.);
#1170=ORIENTED_EDGE('',*,*,#849,.T.);
#1171=ORIENTED_EDGE('',*,*,#850,.F.);
#1172=ORIENTED_EDGE('',*,*,#851,.F.);
#1173=ORIENTED_EDGE('',*,*,#847,.T.);
#1174=ORIENTED_EDGE('',*,*,#841,.F.);
#1175=ORIENTED_EDGE('',*,*,#852,.T.);
#1176=ORIENTED_EDGE('',*,*,#853,.T.);
#1177=ORIENTED_EDGE('',*,*,#854,.T.);
#1178=ORIENTED_EDGE('',*,*,#855,.T.);
#1179=ORIENTED_EDGE('',*,*,#853,.F.);
#1180=ORIENTED_EDGE('',*,*,#856,.F.);
#1181=ORIENTED_EDGE('',*,*,#857,.T.);
#1182=ORIENTED_EDGE('',*,*,#858,.T.);
#1183=ORIENTED_EDGE('',*,*,#859,.F.);
#1184=ORIENTED_EDGE('',*,*,#846,.F.);
#1185=ORIENTED_EDGE('',*,*,#849,.F.);
#1186=ORIENTED_EDGE('',*,*,#860,.F.);
#1187=ORIENTED_EDGE('',*,*,#861,.F.);
#1188=ORIENTED_EDGE('',*,*,#860,.T.);
#1189=ORIENTED_EDGE('',*,*,#848,.T.);
#1190=ORIENTED_EDGE('',*,*,#851,.T.);
#1191=ORIENTED_EDGE('',*,*,#862,.F.);
#1192=ORIENTED_EDGE('',*,*,#739,.T.);
#1193=ORIENTED_EDGE('',*,*,#742,.T.);
#1194=ORIENTED_EDGE('',*,*,#751,.F.);
#1195=ORIENTED_EDGE('',*,*,#863,.F.);
#1196=ORIENTED_EDGE('',*,*,#864,.T.);
#1197=ORIENTED_EDGE('',*,*,#764,.T.);
#1198=ORIENTED_EDGE('',*,*,#865,.T.);
#1199=ORIENTED_EDGE('',*,*,#866,.T.);
#1200=ORIENTED_EDGE('',*,*,#721,.F.);
#1201=ORIENTED_EDGE('',*,*,#867,.T.);
#1202=ORIENTED_EDGE('',*,*,#865,.F.);
#1203=ORIENTED_EDGE('',*,*,#763,.T.);
#1204=ORIENTED_EDGE('',*,*,#868,.F.);
#1205=ORIENTED_EDGE('',*,*,#869,.T.);
#1206=ORIENTED_EDGE('',*,*,#765,.F.);
#1207=ORIENTED_EDGE('',*,*,#864,.F.);
#1208=ORIENTED_EDGE('',*,*,#870,.F.);
#1209=ORIENTED_EDGE('',*,*,#759,.F.);
#1210=ORIENTED_EDGE('',*,*,#767,.F.);
#1211=ORIENTED_EDGE('',*,*,#871,.T.);
#1212=ORIENTED_EDGE('',*,*,#872,.F.);
#1213=ORIENTED_EDGE('',*,*,#871,.F.);
#1214=ORIENTED_EDGE('',*,*,#766,.F.);
#1215=ORIENTED_EDGE('',*,*,#760,.F.);
#1216=ORIENTED_EDGE('',*,*,#756,.F.);
#1217=ORIENTED_EDGE('',*,*,#753,.F.);
#1218=ORIENTED_EDGE('',*,*,#873,.F.);
#1219=ORIENTED_EDGE('',*,*,#874,.F.);
#1220=ORIENTED_EDGE('',*,*,#873,.T.);
#1221=ORIENTED_EDGE('',*,*,#752,.F.);
#1222=ORIENTED_EDGE('',*,*,#740,.F.);
#1223=ORIENTED_EDGE('',*,*,#737,.F.);
#1224=ORIENTED_EDGE('',*,*,#875,.F.);
#1225=ORIENTED_EDGE('',*,*,#876,.F.);
#1226=ORIENTED_EDGE('',*,*,#875,.T.);
#1227=ORIENTED_EDGE('',*,*,#736,.F.);
#1228=ORIENTED_EDGE('',*,*,#775,.F.);
#1229=ORIENTED_EDGE('',*,*,#836,.F.);
#1230=ORIENTED_EDGE('',*,*,#779,.F.);
#1231=ORIENTED_EDGE('',*,*,#769,.T.);
#1232=ORIENTED_EDGE('',*,*,#747,.F.);
#1233=ORIENTED_EDGE('',*,*,#877,.F.);
#1234=ORIENTED_EDGE('',*,*,#878,.F.);
#1235=ORIENTED_EDGE('',*,*,#877,.T.);
#1236=ORIENTED_EDGE('',*,*,#749,.T.);
#1237=ORIENTED_EDGE('',*,*,#768,.T.);
#1238=ORIENTED_EDGE('',*,*,#778,.F.);
#1239=ORIENTED_EDGE('',*,*,#771,.T.);
#1240=ORIENTED_EDGE('',*,*,#745,.T.);
#1241=ORIENTED_EDGE('',*,*,#879,.F.);
#1242=ORIENTED_EDGE('',*,*,#880,.F.);
#1243=ORIENTED_EDGE('',*,*,#879,.T.);
#1244=ORIENTED_EDGE('',*,*,#744,.F.);
#1245=ORIENTED_EDGE('',*,*,#773,.F.);
#1246=ORIENTED_EDGE('',*,*,#777,.F.);
#1247=ORIENTED_EDGE('',*,*,#832,.F.);
#1248=ORIENTED_EDGE('',*,*,#776,.T.);
#1249=ORIENTED_EDGE('',*,*,#702,.F.);
#1250=ORIENTED_EDGE('',*,*,#881,.F.);
#1251=ORIENTED_EDGE('',*,*,#882,.F.);
#1252=ORIENTED_EDGE('',*,*,#881,.T.);
#1253=ORIENTED_EDGE('',*,*,#701,.F.);
#1254=ORIENTED_EDGE('',*,*,#743,.F.);
#1255=ORIENTED_EDGE('',*,*,#723,.F.);
#1256=ORIENTED_EDGE('',*,*,#883,.F.);
#1257=ORIENTED_EDGE('',*,*,#884,.F.);
#1258=ORIENTED_EDGE('',*,*,#883,.T.);
#1259=ORIENTED_EDGE('',*,*,#722,.F.);
#1260=ORIENTED_EDGE('',*,*,#866,.F.);
#1261=ORIENTED_EDGE('',*,*,#867,.F.);
#1262=ORIENTED_EDGE('',*,*,#762,.F.);
#1263=ORIENTED_EDGE('',*,*,#869,.F.);
#1264=ORIENTED_EDGE('',*,*,#885,.F.);
#1265=ORIENTED_EDGE('',*,*,#886,.F.);
#1266=ORIENTED_EDGE('',*,*,#855,.F.);
#1267=ORIENTED_EDGE('',*,*,#887,.F.);
#1268=ORIENTED_EDGE('',*,*,#888,.F.);
#1269=ORIENTED_EDGE('',*,*,#681,.T.);
#1270=ORIENTED_EDGE('',*,*,#829,.T.);
#1271=ORIENTED_EDGE('',*,*,#889,.F.);
#1272=ORIENTED_EDGE('',*,*,#890,.F.);
#1273=ORIENTED_EDGE('',*,*,#887,.T.);
#1274=ORIENTED_EDGE('',*,*,#854,.F.);
#1275=ORIENTED_EDGE('',*,*,#891,.T.);
#1276=ORIENTED_EDGE('',*,*,#892,.F.);
#1277=ORIENTED_EDGE('',*,*,#891,.F.);
#1278=ORIENTED_EDGE('',*,*,#858,.F.);
#1279=ORIENTED_EDGE('',*,*,#893,.T.);
#1280=ORIENTED_EDGE('',*,*,#894,.F.);
#1281=ORIENTED_EDGE('',*,*,#893,.F.);
#1282=ORIENTED_EDGE('',*,*,#857,.F.);
#1283=ORIENTED_EDGE('',*,*,#895,.F.);
#1284=ORIENTED_EDGE('',*,*,#896,.F.);
#1285=ORIENTED_EDGE('',*,*,#895,.T.);
#1286=ORIENTED_EDGE('',*,*,#856,.T.);
#1287=ORIENTED_EDGE('',*,*,#897,.F.);
#1288=ORIENTED_EDGE('',*,*,#898,.F.);
#1289=ORIENTED_EDGE('',*,*,#897,.T.);
#1290=ORIENTED_EDGE('',*,*,#852,.F.);
#1291=ORIENTED_EDGE('',*,*,#886,.T.);
#1292=ORIENTED_EDGE('',*,*,#899,.F.);
#1293=ORIENTED_EDGE('',*,*,#889,.T.);
#1294=ORIENTED_EDGE('',*,*,#831,.T.);
#1295=ORIENTED_EDGE('',*,*,#900,.F.);
#1296=ORIENTED_EDGE('',*,*,#901,.F.);
#1297=ORIENTED_EDGE('',*,*,#900,.T.);
#1298=ORIENTED_EDGE('',*,*,#835,.T.);
#1299=ORIENTED_EDGE('',*,*,#902,.F.);
#1300=ORIENTED_EDGE('',*,*,#796,.T.);
#1301=ORIENTED_EDGE('',*,*,#800,.T.);
#1302=ORIENTED_EDGE('',*,*,#798,.T.);
#1303=ORIENTED_EDGE('',*,*,#903,.F.);
#1304=ORIENTED_EDGE('',*,*,#808,.T.);
#1305=ORIENTED_EDGE('',*,*,#812,.T.);
#1306=ORIENTED_EDGE('',*,*,#810,.T.);
#1307=ORIENTED_EDGE('',*,*,#904,.F.);
#1308=ORIENTED_EDGE('',*,*,#820,.T.);
#1309=ORIENTED_EDGE('',*,*,#824,.T.);
#1310=ORIENTED_EDGE('',*,*,#822,.T.);
#1311=ORIENTED_EDGE('',*,*,#905,.F.);
#1312=ORIENTED_EDGE('',*,*,#906,.F.);
#1313=ORIENTED_EDGE('',*,*,#905,.T.);
#1314=ORIENTED_EDGE('',*,*,#813,.T.);
#1315=ORIENTED_EDGE('',*,*,#816,.T.);
#1316=ORIENTED_EDGE('',*,*,#818,.T.);
#1317=ORIENTED_EDGE('',*,*,#904,.T.);
#1318=ORIENTED_EDGE('',*,*,#801,.T.);
#1319=ORIENTED_EDGE('',*,*,#804,.T.);
#1320=ORIENTED_EDGE('',*,*,#806,.T.);
#1321=ORIENTED_EDGE('',*,*,#903,.T.);
#1322=ORIENTED_EDGE('',*,*,#789,.T.);
#1323=ORIENTED_EDGE('',*,*,#792,.T.);
#1324=ORIENTED_EDGE('',*,*,#794,.T.);
#1325=ORIENTED_EDGE('',*,*,#902,.T.);
#1326=ORIENTED_EDGE('',*,*,#834,.F.);
#1327=ORIENTED_EDGE('',*,*,#907,.F.);
#1328=ORIENTED_EDGE('',*,*,#908,.F.);
#1329=ORIENTED_EDGE('',*,*,#907,.T.);
#1330=ORIENTED_EDGE('',*,*,#837,.F.);
#1331=ORIENTED_EDGE('',*,*,#692,.F.);
#1332=ORIENTED_EDGE('',*,*,#888,.T.);
#1333=ORIENTED_EDGE('',*,*,#890,.T.);
#1334=ORIENTED_EDGE('',*,*,#892,.T.);
#1335=ORIENTED_EDGE('',*,*,#894,.T.);
#1336=ORIENTED_EDGE('',*,*,#896,.T.);
#1337=ORIENTED_EDGE('',*,*,#898,.T.);
#1338=ORIENTED_EDGE('',*,*,#885,.T.);
#1339=ORIENTED_EDGE('',*,*,#899,.T.);
#1340=ORIENTED_EDGE('',*,*,#901,.T.);
#1341=ORIENTED_EDGE('',*,*,#906,.T.);
#1342=ORIENTED_EDGE('',*,*,#908,.T.);
#1343=ORIENTED_EDGE('',*,*,#691,.T.);
#1344=ORIENTED_EDGE('',*,*,#845,.T.);
#1345=ORIENTED_EDGE('',*,*,#859,.T.);
#1346=ORIENTED_EDGE('',*,*,#861,.T.);
#1347=ORIENTED_EDGE('',*,*,#850,.T.);
#1348=ORIENTED_EDGE('',*,*,#840,.T.);
#1349=ORIENTED_EDGE('',*,*,#694,.T.);
#1350=ORIENTED_EDGE('',*,*,#688,.T.);
#1351=ORIENTED_EDGE('',*,*,#685,.T.);
#1352=ORIENTED_EDGE('',*,*,#682,.T.);
#1353=ORIENTED_EDGE('',*,*,#678,.T.);
#1354=ORIENTED_EDGE('',*,*,#870,.T.);
#1355=ORIENTED_EDGE('',*,*,#872,.T.);
#1356=ORIENTED_EDGE('',*,*,#874,.T.);
#1357=ORIENTED_EDGE('',*,*,#876,.T.);
#1358=ORIENTED_EDGE('',*,*,#878,.T.);
#1359=ORIENTED_EDGE('',*,*,#880,.T.);
#1360=ORIENTED_EDGE('',*,*,#882,.T.);
#1361=ORIENTED_EDGE('',*,*,#884,.T.);
#1362=ORIENTED_EDGE('',*,*,#868,.T.);
#1363=ORIENTED_EDGE('',*,*,#863,.T.);
#1364=ORIENTED_EDGE('',*,*,#720,.T.);
#1365=ORIENTED_EDGE('',*,*,#717,.T.);
#1366=ORIENTED_EDGE('',*,*,#698,.T.);
#1367=ORIENTED_EDGE('',*,*,#725,.T.);
#1368=ORIENTED_EDGE('',*,*,#862,.T.);
#1369=ORIENTED_EDGE('',*,*,#750,.T.);
#1370=ORIENTED_EDGE('',*,*,#755,.T.);
#1371=B_SPLINE_SURFACE_WITH_KNOTS('',3,3,((#1788,#1789,#1790,#1791),(#1792,
#1793,#1794,#1795),(#1796,#1797,#1798,#1799),(#1800,#1801,#1802,#1803)),
 .UNSPECIFIED.,.F.,.F.,.F.,(4,4),(4,4),(0.,1.),(0.732492289609042,1.),
 .UNSPECIFIED.);
#1372=B_SPLINE_SURFACE_WITH_KNOTS('',3,3,((#1823,#1824,#1825,#1826),(#1827,
#1828,#1829,#1830),(#1831,#1832,#1833,#1834),(#1835,#1836,#1837,#1838)),
 .UNSPECIFIED.,.F.,.F.,.F.,(4,4),(4,4),(0.,1.),(0.732492289609042,1.),
 .UNSPECIFIED.);
#1373=B_SPLINE_SURFACE_WITH_KNOTS('',3,3,((#1852,#1853,#1854,#1855),(#1856,
#1857,#1858,#1859),(#1860,#1861,#1862,#1863),(#1864,#1865,#1866,#1867)),
 .UNSPECIFIED.,.F.,.F.,.F.,(4,4),(4,4),(0.,1.),(0.732492289609042,1.),
 .UNSPECIFIED.);
#1374=B_SPLINE_SURFACE_WITH_KNOTS('',3,3,((#1881,#1882,#1883,#1884),(#1885,
#1886,#1887,#1888),(#1889,#1890,#1891,#1892),(#1893,#1894,#1895,#1896)),
 .UNSPECIFIED.,.F.,.F.,.F.,(4,4),(4,4),(0.,1.),(0.732492289609042,1.),
 .UNSPECIFIED.);
#1375=B_SPLINE_SURFACE_WITH_KNOTS('',3,3,((#1910,#1911,#1912,#1913),(#1914,
#1915,#1916,#1917),(#1918,#1919,#1920,#1921),(#1922,#1923,#1924,#1925)),
 .UNSPECIFIED.,.F.,.F.,.F.,(4,4),(4,4),(0.,1.),(0.732492249448333,1.),
 .UNSPECIFIED.);
#1376=B_SPLINE_SURFACE_WITH_KNOTS('',3,3,((#1993,#1994,#1995,#1996),(#1997,
#1998,#1999,#2000),(#2001,#2002,#2003,#2004),(#2005,#2006,#2007,#2008)),
 .UNSPECIFIED.,.F.,.F.,.F.,(4,4),(4,4),(0.,1.),(0.732492289609042,1.),
 .UNSPECIFIED.);
#1377=B_SPLINE_SURFACE_WITH_KNOTS('',3,3,((#2106,#2107,#2108,#2109),(#2110,
#2111,#2112,#2113),(#2114,#2115,#2116,#2117),(#2118,#2119,#2120,#2121)),
 .UNSPECIFIED.,.F.,.F.,.F.,(4,4),(4,4),(0.,1.),(0.732492289609042,1.),
 .UNSPECIFIED.);
#1378=B_SPLINE_SURFACE_WITH_KNOTS('',3,3,((#2135,#2136,#2137,#2138),(#2139,
#2140,#2141,#2142),(#2143,#2144,#2145,#2146),(#2147,#2148,#2149,#2150)),
 .UNSPECIFIED.,.F.,.F.,.F.,(4,4),(4,4),(0.,1.),(0.732492289609042,1.),
 .UNSPECIFIED.);
#1379=B_SPLINE_SURFACE_WITH_KNOTS('',3,3,((#2178,#2179,#2180,#2181),(#2182,
#2183,#2184,#2185),(#2186,#2187,#2188,#2189),(#2190,#2191,#2192,#2193)),
 .UNSPECIFIED.,.F.,.F.,.F.,(4,4),(4,4),(0.,1.),(0.732492289609042,1.),
 .UNSPECIFIED.);
#1380=B_SPLINE_SURFACE_WITH_KNOTS('',3,3,((#2291,#2292,#2293,#2294),(#2295,
#2296,#2297,#2298),(#2299,#2300,#2301,#2302),(#2303,#2304,#2305,#2306)),
 .UNSPECIFIED.,.F.,.F.,.F.,(4,4),(4,4),(0.,1.),(0.732492289609042,1.),
 .UNSPECIFIED.);
#1381=B_SPLINE_SURFACE_WITH_KNOTS('',3,3,((#2337,#2338,#2339,#2340),(#2341,
#2342,#2343,#2344),(#2345,#2346,#2347,#2348),(#2349,#2350,#2351,#2352)),
 .UNSPECIFIED.,.F.,.F.,.F.,(4,4),(4,4),(0.,1.),(0.732492289609042,0.987343559202483),
 .UNSPECIFIED.);
#1382=B_SPLINE_SURFACE_WITH_KNOTS('',3,3,((#2383,#2384,#2385,#2386),(#2387,
#2388,#2389,#2390),(#2391,#2392,#2393,#2394),(#2395,#2396,#2397,#2398)),
 .UNSPECIFIED.,.F.,.F.,.F.,(4,4),(4,4),(0.,0.192106975597492),(0.937539086372965,
0.96470076431264),.UNSPECIFIED.);
#1383=B_SPLINE_SURFACE_WITH_KNOTS('',3,1,((#2477,#2478),(#2479,#2480),(#2481,
#2482),(#2483,#2484)),.UNSPECIFIED.,.F.,.F.,.F.,(4,4),(2,2),(0.874854257472396,
0.893233537267365),(0.,8.10055864104025),.UNSPECIFIED.);
#1384=B_SPLINE_SURFACE_WITH_KNOTS('',3,1,((#2512,#2513),(#2514,#2515),(#2516,
#2517),(#2518,#2519)),.UNSPECIFIED.,.F.,.F.,.F.,(4,4),(2,2),(-0.893233537267364,
-0.874854257472396),(0.,8.10055864104025),.UNSPECIFIED.);
#1385=B_SPLINE_SURFACE_WITH_KNOTS('',3,1,((#2533,#2534),(#2535,#2536),(#2537,
#2538),(#2539,#2540)),.UNSPECIFIED.,.F.,.F.,.F.,(4,4),(2,2),(0.844701229465966,
0.862722568561495),(0.,8.10055864104025),.UNSPECIFIED.);
#1386=B_SPLINE_SURFACE_WITH_KNOTS('',3,1,((#2568,#2569),(#2570,#2571),(#2572,
#2573),(#2574,#2575)),.UNSPECIFIED.,.F.,.F.,.F.,(4,4),(2,2),(-0.862722568561495,
-0.844701229465966),(0.,8.10055864104025),.UNSPECIFIED.);
#1387=B_SPLINE_SURFACE_WITH_KNOTS('',3,1,((#2589,#2590),(#2591,#2592),(#2593,
#2594),(#2595,#2596)),.UNSPECIFIED.,.F.,.F.,.F.,(4,4),(2,2),(0.815118151267955,
0.832801383818715),(0.,8.10055864104025),.UNSPECIFIED.);
#1388=B_SPLINE_SURFACE_WITH_KNOTS('',3,1,((#2624,#2625),(#2626,#2627),(#2628,
#2629),(#2630,#2631)),.UNSPECIFIED.,.F.,.F.,.F.,(4,4),(2,2),(-0.832801383818715,
-0.815118151267955),(0.,8.10055864104025),.UNSPECIFIED.);
#1389=B_SPLINE_SURFACE_WITH_KNOTS('',3,3,((#2663,#2664,#2665,#2666,#2667,
#2668,#2669,#2670,#2671,#2672,#2673,#2674,#2675,#2676,#2677),(#2678,#2679,
#2680,#2681,#2682,#2683,#2684,#2685,#2686,#2687,#2688,#2689,#2690,#2691,
#2692),(#2693,#2694,#2695,#2696,#2697,#2698,#2699,#2700,#2701,#2702,#2703,
#2704,#2705,#2706,#2707),(#2708,#2709,#2710,#2711,#2712,#2713,#2714,#2715,
#2716,#2717,#2718,#2719,#2720,#2721,#2722),(#2723,#2724,#2725,#2726,#2727,
#2728,#2729,#2730,#2731,#2732,#2733,#2734,#2735,#2736,#2737)),
 .UNSPECIFIED.,.F.,.F.,.F.,(4,1,4),(4,1,1,1,1,1,1,1,1,1,1,1,4),(0.,0.571428571428571,
1.),(9.15696709389277,9.50823492054085,9.85950274718893,10.5620384004851,
10.9133062271332,11.2645740537812,11.6158418804293,11.9671097070774,12.3183775337255,
12.6696453603736,13.0209131870216,13.3721810136697,14.0747166669659),
 .UNSPECIFIED.);
#1390=B_SPLINE_SURFACE_WITH_KNOTS('',3,3,((#2805,#2806,#2807,#2808,#2809,
#2810,#2811,#2812,#2813),(#2814,#2815,#2816,#2817,#2818,#2819,#2820,#2821,
#2822),(#2823,#2824,#2825,#2826,#2827,#2828,#2829,#2830,#2831),(#2832,#2833,
#2834,#2835,#2836,#2837,#2838,#2839,#2840),(#2841,#2842,#2843,#2844,#2845,
#2846,#2847,#2848,#2849)),.UNSPECIFIED.,.F.,.F.,.F.,(4,1,4),(4,1,1,1,1,
1,4),(0.,0.571428571428571,1.),(0.,0.273971743134192,0.821915229402576,
1.09588697253677,1.36985871567096,1.64383045880515,1.91780220193934),
 .UNSPECIFIED.);
#1391=B_SPLINE_SURFACE_WITH_KNOTS('',3,3,((#2861,#2862,#2863,#2864,#2865,
#2866,#2867,#2868,#2869,#2870,#2871,#2872,#2873,#2874,#2875,#2876,#2877,
#2878,#2879,#2880,#2881,#2882,#2883,#2884),(#2885,#2886,#2887,#2888,#2889,
#2890,#2891,#2892,#2893,#2894,#2895,#2896,#2897,#2898,#2899,#2900,#2901,
#2902,#2903,#2904,#2905,#2906,#2907,#2908),(#2909,#2910,#2911,#2912,#2913,
#2914,#2915,#2916,#2917,#2918,#2919,#2920,#2921,#2922,#2923,#2924,#2925,
#2926,#2927,#2928,#2929,#2930,#2931,#2932),(#2933,#2934,#2935,#2936,#2937,
#2938,#2939,#2940,#2941,#2942,#2943,#2944,#2945,#2946,#2947,#2948,#2949,
#2950,#2951,#2952,#2953,#2954,#2955,#2956),(#2957,#2958,#2959,#2960,#2961,
#2962,#2963,#2964,#2965,#2966,#2967,#2968,#2969,#2970,#2971,#2972,#2973,
#2974,#2975,#2976,#2977,#2978,#2979,#2980)),.UNSPECIFIED.,.F.,.F.,.F.,(4,
1,4),(4,1,1,1,1,1,1,1,1,1,1,1,1,1,1,1,1,1,1,1,1,4),(0.,0.571428571428571,
1.),(0.,0.381213332826187,0.57181999923928,0.667123332445827,0.762426665652374,
0.953033332065467,1.14363999847856,1.19129166508183,1.23894333168511,1.33424666489165,
1.52485333130475,1.71545999771784,1.90606666413093,2.09667333054403,2.28727999695712,
2.66849332978331,3.0497066626095,3.24031332902259,3.81213332826187,4.19334666108806,
4.57455999391424,5.33698665956662),.UNSPECIFIED.);
#1392=B_SPLINE_SURFACE_WITH_KNOTS('',3,3,((#3067,#3068,#3069,#3070),(#3071,
#3072,#3073,#3074),(#3075,#3076,#3077,#3078),(#3079,#3080,#3081,#3082),
(#3083,#3084,#3085,#3086),(#3087,#3088,#3089,#3090),(#3091,#3092,#3093,
#3094),(#3095,#3096,#3097,#3098),(#3099,#3100,#3101,#3102),(#3103,#3104,
#3105,#3106),(#3107,#3108,#3109,#3110),(#3111,#3112,#3113,#3114),(#3115,
#3116,#3117,#3118),(#3119,#3120,#3121,#3122),(#3123,#3124,#3125,#3126),
(#3127,#3128,#3129,#3130),(#3131,#3132,#3133,#3134),(#3135,#3136,#3137,
#3138),(#3139,#3140,#3141,#3142),(#3143,#3144,#3145,#3146),(#3147,#3148,
#3149,#3150),(#3151,#3152,#3153,#3154)),.UNSPECIFIED.,.F.,.F.,.F.,(4,1,
1,1,1,1,1,1,1,1,1,1,1,1,1,1,1,1,1,4),(4,4),(9.49283151066928,10.3424405143704,
10.9796472671462,11.1920495180715,11.616854019922,11.8292562708473,12.0416585217726,
12.8912675254737,13.7408765291748,13.9532787801001,14.1656810310254,14.3780832819506,
14.4842844074133,14.5373849701446,14.5904855328759,14.6966866583385,14.8028877838012,
14.9090889092638,15.0152900347265,15.440094536577),(0.,2.57795030183883),
 .UNSPECIFIED.);
#1393=B_SPLINE_SURFACE_WITH_KNOTS('',3,3,((#3221,#3222,#3223,#3224,#3225,
#3226,#3227),(#3228,#3229,#3230,#3231,#3232,#3233,#3234),(#3235,#3236,#3237,
#3238,#3239,#3240,#3241),(#3242,#3243,#3244,#3245,#3246,#3247,#3248),(#3249,
#3250,#3251,#3252,#3253,#3254,#3255)),.UNSPECIFIED.,.F.,.F.,.F.,(4,1,4),
(4,1,1,1,4),(0.,0.571428571428571,1.),(0.,0.547944716111685,1.09588943222337,
1.64383414833506,1.9178065063909),.UNSPECIFIED.);
#1394=B_SPLINE_SURFACE_WITH_KNOTS('',3,3,((#3285,#3286,#3287,#3288),(#3289,
#3290,#3291,#3292),(#3293,#3294,#3295,#3296),(#3297,#3298,#3299,#3300),
(#3301,#3302,#3303,#3304),(#3305,#3306,#3307,#3308),(#3309,#3310,#3311,
#3312),(#3313,#3314,#3315,#3316),(#3317,#3318,#3319,#3320),(#3321,#3322,
#3323,#3324),(#3325,#3326,#3327,#3328),(#3329,#3330,#3331,#3332),(#3333,
#3334,#3335,#3336),(#3337,#3338,#3339,#3340),(#3341,#3342,#3343,#3344),
(#3345,#3346,#3347,#3348),(#3349,#3350,#3351,#3352),(#3353,#3354,#3355,
#3356),(#3357,#3358,#3359,#3360),(#3361,#3362,#3363,#3364),(#3365,#3366,
#3367,#3368),(#3369,#3370,#3371,#3372),(#3373,#3374,#3375,#3376),(#3377,
#3378,#3379,#3380),(#3381,#3382,#3383,#3384),(#3385,#3386,#3387,#3388),
(#3389,#3390,#3391,#3392),(#3393,#3394,#3395,#3396),(#3397,#3398,#3399,
#3400),(#3401,#3402,#3403,#3404),(#3405,#3406,#3407,#3408),(#3409,#3410,
#3411,#3412),(#3413,#3414,#3415,#3416),(#3417,#3418,#3419,#3420),(#3421,
#3422,#3423,#3424),(#3425,#3426,#3427,#3428)),.UNSPECIFIED.,.F.,.F.,.F.,
(4,1,1,1,1,1,1,1,1,1,1,1,1,1,1,1,1,1,1,1,1,1,1,1,1,1,1,1,1,1,1,1,1,4),(4,
4),(0.,0.0421948145155191,0.0843896290310382,0.168779258062076,0.253168887093114,
0.295363701608634,0.337558516124153,0.421948145155191,0.46414295967071,
0.506337774186229,0.590727403217267,0.632922217732786,0.675117032248305,
0.843896290310382,0.886091104825901,0.92828591934142,1.01267554837246,1.0970651774035,
1.13925999191902,1.18145480643453,1.26584443546557,1.30803924998109,1.35023406449661,
1.43462369352765,1.51901332255869,1.68779258062076,1.85657183868284,2.02535109674492,
2.10974072577595,2.13083813303371,2.15193554029147,2.19413035480699,2.27851998383803,
2.36290961286907),(0.,2.67494416605804),.UNSPECIFIED.);
#1395=B_SPLINE_SURFACE_WITH_KNOTS('',3,3,((#3536,#3537,#3538,#3539),(#3540,
#3541,#3542,#3543),(#3544,#3545,#3546,#3547),(#3548,#3549,#3550,#3551)),
 .UNSPECIFIED.,.F.,.F.,.F.,(4,4),(4,4),(0.,1.),(0.732492289609042,1.),
 .UNSPECIFIED.);
#1396=B_SPLINE_SURFACE_WITH_KNOTS('',3,3,((#3558,#3559,#3560,#3561),(#3562,
#3563,#3564,#3565),(#3566,#3567,#3568,#3569),(#3570,#3571,#3572,#3573)),
 .UNSPECIFIED.,.F.,.F.,.F.,(4,4),(4,4),(0.,1.),(0.732492289609042,0.987343559202483),
 .UNSPECIFIED.);
#1397=B_SPLINE_SURFACE_WITH_KNOTS('',3,3,((#3596,#3597,#3598,#3599),(#3600,
#3601,#3602,#3603),(#3604,#3605,#3606,#3607),(#3608,#3609,#3610,#3611)),
 .UNSPECIFIED.,.F.,.F.,.F.,(4,4),(4,4),(0.,0.192106975597492),(0.937539086372965,
0.96470076431264),.UNSPECIFIED.);
#1398=B_SPLINE_SURFACE_WITH_KNOTS('',3,3,((#3650,#3651,#3652,#3653),(#3654,
#3655,#3656,#3657),(#3658,#3659,#3660,#3661),(#3662,#3663,#3664,#3665)),
 .UNSPECIFIED.,.F.,.F.,.F.,(4,4),(4,4),(0.,1.),(0.732492289609042,1.),
 .UNSPECIFIED.);
#1399=B_SPLINE_SURFACE_WITH_KNOTS('',3,3,((#3722,#3723,#3724,#3725,#3726,
#3727,#3728,#3729,#3730,#3731,#3732,#3733,#3734,#3735,#3736,#3737),(#3738,
#3739,#3740,#3741,#3742,#3743,#3744,#3745,#3746,#3747,#3748,#3749,#3750,
#3751,#3752,#3753),(#3754,#3755,#3756,#3757,#3758,#3759,#3760,#3761,#3762,
#3763,#3764,#3765,#3766,#3767,#3768,#3769),(#3770,#3771,#3772,#3773,#3774,
#3775,#3776,#3777,#3778,#3779,#3780,#3781,#3782,#3783,#3784,#3785),(#3786,
#3787,#3788,#3789,#3790,#3791,#3792,#3793,#3794,#3795,#3796,#3797,#3798,
#3799,#3800,#3801)),.UNSPECIFIED.,.F.,.F.,.F.,(4,1,4),(4,1,1,1,1,1,1,1,
1,1,1,1,1,4),(0.,0.571428571428571,1.),(0.,0.351222032910772,0.702444065821544,
1.05366609873232,1.40488813164309,1.75611016455386,2.10733219746463,2.4585542303754,
2.80977626328618,3.16099829619695,3.51222032910772,4.21466439492927,4.56588642784004,
4.91710846075081),.UNSPECIFIED.);
#1400=B_SPLINE_SURFACE_WITH_KNOTS('',3,3,((#3871,#3872,#3873,#3874),(#3875,
#3876,#3877,#3878),(#3879,#3880,#3881,#3882),(#3883,#3884,#3885,#3886),
(#3887,#3888,#3889,#3890),(#3891,#3892,#3893,#3894),(#3895,#3896,#3897,
#3898),(#3899,#3900,#3901,#3902),(#3903,#3904,#3905,#3906),(#3907,#3908,
#3909,#3910),(#3911,#3912,#3913,#3914),(#3915,#3916,#3917,#3918),(#3919,
#3920,#3921,#3922),(#3923,#3924,#3925,#3926),(#3927,#3928,#3929,#3930),
(#3931,#3932,#3933,#3934),(#3935,#3936,#3937,#3938),(#3939,#3940,#3941,
#3942),(#3943,#3944,#3945,#3946),(#3947,#3948,#3949,#3950),(#3951,#3952,
#3953,#3954),(#3955,#3956,#3957,#3958)),.UNSPECIFIED.,.F.,.F.,.F.,(4,1,
1,1,1,1,1,1,1,1,1,1,1,1,1,1,1,1,1,4),(4,4),(9.49283151065403,10.3424405143573,
10.9796472671348,11.1920495180606,11.6168540199122,11.8292562708381,12.0416585217639,
12.8912675254672,13.7408765291704,13.9532787800963,14.1656810310221,14.3780832819479,
14.4842844074108,14.5373849701423,14.5904855328737,14.6966866583366,14.8028877837996,
14.9090889092625,15.0152900347254,15.440094536577),(0.,2.57795030183883),
 .UNSPECIFIED.);
#1401=B_SPLINE_SURFACE_WITH_KNOTS('',3,3,((#4161,#4162,#4163,#4164),(#4165,
#4166,#4167,#4168),(#4169,#4170,#4171,#4172),(#4173,#4174,#4175,#4176),
(#4177,#4178,#4179,#4180),(#4181,#4182,#4183,#4184),(#4185,#4186,#4187,
#4188),(#4189,#4190,#4191,#4192),(#4193,#4194,#4195,#4196),(#4197,#4198,
#4199,#4200),(#4201,#4202,#4203,#4204),(#4205,#4206,#4207,#4208),(#4209,
#4210,#4211,#4212),(#4213,#4214,#4215,#4216),(#4217,#4218,#4219,#4220),
(#4221,#4222,#4223,#4224),(#4225,#4226,#4227,#4228),(#4229,#4230,#4231,
#4232),(#4233,#4234,#4235,#4236),(#4237,#4238,#4239,#4240),(#4241,#4242,
#4243,#4244),(#4245,#4246,#4247,#4248),(#4249,#4250,#4251,#4252),(#4253,
#4254,#4255,#4256),(#4257,#4258,#4259,#4260),(#4261,#4262,#4263,#4264),
(#4265,#4266,#4267,#4268),(#4269,#4270,#4271,#4272),(#4273,#4274,#4275,
#4276),(#4277,#4278,#4279,#4280),(#4281,#4282,#4283,#4284),(#4285,#4286,
#4287,#4288),(#4289,#4290,#4291,#4292),(#4293,#4294,#4295,#4296),(#4297,
#4298,#4299,#4300),(#4301,#4302,#4303,#4304),(#4305,#4306,#4307,#4308),
(#4309,#4310,#4311,#4312),(#4313,#4314,#4315,#4316),(#4317,#4318,#4319,
#4320),(#4321,#4322,#4323,#4324),(#4325,#4326,#4327,#4328),(#4329,#4330,
#4331,#4332),(#4333,#4334,#4335,#4336),(#4337,#4338,#4339,#4340),(#4341,
#4342,#4343,#4344),(#4345,#4346,#4347,#4348)),.UNSPECIFIED.,.F.,.F.,.F.,
(4,1,1,1,1,1,1,1,1,1,1,1,1,1,1,1,1,1,1,1,1,1,1,1,1,1,1,1,1,1,1,1,1,1,1,
1,1,1,1,1,1,1,1,1,4),(4,4),(0.,0.0421948145155191,0.0843896290310381,0.126584443546557,
0.147681850804317,0.168779258062076,0.253168887093114,0.295363701608633,
0.337558516124152,0.348107219753032,0.358655923381912,0.379753330639672,
0.421948145155191,0.506337774186229,0.516886477815109,0.527435181443988,
0.548532588701748,0.569629995959507,0.580178699588387,0.590727403217267,
0.675117032248305,0.759506661279343,0.843896290310381,0.8860911048259,0.928285919341419,
1.01267554837246,1.0970651774035,1.13925999191901,1.18145480643453,1.20255221369229,
1.22364962095005,1.26584443546557,1.30803924998109,1.35023406449661,1.43462369352765,
1.51901332255869,1.68779258062076,1.85657183868284,2.02535109674491,2.10974072577595,
2.13083813303371,2.15193554029147,2.19413035480699,2.27851998383803,2.36290961286907),
(0.,2.67494416605803),.UNSPECIFIED.);
#1402=B_SPLINE_SURFACE_WITH_KNOTS('',3,3,((#4379,#4380,#4381,#4382,#4383,
#4384,#4385,#4386,#4387,#4388,#4389,#4390,#4391,#4392,#4393,#4394,#4395,
#4396,#4397,#4398,#4399,#4400,#4401,#4402,#4403),(#4404,#4405,#4406,#4407,
#4408,#4409,#4410,#4411,#4412,#4413,#4414,#4415,#4416,#4417,#4418,#4419,
#4420,#4421,#4422,#4423,#4424,#4425,#4426,#4427,#4428),(#4429,#4430,#4431,
#4432,#4433,#4434,#4435,#4436,#4437,#4438,#4439,#4440,#4441,#4442,#4443,
#4444,#4445,#4446,#4447,#4448,#4449,#4450,#4451,#4452,#4453),(#4454,#4455,
#4456,#4457,#4458,#4459,#4460,#4461,#4462,#4463,#4464,#4465,#4466,#4467,
#4468,#4469,#4470,#4471,#4472,#4473,#4474,#4475,#4476,#4477,#4478),(#4479,
#4480,#4481,#4482,#4483,#4484,#4485,#4486,#4487,#4488,#4489,#4490,#4491,
#4492,#4493,#4494,#4495,#4496,#4497,#4498,#4499,#4500,#4501,#4502,#4503)),
 .UNSPECIFIED.,.F.,.F.,.F.,(4,1,4),(4,1,1,1,1,1,1,1,1,1,1,1,1,1,1,1,1,1,
1,1,1,1,4),(0.,0.571428571428571,1.),(9.40516124816281,10.1675879138221,
10.5488012466518,10.9300145794815,11.501834578726,11.6924412451408,12.4548679108001,
12.645474577215,12.8360812436298,13.0266879100446,13.2172945764595,13.4079012428743,
13.5032045760817,13.5508562426854,13.5985079092891,13.7891145757039,13.9797212421188,
14.0273729087225,14.0750245753262,14.1703279085336,14.265631241741,14.3609345749484,
14.7421479077781),.UNSPECIFIED.);
#1403=B_SPLINE_SURFACE_WITH_KNOTS('',3,3,((#4553,#4554,#4555,#4556),(#4557,
#4558,#4559,#4560),(#4561,#4562,#4563,#4564),(#4565,#4566,#4567,#4568)),
 .UNSPECIFIED.,.F.,.F.,.F.,(4,4),(4,4),(0.,1.),(0.732492289609042,1.),
 .UNSPECIFIED.);
#1404=B_SPLINE_SURFACE_WITH_KNOTS('',3,3,((#4580,#4581,#4582,#4583),(#4584,
#4585,#4586,#4587),(#4588,#4589,#4590,#4591),(#4592,#4593,#4594,#4595)),
 .UNSPECIFIED.,.F.,.F.,.F.,(4,4),(4,4),(0.,1.),(0.732492289609042,1.),
 .UNSPECIFIED.);
#1405=B_SPLINE_SURFACE_WITH_KNOTS('',3,3,((#4619,#4620,#4621,#4622),(#4623,
#4624,#4625,#4626),(#4627,#4628,#4629,#4630),(#4631,#4632,#4633,#4634)),
 .UNSPECIFIED.,.F.,.F.,.F.,(4,4),(4,4),(0.,1.),(0.732492289609042,1.),
 .UNSPECIFIED.);
#1406=B_SPLINE_SURFACE_WITH_KNOTS('',3,3,((#4646,#4647,#4648,#4649),(#4650,
#4651,#4652,#4653),(#4654,#4655,#4656,#4657),(#4658,#4659,#4660,#4661)),
 .UNSPECIFIED.,.F.,.F.,.F.,(4,4),(4,4),(0.,1.),(0.732492289609042,1.),
 .UNSPECIFIED.);
#1407=ADVANCED_FACE('',(#84),#1371,.F.);
#1408=ADVANCED_FACE('',(#85),#1372,.F.);
#1409=ADVANCED_FACE('',(#86),#1373,.T.);
#1410=ADVANCED_FACE('',(#87),#1374,.T.);
#1411=ADVANCED_FACE('',(#88),#1375,.T.);
#1412=ADVANCED_FACE('',(#89),#1376,.T.);
#1413=ADVANCED_FACE('',(#90),#1377,.T.);
#1414=ADVANCED_FACE('',(#91),#1378,.T.);
#1415=ADVANCED_FACE('',(#92),#1379,.F.);
#1416=ADVANCED_FACE('',(#93),#53,.F.);
#1417=ADVANCED_FACE('',(#94),#54,.F.);
#1418=ADVANCED_FACE('',(#95),#55,.F.);
#1419=ADVANCED_FACE('',(#96),#56,.F.);
#1420=ADVANCED_FACE('',(#97),#1380,.F.);
#1421=ADVANCED_FACE('',(#98),#1381,.F.);
#1422=ADVANCED_FACE('',(#99),#1382,.F.);
#1423=ADVANCED_FACE('',(#100),#57,.T.);
#1424=ADVANCED_FACE('',(#101),#58,.T.);
#1425=ADVANCED_FACE('',(#102),#59,.F.);
#1426=ADVANCED_FACE('',(#103),#60,.F.);
#1427=ADVANCED_FACE('',(#104),#61,.F.);
#1428=ADVANCED_FACE('',(#105),#62,.T.);
#1429=ADVANCED_FACE('',(#106),#63,.F.);
#1430=ADVANCED_FACE('',(#107),#1383,.F.);
#1431=ADVANCED_FACE('',(#108),#64,.F.);
#1432=ADVANCED_FACE('',(#109),#65,.F.);
#1433=ADVANCED_FACE('',(#110),#66,.F.);
#1434=ADVANCED_FACE('',(#111),#1384,.F.);
#1435=ADVANCED_FACE('',(#112),#67,.F.);
#1436=ADVANCED_FACE('',(#113),#1385,.F.);
#1437=ADVANCED_FACE('',(#114),#68,.F.);
#1438=ADVANCED_FACE('',(#115),#69,.F.);
#1439=ADVANCED_FACE('',(#116),#70,.F.);
#1440=ADVANCED_FACE('',(#117),#1386,.F.);
#1441=ADVANCED_FACE('',(#118),#71,.F.);
#1442=ADVANCED_FACE('',(#119),#1387,.F.);
#1443=ADVANCED_FACE('',(#120),#72,.F.);
#1444=ADVANCED_FACE('',(#121),#73,.F.);
#1445=ADVANCED_FACE('',(#122),#74,.F.);
#1446=ADVANCED_FACE('',(#123),#1388,.F.);
#1447=ADVANCED_FACE('',(#124),#26,.T.);
#1448=ADVANCED_FACE('',(#125),#27,.T.);
#1449=ADVANCED_FACE('',(#126),#28,.T.);
#1450=ADVANCED_FACE('',(#127),#29,.T.);
#1451=ADVANCED_FACE('',(#128),#30,.T.);
#1452=ADVANCED_FACE('',(#129),#31,.T.);
#1453=ADVANCED_FACE('',(#130),#32,.T.);
#1454=ADVANCED_FACE('',(#131),#33,.T.);
#1455=ADVANCED_FACE('',(#132),#1389,.T.);
#1456=ADVANCED_FACE('',(#133),#1390,.T.);
#1457=ADVANCED_FACE('',(#134),#1391,.T.);
#1458=ADVANCED_FACE('',(#135),#16,.T.);
#1459=ADVANCED_FACE('',(#136),#1392,.T.);
#1460=ADVANCED_FACE('',(#137),#1393,.T.);
#1461=ADVANCED_FACE('',(#138),#17,.T.);
#1462=ADVANCED_FACE('',(#139),#1394,.T.);
#1463=ADVANCED_FACE('',(#140),#75,.F.);
#1464=ADVANCED_FACE('',(#141),#1395,.F.);
#1465=ADVANCED_FACE('',(#142),#1396,.T.);
#1466=ADVANCED_FACE('',(#143),#1397,.T.);
#1467=ADVANCED_FACE('',(#144),#76,.T.);
#1468=ADVANCED_FACE('',(#145),#77,.T.);
#1469=ADVANCED_FACE('',(#146),#78,.T.);
#1470=ADVANCED_FACE('',(#147),#34,.T.);
#1471=ADVANCED_FACE('',(#148),#79,.F.);
#1472=ADVANCED_FACE('',(#149),#35,.F.);
#1473=ADVANCED_FACE('',(#150),#80,.F.);
#1474=ADVANCED_FACE('',(#151),#36,.T.);
#1475=ADVANCED_FACE('',(#152),#81,.T.);
#1476=ADVANCED_FACE('',(#153),#1398,.F.);
#1477=ADVANCED_FACE('',(#154),#1399,.T.);
#1478=ADVANCED_FACE('',(#155),#1400,.F.);
#1479=ADVANCED_FACE('',(#156),#82,.T.);
#1480=ADVANCED_FACE('',(#157),#1401,.F.);
#1481=ADVANCED_FACE('',(#158),#1402,.T.);
#1482=ADVANCED_FACE('',(#159),#1403,.F.);
#1483=ADVANCED_FACE('',(#160),#1404,.F.);
#1484=ADVANCED_FACE('',(#161),#1405,.T.);
#1485=ADVANCED_FACE('',(#162),#1406,.T.);
#1486=ADVANCED_FACE('',(#163,#15),#83,.T.);
#1487=CLOSED_SHELL('',(#1407,#1408,#1409,#1410,#1411,#1412,#1413,#1414,
#1415,#1416,#1417,#1418,#1419,#1420,#1421,#1422,#1423,#1424,#1425,#1426,
#1427,#1428,#1429,#1430,#1431,#1432,#1433,#1434,#1435,#1436,#1437,#1438,
#1439,#1440,#1441,#1442,#1443,#1444,#1445,#1446,#1447,#1448,#1449,#1450,
#1451,#1452,#1453,#1454,#1455,#1456,#1457,#1458,#1459,#1460,#1461,#1462,
#1463,#1464,#1465,#1466,#1467,#1468,#1469,#1470,#1471,#1472,#1473,#1474,
#1475,#1476,#1477,#1478,#1479,#1480,#1481,#1482,#1483,#1484,#1485,#1486));
#1488=DERIVED_UNIT_ELEMENT(#1490,1.);
#1489=DERIVED_UNIT_ELEMENT(#4674,-3.);
#1490=(
MASS_UNIT()
NAMED_UNIT(*)
SI_UNIT(.KILO.,.GRAM.)
);
#1491=DERIVED_UNIT((#1488,#1489));
#1492=MEASURE_REPRESENTATION_ITEM('density measure',
POSITIVE_RATIO_MEASURE(7850.),#1491);
#1493=PROPERTY_DEFINITION_REPRESENTATION(#1498,#1495);
#1494=PROPERTY_DEFINITION_REPRESENTATION(#1499,#1496);
#1495=REPRESENTATION('material name',(#1497),#4671);
#1496=REPRESENTATION('density',(#1492),#4671);
#1497=DESCRIPTIVE_REPRESENTATION_ITEM('Steel','Steel');
#1498=PROPERTY_DEFINITION('material property','material name',#4681);
#1499=PROPERTY_DEFINITION('material property','density of part',#4681);
#1500=AXIS2_PLACEMENT_3D('',#1787,#1569,#1570);
#1501=AXIS2_PLACEMENT_3D('',#2269,#1580,#1581);
#1502=AXIS2_PLACEMENT_3D('',#2271,#1582,#1583);
#1503=AXIS2_PLACEMENT_3D('',#2275,#1586,#1587);
#1504=AXIS2_PLACEMENT_3D('',#2276,#1588,#1589);
#1505=AXIS2_PLACEMENT_3D('',#2277,#1590,#1591);
#1506=AXIS2_PLACEMENT_3D('',#2282,#1593,#1594);
#1507=AXIS2_PLACEMENT_3D('',#2284,#1596,#1597);
#1508=AXIS2_PLACEMENT_3D('',#2290,#1600,#1601);
#1509=AXIS2_PLACEMENT_3D('',#2408,#1602,#1603);
#1510=AXIS2_PLACEMENT_3D('',#2423,#1606,#1607);
#1511=AXIS2_PLACEMENT_3D('',#2427,#1610,#1611);
#1512=AXIS2_PLACEMENT_3D('',#2433,#1615,#1616);
#1513=AXIS2_PLACEMENT_3D('',#2439,#1620,#1621);
#1514=AXIS2_PLACEMENT_3D('',#2445,#1625,#1626);
#1515=AXIS2_PLACEMENT_3D('',#2448,#1628,#1629);
#1516=AXIS2_PLACEMENT_3D('',#2468,#1640,#1641);
#1517=AXIS2_PLACEMENT_3D('',#2491,#1645,#1646);
#1518=AXIS2_PLACEMENT_3D('',#2498,#1648,#1649);
#1519=AXIS2_PLACEMENT_3D('',#2505,#1651,#1652);
#1520=AXIS2_PLACEMENT_3D('',#2524,#1654,#1655);
#1521=AXIS2_PLACEMENT_3D('',#2547,#1659,#1660);
#1522=AXIS2_PLACEMENT_3D('',#2554,#1662,#1663);
#1523=AXIS2_PLACEMENT_3D('',#2561,#1665,#1666);
#1524=AXIS2_PLACEMENT_3D('',#2580,#1668,#1669);
#1525=AXIS2_PLACEMENT_3D('',#2603,#1673,#1674);
#1526=AXIS2_PLACEMENT_3D('',#2610,#1676,#1677);
#1527=AXIS2_PLACEMENT_3D('',#2617,#1679,#1680);
#1528=AXIS2_PLACEMENT_3D('',#2636,#1682,#1683);
#1529=AXIS2_PLACEMENT_3D('',#2637,#1684,#1685);
#1530=AXIS2_PLACEMENT_3D('',#2638,#1686,#1687);
#1531=AXIS2_PLACEMENT_3D('',#2639,#1688,#1689);
#1532=AXIS2_PLACEMENT_3D('',#2640,#1690,#1691);
#1533=AXIS2_PLACEMENT_3D('',#2641,#1692,#1693);
#1534=AXIS2_PLACEMENT_3D('',#2643,#1694,#1695);
#1535=AXIS2_PLACEMENT_3D('',#2645,#1697,#1698);
#1536=AXIS2_PLACEMENT_3D('',#2647,#1699,#1700);
#1537=AXIS2_PLACEMENT_3D('',#2649,#1702,#1703);
#1538=AXIS2_PLACEMENT_3D('',#2650,#1704,#1705);
#1539=AXIS2_PLACEMENT_3D('',#2652,#1706,#1707);
#1540=AXIS2_PLACEMENT_3D('',#2656,#1710,#1711);
#1541=AXIS2_PLACEMENT_3D('',#2657,#1712,#1713);
#1542=AXIS2_PLACEMENT_3D('',#2659,#1715,#1716);
#1543=AXIS2_PLACEMENT_3D('',#2660,#1717,#1718);
#1544=AXIS2_PLACEMENT_3D('',#2661,#1719,#1720);
#1545=AXIS2_PLACEMENT_3D('',#2662,#1721,#1722);
#1546=AXIS2_PLACEMENT_3D('',#2804,#1723,#1724);
#1547=AXIS2_PLACEMENT_3D('',#2851,#1725,#1726);
#1548=AXIS2_PLACEMENT_3D('',#3058,#1727,#1728);
#1549=AXIS2_PLACEMENT_3D('',#3065,#1729,#1730);
#1550=AXIS2_PLACEMENT_3D('',#3258,#1732,#1733);
#1551=AXIS2_PLACEMENT_3D('',#3268,#1734,#1735);
#1552=AXIS2_PLACEMENT_3D('',#3276,#1736,#1737);
#1553=AXIS2_PLACEMENT_3D('',#3280,#1739,#1740);
#1554=AXIS2_PLACEMENT_3D('',#3534,#1741,#1742);
#1555=AXIS2_PLACEMENT_3D('',#3616,#1744,#1745);
#1556=AXIS2_PLACEMENT_3D('',#3620,#1748,#1749);
#1557=AXIS2_PLACEMENT_3D('',#3624,#1752,#1753);
#1558=AXIS2_PLACEMENT_3D('',#3628,#1756,#1757);
#1559=AXIS2_PLACEMENT_3D('',#3630,#1758,#1759);
#1560=AXIS2_PLACEMENT_3D('',#3632,#1761,#1762);
#1561=AXIS2_PLACEMENT_3D('',#3636,#1765,#1766);
#1562=AXIS2_PLACEMENT_3D('',#3638,#1767,#1768);
#1563=AXIS2_PLACEMENT_3D('',#3640,#1770,#1771);
#1564=AXIS2_PLACEMENT_3D('',#3644,#1774,#1775);
#1565=AXIS2_PLACEMENT_3D('',#3646,#1776,#1777);
#1566=AXIS2_PLACEMENT_3D('',#3648,#1779,#1780);
#1567=AXIS2_PLACEMENT_3D('',#4025,#1782,#1783);
#1568=AXIS2_PLACEMENT_3D('',#4668,#1785,#1786);
#1569=DIRECTION('axis',(0.,0.,1.));
#1570=DIRECTION('refdir',(1.,0.,0.));
#1571=DIRECTION('',(0.707106781186547,0.,0.707106781186548));
#1572=DIRECTION('',(1.,0.,0.));
#1573=DIRECTION('',(-1.,0.,0.));
#1574=DIRECTION('',(-0.707106781186547,0.,0.707106781186548));
#1575=DIRECTION('',(0.,0.,1.));
#1576=DIRECTION('',(-1.,0.,8.79340601411645E-16));
#1577=DIRECTION('',(-0.707106781186547,0.,-0.707106781186548));
#1578=DIRECTION('',(0.,0.,-1.));
#1579=DIRECTION('',(1.,0.,8.79340601411645E-16));
#1580=DIRECTION('center_axis',(-6.59422559105421E-93,1.,9.38369507360376E-47));
#1581=DIRECTION('ref_axis',(-1.,-6.59422559105421E-93,0.));
#1582=DIRECTION('center_axis',(-6.59422559105421E-93,1.,9.38369507360376E-47));
#1583=DIRECTION('ref_axis',(-1.,0.,0.));
#1584=DIRECTION('',(0.,0.,-1.));
#1585=DIRECTION('',(0.707106781186547,0.,-0.707106781186548));
#1586=DIRECTION('center_axis',(-6.59422559105421E-93,1.,9.38369507360376E-47));
#1587=DIRECTION('ref_axis',(-1.,-6.59422559105421E-93,0.));
#1588=DIRECTION('center_axis',(-6.59422559105421E-93,1.,9.38369507360376E-47));
#1589=DIRECTION('ref_axis',(-1.,0.,0.));
#1590=DIRECTION('center_axis',(-6.59422559105421E-93,1.,9.38369507360376E-47));
#1591=DIRECTION('ref_axis',(-1.,-6.59422559105421E-93,0.));
#1592=DIRECTION('',(-6.18782021930072E-139,9.38369507360376E-47,-1.));
#1593=DIRECTION('center_axis',(0.,-1.,0.));
#1594=DIRECTION('ref_axis',(-1.,0.,0.));
#1595=DIRECTION('',(-1.,-6.59422559105421E-93,0.));
#1596=DIRECTION('center_axis',(-6.59422559105421E-93,1.,9.38369507360376E-47));
#1597=DIRECTION('ref_axis',(-1.,-6.59422559105421E-93,0.));
#1598=DIRECTION('',(0.,-9.38369507360376E-47,1.));
#1599=DIRECTION('',(-1.,-6.59422559105421E-93,0.));
#1600=DIRECTION('center_axis',(0.,-1.,0.));
#1601=DIRECTION('ref_axis',(-1.,0.,0.));
#1602=DIRECTION('center_axis',(0.,1.,0.));
#1603=DIRECTION('ref_axis',(1.,0.,0.));
#1604=DIRECTION('',(-1.47055768198431E-16,0.,-1.));
#1605=DIRECTION('',(1.,0.,0.));
#1606=DIRECTION('center_axis',(0.,1.,0.));
#1607=DIRECTION('ref_axis',(1.,0.,0.));
#1608=DIRECTION('',(6.18782021930072E-139,0.,1.));
#1609=DIRECTION('',(1.,0.,0.));
#1610=DIRECTION('center_axis',(0.,0.,-1.));
#1611=DIRECTION('ref_axis',(1.,0.,0.));
#1612=DIRECTION('',(0.,1.,0.));
#1613=DIRECTION('',(0.,-1.,0.));
#1614=DIRECTION('',(1.,6.59422559105421E-93,0.));
#1615=DIRECTION('center_axis',(0.,0.,-1.));
#1616=DIRECTION('ref_axis',(1.,0.,0.));
#1617=DIRECTION('',(0.,-1.,0.));
#1618=DIRECTION('',(1.,6.59422559105421E-93,0.));
#1619=DIRECTION('',(0.,-1.,0.));
#1620=DIRECTION('center_axis',(0.,0.,1.));
#1621=DIRECTION('ref_axis',(-1.,0.,0.));
#1622=DIRECTION('',(-1.,-6.59422559105421E-93,0.));
#1623=DIRECTION('',(0.,-1.,0.));
#1624=DIRECTION('',(0.,-1.,0.));
#1625=DIRECTION('center_axis',(-6.59422559105421E-93,1.,9.38369507360376E-47));
#1626=DIRECTION('ref_axis',(-1.,-6.59422559105421E-93,0.));
#1627=DIRECTION('',(0.,9.38369507360376E-47,-1.));
#1628=DIRECTION('center_axis',(0.,-1.,0.));
#1629=DIRECTION('ref_axis',(-1.,0.,0.));
#1630=DIRECTION('',(0.,-9.38369507360376E-47,1.));
#1631=DIRECTION('',(-1.,-6.59422559105421E-93,0.));
#1632=DIRECTION('',(-0.707106781186547,-6.63527441913202E-47,0.707106781186548));
#1633=DIRECTION('',(0.,-9.38369507360376E-47,1.));
#1634=DIRECTION('',(0.707106781186547,-6.63527441913202E-47,0.707106781186548));
#1635=DIRECTION('',(1.,6.59422559105421E-93,0.));
#1636=DIRECTION('',(0.707106781186547,6.63527441913202E-47,-0.707106781186548));
#1637=DIRECTION('',(0.,9.38369507360376E-47,-1.));
#1638=DIRECTION('',(-0.707106781186547,6.63527441913202E-47,-0.707106781186548));
#1639=DIRECTION('',(-1.,-6.59422559105421E-93,0.));
#1640=DIRECTION('center_axis',(0.499999999999999,-0.866025403784439,0.));
#1641=DIRECTION('ref_axis',(-0.866025403784439,-0.499999999999999,0.));
#1642=DIRECTION('',(0.,0.,-1.));
#1643=DIRECTION('',(0.,0.,-1.));
#1644=DIRECTION('',(0.,0.,-1.));
#1645=DIRECTION('center_axis',(-0.499999999999999,0.866025403784439,0.));
#1646=DIRECTION('ref_axis',(0.866025403784439,0.499999999999999,0.));
#1647=DIRECTION('',(0.,0.,-1.));
#1648=DIRECTION('center_axis',(0.5,0.866025403784439,0.));
#1649=DIRECTION('ref_axis',(0.866025403784439,-0.5,0.));
#1650=DIRECTION('',(0.,0.,-1.));
#1651=DIRECTION('center_axis',(-0.5,-0.866025403784439,0.));
#1652=DIRECTION('ref_axis',(-0.866025403784439,0.5,0.));
#1653=DIRECTION('',(0.,0.,-1.));
#1654=DIRECTION('center_axis',(0.499999999999999,-0.866025403784439,0.));
#1655=DIRECTION('ref_axis',(-0.866025403784439,-0.499999999999999,0.));
#1656=DIRECTION('',(0.,0.,-1.));
#1657=DIRECTION('',(0.,0.,-1.));
#1658=DIRECTION('',(0.,0.,-1.));
#1659=DIRECTION('center_axis',(-0.499999999999999,0.866025403784439,0.));
#1660=DIRECTION('ref_axis',(0.866025403784439,0.499999999999999,0.));
#1661=DIRECTION('',(0.,0.,-1.));
#1662=DIRECTION('center_axis',(0.5,0.866025403784439,0.));
#1663=DIRECTION('ref_axis',(0.866025403784439,-0.5,0.));
#1664=DIRECTION('',(0.,0.,-1.));
#1665=DIRECTION('center_axis',(-0.5,-0.866025403784439,0.));
#1666=DIRECTION('ref_axis',(-0.866025403784439,0.5,0.));
#1667=DIRECTION('',(0.,0.,-1.));
#1668=DIRECTION('center_axis',(0.499999999999999,-0.866025403784439,0.));
#1669=DIRECTION('ref_axis',(-0.866025403784439,-0.499999999999999,0.));
#1670=DIRECTION('',(0.,0.,-1.));
#1671=DIRECTION('',(0.,0.,-1.));
#1672=DIRECTION('',(0.,0.,-1.));
#1673=DIRECTION('center_axis',(-0.499999999999999,0.866025403784439,0.));
#1674=DIRECTION('ref_axis',(0.866025403784439,0.499999999999999,0.));
#1675=DIRECTION('',(0.,0.,-1.));
#1676=DIRECTION('center_axis',(0.5,0.866025403784439,0.));
#1677=DIRECTION('ref_axis',(0.866025403784439,-0.5,0.));
#1678=DIRECTION('',(0.,0.,-1.));
#1679=DIRECTION('center_axis',(-0.5,-0.866025403784439,0.));
#1680=DIRECTION('ref_axis',(-0.866025403784439,0.5,0.));
#1681=DIRECTION('',(0.,0.,-1.));
#1682=DIRECTION('center_axis',(-1.,-6.59422559105421E-93,0.));
#1683=DIRECTION('ref_axis',(0.,0.707106781186547,-0.707106781186547));
#1684=DIRECTION('center_axis',(-0.923879532511287,0.,-0.382683432365091));
#1685=DIRECTION('ref_axis',(0.382683432365091,1.72315418786229E-92,-0.923879532511286));
#1686=DIRECTION('center_axis',(-0.923879532511287,0.,0.382683432365091));
#1687=DIRECTION('ref_axis',(-0.382683432365091,1.7338807635659E-46,-0.923879532511286));
#1688=DIRECTION('center_axis',(-0.707106781186547,6.63527441913202E-47,
-0.707106781186548));
#1689=DIRECTION('ref_axis',(0.5,0.707106781186548,-0.5));
#1690=DIRECTION('center_axis',(-0.382683432365089,0.,-0.923879532511287));
#1691=DIRECTION('ref_axis',(0.923879532511287,-1.7338807635659E-46,-0.382683432365089));
#1692=DIRECTION('center_axis',(0.,9.38369507360376E-47,-1.));
#1693=DIRECTION('ref_axis',(0.707106781186547,0.707106781186547,0.));
#1694=DIRECTION('center_axis',(0.38268343236509,0.,-0.923879532511287));
#1695=DIRECTION('ref_axis',(0.923879532511287,-2.45207769137271E-46,0.38268343236509));
#1696=DIRECTION('',(0.,0.,1.));
#1697=DIRECTION('center_axis',(0.707106781186547,6.63527441913202E-47,-0.707106781186548));
#1698=DIRECTION('ref_axis',(0.500000000000001,0.707106781186547,0.5));
#1699=DIRECTION('center_axis',(0.923879532511287,0.,-0.38268343236509));
#1700=DIRECTION('ref_axis',(0.38268343236509,-1.7338807635659E-46,0.923879532511287));
#1701=DIRECTION('',(-0.707106781186547,0.,0.707106781186548));
#1702=DIRECTION('center_axis',(1.,6.59422559105421E-93,0.));
#1703=DIRECTION('ref_axis',(0.,0.707106781186547,0.707106781186547));
#1704=DIRECTION('center_axis',(-1.,0.,0.));
#1705=DIRECTION('ref_axis',(0.,0.707106781186547,0.707106781186547));
#1706=DIRECTION('center_axis',(0.923879532511287,0.,0.38268343236509));
#1707=DIRECTION('ref_axis',(-0.38268343236509,-1.72315418786229E-92,0.923879532511287));
#1708=DIRECTION('',(1.,0.,-1.70803542250024E-16));
#1709=DIRECTION('',(-1.,0.,-1.70803542250024E-16));
#1710=DIRECTION('center_axis',(1.,0.,0.));
#1711=DIRECTION('ref_axis',(0.,0.707106781186547,0.707106781186547));
#1712=DIRECTION('center_axis',(0.707106781186547,-6.63527441913202E-47,
0.707106781186548));
#1713=DIRECTION('ref_axis',(-0.5,0.707106781186548,0.5));
#1714=DIRECTION('',(0.707106781186547,0.,0.707106781186548));
#1715=DIRECTION('center_axis',(0.382683432365089,0.,0.923879532511287));
#1716=DIRECTION('ref_axis',(-0.923879532511287,1.7338807635659E-46,0.382683432365089));
#1717=DIRECTION('center_axis',(0.,-9.38369507360376E-47,1.));
#1718=DIRECTION('ref_axis',(-0.707106781186547,0.707106781186547,0.));
#1719=DIRECTION('center_axis',(-0.38268343236509,0.,0.923879532511287));
#1720=DIRECTION('ref_axis',(-0.923879532511287,2.45207769137271E-46,-0.38268343236509));
#1721=DIRECTION('center_axis',(-0.707106781186547,-6.63527441913202E-47,
0.707106781186548));
#1722=DIRECTION('ref_axis',(-0.500000000000001,0.707106781186547,-0.5));
#1723=DIRECTION('center_axis',(0.279140665675174,0.96009046902123,-0.0175151380530097));
#1724=DIRECTION('ref_axis',(0.0871557427476569,-0.0071666953598104,0.996168918900667));
#1725=DIRECTION('center_axis',(-0.256565617347628,-0.86201905114335,0.437146702447759));
#1726=DIRECTION('ref_axis',(0.0871557427476569,-0.471077556474266,-0.877775490824584));
#1727=DIRECTION('center_axis',(1.,-1.22124532708766E-15,-1.00929365875013E-17));
#1728=DIRECTION('ref_axis',(1.84701121550692E-18,0.00719407097180451,-0.9999741223366));
#1729=DIRECTION('center_axis',(-1.,1.22124532708767E-15,6.93889390390723E-18));
#1730=DIRECTION('ref_axis',(1.84701121550692E-18,0.00719407097180451,-0.9999741223366));
#1731=DIRECTION('',(0.996194698091746,0.0412139458329897,0.0767954045680551));
#1732=DIRECTION('center_axis',(0.25656561734763,-0.862019051143352,0.437146702447753));
#1733=DIRECTION('ref_axis',(-0.958448330724656,-0.285266186799488,0.));
#1734=DIRECTION('center_axis',(0.27914066567518,-0.960090469021228,0.0175151380530256));
#1735=DIRECTION('ref_axis',(-0.087155742747651,-0.00716669535979264,0.996168918900668));
#1736=DIRECTION('center_axis',(-1.,-1.22124532708766E-15,-1.00929365875013E-17));
#1737=DIRECTION('ref_axis',(-1.84701121550692E-18,0.00719407097180451,-0.9999741223366));
#1738=DIRECTION('',(-0.996194698091746,0.0412139458329897,0.0767954045680551));
#1739=DIRECTION('center_axis',(-1.,-1.22124532708767E-15,-6.93889390390723E-18));
#1740=DIRECTION('ref_axis',(-1.84701121550692E-18,0.00719407097180451,-0.9999741223366));
#1741=DIRECTION('center_axis',(1.,-1.22124532708767E-15,-6.93889390390723E-18));
#1742=DIRECTION('ref_axis',(-6.93889390390723E-18,2.73691106313441E-48,
-1.));
#1743=DIRECTION('',(-6.93889390390723E-18,0.,-1.));
#1744=DIRECTION('center_axis',(0.,0.,1.));
#1745=DIRECTION('ref_axis',(1.,0.,0.));
#1746=DIRECTION('',(-1.,0.,0.));
#1747=DIRECTION('',(0.,1.,0.));
#1748=DIRECTION('center_axis',(0.,0.,1.));
#1749=DIRECTION('ref_axis',(1.,0.,0.));
#1750=DIRECTION('',(-1.,0.,0.));
#1751=DIRECTION('',(0.,-1.,0.));
#1752=DIRECTION('center_axis',(1.,0.,-6.18782021930072E-139));
#1753=DIRECTION('ref_axis',(-6.18782021930072E-139,9.38369507360376E-47,
-1.));
#1754=DIRECTION('',(6.18782021930072E-139,0.,1.));
#1755=DIRECTION('',(0.,1.,0.));
#1756=DIRECTION('center_axis',(0.,1.,0.));
#1757=DIRECTION('ref_axis',(-1.,0.,0.));
#1758=DIRECTION('center_axis',(0.,-1.,0.));
#1759=DIRECTION('ref_axis',(-1.,0.,0.));
#1760=DIRECTION('',(0.,1.,0.));
#1761=DIRECTION('center_axis',(1.,0.,0.));
#1762=DIRECTION('ref_axis',(0.,0.,1.));
#1763=DIRECTION('',(0.,0.,-1.));
#1764=DIRECTION('',(0.,1.,0.));
#1765=DIRECTION('center_axis',(0.,1.,0.));
#1766=DIRECTION('ref_axis',(1.83697019872103E-16,0.,-1.));
#1767=DIRECTION('center_axis',(0.,1.,0.));
#1768=DIRECTION('ref_axis',(-1.,0.,0.));
#1769=DIRECTION('',(0.,1.,0.));
#1770=DIRECTION('center_axis',(-1.,0.,0.));
#1771=DIRECTION('ref_axis',(0.,0.,-1.));
#1772=DIRECTION('',(0.,0.,1.));
#1773=DIRECTION('',(0.,1.,0.));
#1774=DIRECTION('center_axis',(0.,1.,0.));
#1775=DIRECTION('ref_axis',(-1.,0.,0.));
#1776=DIRECTION('center_axis',(0.,-1.,0.));
#1777=DIRECTION('ref_axis',(-1.,0.,0.));
#1778=DIRECTION('',(0.,1.,0.));
#1779=DIRECTION('center_axis',(-1.,0.,1.47055768198431E-16));
#1780=DIRECTION('ref_axis',(1.47055768198431E-16,-9.38369507360376E-47,
1.));
#1781=DIRECTION('',(-1.47055768198431E-16,0.,-1.));
#1782=DIRECTION('center_axis',(1.,1.22124532708767E-15,6.93889390390723E-18));
#1783=DIRECTION('ref_axis',(6.93889390390723E-18,2.73691106313441E-48,-1.));
#1784=DIRECTION('',(-6.93889390390723E-18,0.,1.));
#1785=DIRECTION('center_axis',(0.,-1.,0.));
#1786=DIRECTION('ref_axis',(0.,0.,-1.));
#1787=CARTESIAN_POINT('',(0.,0.,0.));
#1788=CARTESIAN_POINT('Ctrl Pts',(41.5087909454639,62.,-27.2724721817239));
#1789=CARTESIAN_POINT('Ctrl Pts',(35.6054716376388,98.4044124714395,-25.5956930211768));
#1790=CARTESIAN_POINT('Ctrl Pts',(26.1025413224842,134.40441247144,-23.1715356272689));
#1791=CARTESIAN_POINT('Ctrl Pts',(13.,170.,-20.));
#1792=CARTESIAN_POINT('Ctrl Pts',(45.3429634655861,62.,-23.4382996616018));
#1793=CARTESIAN_POINT('Ctrl Pts',(39.064480386011,98.4044124714396,-22.1366842728047));
#1794=CARTESIAN_POINT('Ctrl Pts',(29.0612703419267,134.40441247144,-20.2128066078263));
#1795=CARTESIAN_POINT('Ctrl Pts',(15.3333333333333,170.,-17.6666666666667));
#1796=CARTESIAN_POINT('Ctrl Pts',(49.1771359857083,62.,-19.6041271414797));
#1797=CARTESIAN_POINT('Ctrl Pts',(42.5234891343832,98.4044124714395,-18.6776755244326));
#1798=CARTESIAN_POINT('Ctrl Pts',(32.0199993613693,134.40441247144,-17.2540775883838));
#1799=CARTESIAN_POINT('Ctrl Pts',(17.6666666666666,170.,-15.3333333333334));
#1800=CARTESIAN_POINT('Ctrl Pts',(53.0113085058305,62.,-15.7699546213576));
#1801=CARTESIAN_POINT('Ctrl Pts',(45.9824978827554,98.4044124714395,-15.2186667760605));
#1802=CARTESIAN_POINT('Ctrl Pts',(34.9787283808119,134.40441247144,-14.2953485689413));
#1803=CARTESIAN_POINT('Ctrl Pts',(19.9999999999999,170.,-13.));
#1804=CARTESIAN_POINT('',(41.5087909454639,62.,-27.2724721817239));
#1805=CARTESIAN_POINT('',(53.0113085058304,62.,-15.7699546213576));
#1806=CARTESIAN_POINT('Ctrl Pts',(41.5087909454639,62.,-27.2724721817239));
#1807=CARTESIAN_POINT('Ctrl Pts',(43.425877205525,62.,-25.3553859216629));
#1808=CARTESIAN_POINT('Ctrl Pts',(45.3429634655861,62.,-23.4382996616018));
#1809=CARTESIAN_POINT('Ctrl Pts',(49.1771359857083,62.,-19.6041271414797));
#1810=CARTESIAN_POINT('Ctrl Pts',(51.0942222457694,62.,-17.6870408814187));
#1811=CARTESIAN_POINT('Ctrl Pts',(53.0113085058305,62.,-15.7699546213576));
#1812=CARTESIAN_POINT('',(13.,170.,-20.));
#1813=CARTESIAN_POINT('Ctrl Pts',(41.5087909454639,62.,-27.2724721817239));
#1814=CARTESIAN_POINT('Ctrl Pts',(35.6054716376388,98.4044124714396,-25.5956930211768));
#1815=CARTESIAN_POINT('Ctrl Pts',(26.1025413224842,134.40441247144,-23.1715356272689));
#1816=CARTESIAN_POINT('Ctrl Pts',(13.,170.,-20.));
#1817=CARTESIAN_POINT('',(19.9999999999999,170.,-13.0000000000001));
#1818=CARTESIAN_POINT('',(13.,170.,-20.));
#1819=CARTESIAN_POINT('Ctrl Pts',(53.0113085058304,62.,-15.7699546213576));
#1820=CARTESIAN_POINT('Ctrl Pts',(45.9824978827554,98.4044124714396,-15.2186667760605));
#1821=CARTESIAN_POINT('Ctrl Pts',(34.9787283808119,134.40441247144,-14.2953485689413));
#1822=CARTESIAN_POINT('Ctrl Pts',(19.9999999999999,170.,-13.0000000000001));
#1823=CARTESIAN_POINT('Ctrl Pts',(0.,62.,-27.2724721817239));
#1824=CARTESIAN_POINT('Ctrl Pts',(0.,98.4044124714396,-25.5956930211768));
#1825=CARTESIAN_POINT('Ctrl Pts',(0.,134.40441247144,-23.1715356272689));
#1826=CARTESIAN_POINT('Ctrl Pts',(0.,170.,-20.));
#1827=CARTESIAN_POINT('Ctrl Pts',(13.836263648488,62.,-27.2724721817239));
#1828=CARTESIAN_POINT('Ctrl Pts',(11.8684905458796,98.4044124714396,-25.5956930211768));
#1829=CARTESIAN_POINT('Ctrl Pts',(8.70084710749472,134.40441247144,-23.1715356272689));
#1830=CARTESIAN_POINT('Ctrl Pts',(4.33333333333333,170.,-20.));
#1831=CARTESIAN_POINT('Ctrl Pts',(27.6725272969759,62.,-27.2724721817239));
#1832=CARTESIAN_POINT('Ctrl Pts',(23.7369810917592,98.4044124714395,-25.5956930211768));
#1833=CARTESIAN_POINT('Ctrl Pts',(17.4016942149895,134.40441247144,-23.1715356272689));
#1834=CARTESIAN_POINT('Ctrl Pts',(8.66666666666667,170.,-20.));
#1835=CARTESIAN_POINT('Ctrl Pts',(41.5087909454639,62.,-27.2724721817239));
#1836=CARTESIAN_POINT('Ctrl Pts',(35.6054716376388,98.4044124714396,-25.5956930211768));
#1837=CARTESIAN_POINT('Ctrl Pts',(26.1025413224842,134.40441247144,-23.1715356272689));
#1838=CARTESIAN_POINT('Ctrl Pts',(13.,170.,-20.));
#1839=CARTESIAN_POINT('',(-1.08841263194847E-15,62.,-27.2724721817239));
#1840=CARTESIAN_POINT('Ctrl Pts',(0.,62.,-27.2724721817239));
#1841=CARTESIAN_POINT('Ctrl Pts',(6.91813182424398,62.,-27.2724721817239));
#1842=CARTESIAN_POINT('Ctrl Pts',(13.836263648488,62.,-27.2724721817239));
#1843=CARTESIAN_POINT('Ctrl Pts',(27.6725272969759,62.,-27.2724721817239));
#1844=CARTESIAN_POINT('Ctrl Pts',(34.5906591212199,62.,-27.2724721817239));
#1845=CARTESIAN_POINT('Ctrl Pts',(41.5087909454639,62.,-27.2724721817239));
#1846=CARTESIAN_POINT('',(0.,170.,-20.));
#1847=CARTESIAN_POINT('Ctrl Pts',(-1.08841263194847E-15,62.,-27.2724721817239));
#1848=CARTESIAN_POINT('Ctrl Pts',(-9.9912461583254E-16,98.4044124714396,
-25.5956930211768));
#1849=CARTESIAN_POINT('Ctrl Pts',(-6.36320405183052E-16,134.40441247144,
-23.1715356272689));
#1850=CARTESIAN_POINT('Ctrl Pts',(0.,170.,-20.));
#1851=CARTESIAN_POINT('',(0.,170.,-20.));
#1852=CARTESIAN_POINT('Ctrl Pts',(0.,62.,-27.2724721817239));
#1853=CARTESIAN_POINT('Ctrl Pts',(0.,98.4044124714395,-25.5956930211768));
#1854=CARTESIAN_POINT('Ctrl Pts',(0.,134.40441247144,-23.1715356272689));
#1855=CARTESIAN_POINT('Ctrl Pts',(0.,170.,-20.));
#1856=CARTESIAN_POINT('Ctrl Pts',(-13.836263648488,62.,-27.2724721817239));
#1857=CARTESIAN_POINT('Ctrl Pts',(-11.8684905458796,98.4044124714396,-25.5956930211768));
#1858=CARTESIAN_POINT('Ctrl Pts',(-8.70084710749472,134.40441247144,-23.1715356272689));
#1859=CARTESIAN_POINT('Ctrl Pts',(-4.33333333333333,170.,-20.));
#1860=CARTESIAN_POINT('Ctrl Pts',(-27.6725272969759,62.,-27.2724721817239));
#1861=CARTESIAN_POINT('Ctrl Pts',(-23.7369810917592,98.4044124714395,-25.5956930211768));
#1862=CARTESIAN_POINT('Ctrl Pts',(-17.4016942149895,134.40441247144,-23.1715356272689));
#1863=CARTESIAN_POINT('Ctrl Pts',(-8.66666666666667,170.,-20.));
#1864=CARTESIAN_POINT('Ctrl Pts',(-41.5087909454639,62.,-27.2724721817239));
#1865=CARTESIAN_POINT('Ctrl Pts',(-35.6054716376388,98.4044124714395,-25.5956930211768));
#1866=CARTESIAN_POINT('Ctrl Pts',(-26.1025413224842,134.40441247144,-23.1715356272689));
#1867=CARTESIAN_POINT('Ctrl Pts',(-13.,170.,-20.));
#1868=CARTESIAN_POINT('',(-41.5087909454639,62.,-27.2724721817239));
#1869=CARTESIAN_POINT('Ctrl Pts',(-41.5087909454639,62.,-27.2724721817239));
#1870=CARTESIAN_POINT('Ctrl Pts',(-34.5906591212199,62.,-27.2724721817239));
#1871=CARTESIAN_POINT('Ctrl Pts',(-27.6725272969759,62.,-27.2724721817239));
#1872=CARTESIAN_POINT('Ctrl Pts',(-13.836263648488,62.,-27.2724721817239));
#1873=CARTESIAN_POINT('Ctrl Pts',(-6.91813182424398,62.,-27.2724721817239));
#1874=CARTESIAN_POINT('Ctrl Pts',(0.,62.,-27.2724721817239));
#1875=CARTESIAN_POINT('',(-13.,170.,-20.));
#1876=CARTESIAN_POINT('Ctrl Pts',(-41.5087909454639,62.,-27.2724721817239));
#1877=CARTESIAN_POINT('Ctrl Pts',(-35.6054716376388,98.4044124714396,-25.5956930211768));
#1878=CARTESIAN_POINT('Ctrl Pts',(-26.1025413224842,134.40441247144,-23.1715356272689));
#1879=CARTESIAN_POINT('Ctrl Pts',(-13.,170.,-20.));
#1880=CARTESIAN_POINT('',(0.,170.,-20.));
#1881=CARTESIAN_POINT('Ctrl Pts',(-41.5087909454639,62.,-27.2724721817239));
#1882=CARTESIAN_POINT('Ctrl Pts',(-35.6054716376388,98.4044124714396,-25.5956930211768));
#1883=CARTESIAN_POINT('Ctrl Pts',(-26.1025413224842,134.40441247144,-23.1715356272689));
#1884=CARTESIAN_POINT('Ctrl Pts',(-13.,170.,-20.));
#1885=CARTESIAN_POINT('Ctrl Pts',(-45.3429634655861,62.,-23.4382996616018));
#1886=CARTESIAN_POINT('Ctrl Pts',(-39.064480386011,98.4044124714396,-22.1366842728047));
#1887=CARTESIAN_POINT('Ctrl Pts',(-29.0612703419267,134.40441247144,-20.2128066078263));
#1888=CARTESIAN_POINT('Ctrl Pts',(-15.3333333333333,170.,-17.6666666666667));
#1889=CARTESIAN_POINT('Ctrl Pts',(-49.1771359857083,62.,-19.6041271414797));
#1890=CARTESIAN_POINT('Ctrl Pts',(-42.5234891343832,98.4044124714395,-18.6776755244326));
#1891=CARTESIAN_POINT('Ctrl Pts',(-32.0199993613693,134.40441247144,-17.2540775883838));
#1892=CARTESIAN_POINT('Ctrl Pts',(-17.6666666666666,170.,-15.3333333333334));
#1893=CARTESIAN_POINT('Ctrl Pts',(-53.0113085058305,62.,-15.7699546213576));
#1894=CARTESIAN_POINT('Ctrl Pts',(-45.9824978827554,98.4044124714396,-15.2186667760605));
#1895=CARTESIAN_POINT('Ctrl Pts',(-34.9787283808119,134.40441247144,-14.2953485689413));
#1896=CARTESIAN_POINT('Ctrl Pts',(-19.9999999999999,170.,-13.));
#1897=CARTESIAN_POINT('',(-53.0113085058304,62.,-15.7699546213576));
#1898=CARTESIAN_POINT('Ctrl Pts',(-53.0113085058305,62.,-15.7699546213576));
#1899=CARTESIAN_POINT('Ctrl Pts',(-51.0942222457694,62.,-17.6870408814187));
#1900=CARTESIAN_POINT('Ctrl Pts',(-49.1771359857083,62.,-19.6041271414797));
#1901=CARTESIAN_POINT('Ctrl Pts',(-45.3429634655861,62.,-23.4382996616018));
#1902=CARTESIAN_POINT('Ctrl Pts',(-43.425877205525,62.,-25.3553859216629));
#1903=CARTESIAN_POINT('Ctrl Pts',(-41.5087909454639,62.,-27.2724721817239));
#1904=CARTESIAN_POINT('',(-19.9999999999999,170.,-13.0000000000001));
#1905=CARTESIAN_POINT('Ctrl Pts',(-53.0113085058304,62.,-15.7699546213576));
#1906=CARTESIAN_POINT('Ctrl Pts',(-45.9824978827554,98.4044124714396,-15.2186667760605));
#1907=CARTESIAN_POINT('Ctrl Pts',(-34.9787283808119,134.40441247144,-14.2953485689413));
#1908=CARTESIAN_POINT('Ctrl Pts',(-19.9999999999999,170.,-13.0000000000001));
#1909=CARTESIAN_POINT('',(-13.,170.,-20.));
#1910=CARTESIAN_POINT('Ctrl Pts',(-53.0113116715186,61.9999836039077,-15.7699548696507));
#1911=CARTESIAN_POINT('Ctrl Pts',(-45.9825011867288,98.4044016621395,-15.2186670532944));
#1912=CARTESIAN_POINT('Ctrl Pts',(-34.9787306295559,134.404407127504,-14.2953487634109));
#1913=CARTESIAN_POINT('Ctrl Pts',(-19.9999999999999,170.,-13.0000000000001));
#1914=CARTESIAN_POINT('Ctrl Pts',(-53.0113116715186,61.9999836039077,-2.25497291170118));
#1915=CARTESIAN_POINT('Ctrl Pts',(-45.9825011867288,98.4044016621395,-2.82153788726087));
#1916=CARTESIAN_POINT('Ctrl Pts',(-34.9787306295559,134.404407127504,-3.5143246944716));
#1917=CARTESIAN_POINT('Ctrl Pts',(-19.9999999999999,170.,-4.33333333333335));
#1918=CARTESIAN_POINT('Ctrl Pts',(-53.0113116715186,61.9999836039077,11.2600090462484));
#1919=CARTESIAN_POINT('Ctrl Pts',(-45.9825011867288,98.4044016621396,9.5755912787727));
#1920=CARTESIAN_POINT('Ctrl Pts',(-34.9787306295559,134.404407127504,7.2666993744677));
#1921=CARTESIAN_POINT('Ctrl Pts',(-19.9999999999999,170.,4.33333333333335));
#1922=CARTESIAN_POINT('Ctrl Pts',(-53.0113116715186,61.9999836039077,24.7749910041979));
#1923=CARTESIAN_POINT('Ctrl Pts',(-45.9825011867288,98.4044016621395,21.9727204448063));
#1924=CARTESIAN_POINT('Ctrl Pts',(-34.9787306295559,134.404407127504,18.047723443407));
#1925=CARTESIAN_POINT('Ctrl Pts',(-19.9999999999999,170.,13.0000000000001));
#1926=CARTESIAN_POINT('',(-53.0113085058304,62.,24.7749897420904));
#1927=CARTESIAN_POINT('',(-53.0113085058305,62.,13.1172224689167));
#1928=CARTESIAN_POINT('Ctrl Pts',(-53.0113085058305,62.,24.7749897420904));
#1929=CARTESIAN_POINT('Ctrl Pts',(-53.0113085058305,62.,20.8890673176992));
#1930=CARTESIAN_POINT('Ctrl Pts',(-53.0113085058305,62.,17.0031448933079));
#1931=CARTESIAN_POINT('Ctrl Pts',(-53.0113085058305,62.,13.1172224689167));
#1932=CARTESIAN_POINT('',(-19.9999999999999,170.,13.0000000000001));
#1933=CARTESIAN_POINT('Ctrl Pts',(-53.0113085058304,62.,24.7749897420904));
#1934=CARTESIAN_POINT('Ctrl Pts',(-45.9824978827554,98.4044124714396,21.9727192662934));
#1935=CARTESIAN_POINT('Ctrl Pts',(-34.9787283808119,134.40441247144,18.0477226855966));
#1936=CARTESIAN_POINT('Ctrl Pts',(-19.9999999999999,170.,13.0000000000001));
#1937=CARTESIAN_POINT('',(-19.9999999999999,170.,-13.0000000000001));
#1938=CARTESIAN_POINT('',(-53.011308505837,61.999999999983,-11.7045677406855));
#1939=CARTESIAN_POINT('Ctrl Pts',(-53.011308505837,61.999999999983,-11.7045677406855));
#1940=CARTESIAN_POINT('Ctrl Pts',(-53.011308505837,61.999999999983,-13.0596967009095));
#1941=CARTESIAN_POINT('Ctrl Pts',(-53.0113085058305,62.,-14.4148256611336));
#1942=CARTESIAN_POINT('Ctrl Pts',(-53.0113085058305,62.,-15.7699546213576));
#1943=CARTESIAN_POINT('',(-41.6012508961932,109.212763210695,-9.99359064776689));
#1944=CARTESIAN_POINT('Ctrl Pts',(-41.6012508961932,109.212763210695,-9.99359064776689));
#1945=CARTESIAN_POINT('Ctrl Pts',(-42.251314109661,106.976903043198,-9.95257395125142));
#1946=CARTESIAN_POINT('Ctrl Pts',(-43.2049137496765,103.615806940349,-9.9559504799663));
#1947=CARTESIAN_POINT('Ctrl Pts',(-44.4321528225176,99.1228940003008,-9.88428338272698));
#1948=CARTESIAN_POINT('Ctrl Pts',(-45.3305717516627,95.746834964056,-9.89730369695135));
#1949=CARTESIAN_POINT('Ctrl Pts',(-46.2066289292524,92.3654363245145,-9.90171387787862));
#1950=CARTESIAN_POINT('Ctrl Pts',(-47.0604195249408,88.9780686024188,-9.86927653920741));
#1951=CARTESIAN_POINT('Ctrl Pts',(-47.8915393371222,85.5860724732872,-9.94058483511468));
#1952=CARTESIAN_POINT('Ctrl Pts',(-48.6997635132558,82.1902201554267,-10.0920561594415));
#1953=CARTESIAN_POINT('Ctrl Pts',(-49.484187989028,78.7942585886169,-10.3174078835646));
#1954=CARTESIAN_POINT('Ctrl Pts',(-50.4986396927916,74.2655172909542,-10.7103219509372));
#1955=CARTESIAN_POINT('Ctrl Pts',(-51.4698650060636,69.7167163395432,-10.9595970729048));
#1956=CARTESIAN_POINT('Ctrl Pts',(-52.3762808820972,65.2521627792795,-11.3857136837938));
#1957=CARTESIAN_POINT('Ctrl Pts',(-52.8070001860466,63.0581748578685,-11.6044697577753));
#1958=CARTESIAN_POINT('Ctrl Pts',(-53.011309004122,61.9999972194944,-11.7045373206887));
#1959=CARTESIAN_POINT('',(-40.6366805754886,112.491522856949,3.23718251841741));
#1960=CARTESIAN_POINT('Ctrl Pts',(-40.6366805754886,112.491522856949,3.23718251841741));
#1961=CARTESIAN_POINT('Ctrl Pts',(-40.4036693290985,113.274403024586,2.83796303816749));
#1962=CARTESIAN_POINT('Ctrl Pts',(-39.975804127126,114.698500471963,1.73428284554416));
#1963=CARTESIAN_POINT('Ctrl Pts',(-39.5526227912848,116.088843003383,-0.649594905468103));
#1964=CARTESIAN_POINT('Ctrl Pts',(-39.4354906562503,116.470977280529,-3.41482012473756));
#1965=CARTESIAN_POINT('Ctrl Pts',(-39.7200639193218,115.541768761614,-7.02598005015634));
#1966=CARTESIAN_POINT('Ctrl Pts',(-40.5768821180278,112.711103070378,-9.57561311995634));
#1967=CARTESIAN_POINT('Ctrl Pts',(-41.3477421227872,110.084694058075,-10.0095861574456));
#1968=CARTESIAN_POINT('Ctrl Pts',(-41.6012508961932,109.212763210695,-9.99359064776689));
#1969=CARTESIAN_POINT('Ctrl Pts',(-53.0113082278692,62.0000013349683,13.1172323743128));
#1970=CARTESIAN_POINT('Ctrl Pts',(-52.5434197406532,64.4233375812523,12.7760038041039));
#1971=CARTESIAN_POINT('Ctrl Pts',(-51.8121100016445,68.0705744247882,12.2585701829968));
#1972=CARTESIAN_POINT('Ctrl Pts',(-50.7862081165875,72.9174187728353,11.4553237935051));
#1973=CARTESIAN_POINT('Ctrl Pts',(-49.8536740836836,77.1725519896464,10.6888525945135));
#1974=CARTESIAN_POINT('Ctrl Pts',(-49.0214538618791,80.8140200762115,10.0402285161046));
#1975=CARTESIAN_POINT('Ctrl Pts',(-48.1665008109121,84.4363395837852,9.31727579436831));
#1976=CARTESIAN_POINT('Ctrl Pts',(-47.4391216434784,87.4467158613015,8.69204544769296));
#1977=CARTESIAN_POINT('Ctrl Pts',(-46.6890577611151,90.4577332347742,8.09687756489225));
#1978=CARTESIAN_POINT('Ctrl Pts',(-46.0773840000873,92.8590258799706,7.59838101361607));
#1979=CARTESIAN_POINT('Ctrl Pts',(-45.6131360546044,94.6552672812094,7.20741898878448));
#1980=CARTESIAN_POINT('Ctrl Pts',(-45.1404906800547,96.4579101347785,6.8599677923479));
#1981=CARTESIAN_POINT('Ctrl Pts',(-44.6606466622092,98.2621096359985,6.52992886575019));
#1982=CARTESIAN_POINT('Ctrl Pts',(-44.257815815242,99.7556488456841,6.20802205452921));
#1983=CARTESIAN_POINT('Ctrl Pts',(-43.9743368107234,100.795928416073,5.96001505576922));
#1984=CARTESIAN_POINT('Ctrl Pts',(-43.8113715420633,101.39091017931,5.82216103880925));
#1985=CARTESIAN_POINT('Ctrl Pts',(-43.5654654811356,102.2856669888,5.62731799021044));
#1986=CARTESIAN_POINT('Ctrl Pts',(-43.1904240591639,103.638755318817,5.40313952252088));
#1987=CARTESIAN_POINT('Ctrl Pts',(-42.7702608221057,105.134224259773,5.11222836244262));
#1988=CARTESIAN_POINT('Ctrl Pts',(-42.4325521878441,106.324407516345,4.85615080527002));
#1989=CARTESIAN_POINT('Ctrl Pts',(-42.0916062726243,107.518026087402,4.60990408865783));
#1990=CARTESIAN_POINT('Ctrl Pts',(-41.488807463913,109.608255336727,4.25850619015203));
#1991=CARTESIAN_POINT('Ctrl Pts',(-40.9609001201988,111.402197532759,3.79266968966459));
#1992=CARTESIAN_POINT('Ctrl Pts',(-40.6366805754888,112.491522856948,3.23718251841783));
#1993=CARTESIAN_POINT('Ctrl Pts',(5.20735385494739E-14,62.,26.5645894187142));
#1994=CARTESIAN_POINT('Ctrl Pts',(4.73796788032129E-14,98.4044124714396,
23.2914545928417));
#1995=CARTESIAN_POINT('Ctrl Pts',(2.92816839369715E-14,134.40441247144,
18.7699247866036));
#1996=CARTESIAN_POINT('Ctrl Pts',(-2.22044604925031E-15,170.,13.));
#1997=CARTESIAN_POINT('Ctrl Pts',(-13.7740712975316,62.,26.5645894187142));
#1998=CARTESIAN_POINT('Ctrl Pts',(-11.5880892065318,98.4044124714396,23.2914545928417));
#1999=CARTESIAN_POINT('Ctrl Pts',(-8.11901044773105,134.40441247144,18.7699247866036));
#2000=CARTESIAN_POINT('Ctrl Pts',(-3.36683502112944,170.,13.));
#2001=CARTESIAN_POINT('Ctrl Pts',(-27.5481425950633,62.,26.5645894187142));
#2002=CARTESIAN_POINT('Ctrl Pts',(-23.1761784130636,98.4044124714395,23.2914545928417));
#2003=CARTESIAN_POINT('Ctrl Pts',(-16.2380208954621,134.40441247144,18.7699247866036));
#2004=CARTESIAN_POINT('Ctrl Pts',(-6.73367004225889,170.,13.));
#2005=CARTESIAN_POINT('Ctrl Pts',(-41.322213892595,62.,26.5645894187142));
#2006=CARTESIAN_POINT('Ctrl Pts',(-34.7642676195954,98.4044124714396,23.2914545928417));
#2007=CARTESIAN_POINT('Ctrl Pts',(-24.3570313431932,134.40441247144,18.7699247866036));
#2008=CARTESIAN_POINT('Ctrl Pts',(-10.1005050633883,170.,13.));
#2009=CARTESIAN_POINT('',(-41.322213892595,62.,26.5645894187142));
#2010=CARTESIAN_POINT('',(5.20735385494738E-14,62.,26.5645894187142));
#2011=CARTESIAN_POINT('Ctrl Pts',(-41.322213892595,62.,26.5645894187142));
#2012=CARTESIAN_POINT('Ctrl Pts',(-34.4351782438292,62.,26.5645894187142));
#2013=CARTESIAN_POINT('Ctrl Pts',(-27.5481425950633,62.,26.5645894187142));
#2014=CARTESIAN_POINT('Ctrl Pts',(-13.7740712975316,62.,26.5645894187142));
#2015=CARTESIAN_POINT('Ctrl Pts',(-6.88703564876579,62.,26.5645894187142));
#2016=CARTESIAN_POINT('Ctrl Pts',(5.20735385494739E-14,62.,26.5645894187142));
#2017=CARTESIAN_POINT('',(-10.1005050633883,170.,13.));
#2018=CARTESIAN_POINT('Ctrl Pts',(-41.322213892595,62.,26.5645894187142));
#2019=CARTESIAN_POINT('Ctrl Pts',(-34.7642676195954,98.4044124714396,23.2914545928417));
#2020=CARTESIAN_POINT('Ctrl Pts',(-24.3570313431932,134.40441247144,18.7699247866036));
#2021=CARTESIAN_POINT('Ctrl Pts',(-10.1005050633883,170.,13.));
#2022=CARTESIAN_POINT('',(-7.68051268319175,170.,13.));
#2023=CARTESIAN_POINT('',(-10.1005050633883,170.,13.));
#2024=CARTESIAN_POINT('',(-5.,162.173787408801,14.2474655667831));
#2025=CARTESIAN_POINT('Ctrl Pts',(-7.68051268319175,170.,13.));
#2026=CARTESIAN_POINT('Ctrl Pts',(-6.98180798942213,167.453366001348,13.4128007894079));
#2027=CARTESIAN_POINT('Ctrl Pts',(-6.07947401840083,164.591345878104,13.8686353764798));
#2028=CARTESIAN_POINT('Ctrl Pts',(-5.,162.173787408801,14.2474655667831));
#2029=CARTESIAN_POINT('',(-5.,142.484369834571,17.2));
#2030=CARTESIAN_POINT('Ctrl Pts',(-4.99999999999999,162.1737874088,14.2474655667814));
#2031=CARTESIAN_POINT('Ctrl Pts',(-4.99999999999999,155.617117872326,15.2748923693862));
#2032=CARTESIAN_POINT('Ctrl Pts',(-5.,149.053944823263,16.2589787692146));
#2033=CARTESIAN_POINT('Ctrl Pts',(-5.,142.484369834571,17.2));
#2034=CARTESIAN_POINT('',(1.9405725445461E-14,142.484369834571,17.2));
#2035=CARTESIAN_POINT('Ctrl Pts',(-5.,142.484369834571,17.2));
#2036=CARTESIAN_POINT('Ctrl Pts',(-3.33333333333333,142.484369834571,17.2));
#2037=CARTESIAN_POINT('Ctrl Pts',(-1.66666666666665,142.484369834571,17.2));
#2038=CARTESIAN_POINT('Ctrl Pts',(1.94057254454609E-14,142.484369834571,
17.2));
#2039=CARTESIAN_POINT('',(-1.81228965967667E-14,135.,18.2530577608297));
#2040=CARTESIAN_POINT('Ctrl Pts',(2.43521949024199E-14,135.,18.2530577608297));
#2041=CARTESIAN_POINT('Ctrl Pts',(2.27683511413531E-14,137.496750420186,
17.9080903669736));
#2042=CARTESIAN_POINT('Ctrl Pts',(2.11195279890334E-14,139.991540365043,
17.5570711133637));
#2043=CARTESIAN_POINT('Ctrl Pts',(1.9405725445461E-14,142.484369834571,
17.2));
#2044=CARTESIAN_POINT('',(-18.6826365035757,124.213574785489,19.704133805864));
#2045=CARTESIAN_POINT('Ctrl Pts',(2.43521949024199E-14,135.,18.2530577608297));
#2046=CARTESIAN_POINT('Ctrl Pts',(-6.2267789661205,131.404967487726,18.7497710031948));
#2047=CARTESIAN_POINT('Ctrl Pts',(-12.4543417660243,127.809482428806,19.2334380566114));
#2048=CARTESIAN_POINT('Ctrl Pts',(-18.6826365035757,124.213574785489,19.704133805864));
#2049=CARTESIAN_POINT('',(-20.8929125128852,116.93747133653,20.6388070347432));
#2050=CARTESIAN_POINT('Ctrl Pts',(-18.6826365035757,124.213574785489,19.704133805864));
#2051=CARTESIAN_POINT('Ctrl Pts',(-19.4360388369131,121.793935993237,20.0208589157476));
#2052=CARTESIAN_POINT('Ctrl Pts',(-20.1728544546339,119.368576541837,20.3324351757519));
#2053=CARTESIAN_POINT('Ctrl Pts',(-20.8929125128763,116.93747133656,20.6388070347394));
#2054=CARTESIAN_POINT('',(-6.37016249454908E-14,129.,19.0699010871075));
#2055=CARTESIAN_POINT('Ctrl Pts',(-20.8929125128852,116.93747133653,20.6388070347432));
#2056=CARTESIAN_POINT('Ctrl Pts',(-13.9277075794416,120.958834279815,20.1320270397247));
#2057=CARTESIAN_POINT('Ctrl Pts',(-6.96337922985157,124.979691127176,19.6090932613569));
#2058=CARTESIAN_POINT('Ctrl Pts',(2.80310479975101E-14,129.,19.0699010871075));
#2059=CARTESIAN_POINT('',(-2.84788375092048E-14,125.,19.6009848970322));
#2060=CARTESIAN_POINT('Ctrl Pts',(3.03424465535521E-14,125.,19.6009848970322));
#2061=CARTESIAN_POINT('Ctrl Pts',(2.95904495850843E-14,126.333890562992,
19.4256770920841));
#2062=CARTESIAN_POINT('Ctrl Pts',(2.8819983399737E-14,127.667223896326,
19.2486491554426));
#2063=CARTESIAN_POINT('Ctrl Pts',(2.80310479975101E-14,129.,19.0699010871075));
#2064=CARTESIAN_POINT('',(-22.2930321128004,112.129111908622,21.2370447916573));
#2065=CARTESIAN_POINT('Ctrl Pts',(3.03424465535521E-14,125.,19.6009848970322));
#2066=CARTESIAN_POINT('Ctrl Pts',(-7.42998289609655,120.710297374864,20.1647630449228));
#2067=CARTESIAN_POINT('Ctrl Pts',(-14.8610229597323,116.419984393765,20.7100740138384));
#2068=CARTESIAN_POINT('Ctrl Pts',(-22.2930321128004,112.129111908622,21.2370447916573));
#2069=CARTESIAN_POINT('',(-24.286551647083,104.978152868869,22.0982509571411));
#2070=CARTESIAN_POINT('Ctrl Pts',(-22.2930321128004,112.129111908622,21.2370447916573));
#2071=CARTESIAN_POINT('Ctrl Pts',(-22.9737376741078,109.750589415476,21.5291561367712));
#2072=CARTESIAN_POINT('Ctrl Pts',(-23.6382918375335,107.366945286185,21.816240446153));
#2073=CARTESIAN_POINT('Ctrl Pts',(-24.2865516470745,104.9781528689,22.0982509571375));
#2074=CARTESIAN_POINT('',(-7.40575658579289E-14,119.,20.3774604829237));
#2075=CARTESIAN_POINT('Ctrl Pts',(-24.286551647083,104.978152868869,22.0982509571411));
#2076=CARTESIAN_POINT('Ctrl Pts',(-16.1898969236737,109.652758652965,21.5463856305571));
#2077=CARTESIAN_POINT('Ctrl Pts',(-8.09434177351467,114.326729598148,20.9728434730349));
#2078=CARTESIAN_POINT('Ctrl Pts',(3.359849592384E-14,119.,20.3774604829237));
#2079=CARTESIAN_POINT('',(-3.88347784216429E-14,115.,20.8817166139946));
#2080=CARTESIAN_POINT('Ctrl Pts',(3.56289066802518E-14,115.,20.8817166139946));
#2081=CARTESIAN_POINT('Ctrl Pts',(3.49704954459207E-14,116.333888243897,
20.7153442097688));
#2082=CARTESIAN_POINT('Ctrl Pts',(3.42936918604501E-14,117.667221577231,
20.5472588327452));
#2083=CARTESIAN_POINT('Ctrl Pts',(3.35984959238401E-14,119.,20.3774604829237));
#2084=CARTESIAN_POINT('',(-25.5463671312084,100.25079805998,22.6489357231045));
#2085=CARTESIAN_POINT('Ctrl Pts',(3.56289066802518E-14,115.,20.8817166139946));
#2086=CARTESIAN_POINT('Ctrl Pts',(-8.5141875118322,110.084331548113,21.4948351285768));
#2087=CARTESIAN_POINT('Ctrl Pts',(-17.0296873503682,105.16790542405,22.0838445913746));
#2088=CARTESIAN_POINT('Ctrl Pts',(-25.5463671312084,100.25079805998,22.6489357231045));
#2089=CARTESIAN_POINT('',(-27.3354137621494,93.2178915060133,23.4408420063327));
#2090=CARTESIAN_POINT('Ctrl Pts',(-25.5463671312084,100.25079805998,22.6489357231045));
#2091=CARTESIAN_POINT('Ctrl Pts',(-25.8733199062834,99.0010684343828,22.7925590113908));
#2092=CARTESIAN_POINT('Ctrl Pts',(-26.1957963234404,97.7500359954319,22.9347819126558));
#2093=CARTESIAN_POINT('Ctrl Pts',(-26.5137548987315,96.4976992697788,23.0755985015964));
#2094=CARTESIAN_POINT('Ctrl Pts',(-26.7910754847132,95.4054225344007,23.198417453484));
#2095=CARTESIAN_POINT('Ctrl Pts',(-27.0649601686311,94.3121536059102,23.3201665995948));
#2096=CARTESIAN_POINT('Ctrl Pts',(-27.3354137621436,93.2178915060366,23.4408420063302));
#2097=CARTESIAN_POINT('',(-8.4413506770367E-14,109.,21.6180762037726));
#2098=CARTESIAN_POINT('Ctrl Pts',(-27.3354137621494,93.2178915060133,23.4408420063327));
#2099=CARTESIAN_POINT('Ctrl Pts',(-18.2222660480169,98.4793697919325,22.8606053041239));
#2100=CARTESIAN_POINT('Ctrl Pts',(-9.11040743705715,103.740103813788,22.2530944979313));
#2101=CARTESIAN_POINT('Ctrl Pts',(3.84647890454369E-14,109.,21.6180762037726));
#2102=CARTESIAN_POINT('Ctrl Pts',(5.20735385494738E-14,62.,26.5645894187142));
#2103=CARTESIAN_POINT('Ctrl Pts',(5.00437818955319E-14,77.7422893825521,
25.1491940828488));
#2104=CARTESIAN_POINT('Ctrl Pts',(4.55075320608529E-14,93.4089560492187,
23.500356344535));
#2105=CARTESIAN_POINT('Ctrl Pts',(3.8464789045437E-14,109.,21.6180762037726));
#2106=CARTESIAN_POINT('Ctrl Pts',(-41.322213892595,62.,26.5645894187142));
#2107=CARTESIAN_POINT('Ctrl Pts',(-34.7642676195954,98.4044124714396,23.2914545928417));
#2108=CARTESIAN_POINT('Ctrl Pts',(-24.3570313431932,134.40441247144,18.7699247866036));
#2109=CARTESIAN_POINT('Ctrl Pts',(-10.1005050633883,170.,13.));
#2110=CARTESIAN_POINT('Ctrl Pts',(-42.8852454303402,62.,25.001557880969));
#2111=CARTESIAN_POINT('Ctrl Pts',(-36.1703443739821,98.4044124714396,21.885377838455));
#2112=CARTESIAN_POINT('Ctrl Pts',(-25.5642636890661,134.40441247144,17.5626924407307));
#2113=CARTESIAN_POINT('Ctrl Pts',(-11.0670033755922,170.,12.0335016877961));
#2114=CARTESIAN_POINT('Ctrl Pts',(-44.4482769680853,62.,23.4385263432239));
#2115=CARTESIAN_POINT('Ctrl Pts',(-37.5764211283687,98.4044124714395,20.4793010840684));
#2116=CARTESIAN_POINT('Ctrl Pts',(-26.771496034939,134.40441247144,16.3554600948578));
#2117=CARTESIAN_POINT('Ctrl Pts',(-12.0335016877961,170.,11.0670033755923));
#2118=CARTESIAN_POINT('Ctrl Pts',(-46.0113085058305,62.,21.8754948054788));
#2119=CARTESIAN_POINT('Ctrl Pts',(-38.9824978827554,98.4044124714396,19.0732243296817));
#2120=CARTESIAN_POINT('Ctrl Pts',(-27.9787283808119,134.40441247144,15.1482277489849));
#2121=CARTESIAN_POINT('Ctrl Pts',(-12.9999999999999,170.,10.1005050633884));
#2122=CARTESIAN_POINT('',(-46.0113085058305,62.,21.8754948054788));
#2123=CARTESIAN_POINT('Ctrl Pts',(-46.0113085058305,62.,21.8754948054788));
#2124=CARTESIAN_POINT('Ctrl Pts',(-45.2297927369579,62.,22.6570105743513));
#2125=CARTESIAN_POINT('Ctrl Pts',(-44.4482769680853,62.,23.4385263432239));
#2126=CARTESIAN_POINT('Ctrl Pts',(-42.8852454303402,62.,25.001557880969));
#2127=CARTESIAN_POINT('Ctrl Pts',(-42.1037296614676,62.,25.7830736498416));
#2128=CARTESIAN_POINT('Ctrl Pts',(-41.322213892595,62.,26.5645894187142));
#2129=CARTESIAN_POINT('',(-12.9999999999999,170.,10.1005050633884));
#2130=CARTESIAN_POINT('Ctrl Pts',(-46.0113085058305,62.,21.8754948054788));
#2131=CARTESIAN_POINT('Ctrl Pts',(-38.9824978827554,98.4044124714396,19.0732243296817));
#2132=CARTESIAN_POINT('Ctrl Pts',(-27.9787283808119,134.40441247144,15.1482277489849));
#2133=CARTESIAN_POINT('Ctrl Pts',(-12.9999999999999,170.,10.1005050633884));
#2134=CARTESIAN_POINT('',(-12.9999999999999,170.,10.1005050633884));
#2135=CARTESIAN_POINT('Ctrl Pts',(-46.0113085058305,62.,21.8754948054788));
#2136=CARTESIAN_POINT('Ctrl Pts',(-38.9824978827554,98.4044124714395,19.0732243296817));
#2137=CARTESIAN_POINT('Ctrl Pts',(-27.9787283808119,134.40441247144,15.1482277489849));
#2138=CARTESIAN_POINT('Ctrl Pts',(-12.9999999999999,170.,10.1005050633884));
#2139=CARTESIAN_POINT('Ctrl Pts',(-46.0113085058305,62.,10.2935099754039));
#2140=CARTESIAN_POINT('Ctrl Pts',(-38.9824978827554,98.4044124714396,8.60909227330492));
#2141=CARTESIAN_POINT('Ctrl Pts',(-27.9787283808119,134.40441247144,6.3002006218801));
#2142=CARTESIAN_POINT('Ctrl Pts',(-12.9999999999999,170.,3.36683502112946));
#2143=CARTESIAN_POINT('Ctrl Pts',(-46.0113085058305,62.,-1.28847485467092));
#2144=CARTESIAN_POINT('Ctrl Pts',(-38.9824978827554,98.4044124714395,-1.85503978307186));
#2145=CARTESIAN_POINT('Ctrl Pts',(-27.9787283808119,134.404412471439,-2.54782650522471));
#2146=CARTESIAN_POINT('Ctrl Pts',(-12.9999999999999,170.,-3.36683502112947));
#2147=CARTESIAN_POINT('Ctrl Pts',(-46.0113085058305,62.,-12.8704596847458));
#2148=CARTESIAN_POINT('Ctrl Pts',(-38.9824978827554,98.4044124714395,-12.3191718394486));
#2149=CARTESIAN_POINT('Ctrl Pts',(-27.9787283808119,134.40441247144,-11.3958536323295));
#2150=CARTESIAN_POINT('Ctrl Pts',(-12.9999999999999,170.,-10.1005050633884));
#2151=CARTESIAN_POINT('',(-46.0113085058305,62.,-12.8704596847458));
#2152=CARTESIAN_POINT('Ctrl Pts',(-46.0113085058305,62.,-12.8704596847458));
#2153=CARTESIAN_POINT('Ctrl Pts',(-46.0113085058305,62.,-7.07946726970834));
#2154=CARTESIAN_POINT('Ctrl Pts',(-46.0113085058305,62.,-1.28847485467092));
#2155=CARTESIAN_POINT('Ctrl Pts',(-46.0113085058305,62.,10.2935099754039));
#2156=CARTESIAN_POINT('Ctrl Pts',(-46.0113085058305,62.,16.0845023904413));
#2157=CARTESIAN_POINT('Ctrl Pts',(-46.0113085058305,62.,21.8754948054788));
#2158=CARTESIAN_POINT('',(-15.0993468427171,164.944942589079,-10.2818650106919));
#2159=CARTESIAN_POINT('Ctrl Pts',(-46.0113085058305,62.,-12.8704596847458));
#2160=CARTESIAN_POINT('Ctrl Pts',(-39.315048018966,96.6820311219831,-12.3452546090488));
#2161=CARTESIAN_POINT('Ctrl Pts',(-29.0110607978307,130.997011985248,-11.4823897176891));
#2162=CARTESIAN_POINT('Ctrl Pts',(-15.0993468424245,164.944942589793,-10.2818650106666));
#2163=CARTESIAN_POINT('',(-15.0993468427171,164.944942589079,2.22044604925031E-15));
#2164=CARTESIAN_POINT('Ctrl Pts',(-15.0993468427171,164.944942589079,-10.2818650106919));
#2165=CARTESIAN_POINT('Ctrl Pts',(-15.0993468427171,164.944942589079,-6.85457667379459));
#2166=CARTESIAN_POINT('Ctrl Pts',(-15.0993468427171,164.944942589079,-3.42728833689729));
#2167=CARTESIAN_POINT('Ctrl Pts',(-15.0993468427171,164.944942589079,2.22044604925031E-15));
#2168=CARTESIAN_POINT('',(-12.9999999999999,170.,7.68051268319185));
#2169=CARTESIAN_POINT('Ctrl Pts',(-15.0993468427171,164.944942589079,6.24500451351651E-16));
#2170=CARTESIAN_POINT('Ctrl Pts',(-15.0993468427171,164.944942589079,0.703451565062287));
#2171=CARTESIAN_POINT('Ctrl Pts',(-15.0502327749286,165.064884049616,1.38816605703377));
#2172=CARTESIAN_POINT('Ctrl Pts',(-14.862296130486,165.522666822142,2.75960949916077));
#2173=CARTESIAN_POINT('Ctrl Pts',(-14.7200942070954,165.868593135049,3.42205897676226));
#2174=CARTESIAN_POINT('Ctrl Pts',(-14.1505028085657,167.248764351217,5.47732584598485));
#2175=CARTESIAN_POINT('Ctrl Pts',(-13.5806052416739,168.620244377619,6.69778295496953));
#2176=CARTESIAN_POINT('Ctrl Pts',(-12.9999999999999,170.,7.68051268319185));
#2177=CARTESIAN_POINT('',(-12.9999999999999,170.,-10.1005050633884));
#2178=CARTESIAN_POINT('Ctrl Pts',(-5.20735385494739E-14,62.,26.5645894187142));
#2179=CARTESIAN_POINT('Ctrl Pts',(-4.73796788032129E-14,98.4044124714396,
23.2914545928417));
#2180=CARTESIAN_POINT('Ctrl Pts',(-2.92816839369715E-14,134.40441247144,
18.7699247866036));
#2181=CARTESIAN_POINT('Ctrl Pts',(2.22044604925031E-15,170.,13.));
#2182=CARTESIAN_POINT('Ctrl Pts',(13.7740712975316,62.,26.5645894187142));
#2183=CARTESIAN_POINT('Ctrl Pts',(11.5880892065318,98.4044124714396,23.2914545928417));
#2184=CARTESIAN_POINT('Ctrl Pts',(8.11901044773105,134.40441247144,18.7699247866036));
#2185=CARTESIAN_POINT('Ctrl Pts',(3.36683502112944,170.,13.));
#2186=CARTESIAN_POINT('Ctrl Pts',(27.5481425950633,62.,26.5645894187142));
#2187=CARTESIAN_POINT('Ctrl Pts',(23.1761784130636,98.4044124714395,23.2914545928417));
#2188=CARTESIAN_POINT('Ctrl Pts',(16.2380208954621,134.40441247144,18.7699247866036));
#2189=CARTESIAN_POINT('Ctrl Pts',(6.73367004225889,170.,13.));
#2190=CARTESIAN_POINT('Ctrl Pts',(41.322213892595,62.,26.5645894187142));
#2191=CARTESIAN_POINT('Ctrl Pts',(34.7642676195954,98.4044124714396,23.2914545928417));
#2192=CARTESIAN_POINT('Ctrl Pts',(24.3570313431932,134.40441247144,18.7699247866036));
#2193=CARTESIAN_POINT('Ctrl Pts',(10.1005050633883,170.,13.));
#2194=CARTESIAN_POINT('',(41.322213892595,62.,26.5645894187142));
#2195=CARTESIAN_POINT('Ctrl Pts',(-5.20735385494739E-14,62.,26.5645894187142));
#2196=CARTESIAN_POINT('Ctrl Pts',(6.88703564876579,62.,26.5645894187142));
#2197=CARTESIAN_POINT('Ctrl Pts',(13.7740712975316,62.,26.5645894187142));
#2198=CARTESIAN_POINT('Ctrl Pts',(27.5481425950633,62.,26.5645894187142));
#2199=CARTESIAN_POINT('Ctrl Pts',(34.4351782438292,62.,26.5645894187142));
#2200=CARTESIAN_POINT('Ctrl Pts',(41.322213892595,62.,26.5645894187142));
#2201=CARTESIAN_POINT('',(27.3354137621494,93.2178915060133,23.4408420063327));
#2202=CARTESIAN_POINT('Ctrl Pts',(-3.8464789045437E-14,109.,21.6180762037726));
#2203=CARTESIAN_POINT('Ctrl Pts',(9.11040743705692,103.740103813788,22.2530944979313));
#2204=CARTESIAN_POINT('Ctrl Pts',(18.2222660480166,98.4793697919327,22.8606053041239));
#2205=CARTESIAN_POINT('Ctrl Pts',(27.3354137621494,93.2178915060133,23.4408420063327));
#2206=CARTESIAN_POINT('',(25.5463671312084,100.25079805998,22.6489357231045));
#2207=CARTESIAN_POINT('Ctrl Pts',(27.3354137621436,93.2178915060365,23.4408420063302));
#2208=CARTESIAN_POINT('Ctrl Pts',(27.0253284542913,94.4725045274557,23.3024830732439));
#2209=CARTESIAN_POINT('Ctrl Pts',(26.7107317888478,95.7258119761874,23.1627126569233));
#2210=CARTESIAN_POINT('Ctrl Pts',(26.391619783248,96.9778153265895,23.0215366857838));
#2211=CARTESIAN_POINT('Ctrl Pts',(26.1132931858274,98.0698012950321,22.8984042840087));
#2212=CARTESIAN_POINT('Ctrl Pts',(25.8315323766697,99.1607952136608,22.7742026527054));
#2213=CARTESIAN_POINT('Ctrl Pts',(25.5463671312084,100.25079805998,22.6489357231045));
#2214=CARTESIAN_POINT('Ctrl Pts',(25.5463671312084,100.25079805998,22.6489357231045));
#2215=CARTESIAN_POINT('Ctrl Pts',(17.0296873503667,105.167905424051,22.0838445913746));
#2216=CARTESIAN_POINT('Ctrl Pts',(8.51418751183145,110.084331548113,21.4948351285768));
#2217=CARTESIAN_POINT('Ctrl Pts',(-3.56289066802518E-14,115.,20.8817166139946));
#2218=CARTESIAN_POINT('',(24.286551647083,104.978152868869,22.0982509571412));
#2219=CARTESIAN_POINT('Ctrl Pts',(-3.35984959238401E-14,119.,20.3774604829237));
#2220=CARTESIAN_POINT('Ctrl Pts',(8.09434177351546,114.326729598148,20.972843473035));
#2221=CARTESIAN_POINT('Ctrl Pts',(16.1898969236754,109.652758652964,21.5463856305572));
#2222=CARTESIAN_POINT('Ctrl Pts',(24.286551647083,104.978152868869,22.0982509571412));
#2223=CARTESIAN_POINT('',(22.2930321128004,112.129111908622,21.2370447916573));
#2224=CARTESIAN_POINT('Ctrl Pts',(24.2865516470746,104.9781528689,22.0982509571375));
#2225=CARTESIAN_POINT('Ctrl Pts',(23.6382918576518,107.36694521205,21.816240446153));
#2226=CARTESIAN_POINT('Ctrl Pts',(22.9737377306102,109.750589218045,21.5291561367711));
#2227=CARTESIAN_POINT('Ctrl Pts',(22.2930321128004,112.129111908622,21.2370447916573));
#2228=CARTESIAN_POINT('Ctrl Pts',(22.2930321128004,112.129111908622,21.2370447916573));
#2229=CARTESIAN_POINT('Ctrl Pts',(14.8610229597338,116.419984393764,20.7100740138385));
#2230=CARTESIAN_POINT('Ctrl Pts',(7.42998289609736,120.710297374864,20.1647630449229));
#2231=CARTESIAN_POINT('Ctrl Pts',(-3.03424465535521E-14,125.,19.6009848970322));
#2232=CARTESIAN_POINT('',(20.8929125128851,116.93747133653,20.6388070347432));
#2233=CARTESIAN_POINT('Ctrl Pts',(-2.80310479975101E-14,129.,19.0699010871075));
#2234=CARTESIAN_POINT('Ctrl Pts',(6.96337923049315,124.979691126805,19.6090932614065));
#2235=CARTESIAN_POINT('Ctrl Pts',(13.9277075787988,120.958834280186,20.1320270396809));
#2236=CARTESIAN_POINT('Ctrl Pts',(20.8929125128851,116.93747133653,20.6388070347432));
#2237=CARTESIAN_POINT('',(18.6826365035758,124.213574785489,19.704133805864));
#2238=CARTESIAN_POINT('Ctrl Pts',(20.8929125128763,116.93747133656,20.6388070347394));
#2239=CARTESIAN_POINT('Ctrl Pts',(20.1728544113261,119.368576688055,20.3324351757518));
#2240=CARTESIAN_POINT('Ctrl Pts',(19.4360389640985,121.793935584767,20.0208589157474));
#2241=CARTESIAN_POINT('Ctrl Pts',(18.6826365035758,124.213574785489,19.704133805864));
#2242=CARTESIAN_POINT('Ctrl Pts',(18.6826365035758,124.213574785489,19.704133805864));
#2243=CARTESIAN_POINT('Ctrl Pts',(12.4543417663934,127.809482428593,19.2334380566378));
#2244=CARTESIAN_POINT('Ctrl Pts',(6.22677896575354,131.404967487938,18.7497710031655));
#2245=CARTESIAN_POINT('Ctrl Pts',(-2.43521949024199E-14,135.,18.2530577608297));
#2246=CARTESIAN_POINT('',(5.,142.484369834571,17.2));
#2247=CARTESIAN_POINT('Ctrl Pts',(-1.94057254454609E-14,142.484369834571,
17.2));
#2248=CARTESIAN_POINT('Ctrl Pts',(1.66666666666666,142.484369834571,17.2));
#2249=CARTESIAN_POINT('Ctrl Pts',(3.33333333333333,142.484369834571,17.2));
#2250=CARTESIAN_POINT('Ctrl Pts',(5.,142.484369834571,17.2));
#2251=CARTESIAN_POINT('',(5.,162.173787408793,14.2474655667831));
#2252=CARTESIAN_POINT('Ctrl Pts',(5.,142.484369834571,17.2));
#2253=CARTESIAN_POINT('Ctrl Pts',(5.,146.614308751492,16.6084304982677));
#2254=CARTESIAN_POINT('Ctrl Pts',(5.,150.741762994138,15.9998353118523));
#2255=CARTESIAN_POINT('Ctrl Pts',(5.,157.303333609184,15.0045463086299));
#2256=CARTESIAN_POINT('Ctrl Pts',(5.,159.739028775796,14.6289910140447));
#2257=CARTESIAN_POINT('Ctrl Pts',(5.,162.173787408833,14.2474655667768));
#2258=CARTESIAN_POINT('',(7.68051268319175,170.,13.));
#2259=CARTESIAN_POINT('Ctrl Pts',(5.,162.173787408801,14.2474655667831));
#2260=CARTESIAN_POINT('Ctrl Pts',(6.07947401840082,164.591345878104,13.8686353764798));
#2261=CARTESIAN_POINT('Ctrl Pts',(6.98180798942212,167.453366001348,13.4128007894079));
#2262=CARTESIAN_POINT('Ctrl Pts',(7.68051268319175,170.,13.));
#2263=CARTESIAN_POINT('',(10.1005050633883,170.,13.));
#2264=CARTESIAN_POINT('',(10.1005050633883,170.,13.));
#2265=CARTESIAN_POINT('Ctrl Pts',(41.322213892595,62.,26.5645894187142));
#2266=CARTESIAN_POINT('Ctrl Pts',(34.7642676195954,98.4044124714396,23.2914545928417));
#2267=CARTESIAN_POINT('Ctrl Pts',(24.3570313431932,134.40441247144,18.7699247866036));
#2268=CARTESIAN_POINT('Ctrl Pts',(10.1005050633883,170.,13.));
#2269=CARTESIAN_POINT('Origin',(-1.23756404386014E-137,170.,1.76107466468751E-91));
#2270=CARTESIAN_POINT('',(12.9999999999999,170.,7.68051268319185));
#2271=CARTESIAN_POINT('Origin',(-3.95653535463253E-91,170.,5.63021704416226E-45));
#2272=CARTESIAN_POINT('',(12.9999999999999,170.,10.1005050633884));
#2273=CARTESIAN_POINT('',(12.9999999999999,170.,-10.1005050633884));
#2274=CARTESIAN_POINT('',(12.9999999999999,170.,10.1005050633884));
#2275=CARTESIAN_POINT('Origin',(-1.23756404386014E-137,170.,1.76107466468751E-91));
#2276=CARTESIAN_POINT('Origin',(-3.95653535463253E-91,170.,5.63021704416226E-45));
#2277=CARTESIAN_POINT('Origin',(-1.23756404386014E-137,170.,1.76107466468751E-91));
#2278=CARTESIAN_POINT('',(-5.,170.,11.2));
#2279=CARTESIAN_POINT('',(-5.,170.,10.0778221853732));
#2280=CARTESIAN_POINT('',(-5.,170.,7.12373278339154));
#2281=CARTESIAN_POINT('',(-1.05948100502087,170.,11.2));
#2282=CARTESIAN_POINT('Origin',(0.,170.,0.));
#2283=CARTESIAN_POINT('',(-2.5,170.,11.2));
#2284=CARTESIAN_POINT('Origin',(-1.23756404386014E-137,170.,1.76107466468751E-91));
#2285=CARTESIAN_POINT('',(5.,170.,10.0778221853732));
#2286=CARTESIAN_POINT('',(5.,170.,11.2));
#2287=CARTESIAN_POINT('',(5.,170.,5.03891109268659));
#2288=CARTESIAN_POINT('',(1.05948100502087,170.,11.2));
#2289=CARTESIAN_POINT('',(-2.5,170.,11.2));
#2290=CARTESIAN_POINT('Origin',(0.,170.,0.));
#2291=CARTESIAN_POINT('Ctrl Pts',(46.0113085058305,62.,21.8754948054788));
#2292=CARTESIAN_POINT('Ctrl Pts',(38.9824978827554,98.4044124714395,19.0732243296817));
#2293=CARTESIAN_POINT('Ctrl Pts',(27.9787283808119,134.40441247144,15.1482277489849));
#2294=CARTESIAN_POINT('Ctrl Pts',(12.9999999999999,170.,10.1005050633884));
#2295=CARTESIAN_POINT('Ctrl Pts',(46.0113085058305,62.,10.2935099754039));
#2296=CARTESIAN_POINT('Ctrl Pts',(38.9824978827554,98.4044124714396,8.60909227330492));
#2297=CARTESIAN_POINT('Ctrl Pts',(27.9787283808119,134.40441247144,6.3002006218801));
#2298=CARTESIAN_POINT('Ctrl Pts',(12.9999999999999,170.,3.36683502112946));
#2299=CARTESIAN_POINT('Ctrl Pts',(46.0113085058305,62.,-1.28847485467092));
#2300=CARTESIAN_POINT('Ctrl Pts',(38.9824978827554,98.4044124714395,-1.85503978307186));
#2301=CARTESIAN_POINT('Ctrl Pts',(27.9787283808119,134.404412471439,-2.54782650522471));
#2302=CARTESIAN_POINT('Ctrl Pts',(12.9999999999999,170.,-3.36683502112947));
#2303=CARTESIAN_POINT('Ctrl Pts',(46.0113085058305,62.,-12.8704596847458));
#2304=CARTESIAN_POINT('Ctrl Pts',(38.9824978827554,98.4044124714395,-12.3191718394486));
#2305=CARTESIAN_POINT('Ctrl Pts',(27.9787283808119,134.40441247144,-11.3958536323295));
#2306=CARTESIAN_POINT('Ctrl Pts',(12.9999999999999,170.,-10.1005050633884));
#2307=CARTESIAN_POINT('',(46.0113085058305,62.,21.8754948054788));
#2308=CARTESIAN_POINT('',(46.0113085058305,62.,-12.8704596847458));
#2309=CARTESIAN_POINT('Ctrl Pts',(46.0113085058305,62.,21.8754948054788));
#2310=CARTESIAN_POINT('Ctrl Pts',(46.0113085058305,62.,16.0845023904413));
#2311=CARTESIAN_POINT('Ctrl Pts',(46.0113085058305,62.,10.2935099754039));
#2312=CARTESIAN_POINT('Ctrl Pts',(46.0113085058305,62.,-1.28847485467092));
#2313=CARTESIAN_POINT('Ctrl Pts',(46.0113085058305,62.,-7.07946726970834));
#2314=CARTESIAN_POINT('Ctrl Pts',(46.0113085058305,62.,-12.8704596847458));
#2315=CARTESIAN_POINT('Ctrl Pts',(46.0113085058305,62.,21.8754948054788));
#2316=CARTESIAN_POINT('Ctrl Pts',(38.9824978827554,98.4044124714396,19.0732243296817));
#2317=CARTESIAN_POINT('Ctrl Pts',(27.9787283808119,134.40441247144,15.1482277489849));
#2318=CARTESIAN_POINT('Ctrl Pts',(12.9999999999999,170.,10.1005050633884));
#2319=CARTESIAN_POINT('',(15.0993468427171,164.944942589079,9.71445146547012E-16));
#2320=CARTESIAN_POINT('Ctrl Pts',(12.9999999999999,170.,7.68051268319186));
#2321=CARTESIAN_POINT('Ctrl Pts',(13.501011581448,168.809391481916,6.83250281360614));
#2322=CARTESIAN_POINT('Ctrl Pts',(13.9893148764356,167.636703636786,5.81579104428988));
#2323=CARTESIAN_POINT('Ctrl Pts',(14.6052445197855,166.147694084124,3.90710124334754));
#2324=CARTESIAN_POINT('Ctrl Pts',(14.80656066437,165.658332237311,3.09280158036295));
#2325=CARTESIAN_POINT('Ctrl Pts',(15.042175691898,165.084573610625,1.49500658227191));
#2326=CARTESIAN_POINT('Ctrl Pts',(15.0993468427171,164.944942589079,0.759022399330787));
#2327=CARTESIAN_POINT('Ctrl Pts',(15.0993468427171,164.944942589079,2.08166817117217E-15));
#2328=CARTESIAN_POINT('',(15.0993468427171,164.944942589079,-10.2818650106919));
#2329=CARTESIAN_POINT('Ctrl Pts',(15.0993468427171,164.944942589079,9.71445146547012E-16));
#2330=CARTESIAN_POINT('Ctrl Pts',(15.0993468427171,164.944942589079,-3.4272883368973));
#2331=CARTESIAN_POINT('Ctrl Pts',(15.0993468427171,164.944942589079,-6.85457667379459));
#2332=CARTESIAN_POINT('Ctrl Pts',(15.0993468427171,164.944942589079,-10.2818650106919));
#2333=CARTESIAN_POINT('Ctrl Pts',(46.0113085058305,62.,-12.8704596847458));
#2334=CARTESIAN_POINT('Ctrl Pts',(39.315048018966,96.6820311219831,-12.3452546090488));
#2335=CARTESIAN_POINT('Ctrl Pts',(29.0110607978307,130.997011985248,-11.4823897176891));
#2336=CARTESIAN_POINT('Ctrl Pts',(15.0993468424245,164.944942589793,-10.2818650106666));
#2337=CARTESIAN_POINT('Ctrl Pts',(46.0113085058305,62.,-12.8704596847458));
#2338=CARTESIAN_POINT('Ctrl Pts',(39.315048018966,96.6820311219831,-12.3452546090488));
#2339=CARTESIAN_POINT('Ctrl Pts',(29.0110607978307,130.997011985248,-11.4823897176891));
#2340=CARTESIAN_POINT('Ctrl Pts',(15.0993468424245,164.944942589793,-10.2818650106666));
#2341=CARTESIAN_POINT('Ctrl Pts',(43.5439710068377,62.,-15.3377971837385));
#2342=CARTESIAN_POINT('Ctrl Pts',(37.2051243806662,96.6820311219832,-14.4551782473486));
#2343=CARTESIAN_POINT('Ctrl Pts',(27.3721079644227,130.997011985248,-13.1213425510971));
#2344=CARTESIAN_POINT('Ctrl Pts',(14.0449217581074,164.944942589793,-11.3362900949838));
#2345=CARTESIAN_POINT('Ctrl Pts',(41.0766335078449,62.,-17.8051346827312));
#2346=CARTESIAN_POINT('Ctrl Pts',(35.0952007423663,96.6820311219831,-16.5651018856485));
#2347=CARTESIAN_POINT('Ctrl Pts',(25.7331551310147,130.997011985248,-14.760295384505));
#2348=CARTESIAN_POINT('Ctrl Pts',(12.9904966737902,164.944942589793,-12.390715179301));
#2349=CARTESIAN_POINT('Ctrl Pts',(38.6092960088522,62.,-20.2724721817239));
#2350=CARTESIAN_POINT('Ctrl Pts',(32.9852771040664,96.6820311219831,-18.6750255239483));
#2351=CARTESIAN_POINT('Ctrl Pts',(24.0942022976067,130.997011985248,-16.399248217913));
#2352=CARTESIAN_POINT('Ctrl Pts',(11.9360715894731,164.944942589793,-13.4451402636181));
#2353=CARTESIAN_POINT('',(43.8817681898291,62.0000000017939,-15.));
#2354=CARTESIAN_POINT('Ctrl Pts',(46.0113085058305,62.,-12.8704596847458));
#2355=CARTESIAN_POINT('Ctrl Pts',(45.3014617339545,62.,-13.5803064566217));
#2356=CARTESIAN_POINT('Ctrl Pts',(44.591614961705,62.0000000017939,-14.2901532281241));
#2357=CARTESIAN_POINT('Ctrl Pts',(43.8817681898291,62.0000000017939,-15.));
#2358=CARTESIAN_POINT('',(15.0993468427171,155.88772530071,-14.2164681592162));
#2359=CARTESIAN_POINT('Ctrl Pts',(15.0993468427171,164.944942589079,-10.2818650106919));
#2360=CARTESIAN_POINT('Ctrl Pts',(15.0993468427171,163.557858178129,-10.8993386030388));
#2361=CARTESIAN_POINT('Ctrl Pts',(15.0993468427174,162.168239019337,-11.5110810644213));
#2362=CARTESIAN_POINT('Ctrl Pts',(15.0993468427174,159.150048675745,-12.8247903095442));
#2363=CARTESIAN_POINT('Ctrl Pts',(15.099346842717,157.520596404548,-13.5246305935119));
#2364=CARTESIAN_POINT('Ctrl Pts',(15.099346842717,155.88772530071,-14.2164681592162));
#2365=CARTESIAN_POINT('',(18.6897848930978,145.,-15.0993468427171));
#2366=CARTESIAN_POINT('Ctrl Pts',(18.6897848930978,145.,-15.0993468427171));
#2367=CARTESIAN_POINT('Ctrl Pts',(17.530082653907,148.633411085875,-14.8127590969734));
#2368=CARTESIAN_POINT('Ctrl Pts',(16.3332699704485,152.262652852773,-14.5184662024735));
#2369=CARTESIAN_POINT('Ctrl Pts',(15.0993468427222,155.887725300694,-14.2164681592174));
#2370=CARTESIAN_POINT('',(18.7891317358148,145.,-15.));
#2371=CARTESIAN_POINT('Ctrl Pts',(18.6897848930977,145.,-15.0993468427171));
#2372=CARTESIAN_POINT('Ctrl Pts',(18.7229005073368,145.,-15.066231228478));
#2373=CARTESIAN_POINT('Ctrl Pts',(18.7560161215758,145.,-15.033115614239));
#2374=CARTESIAN_POINT('Ctrl Pts',(18.7891317358148,145.,-15.));
#2375=CARTESIAN_POINT('Ctrl Pts',(18.7891317358148,145.,-15.));
#2376=CARTESIAN_POINT('Ctrl Pts',(22.324552272586,136.118215361135,-15.));
#2377=CARTESIAN_POINT('Ctrl Pts',(25.618356009224,127.145754445756,-15.));
#2378=CARTESIAN_POINT('Ctrl Pts',(32.7579295558238,105.859692741703,-15.));
#2379=CARTESIAN_POINT('Ctrl Pts',(36.3875012900235,93.4967329881681,-15.));
#2380=CARTESIAN_POINT('Ctrl Pts',(41.228511897155,74.1945390051541,-15.));
#2381=CARTESIAN_POINT('Ctrl Pts',(42.666276321522,67.8375583826064,-15.));
#2382=CARTESIAN_POINT('Ctrl Pts',(43.8817681898291,62.0000000035879,-15.));
#2383=CARTESIAN_POINT('Ctrl Pts',(18.6897848930978,145.,-15.0993468427171));
#2384=CARTESIAN_POINT('Ctrl Pts',(17.5300826539054,148.63341108588,-14.812759096973));
#2385=CARTESIAN_POINT('Ctrl Pts',(16.3332699704451,152.262652852783,-14.5184662024727));
#2386=CARTESIAN_POINT('Ctrl Pts',(15.099346842717,155.88772530071,-14.2164681592162));
#2387=CARTESIAN_POINT('Ctrl Pts',(17.4929722096375,145.,-15.0993468427171));
#2388=CARTESIAN_POINT('Ctrl Pts',(16.4075322670334,148.63341108588,-14.812759096973));
#2389=CARTESIAN_POINT('Ctrl Pts',(15.2873582718986,152.262652852783,-14.5184662024727));
#2390=CARTESIAN_POINT('Ctrl Pts',(14.1324502242331,155.88772530071,-14.2164681592162));
#2391=CARTESIAN_POINT('Ctrl Pts',(16.2961595261773,145.,-15.0993468427171));
#2392=CARTESIAN_POINT('Ctrl Pts',(15.2849818801615,148.63341108588,-14.812759096973));
#2393=CARTESIAN_POINT('Ctrl Pts',(14.2414465733521,152.262652852783,-14.5184662024727));
#2394=CARTESIAN_POINT('Ctrl Pts',(13.1655536057491,155.88772530071,-14.2164681592162));
#2395=CARTESIAN_POINT('Ctrl Pts',(15.0993468427171,145.,-15.0993468427171));
#2396=CARTESIAN_POINT('Ctrl Pts',(14.1624314932896,148.63341108588,-14.812759096973));
#2397=CARTESIAN_POINT('Ctrl Pts',(13.1955348748056,152.262652852783,-14.5184662024727));
#2398=CARTESIAN_POINT('Ctrl Pts',(12.1986569872651,155.88772530071,-14.2164681592162));
#2399=CARTESIAN_POINT('',(15.0993468427171,145.,-15.0993468427171));
#2400=CARTESIAN_POINT('Ctrl Pts',(15.099346842717,155.88772530071,-14.2164681592162));
#2401=CARTESIAN_POINT('Ctrl Pts',(15.099346842717,152.259136409647,-14.51875915081));
#2402=CARTESIAN_POINT('Ctrl Pts',(15.0993468427171,148.629884842864,-14.8130372317651));
#2403=CARTESIAN_POINT('Ctrl Pts',(15.0993468427171,145.,-15.0993468427171));
#2404=CARTESIAN_POINT('Ctrl Pts',(15.0993468427171,145.,-15.099346842717));
#2405=CARTESIAN_POINT('Ctrl Pts',(16.2961595261773,145.,-15.0993468427171));
#2406=CARTESIAN_POINT('Ctrl Pts',(17.4929722096375,145.,-15.0993468427171));
#2407=CARTESIAN_POINT('Ctrl Pts',(18.6897848930977,145.,-15.0993468427171));
#2408=CARTESIAN_POINT('Origin',(-98.1703813361479,145.,-15.));
#2409=CARTESIAN_POINT('',(-15.0993468427171,145.,-15.));
#2410=CARTESIAN_POINT('',(-15.0993468427171,145.,-15.0993468427171));
#2411=CARTESIAN_POINT('',(-15.0993468427171,145.,-15.0496734213585));
#2412=CARTESIAN_POINT('',(-18.6897848930978,145.,-15.0993468427171));
#2413=CARTESIAN_POINT('Ctrl Pts',(-18.6897848930977,145.,-15.0993468427171));
#2414=CARTESIAN_POINT('Ctrl Pts',(-17.4929722096375,145.,-15.0993468427171));
#2415=CARTESIAN_POINT('Ctrl Pts',(-16.2961595261773,145.,-15.0993468427171));
#2416=CARTESIAN_POINT('Ctrl Pts',(-15.0993468427171,145.,-15.0993468427171));
#2417=CARTESIAN_POINT('',(-18.7891317358148,145.,-15.));
#2418=CARTESIAN_POINT('Ctrl Pts',(-18.7891317358148,145.,-15.));
#2419=CARTESIAN_POINT('Ctrl Pts',(-18.7560161215758,145.,-15.033115614239));
#2420=CARTESIAN_POINT('Ctrl Pts',(-18.7229005073368,145.,-15.066231228478));
#2421=CARTESIAN_POINT('Ctrl Pts',(-18.6897848930977,145.,-15.0993468427171));
#2422=CARTESIAN_POINT('',(-98.1703813361479,145.,-15.));
#2423=CARTESIAN_POINT('Origin',(-98.1703813361479,145.,-15.));
#2424=CARTESIAN_POINT('',(15.0993468427171,145.,-15.));
#2425=CARTESIAN_POINT('',(15.0993468427171,145.,-7.5));
#2426=CARTESIAN_POINT('',(-98.1703813361479,145.,-15.));
#2427=CARTESIAN_POINT('Origin',(-5.,175.,11.2));
#2428=CARTESIAN_POINT('',(1.05948100502087,175.,11.2));
#2429=CARTESIAN_POINT('',(1.05948100502087,170.,11.2));
#2430=CARTESIAN_POINT('',(5.,175.,11.2));
#2431=CARTESIAN_POINT('',(5.,175.,11.2));
#2432=CARTESIAN_POINT('',(-2.5,175.,11.2));
#2433=CARTESIAN_POINT('Origin',(-5.,175.,11.2));
#2434=CARTESIAN_POINT('',(-1.05948100502087,175.,11.2));
#2435=CARTESIAN_POINT('',(-1.05948100502087,170.,11.2));
#2436=CARTESIAN_POINT('',(-5.,175.,11.2));
#2437=CARTESIAN_POINT('',(-2.5,175.,11.2));
#2438=CARTESIAN_POINT('',(-5.,175.,11.2));
#2439=CARTESIAN_POINT('Origin',(5.,175.,17.2));
#2440=CARTESIAN_POINT('',(5.,174.489988864129,17.2));
#2441=CARTESIAN_POINT('',(-5.,174.489988864129,17.2));
#2442=CARTESIAN_POINT('',(-6.5,174.489988864129,17.2));
#2443=CARTESIAN_POINT('',(5.,175.,17.2));
#2444=CARTESIAN_POINT('',(-5.,175.,17.2));
#2445=CARTESIAN_POINT('Origin',(-1.23756404386014E-137,175.,1.76107466468751E-91));
#2446=CARTESIAN_POINT('',(-5.,175.,15.));
#2447=CARTESIAN_POINT('',(-5.,175.,8.6));
#2448=CARTESIAN_POINT('Origin',(0.,175.,0.));
#2449=CARTESIAN_POINT('',(5.,175.,15.));
#2450=CARTESIAN_POINT('',(5.,175.,5.6));
#2451=CARTESIAN_POINT('',(10.9289321881345,175.,15.));
#2452=CARTESIAN_POINT('',(-6.5,175.,15.));
#2453=CARTESIAN_POINT('',(14.9999999999999,175.,10.9289321881346));
#2454=CARTESIAN_POINT('',(11.2144660940673,175.,14.7144660940673));
#2455=CARTESIAN_POINT('',(14.9999999999999,175.,-10.9289321881346));
#2456=CARTESIAN_POINT('',(14.9999999999999,175.,6.50000000000003));
#2457=CARTESIAN_POINT('',(10.9289321881345,175.,-15.));
#2458=CARTESIAN_POINT('',(14.7144660940672,175.,-11.2144660940673));
#2459=CARTESIAN_POINT('',(-10.9289321881345,175.,-15.));
#2460=CARTESIAN_POINT('',(6.5,175.,-15.));
#2461=CARTESIAN_POINT('',(-14.9999999999999,175.,-10.9289321881346));
#2462=CARTESIAN_POINT('',(-11.2144660940673,175.,-14.7144660940673));
#2463=CARTESIAN_POINT('',(-14.9999999999999,175.,10.9289321881346));
#2464=CARTESIAN_POINT('',(-14.9999999999999,175.,-6.50000000000003));
#2465=CARTESIAN_POINT('',(-10.9289321881345,175.,15.));
#2466=CARTESIAN_POINT('',(-14.7144660940672,175.,11.2144660940673));
#2467=CARTESIAN_POINT('',(-6.5,175.,15.));
#2468=CARTESIAN_POINT('Origin',(-6.37016249454908E-14,129.,42.));
#2469=CARTESIAN_POINT('',(-6.37016249454908E-14,129.,26.0699010871075));
#2470=CARTESIAN_POINT('',(-20.8929125128852,116.93747133653,27.6388070347432));
#2471=CARTESIAN_POINT('Ctrl Pts',(3.66347111628602E-14,129.,26.0699010871075));
#2472=CARTESIAN_POINT('Ctrl Pts',(-6.96337923049305,124.979691126805,26.6090932614065));
#2473=CARTESIAN_POINT('Ctrl Pts',(-13.9277075787987,120.958834280186,27.1320270396809));
#2474=CARTESIAN_POINT('Ctrl Pts',(-20.8929125128852,116.93747133653,27.6388070347432));
#2475=CARTESIAN_POINT('',(-6.37016249454908E-14,129.,42.));
#2476=CARTESIAN_POINT('',(-20.8929125128852,116.93747133653,42.));
#2477=CARTESIAN_POINT('Ctrl Pts',(-20.8929125128763,116.93747133656,42.));
#2478=CARTESIAN_POINT('Ctrl Pts',(-20.8929125128763,116.93747133656,-39.0055864104025));
#2479=CARTESIAN_POINT('Ctrl Pts',(-20.1740489502279,119.364543610849,42.));
#2480=CARTESIAN_POINT('Ctrl Pts',(-20.1740489502279,119.364543610849,-39.0055864104025));
#2481=CARTESIAN_POINT('Ctrl Pts',(-19.4372945467379,121.789903135799,42.));
#2482=CARTESIAN_POINT('Ctrl Pts',(-19.4372945467379,121.789903135799,-39.0055864104025));
#2483=CARTESIAN_POINT('Ctrl Pts',(-18.6826365035757,124.213574785489,42.));
#2484=CARTESIAN_POINT('Ctrl Pts',(-18.6826365035757,124.213574785489,-39.0055864104025));
#2485=CARTESIAN_POINT('',(-18.6826365035757,124.213574785489,26.704133805864));
#2486=CARTESIAN_POINT('Ctrl Pts',(-20.8929125128763,116.93747133656,27.6388070347394));
#2487=CARTESIAN_POINT('Ctrl Pts',(-20.1728544546338,119.368576541837,27.3324351757519));
#2488=CARTESIAN_POINT('Ctrl Pts',(-19.4360388369129,121.793935993238,27.0208589157476));
#2489=CARTESIAN_POINT('Ctrl Pts',(-18.6826365035757,124.213574785489,26.704133805864));
#2490=CARTESIAN_POINT('',(-18.6826365035757,124.213574785489,42.));
#2491=CARTESIAN_POINT('Origin',(-18.6826365035757,124.213574785489,42.));
#2492=CARTESIAN_POINT('',(-1.81228965967667E-14,135.,25.2530577608297));
#2493=CARTESIAN_POINT('Ctrl Pts',(-18.6826365035757,124.213574785489,26.704133805864));
#2494=CARTESIAN_POINT('Ctrl Pts',(-12.4543417663931,127.809482428593,26.2334380566378));
#2495=CARTESIAN_POINT('Ctrl Pts',(-6.22677896575344,131.404967487938,25.7497710031655));
#2496=CARTESIAN_POINT('Ctrl Pts',(3.27470334195382E-14,135.,25.2530577608297));
#2497=CARTESIAN_POINT('',(-1.81228965967667E-14,135.,42.));
#2498=CARTESIAN_POINT('Origin',(-1.81228965967667E-14,135.,42.));
#2499=CARTESIAN_POINT('',(18.6826365035758,124.213574785489,26.704133805864));
#2500=CARTESIAN_POINT('Ctrl Pts',(-3.27470334195383E-14,135.,25.2530577608297));
#2501=CARTESIAN_POINT('Ctrl Pts',(6.22677896612096,131.404967487726,25.7497710031948));
#2502=CARTESIAN_POINT('Ctrl Pts',(12.4543417660251,127.809482428806,26.2334380566115));
#2503=CARTESIAN_POINT('Ctrl Pts',(18.6826365035758,124.213574785489,26.704133805864));
#2504=CARTESIAN_POINT('',(18.6826365035758,124.213574785489,42.));
#2505=CARTESIAN_POINT('Origin',(20.8929125128851,116.93747133653,42.));
#2506=CARTESIAN_POINT('',(20.8929125128851,116.93747133653,27.6388070347432));
#2507=CARTESIAN_POINT('Ctrl Pts',(20.8929125128851,116.93747133653,27.6388070347432));
#2508=CARTESIAN_POINT('Ctrl Pts',(13.9277075794396,120.958834279816,27.1320270397246));
#2509=CARTESIAN_POINT('Ctrl Pts',(6.96337922985059,124.979691127176,26.6090932613568));
#2510=CARTESIAN_POINT('Ctrl Pts',(-3.66347111628603E-14,129.,26.0699010871075));
#2511=CARTESIAN_POINT('',(20.8929125128851,116.93747133653,42.));
#2512=CARTESIAN_POINT('Ctrl Pts',(18.6826365035758,124.213574785489,42.));
#2513=CARTESIAN_POINT('Ctrl Pts',(18.6826365035758,124.213574785489,-39.0055864104025));
#2514=CARTESIAN_POINT('Ctrl Pts',(19.4372946741359,121.789902726645,42.));
#2515=CARTESIAN_POINT('Ctrl Pts',(19.4372946741359,121.789902726645,-39.0055864104025));
#2516=CARTESIAN_POINT('Ctrl Pts',(20.1740489069923,119.364543756823,42.));
#2517=CARTESIAN_POINT('Ctrl Pts',(20.1740489069923,119.364543756823,-39.0055864104025));
#2518=CARTESIAN_POINT('Ctrl Pts',(20.8929125128763,116.93747133656,42.));
#2519=CARTESIAN_POINT('Ctrl Pts',(20.8929125128763,116.93747133656,-39.0055864104025));
#2520=CARTESIAN_POINT('Ctrl Pts',(18.6826365035758,124.213574785489,26.704133805864));
#2521=CARTESIAN_POINT('Ctrl Pts',(19.4360389640987,121.793935584766,27.0208589157475));
#2522=CARTESIAN_POINT('Ctrl Pts',(20.1728544113262,119.368576688055,27.3324351757519));
#2523=CARTESIAN_POINT('Ctrl Pts',(20.8929125128763,116.93747133656,27.6388070347394));
#2524=CARTESIAN_POINT('Origin',(-7.40575658579289E-14,119.,42.));
#2525=CARTESIAN_POINT('',(-7.40575658579289E-14,119.,27.3774604829237));
#2526=CARTESIAN_POINT('',(-24.286551647083,104.978152868869,29.0982509571411));
#2527=CARTESIAN_POINT('Ctrl Pts',(4.24933516005754E-14,119.,27.3774604829237));
#2528=CARTESIAN_POINT('Ctrl Pts',(-8.09434177351347,114.326729598149,27.9728434730348));
#2529=CARTESIAN_POINT('Ctrl Pts',(-16.1898969236712,109.652758652966,28.5463856305569));
#2530=CARTESIAN_POINT('Ctrl Pts',(-24.286551647083,104.978152868869,29.0982509571411));
#2531=CARTESIAN_POINT('',(-7.40575658579289E-14,119.,42.));
#2532=CARTESIAN_POINT('',(-24.286551647083,104.978152868869,42.));
#2533=CARTESIAN_POINT('Ctrl Pts',(-24.2865516470745,104.9781528689,42.));
#2534=CARTESIAN_POINT('Ctrl Pts',(-24.2865516470745,104.9781528689,-39.0055864104025));
#2535=CARTESIAN_POINT('Ctrl Pts',(-23.6392368734284,107.363462894485,42.));
#2536=CARTESIAN_POINT('Ctrl Pts',(-23.6392368734284,107.363462894485,-39.0055864104025));
#2537=CARTESIAN_POINT('Ctrl Pts',(-22.9747343294607,109.747106900701,42.));
#2538=CARTESIAN_POINT('Ctrl Pts',(-22.9747343294607,109.747106900701,-39.0055864104025));
#2539=CARTESIAN_POINT('Ctrl Pts',(-22.2930321128004,112.129111908622,42.));
#2540=CARTESIAN_POINT('Ctrl Pts',(-22.2930321128004,112.129111908622,-39.0055864104025));
#2541=CARTESIAN_POINT('',(-22.2930321128004,112.129111908622,28.2370447916573));
#2542=CARTESIAN_POINT('Ctrl Pts',(-24.2865516470745,104.9781528689,29.0982509571375));
#2543=CARTESIAN_POINT('Ctrl Pts',(-23.6382918375335,107.366945286185,28.816240446153));
#2544=CARTESIAN_POINT('Ctrl Pts',(-22.9737376741078,109.750589415476,28.5291561367711));
#2545=CARTESIAN_POINT('Ctrl Pts',(-22.2930321128004,112.129111908622,28.2370447916573));
#2546=CARTESIAN_POINT('',(-22.2930321128004,112.129111908622,42.));
#2547=CARTESIAN_POINT('Origin',(-22.2930321128004,112.129111908622,42.));
#2548=CARTESIAN_POINT('',(-2.84788375092048E-14,125.,26.6009848970322));
#2549=CARTESIAN_POINT('Ctrl Pts',(-22.2930321128004,112.129111908622,28.2370447916573));
#2550=CARTESIAN_POINT('Ctrl Pts',(-14.8610229597311,116.419984393766,27.7100740138383));
#2551=CARTESIAN_POINT('Ctrl Pts',(-7.42998289609594,120.710297374865,27.1647630449227));
#2552=CARTESIAN_POINT('Ctrl Pts',(3.90710961975157E-14,125.,26.6009848970322));
#2553=CARTESIAN_POINT('',(-2.84788375092048E-14,125.,42.));
#2554=CARTESIAN_POINT('Origin',(-1.81228965967667E-14,125.,42.));
#2555=CARTESIAN_POINT('',(22.2930321128004,112.129111908622,28.2370447916573));
#2556=CARTESIAN_POINT('Ctrl Pts',(-3.90710961975158E-14,125.,26.6009848970322));
#2557=CARTESIAN_POINT('Ctrl Pts',(7.42998289609541,120.710297374865,27.1647630449227));
#2558=CARTESIAN_POINT('Ctrl Pts',(14.86102295973,116.419984393767,27.7100740138382));
#2559=CARTESIAN_POINT('Ctrl Pts',(22.2930321128004,112.129111908622,28.2370447916573));
#2560=CARTESIAN_POINT('',(22.2930321128004,112.129111908622,42.));
#2561=CARTESIAN_POINT('Origin',(24.286551647083,104.978152868869,42.));
#2562=CARTESIAN_POINT('',(24.286551647083,104.978152868869,29.0982509571412));
#2563=CARTESIAN_POINT('Ctrl Pts',(24.286551647083,104.978152868869,29.0982509571412));
#2564=CARTESIAN_POINT('Ctrl Pts',(16.1898969236723,109.652758652966,28.546385630557));
#2565=CARTESIAN_POINT('Ctrl Pts',(8.09434177351395,114.326729598149,27.9728434730348));
#2566=CARTESIAN_POINT('Ctrl Pts',(-4.24933516005754E-14,119.,27.3774604829237));
#2567=CARTESIAN_POINT('',(24.286551647083,104.978152868869,42.));
#2568=CARTESIAN_POINT('Ctrl Pts',(22.2930321128004,112.129111908622,42.));
#2569=CARTESIAN_POINT('Ctrl Pts',(22.2930321128004,112.129111908622,-39.0055864104025));
#2570=CARTESIAN_POINT('Ctrl Pts',(22.974734386046,109.74710670298,42.));
#2571=CARTESIAN_POINT('Ctrl Pts',(22.974734386046,109.74710670298,-39.0055864104025));
#2572=CARTESIAN_POINT('Ctrl Pts',(23.6392368935175,107.363462820458,42.));
#2573=CARTESIAN_POINT('Ctrl Pts',(23.6392368935175,107.363462820458,-39.0055864104025));
#2574=CARTESIAN_POINT('Ctrl Pts',(24.2865516470746,104.9781528689,42.));
#2575=CARTESIAN_POINT('Ctrl Pts',(24.2865516470746,104.9781528689,-39.0055864104025));
#2576=CARTESIAN_POINT('Ctrl Pts',(22.2930321128004,112.129111908622,28.2370447916573));
#2577=CARTESIAN_POINT('Ctrl Pts',(22.9737377306103,109.750589218045,28.5291561367711));
#2578=CARTESIAN_POINT('Ctrl Pts',(23.6382918576519,107.36694521205,28.816240446153));
#2579=CARTESIAN_POINT('Ctrl Pts',(24.2865516470746,104.9781528689,29.0982509571375));
#2580=CARTESIAN_POINT('Origin',(-8.4413506770367E-14,109.,42.));
#2581=CARTESIAN_POINT('',(-8.4413506770367E-14,109.,28.6180762037726));
#2582=CARTESIAN_POINT('',(-27.3354137621494,93.2178915060133,30.4408420063327));
#2583=CARTESIAN_POINT('Ctrl Pts',(4.75801608292404E-14,109.,28.6180762037726));
#2584=CARTESIAN_POINT('Ctrl Pts',(-9.11040743705655,103.740103813788,29.2530944979313));
#2585=CARTESIAN_POINT('Ctrl Pts',(-18.2222660480157,98.4793697919332,29.8606053041239));
#2586=CARTESIAN_POINT('Ctrl Pts',(-27.3354137621494,93.2178915060133,30.4408420063327));
#2587=CARTESIAN_POINT('',(-8.4413506770367E-14,109.,42.));
#2588=CARTESIAN_POINT('',(-27.3354137621494,93.2178915060133,42.));
#2589=CARTESIAN_POINT('Ctrl Pts',(-27.3354137621436,93.2178915060366,42.));
#2590=CARTESIAN_POINT('Ctrl Pts',(-27.3354137621436,93.2178915060366,-39.0055864104025));
#2591=CARTESIAN_POINT('Ctrl Pts',(-26.755606510089,95.5638063556609,42.));
#2592=CARTESIAN_POINT('Ctrl Pts',(-26.755606510089,95.5638063556609,-39.0055864104025));
#2593=CARTESIAN_POINT('Ctrl Pts',(-26.1592610939551,97.9080996613553,42.));
#2594=CARTESIAN_POINT('Ctrl Pts',(-26.1592610939551,97.9080996613553,-39.0055864104025));
#2595=CARTESIAN_POINT('Ctrl Pts',(-25.5463671312084,100.25079805998,42.));
#2596=CARTESIAN_POINT('Ctrl Pts',(-25.5463671312084,100.25079805998,-39.0055864104025));
#2597=CARTESIAN_POINT('',(-25.5463671312084,100.25079805998,29.6489357231045));
#2598=CARTESIAN_POINT('Ctrl Pts',(-27.3354137621436,93.2178915060366,30.4408420063302));
#2599=CARTESIAN_POINT('Ctrl Pts',(-26.7548733251402,95.5667728405621,30.1818076665122));
#2600=CARTESIAN_POINT('Ctrl Pts',(-26.1584849155829,97.9110664907582,29.9178259409955));
#2601=CARTESIAN_POINT('Ctrl Pts',(-25.5463671312084,100.25079805998,29.6489357231045));
#2602=CARTESIAN_POINT('',(-25.5463671312084,100.25079805998,42.));
#2603=CARTESIAN_POINT('Origin',(-25.5463671312084,100.25079805998,42.));
#2604=CARTESIAN_POINT('',(-3.88347784216429E-14,115.,27.8817166139946));
#2605=CARTESIAN_POINT('Ctrl Pts',(-25.5463671312084,100.25079805998,29.6489357231045));
#2606=CARTESIAN_POINT('Ctrl Pts',(-17.0296873503682,105.16790542405,29.0838445913746));
#2607=CARTESIAN_POINT('Ctrl Pts',(-8.51418751183218,110.084331548113,28.4948351285768));
#2608=CARTESIAN_POINT('Ctrl Pts',(4.46204252653979E-14,115.,27.8817166139946));
#2609=CARTESIAN_POINT('',(-3.88347784216429E-14,115.,42.));
#2610=CARTESIAN_POINT('Origin',(-1.81228965967667E-14,115.,42.));
#2611=CARTESIAN_POINT('',(25.5463671312084,100.25079805998,29.6489357231045));
#2612=CARTESIAN_POINT('Ctrl Pts',(-4.46204252653979E-14,115.,27.8817166139946));
#2613=CARTESIAN_POINT('Ctrl Pts',(8.51418751183142,110.084331548113,28.4948351285768));
#2614=CARTESIAN_POINT('Ctrl Pts',(17.0296873503667,105.167905424051,29.0838445913746));
#2615=CARTESIAN_POINT('Ctrl Pts',(25.5463671312084,100.25079805998,29.6489357231045));
#2616=CARTESIAN_POINT('',(25.5463671312084,100.25079805998,42.));
#2617=CARTESIAN_POINT('Origin',(27.3354137621494,93.2178915060133,42.));
#2618=CARTESIAN_POINT('',(27.3354137621494,93.2178915060133,30.4408420063327));
#2619=CARTESIAN_POINT('Ctrl Pts',(27.3354137621494,93.2178915060133,30.4408420063327));
#2620=CARTESIAN_POINT('Ctrl Pts',(18.2222660480148,98.4793697919336,29.8606053041238));
#2621=CARTESIAN_POINT('Ctrl Pts',(9.11040743705609,103.740103813789,29.2530944979312));
#2622=CARTESIAN_POINT('Ctrl Pts',(-4.75801608292404E-14,109.,28.6180762037726));
#2623=CARTESIAN_POINT('',(27.3354137621494,93.2178915060133,42.));
#2624=CARTESIAN_POINT('Ctrl Pts',(25.5463671312084,100.25079805998,42.));
#2625=CARTESIAN_POINT('Ctrl Pts',(25.5463671312084,100.25079805998,-39.0055864104025));
#2626=CARTESIAN_POINT('Ctrl Pts',(26.1592610865636,97.9080996896081,42.));
#2627=CARTESIAN_POINT('Ctrl Pts',(26.1592610865636,97.9080996896081,-39.0055864104025));
#2628=CARTESIAN_POINT('Ctrl Pts',(26.7556065804826,95.5638060708463,42.));
#2629=CARTESIAN_POINT('Ctrl Pts',(26.7556065804826,95.5638060708463,-39.0055864104025));
#2630=CARTESIAN_POINT('Ctrl Pts',(27.3354137621436,93.2178915060365,42.));
#2631=CARTESIAN_POINT('Ctrl Pts',(27.3354137621436,93.2178915060365,-39.0055864104025));
#2632=CARTESIAN_POINT('Ctrl Pts',(25.5463671312084,100.25079805998,29.6489357231045));
#2633=CARTESIAN_POINT('Ctrl Pts',(26.1584849082015,97.9110665189727,29.9178259409958));
#2634=CARTESIAN_POINT('Ctrl Pts',(26.7548733956232,95.5667725553862,30.1818076665123));
#2635=CARTESIAN_POINT('Ctrl Pts',(27.3354137621436,93.2178915060365,30.4408420063302));
#2636=CARTESIAN_POINT('Origin',(6.5,170.,-15.));
#2637=CARTESIAN_POINT('Origin',(10.9289321881345,170.,-15.));
#2638=CARTESIAN_POINT('Origin',(-10.9289321881345,170.,-15.));
#2639=CARTESIAN_POINT('Origin',(14.7144660940672,170.,-11.2144660940673));
#2640=CARTESIAN_POINT('Origin',(14.9999999999999,170.,-10.9289321881346));
#2641=CARTESIAN_POINT('Origin',(14.9999999999999,170.,6.50000000000003));
#2642=CARTESIAN_POINT('',(19.9999999999999,170.,13.0000000000001));
#2643=CARTESIAN_POINT('Origin',(14.9999999999999,170.,10.9289321881346));
#2644=CARTESIAN_POINT('',(19.9999999999999,170.,-13.0000000000001));
#2645=CARTESIAN_POINT('Origin',(11.2144660940673,170.,14.7144660940673));
#2646=CARTESIAN_POINT('',(13.,170.,20.));
#2647=CARTESIAN_POINT('Origin',(10.9289321881345,170.,15.));
#2648=CARTESIAN_POINT('',(19.9999999999999,170.,13.0000000000001));
#2649=CARTESIAN_POINT('Origin',(-6.5,170.,15.));
#2650=CARTESIAN_POINT('Origin',(-5.,170.,15.));
#2651=CARTESIAN_POINT('',(-13.,170.,20.));
#2652=CARTESIAN_POINT('Origin',(-10.9289321881345,170.,15.));
#2653=CARTESIAN_POINT('',(0.,170.,20.));
#2654=CARTESIAN_POINT('',(-13.,170.,20.));
#2655=CARTESIAN_POINT('',(13.,170.,20.));
#2656=CARTESIAN_POINT('Origin',(5.,170.,15.));
#2657=CARTESIAN_POINT('Origin',(-14.7144660940672,170.,11.2144660940673));
#2658=CARTESIAN_POINT('',(-19.9999999999999,170.,13.0000000000001));
#2659=CARTESIAN_POINT('Origin',(-14.9999999999999,170.,10.9289321881346));
#2660=CARTESIAN_POINT('Origin',(-14.9999999999999,170.,-6.50000000000003));
#2661=CARTESIAN_POINT('Origin',(-14.9999999999999,170.,-10.9289321881346));
#2662=CARTESIAN_POINT('Origin',(-11.2144660940673,170.,-14.7144660940673));
#2663=CARTESIAN_POINT('Ctrl Pts',(-53.0576057218311,61.7599078729357,-11.7271450714595));
#2664=CARTESIAN_POINT('Ctrl Pts',(-52.8383668438104,62.8983006858628,-11.6204227458356));
#2665=CARTESIAN_POINT('Ctrl Pts',(-52.3924976863706,65.1722868711348,-11.3933373914749));
#2666=CARTESIAN_POINT('Ctrl Pts',(-51.4698650060636,69.7167163395432,-10.9595970729048));
#2667=CARTESIAN_POINT('Ctrl Pts',(-50.4986396927916,74.2655172909542,-10.7103219509372));
#2668=CARTESIAN_POINT('Ctrl Pts',(-49.484187989028,78.7942585886169,-10.3174078835646));
#2669=CARTESIAN_POINT('Ctrl Pts',(-48.6997635132558,82.1902201554267,-10.0920561594415));
#2670=CARTESIAN_POINT('Ctrl Pts',(-47.8915393371222,85.5860724732872,-9.94058483511468));
#2671=CARTESIAN_POINT('Ctrl Pts',(-47.0604195249408,88.9780686024188,-9.86927653920741));
#2672=CARTESIAN_POINT('Ctrl Pts',(-46.2066289292524,92.3654363245145,-9.90171387787862));
#2673=CARTESIAN_POINT('Ctrl Pts',(-45.3305717516627,95.746834964056,-9.89730369695135));
#2674=CARTESIAN_POINT('Ctrl Pts',(-44.4321528225176,99.1228940003008,-9.88428338272698));
#2675=CARTESIAN_POINT('Ctrl Pts',(-43.2049137496765,103.615806940349,-9.9559504799663));
#2676=CARTESIAN_POINT('Ctrl Pts',(-42.251314109661,106.976903043198,-9.95257395125142));
#2677=CARTESIAN_POINT('Ctrl Pts',(-41.6012508961932,109.212763210695,-9.99359064776689));
#2678=CARTESIAN_POINT('Ctrl Pts',(-53.0720292097331,61.6850142449755,-10.8938371901451));
#2679=CARTESIAN_POINT('Ctrl Pts',(-52.8533783531948,62.8213364216895,-10.787744736342));
#2680=CARTESIAN_POINT('Ctrl Pts',(-52.409521890077,65.0875226201615,-10.5628177422762));
#2681=CARTESIAN_POINT('Ctrl Pts',(-51.4814522143862,69.6616208771177,-10.1227316587041));
#2682=CARTESIAN_POINT('Ctrl Pts',(-50.5100577051006,74.2127187814366,-9.87356864367569));
#2683=CARTESIAN_POINT('Ctrl Pts',(-49.5001959581828,78.7245591059605,-9.48505945577777));
#2684=CARTESIAN_POINT('Ctrl Pts',(-48.7084326114532,82.1536087770276,-9.2524648273971));
#2685=CARTESIAN_POINT('Ctrl Pts',(-47.8995441328904,85.5532469550945,-9.10048820395452));
#2686=CARTESIAN_POINT('Ctrl Pts',(-47.0601279380048,88.9793074960236,-9.02266558531771));
#2687=CARTESIAN_POINT('Ctrl Pts',(-46.2043584765372,92.3737377954181,-9.05409662525082));
#2688=CARTESIAN_POINT('Ctrl Pts',(-45.3331348151369,95.7373743490701,-9.05296547819998));
#2689=CARTESIAN_POINT('Ctrl Pts',(-44.4295846630106,99.1324044585774,-9.03658136525813));
#2690=CARTESIAN_POINT('Ctrl Pts',(-43.2027302025485,103.623383510005,-9.10864523598836));
#2691=CARTESIAN_POINT('Ctrl Pts',(-42.2503660895545,106.980665823753,-9.10610245424792));
#2692=CARTESIAN_POINT('Ctrl Pts',(-41.5971014348748,109.227035077009,-9.14514936382911));
#2693=CARTESIAN_POINT('Ctrl Pts',(-53.7357020826275,61.6780337909729,-9.44767360373149));
#2694=CARTESIAN_POINT('Ctrl Pts',(-53.5170557994002,62.8121147892564,-9.34262653221692));
#2695=CARTESIAN_POINT('Ctrl Pts',(-53.0736746586394,65.067153325872,-9.12127336813332));
#2696=CARTESIAN_POINT('Ctrl Pts',(-52.1411753330146,69.699552684288,-8.67056214468772));
#2697=CARTESIAN_POINT('Ctrl Pts',(-51.1682295231095,74.2603072496737,-8.42153772547378));
#2698=CARTESIAN_POINT('Ctrl Pts',(-50.1594565243774,78.747435111992,-8.04029764628327));
#2699=CARTESIAN_POINT('Ctrl Pts',(-49.3623263198737,82.2398485160633,-7.7955963078059));
#2700=CARTESIAN_POINT('Ctrl Pts',(-48.551784229332,85.6505202161745,-7.64269124929396));
#2701=CARTESIAN_POINT('Ctrl Pts',(-47.7063982076386,89.1420072061364,-7.55412187756325));
#2702=CARTESIAN_POINT('Ctrl Pts',(-46.8481908579949,92.5535696755289,-7.58388249342756));
#2703=CARTESIAN_POINT('Ctrl Pts',(-45.9784354580818,95.889351192192,-7.58804296860261));
#2704=CARTESIAN_POINT('Ctrl Pts',(-45.0706273084709,99.3228809156391,-7.56614728908106));
#2705=CARTESIAN_POINT('Ctrl Pts',(-43.8422324951518,103.816168920156,-7.63886283105378));
#2706=CARTESIAN_POINT('Ctrl Pts',(-42.8891394400954,107.170396588028,-7.63756064249434));
#2707=CARTESIAN_POINT('Ctrl Pts',(-42.2331273416534,109.438804755742,-7.67343072272397));
#2708=CARTESIAN_POINT('Ctrl Pts',(-55.1280737147966,61.8879523287293,-8.82291113158958));
#2709=CARTESIAN_POINT('Ctrl Pts',(-54.9081339136197,63.0232920532761,-8.71754817013181));
#2710=CARTESIAN_POINT('Ctrl Pts',(-54.4612407245721,65.277607967462,-8.49516512181413));
#2711=CARTESIAN_POINT('Ctrl Pts',(-53.5318246504572,69.9471498197155,-8.04641838003277));
#2712=CARTESIAN_POINT('Ctrl Pts',(-52.5561652626473,74.5218731456289,-7.79754656870935));
#2713=CARTESIAN_POINT('Ctrl Pts',(-51.5394223484533,79.0062020473739,-7.41353293163698));
#2714=CARTESIAN_POINT('Ctrl Pts',(-50.7479108330416,82.5361101268083,-7.17270993936848));
#2715=CARTESIAN_POINT('Ctrl Pts',(-49.9357429095924,85.9590310412786,-7.02021417561368));
#2716=CARTESIAN_POINT('Ctrl Pts',(-49.0968840841115,89.4886408360155,-6.93738577949043));
#2717=CARTESIAN_POINT('Ctrl Pts',(-48.2383365910426,92.9153205866881,-6.9688922846845));
#2718=CARTESIAN_POINT('Ctrl Pts',(-47.3607813714063,96.2450050698987,-6.96907505092673));
#2719=CARTESIAN_POINT('Ctrl Pts',(-46.4559059395683,99.7038083927727,-6.95122472138179));
#2720=CARTESIAN_POINT('Ctrl Pts',(-45.2234955225825,104.207578410703,-7.02353542076462));
#2721=CARTESIAN_POINT('Ctrl Pts',(-44.266329069165,107.567285116405,-7.0211272757923));
#2722=CARTESIAN_POINT('Ctrl Pts',(-43.6118887458561,109.850869569132,-7.05961176528743));
#2723=CARTESIAN_POINT('Ctrl Pts',(-55.7420055135199,61.9999999999508,-8.75653101766153));
#2724=CARTESIAN_POINT('Ctrl Pts',(-55.5214971359749,63.1364386122387,-8.65075012091897));
#2725=CARTESIAN_POINT('Ctrl Pts',(-55.0730484578557,65.3925169838906,-8.42696350003871));
#2726=CARTESIAN_POINT('Ctrl Pts',(-54.1450882531296,70.0707840607759,-7.98170079268582));
#2727=CARTESIAN_POINT('Ctrl Pts',(-53.1682718767427,74.6511400972004,-7.73286434143098));
#2728=CARTESIAN_POINT('Ctrl Pts',(-52.1480008843041,79.1387582979893,-7.34559457667035));
#2729=CARTESIAN_POINT('Ctrl Pts',(-51.359087655525,82.6765520552582,-7.10969859760669));
#2730=CARTESIAN_POINT('Ctrl Pts',(-50.5462504787208,86.1039311050087,-6.95760983222806));
#2731=CARTESIAN_POINT('Ctrl Pts',(-49.7103998499062,89.641233002484,-6.88052885635299));
#2732=CARTESIAN_POINT('Ctrl Pts',(-48.8517631878273,93.0726379268763,-6.91341108316808));
#2733=CARTESIAN_POINT('Ctrl Pts',(-47.9707482970363,96.404531552177,-6.91005798295099));
#2734=CARTESIAN_POINT('Ctrl Pts',(-47.067260804817,99.8693079211641,-6.89579919129261));
#2735=CARTESIAN_POINT('Ctrl Pts',(-45.833120307637,104.378196960254,-6.96772757006512));
#2736=CARTESIAN_POINT('Ctrl Pts',(-44.874184548017,107.741491334502,-6.96434774409804));
#2737=CARTESIAN_POINT('Ctrl Pts',(-44.2204969816116,110.028813603389,-7.00508389106489));
#2738=CARTESIAN_POINT('',(-55.7420055135286,61.9999999999529,-8.75653101766572));
#2739=CARTESIAN_POINT('Ctrl Pts',(-55.7420055135103,62.0000000000001,-8.75653101765695));
#2740=CARTESIAN_POINT('Ctrl Pts',(-55.6402911981757,62.,-8.76548369869243));
#2741=CARTESIAN_POINT('Ctrl Pts',(-55.5392413706223,62.0000138907588,-8.77962955044196));
#2742=CARTESIAN_POINT('Ctrl Pts',(-55.4392186448677,62.0000268083751,-8.79877232027195));
#2743=CARTESIAN_POINT('Ctrl Pts',(-55.3386109876983,62.0000398015334,-8.81802703673561));
#2744=CARTESIAN_POINT('Ctrl Pts',(-55.2390416374881,62.0000516821884,-8.84233759255109));
#2745=CARTESIAN_POINT('Ctrl Pts',(-55.1408898238629,62.000053976902,-8.87155567596484));
#2746=CARTESIAN_POINT('Ctrl Pts',(-55.0438011903212,62.0000562467592,-8.90045726920674));
#2747=CARTESIAN_POINT('Ctrl Pts',(-54.9480987686056,62.0000490299051,-8.93416105895491));
#2748=CARTESIAN_POINT('Ctrl Pts',(-54.8541716160006,62.0000323391967,-8.97256810065645));
#2749=CARTESIAN_POINT('Ctrl Pts',(-54.8090506021,62.0000243212629,-8.99101819324878));
#2750=CARTESIAN_POINT('Ctrl Pts',(-54.7643396633692,62.0000142492341,-9.01055427104058));
#2751=CARTESIAN_POINT('Ctrl Pts',(-54.7200845791925,62.0000029226854,-9.03116867326926));
#2752=CARTESIAN_POINT('Ctrl Pts',(-54.6275918735954,61.9999792503062,-9.07425257813276));
#2753=CARTESIAN_POINT('Ctrl Pts',(-54.5375131480715,61.9999483914292,-9.12184634773163));
#2754=CARTESIAN_POINT('Ctrl Pts',(-54.4502199702579,61.9999220531086,-9.17378907512367));
#2755=CARTESIAN_POINT('Ctrl Pts',(-54.3644675390053,61.9998961796661,-9.22481500030274));
#2756=CARTESIAN_POINT('Ctrl Pts',(-54.2814024787464,61.9998745759582,-9.28003818280187));
#2757=CARTESIAN_POINT('Ctrl Pts',(-54.2014022737735,61.9998766132168,-9.33934777787493));
#2758=CARTESIAN_POINT('Ctrl Pts',(-54.1389069202585,61.9998782047026,-9.38567983555127));
#2759=CARTESIAN_POINT('Ctrl Pts',(-54.0782822928832,61.9998943672654,-9.43450652321174));
#2760=CARTESIAN_POINT('Ctrl Pts',(-54.0197236091726,61.999938511971,-9.48579060080618));
#2761=CARTESIAN_POINT('Ctrl Pts',(-53.9656594908825,61.9999792684298,-9.53313846216133));
#2762=CARTESIAN_POINT('Ctrl Pts',(-53.9133565428426,62.0000439491561,-9.58258134206096));
#2763=CARTESIAN_POINT('Ctrl Pts',(-53.8628857801368,62.0001193722247,-9.6340087973391));
#2764=CARTESIAN_POINT('Ctrl Pts',(-53.7924294489022,62.000224661553,-9.7058006552262));
#2765=CARTESIAN_POINT('Ctrl Pts',(-53.7259099514249,62.0003488380426,-9.78108350609159));
#2766=CARTESIAN_POINT('Ctrl Pts',(-53.6634335118778,62.0004644006083,-9.85947285972897));
#2767=CARTESIAN_POINT('Ctrl Pts',(-53.6002216699932,62.0005813234464,-9.9387849246208));
#2768=CARTESIAN_POINT('Ctrl Pts',(-53.5411481801182,62.0006894080271,-10.0212777847946));
#2769=CARTESIAN_POINT('Ctrl Pts',(-53.4863608737708,62.0007702433402,-10.1065905015856));
#2770=CARTESIAN_POINT('Ctrl Pts',(-53.4316515058596,62.0008509636599,-10.1917818555981));
#2771=CARTESIAN_POINT('Ctrl Pts',(-53.3812157507096,62.0009045099816,-10.2797858521729));
#2772=CARTESIAN_POINT('Ctrl Pts',(-53.3352444237056,62.0009226715836,-10.3702684051387));
#2773=CARTESIAN_POINT('Ctrl Pts',(-53.3001850343981,62.0009365222753,-10.4392736581236));
#2774=CARTESIAN_POINT('Ctrl Pts',(-53.2677230500619,62.0009299963684,-10.509721078173));
#2775=CARTESIAN_POINT('Ctrl Pts',(-53.2379623495337,62.0009034404312,-10.5814680403657));
#2776=CARTESIAN_POINT('Ctrl Pts',(-53.1988410505522,62.0008685318861,-10.6757814909612));
#2777=CARTESIAN_POINT('Ctrl Pts',(-53.1646081553387,62.0007993595372,-10.7718039179948));
#2778=CARTESIAN_POINT('Ctrl Pts',(-53.1353779786704,62.0007082652529,-10.8691626912105));
#2779=CARTESIAN_POINT('Ctrl Pts',(-53.1061746705426,62.000617254703,-10.9664319717018));
#2780=CARTESIAN_POINT('Ctrl Pts',(-53.0819645285351,62.0005043654421,-11.0650359684344));
#2781=CARTESIAN_POINT('Ctrl Pts',(-53.0629063711098,62.0003924078741,-11.1646270379926));
#2782=CARTESIAN_POINT('Ctrl Pts',(-53.044242162313,62.0002827645661,-11.2621594738437));
#2783=CARTESIAN_POINT('Ctrl Pts',(-53.0305189563622,62.000174046912,-11.3606393845564));
#2784=CARTESIAN_POINT('Ctrl Pts',(-53.0219327498751,62.0000974454723,-11.4597512455812));
#2785=CARTESIAN_POINT('Ctrl Pts',(-53.0148958187205,62.00003466582,-11.5409795905633));
#2786=CARTESIAN_POINT('Ctrl Pts',(-53.0113100796035,61.9999936338541,-11.6226327818043));
#2787=CARTESIAN_POINT('Ctrl Pts',(-53.0113091649179,61.9999963866833,-11.7045373994443));
#2788=CARTESIAN_POINT('',(-44.2204969816116,110.028813603389,-7.00508389106489));
#2789=CARTESIAN_POINT('Ctrl Pts',(-55.7420055135199,61.9999999999508,-8.75653101766153));
#2790=CARTESIAN_POINT('Ctrl Pts',(-55.5214971359749,63.1364386122387,-8.65075012091897));
#2791=CARTESIAN_POINT('Ctrl Pts',(-55.0730484578557,65.3925169838906,-8.42696350003871));
#2792=CARTESIAN_POINT('Ctrl Pts',(-54.1450882531296,70.0707840607759,-7.98170079268582));
#2793=CARTESIAN_POINT('Ctrl Pts',(-53.1682718767427,74.6511400972004,-7.73286434143098));
#2794=CARTESIAN_POINT('Ctrl Pts',(-52.1480008843041,79.1387582979893,-7.34559457667035));
#2795=CARTESIAN_POINT('Ctrl Pts',(-51.359087655525,82.6765520552582,-7.10969859760669));
#2796=CARTESIAN_POINT('Ctrl Pts',(-50.5462504787208,86.1039311050087,-6.95760983222806));
#2797=CARTESIAN_POINT('Ctrl Pts',(-49.7103998499062,89.641233002484,-6.88052885635299));
#2798=CARTESIAN_POINT('Ctrl Pts',(-48.8517631878273,93.0726379268763,-6.91341108316808));
#2799=CARTESIAN_POINT('Ctrl Pts',(-47.9707482970363,96.404531552177,-6.91005798295099));
#2800=CARTESIAN_POINT('Ctrl Pts',(-47.067260804817,99.8693079211641,-6.89579919129261));
#2801=CARTESIAN_POINT('Ctrl Pts',(-45.833120307637,104.378196960254,-6.96772757006512));
#2802=CARTESIAN_POINT('Ctrl Pts',(-44.874184548017,107.741491334502,-6.96434774409804));
#2803=CARTESIAN_POINT('Ctrl Pts',(-44.2204969816116,110.028813603389,-7.00508389106489));
#2804=CARTESIAN_POINT('Origin',(-44.4819642098546,110.050313689468,-9.99359064776689));
#2805=CARTESIAN_POINT('Ctrl Pts',(-41.6012508961932,109.212763210695,-9.99359064776689));
#2806=CARTESIAN_POINT('Ctrl Pts',(-41.3477421227872,110.084694058075,-10.0095861574456));
#2807=CARTESIAN_POINT('Ctrl Pts',(-40.5768821180278,112.711103070378,-9.57561311995634));
#2808=CARTESIAN_POINT('Ctrl Pts',(-39.7200639193218,115.541768761614,-7.02598005015634));
#2809=CARTESIAN_POINT('Ctrl Pts',(-39.4354906562503,116.470977280529,-3.41482012473756));
#2810=CARTESIAN_POINT('Ctrl Pts',(-39.5526227912848,116.088843003383,-0.649594905468103));
#2811=CARTESIAN_POINT('Ctrl Pts',(-39.975804127126,114.698500471963,1.73428284554416));
#2812=CARTESIAN_POINT('Ctrl Pts',(-40.4036693290985,113.274403024586,2.83796303816749));
#2813=CARTESIAN_POINT('Ctrl Pts',(-40.6366805754886,112.491522856949,3.23718251841741));
#2814=CARTESIAN_POINT('Ctrl Pts',(-41.5971014348748,109.227035077009,-9.14514936382912));
#2815=CARTESIAN_POINT('Ctrl Pts',(-41.3729196885867,110.000554180413,-9.17968178258542));
#2816=CARTESIAN_POINT('Ctrl Pts',(-40.6837356192785,112.353585247453,-8.85691233558488));
#2817=CARTESIAN_POINT('Ctrl Pts',(-39.9013074849512,114.951602792469,-6.61665731070257));
#2818=CARTESIAN_POINT('Ctrl Pts',(-39.6396052044648,115.809812090389,-3.37297590173484));
#2819=CARTESIAN_POINT('Ctrl Pts',(-39.7472660845783,115.456730746621,-0.887336906648456));
#2820=CARTESIAN_POINT('Ctrl Pts',(-40.1342772604463,114.17678520845,1.23874844290084));
#2821=CARTESIAN_POINT('Ctrl Pts',(-40.5229292092671,112.877288441686,2.2020518541612));
#2822=CARTESIAN_POINT('Ctrl Pts',(-40.7329597544609,112.16804036011,2.54279319721815));
#2823=CARTESIAN_POINT('Ctrl Pts',(-42.2331297603004,109.438805429987,-7.67343231028309));
#2824=CARTESIAN_POINT('Ctrl Pts',(-42.0252589137496,110.033952659785,-7.73786246363168));
#2825=CARTESIAN_POINT('Ctrl Pts',(-41.3821514737761,111.887476417667,-7.60482285162282));
#2826=CARTESIAN_POINT('Ctrl Pts',(-40.6364776383304,114.05186486493,-5.90257998544018));
#2827=CARTESIAN_POINT('Ctrl Pts',(-40.3861408247519,114.777169424258,-3.299940842624));
#2828=CARTESIAN_POINT('Ctrl Pts',(-40.4892935443214,114.478317388365,-1.30242683424753));
#2829=CARTESIAN_POINT('Ctrl Pts',(-40.8595973358147,113.404498689572,0.375162230100839));
#2830=CARTESIAN_POINT('Ctrl Pts',(-41.2283758521335,112.335622833334,1.09430128871344));
#2831=CARTESIAN_POINT('Ctrl Pts',(-41.4267140437106,111.761998794748,1.33493995378581));
#2832=CARTESIAN_POINT('Ctrl Pts',(-43.6118887458561,109.850869569132,-7.05961176528743));
#2833=CARTESIAN_POINT('Ctrl Pts',(-43.3715846975573,110.362408157981,-7.09947212361155));
#2834=CARTESIAN_POINT('Ctrl Pts',(-42.637713136547,111.938520474987,-6.93870348638795));
#2835=CARTESIAN_POINT('Ctrl Pts',(-41.8125794158586,113.741714219649,-5.46347602422313));
#2836=CARTESIAN_POINT('Ctrl Pts',(-41.5377494644772,114.34440277518,-3.25437246765077));
#2837=CARTESIAN_POINT('Ctrl Pts',(-41.6509182913399,114.096237295191,-1.55974585331589));
#2838=CARTESIAN_POINT('Ctrl Pts',(-42.0591284486676,113.2030378618,-0.127050155267037));
#2839=CARTESIAN_POINT('Ctrl Pts',(-42.4700923968307,112.308614835793,0.50156691134623));
#2840=CARTESIAN_POINT('Ctrl Pts',(-42.6931709729779,111.825744325977,0.717345356719115));
#2841=CARTESIAN_POINT('Ctrl Pts',(-44.2204969816116,110.028813603389,-7.00508389106489));
#2842=CARTESIAN_POINT('Ctrl Pts',(-43.9655747990962,110.531002819796,-7.02377439091864));
#2843=CARTESIAN_POINT('Ctrl Pts',(-43.1904228292562,112.054535125726,-6.80542403216033));
#2844=CARTESIAN_POINT('Ctrl Pts',(-42.328856998224,113.735317039872,-5.34956249122751));
#2845=CARTESIAN_POINT('Ctrl Pts',(-42.0427100639082,114.291956701269,-3.24231347197298));
#2846=CARTESIAN_POINT('Ctrl Pts',(-42.1604898392275,114.062888777125,-1.62752824656271));
#2847=CARTESIAN_POINT('Ctrl Pts',(-42.5860138155774,113.233876889486,-0.246182057593334));
#2848=CARTESIAN_POINT('Ctrl Pts',(-43.0162525747091,112.393044088188,0.380812147686123));
#2849=CARTESIAN_POINT('Ctrl Pts',(-43.2505583394196,111.934088747925,0.603856045943645));
#2850=CARTESIAN_POINT('',(-43.2505583394196,111.934088747925,0.603856045943655));
#2851=CARTESIAN_POINT('Origin',(-43.5120255676625,113.347321417348,3.23718251841741));
#2852=CARTESIAN_POINT('Ctrl Pts',(-44.2204969816116,110.028813603389,-7.00508389106489));
#2853=CARTESIAN_POINT('Ctrl Pts',(-43.9655747990962,110.531002819796,-7.02377439091864));
#2854=CARTESIAN_POINT('Ctrl Pts',(-43.1904228292562,112.054535125726,-6.80542403216033));
#2855=CARTESIAN_POINT('Ctrl Pts',(-42.328856998224,113.735317039872,-5.34956249122751));
#2856=CARTESIAN_POINT('Ctrl Pts',(-42.0427100639082,114.291956701269,-3.24231347197298));
#2857=CARTESIAN_POINT('Ctrl Pts',(-42.1604898392275,114.062888777125,-1.62752824656271));
#2858=CARTESIAN_POINT('Ctrl Pts',(-42.5860138155774,113.233876889486,-0.246182057593334));
#2859=CARTESIAN_POINT('Ctrl Pts',(-43.0162525747091,112.393044088188,0.380812147686123));
#2860=CARTESIAN_POINT('Ctrl Pts',(-43.2505583394196,111.934088747925,0.603856045943645));
#2861=CARTESIAN_POINT('Ctrl Pts',(-40.6366805754888,112.491522856948,3.23718251841783));
#2862=CARTESIAN_POINT('Ctrl Pts',(-40.9609001201988,111.402197532759,3.79266968966459));
#2863=CARTESIAN_POINT('Ctrl Pts',(-41.488807463913,109.608255336727,4.25850619015203));
#2864=CARTESIAN_POINT('Ctrl Pts',(-42.0916062726243,107.518026087402,4.60990408865783));
#2865=CARTESIAN_POINT('Ctrl Pts',(-42.4325521878441,106.324407516345,4.85615080527002));
#2866=CARTESIAN_POINT('Ctrl Pts',(-42.7702608221057,105.134224259773,5.11222836244262));
#2867=CARTESIAN_POINT('Ctrl Pts',(-43.1904240591639,103.638755318817,5.40313952252088));
#2868=CARTESIAN_POINT('Ctrl Pts',(-43.5654654811356,102.2856669888,5.62731799021044));
#2869=CARTESIAN_POINT('Ctrl Pts',(-43.8113715420633,101.39091017931,5.82216103880925));
#2870=CARTESIAN_POINT('Ctrl Pts',(-43.9743368107234,100.795928416073,5.96001505576922));
#2871=CARTESIAN_POINT('Ctrl Pts',(-44.257815815242,99.7556488456841,6.20802205452921));
#2872=CARTESIAN_POINT('Ctrl Pts',(-44.6606466622092,98.2621096359985,6.52992886575019));
#2873=CARTESIAN_POINT('Ctrl Pts',(-45.1404906800547,96.4579101347785,6.8599677923479));
#2874=CARTESIAN_POINT('Ctrl Pts',(-45.6131360546044,94.6552672812094,7.20741898878448));
#2875=CARTESIAN_POINT('Ctrl Pts',(-46.0773840000873,92.8590258799706,7.59838101361607));
#2876=CARTESIAN_POINT('Ctrl Pts',(-46.6890577611151,90.4577332347742,8.09687756489225));
#2877=CARTESIAN_POINT('Ctrl Pts',(-47.4391216434784,87.4467158613015,8.69204544769296));
#2878=CARTESIAN_POINT('Ctrl Pts',(-48.1665008109121,84.4363395837852,9.31727579436831));
#2879=CARTESIAN_POINT('Ctrl Pts',(-49.0214538618791,80.8140200762115,10.0402285161046));
#2880=CARTESIAN_POINT('Ctrl Pts',(-49.8536740836836,77.1725519896464,10.6888525945135));
#2881=CARTESIAN_POINT('Ctrl Pts',(-50.7862081165875,72.9174187728353,11.4553237935051));
#2882=CARTESIAN_POINT('Ctrl Pts',(-51.819426411736,68.0360082528991,12.2642986840121));
#2883=CARTESIAN_POINT('Ctrl Pts',(-52.5573575087632,64.3538078853898,12.7858601248298));
#2884=CARTESIAN_POINT('Ctrl Pts',(-53.0314623073604,61.8955595566607,13.1319372767122));
#2885=CARTESIAN_POINT('Ctrl Pts',(-40.7329597544611,112.16804036011,2.54279319721851));
#2886=CARTESIAN_POINT('Ctrl Pts',(-41.0321646052595,111.158319056438,3.03486164371331));
#2887=CARTESIAN_POINT('Ctrl Pts',(-41.5258944095889,109.479309502861,3.45053537755299));
#2888=CARTESIAN_POINT('Ctrl Pts',(-42.1305455374112,107.38140577849,3.8049331394947));
#2889=CARTESIAN_POINT('Ctrl Pts',(-42.4773890943157,106.166528606814,4.05977135013111));
#2890=CARTESIAN_POINT('Ctrl Pts',(-42.8140646070684,104.978495791143,4.31443716570618));
#2891=CARTESIAN_POINT('Ctrl Pts',(-43.2253361298954,103.512731788223,4.59294834171381));
#2892=CARTESIAN_POINT('Ctrl Pts',(-43.6030565648949,102.149081362893,4.82081063543724));
#2893=CARTESIAN_POINT('Ctrl Pts',(-43.8568211383399,101.225358073821,5.02766069702625));
#2894=CARTESIAN_POINT('Ctrl Pts',(-44.0217420660691,100.622618417395,5.16885545968939));
#2895=CARTESIAN_POINT('Ctrl Pts',(-44.3033538010911,99.587661272921,5.4139672846193));
#2896=CARTESIAN_POINT('Ctrl Pts',(-44.699433985894,98.1168229362512,5.72583698932543));
#2897=CARTESIAN_POINT('Ctrl Pts',(-45.1757525596696,96.3239485893143,6.05107871651898));
#2898=CARTESIAN_POINT('Ctrl Pts',(-45.6540875048909,94.4980780357428,6.40711029597298));
#2899=CARTESIAN_POINT('Ctrl Pts',(-46.1182103210459,92.6999515124024,6.79838655022114));
#2900=CARTESIAN_POINT('Ctrl Pts',(-46.7267352572315,90.3077584765578,7.29242860435981));
#2901=CARTESIAN_POINT('Ctrl Pts',(-47.4760595209473,87.2962529927006,7.88702850664956));
#2902=CARTESIAN_POINT('Ctrl Pts',(-48.2044461168156,84.2778509775268,8.51441834370668));
#2903=CARTESIAN_POINT('Ctrl Pts',(-49.0539858259921,80.6730607631454,9.22968082244316));
#2904=CARTESIAN_POINT('Ctrl Pts',(-49.8843839988933,77.0357676799364,9.87622500355916));
#2905=CARTESIAN_POINT('Ctrl Pts',(-50.8158788187037,72.7796469018982,10.6417435064579));
#2906=CARTESIAN_POINT('Ctrl Pts',(-51.8425912772845,67.9223394184936,11.4419087673437));
#2907=CARTESIAN_POINT('Ctrl Pts',(-52.5801174013723,64.238867895752,11.9633031286601));
#2908=CARTESIAN_POINT('Ctrl Pts',(-53.0529107691093,61.7843486062458,12.3078587667222));
#2909=CARTESIAN_POINT('Ctrl Pts',(-41.4267056116674,111.761993838861,1.33493513001351));
#2910=CARTESIAN_POINT('Ctrl Pts',(-41.7132834810411,110.898716711188,1.71844954042806));
#2911=CARTESIAN_POINT('Ctrl Pts',(-42.1873623640873,109.429208068602,2.04800996120416));
#2912=CARTESIAN_POINT('Ctrl Pts',(-42.7938031985618,107.314905021288,2.40742349462222));
#2913=CARTESIAN_POINT('Ctrl Pts',(-43.1442379516175,106.059909751171,2.67662005483873));
#2914=CARTESIAN_POINT('Ctrl Pts',(-43.4807979501541,104.874607438024,2.92888508531174));
#2915=CARTESIAN_POINT('Ctrl Pts',(-43.8875893240025,103.461565885253,3.18637494487318));
#2916=CARTESIAN_POINT('Ctrl Pts',(-44.2673287328298,102.077160304232,3.42044240678389));
#2917=CARTESIAN_POINT('Ctrl Pts',(-44.5257340374698,101.09970284004,3.64753646811468));
#2918=CARTESIAN_POINT('Ctrl Pts',(-44.6919523290954,100.482207117505,3.79438503854852));
#2919=CARTESIAN_POINT('Ctrl Pts',(-44.9729312777839,99.4559023642822,4.03459330981751));
#2920=CARTESIAN_POINT('Ctrl Pts',(-45.3658014628834,98.0248624299315,4.32948015380491));
#2921=CARTESIAN_POINT('Ctrl Pts',(-45.8407941408068,96.250603639732,4.64661156877777));
#2922=CARTESIAN_POINT('Ctrl Pts',(-46.3229286888235,94.3806617477037,5.01710466560987));
#2923=CARTESIAN_POINT('Ctrl Pts',(-46.7876111843274,92.5772601928426,5.40891698318593));
#2924=CARTESIAN_POINT('Ctrl Pts',(-47.3952493920403,90.1989760567361,5.89543981520192));
#2925=CARTESIAN_POINT('Ctrl Pts',(-48.1451363798088,87.1833916528134,6.48904607565652));
#2926=CARTESIAN_POINT('Ctrl Pts',(-48.8750629887262,84.1473088355926,7.12005991913505));
#2927=CARTESIAN_POINT('Ctrl Pts',(-49.7228144337271,80.5700514390583,7.82235554767011));
#2928=CARTESIAN_POINT('Ctrl Pts',(-50.5532187264852,76.9362236630569,8.46529420426356));
#2929=CARTESIAN_POINT('Ctrl Pts',(-51.4853616139023,72.6736543787631,9.2291390649684));
#2930=CARTESIAN_POINT('Ctrl Pts',(-52.5099371284949,67.8535995611687,10.0144870650807));
#2931=CARTESIAN_POINT('Ctrl Pts',(-53.2480076016839,64.1638350003429,10.5354041729607));
#2932=CARTESIAN_POINT('Ctrl Pts',(-53.7207725958805,61.712934246986,10.8774247052217));
#2933=CARTESIAN_POINT('Ctrl Pts',(-42.6931709729781,111.825744325976,0.717345356719352));
#2934=CARTESIAN_POINT('Ctrl Pts',(-43.0068830151339,111.06025083059,1.07403419618533));
#2935=CARTESIAN_POINT('Ctrl Pts',(-43.5199364923749,109.707960529177,1.40989390121436));
#2936=CARTESIAN_POINT('Ctrl Pts',(-44.126211351696,107.580327320578,1.76918994297361));
#2937=CARTESIAN_POINT('Ctrl Pts',(-44.471432068588,106.300926892612,2.03795596222462));
#2938=CARTESIAN_POINT('Ctrl Pts',(-44.8100967051007,105.115306778842,2.29049039825273));
#2939=CARTESIAN_POINT('Ctrl Pts',(-45.2277205285489,103.72897992697,2.54980778359785));
#2940=CARTESIAN_POINT('Ctrl Pts',(-45.6056924424018,102.330880038497,2.78341345437908));
#2941=CARTESIAN_POINT('Ctrl Pts',(-45.8564540812974,101.32195313381,3.01017275261078));
#2942=CARTESIAN_POINT('Ctrl Pts',(-46.0210711386759,100.695124362617,3.15729105515803));
#2943=CARTESIAN_POINT('Ctrl Pts',(-46.3048802476118,99.6721449711345,3.39760782318086));
#2944=CARTESIAN_POINT('Ctrl Pts',(-46.7061824965172,98.2607561792651,3.69324741764273));
#2945=CARTESIAN_POINT('Ctrl Pts',(-47.1863969743809,96.4934136971785,4.01127984137567));
#2946=CARTESIAN_POINT('Ctrl Pts',(-47.6638578788112,94.5964427023571,4.38143481109634));
#2947=CARTESIAN_POINT('Ctrl Pts',(-48.1300693525781,92.7870958606746,4.77382853709557));
#2948=CARTESIAN_POINT('Ctrl Pts',(-48.7428996424838,90.4123258573104,5.26099424655942));
#2949=CARTESIAN_POINT('Ctrl Pts',(-49.4958703708645,87.3892233269069,5.85538276690874));
#2950=CARTESIAN_POINT('Ctrl Pts',(-50.2269263511375,84.3384985572336,6.48705789933422));
#2951=CARTESIAN_POINT('Ctrl Pts',(-51.0830367995599,80.7694661214072,7.19040612872579));
#2952=CARTESIAN_POINT('Ctrl Pts',(-51.918000010029,77.1305259142932,7.83440898394605));
#2953=CARTESIAN_POINT('Ctrl Pts',(-52.8541358316485,72.8569354690469,8.59914019140302));
#2954=CARTESIAN_POINT('Ctrl Pts',(-53.8888100043796,68.0464432450288,9.38618965591581));
#2955=CARTESIAN_POINT('Ctrl Pts',(-54.6297345104614,64.3461798352708,9.90790619005473));
#2956=CARTESIAN_POINT('Ctrl Pts',(-55.1053364505244,61.8922170593318,10.2505250391795));
#2957=CARTESIAN_POINT('Ctrl Pts',(-43.2505583394198,111.934088747924,0.603856045943898));
#2958=CARTESIAN_POINT('Ctrl Pts',(-43.5765791196788,111.194303007397,0.968507234150117));
#2959=CARTESIAN_POINT('Ctrl Pts',(-44.1074245447063,109.864996988563,1.32657079612143));
#2960=CARTESIAN_POINT('Ctrl Pts',(-44.7135882303378,107.733347190353,1.68463789321282));
#2961=CARTESIAN_POINT('Ctrl Pts',(-45.0564399268705,106.448580453899,1.9499188322603));
#2962=CARTESIAN_POINT('Ctrl Pts',(-45.3960380161164,105.262257195708,2.20313599672519));
#2963=CARTESIAN_POINT('Ctrl Pts',(-45.8185552502122,103.880136725282,2.46812604138925));
#2964=CARTESIAN_POINT('Ctrl Pts',(-46.1957016904059,102.478675666571,2.70008885516028));
#2965=CARTESIAN_POINT('Ctrl Pts',(-46.4429894799644,101.463148794239,2.9221660695044));
#2966=CARTESIAN_POINT('Ctrl Pts',(-46.606870838243,100.834117559991,3.06819597407471));
#2967=CARTESIAN_POINT('Ctrl Pts',(-46.891944425611,99.8112668330732,3.30965884737936));
#2968=CARTESIAN_POINT('Ctrl Pts',(-47.2970441429583,98.4028001723128,3.60947702042354));
#2969=CARTESIAN_POINT('Ctrl Pts',(-47.779595392367,96.6355874451249,3.92981758536802));
#2970=CARTESIAN_POINT('Ctrl Pts',(-48.2549118378414,94.7325461941547,4.29657931663644));
#2971=CARTESIAN_POINT('Ctrl Pts',(-48.7217876604434,92.9209901439689,4.68919798713115));
#2972=CARTESIAN_POINT('Ctrl Pts',(-49.3369292910782,90.5454329675786,5.17840109250765));
#2973=CARTESIAN_POINT('Ctrl Pts',(-50.0912556520693,87.5190555286461,5.77345156957166));
#2974=CARTESIAN_POINT('Ctrl Pts',(-50.8227806650114,84.4638387812459,6.40470992507284));
#2975=CARTESIAN_POINT('Ctrl Pts',(-51.6826169291804,80.8939507963443,7.11153425206258));
#2976=CARTESIAN_POINT('Ctrl Pts',(-52.5196038245093,77.2516270693775,7.75690697213079));
#2977=CARTESIAN_POINT('Ctrl Pts',(-53.4574959519686,72.9733709120667,8.52249919124439));
#2978=CARTESIAN_POINT('Ctrl Pts',(-54.4966650495189,68.1609083456867,9.31380575856068));
#2979=CARTESIAN_POINT('Ctrl Pts',(-55.2388608218279,64.4562896198429,9.83600800662333));
#2980=CARTESIAN_POINT('Ctrl Pts',(-55.7157107213904,62.,10.1795421546546));
#2981=CARTESIAN_POINT('',(-55.7157107213904,62.,10.1795421546546));
#2982=CARTESIAN_POINT('Ctrl Pts',(-53.0113082201732,62.0000013748279,13.1172323687002));
#2983=CARTESIAN_POINT('Ctrl Pts',(-53.0113083079608,62.0000017363722,13.0163843264083));
#2984=CARTESIAN_POINT('Ctrl Pts',(-53.0166817132291,62.0000722173596,12.9158781151738));
#2985=CARTESIAN_POINT('Ctrl Pts',(-53.027213762307,62.0001705920541,12.8160359580563));
#2986=CARTESIAN_POINT('Ctrl Pts',(-53.0378696265218,62.000270123245,12.7150200530518));
#2987=CARTESIAN_POINT('Ctrl Pts',(-53.0538064188579,62.000398152264,12.6146831155152));
#2988=CARTESIAN_POINT('Ctrl Pts',(-53.074853988133,62.0005215607907,12.5153654601623));
#2989=CARTESIAN_POINT('Ctrl Pts',(-53.0959037166583,62.0006449819778,12.4160376159044));
#2990=CARTESIAN_POINT('Ctrl Pts',(-53.122065640017,62.000763741236,12.3177284583741));
#2991=CARTESIAN_POINT('Ctrl Pts',(-53.1532163960988,62.0008559573249,12.2207969654767));
#2992=CARTESIAN_POINT('Ctrl Pts',(-53.1650989574929,62.0008911334643,12.1838221192693));
#2993=CARTESIAN_POINT('Ctrl Pts',(-53.1777078838084,62.000922567145,12.1470479881461));
#2994=CARTESIAN_POINT('Ctrl Pts',(-53.1910379528617,62.0009494948302,12.1104955889449));
#2995=CARTESIAN_POINT('Ctrl Pts',(-53.2259873693171,62.001020095131,12.0146607499046));
#2996=CARTESIAN_POINT('Ctrl Pts',(-53.2657121118588,62.0010574268681,11.9208387872261));
#2997=CARTESIAN_POINT('Ctrl Pts',(-53.3100031896079,62.0010563475993,11.8293636701162));
#2998=CARTESIAN_POINT('Ctrl Pts',(-53.3543349279549,62.0010552673396,11.7378045759809));
#2999=CARTESIAN_POINT('Ctrl Pts',(-53.4032417903354,62.0010156694594,11.6485958315823));
#3000=CARTESIAN_POINT('Ctrl Pts',(-53.4565614140062,62.000943623141,11.5620912297153));
#3001=CARTESIAN_POINT('Ctrl Pts',(-53.5090190923094,62.0008727414967,11.4769850293321));
#3002=CARTESIAN_POINT('Ctrl Pts',(-53.565748489554,62.0007704460364,11.3944955587628));
#3003=CARTESIAN_POINT('Ctrl Pts',(-53.6266339808401,62.0006536387924,11.3149890068277));
#3004=CARTESIAN_POINT('Ctrl Pts',(-53.649399300094,62.0006099641148,11.2852612014123));
#3005=CARTESIAN_POINT('Ctrl Pts',(-53.6727460181515,62.0005643739797,11.2559507696867));
#3006=CARTESIAN_POINT('Ctrl Pts',(-53.6966693236918,62.0005181643892,11.2270782308494));
#3007=CARTESIAN_POINT('Ctrl Pts',(-53.7616354572819,62.0003926776153,11.1486719582701));
#3008=CARTESIAN_POINT('Ctrl Pts',(-53.8304897586464,62.0002628203651,11.0739285052027));
#3009=CARTESIAN_POINT('Ctrl Pts',(-53.9030291200795,62.0001638080377,11.0031633871634));
#3010=CARTESIAN_POINT('Ctrl Pts',(-53.9373811297254,62.0001169193918,10.9696515948144));
#3011=CARTESIAN_POINT('Ctrl Pts',(-53.9725602289539,62.0000771128972,10.9370323072289));
#3012=CARTESIAN_POINT('Ctrl Pts',(-54.0085482486764,62.0000490318511,10.9053411031447));
#3013=CARTESIAN_POINT('Ctrl Pts',(-54.0833525670832,61.9999906628849,10.8394681004263));
#3014=CARTESIAN_POINT('Ctrl Pts',(-54.1616496011899,61.9999821921731,10.7776023891405));
#3015=CARTESIAN_POINT('Ctrl Pts',(-54.243052666411,61.999992201493,10.71985288702));
#3016=CARTESIAN_POINT('Ctrl Pts',(-54.325528821263,62.0000023427599,10.6613421065404));
#3017=CARTESIAN_POINT('Ctrl Pts',(-54.4111941934372,62.0000315357387,10.6070563227036));
#3018=CARTESIAN_POINT('Ctrl Pts',(-54.4996766867927,62.0000583806249,10.5571509665301));
#3019=CARTESIAN_POINT('Ctrl Pts',(-54.5280016489443,62.0000669741936,10.541175294155));
#3020=CARTESIAN_POINT('Ctrl Pts',(-54.5566154801981,62.0000754075361,10.5256488602921));
#3021=CARTESIAN_POINT('Ctrl Pts',(-54.5855064149535,62.0000831969936,10.5105777786595));
#3022=CARTESIAN_POINT('Ctrl Pts',(-54.6750463296601,62.000107338385,10.4638688931441));
#3023=CARTESIAN_POINT('Ctrl Pts',(-54.7667562112772,62.0001262634817,10.4217855124079));
#3024=CARTESIAN_POINT('Ctrl Pts',(-54.8602254311477,62.0001317916741,10.3843906627176));
#3025=CARTESIAN_POINT('Ctrl Pts',(-54.9547920415637,62.0001373847712,10.3465567727254));
#3026=CARTESIAN_POINT('Ctrl Pts',(-55.0511603288571,62.0001293576023,10.3135217487653));
#3027=CARTESIAN_POINT('Ctrl Pts',(-55.1489384692168,62.0001111867088,10.2853917924994));
#3028=CARTESIAN_POINT('Ctrl Pts',(-55.2464325744132,62.0000930685998,10.2573435507834));
#3029=CARTESIAN_POINT('Ctrl Pts',(-55.3453291936241,62.0000649820716,10.2341716027797));
#3030=CARTESIAN_POINT('Ctrl Pts',(-55.4452606303103,62.0000405653745,10.2160269576145));
#3031=CARTESIAN_POINT('Ctrl Pts',(-55.5346674567068,62.0000187202028,10.1997932758612));
#3032=CARTESIAN_POINT('Ctrl Pts',(-55.6249032801686,62.0000000000001,10.1875841574958));
#3033=CARTESIAN_POINT('Ctrl Pts',(-55.7157107213904,62.0000000000001,10.1795421546546));
#3034=CARTESIAN_POINT('Ctrl Pts',(-43.2505583394198,111.934088747924,0.603856045943898));
#3035=CARTESIAN_POINT('Ctrl Pts',(-43.5765791196788,111.194303007397,0.968507234150117));
#3036=CARTESIAN_POINT('Ctrl Pts',(-44.1074245447063,109.864996988563,1.32657079612143));
#3037=CARTESIAN_POINT('Ctrl Pts',(-44.7135882303378,107.733347190353,1.68463789321282));
#3038=CARTESIAN_POINT('Ctrl Pts',(-45.0564399268705,106.448580453899,1.9499188322603));
#3039=CARTESIAN_POINT('Ctrl Pts',(-45.3960380161164,105.262257195708,2.20313599672519));
#3040=CARTESIAN_POINT('Ctrl Pts',(-45.8185552502122,103.880136725282,2.46812604138925));
#3041=CARTESIAN_POINT('Ctrl Pts',(-46.1957016904059,102.478675666571,2.70008885516028));
#3042=CARTESIAN_POINT('Ctrl Pts',(-46.4429894799644,101.463148794239,2.9221660695044));
#3043=CARTESIAN_POINT('Ctrl Pts',(-46.606870838243,100.834117559991,3.06819597407471));
#3044=CARTESIAN_POINT('Ctrl Pts',(-46.891944425611,99.8112668330732,3.30965884737936));
#3045=CARTESIAN_POINT('Ctrl Pts',(-47.2970441429583,98.4028001723128,3.60947702042354));
#3046=CARTESIAN_POINT('Ctrl Pts',(-47.779595392367,96.6355874451249,3.92981758536802));
#3047=CARTESIAN_POINT('Ctrl Pts',(-48.2549118378414,94.7325461941547,4.29657931663644));
#3048=CARTESIAN_POINT('Ctrl Pts',(-48.7217876604434,92.9209901439689,4.68919798713115));
#3049=CARTESIAN_POINT('Ctrl Pts',(-49.3369292910782,90.5454329675786,5.17840109250765));
#3050=CARTESIAN_POINT('Ctrl Pts',(-50.0912556520693,87.5190555286461,5.77345156957166));
#3051=CARTESIAN_POINT('Ctrl Pts',(-50.8227806650114,84.4638387812459,6.40470992507284));
#3052=CARTESIAN_POINT('Ctrl Pts',(-51.6826169291804,80.8939507963443,7.11153425206258));
#3053=CARTESIAN_POINT('Ctrl Pts',(-52.5196038245093,77.2516270693775,7.75690697213079));
#3054=CARTESIAN_POINT('Ctrl Pts',(-53.4574959519686,72.9733709120667,8.52249919124439));
#3055=CARTESIAN_POINT('Ctrl Pts',(-54.4966650495189,68.1609083456867,9.31380575856068));
#3056=CARTESIAN_POINT('Ctrl Pts',(-55.2388608218279,64.4562896198429,9.83600800662333));
#3057=CARTESIAN_POINT('Ctrl Pts',(-55.7157107213904,62.,10.1795421546546));
#3058=CARTESIAN_POINT('Origin',(-69.9999999999999,110.,-3.));
#3059=CARTESIAN_POINT('',(-69.9999999999999,110.012587993093,-4.74972799047476));
#3060=CARTESIAN_POINT('Ctrl Pts',(-69.9999999999999,110.012587993093,-4.74972799047476));
#3061=CARTESIAN_POINT('Ctrl Pts',(-61.4068323272038,110.017996529858,-5.50151329067147));
#3062=CARTESIAN_POINT('Ctrl Pts',(-52.8136646544077,110.023405066624,-6.25329859086818));
#3063=CARTESIAN_POINT('Ctrl Pts',(-44.2204969816116,110.028813603389,-7.00508389106489));
#3064=CARTESIAN_POINT('',(-69.9999999999999,110.827427528212,-1.45822498924839));
#3065=CARTESIAN_POINT('Origin',(-69.9999999999999,110.,-3.));
#3066=CARTESIAN_POINT('',(-69.9999999999999,110.827427528212,-1.45822498924839));
#3067=CARTESIAN_POINT('Ctrl Pts',(-70.,61.8634117989961,-7.51661869737678));
#3068=CARTESIAN_POINT('Ctrl Pts',(-61.4068323272039,61.9457323044531,-8.26390292994369));
#3069=CARTESIAN_POINT('Ctrl Pts',(-52.8136646544078,62.02805280991,-9.0111871625106));
#3070=CARTESIAN_POINT('Ctrl Pts',(-44.2204969816117,62.1103733153669,-9.75847139507751));
#3071=CARTESIAN_POINT('Ctrl Pts',(-70.,63.4786060330306,-7.33868960431921));
#3072=CARTESIAN_POINT('Ctrl Pts',(-61.4068323272039,63.5646132098507,-8.08555792521435));
#3073=CARTESIAN_POINT('Ctrl Pts',(-52.8136646544078,63.6487729425655,-8.83265912842939));
#3074=CARTESIAN_POINT('Ctrl Pts',(-44.2204969816117,63.7347801193856,-9.57952744932453));
#3075=CARTESIAN_POINT('Ctrl Pts',(-70.,65.8128226391078,-7.06015889487306));
#3076=CARTESIAN_POINT('Ctrl Pts',(-61.4068323272039,65.9015780775792,-7.8067241378164));
#3077=CARTESIAN_POINT('Ctrl Pts',(-52.8136646544078,65.9919893603823,-8.55311273316111));
#3078=CARTESIAN_POINT('Ctrl Pts',(-44.2204969816117,66.0807447988537,-9.29967797610445));
#3079=CARTESIAN_POINT('Ctrl Pts',(-70.,68.4339574634175,-6.77679033886513));
#3080=CARTESIAN_POINT('Ctrl Pts',(-61.4068323272039,68.5098369084798,-7.52479235389247));
#3081=CARTESIAN_POINT('Ctrl Pts',(-52.8136646544078,68.5847008990975,-8.27288489547401));
#3082=CARTESIAN_POINT('Ctrl Pts',(-44.2204969816117,68.6605803441598,-9.02088691050135));
#3083=CARTESIAN_POINT('Ctrl Pts',(-70.,70.6659116406284,-6.5678593989262));
#3084=CARTESIAN_POINT('Ctrl Pts',(-61.4068323272039,70.7314284686454,-7.31681084432836));
#3085=CARTESIAN_POINT('Ctrl Pts',(-52.8136646544078,70.7984096415753,-8.06563217209042));
#3086=CARTESIAN_POINT('Ctrl Pts',(-44.2204969816117,70.8639264695922,-8.81458361749259));
#3087=CARTESIAN_POINT('Ctrl Pts',(-70.,72.428795262391,-6.41725617794764));
#3088=CARTESIAN_POINT('Ctrl Pts',(-61.4068323272039,72.4932407826227,-7.16628388600955));
#3089=CARTESIAN_POINT('Ctrl Pts',(-52.8136646544078,72.555830216907,-7.91547609977697));
#3090=CARTESIAN_POINT('Ctrl Pts',(-44.2204969816117,72.6202757371387,-8.66450380783888));
#3091=CARTESIAN_POINT('Ctrl Pts',(-70.,74.2100817257987,-6.26395264242528));
#3092=CARTESIAN_POINT('Ctrl Pts',(-61.4068323272039,74.2733504364806,-7.01310980814494));
#3093=CARTESIAN_POINT('Ctrl Pts',(-52.8136646544078,74.3430003425716,-7.76167894611207));
#3094=CARTESIAN_POINT('Ctrl Pts',(-44.2204969816117,74.4062690532535,-8.51083611183173));
#3095=CARTESIAN_POINT('Ctrl Pts',(-70.,76.8897321414554,-6.02163403224917));
#3096=CARTESIAN_POINT('Ctrl Pts',(-61.4068323272039,76.9719697217474,-6.76904344370437));
#3097=CARTESIAN_POINT('Ctrl Pts',(-52.8136646544078,77.0449149785555,-7.51730152033671));
#3098=CARTESIAN_POINT('Ctrl Pts',(-44.2204969816116,77.1271525588475,-8.26471093179191));
#3099=CARTESIAN_POINT('Ctrl Pts',(-70.,80.7912974215052,-5.5952069578853));
#3100=CARTESIAN_POINT('Ctrl Pts',(-61.4068323272039,80.8555866769793,-6.34427432615868));
#3101=CARTESIAN_POINT('Ctrl Pts',(-52.8136646544077,80.9218675978235,-7.09316271665388));
#3102=CARTESIAN_POINT('Ctrl Pts',(-44.2204969816116,80.9861568532976,-7.84223008492726));
#3103=CARTESIAN_POINT('Ctrl Pts',(-70.,85.9060763429919,-5.24993449147492));
#3104=CARTESIAN_POINT('Ctrl Pts',(-61.4068323272039,85.9481158333588,-6.00082092765941));
#3105=CARTESIAN_POINT('Ctrl Pts',(-52.8136646544077,85.9917988131498,-6.75161884086806));
#3106=CARTESIAN_POINT('Ctrl Pts',(-44.2204969816116,86.0338383035167,-7.50250527705255));
#3107=CARTESIAN_POINT('Ctrl Pts',(-70.,89.6666037271426,-5.11762861077767));
#3108=CARTESIAN_POINT('Ctrl Pts',(-61.4068323272038,89.6851891819547,-5.86919357391218));
#3109=CARTESIAN_POINT('Ctrl Pts',(-52.8136646544077,89.7013636731002,-6.62091234923906));
#3110=CARTESIAN_POINT('Ctrl Pts',(-44.2204969816116,89.7199491279124,-7.37247731237358));
#3111=CARTESIAN_POINT('Ctrl Pts',(-69.9999999999999,91.6838909732013,-5.08015614276311));
#3112=CARTESIAN_POINT('Ctrl Pts',(-61.4068323272038,91.6963074613,-5.83187824461297));
#3113=CARTESIAN_POINT('Ctrl Pts',(-52.8136646544077,91.710386011944,-6.58350332287595));
#3114=CARTESIAN_POINT('Ctrl Pts',(-44.2204969816116,91.7228025000427,-7.33522542472581));
#3115=CARTESIAN_POINT('Ctrl Pts',(-69.9999999999999,93.1614037397162,-5.05503408395808));
#3116=CARTESIAN_POINT('Ctrl Pts',(-61.4068323272038,93.174573928385,-5.80671343777224));
#3117=CARTESIAN_POINT('Ctrl Pts',(-52.8136646544077,93.1868643700725,-6.55844653426754));
#3118=CARTESIAN_POINT('Ctrl Pts',(-44.2204969816116,93.2000345587413,-7.31012588808169));
#3119=CARTESIAN_POINT('Ctrl Pts',(-69.9999999999999,94.6750906031132,-5.02555793861561));
#3120=CARTESIAN_POINT('Ctrl Pts',(-61.4068323272038,94.6911870417604,-5.77719644678701));
#3121=CARTESIAN_POINT('Ctrl Pts',(-52.8136646544077,94.7078196311315,-6.52880941083382));
#3122=CARTESIAN_POINT('Ctrl Pts',(-44.2204969816116,94.7239160697786,-7.28044791900522));
#3123=CARTESIAN_POINT('Ctrl Pts',(-69.9999999999999,95.7205787717886,-5.00044315478703));
#3124=CARTESIAN_POINT('Ctrl Pts',(-61.4068323272038,95.7398240343705,-5.75200265326356));
#3125=CARTESIAN_POINT('Ctrl Pts',(-52.8136646544077,95.7591582077393,-6.50356277894389));
#3126=CARTESIAN_POINT('Ctrl Pts',(-44.2204969816116,95.7784034703212,-7.25512227742041));
#3127=CARTESIAN_POINT('Ctrl Pts',(-69.9999999999999,96.9520605145743,-4.96709732867456));
#3128=CARTESIAN_POINT('Ctrl Pts',(-61.4068323272038,96.9741457096563,-5.71857740280682));
#3129=CARTESIAN_POINT('Ctrl Pts',(-52.8136646544077,96.9961245811796,-6.47006043435744));
#3130=CARTESIAN_POINT('Ctrl Pts',(-44.2204969816116,97.0182097762615,-7.22154050848969));
#3131=CARTESIAN_POINT('Ctrl Pts',(-69.9999999999999,98.4795439108564,-4.92339495582728));
#3132=CARTESIAN_POINT('Ctrl Pts',(-61.4068323272038,98.4972135564188,-5.67500785114724));
#3133=CARTESIAN_POINT('Ctrl Pts',(-52.8136646544077,98.5147332436909,-6.42662898814621));
#3134=CARTESIAN_POINT('Ctrl Pts',(-44.2204969816116,98.5324028892534,-7.17824188346616));
#3135=CARTESIAN_POINT('Ctrl Pts',(-69.9999999999999,100.302191695584,-4.89243377394516));
#3136=CARTESIAN_POINT('Ctrl Pts',(-61.4068323272038,100.311374852014,-5.64418759260915));
#3137=CARTESIAN_POINT('Ctrl Pts',(-52.8136646544077,100.320409744913,-6.39595008576429));
#3138=CARTESIAN_POINT('Ctrl Pts',(-44.2204969816116,100.329592901343,-7.14770390442828));
#3139=CARTESIAN_POINT('Ctrl Pts',(-69.9999999999999,102.139639362323,-4.87098404997483));
#3140=CARTESIAN_POINT('Ctrl Pts',(-61.4068323272038,102.149117983119,-5.62273176156702));
#3141=CARTESIAN_POINT('Ctrl Pts',(-52.8136646544077,102.158686798503,-6.37447986588953));
#3142=CARTESIAN_POINT('Ctrl Pts',(-44.2204969816116,102.168165419299,-7.12622757748173));
#3143=CARTESIAN_POINT('Ctrl Pts',(-69.9999999999999,105.878148734423,-4.81541825389153));
#3144=CARTESIAN_POINT('Ctrl Pts',(-61.4068323272038,105.893806089137,-5.56706302449428));
#3145=CARTESIAN_POINT('Ctrl Pts',(-52.8136646544077,105.909081041125,-6.31871382694333));
#3146=CARTESIAN_POINT('Ctrl Pts',(-44.2204969816116,105.924738395838,-7.07035859754608));
#3147=CARTESIAN_POINT('Ctrl Pts',(-69.9999999999999,108.076176899086,-4.76365902981838));
#3148=CARTESIAN_POINT('Ctrl Pts',(-61.4068323272038,108.089428591253,-5.51536477899311));
#3149=CARTESIAN_POINT('Ctrl Pts',(-52.8136646544077,108.103753339378,-6.26713218436299));
#3150=CARTESIAN_POINT('Ctrl Pts',(-44.2204969816116,108.117005031546,-7.01883793353772));
#3151=CARTESIAN_POINT('Ctrl Pts',(-69.9999999999999,110.012587993093,-4.74972799047476));
#3152=CARTESIAN_POINT('Ctrl Pts',(-61.4068323272038,110.017996529858,-5.50151329067147));
#3153=CARTESIAN_POINT('Ctrl Pts',(-52.8136646544077,110.023405066624,-6.25329859086818));
#3154=CARTESIAN_POINT('Ctrl Pts',(-44.2204969816116,110.028813603389,-7.00508389106489));
#3155=CARTESIAN_POINT('',(-70.,62.,-7.50154811536384));
#3156=CARTESIAN_POINT('Ctrl Pts',(-70.,61.9999863005593,-7.5015447581166));
#3157=CARTESIAN_POINT('Ctrl Pts',(-66.5500908835886,62.0000119347811,-7.80520939274397));
#3158=CARTESIAN_POINT('Ctrl Pts',(-63.1001813935698,62.0000029610717,-8.1088733403889));
#3159=CARTESIAN_POINT('Ctrl Pts',(-59.6502715344343,62.0000007971249,-8.41253133033627));
#3160=CARTESIAN_POINT('Ctrl Pts',(-58.3475162466864,61.9999999799751,-8.52719868925965));
#3161=CARTESIAN_POINT('Ctrl Pts',(-57.0447609063036,61.9999996268359,-8.64186526313045));
#3162=CARTESIAN_POINT('Ctrl Pts',(-55.7420055135277,62.0000000000047,-8.75653101765491));
#3163=CARTESIAN_POINT('Ctrl Pts',(-69.9999999999999,110.012587993093,-4.74972799047476));
#3164=CARTESIAN_POINT('Ctrl Pts',(-69.9999999999999,108.076176899086,-4.76365902981838));
#3165=CARTESIAN_POINT('Ctrl Pts',(-69.9999999999999,106.317754367356,-4.8050664090769));
#3166=CARTESIAN_POINT('Ctrl Pts',(-69.9999999999999,103.97219819589,-4.84298297617303));
#3167=CARTESIAN_POINT('Ctrl Pts',(-69.9999999999999,103.385809153023,-4.85246211794706));
#3168=CARTESIAN_POINT('Ctrl Pts',(-69.9999999999999,102.762724257673,-4.86172308396094));
#3169=CARTESIAN_POINT('Ctrl Pts',(-69.9999999999999,102.144940532209,-4.86992852096294));
#3170=CARTESIAN_POINT('Ctrl Pts',(-69.9999999999999,101.527156806744,-4.87813395796494));
#3171=CARTESIAN_POINT('Ctrl Pts',(-69.9999999999999,100.914674251164,-4.88528386595505));
#3172=CARTESIAN_POINT('Ctrl Pts',(-69.9999999999999,100.304658342586,-4.89401901693046));
#3173=CARTESIAN_POINT('Ctrl Pts',(-69.9999999999999,99.6946424340084,-4.90275416790587));
#3174=CARTESIAN_POINT('Ctrl Pts',(-69.9999999999999,99.0870931724324,-4.91307456186657));
#3175=CARTESIAN_POINT('Ctrl Pts',(-69.9999999999999,98.477821862388,-4.92697523341639));
#3176=CARTESIAN_POINT('Ctrl Pts',(-69.9999999999999,97.8685505523436,-4.9408759049662));
#3177=CARTESIAN_POINT('Ctrl Pts',(-69.9999999999999,97.2575571938307,-4.95835685410511));
#3178=CARTESIAN_POINT('Ctrl Pts',(-69.9999999999999,96.6433988267312,-4.97529911252223));
#3179=CARTESIAN_POINT('Ctrl Pts',(-69.9999999999999,96.3363196431814,-4.9837702417308));
#3180=CARTESIAN_POINT('Ctrl Pts',(-69.9999999999999,96.028449207485,-4.99210669825892));
#3181=CARTESIAN_POINT('Ctrl Pts',(-69.9999999999999,95.7438279685524,-4.99941427450155));
#3182=CARTESIAN_POINT('Ctrl Pts',(-69.9999999999999,95.4592067296198,-5.00672185074418));
#3183=CARTESIAN_POINT('Ctrl Pts',(-69.9999999999999,95.1978346874509,-5.01300054670132));
#3184=CARTESIAN_POINT('Ctrl Pts',(-69.9999999999999,94.9515063325099,-5.01858996997477));
#3185=CARTESIAN_POINT('Ctrl Pts',(-69.9999999999999,94.458849622628,-5.02976881652167));
#3186=CARTESIAN_POINT('Ctrl Pts',(-69.9999999999999,94.0263676616574,-5.03819057233381));
#3187=CARTESIAN_POINT('Ctrl Pts',(-69.9999999999999,93.6395455032427,-5.04547988012891));
#3188=CARTESIAN_POINT('Ctrl Pts',(-69.9999999999999,92.8659011864133,-5.06005849571909));
#3189=CARTESIAN_POINT('Ctrl Pts',(-69.9999999999999,92.2748960798073,-5.0701073192411));
#3190=CARTESIAN_POINT('Ctrl Pts',(-69.9999999999999,91.6431789854945,-5.08137714233786));
#3191=CARTESIAN_POINT('Ctrl Pts',(-69.9999999999999,91.0114618911817,-5.09264696543463));
#3192=CARTESIAN_POINT('Ctrl Pts',(-69.9999999999999,90.3390328091621,-5.10513778810615));
#3193=CARTESIAN_POINT('Ctrl Pts',(-69.9999999999999,89.6894409861398,-5.12240868950001));
#3194=CARTESIAN_POINT('Ctrl Pts',(-70.,89.0398491631174,-5.13967959089388));
#3195=CARTESIAN_POINT('Ctrl Pts',(-69.9999999999999,88.4130945990923,-5.16173057101008));
#3196=CARTESIAN_POINT('Ctrl Pts',(-69.9999999999999,87.7980291940614,-5.18704407657884));
#3197=CARTESIAN_POINT('Ctrl Pts',(-70.,85.3377675739378,-5.28829809885385));
#3198=CARTESIAN_POINT('Ctrl Pts',(-70.,83.0645324977215,-5.44175252836957));
#3199=CARTESIAN_POINT('Ctrl Pts',(-70.,81.0609004529356,-5.6132413152083));
#3200=CARTESIAN_POINT('Ctrl Pts',(-70.,79.0572684081497,-5.78473010204702));
#3201=CARTESIAN_POINT('Ctrl Pts',(-70.,77.3232393947942,-5.97425324620874));
#3202=CARTESIAN_POINT('Ctrl Pts',(-70.,75.5472867037729,-6.14139446713501));
#3203=CARTESIAN_POINT('Ctrl Pts',(-70.,75.1032985310176,-6.18317977236658));
#3204=CARTESIAN_POINT('Ctrl Pts',(-70.,74.6566901284081,-6.22356620739593));
#3205=CARTESIAN_POINT('Ctrl Pts',(-70.,74.2107251191775,-6.2629223668509));
#3206=CARTESIAN_POINT('Ctrl Pts',(-70.,73.7647601099468,-6.30227852630587));
#3207=CARTESIAN_POINT('Ctrl Pts',(-70.,73.3194384940949,-6.34060441018646));
#3208=CARTESIAN_POINT('Ctrl Pts',(-70.,72.8756504483801,-6.37870526785506));
#3209=CARTESIAN_POINT('Ctrl Pts',(-70.,71.9880743569504,-6.45490698319228));
#3210=CARTESIAN_POINT('Ctrl Pts',(-70.,71.1066325460691,-6.53020859368156));
#3211=CARTESIAN_POINT('Ctrl Pts',(-70.,70.3168287919507,-6.60173822827552));
#3212=CARTESIAN_POINT('Ctrl Pts',(-70.,69.9219269148914,-6.63750304557251));
#3213=CARTESIAN_POINT('Ctrl Pts',(-70.,69.5499345520229,-6.67232486889566));
#3214=CARTESIAN_POINT('Ctrl Pts',(-70.,69.1890298166119,-6.70729650376328));
#3215=CARTESIAN_POINT('Ctrl Pts',(-70.,68.1063156103788,-6.81221140836612));
#3216=CARTESIAN_POINT('Ctrl Pts',(-70.,67.1233900512627,-6.91847461686909));
#3217=CARTESIAN_POINT('Ctrl Pts',(-70.,66.1329846408556,-7.03035515203437));
#3218=CARTESIAN_POINT('Ctrl Pts',(-70.,64.8498468857233,-7.17530401562748));
#3219=CARTESIAN_POINT('Ctrl Pts',(-70.,63.5541542229257,-7.3296815449558));
#3220=CARTESIAN_POINT('Ctrl Pts',(-70.,61.9999863005592,-7.50154475811661));
#3221=CARTESIAN_POINT('Ctrl Pts',(44.2204969816116,110.028813603389,-7.00508389106489));
#3222=CARTESIAN_POINT('Ctrl Pts',(43.7106514722493,111.033194290503,-7.042464974673));
#3223=CARTESIAN_POINT('Ctrl Pts',(42.6590127074742,113.093526834282,-6.34652291974607));
#3224=CARTESIAN_POINT('Ctrl Pts',(41.8625546924253,114.641913784319,-3.26843959955324));
#3225=CARTESIAN_POINT('Ctrl Pts',(42.3654607191579,113.664665977442,-0.54485462975442));
#3226=CARTESIAN_POINT('Ctrl Pts',(43.016252048817,112.393045118298,0.38081164707115));
#3227=CARTESIAN_POINT('Ctrl Pts',(43.2505583394196,111.934088747925,0.603856045943656));
#3228=CARTESIAN_POINT('Ctrl Pts',(43.4090193339377,109.791554891047,-7.07778772336161));
#3229=CARTESIAN_POINT('Ctrl Pts',(42.9392827224403,110.819880135278,-7.17273856209144));
#3230=CARTESIAN_POINT('Ctrl Pts',(41.9552097248798,113.026021282353,-6.55372803567219));
#3231=CARTESIAN_POINT('Ctrl Pts',(41.1997629538521,114.753840444532,-3.28968163005545));
#3232=CARTESIAN_POINT('Ctrl Pts',(41.6768548186958,113.661403054956,-0.382627785046681));
#3233=CARTESIAN_POINT('Ctrl Pts',(42.2884027340372,112.280372676265,0.542330227829275));
#3234=CARTESIAN_POINT('Ctrl Pts',(42.507375184164,111.789629518661,0.755175126977614));
#3235=CARTESIAN_POINT('Ctrl Pts',(42.0598021256433,109.384803599035,-7.87119563240359));
#3236=CARTESIAN_POINT('Ctrl Pts',(41.6491167160217,110.625579218053,-7.99414272591164));
#3237=CARTESIAN_POINT('Ctrl Pts',(40.7681196219763,113.294404435171,-7.26477996623469));
#3238=CARTESIAN_POINT('Ctrl Pts',(40.0745405156341,115.379242915507,-3.34662696291664));
#3239=CARTESIAN_POINT('Ctrl Pts',(40.5134657769723,114.060705880638,0.140673531169929));
#3240=CARTESIAN_POINT('Ctrl Pts',(41.066268589462,112.390569695059,1.246623742069));
#3241=CARTESIAN_POINT('Ctrl Pts',(41.2625046838645,111.797017990927,1.50037112286424));
#3242=CARTESIAN_POINT('Ctrl Pts',(41.5981388002044,109.22346711043,-9.35725968481356));
#3243=CARTESIAN_POINT('Ctrl Pts',(41.1342366705495,110.820404764692,-9.41625161639573));
#3244=CARTESIAN_POINT('Ctrl Pts',(40.163942674622,114.089452904557,-8.29995761219046));
#3245=CARTESIAN_POINT('Ctrl Pts',(39.4190334453833,116.525383646451,-3.42355153992678));
#3246=CARTESIAN_POINT('Ctrl Pts',(39.8896366945848,114.988698137803,0.885591498598836));
#3247=CARTESIAN_POINT('Ctrl Pts',(40.4928306787501,112.976633649254,2.36066132422681));
#3248=CARTESIAN_POINT('Ctrl Pts',(40.7088899597178,112.24891098432,2.71639052751798));
#3249=CARTESIAN_POINT('Ctrl Pts',(41.6012508961932,109.212763210695,-9.99359064776689));
#3250=CARTESIAN_POINT('Ctrl Pts',(41.0942322113944,110.956628819504,-10.0255817389273));
#3251=CARTESIAN_POINT('Ctrl Pts',(40.0484046483293,114.472998310433,-8.74349539294514));
#3252=CARTESIAN_POINT('Ctrl Pts',(39.2563251799094,117.052458589522,-3.456616507788));
#3253=CARTESIAN_POINT('Ctrl Pts',(39.7564673234163,115.426816809766,1.20483014454445));
#3254=CARTESIAN_POINT('Ctrl Pts',(40.4036688061115,113.274404781738,2.83796214213096));
#3255=CARTESIAN_POINT('Ctrl Pts',(40.6366805754886,112.491522856949,3.23718251841742));
#3256=CARTESIAN_POINT('',(40.6366805754886,112.491522856949,3.23718251841742));
#3257=CARTESIAN_POINT('',(43.2505583394196,111.934088747925,0.603856045943657));
#3258=CARTESIAN_POINT('Origin',(43.5120255676626,113.347321417348,3.23718251841742));
#3259=CARTESIAN_POINT('',(44.2204969816116,110.028813603389,-7.00508389106488));
#3260=CARTESIAN_POINT('Ctrl Pts',(43.2505583394196,111.934088747925,0.603856045943656));
#3261=CARTESIAN_POINT('Ctrl Pts',(43.016252048817,112.393045118298,0.38081164707115));
#3262=CARTESIAN_POINT('Ctrl Pts',(42.3654607191579,113.664665977442,-0.54485462975442));
#3263=CARTESIAN_POINT('Ctrl Pts',(41.8625546924253,114.641913784319,-3.26843959955324));
#3264=CARTESIAN_POINT('Ctrl Pts',(42.6590127074742,113.093526834282,-6.34652291974607));
#3265=CARTESIAN_POINT('Ctrl Pts',(43.7106514722493,111.033194290503,-7.042464974673));
#3266=CARTESIAN_POINT('Ctrl Pts',(44.2204969816116,110.028813603389,-7.00508389106489));
#3267=CARTESIAN_POINT('',(41.6012508961932,109.212763210695,-9.99359064776689));
#3268=CARTESIAN_POINT('Origin',(44.4819642098546,110.050313689468,-9.99359064776689));
#3269=CARTESIAN_POINT('Ctrl Pts',(41.6012508961932,109.212763210695,-9.99359064776689));
#3270=CARTESIAN_POINT('Ctrl Pts',(41.0942322113944,110.956628819504,-10.0255817389273));
#3271=CARTESIAN_POINT('Ctrl Pts',(40.0484046483293,114.472998310433,-8.74349539294514));
#3272=CARTESIAN_POINT('Ctrl Pts',(39.2563251799094,117.052458589522,-3.456616507788));
#3273=CARTESIAN_POINT('Ctrl Pts',(39.7564673234163,115.426816809766,1.20483014454445));
#3274=CARTESIAN_POINT('Ctrl Pts',(40.4036688061115,113.274404781738,2.83796214213096));
#3275=CARTESIAN_POINT('Ctrl Pts',(40.6366805754886,112.491522856949,3.23718251841742));
#3276=CARTESIAN_POINT('Origin',(69.9999999999999,110.,-3.));
#3277=CARTESIAN_POINT('',(69.9999999999999,110.827427528212,-1.45822498924839));
#3278=CARTESIAN_POINT('',(69.9999999999999,110.827427528212,-1.45822498924839));
#3279=CARTESIAN_POINT('',(69.9999999999999,110.012587993093,-4.74972799047476));
#3280=CARTESIAN_POINT('Origin',(69.9999999999999,110.,-3.));
#3281=CARTESIAN_POINT('Ctrl Pts',(69.9999999999999,110.012587993093,-4.74972799047476));
#3282=CARTESIAN_POINT('Ctrl Pts',(61.4068323272038,110.017996529858,-5.50151329067147));
#3283=CARTESIAN_POINT('Ctrl Pts',(52.8136646544077,110.023405066624,-6.25329859086818));
#3284=CARTESIAN_POINT('Ctrl Pts',(44.2204969816116,110.028813603389,-7.00508389106489));
#3285=CARTESIAN_POINT('Ctrl Pts',(-69.9999999999999,110.827427528212,-1.45822498924827));
#3286=CARTESIAN_POINT('Ctrl Pts',(-61.0835194464731,111.196314601449,-0.770864644184206));
#3287=CARTESIAN_POINT('Ctrl Pts',(-52.1670388929464,111.565201674687,-0.0835042991201387));
#3288=CARTESIAN_POINT('Ctrl Pts',(-43.2505583394196,111.934088747924,0.603856045943928));
#3289=CARTESIAN_POINT('Ctrl Pts',(-69.9999999999999,110.595834546203,-1.3339355129508));
#3290=CARTESIAN_POINT('Ctrl Pts',(-61.0835194464731,110.917395730732,-0.621517761972075));
#3291=CARTESIAN_POINT('Ctrl Pts',(-52.1670388929464,111.236938578339,0.0930063988460754));
#3292=CARTESIAN_POINT('Ctrl Pts',(-43.2505583394196,111.558499762869,0.805424149824797));
#3293=CARTESIAN_POINT('Ctrl Pts',(-69.9999999999999,110.160153235406,-1.15649765476343));
#3294=CARTESIAN_POINT('Ctrl Pts',(-61.0835194464731,110.4151023645,-0.418142254718705));
#3295=CARTESIAN_POINT('Ctrl Pts',(-52.1670388929464,110.671362049696,0.319668914680488));
#3296=CARTESIAN_POINT('Ctrl Pts',(-43.2505583394196,110.92631117879,1.05802431472522));
#3297=CARTESIAN_POINT('Ctrl Pts',(-69.9999999999999,109.370806336171,-0.918218535192629));
#3298=CARTESIAN_POINT('Ctrl Pts',(-61.0835194464732,109.558540702008,-0.160309104408129));
#3299=CARTESIAN_POINT('Ctrl Pts',(-52.1670388929464,109.744886480047,0.599005491298003));
#3300=CARTESIAN_POINT('Ctrl Pts',(-43.2505583394196,109.932620845884,1.3569149220825));
#3301=CARTESIAN_POINT('Ctrl Pts',(-69.9999999999999,108.462188746976,-0.71564974421109));
#3302=CARTESIAN_POINT('Ctrl Pts',(-61.0835194464731,108.617736098598,0.0486307210034981));
#3303=CARTESIAN_POINT('Ctrl Pts',(-52.1670388929464,108.773541968396,0.812846792392334));
#3304=CARTESIAN_POINT('Ctrl Pts',(-43.2505583394196,108.929089320018,1.57712725760692));
#3305=CARTESIAN_POINT('Ctrl Pts',(-70.,107.358675708432,-0.491441270180594));
#3306=CARTESIAN_POINT('Ctrl Pts',(-61.0835194464732,107.517895220681,0.272322335688537));
#3307=CARTESIAN_POINT('Ctrl Pts',(-52.1670388929464,107.677273771425,1.03628733591617));
#3308=CARTESIAN_POINT('Ctrl Pts',(-43.2505583394196,107.836493283673,1.8000509417853));
#3309=CARTESIAN_POINT('Ctrl Pts',(-70.,106.420666911617,-0.283424975837089));
#3310=CARTESIAN_POINT('Ctrl Pts',(-61.0835194464732,106.595375767317,0.476864519464537));
#3311=CARTESIAN_POINT('Ctrl Pts',(-52.1670388929464,106.769352038987,1.23747267186061));
#3312=CARTESIAN_POINT('Ctrl Pts',(-43.2505583394196,106.944060894687,1.99776216716223));
#3313=CARTESIAN_POINT('Ctrl Pts',(-70.,105.639583194002,-0.100389688239367));
#3314=CARTESIAN_POINT('Ctrl Pts',(-61.0835194464732,105.820910664419,0.658327511614685));
#3315=CARTESIAN_POINT('Ctrl Pts',(-52.1670388929464,106.002431801453,1.41714784029091));
#3316=CARTESIAN_POINT('Ctrl Pts',(-43.2505583394196,106.18375927187,2.17586504014496));
#3317=CARTESIAN_POINT('Ctrl Pts',(-69.9999999999999,104.902855122034,0.0763587031217008));
#3318=CARTESIAN_POINT('Ctrl Pts',(-61.0835194464732,105.080250347863,0.836059615174179));
#3319=CARTESIAN_POINT('Ctrl Pts',(-52.1670388929464,105.257524932643,1.59581655107715));
#3320=CARTESIAN_POINT('Ctrl Pts',(-43.2505583394196,105.434920158472,2.35551746312963));
#3321=CARTESIAN_POINT('Ctrl Pts',(-69.9999999999999,103.982266056738,0.279188615669646));
#3322=CARTESIAN_POINT('Ctrl Pts',(-61.0835194464731,104.143828338097,1.04240322088552));
#3323=CARTESIAN_POINT('Ctrl Pts',(-52.1670388929464,104.305710145741,1.80555983172147));
#3324=CARTESIAN_POINT('Ctrl Pts',(-43.2505583394196,104.4672724271,2.56877443693735));
#3325=CARTESIAN_POINT('Ctrl Pts',(-69.9999999999999,103.120431078878,0.455932231929436));
#3326=CARTESIAN_POINT('Ctrl Pts',(-61.0835194464732,103.271361449802,1.22128330434813));
#3327=CARTESIAN_POINT('Ctrl Pts',(-52.1670388929464,103.422594734157,1.98655297198424));
#3328=CARTESIAN_POINT('Ctrl Pts',(-43.2505583394196,103.573525105081,2.75190404440294));
#3329=CARTESIAN_POINT('Ctrl Pts',(-69.9999999999999,102.390824619776,0.598787697598615));
#3330=CARTESIAN_POINT('Ctrl Pts',(-61.0835194464732,102.545202251548,1.36347345285584));
#3331=CARTESIAN_POINT('Ctrl Pts',(-52.1670388929464,102.699512858575,2.12823951381104));
#3332=CARTESIAN_POINT('Ctrl Pts',(-43.2505583394196,102.853890490347,2.89292526906826));
#3333=CARTESIAN_POINT('Ctrl Pts',(-69.9999999999999,101.630746614342,0.763149801163656));
#3334=CARTESIAN_POINT('Ctrl Pts',(-61.0835194464732,101.80232693229,1.52422809689424));
#3335=CARTESIAN_POINT('Ctrl Pts',(-52.1670388929464,101.974636900383,2.28507594549686));
#3336=CARTESIAN_POINT('Ctrl Pts',(-43.2505583394196,102.146217218331,3.04615424122745));
#3337=CARTESIAN_POINT('Ctrl Pts',(-70.,100.667896041644,0.990362648524881));
#3338=CARTESIAN_POINT('Ctrl Pts',(-61.0835194464732,100.866239773963,1.74493372430506));
#3339=CARTESIAN_POINT('Ctrl Pts',(-52.1670388929464,101.064231488912,2.49970245967175));
#3340=CARTESIAN_POINT('Ctrl Pts',(-43.2505583394196,101.262575221231,3.25427353545193));
#3341=CARTESIAN_POINT('Ctrl Pts',(-69.9999999999999,99.8677490613907,1.21097152269203));
#3342=CARTESIAN_POINT('Ctrl Pts',(-61.0835194464732,100.066284255301,1.96539745699013));
#3343=CARTESIAN_POINT('Ctrl Pts',(-52.1670388929464,100.263492434732,2.7203770950072));
#3344=CARTESIAN_POINT('Ctrl Pts',(-43.2505583394196,100.462027628642,3.4748030293053));
#3345=CARTESIAN_POINT('Ctrl Pts',(-69.9999999999999,98.6821666298058,1.49959670171683));
#3346=CARTESIAN_POINT('Ctrl Pts',(-61.0835194464732,98.8607408652526,2.25903498357986));
#3347=CARTESIAN_POINT('Ctrl Pts',(-52.1670388929464,99.0397136301301,3.01835378098729));
#3348=CARTESIAN_POINT('Ctrl Pts',(-43.2505583394196,99.2182878655769,3.77779206285032));
#3349=CARTESIAN_POINT('Ctrl Pts',(-69.9999999999999,97.7289912238614,1.71698335806789));
#3350=CARTESIAN_POINT('Ctrl Pts',(-61.0835194464731,97.8945039754426,2.47932758484189));
#3351=CARTESIAN_POINT('Ctrl Pts',(-52.1670388929464,98.0594576304978,3.24189602242721));
#3352=CARTESIAN_POINT('Ctrl Pts',(-43.2505583394196,98.2249703820789,4.00424024920121));
#3353=CARTESIAN_POINT('Ctrl Pts',(-69.9999999999999,96.6288581930367,1.94874169688164));
#3354=CARTESIAN_POINT('Ctrl Pts',(-61.0835194464731,96.7858259134291,2.71288128512484));
#3355=CARTESIAN_POINT('Ctrl Pts',(-52.1670388929464,96.9428912213972,3.47697520423783));
#3356=CARTESIAN_POINT('Ctrl Pts',(-43.2505583394196,97.0998589417897,4.24111479248103));
#3357=CARTESIAN_POINT('Ctrl Pts',(-69.9999999999999,95.5080481912566,2.18128045377568));
#3358=CARTESIAN_POINT('Ctrl Pts',(-61.0835194464731,95.6705421315636,2.94427869875766));
#3359=CARTESIAN_POINT('Ctrl Pts',(-52.1670388929464,95.8329202835447,3.70733219304104));
#3360=CARTESIAN_POINT('Ctrl Pts',(-43.2505583394196,95.9954142238517,4.47033043802301));
#3361=CARTESIAN_POINT('Ctrl Pts',(-69.9999999999999,94.4611727840136,2.41414814101706));
#3362=CARTESIAN_POINT('Ctrl Pts',(-61.0835194464731,94.634747386926,3.17470291960804));
#3363=CARTESIAN_POINT('Ctrl Pts',(-52.1670388929464,94.8082038282139,3.93527733500901));
#3364=CARTESIAN_POINT('Ctrl Pts',(-43.2505583394196,94.9817784311263,4.69583211359999));
#3365=CARTESIAN_POINT('Ctrl Pts',(-69.9999999999999,93.5281850102729,2.63039600322259));
#3366=CARTESIAN_POINT('Ctrl Pts',(-61.0835194464731,93.7075330062576,3.38958323404615));
#3367=CARTESIAN_POINT('Ctrl Pts',(-52.1670388929464,93.8872492552741,4.14870106626185));
#3368=CARTESIAN_POINT('Ctrl Pts',(-43.2505583394196,94.0665972512587,4.9078882970854));
#3369=CARTESIAN_POINT('Ctrl Pts',(-69.9999999999999,92.5172355177494,2.87026392662113));
#3370=CARTESIAN_POINT('Ctrl Pts',(-61.0835194464731,92.6952443126204,3.62978168220456));
#3371=CARTESIAN_POINT('Ctrl Pts',(-52.1670388929464,92.8725372110005,4.38946613316792));
#3372=CARTESIAN_POINT('Ctrl Pts',(-43.2505583394196,93.0505460058715,5.14898388875134));
#3373=CARTESIAN_POINT('Ctrl Pts',(-69.9999999999999,91.0519652779491,3.20692208870002));
#3374=CARTESIAN_POINT('Ctrl Pts',(-61.0835194464731,91.2244206489486,3.96771569294779));
#3375=CARTESIAN_POINT('Ctrl Pts',(-52.1670388929464,91.3974475813405,4.72838171385287));
#3376=CARTESIAN_POINT('Ctrl Pts',(-43.2505583394196,91.56990295234,5.48917531810065));
#3377=CARTESIAN_POINT('Ctrl Pts',(-69.9999999999999,89.668460497275,3.51860223078836));
#3378=CARTESIAN_POINT('Ctrl Pts',(-61.0835194464731,89.8387003365683,4.2798867315591));
#3379=CARTESIAN_POINT('Ctrl Pts',(-52.1670388929464,90.0077552297261,5.04144789650885));
#3380=CARTESIAN_POINT('Ctrl Pts',(-43.2505583394196,90.1779950690193,5.80273239727959));
#3381=CARTESIAN_POINT('Ctrl Pts',(-69.9999999999999,87.986879298197,3.89022785103501));
#3382=CARTESIAN_POINT('Ctrl Pts',(-61.0835194464731,88.153759828367,4.65227345689918));
#3383=CARTESIAN_POINT('Ctrl Pts',(-52.1670388929464,88.3222133724381,5.41395445623884));
#3384=CARTESIAN_POINT('Ctrl Pts',(-43.2505583394196,88.4890939026081,6.17600006210301));
#3385=CARTESIAN_POINT('Ctrl Pts',(-69.9999999999999,85.1045668136001,4.53250026015381));
#3386=CARTESIAN_POINT('Ctrl Pts',(-61.0835194464731,85.2788605030076,5.29286978263432));
#3387=CARTESIAN_POINT('Ctrl Pts',(-52.1670388929463,85.4520269148183,6.05350519959455));
#3388=CARTESIAN_POINT('Ctrl Pts',(-43.2505583394196,85.6263206042258,6.81387472207506));
#3389=CARTESIAN_POINT('Ctrl Pts',(-70.,82.9313359676012,5.0329651482227));
#3390=CARTESIAN_POINT('Ctrl Pts',(-61.0835194464731,83.1002184799753,5.79459030234887));
#3391=CARTESIAN_POINT('Ctrl Pts',(-52.1670388929464,83.2699858062599,6.55601174672256));
#3392=CARTESIAN_POINT('Ctrl Pts',(-43.2505583394196,83.4388683186341,7.31763690084873));
#3393=CARTESIAN_POINT('Ctrl Pts',(-70.,79.751892938886,5.70638279771975));
#3394=CARTESIAN_POINT('Ctrl Pts',(-61.0835194464732,79.9051929912239,6.47130755939525));
#3395=CARTESIAN_POINT('Ctrl Pts',(-52.1670388929464,80.0585526636609,7.23623087843901));
#3396=CARTESIAN_POINT('Ctrl Pts',(-43.2505583394196,80.2118527159988,8.00115564011451));
#3397=CARTESIAN_POINT('Ctrl Pts',(-70.,74.6956813967904,6.7093249650858));
#3398=CARTESIAN_POINT('Ctrl Pts',(-61.0835194464732,74.8459772666795,7.4747780337112));
#3399=CARTESIAN_POINT('Ctrl Pts',(-52.1670388929464,74.9952751414655,8.24046390658155));
#3400=CARTESIAN_POINT('Ctrl Pts',(-43.2505583394196,75.1455710113547,9.00591697520696));
#3401=CARTESIAN_POINT('Ctrl Pts',(-70.,71.8893267904312,7.24808538432326));
#3402=CARTESIAN_POINT('Ctrl Pts',(-61.0835194464732,72.0355022774402,8.01437619892351));
#3403=CARTESIAN_POINT('Ctrl Pts',(-52.1670388929464,72.182833336901,8.78042090543613));
#3404=CARTESIAN_POINT('Ctrl Pts',(-43.2505583394196,72.32900882391,9.54671172003638));
#3405=CARTESIAN_POINT('Ctrl Pts',(-70.,70.8053010079879,7.44962072241053));
#3406=CARTESIAN_POINT('Ctrl Pts',(-61.0835194464732,70.9466973701552,8.21678916901405));
#3407=CARTESIAN_POINT('Ctrl Pts',(-52.1670388929464,71.0873797378593,8.98410143627006));
#3408=CARTESIAN_POINT('Ctrl Pts',(-43.2505583394196,71.2287761000265,9.75126988287358));
#3409=CARTESIAN_POINT('Ctrl Pts',(-70.,70.1741403933995,7.5645362243118));
#3410=CARTESIAN_POINT('Ctrl Pts',(-61.0835194464732,70.3099690117765,8.332722775466));
#3411=CARTESIAN_POINT('Ctrl Pts',(-52.1670388929464,70.4465377116925,9.10077073655562));
#3412=CARTESIAN_POINT('Ctrl Pts',(-43.2505583394196,70.5823663300696,9.86895728770982));
#3413=CARTESIAN_POINT('Ctrl Pts',(-70.,68.739379689285,7.81325233067202));
#3414=CARTESIAN_POINT('Ctrl Pts',(-61.0835194464732,68.8677831090467,8.5827102245668));
#3415=CARTESIAN_POINT('Ctrl Pts',(-52.1670388929464,68.9960975760067,9.35219340685225));
#3416=CARTESIAN_POINT('Ctrl Pts',(-43.2505583394196,69.1245009957684,10.121651300747));
#3417=CARTESIAN_POINT('Ctrl Pts',(-70.,65.9751128992584,8.27551447152682));
#3418=CARTESIAN_POINT('Ctrl Pts',(-61.0835194464732,66.103293363138,9.04499942897477));
#3419=CARTESIAN_POINT('Ctrl Pts',(-52.1670388929464,66.2310075025791,9.81455850521119));
#3420=CARTESIAN_POINT('Ctrl Pts',(-43.2505583394196,66.3591879664587,10.5840434626591));
#3421=CARTESIAN_POINT('Ctrl Pts',(-70.,63.2342796050217,8.72066469990229));
#3422=CARTESIAN_POINT('Ctrl Pts',(-61.0835194464732,63.357311437233,9.49100202281058));
#3423=CARTESIAN_POINT('Ctrl Pts',(-52.1670388929464,63.4817533380325,10.2610976327274));
#3424=CARTESIAN_POINT('Ctrl Pts',(-43.2505583394196,63.6047851702437,11.0314349556357));
#3425=CARTESIAN_POINT('Ctrl Pts',(-70.,61.8061070217738,8.9449616424341));
#3426=CARTESIAN_POINT('Ctrl Pts',(-61.0835194464732,61.9271381019802,9.71560643375657));
#3427=CARTESIAN_POINT('Ctrl Pts',(-52.1670388929464,62.0481691821866,10.486251225079));
#3428=CARTESIAN_POINT('Ctrl Pts',(-43.2505583394196,62.169200262393,11.2568960164015));
#3429=CARTESIAN_POINT('',(-70.,61.9999999999997,8.91446745759343));
#3430=CARTESIAN_POINT('Ctrl Pts',(-55.7157107213904,62.,10.1795421546546));
#3431=CARTESIAN_POINT('Ctrl Pts',(-60.4771417393192,62.,9.75786479803966));
#3432=CARTESIAN_POINT('Ctrl Pts',(-65.2385714942601,62.,9.33617317998074));
#3433=CARTESIAN_POINT('Ctrl Pts',(-70.,62.,8.91446745759332));
#3434=CARTESIAN_POINT('Ctrl Pts',(-70.,62.0000112017764,8.91446383824881));
#3435=CARTESIAN_POINT('Ctrl Pts',(-70.,63.3582815615451,8.70051955109522));
#3436=CARTESIAN_POINT('Ctrl Pts',(-70.,64.6608320826142,8.48885166692268));
#3437=CARTESIAN_POINT('Ctrl Pts',(-70.,65.8427579337046,8.29434960044973));
#3438=CARTESIAN_POINT('Ctrl Pts',(-70.,67.080819615269,8.0906096151849));
#3439=CARTESIAN_POINT('Ctrl Pts',(-70.,68.1865263312797,7.90570475884298));
#3440=CARTESIAN_POINT('Ctrl Pts',(-70.,69.1016707429459,7.74932081382988));
#3441=CARTESIAN_POINT('Ctrl Pts',(-70.,69.559242948779,7.67112884132332));
#3442=CARTESIAN_POINT('Ctrl Pts',(-70.,69.969174578526,7.60006709664897));
#3443=CARTESIAN_POINT('Ctrl Pts',(-70.,70.3162053266378,7.53807468112377));
#3444=CARTESIAN_POINT('Ctrl Pts',(-70.,70.4897207006937,7.50707847336116));
#3445=CARTESIAN_POINT('Ctrl Pts',(-70.,70.6475108543408,7.47834959788584));
#3446=CARTESIAN_POINT('Ctrl Pts',(-70.,70.8167414130347,7.44719054864091));
#3447=CARTESIAN_POINT('Ctrl Pts',(-70.,70.9859719717285,7.41603149939598));
#3448=CARTESIAN_POINT('Ctrl Pts',(-70.,71.1666429354691,7.38244227638144));
#3449=CARTESIAN_POINT('Ctrl Pts',(-70.,71.3543543927132,7.34728227613538));
#3450=CARTESIAN_POINT('Ctrl Pts',(-70.,72.1052002216896,7.20664227515114));
#3451=CARTESIAN_POINT('Ctrl Pts',(-70.,72.9686939467232,7.0408698384627));
#3452=CARTESIAN_POINT('Ctrl Pts',(-70.,73.881437199552,6.86349206951266));
#3453=CARTESIAN_POINT('Ctrl Pts',(-70.,75.7069237052095,6.50873653161259));
#3454=CARTESIAN_POINT('Ctrl Pts',(-70.,77.7294083220478,6.10755966466617));
#3455=CARTESIAN_POINT('Ctrl Pts',(-70.,79.2705578019194,5.79473495627678));
#3456=CARTESIAN_POINT('Ctrl Pts',(-70.,80.8117072817911,5.4819102478874));
#3457=CARTESIAN_POINT('Ctrl Pts',(-70.,81.8715216246962,5.25743769805505));
#3458=CARTESIAN_POINT('Ctrl Pts',(-69.9999999999999,82.8360749653485,5.0451084455251));
#3459=CARTESIAN_POINT('Ctrl Pts',(-69.9999999999999,83.8006283060008,4.83277919299515));
#3460=CARTESIAN_POINT('Ctrl Pts',(-69.9999999999999,84.6699206444003,4.63259323776759));
#3461=CARTESIAN_POINT('Ctrl Pts',(-69.9999999999999,85.9204555853992,4.35177378298547));
#3462=CARTESIAN_POINT('Ctrl Pts',(-69.9999999999999,86.5457230558985,4.21136405559441));
#3463=CARTESIAN_POINT('Ctrl Pts',(-69.9999999999999,87.2663011770478,4.05079595331471));
#3464=CARTESIAN_POINT('Ctrl Pts',(-69.9999999999999,87.962906477438,3.89618677812553));
#3465=CARTESIAN_POINT('Ctrl Pts',(-69.9999999999999,88.6595117778282,3.74157760293635));
#3466=CARTESIAN_POINT('Ctrl Pts',(-69.9999999999999,89.3321442574594,3.59292735483769));
#3467=CARTESIAN_POINT('Ctrl Pts',(-69.9999999999999,90.0175233442278,3.43948389144202));
#3468=CARTESIAN_POINT('Ctrl Pts',(-69.9999999999999,90.3602128876121,3.36276215974419));
#3469=CARTESIAN_POINT('Ctrl Pts',(-69.9999999999999,90.7060890827806,3.2848421242221));
#3470=CARTESIAN_POINT('Ctrl Pts',(-69.9999999999999,91.0621859603399,3.2037998362012));
#3471=CARTESIAN_POINT('Ctrl Pts',(-69.9999999999999,91.4182828378992,3.1227575481803));
#3472=CARTESIAN_POINT('Ctrl Pts',(-69.9999999999999,91.7846003978492,3.03859300766057));
#3473=CARTESIAN_POINT('Ctrl Pts',(-69.9999999999999,92.1130578955263,2.96249432036422));
#3474=CARTESIAN_POINT('Ctrl Pts',(-69.9999999999999,92.7699728908803,2.8102969457715));
#3475=CARTESIAN_POINT('Ctrl Pts',(-69.9999999999999,93.2754476371421,2.69036298407223));
#3476=CARTESIAN_POINT('Ctrl Pts',(-69.9999999999999,93.7549351438095,2.57830237610396));
#3477=CARTESIAN_POINT('Ctrl Pts',(-69.9999999999999,93.9946788971433,2.52227207211983));
#3478=CARTESIAN_POINT('Ctrl Pts',(-69.9999999999999,94.2279258405784,2.46821010656844));
#3479=CARTESIAN_POINT('Ctrl Pts',(-69.9999999999999,94.4754087382014,2.41207066288758));
#3480=CARTESIAN_POINT('Ctrl Pts',(-69.9999999999999,94.7228916358243,2.35593121920672));
#3481=CARTESIAN_POINT('Ctrl Pts',(-69.9999999999999,94.9846104876351,2.29771429739637));
#3482=CARTESIAN_POINT('Ctrl Pts',(-69.9999999999999,95.2338103889609,2.24340043239654));
#3483=CARTESIAN_POINT('Ctrl Pts',(-69.9999999999999,95.7322101916126,2.13477270239687));
#3484=CARTESIAN_POINT('Ctrl Pts',(-69.9999999999999,96.1805341923246,2.04175719963926));
#3485=CARTESIAN_POINT('Ctrl Pts',(-69.9999999999999,96.6247227988456,1.9488977804977));
#3486=CARTESIAN_POINT('Ctrl Pts',(-69.9999999999999,97.0689114053666,1.85603836135614));
#3487=CARTESIAN_POINT('Ctrl Pts',(-69.9999999999999,97.5089646176965,1.76333502583064));
#3488=CARTESIAN_POINT('Ctrl Pts',(-69.9999999999999,97.9733741571212,1.65997169520512));
#3489=CARTESIAN_POINT('Ctrl Pts',(-69.9999999999999,98.2055789268336,1.60829002989236));
#3490=CARTESIAN_POINT('Ctrl Pts',(-69.9999999999999,98.4438727783197,1.55394336580459));
#3491=CARTESIAN_POINT('Ctrl Pts',(-69.9999999999999,98.6618182400282,1.50271793550864));
#3492=CARTESIAN_POINT('Ctrl Pts',(-69.9999999999999,98.8797637017366,1.45149250521269));
#3493=CARTESIAN_POINT('Ctrl Pts',(-69.9999999999999,99.0773607736674,1.40338830870856));
#3494=CARTESIAN_POINT('Ctrl Pts',(-69.9999999999999,99.2621099972205,1.35755132236635));
#3495=CARTESIAN_POINT('Ctrl Pts',(-69.9999999999999,100.001106891433,1.1742033769975));
#3496=CARTESIAN_POINT('Ctrl Pts',(-70.,100.534538211602,1.02713079421941));
#3497=CARTESIAN_POINT('Ctrl Pts',(-69.9999999999999,101.154744781075,0.876536092404466));
#3498=CARTESIAN_POINT('Ctrl Pts',(-69.9999999999999,101.309796423443,0.838887416950731));
#3499=CARTESIAN_POINT('Ctrl Pts',(-69.9999999999999,101.470271518892,0.801018609057194));
#3500=CARTESIAN_POINT('Ctrl Pts',(-69.9999999999999,101.645518817296,0.761538942164795));
#3501=CARTESIAN_POINT('Ctrl Pts',(-69.9999999999999,101.8207661157,0.722059275272396));
#3502=CARTESIAN_POINT('Ctrl Pts',(-69.9999999999999,102.010785617059,0.680968749381136));
#3503=CARTESIAN_POINT('Ctrl Pts',(-69.9999999999999,102.19826582289,0.641670443314531));
#3504=CARTESIAN_POINT('Ctrl Pts',(-69.9999999999999,102.573226234551,0.563073831181321));
#3505=CARTESIAN_POINT('Ctrl Pts',(-69.9999999999999,102.938029464103,0.491646098346731));
#3506=CARTESIAN_POINT('Ctrl Pts',(-69.9999999999999,103.346908866573,0.408922315315271));
#3507=CARTESIAN_POINT('Ctrl Pts',(-69.9999999999999,103.551348567808,0.367560423799541));
#3508=CARTESIAN_POINT('Ctrl Pts',(-69.9999999999999,103.766807312273,0.323374519734593));
#3509=CARTESIAN_POINT('Ctrl Pts',(-69.9999999999999,103.989610317667,0.275927828633626));
#3510=CARTESIAN_POINT('Ctrl Pts',(-69.9999999999999,104.212413323062,0.22848113753266));
#3511=CARTESIAN_POINT('Ctrl Pts',(-69.9999999999999,104.442560589386,0.177773659395673));
#3512=CARTESIAN_POINT('Ctrl Pts',(-69.9999999999999,104.657386106266,0.129239641357594));
#3513=CARTESIAN_POINT('Ctrl Pts',(-69.9999999999999,105.087037140026,0.0321716052814339));
#3514=CARTESIAN_POINT('Ctrl Pts',(-70.,105.45540117601,-0.0562025903991));
#3515=CARTESIAN_POINT('Ctrl Pts',(-70.,105.83855042721,-0.146672418158519));
#3516=CARTESIAN_POINT('Ctrl Pts',(-70.,106.03012505281,-0.191907332038228));
#3517=CARTESIAN_POINT('Ctrl Pts',(-70.,106.225395982214,-0.237666153937658));
#3518=CARTESIAN_POINT('Ctrl Pts',(-70.,106.440282546517,-0.286547601680312));
#3519=CARTESIAN_POINT('Ctrl Pts',(-70.,106.655169110821,-0.335429049422965));
#3520=CARTESIAN_POINT('Ctrl Pts',(-70.,106.889671310025,-0.387433123008842));
#3521=CARTESIAN_POINT('Ctrl Pts',(-70.,107.119573645397,-0.437049737001459));
#3522=CARTESIAN_POINT('Ctrl Pts',(-70.,107.579378316141,-0.536282964986693));
#3523=CARTESIAN_POINT('Ctrl Pts',(-69.9999999999999,108.020783531559,-0.625966354598891));
#3524=CARTESIAN_POINT('Ctrl Pts',(-69.9999999999999,108.423209657107,-0.711321807601298));
#3525=CARTESIAN_POINT('Ctrl Pts',(-69.9999999999999,108.825635782654,-0.796677260603705));
#3526=CARTESIAN_POINT('Ctrl Pts',(-69.9999999999999,109.189082818332,-0.877704776996321));
#3527=CARTESIAN_POINT('Ctrl Pts',(-69.9999999999999,109.573347463303,-0.984140322317461));
#3528=CARTESIAN_POINT('Ctrl Pts',(-69.9999999999999,109.765479785788,-1.03735809497803));
#3529=CARTESIAN_POINT('Ctrl Pts',(-69.9999999999999,109.962816510597,-1.09692787487073));
#3530=CARTESIAN_POINT('Ctrl Pts',(-69.9999999999999,110.170405200701,-1.17107222936392));
#3531=CARTESIAN_POINT('Ctrl Pts',(-69.9999999999999,110.377993890804,-1.24521658385711));
#3532=CARTESIAN_POINT('Ctrl Pts',(-69.9999999999999,110.595834546203,-1.3339355129508));
#3533=CARTESIAN_POINT('Ctrl Pts',(-69.9999999999999,110.827427528212,-1.45822498924827));
#3534=CARTESIAN_POINT('Origin',(-70.,32.1140020921465,-1.80332724365189));
#3535=CARTESIAN_POINT('',(-70.,62.,3.74439176480432));
#3536=CARTESIAN_POINT('Ctrl Pts',(41.322213892595,62.,26.5645894187142));
#3537=CARTESIAN_POINT('Ctrl Pts',(34.7642676195954,98.4044124714396,23.2914545928417));
#3538=CARTESIAN_POINT('Ctrl Pts',(24.3570313431932,134.40441247144,18.7699247866036));
#3539=CARTESIAN_POINT('Ctrl Pts',(10.1005050633883,170.,13.));
#3540=CARTESIAN_POINT('Ctrl Pts',(42.8852454303402,62.,25.001557880969));
#3541=CARTESIAN_POINT('Ctrl Pts',(36.1703443739821,98.4044124714396,21.885377838455));
#3542=CARTESIAN_POINT('Ctrl Pts',(25.5642636890661,134.40441247144,17.5626924407307));
#3543=CARTESIAN_POINT('Ctrl Pts',(11.0670033755922,170.,12.0335016877961));
#3544=CARTESIAN_POINT('Ctrl Pts',(44.4482769680853,62.,23.4385263432239));
#3545=CARTESIAN_POINT('Ctrl Pts',(37.5764211283687,98.4044124714395,20.4793010840684));
#3546=CARTESIAN_POINT('Ctrl Pts',(26.771496034939,134.40441247144,16.3554600948578));
#3547=CARTESIAN_POINT('Ctrl Pts',(12.0335016877961,170.,11.0670033755923));
#3548=CARTESIAN_POINT('Ctrl Pts',(46.0113085058305,62.,21.8754948054788));
#3549=CARTESIAN_POINT('Ctrl Pts',(38.9824978827554,98.4044124714396,19.0732243296817));
#3550=CARTESIAN_POINT('Ctrl Pts',(27.9787283808119,134.40441247144,15.1482277489849));
#3551=CARTESIAN_POINT('Ctrl Pts',(12.9999999999999,170.,10.1005050633884));
#3552=CARTESIAN_POINT('Ctrl Pts',(41.322213892595,62.,26.5645894187142));
#3553=CARTESIAN_POINT('Ctrl Pts',(42.1037296614676,62.,25.7830736498416));
#3554=CARTESIAN_POINT('Ctrl Pts',(42.8852454303402,62.,25.001557880969));
#3555=CARTESIAN_POINT('Ctrl Pts',(44.4482769680853,62.,23.4385263432239));
#3556=CARTESIAN_POINT('Ctrl Pts',(45.2297927369579,62.,22.6570105743513));
#3557=CARTESIAN_POINT('Ctrl Pts',(46.0113085058305,62.,21.8754948054788));
#3558=CARTESIAN_POINT('Ctrl Pts',(-46.0113085058305,62.,-12.8704596847458));
#3559=CARTESIAN_POINT('Ctrl Pts',(-39.315048018966,96.6820311219831,-12.3452546090488));
#3560=CARTESIAN_POINT('Ctrl Pts',(-29.0110607978307,130.997011985248,-11.4823897176891));
#3561=CARTESIAN_POINT('Ctrl Pts',(-15.0993468424245,164.944942589793,-10.2818650106666));
#3562=CARTESIAN_POINT('Ctrl Pts',(-43.5439710068377,62.,-15.3377971837385));
#3563=CARTESIAN_POINT('Ctrl Pts',(-37.2051243806662,96.6820311219832,-14.4551782473486));
#3564=CARTESIAN_POINT('Ctrl Pts',(-27.3721079644227,130.997011985248,-13.1213425510971));
#3565=CARTESIAN_POINT('Ctrl Pts',(-14.0449217581074,164.944942589793,-11.3362900949838));
#3566=CARTESIAN_POINT('Ctrl Pts',(-41.0766335078449,62.,-17.8051346827312));
#3567=CARTESIAN_POINT('Ctrl Pts',(-35.0952007423663,96.6820311219831,-16.5651018856485));
#3568=CARTESIAN_POINT('Ctrl Pts',(-25.7331551310147,130.997011985248,-14.760295384505));
#3569=CARTESIAN_POINT('Ctrl Pts',(-12.9904966737902,164.944942589793,-12.390715179301));
#3570=CARTESIAN_POINT('Ctrl Pts',(-38.6092960088522,62.,-20.2724721817239));
#3571=CARTESIAN_POINT('Ctrl Pts',(-32.9852771040664,96.6820311219831,-18.6750255239483));
#3572=CARTESIAN_POINT('Ctrl Pts',(-24.0942022976067,130.997011985248,-16.399248217913));
#3573=CARTESIAN_POINT('Ctrl Pts',(-11.9360715894731,164.944942589793,-13.4451402636181));
#3574=CARTESIAN_POINT('',(-43.8817681902283,62.0000000008353,-15.));
#3575=CARTESIAN_POINT('Ctrl Pts',(-43.8817681902283,62.0000000008353,-15.));
#3576=CARTESIAN_POINT('Ctrl Pts',(-44.5916149620377,62.0000000008353,-14.2901532281906));
#3577=CARTESIAN_POINT('Ctrl Pts',(-45.3014617340211,62.,-13.5803064565551));
#3578=CARTESIAN_POINT('Ctrl Pts',(-46.0113085058305,62.,-12.8704596847458));
#3579=CARTESIAN_POINT('Ctrl Pts',(-43.8817681902283,62.0000000016706,-15.));
#3580=CARTESIAN_POINT('Ctrl Pts',(-40.8676626026972,76.4756355751167,-15.));
#3581=CARTESIAN_POINT('Ctrl Pts',(-37.1872044704939,90.7866527016097,-15.));
#3582=CARTESIAN_POINT('Ctrl Pts',(-28.7341253678733,118.483911710738,-15.));
#3583=CARTESIAN_POINT('Ctrl Pts',(-24.028069145397,131.838591526964,-15.));
#3584=CARTESIAN_POINT('Ctrl Pts',(-18.7891317358148,145.,-15.));
#3585=CARTESIAN_POINT('',(-15.0993468427171,155.88772530071,-14.2164681592162));
#3586=CARTESIAN_POINT('Ctrl Pts',(-18.6897848930978,145.,-15.0993468427171));
#3587=CARTESIAN_POINT('Ctrl Pts',(-17.530082653907,148.633411085875,-14.8127590969734));
#3588=CARTESIAN_POINT('Ctrl Pts',(-16.3332699704485,152.262652852773,-14.5184662024735));
#3589=CARTESIAN_POINT('Ctrl Pts',(-15.0993468427222,155.887725300694,-14.2164681592174));
#3590=CARTESIAN_POINT('Ctrl Pts',(-15.099346842717,155.88772530071,-14.2164681592162));
#3591=CARTESIAN_POINT('Ctrl Pts',(-15.099346842717,157.522184941961,-13.5239575398618));
#3592=CARTESIAN_POINT('Ctrl Pts',(-15.099346842717,159.153219072606,-12.8234286334168));
#3593=CARTESIAN_POINT('Ctrl Pts',(-15.099346842717,162.171396998287,-11.5096908403603));
#3594=CARTESIAN_POINT('Ctrl Pts',(-15.0993468427171,163.559434297094,-10.8986369789475));
#3595=CARTESIAN_POINT('Ctrl Pts',(-15.0993468427171,164.944942589079,-10.2818650106919));
#3596=CARTESIAN_POINT('Ctrl Pts',(-18.6897848930978,145.,-15.0993468427171));
#3597=CARTESIAN_POINT('Ctrl Pts',(-17.5300826539054,148.63341108588,-14.812759096973));
#3598=CARTESIAN_POINT('Ctrl Pts',(-16.3332699704451,152.262652852783,-14.5184662024727));
#3599=CARTESIAN_POINT('Ctrl Pts',(-15.099346842717,155.88772530071,-14.2164681592162));
#3600=CARTESIAN_POINT('Ctrl Pts',(-17.4929722096375,145.,-15.0993468427171));
#3601=CARTESIAN_POINT('Ctrl Pts',(-16.4075322670334,148.63341108588,-14.812759096973));
#3602=CARTESIAN_POINT('Ctrl Pts',(-15.2873582718986,152.262652852783,-14.5184662024727));
#3603=CARTESIAN_POINT('Ctrl Pts',(-14.1324502242331,155.88772530071,-14.2164681592162));
#3604=CARTESIAN_POINT('Ctrl Pts',(-16.2961595261773,145.,-15.0993468427171));
#3605=CARTESIAN_POINT('Ctrl Pts',(-15.2849818801615,148.63341108588,-14.812759096973));
#3606=CARTESIAN_POINT('Ctrl Pts',(-14.2414465733521,152.262652852783,-14.5184662024727));
#3607=CARTESIAN_POINT('Ctrl Pts',(-13.1655536057491,155.88772530071,-14.2164681592162));
#3608=CARTESIAN_POINT('Ctrl Pts',(-15.0993468427171,145.,-15.0993468427171));
#3609=CARTESIAN_POINT('Ctrl Pts',(-14.1624314932896,148.63341108588,-14.812759096973));
#3610=CARTESIAN_POINT('Ctrl Pts',(-13.1955348748056,152.262652852783,-14.5184662024727));
#3611=CARTESIAN_POINT('Ctrl Pts',(-12.1986569872651,155.88772530071,-14.2164681592162));
#3612=CARTESIAN_POINT('Ctrl Pts',(-15.0993468427171,145.,-15.0993468427171));
#3613=CARTESIAN_POINT('Ctrl Pts',(-15.0993468427171,148.629884842864,-14.8130372317651));
#3614=CARTESIAN_POINT('Ctrl Pts',(-15.099346842717,152.259136409647,-14.51875915081));
#3615=CARTESIAN_POINT('Ctrl Pts',(-15.099346842717,155.88772530071,-14.2164681592162));
#3616=CARTESIAN_POINT('Origin',(9.97082461845821,-20.,-15.));
#3617=CARTESIAN_POINT('',(-15.0993468427171,62.,-15.));
#3618=CARTESIAN_POINT('',(4.9854123092291,62.,-15.));
#3619=CARTESIAN_POINT('',(-15.0993468427171,20.,-15.));
#3620=CARTESIAN_POINT('Origin',(9.97082461845821,-20.,-15.));
#3621=CARTESIAN_POINT('',(15.0993468427171,62.,-15.));
#3622=CARTESIAN_POINT('',(4.9854123092291,62.,-15.));
#3623=CARTESIAN_POINT('',(15.0993468427171,20.,-15.));
#3624=CARTESIAN_POINT('Origin',(15.0993468427171,60.0000000000001,9.71445146547012E-16));
#3625=CARTESIAN_POINT('',(15.0993468427171,62.,9.71445146547012E-16));
#3626=CARTESIAN_POINT('',(15.0993468427171,62.,4.64605538663027));
#3627=CARTESIAN_POINT('',(15.0993468427171,60.0000000000001,9.71445146547012E-16));
#3628=CARTESIAN_POINT('Origin',(-3.95653535463253E-91,60.0000000000001,
5.63021704416226E-45));
#3629=CARTESIAN_POINT('',(5.,62.,14.2474655667831));
#3630=CARTESIAN_POINT('Origin',(-3.95653535463253E-91,62.,5.63021704416226E-45));
#3631=CARTESIAN_POINT('',(5.,60.0000000000001,14.2474655667831));
#3632=CARTESIAN_POINT('Origin',(5.,175.,11.2));
#3633=CARTESIAN_POINT('',(5.,62.,10.0778221853732));
#3634=CARTESIAN_POINT('',(5.,62.,10.2460553866303));
#3635=CARTESIAN_POINT('',(5.,60.0000000000001,10.0778221853732));
#3636=CARTESIAN_POINT('Origin',(0.,170.,0.));
#3637=CARTESIAN_POINT('',(-5.,62.,10.0778221853732));
#3638=CARTESIAN_POINT('Origin',(0.,62.,0.));
#3639=CARTESIAN_POINT('',(-5.,60.0000000000001,10.0778221853732));
#3640=CARTESIAN_POINT('Origin',(-5.,175.,17.2));
#3641=CARTESIAN_POINT('',(-5.,62.,14.2474655667831));
#3642=CARTESIAN_POINT('',(-5.,62.,13.2460553866303));
#3643=CARTESIAN_POINT('',(-5.,60.0000000000001,14.2474655667831));
#3644=CARTESIAN_POINT('Origin',(-3.95653535463253E-91,60.0000000000001,
5.63021704416226E-45));
#3645=CARTESIAN_POINT('',(-15.0993468427171,62.,2.22044604925031E-15));
#3646=CARTESIAN_POINT('Origin',(-3.95653535463253E-91,62.,5.63021704416226E-45));
#3647=CARTESIAN_POINT('',(-15.0993468427171,60.0000000000001,2.22044604925031E-15));
#3648=CARTESIAN_POINT('Origin',(-15.0993468427171,60.0000000000001,-15.0993468427171));
#3649=CARTESIAN_POINT('',(-15.0993468427171,62.,-2.90361803472826));
#3650=CARTESIAN_POINT('Ctrl Pts',(53.0113085058305,61.9999999999999,-15.7699546213576));
#3651=CARTESIAN_POINT('Ctrl Pts',(45.9824978827554,98.4044124714395,-15.2186667760605));
#3652=CARTESIAN_POINT('Ctrl Pts',(34.9787283808119,134.40441247144,-14.2953485689413));
#3653=CARTESIAN_POINT('Ctrl Pts',(19.9999999999999,170.,-13.0000000000001));
#3654=CARTESIAN_POINT('Ctrl Pts',(53.0113085058305,61.9999999999999,-2.25497316687493));
#3655=CARTESIAN_POINT('Ctrl Pts',(45.9824978827554,98.4044124714395,-2.82153809527586));
#3656=CARTESIAN_POINT('Ctrl Pts',(34.9787283808119,134.40441247144,-3.51432481742867));
#3657=CARTESIAN_POINT('Ctrl Pts',(19.9999999999999,170.,-4.33333333333335));
#3658=CARTESIAN_POINT('Ctrl Pts',(53.0113085058305,61.9999999999999,11.2600082876078));
#3659=CARTESIAN_POINT('Ctrl Pts',(45.9824978827554,98.4044124714395,9.57559058550876));
#3660=CARTESIAN_POINT('Ctrl Pts',(34.9787283808119,134.40441247144,7.26669893408397));
#3661=CARTESIAN_POINT('Ctrl Pts',(19.9999999999999,170.,4.33333333333335));
#3662=CARTESIAN_POINT('Ctrl Pts',(53.0113085058305,61.9999999999999,24.7749897420904));
#3663=CARTESIAN_POINT('Ctrl Pts',(45.9824978827554,98.4044124714395,21.9727192662934));
#3664=CARTESIAN_POINT('Ctrl Pts',(34.9787283808119,134.40441247144,18.0477226855966));
#3665=CARTESIAN_POINT('Ctrl Pts',(19.9999999999999,170.,13.0000000000001));
#3666=CARTESIAN_POINT('',(53.0113085058305,62.,13.1172224689167));
#3667=CARTESIAN_POINT('',(53.0113085058304,62.,24.7749897420904));
#3668=CARTESIAN_POINT('Ctrl Pts',(53.0113085058305,62.,13.1172224689167));
#3669=CARTESIAN_POINT('Ctrl Pts',(53.0113085058305,62.,17.003144893308));
#3670=CARTESIAN_POINT('Ctrl Pts',(53.0113085058305,62.,20.8890673176992));
#3671=CARTESIAN_POINT('Ctrl Pts',(53.0113085058305,62.,24.7749897420904));
#3672=CARTESIAN_POINT('Ctrl Pts',(40.6366805754888,112.491522856948,3.23718251841782));
#3673=CARTESIAN_POINT('Ctrl Pts',(40.9609001202018,111.402197532749,3.79266968966968));
#3674=CARTESIAN_POINT('Ctrl Pts',(41.4010950132956,109.906356644738,4.18279040183581));
#3675=CARTESIAN_POINT('Ctrl Pts',(41.9190263390773,108.116393546801,4.50770065771726));
#3676=CARTESIAN_POINT('Ctrl Pts',(42.17720626159,107.218428856809,4.67317270245617));
#3677=CARTESIAN_POINT('Ctrl Pts',(42.3899429840772,106.473583935068,4.82570602719249));
#3678=CARTESIAN_POINT('Ctrl Pts',(42.5592425323413,105.877926140596,4.9522506862206));
#3679=CARTESIAN_POINT('Ctrl Pts',(42.8123773913366,104.984348354469,5.14184541145957));
#3680=CARTESIAN_POINT('Ctrl Pts',(43.1904286880193,103.638737594346,5.40288391912347));
#3681=CARTESIAN_POINT('Ctrl Pts',(43.5655004284511,102.285549118043,5.62735002233573));
#3682=CARTESIAN_POINT('Ctrl Pts',(43.8113979474875,101.390819831339,5.82212277542893));
#3683=CARTESIAN_POINT('Ctrl Pts',(43.9743644740634,100.795833373379,5.95996992621814));
#3684=CARTESIAN_POINT('Ctrl Pts',(44.2578384753306,99.7555708213989,6.2079742379375));
#3685=CARTESIAN_POINT('Ctrl Pts',(44.6606796376452,98.2619850903339,6.52952708596738));
#3686=CARTESIAN_POINT('Ctrl Pts',(45.1405069175355,96.4578500603125,6.85979779980375));
#3687=CARTESIAN_POINT('Ctrl Pts',(45.6131938718829,94.6550371975736,7.20635200111228));
#3688=CARTESIAN_POINT('Ctrl Pts',(46.077365765791,92.8591041679832,7.59885201627797));
#3689=CARTESIAN_POINT('Ctrl Pts',(46.9953629405339,89.2551847705705,8.33636156684962));
#3690=CARTESIAN_POINT('Ctrl Pts',(47.8817036667507,85.6430206055711,9.07240761263478));
#3691=CARTESIAN_POINT('Ctrl Pts',(49.0213181820568,80.8145725071971,10.0430818701948));
#3692=CARTESIAN_POINT('Ctrl Pts',(49.8537517046188,77.1722367956887,10.6872350165564));
#3693=CARTESIAN_POINT('Ctrl Pts',(50.7861897833771,72.917493426207,11.4557099644908));
#3694=CARTESIAN_POINT('Ctrl Pts',(51.8121327792682,68.0704808286415,12.2580775539426));
#3695=CARTESIAN_POINT('Ctrl Pts',(52.5434201700453,64.4233358181295,12.7759944859969));
#3696=CARTESIAN_POINT('Ctrl Pts',(53.0113082348905,62.0000013083884,13.1172321750483));
#3697=CARTESIAN_POINT('',(53.0113085058305,61.9999999999999,-11.7045677406823));
#3698=CARTESIAN_POINT('Ctrl Pts',(53.0113090080311,61.9999972121892,-11.7045372354767));
#3699=CARTESIAN_POINT('Ctrl Pts',(52.8070276874056,63.0580325457918,-11.6044824294645));
#3700=CARTESIAN_POINT('Ctrl Pts',(52.3763653827523,65.2517367069763,-11.3857474455987));
#3701=CARTESIAN_POINT('Ctrl Pts',(51.4700916401968,69.7156169401478,-10.9598996490931));
#3702=CARTESIAN_POINT('Ctrl Pts',(50.4989748355621,74.263987864897,-10.7102841594069));
#3703=CARTESIAN_POINT('Ctrl Pts',(49.4846491470542,78.7922217571952,-10.3189041448947));
#3704=CARTESIAN_POINT('Ctrl Pts',(48.7003367104108,82.1877568654641,-10.0915919398689));
#3705=CARTESIAN_POINT('Ctrl Pts',(47.8925317709524,85.5819508193995,-9.9389414648861));
#3706=CARTESIAN_POINT('Ctrl Pts',(47.0615325314977,88.9735878838126,-9.86717110775766));
#3707=CARTESIAN_POINT('Ctrl Pts',(46.2077387802304,92.3610920981266,-9.90108433086916));
#3708=CARTESIAN_POINT('Ctrl Pts',(45.3317137904673,95.7424877940218,-9.89742856299015));
#3709=CARTESIAN_POINT('Ctrl Pts',(44.4330024125631,99.119757181628,-9.88480961912677));
#3710=CARTESIAN_POINT('Ctrl Pts',(43.512194677191,102.490883917694,-9.93832409469445));
#3711=CARTESIAN_POINT('Ctrl Pts',(42.5692566541033,105.856290426617,-9.95235021843112));
#3712=CARTESIAN_POINT('Ctrl Pts',(41.9262401295275,108.094978868152,-9.97308497312125));
#3713=CARTESIAN_POINT('Ctrl Pts',(41.6012508961933,109.212763210694,-9.99359064776689));
#3714=CARTESIAN_POINT('Ctrl Pts',(53.0113085058305,62.,-15.7699546213576));
#3715=CARTESIAN_POINT('Ctrl Pts',(53.0113085058305,62.,-14.4148256611325));
#3716=CARTESIAN_POINT('Ctrl Pts',(53.0113085058305,61.9999999999999,-13.0596967009074));
#3717=CARTESIAN_POINT('Ctrl Pts',(53.0113085058305,61.9999999999999,-11.7045677406823));
#3718=CARTESIAN_POINT('Ctrl Pts',(53.0113085058304,62.,24.7749897420904));
#3719=CARTESIAN_POINT('Ctrl Pts',(45.9824978827554,98.4044124714396,21.9727192662934));
#3720=CARTESIAN_POINT('Ctrl Pts',(34.9787283808119,134.40441247144,18.0477226855966));
#3721=CARTESIAN_POINT('Ctrl Pts',(19.9999999999999,170.,13.0000000000001));
#3722=CARTESIAN_POINT('Ctrl Pts',(41.6012508961933,109.212763210694,-9.99359064776689));
#3723=CARTESIAN_POINT('Ctrl Pts',(41.9262401295275,108.094978868152,-9.97308497312125));
#3724=CARTESIAN_POINT('Ctrl Pts',(42.5692566541033,105.856290426617,-9.95235021843112));
#3725=CARTESIAN_POINT('Ctrl Pts',(43.512194677191,102.490883917694,-9.93832409469445));
#3726=CARTESIAN_POINT('Ctrl Pts',(44.4330024125631,99.119757181628,-9.88480961912677));
#3727=CARTESIAN_POINT('Ctrl Pts',(45.3317137904673,95.7424877940218,-9.89742856299015));
#3728=CARTESIAN_POINT('Ctrl Pts',(46.2077387802304,92.3610920981266,-9.90108433086916));
#3729=CARTESIAN_POINT('Ctrl Pts',(47.0615325314977,88.9735878838126,-9.86717110775766));
#3730=CARTESIAN_POINT('Ctrl Pts',(47.8925317709524,85.5819508193995,-9.9389414648861));
#3731=CARTESIAN_POINT('Ctrl Pts',(48.7003367104108,82.1877568654641,-10.0915919398689));
#3732=CARTESIAN_POINT('Ctrl Pts',(49.4846491470542,78.7922217571952,-10.3189041448947));
#3733=CARTESIAN_POINT('Ctrl Pts',(50.4989748355621,74.263987864897,-10.7102841594069));
#3734=CARTESIAN_POINT('Ctrl Pts',(51.4700916401968,69.7156169401478,-10.9598996490931));
#3735=CARTESIAN_POINT('Ctrl Pts',(52.392581707816,65.1718626805016,-11.3933673136049));
#3736=CARTESIAN_POINT('Ctrl Pts',(52.838394272103,62.8981582650862,-11.620436097533));
#3737=CARTESIAN_POINT('Ctrl Pts',(53.0576057218218,61.7599078729844,-11.7271450714549));
#3738=CARTESIAN_POINT('Ctrl Pts',(41.5971014348749,109.227035077009,-9.14514936382911));
#3739=CARTESIAN_POINT('Ctrl Pts',(41.9236911801339,108.103996876606,-9.12562845425299));
#3740=CARTESIAN_POINT('Ctrl Pts',(42.5685059915342,105.85910969615,-9.10604799025878));
#3741=CARTESIAN_POINT('Ctrl Pts',(43.5097168851756,102.499728612091,-9.09077557304218));
#3742=CARTESIAN_POINT('Ctrl Pts',(44.4303834851932,99.1294105745716,-9.03708141518039));
#3743=CARTESIAN_POINT('Ctrl Pts',(45.3343260914482,95.7328527144172,-9.05313998151754));
#3744=CARTESIAN_POINT('Ctrl Pts',(46.2057035389572,92.3685492764982,-9.05365209745466));
#3745=CARTESIAN_POINT('Ctrl Pts',(47.0614518892532,88.9740923758622,-9.02068771790592));
#3746=CARTESIAN_POINT('Ctrl Pts',(47.9004687292332,85.5493410556294,-9.09875449966829));
#3747=CARTESIAN_POINT('Ctrl Pts',(48.7090582409544,82.1508840739793,-9.25203857665258));
#3748=CARTESIAN_POINT('Ctrl Pts',(49.500761097193,78.7220674773244,-9.48668136931126));
#3749=CARTESIAN_POINT('Ctrl Pts',(50.5101673058686,74.2122083459793,-9.87331084146511));
#3750=CARTESIAN_POINT('Ctrl Pts',(51.4817191376246,69.6603411944601,-10.1230774194378));
#3751=CARTESIAN_POINT('Ctrl Pts',(52.4095621964033,65.0872932075695,-10.562805355669));
#3752=CARTESIAN_POINT('Ctrl Pts',(52.8534057079218,62.8211942599636,-10.787758009238));
#3753=CARTESIAN_POINT('Ctrl Pts',(53.0720292097237,61.685014245024,-10.8938371901406));
#3754=CARTESIAN_POINT('Ctrl Pts',(42.2331273416535,109.438804755741,-7.67343072272397));
#3755=CARTESIAN_POINT('Ctrl Pts',(42.5610906297056,108.304748534683,-7.65549802074675));
#3756=CARTESIAN_POINT('Ctrl Pts',(43.2078843441915,106.045852338669,-7.63783673884751));
#3757=CARTESIAN_POINT('Ctrl Pts',(44.1494768510318,102.693243698232,-7.62056747246325));
#3758=CARTESIAN_POINT('Ctrl Pts',(45.071411570606,99.3201536663045,-7.56661774779642));
#3759=CARTESIAN_POINT('Ctrl Pts',(45.979644633987,95.8844783778192,-7.58828592299652));
#3760=CARTESIAN_POINT('Ctrl Pts',(46.849663655839,92.5468063196094,-7.58372949131308));
#3761=CARTESIAN_POINT('Ctrl Pts',(47.7078467652094,89.1354393084146,-7.55235020608255));
#3762=CARTESIAN_POINT('Ctrl Pts',(48.5527165515262,85.6469998257967,-7.64084418855827));
#3763=CARTESIAN_POINT('Ctrl Pts',(49.3629943630007,82.2366496337577,-7.79524099877465));
#3764=CARTESIAN_POINT('Ctrl Pts',(50.1600705167316,78.744106868588,-8.04211678773844));
#3765=CARTESIAN_POINT('Ctrl Pts',(51.1682124185308,74.2616304271561,-8.42091801581589));
#3766=CARTESIAN_POINT('Ctrl Pts',(52.141463718103,69.6979440417479,-8.67097733160925));
#3767=CARTESIAN_POINT('Ctrl Pts',(53.0736914279523,65.0672732072315,-9.12119216433195));
#3768=CARTESIAN_POINT('Ctrl Pts',(53.517083153555,62.8119729079175,-9.34263967432847));
#3769=CARTESIAN_POINT('Ctrl Pts',(53.7357020826182,61.6780337910214,-9.447673603727));
#3770=CARTESIAN_POINT('Ctrl Pts',(43.6118887458562,109.850869569132,-7.05961176528743));
#3771=CARTESIAN_POINT('Ctrl Pts',(43.9390662487956,108.709226194811,-7.04037202909383));
#3772=CARTESIAN_POINT('Ctrl Pts',(44.5857639976004,106.438983701967,-7.02130092475251));
#3773=CARTESIAN_POINT('Ctrl Pts',(45.5319691998123,103.082668683124,-7.00550331929529));
#3774=CARTESIAN_POINT('Ctrl Pts',(46.4567394174052,99.7012010670013,-6.95173207241178));
#3775=CARTESIAN_POINT('Ctrl Pts',(47.3619481342565,96.2399525696083,-6.96930093009463));
#3776=CARTESIAN_POINT('Ctrl Pts',(48.2395633748559,92.907790049333,-6.96857795903835));
#3777=CARTESIAN_POINT('Ctrl Pts',(49.0981060837805,89.4814246904354,-6.93543106900329));
#3778=CARTESIAN_POINT('Ctrl Pts',(49.9367235120414,85.9557149706237,-7.01835108957674));
#3779=CARTESIAN_POINT('Ctrl Pts',(50.7485166034059,82.5326931973215,-7.17230646937984));
#3780=CARTESIAN_POINT('Ctrl Pts',(51.5399322943723,79.0024586135603,-7.41532276120363));
#3781=CARTESIAN_POINT('Ctrl Pts',(52.5563921431613,74.5240636371057,-7.79705068561079));
#3782=CARTESIAN_POINT('Ctrl Pts',(53.5320713193327,69.9453805279689,-8.04681587642171));
#3783=CARTESIAN_POINT('Ctrl Pts',(54.4613042286677,65.27789328589,-8.49510741901927));
#3784=CARTESIAN_POINT('Ctrl Pts',(54.9081614296026,63.0231500144619,-8.71756135176336));
#3785=CARTESIAN_POINT('Ctrl Pts',(55.1280737147872,61.8879523287778,-8.82291113158508));
#3786=CARTESIAN_POINT('Ctrl Pts',(44.2204969816117,110.028813603389,-7.00508389106489));
#3787=CARTESIAN_POINT('Ctrl Pts',(44.5472981551667,108.885301564631,-6.98471847290636));
#3788=CARTESIAN_POINT('Ctrl Pts',(45.1939062217,106.611741146766,-6.96440766616859));
#3789=CARTESIAN_POINT('Ctrl Pts',(46.1421292341193,103.252105082419,-6.94993361100704));
#3790=CARTESIAN_POINT('Ctrl Pts',(47.0681151779733,99.8667056115651,-6.89634000959647));
#3791=CARTESIAN_POINT('Ctrl Pts',(47.9718967885481,96.3994579850889,-6.91025276083086));
#3792=CARTESIAN_POINT('Ctrl Pts',(48.8528793292527,93.0650116779586,-6.91293185104637));
#3793=CARTESIAN_POINT('Ctrl Pts',(49.7115191831705,89.6339367663606,-6.87842043562902));
#3794=CARTESIAN_POINT('Ctrl Pts',(50.547248571041,86.1006306071397,-6.95577867801272));
#3795=CARTESIAN_POINT('Ctrl Pts',(51.3596641305239,82.6731058664745,-7.10925489641412));
#3796=CARTESIAN_POINT('Ctrl Pts',(52.1484646851582,79.1349613356236,-7.34731813494497));
#3797=CARTESIAN_POINT('Ctrl Pts',(53.1686089461148,74.6534389764688,-7.73252261346407));
#3798=CARTESIAN_POINT('Ctrl Pts',(54.1453161947044,70.0689938740873,-7.98207148492172));
#3799=CARTESIAN_POINT('Ctrl Pts',(55.0731329652188,65.392822687593,-8.42693541821719));
#3800=CARTESIAN_POINT('Ctrl Pts',(55.5215247230907,63.1362964359462,-8.65076335483711));
#3801=CARTESIAN_POINT('Ctrl Pts',(55.7420055135105,61.9999999999994,-8.75653101765701));
#3802=CARTESIAN_POINT('',(55.7420055135106,61.9999999999994,-8.75653101765706));
#3803=CARTESIAN_POINT('Ctrl Pts',(53.0113091064772,61.9999967023068,-11.7045372836946));
#3804=CARTESIAN_POINT('Ctrl Pts',(53.0113101837711,61.999993523247,-11.6044236113871));
#3805=CARTESIAN_POINT('Ctrl Pts',(53.0166657763128,62.0000556618825,-11.5046548783337));
#3806=CARTESIAN_POINT('Ctrl Pts',(53.0271462409217,62.0001436403638,-11.4055484348002));
#3807=CARTESIAN_POINT('Ctrl Pts',(53.0377778016398,62.0002328872245,-11.3050131807535));
#3808=CARTESIAN_POINT('Ctrl Pts',(53.053683323252,62.0003487042797,-11.2051586706245));
#3809=CARTESIAN_POINT('Ctrl Pts',(53.0746760335504,62.0004601915221,-11.1063200021333));
#3810=CARTESIAN_POINT('Ctrl Pts',(53.0957728029354,62.0005722313974,-11.006991398735));
#3811=CARTESIAN_POINT('Ctrl Pts',(53.1220076529359,62.0006798903827,-10.9086879120826));
#3812=CARTESIAN_POINT('Ctrl Pts',(53.1532395440671,62.0007623337745,-10.8117655826274));
#3813=CARTESIAN_POINT('Ctrl Pts',(53.1654458833431,62.0007945550706,-10.7738854929532));
#3814=CARTESIAN_POINT('Ctrl Pts',(53.1784160029599,62.0008230385387,-10.7362166096115));
#3815=CARTESIAN_POINT('Ctrl Pts',(53.1921433144853,62.0008469788956,-10.6987812674402));
#3816=CARTESIAN_POINT('Ctrl Pts',(53.2271883129619,62.0009080971828,-10.6032110964758));
#3817=CARTESIAN_POINT('Ctrl Pts',(53.2669873358689,62.0009380295085,-10.5096462137786));
#3818=CARTESIAN_POINT('Ctrl Pts',(53.3113178918287,62.0009324968821,-10.4184142639141));
#3819=CARTESIAN_POINT('Ctrl Pts',(53.3558267842529,62.0009269419985,-10.3268152989508));
#3820=CARTESIAN_POINT('Ctrl Pts',(53.4049041214475,62.0008856359109,-10.2375672567459));
#3821=CARTESIAN_POINT('Ctrl Pts',(53.4583734671911,62.0008145996884,-10.1510182867299));
#3822=CARTESIAN_POINT('Ctrl Pts',(53.5111889813676,62.0007444321079,-10.0655276511278));
#3823=CARTESIAN_POINT('Ctrl Pts',(53.5682902091079,62.0006452800143,-9.9826697544526));
#3824=CARTESIAN_POINT('Ctrl Pts',(53.6295481410716,62.0005328152836,-9.90280764345123));
#3825=CARTESIAN_POINT('Ctrl Pts',(53.6526316535186,62.0004904357757,-9.87271361359658));
#3826=CARTESIAN_POINT('Ctrl Pts',(53.6763057908206,62.0004462653262,-9.8430453140862));
#3827=CARTESIAN_POINT('Ctrl Pts',(53.7005649880322,62.0004015032234,-9.81382352828722));
#3828=CARTESIAN_POINT('Ctrl Pts',(53.7656984383885,62.0002813215793,-9.7353660377913));
#3829=CARTESIAN_POINT('Ctrl Pts',(53.8347001209996,62.0001576111818,-9.66054234326788));
#3830=CARTESIAN_POINT('Ctrl Pts',(53.9073623362818,62.0000615000636,-9.5896652359021));
#3831=CARTESIAN_POINT('Ctrl Pts',(53.9438971849526,62.0000131750139,-9.5540279465383));
#3832=CARTESIAN_POINT('Ctrl Pts',(53.9813582005078,61.9999719888682,-9.51938872200668));
#3833=CARTESIAN_POINT('Ctrl Pts',(54.01972320033,61.9999428727388,-9.48578978382067));
#3834=CARTESIAN_POINT('Ctrl Pts',(54.094721132548,61.999885954988,-9.42010880114507));
#3835=CARTESIAN_POINT('Ctrl Pts',(54.1731713808965,61.9998745382325,-9.35840077064341));
#3836=CARTESIAN_POINT('Ctrl Pts',(54.2546848341162,61.9998819104877,-9.30076835110051));
#3837=CARTESIAN_POINT('Ctrl Pts',(54.3373963588314,61.9998893910991,-9.24228885961616));
#3838=CARTESIAN_POINT('Ctrl Pts',(54.4232625415665,61.9999163173939,-9.18800521068236));
#3839=CARTESIAN_POINT('Ctrl Pts',(54.5119079693694,61.9999441481551,-9.13806675479071));
#3840=CARTESIAN_POINT('Ctrl Pts',(54.5414202966504,61.9999534137264,-9.12144096719269));
#3841=CARTESIAN_POINT('Ctrl Pts',(54.5712408765954,61.9999628488792,-9.10529717018816));
#3842=CARTESIAN_POINT('Ctrl Pts',(54.6013563813319,61.9999719649334,-9.08964202567613));
#3843=CARTESIAN_POINT('Ctrl Pts',(54.6914025486202,61.9999992221801,-9.04283272349156));
#3844=CARTESIAN_POINT('Ctrl Pts',(54.7836188385631,62.000024558998,-9.00062998985339));
#3845=CARTESIAN_POINT('Ctrl Pts',(54.8775931025552,62.0000395760889,-8.96310267124981));
#3846=CARTESIAN_POINT('Ctrl Pts',(54.9725605929649,62.0000547518974,-8.92517872145555));
#3847=CARTESIAN_POINT('Ctrl Pts',(55.0693242104201,62.0000595001972,-8.89202914103151));
#3848=CARTESIAN_POINT('Ctrl Pts',(55.1674911242039,62.0000550559568,-8.86376692349718));
#3849=CARTESIAN_POINT('Ctrl Pts',(55.2651463960098,62.0000506348796,-8.83565200749577));
#3850=CARTESIAN_POINT('Ctrl Pts',(55.3641912184578,62.0000372463989,-8.81237334456827));
#3851=CARTESIAN_POINT('Ctrl Pts',(55.464258466288,62.0000240088357,-8.79408850163327));
#3852=CARTESIAN_POINT('Ctrl Pts',(55.5560720565719,62.0000118631213,-8.7773118128161));
#3853=CARTESIAN_POINT('Ctrl Pts',(55.6487470528581,62.,-8.76473943207073));
#3854=CARTESIAN_POINT('Ctrl Pts',(55.7420055135103,62.,-8.75653101765695));
#3855=CARTESIAN_POINT('Ctrl Pts',(44.2204969816117,110.028813603389,-7.00508389106489));
#3856=CARTESIAN_POINT('Ctrl Pts',(44.5472981551667,108.885301564631,-6.98471847290636));
#3857=CARTESIAN_POINT('Ctrl Pts',(45.1939062217,106.611741146766,-6.96440766616859));
#3858=CARTESIAN_POINT('Ctrl Pts',(46.1421292341193,103.252105082419,-6.94993361100704));
#3859=CARTESIAN_POINT('Ctrl Pts',(47.0681151779733,99.8667056115651,-6.89634000959647));
#3860=CARTESIAN_POINT('Ctrl Pts',(47.9718967885481,96.3994579850889,-6.91025276083086));
#3861=CARTESIAN_POINT('Ctrl Pts',(48.8528793292527,93.0650116779586,-6.91293185104637));
#3862=CARTESIAN_POINT('Ctrl Pts',(49.7115191831705,89.6339367663606,-6.87842043562902));
#3863=CARTESIAN_POINT('Ctrl Pts',(50.547248571041,86.1006306071397,-6.95577867801272));
#3864=CARTESIAN_POINT('Ctrl Pts',(51.3596641305239,82.6731058664745,-7.10925489641412));
#3865=CARTESIAN_POINT('Ctrl Pts',(52.1484646851582,79.1349613356236,-7.34731813494497));
#3866=CARTESIAN_POINT('Ctrl Pts',(53.1686089461148,74.6534389764688,-7.73252261346407));
#3867=CARTESIAN_POINT('Ctrl Pts',(54.1453161947044,70.0689938740873,-7.98207148492172));
#3868=CARTESIAN_POINT('Ctrl Pts',(55.0731329652188,65.392822687593,-8.42693541821719));
#3869=CARTESIAN_POINT('Ctrl Pts',(55.5215247230907,63.1362964359462,-8.65076335483711));
#3870=CARTESIAN_POINT('Ctrl Pts',(55.7420055135105,61.9999999999994,-8.75653101765701));
#3871=CARTESIAN_POINT('Ctrl Pts',(70.,61.8634117989092,-7.51661869738636));
#3872=CARTESIAN_POINT('Ctrl Pts',(61.4068323272039,61.945732304366,-8.26390292995329));
#3873=CARTESIAN_POINT('Ctrl Pts',(52.8136646544078,62.0280528098227,-9.01118716252021));
#3874=CARTESIAN_POINT('Ctrl Pts',(44.2204969816117,62.1103733152795,-9.75847139508714));
#3875=CARTESIAN_POINT('Ctrl Pts',(70.,63.4786060329576,-7.33868960432762));
#3876=CARTESIAN_POINT('Ctrl Pts',(61.4068323272039,63.5646132097776,-8.08555792522277));
#3877=CARTESIAN_POINT('Ctrl Pts',(52.8136646544078,63.6487729424921,-8.83265912843784));
#3878=CARTESIAN_POINT('Ctrl Pts',(44.2204969816117,63.7347801193121,-9.57952744933299));
#3879=CARTESIAN_POINT('Ctrl Pts',(70.,65.8128226390489,-7.06015889488005));
#3880=CARTESIAN_POINT('Ctrl Pts',(61.4068323272039,65.9015780775204,-7.80672413782337));
#3881=CARTESIAN_POINT('Ctrl Pts',(52.8136646544078,65.9919893603234,-8.5531127331681));
#3882=CARTESIAN_POINT('Ctrl Pts',(44.2204969816117,66.0807447987949,-9.29967797611142));
#3883=CARTESIAN_POINT('Ctrl Pts',(69.9999999999999,68.4339574633605,-6.77679033887091));
#3884=CARTESIAN_POINT('Ctrl Pts',(61.4068323272039,68.5098369084231,-7.52479235389821));
#3885=CARTESIAN_POINT('Ctrl Pts',(52.8136646544078,68.5847008990412,-8.27288489547972));
#3886=CARTESIAN_POINT('Ctrl Pts',(44.2204969816117,68.6605803441038,-9.02088691050702));
#3887=CARTESIAN_POINT('Ctrl Pts',(70.,70.6659116405675,-6.56785939893157));
#3888=CARTESIAN_POINT('Ctrl Pts',(61.4068323272039,70.7314284685846,-7.31681084433372));
#3889=CARTESIAN_POINT('Ctrl Pts',(52.8136646544078,70.7984096415147,-8.06563217209576));
#3890=CARTESIAN_POINT('Ctrl Pts',(44.2204969816117,70.8639264695318,-8.81458361749791));
#3891=CARTESIAN_POINT('Ctrl Pts',(70.,72.4287952623264,-6.41725617795312));
#3892=CARTESIAN_POINT('Ctrl Pts',(61.4068323272039,72.4932407825581,-7.16628388601503));
#3893=CARTESIAN_POINT('Ctrl Pts',(52.8136646544078,72.5558302168425,-7.91547609978244));
#3894=CARTESIAN_POINT('Ctrl Pts',(44.2204969816117,72.6202757370741,-8.66450380784436));
#3895=CARTESIAN_POINT('Ctrl Pts',(70.,74.210081725741,-6.26395264243032));
#3896=CARTESIAN_POINT('Ctrl Pts',(61.4068323272039,74.2733504364228,-7.01310980814999));
#3897=CARTESIAN_POINT('Ctrl Pts',(52.8136646544078,74.3430003425137,-7.76167894611713));
#3898=CARTESIAN_POINT('Ctrl Pts',(44.2204969816117,74.4062690531955,-8.5108361118368));
#3899=CARTESIAN_POINT('Ctrl Pts',(70.,76.8897321414049,-6.02163403225451));
#3900=CARTESIAN_POINT('Ctrl Pts',(61.4068323272039,76.9719697216967,-6.76904344370973));
#3901=CARTESIAN_POINT('Ctrl Pts',(52.8136646544078,77.0449149785045,-7.51730152034212));
#3902=CARTESIAN_POINT('Ctrl Pts',(44.2204969816117,77.1271525587963,-8.26471093179734));
#3903=CARTESIAN_POINT('Ctrl Pts',(70.,80.7912974214585,-5.59520695788928));
#3904=CARTESIAN_POINT('Ctrl Pts',(61.4068323272039,80.8555866769331,-6.34427432616261));
#3905=CARTESIAN_POINT('Ctrl Pts',(52.8136646544078,80.921867597778,-7.09316271665773));
#3906=CARTESIAN_POINT('Ctrl Pts',(44.2204969816117,80.9861568532526,-7.84223008493106));
#3907=CARTESIAN_POINT('Ctrl Pts',(70.,85.9060763429507,-5.24993449147721));
#3908=CARTESIAN_POINT('Ctrl Pts',(61.4068323272039,85.9481158333176,-6.0008209276617));
#3909=CARTESIAN_POINT('Ctrl Pts',(52.8136646544078,85.9917988131088,-6.75161884087036));
#3910=CARTESIAN_POINT('Ctrl Pts',(44.2204969816117,86.0338383034756,-7.50250527705486));
#3911=CARTESIAN_POINT('Ctrl Pts',(70.,89.6666037271077,-5.11762861077846));
#3912=CARTESIAN_POINT('Ctrl Pts',(61.4068323272039,89.6851891819202,-5.86919357391297));
#3913=CARTESIAN_POINT('Ctrl Pts',(52.8136646544078,89.7013636730657,-6.62091234923985));
#3914=CARTESIAN_POINT('Ctrl Pts',(44.2204969816117,89.7199491278781,-7.37247731237436));
#3915=CARTESIAN_POINT('Ctrl Pts',(70.,91.6838909731734,-5.0801561427636));
#3916=CARTESIAN_POINT('Ctrl Pts',(61.4068323272039,91.696307461272,-5.83187824461347));
#3917=CARTESIAN_POINT('Ctrl Pts',(52.8136646544078,91.7103860119161,-6.58350332287645));
#3918=CARTESIAN_POINT('Ctrl Pts',(44.2204969816117,91.7228025000148,-7.33522542472631));
#3919=CARTESIAN_POINT('Ctrl Pts',(70.,93.1614037396886,-5.05503408395856));
#3920=CARTESIAN_POINT('Ctrl Pts',(61.4068323272039,93.1745739283574,-5.80671343777271));
#3921=CARTESIAN_POINT('Ctrl Pts',(52.8136646544078,93.1868643700446,-6.55844653426801));
#3922=CARTESIAN_POINT('Ctrl Pts',(44.2204969816117,93.2000345587135,-7.31012588808217));
#3923=CARTESIAN_POINT('Ctrl Pts',(70.,94.6750906030802,-5.02555793861631));
#3924=CARTESIAN_POINT('Ctrl Pts',(61.4068323272039,94.6911870417273,-5.77719644678772));
#3925=CARTESIAN_POINT('Ctrl Pts',(52.8136646544078,94.7078196310983,-6.52880941083454));
#3926=CARTESIAN_POINT('Ctrl Pts',(44.2204969816117,94.7239160697454,-7.28044791900594));
#3927=CARTESIAN_POINT('Ctrl Pts',(70.,95.7205787717507,-5.00044315478801));
#3928=CARTESIAN_POINT('Ctrl Pts',(61.406832327204,95.7398240343325,-5.75200265326454));
#3929=CARTESIAN_POINT('Ctrl Pts',(52.8136646544078,95.7591582077011,-6.50356277894488));
#3930=CARTESIAN_POINT('Ctrl Pts',(44.2204969816117,95.7784034702829,-7.2551222774214));
#3931=CARTESIAN_POINT('Ctrl Pts',(70.,96.9520605145354,-4.9670973286757));
#3932=CARTESIAN_POINT('Ctrl Pts',(61.4068323272039,96.9741457096174,-5.71857740280796));
#3933=CARTESIAN_POINT('Ctrl Pts',(52.8136646544078,96.9961245811407,-6.47006043435857));
#3934=CARTESIAN_POINT('Ctrl Pts',(44.2204969816117,97.0182097762227,-7.22154050849083));
#3935=CARTESIAN_POINT('Ctrl Pts',(70.,98.4795439108252,-4.92339495582801));
#3936=CARTESIAN_POINT('Ctrl Pts',(61.4068323272039,98.4972135563878,-5.67500785114796));
#3937=CARTESIAN_POINT('Ctrl Pts',(52.8136646544078,98.5147332436603,-6.42662898814692));
#3938=CARTESIAN_POINT('Ctrl Pts',(44.2204969816117,98.5324028892229,-7.17824188346687));
#3939=CARTESIAN_POINT('Ctrl Pts',(70.,100.302191695556,-4.8924337739455));
#3940=CARTESIAN_POINT('Ctrl Pts',(61.4068323272039,100.311374851986,-5.64418759260949));
#3941=CARTESIAN_POINT('Ctrl Pts',(52.8136646544078,100.320409744885,-6.39595008576463));
#3942=CARTESIAN_POINT('Ctrl Pts',(44.2204969816117,100.329592901315,-7.14770390442862));
#3943=CARTESIAN_POINT('Ctrl Pts',(70.,102.1396393623,-4.87098404997514));
#3944=CARTESIAN_POINT('Ctrl Pts',(61.4068323272039,102.149117983096,-5.62273176156733));
#3945=CARTESIAN_POINT('Ctrl Pts',(52.8136646544078,102.158686798479,-6.37447986588984));
#3946=CARTESIAN_POINT('Ctrl Pts',(44.2204969816117,102.168165419275,-7.12622757748204));
#3947=CARTESIAN_POINT('Ctrl Pts',(70.,105.878148734412,-4.81541825389182));
#3948=CARTESIAN_POINT('Ctrl Pts',(61.4068323272039,105.893806089125,-5.56706302449457));
#3949=CARTESIAN_POINT('Ctrl Pts',(52.8136646544078,105.909081041113,-6.31871382694362));
#3950=CARTESIAN_POINT('Ctrl Pts',(44.2204969816117,105.924738395827,-7.07035859754637));
#3951=CARTESIAN_POINT('Ctrl Pts',(69.9999999999999,108.076176899081,-4.76365902981842));
#3952=CARTESIAN_POINT('Ctrl Pts',(61.4068323272038,108.089428591248,-5.51536477899314));
#3953=CARTESIAN_POINT('Ctrl Pts',(52.8136646544077,108.103753339374,-6.26713218436303));
#3954=CARTESIAN_POINT('Ctrl Pts',(44.2204969816116,108.117005031541,-7.01883793353775));
#3955=CARTESIAN_POINT('Ctrl Pts',(69.9999999999999,110.012587993093,-4.74972799047476));
#3956=CARTESIAN_POINT('Ctrl Pts',(61.4068323272038,110.017996529858,-5.50151329067147));
#3957=CARTESIAN_POINT('Ctrl Pts',(52.8136646544077,110.023405066624,-6.25329859086818));
#3958=CARTESIAN_POINT('Ctrl Pts',(44.2204969816116,110.028813603389,-7.00508389106489));
#3959=CARTESIAN_POINT('',(70.,62.,-7.50154811536384));
#3960=CARTESIAN_POINT('Ctrl Pts',(55.7420055135105,62.0000000000045,-8.75653101765643));
#3961=CARTESIAN_POINT('Ctrl Pts',(59.1919156531195,61.99999901179,-8.45287727621491));
#3962=CARTESIAN_POINT('Ctrl Pts',(62.6418254253075,62.0000070028237,-8.14921729677533));
#3963=CARTESIAN_POINT('Ctrl Pts',(66.0917348255839,62.000002083527,-7.84555387088673));
#3964=CARTESIAN_POINT('Ctrl Pts',(67.3944899368367,62.0000002259017,-7.73088445952619));
#3965=CARTESIAN_POINT('Ctrl Pts',(68.697244995056,61.9999959805565,-7.61621462599903));
#3966=CARTESIAN_POINT('Ctrl Pts',(70.,61.9999863005592,-7.5015447581166));
#3967=CARTESIAN_POINT('Ctrl Pts',(69.9999999999999,110.012587993093,-4.74972799047476));
#3968=CARTESIAN_POINT('Ctrl Pts',(69.9999999999999,108.076176899081,-4.76365902981842));
#3969=CARTESIAN_POINT('Ctrl Pts',(70.,106.317754367346,-4.80506640907714));
#3970=CARTESIAN_POINT('Ctrl Pts',(70.,103.972198195872,-4.84298297617332));
#3971=CARTESIAN_POINT('Ctrl Pts',(70.,103.385809153004,-4.85246211794736));
#3972=CARTESIAN_POINT('Ctrl Pts',(70.,102.762724257652,-4.86172308396125));
#3973=CARTESIAN_POINT('Ctrl Pts',(70.,102.144940532185,-4.86992852096325));
#3974=CARTESIAN_POINT('Ctrl Pts',(70.,101.527156806719,-4.87813395796526));
#3975=CARTESIAN_POINT('Ctrl Pts',(70.,100.914674251137,-4.88528386595538));
#3976=CARTESIAN_POINT('Ctrl Pts',(70.,100.304658342558,-4.89401901693086));
#3977=CARTESIAN_POINT('Ctrl Pts',(70.,99.6946424339792,-4.90275416790634));
#3978=CARTESIAN_POINT('Ctrl Pts',(70.,99.0870931724022,-4.91307456186717));
#3979=CARTESIAN_POINT('Ctrl Pts',(70.,98.4778218623557,-4.92697523341713));
#3980=CARTESIAN_POINT('Ctrl Pts',(70.,97.8685505523093,-4.94087590496709));
#3981=CARTESIAN_POINT('Ctrl Pts',(70.,97.2575571937934,-4.95835685410616));
#3982=CARTESIAN_POINT('Ctrl Pts',(70.,96.6433988266932,-4.97529911252329));
#3983=CARTESIAN_POINT('Ctrl Pts',(70.,96.336319643143,-4.98377024173186));
#3984=CARTESIAN_POINT('Ctrl Pts',(70.,96.0284492074469,-4.99210669825994));
#3985=CARTESIAN_POINT('Ctrl Pts',(70.,95.743827968515,-4.99941427450251));
#3986=CARTESIAN_POINT('Ctrl Pts',(70.,95.459206729583,-5.00672185074509));
#3987=CARTESIAN_POINT('Ctrl Pts',(70.,95.1978346874154,-5.01300054670216));
#3988=CARTESIAN_POINT('Ctrl Pts',(70.,94.9515063324755,-5.01858996997556));
#3989=CARTESIAN_POINT('Ctrl Pts',(70.,94.4588496225957,-5.02976881652235));
#3990=CARTESIAN_POINT('Ctrl Pts',(70.,94.0263676616267,-5.03819057233442));
#3991=CARTESIAN_POINT('Ctrl Pts',(70.,93.639545503213,-5.04547988012947));
#3992=CARTESIAN_POINT('Ctrl Pts',(70.,92.8659011863856,-5.06005849571957));
#3993=CARTESIAN_POINT('Ctrl Pts',(70.,92.2748960797795,-5.07010731924158));
#3994=CARTESIAN_POINT('Ctrl Pts',(70.,91.6431789854655,-5.0813771423384));
#3995=CARTESIAN_POINT('Ctrl Pts',(70.,91.0114618911515,-5.09264696543522));
#3996=CARTESIAN_POINT('Ctrl Pts',(70.,90.3390328091296,-5.10513778810684));
#3997=CARTESIAN_POINT('Ctrl Pts',(70.,89.6894409861056,-5.12240868950088));
#3998=CARTESIAN_POINT('Ctrl Pts',(70.,89.0398491630816,-5.13967959089492));
#3999=CARTESIAN_POINT('Ctrl Pts',(70.,88.4130945990554,-5.16173057101138));
#4000=CARTESIAN_POINT('Ctrl Pts',(70.,87.7980291940235,-5.18704407658037));
#4001=CARTESIAN_POINT('Ctrl Pts',(70.,85.337767573896,-5.28829809885633));
#4002=CARTESIAN_POINT('Ctrl Pts',(70.,83.0645324976772,-5.44175252837281));
#4003=CARTESIAN_POINT('Ctrl Pts',(70.,81.0609004528893,-5.61324131521221));
#4004=CARTESIAN_POINT('Ctrl Pts',(70.,79.0572684081013,-5.78473010205161));
#4005=CARTESIAN_POINT('Ctrl Pts',(70.,77.3232393947442,-5.97425324621393));
#4006=CARTESIAN_POINT('Ctrl Pts',(70.,75.5472867037187,-6.14139446714016));
#4007=CARTESIAN_POINT('Ctrl Pts',(70.,75.1032985309623,-6.18317977237172));
#4008=CARTESIAN_POINT('Ctrl Pts',(70.,74.6566901283517,-6.22356620740102));
#4009=CARTESIAN_POINT('Ctrl Pts',(70.,74.2107251191195,-6.26292236685602));
#4010=CARTESIAN_POINT('Ctrl Pts',(70.,73.7647601098874,-6.30227852631102));
#4011=CARTESIAN_POINT('Ctrl Pts',(70.,73.3194384940337,-6.34060441019172));
#4012=CARTESIAN_POINT('Ctrl Pts',(70.,72.8756504483181,-6.37870526786039));
#4013=CARTESIAN_POINT('Ctrl Pts',(70.,71.9880743568867,-6.45490698319773));
#4014=CARTESIAN_POINT('Ctrl Pts',(70.,71.1066325460072,-6.53020859368696));
#4015=CARTESIAN_POINT('Ctrl Pts',(70.,70.3168287918903,-6.601738228281));
#4016=CARTESIAN_POINT('Ctrl Pts',(70.,69.9219269148318,-6.63750304557802));
#4017=CARTESIAN_POINT('Ctrl Pts',(70.,69.549934551964,-6.67232486890124));
#4018=CARTESIAN_POINT('Ctrl Pts',(70.,69.1890298165534,-6.70729650376894));
#4019=CARTESIAN_POINT('Ctrl Pts',(70.,68.1063156103215,-6.81221140837205));
#4020=CARTESIAN_POINT('Ctrl Pts',(70.,67.1233900512047,-6.91847461687548));
#4021=CARTESIAN_POINT('Ctrl Pts',(70.,66.1329846407946,-7.03035515204128));
#4022=CARTESIAN_POINT('Ctrl Pts',(70.,64.8498468856821,-7.17530401563239));
#4023=CARTESIAN_POINT('Ctrl Pts',(70.,63.5541542229008,-7.32968154495848));
#4024=CARTESIAN_POINT('Ctrl Pts',(70.,61.9999863005592,-7.50154475811661));
#4025=CARTESIAN_POINT('Origin',(70.,32.1140020921465,-1.80332724365189));
#4026=CARTESIAN_POINT('',(70.,61.9999999999997,8.91446745759343));
#4027=CARTESIAN_POINT('',(70.,62.,3.74439176480432));
#4028=CARTESIAN_POINT('Ctrl Pts',(70.,62.0000141038825,8.91446311659145));
#4029=CARTESIAN_POINT('Ctrl Pts',(70.,63.3583244808588,8.70050889123131));
#4030=CARTESIAN_POINT('Ctrl Pts',(69.9999999999999,64.6613136128941,8.48873248844725));
#4031=CARTESIAN_POINT('Ctrl Pts',(69.9999999999999,65.8431215249139,8.29427778307431));
#4032=CARTESIAN_POINT('Ctrl Pts',(69.9999999999999,67.0810596658655,8.09058740833544));
#4033=CARTESIAN_POINT('Ctrl Pts',(69.9999999999999,68.186032168828,7.90590320094682));
#4034=CARTESIAN_POINT('Ctrl Pts',(69.9999999999999,69.1012055115048,7.74950594991079));
#4035=CARTESIAN_POINT('Ctrl Pts',(69.9999999999998,69.5587921828431,7.67130732439277));
#4036=CARTESIAN_POINT('Ctrl Pts',(69.9999999999998,69.96892906411,7.6001804379629));
#4037=CARTESIAN_POINT('Ctrl Pts',(69.9999999999998,70.3161017996589,7.53812126415727));
#4038=CARTESIAN_POINT('Ctrl Pts',(69.9999999999998,70.4896881674334,7.50709167725446));
#4039=CARTESIAN_POINT('Ctrl Pts',(69.9999999999998,70.6475334987783,7.47832901850771));
#4040=CARTESIAN_POINT('Ctrl Pts',(69.9999999999998,70.8168045659335,7.4471507836952));
#4041=CARTESIAN_POINT('Ctrl Pts',(69.9999999999998,70.9860756330886,7.4159725488827));
#4042=CARTESIAN_POINT('Ctrl Pts',(69.9999999999998,71.166772436054,7.38237873800444));
#4043=CARTESIAN_POINT('Ctrl Pts',(69.9999999999998,71.3545158153658,7.34721378197667));
#4044=CARTESIAN_POINT('Ctrl Pts',(69.9999999999998,72.1054893326132,7.20655395786559));
#4045=CARTESIAN_POINT('Ctrl Pts',(69.9999999999998,72.9692080714042,7.0407558113623));
#4046=CARTESIAN_POINT('Ctrl Pts',(69.9999999999999,73.8823142200835,6.86332065150224));
#4047=CARTESIAN_POINT('Ctrl Pts',(69.9999999999999,75.7085265174421,6.50845033178211));
#4048=CARTESIAN_POINT('Ctrl Pts',(69.9999999999999,77.7322884543538,6.10703195863486));
#4049=CARTESIAN_POINT('Ctrl Pts',(69.9999999999999,79.2732737368874,5.79420267556575));
#4050=CARTESIAN_POINT('Ctrl Pts',(69.9999999999999,80.814259019421,5.48137339249664));
#4051=CARTESIAN_POINT('Ctrl Pts',(69.9999999999999,81.8724676475765,5.25713319950568));
#4052=CARTESIAN_POINT('Ctrl Pts',(69.9999999999999,82.838183337196,5.0445304427037));
#4053=CARTESIAN_POINT('Ctrl Pts',(70.,83.8038990268156,4.83192768590173));
#4054=CARTESIAN_POINT('Ctrl Pts',(70.,84.6771217778992,4.63096236528874));
#4055=CARTESIAN_POINT('Ctrl Pts',(70.,85.9241187224976,4.35092159297068));
#4056=CARTESIAN_POINT('Ctrl Pts',(70.,86.5476171947968,4.21090120681166));
#4057=CARTESIAN_POINT('Ctrl Pts',(70.,87.2645592154747,4.05111195772637));
#4058=CARTESIAN_POINT('Ctrl Pts',(69.9999999999999,87.9602857436793,3.89670841306929));
#4059=CARTESIAN_POINT('Ctrl Pts',(69.9999999999999,88.6560122718839,3.74230486841221));
#4060=CARTESIAN_POINT('Ctrl Pts',(69.9999999999999,89.3305233076152,3.59328702818333));
#4061=CARTESIAN_POINT('Ctrl Pts',(69.9999999999999,90.0165651784483,3.4396812243476));
#4062=CARTESIAN_POINT('Ctrl Pts',(69.9999999999999,90.3595861138649,3.36287832242973));
#4063=CARTESIAN_POINT('Ctrl Pts',(69.9999999999999,90.7054897580569,3.28492842961014));
#4064=CARTESIAN_POINT('Ctrl Pts',(69.9999999999999,91.0613876908883,3.20394651396652));
#4065=CARTESIAN_POINT('Ctrl Pts',(69.9999999999999,91.4172856237197,3.1229645983229));
#4066=CARTESIAN_POINT('Ctrl Pts',(69.9999999999999,91.7831778451904,3.03895065985524));
#4067=CARTESIAN_POINT('Ctrl Pts',(69.9999999999999,92.1121476558864,2.96270715508462));
#4068=CARTESIAN_POINT('Ctrl Pts',(69.9999999999999,92.4411174665824,2.886463650314));
#4069=CARTESIAN_POINT('Ctrl Pts',(69.9999999999999,92.7331648665037,2.81799057924043));
#4070=CARTESIAN_POINT('Ctrl Pts',(69.9999999999999,93.0011040855205,2.75509469644613));
#4071=CARTESIAN_POINT('Ctrl Pts',(69.9999999999999,93.1350736950289,2.72364675504897));
#4072=CARTESIAN_POINT('Ctrl Pts',(69.9999999999999,93.2630162593112,2.69359311072164));
#4073=CARTESIAN_POINT('Ctrl Pts',(69.9999999999999,93.3878746765806,2.66430810297194));
#4074=CARTESIAN_POINT('Ctrl Pts',(69.9999999999999,93.5127330938499,2.63502309522223));
#4075=CARTESIAN_POINT('Ctrl Pts',(69.9999999999999,93.6345073641063,2.60650672405016));
#4076=CARTESIAN_POINT('Ctrl Pts',(69.9999999999999,93.754548160486,2.57847397546344));
#4077=CARTESIAN_POINT('Ctrl Pts',(69.9999999999999,93.9946297532455,2.52240847829001));
#4078=CARTESIAN_POINT('Ctrl Pts',(69.9999999999999,94.2277774504986,2.46827747145798));
#4079=CARTESIAN_POINT('Ctrl Pts',(69.9999999999999,94.4752240887041,2.41209939067272));
#4080=CARTESIAN_POINT('Ctrl Pts',(69.9999999999999,94.7226707269095,2.35592130988746));
#4081=CARTESIAN_POINT('Ctrl Pts',(69.9999999999999,94.9844163060675,2.29769615514897));
#4082=CARTESIAN_POINT('Ctrl Pts',(69.9999999999999,95.2337101000043,2.24335708359769));
#4083=CARTESIAN_POINT('Ctrl Pts',(69.9999999999999,95.732297687878,2.13467894049514));
#4084=CARTESIAN_POINT('Ctrl Pts',(69.9999999999999,96.1810781348675,2.04154513014147));
#4085=CARTESIAN_POINT('Ctrl Pts',(69.9999999999999,96.6250582003891,1.94874933987299));
#4086=CARTESIAN_POINT('Ctrl Pts',(69.9999999999999,97.0690382659107,1.85595354960451));
#4087=CARTESIAN_POINT('Ctrl Pts',(69.9999999999999,97.5082179499645,1.76349577942122));
#4088=CARTESIAN_POINT('Ctrl Pts',(69.9999999999998,97.9727519056955,1.6601248634777));
#4089=CARTESIAN_POINT('Ctrl Pts',(69.9999999999998,98.2050188835611,1.60843940550595));
#4090=CARTESIAN_POINT('Ctrl Pts',(69.9999999999998,98.4436244293459,1.55402566109413));
#4091=CARTESIAN_POINT('Ctrl Pts',(69.9999999999998,98.6613060859915,1.50285800545569));
#4092=CARTESIAN_POINT('Ctrl Pts',(69.9999999999998,98.8789877426371,1.45169034981725));
#4093=CARTESIAN_POINT('Ctrl Pts',(69.9999999999998,99.0757455101434,1.40376878295218));
#4094=CARTESIAN_POINT('Ctrl Pts',(69.9999999999998,99.2608078642066,1.35786610049456));
#4095=CARTESIAN_POINT('Ctrl Pts',(69.9999999999998,99.630932572333,1.26606073557931));
#4096=CARTESIAN_POINT('Ctrl Pts',(69.9999999999997,99.9542756266872,1.18233090829385));
#4097=CARTESIAN_POINT('Ctrl Pts',(69.9999999999997,100.255885993422,1.10414806908341));
#4098=CARTESIAN_POINT('Ctrl Pts',(69.9999999999997,100.557496360156,1.02596522987296));
#4099=CARTESIAN_POINT('Ctrl Pts',(69.9999999999996,100.837374039271,0.953329378737544));
#4100=CARTESIAN_POINT('Ctrl Pts',(69.9999999999996,101.153219576781,0.877021449633496));
#4101=CARTESIAN_POINT('Ctrl Pts',(69.9999999999995,101.46906511429,0.800713520529448));
#4102=CARTESIAN_POINT('Ctrl Pts',(69.9999999999994,101.820878510194,0.720733513456772));
#4103=CARTESIAN_POINT('Ctrl Pts',(69.9999999999994,102.193813208479,0.642639236096425));
#4104=CARTESIAN_POINT('Ctrl Pts',(69.9999999999994,102.240430045765,0.632877451426382));
#4105=CARTESIAN_POINT('Ctrl Pts',(69.9999999999994,102.2873769034,0.623145131283094));
#4106=CARTESIAN_POINT('Ctrl Pts',(69.9999999999994,102.334047729507,0.613519857639811));
#4107=CARTESIAN_POINT('Ctrl Pts',(69.9999999999994,102.380718555613,0.603894583996528));
#4108=CARTESIAN_POINT('Ctrl Pts',(69.9999999999994,102.427113350191,0.594376356853251));
#4109=CARTESIAN_POINT('Ctrl Pts',(69.9999999999994,102.473755277085,0.584857647754362));
#4110=CARTESIAN_POINT('Ctrl Pts',(69.9999999999994,102.567039130872,0.565820229556585));
#4111=CARTESIAN_POINT('Ctrl Pts',(69.9999999999994,102.661311513919,0.546780883536362));
#4112=CARTESIAN_POINT('Ctrl Pts',(69.9999999999994,102.756360541625,0.527673657123807));
#4113=CARTESIAN_POINT('Ctrl Pts',(69.9999999999994,102.851409569331,0.508566430711251));
#4114=CARTESIAN_POINT('Ctrl Pts',(69.9999999999994,102.947235241694,0.489391323906362));
#4115=CARTESIAN_POINT('Ctrl Pts',(69.9999999999994,103.045278956053,0.46971386115431));
#4116=CARTESIAN_POINT('Ctrl Pts',(69.9999999999994,103.094300813232,0.459875129778285));
#4117=CARTESIAN_POINT('Ctrl Pts',(69.9999999999994,103.14387718091,0.449910809415469));
#4118=CARTESIAN_POINT('Ctrl Pts',(69.9999999999994,103.193517455352,0.43993364492391));
#4119=CARTESIAN_POINT('Ctrl Pts',(69.9999999999994,103.243157729793,0.42995648043235));
#4120=CARTESIAN_POINT('Ctrl Pts',(69.9999999999994,103.292861910999,0.419966471812048));
#4121=CARTESIAN_POINT('Ctrl Pts',(69.9999999999994,103.343776586351,0.409660534232381));
#4122=CARTESIAN_POINT('Ctrl Pts',(69.9999999999995,103.751093989173,0.327213033595047));
#4123=CARTESIAN_POINT('Ctrl Pts',(69.9999999999995,104.235883017422,0.224546079558392));
#4124=CARTESIAN_POINT('Ctrl Pts',(69.9999999999996,104.660811817728,0.128543594641431));
#4125=CARTESIAN_POINT('Ctrl Pts',(69.9999999999996,104.873276217882,0.0805423521829499));
#4126=CARTESIAN_POINT('Ctrl Pts',(69.9999999999996,105.070775561049,0.0342072270043922));
#4127=CARTESIAN_POINT('Ctrl Pts',(69.9999999999997,105.264886249876,-0.0114388510452432));
#4128=CARTESIAN_POINT('Ctrl Pts',(69.9999999999997,105.36194159429,-0.0342618900700609));
#4129=CARTESIAN_POINT('Ctrl Pts',(69.9999999999997,105.458149775118,-0.056912667312648));
#4130=CARTESIAN_POINT('Ctrl Pts',(69.9999999999997,105.554015409513,-0.079563751478029));
#4131=CARTESIAN_POINT('Ctrl Pts',(69.9999999999997,105.60194822671,-0.0908892935607196));
#4132=CARTESIAN_POINT('Ctrl Pts',(69.9999999999997,105.649795407299,-0.102214912374109));
#4133=CARTESIAN_POINT('Ctrl Pts',(69.9999999999997,105.698066082353,-0.113615652015119));
#4134=CARTESIAN_POINT('Ctrl Pts',(69.9999999999997,105.746336757407,-0.125016391656129));
#4135=CARTESIAN_POINT('Ctrl Pts',(69.9999999999997,105.795030926926,-0.136492252124761));
#4136=CARTESIAN_POINT('Ctrl Pts',(69.9999999999997,105.843460894227,-0.14789972574723));
#4137=CARTESIAN_POINT('Ctrl Pts',(69.9999999999997,106.037180763434,-0.193529620237106));
#4138=CARTESIAN_POINT('Ctrl Pts',(69.9999999999998,106.226673397164,-0.238065325188375));
#4139=CARTESIAN_POINT('Ctrl Pts',(69.9999999999998,106.439568928036,-0.286564598317994));
#4140=CARTESIAN_POINT('Ctrl Pts',(69.9999999999998,106.652464458909,-0.335063871447613));
#4141=CARTESIAN_POINT('Ctrl Pts',(69.9999999999998,106.888762886924,-0.387526712755581));
#4142=CARTESIAN_POINT('Ctrl Pts',(69.9999999999999,107.119530520579,-0.437280086101608));
#4143=CARTESIAN_POINT('Ctrl Pts',(69.9999999999999,107.581065787889,-0.536786832793662));
#4144=CARTESIAN_POINT('Ctrl Pts',(69.9999999999999,108.020477877755,-0.625455707637951));
#4145=CARTESIAN_POINT('Ctrl Pts',(69.9999999999999,108.421887985318,-0.710980775436018));
#4146=CARTESIAN_POINT('Ctrl Pts',(69.9999999999999,108.522240512208,-0.732362042385535));
#4147=CARTESIAN_POINT('Ctrl Pts',(69.9999999999999,108.620217915205,-0.753546821394663));
#4148=CARTESIAN_POINT('Ctrl Pts',(69.9999999999999,108.717753525999,-0.775160986897018));
#4149=CARTESIAN_POINT('Ctrl Pts',(69.9999999999999,108.815289136793,-0.796775152399372));
#4150=CARTESIAN_POINT('Ctrl Pts',(69.9999999999999,108.912382955384,-0.818818704394953));
#4151=CARTESIAN_POINT('Ctrl Pts',(69.9999999999999,109.007589953525,-0.841056645278319));
#4152=CARTESIAN_POINT('Ctrl Pts',(69.9999999999999,109.198003949807,-0.88553252704505));
#4153=CARTESIAN_POINT('Ctrl Pts',(69.9999999999999,109.380870664287,-0.930785964362917));
#4154=CARTESIAN_POINT('Ctrl Pts',(69.9999999999999,109.57201208365,-0.983607902161807));
#4155=CARTESIAN_POINT('Ctrl Pts',(69.9999999999999,109.763153503012,-1.0364298399607));
#4156=CARTESIAN_POINT('Ctrl Pts',(69.9999999999999,109.962569627256,-1.09682027824061));
#4157=CARTESIAN_POINT('Ctrl Pts',(69.9999999999999,110.170739888053,-1.17119669648813));
#4158=CARTESIAN_POINT('Ctrl Pts',(69.9999999999999,110.378910148851,-1.24557311473566));
#4159=CARTESIAN_POINT('Ctrl Pts',(69.9999999999999,110.595834546203,-1.3339355129508));
#4160=CARTESIAN_POINT('Ctrl Pts',(69.9999999999999,110.827427528212,-1.45822498924827));
#4161=CARTESIAN_POINT('Ctrl Pts',(69.9999999999999,110.827427528212,-1.45822498924827));
#4162=CARTESIAN_POINT('Ctrl Pts',(61.0835194464732,111.196314601449,-0.770864644184206));
#4163=CARTESIAN_POINT('Ctrl Pts',(52.1670388929464,111.565201674687,-0.0835042991201408));
#4164=CARTESIAN_POINT('Ctrl Pts',(43.2505583394196,111.934088747924,0.603856045943925));
#4165=CARTESIAN_POINT('Ctrl Pts',(69.9999999999999,110.595834546203,-1.3339355129508));
#4166=CARTESIAN_POINT('Ctrl Pts',(61.0835194464732,110.917103642205,-0.62149378831395));
#4167=CARTESIAN_POINT('Ctrl Pts',(52.1670388929464,111.237230666866,0.0929824251879477));
#4168=CARTESIAN_POINT('Ctrl Pts',(43.2505583394196,111.558499762869,0.805424149824794));
#4169=CARTESIAN_POINT('Ctrl Pts',(69.9999999999999,110.161985751499,-1.15721071652052));
#4170=CARTESIAN_POINT('Ctrl Pts',(61.0835194464732,110.417585129935,-0.419026031168257));
#4171=CARTESIAN_POINT('Ctrl Pts',(52.1670388929464,110.673541040587,0.318773656514524));
#4172=CARTESIAN_POINT('Ctrl Pts',(43.2505583394196,110.929140419023,1.05695834186679));
#4173=CARTESIAN_POINT('Ctrl Pts',(69.9999999999999,109.563737378768,-0.976039401680785));
#4174=CARTESIAN_POINT('Ctrl Pts',(61.0835194464732,109.767441713497,-0.222725333669251));
#4175=CARTESIAN_POINT('Ctrl Pts',(52.1670388929464,109.970704739071,0.531465055196422));
#4176=CARTESIAN_POINT('Ctrl Pts',(43.2505583394196,110.174409073799,1.28477912320796));
#4177=CARTESIAN_POINT('Ctrl Pts',(69.9999999999999,109.106570592566,-0.862905808386116));
#4178=CARTESIAN_POINT('Ctrl Pts',(61.0835194464732,109.286843671713,-0.103883221330727));
#4179=CARTESIAN_POINT('Ctrl Pts',(52.1670388929464,109.467101083149,0.655308022122954));
#4180=CARTESIAN_POINT('Ctrl Pts',(43.2505583394196,109.647374162296,1.41433060917834));
#4181=CARTESIAN_POINT('Ctrl Pts',(69.9999999999999,108.718195318202,-0.774731600403791));
#4182=CARTESIAN_POINT('Ctrl Pts',(61.0835194464732,108.886346298452,-0.0129551911532133));
#4183=CARTESIAN_POINT('Ctrl Pts',(52.1670388929464,109.054336771821,0.749085746943903));
#4184=CARTESIAN_POINT('Ctrl Pts',(43.2505583394196,109.222487752072,1.51086215619448));
#4185=CARTESIAN_POINT('Ctrl Pts',(69.9999999999999,108.130330900221,-0.647622926349023));
#4186=CARTESIAN_POINT('Ctrl Pts',(61.0835194464732,108.28642255777,0.116698521865669));
#4187=CARTESIAN_POINT('Ctrl Pts',(52.1670388929464,108.442826223609,0.881154290496977));
#4188=CARTESIAN_POINT('Ctrl Pts',(43.2505583394196,108.598917881157,1.64547573871167));
#4189=CARTESIAN_POINT('Ctrl Pts',(69.9999999999998,107.361359742956,-0.492452395371517));
#4190=CARTESIAN_POINT('Ctrl Pts',(61.083519446473,107.520892606545,0.271187280725285));
#4191=CARTESIAN_POINT('Ctrl Pts',(52.1670388929463,107.680901138175,1.03483793323866));
#4192=CARTESIAN_POINT('Ctrl Pts',(43.2505583394195,107.840434001764,1.79847760933547));
#4193=CARTESIAN_POINT('Ctrl Pts',(69.9999999999998,106.416166030893,-0.282601030139645));
#4194=CARTESIAN_POINT('Ctrl Pts',(61.0835194464731,106.590826808963,0.477724183159826));
#4195=CARTESIAN_POINT('Ctrl Pts',(52.1670388929463,106.765453390375,1.23812494189456));
#4196=CARTESIAN_POINT('Ctrl Pts',(43.2505583394195,106.940114168444,1.99845015519403));
#4197=CARTESIAN_POINT('Ctrl Pts',(69.9999999999997,105.989807605001,-0.182395693999288));
#4198=CARTESIAN_POINT('Ctrl Pts',(61.083519446473,106.16808619402,0.577037630949357));
#4199=CARTESIAN_POINT('Ctrl Pts',(52.1670388929462,106.346946308351,1.33640647755211));
#4200=CARTESIAN_POINT('Ctrl Pts',(43.2505583394195,106.525224897369,2.09583980250075));
#4201=CARTESIAN_POINT('Ctrl Pts',(69.9999999999997,105.697642587888,-0.113540531187498));
#4202=CARTESIAN_POINT('Ctrl Pts',(61.0835194464729,105.877109544133,0.645628675621977));
#4203=CARTESIAN_POINT('Ctrl Pts',(52.1670388929462,106.056558912203,1.40483406002914));
#4204=CARTESIAN_POINT('Ctrl Pts',(43.2505583394194,106.236025868447,2.16400326683862));
#4205=CARTESIAN_POINT('Ctrl Pts',(69.9999999999997,105.506253865532,-0.0682380559339417));
#4206=CARTESIAN_POINT('Ctrl Pts',(61.0835194464729,105.685710733432,0.690932621238757));
#4207=CARTESIAN_POINT('Ctrl Pts',(52.1670388929462,105.865496581707,1.45005932211853));
#4208=CARTESIAN_POINT('Ctrl Pts',(43.2505583394194,106.044953449607,2.20922999929123));
#4209=CARTESIAN_POINT('Ctrl Pts',(69.9999999999997,105.169525232633,0.0110396644151133));
#4210=CARTESIAN_POINT('Ctrl Pts',(61.0835194464729,105.348048388561,0.770419368304616));
#4211=CARTESIAN_POINT('Ctrl Pts',(52.1670388929462,105.526641567242,1.52982821084111));
#4212=CARTESIAN_POINT('Ctrl Pts',(43.2505583394194,105.70516472317,2.28920791473061));
#4213=CARTESIAN_POINT('Ctrl Pts',(69.9999999999996,104.478277531546,0.173212602540065));
#4214=CARTESIAN_POINT('Ctrl Pts',(61.0835194464728,104.649202183074,0.934414126514436));
#4215=CARTESIAN_POINT('Ctrl Pts',(52.1670388929461,104.820530975838,1.69553920531596));
#4216=CARTESIAN_POINT('Ctrl Pts',(43.2505583394194,104.991455627366,2.45674072929033));
#4217=CARTESIAN_POINT('Ctrl Pts',(69.9999999999994,103.690495360642,0.340046402849628));
#4218=CARTESIAN_POINT('Ctrl Pts',(61.0835194464726,103.846754347171,1.10436208935756));
#4219=CARTESIAN_POINT('Ctrl Pts',(52.1670388929461,104.003775888357,1.86848564884868));
#4220=CARTESIAN_POINT('Ctrl Pts',(43.2505583394193,104.160034874886,2.63280133535662));
#4221=CARTESIAN_POINT('Ctrl Pts',(69.9999999999994,103.193453548588,0.439946489052652));
#4222=CARTESIAN_POINT('Ctrl Pts',(61.0835194464726,103.34736026156,1.20469859659832));
#4223=CARTESIAN_POINT('Ctrl Pts',(52.1670388929461,103.500840168745,1.96957655738564));
#4224=CARTESIAN_POINT('Ctrl Pts',(43.2505583394193,103.654746881718,2.73432866493131));
#4225=CARTESIAN_POINT('Ctrl Pts',(69.9999999999994,102.995148077876,0.479803770503917));
#4226=CARTESIAN_POINT('Ctrl Pts',(61.0835194464726,103.148293512361,1.24472046604568));
#4227=CARTESIAN_POINT('Ctrl Pts',(52.1670388929461,103.301354887524,2.00966351189007));
#4228=CARTESIAN_POINT('Ctrl Pts',(43.2505583394193,103.454500322009,2.77458020743183));
#4229=CARTESIAN_POINT('Ctrl Pts',(69.9999999999994,102.755583896967,0.52774153751614));
#4230=CARTESIAN_POINT('Ctrl Pts',(61.0835194464726,102.909117738657,1.29256760029878));
#4231=CARTESIAN_POINT('Ctrl Pts',(52.1670388929461,103.062429939972,2.0574795933323));
#4232=CARTESIAN_POINT('Ctrl Pts',(43.2505583394193,103.215963781662,2.82230565611494));
#4233=CARTESIAN_POINT('Ctrl Pts',(69.9999999999994,102.519902939348,0.575339902566696));
#4234=CARTESIAN_POINT('Ctrl Pts',(61.0835194464726,102.675235411017,1.3398183191725));
#4235=CARTESIAN_POINT('Ctrl Pts',(52.167038892946,102.830316436187,2.10435072387936));
#4236=CARTESIAN_POINT('Ctrl Pts',(43.2505583394193,102.985648907857,2.86882914048516));
#4237=CARTESIAN_POINT('Ctrl Pts',(69.9999999999994,102.334323761035,0.613412811139806));
#4238=CARTESIAN_POINT('Ctrl Pts',(61.0835194464726,102.491868918389,1.37742155135272));
#4239=CARTESIAN_POINT('Ctrl Pts',(52.167038892946,102.649386393175,2.14147995246961));
#4240=CARTESIAN_POINT('Ctrl Pts',(43.2505583394193,102.806931550529,2.90548869268253));
#4241=CARTESIAN_POINT('Ctrl Pts',(69.9999999999994,101.864855184682,0.710736012572687));
#4242=CARTESIAN_POINT('Ctrl Pts',(61.0835194464726,102.029905032546,1.47324578012109));
#4243=CARTESIAN_POINT('Ctrl Pts',(52.1670388929461,102.194095275612,2.23584985621365));
#4244=CARTESIAN_POINT('Ctrl Pts',(43.2505583394193,102.359145123476,2.99835962376206));
#4245=CARTESIAN_POINT('Ctrl Pts',(69.9999999999996,101.117251718386,0.880693527602123));
#4246=CARTESIAN_POINT('Ctrl Pts',(61.0835194464728,101.304544362885,1.63809861606294));
#4247=CARTESIAN_POINT('Ctrl Pts',(52.1670388929462,101.491965399816,2.39548598614745));
#4248=CARTESIAN_POINT('Ctrl Pts',(43.2505583394194,101.679258044316,3.15289107460826));
#4249=CARTESIAN_POINT('Ctrl Pts',(69.9999999999997,100.277618681041,1.09860108100838));
#4250=CARTESIAN_POINT('Ctrl Pts',(61.083519446473,100.476465432083,1.85288787363909));
#4251=CARTESIAN_POINT('Ctrl Pts',(52.1670388929463,100.674863083131,2.60727788054232));
#4252=CARTESIAN_POINT('Ctrl Pts',(43.2505583394195,100.873709834173,3.36156467317302));
#4253=CARTESIAN_POINT('Ctrl Pts',(69.9999999999998,99.469261045156,1.30792564922204));
#4254=CARTESIAN_POINT('Ctrl Pts',(61.083519446473,99.6608280643053,2.06417721212685));
#4255=CARTESIAN_POINT('Ctrl Pts',(52.1670388929463,99.8522940110203,2.82044541336964));
#4256=CARTESIAN_POINT('Ctrl Pts',(43.2505583394195,100.04386103017,3.57669697627445));
#4257=CARTESIAN_POINT('Ctrl Pts',(69.9999999999998,98.6822299751308,1.49961191668232));
#4258=CARTESIAN_POINT('Ctrl Pts',(61.083519446473,98.860962297457,2.25897524495376));
#4259=CARTESIAN_POINT('Ctrl Pts',(52.1670388929463,99.03981983387,3.01832048307628));
#4260=CARTESIAN_POINT('Ctrl Pts',(43.2505583394196,99.2185521561963,3.77768381134772));
#4261=CARTESIAN_POINT('Ctrl Pts',(69.9999999999998,97.7278077919914,1.71726689432957));
#4262=CARTESIAN_POINT('Ctrl Pts',(61.0835194464731,97.8931905460463,2.47966865883483));
#4263=CARTESIAN_POINT('Ctrl Pts',(52.1670388929463,98.0583796935928,3.24212304938789));
#4264=CARTESIAN_POINT('Ctrl Pts',(43.2505583394196,98.2237624476478,4.00452481389315));
#4265=CARTESIAN_POINT('Ctrl Pts',(69.9999999999999,96.629858581857,1.94841131978779));
#4266=CARTESIAN_POINT('Ctrl Pts',(61.0835194464731,96.7869069754778,2.71251669928022));
#4267=CARTESIAN_POINT('Ctrl Pts',(52.1670388929464,96.9441164127388,3.47658271010632));
#4268=CARTESIAN_POINT('Ctrl Pts',(43.2505583394196,97.1011648063595,4.24068808959875));
#4269=CARTESIAN_POINT('Ctrl Pts',(69.9999999999999,95.5079074643833,2.18124584567198));
#4270=CARTESIAN_POINT('Ctrl Pts',(61.0835194464731,95.6703518342161,2.94426268092781));
#4271=CARTESIAN_POINT('Ctrl Pts',(52.1670388929464,95.832960730621,3.70725228826322));
#4272=CARTESIAN_POINT('Ctrl Pts',(43.2505583394196,95.9954051004538,4.47026912351904));
#4273=CARTESIAN_POINT('Ctrl Pts',(69.9999999999999,94.4609251477516,2.41414646462596));
#4274=CARTESIAN_POINT('Ctrl Pts',(61.0835194464731,94.6345437548211,3.1746884397134));
#4275=CARTESIAN_POINT('Ctrl Pts',(52.1670388929464,94.8080001864338,3.93525886074943));
#4276=CARTESIAN_POINT('Ctrl Pts',(43.2505583394196,94.9816187935034,4.69580083583688));
#4277=CARTESIAN_POINT('Ctrl Pts',(69.9999999999999,93.878055904619,2.54947398170602));
#4278=CARTESIAN_POINT('Ctrl Pts',(61.0835194464731,94.0551653540729,3.30918996492474));
#4279=CARTESIAN_POINT('Ctrl Pts',(52.1670388929464,94.2323553587726,4.06888915359154));
#4280=CARTESIAN_POINT('Ctrl Pts',(43.2505583394196,94.4094648082264,4.82860513681026));
#4281=CARTESIAN_POINT('Ctrl Pts',(69.9999999999999,93.3909588235935,2.6635394663943));
#4282=CARTESIAN_POINT('Ctrl Pts',(61.0835194464731,93.5693689513577,3.42295690359992));
#4283=CARTESIAN_POINT('Ctrl Pts',(52.1670388929464,93.7475154017892,4.18242752913967));
#4284=CARTESIAN_POINT('Ctrl Pts',(43.2505583394196,93.9259255295534,4.94184496634529));
#4285=CARTESIAN_POINT('Ctrl Pts',(69.9999999999999,92.8791885664643,2.78375404370364));
#4286=CARTESIAN_POINT('Ctrl Pts',(61.0835194464731,93.0574446639989,3.54320378377774));
#4287=CARTESIAN_POINT('Ctrl Pts',(52.1670388929464,93.2359037183467,4.30260538734018));
#4288=CARTESIAN_POINT('Ctrl Pts',(43.2505583394196,93.4141598158813,5.06205512741427));
#4289=CARTESIAN_POINT('Ctrl Pts',(69.9999999999999,92.1490700666611,2.95493672138758));
#4290=CARTESIAN_POINT('Ctrl Pts',(61.0835194464731,92.3257272125617,3.71476530490086));
#4291=CARTESIAN_POINT('Ctrl Pts',(52.1670388929464,92.5017231264219,4.47474382342399));
#4292=CARTESIAN_POINT('Ctrl Pts',(43.2505583394196,92.6783802723225,5.23457240693728));
#4293=CARTESIAN_POINT('Ctrl Pts',(69.9999999999999,91.0513934022489,3.20697853679056));
#4294=CARTESIAN_POINT('Ctrl Pts',(61.0835194464731,91.2238355129545,3.96777512945624));
#4295=CARTESIAN_POINT('Ctrl Pts',(52.1670388929464,91.3968670905104,4.72843371487966));
#4296=CARTESIAN_POINT('Ctrl Pts',(43.2505583394196,91.569309201216,5.48923030754534));
#4297=CARTESIAN_POINT('Ctrl Pts',(69.9999999999999,89.6677788254809,3.5187781080689));
#4298=CARTESIAN_POINT('Ctrl Pts',(61.0835194464732,89.8380160685134,4.28006328434765));
#4299=CARTESIAN_POINT('Ctrl Pts',(52.1670388929464,90.0069985237577,5.04163797856862));
#4300=CARTESIAN_POINT('Ctrl Pts',(43.2505583394196,90.1772357667902,5.80292315484737));
#4301=CARTESIAN_POINT('Ctrl Pts',(70.,87.9815012361526,3.89132270864107));
#4302=CARTESIAN_POINT('Ctrl Pts',(61.0835194464732,88.1483706126744,4.65337079853918));
#4303=CARTESIAN_POINT('Ctrl Pts',(52.1670388929464,88.3164147548545,5.41514552436037));
#4304=CARTESIAN_POINT('Ctrl Pts',(43.2505583394196,88.4832841313764,6.17719361425848));
#4305=CARTESIAN_POINT('Ctrl Pts',(70.,85.113733153441,4.53047970498224));
#4306=CARTESIAN_POINT('Ctrl Pts',(61.0835194464732,85.2882891390381,5.29078862379041));
#4307=CARTESIAN_POINT('Ctrl Pts',(52.1670388929464,85.4611584070946,6.05148955454599));
#4308=CARTESIAN_POINT('Ctrl Pts',(43.2505583394196,85.6357143926918,6.81179847335415));
#4309=CARTESIAN_POINT('Ctrl Pts',(69.9999999999999,82.930676275732,5.03289300651472));
#4310=CARTESIAN_POINT('Ctrl Pts',(61.0835194464731,83.0994933596011,5.79453272843377));
#4311=CARTESIAN_POINT('Ctrl Pts',(52.1670388929465,83.2690956658764,6.55599014894153));
#4312=CARTESIAN_POINT('Ctrl Pts',(43.2505583394196,83.4379127497455,7.31762987086058));
#4313=CARTESIAN_POINT('Ctrl Pts',(69.9999999999999,79.7560503912655,5.7056135854876));
#4314=CARTESIAN_POINT('Ctrl Pts',(61.0835194464731,79.9092983962778,6.47055246860827));
#4315=CARTESIAN_POINT('Ctrl Pts',(52.1670388929463,80.0630911456917,7.23536753885953));
#4316=CARTESIAN_POINT('Ctrl Pts',(43.2505583394196,80.216339150704,8.0003064219802));
#4317=CARTESIAN_POINT('Ctrl Pts',(69.9999999999999,74.6966455489862,6.70915951835574));
#4318=CARTESIAN_POINT('Ctrl Pts',(61.0835194464731,74.8469342865613,7.47461386494476));
#4319=CARTESIAN_POINT('Ctrl Pts',(52.1670388929464,74.996868361363,8.24015941192981));
#4320=CARTESIAN_POINT('Ctrl Pts',(43.2505583394196,75.1471570989382,9.00561375851882));
#4321=CARTESIAN_POINT('Ctrl Pts',(69.9999999999998,71.8895596479155,7.24800349449141));
#4322=CARTESIAN_POINT('Ctrl Pts',(61.083519446473,72.0357325851213,8.01429467575507));
#4323=CARTESIAN_POINT('Ctrl Pts',(52.1670388929463,72.1830958130103,8.78032808124397));
#4324=CARTESIAN_POINT('Ctrl Pts',(43.2505583394196,72.3292687502161,9.54661926250764));
#4325=CARTESIAN_POINT('Ctrl Pts',(69.9999999999998,70.8053788301232,7.44956635976095));
#4326=CARTESIAN_POINT('Ctrl Pts',(61.083519446473,70.9468018220473,8.21673034648816));
#4327=CARTESIAN_POINT('Ctrl Pts',(52.1670388929463,71.0877894873419,8.9839813038609));
#4328=CARTESIAN_POINT('Ctrl Pts',(43.2505583394196,71.229212479266,9.75114529058811));
#4329=CARTESIAN_POINT('Ctrl Pts',(69.9999999999998,70.1739975047435,7.56461699474796));
#4330=CARTESIAN_POINT('Ctrl Pts',(61.083519446473,70.3098404768748,8.33280032813087));
#4331=CARTESIAN_POINT('Ctrl Pts',(52.1670388929463,70.4463728068422,9.10085097889735));
#4332=CARTESIAN_POINT('Ctrl Pts',(43.2505583394196,70.5822157789735,9.86903431228026));
#4333=CARTESIAN_POINT('Ctrl Pts',(69.9999999999999,68.7385184203094,7.81356109725251));
#4334=CARTESIAN_POINT('Ctrl Pts',(61.0835194464731,68.8667825326121,8.58304372772349));
#4335=CARTESIAN_POINT('Ctrl Pts',(52.1670388929464,68.9948045374469,9.3525739888269));
#4336=CARTESIAN_POINT('Ctrl Pts',(43.2505583394196,69.1230686497497,10.1220566192979));
#4337=CARTESIAN_POINT('Ctrl Pts',(69.9999999999999,65.9760871629029,8.27527161572406));
#4338=CARTESIAN_POINT('Ctrl Pts',(61.0835194464731,66.10439327874,9.04473431741345));
#4339=CARTESIAN_POINT('Ctrl Pts',(52.1670388929464,66.2322562706725,9.81426444336555));
#4340=CARTESIAN_POINT('Ctrl Pts',(43.2505583394196,66.3605623865097,10.5837271450549));
#4341=CARTESIAN_POINT('Ctrl Pts',(70.,63.2342796050218,8.72066469990227));
#4342=CARTESIAN_POINT('Ctrl Pts',(61.0835194464732,63.357247749084,9.49101329359321));
#4343=CARTESIAN_POINT('Ctrl Pts',(52.1670388929464,63.4818170261816,10.2610863619448));
#4344=CARTESIAN_POINT('Ctrl Pts',(43.2505583394197,63.6047851702438,11.0314349556357));
#4345=CARTESIAN_POINT('Ctrl Pts',(70.,61.8061070217738,8.94496164243409));
#4346=CARTESIAN_POINT('Ctrl Pts',(61.0835194464732,61.9271381019803,9.71560643375656));
#4347=CARTESIAN_POINT('Ctrl Pts',(52.1670388929464,62.0481691821867,10.486251225079));
#4348=CARTESIAN_POINT('Ctrl Pts',(43.2505583394197,62.1692002623931,11.2568960164015));
#4349=CARTESIAN_POINT('',(55.7157107213904,62.,10.1795421546546));
#4350=CARTESIAN_POINT('Ctrl Pts',(70.,62.,8.91446745759332));
#4351=CARTESIAN_POINT('Ctrl Pts',(65.238571494153,62.,9.33617317999022));
#4352=CARTESIAN_POINT('Ctrl Pts',(60.4771417394263,62.,9.75786479803017));
#4353=CARTESIAN_POINT('Ctrl Pts',(55.7157107213904,62.,10.1795421546546));
#4354=CARTESIAN_POINT('Ctrl Pts',(55.7157107213904,62.,10.1795421546546));
#4355=CARTESIAN_POINT('Ctrl Pts',(55.2388608218482,64.4562896197381,9.83600800663797));
#4356=CARTESIAN_POINT('Ctrl Pts',(54.4966882526555,68.161312196031,9.31320832855475));
#4357=CARTESIAN_POINT('Ctrl Pts',(53.457477514294,72.9731460875065,8.52294320056033));
#4358=CARTESIAN_POINT('Ctrl Pts',(52.5196818876196,77.2529727225472,7.75495534215713));
#4359=CARTESIAN_POINT('Ctrl Pts',(51.6824804762796,80.8924706810601,7.11478669649034));
#4360=CARTESIAN_POINT('Ctrl Pts',(50.5363568494148,85.657466538623,6.16432577661111));
#4361=CARTESIAN_POINT('Ctrl Pts',(49.6449710726488,89.3629627059013,5.41180001192894));
#4362=CARTESIAN_POINT('Ctrl Pts',(48.7217693214552,92.9208938996389,4.68969095107719));
#4363=CARTESIAN_POINT('Ctrl Pts',(48.2549699834547,94.7331332678428,4.29534472678983));
#4364=CARTESIAN_POINT('Ctrl Pts',(47.7796117211246,96.6357122936627,3.92960540356145));
#4365=CARTESIAN_POINT('Ctrl Pts',(47.2970773042685,98.4029997799566,3.60900637097061));
#4366=CARTESIAN_POINT('Ctrl Pts',(46.8919672118604,99.8113135483586,3.30958619763893));
#4367=CARTESIAN_POINT('Ctrl Pts',(46.6068986555545,100.834125617001,3.06812760939858));
#4368=CARTESIAN_POINT('Ctrl Pts',(46.4430160322821,101.463217060293,2.92209919931811));
#4369=CARTESIAN_POINT('Ctrl Pts',(46.1957368317768,102.478463552112,2.7001201775596));
#4370=CARTESIAN_POINT('Ctrl Pts',(45.8185599052325,103.882117843391,2.46763392433785));
#4371=CARTESIAN_POINT('Ctrl Pts',(45.4383905397963,105.121837660754,2.23035691349307));
#4372=CARTESIAN_POINT('Ctrl Pts',(45.1838390914496,106.004974145807,2.04477754890592));
#4373=CARTESIAN_POINT('Ctrl Pts',(45.0135925493883,106.608288229998,1.91709642924931));
#4374=CARTESIAN_POINT('Ctrl Pts',(44.7996666763252,107.407756909022,1.7531010245695));
#4375=CARTESIAN_POINT('Ctrl Pts',(44.5400449556174,108.349990241662,1.57957345302876));
#4376=CARTESIAN_POINT('Ctrl Pts',(44.0192239184162,110.077175352595,1.2697796315043));
#4377=CARTESIAN_POINT('Ctrl Pts',(43.5765791196818,111.19430300739,0.968507234153417));
#4378=CARTESIAN_POINT('Ctrl Pts',(43.2505583394198,111.934088747924,0.603856045943891));
#4379=CARTESIAN_POINT('Ctrl Pts',(53.0314623073604,61.8955595566606,13.1319372767122));
#4380=CARTESIAN_POINT('Ctrl Pts',(52.5573575087834,64.3538078852849,12.7858601248446));
#4381=CARTESIAN_POINT('Ctrl Pts',(51.8194494833249,68.0359134531851,12.2637997882386));
#4382=CARTESIAN_POINT('Ctrl Pts',(50.7861897833771,72.917493426207,11.4557099644908));
#4383=CARTESIAN_POINT('Ctrl Pts',(49.8537517046188,77.1722367956887,10.6872350165564));
#4384=CARTESIAN_POINT('Ctrl Pts',(49.0213181820568,80.8145725071971,10.0430818701948));
#4385=CARTESIAN_POINT('Ctrl Pts',(47.8817036667507,85.6430206055711,9.07240761263478));
#4386=CARTESIAN_POINT('Ctrl Pts',(46.9953629405339,89.2551847705705,8.33636156684962));
#4387=CARTESIAN_POINT('Ctrl Pts',(46.077365765791,92.8591041679832,7.59885201627797));
#4388=CARTESIAN_POINT('Ctrl Pts',(45.6131938718829,94.6550371975736,7.20635200111228));
#4389=CARTESIAN_POINT('Ctrl Pts',(45.1405069175355,96.4578500603125,6.85979779980375));
#4390=CARTESIAN_POINT('Ctrl Pts',(44.6606796376452,98.2619850903339,6.52952708596738));
#4391=CARTESIAN_POINT('Ctrl Pts',(44.2578384753306,99.7555708213989,6.2079742379375));
#4392=CARTESIAN_POINT('Ctrl Pts',(43.9743644740634,100.795833373379,5.95996992621814));
#4393=CARTESIAN_POINT('Ctrl Pts',(43.8113979474875,101.390819831339,5.82212277542893));
#4394=CARTESIAN_POINT('Ctrl Pts',(43.5655004284511,102.285549118043,5.62735002233573));
#4395=CARTESIAN_POINT('Ctrl Pts',(43.1904286880193,103.638737594346,5.40288391912347));
#4396=CARTESIAN_POINT('Ctrl Pts',(42.8123773913366,104.984348354469,5.14184541145957));
#4397=CARTESIAN_POINT('Ctrl Pts',(42.5592425323413,105.877926140596,4.9522506862206));
#4398=CARTESIAN_POINT('Ctrl Pts',(42.3899429840772,106.473583935068,4.82570602719249));
#4399=CARTESIAN_POINT('Ctrl Pts',(42.17720626159,107.218428856809,4.67317270245617));
#4400=CARTESIAN_POINT('Ctrl Pts',(41.9190263390773,108.116393546801,4.50770065771726));
#4401=CARTESIAN_POINT('Ctrl Pts',(41.4010950132956,109.906356644738,4.18279040183581));
#4402=CARTESIAN_POINT('Ctrl Pts',(40.9609001202018,111.402197532749,3.79266968966968));
#4403=CARTESIAN_POINT('Ctrl Pts',(40.6366805754888,112.491522856948,3.23718251841782));
#4404=CARTESIAN_POINT('Ctrl Pts',(53.0529107691093,61.7843486062457,12.3078587667222));
#4405=CARTESIAN_POINT('Ctrl Pts',(52.5801174013924,64.2388678956473,11.9633031286748));
#4406=CARTESIAN_POINT('Ctrl Pts',(51.842588808526,67.9223719513654,11.4413669888555));
#4407=CARTESIAN_POINT('Ctrl Pts',(50.8158774067256,72.7796435796759,10.6421556713919));
#4408=CARTESIAN_POINT('Ctrl Pts',(49.8843740143349,77.0358766752473,9.87446171212766));
#4409=CARTESIAN_POINT('Ctrl Pts',(49.0539677679338,80.6730827755878,9.23271363260972));
#4410=CARTESIAN_POINT('Ctrl Pts',(47.9212253031753,85.4798130754173,8.2717266717115));
#4411=CARTESIAN_POINT('Ctrl Pts',(47.031028375538,89.1116478052099,7.5290346660994));
#4412=CARTESIAN_POINT('Ctrl Pts',(46.1181929182018,92.6999880761996,6.79886611891104));
#4413=CARTESIAN_POINT('Ctrl Pts',(45.6540958340396,94.4980630227081,6.40596858016422));
#4414=CARTESIAN_POINT('Ctrl Pts',(45.1757580180349,96.3239379496132,6.05089103778704));
#4415=CARTESIAN_POINT('Ctrl Pts',(44.699451753939,98.1167834843333,5.72540686159899));
#4416=CARTESIAN_POINT('Ctrl Pts',(44.3033754118532,99.587615499978,5.41391090615842));
#4417=CARTESIAN_POINT('Ctrl Pts',(44.0217721462381,100.622549865994,5.16880393247854));
#4418=CARTESIAN_POINT('Ctrl Pts',(43.8568460827832,101.225308356787,5.02761219711271));
#4419=CARTESIAN_POINT('Ctrl Pts',(43.6031104785381,102.148938929554,4.8208518562981));
#4420=CARTESIAN_POINT('Ctrl Pts',(43.2252102978705,103.51322576616,4.5925477564898));
#4421=CARTESIAN_POINT('Ctrl Pts',(42.85545448982,104.831106234074,4.34295996283896));
#4422=CARTESIAN_POINT('Ctrl Pts',(42.6036238322855,105.72121551309,4.15524866135404));
#4423=CARTESIAN_POINT('Ctrl Pts',(42.4341493177355,106.318133194342,4.02831597585776));
#4424=CARTESIAN_POINT('Ctrl Pts',(42.217925461687,107.075645663809,3.87062207587331));
#4425=CARTESIAN_POINT('Ctrl Pts',(41.9569969799014,107.98362797877,3.70137161057182));
#4426=CARTESIAN_POINT('Ctrl Pts',(41.4447342995994,109.756045664409,3.38392523873737));
#4427=CARTESIAN_POINT('Ctrl Pts',(41.0321646052623,111.158319056429,3.03486164371781));
#4428=CARTESIAN_POINT('Ctrl Pts',(40.7329597544611,112.16804036011,2.54279319721851));
#4429=CARTESIAN_POINT('Ctrl Pts',(53.7207725958805,61.712934246986,10.8774247052217));
#4430=CARTESIAN_POINT('Ctrl Pts',(53.2480076017041,64.1638350002383,10.5354041729753));
#4431=CARTESIAN_POINT('Ctrl Pts',(52.509914566081,67.8538661295886,10.0138689591566));
#4432=CARTESIAN_POINT('Ctrl Pts',(51.4853700115273,72.6735113556025,9.22959526285477));
#4433=CARTESIAN_POINT('Ctrl Pts',(50.5531437413452,76.9371103254568,8.46327464043555));
#4434=CARTESIAN_POINT('Ctrl Pts',(49.7228604894488,80.5691281529219,7.82568928117704));
#4435=CARTESIAN_POINT('Ctrl Pts',(48.592257685265,85.3421688332863,6.88100304020971));
#4436=CARTESIAN_POINT('Ctrl Pts',(47.6988872176128,89.0131533465324,6.12721053773001));
#4437=CARTESIAN_POINT('Ctrl Pts',(46.7876068871672,92.5772046721953,5.40941766244707));
#4438=CARTESIAN_POINT('Ctrl Pts',(46.3229129099806,94.3810204084475,5.01583727018358));
#4439=CARTESIAN_POINT('Ctrl Pts',(45.8407933438769,96.2506735865337,4.64639132520834));
#4440=CARTESIAN_POINT('Ctrl Pts',(45.3658056838128,98.0249687470824,4.32899526036957));
#4441=CARTESIAN_POINT('Ctrl Pts',(44.9729421328594,99.4559091954834,4.03451071725775));
#4442=CARTESIAN_POINT('Ctrl Pts',(44.6919710391978,100.482180401435,3.79430826206015));
#4443=CARTESIAN_POINT('Ctrl Pts',(44.5257448271456,101.099720911999,3.64745579507026));
#4444=CARTESIAN_POINT('Ctrl Pts',(44.267377169725,102.076966141004,3.42048064065472));
#4445=CARTESIAN_POINT('Ctrl Pts',(43.8873660441706,103.462987397456,3.18570812221948));
#4446=CARTESIAN_POINT('Ctrl Pts',(43.5217967682825,104.731593682614,2.95550870507641));
#4447=CARTESIAN_POINT('Ctrl Pts',(43.2703341224596,105.616272698683,2.77098354319418));
#4448=CARTESIAN_POINT('Ctrl Pts',(43.1005404390212,106.216109522773,2.6434045099304));
#4449=CARTESIAN_POINT('Ctrl Pts',(42.8821446377221,106.997573543041,2.47704724064461));
#4450=CARTESIAN_POINT('Ctrl Pts',(42.6194382623367,107.924832190686,2.30153535592641));
#4451=CARTESIAN_POINT('Ctrl Pts',(42.1095852109836,109.667041683199,1.99663768952758));
#4452=CARTESIAN_POINT('Ctrl Pts',(41.7132834810437,110.89871671118,1.71844954043155));
#4453=CARTESIAN_POINT('Ctrl Pts',(41.4267056116674,111.761993838861,1.33493513001351));
#4454=CARTESIAN_POINT('Ctrl Pts',(55.1053364505244,61.8922170593318,10.2505250391795));
#4455=CARTESIAN_POINT('Ctrl Pts',(54.6297345104817,64.3461798351661,9.90790619006934));
#4456=CARTESIAN_POINT('Ctrl Pts',(53.888818528212,68.0468277967042,9.38557511609884));
#4457=CARTESIAN_POINT('Ctrl Pts',(52.8541257751827,72.8567218846298,8.59959473202281));
#4458=CARTESIAN_POINT('Ctrl Pts',(51.9180292219945,77.131807157341,7.83239965084007));
#4459=CARTESIAN_POINT('Ctrl Pts',(51.0829570626515,80.7680624362473,7.19373063636896));
#4460=CARTESIAN_POINT('Ctrl Pts',(49.941612931363,85.5316687807332,6.24767942372402));
#4461=CARTESIAN_POINT('Ctrl Pts',(49.04958503753,89.2299710711319,5.49311347642226));
#4462=CARTESIAN_POINT('Ctrl Pts',(48.1300563165359,92.7870023630115,4.77432540852666));
#4463=CARTESIAN_POINT('Ctrl Pts',(47.6638932750203,94.5969958973052,4.38017061752327));
#4464=CARTESIAN_POINT('Ctrl Pts',(47.1864079674509,96.4935283426917,4.01106090169118));
#4465=CARTESIAN_POINT('Ctrl Pts',(46.7062062951064,98.2609396774109,3.69276579914076));
#4466=CARTESIAN_POINT('Ctrl Pts',(46.3048986005162,99.6721818990468,3.39753104508894));
#4467=CARTESIAN_POINT('Ctrl Pts',(46.0210952189883,100.695122532653,3.15721997159088));
#4468=CARTESIAN_POINT('Ctrl Pts',(45.8564747820837,101.322009345235,3.01010035464337));
#4469=CARTESIAN_POINT('Ctrl Pts',(45.6057305783477,102.330663792018,2.78345181709441));
#4470=CARTESIAN_POINT('Ctrl Pts',(45.2276525197022,103.730878744286,2.54922069190477));
#4471=CARTESIAN_POINT('Ctrl Pts',(44.8520255807625,104.974518010898,2.31723938644467));
#4472=CARTESIAN_POINT('Ctrl Pts',(44.5984261811927,105.85751176812,2.13249366403265));
#4473=CARTESIAN_POINT('Ctrl Pts',(44.4283140914631,106.459972078735,2.00475785796815));
#4474=CARTESIAN_POINT('Ctrl Pts',(44.2129884972378,107.256147567742,1.83866771656971));
#4475=CARTESIAN_POINT('Ctrl Pts',(43.9524012565821,108.195581205591,1.66350553870457));
#4476=CARTESIAN_POINT('Ctrl Pts',(43.4349741969224,109.924202517023,1.35727244588213));
#4477=CARTESIAN_POINT('Ctrl Pts',(43.0068830151367,111.060250830583,1.07403419618856));
#4478=CARTESIAN_POINT('Ctrl Pts',(42.6931709729781,111.825744325976,0.717345356719351));
#4479=CARTESIAN_POINT('Ctrl Pts',(55.7157107213904,62.,10.1795421546546));
#4480=CARTESIAN_POINT('Ctrl Pts',(55.2388608218482,64.4562896197381,9.83600800663797));
#4481=CARTESIAN_POINT('Ctrl Pts',(54.4966882526555,68.161312196031,9.31320832855475));
#4482=CARTESIAN_POINT('Ctrl Pts',(53.457477514294,72.9731460875065,8.52294320056033));
#4483=CARTESIAN_POINT('Ctrl Pts',(52.5196818876196,77.2529727225472,7.75495534215713));
#4484=CARTESIAN_POINT('Ctrl Pts',(51.6824804762796,80.8924706810601,7.11478669649034));
#4485=CARTESIAN_POINT('Ctrl Pts',(50.5363568494148,85.657466538623,6.16432577661111));
#4486=CARTESIAN_POINT('Ctrl Pts',(49.6449710726488,89.3629627059013,5.41180001192894));
#4487=CARTESIAN_POINT('Ctrl Pts',(48.7217693214552,92.9208938996389,4.68969095107719));
#4488=CARTESIAN_POINT('Ctrl Pts',(48.2549699834547,94.7331332678428,4.29534472678983));
#4489=CARTESIAN_POINT('Ctrl Pts',(47.7796117211246,96.6357122936627,3.92960540356145));
#4490=CARTESIAN_POINT('Ctrl Pts',(47.2970773042685,98.4029997799566,3.60900637097061));
#4491=CARTESIAN_POINT('Ctrl Pts',(46.8919672118604,99.8113135483586,3.30958619763893));
#4492=CARTESIAN_POINT('Ctrl Pts',(46.6068986555545,100.834125617001,3.06812760939858));
#4493=CARTESIAN_POINT('Ctrl Pts',(46.4430160322821,101.463217060293,2.92209919931811));
#4494=CARTESIAN_POINT('Ctrl Pts',(46.1957368317768,102.478463552112,2.7001201775596));
#4495=CARTESIAN_POINT('Ctrl Pts',(45.8185599052325,103.882117843391,2.46763392433785));
#4496=CARTESIAN_POINT('Ctrl Pts',(45.4383905397963,105.121837660754,2.23035691349307));
#4497=CARTESIAN_POINT('Ctrl Pts',(45.1838390914496,106.004974145807,2.04477754890592));
#4498=CARTESIAN_POINT('Ctrl Pts',(45.0135925493883,106.608288229998,1.91709642924931));
#4499=CARTESIAN_POINT('Ctrl Pts',(44.7996666763252,107.407756909022,1.7531010245695));
#4500=CARTESIAN_POINT('Ctrl Pts',(44.5400449556174,108.349990241662,1.57957345302876));
#4501=CARTESIAN_POINT('Ctrl Pts',(44.0192239184162,110.077175352595,1.2697796315043));
#4502=CARTESIAN_POINT('Ctrl Pts',(43.5765791196818,111.19430300739,0.968507234153417));
#4503=CARTESIAN_POINT('Ctrl Pts',(43.2505583394198,111.934088747924,0.603856045943891));
#4504=CARTESIAN_POINT('Ctrl Pts',(55.7157107213904,62.,10.1795421546546));
#4505=CARTESIAN_POINT('Ctrl Pts',(55.6141259389784,62.,10.1885386102071));
#4506=CARTESIAN_POINT('Ctrl Pts',(55.5132229434086,62.0000232272371,10.2027521430085));
#4507=CARTESIAN_POINT('Ctrl Pts',(55.4133645250968,62.0000482041654,10.221995878648));
#4508=CARTESIAN_POINT('Ctrl Pts',(55.3130912619454,62.0000732848561,10.2413195591189));
#4509=CARTESIAN_POINT('Ctrl Pts',(55.2138704313779,62.0001000128172,10.2657156456608));
#4510=CARTESIAN_POINT('Ctrl Pts',(55.1160811432009,62.0001157748504,10.295045321469));
#4511=CARTESIAN_POINT('Ctrl Pts',(55.0195574566652,62.0001313328892,10.3239954088117));
#4512=CARTESIAN_POINT('Ctrl Pts',(54.9244277324231,62.0001361190115,10.357752630549));
#4513=CARTESIAN_POINT('Ctrl Pts',(54.8310798860072,62.0001283656598,10.3962267503631));
#4514=CARTESIAN_POINT('Ctrl Pts',(54.7902649962951,62.0001249756277,10.4130489590939));
#4515=CARTESIAN_POINT('Ctrl Pts',(54.7497911263116,62.0001193308511,10.4307734406392));
#4516=CARTESIAN_POINT('Ctrl Pts',(54.7096927033589,62.0001119851467,10.4493949963248));
#4517=CARTESIAN_POINT('Ctrl Pts',(54.6173401623871,62.0000950669134,10.4922831664266));
#4518=CARTESIAN_POINT('Ctrl Pts',(54.5274259816968,62.0000670582411,10.5397189062995));
#4519=CARTESIAN_POINT('Ctrl Pts',(54.4403195912982,62.0000406968607,10.5915380808687));
#4520=CARTESIAN_POINT('Ctrl Pts',(54.3546809172374,62.0000147796616,10.6424841180164));
#4521=CARTESIAN_POINT('Ctrl Pts',(54.2717554906463,61.9999903819966,10.6976675804854));
#4522=CARTESIAN_POINT('Ctrl Pts',(54.1919191347267,61.9999898542241,10.7569741425272));
#4523=CARTESIAN_POINT('Ctrl Pts',(54.1287969264805,61.9999894369435,10.8038645737907));
#4524=CARTESIAN_POINT('Ctrl Pts',(54.0676060976474,62.0000041212326,10.8533332948362));
#4525=CARTESIAN_POINT('Ctrl Pts',(54.0085481157968,62.0000500815202,10.9053400095183));
#4526=CARTESIAN_POINT('Ctrl Pts',(53.959201188435,62.0000884844405,10.9487951275451));
#4527=CARTESIAN_POINT('Ctrl Pts',(53.9113436615299,62.0001488362643,10.9940226022642));
#4528=CARTESIAN_POINT('Ctrl Pts',(53.8650296933586,62.0002195700733,11.0409372721652));
#4529=CARTESIAN_POINT('Ctrl Pts',(53.7946590612904,62.0003270448385,11.112220625861));
#4530=CARTESIAN_POINT('Ctrl Pts',(53.7282336580416,62.0004565144071,11.187008820926));
#4531=CARTESIAN_POINT('Ctrl Pts',(53.6658499261957,62.0005771399862,11.26491216128));
#4532=CARTESIAN_POINT('Ctrl Pts',(53.6025860472485,62.0006994674233,11.3439146086792));
#4533=CARTESIAN_POINT('Ctrl Pts',(53.5434782368592,62.0008127107727,11.4261214251325));
#4534=CARTESIAN_POINT('Ctrl Pts',(53.4886631663783,62.0008965968293,11.5111652057969));
#4535=CARTESIAN_POINT('Ctrl Pts',(53.4336747900551,62.000980748104,11.5964778647808));
#4536=CARTESIAN_POINT('Ctrl Pts',(53.3830059229675,62.0010353857981,11.6846462409784));
#4537=CARTESIAN_POINT('Ctrl Pts',(53.3368370752915,62.0010515837696,11.7753270699842));
#4538=CARTESIAN_POINT('Ctrl Pts',(53.3020126887764,62.0010638016274,11.8437260965523));
#4539=CARTESIAN_POINT('Ctrl Pts',(53.2697493832909,62.0010543884133,11.9135552112787));
#4540=CARTESIAN_POINT('Ctrl Pts',(53.24014278719,62.0010236860691,11.9846733395715));
#4541=CARTESIAN_POINT('Ctrl Pts',(53.2009294729047,62.0009830214594,12.078867805785));
#4542=CARTESIAN_POINT('Ctrl Pts',(53.1666009135346,62.0009062322534,12.1747795079191));
#4543=CARTESIAN_POINT('Ctrl Pts',(53.1372545529126,62.0008056994048,12.2720313722859));
#4544=CARTESIAN_POINT('Ctrl Pts',(53.107834095911,62.0007049127216,12.3695287870685));
#4545=CARTESIAN_POINT('Ctrl Pts',(53.0834206441465,62.0005803010018,12.4683739539456));
#4546=CARTESIAN_POINT('Ctrl Pts',(53.0641559002264,62.0004560856302,12.5682138228548));
#4547=CARTESIAN_POINT('Ctrl Pts',(53.045204369976,62.0003338898002,12.6664304564977));
#4548=CARTESIAN_POINT('Ctrl Pts',(53.0312352560663,62.0002121431498,12.7656105118475));
#4549=CARTESIAN_POINT('Ctrl Pts',(53.0224298794252,62.000124429741,12.8654317927441));
#4550=CARTESIAN_POINT('Ctrl Pts',(53.0150601487736,62.0000510172996,12.9489780149553));
#4551=CARTESIAN_POINT('Ctrl Pts',(53.0113083035912,62.0000016364033,13.0329738714009));
#4552=CARTESIAN_POINT('Ctrl Pts',(53.0113082293163,62.0000013372592,13.1172321709829));
#4553=CARTESIAN_POINT('Ctrl Pts',(53.0113085058305,62.,24.7749897420904));
#4554=CARTESIAN_POINT('Ctrl Pts',(45.9824978827554,98.4044124714396,21.9727192662934));
#4555=CARTESIAN_POINT('Ctrl Pts',(34.9787283808119,134.40441247144,18.0477226855966));
#4556=CARTESIAN_POINT('Ctrl Pts',(19.9999999999999,170.,13.0000000000001));
#4557=CARTESIAN_POINT('Ctrl Pts',(50.0814419469559,62.,27.704856300965));
#4558=CARTESIAN_POINT('Ctrl Pts',(43.2095861072393,98.4044124714396,24.7456310418095));
#4559=CARTESIAN_POINT('Ctrl Pts',(32.4046610138096,134.40441247144,20.6217900525989));
#4560=CARTESIAN_POINT('Ctrl Pts',(17.6666666666666,170.,15.3333333333334));
#4561=CARTESIAN_POINT('Ctrl Pts',(47.1515753880813,62.,30.6347228598396));
#4562=CARTESIAN_POINT('Ctrl Pts',(40.4366743317232,98.4044124714395,27.5185428173256));
#4563=CARTESIAN_POINT('Ctrl Pts',(29.8305936468072,134.40441247144,23.1958574196013));
#4564=CARTESIAN_POINT('Ctrl Pts',(15.3333333333333,170.,17.6666666666667));
#4565=CARTESIAN_POINT('Ctrl Pts',(44.2217088292067,62.,33.5645894187142));
#4566=CARTESIAN_POINT('Ctrl Pts',(37.6637625562071,98.4044124714396,30.2914545928417));
#4567=CARTESIAN_POINT('Ctrl Pts',(27.2565262798049,134.40441247144,25.7699247866036));
#4568=CARTESIAN_POINT('Ctrl Pts',(13.,170.,20.));
#4569=CARTESIAN_POINT('',(44.2217088292067,62.,33.5645894187142));
#4570=CARTESIAN_POINT('Ctrl Pts',(53.0113085058305,62.,24.7749897420904));
#4571=CARTESIAN_POINT('Ctrl Pts',(51.5463752263932,62.,26.2399230215277));
#4572=CARTESIAN_POINT('Ctrl Pts',(50.0814419469559,62.,27.704856300965));
#4573=CARTESIAN_POINT('Ctrl Pts',(47.1515753880813,62.,30.6347228598396));
#4574=CARTESIAN_POINT('Ctrl Pts',(45.686642108644,62.,32.0996561392769));
#4575=CARTESIAN_POINT('Ctrl Pts',(44.2217088292067,62.,33.5645894187142));
#4576=CARTESIAN_POINT('Ctrl Pts',(44.2217088292067,62.,33.5645894187142));
#4577=CARTESIAN_POINT('Ctrl Pts',(37.6637625562071,98.4044124714396,30.2914545928417));
#4578=CARTESIAN_POINT('Ctrl Pts',(27.2565262798049,134.40441247144,25.7699247866036));
#4579=CARTESIAN_POINT('Ctrl Pts',(13.,170.,20.));
#4580=CARTESIAN_POINT('Ctrl Pts',(44.2217088292067,62.,33.5645894187142));
#4581=CARTESIAN_POINT('Ctrl Pts',(37.6637625562071,98.4044124714396,30.2914545928417));
#4582=CARTESIAN_POINT('Ctrl Pts',(27.2565262798049,134.40441247144,25.7699247866036));
#4583=CARTESIAN_POINT('Ctrl Pts',(13.,170.,20.));
#4584=CARTESIAN_POINT('Ctrl Pts',(29.4811392194711,62.,33.5645894187142));
#4585=CARTESIAN_POINT('Ctrl Pts',(25.1091750374714,98.4044124714396,30.2914545928417));
#4586=CARTESIAN_POINT('Ctrl Pts',(18.1710175198699,134.40441247144,25.7699247866036));
#4587=CARTESIAN_POINT('Ctrl Pts',(8.66666666666666,170.,20.));
#4588=CARTESIAN_POINT('Ctrl Pts',(14.7405696097355,62.,33.5645894187142));
#4589=CARTESIAN_POINT('Ctrl Pts',(12.5545875187357,98.4044124714395,30.2914545928417));
#4590=CARTESIAN_POINT('Ctrl Pts',(9.08550875993494,134.40441247144,25.7699247866036));
#4591=CARTESIAN_POINT('Ctrl Pts',(4.33333333333333,170.,20.));
#4592=CARTESIAN_POINT('Ctrl Pts',(-6.12916429572167E-14,62.,33.5645894187142));
#4593=CARTESIAN_POINT('Ctrl Pts',(-5.71075840001181E-14,98.4044124714396,
30.2914545928417));
#4594=CARTESIAN_POINT('Ctrl Pts',(-3.81573337138794E-14,134.40441247144,
25.7699247866036));
#4595=CARTESIAN_POINT('Ctrl Pts',(-4.44089209850063E-15,170.,20.));
#4596=CARTESIAN_POINT('',(5.65974568613194E-14,62.,33.5645894187142));
#4597=CARTESIAN_POINT('Ctrl Pts',(44.2217088292067,62.,33.5645894187142));
#4598=CARTESIAN_POINT('Ctrl Pts',(36.8514240243389,62.,33.5645894187142));
#4599=CARTESIAN_POINT('Ctrl Pts',(29.4811392194711,62.,33.5645894187142));
#4600=CARTESIAN_POINT('Ctrl Pts',(14.7405696097355,62.,33.5645894187142));
#4601=CARTESIAN_POINT('Ctrl Pts',(7.37028480486773,62.,33.5645894187142));
#4602=CARTESIAN_POINT('Ctrl Pts',(-6.12916429572167E-14,62.,33.5645894187142));
#4603=CARTESIAN_POINT('Ctrl Pts',(2.7864960576761E-14,135.,25.2530577608297));
#4604=CARTESIAN_POINT('Ctrl Pts',(2.00932407565863E-14,146.709789700704,
23.6351565068654));
#4605=CARTESIAN_POINT('Ctrl Pts',(1.08049205643326E-14,158.37645636737,
21.8841372532555));
#4606=CARTESIAN_POINT('Ctrl Pts',(0.,170.,20.));
#4607=CARTESIAN_POINT('Ctrl Pts',(3.41270489726332E-14,125.,26.6009848970322));
#4608=CARTESIAN_POINT('Ctrl Pts',(3.33416518097304E-14,126.333890562992,
26.4256770920842));
#4609=CARTESIAN_POINT('Ctrl Pts',(3.25366573544004E-14,127.667223896326,
26.2486491554426));
#4610=CARTESIAN_POINT('Ctrl Pts',(3.17120656066433E-14,129.,26.0699010871075));
#4611=CARTESIAN_POINT('Ctrl Pts',(3.96425553193873E-14,115.,27.8817166139946));
#4612=CARTESIAN_POINT('Ctrl Pts',(3.89564338818352E-14,116.333888243897,
27.7153442097688));
#4613=CARTESIAN_POINT('Ctrl Pts',(3.82507967124545E-14,117.667221577231,
27.5472588327452));
#4614=CARTESIAN_POINT('Ctrl Pts',(3.75256438112453E-14,119.,27.3774604829237));
#4615=CARTESIAN_POINT('Ctrl Pts',(5.65974568613194E-14,62.,33.5645894187142));
#4616=CARTESIAN_POINT('Ctrl Pts',(5.45897034045629E-14,77.7422893825521,
32.1491940828488));
#4617=CARTESIAN_POINT('Ctrl Pts',(4.99223634504519E-14,93.4089560492188,
30.500356344535));
#4618=CARTESIAN_POINT('Ctrl Pts',(4.25954369989865E-14,109.,28.6180762037726));
#4619=CARTESIAN_POINT('Ctrl Pts',(-44.2217088292067,62.,33.5645894187142));
#4620=CARTESIAN_POINT('Ctrl Pts',(-37.6637625562071,98.4044124714396,30.2914545928417));
#4621=CARTESIAN_POINT('Ctrl Pts',(-27.2565262798049,134.40441247144,25.7699247866036));
#4622=CARTESIAN_POINT('Ctrl Pts',(-13.,170.,20.));
#4623=CARTESIAN_POINT('Ctrl Pts',(-29.4811392194711,62.,33.5645894187142));
#4624=CARTESIAN_POINT('Ctrl Pts',(-25.1091750374714,98.4044124714396,30.2914545928417));
#4625=CARTESIAN_POINT('Ctrl Pts',(-18.1710175198699,134.40441247144,25.7699247866036));
#4626=CARTESIAN_POINT('Ctrl Pts',(-8.66666666666666,170.,20.));
#4627=CARTESIAN_POINT('Ctrl Pts',(-14.7405696097355,62.,33.5645894187142));
#4628=CARTESIAN_POINT('Ctrl Pts',(-12.5545875187357,98.4044124714395,30.2914545928417));
#4629=CARTESIAN_POINT('Ctrl Pts',(-9.08550875993494,134.40441247144,25.7699247866036));
#4630=CARTESIAN_POINT('Ctrl Pts',(-4.33333333333333,170.,20.));
#4631=CARTESIAN_POINT('Ctrl Pts',(6.12916429572167E-14,62.,33.5645894187142));
#4632=CARTESIAN_POINT('Ctrl Pts',(5.71075840001181E-14,98.4044124714396,
30.2914545928417));
#4633=CARTESIAN_POINT('Ctrl Pts',(3.81573337138794E-14,134.40441247144,
25.7699247866036));
#4634=CARTESIAN_POINT('Ctrl Pts',(4.44089209850063E-15,170.,20.));
#4635=CARTESIAN_POINT('',(-44.2217088292067,62.,33.5645894187142));
#4636=CARTESIAN_POINT('Ctrl Pts',(6.12916429572167E-14,62.,33.5645894187142));
#4637=CARTESIAN_POINT('Ctrl Pts',(-7.37028480486773,62.,33.5645894187142));
#4638=CARTESIAN_POINT('Ctrl Pts',(-14.7405696097355,62.,33.5645894187142));
#4639=CARTESIAN_POINT('Ctrl Pts',(-29.4811392194711,62.,33.5645894187142));
#4640=CARTESIAN_POINT('Ctrl Pts',(-36.8514240243389,62.,33.5645894187142));
#4641=CARTESIAN_POINT('Ctrl Pts',(-44.2217088292067,62.,33.5645894187142));
#4642=CARTESIAN_POINT('Ctrl Pts',(-44.2217088292067,62.,33.5645894187142));
#4643=CARTESIAN_POINT('Ctrl Pts',(-37.6637625562071,98.4044124714396,30.2914545928417));
#4644=CARTESIAN_POINT('Ctrl Pts',(-27.2565262798049,134.40441247144,25.7699247866036));
#4645=CARTESIAN_POINT('Ctrl Pts',(-13.,170.,20.));
#4646=CARTESIAN_POINT('Ctrl Pts',(-53.0113085058305,62.,24.7749897420904));
#4647=CARTESIAN_POINT('Ctrl Pts',(-45.9824978827554,98.4044124714396,21.9727192662934));
#4648=CARTESIAN_POINT('Ctrl Pts',(-34.9787283808119,134.40441247144,18.0477226855966));
#4649=CARTESIAN_POINT('Ctrl Pts',(-19.9999999999999,170.,13.0000000000001));
#4650=CARTESIAN_POINT('Ctrl Pts',(-50.0814419469559,62.,27.704856300965));
#4651=CARTESIAN_POINT('Ctrl Pts',(-43.2095861072393,98.4044124714396,24.7456310418095));
#4652=CARTESIAN_POINT('Ctrl Pts',(-32.4046610138096,134.40441247144,20.6217900525989));
#4653=CARTESIAN_POINT('Ctrl Pts',(-17.6666666666666,170.,15.3333333333334));
#4654=CARTESIAN_POINT('Ctrl Pts',(-47.1515753880813,62.,30.6347228598396));
#4655=CARTESIAN_POINT('Ctrl Pts',(-40.4366743317232,98.4044124714395,27.5185428173256));
#4656=CARTESIAN_POINT('Ctrl Pts',(-29.8305936468072,134.40441247144,23.1958574196013));
#4657=CARTESIAN_POINT('Ctrl Pts',(-15.3333333333333,170.,17.6666666666667));
#4658=CARTESIAN_POINT('Ctrl Pts',(-44.2217088292067,62.,33.5645894187142));
#4659=CARTESIAN_POINT('Ctrl Pts',(-37.6637625562071,98.4044124714396,30.2914545928417));
#4660=CARTESIAN_POINT('Ctrl Pts',(-27.2565262798049,134.40441247144,25.7699247866036));
#4661=CARTESIAN_POINT('Ctrl Pts',(-13.,170.,20.));
#4662=CARTESIAN_POINT('Ctrl Pts',(-44.2217088292067,62.,33.5645894187142));
#4663=CARTESIAN_POINT('Ctrl Pts',(-45.686642108644,62.,32.0996561392769));
#4664=CARTESIAN_POINT('Ctrl Pts',(-47.1515753880813,62.,30.6347228598396));
#4665=CARTESIAN_POINT('Ctrl Pts',(-50.0814419469559,62.,27.704856300965));
#4666=CARTESIAN_POINT('Ctrl Pts',(-51.5463752263932,62.,26.2399230215277));
#4667=CARTESIAN_POINT('Ctrl Pts',(-53.0113085058305,62.,24.7749897420904));
#4668=CARTESIAN_POINT('Origin',(0.,62.,9.29211077326054));
#4669=UNCERTAINTY_MEASURE_WITH_UNIT(LENGTH_MEASURE(0.01),#4673,
'DISTANCE_ACCURACY_VALUE',
'Maximum model space distance between geometric entities at asserted c
onnectivities');
#4670=UNCERTAINTY_MEASURE_WITH_UNIT(LENGTH_MEASURE(0.01),#4673,
'DISTANCE_ACCURACY_VALUE',
'Maximum model space distance between geometric entities at asserted c
onnectivities');
#4671=(
GEOMETRIC_REPRESENTATION_CONTEXT(3)
GLOBAL_UNCERTAINTY_ASSIGNED_CONTEXT((#4669))
GLOBAL_UNIT_ASSIGNED_CONTEXT((#4673,#4675,#4676))
REPRESENTATION_CONTEXT('','3D')
);
#4672=(
GEOMETRIC_REPRESENTATION_CONTEXT(3)
GLOBAL_UNCERTAINTY_ASSIGNED_CONTEXT((#4670))
GLOBAL_UNIT_ASSIGNED_CONTEXT((#4673,#4675,#4676))
REPRESENTATION_CONTEXT('','3D')
);
#4673=(
LENGTH_UNIT()
NAMED_UNIT(*)
SI_UNIT(.MILLI.,.METRE.)
);
#4674=(
LENGTH_UNIT()
NAMED_UNIT(*)
SI_UNIT($,.METRE.)
);
#4675=(
NAMED_UNIT(*)
PLANE_ANGLE_UNIT()
SI_UNIT($,.RADIAN.)
);
#4676=(
NAMED_UNIT(*)
SI_UNIT($,.STERADIAN.)
SOLID_ANGLE_UNIT()
);
#4677=SHAPE_DEFINITION_REPRESENTATION(#4678,#4679);
#4678=PRODUCT_DEFINITION_SHAPE('',$,#4681);
#4679=SHAPE_REPRESENTATION('',(#1500),#4671);
#4680=PRODUCT_DEFINITION_CONTEXT('part definition',#4685,'design');
#4681=PRODUCT_DEFINITION('F3','F3',#4682,#4680);
#4682=PRODUCT_DEFINITION_FORMATION('',$,#4687);
#4683=PRODUCT_RELATED_PRODUCT_CATEGORY('F3','F3',(#4687));
#4684=APPLICATION_PROTOCOL_DEFINITION('international standard',
'automotive_design',2009,#4685);
#4685=APPLICATION_CONTEXT(
'Core Data for Automotive Mechanical Design Process');
#4686=PRODUCT_CONTEXT('part definition',#4685,'mechanical');
#4687=PRODUCT('F3','F3',$,(#4686));
#4688=PRESENTATION_STYLE_ASSIGNMENT((#4690));
#4689=PRESENTATION_STYLE_ASSIGNMENT((#4691));
#4690=SURFACE_STYLE_USAGE(.BOTH.,#4692);
#4691=SURFACE_STYLE_USAGE(.BOTH.,#4693);
#4692=SURFACE_SIDE_STYLE('',(#4694));
#4693=SURFACE_SIDE_STYLE('',(#4695));
#4694=SURFACE_STYLE_FILL_AREA(#4696);
#4695=SURFACE_STYLE_FILL_AREA(#4697);
#4696=FILL_AREA_STYLE('Steel - Satin',(#4698));
#4697=FILL_AREA_STYLE('ABS (White)',(#4699));
#4698=FILL_AREA_STYLE_COLOUR('Steel - Satin',#4700);
#4699=FILL_AREA_STYLE_COLOUR('ABS (White)',#4701);
#4700=COLOUR_RGB('Steel - Satin',0.627450980392157,0.627450980392157,0.627450980392157);
#4701=COLOUR_RGB('ABS (White)',0.964705882352941,0.964705882352941,0.952941176470588);
ENDSEC;
END-ISO-10303-21;
